datetime,game_length,game_result,game_simulations,num_passes,is_resign_disabled,is_marked_for_resign,is_could_won,marked_resign_player,resign_threshold,time_per_game,training_steps
2026-06-27 14:48:52,74,W+6.5,1618,2,True,False,False,,-1,19.7896,0
2026-06-27 14:49:02,84,W+3.5,2471,2,True,False,False,,-1,14.5517,0
2026-06-27 14:49:15,120,W+27.5,3812,2,True,False,False,,-1,14.0175,0
2026-06-27 14:49:31,162,W+45.5,5049,0,True,False,False,,-1,14.5575,0
2026-06-27 14:49:37,52,W+10.5,1359,3,True,False,False,,-1,12.7776,0
2026-06-27 14:49:42,50,W+7.5,1248,3,True,False,False,,-1,11.5538,0
2026-06-27 14:49:59,150,W+66.5,5097,4,True,False,False,,-1,12.2818,0
2026-06-27 14:50:13,140,B+43.5,4491,5,True,False,False,,-1,12.5413,0
2026-06-27 14:50:24,103,B+15.5,3072,2,True,False,False,,-1,12.3181,0
2026-06-27 14:50:28,42,W+7.5,1066,2,True,False,False,,-1,11.5427,0
2026-06-27 14:50:43,131,W+55.5,4503,5,True,False,False,,-1,11.8848,0
2026-06-27 14:50:51,76,W+23.5,1775,2,True,False,False,,-1,11.5094,0
2026-06-27 14:51:01,115,B+12.5,3450,2,True,False,False,,-1,11.4477,0
2026-06-27 14:51:14,114,W+60.5,3501,4,True,False,False,,-1,11.5535,0
2026-06-27 14:51:29,133,W+45.5,4260,4,True,False,False,,-1,11.7401,0
2026-06-27 14:51:40,104,B+6.5,3098,3,True,False,False,,-1,11.7011,0
2026-06-27 14:51:48,76,W+7.5,2095,2,True,False,False,,-1,11.5129,0
2026-06-27 14:52:02,132,W+63.5,4267,7,True,False,False,,-1,11.6237,0
2026-06-27 14:52:13,101,B+0.5,3318,5,True,False,False,,-1,11.6016,0
2026-06-27 14:52:18,50,W+8.5,1246,3,True,False,False,,-1,11.2882,0
2026-06-27 14:52:30,108,W+20.5,3481,3,True,False,False,,-1,11.2864,0
2026-06-27 14:52:38,80,W+19.5,2023,3,True,False,False,,-1,11.1502,0
2026-06-27 14:52:45,62,W+7.5,1648,3,True,False,False,,-1,10.9646,0
2026-06-27 14:52:59,123,B+51.5,3839,3,True,False,False,,-1,11.0896,0
2026-06-27 14:53:06,64,W+4.5,1712,2,True,False,False,,-1,10.9195,0
2026-06-27 14:53:16,98,W+9.5,2937,3,True,False,False,,-1,10.8892,0
2026-06-27 14:53:29,129,B+26.5,3715,3,True,False,False,,-1,10.965,0
2026-06-27 14:53:44,147,B+63.5,4443,4,True,False,False,,-1,11.1096,0
2026-06-27 14:53:58,147,B+47.5,4328,4,True,False,False,,-1,11.2189,0
2026-06-27 14:54:12,133,W+42.5,4126,5,True,False,False,,-1,11.3001,0
2026-06-27 14:54:17,56,W+12.5,1230,2,True,False,False,,-1,11.1157,0
2026-06-27 14:54:31,134,W+36.5,4145,2,True,False,False,,-1,11.2014,0
2026-06-27 14:54:47,162,B+12.5,4966,3,True,False,False,,-1,11.3488,0
2026-06-27 14:54:53,59,B+2.5,1209,2,True,False,False,,-1,11.18,0
2026-06-27 14:54:57,46,W+3.5,1106,2,True,False,False,,-1,10.9892,0
2026-06-27 14:55:08,101,B+39.5,2915,2,True,False,False,,-1,10.9836,0
2026-06-27 14:55:19,101,W+0.5,3032,3,True,False,False,,-1,10.9701,0
2026-06-27 14:55:23,48,W+8.5,986,2,True,False,False,,-1,10.8017,0
2026-06-27 14:55:28,47,W+7.5,1132,2,True,False,False,,-1,10.6493,0
2026-06-27 14:55:36,73,B+1.5,2057,2,True,False,False,,-1,10.5803,0
2026-06-27 14:55:46,92,W+15.5,2753,4,True,False,False,,-1,10.5577,0
2026-06-27 14:55:50,46,W+6.5,867,3,True,False,False,,-1,10.4039,0
2026-06-27 14:56:03,112,B+20.5,3734,6,True,False,False,,-1,10.4611,0
2026-06-27 14:56:14,103,W+21.5,3430,2,True,False,False,,-1,10.4921,0
2026-06-27 14:56:24,89,B+11.5,2441,4,True,False,False,,-1,10.4629,0
2026-06-27 14:56:34,99,B+10.5,2917,4,True,False,False,,-1,10.4545,0
2026-06-27 14:56:43,90,W+8.5,2599,4,True,False,False,,-1,10.4323,0
2026-06-27 14:56:50,76,W+10.5,1802,5,True,False,False,,-1,10.3622,0
2026-06-27 14:56:59,89,B+19.5,2161,3,True,False,False,,-1,10.3282,0
2026-06-27 14:57:08,78,W+12.5,2236,3,True,False,False,,-1,10.2948,0
2026-06-27 14:57:17,94,W+6.5,2826,6,True,False,False,,-1,10.2866,0
2026-06-27 14:57:29,106,W+19.5,3260,3,True,False,False,,-1,10.3033,0
2026-06-27 14:57:41,121,B+10.5,3856,3,True,False,False,,-1,10.3483,0
2026-06-27 14:57:50,94,W+1.5,2669,4,True,False,False,,-1,10.3269,0
2026-06-27 14:58:01,102,W+53.5,2551,2,True,False,False,,-1,10.3249,0
2026-06-27 14:58:16,145,W+49.5,4526,4,True,False,False,,-1,10.4103,0
2026-06-27 14:58:25,92,W+3.5,2539,3,True,False,False,,-1,10.3975,0
2026-06-27 14:58:36,92,W+9.5,2747,3,True,False,False,,-1,10.3951,0
2026-06-27 14:58:48,122,W+35.5,3648,4,True,False,False,,-1,10.4227,0
2026-06-27 14:58:59,106,W+19.5,3284,5,True,False,False,,-1,10.4349,0
2026-06-27 14:59:11,109,B+0.5,3358,2,True,False,False,,-1,10.4587,0
2026-06-27 14:59:20,94,W+13.5,2680,2,True,False,False,,-1,10.4315,0
2026-06-27 14:59:25,56,W+9.5,1047,2,True,False,False,,-1,10.3469,0
2026-06-27 14:59:33,82,W+23.5,2172,3,True,False,False,,-1,10.3156,0
2026-06-27 14:59:39,54,W+5.5,1472,4,True,False,False,,-1,10.2528,0
2026-06-27 14:59:50,106,W+37.5,3007,4,True,False,False,,-1,10.2633,0
2026-06-27 14:59:54,30,W+7.5,835,2,True,False,False,,-1,10.1629,0
2026-06-27 15:00:01,66,W+14.5,1742,2,True,False,False,,-1,10.1214,0
2026-06-27 15:00:07,60,W+9.5,1488,2,True,False,False,,-1,10.0631,0
2026-06-27 15:00:13,62,W+11.5,1274,2,True,False,False,,-1,10.0012,0
2026-06-27 15:00:29,152,W+67.5,5125,4,True,False,False,,-1,10.0883,0
2026-06-27 15:00:40,106,B+13.5,3074,3,True,False,False,,-1,10.098,0
2026-06-27 15:00:55,162,W+48.5,4356,1,True,False,False,,-1,10.161,0
2026-06-27 15:00:59,38,W+4.5,980,2,True,False,False,,-1,10.079,0
2026-06-27 15:01:06,70,W+5.5,1838,3,True,False,False,,-1,10.0441,0
2026-06-27 15:01:20,130,W+55.5,4060,3,True,False,False,,-1,10.0908,0
2026-06-27 15:01:31,115,B+24.5,3340,2,True,False,False,,-1,10.1086,0
2026-06-27 15:01:36,54,W+14.5,1032,3,True,False,False,,-1,10.0413,0
2026-06-27 15:01:39,22,W+7.5,709,2,True,False,False,,-1,9.9507,0
2026-06-27 15:01:53,143,B+45.5,4396,3,True,False,False,,-1,10.0027,0
2026-06-27 15:02:01,72,W+18.5,1806,3,True,False,False,,-1,9.9716,0
2026-06-27 15:02:18,162,W+63.5,5021,5,True,False,False,,-1,10.0659,0
2026-06-27 15:02:28,96,W+3.5,3096,4,True,False,False,,-1,10.0646,0
2026-06-27 15:02:41,114,W+31.5,3837,4,True,False,False,,-1,10.0927,0
2026-06-27 15:02:51,105,B+1.5,2984,5,True,False,False,,-1,10.1013,0
2026-06-27 15:03:04,120,B+28.5,3560,4,True,False,False,,-1,10.1262,0
2026-06-27 15:03:06,22,W+7.5,647,2,True,False,False,,-1,10.0401,0
2026-06-27 15:03:13,62,W+8.5,1556,3,True,False,False,,-1,9.9994,0
2026-06-27 15:03:21,77,B+6.5,2038,3,True,False,False,,-1,9.9772,0
2026-06-27 15:03:29,75,B+3.5,2078,2,True,False,False,,-1,9.9599,0
2026-06-27 15:03:45,148,W+61.5,5029,4,True,False,False,,-1,10.0279,0
2026-06-27 15:03:58,120,W+51.5,3674,4,True,False,False,,-1,10.0583,0
2026-06-27 15:04:10,113,B+14.5,3414,3,True,False,False,,-1,10.0808,0
2026-06-27 15:04:26,145,W+44.5,4512,5,True,False,False,,-1,10.1361,0
2026-06-27 15:04:38,110,W+48.5,3367,3,True,False,False,,-1,10.1563,0
2026-06-27 15:04:45,66,W+1.5,1812,3,True,False,False,,-1,10.1271,0
2026-06-27 15:04:48,40,W+5.5,694,4,True,False,False,,-1,10.0563,0
2026-06-27 15:04:55,58,W+2.5,1696,2,True,False,False,,-1,10.0243,0
2026-06-27 15:05:06,102,W+10.5,2958,4,True,False,False,,-1,10.0286,0
2026-06-27 15:05:15,95,B+8.5,2466,3,True,False,False,,-1,10.0228,0
2026-06-27 15:05:23,74,W+24.5,1843,2,True,False,False,,-1,9.9028,0
2026-06-27 15:05:27,34,W+8.5,879,2,True,False,False,,-1,9.8482,0
2026-06-27 15:05:34,64,W+3.5,1607,3,True,False,False,,-1,9.7865,0
2026-06-27 15:05:40,64,W+9.5,1611,5,True,False,False,,-1,9.6884,0
2026-06-27 15:05:46,50,W+5.5,1320,2,True,False,False,,-1,9.6883,0
2026-06-27 15:05:57,119,B+31.5,3385,6,True,False,False,,-1,9.7453,0
2026-06-27 15:06:05,81,W+1.5,2404,3,True,False,False,,-1,9.6662,0
2026-06-27 15:06:18,119,B+42.5,3572,6,True,False,False,,-1,9.6446,0
2026-06-27 15:06:33,142,W+46.5,4427,5,True,False,False,,-1,9.689,0
2026-06-27 15:06:42,94,W+10.5,2611,6,True,False,False,,-1,9.7402,0
2026-06-27 15:06:54,105,W+18.5,3213,3,True,False,False,,-1,9.7026,0
2026-06-27 15:07:05,108,B+13.5,3183,4,True,False,False,,-1,9.7367,0
2026-06-27 15:07:15,106,W+14.5,3000,3,True,False,False,,-1,9.7362,0
2026-06-27 15:07:29,136,B+38.5,3899,4,True,False,False,,-1,9.7437,0
2026-06-27 15:07:32,26,W+7.5,793,2,True,False,False,,-1,9.6318,0
2026-06-27 15:07:41,87,W+4.5,2538,5,True,False,False,,-1,9.6115,0
2026-06-27 15:07:50,83,B+5.5,2395,2,True,False,False,,-1,9.6151,0
2026-06-27 15:07:54,32,W+7.5,853,2,True,False,False,,-1,9.5147,0
2026-06-27 15:08:03,92,W+14.5,2407,3,True,False,False,,-1,9.4944,0
2026-06-27 15:08:17,150,W+69.5,4547,4,True,False,False,,-1,9.5878,0
2026-06-27 15:08:33,144,W+56.5,4542,2,True,False,False,,-1,9.6302,0
2026-06-27 15:08:45,127,B+46.5,3816,4,True,False,False,,-1,9.6631,0
2026-06-27 15:08:54,92,W+13.5,2647,4,True,False,False,,-1,9.6917,0
2026-06-27 15:08:59,36,W+5.5,1026,2,True,False,False,,-1,9.5948,0
2026-06-27 15:09:06,66,W+8.5,1745,2,True,False,False,,-1,9.599,0
2026-06-27 15:09:17,109,B+21.5,3138,5,True,False,False,,-1,9.6136,0
2026-06-27 15:09:20,22,W+7.5,629,2,True,False,False,,-1,9.5102,0
2026-06-27 15:09:32,115,B+35.5,3301,3,True,False,False,,-1,9.4812,0
2026-06-27 15:09:39,66,W+8.5,1842,2,True,False,False,,-1,9.41,0
2026-06-27 15:09:42,22,W+7.5,616,2,True,False,False,,-1,9.298,0
2026-06-27 15:09:57,162,B+59.5,5635,10,True,False,False,,-1,9.3909,0
2026-06-27 15:10:09,111,W+14.5,3663,4,True,False,False,,-1,9.3712,0
2026-06-27 15:10:15,58,W+10.5,1514,2,True,False,False,,-1,9.2717,0
2026-06-27 15:10:29,131,W+43.5,4562,9,True,False,False,,-1,9.3641,0
2026-06-27 15:10:45,137,B+33.5,4189,2,True,False,False,,-1,9.4694,0
2026-06-27 15:10:52,72,W+4.5,2015,3,True,False,False,,-1,9.4404,0
2026-06-27 15:10:59,64,W+3.5,1606,2,True,False,False,,-1,9.4008,0
2026-06-27 15:11:12,124,W+29.5,3502,4,True,False,False,,-1,9.4821,0
2026-06-27 15:11:19,68,W+6.5,1626,2,True,False,False,,-1,9.5042,0
2026-06-27 15:11:29,100,W+12.5,2987,3,True,False,False,,-1,9.5275,0
2026-06-27 15:11:37,64,W+4.5,1953,3,True,False,False,,-1,9.5076,0
2026-06-27 15:11:47,97,W+34.5,2798,4,True,False,False,,-1,9.5732,0
2026-06-27 15:11:56,85,B+8.5,2396,3,True,False,False,,-1,9.5356,0
2026-06-27 15:12:01,48,W+10.5,1213,2,True,False,False,,-1,9.4681,0
2026-06-27 15:12:10,80,W+25.5,2196,3,True,False,False,,-1,9.4614,0
2026-06-27 15:12:12,28,W+7.5,454,3,True,False,False,,-1,9.3825,0
2026-06-27 15:12:22,93,B+7.5,2770,2,True,False,False,,-1,9.3838,0
2026-06-27 15:12:29,70,W+4.5,1892,3,True,False,False,,-1,9.3886,0
2026-06-27 15:12:40,105,B+19.5,2790,3,True,False,False,,-1,9.4074,0
2026-06-27 15:12:44,42,W+6.5,1119,2,True,False,False,,-1,9.3677,0
2026-06-27 15:13:00,144,W+54.5,4515,3,True,False,False,,-1,9.4269,0
2026-06-27 15:13:15,139,W+57.5,4174,3,True,False,False,,-1,9.4586,0
2026-06-27 15:13:25,101,B+7.5,3350,4,True,False,False,,-1,9.4331,0
2026-06-27 15:13:30,54,W+10.5,1291,2,True,False,False,,-1,9.3967,0
2026-06-27 15:13:34,36,W+7.5,768,3,True,False,False,,-1,9.3285,0
2026-06-27 15:13:46,119,B+33.5,3732,6,True,False,False,,-1,9.3021,0
2026-06-27 15:13:51,54,W+2.5,1130,2,True,False,False,,-1,9.2574,0
2026-06-27 15:14:03,107,B+4.5,3348,4,True,False,False,,-1,9.273,0
2026-06-27 15:14:15,116,W+49.5,3245,2,True,False,False,,-1,9.269,0
2026-06-27 15:14:24,82,W+3.5,2255,3,True,False,False,,-1,9.2467,0
2026-06-27 15:14:41,159,B+32.5,5083,4,True,False,False,,-1,9.3023,0
2026-06-27 15:14:52,99,B+11.5,2984,3,True,False,False,,-1,9.3258,0
2026-06-27 15:15:07,142,W+12.5,4623,7,True,False,False,,-1,9.4209,0
2026-06-27 15:15:20,135,B+46.5,3991,9,True,False,False,,-1,9.4658,0
2026-06-27 15:15:31,97,W+19.5,3206,4,True,False,False,,-1,9.512,0
2026-06-27 15:15:43,115,W+19.5,3486,4,True,False,False,,-1,9.5228,0
2026-06-27 15:15:56,127,B+21.5,4052,4,True,False,False,,-1,9.6209,0
2026-06-27 15:16:08,115,B+1.5,3633,6,True,False,False,,-1,9.6688,0
2026-06-27 15:16:25,162,B+58.5,5827,4,True,False,False,,-1,9.7792,0
2026-06-27 15:16:27,20,W+7.5,555,2,True,False,False,,-1,9.7435,0
2026-06-27 15:16:38,101,W+1.5,3234,4,True,False,False,,-1,9.6853,0
2026-06-27 15:16:47,96,W+44.5,2369,2,True,False,False,,-1,9.6702,0
2026-06-27 15:16:56,98,W+14.5,2693,4,True,False,False,,-1,9.6167,0
2026-06-27 15:17:06,93,W+24.5,2637,3,True,False,False,,-1,9.6738,0
2026-06-27 15:17:16,97,W+27.5,2521,3,True,False,False,,-1,9.6919,0
2026-06-27 15:17:31,144,W+11.5,4871,6,True,False,False,,-1,9.7094,0
2026-06-27 15:17:45,147,B+56.5,4583,12,True,False,False,,-1,9.7367,0
2026-06-27 15:17:48,32,W+8.5,848,2,True,False,False,,-1,9.7223,0
2026-06-27 15:17:57,81,B+0.5,2176,4,True,False,False,,-1,9.7809,0
2026-06-27 15:18:06,87,B+1.5,2336,2,True,False,False,,-1,9.7281,0
2026-06-27 15:18:13,60,W+6.5,1558,3,True,False,False,,-1,9.7185,0
2026-06-27 15:18:16,23,W+6.5,743,2,True,False,False,,-1,9.5726,0
2026-06-27 15:18:21,50,W+7.5,1208,3,True,False,False,,-1,9.527,0
2026-06-27 15:18:36,147,B+38.5,4886,3,True,False,False,,-1,9.5551,0
2026-06-27 15:18:42,52,W+5.5,1323,2,True,False,False,,-1,9.5045,0
2026-06-27 15:18:50,72,W+10.5,1682,3,True,False,False,,-1,9.456,0
2026-06-27 15:19:00,102,B+20.5,2838,2,True,False,False,,-1,9.5394,0
2026-06-27 15:19:15,162,W+39.5,4661,5,True,False,False,,-1,9.6242,0
2026-06-27 15:19:18,20,W+7.5,649,2,True,False,False,,-1,9.5697,0
2026-06-27 15:19:27,88,B+0.5,2608,3,True,False,False,,-1,9.5776,0
2026-06-27 15:19:36,74,W+7.5,2028,4,True,False,False,,-1,9.4994,0
2026-06-27 15:19:42,62,W+9.5,1384,4,True,False,False,,-1,9.4324,0
2026-06-27 15:19:47,52,W+7.5,1227,4,True,False,False,,-1,9.3626,0
2026-06-27 15:19:56,89,B+7.5,2588,3,True,False,False,,-1,9.3058,0
2026-06-27 15:20:08,107,B+17.5,3194,3,True,False,False,,-1,9.3022,0
2026-06-27 15:20:18,93,B+15.5,2636,4,True,False,False,,-1,9.3282,0
2026-06-27 15:20:26,77,W+7.5,2013,2,True,False,False,,-1,9.3757,0
2026-06-27 15:20:37,108,W+26.5,3161,3,True,False,False,,-1,9.4184,0
2026-06-27 15:20:45,70,W+1.5,1838,2,True,False,False,,-1,9.3902,0
2026-06-27 15:20:58,120,B+33.5,3849,8,True,False,False,,-1,9.429,0
2026-06-27 15:21:15,162,W+39.5,5081,1,True,False,False,,-1,9.5161,0
2026-06-27 15:21:19,42,W+6.5,1020,2,True,False,False,,-1,9.5209,0
2026-06-27 15:21:32,120,B+9.5,3854,4,True,False,False,,-1,9.582,0
2026-06-27 15:21:44,116,W+51.5,3497,3,True,False,False,,-1,9.6413,0
2026-06-27 15:21:55,104,W+21.5,3068,3,True,False,False,,-1,9.691,0
2026-06-27 15:21:59,42,W+8.5,1070,2,True,False,False,,-1,9.6246,0
2026-06-27 15:22:10,96,W+14.5,2716,3,True,False,False,,-1,9.6402,0
2026-06-27 15:22:14,42,W+5.5,992,2,True,False,False,,-1,9.5621,0
2026-06-27 15:22:29,158,B+61.5,5354,12,True,False,False,,-1,9.5659,0
2026-06-27 15:22:40,99,B+16.5,2859,4,True,False,False,,-1,9.573,0
2026-06-27 15:22:54,139,W+29.5,4602,6,True,False,False,,-1,9.6039,0
2026-06-27 15:23:07,119,B+33.5,3775,2,True,False,False,,-1,9.6224,0
2026-06-27 15:23:24,160,B+63.5,5422,6,True,False,False,,-1,9.6848,0
2026-06-27 15:23:37,131,B+29.5,3711,3,True,False,False,,-1,9.6771,0
2026-06-27 15:23:48,115,B+18.5,3480,5,True,False,False,,-1,9.759,0
2026-06-27 15:24:04,144,B+43.5,4777,3,True,False,False,,-1,9.8244,0
2026-06-27 15:24:14,98,W+1.5,2695,4,True,False,False,,-1,9.8353,0
2026-06-27 15:24:27,116,W+11.5,3522,4,True,False,False,,-1,9.9283,0
2026-06-27 15:24:40,131,W+21.5,4252,7,True,False,False,,-1,9.9669,0
2026-06-27 15:24:56,162,B+52.5,5493,7,True,False,False,,-1,9.9847,0
2026-06-27 15:25:12,162,B+55.5,5176,4,True,False,False,,-1,9.9931,0
2026-06-27 15:25:26,136,W+61.5,3932,2,True,False,False,,-1,10.0105,0
2026-06-27 15:25:34,85,B+5.5,2129,3,True,False,False,,-1,9.9972,0
2026-06-27 15:25:38,40,W+10.5,980,3,True,False,False,,-1,9.9948,0
2026-06-27 15:25:49,100,W+23.5,3081,3,True,False,False,,-1,10.0277,0
2026-06-27 15:26:06,162,W+48.5,5109,2,True,False,False,,-1,10.0854,0
2026-06-27 15:26:20,151,B+66.5,4572,4,True,False,False,,-1,10.2007,0
2026-06-27 15:26:33,111,B+20.5,3562,3,True,False,False,,-1,10.2029,0
2026-06-27 15:26:41,84,W+16.5,2266,3,True,False,False,,-1,10.2159,0
2026-06-27 15:26:51,88,W+0.5,2638,2,True,False,False,,-1,10.2926,0
2026-06-27 15:27:01,103,B+5.5,3060,3,True,False,False,,-1,10.2449,0
2026-06-27 15:27:08,56,W+6.5,1495,2,True,False,False,,-1,10.189,0
2026-06-27 15:27:18,93,W+8.5,2673,2,True,False,False,,-1,10.2283,0
2026-06-27 15:27:21,42,W+5.5,763,2,True,False,False,,-1,10.1158,0
2026-06-27 15:27:34,136,W+55.5,3875,5,True,False,False,,-1,10.0976,0
2026-06-27 15:27:44,92,W+10.5,2680,3,True,False,False,,-1,10.1166,0
2026-06-27 15:27:50,56,W+11.5,1456,2,True,False,False,,-1,10.1105,0
2026-06-27 15:27:58,66,W+9.5,1823,3,True,False,False,,-1,10.0571,0
2026-06-27 15:28:03,52,W+8.5,1338,4,True,False,False,,-1,10.0426,0
2026-06-27 15:28:14,105,W+6.5,3287,5,True,False,False,,-1,10.0437,0
2026-06-27 15:28:25,111,W+40.5,3344,3,True,False,False,,-1,10.0822,0
2026-06-27 15:28:29,28,W+7.5,913,2,True,False,False,,-1,10.0123,0
2026-06-27 15:28:41,108,W+43.5,3324,2,True,False,False,,-1,10.0393,0
2026-06-27 15:28:56,162,B+59.5,5459,8,True,False,False,,-1,10.147,0
2026-06-27 15:28:59,22,W+7.5,576,2,True,False,False,,-1,10.0867,0
2026-06-27 15:29:05,54,W+7.5,1423,3,True,False,False,,-1,10.1216,0
2026-06-27 15:29:14,99,B+18.5,2931,7,True,False,False,,-1,10.1246,0
2026-06-27 15:29:28,127,B+26.5,3992,3,True,False,False,,-1,10.1818,0
2026-06-27 15:29:39,127,B+18.5,3809,5,True,False,False,,-1,10.1897,0
2026-06-27 15:29:47,72,W+8.5,2093,2,True,False,False,,-1,10.2237,0
2026-06-27 15:30:03,147,B+57.5,5057,4,True,False,False,,-1,10.2298,0
2026-06-27 15:30:17,128,W+36.5,4092,4,True,False,False,,-1,10.2242,0
2026-06-27 15:30:35,162,B+42.5,5510,3,True,False,False,,-1,10.303,0
2026-06-27 15:30:40,60,W+8.5,1104,2,True,False,False,,-1,10.2995,0
2026-06-27 15:30:51,95,B+0.5,2591,3,True,False,False,,-1,10.3659,0
2026-06-27 15:31:03,124,W+56.5,3913,3,True,False,False,,-1,10.3708,0
2026-06-27 15:31:12,74,W+4.5,1934,3,True,False,False,,-1,10.4004,0
2026-06-27 15:31:22,96,W+15.5,3061,2,True,False,False,,-1,10.3857,0
2026-06-27 15:31:33,108,W+21.5,3215,2,True,False,False,,-1,10.3829,0
2026-06-27 15:31:44,99,B+3.5,2796,5,True,False,False,,-1,10.4029,0
2026-06-27 15:31:56,107,W+14.5,3327,5,True,False,False,,-1,10.3422,0
2026-06-27 15:32:03,79,B+5.5,1829,3,True,False,False,,-1,10.303,0
2026-06-27 15:32:10,68,W+5.5,1645,3,True,False,False,,-1,10.2233,0
2026-06-27 15:32:21,108,W+1.5,3464,3,True,False,False,,-1,10.21,0
2026-06-27 15:32:34,133,B+28.5,3822,5,True,False,False,,-1,10.2286,0
2026-06-27 15:32:40,53,W+2.5,1328,3,True,False,False,,-1,10.1667,0
2026-06-27 15:32:52,120,B+19.5,3769,2,True,False,False,,-1,10.1592,0
2026-06-27 15:33:01,87,W+11.5,2478,3,True,False,False,,-1,10.1246,0
2026-06-27 15:33:13,121,B+20.5,3539,4,True,False,False,,-1,10.0777,0
2026-06-27 15:33:17,28,W+7.5,805,2,True,False,False,,-1,10.09,0
2026-06-27 15:33:28,106,W+30.5,3173,3,True,False,False,,-1,10.1018,0
2026-06-27 15:33:39,101,W+9.5,3182,2,True,False,False,,-1,10.1153,0
2026-06-27 15:33:45,58,W+5.5,1407,3,True,False,False,,-1,10.0811,0
2026-06-27 15:33:55,97,B+14.5,2896,3,True,False,False,,-1,10.0852,0
2026-06-27 15:34:01,60,W+16.5,1430,2,True,False,False,,-1,10.0537,0
2026-06-27 15:34:11,95,W+0.5,2803,4,True,False,False,,-1,9.9969,0
2026-06-27 15:34:20,88,W+9.5,2435,4,True,False,False,,-1,9.9426,0
2026-06-27 15:34:25,48,W+7.5,1186,2,True,False,False,,-1,9.9595,0
2026-06-27 15:34:36,110,B+15.5,3221,3,True,False,False,,-1,9.985,0
2026-06-27 15:34:41,50,W+7.5,1213,2,True,False,False,,-1,9.9495,0
2026-06-27 15:34:54,131,B+42.5,4114,12,True,False,False,,-1,10.0121,0
2026-06-27 15:35:08,130,B+14.5,4241,6,True,False,False,,-1,10.1157,0
2026-06-27 15:35:12,54,W+9.5,1100,3,True,False,False,,-1,10.1113,0
2026-06-27 15:35:23,105,B+8.5,3467,6,True,False,False,,-1,10.0622,0
2026-06-27 15:35:27,48,W+7.5,1112,2,True,False,False,,-1,10.0503,0
2026-06-27 15:35:38,95,B+1.5,2829,3,True,False,False,,-1,10.0802,0
2026-06-27 15:35:45,63,W+4.5,1636,4,True,False,False,,-1,10.0411,0
2026-06-27 15:35:55,101,W+21.5,2782,2,True,False,False,,-1,9.9897,0
2026-06-27 15:36:05,96,B+12.5,2782,2,True,False,False,,-1,10.065,0
2026-06-27 15:36:21,162,B+62.5,4771,3,True,False,False,,-1,10.1322,0
2026-06-27 15:36:37,162,W+61.5,5172,2,True,False,False,,-1,10.2136,0
2026-06-27 15:36:46,74,W+7.5,2158,3,True,False,False,,-1,10.2383,0
2026-06-27 15:36:57,106,B+2.5,3339,2,True,False,False,,-1,10.3004,0
2026-06-27 15:37:10,119,B+33.5,3881,4,True,False,False,,-1,10.3296,0
2026-06-27 15:37:21,119,B+33.5,3135,3,True,False,False,,-1,10.3252,0
2026-06-27 15:37:33,119,B+1.5,3755,3,True,False,False,,-1,10.3509,0
2026-06-27 15:37:36,22,W+7.5,588,2,True,False,False,,-1,10.2962,0
2026-06-27 15:37:40,30,W+7.5,849,2,True,False,False,,-1,10.2208,0
2026-06-27 15:37:47,80,W+11.5,1901,2,True,False,False,,-1,10.2209,0
2026-06-27 15:37:54,66,W+12.5,1505,2,True,False,False,,-1,10.1521,0
2026-06-27 15:38:08,132,W+57.5,4009,2,True,False,False,,-1,10.1289,0
2026-06-27 15:38:14,56,W+4.5,1468,2,True,False,False,,-1,10.1476,0
2026-06-27 15:38:24,94,W+1.5,2771,3,True,False,False,,-1,10.1201,0
2026-06-27 15:38:38,127,B+11.5,4108,3,True,False,False,,-1,10.1335,0
2026-06-27 15:38:50,127,W+25.5,3956,8,True,False,False,,-1,10.1524,0
2026-06-27 15:38:54,44,W+6.5,858,3,True,False,False,,-1,10.1465,0
2026-06-27 15:38:57,24,W+7.5,603,2,True,False,False,,-1,10.0678,0
2026-06-27 15:39:07,98,W+7.5,2664,4,True,False,False,,-1,10.1236,0
2026-06-27 15:39:13,56,W+9.5,1435,2,True,False,False,,-1,10.0303,0
2026-06-27 15:39:22,88,W+2.5,2647,3,True,False,False,,-1,10.0164,0
2026-06-27 15:39:33,90,W+13.5,2982,3,True,False,False,,-1,9.979,0
2026-06-27 15:39:38,56,W+7.5,1332,2,True,False,False,,-1,9.909,0
2026-06-27 15:39:51,127,B+35.5,3613,3,True,False,False,,-1,9.8702,0
2026-06-27 15:40:01,96,W+9.5,2825,4,True,False,False,,-1,9.8402,0
2026-06-27 15:40:10,79,W+9.5,2299,4,True,False,False,,-1,9.8099,0
2026-06-27 15:40:16,62,W+2.5,1707,2,True,False,False,,-1,9.7209,0
2026-06-27 15:40:20,34,W+7.5,882,2,True,False,False,,-1,9.6587,0
2026-06-27 15:40:34,135,B+35.5,4398,5,True,False,False,,-1,9.6743,0
2026-06-27 15:40:45,98,W+0.5,2942,3,True,False,False,,-1,9.6482,0
2026-06-27 15:40:51,58,W+4.5,1638,2,True,False,False,,-1,9.5505,0
2026-06-27 15:40:58,68,W+3.5,1377,4,True,False,False,,-1,9.4509,0
2026-06-27 15:41:01,36,W+6.5,688,2,True,False,False,,-1,9.3493,0
2026-06-27 15:41:07,50,W+8.5,1377,2,True,False,False,,-1,9.3227,0
2026-06-27 15:41:12,48,W+8.5,1271,2,True,False,False,,-1,9.3355,0
2026-06-27 15:41:17,46,W+6.5,1259,2,True,False,False,,-1,9.2841,0
2026-06-27 15:41:22,50,W+7.5,1084,2,True,False,False,,-1,9.1582,0
2026-06-27 15:41:33,106,W+48.5,3319,5,True,False,False,,-1,9.1292,0
2026-06-27 15:41:46,111,B+1.5,3732,6,True,False,False,,-1,9.1269,0
2026-06-27 15:41:55,105,B+8.5,2744,5,True,False,False,,-1,9.1415,0
2026-06-27 15:42:07,110,W+1.5,3334,4,True,False,False,,-1,9.1562,0
2026-06-27 15:42:23,154,B+48.5,4758,7,True,False,False,,-1,9.2117,0
2026-06-27 15:42:26,34,W+7.5,841,2,True,False,False,,-1,9.1837,0
2026-06-27 15:42:32,60,W+3.5,1239,2,True,False,False,,-1,9.1392,0
2026-06-27 15:42:42,98,B+12.5,2781,2,True,False,False,,-1,9.2034,0
2026-06-27 15:42:51,89,W+9.5,2714,2,True,False,False,,-1,9.1667,0
2026-06-27 15:43:01,95,B+1.5,2990,2,True,False,False,,-1,9.1672,0
2026-06-27 15:43:12,104,W+8.5,3148,3,True,False,False,,-1,9.2146,0
2026-06-27 15:43:19,74,W+6.5,1844,3,True,False,False,,-1,9.2159,0
2026-06-27 15:43:26,68,W+1.5,1434,4,True,False,False,,-1,9.2238,0
2026-06-27 15:43:37,112,B+0.5,3672,4,True,False,False,,-1,9.2373,0
2026-06-27 15:43:50,127,B+36.5,3640,4,True,False,False,,-1,9.2488,0
2026-06-27 15:43:53,24,W+7.5,760,2,True,False,False,,-1,9.2414,0
2026-06-27 15:44:00,68,W+4.5,1782,2,True,False,False,,-1,9.1953,0
2026-06-27 15:44:11,105,B+15.5,2895,3,True,False,False,,-1,9.1396,0
2026-06-27 15:44:19,74,W+3.5,1922,2,True,False,False,,-1,9.1945,0
2026-06-27 15:44:28,106,B+3.5,3107,5,True,False,False,,-1,9.2374,0
2026-06-27 15:44:36,72,W+6.5,1932,2,True,False,False,,-1,9.2145,0
2026-06-27 15:44:43,72,W+2.5,1771,2,True,False,False,,-1,9.1544,0
2026-06-27 15:44:52,86,W+20.5,2398,4,True,False,False,,-1,9.1273,0
2026-06-27 15:45:05,118,W+30.5,3570,5,True,False,False,,-1,9.1787,0
2026-06-27 15:45:19,132,W+63.5,3881,2,True,False,False,,-1,9.149,0
2026-06-27 15:45:29,103,W+9.5,3322,7,True,False,False,,-1,9.1199,0
2026-06-27 15:45:40,96,W+24.5,2913,4,True,False,False,,-1,9.0437,0
2026-06-27 15:45:45,52,W+7.5,1187,2,True,False,False,,-1,9.043,0
2026-06-27 15:45:54,98,W+1.5,2454,2,True,False,False,,-1,9.0368,0
2026-06-27 15:46:11,162,B+55.5,5230,2,True,False,False,,-1,9.0758,0
2026-06-27 15:46:14,28,W+7.5,767,2,True,False,False,,-1,9.0257,0
2026-06-27 15:46:19,38,W+7.5,986,2,True,False,False,,-1,8.963,0
2026-06-27 15:46:26,86,W+10.5,1991,3,True,False,False,,-1,8.9291,0
2026-06-27 15:46:29,34,W+7.5,568,2,True,False,False,,-1,8.8483,0
2026-06-27 15:46:42,118,B+24.5,3411,2,True,False,False,,-1,8.857,0
2026-06-27 15:46:56,132,W+60.5,4294,2,True,False,False,,-1,8.9255,0
2026-06-27 15:47:01,46,W+6.5,1187,2,True,False,False,,-1,8.9095,0
2026-06-27 15:47:16,136,W+24.5,4440,7,True,False,False,,-1,8.9438,0
2026-06-27 15:47:20,36,W+9.5,1037,2,True,False,False,,-1,8.8585,0
2026-06-27 15:47:35,149,B+28.5,4588,6,True,False,False,,-1,8.9517,0
2026-06-27 15:47:42,61,W+2.5,1502,3,True,False,False,,-1,8.8914,0
2026-06-27 15:47:46,50,W+9.5,885,2,True,False,False,,-1,8.8483,0
2026-06-27 15:47:48,20,W+7.5,630,2,True,False,False,,-1,8.7473,0
2026-06-27 15:47:58,93,B+3.5,2635,3,True,False,False,,-1,8.8086,0
2026-06-27 15:48:08,101,B+34.5,2584,2,True,False,False,,-1,8.7942,0
2026-06-27 15:48:21,125,B+32.5,3717,3,True,False,False,,-1,8.8145,0
2026-06-27 15:48:33,117,B+45.5,3463,2,True,False,False,,-1,8.8779,0
2026-06-27 15:48:39,71,B+3.5,1453,3,True,False,False,,-1,8.8423,0
2026-06-27 15:48:51,101,B+11.5,3075,5,True,False,False,,-1,8.894,0
2026-06-27 15:48:59,79,B+9.5,2158,2,True,False,False,,-1,8.8817,0
2026-06-27 15:49:12,126,W+22.5,4191,4,True,False,False,,-1,8.9258,0
2026-06-27 15:49:24,105,W+17.5,3245,6,True,False,False,,-1,8.9874,0
2026-06-27 15:49:31,69,B+6.5,1796,3,True,False,False,,-1,8.9481,0
2026-06-27 15:49:44,123,B+47.5,3763,4,True,False,False,,-1,9.0275,0
2026-06-27 15:49:59,147,B+52.5,4685,3,True,False,False,,-1,9.0519,0
2026-06-27 15:50:10,94,W+29.5,2896,4,True,False,False,,-1,9.0256,0
2026-06-27 15:50:27,162,B+34.5,5289,2,True,False,False,,-1,9.1465,0
2026-06-27 15:50:36,94,W+4.5,2398,4,True,False,False,,-1,9.1296,0
2026-06-27 15:50:45,82,W+4.5,2374,2,True,False,False,,-1,9.1737,0
2026-06-27 15:51:00,154,W+61.5,4689,5,True,False,False,,-1,9.2199,0
2026-06-27 15:51:14,126,W+61.5,4099,4,True,False,False,,-1,9.2923,0
2026-06-27 15:51:27,129,B+34.5,3700,4,True,False,False,,-1,9.3265,0
2026-06-27 15:51:36,80,W+3.5,2231,2,True,False,False,,-1,9.3104,0
2026-06-27 15:51:43,67,W+9.5,1575,2,True,False,False,,-1,9.2199,0
2026-06-27 15:51:54,109,B+22.5,2753,3,True,False,False,,-1,9.1638,0
2026-06-27 15:52:08,130,W+52.5,4023,3,True,False,False,,-1,9.2184,0
2026-06-27 15:52:17,90,W+17.5,2518,2,True,False,False,,-1,9.1999,0
2026-06-27 15:52:28,105,W+1.5,3062,5,True,False,False,,-1,9.1787,0
2026-06-27 15:52:37,84,W+6.5,2310,2,True,False,False,,-1,9.156,0
2026-06-27 15:52:45,73,B+1.5,2020,2,True,False,False,,-1,9.1116,0
2026-06-27 15:52:56,104,B+28.5,3098,3,True,False,False,,-1,9.1961,0
2026-06-27 15:53:12,137,B+34.5,4291,7,True,False,False,,-1,9.3177,0
2026-06-27 15:53:21,83,B+11.5,2335,2,True,False,False,,-1,9.3319,0
2026-06-27 15:53:36,139,B+52.5,4507,4,True,False,False,,-1,9.4223,0
2026-06-27 15:53:53,162,B+41.5,5288,4,True,False,False,,-1,9.4447,0
2026-06-27 15:53:56,24,W+9.5,793,2,True,False,False,,-1,9.4148,0
2026-06-27 15:54:07,95,B+30.5,3128,3,True,False,False,,-1,9.4293,0
2026-06-27 15:54:20,119,B+25.5,3783,2,True,False,False,,-1,9.4226,0
2026-06-27 15:54:34,141,B+41.5,4324,7,True,False,False,,-1,9.4387,0
2026-06-27 15:54:40,48,W+6.5,1187,2,True,False,False,,-1,9.4504,0
2026-06-27 15:54:49,98,W+25.5,2922,5,True,False,False,,-1,9.5247,0
2026-06-27 15:54:53,30,W+7.5,904,2,True,False,False,,-1,9.4607,0
2026-06-27 15:54:58,43,W+6.5,1119,2,True,False,False,,-1,9.4478,0
2026-06-27 15:55:10,118,B+20.5,3683,3,True,False,False,,-1,9.479,0
2026-06-27 15:55:14,44,W+4.5,1040,2,True,False,False,,-1,9.4128,0
2026-06-27 15:55:23,84,W+4.5,2420,2,True,False,False,,-1,9.4486,0
2026-06-27 15:55:28,40,W+9.5,1115,2,True,False,False,,-1,9.3626,0
2026-06-27 15:55:37,96,W+7.5,2692,3,True,False,False,,-1,9.3578,0
2026-06-27 15:55:43,52,W+6.5,1346,2,True,False,False,,-1,9.3315,0
2026-06-27 15:55:52,89,B+7.5,2429,2,True,False,False,,-1,9.3554,0
2026-06-27 15:56:02,101,W+23.5,2669,3,True,False,False,,-1,9.4167,0
2026-06-27 15:56:10,74,W+4.5,2070,2,True,False,False,,-1,9.3568,0
2026-06-27 15:56:26,144,B+43.5,4619,3,True,False,False,,-1,9.4062,0
2026-06-27 15:56:36,100,W+11.5,2846,2,True,False,False,,-1,9.4386,0
2026-06-27 15:56:45,86,W+15.5,2522,3,True,False,False,,-1,9.4721,0
2026-06-27 15:56:53,73,B+0.5,1830,3,True,False,False,,-1,9.5154,0
2026-06-27 15:57:03,100,W+30.5,2938,3,True,False,False,,-1,9.5629,0
2026-06-27 15:57:07,34,W+7.5,957,2,True,False,False,,-1,9.5497,0
2026-06-27 15:57:14,60,W+10.5,1606,4,True,False,False,,-1,9.5626,0
2026-06-27 15:57:24,111,W+33.5,3006,4,True,False,False,,-1,9.614,0
2026-06-27 15:57:33,87,B+16.5,2439,3,True,False,False,,-1,9.5926,0
2026-06-27 15:57:41,76,W+9.5,1964,2,True,False,False,,-1,9.5494,0
2026-06-27 15:57:54,126,B+1.5,4245,6,True,False,False,,-1,9.5865,0
2026-06-27 15:58:05,106,W+13.5,3350,3,True,False,False,,-1,9.5782,0
2026-06-27 15:58:17,109,W+29.5,3346,4,True,False,False,,-1,9.5401,0
2026-06-27 15:58:25,74,W+9.5,2011,5,True,False,False,,-1,9.5858,0
2026-06-27 15:58:35,93,B+1.5,2693,3,True,False,False,,-1,9.6292,0
2026-06-27 15:58:53,162,W+73.5,5472,2,True,False,False,,-1,9.7109,0
2026-06-27 15:59:09,162,B+7.5,5132,10,True,False,False,,-1,9.7711,0
2026-06-27 15:59:17,80,W+6.5,2067,3,True,False,False,,-1,9.7531,0
2026-06-27 15:59:30,131,B+37.5,3964,4,True,False,False,,-1,9.7797,0
2026-06-27 15:59:37,70,W+5.5,1841,2,True,False,False,,-1,9.7779,0
2026-06-27 15:59:51,124,B+47.5,3726,2,True,False,False,,-1,9.8467,0
2026-06-27 15:59:59,88,W+27.5,2084,3,True,False,False,,-1,9.8148,0
2026-06-27 16:00:12,122,W+47.5,3571,4,True,False,False,,-1,9.8146,0
2026-06-27 16:00:23,100,W+60.5,3075,3,True,False,False,,-1,9.8947,0
2026-06-27 16:00:30,68,W+5.5,1811,3,True,False,False,,-1,9.8981,0
2026-06-27 16:00:36,56,W+11.5,1169,2,True,False,False,,-1,9.8477,0
2026-06-27 16:00:48,119,W+32.5,3675,3,True,False,False,,-1,9.8933,0
2026-06-27 16:00:56,78,W+12.5,2083,2,True,False,False,,-1,9.8732,0
2026-06-27 16:01:10,140,B+59.5,4617,9,True,False,False,,-1,9.9364,0
2026-06-27 16:01:22,118,B+28.5,3833,6,True,False,False,,-1,9.9895,0
2026-06-27 16:01:37,129,B+25.5,3946,3,True,False,False,,-1,10.0447,0
2026-06-27 16:01:48,111,B+2.5,3633,4,True,False,False,,-1,10.0274,0
2026-06-27 16:01:53,54,W+7.5,971,2,True,False,False,,-1,9.9392,0
2026-06-27 16:02:00,64,W+6.5,1800,2,True,False,False,,-1,9.8995,0
2026-06-27 16:02:05,58,W+5.5,1415,2,True,False,False,,-1,9.853,0
2026-06-27 16:02:11,54,W+3.5,1319,2,True,False,False,,-1,9.8564,0
2026-06-27 16:02:27,162,W+62.5,5233,4,True,False,False,,-1,9.9196,0
2026-06-27 16:02:29,24,W+7.5,662,2,True,False,False,,-1,9.7787,0
2026-06-27 16:02:41,100,B+1.5,3123,2,True,False,False,,-1,9.8585,0
2026-06-27 16:02:52,114,W+38.5,3570,2,True,False,False,,-1,9.9337,0
2026-06-27 16:03:03,104,W+17.5,3321,4,True,False,False,,-1,9.9603,0
2026-06-27 16:03:07,46,W+7.5,1050,2,True,False,False,,-1,9.978,0
2026-06-27 16:03:18,103,B+5.5,3138,2,True,False,False,,-1,9.9611,0
2026-06-27 16:03:22,42,W+7.5,1036,2,True,False,False,,-1,9.8648,0
2026-06-27 16:03:28,56,W+8.5,1351,2,True,False,False,,-1,9.8717,0
2026-06-27 16:03:39,99,B+8.5,3071,2,True,False,False,,-1,9.8289,0
2026-06-27 16:03:49,91,B+10.5,2749,2,True,False,False,,-1,9.8904,0
2026-06-27 16:03:59,86,B+5.5,2621,2,True,False,False,,-1,9.8337,0
2026-06-27 16:04:14,150,W+67.5,4722,4,True,False,False,,-1,9.9258,0
2026-06-27 16:04:30,146,W+53.5,4821,2,True,False,False,,-1,10.0386,0
2026-06-27 16:04:35,46,W+8.5,1128,2,True,False,False,,-1,10.0652,0
2026-06-27 16:04:42,66,W+6.5,1757,2,True,False,False,,-1,10.0412,0
2026-06-27 16:04:48,62,W+9.5,1492,2,True,False,False,,-1,10.0039,0
2026-06-27 16:04:54,52,W+6.5,1363,3,True,False,False,,-1,9.9346,0
2026-06-27 16:05:01,62,W+1.5,1660,2,True,False,False,,-1,9.8802,0
2026-06-27 16:05:07,54,W+8.5,1399,2,True,False,False,,-1,9.8715,0
2026-06-27 16:05:11,44,W+7.5,976,2,True,False,False,,-1,9.8002,0
2026-06-27 16:05:21,99,B+9.5,2584,4,True,False,False,,-1,9.8117,0
2026-06-27 16:05:32,107,B+8.5,3377,2,True,False,False,,-1,9.7932,0
2026-06-27 16:05:37,56,W+5.5,1006,3,True,False,False,,-1,9.7279,0
2026-06-27 16:05:50,119,B+11.5,3758,5,True,False,False,,-1,9.7852,0
2026-06-27 16:06:01,100,B+2.5,3166,5,True,False,False,,-1,9.7632,0
2026-06-27 16:06:08,72,W+2.5,1796,2,True,False,False,,-1,9.6859,0
2026-06-27 16:06:23,141,B+39.5,4348,5,True,False,False,,-1,9.7224,0
2026-06-27 16:06:33,88,W+29.5,2549,3,True,False,False,,-1,9.6497,0
2026-06-27 16:06:38,52,W+6.5,1338,3,True,False,False,,-1,9.6181,0
2026-06-27 16:06:52,136,B+41.5,4239,2,True,False,False,,-1,9.6649,0
2026-06-27 16:07:09,158,W+65.5,5258,2,True,False,False,,-1,9.6853,0
2026-06-27 16:07:21,111,B+30.5,3428,3,True,False,False,,-1,9.6629,0
2026-06-27 16:07:37,154,B+45.5,4871,7,True,False,False,,-1,9.6901,0
2026-06-27 16:07:46,93,B+5.5,2442,4,True,False,False,,-1,9.6982,0
2026-06-27 16:07:55,80,W+29.5,2385,3,True,False,False,,-1,9.7191,0
2026-06-27 16:08:05,88,W+4.5,2591,4,True,False,False,,-1,9.7055,0
2026-06-27 16:08:14,90,W+8.5,2619,4,True,False,False,,-1,9.6602,0
2026-06-27 16:08:25,131,B+30.5,3985,7,True,False,False,,-1,9.6778,0
2026-06-27 16:08:36,104,W+8.5,3130,4,True,False,False,,-1,9.6787,0
2026-06-27 16:08:47,105,B+18.5,3144,3,True,False,False,,-1,9.6989,0
2026-06-27 16:09:02,154,W+39.5,4514,7,True,False,False,,-1,9.7678,0
2026-06-27 16:09:10,65,B+0.5,1955,2,True,False,False,,-1,9.7356,0
2026-06-27 16:09:25,162,W+88.5,4955,3,True,False,False,,-1,9.7315,0
2026-06-27 16:09:36,109,W+0.5,3500,7,True,False,False,,-1,9.7556,0
2026-06-27 16:09:47,101,B+4.5,3124,3,True,False,False,,-1,9.7092,0
2026-06-27 16:10:04,162,W+47.5,5168,7,True,False,False,,-1,9.7073,0
2026-06-27 16:10:13,86,W+13.5,2472,3,True,False,False,,-1,9.766,0
2026-06-27 16:10:22,90,W+12.5,2462,5,True,False,False,,-1,9.7439,0
2026-06-27 16:10:33,101,W+0.5,3059,3,True,False,False,,-1,9.7223,0
2026-06-27 16:10:39,58,W+5.5,1565,3,True,False,False,,-1,9.6465,0
2026-06-27 16:10:53,130,W+50.5,4052,4,True,False,False,,-1,9.7289,0
2026-06-27 16:11:02,95,W+14.5,2587,2,True,False,False,,-1,9.725,0
2026-06-27 16:11:15,130,W+56.5,4184,4,True,False,False,,-1,9.8222,0
2026-06-27 16:11:19,38,W+8.5,860,2,True,False,False,,-1,9.8134,0
2026-06-27 16:11:24,42,W+6.5,1058,2,True,False,False,,-1,9.7351,0
2026-06-27 16:11:27,24,W+7.5,744,2,True,False,False,,-1,9.7233,0
2026-06-27 16:11:44,160,W+75.5,5237,4,True,False,False,,-1,9.8044,0
2026-06-27 16:11:52,74,W+13.5,1855,3,True,False,False,,-1,9.8355,0
2026-06-27 16:12:04,118,B+1.5,3711,3,True,False,False,,-1,9.8638,0
2026-06-27 16:12:14,98,W+12.5,2953,3,True,False,False,,-1,9.9045,0
2026-06-27 16:12:28,140,W+66.5,4546,3,True,False,False,,-1,9.9614,0
2026-06-27 16:12:37,78,W+5.5,2078,3,True,False,False,,-1,9.9471,0
2026-06-27 16:12:46,84,W+18.5,2311,2,True,False,False,,-1,9.951,0
2026-06-27 16:12:48,20,W+7.5,732,2,True,False,False,,-1,9.8244,0
2026-06-27 16:12:59,107,B+4.5,3424,4,True,False,False,,-1,9.831,0
2026-06-27 16:13:05,58,W+8.5,1539,2,True,False,False,,-1,9.7975,0
2026-06-27 16:13:11,48,W+7.5,1266,2,True,False,False,,-1,9.776,0
2026-06-27 16:13:20,86,W+19.5,2402,3,True,False,False,,-1,9.7631,0
2026-06-27 16:13:29,96,W+15.5,2864,3,True,False,False,,-1,9.8199,0
2026-06-27 16:13:36,60,W+4.5,1631,3,True,False,False,,-1,9.8186,0
2026-06-27 16:13:53,162,B+65.5,5182,3,True,False,False,,-1,9.8859,0
2026-06-27 16:14:02,97,B+2.5,2951,5,True,False,False,,-1,9.8892,0
2026-06-27 16:14:09,68,W+1.5,1473,3,True,False,False,,-1,9.8774,0
2026-06-27 16:14:24,142,W+60.5,4635,4,True,False,False,,-1,9.8976,0
2026-06-27 16:14:34,103,B+9.5,2714,3,True,False,False,,-1,9.8821,0
2026-06-27 16:14:44,98,W+13.5,2880,4,True,False,False,,-1,9.8637,0
2026-06-27 16:14:55,99,B+14.5,3084,2,True,False,False,,-1,9.8924,0
2026-06-27 16:15:08,128,B+27.5,4004,2,True,False,False,,-1,9.9266,0
2026-06-27 16:15:12,38,W+6.5,886,2,True,False,False,,-1,9.7821,0
2026-06-27 16:15:21,96,W+6.5,2931,2,True,False,False,,-1,9.7228,0
2026-06-27 16:15:36,134,W+50.5,4220,6,True,False,False,,-1,9.7894,0
2026-06-27 16:15:50,120,W+36.5,3936,4,True,False,False,,-1,9.792,0
2026-06-27 16:16:00,100,W+33.5,3161,3,True,False,False,,-1,9.8241,0
2026-06-27 16:16:14,130,W+51.5,4101,4,True,False,False,,-1,9.8299,0
2026-06-27 16:16:22,76,W+12.5,2103,6,True,False,False,,-1,9.8279,0
2026-06-27 16:16:31,84,W+9.5,2197,3,True,False,False,,-1,9.7874,0
2026-06-27 16:16:39,95,B+4.5,2380,5,True,False,False,,-1,9.7646,0
2026-06-27 16:16:49,93,W+4.5,2431,5,True,False,False,,-1,9.78,0
2026-06-27 16:17:02,126,W+46.5,4167,4,True,False,False,,-1,9.8619,0
2026-06-27 16:17:10,70,W+11.5,1857,3,True,False,False,,-1,9.8136,0
2026-06-27 16:17:21,107,W+29.5,3264,3,True,False,False,,-1,9.8446,0
2026-06-27 16:17:34,128,W+46.5,3809,4,True,False,False,,-1,9.8376,0
2026-06-27 16:17:39,48,W+4.5,1107,2,True,False,False,,-1,9.7599,0
2026-06-27 16:17:41,20,W+7.5,397,2,True,False,False,,-1,9.6363,0
2026-06-27 16:17:56,162,B+68.5,5709,9,True,False,False,,-1,9.6746,0
2026-06-27 16:18:00,46,W+5.5,1095,2,True,False,False,,-1,9.675,0
2026-06-27 16:18:17,155,W+28.5,5128,5,True,False,False,,-1,9.7724,0
2026-06-27 16:18:29,112,W+25.5,3680,2,True,False,False,,-1,9.8342,0
2026-06-27 16:18:32,24,W+7.5,786,2,True,False,False,,-1,9.8101,0
2026-06-27 16:18:41,87,B+14.5,2419,2,True,False,False,,-1,9.7427,0
2026-06-27 16:18:44,24,W+7.5,752,2,True,False,False,,-1,9.7457,0
2026-06-27 16:18:56,106,W+13.5,3385,5,True,False,False,,-1,9.7547,0
2026-06-27 16:19:07,105,B+13.5,3137,2,True,False,False,,-1,9.7478,0
2026-06-27 16:19:17,96,W+1.5,2515,4,True,False,False,,-1,9.7382,0
2026-06-27 16:19:21,50,W+6.5,854,3,True,False,False,,-1,9.7339,0
2026-06-27 16:19:34,116,B+19.5,3983,3,True,False,False,,-1,9.7552,0
2026-06-27 16:19:51,152,W+73.5,5153,5,True,False,False,,-1,9.8799,0
2026-06-27 16:19:59,88,W+9.5,2461,2,True,False,False,,-1,9.909,0
2026-06-27 16:20:12,127,B+36.5,3989,7,True,False,False,,-1,9.9302,0
2026-06-27 16:20:17,50,W+5.5,1096,2,True,False,False,,-1,9.8739,0
2026-06-27 16:20:20,34,W+6.5,783,2,True,False,False,,-1,9.8136,0
2026-06-27 16:20:28,73,B+2.5,2029,2,True,False,False,,-1,9.7358,0
2026-06-27 16:20:31,36,W+6.5,624,3,True,False,False,,-1,9.6094,0
2026-06-27 16:20:41,98,B+7.5,2927,3,True,False,False,,-1,9.6605,0
2026-06-27 16:20:44,24,W+7.5,504,2,True,False,False,,-1,9.612,0
2026-06-27 16:20:54,100,W+8.5,2823,2,True,False,False,,-1,9.6516,0
2026-06-27 16:21:04,109,W+6.5,3006,3,True,False,False,,-1,9.6986,0
2026-06-27 16:21:16,118,W+53.5,3738,6,True,False,False,,-1,9.7492,0
2026-06-27 16:21:22,50,W+7.5,1337,3,True,False,False,,-1,9.7459,0
2026-06-27 16:21:34,118,W+39.5,3588,3,True,False,False,,-1,9.8273,0
2026-06-27 16:21:44,97,B+29.5,2724,5,True,False,False,,-1,9.8356,0
2026-06-27 16:21:56,110,W+58.5,3395,2,True,False,False,,-1,9.8376,0
2026-06-27 16:22:01,46,W+7.5,1112,2,True,False,False,,-1,9.8377,0
2026-06-27 16:22:15,144,B+31.5,4502,6,True,False,False,,-1,9.8533,0
2026-06-27 16:22:21,52,W+5.5,1294,3,True,False,False,,-1,9.7982,0
2026-06-27 16:22:36,148,W+72.5,4840,6,True,False,False,,-1,9.8771,0
2026-06-27 16:22:42,60,W+5.5,1494,2,True,False,False,,-1,9.7944,0
2026-06-27 16:22:55,149,B+56.5,4584,10,True,False,False,,-1,9.8267,0
2026-06-27 16:23:02,58,W+1.5,1624,2,True,False,False,,-1,9.8382,0
2026-06-27 16:23:07,48,W+16.5,1215,3,True,False,False,,-1,9.7549,0
2026-06-27 16:23:22,139,B+45.5,4387,3,True,False,False,,-1,9.7351,0
2026-06-27 16:23:36,127,B+40.5,3798,3,True,False,False,,-1,9.7502,0
2026-06-27 16:23:50,137,B+60.5,4033,5,True,False,False,,-1,9.7276,0
2026-06-27 16:23:56,58,W+2.5,1395,2,True,False,False,,-1,9.6934,0
2026-06-27 16:24:12,162,W+57.5,5249,3,True,False,False,,-1,9.7713,0
2026-06-27 16:24:20,68,W+9.5,1979,2,True,False,False,,-1,9.7531,0
2026-06-27 16:24:33,127,B+9.5,3960,6,True,False,False,,-1,9.7844,0
2026-06-27 16:24:42,101,B+7.5,3063,3,True,False,False,,-1,9.7685,0
2026-06-27 16:24:50,63,W+5.5,1757,2,True,False,False,,-1,9.7356,0
2026-06-27 16:25:06,159,B+33.5,5140,11,True,False,False,,-1,9.7846,0
2026-06-27 16:25:15,93,W+2.5,2678,2,True,False,False,,-1,9.7272,0
2026-06-27 16:25:28,120,W+50.5,3667,2,True,False,False,,-1,9.7776,0
2026-06-27 16:25:40,122,B+7.5,3813,5,True,False,False,,-1,9.7511,0
2026-06-27 16:25:54,140,W+58.5,4185,5,True,False,False,,-1,9.7726,0
2026-06-27 16:26:02,72,W+2.5,2023,4,True,False,False,,-1,9.7414,0
2026-06-27 16:26:11,97,B+0.5,2817,5,True,False,False,,-1,9.677,0
2026-06-27 16:26:22,110,W+7.5,3176,4,True,False,False,,-1,9.6923,0
2026-06-27 16:26:28,50,W+10.5,1479,2,True,False,False,,-1,9.6587,0
2026-06-27 16:26:39,97,B+0.5,2894,6,True,False,False,,-1,9.658,0
2026-06-27 16:26:46,66,W+12.5,1815,2,True,False,False,,-1,9.6685,0
2026-06-27 16:27:03,162,W+33.5,4880,3,True,False,False,,-1,9.6959,0
2026-06-27 16:27:13,106,W+8.5,3024,3,True,False,False,,-1,9.7059,0
2026-06-27 16:27:22,84,W+7.5,2280,2,True,False,False,,-1,9.6593,0
2026-06-27 16:27:32,96,W+0.5,2817,3,True,False,False,,-1,9.7277,0
2026-06-27 16:27:42,85,W+4.5,2437,3,True,False,False,,-1,9.7772,0
2026-06-27 16:27:52,91,B+26.5,2753,4,True,False,False,,-1,9.8489,0
2026-06-27 16:27:55,26,W+7.5,747,2,True,False,False,,-1,9.7077,0
2026-06-27 16:28:07,111,B+12.5,3409,4,True,False,False,,-1,9.7486,0
2026-06-27 16:28:15,82,W+14.5,2004,2,True,False,False,,-1,9.7047,0
2026-06-27 16:28:27,126,W+32.5,4172,6,True,False,False,,-1,9.7312,0
2026-06-27 16:28:34,60,W+4.5,1634,2,True,False,False,,-1,9.65,0
2026-06-27 16:28:38,40,W+6.5,1067,2,True,False,False,,-1,9.613,0
2026-06-27 16:28:48,86,W+1.5,2563,3,True,False,False,,-1,9.6206,0
2026-06-27 16:29:05,162,W+63.5,5353,4,True,False,False,,-1,9.7666,0
2026-06-27 16:29:12,62,W+3.5,1593,2,True,False,False,,-1,9.7267,0
2026-06-27 16:29:22,107,B+7.5,2925,2,True,False,False,,-1,9.7651,0
2026-06-27 16:29:33,101,B+9.5,3097,5,True,False,False,,-1,9.8234,0
2026-06-27 16:29:46,120,W+25.5,3854,3,True,False,False,,-1,9.8616,0
2026-06-27 16:29:57,101,W+24.5,2940,2,True,False,False,,-1,9.8693,0
2026-06-27 16:30:00,30,W+2.5,833,2,True,False,False,,-1,9.8379,0
2026-06-27 16:30:05,44,W+7.5,1095,3,True,False,False,,-1,9.719,0
2026-06-27 16:30:15,90,W+17.5,2719,2,True,False,False,,-1,9.722,0
2026-06-27 16:30:19,36,W+5.5,934,2,True,False,False,,-1,9.6965,0
2026-06-27 16:30:28,89,B+4.5,2655,4,True,False,False,,-1,9.6363,0
2026-06-27 16:30:38,109,B+9.5,3233,3,True,False,False,,-1,9.6465,0
2026-06-27 16:30:56,162,B+56.5,5311,5,True,False,False,,-1,9.7188,0
2026-06-27 16:31:06,90,W+29.5,2743,2,True,False,False,,-1,9.7086,0
2026-06-27 16:31:13,68,W+3.5,1811,2,True,False,False,,-1,9.6509,0
2026-06-27 16:31:24,108,W+32.5,3180,3,True,False,False,,-1,9.7264,0
2026-06-27 16:31:32,62,W+2.5,1822,2,True,False,False,,-1,9.7013,0
2026-06-27 16:31:48,162,W+61.5,5323,3,True,False,False,,-1,9.7216,0
2026-06-27 16:31:58,85,B+15.5,2320,3,True,False,False,,-1,9.6775,0
2026-06-27 16:32:02,50,W+10.5,969,2,True,False,False,,-1,9.6179,0
2026-06-27 16:32:14,117,B+42.5,3746,5,True,False,False,,-1,9.5982,0
2026-06-27 16:32:25,101,B+5.5,2956,3,True,False,False,,-1,9.6229,0
2026-06-27 16:32:35,93,B+29.5,2821,4,True,False,False,,-1,9.6383,0
2026-06-27 16:32:39,34,W+7.5,912,2,True,False,False,,-1,9.5885,0
2026-06-27 16:32:49,113,W+25.5,3469,5,True,False,False,,-1,9.6071,0
2026-06-27 16:33:04,127,B+44.5,4039,2,True,False,False,,-1,9.6161,0
2026-06-27 16:33:16,120,B+18.5,3955,5,True,False,False,,-1,9.6657,0
2026-06-27 16:33:24,62,W+13.5,1743,2,True,False,False,,-1,9.6273,0
2026-06-27 16:33:38,132,W+48.5,4279,2,True,False,False,,-1,9.6429,0
2026-06-27 16:33:45,59,B+1.5,1593,2,True,False,False,,-1,9.6588,0
2026-06-27 16:33:49,36,W+7.5,893,2,True,False,False,,-1,9.679,0
2026-06-27 16:34:03,137,B+46.5,4094,5,True,False,False,,-1,9.6688,0
2026-06-27 16:34:09,68,W+9.5,1416,2,True,False,False,,-1,9.6848,0
2026-06-27 16:34:18,79,B+4.5,2243,4,True,False,False,,-1,9.6044,0
2026-06-27 16:34:28,90,W+2.5,2661,2,True,False,False,,-1,9.5831,0
2026-06-27 16:34:41,127,B+35.5,4051,5,True,False,False,,-1,9.6878,0
2026-06-27 16:34:49,70,W+4.5,1900,3,True,False,False,,-1,9.6746,0
2026-06-27 16:34:54,44,W+5.5,1204,2,True,False,False,,-1,9.6934,0
2026-06-27 16:35:09,147,W+58.5,4705,6,True,False,False,,-1,9.7276,0
2026-06-27 16:35:16,70,W+8.5,1511,3,True,False,False,,-1,9.6831,0
2026-06-27 16:35:27,101,W+9.5,3088,3,True,False,False,,-1,9.697,0
2026-06-27 16:35:32,50,W+6.5,1325,2,True,False,False,,-1,9.7107,0
2026-06-27 16:35:39,74,W+7.5,1680,2,True,False,False,,-1,9.6555,0
2026-06-27 16:35:47,67,W+9.5,1806,2,True,False,False,,-1,9.5615,0
2026-06-27 16:35:59,112,W+54.5,3468,2,True,False,False,,-1,9.5975,0
2026-06-27 16:36:08,89,B+32.5,2200,3,True,False,False,,-1,9.5553,0
2026-06-27 16:36:17,82,W+10.5,2362,2,True,False,False,,-1,9.5998,0
2026-06-27 16:36:28,114,W+10.5,3356,3,True,False,False,,-1,9.6722,0
2026-06-27 16:36:35,65,W+3.5,1866,2,True,False,False,,-1,9.6675,0
2026-06-27 16:36:46,97,W+12.5,3120,4,True,False,False,,-1,9.7461,0
2026-06-27 16:36:49,22,W+8.5,678,2,True,False,False,,-1,9.6707,0
2026-06-27 16:36:54,46,W+7.5,1119,4,True,False,False,,-1,9.6976,0
2026-06-27 16:37:08,138,W+18.5,4336,5,True,False,False,,-1,9.7366,0
2026-06-27 16:37:12,34,W+7.5,947,3,True,False,False,,-1,9.6709,0
2026-06-27 16:37:21,88,W+13.5,2543,2,True,False,False,,-1,9.6412,0
2026-06-27 16:37:37,162,W+72.5,5131,3,True,False,False,,-1,9.7551,0
2026-06-27 16:37:45,69,W+6.5,1863,4,True,False,False,,-1,9.7075,0
2026-06-27 16:37:49,42,W+7.5,1042,3,True,False,False,,-1,9.6481,0
2026-06-27 16:38:05,144,B+37.5,4735,4,True,False,False,,-1,9.6906,0
2026-06-27 16:38:09,36,W+7.5,889,2,True,False,False,,-1,9.6802,0
2026-06-27 16:38:22,116,W+39.5,3781,2,True,False,False,,-1,9.6612,0
2026-06-27 16:38:31,92,W+12.5,2472,5,True,False,False,,-1,9.696,0
2026-06-27 16:38:33,32,W+7.5,525,2,True,False,False,,-1,9.5674,0
2026-06-27 16:38:49,157,W+44.5,4918,3,True,False,False,,-1,9.6602,0
2026-06-27 16:38:57,73,B+0.5,1934,2,True,False,False,,-1,9.6102,0
2026-06-27 16:39:10,121,B+20.5,3827,4,True,False,False,,-1,9.6726,0
2026-06-27 16:39:23,151,B+48.5,4800,13,True,False,False,,-1,9.7575,0
2026-06-27 16:39:34,109,W+17.5,3166,5,True,False,False,,-1,9.7113,0
2026-06-27 16:39:40,56,W+3.5,1454,2,True,False,False,,-1,9.636,0
2026-06-27 16:39:51,103,B+10.5,3057,3,True,False,False,,-1,9.6088,0
2026-06-27 16:40:01,101,W+7.5,3053,4,True,False,False,,-1,9.6548,0
2026-06-27 16:40:18,151,B+38.5,5027,4,True,False,False,,-1,9.6552,0
2026-06-27 16:40:30,120,W+23.5,3672,3,True,False,False,,-1,9.6996,0
2026-06-27 16:40:43,121,B+3.5,3914,3,True,False,False,,-1,9.7027,0
2026-06-27 16:40:50,58,W+9.5,1524,2,True,False,False,,-1,9.6689,0
2026-06-27 16:40:55,50,W+7.5,1219,3,True,False,False,,-1,9.6501,0
2026-06-27 16:40:58,46,W+8.5,712,2,True,False,False,,-1,9.5273,0
2026-06-27 16:41:05,56,W+9.5,1404,2,True,False,False,,-1,9.4972,0
2026-06-27 16:41:07,24,W+7.5,679,2,True,False,False,,-1,9.3961,0
2026-06-27 16:41:12,46,W+12.5,1109,2,True,False,False,,-1,9.3164,0
2026-06-27 16:41:17,42,W+7.5,1049,2,True,False,False,,-1,9.2259,0
2026-06-27 16:41:24,68,W+10.5,1753,2,True,False,False,,-1,9.2198,0
2026-06-27 16:41:40,150,W+71.5,4832,6,True,False,False,,-1,9.2827,0
2026-06-27 16:41:45,52,W+5.5,1353,3,True,False,False,,-1,9.2317,0
2026-06-27 16:41:59,123,B+43.5,3819,3,True,False,False,,-1,9.3078,0
2026-06-27 16:42:12,144,B+46.5,4921,13,True,False,False,,-1,9.3275,0
2026-06-27 16:42:16,34,W+6.5,937,2,True,False,False,,-1,9.2907,0
2026-06-27 16:42:27,98,W+13.5,2952,4,True,False,False,,-1,9.239,0
2026-06-27 16:42:39,112,W+22.5,3450,2,True,False,False,,-1,9.2551,0
2026-06-27 16:42:50,114,W+15.5,3559,2,True,False,False,,-1,9.2863,0
2026-06-27 16:43:02,108,W+11.5,3489,3,True,False,False,,-1,9.2942,0
2026-06-27 16:43:08,54,W+1.5,1336,3,True,False,False,,-1,9.2576,0
2026-06-27 16:43:21,122,W+52.5,3851,3,True,False,False,,-1,9.2878,0
2026-06-27 16:43:31,94,W+17.5,2713,2,True,False,False,,-1,9.3558,0
2026-06-27 16:43:43,129,B+13.5,4029,6,True,False,False,,-1,9.3632,0
2026-06-27 16:43:54,111,B+10.5,3252,9,True,False,False,,-1,9.3932,0
2026-06-27 16:44:10,153,W+43.5,4755,3,True,False,False,,-1,9.4281,0
2026-06-27 16:44:26,162,B+46.5,5046,2,True,False,False,,-1,9.5183,0
2026-06-27 16:44:38,115,B+2.5,3828,4,True,False,False,,-1,9.5912,0
2026-06-27 16:44:48,102,B+1.5,2954,5,True,False,False,,-1,9.5957,0
2026-06-27 16:44:59,116,W+18.5,3825,5,True,False,False,,-1,9.5368,0
2026-06-27 16:45:09,92,B+35.5,2699,2,True,False,False,,-1,9.5729,0
2026-06-27 16:45:27,162,B+40.5,5243,6,True,False,False,,-1,9.6473,0
2026-06-27 16:45:41,132,B+32.5,4116,4,True,False,False,,-1,9.6779,0
2026-06-27 16:45:51,100,W+8.5,2786,4,True,False,False,,-1,9.647,0
2026-06-27 16:46:00,78,W+6.5,2146,4,True,False,False,,-1,9.6286,0
2026-06-27 16:46:11,106,W+9.5,3075,3,True,False,False,,-1,9.7068,0
2026-06-27 16:46:20,90,W+16.5,2485,2,True,False,False,,-1,9.7485,0
2026-06-27 16:46:24,34,W+6.5,877,2,True,False,False,,-1,9.6899,0
2026-06-27 16:46:36,108,W+24.5,3379,4,True,False,False,,-1,9.7681,0
2026-06-27 16:46:47,111,B+8.5,3560,5,True,False,False,,-1,9.7888,0
2026-06-27 16:46:57,90,W+2.5,2706,2,True,False,False,,-1,9.7839,0
2026-06-27 16:47:06,77,B+6.5,2184,3,True,False,False,,-1,9.6982,0
2026-06-27 16:47:17,102,B+0.5,3070,3,True,False,False,,-1,9.7091,0
2026-06-27 16:47:30,135,W+58.5,3985,6,True,False,False,,-1,9.7665,0
2026-06-27 16:47:36,60,W+11.5,1307,3,True,False,False,,-1,9.7098,0
2026-06-27 16:47:41,48,W+8.5,1191,2,True,False,False,,-1,9.6904,0
2026-06-27 16:47:50,78,W+17.5,2229,2,True,False,False,,-1,9.6114,0
2026-06-27 16:48:01,94,W+34.5,2957,2,True,False,False,,-1,9.6301,0
2026-06-27 16:48:04,32,W+7.5,791,2,True,False,False,,-1,9.6205,0
2026-06-27 16:48:10,54,W+5.5,1356,2,True,False,False,,-1,9.5599,0
2026-06-27 16:48:24,138,W+45.5,4257,5,True,False,False,,-1,9.5914,0
2026-06-27 16:48:28,38,W+6.5,881,2,True,False,False,,-1,9.5282,0
2026-06-27 16:48:31,40,W+7.5,794,2,True,False,False,,-1,9.527,0
2026-06-27 16:48:43,109,B+19.5,3584,4,True,False,False,,-1,9.5359,0
2026-06-27 16:48:46,22,W+7.5,655,2,True,False,False,,-1,9.4179,0
2026-06-27 16:49:01,141,B+49.5,4542,4,True,False,False,,-1,9.4433,0
2026-06-27 16:49:13,121,B+33.5,3303,3,True,False,False,,-1,9.4909,0
2026-06-27 16:49:17,34,W+9.5,867,2,True,False,False,,-1,9.3815,0
2026-06-27 16:49:30,119,B+31.5,3728,7,True,False,False,,-1,9.4478,0
2026-06-27 16:49:41,106,W+28.5,3137,2,True,False,False,,-1,9.5213,0
2026-06-27 16:49:53,116,W+30.5,3711,4,True,False,False,,-1,9.4981,0
2026-06-27 16:49:58,52,W+6.5,1021,2,True,False,False,,-1,9.4825,0
2026-06-27 16:50:04,64,W+8.5,1465,4,True,False,False,,-1,9.4618,0
2026-06-27 16:50:19,130,W+56.5,4294,3,True,False,False,,-1,9.5117,0
2026-06-27 16:50:36,160,W+52.5,5097,6,True,False,False,,-1,9.5436,0
2026-06-27 16:50:45,96,W+37.5,2456,3,True,False,False,,-1,9.5604,0
2026-06-27 16:50:58,115,B+1.5,3720,2,True,False,False,,-1,9.6381,0
2026-06-27 16:51:10,121,B+40.5,3317,2,True,False,False,,-1,9.602,0
2026-06-27 16:51:23,125,W+49.5,3771,5,True,False,False,,-1,9.6673,0
2026-06-27 16:51:32,97,B+8.5,2805,4,True,False,False,,-1,9.6546,0
2026-06-27 16:51:48,157,B+67.5,5289,7,True,False,False,,-1,9.7543,0
2026-06-27 16:51:56,74,W+1.5,2056,2,True,False,False,,-1,9.7617,0
2026-06-27 16:52:03,74,W+21.5,1971,2,True,False,False,,-1,9.7616,0
2026-06-27 16:52:10,60,W+7.5,1524,3,True,False,False,,-1,9.7025,0
2026-06-27 16:52:27,162,B+49.5,5107,1,True,False,False,,-1,9.7907,0
2026-06-27 16:52:37,97,W+0.5,2997,6,True,False,False,,-1,9.7982,0
2026-06-27 16:52:52,155,B+67.5,4774,8,True,False,False,,-1,9.8398,0
2026-06-27 16:53:00,81,B+1.5,2165,3,True,False,False,,-1,9.8466,0
2026-06-27 16:53:10,94,W+4.5,2498,4,True,False,False,,-1,9.8327,0
2026-06-27 16:53:17,64,W+7.5,1775,3,True,False,False,,-1,9.8805,0
2026-06-27 16:53:31,143,B+44.5,4187,6,True,False,False,,-1,9.9744,0
2026-06-27 16:53:44,127,B+3.5,4129,4,True,False,False,,-1,9.9582,0
2026-06-27 16:54:00,156,W+70.5,5123,3,True,False,False,,-1,10.0836,0
2026-06-27 16:54:09,86,W+18.5,2443,2,True,False,False,,-1,10.0816,0
2026-06-27 16:54:23,151,B+58.5,4899,15,True,False,False,,-1,10.0554,0
2026-06-27 16:54:29,56,W+5.5,1268,4,True,False,False,,-1,10.0353,0
2026-06-27 16:54:34,58,W+5.5,1329,2,True,False,False,,-1,10.0458,0
2026-06-27 16:54:44,102,B+6.5,3364,5,True,False,False,,-1,9.9905,0
2026-06-27 16:54:58,136,W+64.5,3938,3,True,False,False,,-1,10.0881,0
2026-06-27 16:55:03,56,W+8.5,1339,3,True,False,False,,-1,10.0158,0
2026-06-27 16:55:12,86,W+9.5,2400,3,True,False,False,,-1,10.0132,0
2026-06-27 16:55:27,155,B+60.5,5077,11,True,False,False,,-1,10.1316,0
2026-06-27 16:55:40,134,B+45.5,4187,5,True,False,False,,-1,10.1072,0
2026-06-27 16:55:51,110,W+13.5,3394,4,True,False,False,,-1,10.1397,0
2026-06-27 16:55:54,34,W+7.5,653,2,True,False,False,,-1,10.0404,0
2026-06-27 16:56:00,64,W+8.5,1342,3,True,False,False,,-1,9.961,0
2026-06-27 16:56:10,100,W+12.5,2957,4,True,False,False,,-1,9.9565,0
2026-06-27 16:56:19,87,B+2.5,2554,4,True,False,False,,-1,9.9923,0
2026-06-27 16:56:30,101,B+18.5,2965,2,True,False,False,,-1,9.9904,0
2026-06-27 16:56:41,114,B+10.5,3698,7,True,False,False,,-1,9.9975,0
2026-06-27 16:56:47,60,W+7.5,1576,2,True,False,False,,-1,9.8905,0
2026-06-27 16:56:51,34,W+7.5,941,2,True,False,False,,-1,9.8055,0
2026-06-27 16:57:05,129,W+43.5,4124,3,True,False,False,,-1,9.8143,0
2026-06-27 16:57:15,101,B+17.5,3376,3,True,False,False,,-1,9.851,0
2026-06-27 16:57:25,114,W+4.5,3316,3,True,False,False,,-1,9.9026,0
2026-06-27 16:57:40,152,B+57.5,4827,3,True,False,False,,-1,10.0144,0
2026-06-27 16:57:50,103,B+2.5,3254,4,True,False,False,,-1,10.0546,0
2026-06-27 16:58:00,96,W+7.5,2908,2,True,False,False,,-1,10.123,0
2026-06-27 16:58:10,96,W+43.5,2861,4,True,False,False,,-1,10.1749,0
2026-06-27 16:58:19,96,W+17.5,2633,2,True,False,False,,-1,10.22,0
2026-06-27 16:58:28,91,W+9.5,2575,3,True,False,False,,-1,10.2424,0
2026-06-27 16:58:32,38,W+7.5,932,2,True,False,False,,-1,10.1191,0
2026-06-27 16:58:44,114,W+38.5,3458,2,True,False,False,,-1,10.1784,0
2026-06-27 16:58:46,24,W+7.5,421,2,True,False,False,,-1,10.0621,0
2026-06-27 16:58:50,50,W+5.5,1071,3,True,False,False,,-1,9.9814,0
2026-06-27 16:59:00,96,W+12.5,2953,6,True,False,False,,-1,10.0394,0
2026-06-27 16:59:11,116,B+14.5,3679,4,True,False,False,,-1,10.0409,0
2026-06-27 16:59:18,66,W+12.5,1640,3,True,False,False,,-1,9.9862,0
2026-06-27 16:59:27,98,B+12.5,2977,3,True,False,False,,-1,9.9643,0
2026-06-27 16:59:30,36,W+7.5,666,2,True,False,False,,-1,9.8806,0
2026-06-27 16:59:43,136,B+48.5,4383,7,True,False,False,,-1,9.9535,0
2026-06-27 16:59:53,99,W+19.5,2890,3,True,False,False,,-1,9.9166,0
2026-06-27 16:59:58,52,W+16.5,1314,2,True,False,False,,-1,9.8691,0
2026-06-27 17:00:06,84,W+3.5,2295,4,True,False,False,,-1,9.8299,0
2026-06-27 17:00:14,74,W+8.5,2081,2,True,False,False,,-1,9.8004,0
2026-06-27 17:00:27,123,B+39.5,3986,7,True,False,False,,-1,9.7676,0
2026-06-27 17:00:36,98,W+12.5,2936,2,True,False,False,,-1,9.7039,0
2026-06-27 17:00:49,121,B+34.5,3867,5,True,False,False,,-1,9.7084,0
2026-06-27 17:00:53,44,W+9.5,1018,3,True,False,False,,-1,9.6521,0
2026-06-27 17:00:58,46,W+13.5,1048,3,True,False,False,,-1,9.5826,0
2026-06-27 17:01:03,56,W+11.5,1440,3,True,False,False,,-1,9.5389,0
2026-06-27 17:01:12,94,W+2.5,2827,2,True,False,False,,-1,9.4521,0
2026-06-27 17:01:25,120,B+18.5,3713,3,True,False,False,,-1,9.4382,0
2026-06-27 17:01:31,50,W+5.5,1395,2,True,False,False,,-1,9.3927,0
2026-06-27 17:01:41,99,B+0.5,2744,2,True,False,False,,-1,9.4087,0
2026-06-27 17:01:49,73,B+0.5,2138,3,True,False,False,,-1,9.3751,0
2026-06-27 17:02:00,103,B+5.5,3315,4,True,False,False,,-1,9.3996,0
2026-06-27 17:02:11,106,W+37.5,3404,3,True,False,False,,-1,9.4677,0
2026-06-27 17:02:24,123,W+21.5,3976,4,True,False,False,,-1,9.4775,0
2026-06-27 17:02:29,55,W+8.5,1398,3,True,False,False,,-1,9.4182,0
2026-06-27 17:02:34,44,W+7.5,1195,2,True,False,False,,-1,9.368,0
2026-06-27 17:02:45,108,W+23.5,3425,3,True,False,False,,-1,9.3882,0
2026-06-27 17:02:49,38,W+6.5,972,2,True,False,False,,-1,9.3182,0
2026-06-27 17:02:53,36,W+4.5,1069,2,True,False,False,,-1,9.2252,0
2026-06-27 17:03:03,101,B+1.5,2922,2,True,False,False,,-1,9.2693,0
2026-06-27 17:03:10,66,W+2.5,1818,2,True,False,False,,-1,9.2881,0
2026-06-27 17:03:20,98,W+8.5,3133,2,True,False,False,,-1,9.3022,0
2026-06-27 17:03:31,109,B+6.5,3468,5,True,False,False,,-1,9.3037,0
2026-06-27 17:03:43,125,W+43.5,3712,4,True,False,False,,-1,9.386,0
2026-06-27 17:03:54,110,W+53.5,3057,2,True,False,False,,-1,9.4394,0
2026-06-27 17:04:03,86,W+12.5,2498,2,True,False,False,,-1,9.3896,0
2026-06-27 17:04:17,139,B+56.5,4559,4,True,False,False,,-1,9.4921,0
2026-06-27 17:04:23,57,W+2.5,1423,4,True,False,False,,-1,9.5143,0
2026-06-27 17:04:36,126,W+51.5,3915,3,True,False,False,,-1,9.5246,0
2026-06-27 17:04:45,82,W+11.5,2445,2,True,False,False,,-1,9.5917,0
2026-06-27 17:04:55,97,B+12.5,3007,2,True,False,False,,-1,9.5385,0
2026-06-27 17:05:06,100,B+7.5,3190,3,True,False,False,,-1,9.5238,0
2026-06-27 17:05:12,64,W+8.5,1573,2,True,False,False,,-1,9.5504,0
2026-06-27 17:05:16,48,W+9.5,956,2,True,False,False,,-1,9.4626,0
2026-06-27 17:05:29,120,W+51.5,4080,4,True,False,False,,-1,9.479,0
2026-06-27 17:05:39,101,W+31.5,2642,3,True,False,False,,-1,9.4534,0
2026-06-27 17:05:53,132,W+54.5,4210,5,True,False,False,,-1,9.5494,0
2026-06-27 17:06:01,83,B+4.5,2137,2,True,False,False,,-1,9.5622,0
2026-06-27 17:06:15,152,B+56.5,5023,8,True,False,False,,-1,9.5556,0
2026-06-27 17:06:28,129,B+4.5,4095,8,True,False,False,,-1,9.5208,0
2026-06-27 17:06:42,145,B+49.5,4292,3,True,False,False,,-1,9.5668,0
2026-06-27 17:06:52,108,W+13.5,3039,4,True,False,False,,-1,9.5391,0
2026-06-27 17:07:07,140,W+47.5,4277,4,True,False,False,,-1,9.5692,0
2026-06-27 17:07:22,140,W+66.5,4526,6,True,False,False,,-1,9.5902,0
2026-06-27 17:07:38,162,W+64.5,4922,3,True,False,False,,-1,9.6534,0
2026-06-27 17:07:46,76,W+12.5,2074,3,True,False,False,,-1,9.574,0
2026-06-27 17:07:52,68,W+3.5,1520,2,True,False,False,,-1,9.5576,0
2026-06-27 17:07:56,32,W+7.5,924,2,True,False,False,,-1,9.5191,0
2026-06-27 17:08:03,70,W+14.5,1843,2,True,False,False,,-1,9.5303,0
2026-06-27 17:08:11,83,W+1.5,1920,3,True,False,False,,-1,9.4337,0
2026-06-27 17:08:20,85,B+11.5,2505,2,True,False,False,,-1,9.4248,0
2026-06-27 17:08:23,32,W+7.5,832,2,True,False,False,,-1,9.31,0
2026-06-27 17:08:39,162,W+31.5,4959,2,True,False,False,,-1,9.3861,0
2026-06-27 17:08:45,60,W+3.5,1606,2,True,False,False,,-1,9.3544,0
2026-06-27 17:08:49,37,W+2.5,991,2,True,False,False,,-1,9.3189,0
2026-06-27 17:09:01,112,W+54.5,3481,2,True,False,False,,-1,9.2929,0
2026-06-27 17:09:12,106,B+4.5,3316,5,True,False,False,,-1,9.2747,0
2026-06-27 17:09:16,40,W+7.5,1036,2,True,False,False,,-1,9.1506,0
2026-06-27 17:09:24,79,W+3.5,2175,4,True,False,False,,-1,9.1457,0
2026-06-27 17:09:32,90,W+1.5,2434,2,True,False,False,,-1,9.0905,0
2026-06-27 17:09:41,78,W+13.5,2252,2,True,False,False,,-1,9.1248,0
2026-06-27 17:09:54,125,B+60.5,3705,2,True,False,False,,-1,9.1947,0
2026-06-27 17:10:05,112,W+2.5,3615,3,True,False,False,,-1,9.2076,0
2026-06-27 17:10:10,56,W+9.5,1090,2,True,False,False,,-1,9.1206,0
2026-06-27 17:10:19,86,W+17.5,2354,2,True,False,False,,-1,9.1512,0
2026-06-27 17:10:24,48,W+8.5,1137,2,True,False,False,,-1,9.1119,0
2026-06-27 17:10:35,104,W+41.5,3038,3,True,False,False,,-1,9.0786,0
2026-06-27 17:10:41,62,W+3.5,1511,4,True,False,False,,-1,9.0083,0
2026-06-27 17:10:46,48,W+8.5,1173,3,True,False,False,,-1,8.9451,0
2026-06-27 17:10:55,88,W+15.5,2679,2,True,False,False,,-1,9.0085,0
2026-06-27 17:10:58,26,W+7.5,800,2,True,False,False,,-1,8.9807,0
2026-06-27 17:11:07,80,W+3.5,2251,3,True,False,False,,-1,8.9662,0
2026-06-27 17:11:16,99,W+13.5,2743,4,True,False,False,,-1,8.9627,0
2026-06-27 17:11:21,56,W+8.5,1110,2,True,False,False,,-1,8.9046,0
2026-06-27 17:11:29,84,W+9.5,2345,4,True,False,False,,-1,8.8767,0
2026-06-27 17:11:34,46,W+7.5,1267,2,True,False,False,,-1,8.8669,0
2026-06-27 17:11:39,52,W+9.5,1201,2,True,False,False,,-1,8.8787,0
2026-06-27 17:11:56,162,W+71.5,5139,4,True,False,False,,-1,8.9051,0
2026-06-27 17:12:02,67,W+8.5,1649,2,True,False,False,,-1,8.8724,0
2026-06-27 17:15:25,91,B+1.5,36309,10,True,False,False,,-1,9.4805,1000
2026-06-27 17:17:10,162,B+7.5,64628,23,True,False,False,,-1,10.4261,1000
2026-06-27 17:18:38,101,W+0.5,40293,10,True,False,False,,-1,11.2123,1000
2026-06-27 17:19:48,104,B+1.5,41462,15,True,False,False,,-1,11.8058,1000
2026-06-27 17:21:07,96,B+2.5,38304,15,True,False,False,,-1,12.5056,1000
2026-06-27 17:22:55,159,W+1.5,63418,28,True,False,False,,-1,13.4982,1000
2026-06-27 17:24:12,103,W+4.5,41092,15,True,False,False,,-1,14.2237,1000
2026-06-27 17:25:28,112,B+1.5,44651,18,True,False,False,,-1,14.8774,1000
2026-06-27 17:26:51,132,W+3.5,52490,16,True,False,False,,-1,15.6784,1000
2026-06-27 17:28:15,108,B+4.5,43082,12,True,False,False,,-1,16.4729,1000
2026-06-27 17:29:32,114,B+2.5,45486,13,True,False,False,,-1,17.145,1000
2026-06-27 17:31:09,140,B+0.5,55805,15,True,False,False,,-1,18.0059,1000
2026-06-27 17:32:53,158,B+0.5,63037,27,True,False,False,,-1,18.9838,1000
2026-06-27 17:34:04,94,B+1.5,37503,7,True,False,False,,-1,19.5935,1000
2026-06-27 17:35:13,91,W+3.5,36295,8,True,False,False,,-1,20.2512,1000
2026-06-27 17:36:38,117,W+0.5,46681,16,True,False,False,,-1,20.9807,1000
2026-06-27 17:38:11,147,B+2.5,58602,22,True,False,False,,-1,21.8083,1000
2026-06-27 17:39:37,123,W+2.5,49069,18,True,False,False,,-1,22.6232,1000
2026-06-27 17:41:00,122,B+0.5,48677,17,True,False,False,,-1,23.3603,1000
2026-06-27 17:42:39,160,B+15.5,63824,31,True,False,False,,-1,24.275,1000
2026-06-27 17:44:01,114,B+2.5,45486,19,True,False,False,,-1,24.9729,1000
2026-06-27 17:45:20,107,W+2.5,42693,18,True,False,False,,-1,25.662,1000
2026-06-27 17:46:31,96,B+0.5,38304,10,True,False,False,,-1,26.2475,1000
2026-06-27 17:47:49,120,B+1.5,47876,14,True,False,False,,-1,26.9863,1000
2026-06-27 17:48:53,92,B+1.5,36706,11,True,False,False,,-1,27.5865,1000
2026-06-27 17:50:35,159,W+2.5,63407,28,True,False,False,,-1,28.5457,1000
2026-06-27 17:51:59,121,W+2.5,48275,17,True,False,False,,-1,29.2951,1000
2026-06-27 17:53:18,111,B+0.5,44265,15,True,False,False,,-1,29.9515,1000
2026-06-27 17:54:44,136,B+1.5,54237,29,True,False,False,,-1,30.7609,1000
2026-06-27 17:56:06,117,W+1.5,46680,12,True,False,False,,-1,31.4785,1000
2026-06-27 17:57:35,143,B+9.5,56966,12,True,False,False,,-1,32.2877,1000
2026-06-27 17:59:20,162,W+22.5,64454,40,True,False,False,,-1,33.2271,1000
2026-06-27 18:00:50,144,B+3.5,57259,22,True,False,False,,-1,34.021,1000
2026-06-27 18:02:18,125,W+1.5,49856,17,True,False,False,,-1,34.7672,1000
2026-06-27 18:03:48,130,B+4.5,51865,19,True,False,False,,-1,35.617,1000
2026-06-27 18:05:20,127,W+0.5,50642,13,True,False,False,,-1,36.4865,1000
2026-06-27 18:07:06,160,B+18.5,63813,35,True,False,False,,-1,37.4395,1000
2026-06-27 18:08:29,120,B+1.5,47843,12,True,False,False,,-1,38.2331,1000
2026-06-27 18:09:40,93,W+2.5,37103,11,True,False,False,,-1,38.9015,1000
2026-06-27 18:10:55,98,B+0.5,39098,14,True,False,False,,-1,39.5468,1000
2026-06-27 18:12:10,111,B+4.5,44277,10,True,False,False,,-1,40.231,1000
2026-06-27 18:13:30,111,B+2.5,44289,22,True,False,False,,-1,40.9279,1000
2026-06-27 18:15:00,132,B+0.5,52663,17,True,False,False,,-1,41.7162,1000
2026-06-27 18:16:14,103,W+0.5,41072,10,True,False,False,,-1,42.3334,1000
2026-06-27 18:17:38,128,W+1.5,51066,17,True,False,False,,-1,43.066,1000
2026-06-27 18:18:46,93,W+0.5,37106,14,True,False,False,,-1,43.6528,1000
2026-06-27 18:20:00,106,B+2.5,42289,14,True,False,False,,-1,44.2502,1000
2026-06-27 18:21:21,112,B+0.5,44684,19,True,False,False,,-1,45.003,1000
2026-06-27 18:22:48,131,W+2.5,52261,20,True,False,False,,-1,45.7479,1000
2026-06-27 18:24:09,118,B+1.5,47053,13,True,False,False,,-1,46.4701,1000
2026-06-27 18:25:34,121,W+4.5,48259,20,True,False,False,,-1,47.217,1000
2026-06-27 18:26:41,94,B+1.5,37506,12,True,False,False,,-1,47.7833,1000
2026-06-27 18:28:29,162,W+0.5,64631,27,True,False,False,,-1,48.7933,1000
2026-06-27 18:29:43,104,B+0.5,41491,12,True,False,False,,-1,49.4962,1000
2026-06-27 18:30:57,104,B+2.5,41496,15,True,False,False,,-1,50.107,1000
2026-06-27 18:32:10,106,B+0.5,42290,10,True,False,False,,-1,50.7372,1000
2026-06-27 18:33:30,112,B+1.5,44679,15,True,False,False,,-1,51.4018,1000
2026-06-27 18:34:53,114,B+6.5,45482,15,True,False,False,,-1,52.1489,1000
2026-06-27 18:36:08,100,B+1.5,39899,14,True,False,False,,-1,52.7548,1000
2026-06-27 18:38:04,162,B+6.5,64638,9,True,False,False,,-1,53.787,1000
2026-06-27 18:39:23,109,W+1.5,43488,12,True,False,False,,-1,54.44,1000
2026-06-27 18:40:36,97,W+0.5,38695,13,True,False,False,,-1,55.0672,1000
2026-06-27 18:41:56,125,W+2.5,49863,22,True,False,False,,-1,55.7209,1000
2026-06-27 18:43:26,131,W+1.5,52241,25,True,False,False,,-1,56.4683,1000
2026-06-27 18:44:45,110,B+6.5,43888,13,True,False,False,,-1,57.098,1000
2026-06-27 18:46:05,113,W+1.5,45064,18,True,False,False,,-1,57.8228,1000
2026-06-27 18:47:42,137,W+2.5,54654,20,True,False,False,,-1,58.729,1000
2026-06-27 18:49:14,140,B+1.5,55845,21,True,False,False,,-1,59.6153,1000
2026-06-27 18:50:52,136,B+4.5,54259,18,True,False,False,,-1,60.5132,1000
2026-06-27 18:52:23,153,W+2.5,60992,16,True,False,False,,-1,61.3547,1000
2026-06-27 18:53:49,160,W+6.5,63834,21,True,False,False,,-1,62.1213,1000
2026-06-27 18:54:58,109,W+0.5,43461,15,True,False,False,,-1,62.7753,1000
2026-06-27 18:56:40,161,W+2.5,64188,29,True,False,False,,-1,63.6341,1000
2026-06-27 18:58:01,140,B+6.5,55860,20,True,False,False,,-1,64.3831,1000
2026-06-27 18:59:16,111,W+0.5,44285,12,True,False,False,,-1,65.0945,1000
2026-06-27 19:00:31,115,W+2.5,45870,12,True,False,False,,-1,65.731,1000
2026-06-27 19:01:42,109,W+0.5,43487,11,True,False,False,,-1,66.3359,1000
2026-06-27 19:02:56,109,W+0.5,43482,11,True,False,False,,-1,67.0337,1000
2026-06-27 19:04:09,114,B+0.5,45453,21,True,False,False,,-1,67.6791,1000
2026-06-27 19:05:20,110,B+2.5,43888,15,True,False,False,,-1,68.2973,1000
2026-06-27 19:06:41,122,B+1.5,48676,21,True,False,False,,-1,69.0275,1000
2026-06-27 19:07:58,118,B+2.5,47066,20,True,False,False,,-1,69.6683,1000
2026-06-27 19:09:12,108,B+1.5,43060,13,True,False,False,,-1,70.2891,1000
2026-06-27 19:10:50,162,B+22.5,64614,28,True,False,False,,-1,71.2249,1000
2026-06-27 19:12:08,119,W+1.5,47473,15,True,False,False,,-1,71.9149,1000
2026-06-27 19:13:41,138,B+1.5,55053,24,True,False,False,,-1,72.7994,1000
2026-06-27 19:15:01,122,B+2.5,48678,22,True,False,False,,-1,73.4881,1000
2026-06-27 19:16:09,110,B+0.5,43882,10,True,False,False,,-1,74.1087,1000
2026-06-27 19:17:39,144,B+1.5,57452,23,True,False,False,,-1,74.9624,1000
2026-06-27 19:18:47,107,W+0.5,42691,13,True,False,False,,-1,75.5459,1000
2026-06-27 19:20:27,160,B+18.5,63828,30,True,False,False,,-1,76.5131,1000
2026-06-27 19:21:47,136,B+2.5,54215,19,True,False,False,,-1,77.2356,1000
2026-06-27 19:22:52,102,B+1.5,40697,15,True,False,False,,-1,77.7911,1000
2026-06-27 19:24:17,137,W+0.5,54654,19,True,False,False,,-1,78.5918,1000
2026-06-27 19:25:34,126,B+2.5,50237,20,True,False,False,,-1,79.2759,1000
2026-06-27 19:26:38,103,B+6.5,41062,11,True,False,False,,-1,79.8675,1000
2026-06-27 19:28:13,158,B+6.5,62977,34,True,False,False,,-1,80.7659,1000
2026-06-27 19:29:55,162,W+9.5,64634,31,True,False,False,,-1,81.6207,1000
2026-06-27 19:31:03,105,B+1.5,41872,12,True,False,False,,-1,82.2352,1000
2026-06-27 19:32:07,103,W+2.5,41047,7,True,False,False,,-1,82.7835,1000
2026-06-27 19:33:23,114,W+0.5,45482,15,True,False,False,,-1,82.7705,1000
2026-06-27 19:34:30,113,B+3.5,45086,18,True,False,False,,-1,82.3896,1000
2026-06-27 19:36:03,160,B+30.5,63838,19,True,False,False,,-1,82.4457,1000
2026-06-27 19:37:22,138,B+3.5,55050,20,True,False,False,,-1,82.5375,1000
2026-06-27 19:38:33,119,W+0.5,47419,14,True,False,False,,-1,82.4573,1000
2026-06-27 19:39:40,104,B+9.5,41492,10,True,False,False,,-1,82.0461,1000
2026-06-27 19:41:04,132,B+3.5,52665,16,True,False,False,,-1,82.1185,1000
2026-06-27 19:42:26,133,W+0.5,53061,22,True,False,False,,-1,82.1698,1000
2026-06-27 19:43:32,106,B+3.5,42294,13,True,False,False,,-1,82.0101,1000
2026-06-27 19:44:41,119,W+4.5,47456,10,True,False,False,,-1,81.8558,1000
2026-06-27 19:45:41,96,B+0.5,38280,7,True,False,False,,-1,81.6844,1000
2026-06-27 19:46:44,100,B+2.5,39898,5,True,False,False,,-1,81.3509,1000
2026-06-27 19:48:04,123,W+2.5,49077,25,True,False,False,,-1,81.1044,1000
2026-06-27 19:49:06,100,B+2.5,39900,13,True,False,False,,-1,81.0144,1000
2026-06-27 19:50:21,123,W+0.5,49073,17,True,False,False,,-1,81.0806,1000
2026-06-27 19:51:41,127,W+0.5,50656,22,True,False,False,,-1,81.0226,1000
2026-06-27 19:52:57,120,B+2.5,47877,16,True,False,False,,-1,80.8531,1000
2026-06-27 19:54:00,98,B+3.5,39100,11,True,False,False,,-1,80.6189,1000
2026-06-27 19:55:25,162,B+27.5,64608,33,True,False,False,,-1,80.6482,1000
2026-06-27 19:56:28,107,B+2.5,42693,21,True,False,False,,-1,80.2841,1000
2026-06-27 19:57:44,121,W+0.5,48261,15,True,False,False,,-1,80.2215,1000
2026-06-27 19:58:57,117,W+0.5,46681,17,True,False,False,,-1,80.1702,1000
2026-06-27 20:00:25,135,W+1.5,53862,27,True,False,False,,-1,80.3372,1000
2026-06-27 20:01:33,116,B+2.5,46258,11,True,False,False,,-1,80.2349,1000
2026-06-27 20:02:42,108,B+8.5,43092,17,True,False,False,,-1,80.2804,1000
2026-06-27 20:03:57,124,B+5.5,49463,11,True,False,False,,-1,80.0148,1000
2026-06-27 20:05:14,117,W+2.5,46677,13,True,False,False,,-1,79.941,1000
2026-06-27 20:06:25,115,W+0.5,45883,12,True,False,False,,-1,79.8706,1000
2026-06-27 20:07:33,111,W+1.5,44287,9,True,False,False,,-1,79.6823,1000
2026-06-27 20:08:44,116,B+1.5,46267,15,True,False,False,,-1,79.5752,1000
2026-06-27 20:10:09,160,B+13.5,63756,30,True,False,False,,-1,79.5428,1000
2026-06-27 20:11:12,100,B+0.5,39882,10,True,False,False,,-1,79.1179,1000
2026-06-27 20:12:43,160,B+3.5,63801,34,True,False,False,,-1,79.1247,1000
2026-06-27 20:13:54,117,W+1.5,46679,14,True,False,False,,-1,78.9605,1000
2026-06-27 20:15:06,127,W+0.5,50670,11,True,False,False,,-1,78.7774,1000
2026-06-27 20:16:47,162,W+21.5,64632,26,True,False,False,,-1,78.8681,1000
2026-06-27 20:18:19,145,W+0.5,57847,18,True,False,False,,-1,78.7238,1000
2026-06-27 20:19:31,134,W+2.5,53313,23,True,False,False,,-1,78.6123,1000
2026-06-27 20:20:41,116,B+1.5,46283,17,True,False,False,,-1,78.5995,1000
2026-06-27 20:21:43,107,W+2.5,42628,15,True,False,False,,-1,78.48,1000
2026-06-27 20:23:02,129,W+4.5,51467,19,True,False,False,,-1,78.509,1000
2026-06-27 20:24:10,118,B+3.5,47065,14,True,False,False,,-1,78.3905,1000
2026-06-27 20:25:20,119,W+1.5,47481,10,True,False,False,,-1,78.1909,1000
2026-06-27 20:26:26,100,B+3.5,39893,10,True,False,False,,-1,78.1192,1000
2026-06-27 20:27:29,103,W+0.5,41097,19,True,False,False,,-1,77.9024,1000
2026-06-27 20:28:59,156,B+0.5,62243,25,True,False,False,,-1,78.1219,1000
2026-06-27 20:30:17,123,W+0.5,49040,17,True,False,False,,-1,78.1707,1000
2026-06-27 20:31:47,161,W+4.5,64231,26,True,False,False,,-1,78.2548,1000
2026-06-27 20:32:51,98,B+0.5,39101,11,True,False,False,,-1,78.0222,1000
2026-06-27 20:34:00,111,W+2.5,44275,15,True,False,False,,-1,77.9001,1000
2026-06-27 20:35:30,146,B+1.5,58248,29,True,False,False,,-1,77.95,1000
2026-06-27 20:37:02,162,W+8.5,64636,34,True,False,False,,-1,78.2015,1000
2026-06-27 20:38:10,107,B+5.5,42692,6,True,False,False,,-1,77.8122,1000
2026-06-27 20:39:43,158,B+2.5,63026,25,True,False,False,,-1,77.9961,1000
2026-06-27 20:40:54,110,B+1.5,43876,11,True,False,False,,-1,77.9623,1000
2026-06-27 20:42:05,119,W+4.5,47465,19,True,False,False,,-1,77.9542,1000
2026-06-27 20:43:10,107,W+0.5,42693,14,True,False,False,,-1,77.7958,1000
2026-06-27 20:44:38,142,B+2.5,56641,19,True,False,False,,-1,77.8472,1000
2026-06-27 20:45:48,113,W+1.5,45079,17,True,False,False,,-1,77.7964,1000
2026-06-27 20:47:20,162,W+4.5,64613,11,True,False,False,,-1,77.5498,1000
2026-06-27 20:48:15,82,W+17.5,32716,7,True,False,False,,-1,77.3129,1000
2026-06-27 20:49:41,142,B+0.5,56626,28,True,False,False,,-1,77.4482,1000
2026-06-27 20:51:01,128,B+12.5,51070,18,True,False,False,,-1,77.4406,1000
2026-06-27 20:52:05,104,B+0.5,41480,14,True,False,False,,-1,77.1885,1000
2026-06-27 20:53:20,117,W+0.5,46678,19,True,False,False,,-1,77.1483,1000
2026-06-27 20:54:29,104,B+1.5,41496,13,True,False,False,,-1,77.0288,1000
2026-06-27 20:55:35,102,B+0.5,40679,11,True,False,False,,-1,76.7216,1000
2026-06-27 20:56:39,108,B+3.5,43065,12,True,False,False,,-1,76.4408,1000
2026-06-27 20:57:56,120,B+3.5,47880,14,True,False,False,,-1,76.2412,1000
2026-06-27 20:59:33,162,W+9.5,64634,35,True,False,False,,-1,76.2896,1000
2026-06-27 21:00:41,125,W+0.5,49871,14,True,False,False,,-1,76.1099,1000
2026-06-27 21:01:57,131,W+2.5,52258,12,True,False,False,,-1,76.1851,1000
2026-06-27 21:03:11,127,W+2.5,50666,19,True,False,False,,-1,75.906,1000
2026-06-27 21:04:10,98,B+1.5,39098,5,True,False,False,,-1,75.6894,1000
2026-06-27 21:05:24,119,W+1.5,47480,15,True,False,False,,-1,75.6738,1000
2026-06-27 21:06:28,98,B+3.5,39100,6,True,False,False,,-1,75.5661,1000
2026-06-27 21:07:42,114,B+1.5,45485,15,True,False,False,,-1,75.5883,1000
2026-06-27 21:08:54,113,W+0.5,45047,13,True,False,False,,-1,75.5687,1000
2026-06-27 21:10:02,116,B+9.5,46279,15,True,False,False,,-1,75.5228,1000
2026-06-27 21:11:10,106,B+3.5,42294,10,True,False,False,,-1,75.4963,1000
2026-06-27 21:12:32,128,B+0.5,51071,19,True,False,False,,-1,75.4961,1000
2026-06-27 21:13:44,119,B+2.5,47478,16,True,False,False,,-1,75.4541,1000
2026-06-27 21:14:49,106,B+3.5,42292,16,True,False,False,,-1,75.3653,1000
2026-06-27 21:15:56,108,B+0.5,43091,10,True,False,False,,-1,75.0495,1000
2026-06-27 21:17:07,122,B+0.5,48636,19,True,False,False,,-1,74.9926,1000
2026-06-27 21:18:15,108,B+0.5,43085,10,True,False,False,,-1,74.7313,1000
2026-06-27 21:19:14,94,B+3.5,37502,11,True,False,False,,-1,74.5276,1000
2026-06-27 21:20:19,118,B+0.5,47068,19,True,False,False,,-1,74.4942,1000
2026-06-27 21:21:21,103,W+1.5,41090,14,True,False,False,,-1,74.2108,1000
2026-06-27 21:22:31,119,B+3.5,47472,17,True,False,False,,-1,74.232,1000
2026-06-27 21:23:34,112,B+0.5,44682,17,True,False,False,,-1,73.8715,1000
2026-06-27 21:24:27,102,B+1.5,40663,9,True,False,False,,-1,73.5887,1000
2026-06-27 21:25:42,118,B+2.5,47079,10,True,False,False,,-1,73.6886,1000
2026-06-27 21:26:55,139,W+2.5,55436,12,True,False,False,,-1,73.5707,1000
2026-06-27 21:28:12,125,B+1.5,49853,16,True,False,False,,-1,73.5722,1000
2026-06-27 21:29:38,154,B+4.5,61438,30,True,False,False,,-1,73.7873,1000
2026-06-27 21:30:31,90,B+0.5,35910,12,True,False,False,,-1,73.3761,1000
2026-06-27 21:31:33,104,B+2.5,41494,11,True,False,False,,-1,72.9781,1000
2026-06-27 21:32:32,107,B+3.5,42686,13,True,False,False,,-1,72.8846,1000
2026-06-27 21:33:36,106,B+1.5,42265,9,True,False,False,,-1,72.8895,1000
2026-06-27 21:34:51,136,B+1.5,54234,21,True,False,False,,-1,72.8731,1000
2026-06-27 21:36:06,126,B+3.5,50269,14,True,False,False,,-1,72.9641,1000
2026-06-27 21:37:22,141,W+6.5,56239,24,True,False,False,,-1,72.7803,1000
2026-06-27 21:38:39,138,B+6.5,55046,23,True,False,False,,-1,72.7692,1000
2026-06-27 21:39:36,92,B+4.5,36705,8,True,False,False,,-1,72.6263,1000
2026-06-27 21:40:47,118,B+1.5,47069,16,True,False,False,,-1,72.6587,1000
2026-06-27 21:41:52,124,B+4.5,49446,24,True,False,False,,-1,72.4761,1000
2026-06-27 21:43:02,119,W+4.5,47480,14,True,False,False,,-1,72.3572,1000
2026-06-27 21:46:50,107,B+5.5,41072,14,True,False,False,,-1,72.4444,2000
2026-06-27 21:48:00,106,B+0.5,42035,7,True,False,False,,-1,72.548,2000
2026-06-27 21:49:16,124,B+15.5,47970,20,True,False,False,,-1,72.6678,2000
2026-06-27 21:50:19,101,W+0.5,38678,15,True,False,False,,-1,72.5013,2000
2026-06-27 21:51:10,85,B+2.5,33587,6,True,False,False,,-1,72.3994,2000
2026-06-27 21:52:30,162,W+8.5,58766,33,True,False,False,,-1,72.4476,2000
2026-06-27 21:53:42,116,B+6.5,45037,11,True,False,False,,-1,72.3621,2000
2026-06-27 21:54:39,94,B+1.5,36716,7,True,False,False,,-1,72.1739,2000
2026-06-27 21:55:57,122,B+3.5,48363,18,True,False,False,,-1,72.3292,2000
2026-06-27 21:57:16,139,W+6.5,53530,14,True,False,False,,-1,72.2631,2000
2026-06-27 21:58:29,117,W+5.5,45333,14,True,False,False,,-1,72.3673,2000
2026-06-27 22:00:02,162,B+18.5,61899,32,True,False,False,,-1,72.5327,2000
2026-06-27 22:01:09,118,B+5.5,45736,18,True,False,False,,-1,72.4681,2000
2026-06-27 22:02:16,109,B+2.5,42817,10,True,False,False,,-1,72.2633,2000
2026-06-27 22:03:28,125,B+1.5,49489,15,True,False,False,,-1,72.3017,2000
2026-06-27 22:05:00,161,W+14.5,61697,34,True,False,False,,-1,72.5387,2000
2026-06-27 22:05:59,100,W+0.5,39033,11,True,False,False,,-1,72.3683,2000
2026-06-27 22:07:08,104,B+3.5,40939,12,True,False,False,,-1,72.2962,2000
2026-06-27 22:08:08,95,W+5.5,36808,8,True,False,False,,-1,72.1869,2000
2026-06-27 22:09:24,123,W+0.5,47140,15,True,False,False,,-1,72.2693,2000
2026-06-27 22:10:38,118,B+2.5,46079,15,True,False,False,,-1,72.2932,2000
2026-06-27 22:11:56,118,B+1.5,46473,10,True,False,False,,-1,72.2164,2000
2026-06-27 22:12:57,103,B+5.5,39339,8,True,False,False,,-1,72.1997,2000
2026-06-27 22:14:31,155,B+22.5,58938,29,True,False,False,,-1,72.2366,2000
2026-06-27 22:15:57,137,W+2.5,52741,14,True,False,False,,-1,72.3799,2000
2026-06-27 22:17:07,112,B+1.5,44241,15,True,False,False,,-1,72.3546,2000
2026-06-27 22:18:07,115,W+1.5,43915,18,True,False,False,,-1,71.9509,2000
2026-06-27 22:19:15,105,W+1.5,40971,12,True,False,False,,-1,71.7117,2000
2026-06-27 22:20:21,104,W+0.5,40936,6,True,False,False,,-1,71.6538,2000
2026-06-27 22:21:22,89,B+4.5,35492,6,True,False,False,,-1,71.5681,2000
2026-06-27 22:22:50,146,B+0.5,57563,15,True,False,False,,-1,71.8166,2000
2026-06-27 22:23:59,111,B+0.5,43937,15,True,False,False,,-1,71.7273,2000
2026-06-27 22:25:02,103,W+3.5,39116,7,True,False,False,,-1,71.6771,2000
2026-06-27 22:26:11,112,B+0.5,43823,11,True,False,False,,-1,71.6644,2000
2026-06-27 22:27:22,113,W+0.5,43061,9,True,False,False,,-1,71.7125,2000
2026-06-27 22:28:18,85,B+8.5,33896,4,True,False,False,,-1,71.6425,2000
2026-06-27 22:29:37,162,W+6.5,62607,25,True,False,False,,-1,71.5399,2000
2026-06-27 22:30:51,127,B+3.5,49032,10,True,False,False,,-1,71.4909,2000
2026-06-27 22:31:56,96,B+1.5,37842,6,True,False,False,,-1,71.2473,2000
2026-06-27 22:33:06,113,W+0.5,43315,13,True,False,False,,-1,71.3082,2000
2026-06-27 22:34:23,129,W+0.5,50685,9,True,False,False,,-1,71.3806,2000
2026-06-27 22:35:44,133,W+0.5,50459,28,True,False,False,,-1,71.3006,2000
2026-06-27 22:36:46,100,B+1.5,39275,7,True,False,False,,-1,70.9908,2000
2026-06-27 22:37:54,108,B+1.5,42815,9,True,False,False,,-1,70.9898,2000
2026-06-27 22:39:02,119,W+4.5,44972,18,True,False,False,,-1,70.7428,2000
2026-06-27 22:40:12,123,W+4.5,47319,20,True,False,False,,-1,70.7354,2000
2026-06-27 22:41:18,105,W+4.5,40780,14,True,False,False,,-1,70.6766,2000
2026-06-27 22:42:31,125,W+2.5,44289,23,True,False,False,,-1,70.7599,2000
2026-06-27 22:43:40,105,W+0.5,40555,11,True,False,False,,-1,70.5726,2000
2026-06-27 22:45:01,135,W+0.5,51843,16,True,False,False,,-1,70.684,2000
2026-06-27 22:46:07,95,B+2.5,37763,4,True,False,False,,-1,70.4314,2000
2026-06-27 22:47:14,94,B+0.5,37323,7,True,False,False,,-1,70.5425,2000
2026-06-27 22:48:22,103,W+2.5,40754,12,True,False,False,,-1,70.3614,2000
2026-06-27 22:49:41,130,B+8.5,51039,22,True,False,False,,-1,70.3572,2000
2026-06-27 22:50:57,116,B+2.5,45756,12,True,False,False,,-1,70.4716,2000
2026-06-27 22:52:05,105,W+0.5,41053,20,True,False,False,,-1,70.3978,2000
2026-06-27 22:53:18,112,B+1.5,43945,8,True,False,False,,-1,70.4437,2000
2026-06-27 22:54:23,100,B+5.5,39732,10,True,False,False,,-1,70.4377,2000
2026-06-27 22:55:37,110,B+7.5,43760,9,True,False,False,,-1,70.5305,2000
2026-06-27 22:57:18,162,B+3.5,63254,29,True,False,False,,-1,70.7694,2000
2026-06-27 22:58:47,140,B+1.5,55478,14,True,False,False,,-1,70.6943,2000
2026-06-27 22:59:49,102,B+2.5,40223,6,True,False,False,,-1,70.6373,2000
2026-06-27 23:01:00,122,W+4.5,46040,13,True,False,False,,-1,70.5892,2000
2026-06-27 23:02:26,130,B+7.5,51058,20,True,False,False,,-1,70.7028,2000
2026-06-27 23:03:26,98,B+0.5,38389,9,True,False,False,,-1,70.7071,2000
2026-06-27 23:04:37,124,B+21.5,47920,18,True,False,False,,-1,70.6836,2000
2026-06-27 23:06:02,148,B+2.5,57588,20,True,False,False,,-1,70.8867,2000
2026-06-27 23:07:30,160,B+4.5,61793,32,True,False,False,,-1,71.0377,2000
2026-06-27 23:08:42,125,W+5.5,46564,20,True,False,False,,-1,71.035,2000
2026-06-27 23:10:01,162,B+27.5,59060,31,True,False,False,,-1,71.144,2000
2026-06-27 23:11:12,115,B+1.5,45652,13,True,False,False,,-1,71.1755,2000
2026-06-27 23:12:20,104,B+7.5,40788,14,True,False,False,,-1,71.042,2000
2026-06-27 23:13:25,105,W+0.5,40753,11,True,False,False,,-1,70.963,2000
2026-06-27 23:14:45,137,W+1.5,54074,14,True,False,False,,-1,71.1162,2000
2026-06-27 23:16:14,162,W+7.5,60693,21,True,False,False,,-1,71.3381,2000
2026-06-27 23:17:19,102,B+1.5,40242,11,True,False,False,,-1,71.2727,2000
2026-06-27 23:18:31,117,B+1.5,45683,11,True,False,False,,-1,71.3179,2000
2026-06-27 23:19:44,115,B+3.5,44436,15,True,False,False,,-1,71.4574,2000
2026-06-27 23:20:52,107,B+3.5,42217,8,True,False,False,,-1,71.4898,2000
2026-06-27 23:22:06,118,B+0.5,45696,9,True,False,False,,-1,71.6019,2000
2026-06-27 23:23:14,102,B+0.5,40426,7,True,False,False,,-1,71.5873,2000
2026-06-27 23:24:23,115,W+0.5,44838,11,True,False,False,,-1,71.6423,2000
2026-06-27 23:25:42,152,W+4.5,57865,32,True,False,False,,-1,71.9067,2000
2026-06-27 23:27:04,138,B+1.5,54209,18,True,False,False,,-1,71.9782,2000
2026-06-27 23:28:10,129,B+1.5,47546,18,True,False,False,,-1,71.9083,2000
2026-06-27 23:29:27,124,W+2.5,48713,16,True,False,False,,-1,71.9086,2000
2026-06-27 23:30:42,111,W+1.5,43651,12,True,False,False,,-1,71.7961,2000
2026-06-27 23:31:46,103,W+0.5,38347,7,True,False,False,,-1,71.905,2000
2026-06-27 23:33:01,116,B+0.5,46084,15,True,False,False,,-1,72.0321,2000
2026-06-27 23:34:05,99,W+1.5,38860,8,True,False,False,,-1,72.0823,2000
2026-06-27 23:35:09,97,B+0.5,38036,11,True,False,False,,-1,72.0844,2000
2026-06-27 23:36:16,120,B+1.5,46327,18,True,False,False,,-1,72.0064,2000
2026-06-27 23:37:28,115,W+1.5,44590,12,True,False,False,,-1,71.9708,2000
2026-06-27 23:38:57,152,B+1.5,59139,18,True,False,False,,-1,72.1001,2000
2026-06-27 23:40:01,102,B+0.5,40587,10,True,False,False,,-1,71.9669,2000
2026-06-27 23:41:08,110,B+1.5,43128,11,True,False,False,,-1,72.0751,2000
2026-06-27 23:42:09,97,B+0.5,37326,8,True,False,False,,-1,71.9737,2000
2026-06-27 23:43:18,112,B+1.5,43856,12,True,False,False,,-1,72.015,2000
2026-06-27 23:44:31,114,B+7.5,44956,17,True,False,False,,-1,72.0423,2000
2026-06-27 23:45:44,115,B+0.5,45318,10,True,False,False,,-1,72.0513,2000
2026-06-27 23:47:05,129,B+5.5,51309,14,True,False,False,,-1,72.1449,2000
2026-06-27 23:48:04,87,B+3.5,34530,6,True,False,False,,-1,72.0314,2000
2026-06-27 23:49:10,107,W+2.5,40782,8,True,False,False,,-1,71.934,2000
2026-06-27 23:50:41,143,W+0.5,53572,20,True,False,False,,-1,72.2169,2000
2026-06-27 23:52:02,162,B+8.5,58738,26,True,False,False,,-1,72.5132,2000
2026-06-27 23:53:01,108,B+2.5,41881,14,True,False,False,,-1,72.3012,2000
2026-06-27 23:54:05,98,B+6.5,38744,9,True,False,False,,-1,72.2265,2000
2026-06-27 23:55:17,113,W+0.5,43518,9,True,False,False,,-1,72.3846,2000
2026-06-27 23:56:31,115,W+4.5,44365,17,True,False,False,,-1,72.3305,2000
2026-06-27 23:57:59,162,B+3.5,63117,37,True,False,False,,-1,72.4294,2000
2026-06-27 23:59:13,124,B+3.5,48745,16,True,False,False,,-1,72.4363,2000
2026-06-28 00:00:34,132,B+7.5,51813,20,True,False,False,,-1,72.3165,2000
2026-06-28 00:01:08,47,B+9.5,18753,2,True,False,False,,-1,71.9916,2000
2026-06-28 00:02:13,107,B+5.5,40226,8,True,False,False,,-1,71.9618,2000
2026-06-28 00:03:27,115,W+2.5,45298,14,True,False,False,,-1,71.9872,2000
2026-06-28 00:04:35,113,W+0.5,43486,16,True,False,False,,-1,71.7378,2000
2026-06-28 00:05:50,123,B+3.5,49001,20,True,False,False,,-1,71.9093,2000
2026-06-28 00:07:04,122,B+2.5,48340,14,True,False,False,,-1,71.9609,2000
2026-06-28 00:08:13,103,W+2.5,40116,8,True,False,False,,-1,72.0404,2000
2026-06-28 00:09:54,162,W+15.5,64104,27,True,False,False,,-1,72.2962,2000
2026-06-28 00:11:04,117,W+5.5,44226,20,True,False,False,,-1,72.2599,2000
2026-06-28 00:12:19,122,B+4.5,46898,19,True,False,False,,-1,72.2258,2000
2026-06-28 00:13:35,128,B+1.5,49254,20,True,False,False,,-1,72.3727,2000
2026-06-28 00:14:47,110,B+3.5,43475,12,True,False,False,,-1,72.1542,2000
2026-06-28 00:16:09,127,W+0.5,49459,13,True,False,False,,-1,72.1194,2000
2026-06-28 00:17:35,151,W+1.5,54982,29,True,False,False,,-1,72.2769,2000
2026-06-28 00:18:38,104,B+1.5,40800,9,True,False,False,,-1,72.3095,2000
2026-06-28 00:19:36,93,B+5.5,36585,8,True,False,False,,-1,72.2143,2000
2026-06-28 00:20:50,126,B+2.5,47865,20,True,False,False,,-1,72.2826,2000
2026-06-28 00:21:58,113,W+1.5,43522,11,True,False,False,,-1,72.3554,2000
2026-06-28 00:22:59,103,W+2.5,40226,8,True,False,False,,-1,72.0855,2000
2026-06-28 00:24:05,104,B+3.5,41350,9,True,False,False,,-1,72.0573,2000
2026-06-28 00:25:28,130,B+1.5,50754,18,True,False,False,,-1,72.2553,2000
2026-06-28 00:26:54,162,W+3.5,58168,35,True,False,False,,-1,72.4272,2000
2026-06-28 00:27:55,109,W+0.5,42424,10,True,False,False,,-1,72.3278,2000
2026-06-28 00:29:11,126,B+8.5,48838,14,True,False,False,,-1,72.5249,2000
2026-06-28 00:30:28,125,B+1.5,48848,10,True,False,False,,-1,72.5083,2000
2026-06-28 00:31:39,136,B+1.5,49592,15,True,False,False,,-1,72.4812,2000
2026-06-28 00:32:39,99,B+5.5,38583,12,True,False,False,,-1,72.4283,2000
2026-06-28 00:33:38,96,B+1.5,38018,10,True,False,False,,-1,72.3102,2000
2026-06-28 00:34:55,132,B+6.5,50776,22,True,False,False,,-1,72.3186,2000
2026-06-28 00:35:57,99,W+0.5,38059,8,True,False,False,,-1,72.1206,2000
2026-06-28 00:36:53,90,B+2.5,35715,3,True,False,False,,-1,72.0709,2000
2026-06-28 00:38:13,134,B+1.5,53054,23,True,False,False,,-1,72.1859,2000
2026-06-28 00:39:07,96,B+1.5,37403,13,True,False,False,,-1,72.0483,2000
2026-06-28 00:40:35,144,B+3.5,56943,16,True,False,False,,-1,72.222,2000
2026-06-28 00:42:07,160,B+7.5,63011,26,True,False,False,,-1,72.4904,2000
2026-06-28 00:43:11,111,W+6.5,43850,17,True,False,False,,-1,72.397,2000
2026-06-28 00:44:12,97,B+2.5,37915,12,True,False,False,,-1,72.3199,2000
2026-06-28 00:45:16,98,B+0.5,38697,10,True,False,False,,-1,72.1509,2000
2026-06-28 00:46:32,122,B+3.5,48244,13,True,False,False,,-1,72.2459,2000
2026-06-28 00:47:41,106,B+1.5,41771,8,True,False,False,,-1,72.2667,2000
2026-06-28 00:48:39,103,B+0.5,37960,8,True,False,False,,-1,72.1669,2000
2026-06-28 00:49:47,112,B+6.5,44306,8,True,False,False,,-1,72.0512,2000
2026-06-28 00:50:57,122,W+3.5,46876,10,True,False,False,,-1,71.9933,2000
2026-06-28 00:51:55,98,B+0.5,38171,11,True,False,False,,-1,71.9,2000
2026-06-28 00:53:07,114,B+0.5,45021,8,True,False,False,,-1,71.8869,2000
2026-06-28 00:54:15,109,W+2.5,42157,12,True,False,False,,-1,71.9166,2000
2026-06-28 00:55:15,97,W+11.5,37500,11,True,False,False,,-1,71.7829,2000
2026-06-28 00:56:32,121,W+0.5,47091,8,True,False,False,,-1,71.5373,2000
2026-06-28 00:57:39,106,B+2.5,41143,9,True,False,False,,-1,71.3208,2000
2026-06-28 00:58:43,95,B+4.5,37147,8,True,False,False,,-1,71.3383,2000
2026-06-28 00:59:51,111,W+0.5,42721,12,True,False,False,,-1,71.3053,2000
2026-06-28 01:01:12,130,B+2.5,50110,14,True,False,False,,-1,71.2582,2000
2026-06-28 01:02:27,128,B+0.5,50129,17,True,False,False,,-1,71.4051,2000
2026-06-28 01:03:28,106,B+3.5,41385,13,True,False,False,,-1,71.3081,2000
2026-06-28 01:04:36,114,B+5.5,45099,12,True,False,False,,-1,71.1414,2000
2026-06-28 01:05:32,95,W+0.5,37091,11,True,False,False,,-1,70.8115,2000
2026-06-28 01:06:37,105,W+1.5,41180,13,True,False,False,,-1,70.7468,2000
2026-06-28 01:07:45,106,B+1.5,41295,11,True,False,False,,-1,70.6378,2000
2026-06-28 01:08:59,117,W+0.5,45563,16,True,False,False,,-1,70.6657,2000
2026-06-28 01:10:11,119,W+2.5,46004,16,True,False,False,,-1,70.7028,2000
2026-06-28 01:11:25,120,B+1.5,45703,13,True,False,False,,-1,70.7937,2000
2026-06-28 01:12:30,112,W+0.5,42949,13,True,False,False,,-1,70.6421,2000
2026-06-28 01:13:48,129,W+11.5,49755,19,True,False,False,,-1,70.5341,2000
2026-06-28 01:14:58,116,B+12.5,45483,15,True,False,False,,-1,70.5862,2000
2026-06-28 01:16:23,151,W+2.5,55970,24,True,False,False,,-1,70.718,2000
2026-06-28 01:17:57,153,W+9.5,60562,23,True,False,False,,-1,70.9241,2000
2026-06-28 01:19:02,106,B+7.5,41810,9,True,False,False,,-1,70.8923,2000
2026-06-28 01:20:11,117,W+3.5,45407,18,True,False,False,,-1,70.8499,2000
2026-06-28 01:21:24,124,B+7.5,46969,22,True,False,False,,-1,70.8988,2000
2026-06-28 01:22:38,119,B+2.5,46954,11,True,False,False,,-1,70.9443,2000
2026-06-28 01:23:37,87,B+2.5,34652,7,True,False,False,,-1,70.7432,2000
2026-06-28 01:24:55,136,B+5.5,53579,19,True,False,False,,-1,70.7063,2000
2026-06-28 01:26:18,126,B+7.5,50018,17,True,False,False,,-1,70.8746,2000
2026-06-28 01:27:22,106,B+5.5,41547,13,True,False,False,,-1,70.7434,2000
2026-06-28 01:28:27,101,W+0.5,38841,7,True,False,False,,-1,70.6441,2000
2026-06-28 01:29:37,113,B+1.5,43646,15,True,False,False,,-1,70.7007,2000
2026-06-28 01:30:32,98,B+2.5,38715,8,True,False,False,,-1,70.5081,2000
2026-06-28 01:31:54,134,B+0.5,52523,19,True,False,False,,-1,70.6832,2000
2026-06-28 01:32:59,108,B+2.5,41773,16,True,False,False,,-1,70.6955,2000
2026-06-28 01:33:33,51,B+2.5,20349,2,True,False,False,,-1,70.3709,2000
2026-06-28 01:34:44,112,B+1.5,44518,10,True,False,False,,-1,70.3507,2000
2026-06-28 01:36:02,122,B+0.5,48161,11,True,False,False,,-1,70.2537,2000
2026-06-28 01:37:20,114,B+4.5,45226,20,True,False,False,,-1,70.3896,2000
2026-06-28 01:38:31,108,B+2.5,42437,12,True,False,False,,-1,70.4198,2000
2026-06-28 01:39:52,126,B+6.5,49336,18,True,False,False,,-1,70.6261,2000
2026-06-28 01:40:59,106,B+1.5,41731,6,True,False,False,,-1,70.6077,2000
2026-06-28 01:42:00,101,B+0.5,39676,10,True,False,False,,-1,70.4903,2000
2026-06-28 01:43:23,135,W+4.5,51628,23,True,False,False,,-1,70.5882,2000
2026-06-28 01:44:39,132,B+2.5,51264,24,True,False,False,,-1,70.5334,2000
2026-06-28 01:45:41,103,B+6.5,40503,9,True,False,False,,-1,70.5706,2000
2026-06-28 01:46:52,117,W+0.5,44199,16,True,False,False,,-1,70.625,2000
2026-06-28 01:47:58,111,B+5.5,44085,12,True,False,False,,-1,70.3671,2000
2026-06-28 01:49:09,127,B+2.5,47478,14,True,False,False,,-1,70.2643,2000
2026-06-28 01:50:10,96,B+7.5,38284,12,True,False,False,,-1,70.2848,2000
2026-06-28 01:51:17,109,W+1.5,42067,14,True,False,False,,-1,70.3169,2000
2026-06-28 01:52:35,123,W+0.5,48468,17,True,False,False,,-1,70.3729,2000
2026-06-28 01:53:35,96,B+2.5,37799,6,True,False,False,,-1,70.2384,2000
2026-06-28 01:54:45,110,B+1.5,43018,6,True,False,False,,-1,70.0489,2000
2026-06-28 01:55:48,101,W+0.5,39773,11,True,False,False,,-1,69.9399,2000
2026-06-28 01:57:23,161,W+12.5,61884,30,True,False,False,,-1,70.0827,2000
2026-06-28 01:58:31,118,B+1.5,45753,14,True,False,False,,-1,70.4259,2000
2026-06-28 01:59:36,103,W+1.5,40344,13,True,False,False,,-1,70.4336,2000
2026-06-28 02:00:40,98,B+1.5,38948,12,True,False,False,,-1,70.3231,2000
2026-06-28 02:01:42,95,W+1.5,37574,6,True,False,False,,-1,70.2701,2000
2026-06-28 02:03:16,159,W+2.5,60272,24,True,False,False,,-1,70.453,2000
2026-06-28 02:04:26,117,B+1.5,46040,15,True,False,False,,-1,70.41,2000
2026-06-28 02:05:37,130,B+0.5,50430,14,True,False,False,,-1,70.4317,2000
2026-06-28 02:06:37,95,W+0.5,37311,6,True,False,False,,-1,70.0243,2000
2026-06-28 02:08:14,161,W+4.5,62093,32,True,False,False,,-1,70.2944,2000
2026-06-28 02:09:22,117,W+2.5,45252,18,True,False,False,,-1,70.2314,2000
2026-06-28 02:10:34,122,W+3.5,45139,18,True,False,False,,-1,70.19,2000
2026-06-28 02:11:32,87,W+1.5,33238,7,True,False,False,,-1,70.0418,2000
2026-06-28 02:13:12,160,B+5.5,61382,40,True,False,False,,-1,70.2278,2000
2026-06-28 02:14:27,138,B+2.5,54151,20,True,False,False,,-1,70.1137,2000
2026-06-28 02:18:50,135,B+1.5,48572,24,True,False,False,,-1,70.4434,3000
2026-06-28 02:19:51,73,B+2.5,28557,7,True,False,False,,-1,70.3187,3000
2026-06-28 02:21:22,162,B+22.5,52504,35,True,False,False,,-1,70.5448,3000
2026-06-28 02:22:38,118,B+1.5,43961,9,True,False,False,,-1,70.6964,3000
2026-06-28 02:23:37,88,B+2.5,33843,7,True,False,False,,-1,70.627,3000
2026-06-28 02:24:50,118,B+3.5,42599,12,True,False,False,,-1,70.5239,3000
2026-06-28 02:26:05,127,W+0.5,43891,12,True,False,False,,-1,70.4146,3000
2026-06-28 02:27:20,125,W+0.5,42566,14,True,False,False,,-1,70.5553,3000
2026-06-28 02:28:57,157,B+6.5,56994,13,True,False,False,,-1,70.77,3000
2026-06-28 02:30:21,129,W+2.5,47663,15,True,False,False,,-1,70.8302,3000
2026-06-28 02:31:25,97,W+1.5,35693,7,True,False,False,,-1,70.7573,3000
2026-06-28 02:32:26,89,B+5.5,34293,7,True,False,False,,-1,70.7695,3000
2026-06-28 02:33:31,101,W+0.5,36401,9,True,False,False,,-1,70.839,3000
2026-06-28 02:34:41,107,B+3.5,39042,12,True,False,False,,-1,70.7666,3000
2026-06-28 02:35:50,98,B+1.5,37034,5,True,False,False,,-1,70.8435,3000
2026-06-28 02:36:57,111,W+1.5,41877,18,True,False,False,,-1,70.9461,3000
2026-06-28 02:38:05,102,B+6.5,38463,9,True,False,False,,-1,70.8291,3000
2026-06-28 02:39:14,109,B+2.5,39453,13,True,False,False,,-1,70.9757,3000
2026-06-28 02:40:30,116,B+2.5,42991,18,True,False,False,,-1,70.8621,3000
2026-06-28 02:41:31,95,W+0.5,33909,9,True,False,False,,-1,70.5456,3000
2026-06-28 02:42:49,123,W+1.5,42158,26,True,False,False,,-1,70.6818,3000
2026-06-28 02:43:52,95,W+0.5,35161,7,True,False,False,,-1,70.6982,3000
2026-06-28 02:45:00,104,B+7.5,37751,11,True,False,False,,-1,70.7426,3000
2026-06-28 02:46:13,125,W+1.5,43336,26,True,False,False,,-1,70.7119,3000
2026-06-28 02:47:45,160,B+2.5,56626,25,True,False,False,,-1,70.9429,3000
2026-06-28 02:48:55,111,B+2.5,42604,8,True,False,False,,-1,71.0666,3000
2026-06-28 02:49:58,88,B+1.5,34125,7,True,False,False,,-1,71.0158,3000
2026-06-28 02:51:01,99,W+2.5,35272,7,True,False,False,,-1,70.9478,3000
2026-06-28 02:52:08,104,B+1.5,37266,9,True,False,False,,-1,71.0364,3000
2026-06-28 02:53:27,131,B+1.5,44970,11,True,False,False,,-1,71.1081,3000
2026-06-28 02:54:40,111,W+0.5,40263,12,True,False,False,,-1,71.1543,3000
2026-06-28 02:55:38,90,W+2.5,33675,5,True,False,False,,-1,71.129,3000
2026-06-28 02:56:53,121,W+0.5,42931,18,True,False,False,,-1,71.1152,3000
2026-06-28 02:58:05,109,W+4.5,39920,6,True,False,False,,-1,71.1601,3000
2026-06-28 02:59:12,109,W+0.5,36735,18,True,False,False,,-1,71.1955,3000
2026-06-28 03:00:25,112,B+1.5,41619,11,True,False,False,,-1,71.2446,3000
2026-06-28 03:01:22,85,B+5.5,32249,6,True,False,False,,-1,71.011,3000
2026-06-28 03:02:35,98,B+2.5,36937,10,True,False,False,,-1,70.9891,3000
2026-06-28 03:03:30,79,B+0.5,29650,11,True,False,False,,-1,70.931,3000
2026-06-28 03:04:49,129,W+12.5,45460,19,True,False,False,,-1,71.0385,3000
2026-06-28 03:05:59,115,W+1.5,41302,17,True,False,False,,-1,71.174,3000
2026-06-28 03:07:00,95,B+7.5,36888,5,True,False,False,,-1,71.1389,3000
2026-06-28 03:08:07,105,W+2.5,38389,11,True,False,False,,-1,71.1295,3000
2026-06-28 03:09:44,162,W+5.5,56149,34,True,False,False,,-1,71.3538,3000
2026-06-28 03:10:49,105,B+0.5,36988,12,True,False,False,,-1,71.2837,3000
2026-06-28 03:11:47,84,B+2.5,31997,3,True,False,False,,-1,71.1312,3000
2026-06-28 03:12:59,107,W+3.5,39301,14,True,False,False,,-1,71.2025,3000
2026-06-28 03:13:58,95,B+2.5,35257,7,True,False,False,,-1,71.0119,3000
2026-06-28 03:15:14,114,B+4.5,41820,9,True,False,False,,-1,71.0642,3000
2026-06-28 03:16:17,104,W+2.5,35951,14,True,False,False,,-1,70.8425,3000
2026-06-28 03:17:54,158,B+18.5,56041,40,True,False,False,,-1,70.8736,3000
2026-06-28 03:19:08,119,W+0.5,42890,15,True,False,False,,-1,70.9615,3000
2026-06-28 03:20:22,115,W+0.5,41085,13,True,False,False,,-1,71.0124,3000
2026-06-28 03:21:33,113,W+0.5,41973,9,True,False,False,,-1,70.9943,3000
2026-06-28 03:22:47,118,B+3.5,40793,15,True,False,False,,-1,71.0008,3000
2026-06-28 03:24:11,129,W+2.5,46828,8,True,False,False,,-1,71.2518,3000
2026-06-28 03:25:16,101,B+1.5,37819,10,True,False,False,,-1,71.1185,3000
2026-06-28 03:26:31,119,W+2.5,41192,18,True,False,False,,-1,71.0297,3000
2026-06-28 03:27:37,105,B+0.5,38970,14,True,False,False,,-1,71.0558,3000
2026-06-28 03:28:39,89,B+6.5,35133,7,True,False,False,,-1,71.0285,3000
2026-06-28 03:29:37,83,B+3.5,31773,7,True,False,False,,-1,70.907,3000
2026-06-28 03:30:54,125,W+3.5,44191,20,True,False,False,,-1,71.1189,3000
2026-06-28 03:31:57,94,B+1.5,36122,5,True,False,False,,-1,70.9364,3000
2026-06-28 03:32:53,83,B+3.5,32498,8,True,False,False,,-1,70.8407,3000
2026-06-28 03:33:56,96,B+3.5,35319,4,True,False,False,,-1,71.1366,3000
2026-06-28 03:34:59,94,B+1.5,35343,8,True,False,False,,-1,71.0641,3000
2026-06-28 03:36:13,115,W+1.5,41520,19,True,False,False,,-1,71.0166,3000
2026-06-28 03:37:24,117,W+1.5,37998,20,True,False,False,,-1,70.9459,3000
2026-06-28 03:38:28,99,B+0.5,36896,9,True,False,False,,-1,70.8803,3000
2026-06-28 03:39:32,90,B+3.5,35417,7,True,False,False,,-1,70.7088,3000
2026-06-28 03:40:43,109,W+0.5,39065,15,True,False,False,,-1,70.7401,3000
2026-06-28 03:41:52,102,B+0.5,38356,5,True,False,False,,-1,70.82,3000
2026-06-28 03:42:52,92,B+4.5,34813,7,True,False,False,,-1,70.59,3000
2026-06-28 03:43:57,97,B+5.5,35843,6,True,False,False,,-1,70.4875,3000
2026-06-28 03:44:59,90,B+3.5,33880,9,True,False,False,,-1,70.4896,3000
2026-06-28 03:46:10,109,B+4.5,41743,5,True,False,False,,-1,70.4852,3000
2026-06-28 03:47:30,141,W+2.5,47790,22,True,False,False,,-1,70.6287,3000
2026-06-28 03:49:03,162,B+6.5,56476,37,True,False,False,,-1,70.8504,3000
2026-06-28 03:50:05,93,B+3.5,34035,8,True,False,False,,-1,70.8577,3000
2026-06-28 03:51:18,108,B+1.5,40325,8,True,False,False,,-1,70.914,3000
2026-06-28 03:52:27,107,B+4.5,39904,12,True,False,False,,-1,70.8289,3000
2026-06-28 03:53:38,127,W+3.5,41779,17,True,False,False,,-1,70.9331,3000
2026-06-28 03:54:41,95,W+2.5,35559,9,True,False,False,,-1,70.8741,3000
2026-06-28 03:55:47,112,W+0.5,39927,17,True,False,False,,-1,70.8974,3000
2026-06-28 03:56:47,79,B+0.5,30660,7,True,False,False,,-1,70.5445,3000
2026-06-28 03:58:17,147,B+1.5,51479,27,True,False,False,,-1,70.7616,3000
2026-06-28 03:59:21,101,B+0.5,37018,3,True,False,False,,-1,70.7498,3000
2026-06-28 04:00:30,106,B+4.5,38648,10,True,False,False,,-1,70.8059,3000
2026-06-28 04:01:46,128,B+1.5,43348,16,True,False,False,,-1,70.9461,3000
2026-06-28 04:02:51,109,W+0.5,37644,9,True,False,False,,-1,70.6599,3000
2026-06-28 04:04:01,161,W+8.5,45822,29,True,False,False,,-1,70.6609,3000
2026-06-28 04:05:06,94,B+9.5,34397,12,True,False,False,,-1,70.5978,3000
2026-06-28 04:06:12,105,W+6.5,37161,10,True,False,False,,-1,70.6539,3000
2026-06-28 04:07:07,79,B+1.5,30609,11,True,False,False,,-1,70.2393,3000
2026-06-28 04:08:11,95,B+7.5,35921,11,True,False,False,,-1,70.196,3000
2026-06-28 04:09:27,122,B+5.5,42037,14,True,False,False,,-1,70.2382,3000
2026-06-28 04:10:25,84,B+1.5,33338,9,True,False,False,,-1,70.2372,3000
2026-06-28 04:11:35,109,W+2.5,38648,11,True,False,False,,-1,69.9348,3000
2026-06-28 04:12:48,113,B+3.5,40458,9,True,False,False,,-1,69.9231,3000
2026-06-28 04:13:58,102,B+3.5,39702,7,True,False,False,,-1,69.9721,3000
2026-06-28 04:15:07,113,W+0.5,40444,18,True,False,False,,-1,69.7608,3000
2026-06-28 04:16:18,113,B+0.5,39976,8,True,False,False,,-1,69.87,3000
2026-06-28 04:17:22,101,W+1.5,36133,12,True,False,False,,-1,69.5958,3000
2026-06-28 04:18:39,125,W+1.5,42040,20,True,False,False,,-1,69.6108,3000
2026-06-28 04:19:51,107,W+0.5,38727,16,True,False,False,,-1,69.7309,3000
2026-06-28 04:21:05,121,W+5.5,40761,18,True,False,False,,-1,69.7509,3000
2026-06-28 04:22:20,111,B+2.5,41949,13,True,False,False,,-1,69.7434,3000
2026-06-28 04:23:30,119,W+0.5,41447,10,True,False,False,,-1,69.6955,3000
2026-06-28 04:24:37,104,B+4.5,40143,9,True,False,False,,-1,69.3933,3000
2026-06-28 04:25:46,100,B+1.5,36314,16,True,False,False,,-1,69.2443,3000
2026-06-28 04:27:09,119,B+4.5,45439,15,True,False,False,,-1,69.4447,3000
2026-06-28 04:28:13,103,W+2.5,36431,14,True,False,False,,-1,69.4738,3000
2026-06-28 04:29:21,106,B+1.5,37379,10,True,False,False,,-1,69.4955,3000
2026-06-28 04:30:27,94,B+1.5,36323,7,True,False,False,,-1,69.4564,3000
2026-06-28 04:31:38,162,B+19.5,44011,24,True,False,False,,-1,69.4685,3000
2026-06-28 04:32:43,90,B+2.5,35174,6,True,False,False,,-1,69.4508,3000
2026-06-28 04:33:43,105,W+4.5,35985,15,True,False,False,,-1,69.3763,3000
2026-06-28 04:35:02,124,B+0.5,45559,13,True,False,False,,-1,69.4711,3000
2026-06-28 04:36:08,111,B+1.5,39714,12,True,False,False,,-1,69.376,3000
2026-06-28 04:37:26,137,W+0.5,46544,26,True,False,False,,-1,69.5426,3000
2026-06-28 04:38:35,109,B+2.5,39210,11,True,False,False,,-1,69.4635,3000
2026-06-28 04:39:40,99,B+0.5,35776,8,True,False,False,,-1,69.4805,3000
2026-06-28 04:40:41,90,B+4.5,34162,7,True,False,False,,-1,69.4072,3000
2026-06-28 04:41:43,91,B+0.5,34865,7,True,False,False,,-1,69.299,3000
2026-06-28 04:43:16,153,B+4.5,53803,26,True,False,False,,-1,69.311,3000
2026-06-28 04:44:24,117,W+7.5,40022,21,True,False,False,,-1,69.288,3000
2026-06-28 04:45:30,96,B+2.5,36661,9,True,False,False,,-1,69.3205,3000
2026-06-28 04:46:40,108,B+6.5,39172,5,True,False,False,,-1,69.3869,3000
2026-06-28 04:47:57,118,B+0.5,43047,11,True,False,False,,-1,69.4833,3000
2026-06-28 04:49:14,138,W+0.5,43321,21,True,False,False,,-1,69.4624,3000
2026-06-28 04:50:30,123,B+1.5,43640,11,True,False,False,,-1,69.4938,3000
2026-06-28 04:51:38,99,B+2.5,38744,7,True,False,False,,-1,69.6044,3000
2026-06-28 04:52:40,93,B+2.5,34664,9,True,False,False,,-1,69.4687,3000
2026-06-28 04:53:54,121,W+0.5,42586,17,True,False,False,,-1,69.4868,3000
2026-06-28 04:54:56,83,B+2.5,33020,3,True,False,False,,-1,69.4341,3000
2026-06-28 04:55:59,98,B+1.5,35551,8,True,False,False,,-1,69.3281,3000
2026-06-28 04:57:05,107,W+6.5,37191,9,True,False,False,,-1,69.4239,3000
2026-06-28 04:58:35,141,W+1.5,48493,17,True,False,False,,-1,69.5935,3000
2026-06-28 04:59:55,117,W+1.5,44964,18,True,False,False,,-1,69.8414,3000
2026-06-28 05:01:02,105,B+1.5,36690,10,True,False,False,,-1,69.7224,3000
2026-06-28 05:02:17,117,W+1.5,41181,24,True,False,False,,-1,69.7759,3000
2026-06-28 05:03:13,85,B+2.5,32066,6,True,False,False,,-1,69.7274,3000
2026-06-28 05:04:19,106,B+2.5,37430,14,True,False,False,,-1,69.7142,3000
2026-06-28 05:05:30,111,W+0.5,39232,16,True,False,False,,-1,69.4606,3000
2026-06-28 05:06:30,91,B+0.5,33159,11,True,False,False,,-1,69.4113,3000
2026-06-28 05:07:45,121,W+1.5,43308,24,True,False,False,,-1,69.5765,3000
2026-06-28 05:08:52,101,B+2.5,36830,7,True,False,False,,-1,69.5188,3000
2026-06-28 05:09:59,106,B+2.5,38766,15,True,False,False,,-1,69.6037,3000
2026-06-28 05:11:14,123,W+7.5,42249,16,True,False,False,,-1,69.5919,3000
2026-06-28 05:12:15,87,B+1.5,34141,3,True,False,False,,-1,69.5734,3000
2026-06-28 05:13:15,101,W+2.5,35819,14,True,False,False,,-1,69.2009,3000
2026-06-28 05:14:32,121,B+0.5,45365,7,True,False,False,,-1,69.2347,3000
2026-06-28 05:15:35,94,B+2.5,34945,11,True,False,False,,-1,69.1278,3000
2026-06-28 05:16:48,120,W+0.5,41299,22,True,False,False,,-1,69.142,3000
2026-06-28 05:17:55,104,B+2.5,38763,7,True,False,False,,-1,69.0666,3000
2026-06-28 05:18:52,87,B+2.5,33683,6,True,False,False,,-1,68.803,3000
2026-06-28 05:20:05,116,B+0.5,42535,14,True,False,False,,-1,68.8812,3000
2026-06-28 05:21:09,97,B+4.5,36399,16,True,False,False,,-1,68.7834,3000
2026-06-28 05:22:24,114,B+1.5,43128,19,True,False,False,,-1,68.8624,3000
2026-06-28 05:23:39,114,B+2.5,42877,9,True,False,False,,-1,68.9992,3000
2026-06-28 05:24:49,106,B+0.5,39018,9,True,False,False,,-1,69.1116,3000
2026-06-28 05:25:41,69,B+1.5,27449,3,True,False,False,,-1,68.8725,3000
2026-06-28 05:27:01,145,B+1.5,47807,24,True,False,False,,-1,69.0412,3000
2026-06-28 05:28:14,115,W+4.5,40582,14,True,False,False,,-1,69.2035,3000
2026-06-28 05:29:35,162,W+8.5,52264,19,True,False,False,,-1,69.3812,3000
2026-06-28 05:30:58,121,W+1.5,45541,10,True,False,False,,-1,69.5774,3000
2026-06-28 05:31:53,77,B+0.5,30502,6,True,False,False,,-1,69.3909,3000
2026-06-28 05:32:56,97,W+1.5,35087,8,True,False,False,,-1,69.3163,3000
2026-06-28 05:34:20,137,W+2.5,46998,19,True,False,False,,-1,69.5131,3000
2026-06-28 05:35:34,124,B+2.5,41560,20,True,False,False,,-1,69.6186,3000
2026-06-28 05:36:54,141,W+0.5,44999,26,True,False,False,,-1,69.7054,3000
2026-06-28 05:38:19,139,B+2.5,49797,23,True,False,False,,-1,69.8627,3000
2026-06-28 05:39:41,134,B+4.5,44875,21,True,False,False,,-1,70.093,3000
2026-06-28 05:40:53,107,B+2.5,41076,6,True,False,False,,-1,70.159,3000
2026-06-28 05:42:02,115,B+1.5,41355,12,True,False,False,,-1,70.2197,3000
2026-06-28 05:43:11,105,B+1.5,38539,5,True,False,False,,-1,70.197,3000
2026-06-28 05:44:20,111,B+2.5,38698,12,True,False,False,,-1,70.0885,3000
2026-06-28 05:45:40,128,W+7.5,46477,13,True,False,False,,-1,69.9634,3000
2026-06-28 05:46:47,107,B+1.5,38553,5,True,False,False,,-1,70.0099,3000
2026-06-28 05:48:03,129,W+3.5,45326,19,True,False,False,,-1,70.0488,3000
2026-06-28 05:49:12,119,B+2.5,41892,12,True,False,False,,-1,70.0421,3000
2026-06-28 05:50:38,162,W+2.5,62827,23,True,False,False,,-1,70.1986,3000
2026-06-28 05:52:02,135,B+1.5,46392,24,True,False,False,,-1,70.4004,3000
2026-06-28 05:53:05,85,B+1.5,32157,6,True,False,False,,-1,70.3793,3000
2026-06-28 05:54:34,153,B+1.5,53676,21,True,False,False,,-1,70.6658,3000
2026-06-28 05:55:37,94,B+0.5,35750,5,True,False,False,,-1,70.4001,3000
2026-06-28 05:57:06,162,B+8.5,55805,34,True,False,False,,-1,70.6477,3000
2026-06-28 05:58:09,94,B+7.5,35989,7,True,False,False,,-1,70.5879,3000
2026-06-28 05:59:32,133,W+0.5,44771,20,True,False,False,,-1,70.6517,3000
2026-06-28 06:00:36,103,B+0.5,36519,13,True,False,False,,-1,70.6468,3000
2026-06-28 06:02:11,153,W+1.5,56373,38,True,False,False,,-1,70.8936,3000
2026-06-28 06:03:15,100,B+1.5,37351,10,True,False,False,,-1,70.8927,3000
2026-06-28 06:04:42,134,B+3.5,50289,23,True,False,False,,-1,71.0925,3000
2026-06-28 06:05:48,102,B+8.5,38629,16,True,False,False,,-1,71.1974,3000
2026-06-28 06:07:00,107,W+2.5,39012,12,True,False,False,,-1,71.281,3000
2026-06-28 06:08:05,109,W+2.5,39008,11,True,False,False,,-1,71.1709,3000
2026-06-28 06:09:06,85,B+3.5,33636,4,True,False,False,,-1,71.2104,3000
2026-06-28 06:10:08,91,W+8.5,33502,11,True,False,False,,-1,71.1284,3000
2026-06-28 06:11:29,162,W+10.5,51995,27,True,False,False,,-1,71.2023,3000
2026-06-28 06:12:30,95,W+3.5,34561,5,True,False,False,,-1,71.1081,3000
2026-06-28 06:13:33,112,B+5.5,35964,16,True,False,False,,-1,71.0625,3000
2026-06-28 06:14:40,108,B+1.5,37160,10,True,False,False,,-1,71.0139,3000
2026-06-28 06:15:54,117,W+1.5,42687,9,True,False,False,,-1,71.1182,3000
2026-06-28 06:16:56,99,B+3.5,34770,5,True,False,False,,-1,70.9669,3000
2026-06-28 06:18:02,107,B+0.5,37627,14,True,False,False,,-1,70.9053,3000
2026-06-28 06:19:40,161,W+0.5,58518,32,True,False,False,,-1,71.1451,3000
2026-06-28 06:21:05,162,W+3.5,52556,31,True,False,False,,-1,71.2535,3000
2026-06-28 06:22:07,87,W+0.5,32824,6,True,False,False,,-1,71.1615,3000
2026-06-28 06:23:11,96,W+2.5,34333,13,True,False,False,,-1,71.1389,3000
2026-06-28 06:24:05,75,B+4.5,28931,6,True,False,False,,-1,70.9931,3000
2026-06-28 06:25:13,98,B+0.5,38351,7,True,False,False,,-1,70.8316,3000
2026-06-28 06:26:43,151,B+3.5,52809,19,True,False,False,,-1,71.0911,3000
2026-06-28 06:27:46,95,B+3.5,34524,11,True,False,False,,-1,71.0477,3000
2026-06-28 06:28:57,114,B+1.5,42632,14,True,False,False,,-1,71.0945,3000
2026-06-28 06:29:55,91,B+1.5,32265,11,True,False,False,,-1,70.9671,3000
2026-06-28 06:30:59,98,B+4.5,35866,7,True,False,False,,-1,70.9579,3000
2026-06-28 06:32:05,109,B+1.5,38057,19,True,False,False,,-1,71.0112,3000
2026-06-28 06:33:14,119,W+1.5,39779,25,True,False,False,,-1,70.9161,3000
2026-06-28 06:34:30,121,W+2.5,43312,15,True,False,False,,-1,71.0175,3000
2026-06-28 06:35:34,99,W+3.5,34764,9,True,False,False,,-1,70.8801,3000
2026-06-28 06:36:38,101,W+1.5,35617,8,True,False,False,,-1,70.8163,3000
2026-06-28 06:37:56,133,B+2.5,47315,17,True,False,False,,-1,70.9586,3000
2026-06-28 06:38:53,91,B+2.5,33988,9,True,False,False,,-1,70.9151,3000
2026-06-28 06:39:59,105,W+3.5,38227,16,True,False,False,,-1,70.9503,3000
2026-06-28 06:41:02,96,B+1.5,36316,3,True,False,False,,-1,70.657,3000
2026-06-28 06:42:36,162,B+5.5,54050,37,True,False,False,,-1,70.9161,3000
2026-06-28 06:43:51,129,W+2.5,45160,13,True,False,False,,-1,70.9995,3000
2026-06-28 06:48:20,104,B+5.5,37357,5,True,False,False,,-1,70.8965,4000
2026-06-28 06:49:56,162,B+8.5,52111,29,True,False,False,,-1,71.0872,4000
2026-06-28 06:51:04,105,W+2.5,36971,9,True,False,False,,-1,71.007,4000
2026-06-28 06:52:23,162,W+13.5,43824,19,True,False,False,,-1,71.1087,4000
2026-06-28 06:53:32,106,B+1.5,38069,12,True,False,False,,-1,71.1784,4000
2026-06-28 06:55:00,162,W+6.5,49198,29,True,False,False,,-1,71.3191,4000
2026-06-28 06:55:59,97,W+5.5,34849,15,True,False,False,,-1,71.2929,4000
2026-06-28 06:57:04,104,B+5.5,35423,13,True,False,False,,-1,71.3197,4000
2026-06-28 06:58:21,125,W+0.5,44740,10,True,False,False,,-1,71.4197,4000
2026-06-28 06:59:22,87,W+8.5,32830,2,True,False,False,,-1,71.1365,4000
2026-06-28 07:00:26,96,W+6.5,35547,6,True,False,False,,-1,70.9737,4000
2026-06-28 07:01:32,99,W+2.5,35985,11,True,False,False,,-1,70.9653,4000
2026-06-28 07:02:47,136,B+6.5,42314,20,True,False,False,,-1,70.9635,4000
2026-06-28 07:04:00,104,B+4.5,38681,7,True,False,False,,-1,71.1331,4000
2026-06-28 07:05:08,108,B+0.5,36897,11,True,False,False,,-1,71.1473,4000
2026-06-28 07:06:17,116,B+0.5,39734,10,True,False,False,,-1,71.1339,4000
2026-06-28 07:07:31,112,B+2.5,40472,7,True,False,False,,-1,71.2662,4000
2026-06-28 07:08:40,102,B+2.5,36027,10,True,False,False,,-1,71.2062,4000
2026-06-28 07:09:55,121,W+2.5,41232,10,True,False,False,,-1,71.297,4000
2026-06-28 07:11:00,105,W+1.5,37457,13,True,False,False,,-1,71.2712,4000
2026-06-28 07:12:09,106,B+1.5,38592,11,True,False,False,,-1,71.2205,4000
2026-06-28 07:13:11,100,B+2.5,36174,9,True,False,False,,-1,71.2246,4000
2026-06-28 07:14:26,109,W+5.5,39783,11,True,False,False,,-1,71.377,4000
2026-06-28 07:15:28,95,W+9.5,34074,8,True,False,False,,-1,71.2312,4000
2026-06-28 07:16:46,127,W+0.5,44421,24,True,False,False,,-1,71.3732,4000
2026-06-28 07:17:58,114,B+4.5,41174,15,True,False,False,,-1,71.3705,4000
2026-06-28 07:19:02,89,W+2.5,33543,4,True,False,False,,-1,71.3372,4000
2026-06-28 07:20:12,102,B+3.5,37260,6,True,False,False,,-1,71.4631,4000
2026-06-28 07:21:15,91,W+7.5,31874,9,True,False,False,,-1,71.3612,4000
2026-06-28 07:22:26,114,W+2.5,37220,10,True,False,False,,-1,71.4253,4000
2026-06-28 07:23:31,103,W+0.5,37571,15,True,False,False,,-1,71.3342,4000
2026-06-28 07:24:40,118,B+2.5,38612,16,True,False,False,,-1,71.2726,4000
2026-06-28 07:25:46,96,B+2.5,35067,5,True,False,False,,-1,71.2385,4000
2026-06-28 07:26:56,106,B+2.5,38955,10,True,False,False,,-1,71.4114,4000
2026-06-28 07:28:27,157,W+2.5,51337,39,True,False,False,,-1,71.5194,4000
2026-06-28 07:29:36,105,W+0.5,38405,9,True,False,False,,-1,71.4887,4000
2026-06-28 07:31:00,134,B+1.5,47362,21,True,False,False,,-1,71.5169,4000
2026-06-28 07:32:07,99,W+0.5,36847,10,True,False,False,,-1,71.3526,4000
2026-06-28 07:33:12,99,W+2.5,36136,12,True,False,False,,-1,71.4525,4000
2026-06-28 07:34:24,123,W+5.5,39355,22,True,False,False,,-1,71.5397,4000
2026-06-28 07:35:25,101,W+2.5,35635,10,True,False,False,,-1,71.3173,4000
2026-06-28 07:36:34,103,W+0.5,36953,19,True,False,False,,-1,71.2608,4000
2026-06-28 07:37:58,130,B+2.5,46997,10,True,False,False,,-1,71.3087,4000
2026-06-28 07:39:03,98,B+1.5,35881,9,True,False,False,,-1,71.1114,4000
2026-06-28 07:40:02,87,B+3.5,32274,2,True,False,False,,-1,70.8718,4000
2026-06-28 07:41:02,93,B+1.5,35487,4,True,False,False,,-1,70.7539,4000
2026-06-28 07:42:13,106,B+1.5,39117,8,True,False,False,,-1,70.7766,4000
2026-06-28 07:43:41,143,W+8.5,50841,23,True,False,False,,-1,70.9674,4000
2026-06-28 07:44:45,97,W+2.5,35794,10,True,False,False,,-1,70.9206,4000
2026-06-28 07:45:52,111,W+2.5,37986,11,True,False,False,,-1,70.787,4000
2026-06-28 07:47:02,98,B+1.5,36550,7,True,False,False,,-1,70.8162,4000
2026-06-28 07:48:09,108,B+1.5,38255,8,True,False,False,,-1,70.7201,4000
2026-06-28 07:49:16,98,B+1.5,35077,6,True,False,False,,-1,70.7018,4000
2026-06-28 07:50:22,99,W+6.5,36505,13,True,False,False,,-1,70.5014,4000
2026-06-28 07:51:39,133,B+0.5,44654,16,True,False,False,,-1,70.4397,4000
2026-06-28 07:53:12,158,B+1.5,54054,31,True,False,False,,-1,70.728,4000
2026-06-28 07:54:16,97,W+1.5,34474,5,True,False,False,,-1,70.4892,4000
2026-06-28 07:55:33,125,W+10.5,43591,17,True,False,False,,-1,70.6181,4000
2026-06-28 07:56:54,143,W+1.5,47940,12,True,False,False,,-1,70.5409,4000
2026-06-28 07:58:00,97,W+4.5,36046,12,True,False,False,,-1,70.5788,4000
2026-06-28 07:59:22,153,W+7.5,45697,27,True,False,False,,-1,70.5633,4000
2026-06-28 08:00:50,136,W+11.5,47977,25,True,False,False,,-1,70.8016,4000
2026-06-28 08:01:59,111,W+0.5,38893,13,True,False,False,,-1,70.541,4000
2026-06-28 08:03:01,105,W+0.5,36644,9,True,False,False,,-1,70.5198,4000
2026-06-28 08:04:22,124,B+1.5,46074,16,True,False,False,,-1,70.4668,4000
2026-06-28 08:05:33,105,W+1.5,37951,14,True,False,False,,-1,70.5189,4000
2026-06-28 08:06:50,117,W+5.5,40794,6,True,False,False,,-1,70.5616,4000
2026-06-28 08:07:59,116,B+0.5,38951,16,True,False,False,,-1,70.608,4000
2026-06-28 08:09:01,93,W+3.5,32630,14,True,False,False,,-1,70.6099,4000
2026-06-28 08:10:17,122,B+0.5,42229,18,True,False,False,,-1,70.75,4000
2026-06-28 08:11:26,101,W+0.5,37490,9,True,False,False,,-1,70.6337,4000
2026-06-28 08:12:48,136,B+3.5,48814,10,True,False,False,,-1,70.846,4000
2026-06-28 08:13:49,99,W+6.5,34487,10,True,False,False,,-1,70.8192,4000
2026-06-28 08:14:54,103,W+0.5,35413,12,True,False,False,,-1,70.7966,4000
2026-06-28 08:15:57,101,W+1.5,36488,12,True,False,False,,-1,70.6941,4000
2026-06-28 08:17:03,99,W+0.5,35898,8,True,False,False,,-1,70.7334,4000
2026-06-28 08:18:12,108,B+0.5,39596,7,True,False,False,,-1,70.7635,4000
2026-06-28 08:19:40,162,B+3.5,51966,18,True,False,False,,-1,70.6598,4000
2026-06-28 08:20:47,106,B+0.5,38002,11,True,False,False,,-1,70.4774,4000
2026-06-28 08:21:57,101,W+6.5,37911,14,True,False,False,,-1,70.5626,4000
2026-06-28 08:23:30,145,B+0.5,51262,11,True,False,False,,-1,70.8463,4000
2026-06-28 08:24:38,108,B+0.5,39392,14,True,False,False,,-1,70.9868,4000
2026-06-28 08:25:49,112,B+0.5,38860,12,True,False,False,,-1,71.0202,4000
2026-06-28 08:26:56,103,W+9.5,35502,10,True,False,False,,-1,70.7964,4000
2026-06-28 08:28:25,145,W+1.5,50109,27,True,False,False,,-1,71.0513,4000
2026-06-28 08:29:42,162,W+7.5,43787,31,True,False,False,,-1,71.1164,4000
2026-06-28 08:30:54,108,B+4.5,39033,8,True,False,False,,-1,71.2583,4000
2026-06-28 08:32:18,128,B+1.5,46279,15,True,False,False,,-1,71.4522,4000
2026-06-28 08:33:40,131,W+3.5,47097,17,True,False,False,,-1,71.6096,4000
2026-06-28 08:34:52,110,B+1.5,41305,4,True,False,False,,-1,71.6406,4000
2026-06-28 08:36:12,162,W+4.5,47948,30,True,False,False,,-1,71.6763,4000
2026-06-28 08:37:17,98,B+0.5,37321,9,True,False,False,,-1,71.6934,4000
2026-06-28 08:38:20,103,W+1.5,35862,18,True,False,False,,-1,71.6837,4000
2026-06-28 08:39:35,128,B+0.5,43821,16,True,False,False,,-1,71.6455,4000
2026-06-28 08:40:42,119,W+0.5,39833,15,True,False,False,,-1,71.7496,4000
2026-06-28 08:41:44,94,B+1.5,33826,8,True,False,False,,-1,71.714,4000
2026-06-28 08:42:51,101,W+0.5,35412,13,True,False,False,,-1,71.7494,4000
2026-06-28 08:44:08,119,W+3.5,43849,9,True,False,False,,-1,71.5747,4000
2026-06-28 08:45:31,133,W+0.5,49785,25,True,False,False,,-1,71.6635,4000
2026-06-28 08:46:33,93,W+2.5,33272,10,True,False,False,,-1,71.6456,4000
2026-06-28 08:47:40,95,W+2.5,34956,9,True,False,False,,-1,71.594,4000
2026-06-28 08:48:49,112,B+3.5,38958,5,True,False,False,,-1,71.3304,4000
2026-06-28 08:49:57,113,W+1.5,37723,16,True,False,False,,-1,71.323,4000
2026-06-28 08:51:06,107,W+2.5,37609,11,True,False,False,,-1,71.2218,4000
2026-06-28 08:52:14,109,W+4.5,38244,10,True,False,False,,-1,71.2227,4000
2026-06-28 08:53:27,126,B+0.5,44501,20,True,False,False,,-1,71.0725,4000
2026-06-28 08:54:52,147,W+0.5,46822,30,True,False,False,,-1,71.3259,4000
2026-06-28 08:55:57,90,B+4.5,34099,4,True,False,False,,-1,71.3253,4000
2026-06-28 08:56:58,95,W+3.5,33901,8,True,False,False,,-1,71.1654,4000
2026-06-28 08:58:00,96,B+3.5,34711,8,True,False,False,,-1,71.1781,4000
2026-06-28 08:59:02,87,W+6.5,32796,5,True,False,False,,-1,71.1509,4000
2026-06-28 09:00:13,104,B+0.5,38257,11,True,False,False,,-1,71.2052,4000
2026-06-28 09:01:45,162,B+8.5,51381,31,True,False,False,,-1,71.3813,4000
2026-06-28 09:02:55,118,B+5.5,41169,18,True,False,False,,-1,71.3416,4000
2026-06-28 09:04:08,119,W+0.5,41232,11,True,False,False,,-1,71.3972,4000
2026-06-28 09:05:17,99,W+1.5,37449,16,True,False,False,,-1,71.3892,4000
2026-06-28 09:06:29,114,B+0.5,39740,13,True,False,False,,-1,71.374,4000
2026-06-28 09:07:53,162,W+0.5,52983,39,True,False,False,,-1,71.526,4000
2026-06-28 09:09:05,114,B+3.5,39568,15,True,False,False,,-1,71.4971,4000
2026-06-28 09:10:22,125,W+6.5,43271,8,True,False,False,,-1,71.6126,4000
2026-06-28 09:11:45,138,B+2.5,48203,24,True,False,False,,-1,71.7476,4000
2026-06-28 09:13:08,143,W+9.5,46203,20,True,False,False,,-1,71.9654,4000
2026-06-28 09:14:13,98,B+2.5,35590,9,True,False,False,,-1,71.8694,4000
2026-06-28 09:15:26,106,B+2.5,40316,10,True,False,False,,-1,71.972,4000
2026-06-28 09:17:01,150,B+1.5,52277,29,True,False,False,,-1,72.1415,4000
2026-06-28 09:18:18,118,B+0.5,41496,15,True,False,False,,-1,72.191,4000
2026-06-28 09:19:18,98,W+2.5,34380,9,True,False,False,,-1,72.1572,4000
2026-06-28 09:20:26,100,B+0.5,36205,5,True,False,False,,-1,72.1354,4000
2026-06-28 09:21:32,94,W+6.5,35382,9,True,False,False,,-1,72.1681,4000
2026-06-28 09:23:01,159,W+5.5,51426,32,True,False,False,,-1,72.3476,4000
2026-06-28 09:24:22,133,B+3.5,46454,14,True,False,False,,-1,72.505,4000
2026-06-28 09:25:32,113,B+4.5,38449,13,True,False,False,,-1,72.514,4000
2026-06-28 09:26:36,95,W+0.5,35226,7,True,False,False,,-1,72.4977,4000
2026-06-28 09:27:59,162,W+3.5,52959,26,True,False,False,,-1,72.6223,4000
2026-06-28 09:29:00,102,B+2.5,34959,9,True,False,False,,-1,72.3283,4000
2026-06-28 09:30:03,91,W+2.5,33854,12,True,False,False,,-1,72.2641,4000
2026-06-28 09:31:07,101,W+7.5,35313,5,True,False,False,,-1,72.059,4000
2026-06-28 09:32:11,97,W+1.5,34911,8,True,False,False,,-1,72.0385,4000
2026-06-28 09:33:19,100,B+0.5,36530,7,True,False,False,,-1,72.0629,4000
2026-06-28 09:34:33,115,W+0.5,42283,22,True,False,False,,-1,72.0931,4000
2026-06-28 09:35:46,110,B+0.5,39636,10,True,False,False,,-1,72.1989,4000
2026-06-28 09:36:39,74,W+0.5,28739,3,True,False,False,,-1,72.0476,4000
2026-06-28 09:38:13,154,B+5.5,51529,32,True,False,False,,-1,72.14,4000
2026-06-28 09:39:45,162,B+0.5,52098,28,True,False,False,,-1,72.407,4000
2026-06-28 09:40:51,107,W+4.5,38179,16,True,False,False,,-1,72.4819,4000
2026-06-28 09:41:40,64,W+11.5,25210,2,True,False,False,,-1,72.3791,4000
2026-06-28 09:42:46,95,W+10.5,34791,10,True,False,False,,-1,72.3202,4000
2026-06-28 09:43:44,87,B+2.5,32407,8,True,False,False,,-1,72.0302,4000
2026-06-28 09:44:53,111,W+2.5,39196,13,True,False,False,,-1,72.0708,4000
2026-06-28 09:46:06,114,B+2.5,41150,13,True,False,False,,-1,72.1327,4000
2026-06-28 09:47:16,99,B+2.5,36965,4,True,False,False,,-1,72.1394,4000
2026-06-28 09:48:30,108,B+0.5,39734,10,True,False,False,,-1,72.2016,4000
2026-06-28 09:49:31,89,W+9.5,33482,7,True,False,False,,-1,72.1432,4000
2026-06-28 09:50:46,118,B+1.5,40817,9,True,False,False,,-1,72.2317,4000
2026-06-28 09:51:51,103,W+0.5,36680,9,True,False,False,,-1,72.1063,4000
2026-06-28 09:52:59,105,W+0.5,37191,17,True,False,False,,-1,71.8667,4000
2026-06-28 09:54:04,106,W+2.5,36339,8,True,False,False,,-1,71.874,4000
2026-06-28 09:55:16,115,W+1.5,41829,11,True,False,False,,-1,71.8283,4000
2026-06-28 09:56:40,159,W+6.5,47835,26,True,False,False,,-1,71.855,4000
2026-06-28 09:57:47,106,B+1.5,37239,11,True,False,False,,-1,71.8572,4000
2026-06-28 09:58:56,111,W+4.5,37984,12,True,False,False,,-1,71.7394,4000
2026-06-28 10:00:19,142,B+1.5,44995,24,True,False,False,,-1,71.6839,4000
2026-06-28 10:01:24,98,B+2.5,34344,9,True,False,False,,-1,71.6505,4000
2026-06-28 10:02:43,124,B+3.5,45305,12,True,False,False,,-1,71.8135,4000
2026-06-28 10:03:47,98,B+0.5,34773,10,True,False,False,,-1,71.6456,4000
2026-06-28 10:05:09,135,W+1.5,47871,25,True,False,False,,-1,71.7517,4000
2026-06-28 10:06:19,113,W+2.5,39509,19,True,False,False,,-1,71.684,4000
2026-06-28 10:07:20,95,W+3.5,33068,10,True,False,False,,-1,71.6078,4000
2026-06-28 10:08:33,110,B+1.5,39874,16,True,False,False,,-1,71.7111,4000
2026-06-28 10:09:54,129,W+2.5,47953,15,True,False,False,,-1,71.7635,4000
2026-06-28 10:11:02,103,W+0.5,38082,9,True,False,False,,-1,71.7575,4000
2026-06-28 10:12:21,135,B+5.5,46734,12,True,False,False,,-1,71.7292,4000
2026-06-28 10:13:34,115,B+10.5,40912,10,True,False,False,,-1,71.8475,4000
2026-06-28 10:14:47,116,B+1.5,41301,19,True,False,False,,-1,71.9294,4000
2026-06-28 10:16:09,128,B+2.5,44231,21,True,False,False,,-1,72.1158,4000
2026-06-28 10:17:25,115,B+3.5,41597,14,True,False,False,,-1,72.2171,4000
2026-06-28 10:18:30,97,W+7.5,34306,10,True,False,False,,-1,72.176,4000
2026-06-28 10:19:50,162,W+1.5,48839,31,True,False,False,,-1,72.0943,4000
2026-06-28 10:21:11,122,B+1.5,44091,16,True,False,False,,-1,72.237,4000
2026-06-28 10:22:37,162,W+6.5,50301,41,True,False,False,,-1,72.3969,4000
2026-06-28 10:23:49,107,W+6.5,38792,9,True,False,False,,-1,72.1929,4000
2026-06-28 10:25:02,108,W+3.5,39904,9,True,False,False,,-1,72.2343,4000
2026-06-28 10:26:20,138,B+1.5,45887,20,True,False,False,,-1,72.3098,4000
2026-06-28 10:27:25,99,W+2.5,35515,6,True,False,False,,-1,72.2835,4000
2026-06-28 10:28:38,117,W+0.5,41065,26,True,False,False,,-1,72.1232,4000
2026-06-28 10:29:45,111,W+13.5,36687,14,True,False,False,,-1,72.0264,4000
2026-06-28 10:31:24,162,B+4.5,59870,26,True,False,False,,-1,72.2949,4000
2026-06-28 10:32:27,95,W+2.5,34845,10,True,False,False,,-1,72.0912,4000
2026-06-28 10:33:29,84,B+1.5,31263,5,True,False,False,,-1,71.8906,4000
2026-06-28 10:34:35,103,W+0.5,36493,14,True,False,False,,-1,71.8254,4000
2026-06-28 10:35:43,102,B+0.5,38342,8,True,False,False,,-1,71.7099,4000
2026-06-28 10:37:07,144,B+3.5,49996,18,True,False,False,,-1,71.8869,4000
2026-06-28 10:38:19,120,B+0.5,39937,13,True,False,False,,-1,71.9882,4000
2026-06-28 10:39:36,123,W+0.5,44847,23,True,False,False,,-1,72.0061,4000
2026-06-28 10:40:48,112,B+2.5,40190,10,True,False,False,,-1,72.0565,4000
2026-06-28 10:41:58,105,B+2.5,38864,8,True,False,False,,-1,72.1331,4000
2026-06-28 10:42:45,64,W+2.5,25153,4,True,False,False,,-1,71.9336,4000
2026-06-28 10:43:54,106,B+1.5,38900,11,True,False,False,,-1,71.8617,4000
2026-06-28 10:45:01,108,B+1.5,36996,12,True,False,False,,-1,71.7001,4000
2026-06-28 10:46:04,93,B+0.5,36163,4,True,False,False,,-1,71.7043,4000
2026-06-28 10:47:14,113,B+2.5,38372,12,True,False,False,,-1,71.7285,4000
2026-06-28 10:48:55,162,W+6.5,57672,29,True,False,False,,-1,72.0542,4000
2026-06-28 10:50:14,127,W+0.5,44643,12,True,False,False,,-1,72.1645,4000
2026-06-28 10:51:46,159,W+1.5,50450,40,True,False,False,,-1,72.394,4000
2026-06-28 10:53:17,148,B+2.5,49979,27,True,False,False,,-1,72.6248,4000
2026-06-28 10:54:19,94,B+2.5,34108,5,True,False,False,,-1,72.5145,4000
2026-06-28 10:55:28,111,W+4.5,39123,12,True,False,False,,-1,72.355,4000
2026-06-28 10:56:35,104,B+3.5,37594,4,True,False,False,,-1,72.3693,4000
2026-06-28 10:57:56,131,W+4.5,46094,21,True,False,False,,-1,72.5743,4000
2026-06-28 10:59:30,162,B+1.5,52508,30,True,False,False,,-1,72.897,4000
2026-06-28 11:00:35,97,W+0.5,37038,12,True,False,False,,-1,72.9329,4000
2026-06-28 11:01:53,127,W+5.5,42336,21,True,False,False,,-1,72.9924,4000
2026-06-28 11:03:09,124,B+1.5,44113,7,True,False,False,,-1,72.8312,4000
2026-06-28 11:04:27,116,B+6.5,42666,11,True,False,False,,-1,72.9196,4000
2026-06-28 11:05:36,110,B+2.5,39581,10,True,False,False,,-1,72.8737,4000
2026-06-28 11:06:44,107,W+1.5,37820,20,True,False,False,,-1,72.8684,4000
2026-06-28 11:07:57,114,B+0.5,38867,16,True,False,False,,-1,72.8769,4000
2026-06-28 11:09:03,102,B+0.5,36930,8,True,False,False,,-1,72.6999,4000
2026-06-28 11:10:11,102,B+0.5,37399,13,True,False,False,,-1,72.6567,4000
2026-06-28 11:11:26,123,W+2.5,41761,16,True,False,False,,-1,72.6348,4000
2026-06-28 11:12:40,135,B+1.5,43851,17,True,False,False,,-1,72.5496,4000
2026-06-28 11:13:42,97,W+0.5,35208,13,True,False,False,,-1,72.335,4000
2026-06-28 11:14:47,104,B+3.5,36563,11,True,False,False,,-1,72.3368,4000
2026-06-28 11:16:07,114,B+1.5,41846,13,True,False,False,,-1,72.4049,4000
2026-06-28 11:17:13,93,W+2.5,34307,12,True,False,False,,-1,72.1234,4000
2026-06-28 11:18:20,97,B+1.5,36794,4,True,False,False,,-1,72.011,4000
2026-06-28 11:22:39,109,W+0.5,34093,8,True,False,False,,-1,72.0976,5000
2026-06-28 11:23:45,92,B+0.5,33156,8,True,False,False,,-1,72.1008,5000
2026-06-28 11:24:57,104,B+0.5,35969,6,True,False,False,,-1,71.9312,5000
2026-06-28 11:26:04,109,B+0.5,36253,11,True,False,False,,-1,71.7951,5000
2026-06-28 11:27:13,108,B+8.5,38769,7,True,False,False,,-1,71.7821,5000
2026-06-28 11:28:21,107,W+1.5,36372,9,True,False,False,,-1,71.8151,5000
2026-06-28 11:29:19,91,B+1.5,32486,7,True,False,False,,-1,71.5723,5000
2026-06-28 11:30:30,107,B+6.5,37110,4,True,False,False,,-1,71.6691,5000
2026-06-28 11:31:57,136,B+1.5,48120,19,True,False,False,,-1,71.9116,5000
2026-06-28 11:33:30,145,B+4.5,51894,24,True,False,False,,-1,72.2,5000
2026-06-28 11:34:28,90,B+0.5,31913,6,True,False,False,,-1,72.1438,5000
2026-06-28 11:35:39,130,B+1.5,41350,16,True,False,False,,-1,72.1796,5000
2026-06-28 11:36:46,113,W+2.5,34797,9,True,False,False,,-1,72.0964,5000
2026-06-28 11:37:58,114,B+0.5,40418,12,True,False,False,,-1,72.097,5000
2026-06-28 11:39:22,138,B+2.5,47451,25,True,False,False,,-1,72.4014,5000
2026-06-28 11:40:28,100,B+0.5,35103,9,True,False,False,,-1,72.1291,5000
2026-06-28 11:41:33,97,B+5.5,34552,7,True,False,False,,-1,71.8535,5000
2026-06-28 11:42:29,89,W+0.5,31531,4,True,False,False,,-1,71.7566,5000
2026-06-28 11:43:34,101,W+8.5,34854,11,True,False,False,,-1,71.9049,5000
2026-06-28 11:44:37,98,B+3.5,35241,10,True,False,False,,-1,71.8881,5000
2026-06-28 11:46:08,147,B+5.5,48412,22,True,False,False,,-1,72.2065,5000
2026-06-28 11:47:12,99,W+2.5,34265,8,True,False,False,,-1,72.1596,5000
2026-06-28 11:48:25,108,B+1.5,40326,10,True,False,False,,-1,72.1571,5000
2026-06-28 11:49:33,103,B+8.5,36778,13,True,False,False,,-1,72.1444,5000
2026-06-28 11:50:32,84,B+0.5,30677,5,True,False,False,,-1,71.9935,5000
2026-06-28 11:51:52,138,B+2.5,41553,21,True,False,False,,-1,72.186,5000
2026-06-28 11:52:54,94,B+3.5,33463,8,True,False,False,,-1,72.0538,5000
2026-06-28 11:54:12,140,B+1.5,44893,24,True,False,False,,-1,72.1879,5000
2026-06-28 11:55:36,145,W+3.5,48545,25,True,False,False,,-1,72.3401,5000
2026-06-28 11:56:36,101,W+2.5,33081,10,True,False,False,,-1,72.2951,5000
2026-06-28 11:57:47,104,B+3.5,37931,12,True,False,False,,-1,72.2828,5000
2026-06-28 11:58:50,92,B+6.5,32373,9,True,False,False,,-1,72.0747,5000
2026-06-28 12:00:05,128,B+2.5,41699,18,True,False,False,,-1,72.1537,5000
2026-06-28 12:01:16,105,W+0.5,37609,15,True,False,False,,-1,72.1665,5000
2026-06-28 12:02:22,110,B+0.5,38467,12,True,False,False,,-1,72.0074,5000
2026-06-28 12:03:16,73,B+0.5,28368,6,True,False,False,,-1,71.8846,5000
2026-06-28 12:04:21,100,B+4.5,36054,5,True,False,False,,-1,71.7554,5000
2026-06-28 12:05:41,137,W+1.5,46213,33,True,False,False,,-1,71.9092,5000
2026-06-28 12:06:47,111,W+8.5,35098,18,True,False,False,,-1,71.7512,5000
2026-06-28 12:07:48,101,W+1.5,33228,18,True,False,False,,-1,71.6643,5000
2026-06-28 12:08:57,98,B+1.5,36159,7,True,False,False,,-1,71.7399,5000
2026-06-28 12:10:10,116,B+3.5,40045,12,True,False,False,,-1,71.7431,5000
2026-06-28 12:11:10,95,W+2.5,32131,10,True,False,False,,-1,71.5288,5000
2026-06-28 12:12:18,102,B+2.5,37039,10,True,False,False,,-1,71.5348,5000
2026-06-28 12:13:37,119,B+1.5,42818,18,True,False,False,,-1,71.5286,5000
2026-06-28 12:14:44,109,W+5.5,37585,8,True,False,False,,-1,71.4714,5000
2026-06-28 12:15:57,104,B+0.5,38542,11,True,False,False,,-1,71.4676,5000
2026-06-28 12:17:09,107,B+3.5,40246,9,True,False,False,,-1,71.3714,5000
2026-06-28 12:18:10,87,B+1.5,31986,3,True,False,False,,-1,71.2187,5000
2026-06-28 12:19:19,121,W+3.5,39005,18,True,False,False,,-1,71.2601,5000
2026-06-28 12:20:22,105,W+2.5,35722,19,True,False,False,,-1,71.0958,5000
2026-06-28 12:21:31,102,B+7.5,35964,5,True,False,False,,-1,70.9689,5000
2026-06-28 12:22:51,136,B+2.5,44248,24,True,False,False,,-1,70.9114,5000
2026-06-28 12:23:54,90,B+1.5,33052,12,True,False,False,,-1,70.8168,5000
2026-06-28 12:24:55,93,W+2.5,32034,13,True,False,False,,-1,70.7076,5000
2026-06-28 12:26:00,95,B+4.5,33713,5,True,False,False,,-1,70.5678,5000
2026-06-28 12:27:07,137,W+5.5,38236,17,True,False,False,,-1,70.5932,5000
2026-06-28 12:28:17,110,B+1.5,37259,13,True,False,False,,-1,70.5606,5000
2026-06-28 12:29:17,95,B+6.5,31988,5,True,False,False,,-1,70.4917,5000
2026-06-28 12:30:29,113,W+5.5,38827,11,True,False,False,,-1,70.222,5000
2026-06-28 12:31:32,99,W+2.5,32699,12,True,False,False,,-1,70.2206,5000
2026-06-28 12:32:46,162,B+7.5,42605,30,True,False,False,,-1,70.3385,5000
2026-06-28 12:33:49,99,B+0.5,35088,9,True,False,False,,-1,70.3108,5000
2026-06-28 12:34:57,102,B+2.5,37095,13,True,False,False,,-1,70.3119,5000
2026-06-28 12:36:14,116,B+3.5,41401,14,True,False,False,,-1,70.2444,5000
2026-06-28 12:37:29,117,B+5.5,41820,11,True,False,False,,-1,70.2751,5000
2026-06-28 12:38:40,115,W+7.5,38040,17,True,False,False,,-1,70.2165,5000
2026-06-28 12:39:47,107,W+2.5,34016,12,True,False,False,,-1,70.1683,5000
2026-06-28 12:40:55,113,W+1.5,37172,17,True,False,False,,-1,70.1452,5000
2026-06-28 12:41:58,96,B+1.5,34450,11,True,False,False,,-1,70.3024,5000
2026-06-28 12:42:41,53,B+3.5,20725,2,True,False,False,,-1,70.0377,5000
2026-06-28 12:43:54,112,B+2.5,39768,11,True,False,False,,-1,70.1045,5000
2026-06-28 12:44:48,67,B+1.5,26486,3,True,False,False,,-1,70.0161,5000
2026-06-28 12:46:12,120,B+14.5,43910,13,True,False,False,,-1,70.1547,5000
2026-06-28 12:47:14,96,B+0.5,33996,5,True,False,False,,-1,69.7602,5000
2026-06-28 12:48:24,120,B+1.5,39258,8,True,False,False,,-1,69.6714,5000
2026-06-28 12:49:33,117,W+0.5,38632,14,True,False,False,,-1,69.4476,5000
2026-06-28 12:50:49,128,B+0.5,42977,14,True,False,False,,-1,69.2865,5000
2026-06-28 12:52:03,112,B+11.5,40438,10,True,False,False,,-1,69.4153,5000
2026-06-28 12:53:11,107,W+0.5,35065,9,True,False,False,,-1,69.4027,5000
2026-06-28 12:54:24,127,B+3.5,39572,14,True,False,False,,-1,69.4668,5000
2026-06-28 12:55:25,98,B+2.5,33840,8,True,False,False,,-1,69.2683,5000
2026-06-28 12:56:20,71,B+1.5,27383,2,True,False,False,,-1,68.8667,5000
2026-06-28 12:57:23,105,W+1.5,35150,16,True,False,False,,-1,68.8482,5000
2026-06-28 12:58:50,162,W+2.5,48472,38,True,False,False,,-1,68.9444,5000
2026-06-28 13:00:02,125,W+3.5,39482,17,True,False,False,,-1,68.9093,5000
2026-06-28 13:01:14,119,W+0.5,39993,16,True,False,False,,-1,68.8413,5000
2026-06-28 13:02:23,105,B+6.5,36948,5,True,False,False,,-1,68.85,5000
2026-06-28 13:03:27,98,B+1.5,36089,6,True,False,False,,-1,68.802,5000
2026-06-28 13:04:38,118,B+3.5,38218,19,True,False,False,,-1,68.7876,5000
2026-06-28 13:05:59,135,W+2.5,46002,31,True,False,False,,-1,68.934,5000
2026-06-28 13:07:02,92,B+1.5,32766,8,True,False,False,,-1,68.8818,5000
2026-06-28 13:08:23,116,B+11.5,42841,17,True,False,False,,-1,68.948,5000
2026-06-28 13:09:38,140,B+1.5,42152,25,True,False,False,,-1,68.9556,5000
2026-06-28 13:10:51,119,W+1.5,39346,11,True,False,False,,-1,69.0651,5000
2026-06-28 13:12:01,104,B+10.5,38087,5,True,False,False,,-1,69.1099,5000
2026-06-28 13:13:06,106,B+2.5,37277,12,True,False,False,,-1,68.9597,5000
2026-06-28 13:14:09,86,B+1.5,31976,2,True,False,False,,-1,68.9321,5000
2026-06-28 13:15:33,130,B+2.5,48043,14,True,False,False,,-1,69.1061,5000
2026-06-28 13:16:42,101,W+0.5,36116,8,True,False,False,,-1,69.1324,5000
2026-06-28 13:17:50,115,B+2.5,38998,18,True,False,False,,-1,69.1115,5000
2026-06-28 13:19:10,129,W+1.5,44535,23,True,False,False,,-1,69.2465,5000
2026-06-28 13:20:18,101,W+0.5,34298,16,True,False,False,,-1,69.2076,5000
2026-06-28 13:21:26,98,B+2.5,36320,6,True,False,False,,-1,69.2115,5000
2026-06-28 13:22:37,107,W+0.5,36402,16,True,False,False,,-1,69.2382,5000
2026-06-28 13:23:46,101,B+1.5,37923,10,True,False,False,,-1,69.2513,5000
2026-06-28 13:25:07,139,B+4.5,43026,16,True,False,False,,-1,69.4747,5000
2026-06-28 13:26:26,116,B+2.5,41661,15,True,False,False,,-1,69.5522,5000
2026-06-28 13:27:35,104,B+1.5,37653,11,True,False,False,,-1,69.3749,5000
2026-06-28 13:28:47,117,W+2.5,40636,18,True,False,False,,-1,69.1719,5000
2026-06-28 13:29:53,100,B+5.5,37338,8,True,False,False,,-1,69.2493,5000
2026-06-28 13:30:54,88,B+0.5,33376,6,True,False,False,,-1,69.1441,5000
2026-06-28 13:32:00,114,B+0.5,36487,11,True,False,False,,-1,69.1415,5000
2026-06-28 13:33:17,123,B+1.5,42572,11,True,False,False,,-1,69.1854,5000
2026-06-28 13:34:27,106,B+1.5,37504,9,True,False,False,,-1,69.0417,5000
2026-06-28 13:35:53,130,B+7.5,46662,17,True,False,False,,-1,69.2445,5000
2026-06-28 13:37:02,113,W+3.5,37833,17,True,False,False,,-1,69.2936,5000
2026-06-28 13:38:14,106,B+7.5,39214,16,True,False,False,,-1,69.44,5000
2026-06-28 13:39:18,101,W+2.5,35965,6,True,False,False,,-1,69.4363,5000
2026-06-28 13:40:25,104,B+1.5,36584,9,True,False,False,,-1,69.4776,5000
2026-06-28 13:41:34,111,W+0.5,36371,10,True,False,False,,-1,69.2591,5000
2026-06-28 13:42:40,101,B+3.5,35649,4,True,False,False,,-1,69.2758,5000
2026-06-28 13:43:40,87,B+1.5,31743,7,True,False,False,,-1,69.1462,5000
2026-06-28 13:44:40,102,B+2.5,34543,8,True,False,False,,-1,69.0588,5000
2026-06-28 13:45:58,144,B+6.5,44919,27,True,False,False,,-1,69.2631,5000
2026-06-28 13:46:58,85,B+2.5,30455,8,True,False,False,,-1,69.0543,5000
2026-06-28 13:47:58,94,B+6.5,33300,6,True,False,False,,-1,69.0409,5000
2026-06-28 13:49:05,101,B+1.5,36071,9,True,False,False,,-1,68.9236,5000
2026-06-28 13:50:08,103,W+0.5,34636,6,True,False,False,,-1,68.7217,5000
2026-06-28 13:51:17,108,B+4.5,36426,15,True,False,False,,-1,68.7979,5000
2026-06-28 13:52:26,110,B+2.5,37220,11,True,False,False,,-1,68.7889,5000
2026-06-28 13:53:31,90,B+1.5,33824,4,True,False,False,,-1,68.8038,5000
2026-06-28 13:54:50,141,W+2.5,43221,23,True,False,False,,-1,68.8443,5000
2026-06-28 13:56:04,109,B+4.5,38493,13,True,False,False,,-1,68.8794,5000
2026-06-28 13:57:21,116,B+1.5,40769,14,True,False,False,,-1,68.9828,5000
2026-06-28 13:58:20,91,W+1.5,31655,9,True,False,False,,-1,69.0426,5000
2026-06-28 13:59:28,102,B+1.5,36823,9,True,False,False,,-1,69.0662,5000
2026-06-28 14:00:39,106,B+0.5,37156,14,True,False,False,,-1,68.9765,5000
2026-06-28 14:01:56,116,B+0.5,40124,14,True,False,False,,-1,69.0872,5000
2026-06-28 14:03:03,96,B+0.5,35639,4,True,False,False,,-1,69.1435,5000
2026-06-28 14:04:17,115,W+2.5,40809,14,True,False,False,,-1,69.1896,5000
2026-06-28 14:05:04,64,W+1.5,24032,2,True,False,False,,-1,68.9389,5000
2026-06-28 14:06:14,106,B+0.5,37512,8,True,False,False,,-1,69.045,5000
2026-06-28 14:07:36,162,B+6.5,48399,22,True,False,False,,-1,69.1716,5000
2026-06-28 14:08:42,122,B+1.5,37199,19,True,False,False,,-1,69.0474,5000
2026-06-28 14:09:40,99,W+7.5,32311,11,True,False,False,,-1,68.9584,5000
2026-06-28 14:10:43,101,W+2.5,34332,11,True,False,False,,-1,68.8607,5000
2026-06-28 14:12:06,137,W+0.5,45479,33,True,False,False,,-1,68.9616,5000
2026-06-28 14:13:15,110,B+0.5,38016,9,True,False,False,,-1,69.0434,5000
2026-06-28 14:14:19,123,W+3.5,37376,16,True,False,False,,-1,68.9948,5000
2026-06-28 14:15:29,115,W+1.5,37605,16,True,False,False,,-1,69.0666,5000
2026-06-28 14:16:39,106,B+0.5,37715,13,True,False,False,,-1,69.0815,5000
2026-06-28 14:17:41,92,B+1.5,32734,9,True,False,False,,-1,68.8968,5000
2026-06-28 14:18:43,99,W+1.5,33781,11,True,False,False,,-1,68.8921,5000
2026-06-28 14:19:55,112,B+3.5,38978,13,True,False,False,,-1,68.9896,5000
2026-06-28 14:21:17,132,B+0.5,43417,20,True,False,False,,-1,69.1668,5000
2026-06-28 14:22:22,115,W+5.5,36359,17,True,False,False,,-1,69.145,5000
2026-06-28 14:23:46,134,B+7.5,44522,8,True,False,False,,-1,69.2854,5000
2026-06-28 14:24:52,111,W+2.5,38361,18,True,False,False,,-1,69.3374,5000
2026-06-28 14:26:10,162,W+4.5,44452,17,True,False,False,,-1,69.4062,5000
2026-06-28 14:27:17,105,W+0.5,35219,12,True,False,False,,-1,69.447,5000
2026-06-28 14:28:30,113,W+0.5,37445,18,True,False,False,,-1,69.4372,5000
2026-06-28 14:29:40,113,B+3.5,39736,9,True,False,False,,-1,69.5084,5000
2026-06-28 14:30:40,75,B+4.5,29228,6,True,False,False,,-1,69.4278,5000
2026-06-28 14:31:42,87,B+4.5,32756,7,True,False,False,,-1,69.2818,5000
2026-06-28 14:32:55,114,B+1.5,38381,9,True,False,False,,-1,69.2587,5000
2026-06-28 14:34:13,115,B+0.5,42323,12,True,False,False,,-1,69.3224,5000
2026-06-28 14:35:30,127,W+0.5,43670,28,True,False,False,,-1,69.4205,5000
2026-06-28 14:36:39,131,B+6.5,39533,17,True,False,False,,-1,69.4394,5000
2026-06-28 14:37:42,91,W+5.5,31750,7,True,False,False,,-1,69.4353,5000
2026-06-28 14:38:51,107,B+2.5,37881,8,True,False,False,,-1,69.6985,5000
2026-06-28 14:39:58,108,B+5.5,36173,10,True,False,False,,-1,69.631,5000
2026-06-28 14:41:32,162,W+4.5,55247,33,True,False,False,,-1,70.0383,5000
2026-06-28 14:42:35,83,B+1.5,31873,2,True,False,False,,-1,69.8263,5000
2026-06-28 14:43:48,103,B+1.5,38460,10,True,False,False,,-1,69.9322,5000
2026-06-28 14:44:57,104,B+1.5,36741,11,True,False,False,,-1,69.9321,5000
2026-06-28 14:46:00,105,W+6.5,34938,10,True,False,False,,-1,69.8695,5000
2026-06-28 14:47:05,91,B+0.5,34331,2,True,False,False,,-1,69.7605,5000
