datetime,game_length,game_result,game_simulations,num_passes,is_resign_disabled,is_marked_for_resign,is_could_won,marked_resign_player,resign_threshold,time_per_game,training_steps
2026-06-27 14:48:55,75,B+2.5,2223,8,True,False,False,,-1,21.7984,0
2026-06-27 14:49:04,94,W+11.5,2624,8,True,False,False,,-1,15.6642,0
2026-06-27 14:49:12,77,B+4.5,2087,6,True,False,False,,-1,13.1677,0
2026-06-27 14:49:24,104,W+32.5,3345,7,True,False,False,,-1,12.8407,0
2026-06-27 14:49:29,52,W+11.5,1129,4,True,False,False,,-1,11.235,0
2026-06-27 14:49:36,68,W+7.5,1866,3,True,False,False,,-1,10.5664,0
2026-06-27 14:49:47,104,W+8.5,2983,8,True,False,False,,-1,10.6372,0
2026-06-27 14:50:02,131,B+38.5,3892,11,True,False,False,,-1,11.1706,0
2026-06-27 14:50:11,74,W+8.5,2239,3,True,False,False,,-1,10.9153,0
2026-06-27 14:50:13,24,W+7.5,639,2,True,False,False,,-1,10.062,0
2026-06-27 14:50:25,91,B+2.5,3068,9,True,False,False,,-1,10.1837,0
2026-06-27 14:50:32,70,W+6.5,1885,3,True,False,False,,-1,9.9496,0
2026-06-27 14:50:42,99,B+11.5,2588,5,True,False,False,,-1,9.9395,0
2026-06-27 14:50:47,42,W+12.5,1179,3,True,False,False,,-1,9.5543,0
2026-06-27 14:50:56,85,B+4.5,2581,6,True,False,False,,-1,9.559,0
2026-06-27 14:51:01,44,W+6.5,1369,3,True,False,False,,-1,9.2778,0
2026-06-27 14:51:15,111,B+14.5,3660,7,True,False,False,,-1,9.5318,0
2026-06-27 14:51:27,111,W+3.5,3743,10,True,False,False,,-1,9.6937,0
2026-06-27 14:51:38,99,B+1.5,2890,10,True,False,False,,-1,9.7518,0
2026-06-27 14:51:51,127,B+31.5,4011,11,True,False,False,,-1,9.8937,0
2026-06-27 14:52:03,106,W+3.5,3569,6,True,False,False,,-1,10.0236,0
2026-06-27 14:52:10,65,B+0.5,1691,7,True,False,False,,-1,9.8727,0
2026-06-27 14:52:26,135,B+26.5,4610,8,True,False,False,,-1,10.1192,0
2026-06-27 14:52:35,89,W+2.5,2689,8,True,False,False,,-1,10.0879,0
2026-06-27 14:52:46,95,B+5.5,2880,9,True,False,False,,-1,10.1204,0
2026-06-27 14:52:55,79,B+0.5,2447,5,True,False,False,,-1,10.0922,0
2026-06-27 14:53:07,101,B+0.5,3122,5,True,False,False,,-1,10.1403,0
2026-06-27 14:53:13,65,B+1.5,1716,5,True,False,False,,-1,10.0192,0
2026-06-27 14:53:21,72,W+1.5,1799,4,True,False,False,,-1,9.9256,0
2026-06-27 14:53:31,94,W+16.5,2959,5,True,False,False,,-1,9.9482,0
2026-06-27 14:53:40,79,B+0.5,2231,8,True,False,False,,-1,9.9,0
2026-06-27 14:53:47,71,B+4.5,1747,9,True,False,False,,-1,9.8099,0
2026-06-27 14:53:57,89,B+8.5,2659,8,True,False,False,,-1,9.8087,0
2026-06-27 14:54:03,60,W+4.5,1626,2,True,False,False,,-1,9.7105,0
2026-06-27 14:54:15,109,W+7.5,3367,7,True,False,False,,-1,9.7656,0
2026-06-27 14:54:24,83,B+3.5,2495,4,True,False,False,,-1,9.7624,0
2026-06-27 14:54:37,123,B+34.5,3421,8,True,False,False,,-1,9.8293,0
2026-06-27 14:54:47,94,W+5.5,2837,6,True,False,False,,-1,9.8465,0
2026-06-27 14:55:01,134,W+24.5,4318,10,True,False,False,,-1,9.9515,0
2026-06-27 14:55:14,109,B+8.5,3548,4,True,False,False,,-1,10.0274,0
2026-06-27 14:55:23,83,B+2.5,2386,4,True,False,False,,-1,10.0073,0
2026-06-27 14:55:35,113,W+5.5,3613,12,True,False,False,,-1,10.0591,0
2026-06-27 14:55:43,73,B+2.5,2049,4,True,False,False,,-1,10.012,0
2026-06-27 14:56:01,159,B+41.5,4967,9,True,False,False,,-1,10.1856,0
2026-06-27 14:56:10,87,B+10.5,2378,3,True,False,False,,-1,10.1656,0
2026-06-27 14:56:25,132,W+67.5,4067,5,True,False,False,,-1,10.2627,0
2026-06-27 14:56:37,117,W+8.5,3543,7,True,False,False,,-1,10.3083,0
2026-06-27 14:56:42,40,W+7.5,1035,2,True,False,False,,-1,10.1809,0
2026-06-27 14:56:50,85,B+0.5,2322,8,True,False,False,,-1,10.1497,0
2026-06-27 14:56:58,76,W+3.5,1969,3,True,False,False,,-1,10.1006,0
2026-06-27 14:57:11,112,W+1.5,3583,9,True,False,False,,-1,10.152,0
2026-06-27 14:57:17,56,W+5.5,1554,3,True,False,False,,-1,10.0766,0
2026-06-27 14:57:27,94,W+12.5,2788,5,True,False,False,,-1,10.0847,0
2026-06-27 14:57:34,56,W+8.5,1585,2,True,False,False,,-1,10.015,0
2026-06-27 14:57:47,115,B+24.5,3525,6,True,False,False,,-1,10.0682,0
2026-06-27 14:57:53,64,W+0.5,1536,4,True,False,False,,-1,10.0,0
2026-06-27 14:58:03,85,B+1.5,2684,6,True,False,False,,-1,9.9997,0
2026-06-27 14:58:14,95,B+3.5,3010,6,True,False,False,,-1,10.0158,0
2026-06-27 14:58:24,98,W+8.5,2667,5,True,False,False,,-1,10.0228,0
2026-06-27 14:58:39,135,B+2.5,4333,16,True,False,False,,-1,10.1066,0
2026-06-27 14:58:49,85,W+1.5,2622,7,True,False,False,,-1,10.0934,0
2026-06-27 14:58:57,80,W+7.5,2068,6,True,False,False,,-1,10.0634,0
2026-06-27 14:59:11,132,B+2.5,4120,14,True,False,False,,-1,10.1304,0
2026-06-27 14:59:18,62,W+5.5,1749,3,True,False,False,,-1,10.0796,0
2026-06-27 14:59:27,83,B+0.5,2214,7,True,False,False,,-1,10.0565,0
2026-06-27 14:59:31,44,W+4.5,1019,2,True,False,False,,-1,9.9693,0
2026-06-27 14:59:36,48,W+11.5,1068,2,True,False,False,,-1,9.8907,0
2026-06-27 14:59:45,89,B+13.5,2511,4,True,False,False,,-1,9.8813,0
2026-06-27 14:59:55,94,W+17.5,2722,5,True,False,False,,-1,9.8786,0
2026-06-27 15:00:04,83,B+1.5,2391,7,True,False,False,,-1,9.8674,0
2026-06-27 15:00:10,56,W+12.5,1435,3,True,False,False,,-1,9.814,0
2026-06-27 15:00:15,50,W+7.5,1369,3,True,False,False,,-1,9.7518,0
2026-06-27 15:00:23,79,B+1.5,1941,6,True,False,False,,-1,9.7247,0
2026-06-27 15:00:34,104,W+33.5,2819,4,True,False,False,,-1,9.7442,0
2026-06-27 15:00:42,69,B+1.5,2118,3,True,False,False,,-1,9.7256,0
2026-06-27 15:00:56,119,B+17.5,3840,14,True,False,False,,-1,9.7724,0
2026-06-27 15:01:06,96,W+21.5,2835,3,True,False,False,,-1,9.7803,0
2026-06-27 15:01:19,118,W+41.5,3468,8,True,False,False,,-1,9.8189,0
2026-06-27 15:01:27,85,B+3.5,2192,7,True,False,False,,-1,9.7989,0
2026-06-27 15:01:35,78,W+7.5,1859,3,True,False,False,,-1,9.7725,0
2026-06-27 15:01:45,96,B+0.5,2899,7,True,False,False,,-1,9.7812,0
2026-06-27 15:01:56,95,B+6.5,2870,3,True,False,False,,-1,9.7929,0
2026-06-27 15:02:04,79,B+2.5,2034,5,True,False,False,,-1,9.7732,0
2026-06-27 15:02:16,105,B+4.5,3376,10,True,False,False,,-1,9.7969,0
2026-06-27 15:02:26,101,W+2.5,2964,12,True,False,False,,-1,9.8064,0
2026-06-27 15:02:32,61,B+3.5,1504,8,True,False,False,,-1,9.7615,0
2026-06-27 15:02:46,121,W+33.5,4011,8,True,False,False,,-1,9.8053,0
2026-06-27 15:02:56,85,B+0.5,2632,7,True,False,False,,-1,9.8072,0
2026-06-27 15:03:02,63,B+0.5,1317,2,True,False,False,,-1,9.7627,0
2026-06-27 15:03:14,102,W+21.5,3224,5,True,False,False,,-1,9.7897,0
2026-06-27 15:03:24,81,B+1.5,2520,4,True,False,False,,-1,9.7895,0
2026-06-27 15:03:29,50,W+4.5,1412,3,True,False,False,,-1,9.743,0
2026-06-27 15:03:34,44,W+6.5,1061,3,True,False,False,,-1,9.6835,0
2026-06-27 15:03:42,83,B+0.5,2153,5,True,False,False,,-1,9.6742,0
2026-06-27 15:03:57,127,B+23.5,4375,11,True,False,False,,-1,9.7295,0
2026-06-27 15:04:08,103,W+17.5,3017,4,True,False,False,,-1,9.744,0
2026-06-27 15:04:15,68,W+2.5,1697,2,True,False,False,,-1,9.7163,0
2026-06-27 15:04:21,54,W+9.5,1301,2,True,False,False,,-1,9.6722,0
2026-06-27 15:04:30,77,B+5.5,2269,3,True,False,False,,-1,9.6648,0
2026-06-27 15:04:38,77,B+1.5,2188,6,True,False,False,,-1,9.6535,0
2026-06-27 15:04:52,119,W+14.5,4041,7,True,False,False,,-1,9.5726,0
2026-06-27 15:05:00,79,B+0.5,2069,6,True,False,False,,-1,9.5563,0
2026-06-27 15:05:10,92,W+2.5,2915,5,True,False,False,,-1,9.5776,0
2026-06-27 15:05:21,103,B+12.5,3219,9,True,False,False,,-1,9.5673,0
2026-06-27 15:05:28,63,B+0.5,1706,4,True,False,False,,-1,9.5888,0
2026-06-27 15:05:40,119,B+17.5,3324,11,True,False,False,,-1,9.6379,0
2026-06-27 15:05:50,87,B+1.5,2413,10,True,False,False,,-1,9.6221,0
2026-06-27 15:05:57,71,B+3.5,1768,3,True,False,False,,-1,9.5471,0
2026-06-27 15:06:11,121,B+3.5,3874,14,True,False,False,,-1,9.5973,0
2026-06-27 15:06:21,89,B+6.5,2541,5,True,False,False,,-1,9.6699,0
2026-06-27 15:06:29,77,B+11.5,2108,5,True,False,False,,-1,9.6397,0
2026-06-27 15:06:34,48,W+5.5,1393,2,True,False,False,,-1,9.6208,0
2026-06-27 15:06:39,44,W+9.5,1081,2,True,False,False,,-1,9.5666,0
2026-06-27 15:06:57,159,W+46.5,5143,10,True,False,False,,-1,9.6996,0
2026-06-27 15:07:04,74,W+0.5,1726,2,True,False,False,,-1,9.6766,0
2026-06-27 15:07:13,84,W+11.5,2284,6,True,False,False,,-1,9.7109,0
2026-06-27 15:07:22,85,B+15.5,2308,6,True,False,False,,-1,9.6665,0
2026-06-27 15:07:34,111,B+11.5,3567,6,True,False,False,,-1,9.6639,0
2026-06-27 15:07:43,82,W+7.5,2206,5,True,False,False,,-1,9.6427,0
2026-06-27 15:07:52,91,B+10.5,2580,4,True,False,False,,-1,9.6141,0
2026-06-27 15:08:00,65,B+0.5,1904,4,True,False,False,,-1,9.5623,0
2026-06-27 15:08:11,103,B+6.5,2958,11,True,False,False,,-1,9.6048,0
2026-06-27 15:08:23,108,W+3.5,3603,8,True,False,False,,-1,9.5702,0
2026-06-27 15:08:31,71,B+10.5,2032,2,True,False,False,,-1,9.5562,0
2026-06-27 15:08:40,92,W+5.5,2511,4,True,False,False,,-1,9.5449,0
2026-06-27 15:08:51,91,B+1.5,2828,4,True,False,False,,-1,9.5582,0
2026-06-27 15:08:57,56,W+3.5,1372,2,True,False,False,,-1,9.5011,0
2026-06-27 15:09:03,60,W+13.5,1637,2,True,False,False,,-1,9.4993,0
2026-06-27 15:09:16,105,B+6.5,3236,4,True,False,False,,-1,9.5476,0
2026-06-27 15:09:24,83,B+0.5,2352,6,True,False,False,,-1,9.5296,0
2026-06-27 15:09:35,97,B+18.5,2845,7,True,False,False,,-1,9.5521,0
2026-06-27 15:09:40,52,W+9.5,1260,2,True,False,False,,-1,9.5347,0
2026-06-27 15:09:44,28,W+7.5,990,2,True,False,False,,-1,9.4727,0
2026-06-27 15:10:01,143,B+46.5,4712,12,True,False,False,,-1,9.5764,0
2026-06-27 15:10:12,105,B+5.5,3322,12,True,False,False,,-1,9.576,0
2026-06-27 15:10:20,71,B+0.5,2005,5,True,False,False,,-1,9.5566,0
2026-06-27 15:10:25,46,W+5.5,1072,2,True,False,False,,-1,9.4795,0
2026-06-27 15:10:33,78,W+9.5,2115,6,True,False,False,,-1,9.4599,0
2026-06-27 15:10:44,96,B+0.5,3187,10,True,False,False,,-1,9.4283,0
2026-06-27 15:11:03,162,W+63.5,5384,3,True,False,False,,-1,9.4881,0
2026-06-27 15:11:15,103,B+8.5,3003,8,True,False,False,,-1,9.5128,0
2026-06-27 15:11:18,24,W+7.5,1027,2,True,False,False,,-1,9.4274,0
2026-06-27 15:11:27,85,B+0.5,2130,7,True,False,False,,-1,9.4305,0
2026-06-27 15:11:36,87,B+6.5,2688,6,True,False,False,,-1,9.352,0
2026-06-27 15:11:48,97,B+0.5,3187,10,True,False,False,,-1,9.3771,0
2026-06-27 15:11:54,52,W+5.5,1382,4,True,False,False,,-1,9.2866,0
2026-06-27 15:12:02,84,W+22.5,2145,3,True,False,False,,-1,9.2478,0
2026-06-27 15:12:10,72,W+7.5,1865,3,True,False,False,,-1,9.2813,0
2026-06-27 15:12:19,87,B+0.5,2512,9,True,False,False,,-1,9.2902,0
2026-06-27 15:12:26,58,W+5.5,1663,4,True,False,False,,-1,9.2778,0
2026-06-27 15:12:30,40,W+3.5,944,2,True,False,False,,-1,9.1884,0
2026-06-27 15:12:34,44,W+8.5,1174,3,True,False,False,,-1,9.1718,0
2026-06-27 15:12:47,126,W+52.5,3590,7,True,False,False,,-1,9.1951,0
2026-06-27 15:12:54,71,B+14.5,1916,3,True,False,False,,-1,9.2058,0
2026-06-27 15:12:58,36,W+7.5,831,2,True,False,False,,-1,9.1108,0
2026-06-27 15:13:07,81,B+8.5,2506,5,True,False,False,,-1,9.1418,0
2026-06-27 15:13:16,75,B+4.5,2296,5,True,False,False,,-1,9.1314,0
2026-06-27 15:13:28,109,B+22.5,3829,13,True,False,False,,-1,9.1396,0
2026-06-27 15:13:38,94,W+11.5,2719,12,True,False,False,,-1,9.1334,0
2026-06-27 15:13:50,110,B+19.5,3457,8,True,False,False,,-1,9.1033,0
2026-06-27 15:14:04,121,B+5.5,3889,10,True,False,False,,-1,9.1486,0
2026-06-27 15:14:09,50,W+8.5,1339,3,True,False,False,,-1,9.1191,0
2026-06-27 15:14:27,162,B+24.5,5013,14,True,False,False,,-1,9.1556,0
2026-06-27 15:14:37,89,B+2.5,2558,5,True,False,False,,-1,9.1841,0
2026-06-27 15:14:45,83,B+11.5,2181,10,True,False,False,,-1,9.1846,0
2026-06-27 15:14:56,101,B+5.5,3074,12,True,False,False,,-1,9.251,0
2026-06-27 15:15:04,73,B+0.5,2062,10,True,False,False,,-1,9.2849,0
2026-06-27 15:15:11,67,B+0.5,1582,6,True,False,False,,-1,9.2577,0
2026-06-27 15:15:24,122,B+7.5,4038,7,True,False,False,,-1,9.295,0
2026-06-27 15:15:28,46,W+10.5,1074,3,True,False,False,,-1,9.2469,0
2026-06-27 15:15:40,101,B+6.5,3214,8,True,False,False,,-1,9.2974,0
2026-06-27 15:15:55,147,B+28.5,4455,13,True,False,False,,-1,9.4004,0
2026-06-27 15:16:05,89,B+2.5,2650,5,True,False,False,,-1,9.4218,0
2026-06-27 15:16:15,94,W+10.5,2679,9,True,False,False,,-1,9.4112,0
2026-06-27 15:16:21,53,B+2.5,1438,4,True,False,False,,-1,9.3848,0
2026-06-27 15:16:34,117,W+10.5,3877,10,True,False,False,,-1,9.3818,0
2026-06-27 15:16:42,79,B+3.5,1993,7,True,False,False,,-1,9.355,0
2026-06-27 15:16:48,66,W+14.5,1578,2,True,False,False,,-1,9.2929,0
2026-06-27 15:17:01,122,B+9.5,3763,10,True,False,False,,-1,9.3411,0
2026-06-27 15:17:09,71,B+1.5,1850,4,True,False,False,,-1,9.337,0
2026-06-27 15:17:22,115,B+0.5,3617,14,True,False,False,,-1,9.363,0
2026-06-27 15:17:29,77,B+2.5,1885,3,True,False,False,,-1,9.3332,0
2026-06-27 15:17:34,47,W+6.5,1111,2,True,False,False,,-1,9.2972,0
2026-06-27 15:17:38,44,W+8.5,1037,2,True,False,False,,-1,9.2227,0
2026-06-27 15:17:56,162,B+37.5,4860,8,True,False,False,,-1,9.2916,0
2026-06-27 15:18:08,118,B+1.5,3755,13,True,False,False,,-1,9.3579,0
2026-06-27 15:18:18,83,W+13.5,2486,3,True,False,False,,-1,9.3175,0
2026-06-27 15:18:25,66,W+8.5,1884,4,True,False,False,,-1,9.2918,0
2026-06-27 15:18:35,95,B+2.5,2834,4,True,False,False,,-1,9.3319,0
2026-06-27 15:18:44,81,B+1.5,2100,4,True,False,False,,-1,9.295,0
2026-06-27 15:18:54,85,B+1.5,2571,9,True,False,False,,-1,9.2969,0
2026-06-27 15:19:10,145,B+31.5,4483,11,True,False,False,,-1,9.4016,0
2026-06-27 15:19:19,79,B+0.5,2321,5,True,False,False,,-1,9.4493,0
2026-06-27 15:19:30,111,B+12.5,3434,15,True,False,False,,-1,9.4804,0
2026-06-27 15:19:42,99,B+20.5,2970,3,True,False,False,,-1,9.4412,0
2026-06-27 15:19:48,60,W+2.5,1661,5,True,False,False,,-1,9.3939,0
2026-06-27 15:20:00,112,W+23.5,3227,7,True,False,False,,-1,9.4452,0
2026-06-27 15:20:14,117,B+22.5,3898,11,True,False,False,,-1,9.5297,0
2026-06-27 15:20:23,85,B+6.5,2303,5,True,False,False,,-1,9.5317,0
2026-06-27 15:20:39,146,W+50.5,4552,12,True,False,False,,-1,9.6037,0
2026-06-27 15:20:44,46,W+4.5,1258,4,True,False,False,,-1,9.5168,0
2026-06-27 15:20:55,91,B+6.5,2834,9,True,False,False,,-1,9.546,0
2026-06-27 15:21:02,68,W+3.5,1886,5,True,False,False,,-1,9.5175,0
2026-06-27 15:21:11,79,B+1.5,2297,4,True,False,False,,-1,9.4996,0
2026-06-27 15:21:20,83,B+11.5,2298,8,True,False,False,,-1,9.5169,0
2026-06-27 15:21:32,108,W+11.5,3402,5,True,False,False,,-1,9.5197,0
2026-06-27 15:21:36,36,W+5.5,854,2,True,False,False,,-1,9.4599,0
2026-06-27 15:21:48,110,W+20.5,3382,4,True,False,False,,-1,9.5124,0
2026-06-27 15:21:58,93,B+11.5,2578,4,True,False,False,,-1,9.4715,0
2026-06-27 15:22:06,73,B+0.5,2063,2,True,False,False,,-1,9.456,0
2026-06-27 15:22:25,162,W+50.5,5263,23,True,False,False,,-1,9.5572,0
2026-06-27 15:22:36,106,W+21.5,3208,8,True,False,False,,-1,9.6171,0
2026-06-27 15:22:45,79,B+6.5,2030,3,True,False,False,,-1,9.6582,0
2026-06-27 15:22:59,126,B+36.5,4157,9,True,False,False,,-1,9.6252,0
2026-06-27 15:23:04,36,W+7.5,1074,2,True,False,False,,-1,9.5933,0
2026-06-27 15:23:15,113,W+9.5,3452,10,True,False,False,,-1,9.6282,0
2026-06-27 15:23:21,56,W+11.5,1495,4,True,False,False,,-1,9.5957,0
2026-06-27 15:23:29,75,B+3.5,1794,6,True,False,False,,-1,9.5464,0
2026-06-27 15:23:36,62,W+7.5,1854,4,True,False,False,,-1,9.5321,0
2026-06-27 15:23:48,115,W+26.5,3586,6,True,False,False,,-1,9.559,0
2026-06-27 15:23:57,86,W+5.5,2232,5,True,False,False,,-1,9.5735,0
2026-06-27 15:24:09,99,W+6.5,3252,7,True,False,False,,-1,9.5784,0
2026-06-27 15:24:19,100,W+3.5,2869,7,True,False,False,,-1,9.5571,0
2026-06-27 15:24:24,53,B+1.5,1463,3,True,False,False,,-1,9.5353,0
2026-06-27 15:24:36,106,B+11.5,3423,7,True,False,False,,-1,9.558,0
2026-06-27 15:24:45,75,B+0.5,2181,3,True,False,False,,-1,9.5357,0
2026-06-27 15:24:54,89,B+3.5,2424,8,True,False,False,,-1,9.5664,0
2026-06-27 15:25:01,75,B+2.5,1617,6,True,False,False,,-1,9.5701,0
2026-06-27 15:25:03,22,W+7.5,524,2,True,False,False,,-1,9.4699,0
2026-06-27 15:25:14,102,W+3.5,3139,6,True,False,False,,-1,9.4924,0
2026-06-27 15:25:18,36,W+6.5,1064,2,True,False,False,,-1,9.4291,0
2026-06-27 15:25:33,131,B+4.5,4400,24,True,False,False,,-1,9.5244,0
2026-06-27 15:25:42,88,W+5.5,2320,5,True,False,False,,-1,9.5812,0
2026-06-27 15:25:51,78,W+16.5,2235,4,True,False,False,,-1,9.4993,0
2026-06-27 15:26:01,85,B+0.5,2652,5,True,False,False,,-1,9.4837,0
2026-06-27 15:26:10,83,B+4.5,2320,8,True,False,False,,-1,9.5006,0
2026-06-27 15:26:22,102,W+4.5,3263,6,True,False,False,,-1,9.5689,0
2026-06-27 15:26:30,76,W+1.5,2158,4,True,False,False,,-1,9.5678,0
2026-06-27 15:26:40,91,B+1.5,2539,5,True,False,False,,-1,9.5548,0
2026-06-27 15:26:49,85,B+0.5,2316,7,True,False,False,,-1,9.4545,0
2026-06-27 15:27:01,120,W+22.5,3759,11,True,False,False,,-1,9.4643,0
2026-06-27 15:27:09,80,W+6.5,2106,7,True,False,False,,-1,9.5093,0
2026-06-27 15:27:27,149,W+27.5,5279,11,True,False,False,,-1,9.5995,0
2026-06-27 15:27:40,111,B+0.5,3874,4,True,False,False,,-1,9.6378,0
2026-06-27 15:27:47,66,W+7.5,1554,5,True,False,False,,-1,9.5847,0
2026-06-27 15:27:56,83,B+2.5,2294,5,True,False,False,,-1,9.6161,0
2026-06-27 15:28:03,73,B+3.5,1759,3,True,False,False,,-1,9.6033,0
2026-06-27 15:28:14,102,B+7.5,3005,6,True,False,False,,-1,9.6361,0
2026-06-27 15:28:26,109,B+2.5,3710,8,True,False,False,,-1,9.6676,0
2026-06-27 15:28:34,72,W+8.5,1922,2,True,False,False,,-1,9.6803,0
2026-06-27 15:28:44,97,B+2.5,2524,7,True,False,False,,-1,9.7435,0
2026-06-27 15:29:00,141,B+40.5,4548,12,True,False,False,,-1,9.8537,0
2026-06-27 15:29:08,75,B+0.5,2031,8,True,False,False,,-1,9.8037,0
2026-06-27 15:29:12,40,W+7.5,993,2,True,False,False,,-1,9.7695,0
2026-06-27 15:29:16,34,W+8.5,1150,2,True,False,False,,-1,9.7801,0
2026-06-27 15:29:22,60,W+6.5,1431,3,True,False,False,,-1,9.7474,0
2026-06-27 15:29:32,87,B+6.5,2676,5,True,False,False,,-1,9.7573,0
2026-06-27 15:29:45,115,W+24.5,3657,10,True,False,False,,-1,9.7677,0
2026-06-27 15:29:56,93,B+4.5,2975,6,True,False,False,,-1,9.7788,0
2026-06-27 15:30:06,97,B+1.5,3199,10,True,False,False,,-1,9.7601,0
2026-06-27 15:30:19,112,W+0.5,3420,13,True,False,False,,-1,9.7496,0
2026-06-27 15:30:25,64,W+5.5,1578,5,True,False,False,,-1,9.7616,0
2026-06-27 15:30:30,52,W+1.5,1110,2,True,False,False,,-1,9.6313,0
2026-06-27 15:30:38,79,B+7.5,2182,7,True,False,False,,-1,9.6157,0
2026-06-27 15:30:47,77,B+0.5,2143,8,True,False,False,,-1,9.615,0
2026-06-27 15:31:00,111,B+2.5,3544,12,True,False,False,,-1,9.6351,0
2026-06-27 15:31:11,103,B+2.5,3361,10,True,False,False,,-1,9.6671,0
2026-06-27 15:31:20,77,B+2.5,2191,5,True,False,False,,-1,9.6862,0
2026-06-27 15:31:30,82,W+1.5,2670,5,True,False,False,,-1,9.6518,0
2026-06-27 15:31:40,97,B+5.5,2765,3,True,False,False,,-1,9.7161,0
2026-06-27 15:31:46,58,W+0.5,1502,2,True,False,False,,-1,9.6654,0
2026-06-27 15:31:53,71,B+4.5,1711,4,True,False,False,,-1,9.5808,0
2026-06-27 15:32:06,103,B+4.5,3249,6,True,False,False,,-1,9.603,0
2026-06-27 15:32:17,97,B+14.5,3042,5,True,False,False,,-1,9.6152,0
2026-06-27 15:32:21,44,W+6.5,966,2,True,False,False,,-1,9.5978,0
2026-06-27 15:32:30,89,B+4.5,2403,7,True,False,False,,-1,9.5632,0
2026-06-27 15:32:38,77,B+0.5,1853,7,True,False,False,,-1,9.5616,0
2026-06-27 15:32:46,81,B+0.5,2070,4,True,False,False,,-1,9.5769,0
2026-06-27 15:33:02,150,B+23.5,4677,16,True,False,False,,-1,9.6041,0
2026-06-27 15:33:13,110,W+2.5,3249,8,True,False,False,,-1,9.6408,0
2026-06-27 15:33:24,103,B+6.5,3277,6,True,False,False,,-1,9.6171,0
2026-06-27 15:33:33,97,W+10.5,2681,9,True,False,False,,-1,9.635,0
2026-06-27 15:33:42,90,W+1.5,2215,6,True,False,False,,-1,9.6783,0
2026-06-27 15:33:53,95,B+2.5,3057,7,True,False,False,,-1,9.7439,0
2026-06-27 15:34:07,139,B+37.5,4175,10,True,False,False,,-1,9.7124,0
2026-06-27 15:34:13,60,W+6.5,1468,2,True,False,False,,-1,9.6472,0
2026-06-27 15:34:24,95,B+6.5,3091,8,True,False,False,,-1,9.6633,0
2026-06-27 15:34:32,63,B+6.5,1930,3,True,False,False,,-1,9.6645,0
2026-06-27 15:34:48,133,B+41.5,4340,9,True,False,False,,-1,9.7276,0
2026-06-27 15:34:57,82,W+0.5,2464,6,True,False,False,,-1,9.7368,0
2026-06-27 15:35:08,97,W+10.5,2977,7,True,False,False,,-1,9.7456,0
2026-06-27 15:35:16,64,W+7.5,1946,4,True,False,False,,-1,9.6604,0
2026-06-27 15:35:20,46,W+6.5,1175,2,True,False,False,,-1,9.6175,0
2026-06-27 15:35:30,81,B+2.5,2518,3,True,False,False,,-1,9.5926,0
2026-06-27 15:35:38,81,B+4.5,2111,7,True,False,False,,-1,9.5639,0
2026-06-27 15:35:48,90,W+6.5,2372,5,True,False,False,,-1,9.5964,0
2026-06-27 15:35:54,60,W+6.5,1609,5,True,False,False,,-1,9.5383,0
2026-06-27 15:36:10,137,W+43.5,4277,4,True,False,False,,-1,9.5547,0
2026-06-27 15:36:25,137,B+33.5,4703,9,True,False,False,,-1,9.6218,0
2026-06-27 15:36:43,162,B+22.5,5286,17,True,False,False,,-1,9.6433,0
2026-06-27 15:36:55,95,B+4.5,3172,9,True,False,False,,-1,9.7085,0
2026-06-27 15:37:02,69,B+0.5,1802,5,True,False,False,,-1,9.6727,0
2026-06-27 15:37:11,80,W+7.5,2255,7,True,False,False,,-1,9.6865,0
2026-06-27 15:37:19,89,B+2.5,2216,7,True,False,False,,-1,9.6793,0
2026-06-27 15:37:26,66,W+14.5,1601,3,True,False,False,,-1,9.6564,0
2026-06-27 15:37:36,92,W+5.5,2815,7,True,False,False,,-1,9.6345,0
2026-06-27 15:37:47,102,W+7.5,2932,8,True,False,False,,-1,9.7071,0
2026-06-27 15:37:58,101,B+9.5,2930,6,True,False,False,,-1,9.6909,0
2026-06-27 15:38:07,97,W+8.5,2645,6,True,False,False,,-1,9.6889,0
2026-06-27 15:38:15,69,B+0.5,1837,6,True,False,False,,-1,9.6829,0
2026-06-27 15:38:28,110,W+18.5,3423,13,True,False,False,,-1,9.6253,0
2026-06-27 15:38:41,111,B+9.5,3697,8,True,False,False,,-1,9.6414,0
2026-06-27 15:38:49,74,W+1.5,2098,8,True,False,False,,-1,9.6376,0
2026-06-27 15:38:57,85,B+0.5,2219,10,True,False,False,,-1,9.5743,0
2026-06-27 15:39:07,95,B+6.5,2821,9,True,False,False,,-1,9.6329,0
2026-06-27 15:39:16,86,W+14.5,2188,5,True,False,False,,-1,9.6006,0
2026-06-27 15:39:28,109,B+1.5,3508,15,True,False,False,,-1,9.6599,0
2026-06-27 15:39:37,89,B+1.5,2674,8,True,False,False,,-1,9.6843,0
2026-06-27 15:39:45,71,B+0.5,2078,4,True,False,False,,-1,9.6917,0
2026-06-27 15:39:52,71,B+0.5,1607,9,True,False,False,,-1,9.6346,0
2026-06-27 15:39:57,44,W+7.5,1113,2,True,False,False,,-1,9.5915,0
2026-06-27 15:40:02,44,W+6.5,1483,2,True,False,False,,-1,9.5343,0
2026-06-27 15:40:06,44,W+7.5,1000,2,True,False,False,,-1,9.4765,0
2026-06-27 15:40:23,144,W+47.5,4530,6,True,False,False,,-1,9.5814,0
2026-06-27 15:40:26,28,W+7.5,821,2,True,False,False,,-1,9.4949,0
2026-06-27 15:40:34,69,B+2.5,1910,6,True,False,False,,-1,9.4857,0
2026-06-27 15:40:47,117,B+25.5,3438,8,True,False,False,,-1,9.5272,0
2026-06-27 15:40:58,107,W+22.5,3302,6,True,False,False,,-1,9.5759,0
2026-06-27 15:41:06,65,B+0.5,1887,8,True,False,False,,-1,9.6276,0
2026-06-27 15:41:14,79,B+3.5,2051,6,True,False,False,,-1,9.5979,0
2026-06-27 15:41:21,73,B+0.5,1733,8,True,False,False,,-1,9.6256,0
2026-06-27 15:41:32,103,B+14.5,2951,4,True,False,False,,-1,9.591,0
2026-06-27 15:41:37,42,W+3.5,1231,3,True,False,False,,-1,9.5466,0
2026-06-27 15:41:41,38,W+8.5,1068,3,True,False,False,,-1,9.5022,0
2026-06-27 15:41:57,140,W+42.5,4526,13,True,False,False,,-1,9.563,0
2026-06-27 15:42:08,99,B+0.5,3132,4,True,False,False,,-1,9.5794,0
2026-06-27 15:42:19,107,B+15.5,3369,8,True,False,False,,-1,9.5757,0
2026-06-27 15:42:25,50,W+7.5,1375,3,True,False,False,,-1,9.5451,0
2026-06-27 15:42:38,132,B+4.5,3955,19,True,False,False,,-1,9.586,0
2026-06-27 15:42:55,150,W+19.5,5183,26,True,False,False,,-1,9.6651,0
2026-06-27 15:43:01,58,W+2.5,1436,4,True,False,False,,-1,9.5962,0
2026-06-27 15:43:10,84,W+14.5,2401,11,True,False,False,,-1,9.6055,0
2026-06-27 15:43:20,97,W+11.5,2740,5,True,False,False,,-1,9.5321,0
2026-06-27 15:43:29,81,B+0.5,2254,6,True,False,False,,-1,9.4847,0
2026-06-27 15:43:38,77,B+0.5,2240,7,True,False,False,,-1,9.5078,0
2026-06-27 15:43:48,99,B+3.5,2760,6,True,False,False,,-1,9.5254,0
2026-06-27 15:43:59,95,W+5.5,3049,5,True,False,False,,-1,9.5601,0
2026-06-27 15:44:11,100,W+0.5,3243,5,True,False,False,,-1,9.5694,0
2026-06-27 15:44:20,83,B+0.5,2550,6,True,False,False,,-1,9.5373,0
2026-06-27 15:44:27,68,W+11.5,1836,2,True,False,False,,-1,9.5315,0
2026-06-27 15:44:36,79,B+0.5,2280,6,True,False,False,,-1,9.5207,0
2026-06-27 15:44:47,99,W+1.5,2967,6,True,False,False,,-1,9.4743,0
2026-06-27 15:44:55,73,B+0.5,2142,7,True,False,False,,-1,9.4768,0
2026-06-27 15:45:10,133,B+35.5,3986,5,True,False,False,,-1,9.5822,0
2026-06-27 15:45:22,105,W+26.5,3410,4,True,False,False,,-1,9.6603,0
2026-06-27 15:45:33,87,B+2.5,2781,4,True,False,False,,-1,9.7042,0
2026-06-27 15:45:40,75,B+1.5,1967,8,True,False,False,,-1,9.6821,0
2026-06-27 15:45:48,65,B+7.5,1793,3,True,False,False,,-1,9.6249,0
2026-06-27 15:45:55,66,W+14.5,1842,2,True,False,False,,-1,9.5897,0
2026-06-27 15:46:07,113,B+9.5,3395,7,True,False,False,,-1,9.6134,0
2026-06-27 15:46:23,135,B+44.5,4367,11,True,False,False,,-1,9.6393,0
2026-06-27 15:46:39,139,B+29.5,4519,11,True,False,False,,-1,9.734,0
2026-06-27 15:46:49,87,B+0.5,2656,5,True,False,False,,-1,9.7874,0
2026-06-27 15:46:52,34,W+7.5,674,2,True,False,False,,-1,9.7359,0
2026-06-27 15:47:03,89,B+3.5,2908,7,True,False,False,,-1,9.759,0
2026-06-27 15:47:07,50,W+1.5,1042,2,True,False,False,,-1,9.6749,0
2026-06-27 15:47:19,113,B+18.5,3346,8,True,False,False,,-1,9.6752,0
2026-06-27 15:47:35,145,W+39.5,4658,8,True,False,False,,-1,9.7514,0
2026-06-27 15:47:44,87,B+4.5,2308,7,True,False,False,,-1,9.7394,0
2026-06-27 15:47:52,82,W+4.5,2095,4,True,False,False,,-1,9.716,0
2026-06-27 15:48:00,83,B+2.5,2073,4,True,False,False,,-1,9.7365,0
2026-06-27 15:48:18,162,W+63.5,5109,2,True,False,False,,-1,9.847,0
2026-06-27 15:48:27,77,B+2.5,2220,5,True,False,False,,-1,9.8081,0
2026-06-27 15:48:32,50,W+7.5,1353,2,True,False,False,,-1,9.7512,0
2026-06-27 15:48:44,104,W+0.5,3264,5,True,False,False,,-1,9.8293,0
2026-06-27 15:48:57,114,W+11.5,3601,7,True,False,False,,-1,9.8685,0
2026-06-27 15:49:10,114,W+17.5,3863,6,True,False,False,,-1,9.9233,0
2026-06-27 15:49:16,54,W+5.5,1350,3,True,False,False,,-1,9.8977,0
2026-06-27 15:49:23,67,B+2.5,1746,3,True,False,False,,-1,9.8109,0
2026-06-27 15:49:32,87,B+1.5,2440,9,True,False,False,,-1,9.7947,0
2026-06-27 15:49:44,95,B+1.5,3190,11,True,False,False,,-1,9.8045,0
2026-06-27 15:49:53,83,B+10.5,2290,4,True,False,False,,-1,9.798,0
2026-06-27 15:49:59,57,B+0.5,1632,7,True,False,False,,-1,9.7731,0
2026-06-27 15:50:08,84,W+15.5,2103,3,True,False,False,,-1,9.7458,0
2026-06-27 15:50:12,48,W+3.5,1198,2,True,False,False,,-1,9.6497,0
2026-06-27 15:50:21,85,B+6.5,2198,8,True,False,False,,-1,9.6721,0
2026-06-27 15:50:30,75,B+8.5,2293,5,True,False,False,,-1,9.651,0
2026-06-27 15:50:48,141,B+37.5,5249,7,True,False,False,,-1,9.7546,0
2026-06-27 15:50:57,85,B+0.5,2467,5,True,False,False,,-1,9.6891,0
2026-06-27 15:51:05,72,W+10.5,1995,5,True,False,False,,-1,9.6727,0
2026-06-27 15:51:13,77,B+3.5,2072,4,True,False,False,,-1,9.6463,0
2026-06-27 15:51:27,121,B+34.5,4063,8,True,False,False,,-1,9.7144,0
2026-06-27 15:51:34,58,W+7.5,1603,4,True,False,False,,-1,9.7326,0
2026-06-27 15:51:44,96,B+2.5,2887,8,True,False,False,,-1,9.743,0
2026-06-27 15:52:00,131,B+35.5,4071,5,True,False,False,,-1,9.8176,0
2026-06-27 15:52:09,77,B+0.5,2328,12,True,False,False,,-1,9.8097,0
2026-06-27 15:52:19,95,B+0.5,2711,9,True,False,False,,-1,9.8462,0
2026-06-27 15:52:30,100,W+17.5,2993,5,True,False,False,,-1,9.8002,0
2026-06-27 15:52:48,162,W+61.5,5471,11,True,False,False,,-1,9.8278,0
2026-06-27 15:52:53,38,W+9.5,1300,3,True,False,False,,-1,9.6977,0
2026-06-27 15:53:06,121,W+4.5,3858,10,True,False,False,,-1,9.706,0
2026-06-27 15:53:16,93,B+0.5,2801,8,True,False,False,,-1,9.7414,0
2026-06-27 15:53:23,58,W+7.5,1593,2,True,False,False,,-1,9.7147,0
2026-06-27 15:53:32,85,B+8.5,2344,7,True,False,False,,-1,9.724,0
2026-06-27 15:53:43,102,W+10.5,3140,7,True,False,False,,-1,9.7755,0
2026-06-27 15:53:51,68,W+6.5,1929,2,True,False,False,,-1,9.75,0
2026-06-27 15:53:57,60,W+6.5,1283,2,True,False,False,,-1,9.6974,0
2026-06-27 15:54:04,72,W+10.5,1978,3,True,False,False,,-1,9.6648,0
2026-06-27 15:54:18,124,B+27.5,3612,10,True,False,False,,-1,9.704,0
2026-06-27 15:54:31,117,B+34.5,3673,6,True,False,False,,-1,9.7645,0
2026-06-27 15:54:40,71,B+0.5,2151,6,True,False,False,,-1,9.7201,0
2026-06-27 15:54:51,107,B+10.5,3179,10,True,False,False,,-1,9.7069,0
2026-06-27 15:55:02,93,B+2.5,2779,10,True,False,False,,-1,9.7309,0
2026-06-27 15:55:15,121,B+14.5,3799,16,True,False,False,,-1,9.7741,0
2026-06-27 15:55:19,52,W+8.5,1115,3,True,False,False,,-1,9.7214,0
2026-06-27 15:55:29,92,B+0.5,2819,8,True,False,False,,-1,9.7338,0
2026-06-27 15:55:37,73,B+0.5,1905,4,True,False,False,,-1,9.6915,0
2026-06-27 15:55:44,66,W+8.5,1676,4,True,False,False,,-1,9.6613,0
2026-06-27 15:55:46,24,W+7.5,514,2,True,False,False,,-1,9.6027,0
2026-06-27 15:55:59,110,B+18.5,3443,14,True,False,False,,-1,9.6645,0
2026-06-27 15:56:10,102,W+1.5,2903,10,True,False,False,,-1,9.7293,0
2026-06-27 15:56:18,75,B+1.5,2102,3,True,False,False,,-1,9.7554,0
2026-06-27 15:56:28,102,W+11.5,2954,9,True,False,False,,-1,9.8155,0
2026-06-27 15:56:32,42,W+3.5,974,2,True,False,False,,-1,9.6925,0
2026-06-27 15:56:47,129,B+30.5,4190,5,True,False,False,,-1,9.8107,0
2026-06-27 15:56:58,97,B+3.5,2820,7,True,False,False,,-1,9.8368,0
2026-06-27 15:57:10,121,B+27.5,3455,8,True,False,False,,-1,9.8345,0
2026-06-27 15:57:16,56,W+8.5,1489,3,True,False,False,,-1,9.7751,0
2026-06-27 15:57:22,60,W+7.5,1519,2,True,False,False,,-1,9.7636,0
2026-06-27 15:57:31,83,B+12.5,2205,4,True,False,False,,-1,9.7713,0
2026-06-27 15:57:44,116,W+4.5,3952,13,True,False,False,,-1,9.8258,0
2026-06-27 15:57:49,58,W+0.5,1426,4,True,False,False,,-1,9.7687,0
2026-06-27 15:57:56,57,B+0.5,1908,8,True,False,False,,-1,9.7876,0
2026-06-27 15:58:01,54,W+2.5,1213,4,True,False,False,,-1,9.7961,0
2026-06-27 15:58:07,54,W+11.5,1519,2,True,False,False,,-1,9.6972,0
2026-06-27 15:58:20,118,W+24.5,3630,15,True,False,False,,-1,9.7106,0
2026-06-27 15:58:35,134,W+61.5,4163,5,True,False,False,,-1,9.7535,0
2026-06-27 15:58:44,93,W+0.5,2576,8,True,False,False,,-1,9.7947,0
2026-06-27 15:58:56,109,B+3.5,3440,9,True,False,False,,-1,9.7791,0
2026-06-27 15:59:00,38,W+7.5,800,2,True,False,False,,-1,9.6456,0
2026-06-27 15:59:04,46,W+8.5,968,2,True,False,False,,-1,9.6307,0
2026-06-27 15:59:09,50,W+5.5,938,2,True,False,False,,-1,9.5831,0
2026-06-27 15:59:21,115,B+11.5,3486,12,True,False,False,,-1,9.6083,0
2026-06-27 15:59:29,77,B+3.5,2117,6,True,False,False,,-1,9.6009,0
2026-06-27 15:59:34,46,W+9.5,1099,3,True,False,False,,-1,9.5597,0
2026-06-27 15:59:45,97,B+9.5,2919,5,True,False,False,,-1,9.563,0
2026-06-27 15:59:49,36,W+7.5,990,3,True,False,False,,-1,9.4957,0
2026-06-27 15:59:52,34,W+6.5,880,2,True,False,False,,-1,9.4149,0
2026-06-27 16:00:03,107,B+22.5,3149,10,True,False,False,,-1,9.4308,0
2026-06-27 16:00:13,95,B+0.5,2722,7,True,False,False,,-1,9.4599,0
2026-06-27 16:00:31,153,W+52.5,5119,11,True,False,False,,-1,9.5461,0
2026-06-27 16:00:43,102,W+4.5,3298,10,True,False,False,,-1,9.5532,0
2026-06-27 16:00:54,101,B+26.5,3130,5,True,False,False,,-1,9.5866,0
2026-06-27 16:01:05,97,B+1.5,2849,10,True,False,False,,-1,9.545,0
2026-06-27 16:01:10,44,W+7.5,1351,2,True,False,False,,-1,9.4724,0
2026-06-27 16:01:20,96,W+12.5,2695,7,True,False,False,,-1,9.4705,0
2026-06-27 16:01:35,127,B+34.5,3965,7,True,False,False,,-1,9.5393,0
2026-06-27 16:01:41,54,W+12.5,1670,3,True,False,False,,-1,9.5312,0
2026-06-27 16:01:51,85,B+0.5,2692,6,True,False,False,,-1,9.558,0
2026-06-27 16:02:03,109,B+7.5,3603,9,True,False,False,,-1,9.5549,0
2026-06-27 16:02:13,85,B+8.5,2783,5,True,False,False,,-1,9.503,0
2026-06-27 16:02:27,117,W+4.5,3653,6,True,False,False,,-1,9.476,0
2026-06-27 16:02:35,84,W+8.5,2305,4,True,False,False,,-1,9.4614,0
2026-06-27 16:02:40,54,W+7.5,1182,2,True,False,False,,-1,9.4814,0
2026-06-27 16:02:46,48,W+10.5,1399,2,True,False,False,,-1,9.4269,0
2026-06-27 16:02:57,107,B+7.5,3118,10,True,False,False,,-1,9.498,0
2026-06-27 16:03:07,92,W+25.5,2601,3,True,False,False,,-1,9.4843,0
2026-06-27 16:03:17,94,W+25.5,2644,4,True,False,False,,-1,9.4244,0
2026-06-27 16:03:30,119,W+7.5,3652,12,True,False,False,,-1,9.4583,0
2026-06-27 16:03:40,95,B+0.5,2788,6,True,False,False,,-1,9.4767,0
2026-06-27 16:03:50,106,B+12.5,2940,11,True,False,False,,-1,9.502,0
2026-06-27 16:04:05,129,W+18.5,4263,12,True,False,False,,-1,9.4616,0
2026-06-27 16:04:18,123,W+2.5,3612,12,True,False,False,,-1,9.5102,0
2026-06-27 16:04:22,42,W+7.5,1170,2,True,False,False,,-1,9.5005,0
2026-06-27 16:04:30,75,B+1.5,1901,5,True,False,False,,-1,9.4605,0
2026-06-27 16:04:40,87,B+2.5,2659,8,True,False,False,,-1,9.4242,0
2026-06-27 16:04:54,116,W+43.5,3887,9,True,False,False,,-1,9.4315,0
2026-06-27 16:05:13,162,B+19.5,5213,4,True,False,False,,-1,9.5666,0
2026-06-27 16:05:18,50,W+6.5,1188,2,True,False,False,,-1,9.544,0
2026-06-27 16:05:31,115,B+21.5,3583,6,True,False,False,,-1,9.5836,0
2026-06-27 16:05:41,90,W+8.5,2640,6,True,False,False,,-1,9.5678,0
2026-06-27 16:05:49,72,W+8.5,2193,2,True,False,False,,-1,9.5593,0
2026-06-27 16:05:52,32,W+7.5,773,2,True,False,False,,-1,9.5282,0
2026-06-27 16:05:56,38,W+6.5,837,4,True,False,False,,-1,9.4823,0
2026-06-27 16:06:05,97,B+2.5,2771,9,True,False,False,,-1,9.5292,0
2026-06-27 16:06:13,80,W+9.5,1914,4,True,False,False,,-1,9.5223,0
2026-06-27 16:06:22,83,B+1.5,2333,5,True,False,False,,-1,9.5253,0
2026-06-27 16:06:35,125,W+0.5,3978,13,True,False,False,,-1,9.4749,0
2026-06-27 16:06:43,73,B+1.5,1967,4,True,False,False,,-1,9.4575,0
2026-06-27 16:06:50,64,B+8.5,1829,6,True,False,False,,-1,9.4482,0
2026-06-27 16:07:06,140,W+20.5,4519,10,True,False,False,,-1,9.5314,0
2026-06-27 16:07:16,94,W+5.5,2703,7,True,False,False,,-1,9.4855,0
2026-06-27 16:07:26,91,B+2.5,2530,8,True,False,False,,-1,9.5209,0
2026-06-27 16:07:30,46,W+8.5,905,3,True,False,False,,-1,9.4559,0
2026-06-27 16:07:36,60,W+10.5,1645,3,True,False,False,,-1,9.363,0
2026-06-27 16:07:53,142,W+1.5,4879,21,True,False,False,,-1,9.4434,0
2026-06-27 16:08:00,67,B+1.5,1700,8,True,False,False,,-1,9.4124,0
2026-06-27 16:08:10,83,B+0.5,2568,6,True,False,False,,-1,9.3984,0
2026-06-27 16:08:18,76,W+0.5,2194,5,True,False,False,,-1,9.2952,0
2026-06-27 16:08:29,103,B+23.5,2832,6,True,False,False,,-1,9.3553,0
2026-06-27 16:08:38,88,W+31.5,2264,10,True,False,False,,-1,9.3206,0
2026-06-27 16:08:43,46,W+6.5,1292,3,True,False,False,,-1,9.2631,0
2026-06-27 16:08:54,95,B+4.5,2809,2,True,False,False,,-1,9.3076,0
2026-06-27 16:09:04,99,B+15.5,2894,3,True,False,False,,-1,9.3218,0
2026-06-27 16:09:12,73,B+0.5,1911,9,True,False,False,,-1,9.2827,0
2026-06-27 16:09:19,71,B+4.5,1739,4,True,False,False,,-1,9.2771,0
2026-06-27 16:09:30,96,W+10.5,2977,2,True,False,False,,-1,9.3329,0
2026-06-27 16:09:34,42,W+9.5,982,2,True,False,False,,-1,9.2977,0
2026-06-27 16:09:40,64,W+8.5,1381,5,True,False,False,,-1,9.2223,0
2026-06-27 16:09:51,99,B+8.5,2946,7,True,False,False,,-1,9.1961,0
2026-06-27 16:10:02,100,W+3.5,2879,8,True,False,False,,-1,9.224,0
2026-06-27 16:10:07,44,W+6.5,1082,3,True,False,False,,-1,9.15,0
2026-06-27 16:10:18,106,W+12.5,3312,11,True,False,False,,-1,9.1612,0
2026-06-27 16:10:28,95,B+11.5,2538,12,True,False,False,,-1,9.1335,0
2026-06-27 16:10:42,129,W+8.5,4347,7,True,False,False,,-1,9.2267,0
2026-06-27 16:10:51,84,W+12.5,2228,8,True,False,False,,-1,9.214,0
2026-06-27 16:10:58,65,B+0.5,1653,4,True,False,False,,-1,9.206,0
2026-06-27 16:11:07,91,B+4.5,2398,8,True,False,False,,-1,9.231,0
2026-06-27 16:11:11,38,W+7.5,1022,2,True,False,False,,-1,9.249,0
2026-06-27 16:11:23,106,W+0.5,3532,12,True,False,False,,-1,9.2408,0
2026-06-27 16:11:33,83,B+3.5,2604,5,True,False,False,,-1,9.2288,0
2026-06-27 16:11:48,140,W+46.5,4568,12,True,False,False,,-1,9.3032,0
2026-06-27 16:12:00,107,B+14.5,3198,12,True,False,False,,-1,9.3183,0
2026-06-27 16:12:11,100,W+12.5,3077,6,True,False,False,,-1,9.3907,0
2026-06-27 16:12:22,94,W+5.5,3255,6,True,False,False,,-1,9.3458,0
2026-06-27 16:12:34,105,B+0.5,3435,8,True,False,False,,-1,9.3656,0
2026-06-27 16:12:40,60,W+9.5,1412,3,True,False,False,,-1,9.2982,0
2026-06-27 16:12:53,120,W+47.5,3402,6,True,False,False,,-1,9.3654,0
2026-06-27 16:13:03,92,B+2.5,2732,12,True,False,False,,-1,9.4027,0
2026-06-27 16:13:07,34,W+7.5,1008,2,True,False,False,,-1,9.354,0
2026-06-27 16:13:19,117,W+28.5,3610,7,True,False,False,,-1,9.3545,0
2026-06-27 16:13:30,93,B+1.5,2998,4,True,False,False,,-1,9.4094,0
2026-06-27 16:13:44,125,B+39.5,3617,5,True,False,False,,-1,9.4769,0
2026-06-27 16:13:56,104,W+0.5,3428,6,True,False,False,,-1,9.5528,0
2026-06-27 16:14:09,121,W+2.5,3943,11,True,False,False,,-1,9.6192,0
2026-06-27 16:14:24,120,B+6.5,4048,4,True,False,False,,-1,9.6379,0
2026-06-27 16:14:35,100,W+12.5,3407,6,True,False,False,,-1,9.6028,0
2026-06-27 16:14:46,95,B+0.5,3034,9,True,False,False,,-1,9.6168,0
2026-06-27 16:15:01,121,B+9.5,4112,19,True,False,False,,-1,9.6427,0
2026-06-27 16:15:06,58,W+5.5,1230,3,True,False,False,,-1,9.6602,0
2026-06-27 16:15:21,134,W+53.5,4304,6,True,False,False,,-1,9.7711,0
2026-06-27 16:15:33,105,B+0.5,3114,18,True,False,False,,-1,9.8454,0
2026-06-27 16:15:41,70,W+10.5,1946,4,True,False,False,,-1,9.7961,0
2026-06-27 16:15:48,79,B+7.5,1891,15,True,False,False,,-1,9.7867,0
2026-06-27 16:15:55,69,B+1.5,1758,4,True,False,False,,-1,9.8113,0
2026-06-27 16:16:06,90,W+14.5,2802,5,True,False,False,,-1,9.8077,0
2026-06-27 16:16:14,83,B+4.5,2194,5,True,False,False,,-1,9.8535,0
2026-06-27 16:16:23,84,W+11.5,2396,5,True,False,False,,-1,9.909,0
2026-06-27 16:16:30,65,B+0.5,1712,5,True,False,False,,-1,9.8663,0
2026-06-27 16:16:38,74,W+0.5,2107,5,True,False,False,,-1,9.8478,0
2026-06-27 16:16:47,74,W+5.5,2113,6,True,False,False,,-1,9.7543,0
2026-06-27 16:16:53,62,W+8.5,1563,2,True,False,False,,-1,9.6997,0
2026-06-27 16:17:05,101,W+22.5,3286,2,True,False,False,,-1,9.7043,0
2026-06-27 16:17:16,108,B+9.5,3323,7,True,False,False,,-1,9.716,0
2026-06-27 16:17:31,138,W+26.5,4190,14,True,False,False,,-1,9.8156,0
2026-06-27 16:17:40,75,B+1.5,2374,3,True,False,False,,-1,9.8017,0
2026-06-27 16:17:51,103,B+22.5,2842,12,True,False,False,,-1,9.7627,0
2026-06-27 16:18:01,99,W+10.5,2823,5,True,False,False,,-1,9.8027,0
2026-06-27 16:18:09,72,W+6.5,1847,4,True,False,False,,-1,9.7768,0
2026-06-27 16:18:20,100,B+1.5,3233,9,True,False,False,,-1,9.7656,0
2026-06-27 16:18:29,88,W+0.5,2531,9,True,False,False,,-1,9.7586,0
2026-06-27 16:18:40,96,B+3.5,3425,8,True,False,False,,-1,9.7346,0
2026-06-27 16:18:52,107,B+10.5,3067,7,True,False,False,,-1,9.7614,0
2026-06-27 16:19:02,102,W+9.5,3139,6,True,False,False,,-1,9.8192,0
2026-06-27 16:19:10,75,B+5.5,1974,7,True,False,False,,-1,9.8437,0
2026-06-27 16:19:18,79,B+1.5,1961,11,True,False,False,,-1,9.804,0
2026-06-27 16:19:24,57,W+8.5,1625,3,True,False,False,,-1,9.7685,0
2026-06-27 16:19:27,26,W+7.5,694,2,True,False,False,,-1,9.6952,0
2026-06-27 16:19:32,50,W+6.5,1294,3,True,False,False,,-1,9.6267,0
2026-06-27 16:19:42,93,B+14.5,2633,3,True,False,False,,-1,9.6223,0
2026-06-27 16:19:54,103,B+6.5,3368,12,True,False,False,,-1,9.6343,0
2026-06-27 16:20:02,83,B+20.5,2126,7,True,False,False,,-1,9.5759,0
2026-06-27 16:20:12,87,B+1.5,2613,8,True,False,False,,-1,9.539,0
2026-06-27 16:20:25,110,W+25.5,3717,9,True,False,False,,-1,9.6264,0
2026-06-27 16:20:41,125,B+17.5,4139,12,True,False,False,,-1,9.7021,0
2026-06-27 16:20:48,71,B+0.5,1931,8,True,False,False,,-1,9.6793,0
2026-06-27 16:20:53,48,W+6.5,1187,3,True,False,False,,-1,9.5912,0
2026-06-27 16:21:06,114,W+45.5,3343,6,True,False,False,,-1,9.5251,0
2026-06-27 16:21:09,32,W+9.5,762,2,True,False,False,,-1,9.5076,0
2026-06-27 16:21:15,56,W+6.5,1521,3,True,False,False,,-1,9.4387,0
2026-06-27 16:21:21,60,W+8.5,1342,2,True,False,False,,-1,9.393,0
2026-06-27 16:21:31,97,W+5.5,3104,5,True,False,False,,-1,9.4194,0
2026-06-27 16:21:42,103,B+5.5,2870,5,True,False,False,,-1,9.493,0
2026-06-27 16:21:52,103,B+3.5,2847,12,True,False,False,,-1,9.5603,0
2026-06-27 16:22:00,76,W+4.5,1871,4,True,False,False,,-1,9.5443,0
2026-06-27 16:22:10,93,B+0.5,2683,12,True,False,False,,-1,9.5701,0
2026-06-27 16:22:16,56,W+10.5,1523,4,True,False,False,,-1,9.5367,0
2026-06-27 16:22:23,66,W+13.5,1583,3,True,False,False,,-1,9.4728,0
2026-06-27 16:22:31,81,B+1.5,2235,8,True,False,False,,-1,9.4815,0
2026-06-27 16:22:41,78,W+6.5,2466,4,True,False,False,,-1,9.5092,0
2026-06-27 16:22:51,97,B+4.5,2633,9,True,False,False,,-1,9.4457,0
2026-06-27 16:23:06,125,W+26.5,4147,5,True,False,False,,-1,9.4964,0
2026-06-27 16:23:12,48,W+9.5,1355,3,True,False,False,,-1,9.4522,0
2026-06-27 16:23:18,55,W+4.5,1568,4,True,False,False,,-1,9.4751,0
2026-06-27 16:23:20,26,W+7.5,539,2,True,False,False,,-1,9.4354,0
2026-06-27 16:23:28,70,W+5.5,1880,3,True,False,False,,-1,9.3408,0
2026-06-27 16:23:33,50,W+4.5,1171,2,True,False,False,,-1,9.3209,0
2026-06-27 16:23:47,130,W+47.5,3877,9,True,False,False,,-1,9.3702,0
2026-06-27 16:24:01,123,B+44.5,3714,12,True,False,False,,-1,9.4232,0
2026-06-27 16:24:11,101,B+3.5,3021,6,True,False,False,,-1,9.4219,0
2026-06-27 16:24:14,32,W+7.5,618,2,True,False,False,,-1,9.3602,0
2026-06-27 16:24:18,44,W+7.5,886,2,True,False,False,,-1,9.3477,0
2026-06-27 16:24:33,136,W+5.5,4211,11,True,False,False,,-1,9.3908,0
2026-06-27 16:24:51,162,B+34.5,5346,14,True,False,False,,-1,9.4637,0
2026-06-27 16:24:54,32,W+7.5,898,2,True,False,False,,-1,9.4223,0
2026-06-27 16:25:03,85,B+0.5,2555,6,True,False,False,,-1,9.4417,0
2026-06-27 16:25:13,84,W+3.5,2520,7,True,False,False,,-1,9.4283,0
2026-06-27 16:25:31,162,W+48.5,5184,16,True,False,False,,-1,9.565,0
2026-06-27 16:25:39,75,B+2.5,2017,8,True,False,False,,-1,9.5847,0
2026-06-27 16:25:49,92,W+11.5,2805,6,True,False,False,,-1,9.5779,0
2026-06-27 16:25:58,87,B+9.5,2331,6,True,False,False,,-1,9.5594,0
2026-06-27 16:26:13,129,B+40.5,3983,6,True,False,False,,-1,9.6648,0
2026-06-27 16:26:21,76,W+10.5,2029,3,True,False,False,,-1,9.6263,0
2026-06-27 16:26:33,105,W+2.5,3328,14,True,False,False,,-1,9.6429,0
2026-06-27 16:26:44,95,B+9.5,2863,4,True,False,False,,-1,9.6127,0
2026-06-27 16:26:48,36,W+7.5,1155,2,True,False,False,,-1,9.5705,0
2026-06-27 16:27:01,121,W+12.5,4027,12,True,False,False,,-1,9.6363,0
2026-06-27 16:27:13,111,B+18.5,3452,10,True,False,False,,-1,9.6649,0
2026-06-27 16:27:24,88,W+8.5,2821,4,True,False,False,,-1,9.7264,0
2026-06-27 16:27:32,87,B+2.5,2392,11,True,False,False,,-1,9.6936,0
2026-06-27 16:27:40,72,W+8.5,1877,2,True,False,False,,-1,9.6697,0
2026-06-27 16:27:51,109,B+14.5,3171,7,True,False,False,,-1,9.6235,0
2026-06-27 16:28:02,92,W+21.5,2950,2,True,False,False,,-1,9.615,0
2026-06-27 16:28:12,91,B+0.5,2913,3,True,False,False,,-1,9.6089,0
2026-06-27 16:28:23,89,B+4.5,2739,5,True,False,False,,-1,9.6043,0
2026-06-27 16:28:35,106,W+22.5,3400,11,True,False,False,,-1,9.6105,0
2026-06-27 16:28:45,97,B+3.5,2702,10,True,False,False,,-1,9.6503,0
2026-06-27 16:28:48,34,W+6.5,713,3,True,False,False,,-1,9.5553,0
2026-06-27 16:28:58,90,W+1.5,2523,7,True,False,False,,-1,9.5522,0
2026-06-27 16:29:03,46,W+4.5,1245,3,True,False,False,,-1,9.5656,0
2026-06-27 16:29:19,140,W+47.5,4679,11,True,False,False,,-1,9.5955,0
2026-06-27 16:29:32,112,W+2.5,3760,8,True,False,False,,-1,9.6149,0
2026-06-27 16:29:35,30,W+7.5,745,2,True,False,False,,-1,9.5113,0
2026-06-27 16:29:47,115,B+34.5,3222,5,True,False,False,,-1,9.5062,0
2026-06-27 16:29:57,87,B+14.5,2420,5,True,False,False,,-1,9.4709,0
2026-06-27 16:30:01,44,W+5.5,1000,3,True,False,False,,-1,9.3694,0
2026-06-27 16:30:13,114,B+0.5,3625,14,True,False,False,,-1,9.3716,0
2026-06-27 16:30:21,73,B+1.5,2096,3,True,False,False,,-1,9.3445,0
2026-06-27 16:30:32,107,W+3.5,3123,10,True,False,False,,-1,9.3073,0
2026-06-27 16:30:40,75,B+3.5,1982,2,True,False,False,,-1,9.3325,0
2026-06-27 16:30:58,157,W+53.5,5023,9,True,False,False,,-1,9.3606,0
2026-06-27 16:31:11,123,B+11.5,3918,18,True,False,False,,-1,9.381,0
2026-06-27 16:31:18,60,W+3.5,1647,4,True,False,False,,-1,9.3722,0
2026-06-27 16:31:29,101,B+7.5,2898,5,True,False,False,,-1,9.4055,0
2026-06-27 16:31:33,42,W+10.5,981,2,True,False,False,,-1,9.3735,0
2026-06-27 16:31:42,77,B+6.5,2517,7,True,False,False,,-1,9.3632,0
2026-06-27 16:31:53,92,W+0.5,3012,10,True,False,False,,-1,9.3827,0
2026-06-27 16:31:59,68,W+9.5,1554,2,True,False,False,,-1,9.356,0
2026-06-27 16:32:09,93,W+5.5,2711,5,True,False,False,,-1,9.3842,0
2026-06-27 16:32:21,104,W+36.5,3405,3,True,False,False,,-1,9.4248,0
2026-06-27 16:32:24,38,W+9.5,795,2,True,False,False,,-1,9.3749,0
2026-06-27 16:32:32,66,W+15.5,1916,4,True,False,False,,-1,9.3905,0
2026-06-27 16:32:38,50,W+14.5,1520,2,True,False,False,,-1,9.3315,0
2026-06-27 16:32:46,68,W+2.5,1983,4,True,False,False,,-1,9.2915,0
2026-06-27 16:32:59,115,B+21.5,3859,15,True,False,False,,-1,9.2727,0
2026-06-27 16:33:08,88,W+1.5,2483,5,True,False,False,,-1,9.278,0
2026-06-27 16:33:19,97,B+7.5,2894,6,True,False,False,,-1,9.2777,0
2026-06-27 16:33:28,98,B+8.5,2673,7,True,False,False,,-1,9.2663,0
2026-06-27 16:33:35,62,W+7.5,1778,3,True,False,False,,-1,9.2623,0
2026-06-27 16:33:44,79,B+5.5,2328,7,True,False,False,,-1,9.2399,0
2026-06-27 16:33:47,20,W+7.5,772,2,True,False,False,,-1,9.1721,0
2026-06-27 16:33:58,110,W+2.5,3085,11,True,False,False,,-1,9.1788,0
2026-06-27 16:34:16,162,W+49.5,4748,11,True,False,False,,-1,9.2376,0
2026-06-27 16:34:20,48,W+6.5,1177,2,True,False,False,,-1,9.1759,0
2026-06-27 16:34:24,30,W+8.5,1001,3,True,False,False,,-1,9.1351,0
2026-06-27 16:34:31,58,W+11.5,1650,2,True,False,False,,-1,9.1244,0
2026-06-27 16:34:48,151,B+15.5,4717,13,True,False,False,,-1,9.2301,0
2026-06-27 16:34:56,84,W+5.5,2210,10,True,False,False,,-1,9.2874,0
2026-06-27 16:35:06,90,W+8.5,2858,8,True,False,False,,-1,9.335,0
2026-06-27 16:35:12,64,W+10.5,1436,5,True,False,False,,-1,9.2965,0
2026-06-27 16:35:21,83,B+7.5,2233,4,True,False,False,,-1,9.2656,0
2026-06-27 16:35:29,77,B+5.5,2175,9,True,False,False,,-1,9.2617,0
2026-06-27 16:35:38,81,B+2.5,2516,10,True,False,False,,-1,9.2628,0
2026-06-27 16:35:49,97,W+18.5,2959,3,True,False,False,,-1,9.2336,0
2026-06-27 16:35:57,79,B+2.5,1980,3,True,False,False,,-1,9.1598,0
2026-06-27 16:36:10,116,W+8.5,3933,13,True,False,False,,-1,9.2197,0
2026-06-27 16:36:19,86,W+5.5,2261,6,True,False,False,,-1,9.2575,0
2026-06-27 16:36:27,73,B+3.5,2136,5,True,False,False,,-1,9.2155,0
2026-06-27 16:36:38,95,B+2.5,2811,5,True,False,False,,-1,9.2898,0
2026-06-27 16:36:51,125,B+43.5,3569,9,True,False,False,,-1,9.3583,0
2026-06-27 16:37:00,91,B+15.5,2629,8,True,False,False,,-1,9.3969,0
2026-06-27 16:37:14,127,B+32.5,3957,15,True,False,False,,-1,9.4293,0
2026-06-27 16:37:25,102,B+3.5,3136,6,True,False,False,,-1,9.4298,0
2026-06-27 16:37:32,72,W+8.5,1769,2,True,False,False,,-1,9.3991,0
2026-06-27 16:37:37,44,W+12.5,1275,3,True,False,False,,-1,9.3711,0
2026-06-27 16:37:46,79,B+1.5,2175,8,True,False,False,,-1,9.3549,0
2026-06-27 16:37:56,92,W+15.5,2632,4,True,False,False,,-1,9.3951,0
2026-06-27 16:38:02,60,W+6.5,1491,2,True,False,False,,-1,9.394,0
2026-06-27 16:38:07,50,W+6.5,1204,2,True,False,False,,-1,9.3557,0
2026-06-27 16:38:15,73,B+3.5,2075,3,True,False,False,,-1,9.3382,0
2026-06-27 16:38:19,44,W+9.5,1045,2,True,False,False,,-1,9.2795,0
2026-06-27 16:38:34,137,B+15.5,3982,6,True,False,False,,-1,9.2764,0
2026-06-27 16:38:43,80,W+8.5,2416,4,True,False,False,,-1,9.3107,0
2026-06-27 16:38:51,77,B+3.5,2108,9,True,False,False,,-1,9.3257,0
2026-06-27 16:38:59,83,B+2.5,2223,4,True,False,False,,-1,9.3902,0
2026-06-27 16:39:11,108,B+0.5,3358,11,True,False,False,,-1,9.4306,0
2026-06-27 16:39:24,114,B+1.5,4018,13,True,False,False,,-1,9.5157,0
2026-06-27 16:39:28,26,W+7.5,904,2,True,False,False,,-1,9.4079,0
2026-06-27 16:39:38,91,B+11.5,2497,5,True,False,False,,-1,9.3694,0
2026-06-27 16:39:46,81,B+0.5,2070,7,True,False,False,,-1,9.3408,0
2026-06-27 16:39:54,75,B+11.5,2271,7,True,False,False,,-1,9.4016,0
2026-06-27 16:40:06,89,B+0.5,3014,5,True,False,False,,-1,9.4759,0
2026-06-27 16:40:16,89,B+1.5,2707,6,True,False,False,,-1,9.4268,0
2026-06-27 16:40:32,162,B+55.5,4895,18,True,False,False,,-1,9.4086,0
2026-06-27 16:40:40,85,B+0.5,2246,2,True,False,False,,-1,9.4611,0
2026-06-27 16:40:47,57,B+1.5,1748,4,True,False,False,,-1,9.4391,0
2026-06-27 16:40:53,52,W+0.5,1497,2,True,False,False,,-1,9.4014,0
2026-06-27 16:41:01,75,B+5.5,1809,3,True,False,False,,-1,9.2952,0
2026-06-27 16:41:08,75,B+0.5,1754,6,True,False,False,,-1,9.2861,0
2026-06-27 16:41:15,70,W+12.5,1781,2,True,False,False,,-1,9.2579,0
2026-06-27 16:41:22,70,W+4.5,1806,3,True,False,False,,-1,9.2388,0
2026-06-27 16:41:34,109,B+2.5,3376,7,True,False,False,,-1,9.2036,0
2026-06-27 16:41:46,105,B+26.5,3075,5,True,False,False,,-1,9.2448,0
2026-06-27 16:41:51,46,W+7.5,1378,2,True,False,False,,-1,9.1819,0
2026-06-27 16:42:03,117,B+11.5,3432,8,True,False,False,,-1,9.1947,0
2026-06-27 16:42:14,96,W+2.5,3049,7,True,False,False,,-1,9.2629,0
2026-06-27 16:42:23,74,W+1.5,2163,4,True,False,False,,-1,9.2128,0
2026-06-27 16:42:28,54,W+8.5,1088,3,True,False,False,,-1,9.1418,0
2026-06-27 16:42:34,60,W+6.5,1619,3,True,False,False,,-1,9.1061,0
2026-06-27 16:42:46,104,W+4.5,3096,11,True,False,False,,-1,9.1354,0
2026-06-27 16:42:55,83,B+0.5,2308,9,True,False,False,,-1,9.1482,0
2026-06-27 16:43:03,77,B+0.5,2276,4,True,False,False,,-1,9.1219,0
2026-06-27 16:43:10,70,W+5.5,1775,3,True,False,False,,-1,9.0837,0
2026-06-27 16:43:26,141,B+12.5,4785,21,True,False,False,,-1,9.1393,0
2026-06-27 16:43:36,83,W+7.5,2543,2,True,False,False,,-1,9.1357,0
2026-06-27 16:43:46,85,B+2.5,2497,2,True,False,False,,-1,9.0997,0
2026-06-27 16:43:59,125,W+2.5,3865,13,True,False,False,,-1,9.1347,0
2026-06-27 16:44:12,120,W+46.5,3615,7,True,False,False,,-1,9.2334,0
2026-06-27 16:44:22,88,W+2.5,2713,5,True,False,False,,-1,9.2376,0
2026-06-27 16:44:34,107,B+2.5,3361,12,True,False,False,,-1,9.3081,0
2026-06-27 16:44:45,95,B+4.5,2753,9,True,False,False,,-1,9.2552,0
2026-06-27 16:44:55,86,W+0.5,2695,3,True,False,False,,-1,9.2277,0
2026-06-27 16:45:09,123,W+4.5,4389,11,True,False,False,,-1,9.3346,0
2026-06-27 16:45:18,85,B+6.5,2288,11,True,False,False,,-1,9.3023,0
2026-06-27 16:45:21,38,W+7.5,748,2,True,False,False,,-1,9.2411,0
2026-06-27 16:45:33,98,B+3.5,3368,4,True,False,False,,-1,9.3237,0
2026-06-27 16:45:38,42,W+9.5,1113,2,True,False,False,,-1,9.2483,0
2026-06-27 16:45:42,38,W+7.5,1070,2,True,False,False,,-1,9.2093,0
2026-06-27 16:45:50,68,W+4.5,1986,2,True,False,False,,-1,9.1787,0
2026-06-27 16:45:59,89,B+7.5,2522,6,True,False,False,,-1,9.1981,0
2026-06-27 16:46:09,86,W+5.5,2510,4,True,False,False,,-1,9.1113,0
2026-06-27 16:46:15,56,W+6.5,1545,4,True,False,False,,-1,9.0332,0
2026-06-27 16:46:28,123,B+31.5,3827,8,True,False,False,,-1,9.0993,0
2026-06-27 16:46:39,109,B+5.5,3039,9,True,False,False,,-1,9.1011,0
2026-06-27 16:46:46,69,B+0.5,1726,6,True,False,False,,-1,9.132,0
2026-06-27 16:46:49,26,W+6.5,694,2,True,False,False,,-1,9.0659,0
2026-06-27 16:46:58,89,B+11.5,2350,4,True,False,False,,-1,9.0542,0
2026-06-27 16:47:06,64,W+3.5,1977,3,True,False,False,,-1,9.066,0
2026-06-27 16:47:09,36,W+11.5,809,2,True,False,False,,-1,9.0029,0
2026-06-27 16:47:16,62,W+4.5,1628,5,True,False,False,,-1,8.9436,0
2026-06-27 16:47:24,85,B+0.5,2280,9,True,False,False,,-1,8.9948,0
2026-06-27 16:47:36,104,W+5.5,3244,8,True,False,False,,-1,9.0338,0
2026-06-27 16:47:46,93,B+0.5,2782,7,True,False,False,,-1,9.0745,0
2026-06-27 16:47:53,73,B+0.5,1899,6,True,False,False,,-1,9.0732,0
2026-06-27 16:48:02,81,B+2.5,2405,6,True,False,False,,-1,9.0308,0
2026-06-27 16:48:14,111,B+1.5,3498,7,True,False,False,,-1,9.0585,0
2026-06-27 16:48:24,85,B+1.5,2398,5,True,False,False,,-1,9.0447,0
2026-06-27 16:48:33,87,B+0.5,2352,5,True,False,False,,-1,9.0463,0
2026-06-27 16:48:37,45,W+6.5,891,2,True,False,False,,-1,9.0163,0
2026-06-27 16:48:41,49,W+3.5,1109,3,True,False,False,,-1,8.9727,0
2026-06-27 16:48:53,108,W+6.5,3321,15,True,False,False,,-1,9.0648,0
2026-06-27 16:48:57,44,W+10.5,943,3,True,False,False,,-1,8.9915,0
2026-06-27 16:49:10,101,B+0.5,3266,6,True,False,False,,-1,8.9383,0
2026-06-27 16:49:17,69,B+0.5,1761,3,True,False,False,,-1,8.9627,0
2026-06-27 16:49:28,102,B+4.5,3132,8,True,False,False,,-1,9.0412,0
2026-06-27 16:49:40,106,B+3.5,3295,12,True,False,False,,-1,9.0898,0
2026-06-27 16:49:48,80,W+3.5,2167,6,True,False,False,,-1,9.006,0
2026-06-27 16:49:59,105,B+7.5,2980,11,True,False,False,,-1,9.0301,0
2026-06-27 16:50:15,155,W+18.5,4585,20,True,False,False,,-1,9.088,0
2026-06-27 16:50:27,110,B+7.5,3489,13,True,False,False,,-1,9.1522,0
2026-06-27 16:50:33,52,W+6.5,1518,2,True,False,False,,-1,9.1231,0
2026-06-27 16:50:42,86,W+17.5,2409,3,True,False,False,,-1,9.1345,0
2026-06-27 16:51:00,162,W+14.5,5163,16,True,False,False,,-1,9.2162,0
2026-06-27 16:51:18,162,B+43.5,5324,13,True,False,False,,-1,9.2937,0
2026-06-27 16:51:30,104,W+10.5,3086,2,True,False,False,,-1,9.3294,0
2026-06-27 16:51:39,86,W+4.5,2477,5,True,False,False,,-1,9.2885,0
2026-06-27 16:51:49,82,W+0.5,2481,3,True,False,False,,-1,9.2939,0
2026-06-27 16:51:56,76,W+3.5,1981,9,True,False,False,,-1,9.2884,0
2026-06-27 16:52:09,104,W+10.5,3644,9,True,False,False,,-1,9.3074,0
2026-06-27 16:52:21,113,B+20.5,3473,11,True,False,False,,-1,9.2957,0
2026-06-27 16:52:34,115,B+6.5,3868,9,True,False,False,,-1,9.3303,0
2026-06-27 16:52:38,26,W+7.5,1140,2,True,False,False,,-1,9.2315,0
2026-06-27 16:52:45,76,W+22.5,1990,2,True,False,False,,-1,9.2022,0
2026-06-27 16:52:56,99,B+0.5,2950,7,True,False,False,,-1,9.237,0
2026-06-27 16:53:08,113,W+2.5,3767,12,True,False,False,,-1,9.303,0
2026-06-27 16:53:18,84,W+0.5,2899,7,True,False,False,,-1,9.3163,0
2026-06-27 16:53:29,109,B+50.5,3084,6,True,False,False,,-1,9.3295,0
2026-06-27 16:53:36,67,W+8.5,1641,4,True,False,False,,-1,9.3335,0
2026-06-27 16:53:45,91,B+9.5,2402,8,True,False,False,,-1,9.3781,0
2026-06-27 16:53:50,48,W+4.5,1236,4,True,False,False,,-1,9.3464,0
2026-06-27 16:54:00,90,W+3.5,2776,7,True,False,False,,-1,9.4063,0
2026-06-27 16:54:05,55,B+0.5,1284,5,True,False,False,,-1,9.3116,0
2026-06-27 16:54:15,100,W+1.5,3038,4,True,False,False,,-1,9.3234,0
2026-06-27 16:54:31,154,B+38.5,4975,11,True,False,False,,-1,9.408,0
2026-06-27 16:54:47,145,B+35.5,4871,11,True,False,False,,-1,9.4736,0
2026-06-27 16:54:59,107,W+15.5,3461,9,True,False,False,,-1,9.476,0
2026-06-27 16:55:10,116,W+42.5,3260,6,True,False,False,,-1,9.4598,0
2026-06-27 16:55:24,123,W+14.5,4036,15,True,False,False,,-1,9.5555,0
2026-06-27 16:55:33,93,B+0.5,2707,9,True,False,False,,-1,9.5475,0
2026-06-27 16:55:41,91,B+1.5,2444,8,True,False,False,,-1,9.5576,0
2026-06-27 16:55:54,116,B+3.5,3810,8,True,False,False,,-1,9.5907,0
2026-06-27 16:56:02,89,B+15.5,2278,4,True,False,False,,-1,9.568,0
2026-06-27 16:56:14,103,W+6.5,3280,6,True,False,False,,-1,9.5815,0
2026-06-27 16:56:19,57,W+7.5,1350,5,True,False,False,,-1,9.4749,0
2026-06-27 16:56:29,93,B+8.5,2608,10,True,False,False,,-1,9.4823,0
2026-06-27 16:56:40,101,B+6.5,3298,7,True,False,False,,-1,9.524,0
2026-06-27 16:56:48,83,B+1.5,2182,5,True,False,False,,-1,9.5475,0
2026-06-27 16:56:58,92,W+2.5,2563,8,True,False,False,,-1,9.5696,0
2026-06-27 16:57:06,87,B+4.5,2310,5,True,False,False,,-1,9.5854,0
2026-06-27 16:57:20,117,W+24.5,3772,7,True,False,False,,-1,9.6432,0
2026-06-27 16:57:24,44,W+8.5,1023,2,True,False,False,,-1,9.6116,0
2026-06-27 16:57:32,89,B+16.5,2206,10,True,False,False,,-1,9.5821,0
2026-06-27 16:57:41,94,W+7.5,2465,11,True,False,False,,-1,9.5523,0
2026-06-27 16:57:57,144,W+54.5,4648,8,True,False,False,,-1,9.6616,0
2026-06-27 16:58:03,54,W+11.5,1378,3,True,False,False,,-1,9.5931,0
2026-06-27 16:58:12,95,B+6.5,2717,12,True,False,False,,-1,9.5775,0
2026-06-27 16:58:27,132,W+24.5,4339,13,True,False,False,,-1,9.6374,0
2026-06-27 16:58:36,87,B+10.5,2335,10,True,False,False,,-1,9.6771,0
2026-06-27 16:58:49,117,W+17.5,3892,5,True,False,False,,-1,9.7455,0
2026-06-27 16:59:01,115,W+4.5,3320,10,True,False,False,,-1,9.7464,0
2026-06-27 16:59:06,58,W+7.5,1413,2,True,False,False,,-1,9.7156,0
2026-06-27 16:59:20,135,W+4.5,4242,12,True,False,False,,-1,9.7661,0
2026-06-27 16:59:30,85,B+0.5,2769,5,True,False,False,,-1,9.793,0
2026-06-27 16:59:40,103,B+21.5,3054,5,True,False,False,,-1,9.7381,0
2026-06-27 16:59:53,122,B+6.5,4101,19,True,False,False,,-1,9.7677,0
2026-06-27 16:59:59,64,W+6.5,1536,6,True,False,False,,-1,9.7354,0
2026-06-27 17:00:03,45,B+0.5,945,2,True,False,False,,-1,9.6414,0
2026-06-27 17:00:15,108,W+39.5,3057,4,True,False,False,,-1,9.6246,0
2026-06-27 17:00:27,111,B+3.5,3650,7,True,False,False,,-1,9.6459,0
2026-06-27 17:00:37,97,W+8.5,3007,5,True,False,False,,-1,9.6229,0
2026-06-27 17:00:41,38,W+6.5,1089,3,True,False,False,,-1,9.5612,0
2026-06-27 17:00:53,116,W+27.5,3576,6,True,False,False,,-1,9.5834,0
2026-06-27 17:01:04,105,B+25.5,2993,10,True,False,False,,-1,9.5553,0
2026-06-27 17:01:08,42,W+8.5,870,3,True,False,False,,-1,9.504,0
2026-06-27 17:01:19,91,B+4.5,2884,5,True,False,False,,-1,9.5754,0
2026-06-27 17:01:27,73,B+0.5,2232,3,True,False,False,,-1,9.5328,0
2026-06-27 17:01:38,115,B+1.5,3281,10,True,False,False,,-1,9.6061,0
2026-06-27 17:01:50,119,B+11.5,3208,7,True,False,False,,-1,9.6797,0
2026-06-27 17:02:00,83,W+9.5,2697,3,True,False,False,,-1,9.6978,0
2026-06-27 17:02:04,52,W+10.5,1176,4,True,False,False,,-1,9.6463,0
2026-06-27 17:02:10,50,W+5.5,1465,3,True,False,False,,-1,9.6065,0
2026-06-27 17:02:20,91,B+1.5,2807,9,True,False,False,,-1,9.6452,0
2026-06-27 17:02:24,40,W+6.5,1219,3,True,False,False,,-1,9.5553,0
2026-06-27 17:02:34,101,W+10.5,2903,4,True,False,False,,-1,9.5522,0
2026-06-27 17:02:42,79,B+5.5,1908,8,True,False,False,,-1,9.5553,0
2026-06-27 17:02:54,116,W+31.5,3376,9,True,False,False,,-1,9.6496,0
2026-06-27 17:03:07,119,W+16.5,3861,10,True,False,False,,-1,9.6872,0
2026-06-27 17:03:12,61,B+0.5,1219,7,True,False,False,,-1,9.6603,0
2026-06-27 17:03:17,56,W+7.5,1284,2,True,False,False,,-1,9.6784,0
2026-06-27 17:03:26,79,B+9.5,2460,5,True,False,False,,-1,9.7058,0
2026-06-27 17:03:38,101,B+19.5,3287,7,True,False,False,,-1,9.7383,0
2026-06-27 17:03:50,118,W+2.5,3938,13,True,False,False,,-1,9.7447,0
2026-06-27 17:03:53,21,W+6.5,626,2,True,False,False,,-1,9.6672,0
2026-06-27 17:03:59,64,W+0.5,1862,7,True,False,False,,-1,9.6612,0
2026-06-27 17:04:05,58,W+3.5,1486,4,True,False,False,,-1,9.6317,0
2026-06-27 17:04:15,86,W+13.5,2708,2,True,False,False,,-1,9.6054,0
2026-06-27 17:04:27,109,B+2.5,3355,7,True,False,False,,-1,9.6295,0
2026-06-27 17:04:37,96,W+9.5,3064,4,True,False,False,,-1,9.6405,0
2026-06-27 17:04:51,135,B+33.5,4358,11,True,False,False,,-1,9.7444,0
2026-06-27 17:05:00,81,B+0.5,2278,5,True,False,False,,-1,9.7862,0
2026-06-27 17:05:10,91,B+0.5,2652,13,True,False,False,,-1,9.7623,0
2026-06-27 17:05:19,84,W+7.5,2477,4,True,False,False,,-1,9.8118,0
2026-06-27 17:05:24,52,W+6.5,1383,5,True,False,False,,-1,9.7453,0
2026-06-27 17:05:33,88,W+5.5,2310,5,True,False,False,,-1,9.7629,0
2026-06-27 17:05:37,46,W+7.5,1030,3,True,False,False,,-1,9.6888,0
2026-06-27 17:05:47,97,W+11.5,2932,7,True,False,False,,-1,9.6692,0
2026-06-27 17:05:55,80,W+10.5,2194,3,True,False,False,,-1,9.6668,0
2026-06-27 17:06:07,128,W+0.5,4050,20,True,False,False,,-1,9.6808,0
2026-06-27 17:06:15,73,B+11.5,1813,3,True,False,False,,-1,9.5952,0
2026-06-27 17:06:25,99,B+0.5,3021,8,True,False,False,,-1,9.577,0
2026-06-27 17:06:39,117,B+37.5,3857,9,True,False,False,,-1,9.6528,0
2026-06-27 17:06:53,127,B+18.5,4291,8,True,False,False,,-1,9.7092,0
2026-06-27 17:07:05,105,B+17.5,3093,7,True,False,False,,-1,9.6434,0
2026-06-27 17:07:17,116,B+0.5,3771,11,True,False,False,,-1,9.5864,0
2026-06-27 17:07:24,77,B+0.5,1925,4,True,False,False,,-1,9.5444,0
2026-06-27 17:07:37,111,W+0.5,3854,5,True,False,False,,-1,9.575,0
2026-06-27 17:07:42,56,W+6.5,1286,3,True,False,False,,-1,9.5312,0
2026-06-27 17:07:50,79,B+9.5,2179,5,True,False,False,,-1,9.5359,0
2026-06-27 17:07:59,96,W+1.5,2673,13,True,False,False,,-1,9.5039,0
2026-06-27 17:08:03,34,W+3.5,1026,2,True,False,False,,-1,9.4206,0
2026-06-27 17:08:08,56,W+9.5,1383,2,True,False,False,,-1,9.3478,0
2026-06-27 17:08:16,73,B+0.5,1815,2,True,False,False,,-1,9.3785,0
2026-06-27 17:08:26,105,B+6.5,3149,13,True,False,False,,-1,9.4053,0
2026-06-27 17:08:32,56,W+7.5,1653,2,True,False,False,,-1,9.3593,0
2026-06-27 17:08:47,131,W+15.5,4618,8,True,False,False,,-1,9.3908,0
2026-06-27 17:08:52,50,W+6.5,1163,3,True,False,False,,-1,9.3379,0
2026-06-27 17:08:59,73,B+2.5,2084,5,True,False,False,,-1,9.3009,0
2026-06-27 17:09:15,157,B+35.5,4806,9,True,False,False,,-1,9.3911,0
2026-06-27 17:09:21,68,W+5.5,1546,2,True,False,False,,-1,9.3593,0
2026-06-27 17:09:29,85,B+0.5,2280,5,True,False,False,,-1,9.3949,0
2026-06-27 17:09:33,40,W+7.5,1024,2,True,False,False,,-1,9.3294,0
2026-06-27 17:09:43,105,B+2.5,3005,9,True,False,False,,-1,9.3817,0
2026-06-27 17:09:57,133,B+36.5,3973,8,True,False,False,,-1,9.415,0
2026-06-27 17:09:59,30,W+7.5,542,2,True,False,False,,-1,9.2766,0
2026-06-27 17:10:09,95,B+10.5,2514,5,True,False,False,,-1,9.2159,0
2026-06-27 17:10:18,83,B+1.5,2383,7,True,False,False,,-1,9.1894,0
2026-06-27 17:10:24,60,W+11.5,1530,3,True,False,False,,-1,9.1301,0
2026-06-27 17:10:40,148,W+36.5,4853,4,True,False,False,,-1,9.1616,0
2026-06-27 17:10:45,46,W+8.5,1225,2,True,False,False,,-1,9.1198,0
2026-06-27 17:10:58,122,B+14.5,3854,8,True,False,False,,-1,9.1652,0
2026-06-27 17:11:07,83,B+0.5,2316,4,True,False,False,,-1,9.1317,0
2026-06-27 17:11:18,111,B+1.5,3316,8,True,False,False,,-1,9.1559,0
2026-06-27 17:11:32,133,B+37.5,4100,11,True,False,False,,-1,9.1833,0
2026-06-27 17:11:42,83,B+0.5,2499,4,True,False,False,,-1,9.2218,0
2026-06-27 17:11:48,63,B+2.5,1706,6,True,False,False,,-1,9.1939,0
2026-06-27 17:11:53,47,B+1.5,1081,4,True,False,False,,-1,9.1264,0
2026-06-27 17:12:02,84,W+8.5,2535,7,True,False,False,,-1,9.1357,0
2026-06-27 17:15:37,122,B+2.5,48673,17,True,False,False,,-1,9.9722,1000
2026-06-27 17:17:21,162,W+8.5,64599,28,True,False,False,,-1,10.8813,1000
2026-06-27 17:18:46,106,B+1.5,42285,16,True,False,False,,-1,11.6859,1000
2026-06-27 17:20:14,122,B+3.5,48676,16,True,False,False,,-1,12.4813,1000
2026-06-27 17:21:54,148,B+3.5,59017,24,True,False,False,,-1,13.3933,1000
2026-06-27 17:23:28,134,B+3.5,53452,20,True,False,False,,-1,14.1674,1000
2026-06-27 17:24:45,104,B+1.5,41495,14,True,False,False,,-1,14.8834,1000
2026-06-27 17:26:23,148,B+0.5,59050,27,True,False,False,,-1,15.7637,1000
2026-06-27 17:27:51,121,W+0.5,48255,15,True,False,False,,-1,16.5037,1000
2026-06-27 17:29:21,119,W+0.5,47476,15,True,False,False,,-1,17.3125,1000
2026-06-27 17:30:44,115,W+0.5,45875,15,True,False,False,,-1,18.0124,1000
2026-06-27 17:32:07,120,B+1.5,47877,18,True,False,False,,-1,18.7196,1000
2026-06-27 17:34:00,160,B+9.5,63833,30,True,False,False,,-1,19.8004,1000
2026-06-27 17:35:37,160,B+11.5,63829,33,True,False,False,,-1,20.6342,1000
2026-06-27 17:37:04,128,B+13.5,51041,14,True,False,False,,-1,21.4017,1000
2026-06-27 17:38:20,110,B+0.5,43880,11,True,False,False,,-1,22.0603,1000
2026-06-27 17:40:04,160,B+15.5,63801,23,True,False,False,,-1,22.9717,1000
2026-06-27 17:41:24,117,W+0.5,46681,16,True,False,False,,-1,23.7072,1000
2026-06-27 17:42:45,112,B+0.5,44676,15,True,False,False,,-1,24.4754,1000
2026-06-27 17:44:10,119,W+2.5,47452,12,True,False,False,,-1,25.2212,1000
2026-06-27 17:45:44,146,B+0.5,58208,23,True,False,False,,-1,26.0376,1000
2026-06-27 17:46:56,104,B+1.5,41495,16,True,False,False,,-1,26.6579,1000
2026-06-27 17:48:24,122,B+0.5,48677,21,True,False,False,,-1,27.4962,1000
2026-06-27 17:49:37,100,B+2.5,39884,12,True,False,False,,-1,28.0963,1000
2026-06-27 17:50:57,109,W+2.5,43482,12,True,False,False,,-1,28.7831,1000
2026-06-27 17:52:28,140,B+11.5,55800,22,True,False,False,,-1,29.6607,1000
2026-06-27 17:53:55,122,B+1.5,48671,16,True,False,False,,-1,30.4217,1000
2026-06-27 17:55:16,116,B+2.5,46248,15,True,False,False,,-1,31.1547,1000
2026-06-27 17:56:29,109,B+2.5,43457,13,True,False,False,,-1,31.7665,1000
2026-06-27 17:58:01,131,W+1.5,52269,23,True,False,False,,-1,32.5729,1000
2026-06-27 17:59:32,125,W+1.5,49867,13,True,False,False,,-1,33.3852,1000
2026-06-27 18:00:55,116,B+5.5,46284,16,True,False,False,,-1,34.1681,1000
2026-06-27 18:02:32,160,B+13.5,63735,29,True,False,False,,-1,35.0827,1000
2026-06-27 18:03:53,115,W+0.5,45883,17,True,False,False,,-1,35.797,1000
2026-06-27 18:05:32,159,B+9.5,63378,32,True,False,False,,-1,36.7367,1000
2026-06-27 18:06:41,92,B+8.5,36705,6,True,False,False,,-1,37.3312,1000
2026-06-27 18:08:16,148,B+2.5,59022,27,True,False,False,,-1,38.2063,1000
2026-06-27 18:09:36,112,B+0.5,44687,16,True,False,False,,-1,38.8769,1000
2026-06-27 18:10:49,105,W+1.5,41869,19,True,False,False,,-1,39.4843,1000
2026-06-27 18:12:10,128,B+14.5,51039,17,True,False,False,,-1,40.2399,1000
2026-06-27 18:13:55,162,W+20.5,64529,24,True,False,False,,-1,41.2365,1000
2026-06-27 18:15:28,146,B+6.5,57813,26,True,False,False,,-1,42.0762,1000
2026-06-27 18:17:05,162,W+19.5,64630,21,True,False,False,,-1,42.9341,1000
2026-06-27 18:18:34,130,B+1.5,51868,15,True,False,False,,-1,43.6935,1000
2026-06-27 18:20:03,138,B+2.5,55032,25,True,False,False,,-1,44.5693,1000
2026-06-27 18:21:41,160,B+6.5,63826,29,True,False,False,,-1,45.4774,1000
2026-06-27 18:23:04,120,B+0.5,47867,16,True,False,False,,-1,46.2481,1000
2026-06-27 18:24:39,139,W+5.5,55457,30,True,False,False,,-1,47.102,1000
2026-06-27 18:26:18,159,B+1.5,63399,29,True,False,False,,-1,47.9725,1000
2026-06-27 18:27:36,112,B+0.5,44688,21,True,False,False,,-1,48.652,1000
2026-06-27 18:29:11,144,B+3.5,57451,20,True,False,False,,-1,49.4548,1000
2026-06-27 18:30:40,147,W+8.5,58652,28,True,False,False,,-1,50.2581,1000
2026-06-27 18:32:17,143,W+2.5,57055,27,True,False,False,,-1,51.1292,1000
2026-06-27 18:33:40,112,B+1.5,44686,9,True,False,False,,-1,51.8768,1000
2026-06-27 18:34:57,110,B+5.5,43890,15,True,False,False,,-1,52.5889,1000
2026-06-27 18:36:19,115,W+2.5,45880,18,True,False,False,,-1,53.3193,1000
2026-06-27 18:37:34,98,B+4.5,39086,10,True,False,False,,-1,54.0327,1000
2026-06-27 18:38:49,98,B+5.5,39102,11,True,False,False,,-1,54.6863,1000
2026-06-27 18:40:07,109,W+1.5,43470,13,True,False,False,,-1,55.3802,1000
2026-06-27 18:41:41,138,B+2.5,55057,24,True,False,False,,-1,56.1922,1000
2026-06-27 18:43:13,139,B+5.5,55417,15,True,False,False,,-1,57.0414,1000
2026-06-27 18:44:55,157,W+3.5,62578,35,True,False,False,,-1,57.9541,1000
2026-06-27 18:46:26,137,W+0.5,54640,19,True,False,False,,-1,58.7308,1000
2026-06-27 18:47:44,115,W+0.5,45872,18,True,False,False,,-1,59.3692,1000
2026-06-27 18:49:11,120,B+1.5,47880,12,True,False,False,,-1,60.1274,1000
2026-06-27 18:50:21,98,B+2.5,39100,9,True,False,False,,-1,60.7011,1000
2026-06-27 18:51:53,146,B+6.5,58059,23,True,False,False,,-1,61.5504,1000
2026-06-27 18:53:11,114,B+5.5,45448,11,True,False,False,,-1,62.2007,1000
2026-06-27 18:54:34,127,W+2.5,50659,10,True,False,False,,-1,62.9825,1000
2026-06-27 18:55:49,117,W+2.5,46639,16,True,False,False,,-1,63.6529,1000
2026-06-27 18:57:07,117,W+1.5,46681,20,True,False,False,,-1,64.3412,1000
2026-06-27 18:58:22,137,W+3.5,54590,16,True,False,False,,-1,65.0544,1000
2026-06-27 18:59:32,108,B+0.5,43088,8,True,False,False,,-1,65.6943,1000
2026-06-27 19:00:53,131,W+7.5,52258,24,True,False,False,,-1,66.4355,1000
2026-06-27 19:02:03,112,B+1.5,44684,15,True,False,False,,-1,67.0302,1000
2026-06-27 19:03:15,105,B+0.5,41893,5,True,False,False,,-1,67.6855,1000
2026-06-27 19:04:24,111,W+5.5,44276,13,True,False,False,,-1,68.2322,1000
2026-06-27 19:05:57,144,B+1.5,57445,23,True,False,False,,-1,69.1182,1000
2026-06-27 19:07:31,152,B+1.5,60646,7,True,False,False,,-1,69.9787,1000
2026-06-27 19:08:40,103,W+0.5,41096,9,True,False,False,,-1,70.5073,1000
2026-06-27 19:10:19,162,B+25.5,64605,24,True,False,False,,-1,71.4432,1000
2026-06-27 19:11:23,102,B+4.5,40691,12,True,False,False,,-1,71.9971,1000
2026-06-27 19:12:48,146,B+2.5,58230,29,True,False,False,,-1,72.8125,1000
2026-06-27 19:14:15,161,W+11.5,64047,23,True,False,False,,-1,73.5796,1000
2026-06-27 19:15:44,142,B+13.5,56657,29,True,False,False,,-1,74.3323,1000
2026-06-27 19:16:51,104,B+1.5,41489,10,True,False,False,,-1,74.9784,1000
2026-06-27 19:18:35,161,W+13.5,64239,26,True,False,False,,-1,75.9278,1000
2026-06-27 19:19:41,94,B+2.5,37506,10,True,False,False,,-1,76.4979,1000
2026-06-27 19:21:04,123,W+0.5,49074,16,True,False,False,,-1,77.2629,1000
2026-06-27 19:22:22,122,B+4.5,48655,18,True,False,False,,-1,77.8783,1000
2026-06-27 19:23:42,117,W+2.5,46674,13,True,False,False,,-1,78.6379,1000
2026-06-27 19:24:58,104,B+2.5,41493,12,True,False,False,,-1,79.2564,1000
2026-06-27 19:26:20,126,B+1.5,50265,17,True,False,False,,-1,79.9897,1000
2026-06-27 19:27:31,107,W+0.5,42693,16,True,False,False,,-1,80.5865,1000
2026-06-27 19:28:39,104,B+0.5,41495,8,True,False,False,,-1,81.1253,1000
2026-06-27 19:29:43,96,B+0.5,38303,9,True,False,False,,-1,81.6698,1000
2026-06-27 19:31:06,121,W+3.5,48269,14,True,False,False,,-1,82.4378,1000
2026-06-27 19:32:18,104,B+2.5,41484,12,True,False,False,,-1,83.1165,1000
2026-06-27 19:33:55,159,W+8.5,63437,21,True,False,False,,-1,83.9914,1000
2026-06-27 19:35:06,124,B+7.5,49469,18,True,False,False,,-1,84.5788,1000
2026-06-27 19:36:16,114,B+1.5,45485,19,True,False,False,,-1,84.3836,1000
2026-06-27 19:37:30,125,W+0.5,49786,16,True,False,False,,-1,84.0782,1000
2026-06-27 19:38:47,124,B+2.5,49475,21,True,False,False,,-1,83.9996,1000
2026-06-27 19:39:53,107,W+6.5,42689,15,True,False,False,,-1,83.7884,1000
2026-06-27 19:40:57,100,W+2.5,39875,11,True,False,False,,-1,83.4216,1000
2026-06-27 19:42:03,118,B+3.5,47074,17,True,False,False,,-1,83.151,1000
2026-06-27 19:43:29,156,W+0.5,62077,29,True,False,False,,-1,83.2371,1000
2026-06-27 19:44:51,162,B+17.5,64582,19,True,False,False,,-1,83.0804,1000
2026-06-27 19:46:07,126,B+2.5,50272,18,True,False,False,,-1,82.9578,1000
2026-06-27 19:47:18,112,B+1.5,44688,15,True,False,False,,-1,82.7648,1000
2026-06-27 19:48:26,123,W+0.5,49045,14,True,False,False,,-1,82.6126,1000
2026-06-27 19:49:14,87,B+2.5,34684,6,True,False,False,,-1,82.2744,1000
2026-06-27 19:50:28,122,B+1.5,48661,17,True,False,False,,-1,81.8677,1000
2026-06-27 19:51:42,120,B+3.5,47877,17,True,False,False,,-1,81.6461,1000
2026-06-27 19:53:08,143,W+0.5,57049,25,True,False,False,,-1,81.6343,1000
2026-06-27 19:54:20,122,W+2.5,48657,15,True,False,False,,-1,81.5924,1000
2026-06-27 19:55:21,102,B+1.5,40689,11,True,False,False,,-1,81.1609,1000
2026-06-27 19:56:52,155,B+2.5,61831,36,True,False,False,,-1,81.2813,1000
2026-06-27 19:58:06,133,B+6.5,53055,14,True,False,False,,-1,81.2039,1000
2026-06-27 19:59:08,97,B+3.5,38703,11,True,False,False,,-1,80.9682,1000
2026-06-27 20:00:08,105,B+1.5,41893,13,True,False,False,,-1,80.636,1000
2026-06-27 20:01:17,108,W+0.5,43086,14,True,False,False,,-1,80.5988,1000
2026-06-27 20:02:24,101,W+0.5,40274,15,True,False,False,,-1,80.3876,1000
2026-06-27 20:03:37,129,W+1.5,51467,15,True,False,False,,-1,80.3964,1000
2026-06-27 20:04:40,107,B+5.5,42691,11,True,False,False,,-1,80.2308,1000
2026-06-27 20:05:44,98,B+4.5,39097,13,True,False,False,,-1,79.9589,1000
2026-06-27 20:07:01,120,B+3.5,47873,22,True,False,False,,-1,79.8566,1000
2026-06-27 20:08:09,118,B+0.5,47078,16,True,False,False,,-1,79.7207,1000
2026-06-27 20:09:15,110,B+1.5,43880,12,True,False,False,,-1,79.6517,1000
2026-06-27 20:10:31,129,W+1.5,51378,11,True,False,False,,-1,79.4917,1000
2026-06-27 20:11:40,108,B+0.5,43082,11,True,False,False,,-1,79.276,1000
2026-06-27 20:12:56,125,W+2.5,49870,20,True,False,False,,-1,79.2085,1000
2026-06-27 20:13:51,88,B+4.5,35112,7,True,False,False,,-1,78.791,1000
2026-06-27 20:14:57,105,W+1.5,41880,13,True,False,False,,-1,78.6368,1000
2026-06-27 20:16:10,123,W+3.5,49051,18,True,False,False,,-1,78.3827,1000
2026-06-27 20:17:23,122,B+2.5,48678,11,True,False,False,,-1,78.4143,1000
2026-06-27 20:18:22,90,B+6.5,35910,5,True,False,False,,-1,78.0492,1000
2026-06-27 20:19:40,118,B+5.5,47064,15,True,False,False,,-1,78.0431,1000
2026-06-27 20:20:40,90,B+0.5,35910,13,True,False,False,,-1,77.9011,1000
2026-06-27 20:21:47,117,W+2.5,46679,15,True,False,False,,-1,77.7695,1000
2026-06-27 20:22:54,109,W+0.5,43436,17,True,False,False,,-1,77.3831,1000
2026-06-27 20:24:31,161,W+0.5,64235,23,True,False,False,,-1,77.4307,1000
2026-06-27 20:25:34,104,B+4.5,41496,8,True,False,False,,-1,77.0868,1000
2026-06-27 20:26:41,101,W+4.5,40290,8,True,False,False,,-1,76.8677,1000
2026-06-27 20:27:54,126,B+1.5,50270,22,True,False,False,,-1,76.6964,1000
2026-06-27 20:28:59,111,W+0.5,44282,16,True,False,False,,-1,76.3716,1000
2026-06-27 20:30:27,136,B+2.5,54248,20,True,False,False,,-1,76.424,1000
2026-06-27 20:31:49,132,B+3.5,52639,10,True,False,False,,-1,76.2951,1000
2026-06-27 20:32:59,108,B+5.5,43083,14,True,False,False,,-1,76.0083,1000
2026-06-27 20:34:23,142,B+3.5,56642,28,True,False,False,,-1,76.0622,1000
2026-06-27 20:35:29,109,W+1.5,43487,14,True,False,False,,-1,75.7805,1000
2026-06-27 20:36:46,123,W+0.5,49072,17,True,False,False,,-1,75.652,1000
2026-06-27 20:37:53,107,W+2.5,42680,10,True,False,False,,-1,75.3574,1000
2026-06-27 20:39:12,129,W+3.5,51466,17,True,False,False,,-1,75.3154,1000
2026-06-27 20:40:37,139,W+8.5,55451,22,True,False,False,,-1,75.3903,1000
2026-06-27 20:41:49,114,B+5.5,45482,17,True,False,False,,-1,75.293,1000
2026-06-27 20:43:00,114,B+0.5,45480,12,True,False,False,,-1,75.2494,1000
2026-06-27 20:44:14,128,B+1.5,51043,11,True,False,False,,-1,75.2394,1000
2026-06-27 20:45:23,117,B+0.5,46621,15,True,False,False,,-1,75.1582,1000
2026-06-27 20:46:56,160,B+3.5,63802,38,True,False,False,,-1,75.1468,1000
2026-06-27 20:48:09,118,B+2.5,47071,11,True,False,False,,-1,74.9595,1000
2026-06-27 20:49:16,112,B+5.5,44682,15,True,False,False,,-1,74.6104,1000
2026-06-27 20:50:31,128,B+0.5,51071,17,True,False,False,,-1,74.4475,1000
2026-06-27 20:51:34,108,B+5.5,43089,12,True,False,False,,-1,74.2957,1000
2026-06-27 20:52:46,118,B+3.5,47078,13,True,False,False,,-1,74.1391,1000
2026-06-27 20:53:46,94,B+0.5,37495,9,True,False,False,,-1,74.0432,1000
2026-06-27 20:54:44,103,W+5.5,41094,15,True,False,False,,-1,73.7031,1000
2026-06-27 20:55:45,101,W+0.5,40287,15,True,False,False,,-1,73.5345,1000
2026-06-27 20:56:55,104,B+3.5,41487,13,True,False,False,,-1,73.4047,1000
2026-06-27 20:58:18,138,B+0.5,55062,25,True,False,False,,-1,73.4878,1000
2026-06-27 20:59:25,114,B+1.5,45486,14,True,False,False,,-1,73.3765,1000
2026-06-27 21:00:18,94,B+1.5,37506,12,True,False,False,,-1,73.1489,1000
2026-06-27 21:01:29,117,W+2.5,46630,15,True,False,False,,-1,73.1654,1000
2026-06-27 21:02:29,101,W+0.5,40155,12,True,False,False,,-1,72.9514,1000
2026-06-27 21:03:32,106,B+0.5,42294,15,True,False,False,,-1,72.8843,1000
2026-06-27 21:05:00,151,B+18.5,60220,30,True,False,False,,-1,73.0434,1000
2026-06-27 21:06:26,160,B+4.5,63768,30,True,False,False,,-1,73.2159,1000
2026-06-27 21:07:34,106,B+0.5,42284,14,True,False,False,,-1,72.957,1000
2026-06-27 21:09:01,151,W+0.5,60234,34,True,False,False,,-1,72.8983,1000
2026-06-27 21:10:33,159,W+1.5,63439,30,True,False,False,,-1,73.1301,1000
2026-06-27 21:11:35,118,B+3.5,47082,17,True,False,False,,-1,72.7533,1000
2026-06-27 21:13:08,162,B+4.5,64634,25,True,False,False,,-1,73.0478,1000
2026-06-27 21:14:32,142,W+4.5,56617,18,True,False,False,,-1,73.0361,1000
2026-06-27 21:15:32,103,W+0.5,41094,16,True,False,False,,-1,72.7611,1000
2026-06-27 21:16:47,127,B+7.5,50666,16,True,False,False,,-1,72.6259,1000
2026-06-27 21:17:58,134,B+2.5,53463,20,True,False,False,,-1,72.6658,1000
2026-06-27 21:19:24,162,W+10.5,64628,17,True,False,False,,-1,72.4766,1000
2026-06-27 21:20:27,113,W+0.5,45077,14,True,False,False,,-1,72.4471,1000
2026-06-27 21:21:28,100,B+0.5,39900,11,True,False,False,,-1,72.2394,1000
2026-06-27 21:22:40,114,B+0.5,45486,8,True,False,False,,-1,72.176,1000
2026-06-27 21:24:00,135,W+1.5,53810,19,True,False,False,,-1,72.1663,1000
2026-06-27 21:25:27,151,W+2.5,60243,26,True,False,False,,-1,72.2874,1000
2026-06-27 21:26:31,111,W+0.5,44286,11,True,False,False,,-1,72.103,1000
2026-06-27 21:27:21,88,B+0.5,35107,11,True,False,False,,-1,71.892,1000
2026-06-27 21:28:39,138,B+5.5,54956,31,True,False,False,,-1,71.9919,1000
2026-06-27 21:30:01,141,W+0.5,56233,21,True,False,False,,-1,72.1828,1000
2026-06-27 21:31:21,146,B+2.5,58248,30,True,False,False,,-1,72.1443,1000
2026-06-27 21:32:23,113,W+3.5,45069,19,True,False,False,,-1,72.0372,1000
2026-06-27 21:33:28,109,B+3.5,43486,15,True,False,False,,-1,71.7279,1000
2026-06-27 21:34:38,129,W+2.5,51410,20,True,False,False,,-1,71.7132,1000
2026-06-27 21:35:45,115,W+1.5,45854,17,True,False,False,,-1,71.685,1000
2026-06-27 21:36:59,124,B+9.5,49448,24,True,False,False,,-1,71.6912,1000
2026-06-27 21:38:01,99,W+0.5,39490,7,True,False,False,,-1,71.5412,1000
2026-06-27 21:39:21,141,B+1.5,56223,22,True,False,False,,-1,71.6721,1000
2026-06-27 21:40:37,133,W+2.5,53050,21,True,False,False,,-1,71.7967,1000
2026-06-27 21:41:55,138,B+2.5,55045,21,True,False,False,,-1,71.9095,1000
2026-06-27 21:43:11,139,W+2.5,55451,22,True,False,False,,-1,71.8211,1000
2026-06-27 21:47:12,145,W+0.5,54808,19,True,False,False,,-1,71.6436,2000
2026-06-27 21:48:35,121,B+2.5,47453,12,True,False,False,,-1,71.7727,2000
2026-06-27 21:49:44,90,B+1.5,35831,7,True,False,False,,-1,71.7729,2000
2026-06-27 21:50:55,108,B+1.5,42843,11,True,False,False,,-1,72.0021,2000
2026-06-27 21:52:08,120,B+2.5,47541,10,True,False,False,,-1,72.003,2000
2026-06-27 21:53:26,127,W+0.5,49196,15,True,False,False,,-1,72.0339,2000
2026-06-27 21:54:56,162,B+1.5,62894,42,True,False,False,,-1,72.0793,2000
2026-06-27 21:56:05,110,B+1.5,43341,10,True,False,False,,-1,72.0456,2000
2026-06-27 21:57:21,123,W+2.5,47306,16,True,False,False,,-1,72.1968,2000
2026-06-27 21:58:28,111,W+0.5,42642,13,True,False,False,,-1,71.9496,2000
2026-06-27 21:59:29,96,B+2.5,38083,5,True,False,False,,-1,71.8276,2000
2026-06-27 22:00:36,115,B+2.5,45280,14,True,False,False,,-1,71.8755,2000
2026-06-27 22:01:41,105,W+1.5,40647,14,True,False,False,,-1,71.9241,2000
2026-06-27 22:02:50,100,B+5.5,39208,9,True,False,False,,-1,71.9318,2000
2026-06-27 22:03:55,105,B+5.5,41819,10,True,False,False,,-1,71.9133,2000
2026-06-27 22:05:12,131,W+1.5,50158,16,True,False,False,,-1,71.9434,2000
2026-06-27 22:06:17,111,B+3.5,42728,13,True,False,False,,-1,71.9656,2000
2026-06-27 22:07:45,162,W+30.5,61581,29,True,False,False,,-1,72.2036,2000
2026-06-27 22:08:50,113,W+6.5,43184,11,True,False,False,,-1,72.0888,2000
2026-06-27 22:10:01,119,W+3.5,46197,8,True,False,False,,-1,72.1232,2000
2026-06-27 22:11:03,108,B+2.5,41939,10,True,False,False,,-1,72.0809,2000
2026-06-27 22:12:13,117,W+0.5,44700,13,True,False,False,,-1,72.0136,2000
2026-06-27 22:13:10,90,B+0.5,35660,8,True,False,False,,-1,71.8949,2000
2026-06-27 22:14:27,131,W+2.5,47324,19,True,False,False,,-1,71.9057,2000
2026-06-27 22:15:38,115,B+2.5,45681,12,True,False,False,,-1,72.0613,2000
2026-06-27 22:16:46,117,W+1.5,44745,17,True,False,False,,-1,72.0782,2000
2026-06-27 22:17:52,103,W+0.5,40380,5,True,False,False,,-1,72.0103,2000
2026-06-27 22:18:56,111,W+1.5,43191,13,True,False,False,,-1,71.9208,2000
2026-06-27 22:20:27,154,B+1.5,58316,34,True,False,False,,-1,72.2497,2000
2026-06-27 22:21:32,98,B+1.5,38327,7,True,False,False,,-1,72.1064,2000
2026-06-27 22:22:47,130,B+1.5,50440,11,True,False,False,,-1,72.2618,2000
2026-06-27 22:23:58,114,B+5.5,44385,15,True,False,False,,-1,72.2967,2000
2026-06-27 22:25:13,122,B+1.5,47211,9,True,False,False,,-1,72.392,2000
2026-06-27 22:26:22,108,B+2.5,42435,14,True,False,False,,-1,72.1011,2000
2026-06-27 22:27:27,107,B+1.5,40630,7,True,False,False,,-1,72.1249,2000
2026-06-27 22:28:26,96,B+9.5,37400,7,True,False,False,,-1,72.047,2000
2026-06-27 22:29:33,100,B+1.5,39548,8,True,False,False,,-1,71.9855,2000
2026-06-27 22:30:43,122,B+6.5,47731,12,True,False,False,,-1,72.0398,2000
2026-06-27 22:31:48,107,B+0.5,42049,10,True,False,False,,-1,71.8036,2000
2026-06-27 22:33:02,131,B+3.5,50588,19,True,False,False,,-1,71.7198,2000
2026-06-27 22:34:07,108,B+6.5,42720,12,True,False,False,,-1,71.6695,2000
2026-06-27 22:35:24,125,W+1.5,47359,17,True,False,False,,-1,71.6115,2000
2026-06-27 22:36:36,121,W+0.5,46623,18,True,False,False,,-1,71.6613,2000
2026-06-27 22:37:42,121,W+1.5,45832,20,True,False,False,,-1,71.5582,2000
2026-06-27 22:38:43,93,W+9.5,36439,7,True,False,False,,-1,71.4938,2000
2026-06-27 22:39:49,103,W+0.5,39106,13,True,False,False,,-1,71.3554,2000
2026-06-27 22:40:51,100,B+2.5,39447,9,True,False,False,,-1,71.1395,2000
2026-06-27 22:42:03,124,B+2.5,46928,16,True,False,False,,-1,71.1418,2000
2026-06-27 22:43:03,94,B+1.5,37425,8,True,False,False,,-1,71.0266,2000
2026-06-27 22:44:10,101,B+0.5,40145,5,True,False,False,,-1,70.9586,2000
2026-06-27 22:45:26,116,B+1.5,45465,13,True,False,False,,-1,71.0187,2000
2026-06-27 22:46:29,105,W+2.5,40256,14,True,False,False,,-1,70.7301,2000
2026-06-27 22:47:31,93,B+0.5,36017,8,True,False,False,,-1,70.6086,2000
2026-06-27 22:48:39,106,B+0.5,41666,12,True,False,False,,-1,70.6233,2000
2026-06-27 22:49:44,107,W+3.5,41640,19,True,False,False,,-1,70.5266,2000
2026-06-27 22:50:58,118,B+3.5,46835,14,True,False,False,,-1,70.6277,2000
2026-06-27 22:52:10,127,B+1.5,48725,17,True,False,False,,-1,70.6337,2000
2026-06-27 22:53:11,98,B+2.5,38955,11,True,False,False,,-1,70.6447,2000
2026-06-27 22:54:18,99,W+0.5,39138,13,True,False,False,,-1,70.7341,2000
2026-06-27 22:55:22,96,B+4.5,38082,6,True,False,False,,-1,70.763,2000
2026-06-27 22:56:43,130,B+0.5,50909,19,True,False,False,,-1,70.8742,2000
2026-06-27 22:57:55,115,W+0.5,44788,7,True,False,False,,-1,70.7628,2000
2026-06-27 22:58:54,93,W+0.5,36201,5,True,False,False,,-1,70.6825,2000
2026-06-27 22:59:55,96,B+2.5,38147,7,True,False,False,,-1,70.7638,2000
2026-06-27 23:01:02,107,W+4.5,41976,14,True,False,False,,-1,70.7226,2000
2026-06-27 23:02:14,115,W+2.5,44595,17,True,False,False,,-1,70.8464,2000
2026-06-27 23:03:31,135,W+0.5,51244,19,True,False,False,,-1,70.9877,2000
2026-06-27 23:04:33,99,W+0.5,39022,10,True,False,False,,-1,70.7313,2000
2026-06-27 23:06:05,151,B+5.5,59709,26,True,False,False,,-1,70.7868,2000
2026-06-27 23:07:20,125,W+1.5,46970,21,True,False,False,,-1,70.8569,2000
2026-06-27 23:08:37,132,B+1.5,51438,16,True,False,False,,-1,70.7471,2000
2026-06-27 23:09:38,98,B+2.5,38442,7,True,False,False,,-1,70.4391,2000
2026-06-27 23:10:40,109,W+3.5,42434,10,True,False,False,,-1,70.4368,2000
2026-06-27 23:11:39,98,B+2.5,38769,10,True,False,False,,-1,70.0993,2000
2026-06-27 23:12:42,99,B+1.5,37350,8,True,False,False,,-1,69.8923,2000
2026-06-27 23:13:45,105,B+1.5,41113,9,True,False,False,,-1,69.9287,2000
2026-06-27 23:14:50,99,W+1.5,38806,6,True,False,False,,-1,69.8181,2000
2026-06-27 23:16:10,145,B+0.5,54401,31,True,False,False,,-1,69.9103,2000
2026-06-27 23:17:14,98,B+1.5,38586,10,True,False,False,,-1,69.6958,2000
2026-06-27 23:18:24,109,B+1.5,43158,6,True,False,False,,-1,69.773,2000
2026-06-27 23:19:40,115,W+1.5,45369,10,True,False,False,,-1,69.9145,2000
2026-06-27 23:21:05,137,W+13.5,53356,28,True,False,False,,-1,70.043,2000
2026-06-27 23:22:22,128,B+1.5,50191,16,True,False,False,,-1,70.0174,2000
2026-06-27 23:23:35,121,W+2.5,45846,8,True,False,False,,-1,69.877,2000
2026-06-27 23:24:57,138,B+3.5,53239,21,True,False,False,,-1,70.0558,2000
2026-06-27 23:26:07,117,W+0.5,44593,16,True,False,False,,-1,70.2626,2000
2026-06-27 23:27:15,109,B+7.5,43025,12,True,False,False,,-1,70.1552,2000
2026-06-27 23:28:30,122,B+9.5,46555,13,True,False,False,,-1,70.0786,2000
2026-06-27 23:29:49,131,W+3.5,50553,21,True,False,False,,-1,70.0718,2000
2026-06-27 23:30:57,97,B+3.5,38603,8,True,False,False,,-1,70.1413,2000
2026-06-27 23:31:59,93,B+0.5,36763,5,True,False,False,,-1,70.0976,2000
2026-06-27 23:33:08,112,B+1.5,43656,11,True,False,False,,-1,70.0914,2000
2026-06-27 23:34:18,114,B+1.5,44707,11,True,False,False,,-1,70.1198,2000
2026-06-27 23:35:36,162,W+5.5,60741,22,True,False,False,,-1,70.1602,2000
2026-06-27 23:36:44,106,B+2.5,41885,15,True,False,False,,-1,70.2245,2000
2026-06-27 23:37:50,103,B+1.5,40605,10,True,False,False,,-1,70.0847,2000
2026-06-27 23:39:02,110,B+0.5,43645,10,True,False,False,,-1,70.047,2000
2026-06-27 23:40:20,121,W+2.5,47626,20,True,False,False,,-1,70.0458,2000
2026-06-27 23:41:15,82,B+4.5,32671,6,True,False,False,,-1,69.8295,2000
2026-06-27 23:42:46,162,B+20.5,60190,30,True,False,False,,-1,70.2711,2000
2026-06-27 23:44:10,148,B+4.5,54442,26,True,False,False,,-1,70.178,2000
2026-06-27 23:45:27,113,B+8.5,44598,8,True,False,False,,-1,70.1102,2000
2026-06-27 23:46:31,102,B+2.5,40557,12,True,False,False,,-1,70.0659,2000
2026-06-27 23:47:27,91,B+2.5,35847,4,True,False,False,,-1,69.9176,2000
2026-06-27 23:48:43,120,B+3.5,47059,8,True,False,False,,-1,69.9369,2000
2026-06-27 23:49:53,117,B+1.5,44879,5,True,False,False,,-1,69.8618,2000
2026-06-27 23:51:11,130,B+1.5,51265,19,True,False,False,,-1,69.7419,2000
2026-06-27 23:52:16,104,B+2.5,40651,10,True,False,False,,-1,69.7074,2000
2026-06-27 23:53:19,106,B+7.5,41491,9,True,False,False,,-1,69.5797,2000
2026-06-27 23:54:21,111,W+0.5,42125,15,True,False,False,,-1,69.5308,2000
2026-06-27 23:55:57,161,W+1.5,62725,32,True,False,False,,-1,69.8785,2000
2026-06-27 23:57:13,135,W+1.5,49951,21,True,False,False,,-1,69.967,2000
2026-06-27 23:58:30,135,B+3.5,52618,19,True,False,False,,-1,70.0785,2000
2026-06-27 23:59:32,105,W+2.5,39856,15,True,False,False,,-1,70.0103,2000
2026-06-28 00:00:52,137,W+4.5,51544,20,True,False,False,,-1,70.1571,2000
2026-06-28 00:02:01,120,B+8.5,47170,17,True,False,False,,-1,70.0906,2000
2026-06-28 00:03:05,104,B+0.5,40985,11,True,False,False,,-1,70.0741,2000
2026-06-28 00:04:11,119,B+1.5,46158,16,True,False,False,,-1,69.8565,2000
2026-06-28 00:05:26,110,B+0.5,43567,15,True,False,False,,-1,69.9504,2000
2026-06-28 00:07:07,162,B+19.5,62734,29,True,False,False,,-1,70.2517,2000
2026-06-28 00:08:08,102,W+2.5,39458,10,True,False,False,,-1,70.2414,2000
2026-06-28 00:09:14,109,W+4.5,42912,13,True,False,False,,-1,70.2108,2000
2026-06-28 00:10:26,133,W+2.5,49308,25,True,False,False,,-1,70.3488,2000
2026-06-28 00:11:29,103,B+0.5,40505,8,True,False,False,,-1,70.2105,2000
2026-06-28 00:12:55,160,B+5.5,61345,31,True,False,False,,-1,70.3658,2000
2026-06-28 00:14:19,133,B+2.5,51970,23,True,False,False,,-1,70.5251,2000
2026-06-28 00:15:20,102,B+0.5,40349,6,True,False,False,,-1,70.4787,2000
2026-06-28 00:16:51,162,W+13.5,61007,36,True,False,False,,-1,70.7464,2000
2026-06-28 00:17:53,95,B+0.5,37858,5,True,False,False,,-1,70.4501,2000
2026-06-28 00:19:14,147,W+0.5,56972,21,True,False,False,,-1,70.6214,2000
2026-06-28 00:20:17,99,W+2.5,37995,8,True,False,False,,-1,70.4947,2000
2026-06-28 00:21:16,96,B+0.5,37184,9,True,False,False,,-1,70.3745,2000
2026-06-28 00:22:22,102,B+6.5,40083,13,True,False,False,,-1,70.2795,2000
2026-06-28 00:23:36,127,W+10.5,47910,16,True,False,False,,-1,70.3338,2000
2026-06-28 00:24:36,99,B+1.5,37928,11,True,False,False,,-1,70.2793,2000
2026-06-28 00:25:43,114,B+1.5,43787,16,True,False,False,,-1,70.3618,2000
2026-06-28 00:26:41,86,B+6.5,34284,4,True,False,False,,-1,70.2787,2000
2026-06-28 00:27:45,109,W+1.5,40727,17,True,False,False,,-1,70.2157,2000
2026-06-28 00:28:46,85,B+3.5,33869,13,True,False,False,,-1,70.1768,2000
2026-06-28 00:29:53,118,B+0.5,46923,12,True,False,False,,-1,70.1066,2000
2026-06-28 00:31:03,123,W+7.5,46497,16,True,False,False,,-1,70.1599,2000
2026-06-28 00:32:16,113,W+1.5,44648,18,True,False,False,,-1,70.1087,2000
2026-06-28 00:33:45,160,B+17.5,62498,20,True,False,False,,-1,70.283,2000
2026-06-28 00:34:50,103,B+2.5,40627,8,True,False,False,,-1,70.2759,2000
2026-06-28 00:36:03,162,B+1.5,57632,27,True,False,False,,-1,70.3963,2000
2026-06-28 00:37:11,109,W+2.5,42165,14,True,False,False,,-1,70.4207,2000
2026-06-28 00:38:19,123,W+2.5,45202,16,True,False,False,,-1,70.4742,2000
2026-06-28 00:39:23,95,B+1.5,37298,6,True,False,False,,-1,70.3883,2000
2026-06-28 00:40:40,132,B+1.5,50635,14,True,False,False,,-1,70.5609,2000
2026-06-28 00:41:52,125,W+1.5,48065,13,True,False,False,,-1,70.612,2000
2026-06-28 00:42:57,111,B+1.5,42617,8,True,False,False,,-1,70.509,2000
2026-06-28 00:44:11,112,B+3.5,44175,10,True,False,False,,-1,70.6175,2000
2026-06-28 00:45:15,102,B+3.5,40237,11,True,False,False,,-1,70.6367,2000
2026-06-28 00:46:31,118,B+2.5,45937,20,True,False,False,,-1,70.7175,2000
2026-06-28 00:47:45,122,B+1.5,48035,15,True,False,False,,-1,70.8063,2000
2026-06-28 00:49:02,117,B+2.5,45616,15,True,False,False,,-1,70.8434,2000
2026-06-28 00:50:15,120,W+6.5,46587,9,True,False,False,,-1,70.8483,2000
2026-06-28 00:51:50,162,B+6.5,63558,32,True,False,False,,-1,71.1866,2000
2026-06-28 00:53:04,130,B+4.5,50272,16,True,False,False,,-1,71.2528,2000
2026-06-28 00:54:19,117,W+1.5,45779,26,True,False,False,,-1,71.3638,2000
2026-06-28 00:55:33,134,B+1.5,52031,22,True,False,False,,-1,71.2984,2000
2026-06-28 00:56:33,83,B+5.5,33102,5,True,False,False,,-1,71.1718,2000
2026-06-28 00:57:33,104,B+1.5,40861,8,True,False,False,,-1,71.1862,2000
2026-06-28 00:58:47,110,B+2.5,43098,9,True,False,False,,-1,71.3184,2000
2026-06-28 00:59:52,111,W+0.5,43066,15,True,False,False,,-1,71.3034,2000
2026-06-28 01:01:07,117,W+1.5,44687,16,True,False,False,,-1,71.3287,2000
2026-06-28 01:02:18,107,W+2.5,42229,12,True,False,False,,-1,71.2637,2000
2026-06-28 01:03:15,96,B+0.5,36459,8,True,False,False,,-1,71.2108,2000
2026-06-28 01:04:50,161,W+2.5,58966,28,True,False,False,,-1,71.2449,2000
2026-06-28 01:05:56,106,B+1.5,41865,8,True,False,False,,-1,71.1582,2000
2026-06-28 01:07:18,130,B+4.5,50968,22,True,False,False,,-1,71.2087,2000
2026-06-28 01:08:22,102,B+1.5,39895,11,True,False,False,,-1,71.2429,2000
2026-06-28 01:09:29,101,W+0.5,39557,9,True,False,False,,-1,71.2907,2000
2026-06-28 01:10:37,113,B+7.5,44587,10,True,False,False,,-1,71.3785,2000
2026-06-28 01:11:49,113,W+3.5,44239,13,True,False,False,,-1,71.4626,2000
2026-06-28 01:13:22,160,B+12.5,63068,30,True,False,False,,-1,71.7578,2000
2026-06-28 01:14:23,105,W+0.5,41131,12,True,False,False,,-1,71.7293,2000
2026-06-28 01:15:26,101,W+2.5,39179,12,True,False,False,,-1,71.5626,2000
2026-06-28 01:16:28,105,W+2.5,40941,16,True,False,False,,-1,71.5409,2000
2026-06-28 01:17:33,102,B+1.5,39763,12,True,False,False,,-1,71.4819,2000
2026-06-28 01:18:39,109,W+0.5,42687,10,True,False,False,,-1,71.3865,2000
2026-06-28 01:20:09,144,B+0.5,56619,17,True,False,False,,-1,71.4376,2000
2026-06-28 01:21:15,102,B+1.5,39706,7,True,False,False,,-1,71.3226,2000
2026-06-28 01:22:33,122,B+4.5,47691,16,True,False,False,,-1,71.3691,2000
2026-06-28 01:23:43,119,W+2.5,45871,8,True,False,False,,-1,71.2538,2000
2026-06-28 01:24:52,114,B+1.5,42260,11,True,False,False,,-1,71.238,2000
2026-06-28 01:25:56,103,W+2.5,40582,11,True,False,False,,-1,71.2084,2000
2026-06-28 01:27:11,122,B+0.5,47872,13,True,False,False,,-1,71.2053,2000
2026-06-28 01:28:18,109,W+2.5,41322,13,True,False,False,,-1,71.0905,2000
2026-06-28 01:29:21,101,W+0.5,39128,10,True,False,False,,-1,71.0359,2000
2026-06-28 01:31:02,162,W+23.5,64113,29,True,False,False,,-1,71.4262,2000
2026-06-28 01:32:16,114,B+1.5,45292,14,True,False,False,,-1,71.4764,2000
2026-06-28 01:33:40,161,W+8.5,56562,22,True,False,False,,-1,71.6151,2000
2026-06-28 01:34:47,109,W+0.5,41480,13,True,False,False,,-1,71.5087,2000
2026-06-28 01:35:56,120,W+2.5,46642,12,True,False,False,,-1,71.5165,2000
2026-06-28 01:37:04,105,W+0.5,40910,15,True,False,False,,-1,71.5306,2000
2026-06-28 01:38:13,106,B+0.5,41808,5,True,False,False,,-1,71.4995,2000
2026-06-28 01:39:28,121,W+1.5,46252,19,True,False,False,,-1,71.4814,2000
2026-06-28 01:40:37,109,W+4.5,42640,12,True,False,False,,-1,71.6143,2000
2026-06-28 01:41:51,117,W+0.5,45151,12,True,False,False,,-1,71.4467,2000
2026-06-28 01:42:58,100,B+1.5,39275,7,True,False,False,,-1,71.2718,2000
2026-06-28 01:44:05,115,W+1.5,43386,15,True,False,False,,-1,71.1791,2000
2026-06-28 01:45:23,121,W+1.5,46459,17,True,False,False,,-1,71.315,2000
2026-06-28 01:46:28,98,B+2.5,38871,10,True,False,False,,-1,71.4006,2000
2026-06-28 01:47:30,104,B+3.5,41175,7,True,False,False,,-1,71.2725,2000
2026-06-28 01:48:45,112,B+0.5,44135,7,True,False,False,,-1,71.3135,2000
2026-06-28 01:49:58,124,B+4.5,46953,13,True,False,False,,-1,71.2677,2000
2026-06-28 01:51:27,138,B+0.5,53773,9,True,False,False,,-1,71.5019,2000
2026-06-28 01:52:54,161,B+7.5,62301,31,True,False,False,,-1,71.7405,2000
2026-06-28 01:53:56,95,B+2.5,37725,7,True,False,False,,-1,71.7414,2000
2026-06-28 01:55:05,116,B+8.5,45996,12,True,False,False,,-1,71.4789,2000
2026-06-28 01:56:26,128,B+24.5,50663,20,True,False,False,,-1,71.5293,2000
2026-06-28 01:57:29,100,B+0.5,39326,5,True,False,False,,-1,71.3935,2000
2026-06-28 01:58:31,108,B+3.5,41085,16,True,False,False,,-1,71.388,2000
2026-06-28 01:59:40,104,B+3.5,40734,11,True,False,False,,-1,71.2843,2000
2026-06-28 02:01:09,146,B+1.5,56736,13,True,False,False,,-1,71.4692,2000
2026-06-28 02:02:10,104,W+2.5,39763,12,True,False,False,,-1,71.4425,2000
2026-06-28 02:03:22,121,W+0.5,46972,21,True,False,False,,-1,71.5046,2000
2026-06-28 02:04:39,121,B+0.5,48093,8,True,False,False,,-1,71.5308,2000
2026-06-28 02:06:02,142,B+10.5,55183,21,True,False,False,,-1,71.3466,2000
2026-06-28 02:07:23,139,W+2.5,53651,17,True,False,False,,-1,71.5494,2000
2026-06-28 02:08:30,109,W+0.5,42702,13,True,False,False,,-1,71.5478,2000
2026-06-28 02:09:39,119,W+2.5,46151,19,True,False,False,,-1,71.5329,2000
2026-06-28 02:10:58,136,B+1.5,52841,16,True,False,False,,-1,71.6847,2000
2026-06-28 02:11:56,97,B+2.5,38254,6,True,False,False,,-1,71.4026,2000
2026-06-28 02:12:55,105,B+1.5,41619,14,True,False,False,,-1,71.159,2000
2026-06-28 02:13:54,95,B+0.5,37014,7,True,False,False,,-1,71.1356,2000
2026-06-28 02:14:58,102,B+1.5,40573,5,True,False,False,,-1,70.8704,2000
2026-06-28 02:18:49,127,W+2.5,48434,19,True,False,False,,-1,70.9971,3000
2026-06-28 02:20:05,116,B+6.5,41466,18,True,False,False,,-1,71.1331,3000
2026-06-28 02:21:19,115,W+0.5,41030,10,True,False,False,,-1,71.279,3000
2026-06-28 02:22:38,121,W+8.5,43226,20,True,False,False,,-1,71.4116,3000
2026-06-28 02:23:34,73,B+5.5,29014,3,True,False,False,,-1,71.2261,3000
2026-06-28 02:24:54,126,B+0.5,45702,11,True,False,False,,-1,71.4332,3000
2026-06-28 02:25:54,87,W+1.5,32541,7,True,False,False,,-1,71.3642,3000
2026-06-28 02:27:03,100,B+2.5,37970,9,True,False,False,,-1,71.4694,3000
2026-06-28 02:28:17,123,W+9.5,44515,19,True,False,False,,-1,71.5687,3000
2026-06-28 02:29:33,121,W+2.5,42218,17,True,False,False,,-1,71.7123,3000
2026-06-28 02:30:41,106,B+5.5,40105,14,True,False,False,,-1,71.7349,3000
2026-06-28 02:31:59,127,W+2.5,44956,15,True,False,False,,-1,71.8105,3000
2026-06-28 02:33:11,114,B+8.5,39525,17,True,False,False,,-1,71.7984,3000
2026-06-28 02:34:33,134,B+0.5,47675,14,True,False,False,,-1,71.7284,3000
2026-06-28 02:35:35,101,W+2.5,34860,12,True,False,False,,-1,71.698,3000
2026-06-28 02:36:48,117,B+5.5,42694,13,True,False,False,,-1,71.6965,3000
2026-06-28 02:37:58,113,W+0.5,39717,16,True,False,False,,-1,71.7117,3000
2026-06-28 02:39:14,132,B+1.5,46116,23,True,False,False,,-1,71.7969,3000
2026-06-28 02:40:12,83,B+1.5,32453,3,True,False,False,,-1,71.7396,3000
2026-06-28 02:41:26,118,B+0.5,43148,12,True,False,False,,-1,71.7082,3000
2026-06-28 02:42:27,90,B+1.5,33897,13,True,False,False,,-1,71.5978,3000
2026-06-28 02:43:42,134,W+1.5,43410,18,True,False,False,,-1,71.6944,3000
2026-06-28 02:44:58,127,W+0.5,43799,16,True,False,False,,-1,71.7157,3000
2026-06-28 02:45:51,69,B+1.5,27455,5,True,False,False,,-1,71.6093,3000
2026-06-28 02:47:01,101,W+0.5,36713,8,True,False,False,,-1,71.5499,3000
2026-06-28 02:48:15,112,B+1.5,42223,7,True,False,False,,-1,71.5446,3000
2026-06-28 02:49:25,133,B+0.5,41891,23,True,False,False,,-1,71.4762,3000
2026-06-28 02:50:30,95,B+3.5,37452,6,True,False,False,,-1,71.395,3000
2026-06-28 02:51:40,113,W+0.5,38242,16,True,False,False,,-1,71.1481,3000
2026-06-28 02:52:57,123,B+2.5,44355,6,True,False,False,,-1,71.1824,3000
2026-06-28 02:54:08,113,W+1.5,42485,10,True,False,False,,-1,71.1421,3000
2026-06-28 02:55:13,95,B+3.5,35962,7,True,False,False,,-1,71.0484,3000
2026-06-28 02:56:27,115,B+2.5,42600,10,True,False,False,,-1,71.1915,3000
2026-06-28 02:57:46,162,W+2.5,49791,26,True,False,False,,-1,71.3744,3000
2026-06-28 02:58:49,95,W+0.5,34987,10,True,False,False,,-1,71.2637,3000
2026-06-28 02:59:59,107,W+9.5,39251,20,True,False,False,,-1,71.3133,3000
2026-06-28 03:01:06,100,W+1.5,36444,11,True,False,False,,-1,71.2303,3000
2026-06-28 03:02:10,95,B+2.5,35479,6,True,False,False,,-1,71.1649,3000
2026-06-28 03:03:24,113,B+1.5,41268,16,True,False,False,,-1,71.3365,3000
2026-06-28 03:04:43,139,B+0.5,46345,22,True,False,False,,-1,71.1699,3000
2026-06-28 03:06:04,151,W+0.5,49626,28,True,False,False,,-1,71.3221,3000
2026-06-28 03:07:36,154,W+1.5,54025,26,True,False,False,,-1,71.4313,3000
2026-06-28 03:08:37,90,B+0.5,32691,6,True,False,False,,-1,71.3984,3000
2026-06-28 03:09:47,107,B+2.5,38734,12,True,False,False,,-1,71.4297,3000
2026-06-28 03:11:22,162,W+2.5,59616,23,True,False,False,,-1,71.6996,3000
2026-06-28 03:12:41,129,B+4.5,46131,17,True,False,False,,-1,71.7624,3000
2026-06-28 03:13:54,114,B+4.5,42203,11,True,False,False,,-1,71.5679,3000
2026-06-28 03:15:10,118,B+4.5,42411,12,True,False,False,,-1,71.7158,3000
2026-06-28 03:16:36,137,W+0.5,48764,26,True,False,False,,-1,71.9455,3000
2026-06-28 03:18:05,148,W+5.5,52381,21,True,False,False,,-1,72.21,3000
2026-06-28 03:19:20,119,B+2.5,44629,8,True,False,False,,-1,72.3111,3000
2026-06-28 03:20:39,137,W+5.5,43356,26,True,False,False,,-1,72.4464,3000
2026-06-28 03:21:50,102,B+2.5,38853,8,True,False,False,,-1,72.2554,3000
2026-06-28 03:22:57,95,B+2.5,35809,4,True,False,False,,-1,72.2746,3000
2026-06-28 03:24:37,161,W+6.5,58364,27,True,False,False,,-1,72.4898,3000
2026-06-28 03:25:40,92,B+0.5,34248,10,True,False,False,,-1,72.4234,3000
2026-06-28 03:27:10,156,B+3.5,52513,25,True,False,False,,-1,72.6289,3000
2026-06-28 03:28:39,162,B+3.5,55223,25,True,False,False,,-1,72.8748,3000
2026-06-28 03:29:47,99,B+4.5,38416,15,True,False,False,,-1,72.8124,3000
2026-06-28 03:30:42,75,B+2.5,28994,5,True,False,False,,-1,72.6833,3000
2026-06-28 03:31:44,95,B+0.5,34460,6,True,False,False,,-1,72.6764,3000
2026-06-28 03:32:46,97,B+4.5,37689,7,True,False,False,,-1,72.2896,3000
2026-06-28 03:33:45,85,W+11.5,32648,5,True,False,False,,-1,72.1355,3000
2026-06-28 03:34:50,90,B+6.5,34936,6,True,False,False,,-1,71.9489,3000
2026-06-28 03:35:57,107,B+3.5,38922,6,True,False,False,,-1,71.946,3000
2026-06-28 03:37:12,123,B+1.5,44101,13,True,False,False,,-1,72.0021,3000
2026-06-28 03:38:15,107,W+0.5,38074,9,True,False,False,,-1,71.9661,3000
2026-06-28 03:39:45,159,W+1.5,50165,32,True,False,False,,-1,72.1679,3000
2026-06-28 03:40:47,92,B+3.5,34548,5,True,False,False,,-1,72.0368,3000
2026-06-28 03:41:43,75,B+3.5,29661,11,True,False,False,,-1,71.9075,3000
2026-06-28 03:42:46,91,W+7.5,33530,9,True,False,False,,-1,71.79,3000
2026-06-28 03:43:54,107,W+0.5,38312,8,True,False,False,,-1,71.8073,3000
2026-06-28 03:45:02,103,W+6.5,38379,7,True,False,False,,-1,71.8177,3000
2026-06-28 03:46:22,127,W+0.5,44110,15,True,False,False,,-1,71.8372,3000
2026-06-28 03:47:11,69,B+1.5,27474,4,True,False,False,,-1,71.6771,3000
2026-06-28 03:48:17,93,B+8.5,36537,5,True,False,False,,-1,71.7137,3000
2026-06-28 03:49:42,142,W+0.5,49955,24,True,False,False,,-1,71.819,3000
2026-06-28 03:50:48,105,B+4.5,38937,12,True,False,False,,-1,71.7517,3000
2026-06-28 03:51:57,106,B+9.5,40431,6,True,False,False,,-1,71.5513,3000
2026-06-28 03:53:12,150,W+3.5,44004,34,True,False,False,,-1,71.4221,3000
2026-06-28 03:54:16,100,B+1.5,37084,8,True,False,False,,-1,71.4505,3000
2026-06-28 03:55:14,95,W+0.5,32928,9,True,False,False,,-1,71.3292,3000
2026-06-28 03:56:24,115,B+0.5,41919,11,True,False,False,,-1,71.2213,3000
2026-06-28 03:57:31,102,W+1.5,37009,16,True,False,False,,-1,71.2658,3000
2026-06-28 03:58:57,149,W+0.5,50428,41,True,False,False,,-1,71.5015,3000
2026-06-28 04:00:09,115,B+3.5,43134,12,True,False,False,,-1,71.5335,3000
2026-06-28 04:00:55,59,B+1.5,23533,2,True,False,False,,-1,71.1114,3000
2026-06-28 04:02:08,134,B+4.5,42759,19,True,False,False,,-1,71.2248,3000
2026-06-28 04:03:11,102,B+0.5,37780,8,True,False,False,,-1,71.1358,3000
2026-06-28 04:04:24,119,W+1.5,40666,21,True,False,False,,-1,71.0906,3000
2026-06-28 04:05:27,103,W+0.5,36883,6,True,False,False,,-1,70.8987,3000
2026-06-28 04:06:38,101,B+5.5,38420,14,True,False,False,,-1,70.7954,3000
2026-06-28 04:08:07,143,W+3.5,51121,27,True,False,False,,-1,71.02,3000
2026-06-28 04:09:13,102,B+2.5,37166,9,True,False,False,,-1,70.9859,3000
2026-06-28 04:10:21,101,B+2.5,36139,14,True,False,False,,-1,70.8793,3000
2026-06-28 04:11:29,94,B+2.5,36473,11,True,False,False,,-1,70.9789,3000
2026-06-28 04:12:51,121,W+1.5,44727,11,True,False,False,,-1,71.2053,3000
2026-06-28 04:14:01,105,B+0.5,38797,9,True,False,False,,-1,71.3129,3000
2026-06-28 04:15:18,134,B+4.5,43751,24,True,False,False,,-1,71.4457,3000
2026-06-28 04:16:32,109,B+2.5,40777,8,True,False,False,,-1,71.5086,3000
2026-06-28 04:17:27,77,B+1.5,29762,6,True,False,False,,-1,71.1754,3000
2026-06-28 04:18:26,91,B+2.5,34989,7,True,False,False,,-1,71.006,3000
2026-06-28 04:19:28,88,B+2.5,33785,8,True,False,False,,-1,70.8893,3000
2026-06-28 04:20:42,113,W+2.5,41884,20,True,False,False,,-1,70.8301,3000
2026-06-28 04:21:52,111,B+1.5,40275,9,True,False,False,,-1,70.9758,3000
2026-06-28 04:23:08,113,B+2.5,43432,10,True,False,False,,-1,70.9306,3000
2026-06-28 04:24:14,103,W+0.5,37954,7,True,False,False,,-1,70.9922,3000
2026-06-28 04:25:16,93,B+1.5,34131,5,True,False,False,,-1,70.919,3000
2026-06-28 04:26:27,111,W+0.5,40118,16,True,False,False,,-1,70.8897,3000
2026-06-28 04:27:36,101,B+0.5,37217,8,True,False,False,,-1,70.8342,3000
2026-06-28 04:28:40,96,B+1.5,35562,3,True,False,False,,-1,70.7855,3000
2026-06-28 04:29:56,122,B+0.5,45496,18,True,False,False,,-1,70.7606,3000
2026-06-28 04:31:07,115,B+4.5,41356,11,True,False,False,,-1,70.7559,3000
2026-06-28 04:32:12,113,B+2.5,39444,9,True,False,False,,-1,70.5902,3000
2026-06-28 04:33:24,101,B+1.5,38289,12,True,False,False,,-1,70.688,3000
2026-06-28 04:34:31,106,B+2.5,39575,8,True,False,False,,-1,70.6247,3000
2026-06-28 04:35:44,123,W+0.5,44009,17,True,False,False,,-1,70.6641,3000
2026-06-28 04:36:56,113,W+2.5,39629,13,True,False,False,,-1,70.6143,3000
2026-06-28 04:37:59,102,W+2.5,35609,7,True,False,False,,-1,70.6684,3000
2026-06-28 04:39:06,99,B+0.5,38392,9,True,False,False,,-1,70.5981,3000
2026-06-28 04:40:42,162,W+2.5,55471,22,True,False,False,,-1,70.9514,3000
2026-06-28 04:41:49,93,B+2.5,36180,6,True,False,False,,-1,70.8691,3000
2026-06-28 04:43:09,131,W+1.5,44644,23,True,False,False,,-1,70.9013,3000
2026-06-28 04:44:23,106,B+6.5,40747,6,True,False,False,,-1,71.1159,3000
2026-06-28 04:45:28,95,W+2.5,35100,9,True,False,False,,-1,71.0579,3000
2026-06-28 04:46:44,132,W+3.5,44436,16,True,False,False,,-1,71.0853,3000
2026-06-28 04:48:01,114,B+3.5,43326,17,True,False,False,,-1,71.1472,3000
2026-06-28 04:49:09,100,B+1.5,37128,9,True,False,False,,-1,71.188,3000
2026-06-28 04:50:31,135,W+0.5,48300,11,True,False,False,,-1,71.307,3000
2026-06-28 04:51:32,91,B+3.5,33680,7,True,False,False,,-1,71.143,3000
2026-06-28 04:52:56,135,W+1.5,45818,27,True,False,False,,-1,71.2773,3000
2026-06-28 04:54:11,134,W+1.5,42877,22,True,False,False,,-1,71.3759,3000
2026-06-28 04:55:16,101,B+5.5,36774,9,True,False,False,,-1,71.2846,3000
2026-06-28 04:56:29,119,B+3.5,42334,16,True,False,False,,-1,71.2291,3000
2026-06-28 04:57:27,93,W+0.5,33655,8,True,False,False,,-1,71.1818,3000
2026-06-28 04:58:45,131,B+0.5,44295,24,True,False,False,,-1,71.2553,3000
2026-06-28 04:59:50,98,B+4.5,36111,8,True,False,False,,-1,71.2368,3000
2026-06-28 05:00:56,105,W+2.5,37625,9,True,False,False,,-1,71.2605,3000
2026-06-28 05:02:11,111,W+2.5,41977,13,True,False,False,,-1,71.2653,3000
2026-06-28 05:03:34,141,W+0.5,45325,26,True,False,False,,-1,71.3129,3000
2026-06-28 05:04:45,113,W+6.5,39237,18,True,False,False,,-1,71.2052,3000
2026-06-28 05:05:58,113,B+7.5,41991,8,True,False,False,,-1,71.0083,3000
2026-06-28 05:07:17,133,W+1.5,44980,23,True,False,False,,-1,71.1909,3000
2026-06-28 05:08:44,145,W+5.5,50058,31,True,False,False,,-1,71.3668,3000
2026-06-28 05:10:06,120,B+5.5,46132,13,True,False,False,,-1,71.2333,3000
2026-06-28 05:11:11,101,W+0.5,36505,6,True,False,False,,-1,71.1029,3000
2026-06-28 05:12:23,112,B+2.5,40992,11,True,False,False,,-1,71.0933,3000
2026-06-28 05:13:33,101,B+1.5,38620,6,True,False,False,,-1,71.0293,3000
2026-06-28 05:14:51,127,W+1.5,44556,16,True,False,False,,-1,70.9385,3000
2026-06-28 05:16:01,107,W+2.5,38430,15,True,False,False,,-1,70.7564,3000
2026-06-28 05:17:09,100,B+2.5,36477,8,True,False,False,,-1,70.6857,3000
2026-06-28 05:18:19,111,W+2.5,40216,5,True,False,False,,-1,70.5933,3000
2026-06-28 05:19:25,100,B+2.5,37570,10,True,False,False,,-1,70.5479,3000
2026-06-28 05:20:31,101,W+0.5,35725,9,True,False,False,,-1,70.5304,3000
2026-06-28 05:21:36,102,B+0.5,38595,7,True,False,False,,-1,70.1888,3000
2026-06-28 05:22:38,95,W+1.5,34550,7,True,False,False,,-1,70.1709,3000
2026-06-28 05:23:47,109,W+1.5,38250,11,True,False,False,,-1,69.9649,3000
2026-06-28 05:25:16,162,W+0.5,50269,28,True,False,False,,-1,69.9715,3000
2026-06-28 05:26:34,126,W+8.5,45981,13,True,False,False,,-1,70.0595,3000
2026-06-28 05:27:48,133,W+2.5,42439,29,True,False,False,,-1,70.2516,3000
2026-06-28 05:29:20,162,W+4.5,55267,32,True,False,False,,-1,70.5537,3000
2026-06-28 05:30:25,97,W+2.5,36058,9,True,False,False,,-1,70.5805,3000
2026-06-28 05:31:36,108,W+2.5,41390,11,True,False,False,,-1,70.7047,3000
2026-06-28 05:32:43,95,W+1.5,35684,11,True,False,False,,-1,70.7255,3000
2026-06-28 05:33:54,123,W+0.5,40567,10,True,False,False,,-1,70.7676,3000
2026-06-28 05:35:01,107,B+1.5,39147,8,True,False,False,,-1,70.6838,3000
2026-06-28 05:36:11,117,W+4.5,42034,24,True,False,False,,-1,70.7519,3000
2026-06-28 05:37:37,162,W+8.5,53892,21,True,False,False,,-1,70.7226,3000
2026-06-28 05:38:50,106,B+2.5,39938,13,True,False,False,,-1,70.8212,3000
2026-06-28 05:40:01,113,W+1.5,41869,5,True,False,False,,-1,70.9806,3000
2026-06-28 05:41:07,98,B+2.5,36361,11,True,False,False,,-1,71.008,3000
2026-06-28 05:42:11,100,B+8.5,38386,8,True,False,False,,-1,70.9649,3000
2026-06-28 05:43:18,109,B+4.5,38633,13,True,False,False,,-1,70.9535,3000
2026-06-28 05:44:27,117,W+3.5,39753,11,True,False,False,,-1,70.8535,3000
2026-06-28 05:45:33,97,W+0.5,35481,10,True,False,False,,-1,71.0127,3000
2026-06-28 05:47:02,162,B+7.5,51591,35,True,False,False,,-1,71.2466,3000
2026-06-28 05:48:05,89,W+6.5,33711,9,True,False,False,,-1,71.026,3000
2026-06-28 05:49:08,105,W+0.5,37500,14,True,False,False,,-1,70.9909,3000
2026-06-28 05:50:27,127,W+4.5,46511,23,True,False,False,,-1,71.0911,3000
2026-06-28 05:51:34,99,B+3.5,37848,8,True,False,False,,-1,71.0239,3000
2026-06-28 05:52:39,97,W+0.5,35297,5,True,False,False,,-1,71.0206,3000
2026-06-28 05:53:44,102,W+4.5,35512,12,True,False,False,,-1,71.0981,3000
2026-06-28 05:54:45,93,B+0.5,34672,7,True,False,False,,-1,71.0081,3000
2026-06-28 05:55:52,103,B+2.5,37950,13,True,False,False,,-1,71.0025,3000
2026-06-28 05:57:02,102,B+3.5,39566,15,True,False,False,,-1,70.8522,3000
2026-06-28 05:58:00,89,B+3.5,33411,6,True,False,False,,-1,70.6998,3000
2026-06-28 05:59:06,101,B+6.5,38745,5,True,False,False,,-1,70.9031,3000
2026-06-28 06:00:19,117,W+3.5,41651,19,True,False,False,,-1,70.9053,3000
2026-06-28 06:01:23,100,B+0.5,37888,7,True,False,False,,-1,70.9079,3000
2026-06-28 06:02:29,107,B+1.5,38429,8,True,False,False,,-1,70.8503,3000
2026-06-28 06:03:32,91,W+8.5,33948,6,True,False,False,,-1,70.8461,3000
2026-06-28 06:04:42,112,W+0.5,40433,11,True,False,False,,-1,70.8339,3000
2026-06-28 06:06:01,122,B+1.5,45257,16,True,False,False,,-1,70.7328,3000
2026-06-28 06:07:19,162,W+63.5,48204,33,True,False,False,,-1,70.8582,3000
2026-06-28 06:08:19,93,B+1.5,34728,12,True,False,False,,-1,70.7791,3000
2026-06-28 06:09:19,89,W+0.5,33278,7,True,False,False,,-1,70.6952,3000
2026-06-28 06:10:24,97,B+0.5,36933,7,True,False,False,,-1,70.5291,3000
2026-06-28 06:11:22,85,B+2.5,32402,6,True,False,False,,-1,70.4109,3000
2026-06-28 06:12:29,111,W+0.5,39668,9,True,False,False,,-1,70.3066,3000
2026-06-28 06:13:34,96,B+0.5,36525,7,True,False,False,,-1,70.2135,3000
2026-06-28 06:15:02,151,W+0.5,52022,33,True,False,False,,-1,70.547,3000
2026-06-28 06:16:13,115,W+0.5,41149,12,True,False,False,,-1,70.6609,3000
2026-06-28 06:17:21,107,W+7.5,38464,11,True,False,False,,-1,70.7233,3000
2026-06-28 06:18:33,112,B+1.5,39560,10,True,False,False,,-1,70.7044,3000
2026-06-28 06:19:47,127,W+2.5,42509,15,True,False,False,,-1,70.7458,3000
2026-06-28 06:20:42,77,B+2.5,30630,2,True,False,False,,-1,70.5323,3000
2026-06-28 06:22:07,147,W+2.5,52194,32,True,False,False,,-1,70.72,3000
2026-06-28 06:23:07,93,W+2.5,34356,10,True,False,False,,-1,70.7083,3000
2026-06-28 06:24:15,107,W+2.5,38198,7,True,False,False,,-1,70.6759,3000
2026-06-28 06:25:20,95,W+2.5,34891,5,True,False,False,,-1,70.6351,3000
2026-06-28 06:26:21,91,W+2.5,34300,7,True,False,False,,-1,70.6039,3000
2026-06-28 06:27:19,83,B+1.5,32667,4,True,False,False,,-1,70.4234,3000
2026-06-28 06:28:24,101,W+0.5,36031,11,True,False,False,,-1,70.3656,3000
2026-06-28 06:29:34,115,W+2.5,40083,21,True,False,False,,-1,70.4093,3000
2026-06-28 06:31:04,145,W+0.5,53676,33,True,False,False,,-1,70.5916,3000
2026-06-28 06:32:15,115,W+1.5,42324,11,True,False,False,,-1,70.6436,3000
2026-06-28 06:33:26,105,B+5.5,39748,11,True,False,False,,-1,70.6109,3000
2026-06-28 06:34:31,95,W+0.5,33837,9,True,False,False,,-1,70.5454,3000
2026-06-28 06:35:51,125,W+1.5,46746,12,True,False,False,,-1,70.7085,3000
2026-06-28 06:37:08,112,B+1.5,41400,14,True,False,False,,-1,70.8175,3000
2026-06-28 06:38:14,100,W+3.5,36827,12,True,False,False,,-1,70.51,3000
2026-06-28 06:39:17,94,B+4.5,35944,7,True,False,False,,-1,70.4728,3000
2026-06-28 06:40:25,101,B+1.5,38522,7,True,False,False,,-1,70.3565,3000
2026-06-28 06:41:36,162,W+3.5,44432,31,True,False,False,,-1,70.3229,3000
2026-06-28 06:42:39,118,W+3.5,39164,19,True,False,False,,-1,70.3032,3000
2026-06-28 06:43:45,103,B+0.5,38815,4,True,False,False,,-1,70.2011,3000
2026-06-28 06:48:16,97,W+2.5,35126,11,True,False,False,,-1,70.046,4000
2026-06-28 06:49:28,113,W+1.5,40273,15,True,False,False,,-1,69.9398,4000
2026-06-28 06:50:48,113,B+0.5,40526,13,True,False,False,,-1,70.1333,4000
2026-06-28 06:51:49,97,W+4.5,35206,10,True,False,False,,-1,69.9082,4000
2026-06-28 06:52:58,99,W+8.5,37152,8,True,False,False,,-1,69.8373,4000
2026-06-28 06:54:07,162,W+9.5,48094,27,True,False,False,,-1,69.8802,4000
2026-06-28 06:55:10,97,W+4.5,35209,10,True,False,False,,-1,69.7842,4000
2026-06-28 06:56:18,107,W+0.5,38396,12,True,False,False,,-1,69.8851,4000
2026-06-28 06:57:34,126,B+3.5,42284,11,True,False,False,,-1,69.8654,4000
2026-06-28 06:58:46,107,W+8.5,39229,9,True,False,False,,-1,69.9345,4000
2026-06-28 06:59:52,94,B+0.5,35936,7,True,False,False,,-1,69.936,4000
2026-06-28 07:00:59,106,B+1.5,36189,10,True,False,False,,-1,69.8561,4000
2026-06-28 07:02:27,137,W+1.5,49236,22,True,False,False,,-1,69.9046,4000
2026-06-28 07:03:35,109,W+7.5,38979,11,True,False,False,,-1,69.8797,4000
2026-06-28 07:05:00,131,W+0.5,47798,20,True,False,False,,-1,70.0031,4000
2026-06-28 07:06:10,108,B+7.5,38867,9,True,False,False,,-1,69.9083,4000
2026-06-28 07:07:28,137,W+3.5,42663,28,True,False,False,,-1,69.809,4000
2026-06-28 07:08:38,112,B+3.5,38521,7,True,False,False,,-1,69.6938,4000
2026-06-28 07:10:01,121,W+0.5,44532,13,True,False,False,,-1,69.8747,4000
2026-06-28 07:11:09,107,W+4.5,37845,8,True,False,False,,-1,69.8354,4000
2026-06-28 07:12:10,91,W+4.5,33596,7,True,False,False,,-1,69.7451,4000
2026-06-28 07:13:08,93,W+6.5,32459,9,True,False,False,,-1,69.5542,4000
2026-06-28 07:14:17,109,W+2.5,38067,15,True,False,False,,-1,69.5379,4000
2026-06-28 07:15:25,113,W+0.5,39532,14,True,False,False,,-1,69.5405,4000
2026-06-28 07:16:32,107,W+4.5,36444,15,True,False,False,,-1,69.5024,4000
2026-06-28 07:17:45,144,W+4.5,46141,21,True,False,False,,-1,69.5804,4000
2026-06-28 07:18:51,101,W+2.5,35440,15,True,False,False,,-1,69.5792,4000
2026-06-28 07:20:08,131,W+0.5,42307,29,True,False,False,,-1,69.6932,4000
2026-06-28 07:21:24,116,B+2.5,41652,15,True,False,False,,-1,69.8378,4000
2026-06-28 07:22:36,108,W+1.5,38336,9,True,False,False,,-1,69.8689,4000
2026-06-28 07:24:00,137,B+2.5,46075,18,True,False,False,,-1,69.8124,4000
2026-06-28 07:25:29,162,B+8.5,53279,32,True,False,False,,-1,69.9306,4000
2026-06-28 07:26:38,106,B+4.5,37735,9,True,False,False,,-1,69.8764,4000
2026-06-28 07:27:48,115,W+2.5,41238,11,True,False,False,,-1,69.6516,4000
2026-06-28 07:29:06,124,B+3.5,43422,12,True,False,False,,-1,69.7957,4000
2026-06-28 07:30:31,138,B+0.5,45491,20,True,False,False,,-1,69.9247,4000
2026-06-28 07:31:47,131,W+0.5,42614,19,True,False,False,,-1,70.0203,4000
2026-06-28 07:32:48,97,W+3.5,34498,9,True,False,False,,-1,69.914,4000
2026-06-28 07:33:57,111,W+4.5,39459,19,True,False,False,,-1,69.9403,4000
2026-06-28 07:35:03,100,B+0.5,36777,9,True,False,False,,-1,69.8947,4000
2026-06-28 07:36:30,162,W+10.5,50709,27,True,False,False,,-1,69.901,4000
2026-06-28 07:37:38,106,B+1.5,38818,8,True,False,False,,-1,69.8523,4000
2026-06-28 07:38:55,147,W+9.5,47098,16,True,False,False,,-1,69.9095,4000
2026-06-28 07:40:07,120,B+1.5,41096,18,True,False,False,,-1,69.9771,4000
2026-06-28 07:41:27,121,W+0.5,43625,15,True,False,False,,-1,70.1348,4000
2026-06-28 07:42:32,102,W+0.5,37171,9,True,False,False,,-1,70.1133,4000
2026-06-28 07:43:39,113,W+2.5,38676,19,True,False,False,,-1,70.0923,4000
2026-06-28 07:44:58,135,W+2.5,45832,20,True,False,False,,-1,70.2316,4000
2026-06-28 07:46:05,101,W+4.5,37184,11,True,False,False,,-1,70.0065,4000
2026-06-28 07:47:14,105,W+0.5,37591,13,True,False,False,,-1,70.0623,4000
2026-06-28 07:48:05,64,W+11.5,25304,2,True,False,False,,-1,69.9484,4000
2026-06-28 07:49:29,139,B+6.5,46510,11,True,False,False,,-1,69.9974,4000
2026-06-28 07:50:33,95,B+2.5,34579,4,True,False,False,,-1,69.9646,4000
2026-06-28 07:51:50,132,B+0.5,44141,19,True,False,False,,-1,70.0881,4000
2026-06-28 07:53:08,125,W+0.5,43278,25,True,False,False,,-1,70.2151,4000
2026-06-28 07:54:12,100,B+4.5,35938,8,True,False,False,,-1,70.2493,4000
2026-06-28 07:55:18,107,W+1.5,38060,13,True,False,False,,-1,70.2389,4000
2026-06-28 07:56:30,116,B+3.5,41733,14,True,False,False,,-1,70.2538,4000
2026-06-28 07:57:35,112,B+2.5,37950,14,True,False,False,,-1,70.3322,4000
2026-06-28 07:58:36,87,W+10.5,31775,9,True,False,False,,-1,70.2746,4000
2026-06-28 08:00:06,153,W+3.5,51839,27,True,False,False,,-1,70.448,4000
2026-06-28 08:01:23,162,W+8.5,44553,30,True,False,False,,-1,70.578,4000
2026-06-28 08:02:43,162,W+18.5,48670,27,True,False,False,,-1,70.7189,4000
2026-06-28 08:03:56,115,W+0.5,41022,10,True,False,False,,-1,70.8078,4000
2026-06-28 08:05:03,105,W+0.5,38091,12,True,False,False,,-1,70.784,4000
2026-06-28 08:06:04,92,B+1.5,33750,5,True,False,False,,-1,70.6147,4000
2026-06-28 08:07:05,95,W+3.5,35063,9,True,False,False,,-1,70.4338,4000
2026-06-28 08:08:21,129,W+4.5,44273,28,True,False,False,,-1,70.589,4000
2026-06-28 08:09:35,121,W+0.5,41210,23,True,False,False,,-1,70.7362,4000
2026-06-28 08:10:38,98,B+0.5,35895,3,True,False,False,,-1,70.7121,4000
2026-06-28 08:11:43,88,B+5.5,34269,5,True,False,False,,-1,70.7838,4000
2026-06-28 08:12:54,118,B+1.5,40039,14,True,False,False,,-1,70.8236,4000
2026-06-28 08:14:20,162,B+8.5,49906,25,True,False,False,,-1,71.0408,4000
2026-06-28 08:15:57,162,W+21.5,59439,38,True,False,False,,-1,71.1228,4000
2026-06-28 08:17:06,103,W+1.5,38875,12,True,False,False,,-1,71.1041,4000
2026-06-28 08:18:18,115,W+2.5,39825,11,True,False,False,,-1,71.1442,4000
2026-06-28 08:19:24,98,B+1.5,35724,9,True,False,False,,-1,71.0894,4000
2026-06-28 08:20:43,124,B+4.5,43804,16,True,False,False,,-1,71.1386,4000
2026-06-28 08:21:21,48,W+10.5,19052,2,True,False,False,,-1,70.9663,4000
2026-06-28 08:22:26,101,W+5.5,35915,15,True,False,False,,-1,70.7739,4000
2026-06-28 08:23:19,72,W+0.5,27744,4,True,False,False,,-1,70.701,4000
2026-06-28 08:24:25,96,B+0.5,35818,6,True,False,False,,-1,70.6761,4000
2026-06-28 08:25:32,112,B+1.5,37065,12,True,False,False,,-1,70.6969,4000
2026-06-28 08:26:37,104,B+0.5,36790,9,True,False,False,,-1,70.7346,4000
2026-06-28 08:27:44,115,W+2.5,38814,17,True,False,False,,-1,70.8312,4000
2026-06-28 08:28:50,99,W+1.5,35277,19,True,False,False,,-1,70.8399,4000
2026-06-28 08:30:00,113,W+2.5,39958,10,True,False,False,,-1,70.8352,4000
2026-06-28 08:31:11,109,B+2.5,37769,8,True,False,False,,-1,70.646,4000
2026-06-28 08:32:11,93,W+0.5,33403,8,True,False,False,,-1,70.5287,4000
2026-06-28 08:33:36,162,W+12.5,49244,27,True,False,False,,-1,70.6729,4000
2026-06-28 08:34:37,97,W+8.5,34185,9,True,False,False,,-1,70.6386,4000
2026-06-28 08:35:40,90,B+1.5,34627,6,True,False,False,,-1,70.472,4000
2026-06-28 08:36:48,105,W+0.5,37152,20,True,False,False,,-1,70.3776,4000
2026-06-28 08:37:51,89,W+3.5,32659,10,True,False,False,,-1,70.3427,4000
2026-06-28 08:38:45,77,B+3.5,30123,3,True,False,False,,-1,70.2591,4000
2026-06-28 08:39:53,111,W+2.5,38630,14,True,False,False,,-1,70.2548,4000
2026-06-28 08:41:03,114,B+1.5,38979,16,True,False,False,,-1,70.2437,4000
2026-06-28 08:42:16,116,B+7.5,40745,12,True,False,False,,-1,70.3462,4000
2026-06-28 08:43:18,97,W+5.5,35051,7,True,False,False,,-1,70.3148,4000
2026-06-28 08:44:27,109,W+2.5,37833,8,True,False,False,,-1,70.3862,4000
2026-06-28 08:45:31,101,W+0.5,35156,10,True,False,False,,-1,70.3463,4000
2026-06-28 08:46:34,93,W+9.5,32939,11,True,False,False,,-1,70.2549,4000
2026-06-28 08:47:49,112,B+1.5,41696,9,True,False,False,,-1,70.2051,4000
2026-06-28 08:48:56,94,B+1.5,35410,2,True,False,False,,-1,70.2659,4000
2026-06-28 08:49:57,81,B+4.5,31423,3,True,False,False,,-1,70.19,4000
2026-06-28 08:51:14,122,B+1.5,45286,8,True,False,False,,-1,70.2702,4000
2026-06-28 08:52:15,89,W+11.5,32858,8,True,False,False,,-1,70.2471,4000
2026-06-28 08:53:20,99,W+1.5,34401,16,True,False,False,,-1,70.2115,4000
2026-06-28 08:54:25,108,B+3.5,38694,12,True,False,False,,-1,70.1083,4000
2026-06-28 08:55:23,91,W+2.5,32018,10,True,False,False,,-1,69.9705,4000
2026-06-28 08:56:33,109,W+1.5,37994,12,True,False,False,,-1,70.0049,4000
2026-06-28 08:58:00,151,W+2.5,52491,22,True,False,False,,-1,70.2114,4000
2026-06-28 08:59:18,113,B+2.5,40727,12,True,False,False,,-1,70.0993,4000
2026-06-28 09:00:51,162,W+17.5,52902,25,True,False,False,,-1,70.3598,4000
2026-06-28 09:01:53,101,W+2.5,34920,17,True,False,False,,-1,70.123,4000
2026-06-28 09:03:02,102,W+2.5,37747,18,True,False,False,,-1,70.1084,4000
2026-06-28 09:04:14,118,B+2.5,40450,13,True,False,False,,-1,70.0613,4000
2026-06-28 09:05:24,102,B+1.5,37290,6,True,False,False,,-1,70.055,4000
2026-06-28 09:06:49,143,W+7.5,47551,33,True,False,False,,-1,70.0731,4000
2026-06-28 09:08:02,108,B+1.5,39784,7,True,False,False,,-1,70.1226,4000
2026-06-28 09:09:04,93,W+10.5,32370,14,True,False,False,,-1,70.1362,4000
2026-06-28 09:10:06,95,W+9.5,33390,10,True,False,False,,-1,70.1686,4000
2026-06-28 09:11:14,99,B+5.5,36818,6,True,False,False,,-1,70.1675,4000
2026-06-28 09:12:24,103,W+8.5,37437,12,True,False,False,,-1,70.19,4000
2026-06-28 09:13:31,101,W+0.5,37395,11,True,False,False,,-1,70.1892,4000
2026-06-28 09:14:38,101,W+1.5,36416,13,True,False,False,,-1,70.1236,4000
2026-06-28 09:15:42,93,B+0.5,35299,5,True,False,False,,-1,70.1045,4000
2026-06-28 09:17:00,128,B+2.5,45051,12,True,False,False,,-1,70.1205,4000
2026-06-28 09:18:16,117,B+4.5,41884,12,True,False,False,,-1,70.1132,4000
2026-06-28 09:19:20,93,W+0.5,34562,9,True,False,False,,-1,70.0393,4000
2026-06-28 09:20:45,162,B+0.5,46407,30,True,False,False,,-1,70.0453,4000
2026-06-28 09:22:10,144,B+8.5,49071,22,True,False,False,,-1,70.0055,4000
2026-06-28 09:23:37,145,W+5.5,47962,19,True,False,False,,-1,70.1884,4000
2026-06-28 09:24:45,114,B+1.5,40475,9,True,False,False,,-1,70.1654,4000
2026-06-28 09:25:56,126,B+0.5,41401,20,True,False,False,,-1,70.0945,4000
2026-06-28 09:27:04,105,W+2.5,38281,11,True,False,False,,-1,69.9254,4000
2026-06-28 09:28:33,144,B+2.5,48954,32,True,False,False,,-1,70.05,4000
2026-06-28 09:29:41,110,B+0.5,39770,11,True,False,False,,-1,70.1252,4000
2026-06-28 09:31:04,162,B+0.5,49603,30,True,False,False,,-1,70.2693,4000
2026-06-28 09:32:07,101,W+2.5,36032,9,True,False,False,,-1,70.2409,4000
2026-06-28 09:33:15,106,B+3.5,37585,12,True,False,False,,-1,70.0456,4000
2026-06-28 09:34:26,118,B+0.5,41682,11,True,False,False,,-1,70.0813,4000
2026-06-28 09:35:29,99,W+2.5,36500,13,True,False,False,,-1,69.9366,4000
2026-06-28 09:36:38,110,B+1.5,38839,11,True,False,False,,-1,69.9114,4000
2026-06-28 09:37:48,107,W+3.5,39300,10,True,False,False,,-1,69.8096,4000
2026-06-28 09:38:50,95,W+0.5,34668,14,True,False,False,,-1,69.7742,4000
2026-06-28 09:39:50,89,W+5.5,32578,11,True,False,False,,-1,69.7031,4000
2026-06-28 09:40:58,105,W+1.5,36999,10,True,False,False,,-1,69.5907,4000
2026-06-28 09:42:03,91,B+1.5,33340,4,True,False,False,,-1,69.5729,4000
2026-06-28 09:43:11,101,W+0.5,37165,13,True,False,False,,-1,69.5646,4000
2026-06-28 09:44:17,105,W+0.5,39045,15,True,False,False,,-1,69.7159,4000
2026-06-28 09:45:26,101,W+1.5,37232,17,True,False,False,,-1,69.5666,4000
2026-06-28 09:46:33,103,W+1.5,36906,9,True,False,False,,-1,69.5969,4000
2026-06-28 09:47:38,103,W+1.5,37065,10,True,False,False,,-1,69.4693,4000
2026-06-28 09:48:46,109,B+2.5,39063,7,True,False,False,,-1,69.3795,4000
2026-06-28 09:49:56,104,B+2.5,38583,11,True,False,False,,-1,69.4319,4000
2026-06-28 09:51:06,114,B+2.5,38864,13,True,False,False,,-1,69.4767,4000
2026-06-28 09:52:09,96,B+1.5,34306,5,True,False,False,,-1,69.384,4000
2026-06-28 09:53:26,162,W+0.5,46141,25,True,False,False,,-1,69.5013,4000
2026-06-28 09:54:30,106,B+0.5,34730,7,True,False,False,,-1,69.5393,4000
2026-06-28 09:55:38,103,W+1.5,38317,10,True,False,False,,-1,69.3227,4000
2026-06-28 09:57:09,149,W+4.5,54183,28,True,False,False,,-1,69.4575,4000
2026-06-28 09:58:19,115,W+1.5,40067,19,True,False,False,,-1,69.355,4000
2026-06-28 09:59:36,129,W+0.5,46643,12,True,False,False,,-1,69.4039,4000
2026-06-28 10:00:39,97,W+0.5,34011,10,True,False,False,,-1,69.3561,4000
2026-06-28 10:01:55,136,B+6.5,42946,24,True,False,False,,-1,69.5008,4000
2026-06-28 10:03:07,105,W+4.5,37783,9,True,False,False,,-1,69.6089,4000
2026-06-28 10:03:59,70,W+3.5,27242,2,True,False,False,,-1,69.3812,4000
2026-06-28 10:05:02,107,W+2.5,36323,9,True,False,False,,-1,69.2697,4000
2026-06-28 10:06:03,95,W+8.5,34768,11,True,False,False,,-1,69.2482,4000
2026-06-28 10:07:09,102,B+1.5,35786,9,True,False,False,,-1,69.2545,4000
2026-06-28 10:08:31,148,B+0.5,47024,17,True,False,False,,-1,69.3645,4000
2026-06-28 10:09:56,143,W+0.5,46863,26,True,False,False,,-1,69.3548,4000
2026-06-28 10:11:07,112,B+1.5,41108,11,True,False,False,,-1,69.098,4000
2026-06-28 10:12:18,123,W+1.5,39795,16,True,False,False,,-1,69.12,4000
2026-06-28 10:13:24,97,W+1.5,34983,10,True,False,False,,-1,69.0544,4000
2026-06-28 10:14:35,162,W+8.5,43841,31,True,False,False,,-1,69.1046,4000
2026-06-28 10:16:01,162,B+7.5,50779,29,True,False,False,,-1,69.1724,4000
2026-06-28 10:17:08,101,B+2.5,36333,4,True,False,False,,-1,69.4678,4000
2026-06-28 10:18:08,93,W+2.5,33553,14,True,False,False,,-1,69.4136,4000
2026-06-28 10:19:19,114,B+2.5,41670,4,True,False,False,,-1,69.589,4000
2026-06-28 10:20:25,107,W+1.5,39100,12,True,False,False,,-1,69.5979,4000
2026-06-28 10:21:40,118,B+3.5,40397,10,True,False,False,,-1,69.6685,4000
2026-06-28 10:22:42,98,B+1.5,35056,6,True,False,False,,-1,69.6409,4000
2026-06-28 10:24:04,130,B+1.5,46073,13,True,False,False,,-1,69.7902,4000
2026-06-28 10:25:21,121,B+2.5,42514,20,True,False,False,,-1,69.8966,4000
2026-06-28 10:26:23,101,W+0.5,35995,14,True,False,False,,-1,69.8316,4000
2026-06-28 10:27:24,85,W+8.5,32201,4,True,False,False,,-1,69.7263,4000
2026-06-28 10:28:32,102,B+0.5,37748,12,True,False,False,,-1,69.8039,4000
2026-06-28 10:29:45,131,W+3.5,43888,22,True,False,False,,-1,69.6892,4000
2026-06-28 10:31:00,127,W+0.5,44642,19,True,False,False,,-1,69.8271,4000
2026-06-28 10:32:09,111,W+3.5,36682,12,True,False,False,,-1,69.8794,4000
2026-06-28 10:33:28,128,B+0.5,44588,17,True,False,False,,-1,69.9934,4000
2026-06-28 10:34:38,103,W+1.5,37854,12,True,False,False,,-1,70.0719,4000
2026-06-28 10:35:56,128,B+5.5,42961,11,True,False,False,,-1,70.2991,4000
2026-06-28 10:36:58,88,B+2.5,34010,5,True,False,False,,-1,70.2507,4000
2026-06-28 10:37:58,84,W+0.5,31777,4,True,False,False,,-1,70.1524,4000
2026-06-28 10:39:21,138,B+3.5,47619,16,True,False,False,,-1,70.2524,4000
2026-06-28 10:40:33,112,B+0.5,38826,15,True,False,False,,-1,70.3389,4000
2026-06-28 10:41:41,107,W+0.5,39276,13,True,False,False,,-1,70.3395,4000
2026-06-28 10:42:46,105,W+5.5,35924,16,True,False,False,,-1,70.3421,4000
2026-06-28 10:44:13,162,B+4.5,49076,22,True,False,False,,-1,70.5922,4000
2026-06-28 10:45:27,106,B+4.5,39810,9,True,False,False,,-1,70.5729,4000
2026-06-28 10:46:34,113,W+1.5,39395,11,True,False,False,,-1,70.5708,4000
2026-06-28 10:47:36,97,W+0.5,34943,13,True,False,False,,-1,70.5856,4000
2026-06-28 10:48:57,131,B+0.5,44800,19,True,False,False,,-1,70.6274,4000
2026-06-28 10:50:01,91,W+1.5,32680,10,True,False,False,,-1,70.652,4000
2026-06-28 10:51:08,105,W+2.5,36995,12,True,False,False,,-1,70.6808,4000
2026-06-28 10:52:17,108,B+0.5,39505,8,True,False,False,,-1,70.7123,4000
2026-06-28 10:53:31,118,B+9.5,42654,16,True,False,False,,-1,70.8787,4000
2026-06-28 10:54:40,118,B+1.5,39561,12,True,False,False,,-1,70.8608,4000
2026-06-28 10:55:44,111,W+0.5,36899,9,True,False,False,,-1,70.6353,4000
2026-06-28 10:56:49,90,B+2.5,33427,5,True,False,False,,-1,70.5108,4000
2026-06-28 10:57:57,111,W+1.5,39117,19,True,False,False,,-1,70.2537,4000
2026-06-28 10:59:17,137,B+1.5,46324,16,True,False,False,,-1,70.4381,4000
2026-06-28 11:00:32,116,B+0.5,42258,15,True,False,False,,-1,70.5011,4000
2026-06-28 11:01:37,97,W+5.5,34435,9,True,False,False,,-1,70.4232,4000
2026-06-28 11:02:42,98,B+0.5,36535,7,True,False,False,,-1,70.3798,4000
2026-06-28 11:03:50,109,W+0.5,38949,10,True,False,False,,-1,70.2027,4000
2026-06-28 11:04:59,107,B+0.5,39514,10,True,False,False,,-1,70.1602,4000
2026-06-28 11:06:06,97,W+2.5,34846,15,True,False,False,,-1,70.2116,4000
2026-06-28 11:07:23,139,B+8.5,43831,18,True,False,False,,-1,70.3712,4000
2026-06-28 11:08:34,104,B+1.5,38283,8,True,False,False,,-1,70.3922,4000
2026-06-28 11:09:44,108,B+2.5,38223,11,True,False,False,,-1,70.3895,4000
2026-06-28 11:10:51,105,W+0.5,36727,11,True,False,False,,-1,70.3917,4000
2026-06-28 11:11:49,95,W+6.5,34378,12,True,False,False,,-1,70.3082,4000
2026-06-28 11:12:56,112,B+0.5,38528,13,True,False,False,,-1,70.3325,4000
2026-06-28 11:14:22,162,B+6.5,51421,22,True,False,False,,-1,70.4126,4000
2026-06-28 11:15:33,106,B+6.5,38080,15,True,False,False,,-1,70.365,4000
2026-06-28 11:16:41,108,B+0.5,37470,7,True,False,False,,-1,70.3963,4000
2026-06-28 11:17:49,110,W+9.5,37593,10,True,False,False,,-1,70.236,4000
2026-06-28 11:18:54,100,B+0.5,36769,10,True,False,False,,-1,70.0353,4000
2026-06-28 11:22:41,99,B+0.5,35462,5,True,False,False,,-1,69.6897,5000
2026-06-28 11:24:05,145,W+7.5,44548,23,True,False,False,,-1,69.8153,5000
2026-06-28 11:25:18,88,B+4.5,33314,7,True,False,False,,-1,69.8715,5000
2026-06-28 11:26:30,126,B+1.5,39813,11,True,False,False,,-1,69.6957,5000
2026-06-28 11:27:33,94,B+4.5,32606,3,True,False,False,,-1,69.6495,5000
2026-06-28 11:28:34,97,W+1.5,31998,10,True,False,False,,-1,69.4289,5000
2026-06-28 11:29:44,117,W+2.5,38181,14,True,False,False,,-1,69.4937,5000
2026-06-28 11:30:53,100,B+4.5,35483,11,True,False,False,,-1,69.5084,5000
2026-06-28 11:31:56,92,B+2.5,33906,8,True,False,False,,-1,69.4241,5000
2026-06-28 11:33:02,99,W+2.5,35189,6,True,False,False,,-1,69.454,5000
2026-06-28 11:34:04,94,W+1.5,33986,5,True,False,False,,-1,69.3831,5000
2026-06-28 11:35:10,112,B+1.5,38619,17,True,False,False,,-1,69.347,5000
2026-06-28 11:36:05,73,B+3.5,28469,6,True,False,False,,-1,69.2792,5000
2026-06-28 11:37:25,157,W+6.5,43346,31,True,False,False,,-1,69.4796,5000
2026-06-28 11:38:32,102,B+0.5,36713,12,True,False,False,,-1,69.4679,5000
2026-06-28 11:39:38,107,W+0.5,36257,17,True,False,False,,-1,69.4778,5000
2026-06-28 11:40:42,94,B+9.5,33434,4,True,False,False,,-1,69.4458,5000
2026-06-28 11:41:46,84,B+2.5,31408,2,True,False,False,,-1,69.4133,5000
2026-06-28 11:43:02,139,W+1.5,42262,29,True,False,False,,-1,69.4861,5000
2026-06-28 11:44:04,97,W+0.5,32806,10,True,False,False,,-1,69.4335,5000
2026-06-28 11:45:20,162,B+7.5,46253,23,True,False,False,,-1,69.556,5000
2026-06-28 11:46:26,101,W+2.5,34516,13,True,False,False,,-1,69.5268,5000
2026-06-28 11:47:39,110,B+3.5,40095,13,True,False,False,,-1,69.5572,5000
2026-06-28 11:49:00,156,B+5.5,45193,26,True,False,False,,-1,69.6646,5000
2026-06-28 11:50:29,141,W+0.5,48980,31,True,False,False,,-1,69.9301,5000
2026-06-28 11:51:49,118,W+1.5,42445,18,True,False,False,,-1,69.964,5000
2026-06-28 11:52:55,109,W+0.5,36564,16,True,False,False,,-1,69.9753,5000
2026-06-28 11:54:12,128,B+2.5,43382,25,True,False,False,,-1,70.066,5000
2026-06-28 11:55:28,113,B+1.5,40553,14,True,False,False,,-1,69.9198,5000
2026-06-28 11:56:33,117,B+2.5,39516,21,True,False,False,,-1,69.8654,5000
2026-06-28 11:57:41,104,B+9.5,36306,3,True,False,False,,-1,69.778,5000
2026-06-28 11:59:07,142,B+1.5,46308,17,True,False,False,,-1,70.0052,5000
2026-06-28 12:00:16,103,B+0.5,35412,17,True,False,False,,-1,69.9425,5000
2026-06-28 12:01:16,95,W+2.5,31666,9,True,False,False,,-1,69.8192,5000
2026-06-28 12:02:19,92,B+2.5,33622,6,True,False,False,,-1,69.9294,5000
2026-06-28 12:03:29,112,B+5.5,37530,9,True,False,False,,-1,69.9915,5000
2026-06-28 12:04:46,109,W+0.5,38706,13,True,False,False,,-1,70.1554,5000
2026-06-28 12:06:01,129,W+0.5,43866,29,True,False,False,,-1,70.2523,5000
2026-06-28 12:07:14,115,B+2.5,39810,11,True,False,False,,-1,70.156,5000
2026-06-28 12:08:15,101,W+1.5,33988,14,True,False,False,,-1,69.917,5000
2026-06-28 12:09:18,93,W+6.5,33298,8,True,False,False,,-1,69.836,5000
2026-06-28 12:10:31,112,B+6.5,39780,14,True,False,False,,-1,69.8608,5000
2026-06-28 12:11:36,96,B+0.5,33993,7,True,False,False,,-1,69.849,5000
2026-06-28 12:12:43,97,W+2.5,34527,8,True,False,False,,-1,69.8052,5000
2026-06-28 12:13:49,104,B+0.5,34736,6,True,False,False,,-1,69.613,5000
2026-06-28 12:14:53,101,W+18.5,33347,10,True,False,False,,-1,69.5793,5000
2026-06-28 12:16:22,153,W+3.5,50615,28,True,False,False,,-1,69.8688,5000
2026-06-28 12:17:20,88,B+2.5,31684,4,True,False,False,,-1,69.745,5000
2026-06-28 12:18:25,97,W+0.5,33786,9,True,False,False,,-1,69.7212,5000
2026-06-28 12:19:25,97,W+1.5,33185,12,True,False,False,,-1,69.5815,5000
2026-06-28 12:20:47,162,W+9.5,47693,19,True,False,False,,-1,69.7793,5000
2026-06-28 12:22:02,149,B+3.5,40189,19,True,False,False,,-1,69.7063,5000
2026-06-28 12:23:16,147,W+1.5,43198,29,True,False,False,,-1,69.6782,5000
2026-06-28 12:24:15,87,W+1.5,30760,7,True,False,False,,-1,69.6482,5000
2026-06-28 12:25:35,134,B+1.5,43934,20,True,False,False,,-1,69.8393,5000
2026-06-28 12:26:42,107,B+0.5,37088,9,True,False,False,,-1,69.8321,5000
2026-06-28 12:27:52,114,B+1.5,37126,8,True,False,False,,-1,69.7927,5000
2026-06-28 12:28:50,93,W+0.5,32645,11,True,False,False,,-1,69.6288,5000
2026-06-28 12:29:58,101,B+2.5,35285,4,True,False,False,,-1,69.6264,5000
2026-06-28 12:31:01,91,B+1.5,33810,5,True,False,False,,-1,69.4536,5000
2026-06-28 12:32:03,91,B+2.5,32920,6,True,False,False,,-1,69.3786,5000
2026-06-28 12:33:21,118,B+0.5,42804,14,True,False,False,,-1,69.3774,5000
2026-06-28 12:34:47,162,B+1.5,48557,32,True,False,False,,-1,69.6133,5000
2026-06-28 12:35:50,101,W+1.5,33478,14,True,False,False,,-1,69.6493,5000
2026-06-28 12:36:54,162,W+10.5,39845,22,True,False,False,,-1,69.4521,5000
2026-06-28 12:38:18,146,B+1.5,48365,24,True,False,False,,-1,69.5765,5000
2026-06-28 12:39:15,77,B+2.5,29912,4,True,False,False,,-1,69.4627,5000
2026-06-28 12:40:17,104,B+1.5,37653,11,True,False,False,,-1,69.4432,5000
2026-06-28 12:41:19,92,B+0.5,33380,6,True,False,False,,-1,69.1806,5000
2026-06-28 12:42:48,153,B+3.5,46741,27,True,False,False,,-1,69.3448,5000
2026-06-28 12:43:58,112,B+3.5,37923,16,True,False,False,,-1,69.3711,5000
2026-06-28 12:45:04,107,B+2.5,36449,13,True,False,False,,-1,69.4089,5000
2026-06-28 12:46:02,86,B+3.5,31469,5,True,False,False,,-1,69.1738,5000
2026-06-28 12:47:07,100,B+0.5,34331,9,True,False,False,,-1,69.1865,5000
2026-06-28 12:48:12,106,B+3.5,36174,5,True,False,False,,-1,69.1637,5000
2026-06-28 12:49:13,103,W+1.5,33725,13,True,False,False,,-1,69.0852,5000
2026-06-28 12:50:34,125,B+1.5,43972,17,True,False,False,,-1,69.152,5000
2026-06-28 12:51:37,97,W+6.5,33671,14,True,False,False,,-1,69.1031,5000
2026-06-28 12:52:42,107,W+1.5,36726,20,True,False,False,,-1,69.1017,5000
2026-06-28 12:53:48,111,W+0.5,37704,13,True,False,False,,-1,69.1197,5000
2026-06-28 12:54:50,82,B+1.5,31496,4,True,False,False,,-1,69.0571,5000
2026-06-28 12:55:52,83,B+8.5,31301,9,True,False,False,,-1,68.8727,5000
2026-06-28 12:57:03,111,W+1.5,36515,18,True,False,False,,-1,68.8315,5000
2026-06-28 12:58:06,91,B+3.5,32353,2,True,False,False,,-1,68.8193,5000
2026-06-28 12:59:21,122,B+4.5,41181,15,True,False,False,,-1,68.9088,5000
2026-06-28 13:00:32,106,B+0.5,39202,8,True,False,False,,-1,68.9472,5000
2026-06-28 13:01:46,123,W+2.5,41442,15,True,False,False,,-1,69.0031,5000
2026-06-28 13:02:50,103,W+0.5,34330,6,True,False,False,,-1,68.9717,5000
2026-06-28 13:04:04,121,B+6.5,40253,9,True,False,False,,-1,68.9308,5000
2026-06-28 13:05:13,121,W+0.5,37700,18,True,False,False,,-1,68.9178,5000
2026-06-28 13:06:22,108,B+0.5,36872,6,True,False,False,,-1,68.9076,5000
2026-06-28 13:07:34,111,W+5.5,36785,15,True,False,False,,-1,68.9617,5000
2026-06-28 13:08:42,115,W+0.5,35325,20,True,False,False,,-1,69.057,5000
2026-06-28 13:09:54,162,W+13.5,42472,36,True,False,False,,-1,69.1091,5000
2026-06-28 13:11:09,105,B+1.5,38759,13,True,False,False,,-1,68.991,5000
2026-06-28 13:12:16,121,W+0.5,36483,22,True,False,False,,-1,68.9589,5000
2026-06-28 13:13:19,93,W+6.5,32593,4,True,False,False,,-1,68.9106,5000
2026-06-28 13:14:20,91,W+1.5,31193,11,True,False,False,,-1,68.8342,5000
2026-06-28 13:15:36,122,B+3.5,42824,9,True,False,False,,-1,68.9496,5000
2026-06-28 13:16:42,88,B+4.5,33777,6,True,False,False,,-1,69.1259,5000
2026-06-28 13:17:51,106,B+0.5,38208,16,True,False,False,,-1,69.0988,5000
2026-06-28 13:18:58,113,W+0.5,38180,12,True,False,False,,-1,68.9252,5000
2026-06-28 13:20:01,106,B+0.5,35461,10,True,False,False,,-1,68.8226,5000
2026-06-28 13:21:08,111,W+2.5,37551,11,True,False,False,,-1,68.7812,5000
2026-06-28 13:22:23,120,B+6.5,39462,9,True,False,False,,-1,68.8905,5000
2026-06-28 13:23:50,162,W+1.5,51292,20,True,False,False,,-1,69.1508,5000
2026-06-28 13:24:51,106,B+1.5,34948,11,True,False,False,,-1,69.065,5000
2026-06-28 13:26:07,120,B+2.5,41688,11,True,False,False,,-1,69.1406,5000
2026-06-28 13:27:06,80,B+0.5,29943,3,True,False,False,,-1,69.0977,5000
2026-06-28 13:28:11,114,W+10.5,38178,14,True,False,False,,-1,69.0934,5000
2026-06-28 13:29:29,120,B+4.5,41423,14,True,False,False,,-1,69.2415,5000
2026-06-28 13:30:32,83,B+0.5,32167,3,True,False,False,,-1,69.2115,5000
2026-06-28 13:31:35,103,W+0.5,34401,17,True,False,False,,-1,69.2924,5000
2026-06-28 13:32:40,96,B+1.5,33718,7,True,False,False,,-1,69.148,5000
2026-06-28 13:33:53,104,B+1.5,38639,8,True,False,False,,-1,69.2092,5000
2026-06-28 13:35:03,162,W+10.5,38441,19,True,False,False,,-1,69.2437,5000
2026-06-28 13:36:09,125,B+1.5,36233,21,True,False,False,,-1,69.2624,5000
2026-06-28 13:37:19,116,B+2.5,40298,14,True,False,False,,-1,69.3303,5000
2026-06-28 13:38:23,93,B+4.5,32607,7,True,False,False,,-1,69.2017,5000
2026-06-28 13:39:27,97,B+1.5,33820,6,True,False,False,,-1,69.2213,5000
2026-06-28 13:40:34,107,B+1.5,37902,9,True,False,False,,-1,69.1342,5000
2026-06-28 13:41:43,115,W+3.5,35646,20,True,False,False,,-1,69.1622,5000
2026-06-28 13:42:58,126,W+2.5,42979,15,True,False,False,,-1,69.1842,5000
2026-06-28 13:44:05,119,W+10.5,36008,24,True,False,False,,-1,69.0487,5000
2026-06-28 13:45:22,135,W+0.5,43445,31,True,False,False,,-1,68.9207,5000
2026-06-28 13:46:32,111,W+2.5,37846,16,True,False,False,,-1,68.8233,5000
2026-06-28 13:47:42,110,B+1.5,38431,13,True,False,False,,-1,68.8618,5000
2026-06-28 13:48:52,113,W+2.5,38326,11,True,False,False,,-1,68.7909,5000
2026-06-28 13:49:53,92,B+3.5,32503,11,True,False,False,,-1,68.6413,5000
2026-06-28 13:50:54,103,W+3.5,32894,16,True,False,False,,-1,68.6102,5000
2026-06-28 13:52:08,118,B+0.5,38982,13,True,False,False,,-1,68.6577,5000
2026-06-28 13:53:36,162,B+7.5,47249,31,True,False,False,,-1,68.6871,5000
2026-06-28 13:54:36,87,B+2.5,31212,3,True,False,False,,-1,68.5937,5000
2026-06-28 13:55:46,121,W+4.5,40527,20,True,False,False,,-1,68.6947,5000
2026-06-28 13:56:50,94,B+2.5,32924,8,True,False,False,,-1,68.7007,5000
2026-06-28 13:57:35,61,B+0.5,22601,4,True,False,False,,-1,68.4589,5000
2026-06-28 13:58:42,98,B+1.5,34352,3,True,False,False,,-1,68.3581,5000
2026-06-28 13:59:48,92,B+5.5,34506,3,True,False,False,,-1,68.2579,5000
2026-06-28 14:01:06,162,W+1.5,44472,41,True,False,False,,-1,68.3126,5000
2026-06-28 14:02:33,142,B+2.5,47490,22,True,False,False,,-1,68.5724,5000
2026-06-28 14:03:40,109,B+0.5,37622,17,True,False,False,,-1,68.618,5000
2026-06-28 14:04:53,125,B+0.5,40229,18,True,False,False,,-1,68.6109,5000
2026-06-28 14:05:51,89,W+3.5,30099,7,True,False,False,,-1,68.5529,5000
2026-06-28 14:07:11,120,B+3.5,42150,18,True,False,False,,-1,68.68,5000
2026-06-28 14:08:30,122,B+1.5,42470,11,True,False,False,,-1,68.7972,5000
2026-06-28 14:09:39,106,B+0.5,38478,10,True,False,False,,-1,68.856,5000
2026-06-28 14:10:51,124,B+6.5,40151,12,True,False,False,,-1,68.6856,5000
2026-06-28 14:12:01,105,B+2.5,37708,11,True,False,False,,-1,68.7979,5000
2026-06-28 14:12:58,79,B+0.5,29458,2,True,False,False,,-1,68.7282,5000
2026-06-28 14:13:49,66,W+0.5,25213,3,True,False,False,,-1,68.6333,5000
2026-06-28 14:14:55,96,B+1.5,34859,7,True,False,False,,-1,68.477,5000
2026-06-28 14:16:21,142,B+2.5,46266,18,True,False,False,,-1,68.588,5000
2026-06-28 14:17:21,88,B+3.5,31196,5,True,False,False,,-1,68.4472,5000
2026-06-28 14:18:27,102,B+2.5,35903,7,True,False,False,,-1,68.5092,5000
2026-06-28 14:19:34,108,B+1.5,37316,20,True,False,False,,-1,68.383,5000
2026-06-28 14:20:47,107,B+3.5,38688,8,True,False,False,,-1,68.4408,5000
2026-06-28 14:21:55,111,W+0.5,37260,21,True,False,False,,-1,68.4297,5000
2026-06-28 14:23:03,109,W+0.5,37029,18,True,False,False,,-1,68.5221,5000
2026-06-28 14:24:21,110,B+3.5,41675,9,True,False,False,,-1,68.6241,5000
2026-06-28 14:25:24,99,W+0.5,33027,15,True,False,False,,-1,68.6309,5000
2026-06-28 14:26:35,102,B+0.5,37351,10,True,False,False,,-1,68.7109,5000
2026-06-28 14:27:54,130,B+2.5,45603,17,True,False,False,,-1,68.7308,5000
2026-06-28 14:29:18,137,W+1.5,45897,27,True,False,False,,-1,68.7063,5000
2026-06-28 14:30:33,145,W+1.5,42603,20,True,False,False,,-1,68.8212,5000
2026-06-28 14:31:45,121,W+2.5,39994,9,True,False,False,,-1,68.9078,5000
2026-06-28 14:32:52,102,B+3.5,35841,8,True,False,False,,-1,68.7397,5000
2026-06-28 14:34:00,98,B+0.5,36170,6,True,False,False,,-1,68.851,5000
2026-06-28 14:35:06,100,B+2.5,34182,7,True,False,False,,-1,68.8793,5000
2026-06-28 14:36:30,162,B+12.5,45091,29,True,False,False,,-1,69.1064,5000
2026-06-28 14:37:40,104,B+0.5,36912,10,True,False,False,,-1,68.9162,5000
2026-06-28 14:38:48,101,B+2.5,35395,8,True,False,False,,-1,68.8934,5000
2026-06-28 14:40:00,101,B+3.5,37326,10,True,False,False,,-1,68.9583,5000
2026-06-28 14:41:11,107,B+5.5,37676,10,True,False,False,,-1,69.0853,5000
2026-06-28 14:42:16,102,B+1.5,36192,10,True,False,False,,-1,69.0846,5000
2026-06-28 14:43:19,98,B+1.5,34250,8,True,False,False,,-1,69.063,5000
2026-06-28 14:44:20,101,W+2.5,34838,17,True,False,False,,-1,69.0687,5000
2026-06-28 14:45:27,95,B+0.5,36031,8,True,False,False,,-1,68.925,5000
2026-06-28 14:46:36,116,B+4.5,38995,9,True,False,False,,-1,68.9794,5000
2026-06-28 14:47:42,105,W+4.5,36760,10,True,False,False,,-1,68.9942,5000
