datetime,game_length,game_result,game_simulations,num_passes,is_resign_disabled,is_marked_for_resign,is_could_won,marked_resign_player,resign_threshold,time_per_game,training_steps
2026-06-27 14:48:42,34,W+7.5,1127,2,True,False,False,,-1,11.8506,0
2026-06-27 14:48:48,100,W+21.5,3105,5,True,False,False,,-1,9.2788,0
2026-06-27 14:49:05,162,W+79.5,5813,8,True,False,False,,-1,11.8603,0
2026-06-27 14:49:14,70,W+15.5,2193,2,True,False,False,,-1,11.073,0
2026-06-27 14:49:20,44,W+9.5,1444,2,True,False,False,,-1,9.9972,0
2026-06-27 14:49:24,30,W+9.5,1007,2,True,False,False,,-1,8.9926,0
2026-06-27 14:49:40,162,W+77.5,5512,9,True,False,False,,-1,10.0166,0
2026-06-27 14:49:55,130,W+36.5,4426,4,True,False,False,,-1,10.623,0
2026-06-27 14:50:04,70,W+3.5,2345,2,True,False,False,,-1,10.4512,0
2026-06-27 14:50:10,53,W+11.5,1704,3,True,False,False,,-1,10.0522,0
2026-06-27 14:50:26,134,B+35.5,4559,3,True,False,False,,-1,10.5364,0
2026-06-27 14:50:30,36,W+8.5,1121,2,True,False,False,,-1,10.029,0
2026-06-27 14:50:47,162,B+69.5,7667,16,True,False,False,,-1,10.572,0
2026-06-27 14:50:52,44,W+8.5,1325,3,True,False,False,,-1,10.188,0
2026-06-27 14:51:08,154,W+79.5,5126,14,True,False,False,,-1,10.5778,0
2026-06-27 14:51:22,122,W+28.5,3813,3,True,False,False,,-1,10.7602,0
2026-06-27 14:51:33,97,W+24.5,3340,2,True,False,False,,-1,10.7761,0
2026-06-27 14:51:43,90,W+13.5,2865,2,True,False,False,,-1,10.7631,0
2026-06-27 14:51:55,107,B+13.5,3323,4,True,False,False,,-1,10.8197,0
2026-06-27 14:52:06,91,W+9.5,3071,3,True,False,False,,-1,10.8006,0
2026-06-27 14:52:16,96,W+18.5,2743,2,True,False,False,,-1,10.7671,0
2026-06-27 14:52:24,68,W+7.5,1991,3,True,False,False,,-1,10.636,0
2026-06-27 14:52:28,32,W+6.5,1175,2,True,False,False,,-1,10.3733,0
2026-06-27 14:52:40,95,B+4.5,3278,2,True,False,False,,-1,10.4321,0
2026-06-27 14:52:53,111,B+4.5,3680,3,True,False,False,,-1,10.5247,0
2026-06-27 14:52:57,44,W+11.5,954,2,True,False,False,,-1,10.2792,0
2026-06-27 14:53:06,80,W+3.5,2397,2,True,False,False,,-1,10.2461,0
2026-06-27 14:53:11,30,W+7.5,1089,2,True,False,False,,-1,10.0315,0
2026-06-27 14:53:14,26,W+8.5,693,2,True,False,False,,-1,9.7899,0
2026-06-27 14:53:25,107,W+23.5,3234,3,True,False,False,,-1,9.8373,0
2026-06-27 14:53:28,25,B+0.5,933,2,True,False,False,,-1,9.6329,0
2026-06-27 14:53:37,77,B+5.5,2332,4,True,False,False,,-1,9.6086,0
2026-06-27 14:53:49,100,W+14.5,3323,2,True,False,False,,-1,9.6718,0
2026-06-27 14:53:57,71,B+9.5,2057,5,True,False,False,,-1,9.6298,0
2026-06-27 14:54:08,112,W+51.5,3329,2,True,False,False,,-1,9.67,0
2026-06-27 14:54:20,107,B+9.5,3438,5,True,False,False,,-1,9.7369,0
2026-06-27 14:54:30,80,W+15.5,2486,2,True,False,False,,-1,9.7325,0
2026-06-27 14:54:43,116,B+4.5,3999,4,True,False,False,,-1,9.8279,0
2026-06-27 14:54:53,85,B+8.5,2717,4,True,False,False,,-1,9.8368,0
2026-06-27 14:55:02,64,W+6.5,2152,3,True,False,False,,-1,9.7978,0
2026-06-27 14:55:17,143,B+27.5,4492,6,True,False,False,,-1,9.9304,0
2026-06-27 14:55:24,66,W+7.5,1652,2,True,False,False,,-1,9.858,0
2026-06-27 14:55:32,75,B+3.5,2364,2,True,False,False,,-1,9.8284,0
2026-06-27 14:55:44,94,W+13.5,3149,3,True,False,False,,-1,9.8618,0
2026-06-27 14:55:56,98,B+12.5,3349,2,True,False,False,,-1,9.9172,0
2026-06-27 14:56:08,100,B+0.5,3323,3,True,False,False,,-1,9.9645,0
2026-06-27 14:56:20,99,W+7.5,3645,5,True,False,False,,-1,10.0125,0
2026-06-27 14:56:33,106,B+12.5,3729,4,True,False,False,,-1,10.0651,0
2026-06-27 14:56:38,42,W+5.5,1222,3,True,False,False,,-1,9.9616,0
2026-06-27 14:56:54,162,B+60.5,5387,4,True,False,False,,-1,10.0745,0
2026-06-27 14:57:09,129,B+5.5,4721,6,True,False,False,,-1,10.1812,0
2026-06-27 14:57:17,68,W+3.5,2105,2,True,False,False,,-1,10.1383,0
2026-06-27 14:57:22,42,W+4.5,1334,3,True,False,False,,-1,10.0481,0
2026-06-27 14:57:36,123,B+26.5,3749,6,True,False,False,,-1,10.1138,0
2026-06-27 14:57:47,88,W+8.5,2885,6,True,False,False,,-1,10.1245,0
2026-06-27 14:57:54,68,W+16.5,1879,2,True,False,False,,-1,10.0793,0
2026-06-27 14:58:04,82,W+9.5,2747,2,True,False,False,,-1,10.078,0
2026-06-27 14:58:16,107,W+42.5,3302,3,True,False,False,,-1,10.1136,0
2026-06-27 14:58:28,93,B+9.5,2987,3,True,False,False,,-1,10.1335,0
2026-06-27 14:58:42,115,W+32.5,4206,5,True,False,False,,-1,10.1972,0
2026-06-27 14:58:56,127,B+39.5,4355,4,True,False,False,,-1,10.2665,0
2026-06-27 14:59:09,102,W+16.5,3576,4,True,False,False,,-1,10.3027,0
2026-06-27 14:59:16,58,W+9.5,1908,3,True,False,False,,-1,10.2546,0
2026-06-27 14:59:27,101,B+1.5,3241,3,True,False,False,,-1,10.2745,0
2026-06-27 14:59:43,142,B+44.5,4964,2,True,False,False,,-1,10.3604,0
2026-06-27 14:59:55,101,B+1.5,3325,4,True,False,False,,-1,10.3881,0
2026-06-27 15:00:08,105,B+1.5,3432,3,True,False,False,,-1,10.4157,0
2026-06-27 15:00:11,26,W+7.5,728,2,True,False,False,,-1,10.3067,0
2026-06-27 15:00:20,77,B+9.5,2324,3,True,False,False,,-1,10.2883,0
2026-06-27 15:00:36,132,W+47.5,4781,7,True,False,False,,-1,10.375,0
2026-06-27 15:00:40,32,W+7.5,1184,2,True,False,False,,-1,10.289,0
2026-06-27 15:00:58,147,B+40.5,5176,4,True,False,False,,-1,10.3859,0
2026-06-27 15:01:08,91,B+1.5,2493,2,True,False,False,,-1,10.3831,0
2026-06-27 15:01:24,151,B+51.5,5365,8,True,False,False,,-1,10.4554,0
2026-06-27 15:01:34,92,B+5.5,2851,3,True,False,False,,-1,10.4558,0
2026-06-27 15:01:46,97,W+11.5,3480,4,True,False,False,,-1,10.4741,0
2026-06-27 15:01:56,88,W+1.5,2429,2,True,False,False,,-1,10.465,0
2026-06-27 15:02:03,65,B+1.5,1745,4,True,False,False,,-1,10.4243,0
2026-06-27 15:02:11,70,W+1.5,2269,2,True,False,False,,-1,10.3992,0
2026-06-27 15:02:22,92,W+13.5,2899,3,True,False,False,,-1,10.4025,0
2026-06-27 15:02:38,162,B+62.5,5532,11,True,False,False,,-1,10.4756,0
2026-06-27 15:02:51,105,W+17.5,3685,3,True,False,False,,-1,10.497,0
2026-06-27 15:03:03,106,W+26.5,3391,5,True,False,False,,-1,10.5217,0
2026-06-27 15:03:20,148,W+25.5,5226,7,True,False,False,,-1,10.6005,0
2026-06-27 15:03:32,104,W+12.5,3473,3,True,False,False,,-1,10.6177,0
2026-06-27 15:03:46,113,W+26.5,3965,5,True,False,False,,-1,10.6507,0
2026-06-27 15:03:58,115,B+5.5,3793,7,True,False,False,,-1,10.667,0
2026-06-27 15:04:07,94,W+15.5,2834,2,True,False,False,,-1,10.6537,0
2026-06-27 15:04:18,84,W+7.5,2745,3,True,False,False,,-1,10.6534,0
2026-06-27 15:04:33,127,B+34.5,4234,7,True,False,False,,-1,10.6999,0
2026-06-27 15:04:50,149,B+32.5,4759,3,True,False,False,,-1,10.767,0
2026-06-27 15:05:00,84,W+16.5,2605,4,True,False,False,,-1,10.7585,0
2026-06-27 15:05:12,97,B+7.5,3256,2,True,False,False,,-1,10.7704,0
2026-06-27 15:05:18,64,W+6.5,1547,2,True,False,False,,-1,10.7262,0
2026-06-27 15:05:35,162,W+22.5,5818,10,True,False,False,,-1,10.7859,0
2026-06-27 15:05:47,109,W+15.5,3614,3,True,False,False,,-1,10.8005,0
2026-06-27 15:05:59,112,W+25.5,3697,5,True,False,False,,-1,10.8145,0
2026-06-27 15:06:08,83,B+3.5,2527,2,True,False,False,,-1,10.8013,0
2026-06-27 15:06:22,116,W+55.5,3742,3,True,False,False,,-1,10.8282,0
2026-06-27 15:06:41,162,B+38.5,5543,4,True,False,False,,-1,10.9074,0
2026-06-27 15:06:52,104,B+14.5,3324,5,True,False,False,,-1,10.9033,0
2026-06-27 15:07:09,162,B+70.5,6198,12,True,False,False,,-1,11.0053,0
2026-06-27 15:07:20,102,B+4.5,3378,5,True,False,False,,-1,10.9504,0
2026-06-27 15:07:30,78,W+10.5,2637,3,True,False,False,,-1,10.9618,0
2026-06-27 15:07:46,134,B+1.5,4936,6,True,False,False,,-1,11.0594,0
2026-06-27 15:07:51,46,W+7.5,1076,2,True,False,False,,-1,11.068,0
2026-06-27 15:08:04,113,B+7.5,3907,2,True,False,False,,-1,11.0423,0
2026-06-27 15:08:16,97,B+9.5,3193,5,True,False,False,,-1,11.0148,0
2026-06-27 15:08:32,162,B+67.5,5451,9,True,False,False,,-1,11.0843,0
2026-06-27 15:08:49,162,W+38.5,5255,8,True,False,False,,-1,11.1859,0
2026-06-27 15:09:00,105,W+9.5,3387,5,True,False,False,,-1,11.1438,0
2026-06-27 15:09:05,46,W+8.5,1187,2,True,False,False,,-1,11.1503,0
2026-06-27 15:09:11,48,W+5.5,1474,2,True,False,False,,-1,11.0382,0
2026-06-27 15:09:20,76,W+5.5,2264,5,True,False,False,,-1,11.0749,0
2026-06-27 15:09:27,60,W+11.5,1743,2,True,False,False,,-1,10.9834,0
2026-06-27 15:09:33,64,W+3.5,1479,2,True,False,False,,-1,10.9128,0
2026-06-27 15:09:49,133,W+46.5,4536,5,True,False,False,,-1,10.9588,0
2026-06-27 15:10:07,145,W+41.5,5068,5,True,False,False,,-1,11.0316,0
2026-06-27 15:10:15,68,W+6.5,2119,4,True,False,False,,-1,10.9981,0
2026-06-27 15:10:21,44,W+8.5,1524,2,True,False,False,,-1,10.955,0
2026-06-27 15:10:24,26,W+6.5,583,2,True,False,False,,-1,10.8802,0
2026-06-27 15:10:40,128,W+74.5,4367,6,True,False,False,,-1,10.96,0
2026-06-27 15:10:52,105,B+11.5,3512,4,True,False,False,,-1,11.0379,0
2026-06-27 15:11:03,102,B+16.5,2884,3,True,False,False,,-1,11.0266,0
2026-06-27 15:11:14,93,B+33.5,3058,3,True,False,False,,-1,11.0142,0
2026-06-27 15:11:19,38,W+8.5,1157,3,True,False,False,,-1,11.0182,0
2026-06-27 15:11:24,38,W+10.5,1263,2,True,False,False,,-1,10.9729,0
2026-06-27 15:11:38,117,W+23.5,3877,4,True,False,False,,-1,11.0674,0
2026-06-27 15:11:49,88,W+10.5,3035,2,True,False,False,,-1,11.1503,0
2026-06-27 15:11:59,89,B+4.5,2607,3,True,False,False,,-1,11.1382,0
2026-06-27 15:12:12,108,W+2.5,3674,4,True,False,False,,-1,11.2329,0
2026-06-27 15:12:22,92,W+13.5,3026,3,True,False,False,,-1,11.251,0
2026-06-27 15:12:35,110,B+31.5,3672,5,True,False,False,,-1,11.2638,0
2026-06-27 15:12:47,111,B+35.5,3158,2,True,False,False,,-1,11.2996,0
2026-06-27 15:13:04,162,W+80.5,5643,7,True,False,False,,-1,11.3587,0
2026-06-27 15:13:15,95,B+11.5,2941,4,True,False,False,,-1,11.3466,0
2026-06-27 15:13:30,117,W+23.5,4464,6,True,False,False,,-1,11.3967,0
2026-06-27 15:13:36,56,W+7.5,1641,2,True,False,False,,-1,11.3256,0
2026-06-27 15:13:51,135,B+26.5,4385,3,True,False,False,,-1,11.3758,0
2026-06-27 15:14:09,162,W+80.5,5712,8,True,False,False,,-1,11.4675,0
2026-06-27 15:14:22,117,B+15.5,3636,3,True,False,False,,-1,11.453,0
2026-06-27 15:14:35,106,W+39.5,3403,2,True,False,False,,-1,11.5062,0
2026-06-27 15:14:48,143,B+59.5,4734,12,True,False,False,,-1,11.5557,0
2026-06-27 15:15:05,162,B+70.5,6726,18,True,False,False,,-1,11.6066,0
2026-06-27 15:15:18,102,W+23.5,3549,4,True,False,False,,-1,11.6137,0
2026-06-27 15:15:30,100,W+29.5,3282,4,True,False,False,,-1,11.6125,0
2026-06-27 15:15:45,162,B+67.5,5972,11,True,False,False,,-1,11.649,0
2026-06-27 15:15:56,95,B+1.5,3096,3,True,False,False,,-1,11.6337,0
2026-06-27 15:16:12,162,B+66.5,5176,16,True,False,False,,-1,11.7373,0
2026-06-27 15:16:18,54,W+6.5,1694,4,True,False,False,,-1,11.6478,0
2026-06-27 15:16:31,105,B+8.5,3515,3,True,False,False,,-1,11.6164,0
2026-06-27 15:16:41,83,B+2.5,2713,3,True,False,False,,-1,11.6339,0
2026-06-27 15:16:47,50,W+6.5,1601,2,True,False,False,,-1,11.6441,0
2026-06-27 15:17:04,153,B+40.5,5451,4,True,False,False,,-1,11.6773,0
2026-06-27 15:17:15,98,W+28.5,3046,2,True,False,False,,-1,11.684,0
2026-06-27 15:17:24,76,W+2.5,2393,2,True,False,False,,-1,11.6991,0
2026-06-27 15:17:35,83,W+17.5,2881,3,True,False,False,,-1,11.7079,0
2026-06-27 15:17:41,42,W+7.5,1308,2,True,False,False,,-1,11.6395,0
2026-06-27 15:17:54,121,B+45.5,3719,7,True,False,False,,-1,11.6641,0
2026-06-27 15:18:02,62,W+8.5,1931,3,True,False,False,,-1,11.5997,0
2026-06-27 15:18:13,103,B+0.5,3505,4,True,False,False,,-1,11.5709,0
2026-06-27 15:18:27,108,W+24.5,4017,3,True,False,False,,-1,11.5795,0
2026-06-27 15:18:30,20,W+7.5,753,2,True,False,False,,-1,11.5358,0
2026-06-27 15:18:40,96,W+13.5,3137,3,True,False,False,,-1,11.5294,0
2026-06-27 15:18:58,162,B+45.5,5120,6,True,False,False,,-1,11.541,0
2026-06-27 15:19:07,89,B+10.5,2707,5,True,False,False,,-1,11.516,0
2026-06-27 15:19:18,98,W+20.5,2955,4,True,False,False,,-1,11.4986,0
2026-06-27 15:19:22,30,W+6.5,1352,3,True,False,False,,-1,11.5158,0
2026-06-27 15:19:38,136,W+30.5,4588,3,True,False,False,,-1,11.5849,0
2026-06-27 15:19:50,92,W+5.5,3221,3,True,False,False,,-1,11.541,0
2026-06-27 15:20:05,117,B+22.5,3933,2,True,False,False,,-1,11.6406,0
2026-06-27 15:20:14,75,B+9.5,2538,3,True,False,False,,-1,11.5629,0
2026-06-27 15:20:21,60,W+8.5,1887,3,True,False,False,,-1,11.534,0
2026-06-27 15:20:32,108,B+10.5,3678,3,True,False,False,,-1,11.4873,0
2026-06-27 15:20:41,82,W+8.5,2416,3,True,False,False,,-1,11.4705,0
2026-06-27 15:20:50,66,W+3.5,2163,2,True,False,False,,-1,11.4369,0
2026-06-27 15:21:01,94,W+21.5,3265,3,True,False,False,,-1,11.4536,0
2026-06-27 15:21:07,48,W+6.5,1409,2,True,False,False,,-1,11.44,0
2026-06-27 15:21:16,76,W+4.5,2282,2,True,False,False,,-1,11.4413,0
2026-06-27 15:21:22,58,W+11.5,1442,2,True,False,False,,-1,11.3941,0
2026-06-27 15:21:30,62,W+3.5,1989,2,True,False,False,,-1,11.31,0
2026-06-27 15:21:41,104,W+33.5,3212,3,True,False,False,,-1,11.3034,0
2026-06-27 15:21:51,84,W+22.5,2610,2,True,False,False,,-1,11.2766,0
2026-06-27 15:22:07,153,B+24.5,5160,14,True,False,False,,-1,11.2646,0
2026-06-27 15:22:25,162,W+44.5,5533,3,True,False,False,,-1,11.3286,0
2026-06-27 15:22:36,82,W+13.5,2658,3,True,False,False,,-1,11.2968,0
2026-06-27 15:22:43,68,W+16.5,1762,2,True,False,False,,-1,11.2495,0
2026-06-27 15:22:54,101,B+17.5,3341,4,True,False,False,,-1,11.2679,0
2026-06-27 15:23:03,80,W+4.5,2453,4,True,False,False,,-1,11.253,0
2026-06-27 15:23:07,28,W+6.5,937,3,True,False,False,,-1,11.1388,0
2026-06-27 15:23:16,74,W+5.5,2228,5,True,False,False,,-1,11.0571,0
2026-06-27 15:23:23,58,W+9.5,1722,2,True,False,False,,-1,11.0284,0
2026-06-27 15:23:32,74,W+8.5,2341,3,True,False,False,,-1,11.0019,0
2026-06-27 15:23:45,108,B+2.5,4064,5,True,False,False,,-1,11.0666,0
2026-06-27 15:23:54,74,W+3.5,2235,2,True,False,False,,-1,10.9907,0
2026-06-27 15:24:05,116,W+29.5,3844,5,True,False,False,,-1,10.9817,0
2026-06-27 15:24:17,107,B+27.5,3279,4,True,False,False,,-1,10.9795,0
2026-06-27 15:24:29,113,B+19.5,3985,7,True,False,False,,-1,11.0087,0
2026-06-27 15:24:36,52,W+7.5,1645,2,True,False,False,,-1,10.938,0
2026-06-27 15:24:42,50,W+10.5,1532,2,True,False,False,,-1,10.8122,0
2026-06-27 15:25:00,162,W+31.5,5066,4,True,False,False,,-1,10.8766,0
2026-06-27 15:25:14,129,B+35.5,4099,3,True,False,False,,-1,10.8485,0
2026-06-27 15:25:22,62,W+7.5,1865,3,True,False,False,,-1,10.8091,0
2026-06-27 15:25:28,58,W+6.5,1642,3,True,False,False,,-1,10.7754,0
2026-06-27 15:25:39,96,W+5.5,2933,2,True,False,False,,-1,10.7307,0
2026-06-27 15:25:51,104,W+0.5,3480,3,True,False,False,,-1,10.8028,0
2026-06-27 15:25:54,26,W+6.5,671,2,True,False,False,,-1,10.6945,0
2026-06-27 15:26:10,155,B+54.5,4688,7,True,False,False,,-1,10.7337,0
2026-06-27 15:26:24,114,B+1.5,4349,5,True,False,False,,-1,10.7191,0
2026-06-27 15:26:34,81,B+7.5,2467,3,True,False,False,,-1,10.6468,0
2026-06-27 15:26:44,89,W+3.5,2838,2,True,False,False,,-1,10.6348,0
2026-06-27 15:26:58,129,B+41.5,4095,7,True,False,False,,-1,10.723,0
2026-06-27 15:27:08,88,W+0.5,2663,5,True,False,False,,-1,10.7632,0
2026-06-27 15:27:17,82,W+3.5,2776,2,True,False,False,,-1,10.7689,0
2026-06-27 15:27:32,123,B+37.5,4412,2,True,False,False,,-1,10.8488,0
2026-06-27 15:27:47,137,B+46.5,4357,5,True,False,False,,-1,10.935,0
2026-06-27 15:28:00,117,B+7.5,3851,6,True,False,False,,-1,10.9094,0
2026-06-27 15:28:13,112,B+6.5,4023,5,True,False,False,,-1,10.8588,0
2026-06-27 15:28:18,42,W+9.5,1333,2,True,False,False,,-1,10.8286,0
2026-06-27 15:28:32,126,W+59.5,4256,6,True,False,False,,-1,10.9058,0
2026-06-27 15:28:37,42,W+6.5,1109,2,True,False,False,,-1,10.9263,0
2026-06-27 15:28:41,36,W+7.5,1262,2,True,False,False,,-1,10.8118,0
2026-06-27 15:28:47,40,W+7.5,1516,2,True,False,False,,-1,10.7432,0
2026-06-27 15:29:00,114,W+23.5,3960,4,True,False,False,,-1,10.7658,0
2026-06-27 15:29:13,115,W+21.5,4141,4,True,False,False,,-1,10.7822,0
2026-06-27 15:29:24,103,W+4.5,3466,3,True,False,False,,-1,10.8484,0
2026-06-27 15:29:31,62,W+10.5,1850,3,True,False,False,,-1,10.8721,0
2026-06-27 15:29:37,44,W+4.5,1394,3,True,False,False,,-1,10.7925,0
2026-06-27 15:29:50,122,W+51.5,3688,3,True,False,False,,-1,10.8088,0
2026-06-27 15:29:52,22,W+7.5,635,2,True,False,False,,-1,10.7336,0
2026-06-27 15:30:02,86,W+3.5,2812,4,True,False,False,,-1,10.7044,0
2026-06-27 15:30:11,70,W+15.5,2312,2,True,False,False,,-1,10.6878,0
2026-06-27 15:30:27,133,B+32.5,4540,7,True,False,False,,-1,10.7159,0
2026-06-27 15:30:40,113,W+11.5,3775,5,True,False,False,,-1,10.725,0
2026-06-27 15:30:54,126,W+46.5,3809,3,True,False,False,,-1,10.6947,0
2026-06-27 15:31:04,91,B+1.5,2796,2,True,False,False,,-1,10.6852,0
2026-06-27 15:31:12,66,W+7.5,1928,3,True,False,False,,-1,10.6174,0
2026-06-27 15:31:16,30,W+8.5,1263,3,True,False,False,,-1,10.6024,0
2026-06-27 15:31:34,162,W+71.5,5550,4,True,False,False,,-1,10.6252,0
2026-06-27 15:31:38,26,W+7.5,1044,2,True,False,False,,-1,10.4889,0
2026-06-27 15:31:45,56,W+1.5,1907,2,True,False,False,,-1,10.4271,0
2026-06-27 15:31:58,129,B+42.5,3904,7,True,False,False,,-1,10.435,0
2026-06-27 15:32:03,42,W+9.5,1230,2,True,False,False,,-1,10.3476,0
2026-06-27 15:32:07,28,W+7.5,910,2,True,False,False,,-1,10.2197,0
2026-06-27 15:32:13,58,W+6.5,1456,3,True,False,False,,-1,10.1509,0
2026-06-27 15:32:28,122,W+21.5,4021,2,True,False,False,,-1,10.1833,0
2026-06-27 15:32:36,66,W+9.5,1915,2,True,False,False,,-1,10.1024,0
2026-06-27 15:32:39,28,W+9.5,798,2,True,False,False,,-1,10.0234,0
2026-06-27 15:32:56,147,B+30.5,5146,7,True,False,False,,-1,10.0451,0
2026-06-27 15:33:02,48,W+3.5,1374,3,True,False,False,,-1,10.0325,0
2026-06-27 15:33:16,125,B+43.5,4424,8,True,False,False,,-1,10.0496,0
2026-06-27 15:33:24,61,B+7.5,2135,2,True,False,False,,-1,10.033,0
2026-06-27 15:33:29,38,W+4.5,1174,2,True,False,False,,-1,10.0153,0
2026-06-27 15:33:39,80,W+5.5,2783,2,True,False,False,,-1,9.9521,0
2026-06-27 15:33:52,105,B+16.5,3670,6,True,False,False,,-1,9.964,0
2026-06-27 15:34:04,111,B+5.5,3777,3,True,False,False,,-1,9.992,0
2026-06-27 15:34:19,128,B+1.5,4431,7,True,False,False,,-1,10.0334,0
2026-06-27 15:34:26,59,B+0.5,1858,2,True,False,False,,-1,10.0548,0
2026-06-27 15:34:36,84,W+5.5,2678,2,True,False,False,,-1,10.0167,0
2026-06-27 15:34:41,38,W+6.5,1197,3,True,False,False,,-1,9.9881,0
2026-06-27 15:34:47,60,W+20.5,1567,3,True,False,False,,-1,9.9381,0
2026-06-27 15:35:02,124,B+18.5,4193,4,True,False,False,,-1,9.9499,0
2026-06-27 15:35:16,144,B+25.5,4616,3,True,False,False,,-1,10.0657,0
2026-06-27 15:35:22,38,W+7.5,1373,2,True,False,False,,-1,10.0103,0
2026-06-27 15:35:37,146,B+46.5,5293,3,True,False,False,,-1,9.9957,0
2026-06-27 15:35:54,151,B+27.5,5251,6,True,False,False,,-1,10.0649,0
2026-06-27 15:36:10,158,B+52.5,5024,7,True,False,False,,-1,10.1252,0
2026-06-27 15:36:22,100,W+19.5,3216,5,True,False,False,,-1,10.1914,0
2026-06-27 15:36:27,56,W+8.5,1141,2,True,False,False,,-1,10.0826,0
2026-06-27 15:36:34,66,W+4.5,1890,2,True,False,False,,-1,10.038,0
2026-06-27 15:36:44,80,W+13.5,2508,2,True,False,False,,-1,9.9902,0
2026-06-27 15:36:49,46,W+7.5,1413,2,True,False,False,,-1,9.9505,0
2026-06-27 15:37:08,162,W+60.5,5725,3,True,False,False,,-1,10.0619,0
2026-06-27 15:37:22,136,B+16.5,4446,3,True,False,False,,-1,10.0968,0
2026-06-27 15:37:32,90,W+24.5,2841,4,True,False,False,,-1,10.1094,0
2026-06-27 15:37:43,105,B+3.5,3604,7,True,False,False,,-1,10.1335,0
2026-06-27 15:37:52,72,W+7.5,2377,2,True,False,False,,-1,10.1102,0
2026-06-27 15:38:10,162,B+67.5,6307,16,True,False,False,,-1,10.2297,0
2026-06-27 15:38:20,82,W+8.5,2632,2,True,False,False,,-1,10.2422,0
2026-06-27 15:38:32,102,W+43.5,2997,3,True,False,False,,-1,10.2977,0
2026-06-27 15:38:42,86,W+9.5,2963,2,True,False,False,,-1,10.324,0
2026-06-27 15:38:47,36,W+7.5,1265,2,True,False,False,,-1,10.256,0
2026-06-27 15:39:04,162,B+60.5,5798,4,True,False,False,,-1,10.33,0
2026-06-27 15:39:14,82,W+14.5,2652,2,True,False,False,,-1,10.2695,0
2026-06-27 15:39:19,28,W+7.5,1288,2,True,False,False,,-1,10.135,0
2026-06-27 15:39:34,131,W+51.5,4345,3,True,False,False,,-1,10.1846,0
2026-06-27 15:39:46,102,W+11.5,3354,5,True,False,False,,-1,10.2321,0
2026-06-27 15:39:50,24,W+7.5,1051,2,True,False,False,,-1,10.1546,0
2026-06-27 15:40:03,110,W+9.5,3939,3,True,False,False,,-1,10.1937,0
2026-06-27 15:40:16,114,W+1.5,3982,5,True,False,False,,-1,10.2897,0
2026-06-27 15:40:29,113,B+0.5,3671,5,True,False,False,,-1,10.3314,0
2026-06-27 15:40:40,98,W+8.5,3187,3,True,False,False,,-1,10.3722,0
2026-06-27 15:40:52,115,B+40.5,3286,4,True,False,False,,-1,10.4036,0
2026-06-27 15:41:05,113,B+39.5,3684,3,True,False,False,,-1,10.4008,0
2026-06-27 15:41:09,30,W+8.5,1146,2,True,False,False,,-1,10.3536,0
2026-06-27 15:41:15,48,W+7.5,1396,2,True,False,False,,-1,10.2974,0
2026-06-27 15:41:23,64,W+9.5,1972,2,True,False,False,,-1,10.258,0
2026-06-27 15:41:35,98,W+10.5,3192,3,True,False,False,,-1,10.2507,0
2026-06-27 15:41:48,112,B+22.5,3726,2,True,False,False,,-1,10.3188,0
2026-06-27 15:41:58,78,W+5.5,2576,3,True,False,False,,-1,10.3539,0
2026-06-27 15:42:07,80,W+10.5,2322,2,True,False,False,,-1,10.2659,0
2026-06-27 15:42:23,140,W+62.5,4693,3,True,False,False,,-1,10.2876,0
2026-06-27 15:42:41,162,B+68.5,9032,18,True,False,False,,-1,10.3949,0
2026-06-27 15:42:55,126,W+49.5,4015,3,True,False,False,,-1,10.4666,0
2026-06-27 15:43:02,66,W+6.5,1656,2,True,False,False,,-1,10.426,0
2026-06-27 15:43:17,135,B+38.5,4356,3,True,False,False,,-1,10.4619,0
2026-06-27 15:43:26,70,W+4.5,2284,3,True,False,False,,-1,10.5226,0
2026-06-27 15:43:40,116,W+27.5,3902,5,True,False,False,,-1,10.4973,0
2026-06-27 15:43:54,123,W+15.5,4242,7,True,False,False,,-1,10.4951,0
2026-06-27 15:44:04,95,B+15.5,2925,2,True,False,False,,-1,10.5024,0
2026-06-27 15:44:13,74,W+4.5,2356,2,True,False,False,,-1,10.4942,0
2026-06-27 15:44:21,70,W+5.5,1869,2,True,False,False,,-1,10.432,0
2026-06-27 15:44:34,114,W+24.5,3954,5,True,False,False,,-1,10.4596,0
2026-06-27 15:44:50,162,W+78.5,5916,12,True,False,False,,-1,10.532,0
2026-06-27 15:44:54,32,W+7.5,1089,2,True,False,False,,-1,10.4232,0
2026-06-27 15:45:07,109,B+18.5,3626,7,True,False,False,,-1,10.4011,0
2026-06-27 15:45:21,108,W+23.5,3990,4,True,False,False,,-1,10.4085,0
2026-06-27 15:45:28,64,W+7.5,1687,3,True,False,False,,-1,10.349,0
2026-06-27 15:45:44,134,B+39.5,4591,5,True,False,False,,-1,10.4531,0
2026-06-27 15:45:54,86,W+9.5,2810,2,True,False,False,,-1,10.4216,0
2026-06-27 15:46:07,111,W+10.5,3361,4,True,False,False,,-1,10.4973,0
2026-06-27 15:46:11,22,W+9.5,1109,2,True,False,False,,-1,10.4927,0
2026-06-27 15:46:21,98,B+0.5,2917,4,True,False,False,,-1,10.5439,0
2026-06-27 15:46:34,108,W+2.5,3762,5,True,False,False,,-1,10.5454,0
2026-06-27 15:46:50,126,W+49.5,4510,5,True,False,False,,-1,10.5672,0
2026-06-27 15:46:57,62,W+11.5,2005,2,True,False,False,,-1,10.532,0
2026-06-27 15:47:10,107,B+22.5,3483,2,True,False,False,,-1,10.585,0
2026-06-27 15:47:28,153,B+38.5,5106,2,True,False,False,,-1,10.7058,0
2026-06-27 15:47:38,88,W+5.5,2951,3,True,False,False,,-1,10.682,0
2026-06-27 15:47:49,90,W+20.5,2925,2,True,False,False,,-1,10.7646,0
2026-06-27 15:47:54,42,W+5.5,1334,3,True,False,False,,-1,10.7184,0
2026-06-27 15:48:11,140,W+59.5,4850,2,True,False,False,,-1,10.7959,0
2026-06-27 15:48:22,92,B+0.5,3306,2,True,False,False,,-1,10.7506,0
2026-06-27 15:48:30,70,W+12.5,1893,2,True,False,False,,-1,10.7023,0
2026-06-27 15:48:45,140,B+41.5,4665,5,True,False,False,,-1,10.7071,0
2026-06-27 15:48:52,64,W+10.5,1843,2,True,False,False,,-1,10.6818,0
2026-06-27 15:49:03,91,B+3.5,2715,3,True,False,False,,-1,10.7087,0
2026-06-27 15:49:14,99,W+11.5,3646,4,True,False,False,,-1,10.7792,0
2026-06-27 15:49:26,107,W+15.5,3245,3,True,False,False,,-1,10.7224,0
2026-06-27 15:49:38,100,W+15.5,3191,3,True,False,False,,-1,10.8024,0
2026-06-27 15:49:48,84,W+17.5,2408,3,True,False,False,,-1,10.8235,0
2026-06-27 15:50:03,129,B+43.5,4451,5,True,False,False,,-1,10.8427,0
2026-06-27 15:50:19,133,B+15.5,4748,6,True,False,False,,-1,10.9545,0
2026-06-27 15:50:26,62,W+2.5,1781,2,True,False,False,,-1,10.989,0
2026-06-27 15:50:34,77,B+7.5,2263,3,True,False,False,,-1,11.011,0
2026-06-27 15:50:44,83,W+15.5,2567,2,True,False,False,,-1,10.954,0
2026-06-27 15:50:58,127,B+32.5,3867,2,True,False,False,,-1,11.0163,0
2026-06-27 15:51:08,93,B+6.5,2775,6,True,False,False,,-1,11.0903,0
2026-06-27 15:51:24,153,W+52.5,5280,5,True,False,False,,-1,11.0776,0
2026-06-27 15:51:36,99,B+24.5,3098,2,True,False,False,,-1,11.138,0
2026-06-27 15:51:45,75,B+5.5,2418,2,True,False,False,,-1,11.0895,0
2026-06-27 15:51:58,121,B+10.5,3766,6,True,False,False,,-1,11.1351,0
2026-06-27 15:52:10,100,W+3.5,3387,4,True,False,False,,-1,11.2104,0
2026-06-27 15:52:23,117,B+34.5,3603,5,True,False,False,,-1,11.2381,0
2026-06-27 15:52:40,157,B+52.5,5228,6,True,False,False,,-1,11.277,0
2026-06-27 15:52:49,76,W+12.5,2433,3,True,False,False,,-1,11.2508,0
2026-06-27 15:52:59,96,W+6.5,2509,2,True,False,False,,-1,11.1975,0
2026-06-27 15:53:03,32,W+7.5,1056,2,True,False,False,,-1,11.1643,0
2026-06-27 15:53:14,92,W+31.5,2940,5,True,False,False,,-1,11.1742,0
2026-06-27 15:53:26,112,W+34.5,3828,3,True,False,False,,-1,11.2544,0
2026-06-27 15:53:33,46,W+4.5,1575,3,True,False,False,,-1,11.2517,0
2026-06-27 15:53:51,162,W+84.5,5764,5,True,False,False,,-1,11.2929,0
2026-06-27 15:54:02,80,W+7.5,2916,2,True,False,False,,-1,11.2535,0
2026-06-27 15:54:19,162,W+30.5,5749,13,True,False,False,,-1,11.3718,0
2026-06-27 15:54:37,152,B+50.5,5571,6,True,False,False,,-1,11.3971,0
2026-06-27 15:54:50,109,B+39.5,3494,4,True,False,False,,-1,11.3604,0
2026-06-27 15:55:05,129,B+33.5,4189,4,True,False,False,,-1,11.3422,0
2026-06-27 15:55:15,90,W+4.5,2750,3,True,False,False,,-1,11.333,0
2026-06-27 15:55:18,20,W+7.5,936,2,True,False,False,,-1,11.3132,0
2026-06-27 15:55:30,107,B+24.5,3018,2,True,False,False,,-1,11.3533,0
2026-06-27 15:55:45,131,B+41.5,4102,4,True,False,False,,-1,11.4066,0
2026-06-27 15:55:54,82,W+6.5,2382,5,True,False,False,,-1,11.4502,0
2026-06-27 15:56:02,70,W+6.5,2020,3,True,False,False,,-1,11.3426,0
2026-06-27 15:56:09,64,W+11.5,1743,2,True,False,False,,-1,11.2686,0
2026-06-27 15:56:14,44,W+6.5,1188,2,True,False,False,,-1,11.2161,0
2026-06-27 15:56:20,44,W+10.5,1395,2,True,False,False,,-1,11.1621,0
2026-06-27 15:56:31,92,W+9.5,3124,5,True,False,False,,-1,11.1817,0
2026-06-27 15:56:42,106,W+15.5,3405,4,True,False,False,,-1,11.1191,0
2026-06-27 15:56:55,118,W+0.5,4062,6,True,False,False,,-1,11.1467,0
2026-06-27 15:57:05,90,W+18.5,2486,3,True,False,False,,-1,11.1302,0
2026-06-27 15:57:17,107,W+19.5,3481,3,True,False,False,,-1,11.1512,0
2026-06-27 15:57:30,112,B+25.5,3751,3,True,False,False,,-1,11.2314,0
2026-06-27 15:57:42,93,B+4.5,3215,2,True,False,False,,-1,11.1757,0
2026-06-27 15:57:50,68,W+7.5,2141,2,True,False,False,,-1,11.1562,0
2026-06-27 15:58:03,105,W+11.5,3719,4,True,False,False,,-1,11.2331,0
2026-06-27 15:58:05,24,W+7.5,549,2,True,False,False,,-1,11.1045,0
2026-06-27 15:58:18,104,W+25.5,3414,5,True,False,False,,-1,11.1098,0
2026-06-27 15:58:30,101,W+21.5,3544,4,True,False,False,,-1,11.2007,0
2026-06-27 15:58:42,93,W+16.5,3573,2,True,False,False,,-1,11.1893,0
2026-06-27 15:58:52,86,W+6.5,2571,4,True,False,False,,-1,11.1539,0
2026-06-27 15:59:06,130,B+46.5,4252,3,True,False,False,,-1,11.1745,0
2026-06-27 15:59:18,102,W+0.5,2992,2,True,False,False,,-1,11.1743,0
2026-06-27 15:59:22,38,W+6.5,1192,2,True,False,False,,-1,11.0987,0
2026-06-27 15:59:37,125,W+57.5,4440,2,True,False,False,,-1,11.1158,0
2026-06-27 15:59:42,38,W+6.5,1412,2,True,False,False,,-1,11.128,0
2026-06-27 15:59:51,66,W+10.5,2092,2,True,False,False,,-1,11.1541,0
2026-06-27 16:00:00,76,W+9.5,2471,2,True,False,False,,-1,11.1686,0
2026-06-27 16:00:06,50,W+9.5,1551,2,True,False,False,,-1,11.1133,0
2026-06-27 16:00:23,149,B+43.5,5143,4,True,False,False,,-1,11.1496,0
2026-06-27 16:00:36,102,W+9.5,3568,2,True,False,False,,-1,11.18,0
2026-06-27 16:00:45,68,W+8.5,2295,2,True,False,False,,-1,11.1786,0
2026-06-27 16:00:51,54,W+7.5,1684,2,True,False,False,,-1,11.0806,0
2026-06-27 16:01:05,109,W+21.5,3824,4,True,False,False,,-1,11.032,0
2026-06-27 16:01:17,95,B+8.5,3247,4,True,False,False,,-1,11.0154,0
2026-06-27 16:01:30,114,W+55.5,3734,5,True,False,False,,-1,11.0794,0
2026-06-27 16:01:36,48,W+4.5,1685,2,True,False,False,,-1,10.9884,0
2026-06-27 16:01:46,84,W+20.5,2549,2,True,False,False,,-1,10.9962,0
2026-06-27 16:02:04,162,W+28.5,5635,6,True,False,False,,-1,11.0401,0
2026-06-27 16:02:12,73,B+1.5,2194,2,True,False,False,,-1,10.9782,0
2026-06-27 16:02:17,34,W+7.5,1123,2,True,False,False,,-1,10.922,0
2026-06-27 16:02:25,82,W+1.5,2199,4,True,False,False,,-1,10.9169,0
2026-06-27 16:02:43,162,B+30.5,5402,6,True,False,False,,-1,11.0217,0
2026-06-27 16:03:01,162,W+79.5,5907,7,True,False,False,,-1,11.0676,0
2026-06-27 16:03:08,62,W+1.5,1912,3,True,False,False,,-1,10.974,0
2026-06-27 16:03:14,48,W+6.5,1648,2,True,False,False,,-1,10.9948,0
2026-06-27 16:03:24,91,W+11.5,3028,2,True,False,False,,-1,10.9704,0
2026-06-27 16:03:32,68,W+2.5,2135,2,True,False,False,,-1,10.9114,0
2026-06-27 16:03:50,162,B+50.5,5475,8,True,False,False,,-1,11.0219,0
2026-06-27 16:03:58,56,W+10.5,1832,2,True,False,False,,-1,10.936,0
2026-06-27 16:04:13,156,W+27.5,5109,8,True,False,False,,-1,10.9884,0
2026-06-27 16:04:31,162,W+49.5,5411,4,True,False,False,,-1,11.0424,0
2026-06-27 16:04:42,98,B+11.5,3034,3,True,False,False,,-1,11.1118,0
2026-06-27 16:04:45,22,W+7.5,989,2,True,False,False,,-1,11.0371,0
2026-06-27 16:04:59,111,B+11.5,3766,6,True,False,False,,-1,11.0406,0
2026-06-27 16:05:11,108,B+5.5,3554,3,True,False,False,,-1,11.0118,0
2026-06-27 16:05:27,132,B+27.5,4522,5,True,False,False,,-1,11.0951,0
2026-06-27 16:05:37,82,W+0.5,2460,5,True,False,False,,-1,11.0648,0
2026-06-27 16:05:50,110,W+15.5,3886,2,True,False,False,,-1,11.0175,0
2026-06-27 16:06:01,100,W+15.5,3408,3,True,False,False,,-1,11.0272,0
2026-06-27 16:06:05,32,W+7.5,1100,2,True,False,False,,-1,10.9625,0
2026-06-27 16:06:14,76,W+7.5,2357,2,True,False,False,,-1,10.9955,0
2026-06-27 16:06:26,105,W+5.5,3394,4,True,False,False,,-1,10.9452,0
2026-06-27 16:06:34,70,W+6.5,2147,3,True,False,False,,-1,10.9182,0
2026-06-27 16:06:45,92,W+14.5,3034,3,True,False,False,,-1,10.9481,0
2026-06-27 16:06:56,102,W+11.5,2953,2,True,False,False,,-1,10.9121,0
2026-06-27 16:07:09,90,W+2.5,3392,3,True,False,False,,-1,10.962,0
2026-06-27 16:07:21,100,W+29.5,3448,4,True,False,False,,-1,10.9833,0
2026-06-27 16:07:25,34,W+7.5,1084,2,True,False,False,,-1,10.9072,0
2026-06-27 16:07:36,92,W+10.5,2915,3,True,False,False,,-1,10.9004,0
2026-06-27 16:07:46,78,W+11.5,2503,2,True,False,False,,-1,10.8775,0
2026-06-27 16:07:50,24,W+7.5,983,2,True,False,False,,-1,10.8179,0
2026-06-27 16:07:56,42,W+9.5,1511,4,True,False,False,,-1,10.7271,0
2026-06-27 16:08:08,108,B+7.5,4307,2,True,False,False,,-1,10.6958,0
2026-06-27 16:08:14,44,W+6.5,1301,2,True,False,False,,-1,10.678,0
2026-06-27 16:08:29,151,B+42.5,4720,3,True,False,False,,-1,10.7456,0
2026-06-27 16:08:32,24,W+7.5,888,2,True,False,False,,-1,10.6856,0
2026-06-27 16:08:43,90,W+15.5,2880,2,True,False,False,,-1,10.6493,0
2026-06-27 16:09:00,162,W+79.5,5972,8,True,False,False,,-1,10.7172,0
2026-06-27 16:09:14,119,B+42.5,4024,5,True,False,False,,-1,10.698,0
2026-06-27 16:09:24,94,W+10.5,2717,3,True,False,False,,-1,10.6844,0
2026-06-27 16:09:37,107,B+1.5,3480,3,True,False,False,,-1,10.7154,0
2026-06-27 16:09:43,56,W+6.5,1641,3,True,False,False,,-1,10.6546,0
2026-06-27 16:09:59,133,W+17.5,4639,8,True,False,False,,-1,10.693,0
2026-06-27 16:10:07,64,W+14.5,1945,3,True,False,False,,-1,10.6384,0
2026-06-27 16:10:11,22,W+7.5,915,2,True,False,False,,-1,10.5074,0
2026-06-27 16:10:24,122,B+22.5,4319,9,True,False,False,,-1,10.5506,0
2026-06-27 16:10:37,116,B+21.5,3727,2,True,False,False,,-1,10.585,0
2026-06-27 16:10:51,104,W+13.5,3670,5,True,False,False,,-1,10.6787,0
2026-06-27 16:10:57,46,W+7.5,1445,3,True,False,False,,-1,10.6282,0
2026-06-27 16:11:08,97,B+18.5,2914,2,True,False,False,,-1,10.6114,0
2026-06-27 16:11:14,50,W+6.5,1546,2,True,False,False,,-1,10.6081,0
2026-06-27 16:11:26,106,W+41.5,3448,4,True,False,False,,-1,10.5459,0
2026-06-27 16:11:30,34,W+8.5,941,2,True,False,False,,-1,10.4817,0
2026-06-27 16:11:46,149,B+37.5,4727,7,True,False,False,,-1,10.4667,0
2026-06-27 16:11:50,24,W+7.5,969,2,True,False,False,,-1,10.3228,0
2026-06-27 16:12:00,88,W+18.5,2773,2,True,False,False,,-1,10.3004,0
2026-06-27 16:12:12,94,W+3.5,3229,3,True,False,False,,-1,10.2667,0
2026-06-27 16:12:17,38,W+6.5,1370,2,True,False,False,,-1,10.2155,0
2026-06-27 16:12:28,98,W+6.5,3412,3,True,False,False,,-1,10.2949,0
2026-06-27 16:12:37,72,W+7.5,2181,4,True,False,False,,-1,10.2653,0
2026-06-27 16:12:41,38,W+8.5,1144,2,True,False,False,,-1,10.163,0
2026-06-27 16:12:53,103,B+13.5,3305,3,True,False,False,,-1,10.1818,0
2026-06-27 16:12:56,20,W+7.5,896,2,True,False,False,,-1,10.1375,0
2026-06-27 16:13:07,97,B+19.5,2981,3,True,False,False,,-1,10.1731,0
2026-06-27 16:13:22,133,B+42.5,4588,4,True,False,False,,-1,10.2779,0
2026-06-27 16:13:30,64,W+5.5,1985,2,True,False,False,,-1,10.3013,0
2026-06-27 16:13:39,78,W+4.5,2480,2,True,False,False,,-1,10.2829,0
2026-06-27 16:13:47,70,W+10.5,2002,2,True,False,False,,-1,10.2488,0
2026-06-27 16:13:57,78,W+1.5,2391,3,True,False,False,,-1,10.2164,0
2026-06-27 16:14:08,110,W+6.5,3641,3,True,False,False,,-1,10.2346,0
2026-06-27 16:14:14,40,W+8.5,1425,3,True,False,False,,-1,10.1606,0
2026-06-27 16:14:26,115,B+31.5,3609,4,True,False,False,,-1,10.1558,0
2026-06-27 16:14:43,162,B+73.5,5958,10,True,False,False,,-1,10.2116,0
2026-06-27 16:14:57,129,B+50.5,4490,8,True,False,False,,-1,10.2733,0
2026-06-27 16:15:03,55,B+0.5,1493,3,True,False,False,,-1,10.2061,0
2026-06-27 16:15:12,78,W+9.5,2190,3,True,False,False,,-1,10.2714,0
2026-06-27 16:15:23,95,W+9.5,3122,5,True,False,False,,-1,10.2519,0
2026-06-27 16:15:27,40,W+7.5,1157,2,True,False,False,,-1,10.1699,0
2026-06-27 16:15:37,83,B+6.5,2612,5,True,False,False,,-1,10.1453,0
2026-06-27 16:15:46,86,W+3.5,2603,3,True,False,False,,-1,10.147,0
2026-06-27 16:15:56,79,B+9.5,2390,2,True,False,False,,-1,10.0896,0
2026-06-27 16:16:13,147,B+49.5,5156,6,True,False,False,,-1,10.1484,0
2026-06-27 16:16:28,133,B+49.5,4573,5,True,False,False,,-1,10.2543,0
2026-06-27 16:16:39,94,W+14.5,3059,3,True,False,False,,-1,10.219,0
2026-06-27 16:16:56,162,B+58.5,5448,7,True,False,False,,-1,10.3405,0
2026-06-27 16:17:07,88,W+23.5,2890,3,True,False,False,,-1,10.3632,0
2026-06-27 16:17:23,162,B+73.5,6031,19,True,False,False,,-1,10.428,0
2026-06-27 16:17:40,161,B+69.5,6864,20,True,False,False,,-1,10.537,0
2026-06-27 16:17:59,162,W+88.5,7176,17,True,False,False,,-1,10.5567,0
2026-06-27 16:18:16,162,W+61.5,5186,6,True,False,False,,-1,10.6055,0
2026-06-27 16:18:27,94,W+16.5,3019,5,True,False,False,,-1,10.624,0
2026-06-27 16:18:46,162,W+53.5,5534,2,True,False,False,,-1,10.749,0
2026-06-27 16:18:54,69,B+2.5,2127,2,True,False,False,,-1,10.6951,0
2026-06-27 16:19:04,87,B+8.5,2756,2,True,False,False,,-1,10.6773,0
2026-06-27 16:19:19,121,B+33.5,4316,6,True,False,False,,-1,10.69,0
2026-06-27 16:19:27,58,W+8.5,2036,2,True,False,False,,-1,10.6994,0
2026-06-27 16:19:34,66,W+17.5,1976,2,True,False,False,,-1,10.6825,0
2026-06-27 16:19:43,78,W+16.5,2246,3,True,False,False,,-1,10.5892,0
2026-06-27 16:19:54,97,B+3.5,3060,5,True,False,False,,-1,10.6148,0
2026-06-27 16:20:01,60,W+7.5,1931,2,True,False,False,,-1,10.6424,0
2026-06-27 16:20:15,117,W+35.5,4019,2,True,False,False,,-1,10.6982,0
2026-06-27 16:20:33,150,B+27.5,5331,5,True,False,False,,-1,10.6906,0
2026-06-27 16:20:44,106,W+2.5,3081,2,True,False,False,,-1,10.628,0
2026-06-27 16:20:52,76,W+8.5,2164,2,True,False,False,,-1,10.6396,0
2026-06-27 16:21:06,118,W+53.5,3921,4,True,False,False,,-1,10.7204,0
2026-06-27 16:21:14,72,W+11.5,2214,2,True,False,False,,-1,10.6984,0
2026-06-27 16:21:27,107,B+3.5,3613,4,True,False,False,,-1,10.7437,0
2026-06-27 16:21:34,54,W+6.5,1807,2,True,False,False,,-1,10.6333,0
2026-06-27 16:21:49,138,W+42.5,4755,4,True,False,False,,-1,10.7132,0
2026-06-27 16:21:58,72,W+10.5,2273,4,True,False,False,,-1,10.6449,0
2026-06-27 16:22:04,50,W+8.5,1523,2,True,False,False,,-1,10.5284,0
2026-06-27 16:22:10,56,W+12.5,1357,2,True,False,False,,-1,10.4766,0
2026-06-27 16:22:17,66,W+4.5,1667,4,True,False,False,,-1,10.5148,0
2026-06-27 16:22:24,52,W+5.5,1795,2,True,False,False,,-1,10.448,0
2026-06-27 16:22:35,112,W+25.5,3766,4,True,False,False,,-1,10.442,0
2026-06-27 16:22:50,130,W+40.5,4657,9,True,False,False,,-1,10.4237,0
2026-06-27 16:22:59,77,B+0.5,2459,2,True,False,False,,-1,10.42,0
2026-06-27 16:23:10,92,W+26.5,2996,2,True,False,False,,-1,10.4014,0
2026-06-27 16:23:19,80,W+7.5,2388,2,True,False,False,,-1,10.3772,0
2026-06-27 16:23:33,116,W+25.5,3994,2,True,False,False,,-1,10.4758,0
2026-06-27 16:23:49,162,W+36.5,5422,9,True,False,False,,-1,10.5516,0
2026-06-27 16:24:02,112,B+3.5,3953,6,True,False,False,,-1,10.5639,0
2026-06-27 16:24:10,66,W+6.5,2069,4,True,False,False,,-1,10.5562,0
2026-06-27 16:24:22,94,W+19.5,3013,4,True,False,False,,-1,10.5613,0
2026-06-27 16:24:38,140,W+43.5,4812,5,True,False,False,,-1,10.6161,0
2026-06-27 16:24:53,140,W+15.5,4897,4,True,False,False,,-1,10.6402,0
2026-06-27 16:25:09,138,W+50.5,4526,5,True,False,False,,-1,10.6731,0
2026-06-27 16:25:22,109,W+10.5,3861,7,True,False,False,,-1,10.7612,0
2026-06-27 16:25:33,97,B+19.5,3234,3,True,False,False,,-1,10.7609,0
2026-06-27 16:25:44,86,W+25.5,2941,3,True,False,False,,-1,10.7767,0
2026-06-27 16:25:54,86,W+31.5,2811,2,True,False,False,,-1,10.8387,0
2026-06-27 16:26:09,141,W+6.5,4914,10,True,False,False,,-1,10.931,0
2026-06-27 16:26:15,52,W+6.5,1654,2,True,False,False,,-1,10.8671,0
2026-06-27 16:26:29,132,W+34.5,4041,3,True,False,False,,-1,10.9539,0
2026-06-27 16:26:41,106,W+0.5,3489,6,True,False,False,,-1,10.9236,0
2026-06-27 16:26:50,70,W+5.5,2090,2,True,False,False,,-1,10.9725,0
2026-06-27 16:27:01,96,W+0.5,3236,3,True,False,False,,-1,10.9825,0
2026-06-27 16:27:13,109,B+30.5,3480,3,True,False,False,,-1,10.9273,0
2026-06-27 16:27:25,100,W+20.5,3291,2,True,False,False,,-1,10.9062,0
2026-06-27 16:27:43,162,B+31.5,5612,4,True,False,False,,-1,10.9883,0
2026-06-27 16:27:54,93,B+0.5,2767,3,True,False,False,,-1,10.9714,0
2026-06-27 16:28:03,87,W+17.5,2486,2,True,False,False,,-1,10.9973,0
2026-06-27 16:28:07,32,W+7.5,1037,2,True,False,False,,-1,10.8779,0
2026-06-27 16:28:23,162,B+53.5,5252,9,True,False,False,,-1,10.9576,0
2026-06-27 16:28:39,159,W+79.5,6204,13,True,False,False,,-1,11.0862,0
2026-06-27 16:28:48,68,W+4.5,2344,3,True,False,False,,-1,11.0377,0
2026-06-27 16:28:58,78,W+8.5,2529,2,True,False,False,,-1,11.0014,0
2026-06-27 16:29:03,50,W+8.5,1358,2,True,False,False,,-1,10.9236,0
2026-06-27 16:29:18,122,W+36.5,4129,3,True,False,False,,-1,11.0133,0
2026-06-27 16:29:28,88,B+0.5,2871,3,True,False,False,,-1,11.0048,0
2026-06-27 16:29:35,54,W+2.5,1605,2,True,False,False,,-1,11.0104,0
2026-06-27 16:29:46,96,B+1.5,3266,2,True,False,False,,-1,11.0024,0
2026-06-27 16:29:56,78,W+1.5,2550,4,True,False,False,,-1,11.059,0
2026-06-27 16:30:04,70,W+10.5,2035,3,True,False,False,,-1,10.9846,0
2026-06-27 16:30:14,82,W+8.5,2951,3,True,False,False,,-1,11.0475,0
2026-06-27 16:30:21,56,W+6.5,1749,2,True,False,False,,-1,11.0091,0
2026-06-27 16:30:32,90,W+15.5,2966,2,True,False,False,,-1,11.004,0
2026-06-27 16:30:48,148,W+73.5,5233,2,True,False,False,,-1,11.1138,0
2026-06-27 16:30:55,52,W+6.5,1740,3,True,False,False,,-1,11.0708,0
2026-06-27 16:31:03,68,W+10.5,1918,3,True,False,False,,-1,11.0622,0
2026-06-27 16:31:20,162,B+45.5,5371,6,True,False,False,,-1,11.1911,0
2026-06-27 16:31:28,66,W+2.5,2039,5,True,False,False,,-1,11.1505,0
2026-06-27 16:31:39,93,W+28.5,3000,2,True,False,False,,-1,11.2259,0
2026-06-27 16:31:49,85,B+7.5,2702,2,True,False,False,,-1,11.2164,0
2026-06-27 16:31:59,82,W+4.5,2875,3,True,False,False,,-1,11.1692,0
2026-06-27 16:32:09,94,W+7.5,2808,2,True,False,False,,-1,11.1937,0
2026-06-27 16:32:17,58,W+5.5,1949,3,True,False,False,,-1,11.1744,0
2026-06-27 16:32:28,96,W+20.5,3287,3,True,False,False,,-1,11.2079,0
2026-06-27 16:32:39,89,B+3.5,2974,4,True,False,False,,-1,11.2257,0
2026-06-27 16:32:44,34,W+6.5,1052,3,True,False,False,,-1,11.1522,0
2026-06-27 16:32:49,42,W+7.5,1407,2,True,False,False,,-1,11.1543,0
2026-06-27 16:33:05,162,W+71.5,5569,8,True,False,False,,-1,11.1931,0
2026-06-27 16:33:10,38,W+6.5,1200,2,True,False,False,,-1,11.064,0
2026-06-27 16:33:27,132,W+31.5,4923,3,True,False,False,,-1,11.0966,0
2026-06-27 16:33:31,32,W+7.5,1223,2,True,False,False,,-1,11.0801,0
2026-06-27 16:33:49,145,B+41.5,4951,6,True,False,False,,-1,11.1618,0
2026-06-27 16:34:07,161,B+31.5,5551,3,True,False,False,,-1,11.2425,0
2026-06-27 16:34:15,64,W+6.5,1989,2,True,False,False,,-1,11.2769,0
2026-06-27 16:34:23,62,W+3.5,1890,2,True,False,False,,-1,11.2571,0
2026-06-27 16:34:36,114,W+26.5,3991,2,True,False,False,,-1,11.2917,0
2026-06-27 16:34:42,50,W+7.5,1687,3,True,False,False,,-1,11.2631,0
2026-06-27 16:34:56,112,W+16.5,3693,5,True,False,False,,-1,11.2292,0
2026-06-27 16:35:09,126,W+43.5,4003,3,True,False,False,,-1,11.2116,0
2026-06-27 16:35:15,43,W+8.5,1411,2,True,False,False,,-1,11.158,0
2026-06-27 16:35:33,152,W+43.5,5234,8,True,False,False,,-1,11.1635,0
2026-06-27 16:35:41,56,W+7.5,1981,2,True,False,False,,-1,11.1349,0
2026-06-27 16:35:45,36,W+11.5,991,2,True,False,False,,-1,11.0175,0
2026-06-27 16:35:56,92,W+6.5,2963,2,True,False,False,,-1,10.9582,0
2026-06-27 16:36:09,113,W+25.5,3866,6,True,False,False,,-1,10.9028,0
2026-06-27 16:36:27,162,B+61.5,6117,11,True,False,False,,-1,10.9062,0
2026-06-27 16:36:38,101,W+4.5,3111,2,True,False,False,,-1,10.9053,0
2026-06-27 16:36:48,84,W+13.5,2696,2,True,False,False,,-1,10.8145,0
2026-06-27 16:37:01,126,W+30.5,4244,10,True,False,False,,-1,10.862,0
2026-06-27 16:37:06,56,W+11.5,1431,2,True,False,False,,-1,10.818,0
2026-06-27 16:37:15,72,W+8.5,2044,4,True,False,False,,-1,10.7529,0
2026-06-27 16:37:29,129,B+12.5,4600,6,True,False,False,,-1,10.8246,0
2026-06-27 16:37:31,22,W+7.5,479,2,True,False,False,,-1,10.7658,0
2026-06-27 16:37:47,128,W+41.5,4457,6,True,False,False,,-1,10.834,0
2026-06-27 16:37:56,74,W+16.5,2325,2,True,False,False,,-1,10.8166,0
2026-06-27 16:38:14,162,W+81.5,7055,17,True,False,False,,-1,10.9251,0
2026-06-27 16:38:20,44,W+7.5,1572,2,True,False,False,,-1,10.8415,0
2026-06-27 16:38:34,140,W+53.5,4717,9,True,False,False,,-1,10.8119,0
2026-06-27 16:38:45,92,W+16.5,3128,3,True,False,False,,-1,10.814,0
2026-06-27 16:39:00,136,B+45.5,4663,5,True,False,False,,-1,10.8745,0
2026-06-27 16:39:13,114,W+34.5,3958,2,True,False,False,,-1,10.8685,0
2026-06-27 16:39:29,141,B+45.5,5155,8,True,False,False,,-1,10.9424,0
2026-06-27 16:39:46,153,B+56.5,5743,12,True,False,False,,-1,10.9866,0
2026-06-27 16:39:56,89,B+10.5,2733,2,True,False,False,,-1,11.0249,0
2026-06-27 16:40:08,98,B+17.5,3259,2,True,False,False,,-1,10.9847,0
2026-06-27 16:40:14,50,W+4.5,1619,3,True,False,False,,-1,10.9569,0
2026-06-27 16:40:21,64,W+9.5,1962,3,True,False,False,,-1,10.9711,0
2026-06-27 16:40:37,133,W+56.5,4414,6,True,False,False,,-1,11.0663,0
2026-06-27 16:40:53,162,B+17.5,5259,6,True,False,False,,-1,11.1567,0
2026-06-27 16:41:00,52,W+7.5,1985,3,True,False,False,,-1,11.165,0
2026-06-27 16:41:20,162,W+64.5,6438,5,True,False,False,,-1,11.2398,0
2026-06-27 16:41:31,98,W+15.5,3504,4,True,False,False,,-1,11.2107,0
2026-06-27 16:41:39,72,W+12.5,2181,2,True,False,False,,-1,11.206,0
2026-06-27 16:41:47,62,W+3.5,2049,2,True,False,False,,-1,11.1717,0
2026-06-27 16:42:00,109,B+40.5,3471,5,True,False,False,,-1,11.2084,0
2026-06-27 16:42:09,71,B+1.5,2430,2,True,False,False,,-1,11.1606,0
2026-06-27 16:42:24,123,B+20.5,4157,3,True,False,False,,-1,11.1423,0
2026-06-27 16:42:33,78,W+15.5,2533,2,True,False,False,,-1,11.1042,0
2026-06-27 16:42:44,91,B+0.5,3166,2,True,False,False,,-1,11.14,0
2026-06-27 16:43:02,141,W+57.5,4885,4,True,False,False,,-1,11.1982,0
2026-06-27 16:43:18,162,W+69.5,5067,4,True,False,False,,-1,11.2022,0
2026-06-27 16:43:28,84,W+1.5,2444,4,True,False,False,,-1,11.1472,0
2026-06-27 16:43:38,82,W+4.5,2737,2,True,False,False,,-1,11.088,0
2026-06-27 16:43:50,101,B+4.5,3460,4,True,False,False,,-1,11.0814,0
2026-06-27 16:44:04,127,B+41.5,3950,3,True,False,False,,-1,11.11,0
2026-06-27 16:44:12,76,W+0.5,2310,3,True,False,False,,-1,11.0834,0
2026-06-27 16:44:19,42,W+9.5,1776,2,True,False,False,,-1,11.0468,0
2026-06-27 16:44:32,116,B+27.5,3991,6,True,False,False,,-1,11.0308,0
2026-06-27 16:44:45,118,W+43.5,3766,5,True,False,False,,-1,11.0996,0
2026-06-27 16:44:57,99,W+13.5,3277,4,True,False,False,,-1,11.0715,0
2026-06-27 16:45:01,34,W+7.5,1173,2,True,False,False,,-1,10.9946,0
2026-06-27 16:45:09,68,W+10.5,2153,2,True,False,False,,-1,10.9946,0
2026-06-27 16:45:18,70,W+14.5,2075,2,True,False,False,,-1,10.9625,0
2026-06-27 16:45:31,119,W+56.5,3837,2,True,False,False,,-1,10.9787,0
2026-06-27 16:45:35,26,W+7.5,1082,2,True,False,False,,-1,10.8937,0
2026-06-27 16:45:48,125,W+24.5,4139,2,True,False,False,,-1,10.8477,0
2026-06-27 16:46:00,101,B+8.5,3335,3,True,False,False,,-1,10.8592,0
2026-06-27 16:46:10,86,W+19.5,2838,3,True,False,False,,-1,10.8684,0
2026-06-27 16:46:19,87,B+9.5,2247,4,True,False,False,,-1,10.92,0
2026-06-27 16:46:33,108,W+57.5,3602,2,True,False,False,,-1,10.8959,0
2026-06-27 16:46:48,136,B+37.5,4343,5,True,False,False,,-1,10.8888,0
2026-06-27 16:47:03,145,W+63.5,4336,6,True,False,False,,-1,10.9498,0
2026-06-27 16:47:19,124,W+45.5,4317,2,True,False,False,,-1,11.01,0
2026-06-27 16:47:29,88,W+23.5,2824,3,True,False,False,,-1,11.0566,0
2026-06-27 16:47:41,106,W+40.5,3319,2,True,False,False,,-1,11.0284,0
2026-06-27 16:47:51,93,B+2.5,2835,5,True,False,False,,-1,11.0281,0
2026-06-27 16:48:00,70,W+11.5,2108,2,True,False,False,,-1,11.0451,0
2026-06-27 16:48:06,54,W+5.5,1718,3,True,False,False,,-1,10.9945,0
2026-06-27 16:48:22,144,W+46.5,4697,6,True,False,False,,-1,11.0519,0
2026-06-27 16:48:40,154,B+28.5,5577,6,True,False,False,,-1,11.1492,0
2026-06-27 16:48:50,92,W+11.5,2958,3,True,False,False,,-1,11.1567,0
2026-06-27 16:49:03,113,W+24.5,3682,4,True,False,False,,-1,11.2139,0
2026-06-27 16:49:13,92,W+10.5,2876,3,True,False,False,,-1,11.2093,0
2026-06-27 16:49:26,115,B+17.5,4073,6,True,False,False,,-1,11.1688,0
2026-06-27 16:49:31,46,W+6.5,1351,2,True,False,False,,-1,11.1562,0
2026-06-27 16:49:44,125,B+40.5,4301,5,True,False,False,,-1,11.2072,0
2026-06-27 16:49:55,92,W+16.5,2822,4,True,False,False,,-1,11.1414,0
2026-06-27 16:50:00,48,W+8.5,1551,3,True,False,False,,-1,11.1224,0
2026-06-27 16:50:18,162,B+9.5,5431,6,True,False,False,,-1,11.187,0
2026-06-27 16:50:32,157,B+70.5,5813,15,True,False,False,,-1,11.2339,0
2026-06-27 16:50:40,70,W+9.5,1927,3,True,False,False,,-1,11.2035,0
2026-06-27 16:50:51,110,W+15.5,3304,6,True,False,False,,-1,11.2143,0
2026-06-27 16:51:00,78,W+9.5,2052,4,True,False,False,,-1,11.2265,0
2026-06-27 16:51:09,76,W+3.5,2427,4,True,False,False,,-1,11.2045,0
2026-06-27 16:51:26,162,W+74.5,5477,5,True,False,False,,-1,11.2689,0
2026-06-27 16:51:39,110,W+27.5,3541,5,True,False,False,,-1,11.3527,0
2026-06-27 16:51:44,48,W+6.5,1282,2,True,False,False,,-1,11.3511,0
2026-06-27 16:52:00,140,W+42.5,4629,4,True,False,False,,-1,11.347,0
2026-06-27 16:52:15,125,B+35.5,4314,2,True,False,False,,-1,11.4475,0
2026-06-27 16:52:27,104,B+1.5,3729,3,True,False,False,,-1,11.3961,0
2026-06-27 16:52:46,162,W+58.5,6417,8,True,False,False,,-1,11.5407,0
2026-06-27 16:52:53,62,W+7.5,1711,3,True,False,False,,-1,11.4416,0
2026-06-27 16:53:02,78,W+10.5,2548,2,True,False,False,,-1,11.3481,0
2026-06-27 16:53:17,133,W+30.5,4917,2,True,False,False,,-1,11.4191,0
2026-06-27 16:53:26,79,B+1.5,2164,2,True,False,False,,-1,11.4319,0
2026-06-27 16:53:34,82,W+8.5,2153,2,True,False,False,,-1,11.3803,0
2026-06-27 16:53:45,103,W+3.5,3202,4,True,False,False,,-1,11.4266,0
2026-06-27 16:54:02,162,W+72.5,5619,9,True,False,False,,-1,11.4612,0
2026-06-27 16:54:17,135,W+20.5,4715,8,True,False,False,,-1,11.4784,0
2026-06-27 16:54:30,118,W+43.5,3948,4,True,False,False,,-1,11.5453,0
2026-06-27 16:54:36,52,W+10.5,1703,4,True,False,False,,-1,11.4295,0
2026-06-27 16:54:44,72,W+5.5,2138,2,True,False,False,,-1,11.4342,0
2026-06-27 16:54:54,76,W+11.5,2555,2,True,False,False,,-1,11.4869,0
2026-06-27 16:55:00,51,W+8.5,1638,3,True,False,False,,-1,11.4362,0
2026-06-27 16:55:10,88,W+6.5,2759,3,True,False,False,,-1,11.4045,0
2026-06-27 16:55:24,137,B+47.5,4612,7,True,False,False,,-1,11.3707,0
2026-06-27 16:55:29,42,W+9.5,1153,2,True,False,False,,-1,11.3081,0
2026-06-27 16:55:39,104,W+18.5,3466,8,True,False,False,,-1,11.3133,0
2026-06-27 16:55:43,36,W+7.5,1160,2,True,False,False,,-1,11.2266,0
2026-06-27 16:56:01,162,B+52.5,5790,3,True,False,False,,-1,11.3461,0
2026-06-27 16:56:11,100,W+12.5,2725,3,True,False,False,,-1,11.362,0
2026-06-27 16:56:27,162,W+70.5,5710,0,True,False,False,,-1,11.3808,0
2026-06-27 16:56:38,114,W+41.5,3619,2,True,False,False,,-1,11.4674,0
2026-06-27 16:56:50,113,W+5.5,3925,5,True,False,False,,-1,11.433,0
2026-06-27 16:56:55,36,W+5.5,1237,2,True,False,False,,-1,11.3904,0
2026-06-27 16:57:05,88,W+1.5,2681,5,True,False,False,,-1,11.3083,0
2026-06-27 16:57:15,99,W+24.5,3515,4,True,False,False,,-1,11.3566,0
2026-06-27 16:57:35,162,B+70.5,7705,15,True,False,False,,-1,11.4058,0
2026-06-27 16:57:52,162,W+15.5,6437,11,True,False,False,,-1,11.4659,0
2026-06-27 16:58:03,95,B+13.5,2992,3,True,False,False,,-1,11.4275,0
2026-06-27 16:58:11,83,B+2.5,2093,4,True,False,False,,-1,11.3734,0
2026-06-27 16:58:24,118,B+20.5,4123,2,True,False,False,,-1,11.3466,0
2026-06-27 16:58:32,77,B+1.5,2168,2,True,False,False,,-1,11.2604,0
2026-06-27 16:58:39,58,W+11.5,1718,2,True,False,False,,-1,11.2192,0
2026-06-27 16:58:46,62,W+5.5,1908,2,True,False,False,,-1,11.1801,0
2026-06-27 16:58:57,101,W+20.5,3278,5,True,False,False,,-1,11.2288,0
2026-06-27 16:59:11,124,W+48.5,4321,3,True,False,False,,-1,11.2962,0
2026-06-27 16:59:28,162,B+56.5,6892,14,True,False,False,,-1,11.312,0
2026-06-27 16:59:35,62,W+13.5,1808,2,True,False,False,,-1,11.2221,0
2026-06-27 16:59:45,83,B+3.5,2783,3,True,False,False,,-1,11.248,0
2026-06-27 16:59:53,77,B+4.5,2106,4,True,False,False,,-1,11.1344,0
2026-06-27 17:00:03,86,W+13.5,2608,2,True,False,False,,-1,11.1156,0
2026-06-27 17:00:10,68,W+9.5,2156,2,True,False,False,,-1,11.1086,0
2026-06-27 17:00:15,36,W+6.5,1206,2,True,False,False,,-1,11.0742,0
2026-06-27 17:00:27,115,W+1.5,4006,3,True,False,False,,-1,11.0702,0
2026-06-27 17:00:32,36,W+5.5,1168,2,True,False,False,,-1,11.0204,0
2026-06-27 17:00:43,103,W+22.5,3430,4,True,False,False,,-1,10.9881,0
2026-06-27 17:01:00,162,B+60.5,6713,14,True,False,False,,-1,11.0687,0
2026-06-27 17:01:06,52,W+8.5,1727,4,True,False,False,,-1,11.0185,0
2026-06-27 17:01:19,121,B+27.5,3954,7,True,False,False,,-1,10.9676,0
2026-06-27 17:01:30,102,B+17.5,3202,4,True,False,False,,-1,10.912,0
2026-06-27 17:01:33,26,W+7.5,1047,2,True,False,False,,-1,10.856,0
2026-06-27 17:01:39,48,W+1.5,1333,4,True,False,False,,-1,10.8086,0
2026-06-27 17:01:43,38,W+7.5,1163,2,True,False,False,,-1,10.73,0
2026-06-27 17:01:50,50,W+5.5,1678,2,True,False,False,,-1,10.6562,0
2026-06-27 17:02:07,162,B+70.5,7224,17,True,False,False,,-1,10.7434,0
2026-06-27 17:02:19,102,W+22.5,3698,3,True,False,False,,-1,10.8042,0
2026-06-27 17:02:28,74,W+7.5,2510,2,True,False,False,,-1,10.7616,0
2026-06-27 17:02:36,70,W+7.5,2074,4,True,False,False,,-1,10.7049,0
2026-06-27 17:02:54,162,W+3.5,7144,20,True,False,False,,-1,10.7736,0
2026-06-27 17:03:04,82,W+13.5,2612,2,True,False,False,,-1,10.8252,0
2026-06-27 17:03:16,118,W+12.5,3853,4,True,False,False,,-1,10.8695,0
2026-06-27 17:03:24,62,W+7.5,1773,4,True,False,False,,-1,10.8592,0
2026-06-27 17:03:35,130,W+52.5,4321,9,True,False,False,,-1,10.8411,0
2026-06-27 17:03:42,62,W+7.5,1733,3,True,False,False,,-1,10.8704,0
2026-06-27 17:03:50,58,W+9.5,2115,2,True,False,False,,-1,10.8116,0
2026-06-27 17:04:01,94,W+23.5,3138,5,True,False,False,,-1,10.8062,0
2026-06-27 17:04:13,108,B+7.5,3739,5,True,False,False,,-1,10.8244,0
2026-06-27 17:04:22,75,B+0.5,2301,2,True,False,False,,-1,10.8195,0
2026-06-27 17:04:39,162,B+66.5,6236,9,True,False,False,,-1,10.8607,0
2026-06-27 17:04:55,138,W+65.5,4689,4,True,False,False,,-1,10.8655,0
2026-06-27 17:05:04,70,W+7.5,2327,2,True,False,False,,-1,10.8019,0
2026-06-27 17:05:17,122,W+17.5,4327,3,True,False,False,,-1,10.7816,0
2026-06-27 17:05:32,142,W+73.5,4668,5,True,False,False,,-1,10.8305,0
2026-06-27 17:05:40,76,W+9.5,2139,2,True,False,False,,-1,10.7902,0
2026-06-27 17:05:49,79,B+0.5,2203,2,True,False,False,,-1,10.7728,0
2026-06-27 17:05:58,89,B+1.5,2855,3,True,False,False,,-1,10.7882,0
2026-06-27 17:06:04,46,W+7.5,1453,2,True,False,False,,-1,10.776,0
2026-06-27 17:06:12,64,W+5.5,2167,2,True,False,False,,-1,10.702,0
2026-06-27 17:06:15,26,W+7.5,683,2,True,False,False,,-1,10.5511,0
2026-06-27 17:06:30,131,W+51.5,4728,4,True,False,False,,-1,10.5912,0
2026-06-27 17:06:40,96,W+9.5,3009,3,True,False,False,,-1,10.5711,0
2026-06-27 17:06:52,104,B+5.5,3503,4,True,False,False,,-1,10.5873,0
2026-06-27 17:07:07,129,B+37.5,4519,2,True,False,False,,-1,10.615,0
2026-06-27 17:07:14,54,W+7.5,1663,2,True,False,False,,-1,10.6252,0
2026-06-27 17:07:18,34,W+6.5,1260,2,True,False,False,,-1,10.5443,0
2026-06-27 17:07:35,159,B+70.5,6658,15,True,False,False,,-1,10.603,0
2026-06-27 17:07:51,130,W+51.5,4590,2,True,False,False,,-1,10.7006,0
2026-06-27 17:07:59,66,W+0.5,2039,3,True,False,False,,-1,10.6076,0
2026-06-27 17:08:04,58,W+12.5,1287,4,True,False,False,,-1,10.5188,0
2026-06-27 17:08:15,93,B+12.5,3249,3,True,False,False,,-1,10.5512,0
2026-06-27 17:08:29,126,W+15.5,4000,3,True,False,False,,-1,10.5771,0
2026-06-27 17:08:36,64,W+7.5,1917,2,True,False,False,,-1,10.5651,0
2026-06-27 17:08:40,40,W+7.5,1002,3,True,False,False,,-1,10.5133,0
2026-06-27 17:08:57,162,W+60.5,5452,4,True,False,False,,-1,10.5043,0
2026-06-27 17:09:05,58,W+13.5,1985,4,True,False,False,,-1,10.4526,0
2026-06-27 17:09:12,66,W+6.5,1896,3,True,False,False,,-1,10.4726,0
2026-06-27 17:09:23,105,B+6.5,3231,3,True,False,False,,-1,10.4264,0
2026-06-27 17:09:27,38,W+6.5,1123,2,True,False,False,,-1,10.3262,0
2026-06-27 17:09:35,68,W+12.5,1871,2,True,False,False,,-1,10.2764,0
2026-06-27 17:09:48,111,B+16.5,3639,3,True,False,False,,-1,10.2165,0
2026-06-27 17:10:03,156,W+73.5,6108,15,True,False,False,,-1,10.3011,0
2026-06-27 17:10:10,56,W+5.5,1753,3,True,False,False,,-1,10.2742,0
2026-06-27 17:10:19,76,W+8.5,2368,2,True,False,False,,-1,10.2128,0
2026-06-27 17:10:24,46,W+8.5,1424,2,True,False,False,,-1,10.1782,0
2026-06-27 17:10:41,145,B+60.5,5452,7,True,False,False,,-1,10.2666,0
2026-06-27 17:10:53,107,B+18.5,3502,3,True,False,False,,-1,10.2746,0
2026-06-27 17:10:58,38,W+7.5,1387,2,True,False,False,,-1,10.154,0
2026-06-27 17:11:10,115,B+17.5,3876,3,True,False,False,,-1,10.1267,0
2026-06-27 17:11:23,105,B+0.5,4020,2,True,False,False,,-1,10.1317,0
2026-06-27 17:11:28,44,W+5.5,1333,3,True,False,False,,-1,10.1192,0
2026-06-27 17:11:45,149,B+37.5,5103,3,True,False,False,,-1,10.2008,0
2026-06-27 17:11:49,40,W+9.5,1007,2,True,False,False,,-1,10.1467,0
2026-06-27 17:12:04,152,B+54.5,5376,5,True,False,False,,-1,10.2424,0
2026-06-27 17:15:34,108,B+0.5,43092,13,True,False,False,,-1,10.9343,1000
2026-06-27 17:17:09,122,B+2.5,48676,23,True,False,False,,-1,11.8438,1000
2026-06-27 17:18:41,118,B+1.5,47076,11,True,False,False,,-1,12.6562,1000
2026-06-27 17:20:05,112,B+0.5,44661,13,True,False,False,,-1,13.4581,1000
2026-06-27 17:21:42,136,B+0.5,54257,21,True,False,False,,-1,14.2498,1000
2026-06-27 17:23:01,108,B+1.5,43032,14,True,False,False,,-1,14.9457,1000
2026-06-27 17:24:28,122,B+0.5,48670,9,True,False,False,,-1,15.6462,1000
2026-06-27 17:25:54,122,B+1.5,48674,18,True,False,False,,-1,16.3963,1000
2026-06-27 17:27:23,150,W+10.5,59728,33,True,False,False,,-1,17.1655,1000
2026-06-27 17:29:07,161,W+12.5,64189,30,True,False,False,,-1,18.1611,1000
2026-06-27 17:30:37,125,W+2.5,49870,12,True,False,False,,-1,18.9679,1000
2026-06-27 17:31:59,115,W+4.5,45869,16,True,False,False,,-1,19.6812,1000
2026-06-27 17:33:08,101,W+9.5,40292,13,True,False,False,,-1,20.1768,1000
2026-06-27 17:34:28,108,B+2.5,43092,13,True,False,False,,-1,20.7981,1000
2026-06-27 17:35:56,139,B+1.5,55406,17,True,False,False,,-1,21.5728,1000
2026-06-27 17:37:24,124,B+2.5,49467,21,True,False,False,,-1,22.3741,1000
2026-06-27 17:38:55,138,B+0.5,55053,28,True,False,False,,-1,23.1512,1000
2026-06-27 17:40:13,119,B+2.5,47470,9,True,False,False,,-1,23.8551,1000
2026-06-27 17:41:29,113,W+1.5,45063,18,True,False,False,,-1,24.5423,1000
2026-06-27 17:43:16,161,W+4.5,64237,30,True,False,False,,-1,25.5434,1000
2026-06-27 17:44:38,116,B+4.5,46243,20,True,False,False,,-1,26.2467,1000
2026-06-27 17:45:53,104,B+3.5,41488,9,True,False,False,,-1,26.8624,1000
2026-06-27 17:47:05,98,B+1.5,39090,11,True,False,False,,-1,27.4139,1000
2026-06-27 17:48:25,117,W+1.5,46646,17,True,False,False,,-1,28.1425,1000
2026-06-27 17:49:37,100,B+1.5,39900,14,True,False,False,,-1,28.7567,1000
2026-06-27 17:51:02,127,B+2.5,50671,23,True,False,False,,-1,29.5301,1000
2026-06-27 17:52:19,112,B+1.5,44688,10,True,False,False,,-1,30.2069,1000
2026-06-27 17:53:50,132,B+5.5,52623,21,True,False,False,,-1,31.0386,1000
2026-06-27 17:55:05,107,W+0.5,42691,11,True,False,False,,-1,31.7415,1000
2026-06-27 17:56:20,103,W+0.5,41096,13,True,False,False,,-1,32.3711,1000
2026-06-27 17:57:48,129,B+16.5,51435,23,True,False,False,,-1,33.1998,1000
2026-06-27 17:59:22,160,B+10.5,63771,21,True,False,False,,-1,34.0339,1000
2026-06-27 18:01:07,162,B+6.5,64637,32,True,False,False,,-1,34.9076,1000
2026-06-27 18:02:12,86,B+0.5,34311,9,True,False,False,,-1,35.497,1000
2026-06-27 18:03:48,138,B+2.5,55048,16,True,False,False,,-1,36.3325,1000
2026-06-27 18:05:04,98,B+1.5,39098,11,True,False,False,,-1,36.9834,1000
2026-06-27 18:06:39,147,W+0.5,58647,21,True,False,False,,-1,37.8938,1000
2026-06-27 18:08:02,115,W+0.5,45872,12,True,False,False,,-1,38.6744,1000
2026-06-27 18:09:23,114,B+1.5,45481,12,True,False,False,,-1,39.4403,1000
2026-06-27 18:10:44,121,B+3.5,48277,13,True,False,False,,-1,40.1829,1000
2026-06-27 18:12:02,114,B+0.5,45480,11,True,False,False,,-1,40.7918,1000
2026-06-27 18:13:21,116,B+2.5,46283,20,True,False,False,,-1,41.4599,1000
2026-06-27 18:14:47,113,W+4.5,45084,15,True,False,False,,-1,42.2265,1000
2026-06-27 18:16:08,116,B+0.5,46284,18,True,False,False,,-1,42.9548,1000
2026-06-27 18:17:28,119,B+3.5,47480,17,True,False,False,,-1,43.5815,1000
2026-06-27 18:18:46,109,W+3.5,43490,17,True,False,False,,-1,44.2648,1000
2026-06-27 18:20:07,108,B+1.5,43091,13,True,False,False,,-1,44.9429,1000
2026-06-27 18:21:45,155,B+10.5,61767,29,True,False,False,,-1,45.8488,1000
2026-06-27 18:23:14,139,B+2.5,55451,15,True,False,False,,-1,46.6247,1000
2026-06-27 18:24:36,116,B+0.5,46283,14,True,False,False,,-1,47.3824,1000
2026-06-27 18:26:17,156,B+5.5,62226,24,True,False,False,,-1,48.3079,1000
2026-06-27 18:27:34,108,B+2.5,43081,13,True,False,False,,-1,48.9648,1000
2026-06-27 18:29:05,142,B+4.5,56569,21,True,False,False,,-1,49.7611,1000
2026-06-27 18:30:30,125,W+0.5,49860,17,True,False,False,,-1,50.5279,1000
2026-06-27 18:32:00,139,W+2.5,55456,24,True,False,False,,-1,51.2433,1000
2026-06-27 18:33:43,160,B+17.5,63836,34,True,False,False,,-1,52.1227,1000
2026-06-27 18:34:57,106,B+3.5,42281,10,True,False,False,,-1,52.7687,1000
2026-06-27 18:36:22,117,W+1.5,46665,19,True,False,False,,-1,53.4908,1000
2026-06-27 18:37:50,121,W+2.5,48270,23,True,False,False,,-1,54.2106,1000
2026-06-27 18:39:03,100,B+3.5,39888,11,True,False,False,,-1,54.8677,1000
2026-06-27 18:40:29,116,B+2.5,46280,11,True,False,False,,-1,55.6466,1000
2026-06-27 18:41:45,100,B+1.5,39898,9,True,False,False,,-1,56.304,1000
2026-06-27 18:42:55,100,B+1.5,39866,9,True,False,False,,-1,56.9536,1000
2026-06-27 18:44:17,118,B+0.5,47082,14,True,False,False,,-1,57.6927,1000
2026-06-27 18:46:05,160,B+11.5,63816,35,True,False,False,,-1,58.7409,1000
2026-06-27 18:47:16,100,B+0.5,39898,15,True,False,False,,-1,59.306,1000
2026-06-27 18:48:20,92,B+4.5,36690,7,True,False,False,,-1,59.8372,1000
2026-06-27 18:49:33,108,B+0.5,43057,15,True,False,False,,-1,60.45,1000
2026-06-27 18:50:58,116,B+1.5,46282,12,True,False,False,,-1,61.1459,1000
2026-06-27 18:52:12,103,B+1.5,41091,9,True,False,False,,-1,61.8243,1000
2026-06-27 18:53:41,140,B+5.5,55856,22,True,False,False,,-1,62.6688,1000
2026-06-27 18:54:54,109,W+0.5,43483,18,True,False,False,,-1,63.2324,1000
2026-06-27 18:56:06,107,W+0.5,42692,17,True,False,False,,-1,63.796,1000
2026-06-27 18:57:24,131,B+2.5,52231,17,True,False,False,,-1,64.4949,1000
2026-06-27 18:58:53,162,B+25.5,64548,33,True,False,False,,-1,65.3253,1000
2026-06-27 18:59:58,104,B+0.5,41496,16,True,False,False,,-1,65.8703,1000
2026-06-27 19:01:17,124,B+6.5,49452,18,True,False,False,,-1,66.5165,1000
2026-06-27 19:02:31,116,B+3.5,46269,9,True,False,False,,-1,67.1872,1000
2026-06-27 19:03:42,106,B+2.5,42294,12,True,False,False,,-1,67.8569,1000
2026-06-27 19:05:00,128,B+3.5,51071,23,True,False,False,,-1,68.4658,1000
2026-06-27 19:06:22,130,B+3.5,51857,10,True,False,False,,-1,69.2128,1000
2026-06-27 19:07:26,99,W+0.5,39490,10,True,False,False,,-1,69.7836,1000
2026-06-27 19:08:38,115,W+2.5,45859,14,True,False,False,,-1,70.3858,1000
2026-06-27 19:09:41,102,B+1.5,40697,10,True,False,False,,-1,70.9762,1000
2026-06-27 19:10:49,109,W+1.5,43491,19,True,False,False,,-1,71.5782,1000
2026-06-27 19:12:01,112,B+6.5,44688,11,True,False,False,,-1,72.1713,1000
2026-06-27 19:13:25,131,W+1.5,52260,18,True,False,False,,-1,72.8596,1000
2026-06-27 19:14:30,90,B+1.5,35907,6,True,False,False,,-1,73.4421,1000
2026-06-27 19:15:55,131,W+6.5,52258,14,True,False,False,,-1,74.1977,1000
2026-06-27 19:17:18,125,W+5.5,49862,15,True,False,False,,-1,74.9738,1000
2026-06-27 19:18:38,134,B+2.5,53448,22,True,False,False,,-1,75.6147,1000
2026-06-27 19:19:43,97,W+0.5,38697,15,True,False,False,,-1,76.1453,1000
2026-06-27 19:20:42,92,B+0.5,36708,10,True,False,False,,-1,76.6784,1000
2026-06-27 19:21:53,109,W+0.5,43489,14,True,False,False,,-1,77.2689,1000
2026-06-27 19:23:05,116,B+1.5,46277,21,True,False,False,,-1,77.8548,1000
2026-06-27 19:24:39,160,B+11.5,63807,34,True,False,False,,-1,78.7451,1000
2026-06-27 19:25:53,115,W+0.5,45884,19,True,False,False,,-1,79.3204,1000
2026-06-27 19:27:03,109,W+7.5,43485,14,True,False,False,,-1,79.9841,1000
2026-06-27 19:28:22,124,B+0.5,49437,16,True,False,False,,-1,80.6201,1000
2026-06-27 19:29:34,114,B+0.5,45479,15,True,False,False,,-1,81.2567,1000
2026-06-27 19:30:55,129,W+0.5,51465,16,True,False,False,,-1,81.2105,1000
2026-06-27 19:32:14,114,B+3.5,45485,10,True,False,False,,-1,81.0403,1000
2026-06-27 19:33:50,148,B+3.5,59046,30,True,False,False,,-1,81.0827,1000
2026-06-27 19:35:01,111,W+1.5,44258,10,True,False,False,,-1,80.9552,1000
2026-06-27 19:36:07,104,B+0.5,41482,12,True,False,False,,-1,80.6408,1000
2026-06-27 19:37:22,121,W+0.5,48275,19,True,False,False,,-1,80.5971,1000
2026-06-27 19:38:22,100,B+3.5,39900,10,True,False,False,,-1,80.3406,1000
2026-06-27 19:39:34,120,B+3.5,47877,13,True,False,False,,-1,80.1965,1000
2026-06-27 19:41:12,161,W+20.5,64210,31,True,False,False,,-1,80.2935,1000
2026-06-27 19:42:43,160,B+13.5,63797,28,True,False,False,,-1,80.1532,1000
2026-06-27 19:44:01,119,B+0.5,47481,10,True,False,False,,-1,80.0311,1000
2026-06-27 19:44:58,94,B+2.5,37505,9,True,False,False,,-1,79.78,1000
2026-06-27 19:46:25,144,B+14.5,57453,26,True,False,False,,-1,79.9637,1000
2026-06-27 19:47:42,128,W+2.5,51059,16,True,False,False,,-1,79.936,1000
2026-06-27 19:49:10,138,B+1.5,55061,19,True,False,False,,-1,79.9395,1000
2026-06-27 19:50:43,160,B+5.5,63830,29,True,False,False,,-1,79.9816,1000
2026-06-27 19:51:54,112,B+1.5,44685,15,True,False,False,,-1,79.7912,1000
2026-06-27 19:53:01,114,B+2.5,45457,18,True,False,False,,-1,79.6666,1000
2026-06-27 19:54:16,120,B+10.5,47852,17,True,False,False,,-1,79.6685,1000
2026-06-27 19:55:21,111,B+1.5,44236,12,True,False,False,,-1,79.2463,1000
2026-06-27 19:56:18,95,B+2.5,37904,6,True,False,False,,-1,78.9936,1000
2026-06-27 19:57:27,107,B+3.5,42660,11,True,False,False,,-1,78.9326,1000
2026-06-27 19:58:37,128,B+3.5,50979,25,True,False,False,,-1,78.9081,1000
2026-06-27 19:59:41,102,B+3.5,40694,9,True,False,False,,-1,78.7544,1000
2026-06-27 20:01:21,156,B+4.5,62234,32,True,False,False,,-1,79.0321,1000
2026-06-27 20:02:45,136,B+9.5,54262,18,True,False,False,,-1,79.0202,1000
2026-06-27 20:04:03,141,B+4.5,56257,26,True,False,False,,-1,79.0315,1000
2026-06-27 20:05:13,122,B+1.5,48678,16,True,False,False,,-1,78.8209,1000
2026-06-27 20:06:32,134,B+0.5,53465,11,True,False,False,,-1,78.8656,1000
2026-06-27 20:08:02,160,B+9.5,63839,32,True,False,False,,-1,79.0086,1000
2026-06-27 20:08:58,98,B+3.5,39096,8,True,False,False,,-1,78.6994,1000
2026-06-27 20:10:32,160,B+7.5,63833,33,True,False,False,,-1,78.6888,1000
2026-06-27 20:11:43,117,B+1.5,46667,18,True,False,False,,-1,78.3622,1000
2026-06-27 20:12:51,119,W+0.5,47475,9,True,False,False,,-1,78.3834,1000
2026-06-27 20:14:03,122,B+2.5,48660,16,True,False,False,,-1,78.1497,1000
2026-06-27 20:15:04,108,B+0.5,43088,13,True,False,False,,-1,77.9945,1000
2026-06-27 20:16:04,94,B+1.5,37506,4,True,False,False,,-1,77.6473,1000
2026-06-27 20:17:18,114,B+5.5,45486,7,True,False,False,,-1,77.556,1000
2026-06-27 20:18:35,121,W+0.5,48272,18,True,False,False,,-1,77.5144,1000
2026-06-27 20:19:56,132,B+2.5,52631,27,True,False,False,,-1,77.5122,1000
2026-06-27 20:21:14,145,W+0.5,57711,28,True,False,False,,-1,77.5159,1000
2026-06-27 20:22:29,125,W+1.5,49869,25,True,False,False,,-1,77.4739,1000
2026-06-27 20:24:08,160,B+18.5,63838,38,True,False,False,,-1,77.6024,1000
2026-06-27 20:25:45,161,W+13.5,64212,34,True,False,False,,-1,77.7738,1000
2026-06-27 20:27:10,129,W+2.5,51471,29,True,False,False,,-1,77.8174,1000
2026-06-27 20:28:34,140,B+2.5,55851,22,True,False,False,,-1,77.8756,1000
2026-06-27 20:29:36,103,B+1.5,41094,12,True,False,False,,-1,77.683,1000
2026-06-27 20:30:40,96,B+0.5,38304,11,True,False,False,,-1,77.3487,1000
2026-06-27 20:32:18,161,B+1.5,64235,24,True,False,False,,-1,77.4426,1000
2026-06-27 20:33:27,112,B+0.5,44679,8,True,False,False,,-1,77.3024,1000
2026-06-27 20:34:39,130,B+7.5,51868,28,True,False,False,,-1,77.0242,1000
2026-06-27 20:35:41,106,B+1.5,42285,15,True,False,False,,-1,76.8713,1000
2026-06-27 20:37:07,138,B+0.5,55062,18,True,False,False,,-1,76.8178,1000
2026-06-27 20:38:36,162,B+31.5,64619,28,True,False,False,,-1,76.8566,1000
2026-06-27 20:40:05,160,B+5.5,63804,31,True,False,False,,-1,76.8508,1000
2026-06-27 20:41:09,105,W+2.5,41892,14,True,False,False,,-1,76.4556,1000
2026-06-27 20:42:19,112,B+1.5,44685,11,True,False,False,,-1,76.4198,1000
2026-06-27 20:43:23,108,B+0.5,43091,13,True,False,False,,-1,76.205,1000
2026-06-27 20:44:27,100,B+2.5,39895,10,True,False,False,,-1,75.9723,1000
2026-06-27 20:45:30,103,W+2.5,41068,10,True,False,False,,-1,75.8673,1000
2026-06-27 20:46:40,124,B+0.5,49465,19,True,False,False,,-1,75.6974,1000
2026-06-27 20:48:11,159,B+5.5,63439,36,True,False,False,,-1,75.8547,1000
2026-06-27 20:49:22,118,B+3.5,47080,14,True,False,False,,-1,75.8623,1000
2026-06-27 20:50:28,105,W+1.5,41887,13,True,False,False,,-1,75.7029,1000
2026-06-27 20:51:39,130,B+7.5,51855,21,True,False,False,,-1,75.3348,1000
2026-06-27 20:52:38,104,B+3.5,41472,9,True,False,False,,-1,75.2159,1000
2026-06-27 20:53:51,112,B+3.5,44687,21,True,False,False,,-1,75.3082,1000
2026-06-27 20:54:49,90,B+3.5,35910,6,True,False,False,,-1,75.1534,1000
2026-06-27 20:55:55,112,B+2.5,44688,13,True,False,False,,-1,74.9625,1000
2026-06-27 20:57:17,131,W+4.5,52243,14,True,False,False,,-1,75.0478,1000
2026-06-27 20:58:45,162,B+56.5,64499,30,True,False,False,,-1,75.0347,1000
2026-06-27 20:59:58,112,B+1.5,44681,19,True,False,False,,-1,75.0297,1000
2026-06-27 21:01:16,118,B+0.5,47082,13,True,False,False,,-1,75.0874,1000
2026-06-27 21:02:24,120,B+1.5,47878,16,True,False,False,,-1,74.9956,1000
2026-06-27 21:03:52,156,B+2.5,62157,30,True,False,False,,-1,74.9904,1000
2026-06-27 21:05:08,124,B+3.5,49475,19,True,False,False,,-1,75.0987,1000
2026-06-27 21:06:33,134,B+1.5,53465,25,True,False,False,,-1,75.1617,1000
2026-06-27 21:07:54,122,B+1.5,48671,22,True,False,False,,-1,75.2196,1000
2026-06-27 21:09:24,156,B+2.5,62232,31,True,False,False,,-1,75.4127,1000
2026-06-27 21:10:47,162,B+12.5,64614,31,True,False,False,,-1,75.465,1000
2026-06-27 21:12:00,119,W+0.5,47481,11,True,False,False,,-1,75.3715,1000
2026-06-27 21:13:22,149,W+7.5,59435,29,True,False,False,,-1,75.5485,1000
2026-06-27 21:14:21,102,B+3.5,40695,10,True,False,False,,-1,75.4262,1000
2026-06-27 21:15:28,112,B+0.5,44683,12,True,False,False,,-1,75.4656,1000
2026-06-27 21:16:21,93,W+0.5,37096,6,True,False,False,,-1,75.315,1000
2026-06-27 21:17:46,162,W+14.5,64605,36,True,False,False,,-1,75.4522,1000
2026-06-27 21:18:53,126,B+4.5,50235,12,True,False,False,,-1,75.2689,1000
2026-06-27 21:19:51,115,B+5.5,45837,16,True,False,False,,-1,75.2033,1000
2026-06-27 21:20:54,114,B+0.5,45424,18,True,False,False,,-1,74.9868,1000
2026-06-27 21:22:06,119,W+0.5,47471,15,True,False,False,,-1,74.8774,1000
2026-06-27 21:23:06,107,W+2.5,42692,13,True,False,False,,-1,74.6735,1000
2026-06-27 21:24:23,137,W+0.5,54654,20,True,False,False,,-1,74.7952,1000
2026-06-27 21:25:48,135,W+0.5,53849,11,True,False,False,,-1,75.0592,1000
2026-06-27 21:26:52,105,W+0.5,41877,10,True,False,False,,-1,74.9828,1000
2026-06-27 21:28:07,154,B+1.5,61346,27,True,False,False,,-1,75.0182,1000
2026-06-27 21:29:07,108,B+2.5,43086,11,True,False,False,,-1,74.6805,1000
2026-06-27 21:30:36,162,B+22.5,64635,32,True,False,False,,-1,74.826,1000
2026-06-27 21:31:54,135,W+2.5,53854,16,True,False,False,,-1,74.9077,1000
2026-06-27 21:32:54,109,W+0.5,43487,14,True,False,False,,-1,74.7151,1000
2026-06-27 21:33:51,100,B+0.5,39900,8,True,False,False,,-1,74.5649,1000
2026-06-27 21:35:07,137,W+0.5,54657,23,True,False,False,,-1,74.5097,1000
2026-06-27 21:36:13,112,B+1.5,44679,9,True,False,False,,-1,74.3889,1000
2026-06-27 21:37:29,130,B+7.5,51863,24,True,False,False,,-1,74.1877,1000
2026-06-27 21:38:37,106,B+3.5,42294,9,True,False,False,,-1,74.1571,1000
2026-06-27 21:39:51,123,W+3.5,49072,16,True,False,False,,-1,74.2342,1000
2026-06-27 21:40:56,109,W+0.5,43484,13,True,False,False,,-1,74.1392,1000
2026-06-27 21:42:01,100,B+1.5,39897,8,True,False,False,,-1,74.1824,1000
2026-06-27 21:43:15,129,W+1.5,51455,20,True,False,False,,-1,74.2088,1000
2026-06-27 21:47:01,118,B+5.5,46626,18,True,False,False,,-1,73.7395,2000
2026-06-27 21:48:21,127,W+2.5,47546,13,True,False,False,,-1,73.7608,2000
2026-06-27 21:49:43,124,B+3.5,48960,18,True,False,False,,-1,74.0079,2000
2026-06-27 21:50:56,112,B+5.5,43733,10,True,False,False,,-1,73.8701,2000
2026-06-27 21:52:21,140,B+0.5,53392,27,True,False,False,,-1,73.9544,2000
2026-06-27 21:53:40,130,B+3.5,50428,15,True,False,False,,-1,73.8513,2000
2026-06-27 21:54:36,105,B+3.5,40747,7,True,False,False,,-1,73.4909,2000
2026-06-27 21:56:14,154,B+5.5,60530,11,True,False,False,,-1,73.7568,2000
2026-06-27 21:57:31,135,W+2.5,52203,13,True,False,False,,-1,73.8593,2000
2026-06-27 21:59:02,151,B+2.5,57881,24,True,False,False,,-1,74.0144,2000
2026-06-27 22:00:25,155,W+1.5,57140,28,True,False,False,,-1,74.1984,2000
2026-06-27 22:01:27,103,W+0.5,39790,9,True,False,False,,-1,74.2493,2000
2026-06-27 22:02:25,90,B+3.5,35862,7,True,False,False,,-1,74.1392,2000
2026-06-27 22:03:34,111,W+0.5,42331,18,True,False,False,,-1,74.1354,2000
2026-06-27 22:04:38,102,B+14.5,40380,10,True,False,False,,-1,74.1292,2000
2026-06-27 22:05:41,93,W+2.5,36150,9,True,False,False,,-1,73.7632,2000
2026-06-27 22:06:47,112,B+0.5,44277,16,True,False,False,,-1,73.585,2000
2026-06-27 22:07:58,160,W+6.5,46447,23,True,False,False,,-1,73.5063,2000
2026-06-27 22:09:06,115,W+10.5,43328,9,True,False,False,,-1,73.4938,2000
2026-06-27 22:10:23,131,W+0.5,51305,22,True,False,False,,-1,73.4664,2000
2026-06-27 22:11:29,105,W+1.5,40947,16,True,False,False,,-1,73.2293,2000
2026-06-27 22:12:32,110,W+2.5,42387,8,True,False,False,,-1,73.2985,2000
2026-06-27 22:13:47,114,B+8.5,44098,15,True,False,False,,-1,73.1125,2000
2026-06-27 22:14:48,103,W+0.5,38366,7,True,False,False,,-1,73.0041,2000
2026-06-27 22:15:49,97,W+0.5,38105,6,True,False,False,,-1,72.9396,2000
2026-06-27 22:16:55,110,B+1.5,43474,9,True,False,False,,-1,72.8771,2000
2026-06-27 22:18:32,160,B+10.5,62347,35,True,False,False,,-1,73.2418,2000
2026-06-27 22:19:39,108,B+2.5,42205,14,True,False,False,,-1,73.3128,2000
2026-06-27 22:20:58,130,B+1.5,51061,12,True,False,False,,-1,73.3595,2000
2026-06-27 22:22:02,108,W+0.5,41966,11,True,False,False,,-1,73.2326,2000
2026-06-27 22:23:04,96,B+1.5,38049,8,True,False,False,,-1,73.0435,2000
2026-06-27 22:24:31,137,W+8.5,51619,17,True,False,False,,-1,73.1261,2000
2026-06-27 22:25:39,101,W+1.5,39011,12,True,False,False,,-1,73.0559,2000
2026-06-27 22:26:34,91,W+0.5,35881,8,True,False,False,,-1,72.6257,2000
2026-06-27 22:27:48,121,W+2.5,46565,21,True,False,False,,-1,72.3864,2000
2026-06-27 22:28:58,111,W+1.5,43904,18,True,False,False,,-1,72.2296,2000
2026-06-27 22:30:07,123,B+6.5,47541,12,True,False,False,,-1,72.0818,2000
2026-06-27 22:31:09,95,B+5.5,37764,6,True,False,False,,-1,72.0975,2000
2026-06-27 22:32:20,110,B+1.5,42841,9,True,False,False,,-1,72.1638,2000
2026-06-27 22:33:36,118,B+7.5,46535,17,True,False,False,,-1,71.9318,2000
2026-06-27 22:34:40,108,B+1.5,42115,12,True,False,False,,-1,71.8901,2000
2026-06-27 22:36:07,161,W+0.5,60926,28,True,False,False,,-1,72.037,2000
2026-06-27 22:37:30,134,B+2.5,52063,19,True,False,False,,-1,72.2473,2000
2026-06-27 22:38:32,95,W+0.5,35890,9,True,False,False,,-1,72.0053,2000
2026-06-27 22:39:45,109,W+1.5,42427,16,True,False,False,,-1,71.8487,2000
2026-06-27 22:41:19,162,W+2.5,61677,22,True,False,False,,-1,71.8955,2000
2026-06-27 22:42:24,102,B+3.5,40231,6,True,False,False,,-1,71.9041,2000
2026-06-27 22:43:31,104,B+7.5,40551,12,True,False,False,,-1,71.8778,2000
2026-06-27 22:44:45,113,W+0.5,44163,15,True,False,False,,-1,71.979,2000
2026-06-27 22:46:07,150,W+2.5,55399,29,True,False,False,,-1,72.1597,2000
2026-06-27 22:47:14,98,B+1.5,38897,10,True,False,False,,-1,72.1949,2000
2026-06-27 22:48:41,147,B+0.5,57055,20,True,False,False,,-1,72.3674,2000
2026-06-27 22:49:54,114,B+0.5,44950,9,True,False,False,,-1,72.1903,2000
2026-06-27 22:51:00,103,W+2.5,39236,14,True,False,False,,-1,72.1343,2000
2026-06-27 22:52:17,132,B+0.5,51112,19,True,False,False,,-1,72.2522,2000
2026-06-27 22:53:24,102,B+0.5,40036,12,True,False,False,,-1,72.2125,2000
2026-06-27 22:54:44,129,W+0.5,49828,13,True,False,False,,-1,72.4136,2000
2026-06-27 22:56:05,120,B+3.5,47681,13,True,False,False,,-1,72.4986,2000
2026-06-27 22:57:20,161,W+8.5,53474,23,True,False,False,,-1,72.6685,2000
2026-06-27 22:58:18,85,B+2.5,33816,7,True,False,False,,-1,72.5926,2000
2026-06-27 22:59:26,106,B+1.5,42132,7,True,False,False,,-1,72.4414,2000
2026-06-27 23:00:42,126,B+0.5,48385,16,True,False,False,,-1,72.3252,2000
2026-06-27 23:02:03,140,B+1.5,54243,23,True,False,False,,-1,72.4082,2000
2026-06-27 23:03:08,105,B+1.5,40876,13,True,False,False,,-1,72.2868,2000
2026-06-27 23:04:19,115,W+0.5,44536,16,True,False,False,,-1,72.3068,2000
2026-06-27 23:05:47,147,W+4.5,56254,26,True,False,False,,-1,72.3019,2000
2026-06-27 23:06:59,112,B+0.5,44353,6,True,False,False,,-1,72.2684,2000
2026-06-27 23:07:49,88,B+1.5,34222,8,True,False,False,,-1,71.9145,2000
2026-06-27 23:08:55,105,B+1.5,41414,10,True,False,False,,-1,71.7738,2000
2026-06-27 23:09:54,106,B+3.5,41638,14,True,False,False,,-1,71.4562,2000
2026-06-27 23:10:59,103,W+1.5,39788,14,True,False,False,,-1,71.2863,2000
2026-06-27 23:12:02,105,W+2.5,39626,16,True,False,False,,-1,71.1784,2000
2026-06-27 23:13:26,158,B+5.5,60798,25,True,False,False,,-1,71.2059,2000
2026-06-27 23:14:30,100,B+3.5,39715,9,True,False,False,,-1,71.2524,2000
2026-06-27 23:15:41,128,B+10.5,50507,18,True,False,False,,-1,71.2872,2000
2026-06-27 23:16:59,131,W+1.5,51035,17,True,False,False,,-1,71.5393,2000
2026-06-27 23:18:03,103,W+3.5,39822,11,True,False,False,,-1,71.32,2000
2026-06-27 23:19:23,144,B+4.5,55613,23,True,False,False,,-1,71.4655,2000
2026-06-27 23:20:33,120,B+0.5,47314,16,True,False,False,,-1,71.5747,2000
2026-06-27 23:21:44,121,W+0.5,47213,19,True,False,False,,-1,71.6633,2000
2026-06-27 23:22:48,105,W+0.5,40606,14,True,False,False,,-1,71.5776,2000
2026-06-27 23:23:50,102,B+0.5,39549,7,True,False,False,,-1,71.5928,2000
2026-06-27 23:25:01,114,B+1.5,44070,11,True,False,False,,-1,71.5418,2000
2026-06-27 23:26:17,139,W+4.5,52745,21,True,False,False,,-1,71.4465,2000
2026-06-27 23:27:25,110,B+0.5,43371,12,True,False,False,,-1,71.4913,2000
2026-06-27 23:28:36,109,B+0.5,43164,11,True,False,False,,-1,71.452,2000
2026-06-27 23:29:34,99,W+1.5,38406,15,True,False,False,,-1,71.4288,2000
2026-06-27 23:30:33,88,B+2.5,34898,5,True,False,False,,-1,71.1269,2000
2026-06-27 23:31:49,125,B+1.5,49082,14,True,False,False,,-1,71.1055,2000
2026-06-27 23:32:55,91,B+1.5,35676,8,True,False,False,,-1,71.1604,2000
2026-06-27 23:33:55,97,W+0.5,37579,10,True,False,False,,-1,71.2023,2000
2026-06-27 23:35:23,160,B+7.5,62709,30,True,False,False,,-1,71.3233,2000
2026-06-27 23:36:34,113,W+0.5,42323,15,True,False,False,,-1,71.3698,2000
2026-06-27 23:37:41,103,W+3.5,40715,11,True,False,False,,-1,71.2826,2000
2026-06-27 23:39:05,141,W+2.5,55299,24,True,False,False,,-1,71.4359,2000
2026-06-27 23:40:26,129,W+5.5,50743,24,True,False,False,,-1,71.5114,2000
2026-06-27 23:41:30,111,W+2.5,42761,13,True,False,False,,-1,71.5019,2000
2026-06-27 23:42:44,129,W+4.5,50116,16,True,False,False,,-1,71.5904,2000
2026-06-27 23:43:49,101,W+1.5,39131,15,True,False,False,,-1,71.4954,2000
2026-06-27 23:45:04,126,B+2.5,49076,20,True,False,False,,-1,71.65,2000
2026-06-27 23:46:09,111,B+1.5,43585,12,True,False,False,,-1,71.4773,2000
2026-06-27 23:47:16,127,W+1.5,47868,16,True,False,False,,-1,71.3453,2000
2026-06-27 23:48:44,150,B+4.5,58056,18,True,False,False,,-1,71.4099,2000
2026-06-27 23:49:49,97,B+1.5,38327,5,True,False,False,,-1,71.3203,2000
2026-06-27 23:50:48,100,B+2.5,39530,10,True,False,False,,-1,71.0659,2000
2026-06-27 23:51:53,100,B+0.5,39039,6,True,False,False,,-1,70.9267,2000
2026-06-27 23:52:58,110,B+1.5,43639,14,True,False,False,,-1,71.0192,2000
2026-06-27 23:53:57,102,W+0.5,39346,5,True,False,False,,-1,70.6229,2000
2026-06-27 23:55:09,114,B+2.5,44390,16,True,False,False,,-1,70.5749,2000
2026-06-27 23:56:21,122,B+0.5,46775,20,True,False,False,,-1,70.3949,2000
2026-06-27 23:57:16,91,W+1.5,35523,8,True,False,False,,-1,70.0991,2000
2026-06-27 23:58:35,126,B+0.5,49386,21,True,False,False,,-1,70.2777,2000
2026-06-27 23:59:45,112,B+5.5,42746,17,True,False,False,,-1,70.3911,2000
2026-06-28 00:00:56,115,B+1.5,45033,19,True,False,False,,-1,70.4086,2000
2026-06-28 00:02:33,162,W+4.5,62733,29,True,False,False,,-1,70.7484,2000
2026-06-28 00:03:35,97,W+1.5,37919,7,True,False,False,,-1,70.7339,2000
2026-06-28 00:04:33,100,B+1.5,38724,17,True,False,False,,-1,70.6483,2000
2026-06-28 00:05:50,129,B+0.5,49943,16,True,False,False,,-1,70.7229,2000
2026-06-28 00:06:59,124,B+16.5,49142,14,True,False,False,,-1,70.7192,2000
2026-06-28 00:08:00,107,W+2.5,40736,11,True,False,False,,-1,70.5638,2000
2026-06-28 00:09:00,103,W+0.5,40004,13,True,False,False,,-1,70.5055,2000
2026-06-28 00:09:59,99,W+2.5,38761,6,True,False,False,,-1,70.4646,2000
2026-06-28 00:11:06,107,B+4.5,41802,7,True,False,False,,-1,70.3872,2000
2026-06-28 00:12:17,106,B+6.5,42066,7,True,False,False,,-1,70.4859,2000
2026-06-28 00:13:24,113,W+5.5,42500,13,True,False,False,,-1,70.5473,2000
2026-06-28 00:14:28,95,W+1.5,37430,11,True,False,False,,-1,70.5298,2000
2026-06-28 00:15:28,99,B+1.5,38403,9,True,False,False,,-1,70.1517,2000
2026-06-28 00:16:44,121,W+1.5,47570,13,True,False,False,,-1,70.2433,2000
2026-06-28 00:17:53,113,W+8.5,42446,18,True,False,False,,-1,70.1471,2000
2026-06-28 00:19:01,104,B+2.5,41243,7,True,False,False,,-1,70.1842,2000
2026-06-28 00:20:21,137,W+0.5,51330,19,True,False,False,,-1,70.3665,2000
2026-06-28 00:21:28,102,B+7.5,40354,10,True,False,False,,-1,70.1699,2000
2026-06-28 00:22:29,119,B+0.5,45482,16,True,False,False,,-1,70.1016,2000
2026-06-28 00:23:46,160,B+7.5,59375,34,True,False,False,,-1,70.31,2000
2026-06-28 00:25:05,119,B+1.5,47175,11,True,False,False,,-1,70.3655,2000
2026-06-28 00:26:24,127,W+0.5,50138,16,True,False,False,,-1,70.4586,2000
2026-06-28 00:27:19,77,B+3.5,30673,2,True,False,False,,-1,70.3204,2000
2026-06-28 00:28:28,130,B+12.5,49793,20,True,False,False,,-1,70.3834,2000
2026-06-28 00:29:32,107,B+2.5,42129,9,True,False,False,,-1,70.3129,2000
2026-06-28 00:31:04,160,B+6.5,58451,34,True,False,False,,-1,70.4753,2000
2026-06-28 00:32:24,138,B+2.5,53035,27,True,False,False,,-1,70.6341,2000
2026-06-28 00:33:22,95,B+1.5,36428,5,True,False,False,,-1,70.3472,2000
2026-06-28 00:34:31,118,B+1.5,46030,14,True,False,False,,-1,70.2083,2000
2026-06-28 00:35:39,102,B+1.5,40036,10,True,False,False,,-1,70.2634,2000
2026-06-28 00:36:48,114,B+0.5,45408,13,True,False,False,,-1,70.2215,2000
2026-06-28 00:37:54,104,B+4.5,41023,12,True,False,False,,-1,69.9466,2000
2026-06-28 00:39:10,129,B+3.5,50146,17,True,False,False,,-1,70.0551,2000
2026-06-28 00:40:14,113,B+3.5,43532,11,True,False,False,,-1,70.0285,2000
2026-06-28 00:41:52,151,W+0.5,58063,25,True,False,False,,-1,70.2635,2000
2026-06-28 00:42:51,98,B+4.5,38436,10,True,False,False,,-1,70.035,2000
2026-06-28 00:44:03,132,B+3.5,50655,18,True,False,False,,-1,70.0839,2000
2026-06-28 00:45:06,97,W+1.5,37561,11,True,False,False,,-1,69.8499,2000
2026-06-28 00:46:09,105,W+0.5,40583,7,True,False,False,,-1,69.7445,2000
2026-06-28 00:47:30,142,B+5.5,54392,27,True,False,False,,-1,69.9012,2000
2026-06-28 00:48:40,112,B+2.5,43900,14,True,False,False,,-1,69.818,2000
2026-06-28 00:49:42,101,B+2.5,39934,8,True,False,False,,-1,69.7737,2000
2026-06-28 00:50:47,108,B+1.5,42113,9,True,False,False,,-1,69.6287,2000
2026-06-28 00:52:02,137,W+2.5,52449,21,True,False,False,,-1,69.5679,2000
2026-06-28 00:53:10,119,W+5.5,46483,18,True,False,False,,-1,69.4998,2000
2026-06-28 00:54:35,137,W+2.5,52689,18,True,False,False,,-1,69.7665,2000
2026-06-28 00:55:36,105,W+0.5,40499,9,True,False,False,,-1,69.6955,2000
2026-06-28 00:56:39,94,B+0.5,37242,5,True,False,False,,-1,69.5684,2000
2026-06-28 00:57:45,111,B+7.5,43595,10,True,False,False,,-1,69.4206,2000
2026-06-28 00:58:58,119,W+0.5,46474,10,True,False,False,,-1,69.4948,2000
2026-06-28 01:00:04,110,B+2.5,42366,9,True,False,False,,-1,69.4499,2000
2026-06-28 01:01:14,111,B+1.5,43855,7,True,False,False,,-1,69.2667,2000
2026-06-28 01:02:47,162,B+21.5,61657,28,True,False,False,,-1,69.4694,2000
2026-06-28 01:04:02,130,W+3.5,51211,22,True,False,False,,-1,69.7231,2000
2026-06-28 01:05:11,109,W+1.5,42522,10,True,False,False,,-1,69.7525,2000
2026-06-28 01:06:06,86,B+0.5,34004,7,True,False,False,,-1,69.7195,2000
2026-06-28 01:07:22,123,W+5.5,48807,22,True,False,False,,-1,69.8219,2000
2026-06-28 01:08:59,162,B+3.5,61428,32,True,False,False,,-1,70.1687,2000
2026-06-28 01:10:02,99,W+0.5,38499,5,True,False,False,,-1,69.9527,2000
2026-06-28 01:11:04,96,B+1.5,38182,6,True,False,False,,-1,69.9366,2000
2026-06-28 01:12:40,162,W+5.5,63054,23,True,False,False,,-1,70.1868,2000
2026-06-28 01:13:43,99,W+4.5,36834,12,True,False,False,,-1,70.0407,2000
2026-06-28 01:14:45,99,W+1.5,38230,7,True,False,False,,-1,70.0231,2000
2026-06-28 01:15:46,98,B+1.5,38933,6,True,False,False,,-1,69.828,2000
2026-06-28 01:17:09,129,W+6.5,50893,16,True,False,False,,-1,69.9574,2000
2026-06-28 01:18:36,135,W+4.5,51491,18,True,False,False,,-1,70.1138,2000
2026-06-28 01:19:41,103,B+7.5,40126,8,True,False,False,,-1,70.1299,2000
2026-06-28 01:21:01,162,B+1.5,62539,24,True,False,False,,-1,70.3108,2000
2026-06-28 01:22:08,111,W+2.5,43385,13,True,False,False,,-1,70.2597,2000
2026-06-28 01:23:11,113,B+2.5,44733,5,True,False,False,,-1,70.1392,2000
2026-06-28 01:24:18,109,B+6.5,42951,9,True,False,False,,-1,70.1272,2000
2026-06-28 01:25:42,143,W+1.5,52691,26,True,False,False,,-1,70.2506,2000
2026-06-28 01:27:11,162,B+7.5,62263,14,True,False,False,,-1,70.5657,2000
2026-06-28 01:28:34,126,B+1.5,49953,15,True,False,False,,-1,70.8064,2000
2026-06-28 01:30:18,162,W+1.5,61929,26,True,False,False,,-1,71.0866,2000
2026-06-28 01:31:50,162,B+33.5,61547,33,True,False,False,,-1,71.3525,2000
2026-06-28 01:33:16,152,B+4.5,60085,24,True,False,False,,-1,71.6034,2000
2026-06-28 01:34:16,100,B+3.5,39225,9,True,False,False,,-1,71.3273,2000
2026-06-28 01:35:26,115,W+2.5,44942,10,True,False,False,,-1,71.3173,2000
2026-06-28 01:36:36,103,B+2.5,40796,11,True,False,False,,-1,71.3416,2000
2026-06-28 01:37:37,102,B+1.5,40490,8,True,False,False,,-1,71.1191,2000
2026-06-28 01:38:49,117,W+1.5,45511,10,True,False,False,,-1,71.028,2000
2026-06-28 01:39:49,91,B+1.5,35908,6,True,False,False,,-1,70.9793,2000
2026-06-28 01:41:18,162,B+2.5,62066,27,True,False,False,,-1,71.133,2000
2026-06-28 01:42:40,150,W+1.5,54992,26,True,False,False,,-1,71.3051,2000
2026-06-28 01:43:52,110,B+1.5,43406,15,True,False,False,,-1,71.2789,2000
2026-06-28 01:45:01,109,W+2.5,42338,14,True,False,False,,-1,71.3217,2000
2026-06-28 01:46:41,162,B+19.5,64227,27,True,False,False,,-1,71.6458,2000
2026-06-28 01:48:14,162,B+20.5,62828,32,True,False,False,,-1,71.6959,2000
2026-06-28 01:49:31,140,B+2.5,52526,29,True,False,False,,-1,71.8216,2000
2026-06-28 01:50:34,100,B+1.5,39368,10,True,False,False,,-1,71.8533,2000
2026-06-28 01:51:41,119,W+7.5,46474,12,True,False,False,,-1,71.8821,2000
2026-06-28 01:52:43,99,W+1.5,38972,10,True,False,False,,-1,71.8386,2000
2026-06-28 01:53:52,117,W+2.5,45283,5,True,False,False,,-1,71.947,2000
2026-06-28 01:55:07,125,W+2.5,48297,21,True,False,False,,-1,71.98,2000
2026-06-28 01:56:35,158,B+0.5,61290,26,True,False,False,,-1,72.1346,2000
2026-06-28 01:57:52,122,B+3.5,47417,12,True,False,False,,-1,72.3626,2000
2026-06-28 01:58:52,93,W+3.5,36219,8,True,False,False,,-1,72.1709,2000
2026-06-28 02:00:08,133,W+1.5,50968,19,True,False,False,,-1,72.2302,2000
2026-06-28 02:01:28,120,B+0.5,47291,13,True,False,False,,-1,72.3223,2000
2026-06-28 02:03:00,162,B+21.5,61658,34,True,False,False,,-1,72.264,2000
2026-06-28 02:04:07,98,B+1.5,38807,9,True,False,False,,-1,72.3164,2000
2026-06-28 02:05:18,116,B+1.5,45960,10,True,False,False,,-1,72.4552,2000
2026-06-28 02:06:19,101,W+0.5,37924,11,True,False,False,,-1,72.282,2000
2026-06-28 02:07:23,101,W+0.5,39399,7,True,False,False,,-1,72.2395,2000
2026-06-28 02:08:28,112,B+1.5,42916,8,True,False,False,,-1,72.279,2000
2026-06-28 02:09:21,89,B+2.5,34375,7,True,False,False,,-1,72.2045,2000
2026-06-28 02:10:32,108,W+0.5,41576,16,True,False,False,,-1,72.3268,2000
2026-06-28 02:11:45,119,W+2.5,45458,17,True,False,False,,-1,72.3814,2000
2026-06-28 02:13:06,129,W+0.5,49604,18,True,False,False,,-1,72.4804,2000
2026-06-28 02:14:13,112,B+1.5,44143,11,True,False,False,,-1,72.4814,2000
2026-06-28 02:18:33,99,B+3.5,37626,8,True,False,False,,-1,72.7872,3000
2026-06-28 02:19:56,143,B+0.5,45725,27,True,False,False,,-1,72.8544,3000
2026-06-28 02:21:13,127,W+2.5,43744,12,True,False,False,,-1,72.929,3000
2026-06-28 02:22:25,109,B+2.5,39386,14,True,False,False,,-1,72.9712,3000
2026-06-28 02:23:41,113,B+1.5,41414,15,True,False,False,,-1,72.9262,3000
2026-06-28 02:24:40,79,B+3.5,31156,3,True,False,False,,-1,72.8453,3000
2026-06-28 02:25:44,102,B+1.5,35467,4,True,False,False,,-1,72.8826,3000
2026-06-28 02:26:54,99,B+1.5,38581,4,True,False,False,,-1,72.8135,3000
2026-06-28 02:28:01,100,B+4.5,38617,8,True,False,False,,-1,72.6879,3000
2026-06-28 02:29:15,116,B+5.5,41910,15,True,False,False,,-1,72.6446,3000
2026-06-28 02:30:33,119,W+0.5,41690,16,True,False,False,,-1,72.876,3000
2026-06-28 02:31:42,107,B+1.5,40297,11,True,False,False,,-1,72.8706,3000
2026-06-28 02:32:44,94,B+1.5,35834,3,True,False,False,,-1,72.8466,3000
2026-06-28 02:33:46,105,W+1.5,36609,15,True,False,False,,-1,72.5564,3000
2026-06-28 02:34:52,105,W+0.5,37121,10,True,False,False,,-1,72.4139,3000
2026-06-28 02:35:58,109,W+0.5,37488,14,True,False,False,,-1,72.4846,3000
2026-06-28 02:37:11,125,B+4.5,45159,17,True,False,False,,-1,72.5267,3000
2026-06-28 02:38:28,144,W+2.5,45834,22,True,False,False,,-1,72.6266,3000
2026-06-28 02:39:40,115,W+0.5,41975,13,True,False,False,,-1,72.6544,3000
2026-06-28 02:40:53,121,W+0.5,43350,17,True,False,False,,-1,72.7253,3000
2026-06-28 02:41:43,65,B+0.5,25828,3,True,False,False,,-1,72.4605,3000
2026-06-28 02:42:55,113,W+1.5,40578,22,True,False,False,,-1,72.5376,3000
2026-06-28 02:44:01,97,B+2.5,37294,8,True,False,False,,-1,72.2204,3000
2026-06-28 02:45:20,137,B+0.5,44131,17,True,False,False,,-1,72.4178,3000
2026-06-28 02:46:34,111,B+0.5,42568,7,True,False,False,,-1,72.4476,3000
2026-06-28 02:47:33,87,B+2.5,33456,3,True,False,False,,-1,72.4027,3000
2026-06-28 02:48:38,104,W+6.5,36422,9,True,False,False,,-1,72.4228,3000
2026-06-28 02:49:46,98,B+2.5,37455,5,True,False,False,,-1,72.2871,3000
2026-06-28 02:50:56,109,W+5.5,41037,14,True,False,False,,-1,72.3,3000
2026-06-28 02:52:00,95,W+4.5,35714,3,True,False,False,,-1,72.3155,3000
2026-06-28 02:53:03,99,B+2.5,36578,11,True,False,False,,-1,72.2941,3000
2026-06-28 02:53:56,73,B+0.5,28834,4,True,False,False,,-1,72.072,3000
2026-06-28 02:55:08,107,B+1.5,39454,13,True,False,False,,-1,72.1038,3000
2026-06-28 02:56:07,82,B+9.5,32262,6,True,False,False,,-1,71.8539,3000
2026-06-28 02:57:18,112,B+1.5,40850,19,True,False,False,,-1,71.9591,3000
2026-06-28 02:58:20,101,B+3.5,35490,9,True,False,False,,-1,71.9386,3000
2026-06-28 02:59:44,129,W+1.5,46447,22,True,False,False,,-1,72.1154,3000
2026-06-28 03:01:06,130,B+1.5,46194,22,True,False,False,,-1,72.2049,3000
2026-06-28 03:02:23,125,W+1.5,44048,17,True,False,False,,-1,72.3167,3000
2026-06-28 03:03:35,103,B+2.5,40601,11,True,False,False,,-1,72.3405,3000
2026-06-28 03:04:57,162,B+1.5,47743,29,True,False,False,,-1,72.2392,3000
2026-06-28 03:06:02,97,B+0.5,38071,9,True,False,False,,-1,72.1333,3000
2026-06-28 03:07:16,112,B+4.5,43154,11,True,False,False,,-1,72.185,3000
2026-06-28 03:08:21,101,B+1.5,37698,6,True,False,False,,-1,72.2765,3000
2026-06-28 03:09:34,113,W+4.5,42074,20,True,False,False,,-1,72.2549,3000
2026-06-28 03:10:31,87,B+2.5,33296,7,True,False,False,,-1,71.8587,3000
2026-06-28 03:11:50,147,W+0.5,48386,25,True,False,False,,-1,72.0088,3000
2026-06-28 03:13:01,127,B+5.5,42153,14,True,False,False,,-1,72.1037,3000
2026-06-28 03:14:15,115,W+3.5,41929,15,True,False,False,,-1,71.8812,3000
2026-06-28 03:15:25,115,B+3.5,39887,14,True,False,False,,-1,71.9531,3000
2026-06-28 03:16:37,111,W+3.5,41499,13,True,False,False,,-1,72.0524,3000
2026-06-28 03:17:55,130,B+2.5,44874,17,True,False,False,,-1,72.2218,3000
2026-06-28 03:19:06,100,B+6.5,38465,11,True,False,False,,-1,72.1085,3000
2026-06-28 03:20:44,162,W+37.5,56008,30,True,False,False,,-1,72.2124,3000
2026-06-28 03:21:54,103,B+0.5,39327,7,True,False,False,,-1,72.2586,3000
2026-06-28 03:23:04,110,W+2.5,40127,9,True,False,False,,-1,72.1579,3000
2026-06-28 03:24:06,98,B+1.5,35823,15,True,False,False,,-1,72.1173,3000
2026-06-28 03:25:14,96,B+8.5,36289,13,True,False,False,,-1,72.1666,3000
2026-06-28 03:26:30,117,W+0.5,42534,17,True,False,False,,-1,72.2441,3000
2026-06-28 03:27:37,117,W+2.5,40574,14,True,False,False,,-1,72.0825,3000
2026-06-28 03:28:46,111,B+2.5,40264,13,True,False,False,,-1,71.879,3000
2026-06-28 03:29:53,113,B+1.5,39729,10,True,False,False,,-1,71.7275,3000
2026-06-28 03:31:01,104,B+3.5,38515,7,True,False,False,,-1,71.3657,3000
2026-06-28 03:32:29,139,W+2.5,50062,24,True,False,False,,-1,71.3187,3000
2026-06-28 03:33:48,125,B+0.5,46558,13,True,False,False,,-1,71.2502,3000
2026-06-28 03:34:52,97,B+1.5,35923,5,True,False,False,,-1,71.2877,3000
2026-06-28 03:36:03,112,B+5.5,41488,13,True,False,False,,-1,71.3039,3000
2026-06-28 03:37:14,115,W+3.5,39611,16,True,False,False,,-1,71.3114,3000
2026-06-28 03:38:17,91,B+0.5,33897,11,True,False,False,,-1,71.327,3000
2026-06-28 03:39:14,79,B+1.5,31111,6,True,False,False,,-1,71.1872,3000
2026-06-28 03:40:16,101,B+2.5,35824,7,True,False,False,,-1,71.2056,3000
2026-06-28 03:41:19,103,W+2.5,36973,7,True,False,False,,-1,70.9376,3000
2026-06-28 03:42:26,105,B+3.5,38262,7,True,False,False,,-1,70.792,3000
2026-06-28 03:43:50,145,W+0.5,50249,20,True,False,False,,-1,70.907,3000
2026-06-28 03:44:58,109,B+2.5,39702,10,True,False,False,,-1,70.8949,3000
2026-06-28 03:46:04,105,B+3.5,38363,10,True,False,False,,-1,70.5615,3000
2026-06-28 03:47:20,121,B+0.5,42825,21,True,False,False,,-1,70.3883,3000
2026-06-28 03:48:55,162,B+8.5,59989,37,True,False,False,,-1,70.5667,3000
2026-06-28 03:50:03,103,W+5.5,39089,7,True,False,False,,-1,70.6176,3000
2026-06-28 03:50:59,85,B+1.5,32046,4,True,False,False,,-1,70.5144,3000
2026-06-28 03:52:02,91,W+2.5,33666,8,True,False,False,,-1,70.529,3000
2026-06-28 03:53:15,113,B+1.5,42957,11,True,False,False,,-1,70.5663,3000
2026-06-28 03:54:19,94,B+4.5,36089,5,True,False,False,,-1,70.4571,3000
2026-06-28 03:55:38,127,W+1.5,43189,16,True,False,False,,-1,70.354,3000
2026-06-28 03:56:48,117,W+1.5,41929,8,True,False,False,,-1,70.2927,3000
2026-06-28 03:58:04,120,B+6.5,42793,12,True,False,False,,-1,70.4528,3000
2026-06-28 03:59:11,100,B+5.5,38871,6,True,False,False,,-1,70.3648,3000
2026-06-28 04:00:18,109,W+4.5,37686,15,True,False,False,,-1,70.2327,3000
2026-06-28 04:01:25,105,W+1.5,37416,15,True,False,False,,-1,69.9777,3000
2026-06-28 04:02:36,106,B+5.5,39809,9,True,False,False,,-1,70.024,3000
2026-06-28 04:03:20,59,B+0.5,23515,3,True,False,False,,-1,69.7442,3000
2026-06-28 04:04:21,99,B+2.5,35509,7,True,False,False,,-1,69.7566,3000
2026-06-28 04:05:20,89,W+3.5,31167,13,True,False,False,,-1,69.7035,3000
2026-06-28 04:06:45,144,B+6.5,51797,15,True,False,False,,-1,69.9006,3000
2026-06-28 04:08:01,115,B+2.5,42657,16,True,False,False,,-1,70.1417,3000
2026-06-28 04:09:30,134,B+5.5,49558,16,True,False,False,,-1,70.3133,3000
2026-06-28 04:10:28,81,B+1.5,31720,4,True,False,False,,-1,70.169,3000
2026-06-28 04:11:56,151,W+2.5,50744,31,True,False,False,,-1,70.2338,3000
2026-06-28 04:13:14,109,B+4.5,42276,10,True,False,False,,-1,70.3416,3000
2026-06-28 04:14:28,113,B+1.5,42068,10,True,False,False,,-1,70.2657,3000
2026-06-28 04:15:53,140,B+2.5,50474,19,True,False,False,,-1,70.3917,3000
2026-06-28 04:16:56,97,B+3.5,35935,8,True,False,False,,-1,70.1908,3000
2026-06-28 04:18:17,150,W+2.5,47939,26,True,False,False,,-1,70.2341,3000
2026-06-28 04:19:23,94,B+8.5,36333,6,True,False,False,,-1,70.1764,3000
2026-06-28 04:20:30,95,B+0.5,35743,6,True,False,False,,-1,70.089,3000
2026-06-28 04:21:24,84,B+1.5,30687,7,True,False,False,,-1,70.0443,3000
2026-06-28 04:22:21,93,W+2.5,34238,2,True,False,False,,-1,69.9655,3000
2026-06-28 04:23:25,91,B+2.5,35146,9,True,False,False,,-1,69.9075,3000
2026-06-28 04:24:26,95,W+2.5,33671,11,True,False,False,,-1,69.8488,3000
2026-06-28 04:25:27,85,W+7.5,31501,9,True,False,False,,-1,69.7154,3000
2026-06-28 04:26:35,101,B+2.5,38249,5,True,False,False,,-1,69.6117,3000
2026-06-28 04:27:52,131,W+0.5,43143,21,True,False,False,,-1,69.6937,3000
2026-06-28 04:28:55,93,B+1.5,34999,6,True,False,False,,-1,69.7059,3000
2026-06-28 04:30:07,112,B+6.5,42347,14,True,False,False,,-1,69.8075,3000
2026-06-28 04:31:08,91,W+4.5,33667,6,True,False,False,,-1,69.7535,3000
2026-06-28 04:32:38,162,W+2.5,54814,23,True,False,False,,-1,69.9957,3000
2026-06-28 04:33:46,105,W+1.5,38581,9,True,False,False,,-1,69.9542,3000
2026-06-28 04:34:55,111,W+2.5,37032,16,True,False,False,,-1,69.8693,3000
2026-06-28 04:36:05,125,W+0.5,39746,17,True,False,False,,-1,69.8459,3000
2026-06-28 04:37:07,101,W+7.5,36506,9,True,False,False,,-1,69.7361,3000
2026-06-28 04:38:05,87,B+2.5,33544,12,True,False,False,,-1,69.8232,3000
2026-06-28 04:39:34,141,W+1.5,51111,18,True,False,False,,-1,69.9881,3000
2026-06-28 04:40:40,103,B+2.5,37320,11,True,False,False,,-1,69.9863,3000
2026-06-28 04:41:56,114,B+1.5,42088,11,True,False,False,,-1,69.9542,3000
2026-06-28 04:42:50,75,B+2.5,29210,5,True,False,False,,-1,69.755,3000
2026-06-28 04:44:08,148,B+0.5,48136,28,True,False,False,,-1,69.9494,3000
2026-06-28 04:45:33,149,B+2.5,49161,34,True,False,False,,-1,70.1457,3000
2026-06-28 04:46:50,139,W+0.5,45819,12,True,False,False,,-1,70.2357,3000
2026-06-28 04:47:59,101,W+2.5,37392,13,True,False,False,,-1,70.2208,3000
2026-06-28 04:49:02,97,B+3.5,36402,11,True,False,False,,-1,70.2155,3000
2026-06-28 04:50:05,101,W+2.5,36876,9,True,False,False,,-1,70.2106,3000
2026-06-28 04:51:09,99,B+2.5,37440,11,True,False,False,,-1,70.325,3000
2026-06-28 04:52:12,89,B+0.5,33742,8,True,False,False,,-1,70.2377,3000
2026-06-28 04:53:09,77,B+0.5,30524,7,True,False,False,,-1,70.2163,3000
2026-06-28 04:54:13,97,B+1.5,34920,6,True,False,False,,-1,70.1468,3000
2026-06-28 04:55:22,109,W+2.5,39093,10,True,False,False,,-1,70.216,3000
2026-06-28 04:56:40,128,B+7.5,46986,23,True,False,False,,-1,70.1612,3000
2026-06-28 04:57:44,98,B+2.5,37264,5,True,False,False,,-1,69.9845,3000
2026-06-28 04:58:58,124,B+1.5,42731,18,True,False,False,,-1,69.9476,3000
2026-06-28 04:59:57,83,B+2.5,32297,4,True,False,False,,-1,69.823,3000
2026-06-28 05:01:03,99,B+1.5,37176,5,True,False,False,,-1,69.6515,3000
2026-06-28 05:02:18,111,B+2.5,41082,6,True,False,False,,-1,69.7609,3000
2026-06-28 05:03:31,127,W+1.5,44208,16,True,False,False,,-1,69.7454,3000
2026-06-28 05:04:43,107,W+1.5,40427,20,True,False,False,,-1,69.8183,3000
2026-06-28 05:05:44,95,W+0.5,35162,5,True,False,False,,-1,69.6953,3000
2026-06-28 05:06:51,111,B+0.5,38715,12,True,False,False,,-1,69.7936,3000
2026-06-28 05:07:52,93,W+4.5,33814,9,True,False,False,,-1,69.6183,3000
2026-06-28 05:09:09,130,B+2.5,45317,16,True,False,False,,-1,69.6664,3000
2026-06-28 05:10:14,109,W+0.5,36694,5,True,False,False,,-1,69.588,3000
2026-06-28 05:11:22,117,W+6.5,39905,13,True,False,False,,-1,69.5671,3000
2026-06-28 05:12:24,97,W+2.5,35094,14,True,False,False,,-1,69.4632,3000
2026-06-28 05:13:31,103,B+7.5,37942,9,True,False,False,,-1,69.3547,3000
2026-06-28 05:14:46,125,W+0.5,42869,10,True,False,False,,-1,69.3969,3000
2026-06-28 05:15:56,109,W+2.5,38171,16,True,False,False,,-1,69.1195,3000
2026-06-28 05:17:06,96,B+7.5,37009,10,True,False,False,,-1,69.1153,3000
2026-06-28 05:18:24,162,W+7.5,49504,29,True,False,False,,-1,69.2004,3000
2026-06-28 05:19:25,88,B+0.5,33168,4,True,False,False,,-1,69.1831,3000
2026-06-28 05:20:30,95,B+2.5,35745,5,True,False,False,,-1,69.1511,3000
2026-06-28 05:21:43,115,W+1.5,43017,12,True,False,False,,-1,69.1302,3000
2026-06-28 05:22:54,109,B+2.5,40594,9,True,False,False,,-1,69.1677,3000
2026-06-28 05:23:58,95,W+0.5,34654,13,True,False,False,,-1,69.1146,3000
2026-06-28 05:25:28,152,B+6.5,53129,26,True,False,False,,-1,69.3434,3000
2026-06-28 05:26:56,140,B+0.5,52528,22,True,False,False,,-1,69.5406,3000
2026-06-28 05:28:01,103,W+2.5,36848,9,True,False,False,,-1,69.3196,3000
2026-06-28 05:29:08,101,B+2.5,38751,6,True,False,False,,-1,69.1979,3000
2026-06-28 05:30:14,97,B+0.5,36888,8,True,False,False,,-1,69.2128,3000
2026-06-28 05:31:18,101,W+1.5,37210,9,True,False,False,,-1,69.1373,3000
2026-06-28 05:32:22,93,B+1.5,35440,4,True,False,False,,-1,69.0826,3000
2026-06-28 05:33:57,162,W+5.5,63497,28,True,False,False,,-1,69.3953,3000
2026-06-28 05:35:00,99,B+2.5,36542,9,True,False,False,,-1,69.4545,3000
2026-06-28 05:36:13,126,B+5.5,42376,19,True,False,False,,-1,69.5709,3000
2026-06-28 05:37:22,110,B+6.5,40079,10,True,False,False,,-1,69.6309,3000
2026-06-28 05:38:34,116,W+0.5,39582,18,True,False,False,,-1,69.6744,3000
2026-06-28 05:39:38,105,W+2.5,37604,13,True,False,False,,-1,69.4826,3000
2026-06-28 05:40:46,107,B+3.5,38144,12,True,False,False,,-1,69.4811,3000
2026-06-28 05:42:09,162,B+3.5,49306,34,True,False,False,,-1,69.641,3000
2026-06-28 05:43:18,102,B+3.5,38794,5,True,False,False,,-1,69.573,3000
2026-06-28 05:44:29,123,B+2.5,41079,20,True,False,False,,-1,69.3375,3000
2026-06-28 05:45:45,115,B+5.5,43202,11,True,False,False,,-1,69.42,3000
2026-06-28 05:46:50,101,B+1.5,36080,12,True,False,False,,-1,69.4986,3000
2026-06-28 05:47:57,105,W+0.5,37569,12,True,False,False,,-1,69.5401,3000
2026-06-28 05:49:00,98,B+4.5,36883,9,True,False,False,,-1,69.4432,3000
2026-06-28 05:50:12,102,B+7.5,38417,6,True,False,False,,-1,69.5164,3000
2026-06-28 05:51:05,71,B+2.5,28187,3,True,False,False,,-1,69.2685,3000
2026-06-28 05:52:07,97,W+1.5,36506,7,True,False,False,,-1,69.1853,3000
2026-06-28 05:53:03,80,B+1.5,31075,6,True,False,False,,-1,68.986,3000
2026-06-28 05:54:16,113,W+3.5,39079,17,True,False,False,,-1,69.0446,3000
2026-06-28 05:55:21,101,B+1.5,37016,5,True,False,False,,-1,69.0233,3000
2026-06-28 05:56:44,129,B+0.5,46986,15,True,False,False,,-1,69.1827,3000
2026-06-28 05:57:58,110,B+1.5,41464,13,True,False,False,,-1,69.2137,3000
2026-06-28 05:59:11,111,W+0.5,40782,11,True,False,False,,-1,69.5136,3000
2026-06-28 06:00:14,98,W+1.5,34572,10,True,False,False,,-1,69.5225,3000
2026-06-28 06:01:17,99,W+1.5,35482,13,True,False,False,,-1,69.5665,3000
2026-06-28 06:02:26,115,W+4.5,40932,15,True,False,False,,-1,69.409,3000
2026-06-28 06:03:44,118,B+8.5,44963,13,True,False,False,,-1,69.4209,3000
2026-06-28 06:04:43,87,B+6.5,31969,8,True,False,False,,-1,69.1257,3000
2026-06-28 06:05:43,81,B+4.5,32080,3,True,False,False,,-1,69.1408,3000
2026-06-28 06:06:54,117,W+2.5,41037,12,True,False,False,,-1,68.9838,3000
2026-06-28 06:07:59,105,W+0.5,37154,7,True,False,False,,-1,68.8496,3000
2026-06-28 06:08:58,86,B+2.5,32962,3,True,False,False,,-1,68.7006,3000
2026-06-28 06:10:26,148,B+8.5,54106,25,True,False,False,,-1,68.7304,3000
2026-06-28 06:11:44,118,W+1.5,43440,16,True,False,False,,-1,68.8813,3000
2026-06-28 06:13:11,148,B+0.5,49567,17,True,False,False,,-1,68.9413,3000
2026-06-28 06:14:28,121,W+0.5,44077,16,True,False,False,,-1,69.0479,3000
2026-06-28 06:15:56,133,W+2.5,48349,18,True,False,False,,-1,69.2529,3000
2026-06-28 06:17:03,105,W+2.5,38962,7,True,False,False,,-1,69.3821,3000
2026-06-28 06:18:08,108,B+2.5,37564,7,True,False,False,,-1,69.4667,3000
2026-06-28 06:19:08,89,B+1.5,32881,6,True,False,False,,-1,69.4272,3000
2026-06-28 06:20:27,123,B+2.5,45868,10,True,False,False,,-1,69.6015,3000
2026-06-28 06:21:24,75,B+0.5,29247,6,True,False,False,,-1,69.5663,3000
2026-06-28 06:22:43,115,W+0.5,43239,10,True,False,False,,-1,69.6766,3000
2026-06-28 06:23:53,123,B+0.5,40492,13,True,False,False,,-1,69.6108,3000
2026-06-28 06:25:25,138,B+3.5,50566,23,True,False,False,,-1,69.8992,3000
2026-06-28 06:26:56,152,B+2.5,50429,31,True,False,False,,-1,70.078,3000
2026-06-28 06:28:08,113,W+1.5,41441,12,True,False,False,,-1,70.1948,3000
2026-06-28 06:29:14,106,B+10.5,39176,9,True,False,False,,-1,69.9573,3000
2026-06-28 06:30:21,99,W+1.5,35078,17,True,False,False,,-1,69.9415,3000
2026-06-28 06:31:44,140,B+3.5,48357,20,True,False,False,,-1,70.0824,3000
2026-06-28 06:32:56,104,B+2.5,39637,7,True,False,False,,-1,70.0988,3000
2026-06-28 06:34:03,107,W+0.5,38936,11,True,False,False,,-1,70.1564,3000
2026-06-28 06:35:01,85,B+9.5,32324,6,True,False,False,,-1,70.1541,3000
2026-06-28 06:36:09,111,B+5.5,38650,17,True,False,False,,-1,69.9455,3000
2026-06-28 06:37:15,108,B+7.5,39276,14,True,False,False,,-1,69.9483,3000
2026-06-28 06:38:16,88,B+4.5,34183,6,True,False,False,,-1,69.8032,3000
2026-06-28 06:39:18,92,B+10.5,33866,9,True,False,False,,-1,69.8701,3000
2026-06-28 06:40:28,120,B+4.5,42394,10,True,False,False,,-1,69.7916,3000
2026-06-28 06:41:36,111,W+1.5,38964,17,True,False,False,,-1,69.6291,3000
2026-06-28 06:43:08,162,W+4.5,52789,31,True,False,False,,-1,69.7781,3000
2026-06-28 06:44:14,115,W+2.5,38002,13,True,False,False,,-1,69.748,3000
2026-06-28 06:48:21,104,B+2.5,38038,7,True,False,False,,-1,69.7777,4000
2026-06-28 06:49:42,120,B+0.5,44157,14,True,False,False,,-1,69.9395,4000
2026-06-28 06:51:03,120,B+1.5,42556,16,True,False,False,,-1,70.1297,4000
2026-06-28 06:52:13,94,B+1.5,35684,6,True,False,False,,-1,70.2482,4000
2026-06-28 06:53:32,115,B+3.5,42932,11,True,False,False,,-1,70.4004,4000
2026-06-28 06:54:44,114,B+4.5,41295,7,True,False,False,,-1,70.4383,4000
2026-06-28 06:55:51,99,W+0.5,36736,15,True,False,False,,-1,70.3254,4000
2026-06-28 06:57:14,134,B+0.5,48289,22,True,False,False,,-1,70.5095,4000
2026-06-28 06:58:33,132,B+7.5,44989,5,True,False,False,,-1,70.5684,4000
2026-06-28 07:00:02,152,B+2.5,51979,30,True,False,False,,-1,70.8649,4000
2026-06-28 07:01:07,92,B+1.5,34392,5,True,False,False,,-1,70.8596,4000
2026-06-28 07:02:21,105,W+3.5,38764,9,True,False,False,,-1,70.8448,4000
2026-06-28 07:03:43,136,B+9.5,44181,25,True,False,False,,-1,70.934,4000
2026-06-28 07:04:43,91,W+1.5,32578,8,True,False,False,,-1,70.8128,4000
2026-06-28 07:05:46,104,B+0.5,37718,5,True,False,False,,-1,70.8355,4000
2026-06-28 07:06:54,112,B+0.5,38722,16,True,False,False,,-1,70.8374,4000
2026-06-28 07:08:06,116,B+0.5,41596,16,True,False,False,,-1,70.9575,4000
2026-06-28 07:09:23,120,B+2.5,43291,14,True,False,False,,-1,70.9634,4000
2026-06-28 07:10:23,94,W+0.5,34176,7,True,False,False,,-1,70.9031,4000
2026-06-28 07:11:39,116,B+3.5,41291,17,True,False,False,,-1,70.985,4000
2026-06-28 07:12:42,96,B+5.5,34551,7,True,False,False,,-1,70.9955,4000
2026-06-28 07:13:52,123,B+1.5,40291,5,True,False,False,,-1,71.0186,4000
2026-06-28 07:14:59,101,W+1.5,36610,6,True,False,False,,-1,70.9404,4000
2026-06-28 07:16:05,105,W+0.5,36664,9,True,False,False,,-1,70.8969,4000
2026-06-28 07:17:11,103,W+6.5,36826,12,True,False,False,,-1,70.8684,4000
2026-06-28 07:18:49,162,W+11.5,57795,33,True,False,False,,-1,71.0597,4000
2026-06-28 07:20:11,162,B+13.5,46433,25,True,False,False,,-1,71.2787,4000
2026-06-28 07:21:30,130,B+1.5,45110,23,True,False,False,,-1,71.4173,4000
2026-06-28 07:22:30,95,W+4.5,33003,10,True,False,False,,-1,71.2886,4000
2026-06-28 07:23:38,99,W+8.5,36192,10,True,False,False,,-1,71.2527,4000
2026-06-28 07:24:55,114,B+1.5,40760,14,True,False,False,,-1,71.388,4000
2026-06-28 07:25:56,95,B+1.5,33651,4,True,False,False,,-1,71.0974,4000
2026-06-28 07:27:15,146,B+1.5,45217,26,True,False,False,,-1,71.0088,4000
2026-06-28 07:28:16,90,B+1.5,32421,8,True,False,False,,-1,70.9652,4000
2026-06-28 07:29:27,111,W+3.5,38487,17,True,False,False,,-1,71.0024,4000
2026-06-28 07:30:28,91,B+0.5,32677,10,True,False,False,,-1,70.9547,4000
2026-06-28 07:31:37,111,W+0.5,38979,10,True,False,False,,-1,71.0075,4000
2026-06-28 07:32:42,101,W+2.5,37385,20,True,False,False,,-1,71.0079,4000
2026-06-28 07:33:50,110,B+0.5,39798,9,True,False,False,,-1,70.7446,4000
2026-06-28 07:35:09,120,B+1.5,43078,19,True,False,False,,-1,70.8999,4000
2026-06-28 07:36:15,103,W+0.5,36219,16,True,False,False,,-1,70.8316,4000
2026-06-28 07:37:28,114,B+0.5,41353,16,True,False,False,,-1,70.8711,4000
2026-06-28 07:38:26,89,W+2.5,31213,11,True,False,False,,-1,70.736,4000
2026-06-28 07:39:31,98,B+2.5,35638,9,True,False,False,,-1,70.7371,4000
2026-06-28 07:40:34,99,W+7.5,35466,11,True,False,False,,-1,70.6886,4000
2026-06-28 07:41:34,91,W+1.5,32852,10,True,False,False,,-1,70.4735,4000
2026-06-28 07:42:47,115,B+2.5,40301,17,True,False,False,,-1,70.5137,4000
2026-06-28 07:44:04,162,B+1.5,44249,19,True,False,False,,-1,70.5625,4000
2026-06-28 07:45:15,123,B+2.5,41434,20,True,False,False,,-1,70.5115,4000
2026-06-28 07:46:47,157,B+2.5,50485,31,True,False,False,,-1,70.7911,4000
2026-06-28 07:47:59,117,W+2.5,42638,15,True,False,False,,-1,70.8398,4000
2026-06-28 07:49:10,117,B+1.5,39190,8,True,False,False,,-1,70.9159,4000
2026-06-28 07:50:32,123,W+4.5,43889,17,True,False,False,,-1,71.0196,4000
2026-06-28 07:51:36,96,B+0.5,35787,9,True,False,False,,-1,71.1299,4000
2026-06-28 07:53:00,137,B+1.5,47289,22,True,False,False,,-1,71.3417,4000
2026-06-28 07:54:01,91,W+8.5,32447,9,True,False,False,,-1,71.3878,4000
2026-06-28 07:55:04,105,W+2.5,37487,8,True,False,False,,-1,71.293,4000
2026-06-28 07:56:05,97,W+2.5,35060,7,True,False,False,,-1,71.25,4000
2026-06-28 07:57:35,162,W+25.5,52970,40,True,False,False,,-1,71.3252,4000
2026-06-28 07:58:37,88,W+2.5,33119,7,True,False,False,,-1,71.2104,4000
2026-06-28 07:59:48,101,W+3.5,36808,9,True,False,False,,-1,71.1832,4000
2026-06-28 08:01:07,153,W+1.5,46526,31,True,False,False,,-1,71.3469,4000
2026-06-28 08:02:25,120,B+2.5,42038,13,True,False,False,,-1,71.4916,4000
2026-06-28 08:03:43,122,B+0.5,41991,15,True,False,False,,-1,71.5811,4000
2026-06-28 08:05:07,142,B+1.5,49255,23,True,False,False,,-1,71.6482,4000
2026-06-28 08:06:14,96,B+0.5,35659,6,True,False,False,,-1,71.7255,4000
2026-06-28 08:07:37,162,B+4.5,47342,28,True,False,False,,-1,71.9541,4000
2026-06-28 08:08:42,97,W+1.5,36121,12,True,False,False,,-1,71.8924,4000
2026-06-28 08:09:55,104,B+2.5,38761,10,True,False,False,,-1,71.9699,4000
2026-06-28 08:10:57,89,W+11.5,33544,7,True,False,False,,-1,72.0036,4000
2026-06-28 08:12:00,88,B+0.5,33215,6,True,False,False,,-1,71.7501,4000
2026-06-28 08:13:22,133,W+0.5,47165,20,True,False,False,,-1,71.7876,4000
2026-06-28 08:14:29,101,B+2.5,36979,4,True,False,False,,-1,71.592,4000
2026-06-28 08:15:45,106,B+0.5,40467,6,True,False,False,,-1,71.5819,4000
2026-06-28 08:16:51,99,W+2.5,35520,10,True,False,False,,-1,71.3692,4000
2026-06-28 08:17:55,94,W+3.5,35342,4,True,False,False,,-1,71.3315,4000
2026-06-28 08:19:03,98,B+6.5,36188,10,True,False,False,,-1,71.3647,4000
2026-06-28 08:20:14,104,B+0.5,37303,11,True,False,False,,-1,71.4697,4000
2026-06-28 08:21:20,106,B+0.5,36808,14,True,False,False,,-1,71.3477,4000
2026-06-28 08:22:34,116,B+3.5,41142,11,True,False,False,,-1,71.5181,4000
2026-06-28 08:23:51,119,B+1.5,40911,18,True,False,False,,-1,71.4959,4000
2026-06-28 08:24:53,93,W+8.5,33539,8,True,False,False,,-1,71.4093,4000
2026-06-28 08:25:57,97,W+2.5,35122,6,True,False,False,,-1,71.1381,4000
2026-06-28 08:27:23,132,B+6.5,49581,13,True,False,False,,-1,71.093,4000
2026-06-28 08:28:27,95,W+4.5,34576,8,True,False,False,,-1,71.0052,4000
2026-06-28 08:29:50,154,B+0.5,49266,26,True,False,False,,-1,71.1786,4000
2026-06-28 08:30:57,106,B+1.5,37069,6,True,False,False,,-1,71.1786,4000
2026-06-28 08:32:10,106,B+1.5,38711,5,True,False,False,,-1,71.0738,4000
2026-06-28 08:33:11,89,B+2.5,32582,2,True,False,False,,-1,70.9669,4000
2026-06-28 08:34:21,114,B+0.5,40497,13,True,False,False,,-1,70.9897,4000
2026-06-28 08:35:33,124,B+1.5,40721,22,True,False,False,,-1,71.129,4000
2026-06-28 08:36:59,139,W+0.5,49640,20,True,False,False,,-1,71.3186,4000
2026-06-28 08:38:19,120,B+1.5,44158,16,True,False,False,,-1,71.4543,4000
2026-06-28 08:39:24,103,W+6.5,35560,9,True,False,False,,-1,71.4919,4000
2026-06-28 08:40:31,104,B+2.5,37012,11,True,False,False,,-1,71.5514,4000
2026-06-28 08:41:44,114,B+4.5,40369,13,True,False,False,,-1,71.5766,4000
2026-06-28 08:42:56,113,W+3.5,40930,8,True,False,False,,-1,71.6125,4000
2026-06-28 08:43:55,83,B+0.5,31281,4,True,False,False,,-1,71.2844,4000
2026-06-28 08:45:07,112,B+4.5,39490,7,True,False,False,,-1,71.3392,4000
2026-06-28 08:46:14,110,B+1.5,38508,14,True,False,False,,-1,71.4544,4000
2026-06-28 08:47:29,120,B+1.5,42184,17,True,False,False,,-1,71.479,4000
2026-06-28 08:48:41,137,W+0.5,43032,17,True,False,False,,-1,71.392,4000
2026-06-28 08:49:53,119,W+2.5,40320,20,True,False,False,,-1,71.2963,4000
2026-06-28 08:50:55,97,W+1.5,34776,9,True,False,False,,-1,71.2171,4000
2026-06-28 08:52:10,115,W+0.5,42690,10,True,False,False,,-1,71.175,4000
2026-06-28 08:53:13,93,W+6.5,34090,7,True,False,False,,-1,71.0866,4000
2026-06-28 08:54:29,130,B+3.5,44953,18,True,False,False,,-1,71.1712,4000
2026-06-28 08:55:35,97,B+0.5,35409,5,True,False,False,,-1,71.0054,4000
2026-06-28 08:56:39,104,B+4.5,36666,13,True,False,False,,-1,70.8561,4000
2026-06-28 08:57:40,99,W+11.5,34554,12,True,False,False,,-1,70.5739,4000
2026-06-28 08:58:57,111,W+2.5,41214,23,True,False,False,,-1,70.6952,4000
2026-06-28 09:00:18,140,B+0.5,50326,28,True,False,False,,-1,70.7593,4000
2026-06-28 09:01:22,103,W+1.5,38132,16,True,False,False,,-1,70.5837,4000
2026-06-28 09:02:56,162,W+19.5,56598,34,True,False,False,,-1,70.93,4000
2026-06-28 09:04:06,106,B+2.5,37958,12,True,False,False,,-1,70.9925,4000
2026-06-28 09:05:13,101,W+0.5,37302,9,True,False,False,,-1,70.995,4000
2026-06-28 09:06:17,105,W+4.5,37872,7,True,False,False,,-1,70.9007,4000
2026-06-28 09:07:27,107,W+5.5,38729,7,True,False,False,,-1,70.8295,4000
2026-06-28 09:08:37,110,B+6.5,39041,10,True,False,False,,-1,70.9333,4000
2026-06-28 09:09:46,109,W+2.5,38895,15,True,False,False,,-1,70.8598,4000
2026-06-28 09:10:56,103,W+1.5,37141,14,True,False,False,,-1,70.9369,4000
2026-06-28 09:12:01,99,W+0.5,36496,15,True,False,False,,-1,70.8914,4000
2026-06-28 09:13:23,130,B+0.5,47357,13,True,False,False,,-1,71.035,4000
2026-06-28 09:14:33,114,B+1.5,40565,17,True,False,False,,-1,71.0798,4000
2026-06-28 09:15:49,123,W+5.5,41838,12,True,False,False,,-1,71.1756,4000
2026-06-28 09:16:56,103,W+4.5,35550,15,True,False,False,,-1,70.8707,4000
2026-06-28 09:17:59,95,W+2.5,35251,11,True,False,False,,-1,70.6693,4000
2026-06-28 09:19:13,125,W+0.5,43941,23,True,False,False,,-1,70.6238,4000
2026-06-28 09:20:19,89,B+0.5,34626,5,True,False,False,,-1,70.6822,4000
2026-06-28 09:21:27,110,B+1.5,38101,9,True,False,False,,-1,70.6903,4000
2026-06-28 09:22:32,99,W+2.5,35576,6,True,False,False,,-1,70.5639,4000
2026-06-28 09:23:44,117,W+0.5,40737,13,True,False,False,,-1,70.6706,4000
2026-06-28 09:25:01,119,B+2.5,42382,12,True,False,False,,-1,70.6543,4000
2026-06-28 09:26:08,107,W+2.5,38498,13,True,False,False,,-1,70.7104,4000
2026-06-28 09:27:25,126,B+2.5,42785,20,True,False,False,,-1,70.7767,4000
2026-06-28 09:28:44,162,W+5.5,47830,32,True,False,False,,-1,70.9589,4000
2026-06-28 09:29:53,110,B+1.5,39604,8,True,False,False,,-1,70.9529,4000
2026-06-28 09:30:57,97,W+1.5,35485,17,True,False,False,,-1,70.9537,4000
2026-06-28 09:32:23,144,B+7.5,46060,27,True,False,False,,-1,71.1263,4000
2026-06-28 09:33:34,109,W+0.5,40238,18,True,False,False,,-1,71.0486,4000
2026-06-28 09:34:39,111,W+1.5,38730,12,True,False,False,,-1,71.0371,4000
2026-06-28 09:35:42,92,B+0.5,33298,6,True,False,False,,-1,70.9394,4000
2026-06-28 09:36:51,119,W+1.5,39600,20,True,False,False,,-1,71.0468,4000
2026-06-28 09:38:16,139,W+9.5,48391,25,True,False,False,,-1,71.2515,4000
2026-06-28 09:39:22,107,B+1.5,37844,6,True,False,False,,-1,71.2773,4000
2026-06-28 09:40:25,97,W+0.5,34960,12,True,False,False,,-1,71.2986,4000
2026-06-28 09:41:20,76,W+1.5,29522,3,True,False,False,,-1,71.1254,4000
2026-06-28 09:42:40,137,B+0.5,44371,18,True,False,False,,-1,71.1609,4000
2026-06-28 09:43:52,112,B+2.5,40210,14,True,False,False,,-1,71.1698,4000
2026-06-28 09:45:12,145,W+0.5,46732,33,True,False,False,,-1,71.0443,4000
2026-06-28 09:46:15,99,W+1.5,36582,9,True,False,False,,-1,70.9555,4000
2026-06-28 09:47:23,114,B+1.5,37224,11,True,False,False,,-1,70.9242,4000
2026-06-28 09:48:38,130,B+5.5,43444,22,True,False,False,,-1,70.8572,4000
2026-06-28 09:49:42,100,B+1.5,35373,9,True,False,False,,-1,70.8504,4000
2026-06-28 09:51:10,146,B+4.5,49379,22,True,False,False,,-1,70.899,4000
2026-06-28 09:52:19,112,B+5.5,37030,3,True,False,False,,-1,70.975,4000
2026-06-28 09:53:51,156,B+0.5,53996,23,True,False,False,,-1,71.2595,4000
2026-06-28 09:54:59,104,B+1.5,36304,11,True,False,False,,-1,71.337,4000
2026-06-28 09:56:04,103,W+2.5,35572,9,True,False,False,,-1,71.0889,4000
2026-06-28 09:57:20,125,W+2.5,45308,14,True,False,False,,-1,71.224,4000
2026-06-28 09:58:26,107,W+3.5,36930,11,True,False,False,,-1,71.1686,4000
2026-06-28 09:59:42,130,B+0.5,42173,21,True,False,False,,-1,71.1449,4000
2026-06-28 10:01:00,129,W+2.5,45738,12,True,False,False,,-1,71.1505,4000
2026-06-28 10:02:02,95,W+1.5,34377,11,True,False,False,,-1,70.984,4000
2026-06-28 10:03:23,131,W+1.5,47943,25,True,False,False,,-1,70.9531,4000
2026-06-28 10:04:43,124,B+6.5,44149,13,True,False,False,,-1,71.0812,4000
2026-06-28 10:05:54,108,B+2.5,39608,10,True,False,False,,-1,70.9634,4000
2026-06-28 10:07:07,103,W+0.5,38765,12,True,False,False,,-1,71.0448,4000
2026-06-28 10:08:19,113,W+6.5,38883,18,True,False,False,,-1,71.036,4000
2026-06-28 10:09:28,111,W+3.5,40518,18,True,False,False,,-1,71.1025,4000
2026-06-28 10:10:29,92,B+0.5,33124,7,True,False,False,,-1,71.0815,4000
2026-06-28 10:11:44,114,B+4.5,40511,11,True,False,False,,-1,71.0154,4000
2026-06-28 10:13:02,125,W+1.5,42548,14,True,False,False,,-1,71.1251,4000
2026-06-28 10:14:11,114,B+2.5,38997,14,True,False,False,,-1,71.0562,4000
2026-06-28 10:15:19,104,B+4.5,38045,8,True,False,False,,-1,71.0716,4000
2026-06-28 10:16:20,89,W+2.5,33073,8,True,False,False,,-1,71.05,4000
2026-06-28 10:17:29,105,W+4.5,38817,9,True,False,False,,-1,71.0557,4000
2026-06-28 10:18:44,122,B+10.5,44493,13,True,False,False,,-1,71.0956,4000
2026-06-28 10:20:01,129,W+0.5,43832,16,True,False,False,,-1,71.2045,4000
2026-06-28 10:21:14,117,B+4.5,38609,15,True,False,False,,-1,71.1927,4000
2026-06-28 10:22:31,135,W+2.5,44987,17,True,False,False,,-1,71.1899,4000
2026-06-28 10:23:39,114,B+1.5,39171,9,True,False,False,,-1,71.257,4000
2026-06-28 10:24:46,106,B+1.5,37540,10,True,False,False,,-1,71.2804,4000
2026-06-28 10:25:53,108,B+0.5,38541,12,True,False,False,,-1,71.0892,4000
2026-06-28 10:27:09,115,W+2.5,43274,21,True,False,False,,-1,71.2165,4000
2026-06-28 10:27:54,60,W+4.5,23520,2,True,False,False,,-1,70.8382,4000
2026-06-28 10:29:04,109,W+1.5,38338,13,True,False,False,,-1,70.8655,4000
2026-06-28 10:30:11,113,W+10.5,38930,18,True,False,False,,-1,70.8098,4000
2026-06-28 10:31:23,113,W+0.5,41263,12,True,False,False,,-1,70.9169,4000
2026-06-28 10:32:41,129,W+2.5,46307,14,True,False,False,,-1,70.9952,4000
2026-06-28 10:33:57,112,B+2.5,42199,11,True,False,False,,-1,71.0361,4000
2026-06-28 10:35:04,101,W+2.5,36251,10,True,False,False,,-1,70.8439,4000
2026-06-28 10:36:20,122,B+8.5,42494,8,True,False,False,,-1,70.8035,4000
2026-06-28 10:37:26,94,B+5.5,35162,7,True,False,False,,-1,70.8119,4000
2026-06-28 10:38:55,156,B+1.5,51093,22,True,False,False,,-1,71.0355,4000
2026-06-28 10:40:23,162,B+4.5,52214,16,True,False,False,,-1,71.1864,4000
2026-06-28 10:41:32,97,W+3.5,36809,8,True,False,False,,-1,71.157,4000
2026-06-28 10:42:57,156,B+1.5,52502,28,True,False,False,,-1,71.4139,4000
2026-06-28 10:44:16,149,W+0.5,45998,25,True,False,False,,-1,71.494,4000
2026-06-28 10:45:29,120,W+7.5,41373,17,True,False,False,,-1,71.5448,4000
2026-06-28 10:46:43,113,W+4.5,42247,18,True,False,False,,-1,71.5287,4000
2026-06-28 10:47:56,127,W+0.5,44533,15,True,False,False,,-1,71.5456,4000
2026-06-28 10:49:10,108,B+3.5,39951,9,True,False,False,,-1,71.5628,4000
2026-06-28 10:50:25,125,W+0.5,42032,17,True,False,False,,-1,71.7018,4000
2026-06-28 10:51:44,123,W+0.5,46344,28,True,False,False,,-1,71.7342,4000
2026-06-28 10:52:57,111,W+8.5,41274,14,True,False,False,,-1,71.8326,4000
2026-06-28 10:54:16,135,B+4.5,45621,15,True,False,False,,-1,71.8688,4000
2026-06-28 10:55:33,130,B+5.5,44760,16,True,False,False,,-1,71.9804,4000
2026-06-28 10:56:39,103,W+0.5,36882,12,True,False,False,,-1,71.9955,4000
2026-06-28 10:57:56,138,B+1.5,45062,21,True,False,False,,-1,72.1532,4000
2026-06-28 10:59:02,95,W+8.5,34654,9,True,False,False,,-1,72.037,4000
2026-06-28 11:00:14,108,B+3.5,38710,6,True,False,False,,-1,71.9549,4000
2026-06-28 11:01:16,95,W+0.5,35842,10,True,False,False,,-1,71.9346,4000
2026-06-28 11:02:23,103,W+1.5,37014,12,True,False,False,,-1,71.6636,4000
2026-06-28 11:03:25,93,B+1.5,33714,16,True,False,False,,-1,71.5799,4000
2026-06-28 11:04:37,107,B+4.5,40082,6,True,False,False,,-1,71.6313,4000
2026-06-28 11:05:54,126,B+1.5,44441,16,True,False,False,,-1,71.7675,4000
2026-06-28 11:06:59,101,W+0.5,35151,13,True,False,False,,-1,71.7219,4000
2026-06-28 11:08:04,90,B+1.5,34673,5,True,False,False,,-1,71.6707,4000
2026-06-28 11:09:24,134,B+2.5,44900,22,True,False,False,,-1,71.7735,4000
2026-06-28 11:10:27,89,W+4.5,33377,9,True,False,False,,-1,71.7055,4000
2026-06-28 11:11:33,111,W+1.5,38282,14,True,False,False,,-1,71.7076,4000
2026-06-28 11:12:51,124,B+3.5,46167,9,True,False,False,,-1,71.6753,4000
2026-06-28 11:14:00,110,B+0.5,39673,16,True,False,False,,-1,71.6613,4000
2026-06-28 11:15:11,125,W+5.5,43121,23,True,False,False,,-1,71.6108,4000
2026-06-28 11:16:28,125,W+0.5,44414,17,True,False,False,,-1,71.7156,4000
2026-06-28 11:17:41,106,B+2.5,40667,8,True,False,False,,-1,71.8125,4000
2026-06-28 11:18:46,93,W+1.5,34412,7,True,False,False,,-1,71.7245,4000
2026-06-28 11:22:26,75,B+3.5,28953,3,True,False,False,,-1,71.4915,5000
2026-06-28 11:23:42,139,B+11.5,41929,28,True,False,False,,-1,71.6002,5000
2026-06-28 11:25:02,119,W+2.5,40482,18,True,False,False,,-1,71.6914,5000
2026-06-28 11:26:15,115,W+0.5,38003,19,True,False,False,,-1,71.6445,5000
2026-06-28 11:27:16,91,B+1.5,31931,4,True,False,False,,-1,71.5917,5000
2026-06-28 11:28:22,94,B+2.5,34519,8,True,False,False,,-1,71.4697,5000
2026-06-28 11:29:20,91,W+7.5,31016,12,True,False,False,,-1,71.2624,5000
2026-06-28 11:30:23,106,B+1.5,34992,10,True,False,False,,-1,71.2108,5000
2026-06-28 11:31:23,99,W+6.5,33726,13,True,False,False,,-1,71.1578,5000
2026-06-28 11:32:35,134,B+3.5,42181,20,True,False,False,,-1,71.0262,5000
2026-06-28 11:34:00,137,W+1.5,45920,33,True,False,False,,-1,71.1595,5000
2026-06-28 11:34:55,75,B+4.5,28947,8,True,False,False,,-1,71.0599,5000
2026-06-28 11:36:20,135,W+1.5,47757,24,True,False,False,,-1,71.2826,5000
2026-06-28 11:37:29,146,B+5.5,39438,24,True,False,False,,-1,71.2831,5000
2026-06-28 11:38:45,137,W+7.5,45216,22,True,False,False,,-1,71.1893,5000
2026-06-28 11:39:54,91,B+0.5,34451,5,True,False,False,,-1,71.2232,5000
2026-06-28 11:41:14,162,W+2.5,47200,35,True,False,False,,-1,71.3963,5000
2026-06-28 11:42:21,95,B+0.5,35299,6,True,False,False,,-1,71.5071,5000
2026-06-28 11:43:43,134,B+2.5,46123,17,True,False,False,,-1,71.5358,5000
2026-06-28 11:44:54,111,W+2.5,37475,16,True,False,False,,-1,71.5237,5000
2026-06-28 11:45:54,105,W+0.5,34212,14,True,False,False,,-1,71.3208,5000
2026-06-28 11:47:03,105,W+3.5,35330,18,True,False,False,,-1,71.3821,5000
2026-06-28 11:48:06,101,W+2.5,36173,14,True,False,False,,-1,71.3317,5000
2026-06-28 11:49:01,84,B+0.5,29659,5,True,False,False,,-1,71.1327,5000
2026-06-28 11:50:11,101,W+4.5,36244,18,True,False,False,,-1,71.1972,5000
2026-06-28 11:51:30,133,W+2.5,44569,23,True,False,False,,-1,71.1043,5000
2026-06-28 11:52:44,108,B+1.5,38099,8,True,False,False,,-1,71.1569,5000
2026-06-28 11:54:00,110,B+0.5,38864,16,True,False,False,,-1,71.0041,5000
2026-06-28 11:55:02,86,B+1.5,31758,4,True,False,False,,-1,70.936,5000
2026-06-28 11:56:03,96,B+0.5,33940,13,True,False,False,,-1,70.9006,5000
2026-06-28 11:57:07,103,W+0.5,35127,14,True,False,False,,-1,70.7743,5000
2026-06-28 11:58:11,93,B+5.5,33402,11,True,False,False,,-1,70.7613,5000
2026-06-28 11:59:12,92,B+7.5,33173,3,True,False,False,,-1,70.5988,5000
2026-06-28 12:00:07,76,W+1.5,28984,2,True,False,False,,-1,70.3716,5000
2026-06-28 12:01:17,104,B+8.5,37173,8,True,False,False,,-1,70.4575,5000
2026-06-28 12:02:24,89,B+2.5,33156,5,True,False,False,,-1,70.3096,5000
2026-06-28 12:03:49,142,B+8.5,45630,26,True,False,False,,-1,70.3664,5000
2026-06-28 12:05:25,160,B+1.5,51674,25,True,False,False,,-1,70.6206,5000
2026-06-28 12:06:32,99,B+6.5,34664,5,True,False,False,,-1,70.553,5000
2026-06-28 12:07:49,135,W+2.5,46130,14,True,False,False,,-1,70.6139,5000
2026-06-28 12:09:01,111,W+0.5,38297,10,True,False,False,,-1,70.6426,5000
2026-06-28 12:09:58,87,B+1.5,31477,14,True,False,False,,-1,70.6001,5000
2026-06-28 12:11:01,91,B+0.5,33487,3,True,False,False,,-1,70.4753,5000
2026-06-28 12:12:08,95,B+0.5,34979,11,True,False,False,,-1,70.3685,5000
2026-06-28 12:13:10,100,W+5.5,33976,11,True,False,False,,-1,70.2965,5000
2026-06-28 12:14:14,92,B+4.5,33846,8,True,False,False,,-1,70.2566,5000
2026-06-28 12:15:23,125,W+5.5,37919,23,True,False,False,,-1,70.3383,5000
2026-06-28 12:16:19,91,W+3.5,31712,7,True,False,False,,-1,70.1995,5000
2026-06-28 12:17:17,79,B+2.5,30049,2,True,False,False,,-1,70.0353,5000
2026-06-28 12:18:29,117,W+2.5,38188,17,True,False,False,,-1,69.9825,5000
2026-06-28 12:19:55,157,W+1.5,50062,21,True,False,False,,-1,70.1151,5000
2026-06-28 12:21:03,100,B+7.5,36883,8,True,False,False,,-1,70.0341,5000
2026-06-28 12:22:06,111,W+2.5,34403,13,True,False,False,,-1,69.977,5000
2026-06-28 12:23:17,121,W+10.5,37449,19,True,False,False,,-1,70.0161,5000
2026-06-28 12:24:31,121,W+1.5,40061,24,True,False,False,,-1,70.0832,5000
2026-06-28 12:25:40,123,W+2.5,38220,14,True,False,False,,-1,70.0176,5000
2026-06-28 12:26:50,104,B+1.5,37327,7,True,False,False,,-1,70.265,5000
2026-06-28 12:27:57,101,B+5.5,34943,8,True,False,False,,-1,70.2281,5000
2026-06-28 12:29:08,106,B+0.5,38936,9,True,False,False,,-1,70.2743,5000
2026-06-28 12:30:13,106,W+1.5,34686,15,True,False,False,,-1,70.2095,5000
2026-06-28 12:31:21,111,W+0.5,36424,11,True,False,False,,-1,70.1089,5000
2026-06-28 12:32:26,113,W+2.5,38103,17,True,False,False,,-1,69.9991,5000
2026-06-28 12:33:24,109,W+1.5,32997,20,True,False,False,,-1,69.9024,5000
2026-06-28 12:34:20,79,B+0.5,30121,3,True,False,False,,-1,69.7088,5000
2026-06-28 12:35:30,106,B+4.5,37659,10,True,False,False,,-1,69.7468,5000
2026-06-28 12:36:44,112,B+3.5,40933,13,True,False,False,,-1,69.5924,5000
2026-06-28 12:37:58,128,B+2.5,39943,22,True,False,False,,-1,69.4562,5000
2026-06-28 12:39:14,123,W+0.5,42595,12,True,False,False,,-1,69.5187,5000
2026-06-28 12:40:29,136,B+4.5,41955,20,True,False,False,,-1,69.4289,5000
2026-06-28 12:41:32,105,W+2.5,36126,13,True,False,False,,-1,69.2628,5000
2026-06-28 12:42:45,110,W+0.5,38101,13,True,False,False,,-1,69.2637,5000
2026-06-28 12:44:01,162,B+8.5,47765,23,True,False,False,,-1,69.2888,5000
2026-06-28 12:45:06,101,B+7.5,36219,7,True,False,False,,-1,69.1987,5000
2026-06-28 12:46:18,121,B+4.5,40369,12,True,False,False,,-1,69.187,5000
2026-06-28 12:47:25,114,B+0.5,38773,13,True,False,False,,-1,69.099,5000
2026-06-28 12:48:48,133,B+3.5,46698,15,True,False,False,,-1,69.1487,5000
2026-06-28 12:49:56,102,B+5.5,34072,11,True,False,False,,-1,69.0986,5000
2026-06-28 12:51:25,140,B+4.5,47668,22,True,False,False,,-1,69.1913,5000
2026-06-28 12:52:36,114,B+1.5,40599,7,True,False,False,,-1,69.1291,5000
2026-06-28 12:54:03,139,B+5.5,47941,21,True,False,False,,-1,69.3391,5000
2026-06-28 12:55:13,124,B+4.5,40328,12,True,False,False,,-1,69.2758,5000
2026-06-28 12:56:17,96,B+3.5,34127,8,True,False,False,,-1,69.2554,5000
2026-06-28 12:57:22,98,B+7.5,33361,7,True,False,False,,-1,69.1886,5000
2026-06-28 12:58:51,146,B+6.5,51301,24,True,False,False,,-1,69.4583,5000
2026-06-28 13:00:06,129,B+8.5,38756,12,True,False,False,,-1,69.5327,5000
2026-06-28 13:01:10,114,B+0.5,35913,13,True,False,False,,-1,69.5554,5000
2026-06-28 13:02:09,87,B+1.5,30328,3,True,False,False,,-1,69.4274,5000
2026-06-28 13:03:29,130,B+4.5,45557,16,True,False,False,,-1,69.4591,5000
2026-06-28 13:04:37,97,W+2.5,35098,10,True,False,False,,-1,69.4854,5000
2026-06-28 13:05:47,105,B+0.5,38215,16,True,False,False,,-1,69.5345,5000
2026-06-28 13:06:48,107,W+12.5,32561,6,True,False,False,,-1,69.3513,5000
2026-06-28 13:07:54,94,B+2.5,34453,8,True,False,False,,-1,69.3712,5000
2026-06-28 13:09:03,117,W+1.5,37666,13,True,False,False,,-1,69.4092,5000
2026-06-28 13:10:18,133,W+4.5,42382,23,True,False,False,,-1,69.3767,5000
2026-06-28 13:11:09,67,B+2.5,25937,2,True,False,False,,-1,69.1962,5000
2026-06-28 13:12:13,93,W+1.5,34566,12,True,False,False,,-1,69.1254,5000
2026-06-28 13:13:16,96,B+1.5,35257,7,True,False,False,,-1,68.982,5000
2026-06-28 13:14:23,91,B+1.5,33747,2,True,False,False,,-1,68.9315,5000
2026-06-28 13:15:34,100,B+0.5,37684,8,True,False,False,,-1,68.9896,5000
2026-06-28 13:16:37,103,W+4.5,33796,13,True,False,False,,-1,69.0817,5000
2026-06-28 13:17:44,94,B+0.5,34518,8,True,False,False,,-1,69.1745,5000
2026-06-28 13:18:54,106,B+6.5,39203,4,True,False,False,,-1,69.124,5000
2026-06-28 13:19:59,94,B+2.5,34211,4,True,False,False,,-1,68.9603,5000
2026-06-28 13:21:04,102,B+4.5,35293,12,True,False,False,,-1,68.8821,5000
2026-06-28 13:22:22,127,W+0.5,43734,20,True,False,False,,-1,69.0512,5000
2026-06-28 13:23:31,108,B+1.5,39151,13,True,False,False,,-1,69.0858,5000
2026-06-28 13:24:39,100,B+4.5,36896,10,True,False,False,,-1,69.1939,5000
2026-06-28 13:26:02,162,W+1.5,44751,20,True,False,False,,-1,69.3813,5000
2026-06-28 13:26:56,75,B+3.5,28691,4,True,False,False,,-1,69.3252,5000
2026-06-28 13:28:04,91,B+0.5,34447,8,True,False,False,,-1,69.2877,5000
2026-06-28 13:29:10,88,B+3.5,33864,3,True,False,False,,-1,69.0994,5000
2026-06-28 13:30:18,104,B+7.5,36693,11,True,False,False,,-1,69.2303,5000
2026-06-28 13:31:41,137,B+2.5,47020,14,True,False,False,,-1,69.2081,5000
2026-06-28 13:32:46,98,B+0.5,36219,8,True,False,False,,-1,69.171,5000
2026-06-28 13:33:58,117,W+0.5,40117,11,True,False,False,,-1,69.1278,5000
2026-06-28 13:34:59,98,B+0.5,33119,5,True,False,False,,-1,69.0503,5000
2026-06-28 13:36:12,139,W+2.5,41448,19,True,False,False,,-1,68.975,5000
2026-06-28 13:37:17,100,B+7.5,33693,8,True,False,False,,-1,68.9556,5000
2026-06-28 13:38:23,97,W+0.5,34666,13,True,False,False,,-1,68.7904,5000
2026-06-28 13:39:26,92,B+4.5,32838,10,True,False,False,,-1,68.7179,5000
2026-06-28 13:40:35,100,B+0.5,36196,9,True,False,False,,-1,68.8104,5000
2026-06-28 13:41:31,71,B+0.5,27650,6,True,False,False,,-1,68.6768,5000
2026-06-28 13:42:33,98,B+1.5,32884,14,True,False,False,,-1,68.6674,5000
2026-06-28 13:43:36,94,B+3.5,34519,6,True,False,False,,-1,68.7449,5000
2026-06-28 13:44:40,96,B+2.5,32854,9,True,False,False,,-1,68.6871,5000
2026-06-28 13:45:56,119,B+2.5,40778,14,True,False,False,,-1,68.6543,5000
2026-06-28 13:47:06,162,W+4.5,43460,24,True,False,False,,-1,68.6146,5000
2026-06-28 13:48:10,85,B+4.5,31338,3,True,False,False,,-1,68.4873,5000
2026-06-28 13:49:17,121,W+3.5,38586,16,True,False,False,,-1,68.5443,5000
2026-06-28 13:50:38,145,W+1.5,44636,15,True,False,False,,-1,68.7455,5000
2026-06-28 13:52:02,135,B+6.5,46286,15,True,False,False,,-1,68.9468,5000
2026-06-28 13:53:13,112,B+3.5,38319,13,True,False,False,,-1,69.0132,5000
2026-06-28 13:54:14,88,W+8.5,31857,4,True,False,False,,-1,69.017,5000
2026-06-28 13:55:27,129,W+1.5,41947,25,True,False,False,,-1,69.1969,5000
2026-06-28 13:56:41,112,B+0.5,38519,12,True,False,False,,-1,69.2401,5000
2026-06-28 13:57:46,105,W+6.5,35596,11,True,False,False,,-1,69.2249,5000
2026-06-28 13:59:08,147,W+3.5,45864,26,True,False,False,,-1,69.1921,5000
2026-06-28 14:00:16,103,W+7.5,36020,9,True,False,False,,-1,68.9037,5000
2026-06-28 14:01:21,110,B+1.5,36267,14,True,False,False,,-1,68.8845,5000
2026-06-28 14:02:26,94,B+1.5,33192,8,True,False,False,,-1,68.7589,5000
2026-06-28 14:03:28,93,W+0.5,33189,16,True,False,False,,-1,68.6612,5000
2026-06-28 14:04:34,101,W+0.5,35455,12,True,False,False,,-1,68.7542,5000
2026-06-28 14:05:41,108,B+6.5,37082,13,True,False,False,,-1,68.7971,5000
2026-06-28 14:06:42,90,B+1.5,31516,7,True,False,False,,-1,68.7355,5000
2026-06-28 14:07:44,95,W+1.5,32302,12,True,False,False,,-1,68.7285,5000
2026-06-28 14:09:00,117,W+2.5,40565,19,True,False,False,,-1,68.8532,5000
2026-06-28 14:10:19,123,B+1.5,43850,17,True,False,False,,-1,68.949,5000
2026-06-28 14:11:32,128,B+0.5,43227,15,True,False,False,,-1,69.1288,5000
2026-06-28 14:12:34,93,B+3.5,32660,4,True,False,False,,-1,69.1705,5000
2026-06-28 14:13:32,95,B+2.5,30194,9,True,False,False,,-1,69.0281,5000
2026-06-28 14:14:41,117,W+2.5,35976,9,True,False,False,,-1,68.8558,5000
2026-06-28 14:15:50,97,B+3.5,36949,5,True,False,False,,-1,68.8584,5000
2026-06-28 14:17:08,117,B+2.5,41796,17,True,False,False,,-1,69.01,5000
2026-06-28 14:18:00,69,B+6.5,27050,3,True,False,False,,-1,68.8305,5000
2026-06-28 14:19:08,100,B+3.5,35376,7,True,False,False,,-1,68.7743,5000
2026-06-28 14:20:19,99,B+2.5,37220,10,True,False,False,,-1,68.7859,5000
2026-06-28 14:21:29,94,B+1.5,34550,14,True,False,False,,-1,68.7773,5000
2026-06-28 14:22:40,162,W+4.5,42539,24,True,False,False,,-1,68.8316,5000
2026-06-28 14:23:59,161,B+6.5,46584,28,True,False,False,,-1,68.9012,5000
2026-06-28 14:25:05,111,B+3.5,37128,8,True,False,False,,-1,68.911,5000
2026-06-28 14:26:17,108,B+3.5,38199,6,True,False,False,,-1,68.9568,5000
2026-06-28 14:27:25,103,W+2.5,35686,8,True,False,False,,-1,68.9878,5000
2026-06-28 14:28:32,109,W+0.5,36191,13,True,False,False,,-1,69.0724,5000
2026-06-28 14:29:42,102,B+1.5,36600,9,True,False,False,,-1,69.2104,5000
2026-06-28 14:30:46,89,B+8.5,33162,2,True,False,False,,-1,69.1543,5000
2026-06-28 14:32:09,122,B+0.5,43484,16,True,False,False,,-1,69.2449,5000
2026-06-28 14:33:11,100,B+1.5,33741,8,True,False,False,,-1,69.1178,5000
2026-06-28 14:34:12,87,B+2.5,32711,5,True,False,False,,-1,68.9769,5000
2026-06-28 14:35:15,103,W+2.5,34531,10,True,False,False,,-1,68.8523,5000
2026-06-28 14:36:23,107,B+0.5,39322,12,True,False,False,,-1,68.8996,5000
2026-06-28 14:37:41,133,W+1.5,42190,29,True,False,False,,-1,68.965,5000
2026-06-28 14:38:47,109,W+0.5,35908,9,True,False,False,,-1,68.8568,5000
2026-06-28 14:40:14,151,B+3.5,48051,29,True,False,False,,-1,69.0758,5000
2026-06-28 14:41:31,126,B+1.5,42078,20,True,False,False,,-1,69.1259,5000
2026-06-28 14:42:38,92,B+1.5,34150,4,True,False,False,,-1,69.1323,5000
2026-06-28 14:43:52,162,W+9.5,45539,28,True,False,False,,-1,69.0373,5000
2026-06-28 14:44:56,103,W+0.5,34584,16,True,False,False,,-1,68.9944,5000
2026-06-28 14:46:03,96,B+1.5,34318,12,True,False,False,,-1,68.7784,5000
2026-06-28 14:47:33,144,B+4.5,49543,23,True,False,False,,-1,68.9632,5000
