datetime,game_length,game_result,game_simulations,num_passes,is_resign_disabled,is_marked_for_resign,is_could_won,marked_resign_player,resign_threshold,time_per_game,training_steps
2026-06-27 14:51:19,104,W+23.5,32143,4,True,False,False,,-1,87.8649,0
2026-06-27 14:52:56,127,B+23.5,38943,5,True,False,False,,-1,92.4255,0
2026-06-27 14:53:57,103,W+21.5,24148,2,True,False,False,,-1,82.256,0
2026-06-27 14:55:19,114,W+14.5,31962,4,True,False,False,,-1,82.1734,0
2026-06-27 14:56:40,119,B+31.5,30858,4,True,False,False,,-1,81.9289,0
2026-06-27 14:58:01,101,B+2.5,31350,3,True,False,False,,-1,81.7037,0
2026-06-27 14:59:33,123,W+37.5,37240,2,True,False,False,,-1,83.1137,0
2026-06-27 15:00:51,96,W+25.5,30455,4,True,False,False,,-1,82.5444,0
2026-06-27 15:02:26,125,W+39.5,37341,4,True,False,False,,-1,83.8707,0
2026-06-27 15:03:41,94,W+13.5,27925,5,True,False,False,,-1,83.0121,0
2026-06-27 15:05:40,162,W+48.5,46585,5,True,False,False,,-1,86.3042,0
2026-06-27 15:06:51,80,W+13.5,26320,2,True,False,False,,-1,85.01,0
2026-06-27 15:08:11,104,B+2.5,31991,3,True,False,False,,-1,84.6552,0
2026-06-27 15:09:54,162,W+53.5,40956,5,True,False,False,,-1,85.9119,0
2026-06-27 15:11:30,142,W+40.5,39084,8,True,False,False,,-1,86.6164,0
2026-06-27 15:13:00,129,W+44.5,36577,3,True,False,False,,-1,86.8584,0
2026-06-27 15:14:17,102,W+27.5,29796,2,True,False,False,,-1,86.2262,0
2026-06-27 15:15:31,123,B+13.5,28528,5,True,False,False,,-1,85.5653,0
2026-06-27 15:16:48,106,B+7.5,30381,4,True,False,False,,-1,85.1133,0
2026-06-27 15:17:21,40,W+5.5,11786,2,True,False,False,,-1,82.5047,0
2026-06-27 15:18:09,56,W+8.5,17666,3,True,False,False,,-1,80.8881,0
2026-06-27 15:19:29,162,B+27.5,31103,2,True,False,False,,-1,80.8496,0
2026-06-27 15:20:33,84,W+10.5,23847,3,True,False,False,,-1,80.1081,0
2026-06-27 15:21:38,87,B+2.5,24786,4,True,False,False,,-1,79.477,0
2026-06-27 15:23:14,113,B+25.5,36669,3,True,False,False,,-1,80.1135,0
2026-06-27 15:23:59,50,W+9.5,17154,3,True,False,False,,-1,78.7913,0
2026-06-27 15:25:23,124,B+9.5,33863,3,True,False,False,,-1,78.9658,0
2026-06-27 15:27:03,162,W+52.5,40816,4,True,False,False,,-1,79.727,0
2026-06-27 15:28:06,82,W+3.5,23551,3,True,False,False,,-1,79.1367,0
2026-06-27 15:29:03,64,W+10.5,21760,2,True,False,False,,-1,78.4081,0
2026-06-27 15:30:46,147,B+28.5,40443,6,True,False,False,,-1,79.1928,0
2026-06-27 15:31:45,68,W+10.5,21765,2,True,False,False,,-1,78.5751,0
2026-06-27 15:33:08,128,W+46.5,33254,5,True,False,False,,-1,78.7065,0
2026-06-27 15:34:26,100,W+21.5,29772,6,True,False,False,,-1,78.6767,0
2026-06-27 15:36:23,162,B+48.5,47375,4,True,False,False,,-1,79.7622,0
2026-06-27 15:37:52,113,W+26.5,36547,5,True,False,False,,-1,80.032,0
2026-06-27 15:39:21,110,W+27.5,33365,4,True,False,False,,-1,80.2644,0
2026-06-27 15:40:35,104,B+16.5,28840,3,True,False,False,,-1,80.1129,0
2026-06-27 15:41:52,102,W+29.5,30334,2,True,False,False,,-1,80.0192,0
2026-06-27 15:43:36,161,W+33.5,43453,6,True,False,False,,-1,80.6329,0
2026-06-27 15:45:06,122,W+24.5,34292,4,True,False,False,,-1,80.8539,0
2026-06-27 15:46:26,114,W+43.5,31672,3,True,False,False,,-1,80.8402,0
2026-06-27 15:47:15,54,W+7.5,17988,3,True,False,False,,-1,80.0895,0
2026-06-27 15:48:34,112,B+0.5,31042,4,True,False,False,,-1,80.0612,0
2026-06-27 15:50:00,162,W+41.5,33424,4,True,False,False,,-1,80.2061,0
2026-06-27 15:51:51,153,B+28.5,44693,3,True,False,False,,-1,80.8684,0
2026-06-27 15:52:57,100,B+1.5,25301,3,True,False,False,,-1,80.5624,0
2026-06-27 15:54:56,162,B+33.5,49891,4,True,False,False,,-1,81.3603,0
2026-06-27 15:56:07,96,B+2.5,27620,3,True,False,False,,-1,81.1491,0
2026-06-27 15:57:21,90,W+20.5,27991,3,True,False,False,,-1,80.997,0
2026-06-27 15:59:11,154,W+62.5,44295,8,True,False,False,,-1,81.568,0
2026-06-27 16:00:47,136,W+45.5,38280,3,True,False,False,,-1,81.8482,0
2026-06-27 16:01:51,105,W+5.5,24530,3,True,False,False,,-1,81.5106,0
2026-06-27 16:03:23,133,W+25.5,37508,5,True,False,False,,-1,81.6965,0
2026-06-27 16:05:06,142,W+41.5,39181,4,True,False,False,,-1,82.0898,0
2026-06-27 16:06:39,117,B+1.5,36664,4,True,False,False,,-1,82.2822,0
2026-06-27 16:08:26,162,W+49.5,43389,5,True,False,False,,-1,82.7188,0
2026-06-27 16:09:41,90,W+5.5,29003,2,True,False,False,,-1,82.5791,0
2026-06-27 16:11:01,118,W+17.5,31030,3,True,False,False,,-1,82.5487,0
2026-06-27 16:12:25,106,B+2.5,32402,4,True,False,False,,-1,82.5736,0
2026-06-27 16:13:45,106,B+2.5,32151,5,True,False,False,,-1,82.5249,0
2026-06-27 16:15:18,110,W+6.5,34935,2,True,False,False,,-1,82.693,0
2026-06-27 16:16:41,101,B+1.5,32092,6,True,False,False,,-1,82.7027,0
2026-06-27 16:18:04,109,B+4.5,32565,5,True,False,False,,-1,82.6974,0
2026-06-27 16:19:11,93,B+0.5,25421,6,True,False,False,,-1,82.4567,0
2026-06-27 16:20:59,149,B+41.5,43471,5,True,False,False,,-1,82.8557,0
2026-06-27 16:22:50,162,W+46.5,45610,2,True,False,False,,-1,83.2759,0
2026-06-27 16:24:26,154,B+38.5,38843,3,True,False,False,,-1,83.4628,0
2026-06-27 16:26:20,145,B+44.5,45536,3,True,False,False,,-1,83.8951,0
2026-06-27 16:28:13,162,W+66.5,45204,2,True,False,False,,-1,84.3164,0
2026-06-27 16:29:47,138,W+53.5,36227,5,True,False,False,,-1,84.4488,0
2026-06-27 16:31:11,116,W+7.5,32967,3,True,False,False,,-1,84.4459,0
2026-06-27 16:32:32,108,W+28.5,31018,5,True,False,False,,-1,84.3944,0
2026-06-27 16:34:07,162,W+52.5,38235,1,True,False,False,,-1,84.5441,0
2026-06-27 16:36:03,162,W+63.5,47881,4,True,False,False,,-1,84.9605,0
2026-06-27 16:37:18,128,W+55.5,29859,5,True,False,False,,-1,84.8333,0
2026-06-27 16:38:48,112,W+31.5,34076,2,True,False,False,,-1,84.8898,0
2026-06-27 16:39:46,106,B+20.5,22567,2,True,False,False,,-1,84.557,0
2026-06-27 16:41:05,124,W+44.5,29971,6,True,False,False,,-1,84.4796,0
2026-06-27 16:42:24,104,W+24.5,30996,2,True,False,False,,-1,84.4095,0
2026-06-27 16:43:50,107,B+12.5,34366,5,True,False,False,,-1,84.4276,0
2026-06-27 16:45:12,113,B+37.5,31850,7,True,False,False,,-1,84.399,0
2026-06-27 16:46:14,93,B+3.5,23120,3,True,False,False,,-1,84.1286,0
2026-06-27 16:47:29,101,W+0.5,30183,2,True,False,False,,-1,84.0183,0
2026-06-27 16:48:58,126,B+3.5,35587,4,True,False,False,,-1,84.0817,0
2026-06-27 16:50:05,114,B+10.5,27034,4,True,False,False,,-1,83.8866,0
2026-06-27 16:51:27,116,B+6.5,32351,4,True,False,False,,-1,83.8604,0
2026-06-27 16:53:02,134,W+51.5,36815,4,True,False,False,,-1,83.9859,0
2026-06-27 16:54:07,99,W+9.5,25587,5,True,False,False,,-1,83.7763,0
2026-06-27 16:55:56,153,B+38.5,43872,5,True,False,False,,-1,84.0504,0
2026-06-27 16:57:29,145,W+42.5,39323,5,True,False,False,,-1,84.1512,0
2026-06-27 16:59:09,162,B+48.5,41090,10,True,False,False,,-1,84.3244,0
2026-06-27 17:00:12,70,W+5.5,23290,3,True,False,False,,-1,84.0951,0
2026-06-27 17:01:42,126,W+42.5,35443,2,True,False,False,,-1,84.158,0
2026-06-27 17:03:33,162,B+30.5,44508,5,True,False,False,,-1,84.4438,0
2026-06-27 17:05:31,162,W+54.5,49782,3,True,False,False,,-1,84.7865,0
2026-06-27 17:06:48,92,W+1.5,30187,3,True,False,False,,-1,84.7095,0
2026-06-27 17:07:34,54,W+8.5,16810,2,True,False,False,,-1,84.3167,0
2026-06-27 17:08:27,62,W+11.5,19321,4,True,False,False,,-1,84.0004,0
2026-06-27 17:09:39,104,B+8.5,26674,2,True,False,False,,-1,83.8813,0
2026-06-27 17:10:26,54,W+4.5,17402,2,True,False,False,,-1,83.4748,0
2026-06-27 17:10:56,34,W+7.5,11228,2,True,False,False,,-1,82.8013,0
2026-06-27 17:12:50,162,W+51.5,46085,5,True,False,False,,-1,83.3171,0
2026-06-27 17:13:55,119,W+39.5,26485,8,True,False,False,,-1,83.1565,0
2026-06-27 17:15:35,146,W+52.5,40930,4,True,False,False,,-1,83.3437,0
2026-06-27 17:16:50,115,W+27.5,28973,3,True,False,False,,-1,83.2853,0
2026-06-27 17:18:15,110,W+32.5,31527,2,True,False,False,,-1,83.2165,0
2026-06-27 17:19:47,151,B+24.5,36454,4,True,False,False,,-1,83.3514,0
2026-06-27 17:20:42,64,W+4.5,20685,3,True,False,False,,-1,82.9581,0
2026-06-27 17:22:08,131,B+15.5,32794,4,True,False,False,,-1,83.0676,0
2026-06-27 17:23:22,100,W+6.5,28668,6,True,False,False,,-1,82.6194,0
2026-06-27 17:24:58,140,W+11.5,36657,4,True,False,False,,-1,82.8629,0
2026-06-27 17:26:44,142,W+34.5,42600,3,True,False,False,,-1,83.1229,0
2026-06-27 17:28:02,114,W+16.5,31056,3,True,False,False,,-1,82.8773,0
2026-06-27 17:29:44,144,W+46.5,39513,3,True,False,False,,-1,82.9371,0
2026-06-27 17:30:37,62,W+8.5,19613,3,True,False,False,,-1,82.5607,0
2026-06-27 17:31:46,88,W+24.5,25924,3,True,False,False,,-1,82.4911,0
2026-06-27 17:32:50,95,B+6.5,24642,9,True,False,False,,-1,82.3835,0
2026-06-27 17:34:35,162,W+55.5,43585,11,True,False,False,,-1,82.6704,0
2026-06-27 17:35:06,36,W+8.5,11335,2,True,False,False,,-1,82.6471,0
2026-06-27 17:36:22,101,W+11.5,28922,4,True,False,False,,-1,82.9216,0
2026-06-27 17:38:20,162,W+45.5,48951,3,True,False,False,,-1,83.3054,0
2026-06-27 17:39:31,87,B+3.5,26055,2,True,False,False,,-1,83.374,0
2026-06-27 17:40:57,118,W+20.5,34231,3,True,False,False,,-1,83.5852,0
2026-06-27 17:41:47,58,W+3.5,18196,2,True,False,False,,-1,83.1247,0
2026-06-27 17:42:37,58,W+9.5,18831,3,True,False,False,,-1,83.1699,0
2026-06-27 17:44:27,153,W+43.5,45589,7,True,False,False,,-1,83.4402,0
2026-06-27 17:45:53,105,B+1.5,34538,5,True,False,False,,-1,83.2933,0
2026-06-27 17:47:20,112,B+1.5,33645,4,True,False,False,,-1,83.5431,0
2026-06-27 17:47:46,28,W+9.5,9294,2,True,False,False,,-1,83.2278,0
2026-06-27 17:49:32,162,B+37.5,41397,3,True,False,False,,-1,83.2558,0
2026-06-27 17:50:54,115,B+15.5,33804,8,True,False,False,,-1,83.4845,0
2026-06-27 17:51:59,97,W+3.5,25025,2,True,False,False,,-1,83.3011,0
2026-06-27 17:53:36,142,W+56.5,38465,4,True,False,False,,-1,83.4935,0
2026-06-27 17:54:56,107,W+22.5,31454,2,True,False,False,,-1,83.1273,0
2026-06-27 17:56:33,148,B+34.5,38879,4,True,False,False,,-1,83.2035,0
2026-06-27 17:58:12,138,B+24.5,39149,6,True,False,False,,-1,83.3141,0
2026-06-27 17:59:24,85,B+4.5,26443,5,True,False,False,,-1,83.284,0
2026-06-27 18:00:17,58,W+2.5,19597,4,True,False,False,,-1,83.045,0
2026-06-27 18:01:49,118,W+41.5,36803,4,True,False,False,,-1,82.9269,0
2026-06-27 18:03:18,112,W+29.5,34149,5,True,False,False,,-1,82.9196,0
2026-06-27 18:04:40,116,W+28.5,32142,4,True,False,False,,-1,82.9304,0
2026-06-27 18:06:09,104,W+8.5,34496,3,True,False,False,,-1,83.3363,0
2026-06-27 18:06:59,56,W+7.5,18581,2,True,False,False,,-1,83.0459,0
2026-06-27 18:08:20,130,W+46.5,33496,6,True,False,False,,-1,82.9963,0
2026-06-27 18:09:36,101,W+30.5,29250,2,True,False,False,,-1,82.6439,0
2026-06-27 18:11:03,137,B+7.5,32697,6,True,False,False,,-1,82.8553,0
2026-06-27 18:12:33,120,W+45.5,34990,5,True,False,False,,-1,82.5664,0
2026-06-27 18:13:58,114,W+25.5,34377,4,True,False,False,,-1,82.7018,0
2026-06-27 18:15:08,110,B+8.5,27400,4,True,False,False,,-1,82.67,0
2026-06-27 18:16:39,116,W+15.5,36378,6,True,False,False,,-1,82.481,0
2026-06-27 18:18:09,122,W+43.5,35786,2,True,False,False,,-1,82.4132,0
2026-06-27 18:19:45,122,W+19.5,38802,3,True,False,False,,-1,82.7364,0
2026-06-27 18:21:00,99,B+2.5,29923,3,True,False,False,,-1,82.5695,0
2026-06-27 18:22:18,103,W+5.5,29957,3,True,False,False,,-1,82.3145,0
2026-06-27 18:22:49,34,W+8.5,11704,2,True,False,False,,-1,81.7036,0
2026-06-27 18:23:49,70,W+13.5,21884,4,True,False,False,,-1,81.2286,0
2026-06-27 18:25:03,94,W+18.5,28570,2,True,False,False,,-1,81.2212,0
2026-06-27 18:26:20,115,B+13.5,29560,6,True,False,False,,-1,81.186,0
2026-06-27 18:27:34,94,W+18.5,28017,2,True,False,False,,-1,81.0814,0
2026-06-27 18:28:57,108,W+25.5,32236,4,True,False,False,,-1,81.1197,0
2026-06-27 18:30:06,113,B+34.5,25677,10,True,False,False,,-1,80.8762,0
2026-06-27 18:31:20,99,B+4.5,28155,5,True,False,False,,-1,80.7867,0
2026-06-27 18:32:29,80,W+12.5,25115,2,True,False,False,,-1,80.6451,0
2026-06-27 18:33:43,95,B+1.5,29151,3,True,False,False,,-1,80.7171,0
2026-06-27 18:35:14,124,W+37.5,36774,2,True,False,False,,-1,80.5425,0
2026-06-27 18:36:20,95,W+5.5,25817,2,True,False,False,,-1,80.0953,0
2026-06-27 18:37:26,91,W+8.5,26111,2,True,False,False,,-1,79.7963,0
2026-06-27 18:38:51,113,B+0.5,36705,6,True,False,False,,-1,79.5114,0
2026-06-27 18:40:17,120,W+38.5,35143,3,True,False,False,,-1,79.2337,0
2026-06-27 18:41:43,104,W+20.5,33872,3,True,False,False,,-1,79.1557,0
2026-06-27 18:42:42,72,W+8.5,22033,2,True,False,False,,-1,78.9015,0
2026-06-27 18:43:19,46,W+9.5,13526,3,True,False,False,,-1,78.4694,0
2026-06-27 18:44:22,97,W+12.5,25668,6,True,False,False,,-1,78.1459,0
2026-06-27 18:45:49,116,W+9.5,33900,2,True,False,False,,-1,77.8542,0
2026-06-27 18:47:02,96,W+10.5,27467,2,True,False,False,,-1,77.8291,0
2026-06-27 18:48:25,112,B+14.5,32544,5,True,False,False,,-1,77.7714,0
2026-06-27 18:49:34,95,B+3.5,25821,2,True,False,False,,-1,77.8751,0
2026-06-27 18:51:00,133,B+32.5,33770,4,True,False,False,,-1,77.9451,0
2026-06-27 18:51:39,44,W+4.5,14617,3,True,False,False,,-1,77.5477,0
2026-06-27 18:53:06,127,B+10.5,34583,3,True,False,False,,-1,77.5629,0
2026-06-27 18:54:14,82,W+7.5,25599,2,True,False,False,,-1,77.4144,0
2026-06-27 18:55:34,104,W+16.5,31739,3,True,False,False,,-1,77.5973,0
2026-06-27 18:57:05,126,B+17.5,34662,2,True,False,False,,-1,77.7568,0
2026-06-27 18:58:24,97,B+4.5,30938,6,True,False,False,,-1,77.6567,0
2026-06-27 18:59:37,92,W+1.5,27204,2,True,False,False,,-1,77.7103,0
2026-06-27 19:01:07,154,W+55.5,35066,3,True,False,False,,-1,77.7971,0
2026-06-27 19:02:25,110,W+20.5,30644,5,True,False,False,,-1,77.63,0
2026-06-27 19:03:45,106,W+21.5,31107,2,True,False,False,,-1,77.7743,0
2026-06-27 19:04:59,91,B+4.5,28528,2,True,False,False,,-1,77.4326,0
2026-06-27 19:06:37,143,B+23.5,37747,6,True,False,False,,-1,77.4752,0
2026-06-27 19:08:13,141,W+46.5,41765,5,True,False,False,,-1,77.4376,0
2026-06-27 19:09:36,99,B+6.5,31831,3,True,False,False,,-1,77.6319,0
2026-06-27 19:11:21,162,W+40.5,43099,5,True,False,False,,-1,77.7828,0
2026-06-27 19:12:07,56,W+4.5,17024,2,True,False,False,,-1,77.1369,0
2026-06-27 19:13:43,132,W+24.5,38274,5,True,False,False,,-1,76.9198,0
2026-06-27 19:15:12,117,B+3.5,35052,3,True,False,False,,-1,77.0321,0
2026-06-27 19:16:36,98,W+7.5,32154,2,True,False,False,,-1,77.4105,0
2026-06-27 19:17:40,72,W+4.5,23667,2,True,False,False,,-1,77.5202,0
2026-06-27 19:18:45,90,W+3.5,25875,3,True,False,False,,-1,77.4577,0
2026-06-27 19:19:58,105,B+5.5,28045,4,True,False,False,,-1,77.712,0
2026-06-27 19:20:32,38,W+8.5,12540,3,True,False,False,,-1,77.7544,0
2026-06-27 19:21:51,109,B+5.5,30290,4,True,False,False,,-1,77.4053,0
2026-06-27 19:23:20,113,W+8.5,35058,5,True,False,False,,-1,77.6453,0
2026-06-27 19:24:35,93,B+6.5,28659,5,True,False,False,,-1,77.3941,0
2026-06-27 19:25:42,77,B+0.5,24670,3,True,False,False,,-1,77.3159,0
2026-06-27 19:27:11,123,W+39.5,35850,2,True,False,False,,-1,77.3586,0
2026-06-27 19:28:49,131,B+1.5,39615,3,True,False,False,,-1,77.4149,0
2026-06-27 19:29:47,95,B+2.5,22098,2,True,False,False,,-1,77.4491,0
2026-06-27 19:31:16,119,W+41.5,35340,2,True,False,False,,-1,77.4793,0
2026-06-27 19:32:55,139,W+39.5,40067,3,True,False,False,,-1,77.7252,0
2026-06-27 19:34:29,162,B+49.5,39053,3,True,False,False,,-1,77.7137,0
2026-06-27 19:36:11,141,B+19.5,40142,2,True,False,False,,-1,77.6628,0
2026-06-27 19:37:20,86,W+10.5,26450,2,True,False,False,,-1,77.5742,0
2026-06-27 19:38:34,102,B+7.5,27492,3,True,False,False,,-1,77.2938,0
2026-06-27 19:40:23,149,B+33.5,42395,4,True,False,False,,-1,77.8578,0
2026-06-27 19:41:57,126,W+40.5,37267,4,True,False,False,,-1,78.1076,0
2026-06-27 19:43:10,84,W+15.5,27710,3,True,False,False,,-1,78.1947,0
2026-06-27 19:44:38,133,W+16.5,36088,7,True,False,False,,-1,78.0244,0
2026-06-27 19:46:00,110,W+3.5,30642,4,True,False,False,,-1,78.5398,0
2026-06-27 19:47:18,102,W+20.5,30265,2,True,False,False,,-1,78.5584,0
2026-06-27 19:49:01,162,B+55.5,42408,6,True,False,False,,-1,78.4024,0
2026-06-27 19:50:42,162,B+27.5,40357,1,True,False,False,,-1,78.7062,0
2026-06-27 19:52:05,101,B+3.5,31435,3,True,False,False,,-1,78.6713,0
2026-06-27 19:53:28,107,W+10.5,33616,3,True,False,False,,-1,79.0097,0
2026-06-27 19:54:32,94,W+9.5,23594,5,True,False,False,,-1,79.1446,0
2026-06-27 19:55:44,99,W+13.5,27278,2,True,False,False,,-1,78.7651,0
2026-06-27 19:57:22,131,W+38.5,37741,5,True,False,False,,-1,78.882,0
2026-06-27 19:59:20,162,B+30.5,48693,3,True,False,False,,-1,79.1874,0
2026-06-27 20:00:27,88,W+1.5,25691,2,True,False,False,,-1,79.6042,0
2026-06-27 20:02:03,139,B+38.5,38174,6,True,False,False,,-1,79.5093,0
2026-06-27 20:03:23,117,B+9.5,32306,7,True,False,False,,-1,79.4863,0
2026-06-27 20:04:43,101,W+14.5,31002,5,True,False,False,,-1,79.6392,0
2026-06-27 20:06:17,155,B+37.5,36560,3,True,False,False,,-1,79.6114,0
2026-06-27 20:07:33,107,B+6.5,29598,4,True,False,False,,-1,79.5705,0
2026-06-27 20:09:08,139,B+22.5,37641,2,True,False,False,,-1,79.55,0
2026-06-27 20:10:30,110,W+35.5,32078,3,True,False,False,,-1,79.3702,0
2026-06-27 20:12:20,162,W+44.5,46569,7,True,False,False,,-1,79.7599,0
2026-06-27 20:13:40,104,W+23.5,32327,3,True,False,False,,-1,80.0308,0
2026-06-27 20:15:02,102,W+30.5,31452,8,True,False,False,,-1,79.9262,0
2026-06-27 20:16:35,141,B+38.5,37360,6,True,False,False,,-1,79.9606,0
2026-06-27 20:18:03,115,W+34.5,33696,6,True,False,False,,-1,80.0291,0
2026-06-27 20:19:23,98,W+8.5,31261,3,True,False,False,,-1,79.9383,0
2026-06-27 20:21:09,142,B+35.5,43138,6,True,False,False,,-1,80.5002,0
2026-06-27 20:22:39,135,W+22.5,36588,2,True,False,False,,-1,80.5876,0
2026-06-27 20:24:10,110,W+30.5,35588,3,True,False,False,,-1,80.7382,0
2026-06-27 20:25:25,100,W+17.5,29048,2,True,False,False,,-1,80.6083,0
2026-06-27 20:26:43,97,W+14.5,30369,4,True,False,False,,-1,80.4968,0
2026-06-27 20:28:32,162,W+26.5,45592,2,True,False,False,,-1,80.7332,0
2026-06-27 20:29:53,110,B+0.5,32721,4,True,False,False,,-1,80.8392,0
2026-06-27 20:31:21,125,B+36.5,33811,5,True,False,False,,-1,80.8127,0
2026-06-27 20:32:34,84,W+25.5,27671,3,True,False,False,,-1,80.6488,0
2026-06-27 20:33:54,120,W+29.5,32107,4,True,False,False,,-1,80.4818,0
2026-06-27 20:34:55,90,W+11.5,23518,4,True,False,False,,-1,80.3498,0
2026-06-27 20:36:11,92,W+16.5,29949,3,True,False,False,,-1,80.3327,0
2026-06-27 20:38:09,162,B+3.5,48542,4,True,False,False,,-1,81.1918,0
2026-06-27 20:39:14,75,B+1.5,24349,2,True,False,False,,-1,81.2477,0
2026-06-27 20:40:51,133,W+58.5,38614,3,True,False,False,,-1,81.4757,0
2026-06-27 20:42:42,143,B+28.5,43565,5,True,False,False,,-1,81.8105,0
2026-06-27 20:43:21,44,W+6.5,14423,2,True,False,False,,-1,81.4681,0
2026-06-27 20:44:35,95,B+2.5,30009,3,True,False,False,,-1,81.3694,0
2026-06-27 20:45:55,117,B+5.5,31623,8,True,False,False,,-1,81.4837,0
2026-06-27 20:47:08,97,B+10.5,29707,6,True,False,False,,-1,81.4717,0
2026-06-27 20:49:02,162,W+31.5,44287,7,True,False,False,,-1,81.9289,0
2026-06-27 20:50:18,105,B+4.5,29165,8,True,False,False,,-1,81.9439,0
2026-06-27 20:51:26,80,W+8.5,26007,2,True,False,False,,-1,81.7178,0
2026-06-27 20:53:24,162,B+51.5,47535,1,True,False,False,,-1,82.2271,0
2026-06-27 20:55:01,145,W+55.5,37764,4,True,False,False,,-1,82.5399,0
2026-06-27 20:56:03,70,W+4.5,23284,4,True,False,False,,-1,82.3081,0
2026-06-27 20:57:36,131,W+29.5,37646,5,True,False,False,,-1,82.3826,0
2026-06-27 20:59:15,152,W+61.5,39794,8,True,False,False,,-1,82.5198,0
2026-06-27 21:00:35,100,B+1.5,31190,5,True,False,False,,-1,82.7276,0
2026-06-27 21:02:05,162,B+19.5,37112,5,True,False,False,,-1,83.2558,0
2026-06-27 21:03:47,140,W+47.5,40211,3,True,False,False,,-1,83.6412,0
2026-06-27 21:05:09,123,B+2.5,32361,4,True,False,False,,-1,83.5919,0
2026-06-27 21:06:15,89,B+2.5,24748,7,True,False,False,,-1,83.527,0
2026-06-27 21:07:53,128,W+29.5,38191,7,True,False,False,,-1,83.6786,0
2026-06-27 21:09:28,120,W+16.5,37915,2,True,False,False,,-1,83.9315,0
2026-06-27 21:11:12,146,B+42.5,40411,5,True,False,False,,-1,84.1146,0
2026-06-27 21:11:44,36,W+4.5,11692,2,True,False,False,,-1,84.0434,0
2026-06-27 21:13:01,94,W+16.5,29642,2,True,False,False,,-1,83.9438,0
2026-06-27 21:14:30,120,B+17.5,35016,4,True,False,False,,-1,84.1589,0
2026-06-27 21:15:48,112,B+9.5,29898,3,True,False,False,,-1,84.1411,0
2026-06-27 21:17:17,135,W+29.5,35866,3,True,False,False,,-1,84.1178,0
2026-06-27 21:18:44,108,W+27.5,32973,3,True,False,False,,-1,84.1956,0
2026-06-27 21:19:59,91,B+4.5,28921,2,True,False,False,,-1,84.2207,0
2026-06-27 21:21:31,119,W+26.5,36847,3,True,False,False,,-1,84.2327,0
2026-06-27 21:23:12,147,W+57.5,40890,5,True,False,False,,-1,84.4609,0
2026-06-27 21:24:17,90,W+5.5,24562,3,True,False,False,,-1,84.3147,0
2026-06-27 21:25:26,95,W+19.5,27749,4,True,False,False,,-1,84.2584,0
2026-06-27 21:26:43,113,B+19.5,30308,2,True,False,False,,-1,84.0624,0
2026-06-27 21:27:21,40,W+8.5,13523,2,True,False,False,,-1,83.4721,0
2026-06-27 21:29:20,162,B+34.5,48170,1,True,False,False,,-1,83.8425,0
2026-06-27 21:31:09,162,W+30.5,44413,2,True,False,False,,-1,83.8808,0
2026-06-27 21:32:30,109,B+2.5,31506,4,True,False,False,,-1,84.2225,0
2026-06-27 21:34:10,149,B+32.5,39262,5,True,False,False,,-1,84.2644,0
2026-06-27 21:35:36,110,B+10.5,34245,3,True,False,False,,-1,84.2381,0
2026-06-27 21:37:28,162,W+30.5,45873,3,True,False,False,,-1,84.5202,0
2026-06-27 21:39:16,151,W+37.5,42048,5,True,False,False,,-1,84.9549,0
2026-06-27 21:41:09,140,W+51.5,43593,3,True,False,False,,-1,85.4294,0
2026-06-27 21:42:19,96,W+31.5,26694,3,True,False,False,,-1,85.4007,0
2026-06-27 21:43:57,140,W+16.5,37871,4,True,False,False,,-1,86.0422,0
2026-06-27 21:45:20,140,W+50.5,32480,4,True,False,False,,-1,86.0885,0
2026-06-27 21:46:27,94,W+25.5,25514,4,True,False,False,,-1,85.8662,0
2026-06-27 21:47:29,80,W+10.5,22790,2,True,False,False,,-1,85.7392,0
2026-06-27 21:48:39,116,W+25.5,26237,2,True,False,False,,-1,85.7687,0
2026-06-27 21:49:52,111,W+6.5,30383,5,True,False,False,,-1,85.6104,0
2026-06-27 21:51:01,95,B+4.5,26444,3,True,False,False,,-1,85.3193,0
2026-06-27 21:52:24,112,W+41.5,32498,5,True,False,False,,-1,85.5653,0
2026-06-27 21:53:41,130,B+20.5,31849,6,True,False,False,,-1,85.4435,0
2026-06-27 21:54:10,32,W+8.5,10520,2,True,False,False,,-1,84.7371,0
2026-06-27 21:55:25,110,B+0.5,29208,4,True,False,False,,-1,84.5571,0
2026-06-27 21:56:47,109,B+24.5,30255,4,True,False,False,,-1,84.3567,0
2026-06-27 21:57:57,92,W+14.5,26149,3,True,False,False,,-1,84.3717,0
2026-06-27 21:59:04,85,B+1.5,25060,3,True,False,False,,-1,84.2963,0
2026-06-27 22:00:57,162,B+1.5,46286,2,True,False,False,,-1,84.3319,0
2026-06-27 22:02:09,81,B+4.5,27137,2,True,False,False,,-1,84.1124,0
2026-06-27 22:03:19,94,W+12.5,27148,2,True,False,False,,-1,84.0897,0
2026-06-27 22:04:50,119,B+26.5,36047,6,True,False,False,,-1,84.1143,0
2026-06-27 22:07:28,115,W+2.5,11707,13,True,False,False,,-1,83.2895,1000
2026-06-27 22:08:00,125,W+2.5,11916,20,True,False,False,,-1,82.5852,1000
2026-06-27 22:08:34,116,B+1.5,12889,18,True,False,False,,-1,81.9106,1000
2026-06-27 22:09:11,144,B+0.5,13841,27,True,False,False,,-1,81.4598,1000
2026-06-27 22:09:42,107,W+0.5,10460,18,True,False,False,,-1,80.935,1000
2026-06-27 22:10:22,152,B+2.5,14535,29,True,False,False,,-1,80.6912,1000
2026-06-27 22:10:48,102,B+2.5,9296,13,True,False,False,,-1,80.233,1000
2026-06-27 22:11:21,124,B+2.5,11444,14,True,False,False,,-1,79.5828,1000
2026-06-27 22:11:50,99,W+7.5,10959,13,True,False,False,,-1,78.6916,1000
2026-06-27 22:12:06,46,W+2.5,5391,7,True,False,False,,-1,78.1799,1000
2026-06-27 22:12:37,115,W+0.5,12018,15,True,False,False,,-1,77.5274,1000
2026-06-27 22:13:07,112,B+0.5,11868,21,True,False,False,,-1,77.0305,1000
2026-06-27 22:13:41,133,W+1.5,13250,19,True,False,False,,-1,76.5699,1000
2026-06-27 22:14:10,115,W+0.5,10800,15,True,False,False,,-1,75.9187,1000
2026-06-27 22:14:42,128,B+1.5,12020,24,True,False,False,,-1,75.4779,1000
2026-06-27 22:14:58,45,B+1.5,5308,2,True,False,False,,-1,74.692,1000
2026-06-27 22:15:31,132,B+1.5,12237,19,True,False,False,,-1,74.2069,1000
2026-06-27 22:16:06,138,B+7.5,13841,16,True,False,False,,-1,73.4516,1000
2026-06-27 22:16:37,110,B+1.5,11164,15,True,False,False,,-1,72.9667,1000
2026-06-27 22:17:13,145,W+0.5,14859,21,True,False,False,,-1,72.5012,1000
2026-06-27 22:17:45,119,W+1.5,12820,14,True,False,False,,-1,71.8976,1000
2026-06-27 22:18:23,162,B+27.5,15974,25,True,False,False,,-1,71.3944,1000
2026-06-27 22:18:43,68,W+3.5,6320,3,True,False,False,,-1,70.7936,1000
2026-06-27 22:19:13,108,B+0.5,10896,13,True,False,False,,-1,70.031,1000
2026-06-27 22:19:53,162,B+28.5,17244,24,True,False,False,,-1,69.5277,1000
2026-06-27 22:20:27,134,B+2.5,13595,26,True,False,False,,-1,68.9687,1000
2026-06-27 22:20:41,36,W+5.5,4729,2,True,False,False,,-1,68.362,1000
2026-06-27 22:21:13,120,B+1.5,11669,10,True,False,False,,-1,67.8892,1000
2026-06-27 22:21:33,59,B+3.5,6355,6,True,False,False,,-1,67.0035,1000
2026-06-27 22:22:08,133,W+0.5,14065,20,True,False,False,,-1,66.5507,1000
2026-06-27 22:22:38,109,W+3.5,10547,15,True,False,False,,-1,65.9572,1000
2026-06-27 22:22:58,61,B+3.5,6966,7,True,False,False,,-1,65.4368,1000
2026-06-27 22:23:31,129,W+0.5,12011,25,True,False,False,,-1,64.9669,1000
2026-06-27 22:24:03,112,B+4.5,11770,13,True,False,False,,-1,64.6654,1000
2026-06-27 22:24:31,105,W+0.5,10547,19,True,False,False,,-1,64.1908,1000
2026-06-27 22:25:11,162,B+13.5,17444,34,True,False,False,,-1,63.4118,1000
2026-06-27 22:25:37,103,W+2.5,9342,10,True,False,False,,-1,63.0216,1000
2026-06-27 22:25:58,67,B+0.5,7067,6,True,False,False,,-1,62.267,1000
2026-06-27 22:26:35,144,B+1.5,14599,35,True,False,False,,-1,61.5269,1000
2026-06-27 22:27:05,122,B+2.5,12129,20,True,False,False,,-1,61.4356,1000
2026-06-27 22:27:37,130,B+8.5,12470,27,True,False,False,,-1,61.0133,1000
2026-06-27 22:28:09,138,B+15.5,12360,21,True,False,False,,-1,60.5328,1000
2026-06-27 22:28:44,147,B+2.5,13903,22,True,False,False,,-1,60.1511,1000
2026-06-27 22:29:07,81,B+2.5,7857,7,True,False,False,,-1,59.2476,1000
2026-06-27 22:29:31,81,B+2.5,7802,8,True,False,False,,-1,58.7231,1000
2026-06-27 22:30:04,129,W+1.5,12585,21,True,False,False,,-1,58.3747,1000
2026-06-27 22:30:21,54,W+5.5,5460,3,True,False,False,,-1,57.3722,1000
2026-06-27 22:30:50,102,W+2.5,10895,15,True,False,False,,-1,56.6875,1000
2026-06-27 22:31:21,115,W+1.5,11250,18,True,False,False,,-1,56.3774,1000
2026-06-27 22:31:47,88,B+7.5,9471,8,True,False,False,,-1,55.7108,1000
2026-06-27 22:32:24,146,W+3.5,14828,29,True,False,False,,-1,55.0853,1000
2026-06-27 22:33:00,145,W+4.5,14425,28,True,False,False,,-1,54.6483,1000
2026-06-27 22:33:31,106,B+1.5,11234,9,True,False,False,,-1,54.0484,1000
2026-06-27 22:34:02,128,B+3.5,11619,21,True,False,False,,-1,53.3424,1000
2026-06-27 22:34:34,128,B+0.5,12171,22,True,False,False,,-1,52.8525,1000
2026-06-27 22:35:05,109,W+0.5,11559,19,True,False,False,,-1,52.4913,1000
2026-06-27 22:35:23,55,B+2.5,6268,6,True,False,False,,-1,51.6902,1000
2026-06-27 22:35:51,109,W+4.5,10516,18,True,False,False,,-1,51.0275,1000
2026-06-27 22:36:08,44,W+5.5,5326,5,True,False,False,,-1,50.1545,1000
2026-06-27 22:36:40,129,B+5.5,12425,20,True,False,False,,-1,50.1509,1000
2026-06-27 22:37:08,101,W+2.5,10771,15,True,False,False,,-1,49.6587,1000
2026-06-27 22:37:43,136,W+0.5,13956,17,True,False,False,,-1,49.1242,1000
2026-06-27 22:38:04,58,W+9.5,7099,4,True,False,False,,-1,48.5515,1000
2026-06-27 22:38:23,56,W+0.5,5867,3,True,False,False,,-1,47.8512,1000
2026-06-27 22:38:51,116,B+0.5,10520,18,True,False,False,,-1,47.2644,1000
2026-06-27 22:39:18,97,B+15.5,9673,10,True,False,False,,-1,46.7851,1000
2026-06-27 22:39:50,117,W+0.5,12078,17,True,False,False,,-1,46.1903,1000
2026-06-27 22:40:26,143,W+0.5,13058,24,True,False,False,,-1,45.5316,1000
2026-06-27 22:40:57,119,W+2.5,12009,19,True,False,False,,-1,45.1965,1000
2026-06-27 22:41:26,110,B+2.5,10298,20,True,False,False,,-1,44.7986,1000
2026-06-27 22:41:54,104,B+0.5,10367,18,True,False,False,,-1,44.3036,1000
2026-06-27 22:42:23,114,B+1.5,11335,12,True,False,False,,-1,44.2124,1000
2026-06-27 22:42:57,127,W+4.5,13092,28,True,False,False,,-1,43.3581,1000
2026-06-27 22:43:30,131,B+3.5,13191,19,True,False,False,,-1,42.5982,1000
2026-06-27 22:44:07,156,B+1.5,15857,26,True,False,False,,-1,42.16,1000
2026-06-27 22:44:36,110,B+1.5,10900,16,True,False,False,,-1,41.4564,1000
2026-06-27 22:45:04,98,B+3.5,9969,14,True,False,False,,-1,40.8729,1000
2026-06-27 22:45:13,22,W+7.5,3204,2,True,False,False,,-1,39.8443,1000
2026-06-27 22:45:26,36,W+4.5,4470,5,True,False,False,,-1,38.9017,1000
2026-06-27 22:46:01,143,W+1.5,12848,27,True,False,False,,-1,38.1171,1000
2026-06-27 22:46:32,117,W+1.5,12112,14,True,False,False,,-1,37.7279,1000
2026-06-27 22:47:01,106,B+1.5,10750,13,True,False,False,,-1,37.0366,1000
2026-06-27 22:47:44,162,W+24.5,16464,28,True,False,False,,-1,36.631,1000
2026-06-27 22:48:12,109,W+2.5,10545,12,True,False,False,,-1,36.2367,1000
2026-06-27 22:48:42,117,W+4.5,13006,28,True,False,False,,-1,35.9199,1000
2026-06-27 22:49:12,114,B+0.5,11005,14,True,False,False,,-1,35.5206,1000
2026-06-27 22:49:40,107,W+5.5,10491,17,True,False,False,,-1,35.0691,1000
2026-06-27 22:49:56,43,B+0.5,5395,6,True,False,False,,-1,34.541,1000
2026-06-27 22:50:27,117,W+2.5,11580,20,True,False,False,,-1,34.0185,1000
2026-06-27 22:51:00,129,W+1.5,13210,26,True,False,False,,-1,33.5772,1000
2026-06-27 22:51:31,123,B+1.5,11398,18,True,False,False,,-1,33.6076,1000
2026-06-27 22:51:58,104,B+1.5,10349,16,True,False,False,,-1,33.1234,1000
2026-06-27 22:52:16,54,W+9.5,5816,3,True,False,False,,-1,32.4909,1000
2026-06-27 22:52:52,160,B+14.5,15842,35,True,False,False,,-1,32.1452,1000
2026-06-27 22:53:23,112,B+1.5,11844,19,True,False,False,,-1,31.7806,1000
2026-06-27 22:54:03,157,W+4.5,16498,27,True,False,False,,-1,31.0576,1000
2026-06-27 22:54:32,111,W+0.5,10974,11,True,False,False,,-1,30.6268,1000
2026-06-27 22:55:03,119,W+1.5,11430,18,True,False,False,,-1,30.2364,1000
2026-06-27 22:55:28,96,B+2.5,9430,8,True,False,False,,-1,29.5733,1000
2026-06-27 22:55:59,122,B+5.5,13036,14,True,False,False,,-1,29.4206,1000
2026-06-27 22:56:28,105,W+4.5,10475,19,True,False,False,,-1,29.398,1000
2026-06-27 22:56:57,106,B+13.5,10681,18,True,False,False,,-1,29.364,1000
2026-06-27 22:57:28,122,B+0.5,11865,18,True,False,False,,-1,29.3411,1000
2026-06-27 22:57:38,24,W+7.5,3144,2,True,False,False,,-1,29.0634,1000
2026-06-27 22:57:57,54,W+5.5,6270,6,True,False,False,,-1,28.9428,1000
2026-06-27 22:58:18,63,B+4.5,6771,3,True,False,False,,-1,28.759,1000
2026-06-27 22:58:52,129,W+2.5,12892,19,True,False,False,,-1,28.8335,1000
2026-06-27 22:59:08,44,W+12.5,5250,3,True,False,False,,-1,28.6694,1000
2026-06-27 22:59:33,102,B+2.5,9626,14,True,False,False,,-1,28.6357,1000
2026-06-27 23:00:06,120,B+1.5,12699,16,True,False,False,,-1,28.7947,1000
2026-06-27 23:00:35,110,B+1.5,11162,18,True,False,False,,-1,28.782,1000
2026-06-27 23:01:16,162,B+7.5,16773,34,True,False,False,,-1,28.8906,1000
2026-06-27 23:01:45,109,W+0.5,10633,12,True,False,False,,-1,28.8431,1000
2026-06-27 23:02:17,125,W+11.5,13030,23,True,False,False,,-1,28.8722,1000
2026-06-27 23:02:37,61,B+0.5,6458,5,True,False,False,,-1,28.7497,1000
2026-06-27 23:02:59,71,B+2.5,7268,5,True,False,False,,-1,28.8042,1000
2026-06-27 23:03:30,116,B+4.5,11573,10,True,False,False,,-1,28.7852,1000
2026-06-27 23:04:02,118,B+0.5,12348,13,True,False,False,,-1,28.7548,1000
2026-06-27 23:04:30,105,W+2.5,10894,17,True,False,False,,-1,28.7221,1000
2026-06-27 23:05:05,137,W+9.5,13308,26,True,False,False,,-1,28.7203,1000
2026-06-27 23:05:42,130,B+4.5,15429,29,True,False,False,,-1,28.7671,1000
2026-06-27 23:06:15,128,B+1.5,12070,17,True,False,False,,-1,28.7124,1000
2026-06-27 23:06:52,147,W+0.5,14131,29,True,False,False,,-1,28.8817,1000
2026-06-27 23:07:20,93,B+7.5,9653,9,True,False,False,,-1,28.8668,1000
2026-06-27 23:07:42,66,W+12.5,7407,5,True,False,False,,-1,28.688,1000
2026-06-27 23:08:11,108,B+0.5,10807,13,True,False,False,,-1,28.6302,1000
2026-06-27 23:08:42,112,B+0.5,11484,15,True,False,False,,-1,28.8066,1000
2026-06-27 23:09:09,90,B+1.5,9444,10,True,False,False,,-1,28.7563,1000
2026-06-27 23:09:28,59,B+0.5,6659,7,True,False,False,,-1,28.7548,1000
2026-06-27 23:09:53,94,B+1.5,9342,7,True,False,False,,-1,28.645,1000
2026-06-27 23:10:22,109,W+0.5,11043,17,True,False,False,,-1,28.6468,1000
2026-06-27 23:11:01,162,W+24.5,15259,34,True,False,False,,-1,28.8232,1000
2026-06-27 23:11:25,76,W+10.5,8074,11,True,False,False,,-1,28.7365,1000
2026-06-27 23:12:02,153,W+1.5,14495,31,True,False,False,,-1,28.7929,1000
2026-06-27 23:12:36,123,W+2.5,13255,20,True,False,False,,-1,28.8434,1000
2026-06-27 23:13:16,156,W+8.5,15579,23,True,False,False,,-1,28.8455,1000
2026-06-27 23:13:33,46,W+6.5,5371,3,True,False,False,,-1,28.7528,1000
2026-06-27 23:14:07,129,W+4.5,12852,16,True,False,False,,-1,28.8833,1000
2026-06-27 23:14:18,30,W+4.5,3758,3,True,False,False,,-1,28.6266,1000
2026-06-27 23:14:49,113,W+2.5,11283,15,True,False,False,,-1,28.6342,1000
2026-06-27 23:15:18,107,W+0.5,10980,16,True,False,False,,-1,28.6133,1000
2026-06-27 23:15:49,106,B+3.5,11192,14,True,False,False,,-1,28.5974,1000
2026-06-27 23:16:09,57,B+0.5,6551,5,True,False,False,,-1,28.4458,1000
2026-06-27 23:16:40,122,B+2.5,11591,20,True,False,False,,-1,28.5233,1000
2026-06-27 23:17:12,136,B+2.5,11908,23,True,False,False,,-1,28.6067,1000
2026-06-27 23:17:51,162,B+18.5,16205,33,True,False,False,,-1,28.6671,1000
2026-06-27 23:18:21,106,B+3.5,10809,15,True,False,False,,-1,28.7902,1000
2026-06-27 23:18:54,130,B+0.5,13064,22,True,False,False,,-1,28.8325,1000
2026-06-27 23:19:17,65,B+4.5,7376,6,True,False,False,,-1,28.7529,1000
2026-06-27 23:19:46,119,W+0.5,11148,14,True,False,False,,-1,28.7871,1000
2026-06-27 23:20:23,148,B+1.5,13981,22,True,False,False,,-1,28.7806,1000
2026-06-27 23:20:58,132,B+0.5,13813,19,True,False,False,,-1,28.7723,1000
2026-06-27 23:21:25,105,W+0.5,10168,15,True,False,False,,-1,28.7395,1000
2026-06-27 23:22:02,142,B+3.5,13729,25,True,False,False,,-1,28.7964,1000
2026-06-27 23:22:33,114,B+3.5,11607,12,True,False,False,,-1,28.7831,1000
2026-06-27 23:23:06,117,W+0.5,12595,15,True,False,False,,-1,28.8099,1000
2026-06-27 23:23:37,121,W+2.5,11956,15,True,False,False,,-1,28.9397,1000
2026-06-27 23:23:51,39,B+1.5,4751,5,True,False,False,,-1,28.7976,1000
2026-06-27 23:24:21,121,W+14.5,10815,17,True,False,False,,-1,28.9278,1000
2026-06-27 23:24:55,121,W+2.5,12673,18,True,False,False,,-1,28.9521,1000
2026-06-27 23:25:23,107,W+2.5,9925,14,True,False,False,,-1,28.9459,1000
2026-06-27 23:25:49,103,W+0.5,9947,16,True,False,False,,-1,28.8581,1000
2026-06-27 23:26:19,113,W+0.5,10718,13,True,False,False,,-1,28.9414,1000
2026-06-27 23:26:38,54,W+6.5,6255,2,True,False,False,,-1,28.9467,1000
2026-06-27 23:27:11,122,B+6.5,12318,20,True,False,False,,-1,28.9976,1000
2026-06-27 23:27:40,109,W+2.5,10221,14,True,False,False,,-1,29.0115,1000
2026-06-27 23:28:13,141,W+0.5,13252,29,True,False,False,,-1,29.021,1000
2026-06-27 23:28:36,79,B+0.5,7808,8,True,False,False,,-1,28.9013,1000
2026-06-27 23:29:10,147,B+3.5,13634,24,True,False,False,,-1,28.9223,1000
2026-06-27 23:29:42,119,W+2.5,12668,11,True,False,False,,-1,28.9552,1000
2026-06-27 23:30:12,118,B+2.5,10899,12,True,False,False,,-1,28.9771,1000
2026-06-27 23:30:49,140,B+0.5,14294,26,True,False,False,,-1,29.0656,1000
2026-06-27 23:31:22,131,W+1.5,13020,27,True,False,False,,-1,29.0515,1000
2026-06-27 23:31:53,114,B+2.5,11033,14,True,False,False,,-1,29.027,1000
2026-06-27 23:32:21,105,W+0.5,10886,13,True,False,False,,-1,28.9455,1000
2026-06-27 23:32:52,108,W+5.5,10689,15,True,False,False,,-1,28.9545,1000
2026-06-27 23:33:29,143,W+2.5,14173,23,True,False,False,,-1,29.0533,1000
2026-06-27 23:34:00,121,W+0.5,11976,17,True,False,False,,-1,29.2628,1000
2026-06-27 23:34:28,104,B+2.5,10334,13,True,False,False,,-1,29.4176,1000
2026-06-27 23:37:59,160,B+6.5,32945,40,True,False,False,,-1,29.7742,2000
2026-06-27 23:38:17,42,W+2.5,5872,7,True,False,False,,-1,29.6684,2000
2026-06-27 23:39:07,122,B+9.5,24461,23,True,False,False,,-1,29.7426,2000
2026-06-27 23:40:08,152,B+0.5,27757,32,True,False,False,,-1,30.0703,2000
2026-06-27 23:40:47,91,B+2.5,16915,9,True,False,False,,-1,30.1627,2000
2026-06-27 23:41:39,120,W+1.5,24253,15,True,False,False,,-1,30.3832,2000
2026-06-27 23:42:32,126,B+6.5,23919,17,True,False,False,,-1,30.633,2000
2026-06-27 23:43:20,127,W+1.5,24632,27,True,False,False,,-1,30.9528,2000
2026-06-27 23:44:06,106,B+3.5,19599,10,True,False,False,,-1,31.103,2000
2026-06-27 23:44:20,30,W+7.5,4740,2,True,False,False,,-1,30.9113,2000
2026-06-27 23:45:07,121,W+2.5,23701,17,True,False,False,,-1,31.0703,2000
2026-06-27 23:45:45,94,B+1.5,16255,13,True,False,False,,-1,31.1747,2000
2026-06-27 23:46:27,103,W+4.5,17907,15,True,False,False,,-1,31.4094,2000
2026-06-27 23:47:24,161,W+19.5,29281,35,True,False,False,,-1,31.6221,2000
2026-06-27 23:48:15,118,B+0.5,23369,11,True,False,False,,-1,31.8296,2000
2026-06-27 23:49:18,161,B+0.5,34574,34,True,False,False,,-1,32.0567,2000
2026-06-27 23:50:25,162,B+24.5,33788,28,True,False,False,,-1,32.4382,2000
2026-06-27 23:51:16,132,W+0.5,26720,21,True,False,False,,-1,32.6376,2000
2026-06-27 23:52:16,145,W+1.5,29095,28,True,False,False,,-1,32.9862,2000
2026-06-27 23:52:56,102,B+2.5,19203,13,True,False,False,,-1,33.0765,2000
2026-06-27 23:53:06,22,W+7.5,3049,2,True,False,False,,-1,32.8843,2000
2026-06-27 23:53:41,91,B+3.5,15833,7,True,False,False,,-1,32.9516,2000
2026-06-27 23:54:27,115,W+0.5,22470,18,True,False,False,,-1,33.0946,2000
2026-06-27 23:55:14,112,W+0.5,22488,17,True,False,False,,-1,33.4639,2000
2026-06-27 23:56:08,137,W+11.5,28191,24,True,False,False,,-1,33.8174,2000
2026-06-27 23:56:53,116,B+1.5,21820,21,True,False,False,,-1,34.0567,2000
2026-06-27 23:57:43,133,W+2.5,25414,23,True,False,False,,-1,34.2224,2000
2026-06-27 23:58:45,162,B+7.5,33803,39,True,False,False,,-1,34.6762,2000
2026-06-27 23:59:32,111,B+1.5,22083,8,True,False,False,,-1,34.8989,2000
2026-06-28 00:00:10,92,W+3.5,15802,10,True,False,False,,-1,34.9524,2000
2026-06-28 00:00:49,97,W+1.5,17726,13,True,False,False,,-1,35.0504,2000
2026-06-28 00:01:28,101,W+2.5,16897,18,True,False,False,,-1,35.0236,2000
2026-06-28 00:02:02,84,B+4.5,13770,5,True,False,False,,-1,35.0704,2000
2026-06-28 00:03:06,159,W+0.5,32835,35,True,False,False,,-1,35.3978,2000
2026-06-28 00:03:51,103,W+5.5,18978,14,True,False,False,,-1,35.6531,2000
2026-06-28 00:04:34,99,W+1.5,18065,11,True,False,False,,-1,35.855,2000
2026-06-28 00:05:26,120,B+2.5,23583,14,True,False,False,,-1,36.0668,2000
2026-06-28 00:06:09,115,W+2.5,21242,20,True,False,False,,-1,36.1735,2000
2026-06-28 00:07:09,160,B+8.5,33665,25,True,False,False,,-1,36.4999,2000
2026-06-28 00:07:47,92,B+1.5,15588,5,True,False,False,,-1,36.5229,2000
2026-06-28 00:08:33,113,W+1.5,21871,18,True,False,False,,-1,36.6154,2000
2026-06-28 00:09:16,106,B+2.5,19461,12,True,False,False,,-1,36.725,2000
2026-06-28 00:10:02,109,B+3.5,20822,16,True,False,False,,-1,36.8141,2000
2026-06-28 00:10:13,24,W+7.5,3527,2,True,False,False,,-1,36.6372,2000
2026-06-28 00:10:52,98,B+0.5,16375,14,True,False,False,,-1,36.8063,2000
2026-06-28 00:11:47,131,W+0.5,27786,20,True,False,False,,-1,37.066,2000
2026-06-28 00:12:35,114,B+2.5,22604,21,True,False,False,,-1,37.2295,2000
2026-06-28 00:13:29,132,B+10.5,25908,15,True,False,False,,-1,37.5047,2000
2026-06-28 00:14:13,109,W+0.5,20759,16,True,False,False,,-1,37.7518,2000
2026-06-28 00:14:50,87,W+0.5,16346,8,True,False,False,,-1,37.8779,2000
2026-06-28 00:15:32,109,W+2.5,20508,20,True,False,False,,-1,38.0067,2000
2026-06-28 00:16:33,162,B+6.5,32874,29,True,False,False,,-1,38.2264,2000
2026-06-28 00:17:20,127,W+6.5,25757,25,True,False,False,,-1,38.4612,2000
2026-06-28 00:18:04,107,W+2.5,19760,17,True,False,False,,-1,38.5279,2000
2026-06-28 00:18:52,119,W+5.5,22563,22,True,False,False,,-1,38.6693,2000
2026-06-28 00:19:49,137,W+2.5,27638,16,True,False,False,,-1,38.8418,2000
2026-06-28 00:20:38,117,W+1.5,23980,18,True,False,False,,-1,39.164,2000
2026-06-28 00:21:35,131,W+1.5,28174,30,True,False,False,,-1,39.3896,2000
2026-06-28 00:22:45,162,W+1.5,34671,29,True,False,False,,-1,39.9736,2000
2026-06-28 00:23:09,61,B+0.5,8670,7,True,False,False,,-1,39.9109,2000
2026-06-28 00:23:55,108,B+0.5,19984,13,True,False,False,,-1,40.0758,2000
2026-06-28 00:24:49,129,W+0.5,26385,16,True,False,False,,-1,40.311,2000
2026-06-28 00:25:46,134,B+1.5,28400,17,True,False,False,,-1,40.6804,2000
2026-06-28 00:26:33,118,W+2.5,22942,16,True,False,False,,-1,40.8433,2000
2026-06-28 00:27:25,123,W+0.5,23714,18,True,False,False,,-1,41.0391,2000
2026-06-28 00:28:19,147,B+1.5,27741,25,True,False,False,,-1,41.1858,2000
2026-06-28 00:29:08,122,B+3.5,23844,22,True,False,False,,-1,41.3772,2000
2026-06-28 00:30:01,159,W+3.5,32530,30,True,False,False,,-1,41.5804,2000
2026-06-28 00:30:42,98,B+1.5,18325,12,True,False,False,,-1,41.758,2000
2026-06-28 00:31:35,133,W+1.5,27077,19,True,False,False,,-1,41.9901,2000
2026-06-28 00:32:25,132,B+7.5,27222,23,True,False,False,,-1,42.1299,2000
2026-06-28 00:33:14,118,B+1.5,23407,22,True,False,False,,-1,42.2642,2000
2026-06-28 00:33:36,55,B+1.5,7718,8,True,False,False,,-1,42.2201,2000
2026-06-28 00:34:19,106,W+2.5,19902,17,True,False,False,,-1,42.2766,2000
2026-06-28 00:35:22,160,B+0.5,32405,23,True,False,False,,-1,42.6019,2000
2026-06-28 00:36:10,125,B+1.5,23110,11,True,False,False,,-1,42.7453,2000
2026-06-28 00:36:55,123,W+1.5,24245,19,True,False,False,,-1,42.8853,2000
2026-06-28 00:37:36,103,W+3.5,19274,15,True,False,False,,-1,43.1565,2000
2026-06-28 00:38:31,137,W+7.5,28294,24,True,False,False,,-1,43.4093,2000
2026-06-28 00:39:25,137,W+7.5,25175,20,True,False,False,,-1,43.6128,2000
2026-06-28 00:40:12,113,W+0.5,23169,14,True,False,False,,-1,43.7991,2000
2026-06-28 00:40:50,93,W+0.5,18285,8,True,False,False,,-1,43.9198,2000
2026-06-28 00:41:49,158,B+19.5,30188,34,True,False,False,,-1,44.2104,2000
2026-06-28 00:42:30,103,W+0.5,18600,11,True,False,False,,-1,44.4313,2000
2026-06-28 00:43:12,102,B+5.5,18057,13,True,False,False,,-1,44.5125,2000
2026-06-28 00:44:00,125,W+2.5,24663,24,True,False,False,,-1,44.7132,2000
2026-06-28 00:44:40,100,B+4.5,18851,12,True,False,False,,-1,44.782,2000
2026-06-28 00:45:22,99,W+3.5,18937,11,True,False,False,,-1,44.9729,2000
2026-06-28 00:46:10,119,W+5.5,22763,19,True,False,False,,-1,45.1106,2000
2026-06-28 00:47:04,136,B+0.5,27363,25,True,False,False,,-1,45.3248,2000
2026-06-28 00:47:48,112,B+0.5,20724,15,True,False,False,,-1,45.4649,2000
2026-06-28 00:48:50,159,W+6.5,33729,26,True,False,False,,-1,45.7171,2000
2026-06-28 00:49:31,95,B+1.5,18099,9,True,False,False,,-1,45.7931,2000
2026-06-28 00:50:15,125,W+3.5,24296,23,True,False,False,,-1,45.9317,2000
2026-06-28 00:51:04,126,B+19.5,23057,26,True,False,False,,-1,46.1295,2000
2026-06-28 00:51:56,124,B+2.5,25799,18,True,False,False,,-1,46.3526,2000
2026-06-28 00:52:41,114,B+1.5,21626,17,True,False,False,,-1,46.4238,2000
2026-06-28 00:53:39,162,W+2.5,28256,37,True,False,False,,-1,46.7033,2000
2026-06-28 00:54:24,116,B+1.5,19488,16,True,False,False,,-1,46.8599,2000
2026-06-28 00:55:06,98,B+0.5,20354,13,True,False,False,,-1,46.9315,2000
2026-06-28 00:56:08,148,B+3.5,30036,25,True,False,False,,-1,46.8858,2000
2026-06-28 00:56:24,43,B+0.5,5572,2,True,False,False,,-1,46.8697,2000
2026-06-28 00:57:09,111,W+3.5,21366,21,True,False,False,,-1,46.8127,2000
2026-06-28 00:57:50,100,B+2.5,18662,7,True,False,False,,-1,46.6217,2000
2026-06-28 00:58:52,162,W+12.5,31359,38,True,False,False,,-1,46.8424,2000
2026-06-28 00:59:41,121,B+2.5,24690,15,True,False,False,,-1,46.8083,2000
2026-06-28 00:59:53,30,W+7.5,4328,2,True,False,False,,-1,46.4068,2000
2026-06-28 01:00:35,108,B+3.5,20496,16,True,False,False,,-1,46.3435,2000
2026-06-28 01:01:17,105,W+2.5,19198,8,True,False,False,,-1,46.3058,2000
2026-06-28 01:02:00,102,B+4.5,19355,14,True,False,False,,-1,46.5938,2000
2026-06-28 01:02:30,71,B+1.5,11906,9,True,False,False,,-1,46.4294,2000
2026-06-28 01:03:13,100,B+1.5,18386,9,True,False,False,,-1,46.474,2000
2026-06-28 01:03:47,94,B+5.5,15457,10,True,False,False,,-1,46.4051,2000
2026-06-28 01:04:32,109,B+5.5,20755,6,True,False,False,,-1,46.2837,2000
2026-06-28 01:05:17,113,W+2.5,19944,16,True,False,False,,-1,46.2213,2000
2026-06-28 01:06:04,118,B+2.5,22738,15,True,False,False,,-1,46.0533,2000
2026-06-28 01:06:43,97,W+2.5,17888,9,True,False,False,,-1,45.7735,2000
2026-06-28 01:07:19,94,W+2.5,15965,11,True,False,False,,-1,45.6217,2000
2026-06-28 01:08:04,107,W+0.5,21875,9,True,False,False,,-1,45.4775,2000
2026-06-28 01:08:55,126,B+5.5,25770,24,True,False,False,,-1,45.5849,2000
2026-06-28 01:09:53,153,W+5.5,31356,33,True,False,False,,-1,46.0702,2000
2026-06-28 01:10:34,95,W+2.5,17474,6,True,False,False,,-1,46.1246,2000
2026-06-28 01:11:22,131,B+3.5,25227,22,True,False,False,,-1,46.147,2000
2026-06-28 01:12:18,162,W+29.5,31302,33,True,False,False,,-1,46.2453,2000
2026-06-28 01:13:21,159,W+4.5,34245,28,True,False,False,,-1,46.3306,2000
2026-06-28 01:14:05,104,B+4.5,18874,16,True,False,False,,-1,46.3186,2000
2026-06-28 01:14:46,111,W+0.5,20099,10,True,False,False,,-1,46.2261,2000
2026-06-28 01:15:36,126,B+7.5,25846,19,True,False,False,,-1,46.1135,2000
2026-06-28 01:16:27,126,B+4.5,25181,22,True,False,False,,-1,46.1379,2000
2026-06-28 01:17:15,114,B+1.5,23189,19,True,False,False,,-1,46.2504,2000
2026-06-28 01:18:01,105,W+3.5,20565,17,True,False,False,,-1,46.3156,2000
2026-06-28 01:18:45,104,B+2.5,18616,10,True,False,False,,-1,46.3728,2000
2026-06-28 01:19:23,95,W+1.5,16120,15,True,False,False,,-1,46.4095,2000
2026-06-28 01:20:04,99,B+2.5,18770,9,True,False,False,,-1,46.171,2000
2026-06-28 01:20:46,109,W+0.5,20715,17,True,False,False,,-1,46.1409,2000
2026-06-28 01:21:36,127,W+1.5,24149,21,True,False,False,,-1,46.2227,2000
2026-06-28 01:22:25,131,B+3.5,26224,21,True,False,False,,-1,46.1853,2000
2026-06-28 01:23:24,140,B+1.5,30190,22,True,False,False,,-1,46.3469,2000
2026-06-28 01:23:49,61,B+0.5,8809,9,True,False,False,,-1,45.9916,2000
2026-06-28 01:24:26,95,W+6.5,17940,13,True,False,False,,-1,45.9898,2000
2026-06-28 01:25:06,102,B+5.5,19002,8,True,False,False,,-1,45.9277,2000
2026-06-28 01:25:48,112,B+0.5,21100,13,True,False,False,,-1,45.9104,2000
2026-06-28 01:26:26,100,B+5.5,18401,12,True,False,False,,-1,45.8356,2000
2026-06-28 01:27:12,112,B+2.5,21144,21,True,False,False,,-1,46.1876,2000
2026-06-28 01:28:05,130,B+1.5,27233,27,True,False,False,,-1,46.3296,2000
2026-06-28 01:28:44,98,B+2.5,18923,12,True,False,False,,-1,46.1748,2000
2026-06-28 01:29:41,142,W+0.5,30811,28,True,False,False,,-1,46.2636,2000
2026-06-28 01:30:31,123,W+0.5,23387,19,True,False,False,,-1,46.2251,2000
2026-06-28 01:31:19,129,B+3.5,23395,23,True,False,False,,-1,46.2608,2000
2026-06-28 01:32:13,135,W+0.5,26825,29,True,False,False,,-1,46.4218,2000
2026-06-28 01:32:54,105,W+5.5,20210,15,True,False,False,,-1,46.4131,2000
2026-06-28 01:33:44,123,B+3.5,24593,21,True,False,False,,-1,46.3067,2000
2026-06-28 01:34:31,110,B+5.5,20987,10,True,False,False,,-1,46.2995,2000
2026-06-28 01:35:30,162,B+24.5,32150,32,True,False,False,,-1,46.4574,2000
2026-06-28 01:36:09,91,W+1.5,16567,10,True,False,False,,-1,46.371,2000
2026-06-28 01:37:12,162,B+20.5,30897,35,True,False,False,,-1,46.4273,2000
2026-06-28 01:37:37,61,B+6.5,8939,5,True,False,False,,-1,46.1855,2000
2026-06-28 01:38:28,128,W+0.5,25471,17,True,False,False,,-1,46.125,2000
2026-06-28 01:39:11,109,W+0.5,20927,14,True,False,False,,-1,45.8574,2000
2026-06-28 01:39:54,104,B+3.5,19633,8,True,False,False,,-1,46.0389,2000
2026-06-28 01:40:37,98,B+1.5,18313,10,True,False,False,,-1,46.0111,2000
2026-06-28 01:41:26,118,B+0.5,24227,16,True,False,False,,-1,45.9693,2000
2026-06-28 01:42:10,106,B+3.5,19767,13,True,False,False,,-1,45.8396,2000
2026-06-28 01:42:55,115,W+1.5,21781,15,True,False,False,,-1,45.8133,2000
2026-06-28 01:43:41,123,W+3.5,22338,22,True,False,False,,-1,45.7613,2000
2026-06-28 01:44:42,162,W+7.5,32677,41,True,False,False,,-1,45.8238,2000
2026-06-28 01:45:25,105,B+2.5,18654,11,True,False,False,,-1,45.7674,2000
2026-06-28 01:46:12,109,B+0.5,21859,9,True,False,False,,-1,45.7024,2000
2026-06-28 01:47:12,162,B+18.5,31353,36,True,False,False,,-1,45.906,2000
2026-06-28 01:48:11,162,B+26.5,32356,26,True,False,False,,-1,45.963,2000
2026-06-28 01:48:52,95,B+0.5,18044,12,True,False,False,,-1,45.8689,2000
2026-06-28 01:49:58,162,B+4.5,32833,31,True,False,False,,-1,46.0453,2000
2026-06-28 01:50:48,118,B+3.5,24156,16,True,False,False,,-1,46.3152,2000
2026-06-28 01:53:47,131,W+3.5,30498,25,True,False,False,,-1,46.2206,3000
2026-06-28 01:54:38,107,W+2.5,23199,18,True,False,False,,-1,46.256,3000
2026-06-28 01:54:57,41,B+2.5,6488,6,True,False,False,,-1,45.9937,3000
2026-06-28 01:56:27,162,B+4.5,41084,22,True,False,False,,-1,46.4737,3000
2026-06-28 01:57:13,94,B+2.5,19086,6,True,False,False,,-1,46.39,3000
2026-06-28 01:58:07,102,B+5.5,22192,8,True,False,False,,-1,46.3892,3000
2026-06-28 01:58:55,100,B+3.5,19770,10,True,False,False,,-1,46.408,3000
2026-06-28 01:59:49,111,W+2.5,24227,18,True,False,False,,-1,46.5614,3000
2026-06-28 02:00:41,113,B+1.5,24353,9,True,False,False,,-1,46.4887,3000
2026-06-28 02:01:30,98,B+0.5,20206,5,True,False,False,,-1,46.5736,3000
2026-06-28 02:02:33,118,B+3.5,27272,11,True,False,False,,-1,46.7788,3000
2026-06-28 02:03:38,141,W+0.5,32595,22,True,False,False,,-1,46.9427,3000
2026-06-28 02:04:14,76,W+4.5,13693,9,True,False,False,,-1,46.9066,3000
2026-06-28 02:05:10,110,B+2.5,24188,16,True,False,False,,-1,47.0413,3000
2026-06-28 02:06:18,147,W+8.5,34678,29,True,False,False,,-1,47.2517,3000
2026-06-28 02:07:11,123,W+0.5,26750,19,True,False,False,,-1,47.245,3000
2026-06-28 02:08:00,99,B+2.5,19486,10,True,False,False,,-1,47.2856,3000
2026-06-28 02:09:08,162,W+12.5,34144,36,True,False,False,,-1,47.3503,3000
2026-06-28 02:10:03,118,B+0.5,25104,16,True,False,False,,-1,47.4944,3000
2026-06-28 02:10:49,100,B+2.5,21222,10,True,False,False,,-1,47.5129,3000
2026-06-28 02:11:10,47,B+2.5,7183,3,True,False,False,,-1,47.2322,3000
2026-06-28 02:12:14,126,B+1.5,28338,15,True,False,False,,-1,47.3451,3000
2026-06-28 02:13:23,148,W+6.5,33925,30,True,False,False,,-1,47.5879,3000
2026-06-28 02:14:36,162,W+7.5,36526,31,True,False,False,,-1,47.7414,3000
2026-06-28 02:15:49,157,W+1.5,38182,34,True,False,False,,-1,48.0227,3000
2026-06-28 02:16:39,106,W+7.5,22526,13,True,False,False,,-1,48.0995,3000
2026-06-28 02:17:39,119,W+2.5,26642,13,True,False,False,,-1,48.0874,3000
2026-06-28 02:18:33,121,W+3.5,25268,20,True,False,False,,-1,48.4558,3000
2026-06-28 02:19:11,77,B+0.5,14987,9,True,False,False,,-1,48.3978,3000
2026-06-28 02:19:52,80,W+6.5,15669,4,True,False,False,,-1,48.381,3000
2026-06-28 02:20:53,128,B+0.5,29329,16,True,False,False,,-1,48.3759,3000
2026-06-28 02:21:56,142,W+2.5,30244,32,True,False,False,,-1,48.5255,3000
2026-06-28 02:23:11,152,B+8.5,35447,20,True,False,False,,-1,49.1438,3000
2026-06-28 02:24:00,105,W+1.5,23314,12,True,False,False,,-1,49.2252,3000
2026-06-28 02:24:48,101,B+4.5,21565,10,True,False,False,,-1,49.2764,3000
2026-06-28 02:25:52,134,B+2.5,30941,14,True,False,False,,-1,49.4975,3000
2026-06-28 02:27:03,137,B+2.5,30070,15,True,False,False,,-1,49.8935,3000
2026-06-28 02:28:08,128,B+7.5,28305,26,True,False,False,,-1,50.1193,3000
2026-06-28 02:29:04,125,W+6.5,27355,24,True,False,False,,-1,50.3344,3000
2026-06-28 02:30:07,162,W+5.5,41468,26,True,False,False,,-1,50.5182,3000
2026-06-28 02:31:22,158,B+4.5,39528,28,True,False,False,,-1,50.8201,3000
2026-06-28 02:32:22,123,W+1.5,26847,21,True,False,False,,-1,50.9501,3000
2026-06-28 02:33:29,132,B+0.5,32227,20,True,False,False,,-1,51.2332,3000
2026-06-28 02:34:20,106,W+4.5,24189,10,True,False,False,,-1,51.3847,3000
2026-06-28 02:35:18,121,W+0.5,26478,23,True,False,False,,-1,51.5102,3000
2026-06-28 02:36:28,143,W+2.5,35360,32,True,False,False,,-1,51.7018,3000
2026-06-28 02:37:18,102,B+3.5,22073,6,True,False,False,,-1,51.6237,3000
2026-06-28 02:38:28,151,B+2.5,32844,30,True,False,False,,-1,51.9082,3000
2026-06-28 02:39:21,108,B+5.5,23270,16,True,False,False,,-1,51.9562,3000
2026-06-28 02:40:19,120,B+1.5,27021,13,True,False,False,,-1,51.9748,3000
2026-06-28 02:41:14,113,W+0.5,25189,15,True,False,False,,-1,51.9011,3000
2026-06-28 02:41:58,83,B+8.5,16665,4,True,False,False,,-1,51.9068,3000
2026-06-28 02:43:09,141,B+39.5,32843,18,True,False,False,,-1,52.1998,3000
2026-06-28 02:44:22,148,W+6.5,35375,32,True,False,False,,-1,52.4257,3000
2026-06-28 02:45:12,100,B+0.5,21146,11,True,False,False,,-1,52.4272,3000
2026-06-28 02:46:05,109,W+2.5,23094,10,True,False,False,,-1,52.4648,3000
2026-06-28 02:46:57,111,W+3.5,23512,16,True,False,False,,-1,52.5324,3000
2026-06-28 02:47:46,101,W+19.5,21251,8,True,False,False,,-1,52.5785,3000
2026-06-28 02:48:31,94,W+1.5,19011,9,True,False,False,,-1,52.6502,3000
2026-06-28 02:49:20,104,B+2.5,21671,13,True,False,False,,-1,52.7344,3000
2026-06-28 02:50:13,108,B+8.5,22672,15,True,False,False,,-1,52.8374,3000
2026-06-28 02:51:24,150,B+34.5,35357,15,True,False,False,,-1,53.0514,3000
2026-06-28 02:52:08,96,B+2.5,18806,8,True,False,False,,-1,53.0058,3000
2026-06-28 02:53:00,112,B+3.5,24961,16,True,False,False,,-1,52.9377,3000
2026-06-28 02:54:04,141,W+2.5,30833,30,True,False,False,,-1,53.3283,3000
2026-06-28 02:54:44,81,B+7.5,14626,8,True,False,False,,-1,53.3451,3000
2026-06-28 02:55:51,137,W+2.5,32908,16,True,False,False,,-1,53.6174,3000
2026-06-28 02:56:39,103,W+9.5,22125,7,True,False,False,,-1,53.6846,3000
2026-06-28 02:57:40,131,W+0.5,30902,14,True,False,False,,-1,53.9113,3000
2026-06-28 02:58:28,92,B+6.5,19305,3,True,False,False,,-1,53.9359,3000
2026-06-28 02:59:22,118,B+2.5,25080,18,True,False,False,,-1,53.9389,3000
2026-06-28 03:00:22,130,B+5.5,28853,18,True,False,False,,-1,54.1468,3000
2026-06-28 03:01:14,108,B+2.5,22654,13,True,False,False,,-1,54.1024,3000
2026-06-28 03:02:09,117,W+1.5,24258,19,True,False,False,,-1,54.1452,3000
2026-06-28 03:03:07,121,W+1.5,26647,18,True,False,False,,-1,54.2503,3000
2026-06-28 03:04:06,119,W+9.5,27061,19,True,False,False,,-1,54.3059,3000
2026-06-28 03:05:23,162,B+1.5,38818,36,True,False,False,,-1,54.6645,3000
2026-06-28 03:06:10,97,W+1.5,20672,9,True,False,False,,-1,54.6318,3000
2026-06-28 03:06:55,94,B+0.5,19669,10,True,False,False,,-1,54.6171,3000
2026-06-28 03:07:55,120,W+4.5,26165,16,True,False,False,,-1,54.615,3000
2026-06-28 03:08:48,112,B+0.5,25629,12,True,False,False,,-1,54.7591,3000
2026-06-28 03:09:56,130,B+4.5,29540,21,True,False,False,,-1,54.8105,3000
2026-06-28 03:10:56,133,W+2.5,31287,20,True,False,False,,-1,55.1619,3000
2026-06-28 03:11:54,117,W+10.5,25732,14,True,False,False,,-1,55.2276,3000
2026-06-28 03:13:04,144,B+1.5,34225,21,True,False,False,,-1,55.5038,3000
2026-06-28 03:14:13,139,W+2.5,32956,24,True,False,False,,-1,55.7593,3000
2026-06-28 03:15:22,145,W+1.5,32295,25,True,False,False,,-1,56.0252,3000
2026-06-28 03:16:04,92,B+1.5,17954,8,True,False,False,,-1,55.9494,3000
2026-06-28 03:16:59,116,B+5.5,25804,19,True,False,False,,-1,56.0627,3000
2026-06-28 03:18:14,162,W+27.5,35749,41,True,False,False,,-1,56.3586,3000
2026-06-28 03:19:11,119,W+0.5,26354,11,True,False,False,,-1,56.4711,3000
2026-06-28 03:20:22,141,B+2.5,33043,20,True,False,False,,-1,56.5728,3000
2026-06-28 03:21:31,154,B+8.5,35259,30,True,False,False,,-1,56.8372,3000
2026-06-28 03:22:28,116,B+2.5,24623,14,True,False,False,,-1,56.9335,3000
2026-06-28 03:23:21,115,W+1.5,25232,19,True,False,False,,-1,56.8581,3000
2026-06-28 03:24:27,137,W+2.5,32142,19,True,False,False,,-1,56.9255,3000
2026-06-28 03:25:39,149,W+1.5,36518,23,True,False,False,,-1,57.238,3000
2026-06-28 03:26:53,162,W+0.5,39224,26,True,False,False,,-1,57.3138,3000
2026-06-28 03:27:36,92,B+9.5,18529,7,True,False,False,,-1,57.2462,3000
2026-06-28 03:28:40,125,W+3.5,27771,17,True,False,False,,-1,57.5792,3000
2026-06-28 03:29:29,97,B+10.5,20238,9,True,False,False,,-1,57.4083,3000
2026-06-28 03:30:31,125,B+4.5,27309,15,True,False,False,,-1,57.5255,3000
2026-06-28 03:31:26,120,B+1.5,25781,19,True,False,False,,-1,57.8843,3000
2026-06-28 03:31:35,22,W+7.5,2967,2,True,False,False,,-1,57.0845,3000
2026-06-28 03:32:23,101,W+5.5,22103,9,True,False,False,,-1,57.095,3000
2026-06-28 03:33:14,114,B+1.5,24771,15,True,False,False,,-1,57.0577,3000
2026-06-28 03:34:15,124,B+1.5,28183,18,True,False,False,,-1,57.1875,3000
2026-06-28 03:35:08,109,W+0.5,23420,12,True,False,False,,-1,57.18,3000
2026-06-28 03:36:19,150,B+22.5,33479,26,True,False,False,,-1,57.3769,3000
2026-06-28 03:37:32,139,W+12.5,33269,23,True,False,False,,-1,57.6171,3000
2026-06-28 03:38:22,106,B+5.5,21485,9,True,False,False,,-1,57.4868,3000
2026-06-28 03:39:16,114,W+2.5,24502,18,True,False,False,,-1,57.3774,3000
2026-06-28 03:40:14,127,W+4.5,29443,14,True,False,False,,-1,57.5973,3000
2026-06-28 03:41:02,98,B+0.5,20504,6,True,False,False,,-1,57.5246,3000
2026-06-28 03:41:56,110,B+2.5,23576,10,True,False,False,,-1,57.3777,3000
2026-06-28 03:43:05,148,B+0.5,35660,25,True,False,False,,-1,57.535,3000
2026-06-28 03:44:03,129,W+0.5,27487,19,True,False,False,,-1,57.629,3000
2026-06-28 03:45:01,116,B+4.5,26204,14,True,False,False,,-1,57.5204,3000
2026-06-28 03:45:55,113,W+0.5,25152,16,True,False,False,,-1,57.5194,3000
2026-06-28 03:46:43,98,B+0.5,21906,7,True,False,False,,-1,57.5355,3000
2026-06-28 03:46:58,30,W+5.5,4807,4,True,False,False,,-1,57.4728,3000
2026-06-28 03:48:02,122,B+0.5,28040,14,True,False,False,,-1,57.4796,3000
2026-06-28 03:48:48,92,B+6.5,17951,3,True,False,False,,-1,57.2472,3000
2026-06-28 03:49:53,135,W+4.5,31595,20,True,False,False,,-1,57.1659,3000
2026-06-28 03:50:43,97,B+0.5,21342,5,True,False,False,,-1,56.9412,3000
2026-06-28 03:52:03,162,B+12.5,41019,21,True,False,False,,-1,57.2332,3000
2026-06-28 03:53:01,120,B+6.5,26685,15,True,False,False,,-1,57.2091,3000
2026-06-28 03:53:50,100,B+1.5,20918,4,True,False,False,,-1,57.1707,3000
2026-06-28 03:55:00,151,W+1.5,36372,33,True,False,False,,-1,57.4785,3000
2026-06-28 03:56:04,134,B+1.5,31557,21,True,False,False,,-1,57.7243,3000
2026-06-28 03:57:22,162,W+12.5,40853,26,True,False,False,,-1,57.8941,3000
2026-06-28 03:58:13,116,W+5.5,24737,23,True,False,False,,-1,57.7612,3000
2026-06-28 03:59:04,106,B+0.5,23300,11,True,False,False,,-1,57.524,3000
2026-06-28 03:59:52,100,B+12.5,21096,6,True,False,False,,-1,57.5094,3000
2026-06-28 04:00:49,112,B+1.5,25124,12,True,False,False,,-1,57.6102,3000
2026-06-28 04:01:36,99,B+1.5,19631,17,True,False,False,,-1,57.4301,3000
2026-06-28 04:02:42,128,B+0.5,30817,14,True,False,False,,-1,57.3895,3000
2026-06-28 04:03:46,123,W+1.5,28608,21,True,False,False,,-1,57.3828,3000
2026-06-28 04:04:40,120,B+0.5,27196,18,True,False,False,,-1,57.3594,3000
2026-06-28 04:05:36,118,B+1.5,26723,13,True,False,False,,-1,57.2878,3000
2026-06-28 04:06:38,124,B+4.5,27945,15,True,False,False,,-1,57.1542,3000
2026-06-28 04:07:41,139,W+5.5,31897,29,True,False,False,,-1,57.1888,3000
2026-06-28 04:08:30,102,B+2.5,21346,10,True,False,False,,-1,57.0044,3000
2026-06-28 04:09:29,134,B+0.5,28983,23,True,False,False,,-1,57.083,3000
2026-06-28 04:09:51,49,B+0.5,7579,6,True,False,False,,-1,56.7304,3000
2026-06-28 04:10:53,133,W+1.5,30291,22,True,False,False,,-1,56.6466,3000
2026-06-28 04:11:58,128,B+0.5,29456,17,True,False,False,,-1,56.7949,3000
2026-06-28 04:13:07,162,W+37.5,36308,26,True,False,False,,-1,56.7843,3000
2026-06-28 04:13:59,115,W+6.5,22950,19,True,False,False,,-1,56.7755,3000
2026-06-28 04:15:13,162,W+31.5,39349,35,True,False,False,,-1,56.9415,3000
2026-06-28 04:15:38,51,B+0.5,8577,8,True,False,False,,-1,56.6394,3000
2026-06-28 04:16:13,69,B+3.5,12772,6,True,False,False,,-1,56.5384,3000
2026-06-28 04:16:54,86,B+3.5,16615,8,True,False,False,,-1,56.2425,3000
2026-06-28 04:17:54,116,B+4.5,26401,17,True,False,False,,-1,56.118,3000
2026-06-28 04:19:04,147,W+2.5,33243,26,True,False,False,,-1,56.3135,3000
2026-06-28 04:20:16,158,B+10.5,38389,36,True,False,False,,-1,56.5094,3000
2026-06-28 04:21:08,110,B+11.5,23104,11,True,False,False,,-1,56.5064,3000
2026-06-28 04:22:04,119,W+2.5,26494,25,True,False,False,,-1,56.5704,3000
2026-06-28 04:23:06,126,B+0.5,27947,19,True,False,False,,-1,56.746,3000
2026-06-28 04:24:01,113,W+1.5,26407,11,True,False,False,,-1,56.8014,3000
2026-06-28 04:25:06,128,B+1.5,29923,11,True,False,False,,-1,56.9356,3000
2026-06-28 04:26:00,115,B+2.5,24062,15,True,False,False,,-1,56.7578,3000
2026-06-28 04:27:06,133,W+5.5,29442,22,True,False,False,,-1,56.9751,3000
2026-06-28 04:28:07,121,B+1.5,27988,12,True,False,False,,-1,57.0622,3000
2026-06-28 04:29:00,107,W+8.5,23486,18,True,False,False,,-1,56.956,3000
2026-06-28 04:29:46,107,B+6.5,21751,13,True,False,False,,-1,57.0223,3000
2026-06-28 04:30:41,111,W+1.5,24000,14,True,False,False,,-1,56.8989,3000
2026-06-28 04:31:50,139,W+0.5,33247,20,True,False,False,,-1,57.1084,3000
2026-06-28 04:32:41,106,B+2.5,21791,11,True,False,False,,-1,57.0086,3000
2026-06-28 04:33:52,150,W+0.5,36692,21,True,False,False,,-1,57.2347,3000
2026-06-28 04:34:53,124,B+11.5,27669,14,True,False,False,,-1,57.306,3000
2026-06-28 04:35:38,91,B+3.5,18378,12,True,False,False,,-1,57.1589,3000
2026-06-28 04:36:31,113,W+2.5,24362,16,True,False,False,,-1,57.1647,3000
2026-06-28 04:37:40,131,W+0.5,30614,23,True,False,False,,-1,57.3082,3000
2026-06-28 04:38:34,112,B+6.5,24336,12,True,False,False,,-1,57.2656,3000
2026-06-28 04:39:40,140,B+1.5,32843,18,True,False,False,,-1,57.3339,3000
2026-06-28 04:40:30,106,B+3.5,22234,12,True,False,False,,-1,57.0633,3000
2026-06-28 04:44:26,128,B+5.5,31558,14,True,False,False,,-1,57.4107,4000
2026-06-28 04:45:21,97,B+0.5,21754,4,True,False,False,,-1,57.3711,4000
2026-06-28 04:46:21,113,W+2.5,27036,14,True,False,False,,-1,57.4367,4000
2026-06-28 04:47:28,133,B+9.5,31282,31,True,False,False,,-1,57.4268,4000
2026-06-28 04:48:31,113,W+12.5,27404,15,True,False,False,,-1,57.4481,4000
2026-06-28 04:49:27,101,W+4.5,23794,12,True,False,False,,-1,57.4366,4000
2026-06-28 04:50:28,104,B+4.5,24902,3,True,False,False,,-1,57.3431,4000
2026-06-28 04:51:42,138,B+1.5,34795,16,True,False,False,,-1,57.4029,4000
2026-06-28 04:52:47,115,W+4.5,27653,19,True,False,False,,-1,57.3543,4000
2026-06-28 04:53:53,119,W+1.5,29501,16,True,False,False,,-1,57.5928,4000
2026-06-28 04:54:58,111,B+5.5,27318,12,True,False,False,,-1,57.6895,4000
2026-06-28 04:55:56,110,B+0.5,25384,11,True,False,False,,-1,57.5247,4000
2026-06-28 04:57:10,141,W+6.5,35059,21,True,False,False,,-1,57.693,4000
2026-06-28 04:58:13,110,B+1.5,27251,11,True,False,False,,-1,57.618,4000
2026-06-28 04:59:35,150,B+0.5,40503,33,True,False,False,,-1,57.7378,4000
2026-06-28 05:00:24,81,B+2.5,18106,3,True,False,False,,-1,57.666,4000
2026-06-28 05:01:29,110,B+5.5,26881,7,True,False,False,,-1,57.7816,4000
2026-06-28 05:02:47,138,B+16.5,34795,16,True,False,False,,-1,57.9053,4000
2026-06-28 05:03:45,108,B+14.5,24438,7,True,False,False,,-1,57.7692,4000
2026-06-28 05:04:46,114,B+1.5,27970,14,True,False,False,,-1,57.6404,4000
2026-06-28 05:05:47,119,W+2.5,28255,24,True,False,False,,-1,57.8213,4000
2026-06-28 05:06:47,100,B+1.5,23097,11,True,False,False,,-1,57.779,4000
2026-06-28 05:07:40,102,B+2.5,23978,12,True,False,False,,-1,57.8235,4000
2026-06-28 05:09:06,155,W+2.5,40247,29,True,False,False,,-1,58.0535,4000
2026-06-28 05:10:31,147,B+52.5,36828,9,True,False,False,,-1,58.3524,4000
2026-06-28 05:11:34,118,B+1.5,28898,14,True,False,False,,-1,58.8889,4000
2026-06-28 05:12:34,109,W+2.5,26017,13,True,False,False,,-1,59.0176,4000
2026-06-28 05:13:29,99,W+13.5,23254,6,True,False,False,,-1,59.0574,4000
2026-06-28 05:14:21,111,W+6.5,25599,15,True,False,False,,-1,58.9723,4000
2026-06-28 05:15:18,101,W+0.5,23275,12,True,False,False,,-1,59.012,4000
2026-06-28 05:16:17,108,B+23.5,24303,6,True,False,False,,-1,58.8887,4000
2026-06-28 05:17:30,141,W+1.5,34756,24,True,False,False,,-1,58.8833,4000
2026-06-28 05:18:42,129,W+4.5,31818,15,True,False,False,,-1,59.1102,4000
2026-06-28 05:19:35,93,B+10.5,21000,3,True,False,False,,-1,59.097,4000
2026-06-28 05:20:27,107,W+0.5,23121,14,True,False,False,,-1,59.0345,4000
2026-06-28 05:21:45,151,W+2.5,37970,31,True,False,False,,-1,59.3278,4000
2026-06-28 05:22:54,124,B+0.5,30841,15,True,False,False,,-1,59.4842,4000
2026-06-28 05:24:07,128,B+18.5,31728,9,True,False,False,,-1,59.5242,4000
2026-06-28 05:24:52,85,B+0.5,17184,5,True,False,False,,-1,59.3942,4000
2026-06-28 05:25:47,98,B+9.5,22257,7,True,False,False,,-1,59.3662,4000
2026-06-28 05:26:47,107,W+0.5,25618,12,True,False,False,,-1,59.4263,4000
2026-06-28 05:27:34,87,B+2.5,17975,6,True,False,False,,-1,59.4184,4000
2026-06-28 05:28:54,150,B+12.5,37144,20,True,False,False,,-1,60.0731,4000
2026-06-28 05:30:04,162,W+0.5,45704,22,True,False,False,,-1,60.1263,4000
2026-06-28 05:30:55,90,B+3.5,21132,4,True,False,False,,-1,60.1798,4000
2026-06-28 05:32:04,122,B+1.5,30390,13,True,False,False,,-1,60.2127,4000
2026-06-28 05:32:59,99,W+2.5,22904,7,True,False,False,,-1,60.2662,4000
2026-06-28 05:34:28,162,W+9.5,42087,27,True,False,False,,-1,60.3522,4000
2026-06-28 05:35:55,162,W+9.5,42648,31,True,False,False,,-1,60.6482,4000
2026-06-28 05:37:14,162,W+2.5,38543,38,True,False,False,,-1,60.9467,4000
2026-06-28 05:38:24,127,W+8.5,31530,20,True,False,False,,-1,60.9466,4000
2026-06-28 05:39:28,115,W+4.5,27278,19,True,False,False,,-1,60.939,4000
2026-06-28 05:40:19,96,B+5.5,22300,12,True,False,False,,-1,60.6771,4000
2026-06-28 05:41:30,131,W+1.5,31722,12,True,False,False,,-1,60.8824,4000
2026-06-28 05:42:35,130,B+0.5,31156,26,True,False,False,,-1,61.025,4000
2026-06-28 05:43:56,162,W+8.5,39149,36,True,False,False,,-1,61.3513,4000
2026-06-28 05:45:14,142,B+18.5,36160,19,True,False,False,,-1,61.5552,4000
2026-06-28 05:46:18,121,W+0.5,28383,10,True,False,False,,-1,61.7267,4000
2026-06-28 05:47:26,124,B+0.5,30342,14,True,False,False,,-1,61.745,4000
2026-06-28 05:48:19,91,B+1.5,20798,4,True,False,False,,-1,61.6293,4000
2026-06-28 05:49:27,125,W+0.5,30866,14,True,False,False,,-1,61.7753,4000
2026-06-28 05:50:17,101,W+1.5,22948,11,True,False,False,,-1,61.7127,4000
2026-06-28 05:51:32,131,B+1.5,32550,22,True,False,False,,-1,61.8491,4000
2026-06-28 05:52:28,117,W+2.5,25805,17,True,False,False,,-1,61.7808,4000
2026-06-28 05:53:33,126,B+1.5,30800,15,True,False,False,,-1,61.9379,4000
2026-06-28 05:54:44,137,W+2.5,31916,18,True,False,False,,-1,62.0568,4000
2026-06-28 05:55:37,91,B+0.5,20598,8,True,False,False,,-1,62.361,4000
2026-06-28 05:56:43,127,W+0.5,32357,15,True,False,False,,-1,62.4093,4000
2026-06-28 05:57:51,135,W+4.5,31145,29,True,False,False,,-1,62.4385,4000
2026-06-28 05:58:50,107,W+0.5,25900,12,True,False,False,,-1,62.3384,4000
2026-06-28 06:00:25,162,B+18.5,41076,32,True,False,False,,-1,62.7724,4000
2026-06-28 06:01:47,154,B+3.5,38229,24,True,False,False,,-1,62.8403,4000
2026-06-28 06:02:28,73,B+1.5,14929,6,True,False,False,,-1,63.0002,4000
2026-06-28 06:03:28,105,W+5.5,25966,7,True,False,False,,-1,63.26,4000
2026-06-28 06:04:38,129,W+1.5,32749,25,True,False,False,,-1,63.549,4000
2026-06-28 06:06:12,162,B+2.5,44698,26,True,False,False,,-1,63.8855,4000
2026-06-28 06:07:08,95,B+11.5,22376,2,True,False,False,,-1,63.7471,4000
2026-06-28 06:08:02,99,W+1.5,23605,13,True,False,False,,-1,63.564,4000
2026-06-28 06:09:25,148,B+0.5,36237,26,True,False,False,,-1,63.8759,4000
2026-06-28 06:10:33,120,B+19.5,28816,8,True,False,False,,-1,64.0004,4000
2026-06-28 06:11:32,108,B+5.5,25412,17,True,False,False,,-1,63.9633,4000
2026-06-28 06:12:45,143,W+5.5,35723,28,True,False,False,,-1,64.1461,4000
2026-06-28 06:14:10,162,W+4.5,41225,42,True,False,False,,-1,64.3395,4000
2026-06-28 06:15:16,119,W+3.5,29439,13,True,False,False,,-1,64.4594,4000
2026-06-28 06:16:38,160,B+17.5,38907,31,True,False,False,,-1,64.6252,4000
2026-06-28 06:17:38,101,W+21.5,24028,4,True,False,False,,-1,64.6127,4000
2026-06-28 06:18:42,119,W+3.5,28280,13,True,False,False,,-1,64.7177,4000
2026-06-28 06:20:01,150,B+1.5,37289,29,True,False,False,,-1,65.0534,4000
2026-06-28 06:21:05,119,W+1.5,28790,19,True,False,False,,-1,65.1468,4000
2026-06-28 06:21:45,71,B+3.5,14163,5,True,False,False,,-1,64.8531,4000
2026-06-28 06:22:50,116,W+10.5,28578,12,True,False,False,,-1,64.9904,4000
2026-06-28 06:23:42,95,W+5.5,21987,6,True,False,False,,-1,64.8061,4000
2026-06-28 06:24:55,129,W+2.5,32522,20,True,False,False,,-1,64.9236,4000
2026-06-28 06:25:53,102,B+0.5,24687,7,True,False,False,,-1,65.0494,4000
2026-06-28 06:27:03,131,W+2.5,31932,16,True,False,False,,-1,65.2227,4000
2026-06-28 06:27:59,109,W+0.5,25313,14,True,False,False,,-1,65.0976,4000
2026-06-28 06:28:37,71,B+8.5,13300,11,True,False,False,,-1,64.9346,4000
2026-06-28 06:29:26,95,W+0.5,21011,13,True,False,False,,-1,64.7686,4000
2026-06-28 06:30:43,143,W+2.5,35342,15,True,False,False,,-1,65.0378,4000
2026-06-28 06:31:45,116,W+2.5,28648,9,True,False,False,,-1,65.1518,4000
2026-06-28 06:32:40,105,W+3.5,24137,14,True,False,False,,-1,64.9424,4000
2026-06-28 06:33:42,110,B+2.5,27142,9,True,False,False,,-1,65.0063,4000
2026-06-28 06:34:04,45,B+0.5,7366,7,True,False,False,,-1,64.6268,4000
2026-06-28 06:35:16,136,B+0.5,32517,25,True,False,False,,-1,64.6771,4000
2026-06-28 06:36:13,93,B+2.5,21733,4,True,False,False,,-1,64.6241,4000
2026-06-28 06:37:15,127,W+16.5,28847,24,True,False,False,,-1,64.6749,4000
2026-06-28 06:38:39,162,W+10.5,42951,26,True,False,False,,-1,64.9032,4000
2026-06-28 06:39:20,71,B+5.5,14744,5,True,False,False,,-1,64.5764,4000
2026-06-28 06:40:25,119,W+0.5,28790,21,True,False,False,,-1,64.5789,4000
2026-06-28 06:41:18,99,B+1.5,21613,15,True,False,False,,-1,64.4464,4000
2026-06-28 06:42:45,162,B+7.5,43114,25,True,False,False,,-1,64.669,4000
2026-06-28 06:43:50,123,W+10.5,28127,17,True,False,False,,-1,64.7346,4000
2026-06-28 06:44:55,115,W+1.5,28261,19,True,False,False,,-1,64.6421,4000
2026-06-28 06:45:28,61,B+1.5,12448,6,True,False,False,,-1,64.3389,4000
2026-06-28 06:45:42,31,B+3.5,4878,2,True,False,False,,-1,63.6743,4000
2026-06-28 06:46:56,122,B+0.5,30641,12,True,False,False,,-1,63.9181,4000
2026-06-28 06:48:11,139,W+0.5,35062,27,True,False,False,,-1,64.0161,4000
2026-06-28 06:49:27,143,W+1.5,33675,34,True,False,False,,-1,64.0019,4000
2026-06-28 06:50:48,152,B+1.5,39634,30,True,False,False,,-1,64.2187,4000
2026-06-28 06:52:02,127,W+1.5,31816,20,True,False,False,,-1,64.3512,4000
2026-06-28 06:53:02,114,W+0.5,25424,19,True,False,False,,-1,64.345,4000
2026-06-28 06:54:12,127,W+2.5,31872,21,True,False,False,,-1,64.4499,4000
2026-06-28 06:55:27,147,W+17.5,34915,29,True,False,False,,-1,64.6627,4000
2026-06-28 06:56:17,89,B+0.5,19504,9,True,False,False,,-1,64.3085,4000
2026-06-28 06:57:03,87,B+0.5,17081,11,True,False,False,,-1,63.9136,4000
2026-06-28 06:57:58,113,W+6.5,25407,13,True,False,False,,-1,63.8435,4000
2026-06-28 06:59:01,104,W+2.5,26154,13,True,False,False,,-1,63.8682,4000
2026-06-28 07:00:02,118,B+2.5,29150,19,True,False,False,,-1,63.9313,4000
2026-06-28 07:01:14,135,W+2.5,32010,29,True,False,False,,-1,64.1217,4000
2026-06-28 07:02:06,109,W+4.5,24453,13,True,False,False,,-1,64.075,4000
2026-06-28 07:03:05,101,W+0.5,23989,8,True,False,False,,-1,64.0744,4000
2026-06-28 07:03:58,103,W+0.5,22352,9,True,False,False,,-1,63.88,4000
2026-06-28 07:05:05,162,W+5.5,41815,24,True,False,False,,-1,63.8301,4000
2026-06-28 07:05:57,95,W+0.5,22039,14,True,False,False,,-1,63.8137,4000
2026-06-28 07:06:59,117,B+3.5,28050,6,True,False,False,,-1,63.9213,4000
2026-06-28 07:07:51,105,W+0.5,25003,13,True,False,False,,-1,63.6609,4000
2026-06-28 07:09:00,123,W+2.5,29755,19,True,False,False,,-1,63.6564,4000
2026-06-28 07:09:59,101,B+13.5,24162,4,True,False,False,,-1,63.5168,4000
2026-06-28 07:11:04,119,B+11.5,28668,14,True,False,False,,-1,63.7237,4000
2026-06-28 07:12:02,104,B+0.5,25416,6,True,False,False,,-1,63.7479,4000
2026-06-28 07:13:22,162,W+11.5,39388,28,True,False,False,,-1,63.9454,4000
2026-06-28 07:14:04,81,B+0.5,16612,13,True,False,False,,-1,63.891,4000
2026-06-28 07:15:06,112,B+1.5,28302,13,True,False,False,,-1,63.7132,4000
2026-06-28 07:16:23,149,W+3.5,36483,28,True,False,False,,-1,63.7812,4000
2026-06-28 07:17:12,94,B+0.5,21231,7,True,False,False,,-1,63.7646,4000
2026-06-28 07:18:33,144,B+2.5,36467,17,True,False,False,,-1,63.882,4000
2026-06-28 07:19:45,131,W+2.5,31809,21,True,False,False,,-1,64.0551,4000
2026-06-28 07:20:42,102,W+4.5,23698,8,True,False,False,,-1,63.7357,4000
2026-06-28 07:21:36,99,W+1.5,23185,6,True,False,False,,-1,63.4102,4000
2026-06-28 07:22:30,101,W+5.5,22956,15,True,False,False,,-1,63.1535,4000
2026-06-28 07:23:25,97,B+17.5,21922,4,True,False,False,,-1,63.0073,4000
2026-06-28 07:24:25,102,B+3.5,23437,13,True,False,False,,-1,62.9735,4000
2026-06-28 07:25:27,107,W+1.5,25679,6,True,False,False,,-1,63.0738,4000
2026-06-28 07:26:38,127,W+0.5,32871,17,True,False,False,,-1,63.0725,4000
2026-06-28 07:27:36,112,B+3.5,27162,15,True,False,False,,-1,63.0021,4000
2026-06-28 07:28:44,125,W+1.5,30314,16,True,False,False,,-1,62.8742,4000
2026-06-28 07:30:13,162,W+6.5,41202,41,True,False,False,,-1,62.9899,4000
2026-06-28 07:31:22,162,W+11.5,43407,21,True,False,False,,-1,63.0387,4000
2026-06-28 07:32:26,117,W+5.5,27226,20,True,False,False,,-1,62.9964,4000
2026-06-28 07:33:44,145,W+0.5,36070,35,True,False,False,,-1,63.2505,4000
2026-06-28 07:34:59,149,W+0.5,34952,33,True,False,False,,-1,63.3134,4000
2026-06-28 07:36:04,107,W+11.5,27539,3,True,False,False,,-1,63.4661,4000
2026-06-28 07:37:10,124,B+2.5,30778,22,True,False,False,,-1,63.3709,4000
2026-06-28 07:38:20,119,B+25.5,28329,11,True,False,False,,-1,63.5116,4000
2026-06-28 07:39:26,117,W+0.5,27456,11,True,False,False,,-1,63.5206,4000
2026-06-28 07:40:04,73,B+12.5,14341,4,True,False,False,,-1,63.1935,4000
2026-06-28 07:41:08,123,W+7.5,30294,21,True,False,False,,-1,63.3044,4000
2026-06-28 07:41:37,57,B+7.5,10518,11,True,False,False,,-1,62.9378,4000
2026-06-28 07:42:32,105,W+7.5,23489,14,True,False,False,,-1,62.7975,4000
2026-06-28 07:43:34,125,W+0.5,28499,24,True,False,False,,-1,62.8406,4000
2026-06-28 07:44:56,146,B+8.5,36803,21,True,False,False,,-1,62.7048,4000
2026-06-28 07:46:00,121,W+2.5,27904,11,True,False,False,,-1,62.5274,4000
2026-06-28 07:46:53,91,B+0.5,20264,6,True,False,False,,-1,62.65,4000
2026-06-28 07:47:54,107,B+5.5,25767,6,True,False,False,,-1,62.6595,4000
2026-06-28 07:48:56,114,B+2.5,27450,13,True,False,False,,-1,62.5767,4000
2026-06-28 07:50:01,123,W+6.5,30494,10,True,False,False,,-1,62.2866,4000
2026-06-28 07:51:13,145,W+7.5,34735,34,True,False,False,,-1,62.4424,4000
2026-06-28 07:52:34,147,W+2.5,38119,18,True,False,False,,-1,62.7142,4000
2026-06-28 07:53:50,162,W+18.5,37702,36,True,False,False,,-1,62.6437,4000
2026-06-28 07:58:02,114,B+0.5,27303,9,True,False,False,,-1,62.545,5000
2026-06-28 07:59:05,113,W+9.5,26988,11,True,False,False,,-1,62.4412,5000
2026-06-28 08:00:09,120,B+5.5,29937,16,True,False,False,,-1,62.2325,5000
2026-06-28 08:01:02,101,W+2.5,22672,12,True,False,False,,-1,62.1013,5000
2026-06-28 08:02:02,99,W+8.5,24643,2,True,False,False,,-1,61.8788,5000
2026-06-28 08:03:00,109,W+2.5,29094,10,True,False,False,,-1,61.866,5000
2026-06-28 08:03:48,85,B+2.5,19839,2,True,False,False,,-1,61.7054,5000
2026-06-28 08:04:42,103,W+5.5,23490,7,True,False,False,,-1,61.4498,5000
2026-06-28 08:05:41,105,W+1.5,27103,9,True,False,False,,-1,61.4005,5000
2026-06-28 08:06:46,124,B+1.5,30989,14,True,False,False,,-1,61.6443,5000
2026-06-28 08:07:35,101,W+0.5,20680,19,True,False,False,,-1,61.4873,5000
2026-06-28 08:08:36,115,W+0.5,29782,15,True,False,False,,-1,61.5751,5000
2026-06-28 08:09:59,162,W+11.5,43344,30,True,False,False,,-1,61.685,5000
2026-06-28 08:11:12,123,B+9.5,32814,17,True,False,False,,-1,61.8331,5000
2026-06-28 08:12:00,89,W+8.5,21157,10,True,False,False,,-1,61.6091,5000
2026-06-28 08:12:57,99,B+3.5,23234,2,True,False,False,,-1,61.6123,5000
2026-06-28 08:13:52,103,B+6.5,25112,4,True,False,False,,-1,61.789,5000
2026-06-28 08:15:29,157,W+5.5,44211,25,True,False,False,,-1,62.2689,5000
2026-06-28 08:16:41,124,B+14.5,32096,7,True,False,False,,-1,62.2156,5000
2026-06-28 08:18:03,162,W+1.5,40329,39,True,False,False,,-1,62.4114,5000
2026-06-28 08:19:20,131,W+5.5,35480,15,True,False,False,,-1,62.6322,5000
2026-06-28 08:20:19,109,W+4.5,25251,10,True,False,False,,-1,62.6034,5000
2026-06-28 08:21:19,117,W+4.5,28805,15,True,False,False,,-1,62.9785,5000
2026-06-28 08:22:36,159,W+3.5,36706,33,True,False,False,,-1,63.0342,5000
2026-06-28 08:23:50,136,B+13.5,33530,11,True,False,False,,-1,63.2001,5000
2026-06-28 08:25:09,150,B+0.5,38409,17,True,False,False,,-1,63.3827,5000
2026-06-28 08:26:09,117,W+3.5,28009,12,True,False,False,,-1,63.1381,5000
2026-06-28 08:27:00,103,W+6.5,22744,11,True,False,False,,-1,63.2396,5000
2026-06-28 08:28:20,147,W+2.5,39625,18,True,False,False,,-1,63.3867,5000
2026-06-28 08:29:09,99,B+4.5,21260,11,True,False,False,,-1,63.3518,5000
2026-06-28 08:30:01,96,B+1.5,24125,4,True,False,False,,-1,62.9989,5000
2026-06-28 08:31:18,151,W+28.5,38425,24,True,False,False,,-1,63.1234,5000
2026-06-28 08:32:23,121,W+0.5,30224,11,True,False,False,,-1,63.1258,5000
2026-06-28 08:33:19,101,W+0.5,25930,8,True,False,False,,-1,63.3499,5000
2026-06-28 08:34:32,129,W+9.5,33743,18,True,False,False,,-1,63.9282,5000
2026-06-28 08:35:29,104,B+5.5,24569,9,True,False,False,,-1,63.7648,5000
2026-06-28 08:36:49,162,W+5.5,40020,32,True,False,False,,-1,63.8152,5000
2026-06-28 08:38:02,132,B+1.5,34065,16,True,False,False,,-1,63.7828,5000
2026-06-28 08:39:08,119,W+3.5,29444,5,True,False,False,,-1,63.6443,5000
2026-06-28 08:40:03,103,W+0.5,25910,9,True,False,False,,-1,63.4478,5000
2026-06-28 08:41:15,147,W+10.5,38030,28,True,False,False,,-1,63.5722,5000
2026-06-28 08:42:19,116,B+4.5,27677,14,True,False,False,,-1,63.4994,5000
2026-06-28 08:43:37,145,W+1.5,36476,24,True,False,False,,-1,63.5355,5000
2026-06-28 08:44:44,115,W+4.5,30527,11,True,False,False,,-1,63.7108,5000
2026-06-28 08:45:55,121,W+9.5,32556,12,True,False,False,,-1,63.9659,5000
2026-06-28 08:47:03,130,B+0.5,33402,15,True,False,False,,-1,64.086,5000
2026-06-28 08:48:07,120,B+1.5,30072,16,True,False,False,,-1,64.0922,5000
2026-06-28 08:49:03,101,W+14.5,26319,8,True,False,False,,-1,64.0489,5000
2026-06-28 08:50:02,107,W+2.5,26227,14,True,False,False,,-1,63.9158,5000
2026-06-28 08:51:06,114,B+6.5,30135,8,True,False,False,,-1,64.035,5000
2026-06-28 08:52:35,162,W+8.5,42767,37,True,False,False,,-1,64.3407,5000
2026-06-28 08:53:35,110,B+6.5,27751,4,True,False,False,,-1,64.4005,5000
2026-06-28 08:54:58,148,B+0.5,39533,29,True,False,False,,-1,64.5606,5000
2026-06-28 08:56:04,121,W+0.5,30761,14,True,False,False,,-1,64.7138,5000
2026-06-28 08:57:07,107,W+38.5,25278,4,True,False,False,,-1,64.7094,5000
2026-06-28 08:57:56,83,B+2.5,20076,4,True,False,False,,-1,64.6872,5000
2026-06-28 08:59:06,129,B+0.5,34440,15,True,False,False,,-1,64.6988,5000
2026-06-28 09:00:26,135,W+2.5,36262,17,True,False,False,,-1,64.9082,5000
2026-06-28 09:01:47,153,W+1.5,39347,35,True,False,False,,-1,65.0616,5000
2026-06-28 09:02:50,119,B+2.5,29831,15,True,False,False,,-1,65.1196,5000
2026-06-28 09:03:52,111,W+4.5,27993,6,True,False,False,,-1,64.937,5000
2026-06-28 09:04:37,77,B+0.5,17896,7,True,False,False,,-1,64.9658,5000
2026-06-28 09:05:37,107,W+0.5,28129,11,True,False,False,,-1,64.9489,5000
2026-06-28 09:06:32,100,W+9.5,22942,11,True,False,False,,-1,64.7264,5000
2026-06-28 09:07:42,117,W+0.5,29357,17,True,False,False,,-1,64.9358,5000
2026-06-28 09:08:46,131,W+1.5,33502,23,True,False,False,,-1,64.7762,5000
2026-06-28 09:09:50,120,B+1.5,30926,12,True,False,False,,-1,64.6896,5000
2026-06-28 09:10:41,97,W+8.5,20848,13,True,False,False,,-1,64.6354,5000
2026-06-28 09:11:37,101,W+7.5,25679,10,True,False,False,,-1,64.6455,5000
2026-06-28 09:13:00,149,W+13.5,39922,21,True,False,False,,-1,64.9337,5000
2026-06-28 09:14:05,131,W+4.5,31542,18,True,False,False,,-1,65.0431,5000
2026-06-28 09:15:06,105,W+15.5,25855,10,True,False,False,,-1,65.0385,5000
2026-06-28 09:16:06,104,W+3.5,25501,8,True,False,False,,-1,65.0262,5000
2026-06-28 09:17:00,103,W+0.5,25066,6,True,False,False,,-1,64.8563,5000
2026-06-28 09:18:06,123,W+0.5,31005,21,True,False,False,,-1,64.9393,5000
2026-06-28 09:19:21,132,B+27.5,33418,11,True,False,False,,-1,65.0103,5000
2026-06-28 09:20:25,108,B+17.5,28365,2,True,False,False,,-1,64.7503,5000
2026-06-28 09:21:43,137,W+1.5,36565,23,True,False,False,,-1,64.843,5000
2026-06-28 09:22:40,121,W+1.5,28019,17,True,False,False,,-1,64.7774,5000
2026-06-28 09:23:47,129,W+0.5,33429,21,True,False,False,,-1,64.6611,5000
2026-06-28 09:24:56,124,B+6.5,31751,9,True,False,False,,-1,64.6112,5000
2026-06-28 09:26:17,143,W+3.5,38085,24,True,False,False,,-1,64.765,5000
2026-06-28 09:27:40,138,B+27.5,37157,8,True,False,False,,-1,64.9361,5000
2026-06-28 09:28:22,75,B+10.5,17572,5,True,False,False,,-1,64.6579,5000
2026-06-28 09:29:30,128,B+4.5,32839,10,True,False,False,,-1,64.6784,5000
2026-06-28 09:30:36,127,W+4.5,32382,21,True,False,False,,-1,64.9648,5000
2026-06-28 09:31:38,112,B+1.5,27288,14,True,False,False,,-1,64.9365,5000
2026-06-28 09:32:47,118,B+2.5,30631,16,True,False,False,,-1,65.3332,5000
2026-06-28 09:33:55,135,B+0.5,35243,14,True,False,False,,-1,65.4705,5000
2026-06-28 09:34:57,125,W+0.5,30296,16,True,False,False,,-1,65.459,5000
2026-06-28 09:35:55,107,W+2.5,25428,8,True,False,False,,-1,65.2222,5000
2026-06-28 09:36:41,89,W+4.5,19607,6,True,False,False,,-1,65.0487,5000
2026-06-28 09:37:40,106,B+0.5,25634,8,True,False,False,,-1,65.1017,5000
2026-06-28 09:39:01,162,B+0.5,40980,30,True,False,False,,-1,65.2984,5000
2026-06-28 09:40:21,150,B+14.5,39285,18,True,False,False,,-1,65.4876,5000
2026-06-28 09:41:33,137,W+0.5,37271,15,True,False,False,,-1,65.5593,5000
2026-06-28 09:42:36,118,B+0.5,28079,15,True,False,False,,-1,65.4649,5000
2026-06-28 09:43:29,108,B+1.5,24059,15,True,False,False,,-1,65.187,5000
2026-06-28 09:44:27,108,B+1.5,27943,8,True,False,False,,-1,65.0026,5000
2026-06-28 09:45:36,131,W+0.5,33044,12,True,False,False,,-1,65.1155,5000
2026-06-28 09:46:35,111,W+8.5,27376,13,True,False,False,,-1,65.1236,5000
2026-06-28 09:47:39,104,B+5.5,27079,4,True,False,False,,-1,65.1346,5000
2026-06-28 09:48:55,144,B+0.5,37418,26,True,False,False,,-1,65.2529,5000
2026-06-28 09:49:59,114,B+1.5,27835,13,True,False,False,,-1,65.3679,5000
2026-06-28 09:51:19,139,W+5.5,36571,21,True,False,False,,-1,65.5572,5000
2026-06-28 09:52:07,83,B+4.5,19640,4,True,False,False,,-1,65.4597,5000
2026-06-28 09:53:06,114,B+2.5,27484,10,True,False,False,,-1,65.5683,5000
2026-06-28 09:54:06,108,B+4.5,25981,10,True,False,False,,-1,65.6342,5000
2026-06-28 09:55:10,125,W+14.5,28776,21,True,False,False,,-1,65.6847,5000
2026-06-28 09:56:02,95,B+5.5,22741,8,True,False,False,,-1,65.5545,5000
2026-06-28 09:57:26,158,B+2.5,41790,29,True,False,False,,-1,65.9064,5000
2026-06-28 09:58:37,133,W+2.5,33649,21,True,False,False,,-1,66.003,5000
2026-06-28 10:00:08,162,B+5.5,44205,27,True,False,False,,-1,66.0834,5000
2026-06-28 10:01:07,107,W+8.5,26745,12,True,False,False,,-1,65.939,5000
2026-06-28 10:02:18,120,B+4.5,29825,14,True,False,False,,-1,66.1721,5000
2026-06-28 10:03:20,115,W+1.5,28471,9,True,False,False,,-1,66.2312,5000
2026-06-28 10:04:18,111,W+0.5,27587,13,True,False,False,,-1,66.2579,5000
2026-06-28 10:05:24,119,W+21.5,30881,10,True,False,False,,-1,65.9405,5000
2026-06-28 10:06:25,108,B+4.5,26417,4,True,False,False,,-1,65.8299,5000
2026-06-28 10:07:49,161,W+5.5,40683,29,True,False,False,,-1,65.8537,5000
2026-06-28 10:08:38,101,W+13.5,22740,8,True,False,False,,-1,65.5796,5000
2026-06-28 10:09:25,93,W+10.5,20436,8,True,False,False,,-1,65.4536,5000
2026-06-28 10:10:22,107,W+1.5,25491,20,True,False,False,,-1,65.4328,5000
2026-06-28 10:11:17,104,B+0.5,25903,8,True,False,False,,-1,65.2051,5000
2026-06-28 10:12:32,162,W+2.5,40167,36,True,False,False,,-1,65.2194,5000
2026-06-28 10:13:36,125,W+0.5,30059,20,True,False,False,,-1,65.0627,5000
2026-06-28 10:14:54,142,B+6.5,37431,22,True,False,False,,-1,65.2465,5000
2026-06-28 10:15:45,88,W+9.5,19414,13,True,False,False,,-1,65.2384,5000
2026-06-28 10:16:42,102,B+1.5,24344,6,True,False,False,,-1,65.0142,5000
2026-06-28 10:18:01,162,B+8.5,38040,25,True,False,False,,-1,65.3065,5000
2026-06-28 10:18:47,82,W+1.5,18845,9,True,False,False,,-1,65.2578,5000
2026-06-28 10:19:51,107,W+10.5,28172,11,True,False,False,,-1,65.1251,5000
2026-06-28 10:20:41,85,W+17.5,20463,3,True,False,False,,-1,64.9726,5000
2026-06-28 10:21:55,127,W+2.5,34292,16,True,False,False,,-1,65.1584,5000
2026-06-28 10:22:55,111,W+1.5,28524,13,True,False,False,,-1,65.0309,5000
2026-06-28 10:24:05,137,W+3.5,33209,25,True,False,False,,-1,65.1602,5000
2026-06-28 10:24:56,100,B+0.5,23436,10,True,False,False,,-1,64.8672,5000
2026-06-28 10:26:22,161,W+1.5,42293,28,True,False,False,,-1,64.9952,5000
2026-06-28 10:27:27,127,W+2.5,28407,18,True,False,False,,-1,64.9842,5000
2026-06-28 10:28:31,123,W+3.5,29589,17,True,False,False,,-1,65.075,5000
2026-06-28 10:29:27,109,W+2.5,26679,16,True,False,False,,-1,64.9151,5000
2026-06-28 10:30:37,119,B+32.5,30158,2,True,False,False,,-1,64.9835,5000
2026-06-28 10:31:40,123,W+3.5,31049,19,True,False,False,,-1,64.8239,5000
2026-06-28 10:32:49,133,W+0.5,34049,13,True,False,False,,-1,64.8412,5000
2026-06-28 10:33:52,105,W+3.5,26371,7,True,False,False,,-1,64.7641,5000
2026-06-28 10:35:06,125,W+9.5,32042,21,True,False,False,,-1,64.8237,5000
2026-06-28 10:35:55,86,W+2.5,20205,5,True,False,False,,-1,64.6798,5000
2026-06-28 10:37:18,162,B+5.5,39714,28,True,False,False,,-1,64.9459,5000
2026-06-28 10:38:38,138,B+12.5,35740,13,True,False,False,,-1,65.1584,5000
2026-06-28 10:39:38,110,B+7.5,26740,8,True,False,False,,-1,65.1171,5000
2026-06-28 10:40:40,117,W+3.5,29752,24,True,False,False,,-1,64.8409,5000
2026-06-28 10:41:31,94,B+2.5,21995,5,True,False,False,,-1,64.7605,5000
2026-06-28 10:42:39,162,W+8.5,39792,33,True,False,False,,-1,64.6033,5000
2026-06-28 10:43:52,127,W+8.5,34298,18,True,False,False,,-1,64.6772,5000
2026-06-28 10:44:53,108,B+1.5,27818,13,True,False,False,,-1,64.6567,5000
2026-06-28 10:46:06,143,W+1.5,35055,24,True,False,False,,-1,64.8912,5000
2026-06-28 10:46:58,105,W+1.5,24270,14,True,False,False,,-1,64.7074,5000
2026-06-28 10:48:14,141,W+7.5,36443,30,True,False,False,,-1,64.6752,5000
2026-06-28 10:49:42,162,B+5.5,41219,25,True,False,False,,-1,64.7482,5000
2026-06-28 10:50:52,116,B+0.5,30578,13,True,False,False,,-1,64.8165,5000
2026-06-28 10:51:52,109,W+2.5,26668,9,True,False,False,,-1,64.7965,5000
2026-06-28 10:53:03,141,W+2.5,36049,30,True,False,False,,-1,65.0576,5000
2026-06-28 10:54:09,120,B+1.5,31033,11,True,False,False,,-1,65.1144,5000
2026-06-28 10:55:03,95,W+7.5,23150,3,True,False,False,,-1,65.1108,5000
2026-06-28 10:56:04,107,W+0.5,27805,12,True,False,False,,-1,65.014,5000
2026-06-28 10:57:15,132,B+3.5,32392,20,True,False,False,,-1,65.0853,5000
2026-06-28 10:58:29,133,W+4.5,33878,16,True,False,False,,-1,65.1775,5000
2026-06-28 10:59:29,112,B+4.5,26028,13,True,False,False,,-1,65.2738,5000
2026-06-28 11:00:18,89,W+5.5,21474,7,True,False,False,,-1,65.2076,5000
2026-06-28 11:01:20,113,W+1.5,27251,21,True,False,False,,-1,64.9971,5000
2026-06-28 11:02:23,119,W+4.5,29580,18,True,False,False,,-1,64.9716,5000
2026-06-28 11:03:51,162,B+6.5,42161,31,True,False,False,,-1,65.2513,5000
2026-06-28 11:04:46,109,W+4.5,27366,16,True,False,False,,-1,65.1966,5000
2026-06-28 11:06:22,162,W+1.5,46052,33,True,False,False,,-1,65.6223,5000
2026-06-28 11:07:47,162,W+12.5,41925,32,True,False,False,,-1,65.8031,5000
2026-06-28 11:11:57,128,B+0.5,34940,14,True,False,False,,-1,65.7608,6000
2026-06-28 11:12:56,100,B+2.5,26013,9,True,False,False,,-1,65.5675,6000
2026-06-28 11:14:02,116,B+2.5,31330,12,True,False,False,,-1,65.6562,6000
2026-06-28 11:15:18,127,W+3.5,33581,23,True,False,False,,-1,65.7495,6000
2026-06-28 11:16:49,162,W+4.5,40683,30,True,False,False,,-1,65.9623,6000
2026-06-28 11:17:43,95,W+1.5,24255,6,True,False,False,,-1,65.6985,6000
2026-06-28 11:18:46,96,B+0.5,27086,7,True,False,False,,-1,65.4958,6000
2026-06-28 11:19:39,86,B+3.5,22344,3,True,False,False,,-1,65.6024,6000
2026-06-28 11:20:53,162,W+6.5,42312,30,True,False,False,,-1,65.6635,6000
2026-06-28 11:21:46,89,B+0.5,22682,10,True,False,False,,-1,65.5235,6000
2026-06-28 11:22:55,120,B+4.5,34066,15,True,False,False,,-1,65.6096,6000
2026-06-28 11:24:16,162,B+1.5,42417,22,True,False,False,,-1,65.7226,6000
2026-06-28 11:25:28,162,W+9.5,43241,21,True,False,False,,-1,65.7592,6000
2026-06-28 11:26:32,122,B+3.5,30216,22,True,False,False,,-1,65.7873,6000
2026-06-28 11:27:29,105,W+8.5,25350,13,True,False,False,,-1,65.7777,6000
2026-06-28 11:28:31,128,B+15.5,33525,11,True,False,False,,-1,65.9342,6000
2026-06-28 11:29:41,122,B+1.5,33176,19,True,False,False,,-1,66.0407,6000
2026-06-28 11:30:43,110,B+1.5,28870,8,True,False,False,,-1,65.8598,6000
2026-06-28 11:31:41,97,W+1.5,25055,11,True,False,False,,-1,65.6251,6000
2026-06-28 11:32:48,129,W+3.5,32561,25,True,False,False,,-1,65.5798,6000
2026-06-28 11:33:54,115,B+7.5,31905,5,True,False,False,,-1,65.6192,6000
2026-06-28 11:34:56,121,W+1.5,28896,23,True,False,False,,-1,65.7027,6000
2026-06-28 11:36:24,162,B+5.5,45207,24,True,False,False,,-1,66.0019,6000
2026-06-28 11:37:21,109,W+0.5,27134,18,True,False,False,,-1,65.8783,6000
2026-06-28 11:38:32,129,W+1.5,36023,15,True,False,False,,-1,66.0053,6000
2026-06-28 11:39:46,131,W+1.5,36142,18,True,False,False,,-1,66.0985,6000
2026-06-28 11:40:36,89,B+4.5,21382,3,True,False,False,,-1,65.8408,6000
2026-06-28 11:41:45,127,W+2.5,33755,16,True,False,False,,-1,65.8917,6000
2026-06-28 11:42:57,138,B+0.5,32003,27,True,False,False,,-1,65.8137,6000
2026-06-28 11:44:12,128,B+0.5,35918,10,True,False,False,,-1,66.0875,6000
2026-06-28 11:45:30,162,W+0.5,39113,38,True,False,False,,-1,66.2784,6000
2026-06-28 11:46:22,91,W+4.5,23366,10,True,False,False,,-1,66.1908,6000
2026-06-28 11:47:19,103,W+0.5,26862,15,True,False,False,,-1,66.12,6000
2026-06-28 11:48:19,101,W+8.5,27787,10,True,False,False,,-1,66.208,6000
2026-06-28 11:49:10,91,B+5.5,22564,4,True,False,False,,-1,65.8759,6000
2026-06-28 11:50:03,107,W+0.5,26468,16,True,False,False,,-1,65.6925,6000
2026-06-28 11:51:26,161,B+6.5,43437,28,True,False,False,,-1,65.6114,6000
2026-06-28 11:52:25,110,B+1.5,27763,7,True,False,False,,-1,65.6142,6000
2026-06-28 11:53:23,101,W+3.5,25920,10,True,False,False,,-1,65.4808,6000
2026-06-28 11:54:22,104,B+2.5,26978,11,True,False,False,,-1,65.448,6000
2026-06-28 11:55:19,95,B+0.5,24570,3,True,False,False,,-1,65.4366,6000
2026-06-28 11:55:57,63,B+2.5,15611,5,True,False,False,,-1,65.1663,6000
2026-06-28 11:57:13,147,W+0.5,35826,29,True,False,False,,-1,65.3175,6000
2026-06-28 11:58:10,101,W+0.5,26012,12,True,False,False,,-1,65.0442,6000
2026-06-28 11:59:19,143,W+2.5,33916,33,True,False,False,,-1,65.2402,6000
2026-06-28 12:00:46,162,B+14.5,43548,30,True,False,False,,-1,65.6434,6000
2026-06-28 12:01:41,101,B+4.5,26224,5,True,False,False,,-1,65.6177,6000
2026-06-28 12:02:51,137,W+2.5,34060,27,True,False,False,,-1,65.7669,6000
2026-06-28 12:03:41,99,W+0.5,24638,11,True,False,False,,-1,65.5189,6000
2026-06-28 12:04:37,96,B+1.5,24936,4,True,False,False,,-1,65.4465,6000
2026-06-28 12:05:32,104,B+1.5,26966,14,True,False,False,,-1,65.2183,6000
2026-06-28 12:06:31,105,W+1.5,26905,12,True,False,False,,-1,65.2924,6000
2026-06-28 12:07:23,89,B+0.5,21573,12,True,False,False,,-1,65.2394,6000
2026-06-28 12:08:28,117,W+1.5,30921,18,True,False,False,,-1,65.1042,6000
2026-06-28 12:09:52,154,B+6.5,39234,24,True,False,False,,-1,65.4811,6000
2026-06-28 12:10:59,138,B+1.5,33271,22,True,False,False,,-1,65.5049,6000
2026-06-28 12:12:13,139,W+5.5,35844,31,True,False,False,,-1,65.7509,6000
2026-06-28 12:13:11,107,W+7.5,28288,10,True,False,False,,-1,65.5933,6000
2026-06-28 12:14:07,98,B+1.5,25694,8,True,False,False,,-1,65.5507,6000
2026-06-28 12:15:02,92,B+2.5,23917,3,True,False,False,,-1,65.4019,6000
2026-06-28 12:16:10,125,W+1.5,33658,18,True,False,False,,-1,65.5737,6000
2026-06-28 12:17:03,93,W+2.5,24853,9,True,False,False,,-1,65.2427,6000
2026-06-28 12:18:16,133,W+4.5,33958,21,True,False,False,,-1,65.3221,6000
2026-06-28 12:19:18,108,B+2.5,28915,14,True,False,False,,-1,65.3008,6000
2026-06-28 12:20:13,99,W+2.5,24449,12,True,False,False,,-1,65.2864,6000
2026-06-28 12:21:09,112,B+0.5,27873,9,True,False,False,,-1,65.1509,6000
2026-06-28 12:22:15,117,W+1.5,30169,25,True,False,False,,-1,65.1864,6000
2026-06-28 12:23:20,114,B+2.5,29877,13,True,False,False,,-1,65.1428,6000
2026-06-28 12:24:24,121,W+0.5,31803,18,True,False,False,,-1,65.1539,6000
2026-06-28 12:25:22,101,W+2.5,26787,16,True,False,False,,-1,64.9855,6000
2026-06-28 12:26:34,133,W+3.5,34440,21,True,False,False,,-1,65.22,6000
2026-06-28 12:27:21,85,W+5.5,21165,8,True,False,False,,-1,64.8535,6000
2026-06-28 12:28:45,162,B+9.5,45437,26,True,False,False,,-1,64.8982,6000
2026-06-28 12:29:39,86,B+3.5,23841,4,True,False,False,,-1,64.8372,6000
2026-06-28 12:30:36,100,B+5.5,25716,5,True,False,False,,-1,64.7915,6000
2026-06-28 12:31:38,115,B+1.5,30294,13,True,False,False,,-1,64.9009,6000
2026-06-28 12:32:44,117,W+1.5,29532,19,True,False,False,,-1,64.885,6000
2026-06-28 12:33:58,129,W+2.5,35026,12,True,False,False,,-1,64.8845,6000
2026-06-28 12:35:12,130,B+2.5,36080,9,True,False,False,,-1,65.0224,6000
2026-06-28 12:36:01,88,W+0.5,21695,2,True,False,False,,-1,64.7879,6000
2026-06-28 12:37:19,138,B+1.5,35363,31,True,False,False,,-1,65.0467,6000
2026-06-28 12:38:23,115,W+2.5,30763,13,True,False,False,,-1,64.9194,6000
2026-06-28 12:39:24,96,B+1.5,25913,7,True,False,False,,-1,64.6458,6000
2026-06-28 12:40:36,130,B+0.5,34871,18,True,False,False,,-1,64.6676,6000
2026-06-28 12:41:45,115,B+2.5,31796,3,True,False,False,,-1,64.7554,6000
2026-06-28 12:42:47,107,B+3.5,28947,9,True,False,False,,-1,64.6684,6000
2026-06-28 12:43:43,107,W+1.5,26877,17,True,False,False,,-1,64.5709,6000
2026-06-28 12:44:15,55,B+8.5,12678,3,True,False,False,,-1,64.3511,6000
2026-06-28 12:45:11,104,B+0.5,27625,10,True,False,False,,-1,64.3067,6000
2026-06-28 12:46:12,105,W+13.5,28323,3,True,False,False,,-1,64.2022,6000
2026-06-28 12:47:11,99,W+2.5,24535,3,True,False,False,,-1,64.0539,6000
2026-06-28 12:47:59,79,B+6.5,20060,7,True,False,False,,-1,63.9288,6000
2026-06-28 12:48:55,95,B+0.5,25069,11,True,False,False,,-1,64.0047,6000
2026-06-28 12:50:00,113,B+2.5,29540,10,True,False,False,,-1,64.0326,6000
2026-06-28 12:50:52,91,W+2.5,23425,4,True,False,False,,-1,63.9196,6000
2026-06-28 12:51:59,112,B+1.5,30463,14,True,False,False,,-1,63.7064,6000
2026-06-28 12:52:58,106,B+1.5,28027,14,True,False,False,,-1,63.7509,6000
2026-06-28 12:54:00,107,W+2.5,26719,17,True,False,False,,-1,63.4112,6000
2026-06-28 12:55:09,124,B+1.5,32854,24,True,False,False,,-1,63.2572,6000
2026-06-28 12:56:09,97,W+2.5,25361,9,True,False,False,,-1,63.2334,6000
2026-06-28 12:57:10,115,W+7.5,28746,22,True,False,False,,-1,63.1226,6000
2026-06-28 12:58:17,119,W+3.5,31387,21,True,False,False,,-1,63.2085,6000
2026-06-28 12:58:47,54,W+1.5,11136,3,True,False,False,,-1,62.8418,6000
2026-06-28 12:59:58,138,B+1.5,35079,23,True,False,False,,-1,62.7933,6000
2026-06-28 13:00:55,107,W+1.5,28964,14,True,False,False,,-1,62.4554,6000
2026-06-28 13:01:21,45,B+0.5,9901,3,True,False,False,,-1,62.1708,6000
2026-06-28 13:02:16,102,B+2.5,26514,9,True,False,False,,-1,62.0918,6000
2026-06-28 13:03:15,99,B+2.5,26198,11,True,False,False,,-1,62.1533,6000
2026-06-28 13:04:09,103,W+0.5,24928,10,True,False,False,,-1,61.9525,6000
2026-06-28 13:05:07,109,W+1.5,26966,12,True,False,False,,-1,62.0118,6000
2026-06-28 13:06:09,119,W+1.5,29985,21,True,False,False,,-1,61.927,6000
2026-06-28 13:06:59,91,W+0.5,22025,8,True,False,False,,-1,61.6221,6000
2026-06-28 13:08:19,162,W+6.5,45393,25,True,False,False,,-1,61.7061,6000
2026-06-28 13:09:29,114,B+1.5,31822,8,True,False,False,,-1,61.7607,6000
2026-06-28 13:10:28,116,B+1.5,30021,20,True,False,False,,-1,61.7882,6000
2026-06-28 13:11:34,116,B+2.5,29794,10,True,False,False,,-1,61.8241,6000
2026-06-28 13:12:27,99,W+9.5,25520,12,True,False,False,,-1,61.6636,6000
2026-06-28 13:13:21,92,B+5.5,25104,5,True,False,False,,-1,61.5689,6000
2026-06-28 13:14:38,147,W+3.5,36614,31,True,False,False,,-1,61.7667,6000
2026-06-28 13:15:38,114,B+2.5,31422,14,True,False,False,,-1,61.698,6000
2026-06-28 13:17:01,151,W+1.5,37859,32,True,False,False,,-1,61.8602,6000
2026-06-28 13:18:12,136,B+1.5,36520,27,True,False,False,,-1,61.9605,6000
2026-06-28 13:19:12,119,W+1.5,28370,23,True,False,False,,-1,61.6733,6000
2026-06-28 13:20:33,162,W+12.5,38729,34,True,False,False,,-1,61.918,6000
2026-06-28 13:21:40,131,W+4.5,33484,9,True,False,False,,-1,61.8733,6000
2026-06-28 13:22:41,101,W+5.5,27189,12,True,False,False,,-1,61.7487,6000
2026-06-28 13:23:37,94,B+3.5,24417,2,True,False,False,,-1,61.8036,6000
2026-06-28 13:24:58,162,W+16.5,41366,38,True,False,False,,-1,61.9267,6000
2026-06-28 13:26:00,107,W+1.5,28221,15,True,False,False,,-1,61.8305,6000
2026-06-28 13:27:01,104,B+2.5,26716,9,True,False,False,,-1,61.6833,6000
2026-06-28 13:27:55,97,W+5.5,23650,10,True,False,False,,-1,61.4464,6000
2026-06-28 13:28:50,107,W+4.5,26078,16,True,False,False,,-1,61.4789,6000
2026-06-28 13:29:45,98,B+1.5,26430,7,True,False,False,,-1,61.4521,6000
2026-06-28 13:30:27,83,B+0.5,18930,14,True,False,False,,-1,61.2756,6000
2026-06-28 13:31:40,162,W+0.5,41922,28,True,False,False,,-1,61.4963,6000
2026-06-28 13:32:52,124,B+0.5,34127,7,True,False,False,,-1,61.6866,6000
2026-06-28 13:33:51,101,W+7.5,25534,10,True,False,False,,-1,61.4409,6000
2026-06-28 13:34:45,89,W+6.5,24376,5,True,False,False,,-1,61.3957,6000
2026-06-28 13:35:49,106,B+1.5,29147,9,True,False,False,,-1,61.4584,6000
2026-06-28 13:36:45,115,W+0.5,27625,15,True,False,False,,-1,61.429,6000
2026-06-28 13:38:13,162,B+4.5,43068,22,True,False,False,,-1,61.7331,6000
2026-06-28 13:39:35,149,W+0.5,40677,25,True,False,False,,-1,62.178,6000
2026-06-28 13:41:04,155,B+2.5,42527,30,True,False,False,,-1,62.3062,6000
2026-06-28 13:42:03,100,B+2.5,25461,4,True,False,False,,-1,62.3299,6000
2026-06-28 13:43:17,158,B+5.5,41347,29,True,False,False,,-1,62.3748,6000
2026-06-28 13:44:23,108,W+10.5,29842,9,True,False,False,,-1,62.1649,6000
2026-06-28 13:45:37,134,B+0.5,36441,13,True,False,False,,-1,62.359,6000
2026-06-28 13:46:44,117,W+1.5,32181,15,True,False,False,,-1,62.3305,6000
2026-06-28 13:47:47,108,B+4.5,27865,10,True,False,False,,-1,62.4535,6000
2026-06-28 13:49:00,141,W+1.5,37530,25,True,False,False,,-1,62.6172,6000
2026-06-28 13:50:23,162,W+3.5,38884,31,True,False,False,,-1,62.8999,6000
2026-06-28 13:51:42,148,B+1.5,38609,23,True,False,False,,-1,63.1092,6000
2026-06-28 13:52:53,129,W+0.5,35123,19,True,False,False,,-1,63.3016,6000
2026-06-28 13:54:03,120,B+1.5,32649,13,True,False,False,,-1,63.3454,6000
2026-06-28 13:55:09,126,B+2.5,32290,15,True,False,False,,-1,63.1668,6000
2026-06-28 13:56:22,127,W+1.5,35105,12,True,False,False,,-1,63.2336,6000
2026-06-28 13:57:38,129,W+2.5,34614,26,True,False,False,,-1,63.2491,6000
2026-06-28 13:58:52,139,W+7.5,35858,23,True,False,False,,-1,63.4056,6000
2026-06-28 13:59:54,109,W+3.5,28792,9,True,False,False,,-1,63.4657,6000
2026-06-28 14:00:41,85,B+0.5,18970,13,True,False,False,,-1,63.3857,6000
2026-06-28 14:01:41,105,W+2.5,26874,10,True,False,False,,-1,63.3075,6000
2026-06-28 14:02:44,116,B+3.5,30130,15,True,False,False,,-1,63.4044,6000
2026-06-28 14:03:47,115,W+13.5,28961,19,True,False,False,,-1,63.3034,6000
2026-06-28 14:04:44,98,B+2.5,26605,7,True,False,False,,-1,63.2615,6000
2026-06-28 14:05:48,115,B+3.5,30528,21,True,False,False,,-1,63.3497,6000
2026-06-28 14:07:13,162,W+20.5,42149,33,True,False,False,,-1,63.6387,6000
2026-06-28 14:08:07,96,B+2.5,23787,8,True,False,False,,-1,63.5133,6000
2026-06-28 14:09:11,114,B+2.5,29176,13,True,False,False,,-1,63.5026,6000
2026-06-28 14:10:08,102,B+2.5,26691,10,True,False,False,,-1,63.4267,6000
2026-06-28 14:11:19,118,B+0.5,33432,6,True,False,False,,-1,63.5743,6000
2026-06-28 14:12:34,143,W+4.5,36084,26,True,False,False,,-1,63.5929,6000
2026-06-28 14:13:32,94,B+6.5,25783,3,True,False,False,,-1,63.7139,6000
2026-06-28 14:14:32,102,B+2.5,26976,10,True,False,False,,-1,63.4725,6000
2026-06-28 14:15:40,113,B+3.5,30954,13,True,False,False,,-1,63.6056,6000
2026-06-28 14:16:47,123,W+4.5,32608,14,True,False,False,,-1,63.7116,6000
2026-06-28 14:17:55,117,W+2.5,31851,18,True,False,False,,-1,63.7679,6000
2026-06-28 14:18:45,95,B+0.5,22531,7,True,False,False,,-1,63.6048,6000
2026-06-28 14:19:54,127,W+0.5,34903,21,True,False,False,,-1,63.5599,6000
2026-06-28 14:20:57,129,B+2.5,31165,33,True,False,False,,-1,63.4497,6000
2026-06-28 14:25:24,160,B+R,42088,20,False,False,False,W,-0.88,63.5695,7000
2026-06-28 14:26:09,73,W+R,15792,3,False,False,False,B,-0.88,63.3862,7000
2026-06-28 14:27:06,109,W+0.5,26616,17,True,True,False,B,-0.88,63.3446,7000
2026-06-28 14:27:56,75,W+R,20222,0,False,False,False,B,-0.88,63.1232,7000
2026-06-28 14:29:06,104,B+R,30522,4,False,False,False,W,-0.88,63.1286,7000
2026-06-28 14:30:01,98,B+R,25705,10,False,False,False,W,-0.88,63.0592,7000
2026-06-28 14:31:01,120,B+R,31448,20,False,False,False,W,-0.88,63.103,7000
2026-06-28 14:31:54,83,W+R,22233,8,False,False,False,B,-0.88,63.3021,7000
2026-06-28 14:32:48,91,W+R,23525,6,False,False,False,B,-0.88,63.2863,7000
2026-06-28 14:33:28,71,B+3.5,18049,5,False,False,False,,-0.88,63.0752,7000
2026-06-28 14:34:01,55,W+R,12889,0,False,False,False,B,-0.88,62.8233,7000
2026-06-28 14:34:54,88,B+R,23298,4,False,False,False,W,-0.88,62.8675,7000
2026-06-28 14:36:06,124,B+R,35170,8,False,False,False,W,-0.88,63.0232,7000
2026-06-28 14:36:42,63,W+R,13744,0,False,False,False,B,-0.88,62.7401,7000
2026-06-28 14:37:35,95,W+R,23779,9,False,False,False,B,-0.88,62.7479,7000
2026-06-28 14:38:35,104,B+4.5,26011,14,True,True,False,W,-0.88,62.687,7000
2026-06-28 14:39:24,73,W+R,20352,5,False,False,False,B,-0.88,62.5791,7000
2026-06-28 14:40:01,63,B+2.5,15022,3,False,False,False,,-0.88,62.3247,7000
2026-06-28 14:40:56,92,B+R,25824,4,False,False,False,W,-0.88,62.1848,7000
2026-06-28 14:41:45,91,W+R,22749,7,False,False,False,B,-0.88,62.085,7000
2026-06-28 14:42:51,121,B+2.5,31013,11,True,True,False,W,-0.88,62.1285,7000
2026-06-28 14:43:47,96,B+R,25375,5,False,False,False,W,-0.88,62.0139,7000
2026-06-28 14:44:42,93,W+R,26248,3,False,False,False,B,-0.88,62.2637,7000
2026-06-28 14:45:46,108,B+R,30122,7,False,False,False,W,-0.88,62.1957,7000
2026-06-28 14:46:44,103,W+R,26427,8,False,False,False,B,-0.88,62.2033,7000
2026-06-28 14:47:35,82,B+R,23136,3,False,False,False,W,-0.88,62.4558,7000
2026-06-28 14:48:36,113,W+R,29139,19,False,False,False,B,-0.88,62.5223,7000
