datetime,game_length,game_result,num_passes,is_resign_disabled,is_marked_for_resign,is_could_won,marked_resign_player,resign_threshold,time_per_game,training_steps
2026-06-18 19:19:57,122,W+40.5,3,True,False,False,,-1,54.6901,0
2026-06-18 19:20:53,135,B+44.5,4,True,False,False,,-1,55.4649,0
2026-06-18 19:21:38,101,W+5.5,3,True,False,False,,-1,51.8053,0
2026-06-18 19:22:24,105,B+27.5,6,True,False,False,,-1,50.4786,0
2026-06-18 19:23:34,150,B+40.5,9,True,False,False,,-1,54.47,0
2026-06-18 19:24:05,71,B+0.5,4,True,False,False,,-1,50.4444,0
2026-06-18 19:25:05,157,W+38.5,3,True,False,False,,-1,51.8951,0
2026-06-18 19:25:57,130,B+22.5,2,True,False,False,,-1,51.8117,0
2026-06-18 19:26:20,62,W+10.5,2,True,False,False,,-1,48.6725,0
2026-06-18 19:26:45,63,B+3.5,2,True,False,False,,-1,46.3229,0
2026-06-18 19:27:26,95,W+13.5,2,True,False,False,,-1,45.8155,0
2026-06-18 19:28:22,149,W+34.5,7,True,False,False,,-1,46.6222,0
2026-06-18 19:29:27,162,B+50.5,3,True,False,False,,-1,48.0492,0
2026-06-18 19:30:10,118,W+26.5,3,True,False,False,,-1,47.7138,0
2026-06-18 19:31:11,162,B+29.5,2,True,False,False,,-1,48.6214,0
2026-06-18 19:32:14,162,B+32.5,1,True,False,False,,-1,49.4821,0
2026-06-18 19:32:54,97,B+16.5,3,True,False,False,,-1,48.9346,0
2026-06-18 19:33:14,52,W+8.5,2,True,False,False,,-1,47.3425,0
2026-06-18 19:33:23,28,W+7.5,2,True,False,False,,-1,45.2834,0
2026-06-18 19:34:14,108,B+14.5,4,True,False,False,,-1,45.5699,0
2026-06-18 19:35:20,162,B+41.5,2,True,False,False,,-1,46.5405,0
2026-06-18 19:35:30,34,W+7.5,2,True,False,False,,-1,44.9023,0
2026-06-18 19:35:47,48,W+10.5,3,True,False,False,,-1,43.6972,0
2026-06-18 19:35:53,20,W+7.5,2,True,False,False,,-1,42.1056,0
2026-06-18 19:36:49,162,B+12.5,1,True,False,False,,-1,42.6527,0
2026-06-18 19:37:33,108,B+24.5,3,True,False,False,,-1,42.7288,0
2026-06-18 19:38:39,150,B+33.5,4,True,False,False,,-1,43.5733,0
2026-06-18 19:39:49,150,B+7.5,5,True,False,False,,-1,44.5254,0
2026-06-18 19:40:46,141,B+33.5,3,True,False,False,,-1,44.9463,0
2026-06-18 19:41:36,126,W+33.5,4,True,False,False,,-1,45.1273,0
2026-06-18 19:42:25,125,B+22.5,4,True,False,False,,-1,45.2508,0
2026-06-18 19:43:20,132,W+37.5,13,True,False,False,,-1,45.5554,0
2026-06-18 19:44:00,89,W+8.5,2,True,False,False,,-1,45.4019,0
2026-06-18 19:44:34,82,W+6.5,7,True,False,False,,-1,45.062,0
2026-06-18 19:45:35,155,W+20.5,7,True,False,False,,-1,45.517,0
2026-06-18 19:46:06,70,W+4.5,4,True,False,False,,-1,45.1015,0
2026-06-18 19:46:13,26,W+9.5,2,True,False,False,,-1,44.0787,0
2026-06-18 19:47:17,162,B+29.5,6,True,False,False,,-1,44.5996,0
2026-06-18 19:48:07,125,B+11.5,4,True,False,False,,-1,44.7442,0
2026-06-18 19:48:49,125,W+30.5,5,True,False,False,,-1,44.6691,0
2026-06-18 19:49:26,83,W+7.5,5,True,False,False,,-1,44.4734,0
2026-06-18 19:50:20,148,W+57.5,12,True,False,False,,-1,44.7203,0
2026-06-18 19:50:49,70,W+9.5,2,True,False,False,,-1,44.3477,0
2026-06-18 19:51:56,148,W+20.5,2,True,False,False,,-1,44.8647,0
2026-06-18 19:52:37,110,W+29.5,3,True,False,False,,-1,44.7769,0
2026-06-18 19:53:10,76,W+8.5,2,True,False,False,,-1,44.5107,0
2026-06-18 19:54:02,150,W+38.5,4,True,False,False,,-1,44.6838,0
2026-06-18 19:54:09,24,W+7.5,2,True,False,False,,-1,43.897,0
2026-06-18 19:54:34,62,W+3.5,4,True,False,False,,-1,43.4955,0
2026-06-18 19:55:10,87,B+9.5,3,True,False,False,,-1,43.3467,0
2026-06-18 19:55:52,112,W+44.5,4,True,False,False,,-1,43.3296,0
2026-06-18 19:56:05,40,W+6.5,2,True,False,False,,-1,42.744,0
2026-06-18 19:56:48,101,B+9.5,2,True,False,False,,-1,42.7465,0
2026-06-18 19:57:54,162,W+85.5,8,True,False,False,,-1,43.1716,0
2026-06-18 19:58:20,64,W+3.5,3,True,False,False,,-1,42.8674,0
2026-06-18 19:59:11,123,W+38.5,3,True,False,False,,-1,43.0186,0
2026-06-18 20:00:13,162,B+20.5,4,True,False,False,,-1,43.3435,0
2026-06-18 20:01:22,155,B+44.5,7,True,False,False,,-1,43.7807,0
2026-06-18 20:01:56,83,B+2.5,7,True,False,False,,-1,43.6187,0
2026-06-18 20:03:01,162,W+31.5,2,True,False,False,,-1,43.9828,0
2026-06-18 20:03:59,126,W+41.5,2,True,False,False,,-1,44.2121,0
2026-06-18 20:04:58,142,B+40.5,3,True,False,False,,-1,44.4426,0
2026-06-18 20:05:42,140,B+32.5,3,True,False,False,,-1,44.4439,0
2026-06-18 20:06:52,149,B+29.5,6,True,False,False,,-1,44.8403,0
2026-06-18 20:07:34,100,W+6.5,3,True,False,False,,-1,44.8016,0
2026-06-18 20:08:19,104,B+18.5,2,True,False,False,,-1,44.7978,0
2026-06-18 20:09:18,162,B+34.5,2,True,False,False,,-1,45.0094,0
2026-06-18 20:10:16,142,W+39.5,4,True,False,False,,-1,45.196,0
2026-06-18 20:11:18,157,B+22.5,4,True,False,False,,-1,45.4521,0
2026-06-18 20:12:06,124,B+14.5,3,True,False,False,,-1,45.4799,0
2026-06-18 20:12:37,71,B+0.5,6,True,False,False,,-1,45.2791,0
2026-06-18 20:13:37,162,W+38.5,1,True,False,False,,-1,45.477,0
2026-06-18 20:14:36,135,B+16.5,3,True,False,False,,-1,45.672,0
2026-06-18 20:15:29,162,B+18.5,0,True,False,False,,-1,45.7614,0
2026-06-18 20:16:14,110,W+40.5,4,True,False,False,,-1,45.7586,0
2026-06-18 20:17:04,120,W+41.5,7,True,False,False,,-1,45.806,0
2026-06-18 20:17:46,111,B+6.5,3,True,False,False,,-1,45.7616,0
2026-06-18 20:18:51,162,W+29.5,2,True,False,False,,-1,46.01,0
2026-06-18 20:19:51,154,W+36.5,16,True,False,False,,-1,46.1866,0
2026-06-18 20:20:57,156,B+37.5,4,True,False,False,,-1,46.4324,0
2026-06-18 20:21:58,162,W+57.5,2,True,False,False,,-1,46.6163,0
2026-06-18 20:22:26,70,W+6.5,3,True,False,False,,-1,46.3868,0
2026-06-18 20:22:53,64,W+6.5,2,True,False,False,,-1,46.1498,0
2026-06-18 20:23:59,162,B+30.5,1,True,False,False,,-1,46.3875,0
2026-06-18 20:24:53,162,W+80.5,5,True,False,False,,-1,46.4742,0
2026-06-18 20:25:57,162,W+78.5,2,True,False,False,,-1,46.6833,0
2026-06-18 20:26:59,162,W+33.5,1,True,False,False,,-1,46.8599,0
2026-06-18 20:27:54,133,B+41.5,4,True,False,False,,-1,46.9532,0
2026-06-18 20:28:49,135,W+47.5,6,True,False,False,,-1,47.0449,0
2026-06-18 20:29:32,124,W+35.5,3,True,False,False,,-1,46.9929,0
2026-06-18 20:30:13,101,W+0.5,4,True,False,False,,-1,46.9319,0
2026-06-18 20:30:21,28,W+7.5,2,True,False,False,,-1,46.51,0
2026-06-18 20:31:14,138,B+32.5,6,True,False,False,,-1,46.5743,0
2026-06-18 20:31:49,97,B+5.5,2,True,False,False,,-1,46.4586,0
2026-06-18 20:32:31,96,W+21.5,4,True,False,False,,-1,46.4039,0
2026-06-18 20:32:40,30,W+7.5,2,True,False,False,,-1,46.0133,0
2026-06-18 20:33:38,162,W+58.5,3,True,False,False,,-1,46.1383,0
2026-06-18 20:33:58,56,W+8.5,2,True,False,False,,-1,45.8722,0
2026-06-18 20:35:03,144,B+27.5,7,True,False,False,,-1,46.0683,0
2026-06-18 20:35:50,112,B+5.5,3,True,False,False,,-1,46.0776,0
2026-06-18 20:36:47,127,W+50.5,2,True,False,False,,-1,46.0988,0
2026-06-18 20:37:14,70,W+3.5,3,True,False,False,,-1,45.8056,0
2026-06-18 20:38:05,149,W+71.5,4,True,False,False,,-1,45.8761,0
2026-06-18 20:38:49,107,B+27.5,7,True,False,False,,-1,45.8489,0
2026-06-18 20:39:48,139,W+51.5,5,True,False,False,,-1,45.7364,0
2026-06-18 20:40:11,58,W+5.5,3,True,False,False,,-1,45.6636,0
2026-06-18 20:40:55,103,B+17.5,2,True,False,False,,-1,45.4927,0
2026-06-18 20:41:54,156,W+42.5,4,True,False,False,,-1,45.5731,0
2026-06-18 20:42:47,137,B+30.5,3,True,False,False,,-1,45.8632,0
2026-06-18 20:43:30,107,B+16.5,3,True,False,False,,-1,46.0419,0
2026-06-18 20:44:34,155,B+67.5,8,True,False,False,,-1,46.2723,0
2026-06-18 20:44:49,46,W+7.5,3,True,False,False,,-1,45.8753,0
2026-06-18 20:45:35,117,W+1.5,3,True,False,False,,-1,45.6829,0
2026-06-18 20:46:36,137,B+40.5,5,True,False,False,,-1,45.8529,0
2026-06-18 20:47:47,162,B+22.5,3,True,False,False,,-1,45.9479,0
2026-06-18 20:48:19,101,W+10.5,3,True,False,False,,-1,45.647,0
2026-06-18 20:49:23,162,B+26.5,20,True,False,False,,-1,45.8905,0
2026-06-18 20:50:25,162,B+55.5,3,True,False,False,,-1,46.304,0
2026-06-18 20:51:28,153,W+35.5,5,True,False,False,,-1,46.8482,0
2026-06-18 20:52:02,85,B+3.5,8,True,False,False,,-1,46.6849,0
2026-06-18 20:52:20,52,W+11.5,2,True,False,False,,-1,46.2015,0
2026-06-18 20:53:09,130,B+32.5,4,True,False,False,,-1,46.5887,0
2026-06-18 20:53:36,70,W+1.5,4,True,False,False,,-1,46.6868,0
2026-06-18 20:54:31,149,W+66.5,2,True,False,False,,-1,47.1799,0
2026-06-18 20:55:08,88,W+21.5,4,True,False,False,,-1,46.9881,0
2026-06-18 20:55:41,78,W+0.5,2,True,False,False,,-1,46.8768,0
2026-06-18 20:56:44,162,W+51.5,0,True,False,False,,-1,46.8495,0
2026-06-18 20:57:24,102,B+4.5,3,True,False,False,,-1,46.5437,0
2026-06-18 20:57:44,56,W+3.5,2,True,False,False,,-1,46.1831,0
2026-06-18 20:58:38,162,B+51.5,4,True,False,False,,-1,46.2132,0
2026-06-18 20:59:19,117,B+25.5,3,True,False,False,,-1,46.133,0
2026-06-18 20:59:43,64,W+11.5,2,True,False,False,,-1,45.8318,0
2026-06-18 21:00:14,74,W+9.5,3,True,False,False,,-1,45.7355,0
2026-06-18 21:01:00,117,W+10.5,4,True,False,False,,-1,45.859,0
2026-06-18 21:01:54,151,B+46.5,2,True,False,False,,-1,45.7843,0
2026-06-18 21:02:53,141,W+48.5,2,True,False,False,,-1,46.0734,0
2026-06-18 21:03:49,133,W+32.5,3,True,False,False,,-1,46.5546,0
2026-06-18 21:04:49,162,W+38.5,2,True,False,False,,-1,46.5157,0
2026-06-18 21:05:57,162,W+52.5,1,True,False,False,,-1,46.6938,0
2026-06-18 21:07:01,162,W+49.5,3,True,False,False,,-1,46.9138,0
2026-06-18 21:07:24,62,W+7.5,4,True,False,False,,-1,46.7781,0
2026-06-18 21:08:24,141,W+54.5,3,True,False,False,,-1,46.8359,0
2026-06-18 21:09:07,100,W+32.5,3,True,False,False,,-1,46.9794,0
2026-06-18 21:09:47,113,B+12.5,3,True,False,False,,-1,46.7047,0
2026-06-18 21:10:10,60,W+4.5,2,True,False,False,,-1,46.5244,0
2026-06-18 21:11:04,140,W+39.5,3,True,False,False,,-1,46.7404,0
2026-06-18 21:12:07,162,B+21.5,1,True,False,False,,-1,46.8413,0
2026-06-18 21:12:32,62,W+9.5,3,True,False,False,,-1,47.0271,0
2026-06-18 21:13:30,139,B+37.5,4,True,False,False,,-1,47.3607,0
2026-06-18 21:13:54,62,W+9.5,2,True,False,False,,-1,47.2382,0
2026-06-18 21:14:36,119,W+46.5,2,True,False,False,,-1,47.2396,0
2026-06-18 21:15:41,162,W+48.5,4,True,False,False,,-1,47.7591,0
2026-06-18 21:16:30,133,B+46.5,3,True,False,False,,-1,47.8208,0
2026-06-18 21:17:20,115,W+9.5,6,True,False,False,,-1,47.659,0
2026-06-18 21:18:23,162,W+49.5,2,True,False,False,,-1,48.0253,0
2026-06-18 21:19:21,162,B+23.5,3,True,False,False,,-1,48.0985,0
2026-06-18 21:19:46,65,B+2.5,4,True,False,False,,-1,47.7328,0
2026-06-18 21:20:02,46,W+13.5,3,True,False,False,,-1,47.2048,0
2026-06-18 21:20:45,96,W+3.5,6,True,False,False,,-1,47.2888,0
2026-06-18 21:21:31,121,W+14.5,4,True,False,False,,-1,47.0945,0
2026-06-18 21:21:59,69,B+1.5,5,True,False,False,,-1,46.7949,0
2026-06-18 21:22:25,70,W+11.5,3,True,False,False,,-1,46.4715,0
2026-06-18 21:22:50,64,W+5.5,2,True,False,False,,-1,46.2779,0
2026-06-18 21:23:21,74,W+16.5,3,True,False,False,,-1,45.8876,0
2026-06-18 21:24:10,117,B+7.5,6,True,False,False,,-1,45.9504,0
2026-06-18 21:25:09,143,W+44.5,7,True,False,False,,-1,46.0958,0
2026-06-18 21:26:13,162,B+21.5,3,True,False,False,,-1,46.15,0
2026-06-18 21:27:18,137,B+20.5,4,True,False,False,,-1,46.2188,0
2026-06-18 21:28:23,162,B+16.5,1,True,False,False,,-1,46.2406,0
2026-06-18 21:28:47,64,W+8.5,2,True,False,False,,-1,46.0075,0
2026-06-18 21:29:47,148,B+30.5,5,True,False,False,,-1,46.2916,0
2026-06-18 21:30:46,162,W+26.5,1,True,False,False,,-1,46.2959,0
2026-06-18 21:31:38,119,W+17.5,3,True,False,False,,-1,46.2123,0
2026-06-18 21:32:34,130,W+4.5,2,True,False,False,,-1,46.2522,0
2026-06-18 21:33:13,95,W+15.5,3,True,False,False,,-1,46.1862,0
2026-06-18 21:34:04,129,W+56.5,3,True,False,False,,-1,46.2029,0
2026-06-18 21:34:35,80,W+13.5,5,True,False,False,,-1,46.0906,0
2026-06-18 21:35:18,111,W+24.5,7,True,False,False,,-1,45.8702,0
2026-06-18 21:35:41,60,W+7.5,2,True,False,False,,-1,45.4998,0
2026-06-18 21:35:59,48,W+5.5,2,True,False,False,,-1,45.0135,0
2026-06-18 21:36:57,162,B+26.5,3,True,False,False,,-1,44.9871,0
2026-06-18 21:37:56,162,B+14.5,0,True,False,False,,-1,45.2923,0
2026-06-18 21:38:46,152,W+27.5,4,True,False,False,,-1,45.5267,0
2026-06-18 21:39:06,56,W+6.5,2,True,False,False,,-1,45.0703,0
2026-06-18 21:40:08,145,B+29.5,3,True,False,False,,-1,45.155,0
2026-06-18 21:40:15,22,W+7.5,2,True,False,False,,-1,44.5754,0
2026-06-18 21:41:12,154,W+72.5,3,True,False,False,,-1,44.5268,0
2026-06-18 21:41:50,116,W+35.5,3,True,False,False,,-1,44.3552,0
2026-06-18 21:42:21,74,W+9.5,3,True,False,False,,-1,44.1181,0
2026-06-18 21:43:08,109,W+9.5,3,True,False,False,,-1,44.1616,0
2026-06-18 21:44:10,149,W+51.5,2,True,False,False,,-1,44.3625,0
2026-06-18 21:44:58,125,B+4.5,4,True,False,False,,-1,44.7647,0
2026-06-18 21:45:20,58,W+6.5,2,True,False,False,,-1,44.4606,0
2026-06-18 21:46:03,106,B+4.5,3,True,False,False,,-1,44.5316,0
2026-06-18 21:46:41,99,B+11.5,4,True,False,False,,-1,44.4982,0
2026-06-18 21:47:45,162,B+14.5,1,True,False,False,,-1,45.0515,0
2026-06-18 21:48:18,78,W+9.5,3,True,False,False,,-1,44.7958,0
2026-06-18 21:48:34,48,W+7.5,4,True,False,False,,-1,44.756,0
2026-06-18 21:48:59,60,W+10.5,2,True,False,False,,-1,44.3572,0
2026-06-18 21:49:58,162,B+19.5,1,True,False,False,,-1,44.4725,0
2026-06-18 21:51:00,139,B+18.5,5,True,False,False,,-1,44.5298,0
2026-06-18 21:51:46,105,W+15.5,2,True,False,False,,-1,44.7233,0
2026-06-18 21:52:46,145,B+61.5,14,True,False,False,,-1,44.8049,0
2026-06-18 21:53:34,112,W+55.5,2,True,False,False,,-1,44.8481,0
2026-06-18 21:54:26,127,W+29.5,3,True,False,False,,-1,44.7735,0
2026-06-18 21:55:17,153,B+34.5,3,True,False,False,,-1,45.0581,0
2026-06-18 21:55:32,46,W+8.5,2,True,False,False,,-1,44.771,0
2026-06-18 21:56:36,162,B+50.5,5,True,False,False,,-1,44.8179,0
2026-06-18 21:57:21,132,B+33.5,2,True,False,False,,-1,44.7441,0
2026-06-18 21:57:49,68,W+17.5,2,True,False,False,,-1,44.5866,0
2026-06-18 21:58:10,56,W+3.5,3,True,False,False,,-1,44.1568,0
2026-06-18 21:58:34,62,W+10.5,2,True,False,False,,-1,44.2423,0
2026-06-18 21:59:23,162,B+11.5,7,True,False,False,,-1,44.2756,0
2026-06-18 22:00:22,141,W+53.5,5,True,False,False,,-1,44.257,0
2026-06-18 22:01:23,162,B+13.5,1,True,False,False,,-1,44.1641,0
2026-06-18 22:01:46,60,W+2.5,2,True,False,False,,-1,44.0675,0
2026-06-18 22:02:52,153,W+28.5,15,True,False,False,,-1,44.0835,0
2026-06-18 22:03:40,124,B+25.5,2,True,False,False,,-1,43.9447,0
2026-06-18 22:04:44,162,B+42.5,4,True,False,False,,-1,43.9578,0
2026-06-18 22:05:17,76,W+6.5,2,True,False,False,,-1,43.9467,0
2026-06-18 22:05:45,68,W+13.5,3,True,False,False,,-1,44.0465,0
2026-06-18 22:06:53,162,W+58.5,2,True,False,False,,-1,44.2349,0
2026-06-18 22:07:36,135,B+40.5,2,True,False,False,,-1,44.3908,0
2026-06-18 22:08:06,74,W+12.5,4,True,False,False,,-1,44.1469,0
2026-06-18 22:08:30,62,W+8.5,2,True,False,False,,-1,44.0177,0
2026-06-18 22:09:30,162,W+85.5,0,True,False,False,,-1,44.2862,0
2026-06-18 22:10:25,141,B+36.5,2,True,False,False,,-1,44.2114,0
2026-06-18 22:11:21,162,W+71.5,1,True,False,False,,-1,44.3713,0
2026-06-18 22:12:28,141,W+57.5,3,True,False,False,,-1,44.8355,0
2026-06-18 22:13:20,162,W+34.5,1,True,False,False,,-1,44.8242,0
2026-06-18 22:14:02,108,B+5.5,3,True,False,False,,-1,44.8362,0
2026-06-18 22:15:08,162,W+2.5,1,True,False,False,,-1,45.2462,0
2026-06-18 22:15:29,60,W+5.5,3,True,False,False,,-1,45.1464,0
2026-06-18 22:15:47,48,W+8.5,2,True,False,False,,-1,44.8582,0
2026-06-18 22:16:44,158,W+56.5,6,True,False,False,,-1,44.8995,0
2026-06-18 22:17:28,109,B+35.5,2,True,False,False,,-1,44.7477,0
2026-06-18 22:18:17,125,W+41.5,3,True,False,False,,-1,44.6829,0
2026-06-18 22:19:14,144,W+41.5,3,True,False,False,,-1,44.654,0
2026-06-18 22:19:42,70,W+5.5,3,True,False,False,,-1,44.2507,0
2026-06-18 22:20:38,162,W+67.5,5,True,False,False,,-1,44.1674,0
2026-06-18 22:21:30,126,B+26.5,6,True,False,False,,-1,44.4596,0
2026-06-18 22:22:40,162,B+45.5,3,True,False,False,,-1,44.5559,0
2026-06-18 22:23:43,162,B+8.5,5,True,False,False,,-1,44.7509,0
2026-06-18 22:23:56,40,W+5.5,2,True,False,False,,-1,44.4846,0
2026-06-18 22:24:42,111,B+16.5,3,True,False,False,,-1,44.7203,0
2026-06-18 22:25:36,162,W+31.5,3,True,False,False,,-1,44.7144,0
2026-06-18 22:26:23,125,W+12.5,2,True,False,False,,-1,44.5554,0
2026-06-18 22:27:17,135,B+23.5,3,True,False,False,,-1,44.8477,0
2026-06-18 22:28:01,106,W+28.5,3,True,False,False,,-1,44.7098,0
2026-06-18 22:28:39,97,B+20.5,3,True,False,False,,-1,44.8459,0
2026-06-18 22:29:14,89,B+8.5,9,True,False,False,,-1,44.7705,0
2026-06-18 22:29:25,36,W+5.5,2,True,False,False,,-1,44.2362,0
2026-06-18 22:30:34,157,B+58.5,8,True,False,False,,-1,44.4379,0
2026-06-18 22:31:24,139,W+57.5,3,True,False,False,,-1,44.4407,0
2026-06-18 22:32:18,162,B+23.5,1,True,False,False,,-1,44.3525,0
2026-06-18 22:32:45,68,W+9.5,3,True,False,False,,-1,44.0285,0
2026-06-18 22:33:11,68,W+11.5,4,True,False,False,,-1,44.0431,0
2026-06-18 22:33:19,28,W+7.5,2,True,False,False,,-1,43.9661,0
2026-06-18 22:33:45,66,W+6.5,4,True,False,False,,-1,43.8011,0
2026-06-18 22:34:21,97,B+11.5,4,True,False,False,,-1,43.698,0
2026-06-18 22:34:57,84,W+19.5,2,True,False,False,,-1,43.7765,0
2026-06-18 22:36:05,162,W+33.5,1,True,False,False,,-1,44.2007,0
2026-06-18 22:37:02,162,W+27.5,4,True,False,False,,-1,44.5186,0
2026-06-18 22:37:47,115,B+31.5,3,True,False,False,,-1,44.6538,0
2026-06-18 22:38:47,162,W+56.5,0,True,False,False,,-1,44.7708,0
2026-06-18 22:39:51,162,B+21.5,4,True,False,False,,-1,44.819,0
2026-06-18 22:40:36,112,B+8.5,4,True,False,False,,-1,44.6229,0
2026-06-18 22:41:38,162,W+44.5,8,True,False,False,,-1,44.5993,0
2026-06-18 22:42:40,162,W+21.5,5,True,False,False,,-1,44.5717,0
2026-06-18 22:43:49,162,B+67.5,8,True,False,False,,-1,45.0178,0
2026-06-18 22:44:29,103,B+25.5,3,True,False,False,,-1,44.826,0
2026-06-18 22:45:20,130,B+12.5,5,True,False,False,,-1,44.7331,0
2026-06-18 22:45:46,66,W+8.5,2,True,False,False,,-1,44.4747,0
2026-06-18 22:46:54,162,B+13.5,2,True,False,False,,-1,44.5931,0
2026-06-18 22:47:33,105,W+23.5,2,True,False,False,,-1,44.5942,0
2026-06-18 22:48:02,68,W+4.5,3,True,False,False,,-1,44.3718,0
2026-06-18 22:48:46,101,B+3.5,3,True,False,False,,-1,44.5072,0
2026-06-18 22:49:27,100,B+15.5,4,True,False,False,,-1,44.4829,0
2026-06-18 22:50:25,162,B+17.5,5,True,False,False,,-1,44.837,0
2026-06-18 22:51:19,137,W+45.5,2,True,False,False,,-1,45.2017,0
2026-06-18 22:52:25,162,W+35.5,15,True,False,False,,-1,45.276,0
2026-06-18 22:53:08,93,B+18.5,3,True,False,False,,-1,45.1197,0
2026-06-18 22:54:19,157,W+58.5,6,True,False,False,,-1,45.3352,0
2026-06-18 22:54:58,86,W+1.5,3,True,False,False,,-1,45.5194,0
2026-06-18 22:56:00,162,W+0.5,11,True,False,False,,-1,45.5134,0
2026-06-18 22:56:53,162,W+45.5,1,True,False,False,,-1,45.9826,0
2026-06-18 22:57:51,144,W+55.5,2,True,False,False,,-1,45.9815,0
2026-06-18 22:58:26,80,W+21.5,4,True,False,False,,-1,45.9559,0
2026-06-18 22:59:37,162,W+22.5,4,True,False,False,,-1,46.3489,0
2026-06-18 23:00:17,107,W+6.5,6,True,False,False,,-1,46.2889,0
2026-06-18 23:01:23,162,B+29.5,2,True,False,False,,-1,46.3317,0
2026-06-18 23:02:05,103,W+3.5,6,True,False,False,,-1,46.2645,0
2026-06-18 23:02:57,162,B+32.5,5,True,False,False,,-1,46.5655,0
2026-06-18 23:03:55,162,B+14.5,1,True,False,False,,-1,46.7169,0
2026-06-18 23:04:14,52,W+9.5,3,True,False,False,,-1,46.5333,0
2026-06-18 23:04:33,52,W+11.5,2,True,False,False,,-1,46.0793,0
2026-06-18 23:05:34,142,W+42.5,3,True,False,False,,-1,46.3568,0
2026-06-18 23:06:25,125,B+33.5,3,True,False,False,,-1,46.71,0
2026-06-18 23:07:01,87,W+3.5,4,True,False,False,,-1,46.8207,0
2026-06-18 23:08:09,157,B+49.5,4,True,False,False,,-1,46.9152,0
2026-06-18 23:08:15,22,W+7.5,2,True,False,False,,-1,46.3501,0
2026-06-18 23:09:12,162,B+19.5,1,True,False,False,,-1,46.4552,0
2026-06-18 23:09:42,74,W+15.5,4,True,False,False,,-1,46.1547,0
2026-06-18 23:10:37,142,W+31.5,3,True,False,False,,-1,46.2296,0
2026-06-18 23:11:25,119,W+35.5,3,True,False,False,,-1,46.1853,0
2026-06-18 23:11:40,44,W+7.5,2,True,False,False,,-1,45.8217,0
2026-06-18 23:11:46,24,W+7.5,2,True,False,False,,-1,45.7393,0
2026-06-18 23:12:37,119,B+28.5,4,True,False,False,,-1,45.6071,0
2026-06-18 23:13:20,115,W+30.5,5,True,False,False,,-1,45.5804,0
2026-06-18 23:14:28,162,B+26.5,3,True,False,False,,-1,45.9857,0
2026-06-18 23:15:32,162,B+22.5,5,True,False,False,,-1,46.4242,0
2026-06-18 23:16:28,131,W+61.5,2,True,False,False,,-1,46.7368,0
2026-06-18 23:16:53,64,W+8.5,3,True,False,False,,-1,46.4911,0
2026-06-18 23:17:34,115,W+7.5,2,True,False,False,,-1,46.3232,0
2026-06-18 23:18:15,94,B+6.5,2,True,False,False,,-1,46.1171,0
2026-06-18 23:18:21,22,W+7.5,2,True,False,False,,-1,45.9517,0
2026-06-18 23:19:21,162,W+50.5,6,True,False,False,,-1,45.8828,0
2026-06-18 23:20:09,119,B+32.5,2,True,False,False,,-1,45.8875,0
2026-06-18 23:20:29,54,W+7.5,2,True,False,False,,-1,45.4471,0
2026-06-18 23:21:02,81,W+3.5,2,True,False,False,,-1,45.4472,0
2026-06-18 23:21:53,139,B+37.5,4,True,False,False,,-1,45.682,0
2026-06-18 23:22:58,160,W+35.5,2,True,False,False,,-1,45.652,0
2026-06-18 23:23:33,84,W+7.5,3,True,False,False,,-1,45.5773,0
2026-06-18 23:24:15,104,W+38.5,2,True,False,False,,-1,45.6898,0
2026-06-18 23:25:26,162,W+67.5,3,True,False,False,,-1,46.1595,0
2026-06-18 23:25:51,64,W+9.5,3,True,False,False,,-1,45.8081,0
2026-06-18 23:26:45,151,W+45.5,4,True,False,False,,-1,45.7917,0
2026-06-18 23:27:49,162,W+62.5,6,True,False,False,,-1,45.8824,0
2026-06-18 23:28:07,49,B+0.5,2,True,False,False,,-1,45.3892,0
2026-06-18 23:29:01,151,B+9.5,3,True,False,False,,-1,45.4031,0
2026-06-18 23:29:30,70,W+7.5,2,True,False,False,,-1,45.2746,0
2026-06-18 23:30:20,114,B+6.5,3,True,False,False,,-1,45.1122,0
2026-06-18 23:31:15,162,W+26.5,0,True,False,False,,-1,45.4593,0
2026-06-18 23:32:13,148,W+50.5,3,True,False,False,,-1,45.8648,0
2026-06-18 23:32:39,62,W+3.5,3,True,False,False,,-1,45.5452,0
2026-06-18 23:33:27,126,W+24.5,2,True,False,False,,-1,45.5817,0
2026-06-18 23:34:26,143,B+48.5,2,True,False,False,,-1,45.6879,0
2026-06-18 23:35:28,162,B+17.5,5,True,False,False,,-1,45.7322,0
2026-06-18 23:36:13,113,B+13.5,3,True,False,False,,-1,45.9037,0
2026-06-18 23:37:19,162,W+66.5,2,True,False,False,,-1,46.0144,0
2026-06-18 23:37:57,93,W+10.5,3,True,False,False,,-1,45.8645,0
2026-06-18 23:38:03,22,W+9.5,2,True,False,False,,-1,45.2212,0
2026-06-18 23:39:04,162,B+16.5,1,True,False,False,,-1,45.207,0
2026-06-18 23:40:04,156,W+42.5,3,True,False,False,,-1,45.6826,0
2026-06-18 23:41:07,162,W+64.5,9,True,False,False,,-1,45.8468,0
2026-06-18 23:42:10,162,W+40.5,0,True,False,False,,-1,45.9443,0
2026-06-18 23:43:07,121,W+43.5,4,True,False,False,,-1,46.0376,0
2026-06-18 23:44:00,122,W+0.5,4,True,False,False,,-1,46.0214,0
2026-06-18 23:44:46,126,W+38.5,2,True,False,False,,-1,46.0492,0
2026-06-18 23:45:47,144,B+36.5,3,True,False,False,,-1,46.282,0
2026-06-18 23:46:46,131,W+57.5,2,True,False,False,,-1,46.5256,0
2026-06-18 23:47:52,162,B+21.5,0,True,False,False,,-1,47.0682,0
2026-06-18 23:48:54,162,W+68.5,3,True,False,False,,-1,46.9993,0
2026-06-18 23:49:08,42,W+8.5,2,True,False,False,,-1,46.6414,0
2026-06-18 23:49:35,66,W+12.5,3,True,False,False,,-1,46.3662,0
2026-06-18 23:50:17,93,B+0.5,2,True,False,False,,-1,46.5213,0
2026-06-18 23:51:20,162,B+60.5,2,True,False,False,,-1,46.8851,0
2026-06-18 23:51:56,93,W+4.5,2,True,False,False,,-1,47.1694,0
2026-06-18 23:52:34,96,W+36.5,3,True,False,False,,-1,47.28,0
2026-06-18 23:53:25,136,B+21.5,3,True,False,False,,-1,47.4367,0
2026-06-18 23:54:11,115,W+4.5,2,True,False,False,,-1,47.5411,0
2026-06-18 23:54:52,98,W+9.5,2,True,False,False,,-1,47.2613,0
2026-06-18 23:55:40,109,B+23.5,4,True,False,False,,-1,47.1715,0
2026-06-18 23:56:41,155,B+36.5,5,True,False,False,,-1,47.3417,0
2026-06-18 23:57:37,162,B+39.5,2,True,False,False,,-1,47.3001,0
2026-06-18 23:57:50,40,W+7.5,2,True,False,False,,-1,46.7899,0
2026-06-18 23:58:30,89,B+18.5,3,True,False,False,,-1,46.7419,0
2026-06-18 23:59:02,74,W+14.5,2,True,False,False,,-1,46.4344,0
2026-06-19 00:00:06,162,W+56.5,3,True,False,False,,-1,46.4557,0
2026-06-19 00:01:03,154,W+46.5,3,True,False,False,,-1,46.3395,0
2026-06-19 00:02:14,162,W+8.5,1,True,False,False,,-1,46.6464,0
2026-06-19 00:03:10,162,W+46.5,1,True,False,False,,-1,46.6943,0
2026-06-19 00:03:58,126,W+44.5,3,True,False,False,,-1,46.9262,0
2026-06-19 00:04:09,34,W+7.5,2,True,False,False,,-1,46.3517,0
2026-06-19 00:05:11,155,B+27.5,6,True,False,False,,-1,46.5785,0
2026-06-19 00:05:23,38,W+6.5,2,True,False,False,,-1,46.4158,0
2026-06-19 00:06:26,162,B+9.5,2,True,False,False,,-1,46.5967,0
2026-06-19 00:06:33,24,W+7.5,2,True,False,False,,-1,46.2554,0
2026-06-19 00:06:48,44,W+7.5,2,True,False,False,,-1,45.8206,0
2026-06-19 00:07:43,127,B+28.5,3,True,False,False,,-1,45.836,0
2026-06-19 00:07:57,40,W+7.5,2,True,False,False,,-1,45.313,0
2026-06-19 00:09:04,162,W+58.5,1,True,False,False,,-1,45.5603,0
2026-06-19 00:09:16,36,W+7.5,2,True,False,False,,-1,44.9577,0
2026-06-19 00:09:43,68,W+1.5,3,True,False,False,,-1,44.8431,0
2026-06-19 00:10:45,162,W+68.5,3,True,False,False,,-1,44.8504,0
2026-06-19 00:11:35,134,W+24.5,2,True,False,False,,-1,44.8151,0
2026-06-19 00:11:41,20,W+7.5,2,True,False,False,,-1,44.3001,0
2026-06-19 00:12:47,162,W+78.5,4,True,False,False,,-1,44.6127,0
2026-06-19 00:13:56,162,W+25.5,1,True,False,False,,-1,44.5949,0
2026-06-19 00:14:45,143,W+45.5,3,True,False,False,,-1,44.673,0
2026-06-19 00:15:50,162,W+60.5,3,True,False,False,,-1,44.67,0
2026-06-19 00:15:58,26,W+7.5,2,True,False,False,,-1,44.3311,0
2026-06-19 00:17:01,155,B+31.5,5,True,False,False,,-1,44.443,0
2026-06-19 00:17:59,162,W+31.5,2,True,False,False,,-1,44.435,0
2026-06-19 00:18:29,70,W+9.5,2,True,False,False,,-1,44.5393,0
2026-06-19 00:19:24,129,W+57.5,3,True,False,False,,-1,44.9055,0
2026-06-19 00:20:21,128,B+27.5,4,True,False,False,,-1,44.8722,0
2026-06-19 00:20:56,74,W+6.5,3,True,False,False,,-1,44.7033,0
2026-06-19 00:21:33,90,W+10.5,6,True,False,False,,-1,44.7162,0
2026-06-19 00:21:52,52,W+5.5,4,True,False,False,,-1,44.2279,0
2026-06-19 00:22:47,162,B+38.5,2,True,False,False,,-1,44.7142,0
2026-06-19 00:23:32,109,B+20.5,3,True,False,False,,-1,44.5912,0
2026-06-19 00:23:55,62,W+8.5,3,True,False,False,,-1,44.5299,0
2026-06-19 00:24:51,142,W+45.5,2,True,False,False,,-1,44.5307,0
2026-06-19 00:25:53,157,B+45.5,2,True,False,False,,-1,44.6759,0
2026-06-19 00:26:54,162,W+16.5,2,True,False,False,,-1,45.1409,0
2026-06-19 00:27:55,162,B+15.5,1,True,False,False,,-1,45.6795,0
2026-06-19 00:28:44,114,W+30.5,3,True,False,False,,-1,45.6638,0
2026-06-19 00:29:46,162,B+35.5,3,True,False,False,,-1,45.8562,0
2026-06-19 00:30:52,162,B+35.5,4,True,False,False,,-1,45.8458,0
2026-06-19 00:31:36,95,B+8.5,3,True,False,False,,-1,45.6369,0
2026-06-19 00:31:47,32,W+8.5,2,True,False,False,,-1,45.1849,0
2026-06-19 00:32:28,107,B+23.5,3,True,False,False,,-1,45.3557,0
2026-06-19 00:33:20,125,B+34.5,3,True,False,False,,-1,45.4562,0
2026-06-19 00:34:21,141,W+58.5,3,True,False,False,,-1,45.658,0
2026-06-19 00:35:12,129,B+46.5,3,True,False,False,,-1,46.1052,0
2026-06-19 00:35:58,123,B+26.5,2,True,False,False,,-1,45.9679,0
2026-06-19 00:36:19,56,W+4.5,2,True,False,False,,-1,45.696,0
2026-06-19 00:37:04,123,B+27.5,5,True,False,False,,-1,45.9506,0
2026-06-19 00:37:46,107,B+18.5,5,True,False,False,,-1,46.0399,0
2026-06-19 00:38:46,152,B+17.5,5,True,False,False,,-1,46.1232,0
2026-06-19 00:39:14,66,W+10.5,3,True,False,False,,-1,45.7502,0
2026-06-19 00:41:33,109,W+2.5,13,True,False,False,,-1,45.7307,1000
2026-06-19 00:41:54,68,W+3.5,2,True,False,False,,-1,45.2342,1000
2026-06-19 00:42:22,99,W+4.5,10,True,False,False,,-1,45.2614,1000
2026-06-19 00:42:55,104,B+2.5,10,True,False,False,,-1,45.053,1000
2026-06-19 00:43:31,122,B+1.5,11,True,False,False,,-1,44.7597,1000
2026-06-19 00:44:08,130,B+2.5,15,True,False,False,,-1,44.9543,1000
2026-06-19 00:44:38,118,B+3.5,19,True,False,False,,-1,44.7218,1000
2026-06-19 00:45:17,162,B+1.5,28,True,False,False,,-1,44.8178,1000
2026-06-19 00:45:24,32,W+8.5,2,True,False,False,,-1,44.3875,1000
2026-06-19 00:46:01,145,B+1.5,19,True,False,False,,-1,44.2074,1000
2026-06-19 00:46:32,111,W+7.5,14,True,False,False,,-1,43.9368,1000
2026-06-19 00:47:01,103,W+13.5,9,True,False,False,,-1,43.9722,1000
2026-06-19 00:47:35,112,B+1.5,4,True,False,False,,-1,43.8253,1000
2026-06-19 00:48:02,105,W+2.5,6,True,False,False,,-1,43.5047,1000
2026-06-19 00:48:11,34,W+8.5,2,True,False,False,,-1,42.9828,1000
2026-06-19 00:48:47,128,B+1.5,10,True,False,False,,-1,42.8922,1000
2026-06-19 00:49:16,104,B+0.5,8,True,False,False,,-1,42.517,1000
2026-06-19 00:49:33,58,W+5.5,2,True,False,False,,-1,42.3115,1000
2026-06-19 00:50:05,123,W+1.5,10,True,False,False,,-1,42.5769,1000
2026-06-19 00:50:33,108,B+0.5,10,True,False,False,,-1,42.2372,1000
2026-06-19 00:50:59,109,W+0.5,13,True,False,False,,-1,41.8977,1000
2026-06-19 00:51:37,140,B+1.5,17,True,False,False,,-1,41.6424,1000
2026-06-19 00:52:02,96,B+3.5,6,True,False,False,,-1,41.2653,1000
2026-06-19 00:52:42,149,W+11.5,15,True,False,False,,-1,41.1021,1000
2026-06-19 00:53:16,122,W+23.5,4,True,False,False,,-1,40.9108,1000
2026-06-19 00:53:47,114,B+4.5,13,True,False,False,,-1,40.7513,1000
2026-06-19 00:54:26,144,B+8.5,20,True,False,False,,-1,40.5398,1000
2026-06-19 00:54:54,108,B+2.5,6,True,False,False,,-1,40.2194,1000
2026-06-19 00:55:16,81,B+12.5,4,True,False,False,,-1,39.7826,1000
2026-06-19 00:55:42,98,B+2.5,10,True,False,False,,-1,39.4257,1000
2026-06-19 00:56:08,100,B+0.5,6,True,False,False,,-1,39.5458,1000
2026-06-19 00:56:45,124,B+1.5,11,True,False,False,,-1,39.6487,1000
2026-06-19 00:57:13,103,W+4.5,7,True,False,False,,-1,39.5106,1000
2026-06-19 00:57:41,102,B+1.5,4,True,False,False,,-1,39.1566,1000
2026-06-19 00:58:09,106,B+1.5,10,True,False,False,,-1,39.071,1000
2026-06-19 00:58:40,113,W+1.5,10,True,False,False,,-1,39.0137,1000
2026-06-19 00:58:59,70,W+16.5,2,True,False,False,,-1,38.6888,1000
2026-06-19 00:59:26,95,W+2.5,7,True,False,False,,-1,38.4964,1000
2026-06-19 01:00:02,129,W+16.5,11,True,False,False,,-1,38.449,1000
2026-06-19 01:00:24,83,B+6.5,2,True,False,False,,-1,38.1881,1000
2026-06-19 01:00:56,130,B+4.5,13,True,False,False,,-1,37.8985,1000
2026-06-19 01:01:28,119,W+0.5,12,True,False,False,,-1,37.6556,1000
2026-06-19 01:02:12,162,W+26.5,22,True,False,False,,-1,37.9689,1000
2026-06-19 01:02:40,107,B+5.5,7,True,False,False,,-1,37.846,1000
2026-06-19 01:03:09,107,W+0.5,9,True,False,False,,-1,37.8221,1000
2026-06-19 01:03:39,109,W+1.5,9,True,False,False,,-1,37.4735,1000
2026-06-19 01:03:55,64,W+1.5,2,True,False,False,,-1,37.0712,1000
2026-06-19 01:04:35,137,W+2.5,12,True,False,False,,-1,36.751,1000
2026-06-19 01:05:07,117,W+2.5,9,True,False,False,,-1,36.5154,1000
2026-06-19 01:05:39,113,W+2.5,12,True,False,False,,-1,36.3492,1000
2026-06-19 01:06:09,97,B+5.5,4,True,False,False,,-1,36.544,1000
2026-06-19 01:06:43,108,W+15.5,7,True,False,False,,-1,36.269,1000
2026-06-19 01:07:13,111,W+0.5,10,True,False,False,,-1,36.4474,1000
2026-06-19 01:07:22,36,W+6.5,3,True,False,False,,-1,35.9085,1000
2026-06-19 01:07:51,107,W+0.5,9,True,False,False,,-1,36.1345,1000
2026-06-19 01:08:19,104,B+3.5,5,True,False,False,,-1,36.258,1000
2026-06-19 01:08:50,113,W+0.5,14,True,False,False,,-1,36.0178,1000
2026-06-19 01:09:19,111,W+9.5,13,True,False,False,,-1,36.1746,1000
2026-06-19 01:09:46,100,B+3.5,10,True,False,False,,-1,35.7716,1000
2026-06-19 01:09:58,42,W+5.5,2,True,False,False,,-1,35.7751,1000
2026-06-19 01:10:32,128,B+0.5,16,True,False,False,,-1,35.8376,1000
2026-06-19 01:10:57,93,B+10.5,3,True,False,False,,-1,35.4616,1000
2026-06-19 01:11:19,76,W+14.5,3,True,False,False,,-1,35.1861,1000
2026-06-19 01:11:49,108,B+1.5,8,True,False,False,,-1,35.4256,1000
2026-06-19 01:12:31,162,W+1.5,27,True,False,False,,-1,35.1814,1000
2026-06-19 01:13:01,103,W+0.5,9,True,False,False,,-1,34.7933,1000
2026-06-19 01:13:30,116,B+10.5,7,True,False,False,,-1,34.6005,1000
2026-06-19 01:14:14,161,W+12.5,16,True,False,False,,-1,34.3845,1000
2026-06-19 01:14:41,111,W+6.5,6,True,False,False,,-1,34.5738,1000
2026-06-19 01:15:04,83,B+7.5,3,True,False,False,,-1,34.1773,1000
2026-06-19 01:15:35,121,W+18.5,10,True,False,False,,-1,33.9138,1000
2026-06-19 01:16:05,114,B+2.5,11,True,False,False,,-1,33.9077,1000
2026-06-19 01:16:39,130,B+2.5,8,True,False,False,,-1,33.6985,1000
2026-06-19 01:16:52,48,W+1.5,2,True,False,False,,-1,33.2535,1000
2026-06-19 01:17:16,91,W+2.5,8,True,False,False,,-1,33.1514,1000
2026-06-19 01:17:29,45,B+1.5,3,True,False,False,,-1,32.903,1000
2026-06-19 01:18:00,123,W+11.5,9,True,False,False,,-1,33.0205,1000
2026-06-19 01:18:27,97,W+6.5,7,True,False,False,,-1,32.7456,1000
2026-06-19 01:19:00,113,W+0.5,7,True,False,False,,-1,32.628,1000
2026-06-19 01:19:35,115,W+2.5,8,True,False,False,,-1,32.7433,1000
2026-06-19 01:20:10,126,B+4.5,17,True,False,False,,-1,32.5367,1000
2026-06-19 01:20:50,133,W+4.5,19,True,False,False,,-1,32.3208,1000
2026-06-19 01:21:01,42,W+8.5,2,True,False,False,,-1,31.8155,1000
2026-06-19 01:21:31,116,B+2.5,17,True,False,False,,-1,31.514,1000
2026-06-19 01:22:04,118,B+7.5,13,True,False,False,,-1,31.3459,1000
2026-06-19 01:22:31,106,B+3.5,7,True,False,False,,-1,31.0029,1000
2026-06-19 01:23:04,118,B+1.5,9,True,False,False,,-1,30.666,1000
2026-06-19 01:23:36,110,B+0.5,9,True,False,False,,-1,30.5498,1000
2026-06-19 01:24:12,125,W+0.5,13,True,False,False,,-1,30.8023,1000
2026-06-19 01:24:46,138,B+1.5,14,True,False,False,,-1,30.7272,1000
2026-06-19 01:25:03,56,W+10.5,2,True,False,False,,-1,30.3756,1000
2026-06-19 01:25:32,106,B+0.5,9,True,False,False,,-1,30.0519,1000
2026-06-19 01:25:59,101,W+9.5,9,True,False,False,,-1,29.8179,1000
2026-06-19 01:26:30,122,B+2.5,13,True,False,False,,-1,29.6698,1000
2026-06-19 01:26:55,97,W+3.5,8,True,False,False,,-1,29.7135,1000
2026-06-19 01:27:31,144,B+2.5,23,True,False,False,,-1,29.6211,1000
2026-06-19 01:28:00,105,W+0.5,14,True,False,False,,-1,29.4843,1000
2026-06-19 01:28:31,112,B+13.5,8,True,False,False,,-1,29.1959,1000
2026-06-19 01:29:07,127,W+4.5,10,True,False,False,,-1,29.2795,1000
2026-06-19 01:29:21,54,W+8.5,2,True,False,False,,-1,28.9926,1000
2026-06-19 01:30:06,161,W+22.5,31,True,False,False,,-1,29.1223,1000
2026-06-19 01:30:34,105,W+0.5,16,True,False,False,,-1,29.1923,1000
2026-06-19 01:31:20,162,W+6.5,21,True,False,False,,-1,29.3756,1000
2026-06-19 01:31:50,111,W+2.5,15,True,False,False,,-1,29.3477,1000
2026-06-19 01:32:25,130,B+1.5,22,True,False,False,,-1,29.3374,1000
2026-06-19 01:32:55,105,W+2.5,7,True,False,False,,-1,29.2695,1000
2026-06-19 01:33:28,122,B+0.5,9,True,False,False,,-1,29.2903,1000
2026-06-19 01:33:57,112,B+4.5,11,True,False,False,,-1,29.1966,1000
2026-06-19 01:34:31,122,B+0.5,8,True,False,False,,-1,29.4679,1000
2026-06-19 01:34:58,95,B+3.5,8,True,False,False,,-1,29.3661,1000
2026-06-19 01:35:36,136,B+11.5,18,True,False,False,,-1,29.4318,1000
2026-06-19 01:36:06,108,B+5.5,7,True,False,False,,-1,29.4386,1000
2026-06-19 01:36:24,66,W+7.5,2,True,False,False,,-1,29.2868,1000
2026-06-19 01:37:00,134,B+1.5,11,True,False,False,,-1,29.372,1000
2026-06-19 01:37:34,118,B+5.5,13,True,False,False,,-1,29.6188,1000
2026-06-19 01:38:00,96,W+28.5,3,True,False,False,,-1,29.5236,1000
2026-06-19 01:38:36,131,W+0.5,11,True,False,False,,-1,29.5926,1000
2026-06-19 01:39:02,96,B+2.5,7,True,False,False,,-1,29.6845,1000
2026-06-19 01:39:30,108,B+6.5,7,True,False,False,,-1,29.6427,1000
2026-06-19 01:39:56,95,W+0.5,7,True,False,False,,-1,29.634,1000
2026-06-19 01:40:25,100,B+2.5,5,True,False,False,,-1,29.6588,1000
2026-06-19 01:40:32,22,W+7.5,2,True,False,False,,-1,29.3523,1000
2026-06-19 01:41:08,124,B+0.5,8,True,False,False,,-1,29.4541,1000
2026-06-19 01:41:37,105,W+7.5,8,True,False,False,,-1,29.3455,1000
2026-06-19 01:42:08,118,B+1.5,9,True,False,False,,-1,29.3168,1000
2026-06-19 01:42:34,93,B+4.5,5,True,False,False,,-1,29.2679,1000
2026-06-19 01:42:54,74,W+8.5,2,True,False,False,,-1,29.0764,1000
2026-06-19 01:43:29,114,B+1.5,13,True,False,False,,-1,29.1501,1000
2026-06-19 01:43:58,100,B+0.5,9,True,False,False,,-1,29.2176,1000
2026-06-19 01:44:28,114,B+0.5,12,True,False,False,,-1,29.2564,1000
2026-06-19 01:44:59,112,B+3.5,5,True,False,False,,-1,29.3081,1000
2026-06-19 01:45:21,84,B+2.5,3,True,False,False,,-1,29.1533,1000
2026-06-19 01:45:45,78,W+21.5,2,True,False,False,,-1,29.1126,1000
2026-06-19 01:46:06,74,W+13.5,2,True,False,False,,-1,29.0547,1000
2026-06-19 01:46:38,113,W+2.5,6,True,False,False,,-1,29.0887,1000
2026-06-19 01:46:56,64,W+6.5,2,True,False,False,,-1,28.9535,1000
2026-06-19 01:47:24,99,W+15.5,3,True,False,False,,-1,29.0449,1000
2026-06-19 01:47:56,114,B+5.5,10,True,False,False,,-1,29.0985,1000
2026-06-19 01:48:38,157,W+10.5,25,True,False,False,,-1,29.1591,1000
2026-06-19 01:49:16,149,W+5.5,20,True,False,False,,-1,29.3211,1000
2026-06-19 01:49:51,121,W+9.5,8,True,False,False,,-1,29.3464,1000
2026-06-19 01:50:22,116,B+1.5,13,True,False,False,,-1,29.3353,1000
2026-06-19 01:50:44,78,W+17.5,3,True,False,False,,-1,29.1181,1000
2026-06-19 01:51:21,129,W+2.5,7,True,False,False,,-1,29.2053,1000
2026-06-19 01:51:52,110,W+0.5,5,True,False,False,,-1,29.2261,1000
2026-06-19 01:52:00,28,W+7.5,2,True,False,False,,-1,29.0134,1000
2026-06-19 01:52:42,162,W+2.5,35,True,False,False,,-1,29.2584,1000
2026-06-19 01:53:11,114,B+0.5,7,True,False,False,,-1,29.1628,1000
2026-06-19 01:53:44,118,B+3.5,11,True,False,False,,-1,29.1676,1000
2026-06-19 01:54:16,115,W+8.5,15,True,False,False,,-1,29.174,1000
2026-06-19 01:54:52,124,B+0.5,9,True,False,False,,-1,29.2257,1000
2026-06-19 01:55:18,97,W+10.5,6,True,False,False,,-1,29.1517,1000
2026-06-19 01:55:46,101,W+1.5,10,True,False,False,,-1,29.1258,1000
2026-06-19 01:56:20,123,W+20.5,18,True,False,False,,-1,29.3776,1000
2026-06-19 01:56:28,32,W+7.5,2,True,False,False,,-1,29.1671,1000
2026-06-19 01:56:57,107,W+0.5,9,True,False,False,,-1,29.1802,1000
2026-06-19 01:57:26,108,B+0.5,12,True,False,False,,-1,29.1611,1000
2026-06-19 01:57:50,82,W+16.5,2,True,False,False,,-1,29.1013,1000
2026-06-19 01:58:16,102,B+1.5,7,True,False,False,,-1,29.0959,1000
2026-06-19 01:58:51,123,W+22.5,8,True,False,False,,-1,29.3245,1000
2026-06-19 01:59:23,111,W+10.5,5,True,False,False,,-1,29.3094,1000
2026-06-19 02:00:03,142,W+31.5,25,True,False,False,,-1,29.4582,1000
2026-06-19 02:00:36,119,W+6.5,12,True,False,False,,-1,29.5685,1000
2026-06-19 02:01:08,115,W+1.5,12,True,False,False,,-1,29.5911,1000
2026-06-19 02:01:51,155,W+26.5,25,True,False,False,,-1,29.603,1000
2026-06-19 02:02:25,120,B+0.5,10,True,False,False,,-1,29.6429,1000
2026-06-19 02:03:02,132,B+1.5,14,True,False,False,,-1,29.7181,1000
2026-06-19 02:03:14,42,W+7.5,2,True,False,False,,-1,29.3962,1000
2026-06-19 02:03:38,76,W+15.5,2,True,False,False,,-1,29.3686,1000
2026-06-19 02:04:08,106,B+5.5,6,True,False,False,,-1,29.4346,1000
2026-06-19 02:04:39,123,W+1.5,11,True,False,False,,-1,29.4342,1000
2026-06-19 02:05:11,124,B+1.5,9,True,False,False,,-1,29.465,1000
2026-06-19 02:05:51,147,W+12.5,13,True,False,False,,-1,29.5166,1000
2026-06-19 02:06:31,162,B+15.5,31,True,False,False,,-1,29.7944,1000
2026-06-19 02:06:51,78,W+11.5,2,True,False,False,,-1,29.7515,1000
2026-06-19 02:07:26,130,B+3.5,11,True,False,False,,-1,29.9721,1000
2026-06-19 02:07:53,94,B+1.5,6,True,False,False,,-1,29.9313,1000
2026-06-19 02:07:59,24,W+7.5,2,True,False,False,,-1,29.7184,1000
2026-06-19 02:08:10,44,W+6.5,3,True,False,False,,-1,29.4992,1000
2026-06-19 02:08:40,111,W+8.5,12,True,False,False,,-1,29.4513,1000
2026-06-19 02:09:14,122,B+0.5,11,True,False,False,,-1,29.4396,1000
2026-06-19 02:09:46,127,W+1.5,15,True,False,False,,-1,29.3565,1000
2026-06-19 02:10:16,117,W+2.5,10,True,False,False,,-1,29.5513,1000
2026-06-19 02:10:50,129,W+9.5,18,True,False,False,,-1,29.5828,1000
2026-06-19 02:11:35,162,W+22.5,23,True,False,False,,-1,29.7127,1000
2026-06-19 02:12:04,114,B+2.5,11,True,False,False,,-1,29.7259,1000
2026-06-19 02:12:30,98,B+0.5,6,True,False,False,,-1,29.6531,1000
2026-06-19 02:12:57,100,B+2.5,7,True,False,False,,-1,29.6025,1000
2026-06-19 02:13:24,103,W+2.5,6,True,False,False,,-1,29.5132,1000
2026-06-19 02:13:57,128,B+9.5,8,True,False,False,,-1,29.5019,1000
2026-06-19 02:14:31,120,B+0.5,13,True,False,False,,-1,29.6801,1000
2026-06-19 02:15:03,116,B+21.5,7,True,False,False,,-1,29.7159,1000
2026-06-19 02:15:32,103,W+2.5,14,True,False,False,,-1,29.7282,1000
2026-06-19 02:16:05,122,W+18.5,11,True,False,False,,-1,29.7507,1000
2026-06-19 02:16:24,68,W+14.5,2,True,False,False,,-1,29.6829,1000
2026-06-19 02:16:52,103,W+1.5,11,True,False,False,,-1,29.6077,1000
2026-06-19 02:17:36,161,W+32.5,19,True,False,False,,-1,29.7528,1000
2026-06-19 02:18:07,117,W+16.5,10,True,False,False,,-1,29.7571,1000
2026-06-19 02:18:32,96,B+0.5,9,True,False,False,,-1,29.6451,1000
2026-06-19 02:18:58,102,B+1.5,8,True,False,False,,-1,29.7635,1000
2026-06-19 02:19:32,138,B+1.5,23,True,False,False,,-1,29.6631,1000
2026-06-19 02:20:03,115,W+1.5,13,True,False,False,,-1,29.691,1000
2026-06-19 02:20:49,162,W+6.5,26,True,False,False,,-1,29.6852,1000
2026-06-19 02:21:23,132,B+2.5,11,True,False,False,,-1,29.7218,1000
2026-06-19 02:21:51,97,B+6.5,8,True,False,False,,-1,29.6624,1000
2026-06-19 02:22:27,137,W+31.5,23,True,False,False,,-1,29.7185,1000
2026-06-19 02:23:03,130,B+0.5,17,True,False,False,,-1,29.7483,1000
2026-06-19 02:23:39,147,W+0.5,23,True,False,False,,-1,29.8146,1000
2026-06-19 02:24:12,121,W+0.5,11,True,False,False,,-1,29.8114,1000
2026-06-19 02:24:41,110,B+1.5,7,True,False,False,,-1,29.8278,1000
2026-06-19 02:25:08,97,W+1.5,11,True,False,False,,-1,29.7164,1000
2026-06-19 02:25:44,132,B+4.5,21,True,False,False,,-1,29.7798,1000
2026-06-19 02:25:52,36,W+1.5,2,True,False,False,,-1,29.6847,1000
2026-06-19 02:26:24,122,B+4.5,16,True,False,False,,-1,29.6449,1000
2026-06-19 02:26:54,105,W+0.5,4,True,False,False,,-1,29.6054,1000
2026-06-19 02:27:11,62,W+1.5,2,True,False,False,,-1,29.506,1000
2026-06-19 02:27:53,155,W+37.5,15,True,False,False,,-1,29.5668,1000
2026-06-19 02:28:29,136,B+4.5,16,True,False,False,,-1,29.6674,1000
2026-06-19 02:28:58,103,W+2.5,8,True,False,False,,-1,29.6746,1000
2026-06-19 02:29:22,97,W+3.5,11,True,False,False,,-1,29.6566,1000
2026-06-19 02:29:59,130,B+0.5,17,True,False,False,,-1,29.7335,1000
2026-06-19 02:30:31,113,W+2.5,11,True,False,False,,-1,29.9863,1000
2026-06-19 02:31:07,140,B+28.5,15,True,False,False,,-1,29.9889,1000
2026-06-19 02:31:39,123,W+0.5,10,True,False,False,,-1,30.0213,1000
2026-06-19 02:32:09,111,W+11.5,8,True,False,False,,-1,30.0111,1000
2026-06-19 02:32:42,115,W+5.5,13,True,False,False,,-1,30.0768,1000
2026-06-19 02:33:03,78,W+18.5,2,True,False,False,,-1,30.0896,1000
2026-06-19 02:33:37,122,B+0.5,12,True,False,False,,-1,30.081,1000
2026-06-19 02:34:09,115,W+2.5,9,True,False,False,,-1,30.1155,1000
2026-06-19 02:34:37,102,B+1.5,8,True,False,False,,-1,30.0878,1000
2026-06-19 02:35:19,162,B+8.5,24,True,False,False,,-1,30.196,1000
2026-06-19 02:35:25,22,W+7.5,2,True,False,False,,-1,30.0436,1000
2026-06-19 02:35:58,116,B+1.5,14,True,False,False,,-1,30.1351,1000
2026-06-19 02:36:30,120,B+3.5,11,True,False,False,,-1,30.2386,1000
2026-06-19 02:36:58,102,W+16.5,6,True,False,False,,-1,30.203,1000
2026-06-19 02:37:30,110,B+1.5,12,True,False,False,,-1,30.3422,1000
2026-06-19 02:37:56,97,W+9.5,7,True,False,False,,-1,30.3233,1000
2026-06-19 02:38:22,93,W+12.5,3,True,False,False,,-1,30.2535,1000
2026-06-19 02:38:51,109,W+1.5,10,True,False,False,,-1,30.1272,1000
2026-06-19 02:39:27,130,B+2.5,6,True,False,False,,-1,30.1065,1000
2026-06-19 02:39:51,86,W+0.5,4,True,False,False,,-1,29.9939,1000
2026-06-19 02:40:18,100,W+0.5,7,True,False,False,,-1,29.9613,1000
2026-06-19 02:40:54,127,W+1.5,21,True,False,False,,-1,30.0915,1000
2026-06-19 02:41:26,118,B+2.5,10,True,False,False,,-1,30.0485,1000
2026-06-19 02:42:06,137,W+0.5,11,True,False,False,,-1,30.143,1000
2026-06-19 02:42:44,141,W+5.5,24,True,False,False,,-1,30.4341,1000
2026-06-19 02:43:12,103,B+3.5,6,True,False,False,,-1,30.298,1000
2026-06-19 02:43:53,149,W+8.5,19,True,False,False,,-1,30.415,1000
2026-06-19 02:44:24,116,B+4.5,13,True,False,False,,-1,30.4062,1000
2026-06-19 02:44:59,136,B+6.5,13,True,False,False,,-1,30.4214,1000
2026-06-19 02:45:33,128,B+2.5,14,True,False,False,,-1,30.4078,1000
2026-06-19 02:46:02,107,W+4.5,11,True,False,False,,-1,30.4373,1000
2026-06-19 02:46:18,60,W+9.5,2,True,False,False,,-1,30.3203,1000
2026-06-19 02:46:55,129,B+7.5,7,True,False,False,,-1,30.3435,1000
2026-06-19 02:47:23,104,B+1.5,8,True,False,False,,-1,30.5455,1000
2026-06-19 02:47:30,28,W+6.5,3,True,False,False,,-1,30.3257,1000
2026-06-19 02:48:01,106,B+2.5,12,True,False,False,,-1,30.3482,1000
2026-06-19 02:48:20,70,W+5.5,3,True,False,False,,-1,30.3042,1000
2026-06-19 02:48:50,110,B+9.5,11,True,False,False,,-1,30.3331,1000
2026-06-19 02:49:21,110,B+1.5,11,True,False,False,,-1,30.2972,1000
2026-06-19 02:50:04,162,W+9.5,19,True,False,False,,-1,30.4037,1000
2026-06-19 02:50:37,115,W+5.5,14,True,False,False,,-1,30.3379,1000
2026-06-19 02:51:09,122,B+2.5,15,True,False,False,,-1,30.3298,1000
2026-06-19 02:51:47,125,W+5.5,12,True,False,False,,-1,30.3849,1000
2026-06-19 02:52:16,112,B+1.5,11,True,False,False,,-1,30.2431,1000
2026-06-19 02:52:48,131,W+2.5,21,True,False,False,,-1,30.2187,1000
2026-06-19 02:53:14,98,B+5.5,5,True,False,False,,-1,30.1123,1000
2026-06-19 02:53:42,106,B+0.5,7,True,False,False,,-1,30.2805,1000
2026-06-19 02:54:29,162,W+30.5,17,True,False,False,,-1,30.5047,1000
2026-06-19 02:55:14,162,B+35.5,8,True,False,False,,-1,30.6587,1000
2026-06-19 02:55:56,160,B+18.5,16,True,False,False,,-1,30.768,1000
2026-06-19 02:56:31,126,B+2.5,19,True,False,False,,-1,30.792,1000
2026-06-19 02:56:52,77,B+13.5,2,True,False,False,,-1,30.6028,1000
2026-06-19 02:57:11,66,W+16.5,2,True,False,False,,-1,30.3919,1000
2026-06-19 02:57:38,94,W+7.5,3,True,False,False,,-1,30.4642,1000
2026-06-19 02:58:16,134,B+4.5,14,True,False,False,,-1,30.4915,1000
2026-06-19 02:58:55,137,B+3.5,15,True,False,False,,-1,30.6125,1000
2026-06-19 02:59:29,129,W+4.5,15,True,False,False,,-1,30.9004,1000
2026-06-19 03:00:00,117,W+1.5,13,True,False,False,,-1,31.0971,1000
2026-06-19 03:00:31,118,B+1.5,15,True,False,False,,-1,31.1039,1000
2026-06-19 03:00:53,97,B+2.5,5,True,False,False,,-1,30.9926,1000
2026-06-19 03:01:24,113,W+0.5,10,True,False,False,,-1,30.9766,1000
2026-06-19 03:01:54,109,W+2.5,6,True,False,False,,-1,30.9718,1000
2026-06-19 03:02:34,162,B+1.5,24,True,False,False,,-1,31.0399,1000
2026-06-19 03:02:59,89,B+1.5,3,True,False,False,,-1,30.8329,1000
2026-06-19 03:03:28,110,B+13.5,10,True,False,False,,-1,30.8416,1000
2026-06-19 03:04:02,121,W+2.5,13,True,False,False,,-1,30.9235,1000
2026-06-19 03:04:37,132,B+1.5,15,True,False,False,,-1,30.9987,1000
2026-06-19 03:05:06,102,B+1.5,7,True,False,False,,-1,31.0178,1000
2026-06-19 03:05:35,111,W+1.5,12,True,False,False,,-1,30.9784,1000
2026-06-19 03:06:03,96,B+0.5,8,True,False,False,,-1,30.9188,1000
2026-06-19 03:06:31,102,B+0.5,9,True,False,False,,-1,30.876,1000
2026-06-19 03:07:05,115,W+0.5,14,True,False,False,,-1,30.9253,1000
2026-06-19 03:07:41,138,B+1.5,15,True,False,False,,-1,30.9524,1000
2026-06-19 03:08:08,107,B+3.5,8,True,False,False,,-1,31.0434,1000
2026-06-19 03:08:37,107,W+2.5,5,True,False,False,,-1,31.0395,1000
2026-06-19 03:09:03,96,B+0.5,8,True,False,False,,-1,30.8683,1000
2026-06-19 03:09:43,138,B+0.5,8,True,False,False,,-1,30.9599,1000
2026-06-19 03:10:16,132,B+15.5,17,True,False,False,,-1,31.0463,1000
2026-06-19 03:10:47,118,B+2.5,12,True,False,False,,-1,31.093,1000
2026-06-19 03:11:14,99,W+1.5,5,True,False,False,,-1,31.0078,1000
2026-06-19 03:11:53,157,W+14.5,33,True,False,False,,-1,31.0984,1000
2026-06-19 03:12:22,107,W+10.5,10,True,False,False,,-1,30.9281,1000
2026-06-19 03:12:52,115,W+1.5,10,True,False,False,,-1,30.8928,1000
2026-06-19 03:13:28,124,B+0.5,11,True,False,False,,-1,30.9683,1000
2026-06-19 03:13:59,110,B+17.5,8,True,False,False,,-1,30.9133,1000
2026-06-19 03:14:31,117,W+43.5,7,True,False,False,,-1,30.8835,1000
2026-06-19 03:15:12,159,W+21.5,27,True,False,False,,-1,30.9338,1000
2026-06-19 03:15:40,112,B+5.5,8,True,False,False,,-1,30.8717,1000
2026-06-19 03:16:17,135,W+2.5,11,True,False,False,,-1,30.9527,1000
2026-06-19 03:16:40,87,W+2.5,6,True,False,False,,-1,30.9202,1000
2026-06-19 03:17:10,106,B+1.5,8,True,False,False,,-1,30.8598,1000
2026-06-19 03:17:23,48,W+10.5,2,True,False,False,,-1,30.8997,1000
2026-06-19 03:18:01,132,B+1.5,10,True,False,False,,-1,30.9632,1000
2026-06-19 03:18:33,119,W+4.5,12,True,False,False,,-1,30.9852,1000
2026-06-19 03:19:02,107,W+1.5,9,True,False,False,,-1,31.109,1000
2026-06-19 03:19:28,105,W+26.5,6,True,False,False,,-1,30.9552,1000
2026-06-19 03:19:57,99,W+14.5,6,True,False,False,,-1,30.8778,1000
2026-06-19 03:20:31,130,B+1.5,19,True,False,False,,-1,30.9271,1000
2026-06-19 03:20:58,102,B+1.5,9,True,False,False,,-1,30.9517,1000
2026-06-19 03:21:25,105,B+3.5,9,True,False,False,,-1,30.8588,1000
2026-06-19 03:21:56,111,W+0.5,9,True,False,False,,-1,30.8447,1000
2026-06-19 03:22:25,106,B+5.5,11,True,False,False,,-1,30.7801,1000
2026-06-19 03:22:56,106,B+1.5,10,True,False,False,,-1,30.762,1000
2026-06-19 03:23:19,85,B+0.5,3,True,False,False,,-1,30.6954,1000
2026-06-19 03:23:48,99,W+6.5,7,True,False,False,,-1,30.6625,1000
2026-06-19 03:24:19,109,W+8.5,10,True,False,False,,-1,30.7496,1000
2026-06-19 03:24:45,97,W+8.5,10,True,False,False,,-1,30.6727,1000
2026-06-19 03:25:11,101,W+0.5,9,True,False,False,,-1,30.6176,1000
2026-06-19 03:25:41,117,W+3.5,14,True,False,False,,-1,30.6397,1000
2026-06-19 03:26:20,143,W+3.5,19,True,False,False,,-1,30.6024,1000
2026-06-19 03:26:52,127,W+6.5,21,True,False,False,,-1,30.8678,1000
2026-06-19 03:27:19,108,B+10.5,8,True,False,False,,-1,30.8065,1000
2026-06-19 03:27:26,22,W+7.5,2,True,False,False,,-1,30.5495,1000
2026-06-19 03:27:55,119,W+9.5,14,True,False,False,,-1,30.5647,1000
2026-06-19 03:28:33,136,B+0.5,11,True,False,False,,-1,30.6213,1000
2026-06-19 03:29:06,130,B+0.5,17,True,False,False,,-1,30.6966,1000
2026-06-19 03:29:40,131,W+8.5,16,True,False,False,,-1,30.7744,1000
2026-06-19 03:30:05,93,B+16.5,3,True,False,False,,-1,30.7329,1000
2026-06-19 03:30:40,132,B+0.5,18,True,False,False,,-1,30.7217,1000
2026-06-19 03:31:05,94,B+5.5,7,True,False,False,,-1,30.7398,1000
2026-06-19 03:31:47,162,B+10.5,32,True,False,False,,-1,30.8877,1000
2026-06-19 03:32:18,115,W+17.5,10,True,False,False,,-1,30.8368,1000
2026-06-19 03:32:47,109,W+0.5,15,True,False,False,,-1,30.8053,1000
2026-06-19 03:33:13,103,W+6.5,13,True,False,False,,-1,30.6662,1000
2026-06-19 03:33:50,137,W+1.5,10,True,False,False,,-1,30.6553,1000
2026-06-19 03:34:21,115,W+1.5,9,True,False,False,,-1,30.6864,1000
2026-06-19 03:34:51,108,B+1.5,8,True,False,False,,-1,30.5818,1000
2026-06-19 03:35:23,110,B+3.5,9,True,False,False,,-1,30.581,1000
2026-06-19 03:35:52,110,B+1.5,12,True,False,False,,-1,30.5302,1000
2026-06-19 03:36:18,88,W+5.5,3,True,False,False,,-1,30.4524,1000
2026-06-19 03:36:45,100,B+2.5,5,True,False,False,,-1,30.4194,1000
2026-06-19 03:37:13,106,B+2.5,10,True,False,False,,-1,30.5437,1000
2026-06-19 03:37:46,111,B+12.5,9,True,False,False,,-1,30.506,1000
2026-06-19 03:38:18,100,W+1.5,9,True,False,False,,-1,30.5479,1000
2026-06-19 03:38:34,58,W+3.5,2,True,False,False,,-1,30.641,1000
2026-06-19 03:39:03,108,B+9.5,13,True,False,False,,-1,30.6182,1000
2026-06-19 03:39:30,95,W+8.5,9,True,False,False,,-1,30.6922,1000
2026-06-19 03:40:05,140,B+15.5,10,True,False,False,,-1,30.7517,1000
2026-06-19 03:40:35,120,B+2.5,9,True,False,False,,-1,30.7423,1000
2026-06-19 03:41:03,107,W+7.5,10,True,False,False,,-1,30.5905,1000
2026-06-19 03:41:42,137,W+17.5,16,True,False,False,,-1,30.6444,1000
2026-06-19 03:42:12,114,B+1.5,5,True,False,False,,-1,30.6226,1000
2026-06-19 03:42:36,94,B+2.5,8,True,False,False,,-1,30.4857,1000
2026-06-19 03:43:03,102,B+3.5,9,True,False,False,,-1,30.4718,1000
2026-06-19 03:43:33,109,W+2.5,10,True,False,False,,-1,30.4509,1000
2026-06-19 03:44:10,130,B+4.5,19,True,False,False,,-1,30.5614,1000
2026-06-19 03:44:35,95,W+0.5,8,True,False,False,,-1,30.5208,1000
2026-06-19 03:45:17,161,W+0.5,28,True,False,False,,-1,30.4829,1000
2026-06-19 03:45:44,99,W+7.5,11,True,False,False,,-1,30.2989,1000
2026-06-19 03:45:59,54,W+9.5,2,True,False,False,,-1,30.0253,1000
2026-06-19 03:46:23,82,W+15.5,3,True,False,False,,-1,29.922,1000
2026-06-19 03:46:53,105,W+1.5,10,True,False,False,,-1,30.0096,1000
2026-06-19 03:47:23,105,B+0.5,4,True,False,False,,-1,30.119,1000
2026-06-19 03:48:02,133,W+1.5,10,True,False,False,,-1,30.2358,1000
2026-06-19 03:48:42,141,W+0.5,17,True,False,False,,-1,30.2577,1000
2026-06-19 03:49:11,109,W+2.5,7,True,False,False,,-1,30.161,1000
2026-06-19 03:49:17,20,W+7.5,2,True,False,False,,-1,29.8704,1000
2026-06-19 03:49:49,133,W+16.5,22,True,False,False,,-1,29.8899,1000
2026-06-19 03:50:21,120,B+5.5,5,True,False,False,,-1,29.8972,1000
2026-06-19 03:50:55,123,W+3.5,14,True,False,False,,-1,30.0156,1000
2026-06-19 03:51:28,115,B+1.5,4,True,False,False,,-1,30.039,1000
2026-06-19 03:51:48,64,W+7.5,3,True,False,False,,-1,29.9369,1000
2026-06-19 03:52:28,141,W+2.5,12,True,False,False,,-1,29.9349,1000
2026-06-19 03:52:55,103,W+32.5,5,True,False,False,,-1,29.9563,1000
2026-06-19 03:53:26,121,W+1.5,13,True,False,False,,-1,29.9711,1000
2026-06-19 03:53:56,111,B+3.5,7,True,False,False,,-1,29.9287,1000
2026-06-19 03:54:24,113,W+2.5,15,True,False,False,,-1,29.87,1000
2026-06-19 03:54:52,110,B+0.5,8,True,False,False,,-1,29.8638,1000
2026-06-19 03:55:19,101,W+22.5,6,True,False,False,,-1,29.8437,1000
2026-06-19 03:55:53,137,B+2.5,16,True,False,False,,-1,29.8941,1000
2026-06-19 03:56:26,127,W+2.5,8,True,False,False,,-1,29.946,1000
2026-06-19 03:56:57,109,W+0.5,8,True,False,False,,-1,29.9138,1000
2026-06-19 03:57:25,107,W+1.5,17,True,False,False,,-1,29.8464,1000
2026-06-19 03:57:56,117,W+16.5,9,True,False,False,,-1,29.8727,1000
2026-06-19 03:58:25,99,W+0.5,10,True,False,False,,-1,29.8797,1000
2026-06-19 03:58:53,111,W+2.5,14,True,False,False,,-1,29.9002,1000
2026-06-19 03:59:20,99,W+2.5,7,True,False,False,,-1,29.7667,1000
2026-06-19 03:59:48,105,W+2.5,13,True,False,False,,-1,29.7084,1000
2026-06-19 04:00:19,122,B+1.5,13,True,False,False,,-1,29.7126,1000
2026-06-19 04:00:45,106,B+5.5,7,True,False,False,,-1,29.7145,1000
2026-06-19 04:00:56,44,W+7.5,2,True,False,False,,-1,29.425,1000
2026-06-19 04:01:27,120,B+5.5,13,True,False,False,,-1,29.4421,1000
2026-06-19 04:01:59,110,B+3.5,4,True,False,False,,-1,29.4609,1000
2026-06-19 04:02:35,136,B+1.5,19,True,False,False,,-1,29.4681,1000
2026-06-19 04:03:05,111,W+6.5,11,True,False,False,,-1,29.4629,1000
2026-06-19 04:03:41,135,W+1.5,16,True,False,False,,-1,29.4983,1000
2026-06-19 04:04:16,126,B+2.5,12,True,False,False,,-1,29.4315,1000
2026-06-19 04:04:56,162,B+7.5,27,True,False,False,,-1,29.5562,1000
2026-06-19 04:05:22,105,W+2.5,18,True,False,False,,-1,29.4506,1000
2026-06-19 04:05:51,112,B+1.5,10,True,False,False,,-1,29.5051,1000
2026-06-19 04:06:22,108,B+7.5,9,True,False,False,,-1,29.5203,1000
2026-06-19 04:07:06,161,W+9.5,22,True,False,False,,-1,29.8292,1000
2026-06-19 04:07:39,122,B+0.5,8,True,False,False,,-1,29.7777,1000
2026-06-19 04:08:12,128,B+7.5,14,True,False,False,,-1,29.7881,1000
2026-06-19 04:08:44,120,B+1.5,9,True,False,False,,-1,29.8192,1000
2026-06-19 04:09:18,126,B+2.5,15,True,False,False,,-1,29.8912,1000
2026-06-19 04:09:47,105,B+8.5,5,True,False,False,,-1,29.8996,1000
2026-06-19 04:10:33,162,W+23.5,15,True,False,False,,-1,30.0173,1000
2026-06-19 04:11:04,109,W+1.5,11,True,False,False,,-1,30.0587,1000
2026-06-19 04:11:30,97,W+7.5,10,True,False,False,,-1,30.0468,1000
2026-06-19 04:11:59,115,W+0.5,14,True,False,False,,-1,30.0295,1000
2026-06-19 04:12:34,130,B+5.5,14,True,False,False,,-1,30.0825,1000
2026-06-19 04:13:14,161,W+7.5,35,True,False,False,,-1,30.1771,1000
2026-06-19 04:13:44,108,B+11.5,7,True,False,False,,-1,30.2422,1000
2026-06-19 04:14:12,108,B+1.5,9,True,False,False,,-1,30.2341,1000
2026-06-19 04:14:42,108,B+4.5,11,True,False,False,,-1,30.2275,1000
2026-06-19 04:15:18,138,B+4.5,11,True,False,False,,-1,30.3301,1000
2026-06-19 04:15:42,82,W+8.5,2,True,False,False,,-1,30.3001,1000
2026-06-19 04:16:26,162,W+48.5,23,True,False,False,,-1,30.447,1000
2026-06-19 04:17:04,129,W+16.5,14,True,False,False,,-1,30.4424,1000
2026-06-19 04:17:33,113,W+0.5,10,True,False,False,,-1,30.4073,1000
2026-06-19 04:18:11,143,W+13.5,14,True,False,False,,-1,30.5097,1000
2026-06-19 04:18:29,62,W+2.5,2,True,False,False,,-1,30.6325,1000
2026-06-19 04:18:56,111,B+1.5,12,True,False,False,,-1,30.61,1000
2026-06-19 04:19:33,139,W+2.5,25,True,False,False,,-1,30.5993,1000
2026-06-19 04:20:09,145,W+16.5,17,True,False,False,,-1,30.6286,1000
2026-06-19 04:20:26,64,W+11.5,2,True,False,False,,-1,30.4659,1000
2026-06-19 04:20:56,104,B+6.5,6,True,False,False,,-1,30.5092,1000
2026-06-19 04:21:23,101,W+2.5,7,True,False,False,,-1,30.4361,1000
2026-06-19 04:21:51,104,B+1.5,7,True,False,False,,-1,30.4542,1000
2026-06-19 04:22:23,113,W+2.5,8,True,False,False,,-1,30.359,1000
2026-06-19 04:22:55,107,W+8.5,8,True,False,False,,-1,30.367,1000
2026-06-19 04:23:20,101,B+3.5,11,True,False,False,,-1,30.3339,1000
2026-06-19 04:23:51,115,W+3.5,6,True,False,False,,-1,30.3769,1000
2026-06-19 04:24:38,153,W+0.5,14,True,False,False,,-1,30.4771,1000
2026-06-19 04:25:09,106,B+2.5,7,True,False,False,,-1,30.4841,1000
2026-06-19 04:25:53,162,B+14.5,29,True,False,False,,-1,30.6165,1000
2026-06-19 04:26:17,89,W+9.5,8,True,False,False,,-1,30.544,1000
2026-06-19 04:26:57,153,B+4.5,23,True,False,False,,-1,30.6498,1000
2026-06-19 04:27:28,112,B+0.5,10,True,False,False,,-1,30.7003,1000
2026-06-19 04:27:56,108,B+0.5,9,True,False,False,,-1,30.7106,1000
2026-06-19 04:28:22,100,B+1.5,9,True,False,False,,-1,30.6897,1000
2026-06-19 04:28:35,44,W+8.5,2,True,False,False,,-1,30.4851,1000
2026-06-19 04:29:03,104,B+3.5,10,True,False,False,,-1,30.4432,1000
2026-06-19 04:29:31,91,B+7.5,2,True,False,False,,-1,30.562,1000
2026-06-19 04:29:56,93,W+3.5,8,True,False,False,,-1,30.5274,1000
2026-06-19 04:30:27,110,B+2.5,9,True,False,False,,-1,30.5677,1000
2026-06-19 04:31:06,134,B+3.5,17,True,False,False,,-1,30.6045,1000
2026-06-19 04:31:30,84,W+10.5,2,True,False,False,,-1,30.5413,1000
2026-06-19 04:31:54,92,B+0.5,7,True,False,False,,-1,30.506,1000
2026-06-19 04:32:23,103,W+8.5,8,True,False,False,,-1,30.4118,1000
2026-06-19 04:32:53,118,B+0.5,12,True,False,False,,-1,30.4103,1000
2026-06-19 04:33:22,109,W+5.5,11,True,False,False,,-1,30.4611,1000
2026-06-19 04:33:28,22,W+7.5,2,True,False,False,,-1,30.2486,1000
2026-06-19 04:34:02,129,W+9.5,13,True,False,False,,-1,30.2902,1000
2026-06-19 04:34:30,113,B+1.5,10,True,False,False,,-1,30.198,1000
2026-06-19 04:34:59,108,B+4.5,4,True,False,False,,-1,30.2434,1000
2026-06-19 04:35:24,97,W+2.5,5,True,False,False,,-1,30.0702,1000
2026-06-19 04:35:51,95,W+12.5,7,True,False,False,,-1,30.0619,1000
2026-06-19 04:36:20,106,B+6.5,10,True,False,False,,-1,30.2109,1000
2026-06-19 04:36:54,128,B+1.5,17,True,False,False,,-1,30.3055,1000
2026-06-19 04:37:26,107,W+1.5,15,True,False,False,,-1,30.3276,1000
2026-06-19 04:37:36,40,W+5.5,2,True,False,False,,-1,30.133,1000
2026-06-19 04:38:05,107,W+0.5,11,True,False,False,,-1,30.0285,1000
2026-06-19 04:38:37,121,W+43.5,11,True,False,False,,-1,29.9508,1000
2026-06-19 04:38:55,60,W+6.5,2,True,False,False,,-1,29.8353,1000
2026-06-19 04:39:20,105,W+3.5,14,True,False,False,,-1,30.0309,1000
2026-06-19 04:39:59,150,B+0.5,22,True,False,False,,-1,30.0987,1000
2026-06-19 04:40:29,113,W+30.5,8,True,False,False,,-1,30.0798,1000
2026-06-19 04:40:36,28,W+7.5,2,True,False,False,,-1,29.8088,1000
2026-06-19 04:41:03,98,B+2.5,5,True,False,False,,-1,29.7509,1000
2026-06-19 04:41:45,150,W+16.5,12,True,False,False,,-1,29.965,1000
2026-06-19 04:42:11,102,B+4.5,12,True,False,False,,-1,29.8308,1000
2026-06-19 04:42:43,117,W+2.5,9,True,False,False,,-1,29.8816,1000
2026-06-19 04:43:09,91,W+12.5,5,True,False,False,,-1,29.8343,1000
2026-06-19 04:43:22,46,W+11.5,2,True,False,False,,-1,29.662,1000
2026-06-19 04:43:55,123,W+2.5,11,True,False,False,,-1,29.7093,1000
2026-06-19 04:44:26,117,W+0.5,11,True,False,False,,-1,29.7373,1000
2026-06-19 04:44:56,123,W+3.5,21,True,False,False,,-1,29.7602,1000
2026-06-19 04:45:24,117,B+2.5,14,True,False,False,,-1,29.708,1000
2026-06-19 04:45:58,121,W+2.5,13,True,False,False,,-1,29.7168,1000
2026-06-19 04:46:26,108,B+1.5,10,True,False,False,,-1,29.6966,1000
2026-06-19 04:46:54,107,W+3.5,14,True,False,False,,-1,29.687,1000
2026-06-19 04:47:27,125,W+2.5,13,True,False,False,,-1,29.7054,1000
2026-06-19 04:48:03,129,W+7.5,11,True,False,False,,-1,29.7773,1000
2026-06-19 04:48:36,121,W+2.5,13,True,False,False,,-1,29.8229,1000
2026-06-19 04:49:05,111,B+26.5,12,True,False,False,,-1,29.8483,1000
2026-06-19 04:49:35,105,W+2.5,8,True,False,False,,-1,29.871,1000
2026-06-19 04:50:01,100,B+1.5,7,True,False,False,,-1,29.8143,1000
2026-06-19 04:50:32,113,W+13.5,9,True,False,False,,-1,29.8639,1000
2026-06-19 04:50:58,97,W+0.5,8,True,False,False,,-1,30.0203,1000
2026-06-19 04:51:42,162,W+27.5,19,True,False,False,,-1,30.1503,1000
2026-06-19 04:52:16,123,W+0.5,13,True,False,False,,-1,30.1741,1000
2026-06-19 04:52:24,26,W+7.5,2,True,False,False,,-1,29.8801,1000
2026-06-19 04:52:52,110,B+1.5,6,True,False,False,,-1,29.8622,1000
2026-06-19 04:53:24,115,W+4.5,15,True,False,False,,-1,29.8277,1000
2026-06-19 04:54:00,129,W+0.5,15,True,False,False,,-1,29.8441,1000
2026-06-19 04:54:27,103,W+1.5,11,True,False,False,,-1,29.71,1000
2026-06-19 04:54:57,114,B+5.5,10,True,False,False,,-1,29.7494,1000
2026-06-19 04:55:28,116,B+9.5,12,True,False,False,,-1,29.7677,1000
2026-06-19 04:56:06,156,B+10.5,24,True,False,False,,-1,29.8351,1000
2026-06-19 04:56:34,109,W+2.5,13,True,False,False,,-1,29.6842,1000
2026-06-19 04:57:00,90,W+18.5,7,True,False,False,,-1,29.6089,1000
2026-06-19 04:57:31,116,B+2.5,10,True,False,False,,-1,29.5871,1000
2026-06-19 04:58:09,162,W+3.5,23,True,False,False,,-1,29.6492,1000
2026-06-19 04:58:39,116,B+7.5,14,True,False,False,,-1,29.6039,1000
2026-06-19 04:59:03,81,B+7.5,3,True,False,False,,-1,29.5529,1000
2026-06-19 04:59:29,97,W+2.5,5,True,False,False,,-1,29.3562,1000
2026-06-19 04:59:58,109,W+0.5,6,True,False,False,,-1,29.3437,1000
2026-06-19 05:00:32,114,B+2.5,13,True,False,False,,-1,29.4124,1000
2026-06-19 05:01:01,105,W+2.5,9,True,False,False,,-1,29.4177,1000
2026-06-19 05:01:33,110,B+0.5,6,True,False,False,,-1,29.3933,1000
2026-06-19 05:02:05,119,W+7.5,13,True,False,False,,-1,29.3082,1000
2026-06-19 05:02:35,105,W+0.5,10,True,False,False,,-1,29.3073,1000
2026-06-19 05:03:11,134,W+4.5,18,True,False,False,,-1,29.3863,1000
2026-06-19 05:03:41,112,B+1.5,11,True,False,False,,-1,29.3895,1000
2026-06-19 05:04:16,118,B+1.5,13,True,False,False,,-1,29.3816,1000
2026-06-19 05:04:48,113,W+0.5,10,True,False,False,,-1,29.4612,1000
2026-06-19 05:05:19,111,B+2.5,8,True,False,False,,-1,29.3201,1000
2026-06-19 05:05:59,151,W+25.5,27,True,False,False,,-1,29.3456,1000
2026-06-19 05:06:37,143,W+10.5,20,True,False,False,,-1,29.4333,1000
2026-06-19 05:07:22,162,W+46.5,7,True,False,False,,-1,29.5092,1000
2026-06-19 05:07:39,64,W+19.5,2,True,False,False,,-1,29.4933,1000
2026-06-19 05:08:06,98,B+0.5,6,True,False,False,,-1,29.4907,1000
2026-06-19 05:08:29,90,B+0.5,7,True,False,False,,-1,29.3604,1000
2026-06-19 05:08:58,101,W+1.5,9,True,False,False,,-1,29.2797,1000
2026-06-19 05:09:27,100,B+2.5,6,True,False,False,,-1,29.4066,1000
2026-06-19 05:09:58,111,W+20.5,9,True,False,False,,-1,29.4176,1000
2026-06-19 05:10:27,103,W+6.5,12,True,False,False,,-1,29.433,1000
2026-06-19 05:10:55,108,B+1.5,6,True,False,False,,-1,29.4374,1000
2026-06-19 05:11:23,91,B+5.5,2,True,False,False,,-1,29.3966,1000
2026-06-19 05:11:55,110,B+0.5,5,True,False,False,,-1,29.4007,1000
2026-06-19 05:12:22,97,W+1.5,9,True,False,False,,-1,29.4121,1000
2026-06-19 05:12:46,95,B+0.5,4,True,False,False,,-1,29.3458,1000
2026-06-19 05:13:21,122,B+2.5,14,True,False,False,,-1,29.229,1000
2026-06-19 05:13:51,110,W+14.5,12,True,False,False,,-1,29.2186,1000
2026-06-19 05:14:24,122,B+1.5,11,True,False,False,,-1,29.1034,1000
2026-06-19 05:15:05,162,W+2.5,33,True,False,False,,-1,29.2692,1000
2026-06-19 05:15:16,42,W+5.5,2,True,False,False,,-1,28.9836,1000
2026-06-19 05:15:43,100,B+5.5,8,True,False,False,,-1,28.9392,1000
2026-06-19 05:16:12,113,W+1.5,12,True,False,False,,-1,28.961,1000
2026-06-19 05:16:43,120,W+24.5,14,True,False,False,,-1,28.9991,1000
2026-06-19 05:17:09,100,B+1.5,7,True,False,False,,-1,29.1389,1000
2026-06-19 05:17:41,119,W+14.5,17,True,False,False,,-1,29.1776,1000
2026-06-19 05:18:07,94,B+0.5,7,True,False,False,,-1,29.1602,1000
2026-06-19 05:18:34,101,B+21.5,13,True,False,False,,-1,29.1694,1000
2026-06-19 05:18:59,99,W+2.5,18,True,False,False,,-1,29.1189,1000
2026-06-19 05:19:26,102,B+3.5,9,True,False,False,,-1,28.9975,1000
2026-06-19 05:19:56,105,W+2.5,9,True,False,False,,-1,29.0573,1000
2026-06-19 05:20:22,94,B+1.5,6,True,False,False,,-1,29.083,1000
2026-06-19 05:21:00,147,W+2.5,19,True,False,False,,-1,29.1729,1000
2026-06-19 05:21:15,52,W+8.5,2,True,False,False,,-1,29.0148,1000
2026-06-19 05:21:41,100,B+0.5,10,True,False,False,,-1,28.9923,1000
2026-06-19 05:22:12,119,W+0.5,10,True,False,False,,-1,29.2367,1000
2026-06-19 05:22:40,100,B+2.5,8,True,False,False,,-1,29.1727,1000
2026-06-19 05:23:13,126,B+5.5,17,True,False,False,,-1,29.2233,1000
2026-06-19 05:23:44,109,W+0.5,9,True,False,False,,-1,29.2507,1000
2026-06-19 05:24:20,131,W+0.5,15,True,False,False,,-1,29.3579,1000
2026-06-19 05:24:56,127,W+2.5,15,True,False,False,,-1,29.4454,1000
2026-06-19 05:25:32,134,B+0.5,19,True,False,False,,-1,29.5145,1000
2026-06-19 05:25:37,20,W+7.5,2,True,False,False,,-1,29.2306,1000
2026-06-19 05:26:02,78,W+16.5,2,True,False,False,,-1,29.1547,1000
2026-06-19 05:26:30,97,B+9.5,4,True,False,False,,-1,29.334,1000
2026-06-19 05:26:55,92,B+0.5,8,True,False,False,,-1,29.3004,1000
2026-06-19 05:27:28,117,W+1.5,10,True,False,False,,-1,29.3066,1000
2026-06-19 05:28:05,132,W+16.5,10,True,False,False,,-1,29.4958,1000
2026-06-19 05:28:13,28,W+7.5,2,True,False,False,,-1,29.327,1000
2026-06-19 05:28:43,113,W+0.5,11,True,False,False,,-1,29.2401,1000
2026-06-19 05:29:16,113,W+2.5,7,True,False,False,,-1,29.2646,1000
2026-06-19 05:29:56,144,B+6.5,18,True,False,False,,-1,29.5921,1000
2026-06-19 05:30:31,120,B+3.5,9,True,False,False,,-1,29.67,1000
2026-06-19 05:31:00,106,B+15.5,4,True,False,False,,-1,29.5493,1000
2026-06-19 05:31:30,110,B+0.5,11,True,False,False,,-1,29.5814,1000
2026-06-19 05:31:56,99,W+6.5,8,True,False,False,,-1,29.5265,1000
2026-06-19 05:32:23,101,W+0.5,6,True,False,False,,-1,29.5369,1000
2026-06-19 05:32:52,109,W+15.5,13,True,False,False,,-1,29.6984,1000
2026-06-19 05:33:30,151,W+3.5,19,True,False,False,,-1,29.744,1000
2026-06-19 05:34:05,137,W+34.5,18,True,False,False,,-1,29.7858,1000
2026-06-19 05:34:28,77,B+1.5,2,True,False,False,,-1,29.722,1000
2026-06-19 05:34:45,54,W+6.5,2,True,False,False,,-1,29.6023,1000
2026-06-19 05:34:51,22,W+7.5,2,True,False,False,,-1,29.3278,1000
2026-06-19 05:35:27,129,W+2.5,12,True,False,False,,-1,29.4018,1000
2026-06-19 05:35:36,36,W+7.5,2,True,False,False,,-1,29.2122,1000
2026-06-19 05:35:55,70,W+14.5,3,True,False,False,,-1,29.0856,1000
2026-06-19 05:36:27,111,B+3.5,10,True,False,False,,-1,29.037,1000
2026-06-19 05:37:03,151,W+2.5,28,True,False,False,,-1,29.0755,1000
2026-06-19 05:37:34,119,B+3.5,13,True,False,False,,-1,29.0924,1000
2026-06-19 05:38:06,118,W+11.5,11,True,False,False,,-1,29.1057,1000
2026-06-19 05:38:40,126,W+1.5,9,True,False,False,,-1,29.1917,1000
2026-06-19 05:39:08,107,B+3.5,8,True,False,False,,-1,29.1633,1000
2026-06-19 05:39:37,116,B+3.5,9,True,False,False,,-1,29.1872,1000
2026-06-19 05:39:52,56,W+7.5,2,True,False,False,,-1,28.9004,1000
2026-06-19 05:40:28,135,W+41.5,12,True,False,False,,-1,28.9138,1000
2026-06-19 05:40:58,113,W+1.5,10,True,False,False,,-1,29.1434,1000
2026-06-19 05:41:28,120,B+1.5,13,True,False,False,,-1,29.162,1000
2026-06-19 05:42:06,141,W+1.5,24,True,False,False,,-1,29.2155,1000
2026-06-19 05:42:36,109,W+4.5,10,True,False,False,,-1,29.1568,1000
2026-06-19 05:43:11,128,B+2.5,10,True,False,False,,-1,29.2421,1000
2026-06-19 05:43:30,65,B+3.5,2,True,False,False,,-1,29.129,1000
2026-06-19 05:44:00,112,B+10.5,8,True,False,False,,-1,29.1251,1000
2026-06-19 05:44:33,118,B+1.5,8,True,False,False,,-1,29.0644,1000
2026-06-19 05:45:01,103,W+0.5,8,True,False,False,,-1,29.0612,1000
2026-06-19 05:45:31,109,W+2.5,8,True,False,False,,-1,29.1051,1000
2026-06-19 05:45:58,105,W+2.5,3,True,False,False,,-1,29.0682,1000
2026-06-19 05:46:31,113,W+2.5,10,True,False,False,,-1,29.0137,1000
2026-06-19 05:46:57,99,B+2.5,7,True,False,False,,-1,28.9795,1000
2026-06-19 05:47:22,95,W+2.5,10,True,False,False,,-1,28.9955,1000
2026-06-19 05:47:55,122,B+2.5,13,True,False,False,,-1,29.062,1000
2026-06-19 05:48:23,97,W+11.5,5,True,False,False,,-1,29.0399,1000
2026-06-19 05:48:51,105,W+10.5,11,True,False,False,,-1,28.9928,1000
2026-06-19 05:49:29,141,B+0.5,16,True,False,False,,-1,29.0785,1000
2026-06-19 05:50:02,131,W+6.5,22,True,False,False,,-1,29.0813,1000
2026-06-19 05:52:12,100,B+0.5,6,True,False,False,,-1,29.063,2000
2026-06-19 05:52:44,112,W+1.5,10,True,False,False,,-1,29.021,2000
2026-06-19 05:53:14,98,B+2.5,7,True,False,False,,-1,29.02,2000
2026-06-19 05:53:47,109,W+0.5,10,True,False,False,,-1,28.9895,2000
2026-06-19 05:54:15,87,B+11.5,6,True,False,False,,-1,28.9523,2000
2026-06-19 05:54:47,108,B+2.5,7,True,False,False,,-1,28.9734,2000
2026-06-19 05:55:04,65,B+2.5,5,True,False,False,,-1,28.7385,2000
2026-06-19 05:55:33,112,W+2.5,11,True,False,False,,-1,28.6487,2000
2026-06-19 05:55:58,86,B+4.5,3,True,False,False,,-1,28.4517,2000
2026-06-19 05:56:31,122,B+2.5,13,True,False,False,,-1,28.6084,2000
2026-06-19 05:57:00,100,B+2.5,6,True,False,False,,-1,28.6329,2000
2026-06-19 05:57:32,112,B+7.5,6,True,False,False,,-1,28.7189,2000
2026-06-19 05:57:59,96,B+2.5,6,True,False,False,,-1,28.6986,2000
2026-06-19 05:58:29,111,W+0.5,13,True,False,False,,-1,28.7064,2000
2026-06-19 05:58:56,97,W+0.5,6,True,False,False,,-1,28.6684,2000
2026-06-19 05:59:20,97,W+2.5,14,True,False,False,,-1,28.6127,2000
2026-06-19 05:59:55,111,W+11.5,6,True,False,False,,-1,28.6852,2000
2026-06-19 06:00:18,97,W+10.5,8,True,False,False,,-1,28.6318,2000
2026-06-19 06:01:01,149,W+0.5,20,True,False,False,,-1,28.7429,2000
2026-06-19 06:01:37,134,B+2.5,18,True,False,False,,-1,28.843,2000
2026-06-19 06:02:10,120,B+0.5,18,True,False,False,,-1,28.9295,2000
2026-06-19 06:02:39,97,W+0.5,8,True,False,False,,-1,28.8647,2000
2026-06-19 06:03:07,107,B+0.5,12,True,False,False,,-1,28.8442,2000
2026-06-19 06:03:31,96,W+2.5,12,True,False,False,,-1,28.7534,2000
2026-06-19 06:04:05,114,B+1.5,8,True,False,False,,-1,28.6925,2000
2026-06-19 06:04:38,120,B+1.5,8,True,False,False,,-1,28.9073,2000
2026-06-19 06:05:08,107,W+1.5,16,True,False,False,,-1,28.9435,2000
2026-06-19 06:05:46,121,W+0.5,14,True,False,False,,-1,29.0252,2000
2026-06-19 06:06:17,107,W+0.5,5,True,False,False,,-1,29.0344,2000
2026-06-19 06:06:43,101,W+5.5,15,True,False,False,,-1,29.0296,2000
2026-06-19 06:07:10,96,B+2.5,6,True,False,False,,-1,28.9745,2000
2026-06-19 06:07:43,114,B+1.5,9,True,False,False,,-1,29.0497,2000
2026-06-19 06:07:56,53,B+0.5,4,True,False,False,,-1,28.9135,2000
2026-06-19 06:08:22,85,B+7.5,3,True,False,False,,-1,28.9204,2000
2026-06-19 06:08:55,106,B+5.5,9,True,False,False,,-1,28.9764,2000
2026-06-19 06:09:28,106,B+1.5,8,True,False,False,,-1,29.0122,2000
2026-06-19 06:09:59,115,W+1.5,17,True,False,False,,-1,29.0481,2000
2026-06-19 06:10:33,122,B+0.5,11,True,False,False,,-1,29.0164,2000
2026-06-19 06:11:04,121,W+2.5,16,True,False,False,,-1,29.1791,2000
2026-06-19 06:11:44,145,W+7.5,24,True,False,False,,-1,29.3171,2000
2026-06-19 06:12:13,106,B+3.5,10,True,False,False,,-1,29.2913,2000
2026-06-19 06:12:47,116,B+1.5,5,True,False,False,,-1,29.3598,2000
2026-06-19 06:13:12,91,W+3.5,9,True,False,False,,-1,29.2757,2000
2026-06-19 06:13:57,161,W+0.5,33,True,False,False,,-1,29.4171,2000
2026-06-19 06:14:08,38,W+9.5,2,True,False,False,,-1,29.16,2000
2026-06-19 06:14:49,162,W+9.5,25,True,False,False,,-1,29.2253,2000
2026-06-19 06:15:15,102,B+4.5,7,True,False,False,,-1,29.1233,2000
2026-06-19 06:15:41,106,B+1.5,10,True,False,False,,-1,29.3202,2000
2026-06-19 06:16:05,79,B+2.5,3,True,False,False,,-1,29.3252,2000
2026-06-19 06:16:36,105,B+0.5,6,True,False,False,,-1,29.347,2000
2026-06-19 06:17:05,104,B+0.5,4,True,False,False,,-1,29.3871,2000
2026-06-19 06:17:39,123,W+0.5,9,True,False,False,,-1,29.3981,2000
2026-06-19 06:17:58,69,B+1.5,2,True,False,False,,-1,29.2255,2000
2026-06-19 06:18:30,103,B+0.5,4,True,False,False,,-1,29.4567,2000
2026-06-19 06:19:03,111,W+1.5,13,True,False,False,,-1,29.485,2000
2026-06-19 06:19:35,106,B+3.5,4,True,False,False,,-1,29.4799,2000
2026-06-19 06:20:02,102,B+2.5,10,True,False,False,,-1,29.352,2000
2026-06-19 06:20:39,127,W+6.5,18,True,False,False,,-1,29.3737,2000
2026-06-19 06:21:13,128,B+7.5,19,True,False,False,,-1,29.4164,2000
2026-06-19 06:21:39,102,W+0.5,13,True,False,False,,-1,29.3828,2000
2026-06-19 06:22:06,92,B+1.5,6,True,False,False,,-1,29.3828,2000
2026-06-19 06:22:35,109,W+1.5,11,True,False,False,,-1,29.4004,2000
2026-06-19 06:23:07,112,B+0.5,11,True,False,False,,-1,29.4371,2000
2026-06-19 06:23:42,121,W+2.5,16,True,False,False,,-1,29.401,2000
2026-06-19 06:24:10,107,W+0.5,9,True,False,False,,-1,29.3373,2000
2026-06-19 06:24:39,114,W+3.5,9,True,False,False,,-1,29.3906,2000
2026-06-19 06:25:14,129,B+3.5,15,True,False,False,,-1,29.5839,2000
2026-06-19 06:25:41,96,B+7.5,5,True,False,False,,-1,29.7877,2000
2026-06-19 06:26:12,108,B+1.5,8,True,False,False,,-1,29.7423,2000
2026-06-19 06:26:42,114,W+22.5,19,True,False,False,,-1,29.95,2000
2026-06-19 06:27:14,121,W+9.5,15,True,False,False,,-1,30.0727,2000
2026-06-19 06:27:47,115,W+0.5,13,True,False,False,,-1,30.0891,2000
2026-06-19 06:28:16,107,W+5.5,10,True,False,False,,-1,30.0084,2000
2026-06-19 06:28:41,85,B+5.5,2,True,False,False,,-1,29.9568,2000
2026-06-19 06:29:07,107,W+0.5,7,True,False,False,,-1,29.9008,2000
2026-06-19 06:29:31,83,B+1.5,4,True,False,False,,-1,29.8004,2000
2026-06-19 06:29:52,71,B+2.5,3,True,False,False,,-1,29.7263,2000
2026-06-19 06:30:35,152,B+10.5,27,True,False,False,,-1,29.861,2000
2026-06-19 06:30:53,66,W+1.5,2,True,False,False,,-1,29.8953,2000
2026-06-19 06:31:25,111,W+1.5,13,True,False,False,,-1,29.8549,2000
2026-06-19 06:31:58,114,B+0.5,10,True,False,False,,-1,29.8876,2000
2026-06-19 06:32:30,109,W+4.5,14,True,False,False,,-1,29.9068,2000
2026-06-19 06:32:56,99,W+1.5,12,True,False,False,,-1,29.7822,2000
2026-06-19 06:33:27,111,W+2.5,14,True,False,False,,-1,29.7897,2000
2026-06-19 06:33:59,112,B+7.5,8,True,False,False,,-1,29.7638,2000
2026-06-19 06:34:29,113,W+1.5,6,True,False,False,,-1,29.8688,2000
2026-06-19 06:34:35,20,W+7.5,2,True,False,False,,-1,29.6289,2000
2026-06-19 06:35:06,110,B+5.5,8,True,False,False,,-1,29.6145,2000
2026-06-19 06:35:32,97,B+1.5,6,True,False,False,,-1,29.599,2000
2026-06-19 06:36:13,141,W+1.5,15,True,False,False,,-1,29.7047,2000
2026-06-19 06:36:44,119,W+2.5,9,True,False,False,,-1,29.7463,2000
2026-06-19 06:37:11,100,B+3.5,7,True,False,False,,-1,29.6849,2000
2026-06-19 06:37:40,101,W+3.5,5,True,False,False,,-1,29.7209,2000
2026-06-19 06:38:12,116,B+1.5,11,True,False,False,,-1,29.7801,2000
2026-06-19 06:38:46,123,B+0.5,10,True,False,False,,-1,29.7972,2000
2026-06-19 06:39:04,71,B+0.5,9,True,False,False,,-1,29.704,2000
2026-06-19 06:39:37,116,B+0.5,14,True,False,False,,-1,29.7486,2000
2026-06-19 06:40:05,95,B+4.5,3,True,False,False,,-1,29.6485,2000
2026-06-19 06:40:35,102,B+3.5,14,True,False,False,,-1,29.6197,2000
2026-06-19 06:41:03,105,W+2.5,11,True,False,False,,-1,29.6001,2000
2026-06-19 06:41:28,91,W+2.5,5,True,False,False,,-1,29.5556,2000
2026-06-19 06:41:55,105,B+2.5,8,True,False,False,,-1,29.5102,2000
2026-06-19 06:42:35,151,W+15.5,35,True,False,False,,-1,29.6078,2000
2026-06-19 06:43:03,99,W+0.5,9,True,False,False,,-1,29.5594,2000
2026-06-19 06:43:25,87,W+0.5,7,True,False,False,,-1,29.4999,2000
2026-06-19 06:44:00,115,B+0.5,7,True,False,False,,-1,29.5258,2000
2026-06-19 06:44:40,133,W+1.5,19,True,False,False,,-1,29.7569,2000
2026-06-19 06:44:51,36,W+6.5,2,True,False,False,,-1,29.574,2000
2026-06-19 06:45:23,117,W+5.5,13,True,False,False,,-1,29.6409,2000
2026-06-19 06:45:58,129,W+1.5,15,True,False,False,,-1,29.6728,2000
2026-06-19 06:46:11,48,W+6.5,3,True,False,False,,-1,29.5093,2000
2026-06-19 06:46:50,133,B+1.5,17,True,False,False,,-1,29.5751,2000
2026-06-19 06:47:18,108,B+2.5,4,True,False,False,,-1,29.5893,2000
2026-06-19 06:48:04,161,W+1.5,28,True,False,False,,-1,29.7418,2000
2026-06-19 06:48:11,26,W+4.5,2,True,False,False,,-1,29.5483,2000
2026-06-19 06:48:40,107,W+8.5,18,True,False,False,,-1,29.5968,2000
2026-06-19 06:49:10,109,W+2.5,11,True,False,False,,-1,29.5486,2000
2026-06-19 06:49:46,121,W+2.5,16,True,False,False,,-1,29.6803,2000
2026-06-19 06:50:12,101,W+5.5,7,True,False,False,,-1,29.5139,2000
2026-06-19 06:50:45,118,B+1.5,11,True,False,False,,-1,29.4731,2000
2026-06-19 06:51:10,101,W+9.5,10,True,False,False,,-1,29.3938,2000
2026-06-19 06:51:16,22,W+7.5,2,True,False,False,,-1,29.1731,2000
2026-06-19 06:51:47,107,W+2.5,16,True,False,False,,-1,29.1945,2000
2026-06-19 06:52:12,92,B+4.5,6,True,False,False,,-1,29.2172,2000
2026-06-19 06:52:42,95,B+4.5,5,True,False,False,,-1,29.1632,2000
2026-06-19 06:53:18,121,W+4.5,16,True,False,False,,-1,29.2026,2000
2026-06-19 06:53:50,107,W+3.5,7,True,False,False,,-1,29.214,2000
2026-06-19 06:54:18,100,B+2.5,8,True,False,False,,-1,29.1189,2000
2026-06-19 06:55:01,151,W+9.5,20,True,False,False,,-1,29.2337,2000
2026-06-19 06:55:33,116,B+1.5,9,True,False,False,,-1,29.2971,2000
2026-06-19 06:56:09,125,W+3.5,17,True,False,False,,-1,29.3906,2000
2026-06-19 06:56:44,139,W+3.5,27,True,False,False,,-1,29.4055,2000
2026-06-19 06:57:11,99,W+3.5,10,True,False,False,,-1,29.5437,2000
2026-06-19 06:57:41,107,W+4.5,12,True,False,False,,-1,29.5816,2000
2026-06-19 06:58:24,162,W+5.5,27,True,False,False,,-1,29.6877,2000
2026-06-19 06:59:03,132,B+3.5,21,True,False,False,,-1,29.74,2000
2026-06-19 06:59:15,44,W+11.5,2,True,False,False,,-1,29.56,2000
2026-06-19 06:59:43,103,W+9.5,5,True,False,False,,-1,29.4958,2000
2026-06-19 07:00:08,83,B+3.5,3,True,False,False,,-1,29.435,2000
2026-06-19 07:00:37,110,B+13.5,6,True,False,False,,-1,29.3225,2000
2026-06-19 07:00:53,60,W+15.5,3,True,False,False,,-1,29.2023,2000
2026-06-19 07:01:19,91,B+1.5,5,True,False,False,,-1,29.1217,2000
2026-06-19 07:01:47,97,W+3.5,7,True,False,False,,-1,29.1519,2000
2026-06-19 07:02:05,64,W+14.5,4,True,False,False,,-1,28.875,2000
2026-06-19 07:02:55,162,W+22.5,27,True,False,False,,-1,29.2746,2000
2026-06-19 07:03:22,94,B+4.5,4,True,False,False,,-1,29.1265,2000
2026-06-19 07:03:54,104,B+1.5,3,True,False,False,,-1,29.1817,2000
2026-06-19 07:04:28,106,B+0.5,8,True,False,False,,-1,29.2684,2000
2026-06-19 07:04:54,101,W+0.5,12,True,False,False,,-1,29.2827,2000
2026-06-19 07:05:20,94,B+1.5,3,True,False,False,,-1,29.2405,2000
2026-06-19 07:05:57,130,B+1.5,15,True,False,False,,-1,29.3125,2000
2026-06-19 07:06:33,120,B+1.5,8,True,False,False,,-1,29.3334,2000
2026-06-19 07:07:02,116,B+2.5,15,True,False,False,,-1,29.4347,2000
2026-06-19 07:07:35,118,B+0.5,13,True,False,False,,-1,29.451,2000
2026-06-19 07:08:04,98,B+4.5,7,True,False,False,,-1,29.4044,2000
2026-06-19 07:08:32,107,W+5.5,12,True,False,False,,-1,29.3653,2000
2026-06-19 07:08:51,69,B+1.5,3,True,False,False,,-1,29.2816,2000
2026-06-19 07:09:23,104,B+1.5,4,True,False,False,,-1,29.2402,2000
2026-06-19 07:09:54,104,B+1.5,11,True,False,False,,-1,29.213,2000
2026-06-19 07:10:23,110,B+1.5,9,True,False,False,,-1,29.2341,2000
2026-06-19 07:10:59,127,W+0.5,15,True,False,False,,-1,29.3354,2000
2026-06-19 07:11:37,132,B+2.5,11,True,False,False,,-1,29.4169,2000
2026-06-19 07:12:14,139,W+0.5,15,True,False,False,,-1,29.4713,2000
2026-06-19 07:12:47,117,W+5.5,12,True,False,False,,-1,29.4511,2000
2026-06-19 07:13:18,113,W+3.5,7,True,False,False,,-1,29.4733,2000
2026-06-19 07:13:45,99,W+1.5,11,True,False,False,,-1,29.4632,2000
2026-06-19 07:14:22,128,B+2.5,11,True,False,False,,-1,29.4784,2000
2026-06-19 07:14:46,87,B+10.5,3,True,False,False,,-1,29.4412,2000
2026-06-19 07:15:15,108,B+0.5,6,True,False,False,,-1,29.4203,2000
2026-06-19 07:15:43,100,B+0.5,11,True,False,False,,-1,29.4039,2000
2026-06-19 07:16:19,134,B+5.5,19,True,False,False,,-1,29.4509,2000
2026-06-19 07:16:51,114,B+2.5,13,True,False,False,,-1,29.4381,2000
2026-06-19 07:17:22,117,W+0.5,15,True,False,False,,-1,29.4588,2000
2026-06-19 07:17:47,93,B+3.5,3,True,False,False,,-1,29.4564,2000
2026-06-19 07:18:24,124,B+2.5,14,True,False,False,,-1,29.5693,2000
2026-06-19 07:18:54,114,W+1.5,10,True,False,False,,-1,29.6245,2000
2026-06-19 07:19:25,111,W+2.5,13,True,False,False,,-1,29.7272,2000
2026-06-19 07:19:58,111,W+7.5,12,True,False,False,,-1,29.6289,2000
2026-06-19 07:20:17,74,W+6.5,6,True,False,False,,-1,29.6416,2000
2026-06-19 07:20:42,97,W+6.5,11,True,False,False,,-1,29.5701,2000
2026-06-19 07:21:12,113,W+8.5,20,True,False,False,,-1,29.5372,2000
2026-06-19 07:21:43,111,W+3.5,13,True,False,False,,-1,29.5237,2000
2026-06-19 07:22:17,116,B+3.5,11,True,False,False,,-1,29.6083,2000
2026-06-19 07:22:47,103,W+1.5,9,True,False,False,,-1,29.5961,2000
2026-06-19 07:23:16,97,W+2.5,5,True,False,False,,-1,29.5728,2000
2026-06-19 07:24:01,146,B+1.5,19,True,False,False,,-1,29.7169,2000
2026-06-19 07:24:28,108,B+2.5,15,True,False,False,,-1,29.9364,2000
2026-06-19 07:25:06,131,B+1.5,19,True,False,False,,-1,30.0019,2000
2026-06-19 07:25:32,103,W+3.5,13,True,False,False,,-1,29.9987,2000
2026-06-19 07:25:44,42,W+8.5,2,True,False,False,,-1,29.7125,2000
2026-06-19 07:26:23,157,B+3.5,30,True,False,False,,-1,29.7882,2000
2026-06-19 07:27:02,135,W+4.5,19,True,False,False,,-1,29.9137,2000
2026-06-19 07:27:33,111,W+4.5,18,True,False,False,,-1,29.9264,2000
2026-06-19 07:28:04,117,W+0.5,13,True,False,False,,-1,29.9182,2000
2026-06-19 07:28:37,120,B+4.5,19,True,False,False,,-1,29.9036,2000
2026-06-19 07:29:09,107,W+0.5,7,True,False,False,,-1,30.0465,2000
2026-06-19 07:29:45,135,W+1.5,15,True,False,False,,-1,30.0795,2000
2026-06-19 07:30:12,108,W+0.5,8,True,False,False,,-1,30.0659,2000
2026-06-19 07:30:55,146,B+1.5,20,True,False,False,,-1,30.1944,2000
2026-06-19 07:31:23,113,W+0.5,16,True,False,False,,-1,30.1989,2000
2026-06-19 07:31:54,106,B+4.5,11,True,False,False,,-1,30.2545,2000
2026-06-19 07:32:21,97,B+21.5,5,True,False,False,,-1,30.258,2000
2026-06-19 07:32:53,114,B+12.5,13,True,False,False,,-1,30.1806,2000
2026-06-19 07:33:22,99,W+0.5,4,True,False,False,,-1,30.1928,2000
2026-06-19 07:34:08,159,B+3.5,26,True,False,False,,-1,30.4344,2000
2026-06-19 07:34:43,124,B+5.5,16,True,False,False,,-1,30.4271,2000
2026-06-19 07:35:13,115,W+0.5,12,True,False,False,,-1,30.3286,2000
2026-06-19 07:35:34,72,W+3.5,2,True,False,False,,-1,30.4319,2000
2026-06-19 07:36:04,105,W+0.5,6,True,False,False,,-1,30.4129,2000
2026-06-19 07:36:38,116,B+3.5,11,True,False,False,,-1,30.3951,2000
2026-06-19 07:37:09,109,W+0.5,18,True,False,False,,-1,30.5776,2000
2026-06-19 07:37:46,124,B+0.5,9,True,False,False,,-1,30.5604,2000
2026-06-19 07:38:12,95,W+3.5,11,True,False,False,,-1,30.5416,2000
2026-06-19 07:38:39,99,W+1.5,11,True,False,False,,-1,30.3502,2000
2026-06-19 07:38:50,36,W+6.5,3,True,False,False,,-1,30.3822,2000
2026-06-19 07:39:15,93,W+0.5,9,True,False,False,,-1,30.3492,2000
2026-06-19 07:39:47,104,B+2.5,7,True,False,False,,-1,30.3708,2000
2026-06-19 07:40:13,90,B+7.5,8,True,False,False,,-1,30.265,2000
2026-06-19 07:40:38,98,W+4.5,13,True,False,False,,-1,30.2562,2000
2026-06-19 07:41:08,105,W+5.5,12,True,False,False,,-1,30.2327,2000
2026-06-19 07:41:35,98,B+0.5,6,True,False,False,,-1,30.2464,2000
2026-06-19 07:41:56,72,W+6.5,4,True,False,False,,-1,30.393,2000
2026-06-19 07:42:22,89,B+2.5,4,True,False,False,,-1,30.352,2000
2026-06-19 07:42:55,112,B+2.5,8,True,False,False,,-1,30.4257,2000
2026-06-19 07:43:28,113,B+7.5,9,True,False,False,,-1,30.464,2000
2026-06-19 07:43:54,100,W+0.5,13,True,False,False,,-1,30.3565,2000
2026-06-19 07:44:26,119,B+1.5,8,True,False,False,,-1,30.358,2000
2026-06-19 07:44:52,97,W+24.5,3,True,False,False,,-1,30.336,2000
2026-06-19 07:45:30,120,B+1.5,15,True,False,False,,-1,30.2898,2000
2026-06-19 07:46:03,120,B+5.5,6,True,False,False,,-1,30.3038,2000
2026-06-19 07:46:31,101,W+1.5,11,True,False,False,,-1,30.2148,2000
2026-06-19 07:46:56,99,W+2.5,14,True,False,False,,-1,30.1208,2000
2026-06-19 07:47:38,142,B+4.5,19,True,False,False,,-1,30.27,2000
2026-06-19 07:48:04,103,W+2.5,14,True,False,False,,-1,30.2283,2000
2026-06-19 07:48:42,141,W+12.5,28,True,False,False,,-1,30.1763,2000
2026-06-19 07:49:12,117,W+2.5,10,True,False,False,,-1,30.0953,2000
2026-06-19 07:49:44,110,B+1.5,11,True,False,False,,-1,30.2874,2000
2026-06-19 07:50:14,105,B+13.5,6,True,False,False,,-1,30.3028,2000
2026-06-19 07:50:55,140,B+2.5,21,True,False,False,,-1,30.4666,2000
2026-06-19 07:51:29,119,W+2.5,14,True,False,False,,-1,30.5219,2000
2026-06-19 07:51:55,97,W+3.5,6,True,False,False,,-1,30.6144,2000
2026-06-19 07:52:25,103,B+6.5,3,True,False,False,,-1,30.6542,2000
2026-06-19 07:53:10,162,B+18.5,23,True,False,False,,-1,30.8299,2000
2026-06-19 07:53:37,89,B+3.5,3,True,False,False,,-1,30.9135,2000
2026-06-19 07:54:06,99,W+6.5,10,True,False,False,,-1,30.7055,2000
2026-06-19 07:54:37,107,W+0.5,11,True,False,False,,-1,30.7462,2000
2026-06-19 07:55:16,130,B+5.5,16,True,False,False,,-1,30.8193,2000
2026-06-19 07:55:44,99,W+0.5,8,True,False,False,,-1,30.759,2000
2026-06-19 07:56:07,91,W+6.5,8,True,False,False,,-1,30.7256,2000
2026-06-19 07:56:43,129,W+6.5,20,True,False,False,,-1,30.8212,2000
2026-06-19 07:57:23,137,W+0.5,11,True,False,False,,-1,30.863,2000
2026-06-19 07:57:57,121,W+1.5,7,True,False,False,,-1,30.8358,2000
2026-06-19 07:58:24,96,B+6.5,8,True,False,False,,-1,30.8148,2000
2026-06-19 07:58:50,92,B+2.5,4,True,False,False,,-1,30.7469,2000
2026-06-19 07:59:17,91,W+1.5,8,True,False,False,,-1,30.7247,2000
2026-06-19 07:59:46,110,B+0.5,15,True,False,False,,-1,30.7436,2000
2026-06-19 08:00:20,119,W+5.5,18,True,False,False,,-1,30.8898,2000
2026-06-19 08:00:52,108,B+1.5,16,True,False,False,,-1,30.8819,2000
2026-06-19 08:01:26,124,B+6.5,14,True,False,False,,-1,30.9195,2000
2026-06-19 08:02:00,123,W+0.5,13,True,False,False,,-1,30.9671,2000
2026-06-19 08:02:32,112,B+0.5,9,True,False,False,,-1,30.9196,2000
2026-06-19 08:02:59,100,B+1.5,9,True,False,False,,-1,30.8211,2000
2026-06-19 08:03:26,103,B+5.5,9,True,False,False,,-1,30.7101,2000
2026-06-19 08:03:57,105,W+2.5,5,True,False,False,,-1,30.6997,2000
2026-06-19 08:04:32,145,W+0.5,30,True,False,False,,-1,30.7385,2000
2026-06-19 08:05:05,130,B+8.5,14,True,False,False,,-1,30.7919,2000
2026-06-19 08:05:48,160,B+2.5,28,True,False,False,,-1,30.8539,2000
2026-06-19 08:06:17,104,B+2.5,8,True,False,False,,-1,30.9155,2000
2026-06-19 08:06:53,118,B+2.5,12,True,False,False,,-1,30.9802,2000
2026-06-19 08:07:18,83,B+6.5,2,True,False,False,,-1,30.9448,2000
2026-06-19 08:07:48,102,B+8.5,5,True,False,False,,-1,30.8854,2000
2026-06-19 08:08:21,111,W+3.5,13,True,False,False,,-1,30.8972,2000
2026-06-19 08:08:49,103,W+0.5,10,True,False,False,,-1,30.8672,2000
2026-06-19 08:09:25,131,W+3.5,12,True,False,False,,-1,30.9758,2000
2026-06-19 08:09:50,96,W+2.5,12,True,False,False,,-1,30.8515,2000
2026-06-19 08:10:30,135,W+9.5,7,True,False,False,,-1,30.9576,2000
2026-06-19 08:11:07,129,B+1.5,16,True,False,False,,-1,31.0138,2000
2026-06-19 08:11:34,109,W+1.5,15,True,False,False,,-1,30.9622,2000
2026-06-19 08:12:05,105,W+2.5,12,True,False,False,,-1,31.0783,2000
2026-06-19 08:12:33,101,W+0.5,6,True,False,False,,-1,31.111,2000
2026-06-19 08:13:18,152,B+7.5,30,True,False,False,,-1,31.2533,2000
2026-06-19 08:13:52,116,B+3.5,9,True,False,False,,-1,31.2908,2000
2026-06-19 08:14:02,36,W+7.5,2,True,False,False,,-1,31.0514,2000
2026-06-19 08:14:30,97,B+1.5,4,True,False,False,,-1,31.0334,2000
2026-06-19 08:15:02,121,W+16.5,14,True,False,False,,-1,31.0537,2000
2026-06-19 08:15:19,60,W+7.5,2,True,False,False,,-1,30.7798,2000
2026-06-19 08:16:04,162,W+3.5,29,True,False,False,,-1,30.9518,2000
2026-06-19 08:16:38,114,B+15.5,8,True,False,False,,-1,30.9135,2000
2026-06-19 08:17:03,101,W+2.5,15,True,False,False,,-1,30.9024,2000
2026-06-19 08:17:30,95,W+0.5,6,True,False,False,,-1,31.0545,2000
2026-06-19 08:18:09,142,B+6.5,24,True,False,False,,-1,31.0563,2000
2026-06-19 08:18:39,102,B+4.5,7,True,False,False,,-1,30.9661,2000
2026-06-19 08:19:08,104,B+0.5,10,True,False,False,,-1,30.9447,2000
2026-06-19 08:19:38,111,W+0.5,9,True,False,False,,-1,30.9449,2000
2026-06-19 08:20:16,130,B+2.5,17,True,False,False,,-1,30.9908,2000
2026-06-19 08:20:44,99,B+2.5,10,True,False,False,,-1,30.9456,2000
2026-06-19 08:21:11,93,W+1.5,8,True,False,False,,-1,30.8546,2000
2026-06-19 08:21:55,155,W+7.5,26,True,False,False,,-1,31.0269,2000
2026-06-19 08:22:26,98,B+5.5,5,True,False,False,,-1,30.9128,2000
2026-06-19 08:22:54,99,B+4.5,7,True,False,False,,-1,30.9091,2000
2026-06-19 08:23:28,123,B+0.5,18,True,False,False,,-1,30.9377,2000
2026-06-19 08:23:46,63,B+0.5,2,True,False,False,,-1,30.8394,2000
2026-06-19 08:24:23,130,B+15.5,8,True,False,False,,-1,30.8923,2000
2026-06-19 08:24:55,113,B+2.5,9,True,False,False,,-1,30.9264,2000
2026-06-19 08:25:23,93,W+1.5,8,True,False,False,,-1,30.7383,2000
2026-06-19 08:25:55,132,B+13.5,21,True,False,False,,-1,30.7193,2000
2026-06-19 08:26:26,119,W+6.5,9,True,False,False,,-1,30.7256,2000
2026-06-19 08:26:54,104,B+2.5,9,True,False,False,,-1,30.7996,2000
2026-06-19 08:27:34,139,W+11.5,29,True,False,False,,-1,30.8945,2000
2026-06-19 08:28:07,124,B+2.5,13,True,False,False,,-1,30.8876,2000
2026-06-19 08:28:19,44,W+7.5,2,True,False,False,,-1,30.691,2000
2026-06-19 08:28:48,97,B+3.5,6,True,False,False,,-1,30.6114,2000
2026-06-19 08:29:17,102,B+1.5,12,True,False,False,,-1,30.6395,2000
2026-06-19 08:29:42,92,B+1.5,4,True,False,False,,-1,30.6322,2000
2026-06-19 08:30:02,74,W+6.5,4,True,False,False,,-1,30.7232,2000
2026-06-19 08:30:35,106,B+7.5,11,True,False,False,,-1,30.8014,2000
2026-06-19 08:31:13,128,B+4.5,17,True,False,False,,-1,30.8585,2000
2026-06-19 08:31:42,105,W+1.5,7,True,False,False,,-1,30.8928,2000
2026-06-19 08:32:11,102,B+1.5,7,True,False,False,,-1,30.9312,2000
2026-06-19 08:32:39,100,B+1.5,9,True,False,False,,-1,30.9078,2000
2026-06-19 08:33:00,71,B+0.5,5,True,False,False,,-1,30.8483,2000
2026-06-19 08:33:17,60,W+6.5,2,True,False,False,,-1,30.8104,2000
2026-06-19 08:33:48,105,B+2.5,8,True,False,False,,-1,30.8558,2000
2026-06-19 08:34:21,112,B+15.5,13,True,False,False,,-1,30.8545,2000
2026-06-19 08:34:52,108,B+2.5,13,True,False,False,,-1,30.8321,2000
2026-06-26 09:18:56,122,W+40.5,3,True,False,False,,-1,54.1451,0
2026-06-26 09:19:53,135,B+44.5,4,True,False,False,,-1,55.1745,0
2026-06-26 09:20:37,101,W+5.5,3,True,False,False,,-1,51.6155,0
2026-06-26 09:21:23,105,B+27.5,6,True,False,False,,-1,50.2831,0
2026-06-26 09:22:33,150,B+40.5,9,True,False,False,,-1,54.2156,0
2026-06-26 09:23:04,71,B+0.5,4,True,False,False,,-1,50.241,0
2026-06-26 09:24:04,157,W+38.5,3,True,False,False,,-1,51.6697,0
2026-06-26 09:24:56,130,B+22.5,2,True,False,False,,-1,51.6733,0
2026-06-26 09:25:20,62,W+10.5,2,True,False,False,,-1,48.5799,0
2026-06-26 09:25:44,63,B+3.5,2,True,False,False,,-1,46.1571,0
2026-06-26 09:26:25,95,W+13.5,2,True,False,False,,-1,45.6778,0
2026-06-26 09:27:20,149,W+34.5,7,True,False,False,,-1,46.5034,0
2026-06-26 09:28:26,162,B+50.5,3,True,False,False,,-1,47.9419,0
2026-06-26 09:29:09,118,W+26.5,3,True,False,False,,-1,47.6161,0
2026-06-26 09:30:11,162,B+29.5,2,True,False,False,,-1,48.5788,0
2026-06-26 09:31:14,162,B+32.5,1,True,False,False,,-1,49.4684,0
2026-06-26 09:31:54,97,B+16.5,3,True,False,False,,-1,48.9345,0
2026-06-26 09:32:15,52,W+8.5,2,True,False,False,,-1,47.347,0
2026-06-26 09:32:23,28,W+7.5,2,True,False,False,,-1,45.3041,0
2026-06-26 09:33:14,108,B+14.5,4,True,False,False,,-1,45.5858,0
2026-06-26 09:34:20,162,B+41.5,2,True,False,False,,-1,46.5341,0
2026-06-26 09:34:30,34,W+7.5,2,True,False,False,,-1,44.8893,0
2026-06-26 09:34:47,48,W+10.5,3,True,False,False,,-1,43.6766,0
2026-06-26 09:34:53,20,W+7.5,2,True,False,False,,-1,42.0919,0
2026-06-26 09:35:47,162,B+12.5,1,True,False,False,,-1,42.5886,0
2026-06-26 09:36:33,108,B+24.5,3,True,False,False,,-1,42.6998,0
2026-06-26 09:37:37,150,B+33.5,4,True,False,False,,-1,43.5154,0
2026-06-26 09:38:48,150,B+7.5,5,True,False,False,,-1,44.479,0
2026-06-26 09:39:44,141,B+33.5,3,True,False,False,,-1,44.8815,0
2026-06-26 09:40:34,126,W+33.5,4,True,False,False,,-1,45.0435,0
2026-06-26 09:41:22,125,B+22.5,4,True,False,False,,-1,45.1616,0
2026-06-26 09:42:18,132,W+37.5,13,True,False,False,,-1,45.4794,0
2026-06-26 09:42:58,89,W+8.5,2,True,False,False,,-1,45.3245,0
2026-06-26 09:43:32,82,W+6.5,7,True,False,False,,-1,44.9987,0
2026-06-26 09:44:33,155,W+20.5,7,True,False,False,,-1,45.449,0
2026-06-26 09:45:04,70,W+4.5,4,True,False,False,,-1,45.0447,0
2026-06-26 09:45:11,26,W+9.5,2,True,False,False,,-1,44.02,0
2026-06-26 09:46:15,162,B+29.5,6,True,False,False,,-1,44.5406,0
2026-06-26 09:47:05,125,B+11.5,4,True,False,False,,-1,44.6824,0
2026-06-26 09:47:46,125,W+30.5,5,True,False,False,,-1,44.5945,0
2026-06-26 09:48:23,83,W+7.5,5,True,False,False,,-1,44.405,0
2026-06-26 09:49:18,148,W+57.5,12,True,False,False,,-1,44.6536,0
2026-06-26 09:49:47,70,W+9.5,2,True,False,False,,-1,44.2886,0
2026-06-26 09:50:54,148,W+20.5,2,True,False,False,,-1,44.7993,0
2026-06-26 09:51:35,110,W+29.5,3,True,False,False,,-1,44.729,0
2026-06-26 09:52:08,76,W+8.5,2,True,False,False,,-1,44.4726,0
2026-06-26 09:53:01,150,W+38.5,4,True,False,False,,-1,44.6407,0
2026-06-26 09:53:08,24,W+7.5,2,True,False,False,,-1,43.8582,0
2026-06-26 09:53:32,62,W+3.5,4,True,False,False,,-1,43.4563,0
2026-06-26 09:54:08,87,B+9.5,3,True,False,False,,-1,43.3134,0
2026-06-26 09:54:51,112,W+44.5,4,True,False,False,,-1,43.302,0
2026-06-26 09:55:04,40,W+6.5,2,True,False,False,,-1,42.722,0
2026-06-26 09:55:46,101,B+9.5,2,True,False,False,,-1,42.7112,0
2026-06-26 09:56:51,162,W+85.5,8,True,False,False,,-1,43.1215,0
2026-06-26 09:57:17,64,W+3.5,3,True,False,False,,-1,42.8055,0
2026-06-26 09:58:08,123,W+38.5,3,True,False,False,,-1,42.9546,0
2026-06-26 09:59:09,162,B+20.5,4,True,False,False,,-1,43.281,0
2026-06-26 10:00:18,155,B+44.5,7,True,False,False,,-1,43.7232,0
2026-06-26 10:00:53,83,B+2.5,7,True,False,False,,-1,43.5672,0
2026-06-26 10:01:58,162,W+31.5,2,True,False,False,,-1,43.9224,0
2026-06-26 10:02:56,126,W+41.5,2,True,False,False,,-1,44.156,0
2026-06-26 10:03:55,142,B+40.5,3,True,False,False,,-1,44.3944,0
2026-06-26 10:04:40,140,B+32.5,3,True,False,False,,-1,44.406,0
2026-06-26 10:05:49,149,B+29.5,6,True,False,False,,-1,44.7905,0
2026-06-26 10:06:31,100,W+6.5,3,True,False,False,,-1,44.749,0
2026-06-26 10:07:15,104,B+18.5,2,True,False,False,,-1,44.7362,0
2026-06-26 10:08:14,162,B+34.5,2,True,False,False,,-1,44.946,0
2026-06-26 10:09:11,142,W+39.5,4,True,False,False,,-1,45.1291,0
2026-06-26 10:10:14,157,B+22.5,4,True,False,False,,-1,45.3851,0
2026-06-26 10:11:01,124,B+14.5,3,True,False,False,,-1,45.4133,0
2026-06-26 10:11:33,71,B+0.5,6,True,False,False,,-1,45.2128,0
2026-06-26 10:12:32,162,W+38.5,1,True,False,False,,-1,45.4088,0
2026-06-26 10:13:33,135,B+16.5,3,True,False,False,,-1,45.6171,0
2026-06-26 10:14:24,162,B+18.5,0,True,False,False,,-1,45.7008,0
2026-06-26 10:15:10,110,W+40.5,4,True,False,False,,-1,45.6988,0
2026-06-26 10:15:59,120,W+41.5,7,True,False,False,,-1,45.7404,0
2026-06-26 10:16:42,111,B+6.5,3,True,False,False,,-1,45.7079,0
2026-06-26 10:17:48,162,W+29.5,2,True,False,False,,-1,45.9657,0
2026-06-26 10:18:48,154,W+36.5,16,True,False,False,,-1,46.1399,0
2026-06-26 10:19:53,156,B+37.5,4,True,False,False,,-1,46.3761,0
2026-06-26 10:20:53,162,W+57.5,2,True,False,False,,-1,46.5512,0
2026-06-26 10:21:20,70,W+6.5,3,True,False,False,,-1,46.3104,0
2026-06-26 10:21:47,64,W+6.5,2,True,False,False,,-1,46.08,0
2026-06-26 10:22:54,162,B+30.5,1,True,False,False,,-1,46.3229,0
2026-06-26 10:23:48,162,W+80.5,5,True,False,False,,-1,46.4176,0
2026-06-26 10:24:52,162,W+78.5,2,True,False,False,,-1,46.6159,0
2026-06-26 10:25:54,162,W+33.5,1,True,False,False,,-1,46.7975,0
2026-06-26 10:26:48,133,B+41.5,4,True,False,False,,-1,46.8854,0
2026-06-26 10:27:43,135,W+47.5,6,True,False,False,,-1,46.9727,0
2026-06-26 10:28:26,124,W+35.5,3,True,False,False,,-1,46.924,0
2026-06-26 10:29:06,101,W+0.5,4,True,False,False,,-1,46.8556,0
2026-06-26 10:29:15,28,W+7.5,2,True,False,False,,-1,46.4354,0
2026-06-26 10:30:08,138,B+32.5,6,True,False,False,,-1,46.5087,0
2026-06-26 10:30:43,97,B+5.5,2,True,False,False,,-1,46.3877,0
2026-06-26 10:31:24,96,W+21.5,4,True,False,False,,-1,46.3347,0
2026-06-26 10:31:33,30,W+7.5,2,True,False,False,,-1,45.9407,0
2026-06-26 10:32:32,162,W+58.5,3,True,False,False,,-1,46.0728,0
2026-06-26 10:32:51,56,W+8.5,2,True,False,False,,-1,45.8032,0
2026-06-26 10:33:56,144,B+27.5,7,True,False,False,,-1,45.9962,0
2026-06-26 10:34:43,112,B+5.5,3,True,False,False,,-1,46.004,0
2026-06-26 10:35:40,127,W+50.5,2,True,False,False,,-1,46.0286,0
2026-06-26 10:36:06,70,W+3.5,3,True,False,False,,-1,45.7312,0
2026-06-26 10:36:58,149,W+71.5,4,True,False,False,,-1,45.8095,0
2026-06-26 10:37:42,107,B+27.5,7,True,False,False,,-1,45.7857,0
2026-06-26 10:38:42,139,W+51.5,5,True,False,False,,-1,45.6787,0
2026-06-26 10:39:05,58,W+5.5,3,True,False,False,,-1,45.612,0
2026-06-26 10:39:49,103,B+17.5,2,True,False,False,,-1,45.4429,0
2026-06-26 10:40:47,156,W+42.5,4,True,False,False,,-1,45.5094,0
2026-06-26 10:41:40,137,B+30.5,3,True,False,False,,-1,45.7968,0
2026-06-26 10:42:22,107,B+16.5,3,True,False,False,,-1,45.9777,0
2026-06-26 10:43:26,155,B+67.5,8,True,False,False,,-1,46.2097,0
2026-06-26 10:43:41,46,W+7.5,3,True,False,False,,-1,45.8033,0
2026-06-26 10:44:28,117,W+1.5,3,True,False,False,,-1,45.6172,0
2026-06-26 10:45:28,137,B+40.5,5,True,False,False,,-1,45.7919,0
2026-06-26 10:46:40,162,B+22.5,3,True,False,False,,-1,45.8822,0
2026-06-26 10:47:11,101,W+10.5,3,True,False,False,,-1,45.5728,0
2026-06-26 10:48:15,162,B+26.5,20,True,False,False,,-1,45.8062,0
2026-06-26 10:49:17,162,B+55.5,3,True,False,False,,-1,46.2195,0
2026-06-26 10:50:20,153,W+35.5,5,True,False,False,,-1,46.7625,0
2026-06-26 10:50:54,85,B+3.5,8,True,False,False,,-1,46.5964,0
2026-06-26 10:51:12,52,W+11.5,2,True,False,False,,-1,46.121,0
2026-06-26 10:52:01,130,B+32.5,4,True,False,False,,-1,46.5072,0
2026-06-26 10:52:28,70,W+1.5,4,True,False,False,,-1,46.6049,0
2026-06-26 10:53:22,149,W+66.5,2,True,False,False,,-1,47.0952,0
2026-06-26 10:53:59,88,W+21.5,4,True,False,False,,-1,46.9159,0
2026-06-26 10:54:33,78,W+0.5,2,True,False,False,,-1,46.8008,0
2026-06-26 10:55:36,162,W+51.5,0,True,False,False,,-1,46.7803,0
2026-06-26 10:56:14,102,B+4.5,3,True,False,False,,-1,46.4587,0
2026-06-26 10:56:34,56,W+3.5,2,True,False,False,,-1,46.0942,0
2026-06-26 10:57:28,162,B+51.5,4,True,False,False,,-1,46.142,0
2026-06-26 10:58:10,117,B+25.5,3,True,False,False,,-1,46.0704,0
2026-06-26 10:58:35,64,W+11.5,2,True,False,False,,-1,45.7729,0
2026-06-26 10:59:07,74,W+9.5,3,True,False,False,,-1,45.6829,0
2026-06-26 10:59:53,117,W+10.5,4,True,False,False,,-1,45.8031,0
2026-06-26 11:00:47,151,B+46.5,2,True,False,False,,-1,45.7324,0
2026-06-26 11:01:47,141,W+48.5,2,True,False,False,,-1,46.0222,0
2026-06-26 11:02:42,133,W+32.5,3,True,False,False,,-1,46.5026,0
2026-06-26 11:03:41,162,W+38.5,2,True,False,False,,-1,46.4583,0
2026-06-26 11:04:50,162,W+52.5,1,True,False,False,,-1,46.647,0
2026-06-26 11:05:53,162,W+49.5,3,True,False,False,,-1,46.8695,0
2026-06-26 11:06:16,62,W+7.5,4,True,False,False,,-1,46.7265,0
2026-06-26 11:07:17,141,W+54.5,3,True,False,False,,-1,46.7837,0
2026-06-26 11:08:00,100,W+32.5,3,True,False,False,,-1,46.9239,0
2026-06-26 11:08:39,113,B+12.5,3,True,False,False,,-1,46.6519,0
2026-06-26 11:09:02,60,W+4.5,2,True,False,False,,-1,46.4684,0
2026-06-26 11:09:56,140,W+39.5,3,True,False,False,,-1,46.6752,0
2026-06-26 11:10:59,162,B+21.5,1,True,False,False,,-1,46.7833,0
2026-06-26 11:11:24,62,W+9.5,3,True,False,False,,-1,46.9609,0
2026-06-26 11:12:21,139,B+37.5,4,True,False,False,,-1,47.2869,0
2026-06-26 11:12:45,62,W+9.5,2,True,False,False,,-1,47.1653,0
2026-06-26 11:13:27,119,W+46.5,2,True,False,False,,-1,47.1571,0
2026-06-26 11:14:33,162,W+48.5,4,True,False,False,,-1,47.6837,0
2026-06-26 11:15:21,133,B+46.5,3,True,False,False,,-1,47.7491,0
2026-06-26 11:16:10,115,W+9.5,6,True,False,False,,-1,47.5875,0
2026-06-26 11:17:13,162,W+49.5,2,True,False,False,,-1,47.9579,0
2026-06-26 11:18:12,162,B+23.5,3,True,False,False,,-1,48.0396,0
2026-06-26 11:18:37,65,B+2.5,4,True,False,False,,-1,47.6677,0
2026-06-26 11:18:52,46,W+13.5,3,True,False,False,,-1,47.1359,0
2026-06-26 11:19:35,96,W+3.5,6,True,False,False,,-1,47.2198,0
2026-06-26 11:20:21,121,W+14.5,4,True,False,False,,-1,47.0241,0
2026-06-26 11:20:48,69,B+1.5,5,True,False,False,,-1,46.7141,0
2026-06-26 11:21:14,70,W+11.5,3,True,False,False,,-1,46.3857,0
2026-06-26 11:21:39,64,W+5.5,2,True,False,False,,-1,46.1883,0
2026-06-26 11:22:09,74,W+16.5,3,True,False,False,,-1,45.7955,0
2026-06-26 11:23:00,117,B+7.5,6,True,False,False,,-1,45.882,0
2026-06-26 11:23:59,143,W+44.5,7,True,False,False,,-1,46.0308,0
2026-06-26 11:25:03,162,B+21.5,3,True,False,False,,-1,46.0914,0
2026-06-26 11:26:08,137,B+20.5,4,True,False,False,,-1,46.1654,0
2026-06-26 11:27:12,162,B+16.5,1,True,False,False,,-1,46.1745,0
2026-06-26 11:27:37,64,W+8.5,2,True,False,False,,-1,45.949,0
2026-06-26 11:28:36,148,B+30.5,5,True,False,False,,-1,46.2259,0
2026-06-26 11:29:36,162,W+26.5,1,True,False,False,,-1,46.2399,0
2026-06-26 11:30:27,119,W+17.5,3,True,False,False,,-1,46.1434,0
2026-06-26 11:31:23,130,W+4.5,2,True,False,False,,-1,46.1828,0
2026-06-26 11:32:01,95,W+15.5,3,True,False,False,,-1,46.1111,0
2026-06-26 11:32:53,129,W+56.5,3,True,False,False,,-1,46.139,0
2026-06-26 11:33:24,80,W+13.5,5,True,False,False,,-1,46.017,0
2026-06-26 11:34:07,111,W+24.5,7,True,False,False,,-1,45.7896,0
2026-06-26 11:34:30,60,W+7.5,2,True,False,False,,-1,45.4209,0
2026-06-26 11:34:47,48,W+5.5,2,True,False,False,,-1,44.9401,0
2026-06-26 11:35:46,162,B+26.5,3,True,False,False,,-1,44.9215,0
2026-06-26 11:36:43,162,B+14.5,0,True,False,False,,-1,45.2302,0
2026-06-26 11:37:33,152,W+27.5,4,True,False,False,,-1,45.4592,0
2026-06-26 11:37:55,56,W+6.5,2,True,False,False,,-1,45.0061,0
2026-06-26 11:38:57,145,B+29.5,3,True,False,False,,-1,45.0873,0
2026-06-26 11:39:04,22,W+7.5,2,True,False,False,,-1,44.5167,0
2026-06-26 11:40:00,154,W+72.5,3,True,False,False,,-1,44.4529,0
2026-06-26 11:40:38,116,W+35.5,3,True,False,False,,-1,44.2946,0
2026-06-26 11:41:09,74,W+9.5,3,True,False,False,,-1,44.0587,0
2026-06-26 11:41:56,109,W+9.5,3,True,False,False,,-1,44.1033,0
2026-06-26 11:42:58,149,W+51.5,2,True,False,False,,-1,44.3099,0
2026-06-26 11:43:46,125,B+4.5,4,True,False,False,,-1,44.7083,0
2026-06-26 11:44:08,58,W+6.5,2,True,False,False,,-1,44.4017,0
2026-06-26 11:44:51,106,B+4.5,3,True,False,False,,-1,44.4729,0
2026-06-26 11:45:28,99,B+11.5,4,True,False,False,,-1,44.4328,0
2026-06-26 11:46:32,162,B+14.5,1,True,False,False,,-1,44.9904,0
2026-06-26 11:47:05,78,W+9.5,3,True,False,False,,-1,44.7302,0
2026-06-26 11:47:21,48,W+7.5,4,True,False,False,,-1,44.6978,0
2026-06-26 11:47:46,60,W+10.5,2,True,False,False,,-1,44.299,0
2026-06-26 11:48:45,162,B+19.5,1,True,False,False,,-1,44.4174,0
2026-06-26 11:49:49,139,B+18.5,5,True,False,False,,-1,44.4904,0
2026-06-26 11:50:35,105,W+15.5,2,True,False,False,,-1,44.6855,0
2026-06-26 11:51:35,145,B+61.5,14,True,False,False,,-1,44.7667,0
2026-06-26 11:52:23,112,W+55.5,2,True,False,False,,-1,44.801,0
2026-06-26 11:53:15,127,W+29.5,3,True,False,False,,-1,44.727,0
2026-06-26 11:54:06,153,B+34.5,3,True,False,False,,-1,45.0013,0
2026-06-26 11:54:21,46,W+8.5,2,True,False,False,,-1,44.7202,0
2026-06-26 11:55:25,162,B+50.5,5,True,False,False,,-1,44.7728,0
2026-06-26 11:56:11,132,B+33.5,2,True,False,False,,-1,44.7088,0
2026-06-26 11:56:38,68,W+17.5,2,True,False,False,,-1,44.5532,0
2026-06-26 11:56:59,56,W+3.5,3,True,False,False,,-1,44.1252,0
2026-06-26 11:57:24,62,W+10.5,2,True,False,False,,-1,44.2235,0
2026-06-26 11:58:12,162,B+11.5,7,True,False,False,,-1,44.2429,0
2026-06-26 11:59:10,141,W+53.5,5,True,False,False,,-1,44.2164,0
2026-06-26 12:00:12,162,B+13.5,1,True,False,False,,-1,44.1204,0
2026-06-26 12:00:35,60,W+2.5,2,True,False,False,,-1,44.0291,0
2026-06-26 12:01:42,153,W+28.5,15,True,False,False,,-1,44.0603,0
2026-06-26 12:02:29,124,B+25.5,2,True,False,False,,-1,43.9168,0
2026-06-26 12:03:32,162,B+42.5,4,True,False,False,,-1,43.9159,0
2026-06-26 12:04:06,76,W+6.5,2,True,False,False,,-1,43.9152,0
2026-06-26 12:04:34,68,W+13.5,3,True,False,False,,-1,44.0199,0
2026-06-26 12:05:41,162,W+58.5,2,True,False,False,,-1,44.1962,0
2026-06-26 12:06:23,135,B+40.5,2,True,False,False,,-1,44.3454,0
2026-06-26 12:06:53,74,W+12.5,4,True,False,False,,-1,44.0993,0
2026-06-26 12:07:16,62,W+8.5,2,True,False,False,,-1,43.9645,0
2026-06-26 12:08:16,162,W+85.5,0,True,False,False,,-1,44.2312,0
2026-06-26 12:09:13,141,B+36.5,2,True,False,False,,-1,44.1674,0
2026-06-26 12:10:08,162,W+71.5,1,True,False,False,,-1,44.3366,0
2026-06-26 12:11:15,141,W+57.5,3,True,False,False,,-1,44.8123,0
2026-06-26 12:12:08,162,W+34.5,1,True,False,False,,-1,44.7991,0
2026-06-26 12:12:51,108,B+5.5,3,True,False,False,,-1,44.8096,0
2026-06-26 12:13:57,162,W+2.5,1,True,False,False,,-1,45.2106,0
2026-06-26 12:14:18,60,W+5.5,3,True,False,False,,-1,45.1059,0
2026-06-26 12:14:36,48,W+8.5,2,True,False,False,,-1,44.824,0
2026-06-26 12:15:33,158,W+56.5,6,True,False,False,,-1,44.8651,0
2026-06-26 12:16:18,109,B+35.5,2,True,False,False,,-1,44.7155,0
2026-06-26 12:17:07,125,W+41.5,3,True,False,False,,-1,44.645,0
2026-06-26 12:18:04,144,W+41.5,3,True,False,False,,-1,44.6223,0
2026-06-26 12:18:32,70,W+5.5,3,True,False,False,,-1,44.2201,0
2026-06-26 12:19:28,162,W+67.5,5,True,False,False,,-1,44.1385,0
2026-06-26 12:20:20,126,B+26.5,6,True,False,False,,-1,44.4331,0
2026-06-26 12:21:29,162,B+45.5,3,True,False,False,,-1,44.5245,0
2026-06-26 12:22:32,162,B+8.5,5,True,False,False,,-1,44.7172,0
2026-06-26 12:22:45,40,W+5.5,2,True,False,False,,-1,44.4599,0
2026-06-26 12:23:31,111,B+16.5,3,True,False,False,,-1,44.6815,0
2026-06-26 12:24:24,162,W+31.5,3,True,False,False,,-1,44.6802,0
2026-06-26 12:25:12,125,W+12.5,2,True,False,False,,-1,44.5253,0
2026-06-26 12:26:07,135,B+23.5,3,True,False,False,,-1,44.822,0
2026-06-26 12:26:50,106,W+28.5,3,True,False,False,,-1,44.6885,0
2026-06-26 12:27:27,97,B+20.5,3,True,False,False,,-1,44.8209,0
2026-06-26 12:28:03,89,B+8.5,9,True,False,False,,-1,44.7546,0
2026-06-26 12:28:14,36,W+5.5,2,True,False,False,,-1,44.2114,0
2026-06-26 12:29:24,157,B+58.5,8,True,False,False,,-1,44.4202,0
2026-06-26 12:30:12,139,W+57.5,3,True,False,False,,-1,44.4195,0
2026-06-26 12:31:07,162,B+23.5,1,True,False,False,,-1,44.3355,0
2026-06-26 12:31:33,68,W+9.5,3,True,False,False,,-1,44.0058,0
2026-06-26 12:31:59,68,W+11.5,4,True,False,False,,-1,44.0176,0
2026-06-26 12:32:07,28,W+7.5,2,True,False,False,,-1,43.943,0
2026-06-26 12:32:33,66,W+6.5,4,True,False,False,,-1,43.7792,0
2026-06-26 12:33:09,97,B+11.5,4,True,False,False,,-1,43.6862,0
2026-06-26 12:33:45,84,W+19.5,2,True,False,False,,-1,43.7731,0
2026-06-26 12:34:53,162,W+33.5,1,True,False,False,,-1,44.1917,0
2026-06-26 12:35:50,162,W+27.5,4,True,False,False,,-1,44.5094,0
2026-06-26 12:36:35,115,B+31.5,3,True,False,False,,-1,44.6554,0
2026-06-26 12:37:35,162,W+56.5,0,True,False,False,,-1,44.7531,0
2026-06-26 12:38:40,162,B+21.5,4,True,False,False,,-1,44.814,0
2026-06-26 12:39:24,112,B+8.5,4,True,False,False,,-1,44.6011,0
2026-06-26 12:40:27,162,W+44.5,8,True,False,False,,-1,44.5853,0
2026-06-26 12:41:29,162,W+21.5,5,True,False,False,,-1,44.5666,0
2026-06-26 12:42:38,162,B+67.5,8,True,False,False,,-1,45.0143,0
2026-06-26 12:43:18,103,B+25.5,3,True,False,False,,-1,44.8212,0
2026-06-26 12:44:09,130,B+12.5,5,True,False,False,,-1,44.7221,0
2026-06-26 12:44:35,66,W+8.5,2,True,False,False,,-1,44.4704,0
2026-06-26 12:45:42,162,B+13.5,2,True,False,False,,-1,44.591,0
2026-06-26 12:46:21,105,W+23.5,2,True,False,False,,-1,44.5929,0
2026-06-26 12:46:49,68,W+4.5,3,True,False,False,,-1,44.3606,0
2026-06-26 12:47:34,101,B+3.5,3,True,False,False,,-1,44.4975,0
2026-06-26 12:48:16,100,B+15.5,4,True,False,False,,-1,44.4838,0
2026-06-26 12:49:14,162,B+17.5,5,True,False,False,,-1,44.84,0
2026-06-26 12:50:08,137,W+45.5,2,True,False,False,,-1,45.2079,0
2026-06-26 12:51:13,162,W+35.5,15,True,False,False,,-1,45.2749,0
2026-06-26 12:51:56,93,B+18.5,3,True,False,False,,-1,45.1229,0
2026-06-26 12:53:09,157,W+58.5,6,True,False,False,,-1,45.3558,0
2026-06-26 12:53:48,86,W+1.5,3,True,False,False,,-1,45.5279,0
2026-06-26 12:54:49,162,W+0.5,11,True,False,False,,-1,45.5159,0
2026-06-26 12:55:42,162,W+45.5,1,True,False,False,,-1,45.9865,0
2026-06-26 12:56:39,144,W+55.5,2,True,False,False,,-1,45.9941,0
2026-06-26 12:57:15,80,W+21.5,4,True,False,False,,-1,45.9616,0
2026-06-26 12:58:26,162,W+22.5,4,True,False,False,,-1,46.3598,0
2026-06-26 12:59:06,107,W+6.5,6,True,False,False,,-1,46.2966,0
2026-06-26 13:00:12,162,B+29.5,2,True,False,False,,-1,46.3362,0
2026-06-26 13:00:54,103,W+3.5,6,True,False,False,,-1,46.2743,0
2026-06-26 13:01:45,162,B+32.5,5,True,False,False,,-1,46.5617,0
2026-06-26 13:02:43,162,B+14.5,1,True,False,False,,-1,46.7181,0
2026-06-26 13:03:02,52,W+9.5,3,True,False,False,,-1,46.5379,0
2026-06-26 13:03:21,52,W+11.5,2,True,False,False,,-1,46.0852,0
2026-06-26 13:04:22,142,W+42.5,3,True,False,False,,-1,46.3662,0
2026-06-26 13:05:13,125,B+33.5,3,True,False,False,,-1,46.7097,0
2026-06-26 13:05:49,87,W+3.5,4,True,False,False,,-1,46.8197,0
2026-06-26 13:06:58,157,B+49.5,4,True,False,False,,-1,46.9244,0
2026-06-26 13:07:04,22,W+7.5,2,True,False,False,,-1,46.3433,0
2026-06-26 13:08:01,162,B+19.5,1,True,False,False,,-1,46.4533,0
2026-06-26 13:08:30,74,W+15.5,4,True,False,False,,-1,46.141,0
2026-06-26 13:09:25,142,W+31.5,3,True,False,False,,-1,46.2245,0
2026-06-26 13:10:13,119,W+35.5,3,True,False,False,,-1,46.1856,0
2026-06-26 13:10:29,44,W+7.5,2,True,False,False,,-1,45.8268,0
2026-06-26 13:10:35,24,W+7.5,2,True,False,False,,-1,45.7414,0
2026-06-26 13:11:25,119,B+28.5,4,True,False,False,,-1,45.6017,0
2026-06-26 13:12:08,115,W+30.5,5,True,False,False,,-1,45.5658,0
2026-06-26 13:13:17,162,B+26.5,3,True,False,False,,-1,45.9899,0
2026-06-26 13:14:22,162,B+22.5,5,True,False,False,,-1,46.4255,0
2026-06-26 13:15:17,131,W+61.5,2,True,False,False,,-1,46.7285,0
2026-06-26 13:15:42,64,W+8.5,3,True,False,False,,-1,46.4941,0
2026-06-26 13:16:23,115,W+7.5,2,True,False,False,,-1,46.3209,0
2026-06-26 13:17:03,94,B+6.5,2,True,False,False,,-1,46.1086,0
2026-06-26 13:17:09,22,W+7.5,2,True,False,False,,-1,45.9419,0
2026-06-26 13:18:08,162,W+50.5,6,True,False,False,,-1,45.8627,0
2026-06-26 13:18:58,119,B+32.5,2,True,False,False,,-1,45.8834,0
2026-06-26 13:19:17,54,W+7.5,2,True,False,False,,-1,45.4498,0
2026-06-26 13:19:50,81,W+3.5,2,True,False,False,,-1,45.4402,0
2026-06-26 13:20:41,139,B+37.5,4,True,False,False,,-1,45.6623,0
2026-06-26 13:21:44,160,W+35.5,2,True,False,False,,-1,45.6318,0
2026-06-26 13:22:20,84,W+7.5,3,True,False,False,,-1,45.5733,0
2026-06-26 13:23:02,104,W+38.5,2,True,False,False,,-1,45.6885,0
2026-06-26 13:24:11,162,W+67.5,3,True,False,False,,-1,46.153,0
2026-06-26 13:24:36,64,W+9.5,3,True,False,False,,-1,45.7972,0
2026-06-26 13:25:29,151,W+45.5,4,True,False,False,,-1,45.7635,0
2026-06-26 13:26:35,162,W+62.5,6,True,False,False,,-1,45.8633,0
2026-06-26 13:26:52,49,B+0.5,2,True,False,False,,-1,45.3681,0
2026-06-26 13:27:46,151,B+9.5,3,True,False,False,,-1,45.3699,0
2026-06-26 13:28:14,70,W+7.5,2,True,False,False,,-1,45.2307,0
2026-06-26 13:29:03,114,B+6.5,3,True,False,False,,-1,45.0609,0
2026-06-26 13:30:00,162,W+26.5,0,True,False,False,,-1,45.4169,0
2026-06-26 13:30:58,148,W+50.5,3,True,False,False,,-1,45.8174,0
2026-06-26 13:31:23,62,W+3.5,3,True,False,False,,-1,45.4964,0
2026-06-26 13:32:11,126,W+24.5,2,True,False,False,,-1,45.5235,0
2026-06-26 13:33:10,143,B+48.5,2,True,False,False,,-1,45.6328,0
2026-06-26 13:34:12,162,B+17.5,5,True,False,False,,-1,45.6836,0
2026-06-26 13:34:57,113,B+13.5,3,True,False,False,,-1,45.8409,0
2026-06-26 13:36:03,162,W+66.5,2,True,False,False,,-1,45.9541,0
2026-06-26 13:36:41,93,W+10.5,3,True,False,False,,-1,45.8057,0
2026-06-26 13:36:47,22,W+9.5,2,True,False,False,,-1,45.1699,0
2026-06-26 13:37:47,162,B+16.5,1,True,False,False,,-1,45.155,0
2026-06-26 13:38:47,156,W+42.5,3,True,False,False,,-1,45.6162,0
2026-06-26 13:39:49,162,W+64.5,9,True,False,False,,-1,45.7789,0
2026-06-26 13:40:52,162,W+40.5,0,True,False,False,,-1,45.877,0
2026-06-26 13:41:48,121,W+43.5,4,True,False,False,,-1,45.9591,0
2026-06-26 13:42:41,122,W+0.5,4,True,False,False,,-1,45.9422,0
2026-06-26 13:43:27,126,W+38.5,2,True,False,False,,-1,45.9715,0
2026-06-26 13:44:27,144,B+36.5,3,True,False,False,,-1,46.1924,0
2026-06-26 13:45:25,131,W+57.5,2,True,False,False,,-1,46.4227,0
2026-06-26 13:46:30,162,B+21.5,0,True,False,False,,-1,46.9583,0
2026-06-26 13:47:33,162,W+68.5,3,True,False,False,,-1,46.8876,0
2026-06-26 13:47:46,42,W+8.5,2,True,False,False,,-1,46.5382,0
2026-06-26 13:48:12,66,W+12.5,3,True,False,False,,-1,46.2509,0
2026-06-26 13:48:55,93,B+0.5,2,True,False,False,,-1,46.4118,0
2026-06-26 13:49:57,162,B+60.5,2,True,False,False,,-1,46.7802,0
2026-06-26 13:50:33,93,W+4.5,2,True,False,False,,-1,47.0615,0
2026-06-26 13:51:11,96,W+36.5,3,True,False,False,,-1,47.1719,0
2026-06-26 13:52:02,136,B+21.5,3,True,False,False,,-1,47.3206,0
2026-06-26 13:52:48,115,W+4.5,2,True,False,False,,-1,47.4192,0
2026-06-26 13:53:28,98,W+9.5,2,True,False,False,,-1,47.1453,0
2026-06-26 13:54:16,109,B+23.5,4,True,False,False,,-1,47.0486,0
2026-06-26 13:55:17,155,B+36.5,5,True,False,False,,-1,47.2171,0
2026-06-26 13:56:12,162,B+39.5,2,True,False,False,,-1,47.1617,0
2026-06-26 13:56:25,40,W+7.5,2,True,False,False,,-1,46.6446,0
2026-06-26 13:57:04,89,B+18.5,3,True,False,False,,-1,46.6032,0
2026-06-26 13:57:36,74,W+14.5,2,True,False,False,,-1,46.2842,0
2026-06-26 13:58:40,162,W+56.5,3,True,False,False,,-1,46.3094,0
2026-06-26 13:59:37,154,W+46.5,3,True,False,False,,-1,46.1841,0
2026-06-26 14:00:47,162,W+8.5,1,True,False,False,,-1,46.4858,0
2026-06-26 14:01:42,162,W+46.5,1,True,False,False,,-1,46.5277,0
2026-06-26 14:02:29,126,W+44.5,3,True,False,False,,-1,46.7428,0
2026-06-26 14:02:39,34,W+7.5,2,True,False,False,,-1,46.1627,0
2026-06-26 14:03:42,155,B+27.5,6,True,False,False,,-1,46.4034,0
2026-06-26 14:03:54,38,W+6.5,2,True,False,False,,-1,46.2449,0
2026-06-26 14:04:56,162,B+9.5,2,True,False,False,,-1,46.4153,0
2026-06-26 14:05:03,24,W+7.5,2,True,False,False,,-1,46.0672,0
2026-06-26 14:05:17,44,W+7.5,2,True,False,False,,-1,45.6286,0
2026-06-26 14:06:13,127,B+28.5,3,True,False,False,,-1,45.6481,0
2026-06-26 14:06:27,40,W+7.5,2,True,False,False,,-1,45.1276,0
2026-06-26 14:07:33,162,W+58.5,1,True,False,False,,-1,45.3654,0
2026-06-26 14:07:44,36,W+7.5,2,True,False,False,,-1,44.745,0
2026-06-26 14:08:11,68,W+1.5,3,True,False,False,,-1,44.6285,0
2026-06-26 14:09:13,162,W+68.5,3,True,False,False,,-1,44.6371,0
2026-06-26 14:10:02,134,W+24.5,2,True,False,False,,-1,44.5905,0
2026-06-26 14:10:07,20,W+7.5,2,True,False,False,,-1,44.0792,0
2026-06-26 14:11:13,162,W+78.5,4,True,False,False,,-1,44.3784,0
2026-06-26 14:12:23,162,W+25.5,1,True,False,False,,-1,44.3661,0
2026-06-26 14:13:10,143,W+45.5,3,True,False,False,,-1,44.4341,0
2026-06-26 14:14:15,162,W+60.5,3,True,False,False,,-1,44.4315,0
2026-06-26 14:14:23,26,W+7.5,2,True,False,False,,-1,44.0944,0
2026-06-26 14:15:25,155,B+31.5,5,True,False,False,,-1,44.2009,0
2026-06-26 14:16:22,162,W+31.5,2,True,False,False,,-1,44.192,0
2026-06-26 14:16:53,70,W+9.5,2,True,False,False,,-1,44.3022,0
2026-06-26 14:17:48,129,W+57.5,3,True,False,False,,-1,44.6662,0
2026-06-26 14:18:43,128,B+27.5,4,True,False,False,,-1,44.6081,0
2026-06-26 14:19:17,74,W+6.5,3,True,False,False,,-1,44.4376,0
2026-06-26 14:19:54,90,W+10.5,6,True,False,False,,-1,44.4463,0
2026-06-26 14:20:13,52,W+5.5,4,True,False,False,,-1,43.9467,0
2026-06-26 14:21:07,162,B+38.5,2,True,False,False,,-1,44.428,0
2026-06-26 14:21:51,109,B+20.5,3,True,False,False,,-1,44.3057,0
2026-06-26 14:22:14,62,W+8.5,3,True,False,False,,-1,44.2406,0
2026-06-26 14:23:09,142,W+45.5,2,True,False,False,,-1,44.2278,0
2026-06-26 14:24:10,157,B+45.5,2,True,False,False,,-1,44.3657,0
2026-06-26 14:25:12,162,W+16.5,2,True,False,False,,-1,44.826,0
2026-06-26 14:26:12,162,B+15.5,1,True,False,False,,-1,45.3595,0
2026-06-26 14:27:00,114,W+30.5,3,True,False,False,,-1,45.3479,0
2026-06-26 14:28:02,162,B+35.5,3,True,False,False,,-1,45.5368,0
2026-06-26 14:29:08,162,B+35.5,4,True,False,False,,-1,45.5068,0
2026-06-26 14:29:51,95,B+8.5,3,True,False,False,,-1,45.2881,0
2026-06-26 14:30:01,32,W+8.5,2,True,False,False,,-1,44.8388,0
2026-06-26 14:30:42,107,B+23.5,3,True,False,False,,-1,44.9944,0
2026-06-26 14:31:34,125,B+34.5,3,True,False,False,,-1,45.1044,0
2026-06-26 14:32:34,141,W+58.5,3,True,False,False,,-1,45.3095,0
2026-06-26 14:33:25,129,B+46.5,3,True,False,False,,-1,45.7506,0
2026-06-26 14:34:10,123,B+26.5,2,True,False,False,,-1,45.6149,0
2026-06-26 14:34:32,56,W+4.5,2,True,False,False,,-1,45.3381,0
2026-06-26 14:35:17,123,B+27.5,5,True,False,False,,-1,45.5947,0
2026-06-26 14:35:56,107,B+18.5,5,True,False,False,,-1,45.6573,0
2026-06-26 14:36:55,152,B+17.5,5,True,False,False,,-1,45.737,0
2026-06-26 14:37:22,66,W+10.5,3,True,False,False,,-1,45.3742,0
2026-06-26 14:38:07,117,B+19.5,2,True,False,False,,-1,45.467,0
2026-06-26 14:38:47,112,W+24.5,7,True,False,False,,-1,45.4473,0
2026-06-26 14:41:26,67,B+4.5,2,True,False,False,,-1,45.1302,1000
2026-06-26 14:41:52,110,W+7.5,14,True,False,False,,-1,44.8657,1000
2026-06-26 14:42:22,103,B+5.5,5,True,False,False,,-1,44.513,1000
2026-06-26 14:43:02,132,B+1.5,17,True,False,False,,-1,44.7318,1000
2026-06-26 14:43:11,28,W+8.5,2,True,False,False,,-1,44.2894,1000
2026-06-26 14:43:45,119,W+1.5,19,True,False,False,,-1,44.3458,1000
2026-06-26 14:44:15,119,B+3.5,16,True,False,False,,-1,44.1546,1000
2026-06-26 14:44:41,97,B+20.5,8,True,False,False,,-1,43.8526,1000
2026-06-26 14:45:09,107,W+1.5,11,True,False,False,,-1,43.5495,1000
2026-06-26 14:45:47,152,B+15.5,24,True,False,False,,-1,43.6742,1000
2026-06-26 14:46:12,93,W+5.5,8,True,False,False,,-1,43.4402,1000
2026-06-26 14:46:53,161,W+9.5,35,True,False,False,,-1,43.2621,1000
2026-06-26 14:46:58,20,W+7.5,2,True,False,False,,-1,42.6882,1000
2026-06-26 14:47:24,105,B+6.5,12,True,False,False,,-1,42.5075,1000
2026-06-26 14:47:53,113,B+21.5,7,True,False,False,,-1,42.1346,1000
2026-06-26 14:48:26,128,B+9.5,17,True,False,False,,-1,42.0921,1000
2026-06-26 14:49:05,160,B+1.5,21,True,False,False,,-1,42.4207,1000
2026-06-26 14:49:37,118,B+2.5,17,True,False,False,,-1,42.132,1000
2026-06-26 14:50:03,98,B+1.5,6,True,False,False,,-1,41.7942,1000
2026-06-26 14:50:22,72,W+22.5,3,True,False,False,,-1,41.3668,1000
2026-06-26 14:50:37,56,W+5.5,2,True,False,False,,-1,40.8782,1000
2026-06-26 14:51:16,139,W+1.5,25,True,False,False,,-1,40.7091,1000
2026-06-26 14:51:49,123,W+1.5,13,True,False,False,,-1,40.5131,1000
2026-06-26 14:52:27,162,B+2.5,25,True,False,False,,-1,40.4342,1000
2026-06-26 14:53:04,145,W+42.5,15,True,False,False,,-1,40.2031,1000
2026-06-26 14:53:19,57,B+1.5,2,True,False,False,,-1,39.7769,1000
2026-06-26 14:53:45,95,W+9.5,6,True,False,False,,-1,39.3836,1000
2026-06-26 14:54:10,107,W+9.5,11,True,False,False,,-1,39.008,1000
2026-06-26 14:54:41,120,B+0.5,16,True,False,False,,-1,39.1818,1000
2026-06-26 14:55:23,151,W+1.5,21,True,False,False,,-1,39.3416,1000
2026-06-26 14:56:01,148,B+8.5,29,True,False,False,,-1,39.2954,1000
2026-06-26 14:56:26,96,B+1.5,12,True,False,False,,-1,38.9297,1000
2026-06-26 14:56:54,103,W+0.5,10,True,False,False,,-1,38.8407,1000
2026-06-26 14:57:24,106,B+0.5,8,True,False,False,,-1,38.7678,1000
2026-06-26 14:57:50,114,B+2.5,15,True,False,False,,-1,38.521,1000
2026-06-26 14:58:24,122,B+0.5,12,True,False,False,,-1,38.4014,1000
2026-06-26 14:58:31,22,W+6.5,2,True,False,False,,-1,38.06,1000
2026-06-26 14:58:57,87,B+4.5,9,True,False,False,,-1,37.8528,1000
2026-06-26 14:59:24,100,B+2.5,11,True,False,False,,-1,37.5112,1000
2026-06-26 15:00:00,125,W+0.5,14,True,False,False,,-1,37.3179,1000
2026-06-26 15:00:15,58,W+8.5,3,True,False,False,,-1,37.3315,1000
2026-06-26 15:00:34,71,B+4.5,4,True,False,False,,-1,37.1266,1000
2026-06-26 15:01:04,109,B+1.5,10,True,False,False,,-1,37.1218,1000
2026-06-26 15:01:39,126,B+2.5,19,True,False,False,,-1,36.8284,1000
2026-06-26 15:02:16,137,W+2.5,14,True,False,False,,-1,36.6222,1000
2026-06-26 15:02:42,102,B+1.5,7,True,False,False,,-1,36.185,1000
2026-06-26 15:03:27,161,W+30.5,16,True,False,False,,-1,36.0873,1000
2026-06-26 15:03:56,104,B+1.5,7,True,False,False,,-1,35.9077,1000
2026-06-26 15:04:27,105,W+3.5,12,True,False,False,,-1,36.1135,1000
2026-06-26 15:05:00,114,B+0.5,13,True,False,False,,-1,35.8168,1000
2026-06-26 15:05:30,112,B+2.5,12,True,False,False,,-1,35.9957,1000
2026-06-26 15:05:53,85,B+7.5,5,True,False,False,,-1,35.6098,1000
2026-06-26 15:06:22,102,B+1.5,11,True,False,False,,-1,35.8234,1000
2026-06-26 15:06:34,44,W+8.5,3,True,False,False,,-1,35.8016,1000
2026-06-26 15:07:12,135,W+1.5,10,True,False,False,,-1,35.6265,1000
2026-06-26 15:07:48,132,B+0.5,18,True,False,False,,-1,35.8489,1000
2026-06-26 15:08:29,162,W+5.5,32,True,False,False,,-1,35.5944,1000
2026-06-26 15:08:59,126,B+5.5,17,True,False,False,,-1,35.7793,1000
2026-06-26 15:09:22,86,B+1.5,4,True,False,False,,-1,35.7438,1000
2026-06-26 15:09:55,118,B+1.5,15,True,False,False,,-1,35.4505,1000
2026-06-26 15:10:28,115,W+2.5,9,True,False,False,,-1,35.2972,1000
2026-06-26 15:11:10,162,W+47.5,19,True,False,False,,-1,35.665,1000
2026-06-26 15:11:23,48,W+8.5,2,True,False,False,,-1,35.1343,1000
2026-06-26 15:11:38,54,W+5.5,2,True,False,False,,-1,34.5868,1000
2026-06-26 15:12:03,97,W+0.5,10,True,False,False,,-1,34.3623,1000
2026-06-26 15:12:21,72,W+14.5,3,True,False,False,,-1,33.896,1000
2026-06-26 15:12:54,118,B+2.5,18,True,False,False,,-1,34.1438,1000
2026-06-26 15:13:10,55,B+0.5,2,True,False,False,,-1,33.6785,1000
2026-06-26 15:13:30,77,B+5.5,3,True,False,False,,-1,33.3166,1000
2026-06-26 15:13:57,96,B+2.5,11,True,False,False,,-1,33.2757,1000
2026-06-26 15:14:31,131,W+2.5,21,True,False,False,,-1,33.061,1000
2026-06-26 15:14:56,97,W+2.5,8,True,False,False,,-1,32.7644,1000
2026-06-26 15:15:27,117,W+1.5,16,True,False,False,,-1,32.7406,1000
2026-06-26 15:15:59,115,B+0.5,16,True,False,False,,-1,32.6904,1000
2026-06-26 15:16:41,162,W+13.5,26,True,False,False,,-1,32.9131,1000
2026-06-26 15:17:10,117,W+8.5,14,True,False,False,,-1,32.6664,1000
2026-06-26 15:17:42,117,W+2.5,12,True,False,False,,-1,32.545,1000
2026-06-26 15:18:03,74,W+2.5,2,True,False,False,,-1,32.5281,1000
2026-06-26 15:18:30,101,B+0.5,12,True,False,False,,-1,32.2457,1000
2026-06-26 15:19:02,117,W+2.5,14,True,False,False,,-1,31.9551,1000
2026-06-26 15:19:08,20,W+7.5,2,True,False,False,,-1,31.4043,1000
2026-06-26 15:19:37,103,W+0.5,12,True,False,False,,-1,31.0846,1000
2026-06-26 15:19:48,40,W+10.5,2,True,False,False,,-1,30.7156,1000
2026-06-26 15:20:17,106,B+2.5,7,True,False,False,,-1,30.3944,1000
2026-06-26 15:21:01,162,B+27.5,22,True,False,False,,-1,30.1714,1000
2026-06-26 15:21:28,99,W+0.5,8,True,False,False,,-1,30.0097,1000
2026-06-26 15:21:58,121,W+0.5,15,True,False,False,,-1,30.208,1000
2026-06-26 15:22:35,139,W+2.5,13,True,False,False,,-1,30.166,1000
2026-06-26 15:22:53,75,B+2.5,4,True,False,False,,-1,29.8298,1000
2026-06-26 15:23:21,102,B+1.5,10,True,False,False,,-1,29.5048,1000
2026-06-26 15:23:52,106,B+2.5,5,True,False,False,,-1,29.3144,1000
2026-06-26 15:24:28,127,W+0.5,15,True,False,False,,-1,29.2174,1000
2026-06-26 15:25:02,143,B+1.5,15,True,False,False,,-1,29.3409,1000
2026-06-26 15:25:32,116,B+5.5,17,True,False,False,,-1,29.1921,1000
2026-06-26 15:26:05,127,W+1.5,22,True,False,False,,-1,29.1277,1000
2026-06-26 15:26:39,117,W+2.5,16,True,False,False,,-1,28.8787,1000
2026-06-26 15:27:14,162,W+5.5,21,True,False,False,,-1,28.95,1000
2026-06-26 15:27:42,112,B+1.5,11,True,False,False,,-1,28.7817,1000
2026-06-26 15:28:07,88,W+18.5,4,True,False,False,,-1,28.6396,1000
2026-06-26 15:28:35,110,W+2.5,7,True,False,False,,-1,28.5116,1000
2026-06-26 15:29:05,108,B+5.5,11,True,False,False,,-1,28.5834,1000
2026-06-26 15:29:25,73,B+0.5,4,True,False,False,,-1,28.5224,1000
2026-06-26 15:29:51,103,W+0.5,17,True,False,False,,-1,28.4879,1000
2026-06-26 15:30:19,102,B+4.5,16,True,False,False,,-1,28.3662,1000
2026-06-26 15:30:52,122,B+4.5,14,True,False,False,,-1,28.6073,1000
2026-06-26 15:31:30,141,W+3.5,26,True,False,False,,-1,28.6436,1000
2026-06-26 15:32:00,105,W+1.5,11,True,False,False,,-1,28.6507,1000
2026-06-26 15:32:29,103,W+5.5,13,True,False,False,,-1,28.6712,1000
2026-06-26 15:32:56,103,W+1.5,11,True,False,False,,-1,28.6657,1000
2026-06-26 15:33:26,111,W+0.5,10,True,False,False,,-1,28.5829,1000
2026-06-26 15:34:08,162,B+18.5,24,True,False,False,,-1,28.7575,1000
2026-06-26 15:34:39,118,B+5.5,11,True,False,False,,-1,28.6559,1000
2026-06-26 15:35:06,107,W+0.5,13,True,False,False,,-1,28.8812,1000
2026-06-26 15:35:38,122,B+2.5,15,True,False,False,,-1,28.9339,1000
2026-06-26 15:36:09,125,W+0.5,17,True,False,False,,-1,28.9589,1000
2026-06-26 15:36:47,139,W+2.5,27,True,False,False,,-1,29.0085,1000
2026-06-26 15:37:14,102,B+2.5,9,True,False,False,,-1,28.8905,1000
2026-06-26 15:37:43,99,W+1.5,8,True,False,False,,-1,28.8561,1000
2026-06-26 15:38:18,136,B+0.5,16,True,False,False,,-1,28.9426,1000
2026-06-26 15:38:46,99,B+5.5,10,True,False,False,,-1,29.034,1000
2026-06-26 15:39:13,103,W+2.5,9,True,False,False,,-1,29.1606,1000
2026-06-26 15:39:39,97,B+23.5,10,True,False,False,,-1,29.0338,1000
2026-06-26 15:40:12,115,W+0.5,17,True,False,False,,-1,29.0266,1000
2026-06-26 15:40:37,92,B+7.5,4,True,False,False,,-1,28.8928,1000
2026-06-26 15:41:04,95,W+4.5,6,True,False,False,,-1,28.7988,1000
2026-06-26 15:41:39,129,W+3.5,13,True,False,False,,-1,28.9968,1000
2026-06-26 15:41:54,56,W+4.5,2,True,False,False,,-1,28.8854,1000
2026-06-26 15:42:25,113,W+1.5,9,True,False,False,,-1,28.9449,1000
2026-06-26 15:42:55,109,W+0.5,11,True,False,False,,-1,28.9315,1000
2026-06-26 15:43:24,118,B+1.5,10,True,False,False,,-1,28.811,1000
2026-06-26 15:44:02,142,B+2.5,19,True,False,False,,-1,28.8148,1000
2026-06-26 15:44:28,96,B+13.5,7,True,False,False,,-1,28.809,1000
2026-06-26 15:45:02,121,W+1.5,21,True,False,False,,-1,28.8768,1000
2026-06-26 15:45:12,36,W+6.5,3,True,False,False,,-1,28.6779,1000
2026-06-26 15:45:46,131,B+2.5,18,True,False,False,,-1,28.7549,1000
2026-06-26 15:46:12,87,B+19.5,4,True,False,False,,-1,28.671,1000
2026-06-26 15:46:26,50,W+8.5,2,True,False,False,,-1,28.7527,1000
2026-06-26 15:46:56,115,B+1.5,13,True,False,False,,-1,28.7802,1000
2026-06-26 15:47:23,100,B+1.5,8,True,False,False,,-1,28.7814,1000
2026-06-26 15:47:46,87,W+4.5,3,True,False,False,,-1,28.6581,1000
2026-06-26 15:48:16,106,B+7.5,7,True,False,False,,-1,28.8161,1000
2026-06-26 15:48:51,137,B+1.5,15,True,False,False,,-1,28.972,1000
2026-06-26 15:49:01,32,W+8.5,2,True,False,False,,-1,28.7639,1000
2026-06-26 15:49:20,67,B+8.5,4,True,False,False,,-1,28.601,1000
2026-06-26 15:49:40,72,W+1.5,4,True,False,False,,-1,28.4425,1000
2026-06-26 15:50:07,96,B+0.5,8,True,False,False,,-1,28.4506,1000
2026-06-26 15:50:36,112,B+1.5,15,True,False,False,,-1,28.2841,1000
2026-06-26 15:51:03,99,W+0.5,11,True,False,False,,-1,28.2643,1000
2026-06-26 15:51:27,96,W+2.5,10,True,False,False,,-1,28.2044,1000
2026-06-26 15:52:00,115,W+2.5,12,True,False,False,,-1,28.2012,1000
2026-06-26 15:52:29,102,B+5.5,9,True,False,False,,-1,28.1824,1000
2026-06-26 15:53:05,135,W+0.5,13,True,False,False,,-1,28.3178,1000
2026-06-26 15:53:37,121,W+7.5,17,True,False,False,,-1,28.3473,1000
2026-06-26 15:54:09,129,W+2.5,21,True,False,False,,-1,28.5422,1000
2026-06-26 15:54:33,94,B+4.5,7,True,False,False,,-1,28.4045,1000
2026-06-26 15:55:06,123,B+0.5,14,True,False,False,,-1,28.3765,1000
2026-06-26 15:55:37,115,W+3.5,14,True,False,False,,-1,28.2805,1000
2026-06-26 15:56:08,109,W+3.5,9,True,False,False,,-1,28.2899,1000
2026-06-26 15:56:39,110,B+2.5,14,True,False,False,,-1,28.3714,1000
2026-06-26 15:57:10,117,W+0.5,19,True,False,False,,-1,28.3555,1000
2026-06-26 15:57:30,75,B+2.5,5,True,False,False,,-1,28.222,1000
2026-06-26 15:58:08,134,B+3.5,15,True,False,False,,-1,28.1703,1000
2026-06-26 15:58:41,119,W+4.5,19,True,False,False,,-1,28.384,1000
2026-06-26 15:59:08,110,B+1.5,13,True,False,False,,-1,28.4991,1000
2026-06-26 15:59:35,109,B+10.5,14,True,False,False,,-1,28.5159,1000
2026-06-26 16:00:07,123,W+0.5,8,True,False,False,,-1,28.6563,1000
2026-06-26 16:00:33,103,B+11.5,6,True,False,False,,-1,28.5876,1000
2026-06-26 16:01:07,125,W+4.5,18,True,False,False,,-1,28.7761,1000
2026-06-26 16:01:34,103,B+6.5,9,True,False,False,,-1,28.8366,1000
2026-06-26 16:01:42,30,W+9.5,2,True,False,False,,-1,28.653,1000
2026-06-26 16:02:14,128,B+0.5,17,True,False,False,,-1,28.6304,1000
2026-06-26 16:02:44,116,B+6.5,16,True,False,False,,-1,28.6814,1000
2026-06-26 16:03:16,116,B+1.5,14,True,False,False,,-1,28.6803,1000
2026-06-26 16:03:44,107,B+1.5,10,True,False,False,,-1,28.6431,1000
2026-06-26 16:04:13,110,B+5.5,11,True,False,False,,-1,28.5175,1000
2026-06-26 16:04:26,48,W+8.5,2,True,False,False,,-1,28.3582,1000
2026-06-26 16:05:06,160,B+11.5,30,True,False,False,,-1,28.4318,1000
2026-06-26 16:05:30,101,W+5.5,10,True,False,False,,-1,28.4609,1000
2026-06-26 16:05:47,66,W+9.5,2,True,False,False,,-1,28.3708,1000
2026-06-26 16:06:17,116,B+1.5,12,True,False,False,,-1,28.3469,1000
2026-06-26 16:06:51,123,W+3.5,11,True,False,False,,-1,28.6205,1000
2026-06-26 16:07:21,116,B+2.5,18,True,False,False,,-1,28.6438,1000
2026-06-26 16:07:44,80,W+9.5,4,True,False,False,,-1,28.7571,1000
2026-06-26 16:08:18,126,B+0.5,21,True,False,False,,-1,28.7989,1000
2026-06-26 16:08:25,30,W+7.5,2,True,False,False,,-1,28.4348,1000
2026-06-26 16:08:50,100,B+0.5,8,True,False,False,,-1,28.4183,1000
2026-06-26 16:09:33,162,B+35.5,18,True,False,False,,-1,28.5423,1000
2026-06-26 16:09:58,100,B+0.5,12,True,False,False,,-1,28.4259,1000
2026-06-26 16:10:30,136,B+5.5,17,True,False,False,,-1,28.564,1000
2026-06-26 16:11:03,135,B+3.5,18,True,False,False,,-1,28.6162,1000
2026-06-26 16:11:10,26,W+7.5,2,True,False,False,,-1,28.37,1000
2026-06-26 16:11:48,150,B+2.5,22,True,False,False,,-1,28.3981,1000
2026-06-26 16:12:31,161,W+3.5,29,True,False,False,,-1,28.4878,1000
2026-06-26 16:12:51,70,W+6.5,3,True,False,False,,-1,28.3806,1000
2026-06-26 16:13:18,102,B+1.5,11,True,False,False,,-1,28.3251,1000
2026-06-26 16:13:26,26,W+8.5,2,True,False,False,,-1,28.0649,1000
2026-06-26 16:14:10,161,W+29.5,18,True,False,False,,-1,28.1653,1000
2026-06-26 16:14:52,162,B+26.5,22,True,False,False,,-1,28.3017,1000
2026-06-26 16:15:20,98,B+7.5,8,True,False,False,,-1,28.3238,1000
2026-06-26 16:15:55,124,B+1.5,14,True,False,False,,-1,28.3962,1000
2026-06-26 16:16:26,103,W+4.5,10,True,False,False,,-1,28.4135,1000
2026-06-26 16:17:04,143,W+0.5,27,True,False,False,,-1,28.5892,1000
2026-06-26 16:17:38,124,B+2.5,18,True,False,False,,-1,28.6595,1000
2026-06-26 16:18:05,105,W+3.5,8,True,False,False,,-1,28.661,1000
2026-06-26 16:18:32,101,B+1.5,10,True,False,False,,-1,28.5936,1000
2026-06-26 16:19:05,124,B+6.5,12,True,False,False,,-1,28.5423,1000
2026-06-26 16:19:18,48,W+4.5,2,True,False,False,,-1,28.3746,1000
2026-06-26 16:19:52,132,B+3.5,17,True,False,False,,-1,28.4344,1000
2026-06-26 16:20:20,98,B+0.5,8,True,False,False,,-1,28.4407,1000
2026-06-26 16:20:47,96,B+4.5,3,True,False,False,,-1,28.4125,1000
2026-06-26 16:21:17,111,W+0.5,14,True,False,False,,-1,28.2933,1000
2026-06-26 16:21:50,114,B+2.5,12,True,False,False,,-1,28.3117,1000
2026-06-26 16:22:31,161,W+23.5,28,True,False,False,,-1,28.4454,1000
2026-06-26 16:22:58,98,B+1.5,8,True,False,False,,-1,28.3993,1000
2026-06-26 16:23:25,95,W+6.5,9,True,False,False,,-1,28.3573,1000
2026-06-26 16:23:53,102,B+2.5,12,True,False,False,,-1,28.2503,1000
2026-06-26 16:24:20,90,W+4.5,3,True,False,False,,-1,28.255,1000
2026-06-26 16:24:46,98,B+3.5,9,True,False,False,,-1,28.2327,1000
2026-06-26 16:25:17,123,W+0.5,10,True,False,False,,-1,28.1897,1000
2026-06-26 16:25:50,125,W+4.5,16,True,False,False,,-1,28.2414,1000
2026-06-26 16:26:19,108,B+1.5,11,True,False,False,,-1,28.2562,1000
2026-06-26 16:26:50,122,B+1.5,19,True,False,False,,-1,28.3031,1000
2026-06-26 16:27:23,121,W+0.5,14,True,False,False,,-1,28.313,1000
2026-06-26 16:27:52,106,B+0.5,9,True,False,False,,-1,28.3497,1000
2026-06-26 16:28:31,143,W+0.5,21,True,False,False,,-1,28.4725,1000
2026-06-26 16:28:45,52,W+5.5,2,True,False,False,,-1,28.2528,1000
2026-06-26 16:29:11,103,W+2.5,9,True,False,False,,-1,28.364,1000
2026-06-26 16:29:19,38,W+4.5,2,True,False,False,,-1,28.1433,1000
2026-06-26 16:29:59,162,B+10.5,25,True,False,False,,-1,28.2427,1000
2026-06-26 16:30:38,142,B+18.5,19,True,False,False,,-1,28.333,1000
2026-06-26 16:31:06,108,B+6.5,15,True,False,False,,-1,28.2325,1000
2026-06-26 16:31:18,46,W+3.5,2,True,False,False,,-1,28.1066,1000
2026-06-26 16:31:44,106,W+2.5,12,True,False,False,,-1,28.0228,1000
2026-06-26 16:32:10,95,W+2.5,10,True,False,False,,-1,28.1799,1000
2026-06-26 16:32:40,117,W+2.5,21,True,False,False,,-1,28.1375,1000
2026-06-26 16:33:07,95,B+14.5,5,True,False,False,,-1,28.1484,1000
2026-06-26 16:33:36,107,W+0.5,15,True,False,False,,-1,28.301,1000
2026-06-26 16:34:05,111,W+1.5,9,True,False,False,,-1,28.2939,1000
2026-06-26 16:34:21,56,W+11.5,2,True,False,False,,-1,28.1765,1000
2026-06-26 16:34:55,116,B+1.5,18,True,False,False,,-1,28.2849,1000
2026-06-26 16:35:22,105,W+0.5,14,True,False,False,,-1,28.2527,1000
2026-06-26 16:35:50,100,B+1.5,7,True,False,False,,-1,28.1902,1000
2026-06-26 16:36:17,101,W+2.5,10,True,False,False,,-1,28.3589,1000
2026-06-26 16:36:38,73,B+7.5,3,True,False,False,,-1,28.3828,1000
2026-06-26 16:37:19,161,W+5.5,29,True,False,False,,-1,28.5891,1000
2026-06-26 16:37:45,96,W+3.5,9,True,False,False,,-1,28.5729,1000
2026-06-26 16:38:18,125,W+0.5,24,True,False,False,,-1,28.6237,1000
2026-06-26 16:39:00,162,B+26.5,27,True,False,False,,-1,28.7633,1000
2026-06-26 16:39:09,36,W+10.5,2,True,False,False,,-1,28.6177,1000
2026-06-26 16:39:41,110,B+1.5,14,True,False,False,,-1,28.6103,1000
2026-06-26 16:40:08,95,B+5.5,4,True,False,False,,-1,28.5931,1000
2026-06-26 16:40:38,110,B+2.5,7,True,False,False,,-1,28.5239,1000
2026-06-26 16:41:04,100,B+1.5,6,True,False,False,,-1,28.4677,1000
2026-06-26 16:41:21,61,B+0.5,2,True,False,False,,-1,28.3181,1000
2026-06-26 16:41:54,127,W+0.5,19,True,False,False,,-1,28.4071,1000
2026-06-26 16:42:39,155,W+1.5,20,True,False,False,,-1,28.5278,1000
2026-06-26 16:43:02,90,B+4.5,6,True,False,False,,-1,28.4481,1000
2026-06-26 16:43:32,111,W+0.5,14,True,False,False,,-1,28.4383,1000
2026-06-26 16:43:40,30,W+8.5,2,True,False,False,,-1,28.2057,1000
2026-06-26 16:44:05,100,B+0.5,13,True,False,False,,-1,28.1463,1000
2026-06-26 16:44:52,152,W+13.5,22,True,False,False,,-1,28.409,1000
2026-06-26 16:45:16,97,W+3.5,12,True,False,False,,-1,28.2801,1000
2026-06-26 16:45:42,105,W+5.5,13,True,False,False,,-1,28.2071,1000
2026-06-26 16:46:05,81,B+8.5,3,True,False,False,,-1,28.1693,1000
2026-06-26 16:46:38,123,W+0.5,19,True,False,False,,-1,28.2285,1000
2026-06-26 16:47:04,97,W+2.5,11,True,False,False,,-1,28.1697,1000
2026-06-26 16:47:38,139,B+3.5,18,True,False,False,,-1,28.2429,1000
2026-06-26 16:47:57,69,B+3.5,2,True,False,False,,-1,28.0913,1000
2026-06-26 16:48:33,136,B+24.5,17,True,False,False,,-1,28.1852,1000
2026-06-26 16:49:01,112,B+2.5,16,True,False,False,,-1,28.3895,1000
2026-06-26 16:49:31,111,W+0.5,18,True,False,False,,-1,28.3674,1000
2026-06-26 16:49:42,42,W+12.5,2,True,False,False,,-1,28.1705,1000
2026-06-26 16:49:55,50,W+2.5,3,True,False,False,,-1,27.9951,1000
2026-06-26 16:50:24,98,B+2.5,6,True,False,False,,-1,27.9984,1000
2026-06-26 16:50:52,114,B+7.5,19,True,False,False,,-1,27.9948,1000
2026-06-26 16:51:18,101,W+0.5,10,True,False,False,,-1,28.1244,1000
2026-06-26 16:51:32,50,W+6.5,2,True,False,False,,-1,27.8549,1000
2026-06-26 16:52:06,137,B+1.5,20,True,False,False,,-1,27.9602,1000
2026-06-26 16:52:36,112,B+11.5,15,True,False,False,,-1,28.0892,1000
2026-06-26 16:53:10,123,W+9.5,21,True,False,False,,-1,28.1265,1000
2026-06-26 16:53:40,117,W+3.5,14,True,False,False,,-1,28.0857,1000
2026-06-26 16:54:21,145,W+6.5,21,True,False,False,,-1,28.193,1000
2026-06-26 16:54:58,137,W+1.5,13,True,False,False,,-1,28.3376,1000
2026-06-26 16:55:28,118,B+4.5,11,True,False,False,,-1,28.3031,1000
2026-06-26 16:55:53,89,B+13.5,6,True,False,False,,-1,28.4732,1000
2026-06-26 16:56:05,50,W+8.5,2,True,False,False,,-1,28.3482,1000
2026-06-26 16:56:39,121,B+3.5,12,True,False,False,,-1,28.2573,1000
2026-06-26 16:57:06,102,B+0.5,11,True,False,False,,-1,28.2782,1000
2026-06-26 16:57:20,58,W+7.5,2,True,False,False,,-1,28.1034,1000
2026-06-26 16:57:49,115,W+2.5,14,True,False,False,,-1,28.0552,1000
2026-06-26 16:58:22,117,W+2.5,16,True,False,False,,-1,28.3185,1000
2026-06-26 16:58:51,105,W+3.5,8,True,False,False,,-1,28.2265,1000
2026-06-26 16:59:30,143,W+3.5,14,True,False,False,,-1,28.1837,1000
2026-06-26 17:00:02,113,W+3.5,14,True,False,False,,-1,28.3127,1000
2026-06-26 17:00:34,116,B+3.5,15,True,False,False,,-1,28.36,1000
2026-06-26 17:01:06,115,W+0.5,14,True,False,False,,-1,28.6041,1000
2026-06-26 17:01:30,77,B+2.5,4,True,False,False,,-1,28.3951,1000
2026-06-26 17:01:57,97,B+1.5,4,True,False,False,,-1,28.2471,1000
2026-06-26 17:02:23,94,B+3.5,4,True,False,False,,-1,28.2278,1000
2026-06-26 17:02:52,109,W+0.5,13,True,False,False,,-1,28.1666,1000
2026-06-26 17:03:20,102,B+1.5,5,True,False,False,,-1,28.1399,1000
2026-06-26 17:03:50,113,W+1.5,12,True,False,False,,-1,28.0568,1000
2026-06-26 17:04:22,108,B+6.5,10,True,False,False,,-1,28.0393,1000
2026-06-26 17:04:56,129,B+3.5,14,True,False,False,,-1,28.1073,1000
2026-06-26 17:05:32,124,B+1.5,14,True,False,False,,-1,28.201,1000
2026-06-26 17:06:09,156,B+4.5,23,True,False,False,,-1,28.2464,1000
2026-06-26 17:06:41,112,B+0.5,16,True,False,False,,-1,28.4229,1000
2026-06-26 17:07:14,114,B+0.5,15,True,False,False,,-1,28.4124,1000
2026-06-26 17:07:52,132,W+0.5,12,True,False,False,,-1,28.5143,1000
2026-06-26 17:08:14,76,W+3.5,2,True,False,False,,-1,28.4622,1000
2026-06-26 17:08:42,110,B+2.5,13,True,False,False,,-1,28.4507,1000
2026-06-26 17:09:15,113,W+0.5,15,True,False,False,,-1,28.4498,1000
2026-06-26 17:09:52,141,B+0.5,22,True,False,False,,-1,28.4072,1000
2026-06-26 17:10:20,109,B+2.5,12,True,False,False,,-1,28.4218,1000
2026-06-26 17:10:53,137,B+1.5,20,True,False,False,,-1,28.4713,1000
2026-06-26 17:11:15,73,B+0.5,3,True,False,False,,-1,28.4203,1000
2026-06-26 17:11:41,103,W+1.5,15,True,False,False,,-1,28.4038,1000
2026-06-26 17:12:10,120,B+2.5,20,True,False,False,,-1,28.4356,1000
2026-06-26 17:12:38,97,W+1.5,8,True,False,False,,-1,28.4055,1000
2026-06-26 17:13:11,122,B+6.5,16,True,False,False,,-1,28.4025,1000
2026-06-26 17:13:41,117,W+2.5,12,True,False,False,,-1,28.422,1000
2026-06-26 17:14:12,113,B+3.5,10,True,False,False,,-1,28.4161,1000
2026-06-26 17:14:17,24,W+7.5,2,True,False,False,,-1,28.1389,1000
2026-06-26 17:14:24,24,W+7.5,2,True,False,False,,-1,27.9196,1000
2026-06-26 17:14:56,115,W+0.5,15,True,False,False,,-1,27.8407,1000
2026-06-26 17:15:30,123,W+0.5,9,True,False,False,,-1,28.0492,1000
2026-06-26 17:16:03,118,B+4.5,13,True,False,False,,-1,28.1208,1000
2026-06-26 17:16:29,107,B+3.5,12,True,False,False,,-1,28.2956,1000
2026-06-26 17:17:10,154,B+22.5,28,True,False,False,,-1,28.303,1000
2026-06-26 17:17:43,126,B+8.5,17,True,False,False,,-1,28.2561,1000
2026-06-26 17:18:15,124,B+4.5,15,True,False,False,,-1,28.2865,1000
2026-06-26 17:18:47,124,B+1.5,19,True,False,False,,-1,28.4817,1000
2026-06-26 17:19:02,56,W+4.5,3,True,False,False,,-1,28.374,1000
2026-06-26 17:19:27,85,B+4.5,2,True,False,False,,-1,28.3651,1000
2026-06-26 17:19:53,99,W+0.5,10,True,False,False,,-1,28.3246,1000
2026-06-26 17:20:18,95,W+2.5,8,True,False,False,,-1,28.3142,1000
2026-06-26 17:20:50,109,W+0.5,11,True,False,False,,-1,28.3286,1000
2026-06-26 17:20:58,30,W+10.5,2,True,False,False,,-1,28.1267,1000
2026-06-26 17:21:30,122,B+1.5,15,True,False,False,,-1,28.2914,1000
2026-06-26 17:21:58,106,B+2.5,13,True,False,False,,-1,28.231,1000
2026-06-26 17:22:25,98,B+1.5,6,True,False,False,,-1,28.2333,1000
2026-06-26 17:22:50,93,W+0.5,6,True,False,False,,-1,28.1989,1000
2026-06-26 17:23:03,46,W+3.5,2,True,False,False,,-1,28.0564,1000
2026-06-26 17:23:36,122,B+1.5,10,True,False,False,,-1,28.173,1000
2026-06-26 17:24:04,104,B+2.5,12,True,False,False,,-1,28.0438,1000
2026-06-26 17:24:15,38,W+7.5,2,True,False,False,,-1,27.9,1000
2026-06-26 17:24:41,99,B+3.5,11,True,False,False,,-1,27.8288,1000
2026-06-26 17:25:12,120,B+4.5,16,True,False,False,,-1,27.7262,1000
2026-06-26 17:25:49,134,B+0.5,20,True,False,False,,-1,27.9889,1000
2026-06-26 17:26:01,49,B+3.5,2,True,False,False,,-1,27.7991,1000
2026-06-26 17:26:30,106,B+0.5,9,True,False,False,,-1,27.813,1000
2026-06-26 17:26:37,26,W+6.5,3,True,False,False,,-1,27.5857,1000
2026-06-26 17:27:09,130,B+0.5,24,True,False,False,,-1,27.648,1000
2026-06-26 17:27:40,127,W+1.5,19,True,False,False,,-1,27.7968,1000
2026-06-26 17:28:13,125,W+5.5,24,True,False,False,,-1,27.7858,1000
2026-06-26 17:28:43,116,B+0.5,15,True,False,False,,-1,27.6355,1000
2026-06-26 17:29:10,101,B+20.5,10,True,False,False,,-1,27.6791,1000
2026-06-26 17:29:39,99,B+2.5,12,True,False,False,,-1,27.6656,1000
2026-06-26 17:30:09,112,B+1.5,8,True,False,False,,-1,27.8906,1000
2026-06-26 17:30:43,126,B+1.5,15,True,False,False,,-1,27.9797,1000
2026-06-26 17:31:13,104,B+6.5,10,True,False,False,,-1,27.8094,1000
2026-06-26 17:31:54,161,W+11.5,23,True,False,False,,-1,27.9802,1000
2026-06-26 17:32:29,128,B+11.5,20,True,False,False,,-1,28.0627,1000
2026-06-26 17:32:59,108,B+1.5,12,True,False,False,,-1,28.14,1000
2026-06-26 17:33:30,108,B+3.5,9,True,False,False,,-1,28.1172,1000
2026-06-26 17:33:57,101,W+12.5,11,True,False,False,,-1,28.1287,1000
2026-06-26 17:34:03,20,W+7.5,2,True,False,False,,-1,27.8476,1000
2026-06-26 17:34:29,102,B+3.5,6,True,False,False,,-1,27.9227,1000
2026-06-26 17:34:56,112,W+11.5,15,True,False,False,,-1,27.8319,1000
2026-06-26 17:35:17,82,B+0.5,4,True,False,False,,-1,27.7581,1000
2026-06-26 17:35:32,57,B+6.5,4,True,False,False,,-1,27.6104,1000
2026-06-26 17:36:09,136,W+8.5,24,True,False,False,,-1,27.8734,1000
2026-06-26 17:36:34,92,B+5.5,4,True,False,False,,-1,27.9894,1000
2026-06-26 17:37:09,123,B+14.5,13,True,False,False,,-1,28.0525,1000
2026-06-26 17:37:34,97,W+0.5,9,True,False,False,,-1,28.0188,1000
2026-06-26 17:37:52,66,W+5.5,2,True,False,False,,-1,27.9316,1000
2026-06-26 17:38:23,113,W+2.5,14,True,False,False,,-1,28.1084,1000
2026-06-26 17:39:00,147,W+0.5,21,True,False,False,,-1,28.1373,1000
2026-06-26 17:39:27,97,W+1.5,7,True,False,False,,-1,28.1028,1000
2026-06-26 17:40:08,161,B+7.5,32,True,False,False,,-1,28.1726,1000
2026-06-26 17:40:36,105,W+4.5,11,True,False,False,,-1,28.1671,1000
2026-06-26 17:41:02,93,W+5.5,7,True,False,False,,-1,28.0089,1000
2026-06-26 17:41:28,103,W+0.5,7,True,False,False,,-1,27.9013,1000
2026-06-26 17:42:01,117,W+12.5,13,True,False,False,,-1,27.9289,1000
2026-06-26 17:42:34,117,W+3.5,13,True,False,False,,-1,28.0095,1000
2026-06-26 17:43:04,112,B+1.5,14,True,False,False,,-1,28.1852,1000
2026-06-26 17:43:33,110,B+0.5,4,True,False,False,,-1,28.141,1000
2026-06-26 17:43:52,72,W+5.5,6,True,False,False,,-1,28.0657,1000
2026-06-26 17:44:19,97,B+2.5,4,True,False,False,,-1,28.1817,1000
2026-06-26 17:44:52,132,B+0.5,25,True,False,False,,-1,28.2328,1000
2026-06-26 17:45:23,110,B+1.5,8,True,False,False,,-1,28.2099,1000
2026-06-26 17:45:55,120,B+7.5,13,True,False,False,,-1,28.2373,1000
2026-06-26 17:46:29,120,B+8.5,16,True,False,False,,-1,28.1936,1000
2026-06-26 17:47:11,162,W+4.5,20,True,False,False,,-1,28.2883,1000
2026-06-26 17:47:47,137,W+6.5,17,True,False,False,,-1,28.3189,1000
2026-06-26 17:48:25,153,B+7.5,22,True,False,False,,-1,28.3834,1000
2026-06-26 17:48:55,110,B+8.5,10,True,False,False,,-1,28.4461,1000
2026-06-26 17:49:24,100,B+5.5,4,True,False,False,,-1,28.4635,1000
2026-06-26 17:49:56,128,B+0.5,20,True,False,False,,-1,28.5308,1000
2026-06-26 17:50:05,28,W+10.5,2,True,False,False,,-1,28.3226,1000
2026-06-26 17:50:33,104,B+4.5,10,True,False,False,,-1,28.3218,1000
2026-06-26 17:50:48,57,B+5.5,2,True,False,False,,-1,28.1797,1000
2026-06-26 17:51:24,133,W+1.5,22,True,False,False,,-1,28.216,1000
2026-06-26 17:51:56,115,W+5.5,14,True,False,False,,-1,28.1943,1000
2026-06-26 17:52:26,113,W+0.5,15,True,False,False,,-1,28.1406,1000
2026-06-26 17:52:43,63,B+5.5,3,True,False,False,,-1,27.9348,1000
2026-06-26 17:53:10,103,W+6.5,17,True,False,False,,-1,27.8912,1000
2026-06-26 17:53:45,123,W+0.5,12,True,False,False,,-1,27.9061,1000
2026-06-26 17:54:14,106,B+1.5,15,True,False,False,,-1,27.8185,1000
2026-06-26 17:54:47,121,B+3.5,19,True,False,False,,-1,27.9348,1000
2026-06-26 17:55:21,128,B+1.5,16,True,False,False,,-1,27.9862,1000
2026-06-26 17:55:50,109,W+2.5,7,True,False,False,,-1,27.9491,1000
2026-06-26 17:56:23,125,W+0.5,10,True,False,False,,-1,27.9121,1000
2026-06-26 17:56:57,132,B+1.5,9,True,False,False,,-1,27.969,1000
2026-06-26 17:57:26,106,B+1.5,12,True,False,False,,-1,27.9291,1000
2026-06-26 17:57:38,46,W+6.5,2,True,False,False,,-1,27.8334,1000
2026-06-26 17:57:56,65,B+1.5,4,True,False,False,,-1,27.7466,1000
2026-06-26 17:58:23,102,B+0.5,11,True,False,False,,-1,27.7298,1000
2026-06-26 17:58:59,146,B+11.5,24,True,False,False,,-1,27.8087,1000
2026-06-26 17:59:30,123,W+0.5,23,True,False,False,,-1,27.7865,1000
2026-06-26 18:00:01,127,W+3.5,18,True,False,False,,-1,27.7948,1000
2026-06-26 18:00:29,96,B+13.5,5,True,False,False,,-1,27.7687,1000
2026-06-26 18:01:06,133,W+2.5,11,True,False,False,,-1,28.0826,1000
2026-06-26 18:01:38,115,W+8.5,17,True,False,False,,-1,28.3391,1000
2026-06-26 18:02:06,105,W+0.5,10,True,False,False,,-1,28.3023,1000
2026-06-26 18:02:22,63,B+2.5,3,True,False,False,,-1,28.1224,1000
2026-06-26 18:02:54,114,B+1.5,11,True,False,False,,-1,28.1047,1000
2026-06-26 18:03:26,120,B+9.5,18,True,False,False,,-1,28.168,1000
2026-06-26 18:04:02,124,B+1.5,18,True,False,False,,-1,28.1182,1000
2026-06-26 18:04:20,66,W+15.5,3,True,False,False,,-1,27.9662,1000
2026-06-26 18:05:03,153,W+0.5,26,True,False,False,,-1,28.0772,1000
2026-06-26 18:05:29,100,B+0.5,14,True,False,False,,-1,28.0229,1000
2026-06-26 18:06:02,128,B+6.5,15,True,False,False,,-1,28.2004,1000
2026-06-26 18:06:33,111,B+0.5,12,True,False,False,,-1,28.2527,1000
2026-06-26 18:07:00,105,W+0.5,6,True,False,False,,-1,28.2714,1000
2026-06-26 18:07:31,127,B+12.5,20,True,False,False,,-1,28.3263,1000
2026-06-26 18:08:09,141,W+10.5,25,True,False,False,,-1,28.392,1000
2026-06-26 18:08:51,148,B+0.5,12,True,False,False,,-1,28.7218,1000
2026-06-26 18:09:18,106,B+4.5,11,True,False,False,,-1,28.6745,1000
2026-06-26 18:09:58,150,B+0.5,15,True,False,False,,-1,28.7958,1000
2026-06-26 18:10:28,113,W+2.5,11,True,False,False,,-1,28.8195,1000
2026-06-26 18:10:59,121,W+0.5,14,True,False,False,,-1,28.8879,1000
2026-06-26 18:11:30,111,B+1.5,8,True,False,False,,-1,29.0713,1000
2026-06-26 18:11:55,91,B+0.5,5,True,False,False,,-1,28.9942,1000
2026-06-26 18:12:24,105,W+0.5,8,True,False,False,,-1,29.0016,1000
2026-06-26 18:13:02,131,W+5.5,17,True,False,False,,-1,29.2684,1000
2026-06-26 18:13:40,139,W+1.5,23,True,False,False,,-1,29.3797,1000
2026-06-26 18:14:10,111,W+4.5,15,True,False,False,,-1,29.3745,1000
2026-06-26 18:14:41,113,W+4.5,12,True,False,False,,-1,29.3202,1000
2026-06-26 18:15:07,102,B+1.5,13,True,False,False,,-1,29.4518,1000
2026-06-26 18:15:23,58,W+9.5,2,True,False,False,,-1,29.3325,1000
2026-06-26 18:15:53,116,B+1.5,10,True,False,False,,-1,29.5646,1000
2026-06-26 18:16:05,38,W+6.5,2,True,False,False,,-1,29.3584,1000
2026-06-26 18:16:37,116,B+3.5,14,True,False,False,,-1,29.3657,1000
2026-06-26 18:17:24,162,B+33.5,13,True,False,False,,-1,29.5085,1000
2026-06-26 18:18:01,136,B+2.5,22,True,False,False,,-1,29.5861,1000
2026-06-26 18:18:26,98,B+0.5,6,True,False,False,,-1,29.5592,1000
2026-06-26 18:18:55,110,B+0.5,10,True,False,False,,-1,29.5627,1000
2026-06-26 18:19:31,142,B+1.5,24,True,False,False,,-1,29.6207,1000
2026-06-26 18:20:05,128,B+10.5,15,True,False,False,,-1,29.6131,1000
2026-06-26 18:20:31,101,B+2.5,10,True,False,False,,-1,29.5847,1000
2026-06-26 18:21:05,114,B+0.5,16,True,False,False,,-1,29.506,1000
2026-06-26 18:21:29,89,B+11.5,4,True,False,False,,-1,29.3985,1000
2026-06-26 18:21:42,53,B+0.5,2,True,False,False,,-1,29.228,1000
2026-06-26 18:21:57,56,W+4.5,3,True,False,False,,-1,29.0689,1000
2026-06-26 18:22:38,153,W+30.5,22,True,False,False,,-1,29.1995,1000
2026-06-26 18:23:15,135,W+9.5,21,True,False,False,,-1,29.5192,1000
2026-06-26 18:23:43,104,B+3.5,11,True,False,False,,-1,29.5322,1000
2026-06-26 18:24:10,105,B+1.5,5,True,False,False,,-1,29.533,1000
2026-06-26 18:24:36,96,B+0.5,12,True,False,False,,-1,29.5802,1000
2026-06-26 18:25:04,113,W+0.5,13,True,False,False,,-1,29.721,1000
2026-06-26 18:25:39,116,B+2.5,14,True,False,False,,-1,29.6955,1000
2026-06-26 18:25:52,46,W+5.5,2,True,False,False,,-1,29.5695,1000
2026-06-26 18:26:27,160,B+9.5,27,True,False,False,,-1,29.5797,1000
2026-06-26 18:26:55,108,B+5.5,12,True,False,False,,-1,29.6028,1000
2026-06-26 18:27:10,60,W+7.5,3,True,False,False,,-1,29.5766,1000
2026-06-26 18:27:33,92,B+3.5,8,True,False,False,,-1,29.5,1000
2026-06-26 18:28:06,119,W+0.5,11,True,False,False,,-1,29.461,1000
2026-06-26 18:28:33,108,B+10.5,13,True,False,False,,-1,29.4659,1000
2026-06-26 18:29:05,119,W+0.5,16,True,False,False,,-1,29.3752,1000
2026-06-26 18:29:32,109,W+0.5,14,True,False,False,,-1,29.3544,1000
2026-06-26 18:30:00,106,B+1.5,9,True,False,False,,-1,29.3791,1000
2026-06-26 18:30:31,122,W+4.5,23,True,False,False,,-1,29.422,1000
2026-06-26 18:31:02,111,W+0.5,17,True,False,False,,-1,29.4096,1000
2026-06-26 18:31:44,162,W+4.5,25,True,False,False,,-1,29.5022,1000
2026-06-26 18:32:09,92,B+2.5,6,True,False,False,,-1,29.4483,1000
2026-06-26 18:32:34,90,B+2.5,6,True,False,False,,-1,29.4061,1000
2026-06-26 18:32:41,30,W+8.5,3,True,False,False,,-1,29.2859,1000
2026-06-26 18:33:09,111,W+1.5,15,True,False,False,,-1,29.3069,1000
2026-06-26 18:33:49,147,W+0.5,18,True,False,False,,-1,29.363,1000
2026-06-26 18:34:00,36,W+5.5,2,True,False,False,,-1,29.1695,1000
2026-06-26 18:34:36,131,W+1.5,15,True,False,False,,-1,29.2079,1000
2026-06-26 18:35:03,97,B+8.5,7,True,False,False,,-1,29.1322,1000
2026-06-26 18:35:32,100,W+30.5,6,True,False,False,,-1,29.005,1000
2026-06-26 18:36:00,112,B+5.5,17,True,False,False,,-1,28.9301,1000
2026-06-26 18:36:25,90,B+0.5,5,True,False,False,,-1,28.7966,1000
2026-06-26 18:36:58,130,B+0.5,18,True,False,False,,-1,28.834,1000
2026-06-26 18:37:27,106,B+1.5,12,True,False,False,,-1,28.8324,1000
2026-06-26 18:38:01,130,B+2.5,16,True,False,False,,-1,28.8449,1000
2026-06-26 18:38:37,125,W+2.5,13,True,False,False,,-1,29.1246,1000
2026-06-26 18:39:11,122,B+1.5,15,True,False,False,,-1,29.1831,1000
2026-06-26 18:39:37,100,B+1.5,9,True,False,False,,-1,29.2874,1000
2026-06-26 18:40:12,126,B+1.5,21,True,False,False,,-1,29.28,1000
2026-06-26 18:40:42,114,B+1.5,14,True,False,False,,-1,29.2592,1000
2026-06-26 18:41:12,111,W+1.5,12,True,False,False,,-1,29.2557,1000
2026-06-26 18:41:42,102,B+1.5,9,True,False,False,,-1,29.3913,1000
2026-06-26 18:42:17,136,B+0.5,25,True,False,False,,-1,29.4707,1000
2026-06-26 18:42:47,118,B+1.5,18,True,False,False,,-1,29.4183,1000
2026-06-26 18:43:13,106,B+2.5,10,True,False,False,,-1,29.3888,1000
2026-06-26 18:43:48,139,W+10.5,26,True,False,False,,-1,29.4016,1000
2026-06-26 18:44:16,101,B+8.5,7,True,False,False,,-1,29.3405,1000
2026-06-26 18:44:44,105,W+4.5,14,True,False,False,,-1,29.3364,1000
2026-06-26 18:45:24,160,B+1.5,37,True,False,False,,-1,29.4101,1000
2026-06-26 18:45:52,106,B+0.5,8,True,False,False,,-1,29.3425,1000
2026-06-26 18:46:25,109,W+2.5,13,True,False,False,,-1,29.3877,1000
2026-06-26 18:46:59,144,B+0.5,23,True,False,False,,-1,29.6022,1000
2026-06-26 18:47:35,128,B+2.5,16,True,False,False,,-1,29.7908,1000
2026-06-26 18:47:46,41,B+0.5,8,True,False,False,,-1,29.6233,1000
2026-06-26 18:48:17,116,B+5.5,16,True,False,False,,-1,29.5814,1000
2026-06-26 18:48:58,149,W+1.5,16,True,False,False,,-1,29.6794,1000
2026-06-26 18:49:38,162,B+1.5,26,True,False,False,,-1,29.7728,1000
2026-06-26 18:50:04,95,W+1.5,9,True,False,False,,-1,29.7492,1000
2026-06-26 18:50:32,106,B+2.5,12,True,False,False,,-1,29.6599,1000
2026-06-26 18:51:02,109,W+6.5,12,True,False,False,,-1,29.6386,1000
2026-06-26 18:51:32,108,B+8.5,13,True,False,False,,-1,29.6552,1000
2026-06-26 18:51:59,103,W+2.5,10,True,False,False,,-1,29.766,1000
2026-06-26 18:52:37,141,W+0.5,24,True,False,False,,-1,29.8314,1000
2026-06-26 18:52:57,74,W+16.5,2,True,False,False,,-1,29.7022,1000
2026-06-26 18:53:27,115,W+0.5,15,True,False,False,,-1,29.6558,1000
2026-06-26 18:53:53,100,B+4.5,9,True,False,False,,-1,29.7259,1000
2026-06-26 18:54:28,129,W+0.5,23,True,False,False,,-1,29.6511,1000
2026-06-26 18:55:02,131,W+0.5,16,True,False,False,,-1,29.7286,1000
2026-06-26 18:55:24,91,W+0.5,6,True,False,False,,-1,29.6198,1000
2026-06-26 18:55:48,79,B+11.5,4,True,False,False,,-1,29.5492,1000
2026-06-26 18:56:14,100,B+1.5,14,True,False,False,,-1,29.5384,1000
2026-06-26 18:56:42,104,B+2.5,11,True,False,False,,-1,29.5033,1000
2026-06-26 18:57:08,102,B+8.5,10,True,False,False,,-1,29.3856,1000
2026-06-26 18:57:35,101,W+1.5,12,True,False,False,,-1,29.2469,1000
2026-06-26 18:58:18,162,W+2.5,17,True,False,False,,-1,29.3989,1000
2026-06-26 18:58:46,100,B+1.5,10,True,False,False,,-1,29.2735,1000
2026-06-26 18:59:17,114,B+2.5,12,True,False,False,,-1,29.2948,1000
2026-06-26 18:59:49,119,B+3.5,10,True,False,False,,-1,29.2911,1000
2026-06-26 19:00:21,116,B+0.5,12,True,False,False,,-1,29.3026,1000
2026-06-26 19:00:48,102,B+1.5,8,True,False,False,,-1,29.3201,1000
2026-06-26 19:01:23,128,B+3.5,13,True,False,False,,-1,29.3864,1000
2026-06-26 19:01:44,72,W+22.5,2,True,False,False,,-1,29.2199,1000
2026-06-26 19:02:09,94,W+16.5,3,True,False,False,,-1,29.0945,1000
2026-06-26 19:02:41,111,B+1.5,6,True,False,False,,-1,29.1105,1000
2026-06-26 19:03:10,103,W+1.5,8,True,False,False,,-1,29.0877,1000
2026-06-26 19:03:36,92,B+0.5,2,True,False,False,,-1,29.0931,1000
2026-06-26 19:04:07,118,B+5.5,13,True,False,False,,-1,29.2376,1000
2026-06-26 19:04:41,127,W+0.5,18,True,False,False,,-1,29.2717,1000
2026-06-26 19:05:19,151,B+18.5,27,True,False,False,,-1,29.5456,1000
2026-06-26 19:05:48,100,B+7.5,9,True,False,False,,-1,29.5068,1000
2026-06-26 19:06:13,82,W+4.5,5,True,False,False,,-1,29.2874,1000
2026-06-26 19:06:28,56,W+2.5,4,True,False,False,,-1,29.061,1000
2026-06-26 19:06:56,107,W+0.5,12,True,False,False,,-1,29.0943,1000
2026-06-26 19:07:02,22,W+7.5,2,True,False,False,,-1,28.865,1000
2026-06-26 19:07:32,115,W+2.5,5,True,False,False,,-1,28.8046,1000
2026-06-26 19:07:59,103,W+1.5,10,True,False,False,,-1,28.7418,1000
2026-06-26 19:08:14,50,W+11.5,2,True,False,False,,-1,28.6204,1000
2026-06-26 19:08:48,118,B+2.5,17,True,False,False,,-1,28.6326,1000
2026-06-26 19:09:20,114,B+9.5,11,True,False,False,,-1,28.7128,1000
2026-06-26 19:09:33,48,W+7.5,2,True,False,False,,-1,28.7014,1000
2026-06-26 19:10:01,110,W+3.5,14,True,False,False,,-1,28.8391,1000
2026-06-26 19:10:11,38,W+7.5,2,True,False,False,,-1,28.5372,1000
2026-06-26 19:10:54,162,W+19.5,26,True,False,False,,-1,28.5904,1000
2026-06-26 19:11:27,113,W+2.5,11,True,False,False,,-1,28.6426,1000
2026-06-26 19:11:58,112,B+5.5,18,True,False,False,,-1,28.6795,1000
2026-06-26 19:12:29,119,W+0.5,9,True,False,False,,-1,28.7336,1000
2026-06-26 19:12:37,32,W+9.5,2,True,False,False,,-1,28.5283,1000
2026-06-26 19:13:07,109,W+1.5,16,True,False,False,,-1,28.4757,1000
2026-06-26 19:13:46,140,B+3.5,20,True,False,False,,-1,28.7449,1000
2026-06-26 19:14:12,104,B+1.5,12,True,False,False,,-1,28.6417,1000
2026-06-26 19:14:29,61,B+6.5,2,True,False,False,,-1,28.5381,1000
2026-06-26 19:14:56,99,W+0.5,10,True,False,False,,-1,28.6624,1000
2026-06-26 19:15:31,133,W+2.5,18,True,False,False,,-1,28.7835,1000
2026-06-26 19:16:07,126,W+1.5,15,True,False,False,,-1,28.8087,1000
2026-06-26 19:16:37,107,W+4.5,11,True,False,False,,-1,28.8375,1000
2026-06-26 19:16:45,28,W+7.5,2,True,False,False,,-1,28.5936,1000
2026-06-26 19:17:05,76,W+18.5,5,True,False,False,,-1,28.5298,1000
2026-06-26 19:17:37,122,B+4.5,12,True,False,False,,-1,28.5682,1000
2026-06-26 19:18:08,108,B+8.5,9,True,False,False,,-1,28.5743,1000
2026-06-26 19:18:43,132,B+3.5,16,True,False,False,,-1,28.6016,1000
2026-06-26 19:19:11,104,B+0.5,14,True,False,False,,-1,28.4594,1000
2026-06-26 19:19:42,120,B+4.5,16,True,False,False,,-1,28.5263,1000
2026-06-26 19:20:09,105,W+1.5,12,True,False,False,,-1,28.549,1000
2026-06-26 19:20:32,91,W+0.5,6,True,False,False,,-1,28.7056,1000
2026-06-26 19:21:02,109,W+1.5,8,True,False,False,,-1,28.7225,1000
2026-06-26 19:21:30,108,B+4.5,12,True,False,False,,-1,28.6113,1000
2026-06-26 19:21:38,26,W+7.5,2,True,False,False,,-1,28.5737,1000
2026-06-26 19:22:02,99,W+0.5,10,True,False,False,,-1,28.4566,1000
2026-06-26 19:22:26,94,B+4.5,7,True,False,False,,-1,28.4307,1000
2026-06-26 19:23:01,123,W+3.5,17,True,False,False,,-1,28.4879,1000
2026-06-26 19:23:36,130,B+2.5,14,True,False,False,,-1,28.5594,1000
2026-06-26 19:24:15,141,B+5.5,13,True,False,False,,-1,28.694,1000
2026-06-26 19:24:44,104,B+2.5,17,True,False,False,,-1,28.6514,1000
2026-06-26 19:25:17,130,B+1.5,12,True,False,False,,-1,28.6984,1000
2026-06-26 19:25:52,128,B+0.5,20,True,False,False,,-1,28.71,1000
2026-06-26 19:26:38,160,B+6.5,27,True,False,False,,-1,28.8084,1000
2026-06-26 19:27:07,113,W+0.5,13,True,False,False,,-1,28.7531,1000
2026-06-26 19:27:33,100,B+0.5,10,True,False,False,,-1,28.754,1000
2026-06-26 19:28:00,100,B+5.5,14,True,False,False,,-1,28.6789,1000
2026-06-26 19:28:38,141,W+4.5,24,True,False,False,,-1,28.7594,1000
2026-06-26 19:29:12,125,W+2.5,16,True,False,False,,-1,28.8001,1000
2026-06-26 19:29:37,87,B+4.5,9,True,False,False,,-1,28.7412,1000
2026-06-26 19:30:04,98,B+1.5,9,True,False,False,,-1,28.6667,1000
2026-06-26 19:30:37,125,W+1.5,15,True,False,False,,-1,28.6963,1000
2026-06-26 19:31:06,108,B+1.5,16,True,False,False,,-1,28.7245,1000
2026-06-26 19:31:33,106,B+1.5,8,True,False,False,,-1,28.6526,1000
2026-06-26 19:32:05,116,W+0.5,15,True,False,False,,-1,28.6892,1000
2026-06-26 19:32:36,113,W+2.5,16,True,False,False,,-1,28.7139,1000
2026-06-26 19:32:59,80,W+7.5,3,True,False,False,,-1,28.5468,1000
2026-06-26 19:33:26,94,W+25.5,11,True,False,False,,-1,28.5417,1000
2026-06-26 19:33:59,122,B+0.5,16,True,False,False,,-1,28.5379,1000
2026-06-26 19:34:38,145,B+1.5,18,True,False,False,,-1,28.5865,1000
2026-06-26 19:35:10,122,B+7.5,14,True,False,False,,-1,28.5475,1000
2026-06-26 19:35:51,162,B+9.5,21,True,False,False,,-1,28.8483,1000
2026-06-26 19:36:16,103,W+0.5,14,True,False,False,,-1,28.7907,1000
2026-06-26 19:36:48,106,B+1.5,13,True,False,False,,-1,28.6956,1000
2026-06-26 19:37:22,123,W+1.5,22,True,False,False,,-1,28.635,1000
2026-06-26 19:37:50,105,B+6.5,10,True,False,False,,-1,28.6603,1000
2026-06-26 19:38:17,99,B+1.5,13,True,False,False,,-1,28.6442,1000
2026-06-26 19:38:44,98,B+0.5,10,True,False,False,,-1,28.6087,1000
2026-06-26 19:39:13,105,B+5.5,7,True,False,False,,-1,28.6061,1000
2026-06-26 19:39:42,106,B+3.5,6,True,False,False,,-1,28.6274,1000
2026-06-26 19:40:12,104,W+1.5,12,True,False,False,,-1,28.5503,1000
2026-06-26 19:40:49,139,W+2.5,28,True,False,False,,-1,28.724,1000
2026-06-26 19:41:17,111,W+0.5,9,True,False,False,,-1,28.6927,1000
2026-06-26 19:41:44,108,B+4.5,9,True,False,False,,-1,28.7071,1000
2026-06-26 19:42:14,108,W+4.5,14,True,False,False,,-1,28.6622,1000
2026-06-26 19:42:39,97,W+0.5,12,True,False,False,,-1,28.5678,1000
2026-06-26 19:43:06,103,B+2.5,12,True,False,False,,-1,28.6123,1000
2026-06-26 19:43:34,109,W+0.5,12,True,False,False,,-1,28.6571,1000
2026-06-26 19:44:09,132,B+0.5,16,True,False,False,,-1,28.745,1000
2026-06-26 19:44:34,99,W+2.5,10,True,False,False,,-1,28.7224,1000
2026-06-26 19:44:53,70,W+9.5,4,True,False,False,,-1,28.6506,1000
2026-06-26 19:45:27,122,B+0.5,16,True,False,False,,-1,28.7177,1000
2026-06-26 19:45:56,108,B+0.5,16,True,False,False,,-1,28.579,1000
2026-06-26 19:46:24,107,W+3.5,18,True,False,False,,-1,28.5822,1000
2026-06-26 19:46:49,105,W+0.5,14,True,False,False,,-1,28.5126,1000
2026-06-26 19:47:16,98,B+7.5,4,True,False,False,,-1,28.4665,1000
2026-06-26 19:49:53,143,B+2.5,26,True,False,False,,-1,28.5448,2000
2026-06-26 19:50:22,104,B+2.5,16,True,False,False,,-1,28.48,2000
2026-06-26 19:50:59,133,W+0.5,20,True,False,False,,-1,28.637,2000
2026-06-26 19:51:30,109,B+5.5,18,True,False,False,,-1,28.6942,2000
2026-06-26 19:51:58,115,W+4.5,15,True,False,False,,-1,28.6589,2000
2026-06-26 19:52:29,136,W+2.5,24,True,False,False,,-1,28.686,2000
2026-06-26 19:52:59,124,B+1.5,21,True,False,False,,-1,28.7136,2000
2026-06-26 19:53:38,155,W+0.5,30,True,False,False,,-1,28.7961,2000
2026-06-26 19:53:59,79,B+4.5,6,True,False,False,,-1,28.671,2000
2026-06-26 19:54:28,105,B+4.5,7,True,False,False,,-1,28.5755,2000
2026-06-26 19:54:53,99,W+3.5,5,True,False,False,,-1,28.5423,2000
2026-06-26 19:55:19,98,B+1.5,9,True,False,False,,-1,28.5498,2000
2026-06-26 19:55:28,32,W+7.5,2,True,False,False,,-1,28.4883,2000
2026-06-26 19:56:04,152,B+6.5,32,True,False,False,,-1,28.5739,2000
2026-06-26 19:56:37,129,W+0.5,24,True,False,False,,-1,28.8397,2000
2026-06-26 19:57:14,162,B+4.5,10,True,False,False,,-1,28.9076,2000
2026-06-26 19:57:43,115,W+0.5,12,True,False,False,,-1,28.9219,2000
2026-06-26 19:58:08,96,B+5.5,4,True,False,False,,-1,29.0312,2000
2026-06-26 19:58:36,105,W+1.5,13,True,False,False,,-1,28.9596,2000
2026-06-26 19:59:09,133,W+0.5,21,True,False,False,,-1,28.9788,2000
2026-06-26 19:59:17,32,W+7.5,2,True,False,False,,-1,28.9334,2000
2026-06-26 19:59:45,111,W+2.5,15,True,False,False,,-1,28.9321,2000
2026-06-26 20:00:20,125,B+2.5,17,True,False,False,,-1,29.1724,2000
2026-06-26 20:00:53,118,B+0.5,20,True,False,False,,-1,29.075,2000
2026-06-26 20:01:16,94,B+1.5,13,True,False,False,,-1,28.9814,2000
2026-06-26 20:01:25,36,W+5.5,2,True,False,False,,-1,28.7601,2000
2026-06-26 20:01:44,72,B+5.5,7,True,False,False,,-1,28.6395,2000
2026-06-26 20:01:56,44,W+5.5,3,True,False,False,,-1,28.6709,2000
2026-06-26 20:02:35,162,B+34.5,36,True,False,False,,-1,28.7705,2000
2026-06-26 20:03:03,112,B+7.5,15,True,False,False,,-1,28.6582,2000
2026-06-26 20:03:39,141,B+0.5,20,True,False,False,,-1,28.7651,2000
2026-06-26 20:04:04,95,W+0.5,9,True,False,False,,-1,28.8412,2000
2026-06-26 20:04:32,117,W+2.5,15,True,False,False,,-1,28.849,2000
2026-06-26 20:05:11,162,B+12.5,30,True,False,False,,-1,28.8848,2000
2026-06-26 20:05:41,116,B+0.5,15,True,False,False,,-1,28.8243,2000
2026-06-26 20:06:19,156,B+2.5,35,True,False,False,,-1,28.9015,2000
2026-06-26 20:06:46,98,B+3.5,14,True,False,False,,-1,29.0985,2000
2026-06-26 20:07:08,88,B+3.5,9,True,False,False,,-1,29.1164,2000
2026-06-26 20:07:14,22,W+7.5,2,True,False,False,,-1,28.8619,2000
2026-06-26 20:07:51,146,B+1.5,27,True,False,False,,-1,28.9145,2000
2026-06-26 20:08:24,142,B+1.5,20,True,False,False,,-1,28.9042,2000
2026-06-26 20:08:38,52,W+6.5,3,True,False,False,,-1,28.7675,2000
2026-06-26 20:09:17,161,B+9.5,37,True,False,False,,-1,28.8431,2000
2026-06-26 20:09:45,118,W+2.5,12,True,False,False,,-1,28.8477,2000
2026-06-26 20:10:11,101,B+1.5,13,True,False,False,,-1,28.8824,2000
2026-06-26 20:10:46,131,W+1.5,23,True,False,False,,-1,28.9255,2000
2026-06-26 20:11:09,86,W+1.5,9,True,False,False,,-1,28.878,2000
2026-06-26 20:11:48,162,W+6.5,29,True,False,False,,-1,29.193,2000
2026-06-26 20:12:21,125,W+2.5,23,True,False,False,,-1,29.2812,2000
2026-06-26 20:12:54,117,W+2.5,19,True,False,False,,-1,29.3647,2000
2026-06-26 20:13:15,87,B+2.5,4,True,False,False,,-1,29.2312,2000
2026-06-26 20:13:48,134,B+1.5,14,True,False,False,,-1,29.2078,2000
2026-06-26 20:14:04,65,B+0.5,6,True,False,False,,-1,28.9854,2000
2026-06-26 20:14:38,135,W+6.5,23,True,False,False,,-1,29.0328,2000
2026-06-26 20:14:53,54,W+16.5,2,True,False,False,,-1,28.8473,2000
2026-06-26 20:15:22,112,B+3.5,17,True,False,False,,-1,28.7856,2000
2026-06-26 20:15:38,59,B+0.5,4,True,False,False,,-1,28.487,2000
2026-06-26 20:15:44,20,W+7.5,2,True,False,False,,-1,28.2594,2000
2026-06-26 20:16:21,151,B+0.5,35,True,False,False,,-1,28.3766,2000
2026-06-26 20:16:46,99,W+1.5,13,True,False,False,,-1,28.3547,2000
2026-06-26 20:17:19,129,W+1.5,19,True,False,False,,-1,28.2948,2000
2026-06-26 20:17:50,112,W+0.5,22,True,False,False,,-1,28.2642,2000
2026-06-26 20:18:21,113,W+0.5,15,True,False,False,,-1,28.3274,2000
2026-06-26 20:18:54,135,B+2.5,17,True,False,False,,-1,28.3884,2000
2026-06-26 20:19:27,116,B+0.5,19,True,False,False,,-1,28.3948,2000
2026-06-26 20:19:51,95,B+3.5,9,True,False,False,,-1,28.3407,2000
2026-06-26 20:20:30,151,B+2.5,27,True,False,False,,-1,28.4597,2000
2026-06-26 20:21:04,134,B+1.5,25,True,False,False,,-1,28.4788,2000
2026-06-26 20:21:29,96,B+2.5,7,True,False,False,,-1,28.4168,2000
2026-06-26 20:21:55,103,B+1.5,8,True,False,False,,-1,28.4447,2000
2026-06-26 20:22:24,109,W+1.5,12,True,False,False,,-1,28.4686,2000
2026-06-26 20:23:02,160,B+7.5,35,True,False,False,,-1,28.5167,2000
2026-06-26 20:23:38,142,B+1.5,22,True,False,False,,-1,28.4946,2000
2026-06-26 20:24:06,112,B+5.5,14,True,False,False,,-1,28.4531,2000
2026-06-26 20:24:23,61,B+2.5,3,True,False,False,,-1,28.2063,2000
2026-06-26 20:24:35,47,B+0.5,3,True,False,False,,-1,28.0719,2000
2026-06-26 20:25:00,98,B+1.5,9,True,False,False,,-1,28.0162,2000
2026-06-26 20:25:31,119,B+2.5,21,True,False,False,,-1,27.9796,2000
2026-06-26 20:26:02,118,B+2.5,19,True,False,False,,-1,28.0074,2000
2026-06-26 20:26:37,142,B+1.5,25,True,False,False,,-1,28.0937,2000
2026-06-26 20:27:13,147,W+2.5,26,True,False,False,,-1,28.1869,2000
2026-06-26 20:27:42,126,B+1.5,19,True,False,False,,-1,28.1862,2000
2026-06-26 20:28:09,101,W+0.5,11,True,False,False,,-1,28.1565,2000
2026-06-26 20:28:44,129,W+0.5,14,True,False,False,,-1,28.208,2000
2026-06-26 20:29:25,161,B+7.5,31,True,False,False,,-1,28.246,2000
2026-06-26 20:29:52,102,B+0.5,15,True,False,False,,-1,28.2363,2000
2026-06-26 20:30:15,92,B+5.5,10,True,False,False,,-1,28.1979,2000
2026-06-26 20:30:55,162,B+1.5,28,True,False,False,,-1,28.2941,2000
2026-06-26 20:31:22,111,W+6.5,17,True,False,False,,-1,28.3129,2000
2026-06-26 20:31:29,32,W+6.5,3,True,False,False,,-1,28.1231,2000
2026-06-26 20:32:10,161,W+6.5,34,True,False,False,,-1,28.2556,2000
2026-06-26 20:32:40,114,B+5.5,15,True,False,False,,-1,28.1988,2000
2026-06-26 20:33:24,162,B+9.5,35,True,False,False,,-1,28.3875,2000
2026-06-26 20:33:49,102,B+1.5,12,True,False,False,,-1,28.4448,2000
2026-06-26 20:33:54,22,W+7.5,2,True,False,False,,-1,28.1583,2000
2026-06-26 20:34:19,92,W+2.5,7,True,False,False,,-1,28.1246,2000
2026-06-26 20:34:41,73,B+1.5,5,True,False,False,,-1,28.0587,2000
2026-06-26 20:35:07,105,B+0.5,13,True,False,False,,-1,28.0724,2000
2026-06-26 20:35:39,124,B+3.5,22,True,False,False,,-1,28.1243,2000
2026-06-26 20:36:10,121,W+0.5,18,True,False,False,,-1,28.1715,2000
2026-06-26 20:36:42,123,B+4.5,15,True,False,False,,-1,28.089,2000
2026-06-26 20:37:04,83,W+2.5,5,True,False,False,,-1,28.0157,2000
2026-06-26 20:37:32,102,B+4.5,14,True,False,False,,-1,27.9313,2000
2026-06-26 20:38:08,142,B+3.5,33,True,False,False,,-1,27.9797,2000
2026-06-26 20:38:34,95,W+0.5,12,True,False,False,,-1,27.9556,2000
2026-06-26 20:39:03,116,B+2.5,12,True,False,False,,-1,27.9296,2000
2026-06-26 20:39:34,114,B+2.5,18,True,False,False,,-1,27.9508,2000
2026-06-26 20:39:59,104,B+0.5,12,True,False,False,,-1,27.8128,2000
2026-06-26 20:40:23,90,B+2.5,9,True,False,False,,-1,27.835,2000
2026-06-26 20:40:48,96,B+0.5,13,True,False,False,,-1,27.7948,2000
2026-06-26 20:41:16,110,B+5.5,17,True,False,False,,-1,27.822,2000
2026-06-26 20:41:47,128,B+7.5,23,True,False,False,,-1,27.8831,2000
2026-06-26 20:42:17,115,B+3.5,17,True,False,False,,-1,28.0868,2000
2026-06-26 20:42:47,123,W+3.5,24,True,False,False,,-1,28.0195,2000
2026-06-26 20:43:13,106,B+1.5,14,True,False,False,,-1,27.9626,2000
2026-06-26 20:43:37,100,B+0.5,20,True,False,False,,-1,27.8307,2000
2026-06-26 20:44:12,132,W+0.5,21,True,False,False,,-1,27.8887,2000
2026-06-26 20:44:37,103,W+6.5,14,True,False,False,,-1,27.8903,2000
2026-06-26 20:45:01,103,W+3.5,15,True,False,False,,-1,27.8564,2000
2026-06-26 20:45:40,162,B+21.5,26,True,False,False,,-1,27.9084,2000
2026-06-26 20:45:47,24,W+7.5,2,True,False,False,,-1,27.8951,2000
2026-06-26 20:46:17,126,B+0.5,22,True,False,False,,-1,27.9202,2000
2026-06-26 20:46:48,127,W+0.5,22,True,False,False,,-1,27.8834,2000
2026-06-26 20:47:01,44,W+7.5,2,True,False,False,,-1,27.6777,2000
2026-06-26 20:47:22,86,B+1.5,10,True,False,False,,-1,27.6571,2000
2026-06-26 20:47:50,109,B+0.5,18,True,False,False,,-1,27.8471,2000
2026-06-26 20:48:21,127,B+5.5,18,True,False,False,,-1,27.9677,2000
2026-06-26 20:49:00,162,B+12.5,38,True,False,False,,-1,28.239,2000
2026-06-26 20:49:22,80,B+3.5,7,True,False,False,,-1,28.0657,2000
2026-06-26 20:49:47,110,B+7.5,20,True,False,False,,-1,28.0379,2000
2026-06-26 20:50:14,105,B+4.5,12,True,False,False,,-1,27.9466,2000
2026-06-26 20:50:42,111,W+1.5,11,True,False,False,,-1,27.9767,2000
2026-06-26 20:51:09,106,B+1.5,13,True,False,False,,-1,27.9678,2000
2026-06-26 20:51:36,93,B+4.5,4,True,False,False,,-1,27.8459,2000
2026-06-26 20:52:09,131,W+4.5,21,True,False,False,,-1,27.8794,2000
2026-06-26 20:52:35,97,W+1.5,10,True,False,False,,-1,27.7615,2000
2026-06-26 20:53:12,156,B+5.5,24,True,False,False,,-1,27.855,2000
2026-06-26 20:53:38,107,B+0.5,10,True,False,False,,-1,27.9011,2000
2026-06-26 20:54:03,89,B+1.5,9,True,False,False,,-1,28.0829,2000
2026-06-26 20:54:30,104,B+5.5,14,True,False,False,,-1,27.9829,2000
2026-06-26 20:55:07,162,W+3.5,29,True,False,False,,-1,28.0273,2000
2026-06-26 20:55:39,143,W+1.5,23,True,False,False,,-1,28.2061,2000
2026-06-26 20:56:09,122,W+0.5,17,True,False,False,,-1,28.1143,2000
2026-06-26 20:56:39,125,B+3.5,21,True,False,False,,-1,28.1357,2000
2026-06-26 20:57:18,161,W+6.5,29,True,False,False,,-1,28.2696,2000
2026-06-26 20:58:01,162,B+10.5,35,True,False,False,,-1,28.3562,2000
2026-06-26 20:58:27,105,W+0.5,14,True,False,False,,-1,28.3774,2000
2026-06-26 20:58:54,108,B+6.5,10,True,False,False,,-1,28.2523,2000
2026-06-26 20:59:21,114,B+3.5,18,True,False,False,,-1,28.197,2000
2026-06-26 20:59:46,98,B+2.5,12,True,False,False,,-1,28.1233,2000
2026-06-26 21:00:15,127,W+1.5,25,True,False,False,,-1,28.2014,2000
2026-06-26 21:00:39,96,B+2.5,8,True,False,False,,-1,28.1132,2000
2026-06-26 21:01:02,85,B+0.5,8,True,False,False,,-1,28.1742,2000
2026-06-26 21:01:40,159,W+2.5,36,True,False,False,,-1,28.2177,2000
2026-06-26 21:02:12,132,W+0.5,24,True,False,False,,-1,28.3866,2000
2026-06-26 21:02:41,110,B+2.5,15,True,False,False,,-1,28.3953,2000
2026-06-26 21:03:23,162,W+7.5,28,True,False,False,,-1,28.6438,2000
2026-06-26 21:04:00,147,B+2.5,19,True,False,False,,-1,28.9616,2000
2026-06-26 21:04:28,104,B+0.5,12,True,False,False,,-1,28.8648,2000
2026-06-26 21:04:42,46,W+5.5,2,True,False,False,,-1,28.7484,2000
2026-06-26 21:05:06,96,B+4.5,9,True,False,False,,-1,28.6727,2000
2026-06-26 21:05:34,104,B+1.5,10,True,False,False,,-1,28.6344,2000
2026-06-26 21:06:06,127,W+2.5,26,True,False,False,,-1,28.6551,2000
2026-06-26 21:06:39,121,B+4.5,19,True,False,False,,-1,28.6458,2000
2026-06-26 21:07:06,104,B+5.5,15,True,False,False,,-1,28.5853,2000
2026-06-26 21:07:37,122,B+3.5,20,True,False,False,,-1,28.66,2000
2026-06-26 21:08:12,133,W+0.5,30,True,False,False,,-1,28.6186,2000
2026-06-26 21:08:43,123,W+1.5,19,True,False,False,,-1,28.593,2000
2026-06-26 21:09:03,75,B+0.5,8,True,False,False,,-1,28.5435,2000
2026-06-26 21:09:30,111,B+2.5,24,True,False,False,,-1,28.553,2000
2026-06-26 21:09:58,112,W+2.5,11,True,False,False,,-1,28.5407,2000
2026-06-26 21:10:42,162,W+35.5,21,True,False,False,,-1,28.6022,2000
2026-06-26 21:11:15,141,B+3.5,29,True,False,False,,-1,28.5618,2000
2026-06-26 21:11:42,103,B+2.5,7,True,False,False,,-1,28.5583,2000
2026-06-26 21:12:15,128,B+0.5,20,True,False,False,,-1,28.7218,2000
2026-06-26 21:12:39,86,B+4.5,7,True,False,False,,-1,28.8402,2000
2026-06-26 21:13:05,102,W+3.5,8,True,False,False,,-1,28.8432,2000
2026-06-26 21:13:31,104,B+12.5,13,True,False,False,,-1,28.7983,2000
2026-06-26 21:13:58,106,B+4.5,12,True,False,False,,-1,28.7561,2000
2026-06-26 21:14:32,135,B+0.5,21,True,False,False,,-1,28.744,2000
2026-06-26 21:14:39,28,W+8.5,2,True,False,False,,-1,28.451,2000
2026-06-26 21:15:09,116,B+3.5,21,True,False,False,,-1,28.46,2000
2026-06-26 21:15:45,147,W+2.5,24,True,False,False,,-1,28.5588,2000
2026-06-26 21:16:15,127,W+11.5,19,True,False,False,,-1,28.5091,2000
2026-06-26 21:16:42,102,B+0.5,11,True,False,False,,-1,28.3697,2000
2026-06-26 21:17:07,98,B+2.5,7,True,False,False,,-1,28.3547,2000
2026-06-26 21:17:31,89,B+5.5,7,True,False,False,,-1,28.3589,2000
2026-06-26 21:17:41,36,W+8.5,3,True,False,False,,-1,28.0592,2000
2026-06-26 21:18:10,120,W+2.5,17,True,False,False,,-1,28.0808,2000
2026-06-26 21:18:34,95,B+1.5,12,True,False,False,,-1,28.245,2000
2026-06-26 21:19:16,162,B+3.5,31,True,False,False,,-1,28.2497,2000
2026-06-26 21:19:40,96,B+2.5,7,True,False,False,,-1,28.2014,2000
2026-06-26 21:20:12,119,B+3.5,14,True,False,False,,-1,28.0741,2000
2026-06-26 21:20:38,106,B+2.5,8,True,False,False,,-1,28.0943,2000
2026-06-26 21:21:06,110,B+3.5,12,True,False,False,,-1,28.3185,2000
2026-06-26 21:21:46,162,B+8.5,29,True,False,False,,-1,28.4582,2000
2026-06-26 21:22:16,127,B+3.5,16,True,False,False,,-1,28.5486,2000
2026-06-26 21:22:46,115,W+2.5,18,True,False,False,,-1,28.5906,2000
2026-06-26 21:23:25,159,B+0.5,39,True,False,False,,-1,28.6602,2000
2026-06-26 21:23:50,89,B+3.5,10,True,False,False,,-1,28.5902,2000
2026-06-26 21:24:17,119,W+4.5,16,True,False,False,,-1,28.5484,2000
2026-06-26 21:24:43,96,W+2.5,10,True,False,False,,-1,28.5898,2000
2026-06-26 21:25:04,79,B+1.5,6,True,False,False,,-1,28.5156,2000
2026-06-26 21:25:42,149,W+0.5,31,True,False,False,,-1,28.5404,2000
2026-06-26 21:26:14,127,B+5.5,14,True,False,False,,-1,28.5952,2000
2026-06-26 21:26:42,101,W+3.5,9,True,False,False,,-1,28.5926,2000
2026-06-26 21:27:13,130,B+3.5,19,True,False,False,,-1,28.589,2000
2026-06-26 21:27:40,105,B+1.5,10,True,False,False,,-1,28.6038,2000
2026-06-26 21:28:10,112,B+3.5,15,True,False,False,,-1,28.6726,2000
2026-06-26 21:28:41,129,B+1.5,25,True,False,False,,-1,28.7314,2000
2026-06-26 21:29:14,130,B+4.5,23,True,False,False,,-1,28.7793,2000
2026-06-26 21:29:41,110,B+2.5,14,True,False,False,,-1,28.739,2000
2026-06-26 21:29:58,66,W+7.5,2,True,False,False,,-1,28.6084,2000
2026-06-26 21:30:29,113,W+0.5,20,True,False,False,,-1,28.6216,2000
2026-06-26 21:30:54,99,W+2.5,11,True,False,False,,-1,28.6074,2000
2026-06-26 21:31:24,120,B+1.5,13,True,False,False,,-1,28.666,2000
2026-06-26 21:31:43,71,B+0.5,10,True,False,False,,-1,28.5102,2000
2026-06-26 21:32:17,135,W+1.5,24,True,False,False,,-1,28.5988,2000
2026-06-26 21:32:50,126,B+1.5,15,True,False,False,,-1,28.6835,2000
2026-06-26 21:33:01,38,W+12.5,2,True,False,False,,-1,28.3985,2000
2026-06-26 21:33:29,110,W+2.5,16,True,False,False,,-1,28.6161,2000
2026-06-26 21:33:59,117,W+1.5,13,True,False,False,,-1,28.6187,2000
2026-06-26 21:34:40,162,W+1.5,32,True,False,False,,-1,28.7128,2000
2026-06-26 21:35:23,162,B+5.5,31,True,False,False,,-1,29.0178,2000
2026-06-26 21:35:54,117,W+2.5,15,True,False,False,,-1,29.1096,2000
2026-06-26 21:36:20,96,B+0.5,7,True,False,False,,-1,29.0998,2000
2026-06-26 21:36:43,91,W+0.5,7,True,False,False,,-1,29.0197,2000
2026-06-26 21:37:18,139,W+1.5,28,True,False,False,,-1,28.9837,2000
2026-06-26 21:37:50,129,W+0.5,24,True,False,False,,-1,29.0826,2000
2026-06-26 21:38:00,32,W+6.5,3,True,False,False,,-1,28.922,2000
2026-06-26 21:38:32,128,B+4.5,19,True,False,False,,-1,28.9795,2000
2026-06-26 21:39:00,110,B+0.5,14,True,False,False,,-1,28.9823,2000
2026-06-26 21:39:33,135,B+2.5,18,True,False,False,,-1,29.0321,2000
2026-06-26 21:40:11,144,B+1.5,21,True,False,False,,-1,29.1535,2000
2026-06-26 21:40:50,146,B+2.5,21,True,False,False,,-1,29.2106,2000
2026-06-26 21:41:28,161,W+4.5,40,True,False,False,,-1,29.3326,2000
2026-06-26 21:41:54,97,W+7.5,14,True,False,False,,-1,29.2197,2000
2026-06-26 21:42:25,130,B+6.5,26,True,False,False,,-1,29.26,2000
2026-06-26 21:42:30,24,W+7.5,2,True,False,False,,-1,29.0739,2000
2026-06-26 21:43:01,118,B+0.5,22,True,False,False,,-1,29.1152,2000
2026-06-26 21:43:28,96,W+1.5,9,True,False,False,,-1,29.004,2000
2026-06-26 21:43:52,94,B+5.5,10,True,False,False,,-1,28.9266,2000
2026-06-26 21:44:19,110,B+4.5,14,True,False,False,,-1,28.9002,2000
2026-06-26 21:44:47,111,W+2.5,11,True,False,False,,-1,28.8802,2000
2026-06-26 21:45:20,122,B+8.5,12,True,False,False,,-1,28.8088,2000
2026-06-26 21:45:42,94,B+5.5,7,True,False,False,,-1,28.6015,2000
2026-06-26 21:46:15,126,B+4.5,18,True,False,False,,-1,28.6783,2000
2026-06-26 21:46:54,162,B+21.5,32,True,False,False,,-1,28.8028,2000
2026-06-26 21:47:27,119,W+1.5,19,True,False,False,,-1,28.8548,2000
2026-06-26 21:47:55,113,W+0.5,10,True,False,False,,-1,28.886,2000
2026-06-26 21:48:25,126,B+1.5,23,True,False,False,,-1,28.8967,2000
2026-06-26 21:48:50,96,W+3.5,12,True,False,False,,-1,28.9026,2000
2026-06-26 21:49:16,94,B+0.5,6,True,False,False,,-1,28.9342,2000
2026-06-26 21:49:44,108,B+1.5,17,True,False,False,,-1,28.8318,2000
2026-06-26 21:50:14,111,W+2.5,19,True,False,False,,-1,28.8209,2000
2026-06-26 21:50:20,22,W+7.5,2,True,False,False,,-1,28.5841,2000
2026-06-26 21:50:47,98,B+2.5,9,True,False,False,,-1,28.4389,2000
2026-06-26 21:51:09,92,W+0.5,11,True,False,False,,-1,28.2859,2000
2026-06-26 21:51:35,86,W+3.5,9,True,False,False,,-1,28.2644,2000
2026-06-26 21:52:06,113,W+6.5,17,True,False,False,,-1,28.4456,2000
2026-06-26 21:52:43,136,B+5.5,22,True,False,False,,-1,28.5625,2000
2026-06-26 21:53:07,102,B+1.5,12,True,False,False,,-1,28.5363,2000
2026-06-26 21:53:38,121,W+2.5,16,True,False,False,,-1,28.5152,2000
2026-06-26 21:54:14,131,W+3.5,17,True,False,False,,-1,28.5513,2000
2026-06-26 21:54:54,162,B+4.5,34,True,False,False,,-1,28.6762,2000
2026-06-26 21:55:28,139,W+0.5,19,True,False,False,,-1,28.7058,2000
2026-06-26 21:56:06,156,B+2.5,30,True,False,False,,-1,28.7324,2000
2026-06-26 21:56:40,137,W+0.5,22,True,False,False,,-1,28.7698,2000
2026-06-26 21:57:10,113,W+1.5,14,True,False,False,,-1,28.8688,2000
2026-06-26 21:57:42,113,W+2.5,10,True,False,False,,-1,28.9107,2000
2026-06-26 21:58:24,162,B+23.5,27,True,False,False,,-1,29.0572,2000
2026-06-26 21:59:03,162,B+2.5,37,True,False,False,,-1,29.0087,2000
2026-06-26 21:59:21,67,B+3.5,6,True,False,False,,-1,28.8582,2000
2026-06-26 21:59:48,103,W+0.5,14,True,False,False,,-1,28.8568,2000
2026-06-26 22:00:22,134,B+0.5,23,True,False,False,,-1,28.8671,2000
2026-06-26 22:00:52,114,B+3.5,17,True,False,False,,-1,28.9272,2000
2026-06-26 22:01:33,162,B+9.5,41,True,False,False,,-1,29.0758,2000
2026-06-26 22:02:14,162,W+5.5,28,True,False,False,,-1,29.2247,2000
2026-06-26 22:02:39,107,B+1.5,12,True,False,False,,-1,29.2073,2000
2026-06-26 22:03:18,162,B+15.5,33,True,False,False,,-1,29.2589,2000
2026-06-26 22:03:26,34,W+7.5,2,True,False,False,,-1,29.2711,2000
2026-06-26 22:03:57,135,W+5.5,22,True,False,False,,-1,29.2847,2000
2026-06-26 22:04:29,116,B+5.5,16,True,False,False,,-1,29.2322,2000
2026-06-26 22:05:06,150,W+2.5,14,True,False,False,,-1,29.3077,2000
2026-06-26 22:05:31,100,B+0.5,12,True,False,False,,-1,29.2872,2000
2026-06-26 22:06:05,135,B+0.5,24,True,False,False,,-1,29.3782,2000
2026-06-26 22:06:27,93,W+1.5,9,True,False,False,,-1,29.3612,2000
2026-06-26 22:06:43,61,B+0.5,4,True,False,False,,-1,29.4206,2000
2026-06-26 22:07:08,96,B+3.5,13,True,False,False,,-1,29.3723,2000
2026-06-26 22:07:26,75,B+3.5,9,True,False,False,,-1,29.3193,2000
2026-06-26 22:07:56,110,B+6.5,17,True,False,False,,-1,29.2021,2000
2026-06-26 22:08:30,128,B+2.5,18,True,False,False,,-1,29.2944,2000
2026-06-26 22:09:07,162,W+1.5,17,True,False,False,,-1,29.3492,2000
2026-06-26 22:09:32,95,B+1.5,7,True,False,False,,-1,29.3339,2000
2026-06-26 22:09:59,111,B+3.5,19,True,False,False,,-1,29.3273,2000
2026-06-26 22:10:34,161,W+3.5,33,True,False,False,,-1,29.2823,2000
2026-06-26 22:11:08,133,W+0.5,20,True,False,False,,-1,29.3132,2000
2026-06-26 22:11:41,140,W+0.5,13,True,False,False,,-1,29.3401,2000
2026-06-26 22:12:15,120,B+1.5,17,True,False,False,,-1,29.2925,2000
2026-06-26 22:12:40,96,B+1.5,10,True,False,False,,-1,29.3031,2000
2026-06-26 22:13:12,114,B+4.5,16,True,False,False,,-1,29.3462,2000
2026-06-26 22:13:22,36,W+6.5,3,True,False,False,,-1,29.1849,2000
2026-06-26 22:13:48,111,B+2.5,19,True,False,False,,-1,29.2378,2000
2026-06-26 22:14:21,143,B+2.5,29,True,False,False,,-1,29.183,2000
2026-06-26 22:14:47,100,B+6.5,10,True,False,False,,-1,29.1256,2000
2026-06-26 22:15:26,162,B+2.5,42,True,False,False,,-1,29.2395,2000
2026-06-26 22:16:04,148,B+2.5,27,True,False,False,,-1,29.3047,2000
2026-06-26 22:16:40,136,B+2.5,23,True,False,False,,-1,29.3992,2000
2026-06-26 22:17:06,94,B+1.5,8,True,False,False,,-1,29.3554,2000
2026-06-26 22:17:45,152,B+1.5,25,True,False,False,,-1,29.4384,2000
2026-06-26 22:18:20,143,W+0.5,28,True,False,False,,-1,29.4611,2000
2026-06-26 22:18:55,131,W+2.5,21,True,False,False,,-1,29.5369,2000
2026-06-26 22:19:24,106,B+2.5,10,True,False,False,,-1,29.6631,2000
2026-06-26 22:19:55,120,B+2.5,13,True,False,False,,-1,29.6548,2000
2026-06-26 22:20:21,111,W+2.5,13,True,False,False,,-1,29.6667,2000
2026-06-26 22:20:44,81,B+6.5,6,True,False,False,,-1,29.5963,2000
2026-06-26 22:20:56,43,B+0.5,3,True,False,False,,-1,29.529,2000
2026-06-26 22:21:27,128,B+3.5,23,True,False,False,,-1,29.4992,2000
2026-06-26 22:22:01,131,W+0.5,20,True,False,False,,-1,29.5039,2000
2026-06-26 22:22:26,89,B+3.5,5,True,False,False,,-1,29.6489,2000
2026-06-26 22:22:55,115,B+2.5,14,True,False,False,,-1,29.6626,2000
2026-06-26 22:23:28,124,B+4.5,18,True,False,False,,-1,29.6827,2000
2026-06-26 22:23:43,52,W+11.5,2,True,False,False,,-1,29.4259,2000
2026-06-26 22:24:18,149,B+1.5,18,True,False,False,,-1,29.3478,2000
2026-06-26 22:24:44,97,B+2.5,8,True,False,False,,-1,29.3069,2000
2026-06-26 22:24:50,24,W+7.5,2,True,False,False,,-1,29.0912,2000
2026-06-26 22:24:58,34,W+7.5,2,True,False,False,,-1,28.9412,2000
2026-06-26 22:25:27,116,W+2.5,17,True,False,False,,-1,28.8885,2000
2026-06-26 22:25:53,111,W+2.5,10,True,False,False,,-1,28.8311,2000
2026-06-26 22:26:16,84,B+4.5,4,True,False,False,,-1,28.9655,2000
2026-06-26 22:26:53,143,B+1.5,25,True,False,False,,-1,29.0021,2000
2026-06-26 22:27:29,146,B+2.5,32,True,False,False,,-1,29.0855,2000
2026-06-26 22:28:00,118,B+2.5,18,True,False,False,,-1,29.0733,2000
2026-06-26 22:28:30,113,W+0.5,16,True,False,False,,-1,28.9812,2000
2026-06-26 22:28:56,97,B+1.5,7,True,False,False,,-1,28.8587,2000
2026-06-26 22:29:22,102,B+0.5,10,True,False,False,,-1,28.7371,2000
2026-06-26 22:30:04,162,W+1.5,34,True,False,False,,-1,28.9029,2000
2026-06-26 22:30:16,44,W+10.5,2,True,False,False,,-1,28.7129,2000
2026-06-26 22:30:40,92,B+3.5,5,True,False,False,,-1,28.8981,2000
2026-06-26 22:31:04,101,B+3.5,13,True,False,False,,-1,28.8249,2000
2026-06-26 22:31:35,117,W+1.5,13,True,False,False,,-1,28.8725,2000
2026-06-26 22:32:11,142,B+3.5,19,True,False,False,,-1,28.9863,2000
2026-06-26 22:32:38,106,W+2.5,12,True,False,False,,-1,28.9824,2000
2026-06-26 22:33:15,137,W+0.5,28,True,False,False,,-1,29.0812,2000
2026-06-26 22:33:48,140,B+2.5,19,True,False,False,,-1,29.0811,2000
2026-06-26 22:34:16,112,B+2.5,10,True,False,False,,-1,29.1408,2000
2026-06-26 22:34:51,135,W+2.5,19,True,False,False,,-1,29.1554,2000
2026-06-26 22:35:28,154,B+0.5,34,True,False,False,,-1,29.1395,2000
2026-06-26 22:35:55,108,B+4.5,9,True,False,False,,-1,29.0852,2000
2026-06-26 22:36:37,162,B+28.5,33,True,False,False,,-1,29.2201,2000
2026-06-26 22:37:19,162,W+7.5,40,True,False,False,,-1,29.3386,2000
2026-06-26 22:37:52,120,B+1.5,14,True,False,False,,-1,29.4184,2000
2026-06-26 22:38:21,111,W+1.5,19,True,False,False,,-1,29.4522,2000
2026-06-26 22:38:46,97,B+3.5,9,True,False,False,,-1,29.4188,2000
2026-06-26 22:39:18,118,B+5.5,16,True,False,False,,-1,29.4351,2000
2026-06-26 22:39:51,123,B+1.5,22,True,False,False,,-1,29.7076,2000
2026-06-26 22:40:26,137,B+0.5,23,True,False,False,,-1,29.7914,2000
2026-06-26 22:40:43,61,B+0.5,6,True,False,False,,-1,29.7343,2000
2026-06-26 22:41:17,125,B+0.5,14,True,False,False,,-1,29.8225,2000
2026-06-26 22:41:56,146,B+5.5,30,True,False,False,,-1,29.8958,2000
2026-06-26 22:42:23,98,B+2.5,15,True,False,False,,-1,29.8027,2000
2026-06-26 22:42:55,120,B+5.5,20,True,False,False,,-1,29.8774,2000
2026-06-26 22:43:23,107,W+2.5,12,True,False,False,,-1,29.8441,2000
2026-06-26 22:44:06,157,B+1.5,23,True,False,False,,-1,29.9113,2000
2026-06-26 22:44:34,110,W+0.5,17,True,False,False,,-1,29.8016,2000
2026-06-26 22:45:01,103,B+1.5,12,True,False,False,,-1,29.7305,2000
2026-06-26 22:45:35,133,B+0.5,20,True,False,False,,-1,29.6901,2000
2026-06-26 22:46:05,118,B+2.5,19,True,False,False,,-1,29.6466,2000
2026-06-26 22:46:37,134,B+3.5,24,True,False,False,,-1,29.6608,2000
2026-06-26 22:46:43,22,W+7.5,2,True,False,False,,-1,29.4062,2000
2026-06-26 22:47:22,162,B+49.5,27,True,False,False,,-1,29.377,2000
2026-06-26 22:47:48,98,B+3.5,13,True,False,False,,-1,29.2451,2000
2026-06-26 22:48:16,106,B+1.5,20,True,False,False,,-1,29.3518,2000
2026-06-26 22:48:39,83,B+6.5,5,True,False,False,,-1,29.3038,2000
2026-06-26 22:49:01,77,B+3.5,3,True,False,False,,-1,29.1866,2000
2026-06-26 22:49:34,123,W+0.5,21,True,False,False,,-1,29.2156,2000
2026-06-26 22:50:13,160,B+4.5,30,True,False,False,,-1,29.2041,2000
2026-06-26 22:50:37,100,B+1.5,6,True,False,False,,-1,29.0274,2000
2026-06-26 22:51:09,118,B+5.5,9,True,False,False,,-1,29.1045,2000
2026-06-26 22:51:49,159,B+0.5,15,True,False,False,,-1,29.1057,2000
2026-06-26 22:52:14,102,B+4.5,12,True,False,False,,-1,29.2791,2000
2026-06-26 22:52:38,92,W+0.5,8,True,False,False,,-1,29.2089,2000
2026-06-26 22:53:06,103,W+4.5,12,True,False,False,,-1,29.1684,2000
2026-06-26 22:53:47,162,B+3.5,38,True,False,False,,-1,29.2106,2000
2026-06-26 22:54:22,133,B+1.5,24,True,False,False,,-1,29.3024,2000
2026-06-26 22:54:56,139,W+14.5,17,True,False,False,,-1,29.3079,2000
2026-06-26 22:55:24,108,B+2.5,14,True,False,False,,-1,29.366,2000
2026-06-26 22:55:52,115,W+4.5,20,True,False,False,,-1,29.4891,2000
2026-06-26 22:56:28,127,B+5.5,18,True,False,False,,-1,29.6006,2000
2026-06-26 22:57:02,142,B+1.5,26,True,False,False,,-1,29.7588,2000
2026-06-26 22:57:29,99,B+0.5,11,True,False,False,,-1,29.7254,2000
2026-06-26 22:57:58,130,B+0.5,22,True,False,False,,-1,29.678,2000
2026-06-26 22:58:22,99,B+4.5,10,True,False,False,,-1,29.5488,2000
2026-06-26 22:58:47,99,B+0.5,8,True,False,False,,-1,29.5457,2000
2026-06-26 22:59:05,63,B+3.5,3,True,False,False,,-1,29.4505,2000
2026-06-26 22:59:34,115,B+3.5,11,True,False,False,,-1,29.3958,2000
2026-06-26 22:59:57,93,W+3.5,14,True,False,False,,-1,29.2882,2000
2026-06-26 23:00:24,105,W+2.5,12,True,False,False,,-1,29.2305,2000
2026-06-26 23:00:50,100,B+1.5,9,True,False,False,,-1,29.1486,2000
2026-06-26 23:01:16,96,B+3.5,9,True,False,False,,-1,29.1518,2000
2026-06-26 23:01:52,129,W+5.5,21,True,False,False,,-1,29.1912,2000
2026-06-26 23:01:57,22,W+7.5,2,True,False,False,,-1,29.1508,2000
2026-06-26 23:02:22,95,W+2.5,7,True,False,False,,-1,29.1338,2000
2026-06-26 23:02:53,114,B+2.5,9,True,False,False,,-1,29.1192,2000
2026-06-26 23:03:17,89,B+2.5,7,True,False,False,,-1,29.0987,2000
2026-06-26 23:03:50,139,W+1.5,27,True,False,False,,-1,29.0319,2000
2026-06-26 23:04:24,131,W+2.5,27,True,False,False,,-1,28.9948,2000
2026-06-26 23:04:48,90,B+8.5,8,True,False,False,,-1,28.8725,2000
2026-06-26 23:05:20,126,B+1.5,14,True,False,False,,-1,28.9408,2000
2026-06-26 23:05:45,103,W+3.5,18,True,False,False,,-1,28.793,2000
2026-06-26 23:06:10,96,B+0.5,7,True,False,False,,-1,28.6968,2000
2026-06-26 23:06:45,133,B+1.5,25,True,False,False,,-1,28.6939,2000
2026-06-26 23:07:13,111,W+1.5,13,True,False,False,,-1,28.6839,2000
2026-06-26 23:07:38,105,W+1.5,13,True,False,False,,-1,28.6333,2000
2026-06-26 23:08:07,123,W+3.5,18,True,False,False,,-1,28.66,2000
2026-06-26 23:08:42,149,B+3.5,28,True,False,False,,-1,28.7809,2000
2026-06-26 23:09:07,103,B+2.5,18,True,False,False,,-1,28.9108,2000
2026-06-26 23:09:35,109,W+0.5,11,True,False,False,,-1,28.8768,2000
2026-06-26 23:10:03,106,B+4.5,10,True,False,False,,-1,28.8217,2000
2026-06-26 23:10:32,112,W+0.5,16,True,False,False,,-1,28.8617,2000
2026-06-26 23:11:11,161,B+2.5,36,True,False,False,,-1,28.9536,2000
2026-06-26 23:11:45,130,B+2.5,25,True,False,False,,-1,28.9661,2000
2026-06-26 23:12:11,99,W+1.5,12,True,False,False,,-1,29.0785,2000
2026-06-26 23:12:36,100,B+2.5,14,True,False,False,,-1,28.9799,2000
2026-06-26 23:13:06,111,B+0.5,8,True,False,False,,-1,29.0106,2000
2026-06-26 23:13:14,30,W+7.5,2,True,False,False,,-1,29.0417,2000
2026-06-26 23:13:40,104,B+9.5,20,True,False,False,,-1,29.2222,2000
2026-06-26 23:14:10,121,B+1.5,10,True,False,False,,-1,29.2191,2000
2026-06-26 23:14:36,100,B+2.5,9,True,False,False,,-1,29.2271,2000
2026-06-26 23:15:03,103,B+2.5,16,True,False,False,,-1,29.2595,2000
2026-06-26 23:15:40,146,W+2.5,27,True,False,False,,-1,29.2719,2000
2026-06-26 23:16:10,112,B+4.5,13,True,False,False,,-1,29.2045,2000
2026-06-26 23:16:42,117,W+2.5,15,True,False,False,,-1,29.2169,2000
2026-06-26 23:17:14,123,W+3.5,14,True,False,False,,-1,29.2371,2000
2026-06-26 23:17:51,147,W+2.5,28,True,False,False,,-1,29.3426,2000
2026-06-26 23:18:17,106,B+1.5,13,True,False,False,,-1,29.3444,2000
2026-06-26 23:18:45,111,W+0.5,14,True,False,False,,-1,29.2034,2000
2026-06-26 23:19:17,107,W+0.5,12,True,False,False,,-1,29.4034,2000
2026-06-26 23:19:46,123,W+0.5,21,True,False,False,,-1,29.4528,2000
2026-06-26 23:20:09,100,W+0.5,9,True,False,False,,-1,29.4515,2000
2026-06-26 23:20:47,162,W+2.5,25,True,False,False,,-1,29.5119,2000
2026-06-26 23:21:22,132,B+3.5,11,True,False,False,,-1,29.5036,2000
2026-06-26 23:21:47,104,W+3.5,16,True,False,False,,-1,29.4861,2000
2026-06-26 23:22:16,118,B+0.5,11,True,False,False,,-1,29.4081,2000
2026-06-26 23:22:49,121,W+7.5,14,True,False,False,,-1,29.4041,2000
2026-06-26 23:23:20,124,B+0.5,22,True,False,False,,-1,29.4347,2000
2026-06-26 23:23:51,116,B+0.5,17,True,False,False,,-1,29.3992,2000
2026-06-26 23:24:20,115,W+0.5,22,True,False,False,,-1,29.3186,2000
2026-06-26 23:24:51,111,B+3.5,12,True,False,False,,-1,29.3504,2000
2026-06-26 23:25:20,117,B+4.5,15,True,False,False,,-1,29.2205,2000
2026-06-26 23:25:56,133,W+0.5,22,True,False,False,,-1,29.1641,2000
2026-06-26 23:26:25,117,B+0.5,20,True,False,False,,-1,29.1332,2000
2026-06-26 23:26:56,112,B+2.5,18,True,False,False,,-1,29.1482,2000
2026-06-26 23:27:30,141,W+5.5,19,True,False,False,,-1,29.2448,2000
2026-06-26 23:28:03,131,W+4.5,21,True,False,False,,-1,29.2473,2000
2026-06-26 23:28:29,105,B+3.5,8,True,False,False,,-1,29.1756,2000
2026-06-26 23:28:54,101,W+2.5,8,True,False,False,,-1,29.0748,2000
2026-06-26 23:29:32,133,W+2.5,22,True,False,False,,-1,29.2907,2000
2026-06-26 23:29:46,54,W+6.5,3,True,False,False,,-1,29.0808,2000
2026-06-26 23:30:20,144,B+2.5,27,True,False,False,,-1,29.0395,2000
2026-06-26 23:30:51,124,W+2.5,22,True,False,False,,-1,29.0803,2000
2026-06-26 23:31:18,113,B+5.5,16,True,False,False,,-1,29.0262,2000
2026-06-26 23:31:49,115,B+2.5,15,True,False,False,,-1,29.0601,2000
2026-06-26 23:32:18,117,W+0.5,18,True,False,False,,-1,28.9269,2000
2026-06-26 23:32:44,101,W+0.5,13,True,False,False,,-1,28.8978,2000
2026-06-26 23:33:15,111,W+3.5,13,True,False,False,,-1,28.9302,2000
2026-06-26 23:33:39,95,B+0.5,7,True,False,False,,-1,28.8369,2000
2026-06-26 23:34:11,116,W+0.5,17,True,False,False,,-1,28.8572,2000
2026-06-26 23:34:39,109,W+0.5,15,True,False,False,,-1,28.8181,2000
2026-06-26 23:35:16,139,W+3.5,27,True,False,False,,-1,29.1344,2000
2026-06-26 23:35:44,109,W+2.5,15,True,False,False,,-1,29.0138,2000
2026-06-26 23:36:16,126,B+1.5,26,True,False,False,,-1,29.0814,2000
2026-06-26 23:36:51,130,B+2.5,21,True,False,False,,-1,29.1417,2000
2026-06-26 23:37:26,155,W+0.5,26,True,False,False,,-1,29.2679,2000
2026-06-26 23:37:59,131,W+0.5,21,True,False,False,,-1,29.3816,2000
2026-06-26 23:38:06,28,W+9.5,2,True,False,False,,-1,29.1201,2000
2026-06-26 23:38:40,125,W+0.5,18,True,False,False,,-1,29.0641,2000
2026-06-26 23:39:11,113,W+1.5,18,True,False,False,,-1,29.1415,2000
2026-06-26 23:39:39,111,W+0.5,13,True,False,False,,-1,29.0952,2000
2026-06-26 23:40:06,106,B+2.5,18,True,False,False,,-1,28.9678,2000
2026-06-26 23:40:33,103,B+5.5,8,True,False,False,,-1,28.9848,2000
2026-06-26 23:41:00,97,B+2.5,9,True,False,False,,-1,29.0106,2000
2026-06-26 23:41:33,129,W+0.5,15,True,False,False,,-1,29.0764,2000
2026-06-26 23:42:00,96,B+2.5,8,True,False,False,,-1,28.9254,2000
2026-06-26 23:42:28,104,W+3.5,11,True,False,False,,-1,28.859,2000
2026-06-26 23:43:10,162,B+34.5,20,True,False,False,,-1,28.9368,2000
2026-06-26 23:43:44,121,W+0.5,15,True,False,False,,-1,28.9945,2000
2026-06-26 23:44:25,162,B+16.5,34,True,False,False,,-1,29.1242,2000
2026-06-26 23:45:02,147,W+0.5,28,True,False,False,,-1,29.1427,2000
2026-06-26 23:45:08,22,W+7.5,2,True,False,False,,-1,28.8513,2000
2026-06-26 23:45:32,95,W+2.5,7,True,False,False,,-1,28.8266,2000
2026-06-26 23:45:40,32,W+6.5,2,True,False,False,,-1,28.6134,2000
2026-06-26 23:46:05,94,B+3.5,7,True,False,False,,-1,28.6273,2000
2026-06-26 23:46:33,107,W+0.5,15,True,False,False,,-1,28.6631,2000
2026-06-26 23:47:01,110,B+1.5,17,True,False,False,,-1,28.7573,2000
2026-06-26 23:47:40,162,B+6.5,30,True,False,False,,-1,28.8623,2000
2026-06-26 23:48:06,99,W+2.5,12,True,False,False,,-1,28.8927,2000
2026-06-26 23:48:37,124,B+0.5,18,True,False,False,,-1,28.9309,2000
2026-06-26 23:49:00,88,B+4.5,7,True,False,False,,-1,28.9017,2000
2026-06-26 23:49:27,100,B+6.5,10,True,False,False,,-1,28.9087,2000
2026-06-26 23:49:51,93,W+6.5,12,True,False,False,,-1,28.7948,2000
2026-06-26 23:50:18,104,B+0.5,9,True,False,False,,-1,29.0047,2000
2026-06-26 23:50:51,123,W+7.5,16,True,False,False,,-1,29.0868,2000
2026-06-26 23:51:17,99,B+3.5,13,True,False,False,,-1,29.0365,2000
2026-06-26 23:51:49,126,B+4.5,15,True,False,False,,-1,29.1193,2000
2026-06-26 23:52:16,106,B+1.5,10,True,False,False,,-1,29.0601,2000
2026-06-26 23:52:40,95,W+1.5,12,True,False,False,,-1,28.9635,2000
2026-06-26 23:53:06,99,W+2.5,13,True,False,False,,-1,28.9826,2000
2026-06-26 23:53:31,98,B+1.5,9,True,False,False,,-1,28.9014,2000
2026-06-26 23:53:58,102,B+0.5,11,True,False,False,,-1,28.9321,2000
2026-06-26 23:54:32,136,B+2.5,24,True,False,False,,-1,29.0106,2000
2026-06-26 23:55:04,131,B+5.5,15,True,False,False,,-1,28.9891,2000
2026-06-26 23:55:28,91,B+2.5,7,True,False,False,,-1,28.9528,2000
2026-06-26 23:56:00,130,B+3.5,25,True,False,False,,-1,29.0196,2000
2026-06-26 23:56:36,139,W+7.5,27,True,False,False,,-1,29.0793,2000
2026-06-26 23:57:14,162,W+18.5,26,True,False,False,,-1,29.1134,2000
2026-06-26 23:57:42,110,B+6.5,18,True,False,False,,-1,29.1485,2000
2026-06-26 23:58:27,162,B+19.5,30,True,False,False,,-1,29.319,2000
2026-06-26 23:58:56,114,B+2.5,14,True,False,False,,-1,29.3305,2000
2026-06-26 23:59:24,106,B+0.5,11,True,False,False,,-1,29.3165,2000
2026-06-26 23:59:55,122,B+2.5,18,True,False,False,,-1,29.2377,2000
2026-06-27 00:00:31,161,W+1.5,25,True,False,False,,-1,29.2542,2000
2026-06-27 00:00:41,46,W+9.5,3,True,False,False,,-1,29.1021,2000
2026-06-27 00:01:23,162,W+1.5,25,True,False,False,,-1,29.2653,2000
2026-06-27 00:01:53,119,W+0.5,21,True,False,False,,-1,29.2706,2000
2026-06-27 00:02:25,116,W+2.5,16,True,False,False,,-1,29.508,2000
2026-06-27 00:03:04,162,W+3.5,27,True,False,False,,-1,29.6341,2000
2026-06-27 00:03:35,117,W+1.5,17,True,False,False,,-1,29.656,2000
2026-06-27 00:04:02,97,W+1.5,13,True,False,False,,-1,29.6518,2000
2026-06-27 00:04:29,101,B+2.5,7,True,False,False,,-1,29.6599,2000
2026-06-27 00:04:57,97,W+3.5,8,True,False,False,,-1,29.5649,2000
2026-06-27 00:05:27,124,W+0.5,20,True,False,False,,-1,29.5645,2000
2026-06-27 00:05:55,102,B+2.5,7,True,False,False,,-1,29.524,2000
2026-06-27 00:06:19,99,B+1.5,12,True,False,False,,-1,29.4541,2000
2026-06-27 00:06:47,101,B+1.5,11,True,False,False,,-1,29.3538,2000
2026-06-27 00:07:25,144,B+1.5,31,True,False,False,,-1,29.4749,2000
2026-06-27 00:08:00,146,B+7.5,27,True,False,False,,-1,29.5527,2000
2026-06-27 00:08:28,114,B+1.5,16,True,False,False,,-1,29.5133,2000
2026-06-27 00:08:59,107,B+4.5,14,True,False,False,,-1,29.5246,2000
2026-06-27 00:09:05,24,W+7.5,2,True,False,False,,-1,29.358,2000
2026-06-27 00:09:27,80,W+5.5,6,True,False,False,,-1,29.1991,2000
2026-06-27 00:10:07,162,B+3.5,32,True,False,False,,-1,29.2556,2000
2026-06-27 00:10:43,139,B+0.5,17,True,False,False,,-1,29.3609,2000
2026-06-27 00:11:16,129,B+2.5,17,True,False,False,,-1,29.3955,2000
2026-06-27 00:11:44,108,B+0.5,16,True,False,False,,-1,29.3484,2000
2026-06-27 00:12:11,113,B+4.5,16,True,False,False,,-1,29.31,2000
2026-06-27 00:12:45,133,W+0.5,18,True,False,False,,-1,29.3392,2000
2026-06-27 00:13:13,115,W+0.5,16,True,False,False,,-1,29.3274,2000
2026-06-27 00:13:49,146,W+1.5,26,True,False,False,,-1,29.3774,2000
2026-06-27 00:14:30,162,W+0.5,24,True,False,False,,-1,29.5026,2000
2026-06-27 00:15:01,120,B+4.5,16,True,False,False,,-1,29.4508,2000
2026-06-27 00:15:29,106,B+5.5,16,True,False,False,,-1,29.4301,2000
2026-06-27 00:16:03,139,W+0.5,25,True,False,False,,-1,29.4711,2000
2026-06-27 00:16:35,130,W+1.5,24,True,False,False,,-1,29.4446,2000
2026-06-27 00:17:04,116,B+0.5,16,True,False,False,,-1,29.4069,2000
2026-06-27 00:17:38,139,B+0.5,21,True,False,False,,-1,29.4918,2000
2026-06-27 00:18:16,150,B+7.5,25,True,False,False,,-1,29.614,2000
2026-06-27 00:18:43,100,B+2.5,9,True,False,False,,-1,29.5109,2000
2026-06-27 00:19:16,117,W+0.5,13,True,False,False,,-1,29.6959,2000
2026-06-27 00:19:43,110,B+0.5,11,True,False,False,,-1,29.6241,2000
2026-06-27 00:19:52,36,W+8.5,2,True,False,False,,-1,29.4037,2000
2026-06-27 00:20:26,133,W+5.5,27,True,False,False,,-1,29.4788,2000
2026-06-27 00:20:55,112,B+10.5,18,True,False,False,,-1,29.4547,2000
2026-06-27 00:21:24,109,W+1.5,9,True,False,False,,-1,29.4501,2000
2026-06-27 00:21:51,119,W+2.5,21,True,False,False,,-1,29.4676,2000
2026-06-27 00:22:22,115,B+0.5,9,True,False,False,,-1,29.4683,2000
2026-06-27 00:22:49,108,B+0.5,11,True,False,False,,-1,29.4985,2000
2026-06-27 00:23:17,114,B+4.5,15,True,False,False,,-1,29.4555,2000
2026-06-27 00:23:46,115,B+3.5,14,True,False,False,,-1,29.4676,2000
2026-06-27 00:24:20,125,W+2.5,18,True,False,False,,-1,29.4317,2000
2026-06-27 00:24:50,122,B+1.5,18,True,False,False,,-1,29.4626,2000
2026-06-27 00:25:17,111,B+2.5,19,True,False,False,,-1,29.4013,2000
2026-06-27 00:25:48,126,B+4.5,24,True,False,False,,-1,29.376,2000
2026-06-27 00:26:16,105,W+3.5,13,True,False,False,,-1,29.2995,2000
2026-06-27 00:26:49,128,W+2.5,24,True,False,False,,-1,29.2947,2000
2026-06-27 00:27:22,129,B+1.5,18,True,False,False,,-1,29.5584,2000
2026-06-27 00:27:56,126,B+1.5,15,True,False,False,,-1,29.5559,2000
2026-06-27 00:28:28,123,W+1.5,25,True,False,False,,-1,29.5677,2000
2026-06-27 00:28:45,67,B+0.5,3,True,False,False,,-1,29.4526,2000
2026-06-27 00:29:00,51,B+1.5,2,True,False,False,,-1,29.3355,2000
2026-06-27 00:29:29,105,B+0.5,17,True,False,False,,-1,29.3571,2000
2026-06-27 00:30:04,140,B+3.5,24,True,False,False,,-1,29.4449,2000
2026-06-27 00:30:26,93,B+3.5,13,True,False,False,,-1,29.3217,2000
2026-06-27 00:30:39,55,B+0.5,5,True,False,False,,-1,29.1859,2000
2026-06-27 00:31:19,159,W+13.5,34,True,False,False,,-1,29.3101,2000
2026-06-27 00:31:56,162,B+7.5,35,True,False,False,,-1,29.2558,2000
2026-06-27 00:32:24,106,B+2.5,9,True,False,False,,-1,29.202,2000
2026-06-27 00:33:03,148,B+14.5,27,True,False,False,,-1,29.1766,2000
2026-06-27 00:33:35,123,B+3.5,22,True,False,False,,-1,29.1204,2000
2026-06-27 00:34:03,108,W+0.5,13,True,False,False,,-1,29.3463,2000
2026-06-27 00:34:34,126,W+2.5,18,True,False,False,,-1,29.4173,2000
2026-06-27 00:35:05,112,B+2.5,16,True,False,False,,-1,29.6487,2000
2026-06-27 00:35:29,104,B+1.5,8,True,False,False,,-1,29.6395,2000
2026-06-27 00:36:08,145,W+7.5,29,True,False,False,,-1,29.744,2000
2026-06-27 00:36:33,94,B+2.5,6,True,False,False,,-1,29.7195,2000
2026-06-27 00:36:44,42,W+5.5,2,True,False,False,,-1,29.4338,2000
2026-06-27 00:37:14,121,B+1.5,15,True,False,False,,-1,29.476,2000
2026-06-27 00:37:54,160,B+3.5,30,True,False,False,,-1,29.5684,2000
2026-06-27 00:38:25,114,B+2.5,15,True,False,False,,-1,29.6478,2000
2026-06-27 00:38:44,65,B+0.5,5,True,False,False,,-1,29.5674,2000
2026-06-27 00:39:11,111,W+1.5,17,True,False,False,,-1,29.5969,2000
2026-06-27 00:39:44,129,B+1.5,24,True,False,False,,-1,29.6551,2000
2026-06-27 00:40:08,94,W+0.5,11,True,False,False,,-1,29.5698,2000
2026-06-27 00:40:39,122,W+2.5,12,True,False,False,,-1,29.624,2000
2026-06-27 00:41:09,123,B+3.5,20,True,False,False,,-1,29.5989,2000
2026-06-27 00:41:25,57,B+0.5,6,True,False,False,,-1,29.4887,2000
2026-06-27 00:41:48,90,B+2.5,9,True,False,False,,-1,29.4768,2000
2026-06-27 00:42:14,102,W+0.5,11,True,False,False,,-1,29.4784,2000
2026-06-27 00:42:45,118,B+1.5,18,True,False,False,,-1,29.5364,2000
2026-06-27 00:43:11,108,W+4.5,15,True,False,False,,-1,29.5268,2000
2026-06-27 00:43:55,161,B+1.5,27,True,False,False,,-1,29.6268,2000
2026-06-27 00:44:20,97,B+5.5,10,True,False,False,,-1,29.5585,2000
2026-06-27 00:44:42,78,W+7.5,8,True,False,False,,-1,29.5328,2000
2026-06-27 00:44:48,22,W+7.5,2,True,False,False,,-1,29.275,2000
2026-06-27 00:45:18,112,B+6.5,12,True,False,False,,-1,29.221,2000
2026-06-27 00:45:56,138,B+6.5,19,True,False,False,,-1,29.2212,2000
2026-06-27 00:46:22,101,B+5.5,13,True,False,False,,-1,29.1915,2000
2026-06-27 00:46:53,117,W+6.5,20,True,False,False,,-1,29.0554,2000
2026-06-27 00:47:25,117,W+5.5,12,True,False,False,,-1,29.0823,2000
2026-06-27 00:48:04,161,W+4.5,26,True,False,False,,-1,29.2027,2000
2026-06-27 00:48:32,110,B+1.5,17,True,False,False,,-1,29.1675,2000
2026-06-27 00:48:38,24,W+7.5,2,True,False,False,,-1,28.872,2000
2026-06-27 00:49:05,101,B+4.5,11,True,False,False,,-1,29.034,2000
2026-06-27 00:49:33,107,W+3.5,11,True,False,False,,-1,28.9,2000
2026-06-27 00:50:08,131,W+0.5,21,True,False,False,,-1,28.945,2000
2026-06-27 00:50:48,156,B+0.5,30,True,False,False,,-1,29.0304,2000
2026-06-27 00:51:19,120,W+2.5,16,True,False,False,,-1,28.947,2000
2026-06-27 00:51:45,102,B+2.5,14,True,False,False,,-1,28.8942,2000
2026-06-27 00:52:23,159,W+2.5,32,True,False,False,,-1,29.0133,2000
2026-06-27 00:54:48,57,B+0.5,7,True,False,False,,-1,28.8999,3000
2026-06-27 00:55:13,111,B+0.5,19,True,False,False,,-1,28.8582,3000
2026-06-27 00:55:48,136,B+7.5,29,True,False,False,,-1,28.9284,3000
2026-06-27 00:56:16,100,B+1.5,7,True,False,False,,-1,28.9565,3000
2026-06-27 00:56:45,107,W+0.5,14,True,False,False,,-1,28.9763,3000
2026-06-27 00:57:10,105,W+4.5,18,True,False,False,,-1,28.8419,3000
2026-06-27 00:57:26,62,B+6.5,5,True,False,False,,-1,28.6482,3000
2026-06-27 00:57:38,51,B+1.5,2,True,False,False,,-1,28.4921,3000
2026-06-27 00:58:05,110,B+1.5,13,True,False,False,,-1,28.4595,3000
2026-06-27 00:58:17,53,B+4.5,7,True,False,False,,-1,28.5118,3000
2026-06-27 00:58:59,148,W+0.5,29,True,False,False,,-1,28.7107,3000
2026-06-27 00:59:27,126,B+2.5,21,True,False,False,,-1,28.5875,3000
2026-06-27 00:59:54,107,B+0.5,12,True,False,False,,-1,28.5032,3000
2026-06-27 01:00:17,105,B+1.5,12,True,False,False,,-1,28.4066,3000
2026-06-27 01:00:50,137,B+0.5,25,True,False,False,,-1,28.4552,3000
2026-06-27 01:01:13,95,B+0.5,13,True,False,False,,-1,28.4143,3000
2026-06-27 01:01:39,101,B+7.5,6,True,False,False,,-1,28.332,3000
2026-06-27 01:02:18,160,B+5.5,29,True,False,False,,-1,28.4413,3000
2026-06-27 01:02:51,128,W+3.5,22,True,False,False,,-1,28.4149,3000
2026-06-27 01:03:21,124,B+2.5,22,True,False,False,,-1,28.3035,3000
2026-06-27 01:03:34,53,B+0.5,7,True,False,False,,-1,28.1193,3000
2026-06-27 01:03:47,49,B+1.5,6,True,False,False,,-1,27.9782,3000
2026-06-27 01:04:16,120,B+1.5,22,True,False,False,,-1,27.925,3000
2026-06-27 01:04:45,112,B+4.5,18,True,False,False,,-1,27.8971,3000
2026-06-27 01:05:15,122,B+2.5,20,True,False,False,,-1,27.9027,3000
2026-06-27 01:05:41,110,B+6.5,15,True,False,False,,-1,27.8188,3000
2026-06-27 01:05:57,57,B+0.5,4,True,False,False,,-1,27.605,3000
2026-06-27 01:06:22,103,B+2.5,11,True,False,False,,-1,27.5785,3000
2026-06-27 01:06:49,111,B+5.5,8,True,False,False,,-1,27.5323,3000
2026-06-27 01:07:19,119,B+1.5,22,True,False,False,,-1,27.5568,3000
2026-06-27 01:07:44,103,B+3.5,9,True,False,False,,-1,27.7138,3000
2026-06-27 01:08:24,158,B+0.5,31,True,False,False,,-1,27.7675,3000
2026-06-27 01:08:53,115,W+1.5,15,True,False,False,,-1,27.774,3000
2026-06-27 01:09:25,132,B+4.5,20,True,False,False,,-1,27.8109,3000
2026-06-27 01:09:51,102,B+5.5,11,True,False,False,,-1,27.7946,3000
2026-06-27 01:10:17,101,B+2.5,11,True,False,False,,-1,27.7482,3000
2026-06-27 01:10:43,108,B+0.5,14,True,False,False,,-1,27.7329,3000
2026-06-27 01:11:20,161,B+0.5,30,True,False,False,,-1,27.8268,3000
2026-06-27 01:11:51,117,W+2.5,14,True,False,False,,-1,27.8493,3000
2026-06-27 01:12:17,115,B+3.5,23,True,False,False,,-1,27.7719,3000
2026-06-27 01:12:45,102,B+1.5,16,True,False,False,,-1,27.7392,3000
2026-06-27 01:13:11,93,B+3.5,13,True,False,False,,-1,27.7357,3000
2026-06-27 01:13:43,133,B+1.5,20,True,False,False,,-1,27.7405,3000
2026-06-27 01:14:21,162,W+2.5,36,True,False,False,,-1,27.8395,3000
2026-06-27 01:14:52,127,W+0.5,24,True,False,False,,-1,27.8208,3000
2026-06-27 01:15:22,117,W+2.5,17,True,False,False,,-1,27.794,3000
2026-06-27 01:15:56,162,B+0.5,22,True,False,False,,-1,27.7921,3000
2026-06-27 01:16:24,125,B+3.5,26,True,False,False,,-1,27.747,3000
2026-06-27 01:17:02,162,W+3.5,42,True,False,False,,-1,27.9617,3000
2026-06-27 01:17:33,132,B+4.5,20,True,False,False,,-1,28.1252,3000
2026-06-27 01:17:58,99,B+2.5,14,True,False,False,,-1,28.0887,3000
2026-06-27 01:18:23,105,W+1.5,14,True,False,False,,-1,27.9809,3000
2026-06-27 01:18:49,108,B+4.5,15,True,False,False,,-1,28.0216,3000
2026-06-27 01:19:18,116,B+0.5,20,True,False,False,,-1,28.1796,3000
2026-06-27 01:19:45,110,B+0.5,21,True,False,False,,-1,28.0561,3000
2026-06-27 01:20:01,59,B+2.5,9,True,False,False,,-1,27.8436,3000
2026-06-27 01:20:27,109,W+1.5,17,True,False,False,,-1,27.8149,3000
2026-06-27 01:21:03,162,B+1.5,38,True,False,False,,-1,27.7933,3000
2026-06-27 01:21:33,113,B+0.5,16,True,False,False,,-1,27.7726,3000
2026-06-27 01:22:03,129,B+2.5,26,True,False,False,,-1,27.7998,3000
2026-06-27 01:22:26,99,B+0.5,13,True,False,False,,-1,27.721,3000
2026-06-27 01:22:58,124,B+2.5,21,True,False,False,,-1,27.7282,3000
2026-06-27 01:23:24,100,B+4.5,16,True,False,False,,-1,27.7455,3000
2026-06-27 01:23:57,135,W+1.5,25,True,False,False,,-1,27.6816,3000
2026-06-27 01:24:23,114,B+1.5,17,True,False,False,,-1,27.6994,3000
2026-06-27 01:24:54,122,B+1.5,19,True,False,False,,-1,27.8982,3000
2026-06-27 01:25:24,129,B+0.5,29,True,False,False,,-1,27.8988,3000
2026-06-27 01:25:59,151,B+0.5,28,True,False,False,,-1,27.8424,3000
2026-06-27 01:26:35,147,W+15.5,29,True,False,False,,-1,27.8914,3000
2026-06-27 01:26:50,57,B+2.5,6,True,False,False,,-1,27.8559,3000
2026-06-27 01:27:24,136,B+1.5,20,True,False,False,,-1,27.9222,3000
2026-06-27 01:27:59,162,W+5.5,34,True,False,False,,-1,27.9402,3000
2026-06-27 01:28:31,118,B+1.5,16,True,False,False,,-1,28.0221,3000
2026-06-27 01:29:00,117,B+1.5,14,True,False,False,,-1,27.9997,3000
2026-06-27 01:29:27,117,W+1.5,11,True,False,False,,-1,27.9678,3000
2026-06-27 01:29:55,103,W+0.5,8,True,False,False,,-1,28.0898,3000
2026-06-27 01:30:24,119,W+2.5,21,True,False,False,,-1,28.1517,3000
2026-06-27 01:30:38,53,B+0.5,9,True,False,False,,-1,28.0356,3000
2026-06-27 01:31:05,104,B+2.5,16,True,False,False,,-1,27.9962,3000
2026-06-27 01:31:19,57,B+1.5,6,True,False,False,,-1,27.8757,3000
2026-06-27 01:31:49,120,W+0.5,21,True,False,False,,-1,27.7409,3000
2026-06-27 01:32:06,69,B+0.5,9,True,False,False,,-1,27.6558,3000
2026-06-27 01:32:41,149,W+9.5,27,True,False,False,,-1,27.7829,3000
2026-06-27 01:33:04,101,B+1.5,12,True,False,False,,-1,27.9511,3000
2026-06-27 01:33:25,81,B+2.5,15,True,False,False,,-1,27.8673,3000
2026-06-27 01:34:05,162,W+4.5,24,True,False,False,,-1,27.8834,3000
2026-06-27 01:34:30,103,B+5.5,15,True,False,False,,-1,27.8781,3000
2026-06-27 01:34:53,90,B+1.5,12,True,False,False,,-1,27.7909,3000
2026-06-27 01:35:15,88,B+1.5,5,True,False,False,,-1,27.6929,3000
2026-06-27 01:35:38,92,B+1.5,15,True,False,False,,-1,27.5257,3000
2026-06-27 01:36:08,130,B+2.5,25,True,False,False,,-1,27.5615,3000
2026-06-27 01:36:30,86,B+1.5,10,True,False,False,,-1,27.7114,3000
2026-06-27 01:37:01,119,W+1.5,13,True,False,False,,-1,27.7524,3000
2026-06-27 01:37:33,129,W+2.5,24,True,False,False,,-1,27.7968,3000
2026-06-27 01:37:50,69,B+0.5,10,True,False,False,,-1,27.6113,3000
2026-06-27 01:38:27,149,W+3.5,25,True,False,False,,-1,27.5796,3000
2026-06-27 01:38:47,91,B+2.5,11,True,False,False,,-1,27.4803,3000
2026-06-27 01:39:20,143,B+2.5,29,True,False,False,,-1,27.5381,3000
2026-06-27 01:39:47,119,B+4.5,26,True,False,False,,-1,27.4289,3000
2026-06-27 01:40:13,113,B+0.5,20,True,False,False,,-1,27.4345,3000
2026-06-27 01:40:33,83,B+1.5,10,True,False,False,,-1,27.4533,3000
2026-06-27 01:41:03,122,B+0.5,16,True,False,False,,-1,27.5006,3000
2026-06-27 01:41:27,97,B+1.5,13,True,False,False,,-1,27.3864,3000
2026-06-27 01:42:04,162,B+5.5,39,True,False,False,,-1,27.4791,3000
2026-06-27 01:42:19,63,B+0.5,9,True,False,False,,-1,27.3375,3000
2026-06-27 01:42:51,121,W+4.5,17,True,False,False,,-1,27.4142,3000
2026-06-27 01:43:23,117,W+1.5,15,True,False,False,,-1,27.5664,3000
2026-06-27 01:43:47,101,W+5.5,13,True,False,False,,-1,27.6887,3000
2026-06-27 01:44:10,97,W+4.5,13,True,False,False,,-1,27.6413,3000
2026-06-27 01:44:50,161,W+1.5,35,True,False,False,,-1,27.9249,3000
2026-06-27 01:45:21,108,B+0.5,14,True,False,False,,-1,27.8176,3000
2026-06-27 01:45:44,93,B+1.5,9,True,False,False,,-1,27.7745,3000
2026-06-27 01:46:06,93,B+2.5,13,True,False,False,,-1,27.7229,3000
2026-06-27 01:46:33,113,B+1.5,21,True,False,False,,-1,27.7568,3000
2026-06-27 01:47:02,117,W+0.5,13,True,False,False,,-1,27.718,3000
2026-06-27 01:47:27,110,B+4.5,20,True,False,False,,-1,27.7362,3000
2026-06-27 01:47:57,128,W+7.5,27,True,False,False,,-1,27.7802,3000
2026-06-27 01:48:37,162,B+7.5,31,True,False,False,,-1,27.7832,3000
2026-06-27 01:48:54,63,B+0.5,7,True,False,False,,-1,27.6267,3000
2026-06-27 01:49:21,99,W+1.5,10,True,False,False,,-1,27.5936,3000
2026-06-27 01:49:50,120,B+1.5,16,True,False,False,,-1,27.7614,3000
2026-06-27 01:50:17,96,B+1.5,11,True,False,False,,-1,27.897,3000
2026-06-27 01:50:48,121,W+0.5,21,True,False,False,,-1,27.9148,3000
2026-06-27 01:51:11,92,B+2.5,12,True,False,False,,-1,27.8488,3000
2026-06-27 01:51:35,102,B+6.5,15,True,False,False,,-1,27.8032,3000
2026-06-27 01:52:11,147,W+1.5,31,True,False,False,,-1,27.9019,3000
2026-06-27 01:52:44,136,B+3.5,15,True,False,False,,-1,28.0702,3000
2026-06-27 01:53:07,99,B+4.5,9,True,False,False,,-1,28.0522,3000
2026-06-27 01:53:36,111,W+0.5,18,True,False,False,,-1,28.0599,3000
2026-06-27 01:53:52,59,B+1.5,4,True,False,False,,-1,27.9203,3000
2026-06-27 01:54:16,102,B+1.5,18,True,False,False,,-1,27.9212,3000
2026-06-27 01:54:42,108,B+0.5,20,True,False,False,,-1,27.7775,3000
2026-06-27 01:54:56,53,B+1.5,8,True,False,False,,-1,27.6298,3000
2026-06-27 01:55:18,89,B+0.5,7,True,False,False,,-1,27.5268,3000
2026-06-27 01:55:34,59,B+1.5,2,True,False,False,,-1,27.4254,3000
2026-06-27 01:56:11,162,B+3.5,35,True,False,False,,-1,27.5415,3000
2026-06-27 01:56:33,89,B+1.5,11,True,False,False,,-1,27.4997,3000
2026-06-27 01:57:08,133,W+1.5,24,True,False,False,,-1,27.477,3000
2026-06-27 01:57:30,83,B+1.5,13,True,False,False,,-1,27.389,3000
2026-06-27 01:57:43,45,B+0.5,4,True,False,False,,-1,27.2497,3000
2026-06-27 01:57:56,49,B+0.5,4,True,False,False,,-1,27.1069,3000
2026-06-27 01:58:23,105,B+4.5,18,True,False,False,,-1,27.1182,3000
2026-06-27 01:58:57,155,B+1.5,31,True,False,False,,-1,27.134,3000
2026-06-27 01:59:15,73,B+2.5,5,True,False,False,,-1,26.9419,3000
2026-06-27 01:59:38,85,W+0.5,8,True,False,False,,-1,26.8596,3000
2026-06-27 02:00:07,115,W+7.5,17,True,False,False,,-1,26.8454,3000
2026-06-27 02:00:29,92,B+4.5,13,True,False,False,,-1,26.7281,3000
2026-06-27 02:00:44,65,B+4.5,9,True,False,False,,-1,26.5995,3000
2026-06-27 02:01:15,118,B+1.5,16,True,False,False,,-1,26.5358,3000
2026-06-27 02:01:29,53,B+0.5,2,True,False,False,,-1,26.3644,3000
2026-06-27 02:01:51,93,W+0.5,10,True,False,False,,-1,26.3227,3000
2026-06-27 02:02:11,79,B+0.5,6,True,False,False,,-1,26.2813,3000
2026-06-27 02:02:41,111,W+2.5,16,True,False,False,,-1,26.3181,3000
2026-06-27 02:03:15,151,B+1.5,28,True,False,False,,-1,26.3705,3000
2026-06-27 02:03:54,162,W+3.5,23,True,False,False,,-1,26.4888,3000
2026-06-27 02:04:22,112,B+1.5,16,True,False,False,,-1,26.6071,3000
2026-06-27 02:04:53,123,B+2.5,18,True,False,False,,-1,26.6639,3000
2026-06-27 02:05:24,127,W+6.5,20,True,False,False,,-1,26.6094,3000
2026-06-27 02:05:38,53,B+4.5,7,True,False,False,,-1,26.4475,3000
2026-06-27 02:06:02,99,W+1.5,12,True,False,False,,-1,26.3847,3000
2026-06-27 02:06:30,116,W+2.5,22,True,False,False,,-1,26.4356,3000
2026-06-27 02:07:10,157,W+1.5,39,True,False,False,,-1,26.5154,3000
2026-06-27 02:07:38,108,B+0.5,10,True,False,False,,-1,26.5319,3000
2026-06-27 02:08:07,118,B+1.5,24,True,False,False,,-1,26.5044,3000
2026-06-27 02:08:29,87,B+3.5,8,True,False,False,,-1,26.4512,3000
2026-06-27 02:08:57,115,B+0.5,17,True,False,False,,-1,26.4198,3000
2026-06-27 02:09:22,105,W+0.5,17,True,False,False,,-1,26.3682,3000
2026-06-27 02:09:36,57,B+0.5,8,True,False,False,,-1,26.1682,3000
2026-06-27 02:09:59,88,B+1.5,13,True,False,False,,-1,26.0398,3000
2026-06-27 02:10:17,67,B+0.5,11,True,False,False,,-1,26.065,3000
2026-06-27 02:10:51,161,B+3.5,25,True,False,False,,-1,26.0716,3000
2026-06-27 02:11:30,162,W+7.5,28,True,False,False,,-1,26.1129,3000
2026-06-27 02:11:54,99,B+1.5,13,True,False,False,,-1,26.0298,3000
2026-06-27 02:12:19,105,W+3.5,12,True,False,False,,-1,25.989,3000
2026-06-27 02:12:53,137,W+4.5,29,True,False,False,,-1,26.0673,3000
2026-06-27 02:13:23,117,W+0.5,23,True,False,False,,-1,26.0779,3000
2026-06-27 02:13:53,117,B+3.5,17,True,False,False,,-1,26.0829,3000
2026-06-27 02:14:13,83,B+1.5,13,True,False,False,,-1,26.1409,3000
2026-06-27 02:14:45,135,W+1.5,27,True,False,False,,-1,26.1941,3000
2026-06-27 02:14:57,51,B+0.5,6,True,False,False,,-1,26.1709,3000
2026-06-27 02:15:16,65,B+2.5,8,True,False,False,,-1,26.063,3000
2026-06-27 02:15:49,147,W+0.5,35,True,False,False,,-1,26.2209,3000
2026-06-27 02:16:15,100,B+4.5,12,True,False,False,,-1,26.136,3000
2026-06-27 02:16:40,107,W+1.5,22,True,False,False,,-1,26.1568,3000
2026-06-27 02:17:01,83,B+6.5,10,True,False,False,,-1,26.1582,3000
2026-06-27 02:17:32,119,W+0.5,19,True,False,False,,-1,26.0673,3000
2026-06-27 02:17:56,97,B+0.5,13,True,False,False,,-1,26.0592,3000
2026-06-27 02:18:26,120,B+5.5,22,True,False,False,,-1,26.1246,3000
2026-06-27 02:18:57,119,W+4.5,22,True,False,False,,-1,26.2164,3000
2026-06-27 02:19:29,130,W+1.5,20,True,False,False,,-1,26.3159,3000
2026-06-27 02:19:58,125,W+1.5,26,True,False,False,,-1,26.294,3000
2026-06-27 02:20:22,99,B+2.5,16,True,False,False,,-1,26.3209,3000
2026-06-27 02:20:48,99,W+0.5,9,True,False,False,,-1,26.2721,3000
2026-06-27 02:21:06,69,B+0.5,8,True,False,False,,-1,26.1275,3000
2026-06-27 02:21:38,137,B+1.5,26,True,False,False,,-1,26.2861,3000
2026-06-27 02:22:09,124,B+0.5,20,True,False,False,,-1,26.2189,3000
2026-06-27 02:22:31,87,W+2.5,8,True,False,False,,-1,26.2286,3000
2026-06-27 02:23:02,127,W+1.5,28,True,False,False,,-1,26.2231,3000
2026-06-27 02:23:25,92,B+3.5,11,True,False,False,,-1,26.1834,3000
2026-06-27 02:23:50,107,W+0.5,15,True,False,False,,-1,26.1649,3000
2026-06-27 02:24:29,156,B+5.5,40,True,False,False,,-1,26.3509,3000
2026-06-27 02:24:58,115,W+1.5,19,True,False,False,,-1,26.3417,3000
2026-06-27 02:25:14,61,B+0.5,9,True,False,False,,-1,26.262,3000
2026-06-27 02:25:37,94,B+2.5,12,True,False,False,,-1,26.1281,3000
2026-06-27 02:25:57,87,B+1.5,14,True,False,False,,-1,26.1815,3000
2026-06-27 02:26:38,162,B+15.5,42,True,False,False,,-1,26.2664,3000
2026-06-27 02:26:53,59,B+0.5,4,True,False,False,,-1,26.0991,3000
2026-06-27 02:27:19,99,B+2.5,14,True,False,False,,-1,26.1188,3000
2026-06-27 02:27:33,49,B+0.5,5,True,False,False,,-1,26.0313,3000
2026-06-27 02:28:09,162,B+1.5,39,True,False,False,,-1,25.9926,3000
2026-06-27 02:28:40,126,B+3.5,22,True,False,False,,-1,25.9891,3000
2026-06-27 02:29:11,128,B+0.5,23,True,False,False,,-1,26.063,3000
2026-06-27 02:29:37,108,B+6.5,14,True,False,False,,-1,26.1078,3000
2026-06-27 02:30:16,157,W+0.5,32,True,False,False,,-1,26.2212,3000
2026-06-27 02:30:30,53,B+0.5,5,True,False,False,,-1,26.0759,3000
2026-06-27 02:30:53,97,B+0.5,15,True,False,False,,-1,26.0608,3000
2026-06-27 02:31:31,162,B+8.5,29,True,False,False,,-1,26.1308,3000
2026-06-27 02:31:48,59,B+6.5,6,True,False,False,,-1,25.9112,3000
2026-06-27 02:32:12,95,B+0.5,9,True,False,False,,-1,25.9857,3000
2026-06-27 02:32:42,119,B+1.5,19,True,False,False,,-1,26.0114,3000
2026-06-27 02:33:11,118,W+3.5,22,True,False,False,,-1,26.0018,3000
2026-06-27 02:33:49,147,W+3.5,26,True,False,False,,-1,26.1187,3000
2026-06-27 02:34:22,125,B+1.5,20,True,False,False,,-1,26.1341,3000
2026-06-27 02:34:38,75,B+0.5,13,True,False,False,,-1,26.0763,3000
2026-06-27 02:35:03,96,B+2.5,15,True,False,False,,-1,26.0745,3000
2026-06-27 02:35:30,111,W+0.5,15,True,False,False,,-1,25.9872,3000
2026-06-27 02:35:48,67,B+0.5,9,True,False,False,,-1,25.8395,3000
2026-06-27 02:36:26,162,B+4.5,40,True,False,False,,-1,25.9866,3000
2026-06-27 02:36:41,59,B+0.5,10,True,False,False,,-1,25.849,3000
2026-06-27 02:37:18,162,W+6.5,37,True,False,False,,-1,26.0657,3000
2026-06-27 02:37:46,117,W+0.5,21,True,False,False,,-1,26.0959,3000
2026-06-27 02:38:15,115,W+2.5,19,True,False,False,,-1,26.1262,3000
2026-06-27 02:38:38,96,B+7.5,18,True,False,False,,-1,26.2207,3000
2026-06-27 02:39:20,162,W+0.5,42,True,False,False,,-1,26.4177,3000
2026-06-27 02:39:43,87,B+0.5,9,True,False,False,,-1,26.4838,3000
2026-06-27 02:40:09,103,B+2.5,17,True,False,False,,-1,26.3722,3000
2026-06-27 02:40:26,75,B+2.5,7,True,False,False,,-1,26.3282,3000
2026-06-27 02:40:47,77,B+6.5,7,True,False,False,,-1,26.1893,3000
2026-06-27 02:41:12,103,W+3.5,14,True,False,False,,-1,26.2165,3000
2026-06-27 02:41:53,162,B+3.5,30,True,False,False,,-1,26.5001,3000
2026-06-27 02:42:23,116,B+2.5,16,True,False,False,,-1,26.6646,3000
2026-06-27 02:42:51,111,B+0.5,7,True,False,False,,-1,26.6767,3000
2026-06-27 02:43:06,59,B+0.5,5,True,False,False,,-1,26.4934,3000
2026-06-27 02:43:43,130,B+3.5,26,True,False,False,,-1,26.677,3000
2026-06-27 02:44:04,83,B+2.5,8,True,False,False,,-1,26.6564,3000
2026-06-27 02:44:19,61,B+0.5,8,True,False,False,,-1,26.5211,3000
2026-06-27 02:44:43,101,B+5.5,10,True,False,False,,-1,26.5388,3000
2026-06-27 02:45:08,96,B+2.5,17,True,False,False,,-1,26.6397,3000
2026-06-27 02:45:23,63,B+1.5,4,True,False,False,,-1,26.4764,3000
2026-06-27 02:45:39,67,B+0.5,5,True,False,False,,-1,26.4974,3000
2026-06-27 02:45:58,73,B+0.5,9,True,False,False,,-1,26.4665,3000
2026-06-27 02:46:25,104,B+0.5,21,True,False,False,,-1,26.5279,3000
2026-06-27 02:46:55,112,B+3.5,17,True,False,False,,-1,26.5414,3000
2026-06-27 02:47:19,95,B+1.5,14,True,False,False,,-1,26.4375,3000
2026-06-27 02:47:39,75,B+0.5,12,True,False,False,,-1,26.2439,3000
2026-06-27 02:47:56,69,B+2.5,8,True,False,False,,-1,26.1408,3000
2026-06-27 02:48:19,91,B+1.5,10,True,False,False,,-1,26.0565,3000
2026-06-27 02:48:44,107,W+0.5,8,True,False,False,,-1,25.9937,3000
2026-06-27 02:49:11,110,B+5.5,20,True,False,False,,-1,26.1287,3000
2026-06-27 02:49:37,111,B+0.5,22,True,False,False,,-1,26.1522,3000
2026-06-27 02:50:14,162,B+8.5,35,True,False,False,,-1,26.24,3000
2026-06-27 02:50:44,124,B+0.5,21,True,False,False,,-1,26.1424,3000
2026-06-27 02:51:13,117,W+0.5,22,True,False,False,,-1,26.156,3000
2026-06-27 02:51:34,87,B+0.5,11,True,False,False,,-1,26.068,3000
2026-06-27 02:51:56,95,B+1.5,15,True,False,False,,-1,26.0734,3000
2026-06-27 02:52:20,96,B+0.5,16,True,False,False,,-1,26.0324,3000
2026-06-27 02:52:36,67,B+3.5,8,True,False,False,,-1,25.9425,3000
2026-06-27 02:52:50,57,B+0.5,3,True,False,False,,-1,25.934,3000
2026-06-27 02:53:14,94,B+4.5,11,True,False,False,,-1,25.9492,3000
2026-06-27 02:53:40,94,B+1.5,11,True,False,False,,-1,26.0353,3000
2026-06-27 02:54:04,97,B+1.5,14,True,False,False,,-1,25.9251,3000
2026-06-27 02:54:28,98,B+3.5,15,True,False,False,,-1,25.7818,3000
2026-06-27 02:55:01,132,B+3.5,21,True,False,False,,-1,25.8698,3000
2026-06-27 02:55:31,118,W+0.5,18,True,False,False,,-1,25.9189,3000
2026-06-27 02:55:45,57,B+0.5,6,True,False,False,,-1,25.7166,3000
2026-06-27 02:56:17,120,B+5.5,23,True,False,False,,-1,25.742,3000
2026-06-27 02:56:32,57,B+8.5,5,True,False,False,,-1,25.5949,3000
2026-06-27 02:56:55,101,B+0.5,10,True,False,False,,-1,25.6226,3000
2026-06-27 02:57:14,79,B+3.5,9,True,False,False,,-1,25.4926,3000
2026-06-27 02:57:26,45,B+3.5,4,True,False,False,,-1,25.489,3000
2026-06-27 02:57:53,145,B+5.5,25,True,False,False,,-1,25.5703,3000
2026-06-27 02:58:20,121,B+0.5,19,True,False,False,,-1,25.5147,3000
2026-06-27 02:58:34,59,B+1.5,6,True,False,False,,-1,25.3967,3000
2026-06-27 02:59:02,107,W+2.5,10,True,False,False,,-1,25.4221,3000
2026-06-27 02:59:24,87,B+2.5,11,True,False,False,,-1,25.4254,3000
2026-06-27 02:59:47,83,B+0.5,10,True,False,False,,-1,25.3427,3000
2026-06-27 03:00:25,162,W+25.5,40,True,False,False,,-1,25.4788,3000
2026-06-27 03:01:02,162,W+5.5,40,True,False,False,,-1,25.5574,3000
2026-06-27 03:01:19,67,B+0.5,9,True,False,False,,-1,25.4267,3000
2026-06-27 03:01:48,106,B+0.5,15,True,False,False,,-1,25.3841,3000
2026-06-27 03:02:11,81,B+4.5,8,True,False,False,,-1,25.325,3000
2026-06-27 03:02:35,94,B+2.5,7,True,False,False,,-1,25.3226,3000
2026-06-27 03:03:02,105,B+0.5,10,True,False,False,,-1,25.3321,3000
2026-06-27 03:03:30,111,W+1.5,19,True,False,False,,-1,25.4357,3000
2026-06-27 03:03:58,118,B+2.5,19,True,False,False,,-1,25.3976,3000
2026-06-27 03:04:16,69,B+0.5,9,True,False,False,,-1,25.262,3000
2026-06-27 03:04:29,53,B+0.5,4,True,False,False,,-1,25.1794,3000
2026-06-27 03:04:58,131,B+5.5,26,True,False,False,,-1,25.1619,3000
2026-06-27 03:05:24,115,W+0.5,23,True,False,False,,-1,25.1838,3000
2026-06-27 03:05:48,93,B+2.5,13,True,False,False,,-1,25.1794,3000
2026-06-27 03:06:11,93,B+2.5,10,True,False,False,,-1,25.0247,3000
2026-06-27 03:06:40,109,B+4.5,20,True,False,False,,-1,25.016,3000
2026-06-27 03:07:01,87,B+3.5,10,True,False,False,,-1,25.0729,3000
2026-06-27 03:07:36,130,B+6.5,19,True,False,False,,-1,25.1918,3000
2026-06-27 03:08:00,92,B+2.5,12,True,False,False,,-1,25.2297,3000
2026-06-27 03:08:30,129,W+2.5,24,True,False,False,,-1,25.1172,3000
2026-06-27 03:09:06,137,W+2.5,28,True,False,False,,-1,25.3246,3000
2026-06-27 03:09:29,96,W+0.5,8,True,False,False,,-1,25.2949,3000
2026-06-27 03:09:50,86,B+2.5,12,True,False,False,,-1,25.3687,3000
2026-06-27 03:10:07,71,B+2.5,12,True,False,False,,-1,25.1691,3000
2026-06-27 03:10:34,109,W+0.5,17,True,False,False,,-1,25.1406,3000
2026-06-27 03:11:13,153,W+0.5,31,True,False,False,,-1,25.2137,3000
2026-06-27 03:11:28,63,B+2.5,4,True,False,False,,-1,25.0979,3000
2026-06-27 03:12:01,132,B+5.5,22,True,False,False,,-1,25.0487,3000
2026-06-27 03:12:31,107,W+0.5,17,True,False,False,,-1,25.2067,3000
2026-06-27 03:13:02,119,B+2.5,13,True,False,False,,-1,25.2839,3000
2026-06-27 03:13:08,24,W+8.5,2,True,False,False,,-1,24.9673,3000
2026-06-27 03:13:32,107,W+0.5,10,True,False,False,,-1,25.0373,3000
2026-06-27 03:13:56,93,W+1.5,11,True,False,False,,-1,25.0368,3000
2026-06-27 03:14:17,81,B+0.5,6,True,False,False,,-1,24.9436,3000
2026-06-27 03:14:43,107,W+0.5,16,True,False,False,,-1,24.9193,3000
2026-06-27 03:15:09,109,B+0.5,15,True,False,False,,-1,24.791,3000
2026-06-27 03:15:25,61,B+0.5,7,True,False,False,,-1,24.6259,3000
2026-06-27 03:15:41,59,B+0.5,9,True,False,False,,-1,24.6239,3000
2026-06-27 03:16:07,106,W+2.5,12,True,False,False,,-1,24.6416,3000
2026-06-27 03:16:27,75,B+1.5,5,True,False,False,,-1,24.5615,3000
2026-06-27 03:16:52,102,B+0.5,17,True,False,False,,-1,24.633,3000
2026-06-27 03:17:07,61,B+0.5,9,True,False,False,,-1,24.4053,3000
2026-06-27 03:17:40,133,B+2.5,21,True,False,False,,-1,24.5913,3000
2026-06-27 03:18:10,113,B+0.5,10,True,False,False,,-1,24.5092,3000
2026-06-27 03:18:37,109,W+1.5,10,True,False,False,,-1,24.5016,3000
2026-06-27 03:19:13,142,B+12.5,28,True,False,False,,-1,24.5837,3000
2026-06-27 03:19:47,162,B+6.5,26,True,False,False,,-1,24.6881,3000
2026-06-27 03:20:15,111,W+0.5,11,True,False,False,,-1,24.5441,3000
2026-06-27 03:20:40,107,W+1.5,10,True,False,False,,-1,24.5705,3000
2026-06-27 03:21:18,138,B+0.5,23,True,False,False,,-1,24.6851,3000
2026-06-27 03:21:46,125,B+0.5,19,True,False,False,,-1,24.7981,3000
2026-06-27 03:22:05,81,B+0.5,11,True,False,False,,-1,24.7775,3000
2026-06-27 03:22:28,96,B+4.5,8,True,False,False,,-1,24.7588,3000
2026-06-27 03:23:00,117,W+1.5,18,True,False,False,,-1,24.6715,3000
2026-06-27 03:23:26,101,W+0.5,14,True,False,False,,-1,24.6268,3000
2026-06-27 03:23:55,106,B+1.5,13,True,False,False,,-1,24.6372,3000
2026-06-27 03:24:25,123,B+0.5,18,True,False,False,,-1,24.7866,3000
2026-06-27 03:24:51,104,B+3.5,11,True,False,False,,-1,24.6809,3000
2026-06-27 03:25:14,92,B+1.5,5,True,False,False,,-1,24.7013,3000
2026-06-27 03:25:38,101,B+6.5,9,True,False,False,,-1,24.7897,3000
2026-06-27 03:25:54,61,B+1.5,7,True,False,False,,-1,24.7094,3000
2026-06-27 03:26:28,139,W+0.5,17,True,False,False,,-1,24.7954,3000
2026-06-27 03:26:42,55,B+0.5,11,True,False,False,,-1,24.7848,3000
2026-06-27 03:27:14,140,B+1.5,27,True,False,False,,-1,24.9475,3000
2026-06-27 03:27:41,112,B+1.5,21,True,False,False,,-1,25.0336,3000
2026-06-27 03:27:58,65,B+0.5,7,True,False,False,,-1,24.9334,3000
2026-06-27 03:28:21,90,B+5.5,10,True,False,False,,-1,24.8522,3000
2026-06-27 03:28:50,112,B+0.5,16,True,False,False,,-1,24.9078,3000
2026-06-27 03:28:56,26,W+7.5,2,True,False,False,,-1,24.766,3000
2026-06-27 03:29:20,99,B+1.5,13,True,False,False,,-1,24.838,3000
2026-06-27 03:29:54,125,W+4.5,17,True,False,False,,-1,24.9439,3000
2026-06-27 03:30:26,131,W+2.5,24,True,False,False,,-1,25.0197,3000
2026-06-27 03:30:55,121,B+3.5,15,True,False,False,,-1,25.0445,3000
2026-06-27 03:31:24,121,B+2.5,18,True,False,False,,-1,25.0667,3000
2026-06-27 03:32:01,161,W+6.5,30,True,False,False,,-1,25.066,3000
2026-06-27 03:32:18,65,B+1.5,8,True,False,False,,-1,24.9369,3000
2026-06-27 03:32:46,110,B+1.5,15,True,False,False,,-1,24.9205,3000
2026-06-27 03:33:16,125,B+2.5,21,True,False,False,,-1,25.0129,3000
2026-06-27 03:33:37,80,B+3.5,5,True,False,False,,-1,25.0064,3000
2026-06-27 03:34:08,117,W+0.5,18,True,False,False,,-1,25.0819,3000
2026-06-27 03:34:52,162,B+3.5,25,True,False,False,,-1,25.3555,3000
2026-06-27 03:35:15,97,B+1.5,14,True,False,False,,-1,25.4455,3000
2026-06-27 03:35:51,141,W+0.5,28,True,False,False,,-1,25.5614,3000
2026-06-27 03:36:11,81,B+0.5,7,True,False,False,,-1,25.5044,3000
2026-06-27 03:36:43,136,B+1.5,24,True,False,False,,-1,25.5872,3000
2026-06-27 03:37:12,108,B+1.5,15,True,False,False,,-1,25.637,3000
2026-06-27 03:37:52,162,W+9.5,34,True,False,False,,-1,25.7057,3000
2026-06-27 03:38:24,133,W+0.5,22,True,False,False,,-1,25.727,3000
2026-06-27 03:38:52,114,B+4.5,18,True,False,False,,-1,25.8633,3000
2026-06-27 03:39:29,160,B+9.5,36,True,False,False,,-1,25.9128,3000
2026-06-27 03:40:03,162,B+10.5,28,True,False,False,,-1,26.1048,3000
2026-06-27 03:40:34,121,B+1.5,16,True,False,False,,-1,26.1818,3000
2026-06-27 03:40:50,63,B+2.5,8,True,False,False,,-1,26.1595,3000
2026-06-27 03:40:59,34,W+7.5,2,True,False,False,,-1,26.1269,3000
2026-06-27 03:41:32,137,W+5.5,30,True,False,False,,-1,26.1877,3000
2026-06-27 03:42:09,162,B+6.5,26,True,False,False,,-1,26.2872,3000
2026-06-27 03:42:42,145,B+1.5,28,True,False,False,,-1,26.4717,3000
2026-06-27 03:43:06,94,B+1.5,8,True,False,False,,-1,26.4342,3000
2026-06-27 03:43:32,109,W+7.5,14,True,False,False,,-1,26.481,3000
2026-06-27 03:43:59,111,B+0.5,12,True,False,False,,-1,26.5255,3000
2026-06-27 03:44:26,107,W+0.5,17,True,False,False,,-1,26.4094,3000
2026-06-27 03:44:40,55,B+2.5,4,True,False,False,,-1,26.1812,3000
2026-06-27 03:45:09,116,B+1.5,15,True,False,False,,-1,26.2952,3000
2026-06-27 03:45:46,162,B+3.5,29,True,False,False,,-1,26.3727,3000
2026-06-27 03:46:02,73,B+1.5,8,True,False,False,,-1,26.3112,3000
2026-06-27 03:46:34,126,B+2.5,17,True,False,False,,-1,26.3964,3000
2026-06-27 03:47:06,128,B+1.5,22,True,False,False,,-1,26.4374,3000
2026-06-27 03:47:26,83,B+0.5,8,True,False,False,,-1,26.3559,3000
2026-06-27 03:47:54,112,B+2.5,20,True,False,False,,-1,26.3514,3000
2026-06-27 03:48:08,51,B+0.5,8,True,False,False,,-1,26.318,3000
2026-06-27 03:48:32,98,B+2.5,13,True,False,False,,-1,26.4348,3000
2026-06-27 03:48:46,55,B+5.5,10,True,False,False,,-1,26.2714,3000
2026-06-27 03:49:16,136,B+0.5,30,True,False,False,,-1,26.3172,3000
2026-06-27 03:49:36,75,B+2.5,8,True,False,False,,-1,26.2799,3000
2026-06-27 03:50:07,125,B+2.5,19,True,False,False,,-1,26.3513,3000
2026-06-27 03:50:31,101,W+0.5,17,True,False,False,,-1,26.3143,3000
2026-06-27 03:51:03,132,B+1.5,18,True,False,False,,-1,26.4206,3000
2026-06-27 03:51:31,111,W+0.5,21,True,False,False,,-1,26.3467,3000
2026-06-27 03:52:00,113,B+0.5,16,True,False,False,,-1,26.3931,3000
2026-06-27 03:52:13,53,B+2.5,8,True,False,False,,-1,26.2302,3000
2026-06-27 03:52:47,125,B+4.5,22,True,False,False,,-1,26.2095,3000
2026-06-27 03:53:11,103,W+4.5,14,True,False,False,,-1,26.2193,3000
2026-06-27 03:53:25,61,B+0.5,9,True,False,False,,-1,26.1478,3000
2026-06-27 03:53:56,127,B+2.5,20,True,False,False,,-1,26.2906,3000
2026-06-27 03:54:09,61,B+0.5,11,True,False,False,,-1,26.1511,3000
2026-06-27 03:54:39,111,B+2.5,19,True,False,False,,-1,26.0624,3000
2026-06-27 03:55:07,112,B+2.5,17,True,False,False,,-1,26.1878,3000
2026-06-27 03:55:36,131,B+4.5,27,True,False,False,,-1,26.1482,3000
2026-06-27 03:56:02,108,W+0.5,12,True,False,False,,-1,26.1075,3000
2026-06-27 03:56:32,110,B+0.5,14,True,False,False,,-1,26.0961,3000
2026-06-27 03:56:59,107,W+2.5,12,True,False,False,,-1,26.3078,3000
2026-06-27 03:57:26,114,B+4.5,18,True,False,False,,-1,26.3357,3000
2026-06-27 03:57:38,51,B+0.5,5,True,False,False,,-1,26.2136,3000
2026-06-27 03:58:05,109,W+3.5,18,True,False,False,,-1,26.277,3000
2026-06-27 03:58:28,97,B+3.5,13,True,False,False,,-1,26.251,3000
2026-06-27 03:58:57,111,W+1.5,19,True,False,False,,-1,26.2793,3000
2026-06-27 03:59:20,92,B+1.5,8,True,False,False,,-1,26.3463,3000
2026-06-27 03:59:48,112,B+1.5,14,True,False,False,,-1,26.4709,3000
2026-06-27 04:00:02,47,B+0.5,5,True,False,False,,-1,26.3403,3000
2026-06-27 04:00:39,156,B+7.5,32,True,False,False,,-1,26.5247,3000
2026-06-27 04:01:03,84,B+2.5,9,True,False,False,,-1,26.5085,3000
2026-06-27 04:01:33,113,B+3.5,15,True,False,False,,-1,26.6617,3000
2026-06-27 04:01:59,112,B+1.5,18,True,False,False,,-1,26.5899,3000
2026-06-27 04:02:39,162,B+4.5,35,True,False,False,,-1,26.6918,3000
2026-06-27 04:03:08,111,B+1.5,16,True,False,False,,-1,26.7064,3000
2026-06-27 04:03:37,123,B+1.5,23,True,False,False,,-1,26.6338,3000
2026-06-27 04:03:59,93,B+2.5,11,True,False,False,,-1,26.516,3000
2026-06-27 04:04:25,105,B+1.5,16,True,False,False,,-1,26.4991,3000
2026-06-27 04:04:52,114,W+3.5,14,True,False,False,,-1,26.5192,3000
2026-06-27 04:05:05,55,B+3.5,5,True,False,False,,-1,26.2676,3000
2026-06-27 04:05:28,94,B+2.5,10,True,False,False,,-1,26.2119,3000
2026-06-27 04:05:57,117,W+0.5,13,True,False,False,,-1,26.3099,3000
2026-06-27 04:06:27,119,B+1.5,13,True,False,False,,-1,26.3839,3000
2026-06-27 04:07:03,142,B+6.5,22,True,False,False,,-1,26.4207,3000
2026-06-27 04:07:32,112,B+3.5,17,True,False,False,,-1,26.4608,3000
2026-06-27 04:07:58,105,W+1.5,13,True,False,False,,-1,26.431,3000
2026-06-27 04:08:30,131,B+2.5,22,True,False,False,,-1,26.4503,3000
2026-06-27 04:09:05,145,W+0.5,28,True,False,False,,-1,26.5298,3000
2026-06-27 04:09:27,95,B+2.5,15,True,False,False,,-1,26.5257,3000
2026-06-27 04:09:57,122,B+5.5,19,True,False,False,,-1,26.5837,3000
2026-06-27 04:10:14,61,B+1.5,8,True,False,False,,-1,26.6028,3000
2026-06-27 04:10:38,107,B+1.5,15,True,False,False,,-1,26.4962,3000
2026-06-27 04:11:04,113,W+2.5,20,True,False,False,,-1,26.6179,3000
2026-06-27 04:11:35,114,B+1.5,15,True,False,False,,-1,26.6004,3000
2026-06-27 04:12:02,117,W+0.5,18,True,False,False,,-1,26.6069,3000
2026-06-27 04:12:29,108,B+0.5,18,True,False,False,,-1,26.703,3000
2026-06-27 04:13:00,129,B+0.5,25,True,False,False,,-1,26.7938,3000
2026-06-27 04:13:26,101,W+0.5,14,True,False,False,,-1,26.7541,3000
2026-06-27 04:13:45,79,B+0.5,6,True,False,False,,-1,26.8922,3000
2026-06-27 04:14:17,117,B+2.5,15,True,False,False,,-1,26.9644,3000
2026-06-27 04:14:41,107,B+0.5,17,True,False,False,,-1,26.8698,3000
2026-06-27 04:15:10,115,B+1.5,13,True,False,False,,-1,26.8362,3000
2026-06-27 04:15:41,125,W+0.5,22,True,False,False,,-1,26.8506,3000
2026-06-27 04:16:13,128,B+2.5,27,True,False,False,,-1,26.8841,3000
2026-06-27 04:16:41,118,B+3.5,18,True,False,False,,-1,26.7925,3000
2026-06-27 04:17:20,151,W+1.5,27,True,False,False,,-1,27.0122,3000
2026-06-27 04:17:43,94,B+1.5,13,True,False,False,,-1,26.9698,3000
2026-06-27 04:18:06,101,B+3.5,9,True,False,False,,-1,26.9031,3000
2026-06-27 04:18:45,155,W+2.5,29,True,False,False,,-1,27.0757,3000
2026-06-27 04:19:11,100,B+1.5,17,True,False,False,,-1,27.0273,3000
2026-06-27 04:19:37,96,B+0.5,11,True,False,False,,-1,26.8469,3000
2026-06-27 04:19:51,49,B+0.5,7,True,False,False,,-1,26.7568,3000
2026-06-27 04:20:17,103,W+2.5,5,True,False,False,,-1,26.6582,3000
2026-06-27 04:20:45,112,B+0.5,15,True,False,False,,-1,26.7363,3000
2026-06-27 04:21:12,110,B+6.5,17,True,False,False,,-1,26.6898,3000
2026-06-27 04:21:40,115,B+0.5,24,True,False,False,,-1,26.6774,3000
2026-06-27 04:22:08,109,W+1.5,13,True,False,False,,-1,26.5596,3000
2026-06-27 04:22:38,123,W+0.5,26,True,False,False,,-1,26.5357,3000
2026-06-27 04:23:06,114,B+0.5,7,True,False,False,,-1,26.5428,3000
2026-06-27 04:23:42,157,B+2.5,32,True,False,False,,-1,26.5315,3000
2026-06-27 04:24:07,107,W+2.5,20,True,False,False,,-1,26.4382,3000
2026-06-27 04:24:34,123,B+6.5,24,True,False,False,,-1,26.4018,3000
2026-06-27 04:25:02,105,W+2.5,12,True,False,False,,-1,26.5169,3000
2026-06-27 04:25:27,97,B+1.5,14,True,False,False,,-1,26.685,3000
2026-06-27 04:25:42,55,B+0.5,7,True,False,False,,-1,26.4979,3000
2026-06-27 04:26:09,112,B+1.5,15,True,False,False,,-1,26.3933,3000
2026-06-27 04:26:34,90,B+2.5,10,True,False,False,,-1,26.3165,3000
2026-06-27 04:26:52,69,B+2.5,6,True,False,False,,-1,26.2539,3000
2026-06-27 04:27:22,114,B+4.5,20,True,False,False,,-1,26.2922,3000
2026-06-27 04:27:48,107,W+1.5,17,True,False,False,,-1,26.2838,3000
2026-06-27 04:28:13,101,W+0.5,16,True,False,False,,-1,26.2698,3000
2026-06-27 04:28:34,79,B+3.5,12,True,False,False,,-1,26.3359,3000
2026-06-27 04:28:56,83,B+0.5,7,True,False,False,,-1,26.2662,3000
2026-06-27 04:29:21,105,B+1.5,16,True,False,False,,-1,26.1534,3000
2026-06-27 04:29:45,101,B+2.5,14,True,False,False,,-1,26.2228,3000
2026-06-27 04:30:10,104,B+6.5,16,True,False,False,,-1,26.154,3000
2026-06-27 04:30:41,128,W+0.5,22,True,False,False,,-1,26.1566,3000
2026-06-27 04:31:00,79,B+3.5,15,True,False,False,,-1,26.1423,3000
2026-06-27 04:31:26,101,B+0.5,9,True,False,False,,-1,26.1214,3000
2026-06-27 04:31:50,94,B+2.5,7,True,False,False,,-1,26.2211,3000
2026-06-27 04:32:10,77,B+4.5,12,True,False,False,,-1,26.1688,3000
2026-06-27 04:32:36,105,W+0.5,12,True,False,False,,-1,26.3023,3000
2026-06-27 04:32:55,81,B+1.5,9,True,False,False,,-1,26.1889,3000
2026-06-27 04:33:17,85,B+0.5,11,True,False,False,,-1,26.2021,3000
2026-06-27 04:33:48,120,B+2.5,21,True,False,False,,-1,26.2083,3000
2026-06-27 04:34:01,58,B+4.5,10,True,False,False,,-1,26.094,3000
2026-06-27 04:34:34,135,B+1.5,30,True,False,False,,-1,26.1035,3000
2026-06-27 04:34:58,108,B+3.5,16,True,False,False,,-1,26.0697,3000
2026-06-27 04:35:24,103,B+2.5,15,True,False,False,,-1,26.0341,3000
2026-06-27 04:35:47,99,B+0.5,11,True,False,False,,-1,26.1369,3000
2026-06-27 04:36:18,116,B+4.5,19,True,False,False,,-1,26.108,3000
2026-06-27 04:36:49,130,B+4.5,22,True,False,False,,-1,26.1714,3000
2026-06-27 04:37:26,143,W+1.5,29,True,False,False,,-1,26.4108,3000
2026-06-27 04:37:53,94,B+5.5,8,True,False,False,,-1,26.3648,3000
2026-06-27 04:38:17,109,B+3.5,19,True,False,False,,-1,26.4689,3000
2026-06-27 04:38:53,139,W+5.5,20,True,False,False,,-1,26.5332,3000
2026-06-27 04:39:17,95,W+4.5,12,True,False,False,,-1,26.5057,3000
2026-06-27 04:39:46,115,W+1.5,15,True,False,False,,-1,26.4986,3000
2026-06-27 04:40:23,147,W+2.5,21,True,False,False,,-1,26.6094,3000
2026-06-27 04:40:52,127,B+1.5,23,True,False,False,,-1,26.6022,3000
2026-06-27 04:41:20,109,W+0.5,15,True,False,False,,-1,26.61,3000
2026-06-27 04:41:49,114,B+1.5,13,True,False,False,,-1,26.6321,3000
2026-06-27 04:42:05,61,B+0.5,9,True,False,False,,-1,26.6706,3000
2026-06-27 04:42:31,101,W+0.5,12,True,False,False,,-1,26.6588,3000
2026-06-27 04:42:59,112,B+3.5,18,True,False,False,,-1,26.7035,3000
2026-06-27 04:43:33,162,B+4.5,29,True,False,False,,-1,26.7652,3000
2026-06-27 04:44:10,139,W+1.5,25,True,False,False,,-1,26.9025,3000
2026-06-27 04:44:34,91,B+2.5,10,True,False,False,,-1,26.8574,3000
2026-06-27 04:44:58,99,B+2.5,14,True,False,False,,-1,26.9567,3000
2026-06-27 04:45:25,108,B+3.5,16,True,False,False,,-1,26.8526,3000
2026-06-27 04:45:53,120,B+8.5,22,True,False,False,,-1,26.9015,3000
2026-06-27 04:46:31,162,B+5.5,31,True,False,False,,-1,26.976,3000
2026-06-27 04:46:59,109,W+7.5,17,True,False,False,,-1,26.9898,3000
2026-06-27 04:47:07,30,W+8.5,2,True,False,False,,-1,26.6793,3000
2026-06-27 04:47:33,108,B+1.5,20,True,False,False,,-1,26.6491,3000
2026-06-27 04:47:59,103,B+2.5,13,True,False,False,,-1,26.6218,3000
2026-06-27 04:48:31,130,B+16.5,21,True,False,False,,-1,26.7134,3000
2026-06-27 04:48:43,47,B+7.5,3,True,False,False,,-1,26.5784,3000
2026-06-27 04:49:18,141,W+1.5,34,True,False,False,,-1,26.6542,3000
2026-06-27 04:49:57,147,W+0.5,29,True,False,False,,-1,26.9211,3000
2026-06-27 04:50:11,57,B+1.5,7,True,False,False,,-1,26.825,3000
2026-06-27 04:50:36,100,B+3.5,8,True,False,False,,-1,26.7872,3000
2026-06-27 04:51:01,92,B+1.5,11,True,False,False,,-1,26.7366,3000
2026-06-27 04:51:18,69,B+0.5,11,True,False,False,,-1,26.5525,3000
2026-06-27 04:51:47,114,B+7.5,15,True,False,False,,-1,26.5467,3000
2026-06-27 04:52:27,162,B+5.5,38,True,False,False,,-1,26.686,3000
2026-06-27 04:52:44,65,B+4.5,8,True,False,False,,-1,26.5362,3000
2026-06-27 04:52:59,55,B+2.5,6,True,False,False,,-1,26.341,3000
2026-06-27 04:53:28,105,W+0.5,9,True,False,False,,-1,26.4082,3000
2026-06-27 04:53:58,119,B+1.5,16,True,False,False,,-1,26.4076,3000
2026-06-27 04:54:22,93,B+2.5,15,True,False,False,,-1,26.4698,3000
2026-06-27 04:54:46,102,B+3.5,14,True,False,False,,-1,26.4846,3000
2026-06-27 04:55:12,92,B+11.5,12,True,False,False,,-1,26.4831,3000
2026-06-27 04:55:36,96,B+1.5,18,True,False,False,,-1,26.4095,3000
2026-06-27 04:55:51,59,B+0.5,3,True,False,False,,-1,26.2836,3000
2026-06-27 04:56:27,151,B+1.5,39,True,False,False,,-1,26.3771,3000
2026-06-27 04:56:40,53,B+0.5,5,True,False,False,,-1,26.1969,3000
2026-06-27 04:57:12,128,B+5.5,24,True,False,False,,-1,26.2637,3000
2026-06-27 04:57:41,123,B+1.5,22,True,False,False,,-1,26.3584,3000
2026-06-27 04:58:01,77,B+3.5,4,True,False,False,,-1,26.2361,3000
2026-06-27 04:58:30,111,B+1.5,12,True,False,False,,-1,26.2898,3000
2026-06-27 04:59:01,131,W+1.5,29,True,False,False,,-1,26.3045,3000
2026-06-27 04:59:24,95,B+1.5,12,True,False,False,,-1,26.229,3000
2026-06-27 04:59:37,53,B+0.5,5,True,False,False,,-1,26.0391,3000
2026-06-27 05:00:08,112,B+4.5,15,True,False,False,,-1,26.0656,3000
2026-06-27 05:00:34,107,B+1.5,14,True,False,False,,-1,25.9373,3000
2026-06-27 05:01:01,96,B+1.5,6,True,False,False,,-1,25.9748,3000
2026-06-27 05:01:27,108,B+0.5,12,True,False,False,,-1,26.0063,3000
2026-06-27 05:02:00,143,B+5.5,20,True,False,False,,-1,25.9486,3000
2026-06-27 05:02:37,145,W+1.5,29,True,False,False,,-1,26.0583,3000
2026-06-27 05:03:02,104,B+2.5,17,True,False,False,,-1,26.0551,3000
2026-06-27 05:03:40,145,W+0.5,25,True,False,False,,-1,26.2866,3000
2026-06-27 05:04:08,109,W+1.5,15,True,False,False,,-1,26.3097,3000
2026-06-27 05:04:33,100,B+2.5,19,True,False,False,,-1,26.273,3000
2026-06-27 05:04:59,102,B+0.5,10,True,False,False,,-1,26.2682,3000
2026-06-27 05:05:21,85,B+1.5,7,True,False,False,,-1,26.2072,3000
2026-06-27 05:05:44,89,B+3.5,13,True,False,False,,-1,26.1547,3000
2026-06-27 05:06:08,95,B+1.5,8,True,False,False,,-1,26.0977,3000
2026-06-27 05:06:47,153,W+1.5,39,True,False,False,,-1,26.2057,3000
2026-06-27 05:06:55,34,W+8.5,2,True,False,False,,-1,25.9302,3000
2026-06-27 05:07:18,93,W+0.5,11,True,False,False,,-1,25.9064,3000
2026-06-27 05:07:48,128,B+3.5,23,True,False,False,,-1,25.9354,3000
2026-06-27 05:08:00,49,B+0.5,7,True,False,False,,-1,25.7798,3000
2026-06-27 05:08:28,112,W+0.5,16,True,False,False,,-1,25.8069,3000
2026-06-27 05:09:02,162,B+3.5,38,True,False,False,,-1,25.9923,3000
2026-06-27 05:09:27,104,B+2.5,18,True,False,False,,-1,25.9797,3000
2026-06-27 05:10:01,162,B+3.5,34,True,False,False,,-1,26.0721,3000
2026-06-27 05:10:32,135,B+2.5,31,True,False,False,,-1,26.2032,3000
2026-06-27 05:10:46,49,B+1.5,4,True,False,False,,-1,26.035,3000
2026-06-27 05:11:24,162,W+6.5,41,True,False,False,,-1,26.1598,3000
2026-06-27 05:11:54,121,B+0.5,16,True,False,False,,-1,26.2056,3000
2026-06-27 05:12:20,99,W+2.5,11,True,False,False,,-1,26.2643,3000
2026-06-27 05:12:54,131,W+1.5,26,True,False,False,,-1,26.378,3000
2026-06-27 05:13:27,137,B+2.5,26,True,False,False,,-1,26.4585,3000
2026-06-27 05:13:43,65,B+0.5,11,True,False,False,,-1,26.3824,3000
2026-06-27 05:14:11,114,B+2.5,16,True,False,False,,-1,26.4089,3000
2026-06-27 05:14:35,95,B+1.5,7,True,False,False,,-1,26.3343,3000
2026-06-27 05:14:50,65,B+0.5,5,True,False,False,,-1,26.2992,3000
2026-06-27 05:15:13,89,B+3.5,14,True,False,False,,-1,26.2627,3000
2026-06-27 05:15:52,159,B+2.5,32,True,False,False,,-1,26.4157,3000
2026-06-27 05:16:14,91,B+1.5,13,True,False,False,,-1,26.4376,3000
2026-06-27 05:16:45,127,B+0.5,25,True,False,False,,-1,26.4875,3000
2026-06-27 05:17:16,121,W+2.5,16,True,False,False,,-1,26.6097,3000
2026-06-27 05:17:40,93,W+2.5,8,True,False,False,,-1,26.634,3000
2026-06-27 05:17:53,53,B+0.5,7,True,False,False,,-1,26.4497,3000
2026-06-27 05:18:21,111,W+4.5,15,True,False,False,,-1,26.6037,3000
2026-06-27 05:18:36,61,B+1.5,7,True,False,False,,-1,26.4154,3000
2026-06-27 05:19:15,162,B+11.5,30,True,False,False,,-1,26.5661,3000
2026-06-27 05:19:35,84,B+2.5,12,True,False,False,,-1,26.5101,3000
2026-06-27 05:20:01,101,B+0.5,13,True,False,False,,-1,26.5316,3000
2026-06-27 05:20:13,47,B+0.5,5,True,False,False,,-1,26.3488,3000
2026-06-27 05:20:38,102,B+1.5,16,True,False,False,,-1,26.2894,3000
2026-06-27 05:21:03,105,B+2.5,12,True,False,False,,-1,26.1676,3000
2026-06-27 05:21:32,112,B+4.5,21,True,False,False,,-1,26.1924,3000
2026-06-27 05:21:58,109,B+5.5,12,True,False,False,,-1,26.2132,3000
2026-06-27 05:22:24,101,B+2.5,16,True,False,False,,-1,26.1128,3000
2026-06-27 05:22:58,134,B+1.5,28,True,False,False,,-1,26.2046,3000
2026-06-27 05:23:13,59,B+1.5,4,True,False,False,,-1,26.0738,3000
2026-06-27 05:23:56,162,W+1.5,38,True,False,False,,-1,26.1322,3000
2026-06-27 05:24:35,162,B+5.5,29,True,False,False,,-1,26.2294,3000
2026-06-27 05:25:01,101,B+2.5,14,True,False,False,,-1,26.2132,3000
2026-06-27 05:25:29,109,W+0.5,20,True,False,False,,-1,26.1978,3000
2026-06-27 05:25:51,81,B+0.5,9,True,False,False,,-1,26.2519,3000
2026-06-27 05:26:02,47,B+0.5,7,True,False,False,,-1,26.1164,3000
2026-06-27 05:26:20,65,B+0.5,7,True,False,False,,-1,26.012,3000
2026-06-27 05:26:37,67,B+1.5,2,True,False,False,,-1,25.8362,3000
2026-06-27 05:27:02,93,B+4.5,11,True,False,False,,-1,25.7213,3000
2026-06-27 05:27:33,119,W+1.5,18,True,False,False,,-1,25.7796,3000
2026-06-27 05:28:11,162,W+2.5,35,True,False,False,,-1,25.9329,3000
2026-06-27 05:28:36,96,B+5.5,17,True,False,False,,-1,25.911,3000
2026-06-27 05:29:00,97,B+1.5,13,True,False,False,,-1,25.8639,3000
2026-06-27 05:29:20,81,B+5.5,11,True,False,False,,-1,25.6888,3000
2026-06-27 05:29:50,117,W+0.5,17,True,False,False,,-1,25.7178,3000
2026-06-27 05:30:16,101,B+3.5,10,True,False,False,,-1,25.8863,3000
2026-06-27 05:30:39,103,W+5.5,12,True,False,False,,-1,25.8621,3000
2026-06-27 05:31:03,96,W+0.5,7,True,False,False,,-1,25.8392,3000
2026-06-27 05:31:32,113,W+1.5,18,True,False,False,,-1,25.8117,3000
2026-06-27 05:31:47,61,B+1.5,10,True,False,False,,-1,25.8364,3000
2026-06-27 05:34:18,130,B+1.5,17,True,False,False,,-1,25.7441,4000
2026-06-27 05:34:49,98,B+5.5,6,True,False,False,,-1,25.9124,4000
2026-06-27 05:35:36,152,B+8.5,30,True,False,False,,-1,26.1318,4000
2026-06-27 05:36:07,122,B+4.5,13,True,False,False,,-1,26.1931,4000
2026-06-27 05:36:32,91,B+5.5,4,True,False,False,,-1,26.2743,4000
2026-06-27 05:37:05,123,B+4.5,15,True,False,False,,-1,26.3096,4000
2026-06-27 05:37:36,111,B+3.5,17,True,False,False,,-1,26.2163,4000
2026-06-27 05:37:56,78,W+5.5,10,True,False,False,,-1,26.252,4000
2026-06-27 05:38:22,97,W+3.5,4,True,False,False,,-1,26.3601,4000
2026-06-27 05:38:51,108,W+8.5,15,True,False,False,,-1,26.36,4000
2026-06-27 05:39:17,92,B+7.5,13,True,False,False,,-1,26.3176,4000
2026-06-27 05:39:46,106,B+3.5,10,True,False,False,,-1,26.3765,4000
2026-06-27 05:40:18,162,W+6.5,24,True,False,False,,-1,26.4517,4000
2026-06-27 05:40:54,139,B+2.5,27,True,False,False,,-1,26.5428,4000
2026-06-27 05:41:13,71,B+1.5,5,True,False,False,,-1,26.4981,4000
2026-06-27 05:41:47,130,B+16.5,28,True,False,False,,-1,26.6917,4000
2026-06-27 05:42:16,113,B+7.5,22,True,False,False,,-1,26.6247,4000
2026-06-27 05:42:37,77,B+4.5,4,True,False,False,,-1,26.6983,4000
2026-06-27 05:43:06,120,B+6.5,20,True,False,False,,-1,26.6711,4000
2026-06-27 05:43:33,100,B+13.5,11,True,False,False,,-1,26.6449,4000
2026-06-27 05:43:56,94,B+7.5,19,True,False,False,,-1,26.6851,4000
2026-06-27 05:44:23,104,W+7.5,15,True,False,False,,-1,26.6624,4000
2026-06-27 05:44:50,100,B+22.5,11,True,False,False,,-1,26.6252,4000
2026-06-27 05:45:21,120,B+6.5,10,True,False,False,,-1,26.7065,4000
2026-06-27 05:45:59,162,B+6.5,30,True,False,False,,-1,26.9555,4000
2026-06-27 05:46:30,107,W+0.5,12,True,False,False,,-1,26.9546,4000
2026-06-27 05:47:00,111,W+4.5,18,True,False,False,,-1,26.9948,4000
2026-06-27 05:47:29,115,B+8.5,8,True,False,False,,-1,27.0157,4000
2026-06-27 05:48:12,152,B+6.5,33,True,False,False,,-1,27.175,4000
2026-06-27 05:48:27,57,B+4.5,9,True,False,False,,-1,26.9945,4000
2026-06-27 05:48:43,59,B+2.5,8,True,False,False,,-1,26.7874,4000
2026-06-27 05:49:16,128,B+1.5,18,True,False,False,,-1,26.8689,4000
2026-06-27 05:49:38,87,B+0.5,14,True,False,False,,-1,26.7114,4000
2026-06-27 05:50:13,123,W+3.5,22,True,False,False,,-1,26.7838,4000
2026-06-27 05:50:44,110,B+0.5,14,True,False,False,,-1,26.845,4000
2026-06-27 05:51:13,100,W+0.5,10,True,False,False,,-1,26.8702,4000
2026-06-27 05:51:44,108,B+0.5,10,True,False,False,,-1,26.9538,4000
2026-06-27 05:52:12,104,B+1.5,16,True,False,False,,-1,27.0124,4000
2026-06-27 05:52:50,133,W+44.5,13,True,False,False,,-1,27.1477,4000
2026-06-27 05:53:36,162,B+8.5,34,True,False,False,,-1,27.217,4000
2026-06-27 05:53:49,51,B+1.5,9,True,False,False,,-1,27.2688,4000
2026-06-27 05:54:20,109,W+4.5,14,True,False,False,,-1,27.3556,4000
2026-06-27 05:54:38,69,B+3.5,13,True,False,False,,-1,27.2281,4000
2026-06-27 05:55:08,109,W+4.5,6,True,False,False,,-1,27.4024,4000
2026-06-27 05:55:22,59,B+4.5,9,True,False,False,,-1,27.2697,4000
2026-06-27 05:55:36,55,B+3.5,6,True,False,False,,-1,27.0753,4000
2026-06-27 05:56:04,117,W+1.5,18,True,False,False,,-1,27.1012,4000
2026-06-27 05:56:35,114,B+9.5,13,True,False,False,,-1,27.0735,4000
2026-06-27 05:57:18,161,W+9.5,36,True,False,False,,-1,27.1933,4000
2026-06-27 05:57:47,99,W+0.5,8,True,False,False,,-1,27.3408,4000
2026-06-27 05:58:12,91,B+4.5,8,True,False,False,,-1,27.2059,4000
2026-06-27 05:58:27,61,B+1.5,12,True,False,False,,-1,27.0647,4000
2026-06-27 05:58:53,100,W+6.5,10,True,False,False,,-1,27.0608,4000
2026-06-27 05:59:26,129,W+3.5,15,True,False,False,,-1,27.05,4000
2026-06-27 06:00:02,162,W+3.5,7,True,False,False,,-1,27.078,4000
2026-06-27 06:00:30,104,B+14.5,8,True,False,False,,-1,27.2011,4000
2026-06-27 06:00:57,100,B+10.5,6,True,False,False,,-1,27.1863,4000
2026-06-27 06:01:29,118,B+7.5,22,True,False,False,,-1,27.2726,4000
2026-06-27 06:01:57,100,B+6.5,8,True,False,False,,-1,27.3925,4000
2026-06-27 06:02:29,112,B+7.5,16,True,False,False,,-1,27.491,4000
2026-06-27 06:02:58,106,B+1.5,16,True,False,False,,-1,27.3886,4000
2026-06-27 06:03:26,100,W+5.5,7,True,False,False,,-1,27.4523,4000
2026-06-27 06:03:49,80,B+6.5,4,True,False,False,,-1,27.3659,4000
2026-06-27 06:04:11,97,B+3.5,16,True,False,False,,-1,27.2802,4000
2026-06-27 06:04:55,162,W+2.5,19,True,False,False,,-1,27.4802,4000
2026-06-27 06:05:26,116,B+4.5,13,True,False,False,,-1,27.6632,4000
2026-06-27 06:05:58,118,B+2.5,16,True,False,False,,-1,27.6945,4000
2026-06-27 06:06:11,53,B+1.5,4,True,False,False,,-1,27.6852,4000
2026-06-27 06:06:38,102,B+11.5,16,True,False,False,,-1,27.5567,4000
2026-06-27 06:06:51,57,B+1.5,8,True,False,False,,-1,27.4923,4000
2026-06-27 06:07:28,142,B+6.5,14,True,False,False,,-1,27.6069,4000
2026-06-27 06:08:00,106,B+0.5,16,True,False,False,,-1,27.8033,4000
2026-06-27 06:08:31,107,W+3.5,8,True,False,False,,-1,27.8618,4000
2026-06-27 06:09:01,108,B+9.5,18,True,False,False,,-1,27.9077,4000
2026-06-27 06:09:30,122,B+6.5,24,True,False,False,,-1,27.9133,4000
2026-06-27 06:09:57,95,B+6.5,24,True,False,False,,-1,27.9168,4000
2026-06-27 06:10:35,137,B+2.5,30,True,False,False,,-1,28.0354,4000
2026-06-27 06:11:00,102,B+6.5,12,True,False,False,,-1,27.9529,4000
2026-06-27 06:11:32,110,B+2.5,18,True,False,False,,-1,28.1148,4000
2026-06-27 06:12:06,118,B+3.5,15,True,False,False,,-1,28.0289,4000
2026-06-27 06:12:37,100,B+0.5,10,True,False,False,,-1,27.9493,4000
2026-06-27 06:13:14,131,B+6.5,21,True,False,False,,-1,28.0602,4000
2026-06-27 06:13:34,79,B+4.5,10,True,False,False,,-1,27.9786,4000
2026-06-27 06:14:07,121,B+3.5,20,True,False,False,,-1,28.0945,4000
2026-06-27 06:14:34,99,B+11.5,8,True,False,False,,-1,28.2477,4000
2026-06-27 06:15:02,108,B+8.5,8,True,False,False,,-1,28.3471,4000
2026-06-27 06:15:42,162,B+2.5,18,True,False,False,,-1,28.5806,4000
2026-06-27 06:16:12,113,B+6.5,12,True,False,False,,-1,28.6304,4000
2026-06-27 06:16:45,118,B+4.5,13,True,False,False,,-1,28.6593,4000
2026-06-27 06:17:13,101,B+5.5,13,True,False,False,,-1,28.5463,4000
2026-06-27 06:17:29,63,B+0.5,8,True,False,False,,-1,28.4629,4000
2026-06-27 06:17:58,102,B+2.5,8,True,False,False,,-1,28.5082,4000
2026-06-27 06:18:27,121,W+3.5,19,True,False,False,,-1,28.5996,4000
2026-06-27 06:18:52,94,B+0.5,9,True,False,False,,-1,28.5449,4000
2026-06-27 06:19:21,102,B+5.5,9,True,False,False,,-1,28.5774,4000
2026-06-27 06:19:49,110,W+2.5,6,True,False,False,,-1,28.6306,4000
2026-06-27 06:20:17,103,W+2.5,9,True,False,False,,-1,28.6654,4000
2026-06-27 06:20:55,162,W+0.5,23,True,False,False,,-1,28.7626,4000
2026-06-27 06:21:22,105,B+6.5,18,True,False,False,,-1,28.8787,4000
2026-06-27 06:21:50,105,B+5.5,14,True,False,False,,-1,28.895,4000
2026-06-27 06:22:15,97,B+0.5,17,True,False,False,,-1,28.7692,4000
2026-06-27 06:22:37,79,B+2.5,9,True,False,False,,-1,28.6756,4000
2026-06-27 06:22:50,51,B+0.5,6,True,False,False,,-1,28.3364,4000
2026-06-27 06:23:32,161,W+0.5,27,True,False,False,,-1,28.4427,4000
2026-06-27 06:24:03,115,W+0.5,17,True,False,False,,-1,28.5,4000
2026-06-27 06:24:47,146,B+0.5,38,True,False,False,,-1,28.6197,4000
2026-06-27 06:25:08,77,B+1.5,8,True,False,False,,-1,28.5209,4000
2026-06-27 06:25:36,103,W+1.5,19,True,False,False,,-1,28.5907,4000
2026-06-27 06:25:59,92,W+0.5,11,True,False,False,,-1,28.5696,4000
2026-06-27 06:26:24,96,B+4.5,11,True,False,False,,-1,28.5282,4000
2026-06-27 06:27:01,131,W+0.5,17,True,False,False,,-1,28.645,4000
2026-06-27 06:27:27,102,B+7.5,19,True,False,False,,-1,28.6008,4000
2026-06-27 06:28:01,120,B+2.5,9,True,False,False,,-1,28.6235,4000
2026-06-27 06:28:37,123,W+1.5,23,True,False,False,,-1,28.6281,4000
2026-06-27 06:29:03,105,B+0.5,24,True,False,False,,-1,28.701,4000
2026-06-27 06:29:42,162,W+9.5,21,True,False,False,,-1,28.7453,4000
2026-06-27 06:30:12,106,B+1.5,11,True,False,False,,-1,28.7597,4000
2026-06-27 06:30:27,57,B+3.5,9,True,False,False,,-1,28.6988,4000
2026-06-27 06:31:01,119,W+2.5,15,True,False,False,,-1,28.7422,4000
2026-06-27 06:31:35,115,W+1.5,15,True,False,False,,-1,28.8165,4000
2026-06-27 06:32:06,114,B+0.5,21,True,False,False,,-1,28.8963,4000
2026-06-27 06:32:32,92,B+4.5,6,True,False,False,,-1,28.886,4000
2026-06-27 06:33:04,109,W+1.5,9,True,False,False,,-1,28.9361,4000
2026-06-27 06:33:36,113,W+5.5,16,True,False,False,,-1,28.943,4000
2026-06-27 06:33:56,73,B+0.5,8,True,False,False,,-1,28.7638,4000
2026-06-27 06:34:26,110,B+7.5,12,True,False,False,,-1,28.7563,4000
2026-06-27 06:35:05,150,B+0.5,23,True,False,False,,-1,28.8473,4000
2026-06-27 06:35:34,112,B+13.5,19,True,False,False,,-1,28.8473,4000
2026-06-27 06:36:08,129,B+3.5,14,True,False,False,,-1,28.7554,4000
2026-06-27 06:36:30,82,B+2.5,7,True,False,False,,-1,28.8358,4000
2026-06-27 06:36:57,92,B+1.5,7,True,False,False,,-1,28.9412,4000
2026-06-27 06:37:25,99,B+3.5,9,True,False,False,,-1,28.8808,4000
2026-06-27 06:37:58,121,W+1.5,12,True,False,False,,-1,28.9976,4000
2026-06-27 06:38:28,104,B+3.5,11,True,False,False,,-1,28.9388,4000
2026-06-27 06:38:54,111,B+1.5,17,True,False,False,,-1,28.8977,4000
2026-06-27 06:39:26,119,W+2.5,18,True,False,False,,-1,28.919,4000
2026-06-27 06:40:04,128,W+2.5,18,True,False,False,,-1,28.9989,4000
2026-06-27 06:40:37,120,B+4.5,15,True,False,False,,-1,29.0463,4000
2026-06-27 06:41:11,124,B+3.5,9,True,False,False,,-1,29.0083,4000
2026-06-27 06:41:43,122,B+9.5,11,True,False,False,,-1,28.865,4000
2026-06-27 06:42:14,119,W+5.5,7,True,False,False,,-1,29.05,4000
2026-06-27 06:42:44,113,B+12.5,17,True,False,False,,-1,29.03,4000
2026-06-27 06:43:16,121,B+0.5,18,True,False,False,,-1,29.1835,4000
2026-06-27 06:43:45,107,B+4.5,13,True,False,False,,-1,29.1676,4000
2026-06-27 06:44:32,162,W+0.5,37,True,False,False,,-1,29.495,4000
2026-06-27 06:45:08,136,B+4.5,21,True,False,False,,-1,29.7171,4000
2026-06-27 06:45:38,120,B+2.5,19,True,False,False,,-1,29.7364,4000
2026-06-27 06:46:03,100,B+3.5,15,True,False,False,,-1,29.6774,4000
2026-06-27 06:46:32,105,B+4.5,9,True,False,False,,-1,29.536,4000
2026-06-27 06:47:01,106,B+6.5,18,True,False,False,,-1,29.544,4000
2026-06-27 06:47:16,59,B+0.5,8,True,False,False,,-1,29.4351,4000
2026-06-27 06:47:34,65,B+3.5,10,True,False,False,,-1,29.4658,4000
2026-06-27 06:48:10,138,B+1.5,22,True,False,False,,-1,29.5641,4000
2026-06-27 06:48:41,111,W+0.5,9,True,False,False,,-1,29.5503,4000
2026-06-27 06:49:08,104,B+5.5,10,True,False,False,,-1,29.4623,4000
2026-06-27 06:49:37,101,B+5.5,18,True,False,False,,-1,29.4615,4000
2026-06-27 06:50:24,162,W+5.5,26,True,False,False,,-1,29.6692,4000
2026-06-27 06:50:56,115,B+4.5,19,True,False,False,,-1,29.6631,4000
2026-06-27 06:51:21,100,B+7.5,11,True,False,False,,-1,29.6421,4000
2026-06-27 06:51:43,90,W+5.5,5,True,False,False,,-1,29.5424,4000
2026-06-27 06:52:13,108,W+4.5,9,True,False,False,,-1,29.5484,4000
2026-06-27 06:52:44,106,W+4.5,10,True,False,False,,-1,29.5797,4000
2026-06-27 06:53:09,99,B+0.5,15,True,False,False,,-1,29.6025,4000
2026-06-27 06:53:35,100,B+1.5,10,True,False,False,,-1,29.6369,4000
2026-06-27 06:54:01,93,B+0.5,14,True,False,False,,-1,29.4515,4000
2026-06-27 06:54:32,124,B+3.5,20,True,False,False,,-1,29.4589,4000
2026-06-27 06:55:07,125,B+12.5,21,True,False,False,,-1,29.4887,4000
2026-06-27 06:55:33,98,B+7.5,12,True,False,False,,-1,29.6129,4000
2026-06-27 06:56:02,109,B+9.5,10,True,False,False,,-1,29.6387,4000
2026-06-27 06:56:20,75,B+2.5,12,True,False,False,,-1,29.6894,4000
2026-06-27 06:56:44,89,B+4.5,14,True,False,False,,-1,29.5583,4000
2026-06-27 06:57:22,132,B+3.5,20,True,False,False,,-1,29.6213,4000
2026-06-27 06:57:50,116,B+1.5,25,True,False,False,,-1,29.5887,4000
2026-06-27 06:58:24,127,B+1.5,15,True,False,False,,-1,29.6259,4000
2026-06-27 06:58:49,95,B+2.5,13,True,False,False,,-1,29.5826,4000
2026-06-27 06:59:17,118,B+1.5,12,True,False,False,,-1,29.5966,4000
2026-06-27 06:59:42,103,W+4.5,10,True,False,False,,-1,29.4728,4000
2026-06-27 07:00:07,90,B+3.5,12,True,False,False,,-1,29.4634,4000
2026-06-27 07:00:35,98,B+0.5,15,True,False,False,,-1,29.4292,4000
2026-06-27 07:01:14,162,W+3.5,8,True,False,False,,-1,29.4722,4000
2026-06-27 07:01:34,77,B+1.5,10,True,False,False,,-1,29.3647,4000
2026-06-27 07:02:08,110,B+1.5,18,True,False,False,,-1,29.3366,4000
2026-06-27 07:02:40,104,B+14.5,10,True,False,False,,-1,29.4575,4000
2026-06-27 07:03:12,109,B+0.5,12,True,False,False,,-1,29.4419,4000
2026-06-27 07:03:42,116,B+3.5,17,True,False,False,,-1,29.4779,4000
2026-06-27 07:04:15,115,B+0.5,15,True,False,False,,-1,29.5245,4000
2026-06-27 07:04:44,113,W+22.5,7,True,False,False,,-1,29.4107,4000
2026-06-27 07:05:08,100,B+0.5,13,True,False,False,,-1,29.3581,4000
2026-06-27 07:05:30,79,B+3.5,2,True,False,False,,-1,29.2428,4000
2026-06-27 07:06:03,120,B+4.5,15,True,False,False,,-1,29.3017,4000
2026-06-27 07:06:40,129,W+6.5,11,True,False,False,,-1,29.5071,4000
2026-06-27 07:07:06,91,B+4.5,13,True,False,False,,-1,29.4775,4000
2026-06-27 07:07:19,53,B+0.5,3,True,False,False,,-1,29.3198,4000
2026-06-27 07:07:46,100,W+7.5,12,True,False,False,,-1,29.3418,4000
2026-06-27 07:08:12,93,W+7.5,7,True,False,False,,-1,29.3137,4000
2026-06-27 07:08:44,109,W+0.5,16,True,False,False,,-1,29.3485,4000
2026-06-27 07:09:09,91,B+6.5,9,True,False,False,,-1,29.3188,4000
2026-06-27 07:09:38,114,B+4.5,17,True,False,False,,-1,29.2227,4000
2026-06-27 07:10:09,116,B+8.5,14,True,False,False,,-1,29.2638,4000
2026-06-27 07:10:43,130,B+1.5,12,True,False,False,,-1,29.3296,4000
2026-06-27 07:11:11,102,B+0.5,10,True,False,False,,-1,29.3512,4000
2026-06-27 07:11:44,129,B+4.5,25,True,False,False,,-1,29.4693,4000
2026-06-27 07:11:58,57,B+0.5,6,True,False,False,,-1,29.4845,4000
2026-06-27 07:12:12,59,B+3.5,8,True,False,False,,-1,29.2022,4000
2026-06-27 07:12:51,132,B+3.5,22,True,False,False,,-1,29.2772,4000
2026-06-27 07:13:09,66,W+1.5,2,True,False,False,,-1,29.018,4000
2026-06-27 07:13:27,71,B+3.5,7,True,False,False,,-1,28.9931,4000
2026-06-27 07:14:09,141,W+0.5,17,True,False,False,,-1,29.1292,4000
2026-06-27 07:14:46,133,B+0.5,24,True,False,False,,-1,29.263,4000
2026-06-27 07:15:16,104,B+2.5,10,True,False,False,,-1,29.3116,4000
2026-06-27 07:15:44,107,B+4.5,3,True,False,False,,-1,29.2199,4000
2026-06-27 07:16:11,104,B+1.5,8,True,False,False,,-1,29.2444,4000
2026-06-27 07:16:49,135,W+0.5,20,True,False,False,,-1,29.2719,4000
2026-06-27 07:17:12,87,B+0.5,11,True,False,False,,-1,29.1532,4000
2026-06-27 07:17:42,102,W+6.5,16,True,False,False,,-1,29.1895,4000
2026-06-27 07:18:07,91,B+0.5,9,True,False,False,,-1,29.0504,4000
2026-06-27 07:18:41,137,B+1.5,31,True,False,False,,-1,29.0903,4000
2026-06-27 07:19:06,87,B+0.5,5,True,False,False,,-1,29.1849,4000
2026-06-27 07:19:32,104,B+2.5,12,True,False,False,,-1,29.115,4000
2026-06-27 07:20:12,134,W+2.5,23,True,False,False,,-1,29.1677,4000
2026-06-27 07:20:48,122,B+6.5,21,True,False,False,,-1,29.2128,4000
2026-06-27 07:21:16,106,B+0.5,21,True,False,False,,-1,29.2338,4000
2026-06-27 07:21:32,61,B+3.5,8,True,False,False,,-1,29.082,4000
2026-06-27 07:22:02,102,B+2.5,9,True,False,False,,-1,29.0539,4000
2026-06-27 07:22:27,94,B+2.5,4,True,False,False,,-1,29.1045,4000
2026-06-27 07:22:53,101,W+2.5,9,True,False,False,,-1,29.0693,4000
2026-06-27 07:23:22,109,W+1.5,14,True,False,False,,-1,28.9661,4000
2026-06-27 07:23:46,87,W+2.5,7,True,False,False,,-1,28.9206,4000
2026-06-27 07:24:13,100,B+4.5,17,True,False,False,,-1,28.8504,4000
2026-06-27 07:24:56,162,W+6.5,32,True,False,False,,-1,29.0567,4000
2026-06-27 07:25:21,95,W+2.5,8,True,False,False,,-1,29.0318,4000
2026-06-27 07:25:54,118,B+6.5,10,True,False,False,,-1,29.0894,4000
2026-06-27 07:26:18,93,W+5.5,4,True,False,False,,-1,29.0001,4000
2026-06-27 07:26:51,116,B+6.5,17,True,False,False,,-1,29.028,4000
2026-06-27 07:27:17,98,B+1.5,12,True,False,False,,-1,29.0263,4000
2026-06-27 07:27:44,101,W+2.5,9,True,False,False,,-1,28.9818,4000
2026-06-27 07:28:13,98,B+5.5,13,True,False,False,,-1,28.8902,4000
2026-06-27 07:28:48,119,B+11.5,17,True,False,False,,-1,28.9118,4000
2026-06-27 07:29:16,103,W+2.5,10,True,False,False,,-1,28.8444,4000
2026-06-27 07:29:44,108,W+9.5,7,True,False,False,,-1,28.8091,4000
2026-06-27 07:30:28,149,B+3.5,25,True,False,False,,-1,28.9299,4000
2026-06-27 07:30:57,116,B+1.5,20,True,False,False,,-1,28.928,4000
2026-06-27 07:31:32,130,B+8.5,19,True,False,False,,-1,28.9545,4000
2026-06-27 07:31:59,104,B+4.5,19,True,False,False,,-1,28.9447,4000
2026-06-27 07:32:33,121,W+4.5,16,True,False,False,,-1,28.8079,4000
2026-06-27 07:33:10,127,W+6.5,19,True,False,False,,-1,28.8168,4000
2026-06-27 07:33:39,97,B+9.5,10,True,False,False,,-1,28.8021,4000
2026-06-27 07:34:02,91,W+1.5,8,True,False,False,,-1,28.7792,4000
2026-06-27 07:34:26,91,B+0.5,11,True,False,False,,-1,28.7313,4000
2026-06-27 07:34:50,88,B+5.5,9,True,False,False,,-1,28.6862,4000
2026-06-27 07:35:18,113,W+6.5,18,True,False,False,,-1,28.8172,4000
2026-06-27 07:35:44,101,W+1.5,15,True,False,False,,-1,28.8987,4000
2026-06-27 07:36:11,100,B+2.5,9,True,False,False,,-1,28.8055,4000
2026-06-27 07:36:35,90,W+5.5,11,True,False,False,,-1,28.7329,4000
2026-06-27 07:37:06,110,B+2.5,18,True,False,False,,-1,28.7757,4000
2026-06-27 07:37:28,77,B+0.5,4,True,False,False,,-1,28.7104,4000
2026-06-27 07:37:59,121,W+1.5,24,True,False,False,,-1,28.5458,4000
2026-06-27 07:38:22,90,B+5.5,9,True,False,False,,-1,28.4624,4000
2026-06-27 07:38:57,121,B+1.5,17,True,False,False,,-1,28.5624,4000
2026-06-27 07:39:25,99,W+5.5,10,True,False,False,,-1,28.6119,4000
2026-06-27 07:39:58,120,B+1.5,22,True,False,False,,-1,28.6542,4000
2026-06-27 07:40:20,86,B+3.5,14,True,False,False,,-1,28.5593,4000
2026-06-27 07:40:48,94,B+7.5,7,True,False,False,,-1,28.5834,4000
2026-06-27 07:41:15,104,B+8.5,20,True,False,False,,-1,28.5938,4000
2026-06-27 07:41:44,110,B+6.5,14,True,False,False,,-1,28.6275,4000
2026-06-27 07:42:00,65,B+3.5,6,True,False,False,,-1,28.4749,4000
2026-06-27 07:42:27,94,B+6.5,5,True,False,False,,-1,28.3965,4000
2026-06-27 07:43:10,160,B+2.5,31,True,False,False,,-1,28.5747,4000
2026-06-27 07:43:41,117,B+6.5,25,True,False,False,,-1,28.5933,4000
2026-06-27 07:44:03,79,B+1.5,4,True,False,False,,-1,28.6272,4000
2026-06-27 07:44:40,162,W+9.5,31,True,False,False,,-1,28.7547,4000
2026-06-27 07:45:11,139,B+7.5,19,True,False,False,,-1,28.6867,4000
2026-06-27 07:45:40,112,B+1.5,24,True,False,False,,-1,28.6938,4000
2026-06-27 07:45:57,70,W+3.5,3,True,False,False,,-1,28.5309,4000
2026-06-27 07:46:32,121,W+1.5,14,True,False,False,,-1,28.6304,4000
2026-06-27 07:47:12,162,W+7.5,33,True,False,False,,-1,28.7543,4000
2026-06-27 07:47:38,94,B+3.5,14,True,False,False,,-1,28.7519,4000
2026-06-27 07:48:08,109,B+3.5,13,True,False,False,,-1,28.8079,4000
2026-06-27 07:48:35,96,B+7.5,10,True,False,False,,-1,28.7922,4000
2026-06-27 07:49:13,135,B+1.5,28,True,False,False,,-1,28.7939,4000
2026-06-27 07:49:41,111,W+0.5,8,True,False,False,,-1,28.8717,4000
2026-06-27 07:50:09,107,W+8.5,12,True,False,False,,-1,28.806,4000
2026-06-27 07:50:36,97,B+6.5,8,True,False,False,,-1,28.7597,4000
2026-06-27 07:51:05,109,W+4.5,17,True,False,False,,-1,28.7291,4000
2026-06-27 07:51:32,99,W+3.5,4,True,False,False,,-1,28.6921,4000
2026-06-27 07:52:00,113,B+3.5,11,True,False,False,,-1,28.6545,4000
2026-06-27 07:52:21,73,B+2.5,3,True,False,False,,-1,28.57,4000
2026-06-27 07:52:36,63,B+0.5,6,True,False,False,,-1,28.4745,4000
2026-06-27 07:53:01,90,B+2.5,13,True,False,False,,-1,28.5072,4000
2026-06-27 07:53:25,92,B+0.5,7,True,False,False,,-1,28.4202,4000
2026-06-27 07:53:52,98,B+0.5,9,True,False,False,,-1,28.3128,4000
2026-06-27 07:54:06,57,B+0.5,4,True,False,False,,-1,28.1985,4000
2026-06-27 07:54:34,103,W+0.5,7,True,False,False,,-1,28.3461,4000
2026-06-27 07:55:15,141,B+0.5,23,True,False,False,,-1,28.4822,4000
2026-06-27 07:55:30,63,B+5.5,11,True,False,False,,-1,28.3749,4000
2026-06-27 07:55:45,55,B+4.5,13,True,False,False,,-1,28.202,4000
2026-06-27 07:56:15,105,W+4.5,16,True,False,False,,-1,28.255,4000
2026-06-27 07:56:42,97,B+2.5,10,True,False,False,,-1,28.2352,4000
2026-06-27 07:56:59,67,B+3.5,8,True,False,False,,-1,28.1012,4000
2026-06-27 07:57:29,106,B+2.5,16,True,False,False,,-1,28.056,4000
2026-06-27 07:57:57,97,B+1.5,4,True,False,False,,-1,28.0546,4000
2026-06-27 07:58:12,61,B+0.5,9,True,False,False,,-1,27.8824,4000
2026-06-27 07:58:41,106,B+4.5,14,True,False,False,,-1,28.0223,4000
2026-06-27 07:59:20,158,B+3.5,30,True,False,False,,-1,28.2723,4000
2026-06-27 07:59:51,111,W+1.5,8,True,False,False,,-1,28.2018,4000
2026-06-27 08:00:16,91,B+1.5,9,True,False,False,,-1,28.2696,4000
2026-06-27 08:00:43,105,B+12.5,18,True,False,False,,-1,28.3574,4000
2026-06-27 08:01:20,138,B+5.5,24,True,False,False,,-1,28.3114,4000
2026-06-27 08:01:44,92,W+1.5,8,True,False,False,,-1,28.1819,4000
2026-06-27 08:02:09,99,W+3.5,16,True,False,False,,-1,28.1299,4000
2026-06-27 08:02:49,142,B+1.5,23,True,False,False,,-1,28.249,4000
2026-06-27 08:03:16,94,B+5.5,10,True,False,False,,-1,28.2414,4000
2026-06-27 08:03:58,159,W+4.5,33,True,False,False,,-1,28.2905,4000
2026-06-27 08:04:33,126,B+6.5,21,True,False,False,,-1,28.4037,4000
2026-06-27 08:05:08,122,B+2.5,16,True,False,False,,-1,28.4517,4000
2026-06-27 08:05:43,123,B+0.5,18,True,False,False,,-1,28.5568,4000
2026-06-27 08:06:06,87,B+7.5,11,True,False,False,,-1,28.4391,4000
2026-06-27 08:06:39,111,B+7.5,9,True,False,False,,-1,28.5331,4000
2026-06-27 08:06:56,73,B+3.5,15,True,False,False,,-1,28.4359,4000
2026-06-27 08:07:28,105,W+2.5,13,True,False,False,,-1,28.3578,4000
2026-06-27 08:07:57,108,B+14.5,14,True,False,False,,-1,28.2905,4000
2026-06-27 08:08:24,96,B+2.5,5,True,False,False,,-1,28.2855,4000
2026-06-27 08:08:56,109,W+0.5,13,True,False,False,,-1,28.4358,4000
2026-06-27 08:09:26,119,B+14.5,22,True,False,False,,-1,28.4447,4000
2026-06-27 08:09:59,129,B+10.5,24,True,False,False,,-1,28.5222,4000
2026-06-27 08:10:26,103,B+5.5,8,True,False,False,,-1,28.5233,4000
2026-06-27 08:11:00,123,B+6.5,19,True,False,False,,-1,28.5798,4000
2026-06-27 08:11:22,87,B+6.5,10,True,False,False,,-1,28.5579,4000
2026-06-27 08:11:47,96,B+1.5,7,True,False,False,,-1,28.5411,4000
2026-06-27 08:12:17,105,W+0.5,15,True,False,False,,-1,28.4075,4000
2026-06-27 08:12:43,104,B+1.5,12,True,False,False,,-1,28.4221,4000
2026-06-27 08:13:10,107,B+1.5,17,True,False,False,,-1,28.3592,4000
2026-06-27 08:13:37,99,W+1.5,7,True,False,False,,-1,28.3936,4000
2026-06-27 08:14:01,88,B+9.5,6,True,False,False,,-1,28.3069,4000
2026-06-27 08:14:29,110,B+3.5,21,True,False,False,,-1,28.3213,4000
2026-06-27 08:14:56,97,B+9.5,8,True,False,False,,-1,28.3213,4000
2026-06-27 08:15:09,57,B+1.5,6,True,False,False,,-1,28.153,4000
2026-06-27 08:15:44,122,B+4.5,16,True,False,False,,-1,28.1556,4000
2026-06-27 08:16:15,120,B+0.5,17,True,False,False,,-1,28.1924,4000
2026-06-27 08:16:48,110,B+1.5,9,True,False,False,,-1,28.2387,4000
2026-06-27 08:17:15,101,B+3.5,13,True,False,False,,-1,28.0674,4000
2026-06-27 08:17:40,84,W+0.5,7,True,False,False,,-1,28.0313,4000
2026-06-27 08:18:05,92,W+8.5,2,True,False,False,,-1,27.9291,4000
2026-06-27 08:18:41,140,B+2.5,24,True,False,False,,-1,28.013,4000
2026-06-27 08:19:03,89,B+3.5,3,True,False,False,,-1,27.895,4000
2026-06-27 08:19:31,108,B+2.5,18,True,False,False,,-1,27.8073,4000
2026-06-27 08:20:05,118,B+0.5,19,True,False,False,,-1,27.858,4000
2026-06-27 08:20:32,101,B+3.5,13,True,False,False,,-1,27.8965,4000
2026-06-27 08:21:02,114,B+12.5,10,True,False,False,,-1,27.9635,4000
2026-06-27 08:21:17,57,B+4.5,7,True,False,False,,-1,27.864,4000
2026-06-27 08:21:49,118,B+4.5,11,True,False,False,,-1,27.9126,4000
2026-06-27 08:22:35,162,W+5.5,34,True,False,False,,-1,28.1044,4000
2026-06-27 08:23:03,97,B+4.5,13,True,False,False,,-1,28.1187,4000
2026-06-27 08:23:35,119,W+2.5,25,True,False,False,,-1,28.203,4000
2026-06-27 08:23:58,85,B+1.5,4,True,False,False,,-1,28.1124,4000
2026-06-27 08:24:34,136,B+5.5,25,True,False,False,,-1,28.2583,4000
2026-06-27 08:24:56,91,B+7.5,12,True,False,False,,-1,28.1694,4000
2026-06-27 08:25:25,105,B+2.5,13,True,False,False,,-1,28.2216,4000
2026-06-27 08:25:48,83,B+0.5,3,True,False,False,,-1,28.1037,4000
2026-06-27 08:26:23,132,B+16.5,23,True,False,False,,-1,28.1828,4000
2026-06-27 08:27:06,137,W+0.5,19,True,False,False,,-1,28.2752,4000
2026-06-27 08:27:23,63,B+2.5,10,True,False,False,,-1,28.2213,4000
2026-06-27 08:27:51,115,W+1.5,16,True,False,False,,-1,28.2311,4000
2026-06-27 08:28:21,112,B+8.5,20,True,False,False,,-1,28.2576,4000
2026-06-27 08:28:51,106,B+5.5,14,True,False,False,,-1,28.2665,4000
2026-06-27 08:29:07,65,B+5.5,6,True,False,False,,-1,28.271,4000
2026-06-27 08:29:31,94,B+2.5,8,True,False,False,,-1,28.2386,4000
2026-06-27 08:30:01,105,B+2.5,21,True,False,False,,-1,28.1032,4000
2026-06-27 08:30:35,122,B+0.5,17,True,False,False,,-1,28.1382,4000
2026-06-27 08:31:01,95,W+3.5,5,True,False,False,,-1,28.1767,4000
2026-06-27 08:31:26,84,W+2.5,7,True,False,False,,-1,28.0552,4000
2026-06-27 08:32:00,124,B+13.5,23,True,False,False,,-1,28.0846,4000
2026-06-27 08:32:27,100,B+3.5,18,True,False,False,,-1,28.0706,4000
2026-06-27 08:32:48,85,B+1.5,14,True,False,False,,-1,28.1082,4000
2026-06-27 08:33:27,132,B+0.5,14,True,False,False,,-1,28.1493,4000
2026-06-27 08:34:03,120,B+1.5,15,True,False,False,,-1,28.1017,4000
2026-06-27 08:34:34,122,B+3.5,26,True,False,False,,-1,28.1607,4000
2026-06-27 08:35:10,136,B+8.5,21,True,False,False,,-1,28.2145,4000
2026-06-27 08:35:36,110,B+7.5,17,True,False,False,,-1,28.2127,4000
2026-06-27 08:36:11,124,B+3.5,18,True,False,False,,-1,28.1774,4000
2026-06-27 08:36:42,117,B+0.5,21,True,False,False,,-1,28.205,4000
2026-06-27 08:37:05,84,B+7.5,10,True,False,False,,-1,28.1556,4000
2026-06-27 08:37:32,101,W+0.5,14,True,False,False,,-1,28.1535,4000
2026-06-27 08:37:59,99,W+9.5,14,True,False,False,,-1,28.1417,4000
2026-06-27 08:38:33,128,B+7.5,18,True,False,False,,-1,28.2135,4000
2026-06-27 08:38:59,99,W+2.5,8,True,False,False,,-1,28.1885,4000
2026-06-27 08:39:27,98,B+1.5,8,True,False,False,,-1,28.2559,4000
2026-06-27 08:39:40,55,B+3.5,12,True,False,False,,-1,28.2329,4000
2026-06-27 08:40:07,104,B+2.5,19,True,False,False,,-1,28.259,4000
2026-06-27 08:40:34,90,B+0.5,5,True,False,False,,-1,28.2786,4000
2026-06-27 08:40:56,81,B+0.5,5,True,False,False,,-1,28.2379,4000
2026-06-27 08:41:22,95,B+1.5,10,True,False,False,,-1,28.3612,4000
2026-06-27 08:41:43,79,B+9.5,10,True,False,False,,-1,28.2895,4000
2026-06-27 08:42:03,73,B+0.5,2,True,False,False,,-1,28.0788,4000
2026-06-27 08:42:27,94,B+8.5,12,True,False,False,,-1,28.1631,4000
2026-06-27 08:43:01,121,W+1.5,15,True,False,False,,-1,28.3588,4000
2026-06-27 08:43:24,87,B+0.5,3,True,False,False,,-1,28.2939,4000
2026-06-27 08:43:55,107,W+2.5,7,True,False,False,,-1,28.3285,4000
2026-06-27 08:44:31,127,B+1.5,22,True,False,False,,-1,28.5192,4000
2026-06-27 08:44:58,103,W+0.5,8,True,False,False,,-1,28.4836,4000
2026-06-27 08:45:11,53,B+0.5,5,True,False,False,,-1,28.3448,4000
2026-06-27 08:45:31,71,B+0.5,5,True,False,False,,-1,28.389,4000
2026-06-27 08:45:57,102,B+0.5,11,True,False,False,,-1,28.3636,4000
2026-06-27 08:46:44,158,W+0.5,21,True,False,False,,-1,28.4395,4000
2026-06-27 08:47:12,110,B+0.5,19,True,False,False,,-1,28.4038,4000
2026-06-27 08:47:42,118,B+2.5,14,True,False,False,,-1,28.4614,4000
2026-06-27 08:48:16,130,B+1.5,25,True,False,False,,-1,28.5236,4000
2026-06-27 08:48:46,104,B+2.5,7,True,False,False,,-1,28.4548,4000
2026-06-27 08:49:27,149,W+2.5,20,True,False,False,,-1,28.6249,4000
2026-06-27 08:49:40,45,B+0.5,7,True,False,False,,-1,28.5113,4000
2026-06-27 08:50:04,89,B+1.5,11,True,False,False,,-1,28.3468,4000
2026-06-27 08:50:28,89,B+0.5,3,True,False,False,,-1,28.3185,4000
2026-06-27 08:50:54,112,B+12.5,18,True,False,False,,-1,28.1611,4000
2026-06-27 08:51:09,61,B+7.5,13,True,False,False,,-1,27.9592,4000
2026-06-27 08:51:42,131,W+1.5,23,True,False,False,,-1,27.9437,4000
2026-06-27 08:52:11,113,B+10.5,11,True,False,False,,-1,27.8787,4000
2026-06-27 08:52:40,114,B+2.5,14,True,False,False,,-1,27.9373,4000
2026-06-27 08:53:07,104,B+4.5,20,True,False,False,,-1,27.8802,4000
2026-06-27 08:53:32,98,B+7.5,17,True,False,False,,-1,27.9551,4000
2026-06-27 08:53:58,99,W+3.5,14,True,False,False,,-1,27.8984,4000
2026-06-27 08:54:30,122,B+4.5,7,True,False,False,,-1,27.9257,4000
2026-06-27 08:55:01,107,W+1.5,7,True,False,False,,-1,27.961,4000
2026-06-27 08:55:30,107,B+4.5,18,True,False,False,,-1,27.9402,4000
2026-06-27 08:56:01,101,W+4.5,13,True,False,False,,-1,27.9443,4000
2026-06-27 08:56:16,63,B+3.5,6,True,False,False,,-1,27.7624,4000
2026-06-27 08:56:50,121,B+9.5,10,True,False,False,,-1,27.8372,4000
2026-06-27 08:57:16,100,B+1.5,8,True,False,False,,-1,27.7546,4000
2026-06-27 08:57:39,89,B+1.5,4,True,False,False,,-1,27.7625,4000
2026-06-27 08:58:06,96,B+8.5,5,True,False,False,,-1,27.7901,4000
2026-06-27 08:58:32,87,B+1.5,7,True,False,False,,-1,27.742,4000
2026-06-27 08:59:03,109,W+0.5,19,True,False,False,,-1,27.7919,4000
2026-06-27 08:59:37,133,B+2.5,28,True,False,False,,-1,27.8704,4000
2026-06-27 08:59:51,55,B+2.5,10,True,False,False,,-1,27.7308,4000
2026-06-27 09:00:08,67,B+7.5,13,True,False,False,,-1,27.6616,4000
2026-06-27 09:00:35,101,B+0.5,14,True,False,False,,-1,27.6562,4000
2026-06-27 09:01:05,108,B+2.5,19,True,False,False,,-1,27.6837,4000
2026-06-27 09:01:42,126,B+7.5,22,True,False,False,,-1,27.9328,4000
2026-06-27 09:02:26,162,B+10.5,26,True,False,False,,-1,28.0199,4000
2026-06-27 09:02:56,104,B+1.5,15,True,False,False,,-1,28.006,4000
2026-06-27 09:03:22,108,B+2.5,19,True,False,False,,-1,27.9355,4000
2026-06-27 09:03:47,99,B+3.5,11,True,False,False,,-1,27.9221,4000
2026-06-27 09:04:31,162,W+1.5,29,True,False,False,,-1,28.1111,4000
2026-06-27 09:05:01,107,B+3.5,20,True,False,False,,-1,28.1613,4000
2026-06-27 09:05:28,97,B+0.5,14,True,False,False,,-1,28.071,4000
2026-06-27 09:05:54,91,B+2.5,10,True,False,False,,-1,28.1074,4000
2026-06-27 09:06:08,57,B+3.5,9,True,False,False,,-1,27.9651,4000
2026-06-27 09:06:51,162,B+16.5,38,True,False,False,,-1,28.0624,4000
2026-06-27 09:07:27,123,B+2.5,21,True,False,False,,-1,28.152,4000
2026-06-27 09:07:55,100,B+0.5,5,True,False,False,,-1,28.1306,4000
2026-06-27 09:08:21,90,B+2.5,6,True,False,False,,-1,28.2348,4000
2026-06-27 09:08:46,89,B+1.5,4,True,False,False,,-1,28.1689,4000
2026-06-27 09:09:20,120,B+5.5,13,True,False,False,,-1,28.0492,4000
2026-06-27 09:09:42,84,B+3.5,6,True,False,False,,-1,27.9905,4000
2026-06-27 09:10:21,139,B+1.5,25,True,False,False,,-1,28.0526,4000
2026-06-27 09:10:49,99,W+2.5,7,True,False,False,,-1,28.1049,4000
2026-06-27 09:11:14,94,B+16.5,5,True,False,False,,-1,28.0009,4000
2026-06-27 09:11:46,114,B+3.5,20,True,False,False,,-1,28.1023,4000
2026-06-27 09:12:22,162,B+9.5,11,True,False,False,,-1,28.1749,4000
2026-06-27 09:12:50,102,B+4.5,14,True,False,False,,-1,28.2195,4000
2026-06-27 09:13:06,57,B+0.5,6,True,False,False,,-1,28.0245,4000
2026-06-27 09:13:33,110,B+1.5,13,True,False,False,,-1,27.8689,4000
2026-06-27 09:14:07,125,W+0.5,29,True,False,False,,-1,28.044,4000
2026-06-27 09:14:32,87,B+0.5,4,True,False,False,,-1,28.0016,4000
2026-06-27 09:15:05,109,B+1.5,10,True,False,False,,-1,28.0428,4000
2026-06-27 09:15:36,107,W+2.5,12,True,False,False,,-1,28.0532,4000
2026-06-27 09:16:04,101,B+10.5,8,True,False,False,,-1,28.1675,4000
2026-06-27 09:16:34,122,B+1.5,18,True,False,False,,-1,28.2315,4000
2026-06-27 09:17:05,125,W+3.5,23,True,False,False,,-1,28.2329,4000
