datetime,game_length,game_result,num_passes,is_resign_disabled,is_marked_for_resign,is_could_won,marked_resign_player,resign_threshold,time_per_game,training_steps
2026-06-18 19:19:49,162,B+38.5,0,True,False,False,,-1,44.3044,0
2026-06-18 19:20:18,147,B+49.5,3,True,False,False,,-1,37.0622,0
2026-06-18 19:20:54,162,B+27.5,0,True,False,False,,-1,36.6719,0
2026-06-18 19:21:16,113,B+25.5,2,True,False,False,,-1,32.8201,0
2026-06-18 19:21:46,153,B+49.5,3,True,False,False,,-1,32.3577,0
2026-06-18 19:22:17,160,W+71.5,2,True,False,False,,-1,32.1387,0
2026-06-18 19:22:51,162,W+24.5,0,True,False,False,,-1,32.4226,0
2026-06-18 19:23:21,162,B+13.5,1,True,False,False,,-1,32.0922,0
2026-06-18 19:23:54,162,W+32.5,0,True,False,False,,-1,32.1379,0
2026-06-18 19:24:19,129,W+48.5,2,True,False,False,,-1,31.461,0
2026-06-18 19:24:55,162,W+34.5,1,True,False,False,,-1,31.8684,0
2026-06-18 19:25:31,162,W+50.5,0,True,False,False,,-1,32.255,0
2026-06-18 19:25:58,139,B+51.5,2,True,False,False,,-1,31.8204,0
2026-06-18 19:26:35,162,B+5.5,1,True,False,False,,-1,32.2193,0
2026-06-18 19:27:10,162,W+23.5,0,True,False,False,,-1,32.3548,0
2026-06-18 19:27:39,162,B+58.5,0,True,False,False,,-1,32.1931,0
2026-06-18 19:28:08,152,W+59.5,2,True,False,False,,-1,31.9978,0
2026-06-18 19:28:38,162,W+74.5,2,True,False,False,,-1,31.891,0
2026-06-18 19:29:10,162,W+36.5,0,True,False,False,,-1,31.8768,0
2026-06-18 19:29:43,162,W+50.5,2,True,False,False,,-1,31.9346,0
2026-06-18 19:30:11,153,B+52.5,2,True,False,False,,-1,31.7472,0
2026-06-18 19:30:49,162,W+45.5,1,True,False,False,,-1,32.0366,0
2026-06-18 19:31:24,162,B+15.5,2,True,False,False,,-1,32.1495,0
2026-06-18 19:31:46,111,W+10.5,2,True,False,False,,-1,31.7277,0
2026-06-18 19:32:09,119,B+32.5,2,True,False,False,,-1,31.3832,0
2026-06-18 19:32:40,162,W+25.5,0,True,False,False,,-1,31.3688,0
2026-06-18 19:33:16,162,W+29.5,0,True,False,False,,-1,31.5522,0
2026-06-18 19:33:54,162,W+10.5,1,True,False,False,,-1,31.777,0
2026-06-18 19:34:32,162,W+2.5,0,True,False,False,,-1,31.9812,0
2026-06-18 19:35:03,162,B+31.5,0,True,False,False,,-1,31.9515,0
2026-06-18 19:35:37,162,W+54.5,0,True,False,False,,-1,32.0347,0
2026-06-18 19:36:14,162,W+39.5,1,True,False,False,,-1,32.1674,0
2026-06-18 19:36:46,162,W+65.5,0,True,False,False,,-1,32.1627,0
2026-06-18 19:37:14,152,W+57.5,2,True,False,False,,-1,32.0373,0
2026-06-18 19:37:49,162,W+5.5,2,True,False,False,,-1,32.1246,0
2026-06-18 19:38:24,162,B+42.5,0,True,False,False,,-1,32.2163,0
2026-06-18 19:38:52,143,B+46.5,2,True,False,False,,-1,32.1077,0
2026-06-18 19:39:26,162,B+32.5,0,True,False,False,,-1,32.1566,0
2026-06-18 19:40:01,162,B+2.5,0,True,False,False,,-1,32.2178,0
2026-06-18 19:40:38,162,W+56.5,1,True,False,False,,-1,32.333,0
2026-06-18 19:41:11,162,W+40.5,0,True,False,False,,-1,32.351,0
2026-06-18 19:41:44,162,B+35.5,0,True,False,False,,-1,32.3717,0
2026-06-18 19:42:19,162,B+45.5,0,True,False,False,,-1,32.4387,0
2026-06-18 19:42:53,162,W+64.5,0,True,False,False,,-1,32.4585,0
2026-06-18 19:43:22,159,B+51.5,2,True,False,False,,-1,32.3998,0
2026-06-18 19:43:53,143,B+32.5,3,True,False,False,,-1,32.3631,0
2026-06-18 19:44:15,125,B+25.5,2,True,False,False,,-1,32.1384,0
2026-06-18 19:44:52,162,W+0.5,0,True,False,False,,-1,32.2489,0
2026-06-18 19:45:25,162,W+63.5,2,True,False,False,,-1,32.2496,0
2026-06-18 19:46:01,162,B+32.5,0,True,False,False,,-1,32.3245,0
2026-06-18 19:46:36,162,W+46.5,1,True,False,False,,-1,32.3784,0
2026-06-18 19:47:03,145,B+23.5,2,True,False,False,,-1,32.2771,0
2026-06-18 19:47:35,162,B+55.5,0,True,False,False,,-1,32.2677,0
2026-06-18 19:48:04,145,W+60.5,2,True,False,False,,-1,32.2182,0
2026-06-18 19:48:38,156,B+28.5,2,True,False,False,,-1,32.2481,0
2026-06-18 19:49:10,162,W+58.5,1,True,False,False,,-1,32.2502,0
2026-06-18 19:49:43,162,B+40.5,5,True,False,False,,-1,32.2514,0
2026-06-18 19:50:02,106,W+11.5,2,True,False,False,,-1,32.0279,0
2026-06-18 19:50:38,162,B+45.5,0,True,False,False,,-1,32.0886,0
2026-06-18 19:51:10,162,W+43.5,1,True,False,False,,-1,32.0891,0
2026-06-18 19:51:47,162,W+32.5,1,True,False,False,,-1,32.1657,0
2026-06-18 19:52:19,162,B+11.5,0,True,False,False,,-1,32.1639,0
2026-06-18 19:52:55,162,W+39.5,0,True,False,False,,-1,32.2271,0
2026-06-18 19:53:28,162,B+51.5,0,True,False,False,,-1,32.2416,0
2026-06-18 19:53:51,121,B+32.5,2,True,False,False,,-1,32.1058,0
2026-06-18 19:54:25,162,B+36.5,0,True,False,False,,-1,32.1224,0
2026-06-18 19:55:00,162,W+31.5,0,True,False,False,,-1,32.1769,0
2026-06-18 19:55:35,162,W+19.5,0,True,False,False,,-1,32.2061,0
2026-06-18 19:56:09,162,W+33.5,0,True,False,False,,-1,32.2414,0
2026-06-18 19:56:43,162,B+16.5,1,True,False,False,,-1,32.2696,0
2026-06-18 19:57:19,162,W+52.5,1,True,False,False,,-1,32.3116,0
2026-06-18 19:57:50,162,B+6.5,1,True,False,False,,-1,32.3033,0
2026-06-18 19:58:29,162,W+39.5,0,True,False,False,,-1,32.387,0
2026-06-18 19:58:59,148,W+47.5,2,True,False,False,,-1,32.3546,0
2026-06-18 19:59:32,162,W+32.5,1,True,False,False,,-1,32.3704,0
2026-06-18 20:00:04,162,B+8.5,2,True,False,False,,-1,32.3592,0
2026-06-18 20:00:38,162,B+8.5,0,True,False,False,,-1,32.3854,0
2026-06-18 20:01:12,162,B+17.5,0,True,False,False,,-1,32.3985,0
2026-06-18 20:01:44,162,W+20.5,0,True,False,False,,-1,32.393,0
2026-06-18 20:02:18,162,W+46.5,0,True,False,False,,-1,32.4166,0
2026-06-18 20:02:53,162,W+23.5,0,True,False,False,,-1,32.4446,0
2026-06-18 20:03:29,162,W+56.5,0,True,False,False,,-1,32.4904,0
2026-06-18 20:04:04,162,B+27.5,0,True,False,False,,-1,32.5217,0
2026-06-18 20:04:32,149,B+45.5,2,True,False,False,,-1,32.4718,0
2026-06-18 20:04:51,98,W+17.5,2,True,False,False,,-1,32.3167,0
2026-06-18 20:05:25,162,B+18.5,0,True,False,False,,-1,32.3349,0
2026-06-18 20:05:59,162,B+9.5,0,True,False,False,,-1,32.3451,0
2026-06-18 20:06:34,162,W+23.5,0,True,False,False,,-1,32.3809,0
2026-06-18 20:07:04,151,B+53.5,2,True,False,False,,-1,32.3504,0
2026-06-18 20:07:40,162,W+20.5,0,True,False,False,,-1,32.3906,0
2026-06-18 20:08:09,155,B+50.5,4,True,False,False,,-1,32.3528,0
2026-06-18 20:08:41,162,W+16.5,0,True,False,False,,-1,32.3479,0
2026-06-18 20:09:13,162,B+11.5,0,True,False,False,,-1,32.35,0
2026-06-18 20:09:51,162,B+11.5,0,True,False,False,,-1,32.4096,0
2026-06-18 20:10:22,160,W+65.5,2,True,False,False,,-1,32.3929,0
2026-06-18 20:10:53,162,B+33.5,1,True,False,False,,-1,32.3821,0
2026-06-18 20:11:27,162,W+46.5,0,True,False,False,,-1,32.3934,0
2026-06-18 20:12:05,162,B+37.5,0,True,False,False,,-1,32.4504,0
2026-06-18 20:12:39,162,W+19.5,0,True,False,False,,-1,32.4653,0
2026-06-18 20:13:15,162,B+17.5,2,True,False,False,,-1,32.5001,0
2026-06-18 20:13:50,162,W+24.5,1,True,False,False,,-1,32.4114,0
2026-06-18 20:14:24,162,B+28.5,0,True,False,False,,-1,32.4479,0
2026-06-18 20:14:52,150,W+66.5,2,True,False,False,,-1,32.37,0
2026-06-18 20:15:23,162,B+18.5,0,True,False,False,,-1,32.4735,0
2026-06-18 20:15:45,110,W+1.5,2,True,False,False,,-1,32.3846,0
2026-06-18 20:16:16,162,B+50.5,0,True,False,False,,-1,32.3858,0
2026-06-18 20:16:49,162,B+55.5,1,True,False,False,,-1,32.3721,0
2026-06-18 20:17:18,157,B+44.5,2,True,False,False,,-1,32.3677,0
2026-06-18 20:17:50,162,B+44.5,1,True,False,False,,-1,32.3617,0
2026-06-18 20:18:22,162,B+10.5,0,True,False,False,,-1,32.424,0
2026-06-18 20:18:50,162,B+36.5,0,True,False,False,,-1,32.3503,0
2026-06-18 20:19:26,162,W+50.5,0,True,False,False,,-1,32.3407,0
2026-06-18 20:20:01,162,W+43.5,0,True,False,False,,-1,32.4289,0
2026-06-18 20:20:36,162,B+10.5,1,True,False,False,,-1,32.4009,0
2026-06-18 20:21:05,150,W+51.5,2,True,False,False,,-1,32.3484,0
2026-06-18 20:21:37,162,B+5.5,2,True,False,False,,-1,32.3698,0
2026-06-18 20:22:09,162,B+39.5,0,True,False,False,,-1,32.4004,0
2026-06-18 20:22:42,162,W+29.5,0,True,False,False,,-1,32.4315,0
2026-06-18 20:23:10,162,B+66.5,0,True,False,False,,-1,32.3994,0
2026-06-18 20:23:46,162,W+44.5,1,True,False,False,,-1,32.4299,0
2026-06-18 20:24:18,162,W+23.5,1,True,False,False,,-1,32.465,0
2026-06-18 20:24:49,162,B+9.5,0,True,False,False,,-1,32.3999,0
2026-06-18 20:25:26,162,W+51.5,1,True,False,False,,-1,32.4205,0
2026-06-18 20:25:58,162,W+38.5,2,True,False,False,,-1,32.5221,0
2026-06-18 20:26:33,162,B+19.5,0,True,False,False,,-1,32.6383,0
2026-06-18 20:27:05,162,B+46.5,0,True,False,False,,-1,32.6475,0
2026-06-18 20:27:40,162,W+33.5,0,True,False,False,,-1,32.6308,0
2026-06-18 20:28:15,162,W+40.5,1,True,False,False,,-1,32.6067,0
2026-06-18 20:28:44,162,W+77.5,1,True,False,False,,-1,32.5178,0
2026-06-18 20:29:04,108,W+12.5,3,True,False,False,,-1,32.4082,0
2026-06-18 20:29:39,162,B+32.5,0,True,False,False,,-1,32.4081,0
2026-06-18 20:30:15,162,W+25.5,0,True,False,False,,-1,32.4091,0
2026-06-18 20:30:50,162,W+64.5,1,True,False,False,,-1,32.4367,0
2026-06-18 20:31:26,162,W+25.5,0,True,False,False,,-1,32.5162,0
2026-06-18 20:32:02,162,W+25.5,0,True,False,False,,-1,32.5303,0
2026-06-18 20:32:29,133,B+35.5,2,True,False,False,,-1,32.4496,0
2026-06-18 20:33:01,156,B+49.5,2,True,False,False,,-1,32.4807,0
2026-06-18 20:33:34,162,B+41.5,2,True,False,False,,-1,32.4758,0
2026-06-18 20:34:00,129,W+32.5,2,True,False,False,,-1,32.3876,0
2026-06-18 20:34:32,151,W+54.5,2,True,False,False,,-1,32.3444,0
2026-06-18 20:35:06,162,W+34.5,1,True,False,False,,-1,32.3459,0
2026-06-18 20:35:38,162,W+61.5,2,True,False,False,,-1,32.3342,0
2026-06-18 20:36:02,129,B+26.5,4,True,False,False,,-1,32.2205,0
2026-06-18 20:36:36,162,W+56.5,0,True,False,False,,-1,32.2345,0
2026-06-18 20:37:09,162,W+27.5,1,True,False,False,,-1,32.2591,0
2026-06-18 20:37:39,162,B+60.5,0,True,False,False,,-1,32.2597,0
2026-06-18 20:38:15,162,W+50.5,1,True,False,False,,-1,32.3979,0
2026-06-18 20:38:48,162,B+46.5,0,True,False,False,,-1,32.3495,0
2026-06-18 20:39:21,162,W+48.5,0,True,False,False,,-1,32.3605,0
2026-06-18 20:39:49,162,W+78.5,0,True,False,False,,-1,32.2841,0
2026-06-18 20:40:16,144,W+59.5,3,True,False,False,,-1,32.2014,0
2026-06-18 20:40:50,155,B+60.5,2,True,False,False,,-1,32.2638,0
2026-06-18 20:41:25,162,W+42.5,1,True,False,False,,-1,32.3029,0
2026-06-18 20:42:01,162,B+10.5,0,True,False,False,,-1,32.3667,0
2026-06-18 20:42:36,162,W+34.5,1,True,False,False,,-1,32.3725,0
2026-06-18 20:43:08,162,B+8.5,0,True,False,False,,-1,32.3679,0
2026-06-18 20:43:39,162,W+74.5,0,True,False,False,,-1,32.3606,0
2026-06-18 20:44:12,162,W+62.5,0,True,False,False,,-1,32.4999,0
2026-06-18 20:44:48,162,W+26.5,0,True,False,False,,-1,32.5048,0
2026-06-18 20:45:19,147,B+44.5,2,True,False,False,,-1,32.4938,0
2026-06-18 20:45:51,162,B+26.5,2,True,False,False,,-1,32.4447,0
2026-06-18 20:46:29,162,W+16.5,1,True,False,False,,-1,32.4961,0
2026-06-18 20:47:04,162,B+8.5,0,True,False,False,,-1,32.4847,0
2026-06-18 20:47:39,162,B+20.5,1,True,False,False,,-1,32.5103,0
2026-06-18 20:48:03,123,B+33.5,2,True,False,False,,-1,32.5163,0
2026-06-18 20:48:23,101,B+0.5,3,True,False,False,,-1,32.3768,0
2026-06-18 20:48:54,162,B+0.5,1,True,False,False,,-1,32.3319,0
2026-06-18 20:49:27,162,B+52.5,1,True,False,False,,-1,32.3215,0
2026-06-18 20:50:00,162,B+36.5,1,True,False,False,,-1,32.3078,0
2026-06-18 20:50:34,162,W+51.5,0,True,False,False,,-1,32.3009,0
2026-06-18 20:51:10,162,B+1.5,0,True,False,False,,-1,32.3113,0
2026-06-18 20:51:41,162,B+61.5,0,True,False,False,,-1,32.3008,0
2026-06-18 20:52:13,155,B+62.5,2,True,False,False,,-1,32.2405,0
2026-06-18 20:52:47,162,B+25.5,1,True,False,False,,-1,32.2797,0
2026-06-18 20:53:14,141,B+27.5,2,True,False,False,,-1,32.2093,0
2026-06-18 20:53:51,162,W+27.5,0,True,False,False,,-1,32.2659,0
2026-06-18 20:54:20,146,W+47.5,5,True,False,False,,-1,32.2112,0
2026-06-18 20:54:54,162,W+62.5,0,True,False,False,,-1,32.2181,0
2026-06-18 20:55:23,158,W+36.5,2,True,False,False,,-1,32.1942,0
2026-06-18 20:55:59,162,W+36.5,1,True,False,False,,-1,32.2063,0
2026-06-18 20:56:37,162,B+23.5,0,True,False,False,,-1,32.2411,0
2026-06-18 20:57:07,158,W+61.5,2,True,False,False,,-1,32.1756,0
2026-06-18 20:57:42,162,W+49.5,0,True,False,False,,-1,32.1765,0
2026-06-18 20:58:17,162,W+58.5,0,True,False,False,,-1,32.2496,0
2026-06-18 20:58:50,162,B+26.5,1,True,False,False,,-1,32.3784,0
2026-06-18 20:59:17,146,W+51.5,2,True,False,False,,-1,32.3185,0
2026-06-18 20:59:54,162,W+33.5,0,True,False,False,,-1,32.3547,0
2026-06-18 21:00:20,127,W+28.5,2,True,False,False,,-1,32.2574,0
2026-06-18 21:00:55,162,W+45.5,0,True,False,False,,-1,32.3099,0
2026-06-18 21:01:33,162,W+24.5,0,True,False,False,,-1,32.3296,0
2026-06-18 21:01:49,86,W+14.5,2,True,False,False,,-1,32.1988,0
2026-06-18 21:02:24,162,W+31.5,1,True,False,False,,-1,32.2307,0
2026-06-18 21:02:58,162,W+60.5,0,True,False,False,,-1,32.2458,0
2026-06-18 21:03:31,162,W+36.5,0,True,False,False,,-1,32.1937,0
2026-06-18 21:04:07,162,W+23.5,0,True,False,False,,-1,32.2487,0
2026-06-18 21:04:31,122,B+33.5,2,True,False,False,,-1,32.1709,0
2026-06-18 21:05:05,162,W+36.5,3,True,False,False,,-1,32.1769,0
2026-06-18 21:05:38,162,B+35.5,1,True,False,False,,-1,32.1282,0
2026-06-18 21:06:11,162,W+46.5,2,True,False,False,,-1,32.1179,0
2026-06-18 21:06:44,162,W+54.5,0,True,False,False,,-1,32.0905,0
2026-06-18 21:07:08,127,B+39.5,2,True,False,False,,-1,31.9768,0
2026-06-18 21:07:42,162,B+13.5,1,True,False,False,,-1,31.984,0
2026-06-18 21:08:17,162,W+52.5,1,True,False,False,,-1,32.0501,0
2026-06-18 21:08:46,162,B+3.5,0,True,False,False,,-1,32.0251,0
2026-06-18 21:09:16,162,W+88.5,1,True,False,False,,-1,32.1127,0
2026-06-18 21:09:52,162,W+28.5,0,True,False,False,,-1,32.1601,0
2026-06-18 21:10:22,147,B+50.5,2,True,False,False,,-1,32.1272,0
2026-06-18 21:10:56,162,B+13.5,1,True,False,False,,-1,32.1794,0
2026-06-18 21:11:31,162,B+19.5,0,True,False,False,,-1,32.2083,0
2026-06-18 21:12:06,162,W+59.5,1,True,False,False,,-1,32.2423,0
2026-06-18 21:12:38,162,W+62.5,0,True,False,False,,-1,32.2789,0
2026-06-18 21:13:11,162,B+11.5,1,True,False,False,,-1,32.2505,0
2026-06-18 21:13:43,162,B+10.5,0,True,False,False,,-1,32.2169,0
2026-06-18 21:14:09,137,B+43.5,2,True,False,False,,-1,32.1309,0
2026-06-18 21:14:46,162,W+31.5,1,True,False,False,,-1,32.207,0
2026-06-18 21:15:23,162,W+38.5,0,True,False,False,,-1,32.2582,0
2026-06-18 21:15:55,162,W+74.5,1,True,False,False,,-1,32.2651,0
2026-06-18 21:16:31,162,B+15.5,0,True,False,False,,-1,32.2899,0
2026-06-18 21:17:02,162,B+7.5,2,True,False,False,,-1,32.3176,0
2026-06-18 21:17:37,162,W+46.5,0,True,False,False,,-1,32.3032,0
2026-06-18 21:18:13,162,W+64.5,1,True,False,False,,-1,32.3445,0
2026-06-18 21:18:44,162,W+79.5,2,True,False,False,,-1,32.3423,0
2026-06-18 21:19:07,123,W+42.5,3,True,False,False,,-1,32.2094,0
2026-06-18 21:19:40,162,B+12.5,3,True,False,False,,-1,32.2177,0
2026-06-18 21:20:18,162,B+12.5,0,True,False,False,,-1,32.245,0
2026-06-18 21:20:49,162,W+28.5,0,True,False,False,,-1,32.2385,0
2026-06-18 21:21:23,162,W+67.5,2,True,False,False,,-1,32.2291,0
2026-06-18 21:21:57,162,B+52.5,0,True,False,False,,-1,32.2165,0
2026-06-18 21:22:32,162,W+45.5,0,True,False,False,,-1,32.277,0
2026-06-18 21:23:02,160,W+79.5,3,True,False,False,,-1,32.3801,0
2026-06-18 21:23:33,162,B+9.5,0,True,False,False,,-1,32.3445,0
2026-06-18 21:24:05,162,W+42.5,2,True,False,False,,-1,32.2986,0
2026-06-18 21:24:38,162,B+28.5,2,True,False,False,,-1,32.2841,0
2026-06-18 21:25:12,162,W+67.5,1,True,False,False,,-1,32.2574,0
2026-06-18 21:25:46,162,W+41.5,0,True,False,False,,-1,32.2389,0
2026-06-18 21:26:16,162,W+67.5,2,True,False,False,,-1,32.2658,0
2026-06-18 21:26:48,156,W+55.5,2,True,False,False,,-1,32.2651,0
2026-06-18 21:27:16,159,B+63.5,2,True,False,False,,-1,32.2184,0
2026-06-18 21:27:49,162,B+29.5,0,True,False,False,,-1,32.2831,0
2026-06-18 21:28:27,162,W+41.5,0,True,False,False,,-1,32.3405,0
2026-06-18 21:28:51,130,W+38.5,3,True,False,False,,-1,32.2548,0
2026-06-18 21:29:25,145,B+9.5,2,True,False,False,,-1,32.2725,0
2026-06-18 21:29:53,162,B+58.5,1,True,False,False,,-1,32.3074,0
2026-06-18 21:30:25,162,B+48.5,1,True,False,False,,-1,32.2885,0
2026-06-18 21:30:56,152,W+41.5,4,True,False,False,,-1,32.2737,0
2026-06-18 21:31:33,162,W+26.5,0,True,False,False,,-1,32.3378,0
2026-06-18 21:32:06,159,B+51.5,3,True,False,False,,-1,32.3068,0
2026-06-18 21:32:40,162,W+38.5,0,True,False,False,,-1,32.3187,0
2026-06-18 21:33:13,162,B+8.5,0,True,False,False,,-1,32.3124,0
2026-06-18 21:33:49,162,W+27.5,2,True,False,False,,-1,32.3909,0
2026-06-18 21:34:09,103,B+4.5,4,True,False,False,,-1,32.3266,0
2026-06-18 21:34:43,162,B+30.5,0,True,False,False,,-1,32.3288,0
2026-06-18 21:35:12,151,B+37.5,2,True,False,False,,-1,32.2665,0
2026-06-18 21:35:44,158,W+48.5,2,True,False,False,,-1,32.2205,0
2026-06-18 21:36:21,162,B+3.5,0,True,False,False,,-1,32.2468,0
2026-06-18 21:36:55,162,W+40.5,0,True,False,False,,-1,32.2746,0
2026-06-18 21:37:33,162,W+31.5,0,True,False,False,,-1,32.3366,0
2026-06-18 21:38:07,162,B+42.5,0,True,False,False,,-1,32.3475,0
2026-06-18 21:38:43,162,B+14.5,1,True,False,False,,-1,32.3443,0
2026-06-18 21:39:16,162,B+5.5,0,True,False,False,,-1,32.3654,0
2026-06-18 21:39:51,162,B+15.5,0,True,False,False,,-1,32.3919,0
2026-06-18 21:40:25,162,B+7.5,0,True,False,False,,-1,32.3618,0
2026-06-18 21:40:57,162,B+11.5,2,True,False,False,,-1,32.3302,0
2026-06-18 21:41:32,162,B+16.5,1,True,False,False,,-1,32.3286,0
2026-06-18 21:42:09,162,W+44.5,0,True,False,False,,-1,32.4532,0
2026-06-18 21:42:38,144,W+55.5,2,True,False,False,,-1,32.5488,0
2026-06-18 21:43:12,162,W+48.5,1,True,False,False,,-1,32.5765,0
2026-06-18 21:43:34,114,W+29.5,3,True,False,False,,-1,32.4692,0
2026-06-18 21:44:06,162,B+52.5,0,True,False,False,,-1,32.4537,0
2026-06-18 21:44:40,162,W+60.5,1,True,False,False,,-1,32.4631,0
2026-06-18 21:45:03,126,W+22.5,4,True,False,False,,-1,32.3315,0
2026-06-18 21:45:37,162,B+18.5,0,True,False,False,,-1,32.3567,0
2026-06-18 21:46:12,162,B+3.5,0,True,False,False,,-1,32.3906,0
2026-06-18 21:46:47,162,W+32.5,4,True,False,False,,-1,32.3981,0
2026-06-18 21:47:20,162,W+33.5,3,True,False,False,,-1,32.4583,0
2026-06-18 21:47:45,135,W+54.5,2,True,False,False,,-1,32.3365,0
2026-06-18 21:48:20,162,W+2.5,0,True,False,False,,-1,32.3969,0
2026-06-18 21:48:52,152,W+41.5,2,True,False,False,,-1,32.3802,0
2026-06-18 21:49:27,158,W+56.5,2,True,False,False,,-1,32.4329,0
2026-06-18 21:49:58,162,W+63.5,4,True,False,False,,-1,32.3909,0
2026-06-18 21:50:36,162,B+5.5,0,True,False,False,,-1,32.3926,0
2026-06-18 21:51:11,162,B+44.5,0,True,False,False,,-1,32.4387,0
2026-06-18 21:51:43,162,B+3.5,0,True,False,False,,-1,32.4141,0
2026-06-18 21:52:12,162,B+43.5,1,True,False,False,,-1,32.3472,0
2026-06-18 21:52:38,134,W+52.5,2,True,False,False,,-1,32.2845,0
2026-06-18 21:53:14,162,W+20.5,0,True,False,False,,-1,32.3651,0
2026-06-18 21:53:47,162,B+45.5,0,True,False,False,,-1,32.3262,0
2026-06-18 21:54:21,162,W+31.5,1,True,False,False,,-1,32.406,0
2026-06-18 21:54:52,162,W+40.5,0,True,False,False,,-1,32.3704,0
2026-06-18 21:55:28,162,W+88.5,0,True,False,False,,-1,32.3518,0
2026-06-18 21:55:56,146,W+71.5,3,True,False,False,,-1,32.4704,0
2026-06-18 21:56:30,162,W+33.5,0,True,False,False,,-1,32.4545,0
2026-06-18 21:57:01,159,B+48.5,3,True,False,False,,-1,32.4233,0
2026-06-18 21:57:36,162,W+58.5,1,True,False,False,,-1,32.448,0
2026-06-18 21:57:57,114,W+20.5,3,True,False,False,,-1,32.293,0
2026-06-18 21:58:34,162,W+47.5,0,True,False,False,,-1,32.4271,0
2026-06-18 21:59:08,162,W+56.5,3,True,False,False,,-1,32.4297,0
2026-06-18 21:59:32,122,W+4.5,2,True,False,False,,-1,32.339,0
2026-06-18 22:00:05,162,B+18.5,1,True,False,False,,-1,32.3443,0
2026-06-18 22:00:33,152,W+39.5,3,True,False,False,,-1,32.2842,0
2026-06-18 22:01:04,162,B+26.5,2,True,False,False,,-1,32.3534,0
2026-06-18 22:01:33,162,W+24.5,2,True,False,False,,-1,32.3099,0
2026-06-18 22:02:07,162,B+4.5,0,True,False,False,,-1,32.3013,0
2026-06-18 22:02:42,162,B+23.5,0,True,False,False,,-1,32.3614,0
2026-06-18 22:03:16,162,W+23.5,0,True,False,False,,-1,32.3942,0
2026-06-18 22:03:46,162,B+50.5,2,True,False,False,,-1,32.3339,0
2026-06-18 22:04:20,162,W+35.5,0,True,False,False,,-1,32.3769,0
2026-06-18 22:04:45,144,W+44.5,2,True,False,False,,-1,32.2857,0
2026-06-18 22:05:21,162,B+10.5,0,True,False,False,,-1,32.2952,0
2026-06-18 22:05:52,162,W+76.5,0,True,False,False,,-1,32.256,0
2026-06-18 22:06:24,162,W+72.5,2,True,False,False,,-1,32.254,0
2026-06-18 22:07:02,162,W+43.5,0,True,False,False,,-1,32.3025,0
2026-06-18 22:07:38,162,W+30.5,1,True,False,False,,-1,32.3464,0
2026-06-18 22:08:16,162,W+47.5,2,True,False,False,,-1,32.4643,0
2026-06-18 22:08:50,162,W+32.5,1,True,False,False,,-1,32.4364,0
2026-06-18 22:09:24,162,W+35.5,3,True,False,False,,-1,32.4126,0
2026-06-18 22:10:01,162,B+7.5,0,True,False,False,,-1,32.4537,0
2026-06-18 22:10:35,162,W+54.5,0,True,False,False,,-1,32.4395,0
2026-06-18 22:11:12,162,W+25.5,0,True,False,False,,-1,32.49,0
2026-06-18 22:11:48,162,W+30.5,0,True,False,False,,-1,32.5054,0
2026-06-18 22:12:23,162,B+14.5,1,True,False,False,,-1,32.5066,0
2026-06-18 22:12:52,144,W+52.5,2,True,False,False,,-1,32.4819,0
2026-06-18 22:13:24,162,B+8.5,1,True,False,False,,-1,32.5636,0
2026-06-18 22:13:58,162,W+59.5,0,True,False,False,,-1,32.5695,0
2026-06-18 22:14:34,162,W+8.5,1,True,False,False,,-1,32.5637,0
2026-06-18 22:14:53,93,W+3.5,2,True,False,False,,-1,32.4327,0
2026-06-18 22:15:29,162,W+20.5,0,True,False,False,,-1,32.4617,0
2026-06-18 22:16:05,162,W+48.5,0,True,False,False,,-1,32.4766,0
2026-06-18 22:16:33,144,W+63.5,2,True,False,False,,-1,32.4125,0
2026-06-18 22:16:55,116,B+16.5,3,True,False,False,,-1,32.3258,0
2026-06-18 22:17:29,162,W+54.5,0,True,False,False,,-1,32.3581,0
2026-06-18 22:18:03,162,B+11.5,2,True,False,False,,-1,32.3718,0
2026-06-18 22:18:37,162,W+52.5,0,True,False,False,,-1,32.3846,0
2026-06-18 22:19:13,162,W+36.5,0,True,False,False,,-1,32.4152,0
2026-06-18 22:19:41,149,B+27.5,2,True,False,False,,-1,32.3443,0
2026-06-18 22:20:16,162,B+26.5,0,True,False,False,,-1,32.3949,0
2026-06-18 22:20:52,162,W+42.5,0,True,False,False,,-1,32.4396,0
2026-06-18 22:21:27,162,B+15.5,0,True,False,False,,-1,32.5031,0
2026-06-18 22:21:58,162,B+13.5,1,True,False,False,,-1,32.4956,0
2026-06-18 22:22:31,162,W+50.5,0,True,False,False,,-1,32.4393,0
2026-06-18 22:23:02,159,B+34.5,2,True,False,False,,-1,32.5049,0
2026-06-18 22:23:32,162,W+49.5,0,True,False,False,,-1,32.4676,0
2026-06-18 22:23:54,112,W+28.5,2,True,False,False,,-1,32.4079,0
2026-06-18 22:24:24,162,W+72.5,2,True,False,False,,-1,32.3878,0
2026-06-18 22:24:59,162,B+17.5,0,True,False,False,,-1,32.4221,0
2026-06-18 22:25:37,162,W+42.5,1,True,False,False,,-1,32.4288,0
2026-06-18 22:26:07,162,B+5.5,1,True,False,False,,-1,32.4123,0
2026-06-18 22:26:39,152,W+65.5,2,True,False,False,,-1,32.3893,0
2026-06-18 22:27:13,162,W+46.5,0,True,False,False,,-1,32.4054,0
2026-06-18 22:27:50,162,B+22.5,0,True,False,False,,-1,32.4106,0
2026-06-18 22:28:17,135,B+28.5,2,True,False,False,,-1,32.4782,0
2026-06-18 22:28:52,162,W+50.5,1,True,False,False,,-1,32.4896,0
2026-06-18 22:29:23,162,B+58.5,3,True,False,False,,-1,32.5042,0
2026-06-18 22:29:57,162,W+24.5,0,True,False,False,,-1,32.5362,0
2026-06-18 22:30:30,162,B+6.5,1,True,False,False,,-1,32.4943,0
2026-06-18 22:31:04,162,W+35.5,0,True,False,False,,-1,32.4893,0
2026-06-18 22:31:24,101,B+5.5,2,True,False,False,,-1,32.3085,0
2026-06-18 22:31:58,162,W+37.5,1,True,False,False,,-1,32.3059,0
2026-06-18 22:32:32,162,W+16.5,0,True,False,False,,-1,32.2821,0
2026-06-18 22:33:05,162,W+65.5,1,True,False,False,,-1,32.282,0
2026-06-18 22:33:38,162,W+48.5,1,True,False,False,,-1,32.266,0
2026-06-18 22:34:11,162,B+18.5,5,True,False,False,,-1,32.2542,0
2026-06-18 22:34:42,162,W+47.5,0,True,False,False,,-1,32.2509,0
2026-06-18 22:35:14,162,W+28.5,1,True,False,False,,-1,32.216,0
2026-06-18 22:35:46,161,B+53.5,3,True,False,False,,-1,32.173,0
2026-06-18 22:36:20,162,B+13.5,1,True,False,False,,-1,32.2182,0
2026-06-18 22:36:54,162,B+4.5,1,True,False,False,,-1,32.218,0
2026-06-18 22:37:26,150,W+50.5,3,True,False,False,,-1,32.32,0
2026-06-18 22:37:59,162,W+60.5,1,True,False,False,,-1,32.3335,0
2026-06-18 22:38:32,162,W+21.5,0,True,False,False,,-1,32.3133,0
2026-06-18 22:39:08,162,W+29.5,0,True,False,False,,-1,32.4449,0
2026-06-18 22:39:42,162,B+8.5,0,True,False,False,,-1,32.4543,0
2026-06-18 22:40:15,162,W+58.5,1,True,False,False,,-1,32.4207,0
2026-06-18 22:40:49,162,W+38.5,3,True,False,False,,-1,32.4147,0
2026-06-18 22:41:17,136,W+22.5,2,True,False,False,,-1,32.3727,0
2026-06-18 22:41:49,162,W+66.5,1,True,False,False,,-1,32.4441,0
2026-06-18 22:42:18,152,B+59.5,3,True,False,False,,-1,32.3811,0
2026-06-18 22:42:50,162,W+21.5,1,True,False,False,,-1,32.3784,0
2026-06-18 22:43:23,162,B+34.5,0,True,False,False,,-1,32.3587,0
2026-06-18 22:43:57,162,B+45.5,0,True,False,False,,-1,32.3854,0
2026-06-18 22:44:29,150,W+44.5,2,True,False,False,,-1,32.3214,0
2026-06-18 22:45:05,162,W+56.5,0,True,False,False,,-1,32.3429,0
2026-06-18 22:45:40,162,W+28.5,1,True,False,False,,-1,32.3639,0
2026-06-18 22:46:13,162,W+62.5,1,True,False,False,,-1,32.4064,0
2026-06-18 22:46:49,162,B+9.5,2,True,False,False,,-1,32.5019,0
2026-06-18 22:47:21,162,B+14.5,2,True,False,False,,-1,32.4659,0
2026-06-18 22:47:54,162,W+37.5,0,True,False,False,,-1,32.4618,0
2026-06-18 22:48:31,162,W+1.5,0,True,False,False,,-1,32.4956,0
2026-06-18 22:49:08,162,W+44.5,0,True,False,False,,-1,32.5577,0
2026-06-18 22:49:41,162,B+6.5,0,True,False,False,,-1,32.5247,0
2026-06-18 22:50:18,162,W+49.5,0,True,False,False,,-1,32.6178,0
2026-06-18 22:50:41,113,B+19.5,2,True,False,False,,-1,32.5092,0
2026-06-18 22:51:14,162,W+35.5,1,True,False,False,,-1,32.5341,0
2026-06-18 22:51:41,136,W+59.5,2,True,False,False,,-1,32.4455,0
2026-06-18 22:52:14,162,B+14.5,0,True,False,False,,-1,32.5756,0
2026-06-18 22:52:47,162,W+58.5,0,True,False,False,,-1,32.5286,0
2026-06-18 22:53:16,144,W+39.5,2,True,False,False,,-1,32.4825,0
2026-06-18 22:53:47,162,B+57.5,0,True,False,False,,-1,32.5446,0
2026-06-18 22:54:16,154,W+42.5,2,True,False,False,,-1,32.5019,0
2026-06-18 22:54:52,162,B+9.5,0,True,False,False,,-1,32.5876,0
2026-06-18 22:55:24,162,W+20.5,1,True,False,False,,-1,32.6032,0
2026-06-18 22:55:56,162,B+21.5,1,True,False,False,,-1,32.6272,0
2026-06-18 22:56:29,162,W+38.5,2,True,False,False,,-1,32.617,0
2026-06-18 22:57:04,162,W+36.5,0,True,False,False,,-1,32.6179,0
2026-06-18 22:57:42,162,B+7.5,0,True,False,False,,-1,32.6535,0
2026-06-18 22:58:19,162,B+17.5,0,True,False,False,,-1,32.729,0
2026-06-18 22:58:52,162,B+44.5,0,True,False,False,,-1,32.723,0
2026-06-18 22:59:28,162,B+32.5,0,True,False,False,,-1,32.8242,0
2026-06-18 22:59:58,162,W+71.5,3,True,False,False,,-1,32.7732,0
2026-06-18 23:00:19,118,W+34.5,2,True,False,False,,-1,32.6688,0
2026-06-18 23:00:50,154,W+68.5,2,True,False,False,,-1,32.6522,0
2026-06-18 23:01:24,162,W+26.5,0,True,False,False,,-1,32.6227,0
2026-06-18 23:01:53,156,W+63.5,2,True,False,False,,-1,32.5501,0
2026-06-18 23:02:26,162,W+43.5,2,True,False,False,,-1,32.5011,0
2026-06-18 23:02:55,162,B+8.5,1,True,False,False,,-1,32.4518,0
2026-06-18 23:03:29,162,W+58.5,0,True,False,False,,-1,32.448,0
2026-06-18 23:04:00,154,W+63.5,3,True,False,False,,-1,32.3884,0
2026-06-18 23:04:32,151,B+38.5,2,True,False,False,,-1,32.3637,0
2026-06-18 23:05:06,162,W+45.5,1,True,False,False,,-1,32.3469,0
2026-06-18 23:05:36,137,B+10.5,2,True,False,False,,-1,32.2837,0
2026-06-18 23:06:14,162,W+61.5,1,True,False,False,,-1,32.3033,0
2026-06-18 23:06:47,162,B+12.5,1,True,False,False,,-1,32.3434,0
2026-06-18 23:07:24,162,B+26.5,0,True,False,False,,-1,32.3949,0
2026-06-18 23:07:50,139,W+49.5,2,True,False,False,,-1,32.3214,0
2026-06-18 23:08:27,162,W+32.5,0,True,False,False,,-1,32.3197,0
2026-06-18 23:09:03,162,B+30.5,0,True,False,False,,-1,32.4981,0
2026-06-18 23:09:38,162,W+29.5,1,True,False,False,,-1,32.4813,0
2026-06-18 23:10:11,162,B+10.5,1,True,False,False,,-1,32.4619,0
2026-06-18 23:10:47,162,W+27.5,0,True,False,False,,-1,32.529,0
2026-06-18 23:11:19,162,B+5.5,1,True,False,False,,-1,32.6382,0
2026-06-18 23:11:54,162,W+29.5,1,True,False,False,,-1,32.6424,0
2026-06-18 23:12:22,144,W+53.5,2,True,False,False,,-1,32.5936,0
2026-06-18 23:12:57,162,B+16.5,1,True,False,False,,-1,32.5928,0
2026-06-18 23:13:29,162,W+53.5,0,True,False,False,,-1,32.5563,0
2026-06-18 23:14:00,162,B+25.5,0,True,False,False,,-1,32.5876,0
2026-06-18 23:14:28,152,W+59.5,2,True,False,False,,-1,32.5135,0
2026-06-18 23:15:03,162,B+3.5,0,True,False,False,,-1,32.5143,0
2026-06-18 23:15:24,112,W+26.5,3,True,False,False,,-1,32.3644,0
2026-06-18 23:16:00,162,W+27.5,0,True,False,False,,-1,32.4096,0
2026-06-18 23:16:31,162,B+17.5,0,True,False,False,,-1,32.3992,0
2026-06-18 23:16:52,109,B+2.5,3,True,False,False,,-1,32.2995,0
2026-06-18 23:17:26,162,W+52.5,1,True,False,False,,-1,32.3313,0
2026-06-18 23:18:03,162,B+4.5,0,True,False,False,,-1,32.4918,0
2026-06-18 23:18:37,162,W+30.5,0,True,False,False,,-1,32.5256,0
2026-06-18 23:19:04,155,B+41.5,3,True,False,False,,-1,32.4535,0
2026-06-18 23:19:37,162,B+42.5,0,True,False,False,,-1,32.4036,0
2026-06-18 23:20:00,124,W+35.5,2,True,False,False,,-1,32.3241,0
2026-06-18 23:20:29,156,W+70.5,3,True,False,False,,-1,32.2954,0
2026-06-18 23:21:02,162,B+14.5,2,True,False,False,,-1,32.2878,0
2026-06-18 23:21:38,162,B+10.5,0,True,False,False,,-1,32.2804,0
2026-06-18 23:22:10,162,B+56.5,0,True,False,False,,-1,32.3226,0
2026-06-18 23:22:44,162,B+15.5,1,True,False,False,,-1,32.3165,0
2026-06-18 23:23:19,162,W+82.5,0,True,False,False,,-1,32.3599,0
2026-06-18 23:23:46,150,W+55.5,2,True,False,False,,-1,32.2809,0
2026-06-18 23:24:16,159,B+37.5,3,True,False,False,,-1,32.2583,0
2026-06-18 23:24:47,153,B+26.5,4,True,False,False,,-1,32.2224,0
2026-06-18 23:25:19,162,W+49.5,1,True,False,False,,-1,32.3464,0
2026-06-18 23:25:56,162,W+46.5,0,True,False,False,,-1,32.3737,0
2026-06-18 23:26:18,114,W+0.5,2,True,False,False,,-1,32.2659,0
2026-06-18 23:26:52,162,W+73.5,0,True,False,False,,-1,32.275,0
2026-06-18 23:27:17,146,W+41.5,3,True,False,False,,-1,32.188,0
2026-06-18 23:27:50,162,W+20.5,1,True,False,False,,-1,32.1882,0
2026-06-18 23:28:22,162,B+17.5,3,True,False,False,,-1,32.1956,0
2026-06-18 23:28:57,162,W+4.5,0,True,False,False,,-1,32.2283,0
2026-06-18 23:29:18,102,W+0.5,2,True,False,False,,-1,32.1126,0
2026-06-18 23:29:53,162,W+13.5,0,True,False,False,,-1,32.1309,0
2026-06-18 23:30:23,162,W+13.5,0,True,False,False,,-1,32.0933,0
2026-06-18 23:30:57,162,B+8.5,2,True,False,False,,-1,32.1002,0
2026-06-18 23:31:28,162,B+51.5,0,True,False,False,,-1,32.081,0
2026-06-18 23:32:04,162,W+35.5,0,True,False,False,,-1,32.1193,0
2026-06-18 23:32:37,162,B+50.5,1,True,False,False,,-1,32.0847,0
2026-06-18 23:33:13,162,B+15.5,0,True,False,False,,-1,32.1084,0
2026-06-18 23:33:44,147,B+50.5,2,True,False,False,,-1,32.0859,0
2026-06-18 23:34:21,162,W+43.5,0,True,False,False,,-1,32.1178,0
2026-06-18 23:34:57,162,W+11.5,0,True,False,False,,-1,32.1945,0
2026-06-18 23:35:29,162,B+23.5,0,True,False,False,,-1,32.1915,0
2026-06-18 23:36:05,162,B+16.5,1,True,False,False,,-1,32.2691,0
2026-06-18 23:36:42,162,B+27.5,0,True,False,False,,-1,32.3146,0
2026-06-18 23:37:10,149,B+53.5,2,True,False,False,,-1,32.2638,0
2026-06-18 23:37:48,162,B+2.5,0,True,False,False,,-1,32.3098,0
2026-06-18 23:38:24,162,W+23.5,0,True,False,False,,-1,32.3511,0
2026-06-18 23:38:44,106,W+8.5,3,True,False,False,,-1,32.1841,0
2026-06-18 23:39:19,162,W+62.5,0,True,False,False,,-1,32.184,0
2026-06-18 23:39:54,162,W+38.5,0,True,False,False,,-1,32.2074,0
2026-06-18 23:40:28,162,W+75.5,0,True,False,False,,-1,32.1933,0
2026-06-18 23:41:01,162,W+69.5,1,True,False,False,,-1,32.1938,0
2026-06-18 23:41:37,162,W+41.5,0,True,False,False,,-1,32.2325,0
2026-06-18 23:42:12,162,W+32.5,1,True,False,False,,-1,32.2148,0
2026-06-18 23:42:46,162,W+21.5,0,True,False,False,,-1,32.1711,0
2026-06-18 23:43:17,162,W+48.5,0,True,False,False,,-1,32.1519,0
2026-06-18 23:43:52,162,W+49.5,0,True,False,False,,-1,32.1336,0
2026-06-18 23:44:10,99,B+3.5,2,True,False,False,,-1,32.0908,0
2026-06-18 23:44:45,162,W+55.5,0,True,False,False,,-1,32.1036,0
2026-06-18 23:45:18,162,B+12.5,3,True,False,False,,-1,32.1667,0
2026-06-18 23:45:52,162,W+0.5,0,True,False,False,,-1,32.1759,0
2026-06-18 23:46:28,162,B+3.5,0,True,False,False,,-1,32.2153,0
2026-06-18 23:47:00,162,B+11.5,1,True,False,False,,-1,32.2333,0
2026-06-18 23:47:27,148,W+68.5,2,True,False,False,,-1,32.2055,0
2026-06-18 23:48:01,162,W+1.5,0,True,False,False,,-1,32.2441,0
2026-06-18 23:48:38,162,W+41.5,1,True,False,False,,-1,32.2563,0
2026-06-18 23:49:13,162,B+5.5,0,True,False,False,,-1,32.2872,0
2026-06-18 23:49:25,54,W+13.5,2,True,False,False,,-1,32.0796,0
2026-06-18 23:50:01,162,W+0.5,0,True,False,False,,-1,32.1175,0
2026-06-18 23:50:29,141,B+18.5,3,True,False,False,,-1,32.0403,0
2026-06-18 23:51:02,162,W+70.5,2,True,False,False,,-1,32.0003,0
2026-06-18 23:51:36,162,B+9.5,0,True,False,False,,-1,31.968,0
2026-06-18 23:52:10,162,W+61.5,2,True,False,False,,-1,31.9716,0
2026-06-18 23:52:38,148,W+60.5,2,True,False,False,,-1,31.8964,0
2026-06-18 23:53:12,162,W+36.5,1,True,False,False,,-1,31.9298,0
2026-06-18 23:53:41,153,B+45.5,2,True,False,False,,-1,32.0173,0
2026-06-18 23:54:19,162,W+51.5,0,True,False,False,,-1,32.0883,0
2026-06-18 23:54:54,162,W+0.5,0,True,False,False,,-1,32.0997,0
2026-06-18 23:55:29,162,W+51.5,0,True,False,False,,-1,32.1557,0
2026-06-18 23:56:03,162,B+5.5,0,True,False,False,,-1,32.1679,0
2026-06-18 23:56:13,46,W+6.5,2,True,False,False,,-1,31.9722,0
2026-06-18 23:56:44,162,B+47.5,0,True,False,False,,-1,31.9476,0
2026-06-18 23:57:18,162,W+84.5,0,True,False,False,,-1,31.9797,0
2026-06-18 23:57:51,162,W+24.5,1,True,False,False,,-1,31.9909,0
2026-06-18 23:58:27,162,W+5.5,1,True,False,False,,-1,31.9995,0
2026-06-18 23:58:45,100,W+16.5,2,True,False,False,,-1,31.8872,0
2026-06-18 23:59:20,162,B+5.5,1,True,False,False,,-1,31.8615,0
2026-06-18 23:59:57,162,W+9.5,0,True,False,False,,-1,31.8974,0
2026-06-19 00:00:30,162,W+57.5,0,True,False,False,,-1,31.8647,0
2026-06-19 00:01:02,162,W+35.5,0,True,False,False,,-1,31.9209,0
2026-06-19 00:01:36,162,W+21.5,0,True,False,False,,-1,31.8945,0
2026-06-19 00:02:10,162,B+16.5,2,True,False,False,,-1,31.8683,0
2026-06-19 00:02:47,162,W+35.5,0,True,False,False,,-1,31.8937,0
2026-06-19 00:03:18,162,W+35.5,2,True,False,False,,-1,31.8677,0
2026-06-19 00:03:54,162,W+47.5,0,True,False,False,,-1,31.8731,0
2026-06-19 00:04:27,162,W+30.5,0,True,False,False,,-1,31.8748,0
2026-06-19 00:05:00,162,B+8.5,1,True,False,False,,-1,31.8598,0
2026-06-19 00:05:35,162,W+75.5,0,True,False,False,,-1,31.9239,0
2026-06-19 00:06:09,162,W+38.5,1,True,False,False,,-1,31.9215,0
2026-06-19 00:06:43,162,W+51.5,2,True,False,False,,-1,31.9321,0
2026-06-19 00:07:15,162,B+43.5,1,True,False,False,,-1,31.9487,0
2026-06-19 00:07:49,162,B+20.5,2,True,False,False,,-1,32.0156,0
2026-06-19 00:08:25,162,W+0.5,0,True,False,False,,-1,32.009,0
2026-06-19 00:08:55,162,W+53.5,0,True,False,False,,-1,32.1162,0
2026-06-19 00:09:32,162,W+49.5,0,True,False,False,,-1,32.1234,0
2026-06-19 00:10:08,162,W+0.5,0,True,False,False,,-1,32.1618,0
2026-06-19 00:10:40,162,B+32.5,1,True,False,False,,-1,32.2781,0
2026-06-19 00:11:12,159,B+37.5,3,True,False,False,,-1,32.2563,0
2026-06-19 00:11:40,156,W+47.5,3,True,False,False,,-1,32.165,0
2026-06-19 00:12:13,161,B+53.5,3,True,False,False,,-1,32.1516,0
2026-06-19 00:12:48,162,W+2.5,0,True,False,False,,-1,32.2372,0
2026-06-19 00:13:25,162,W+33.5,0,True,False,False,,-1,32.2797,0
2026-06-19 00:13:59,162,W+36.5,2,True,False,False,,-1,32.3877,0
2026-06-19 00:14:37,162,W+0.5,1,True,False,False,,-1,32.4758,0
2026-06-19 00:15:10,162,W+29.5,0,True,False,False,,-1,32.4759,0
2026-06-19 00:15:46,162,W+25.5,0,True,False,False,,-1,32.4755,0
2026-06-19 00:16:21,162,B+29.5,0,True,False,False,,-1,32.508,0
2026-06-19 00:16:56,162,W+3.5,0,True,False,False,,-1,32.5237,0
2026-06-19 00:17:31,162,W+38.5,0,True,False,False,,-1,32.5209,0
2026-06-19 00:18:01,162,W+68.5,2,True,False,False,,-1,32.5527,0
2026-06-19 00:18:36,162,W+38.5,0,True,False,False,,-1,32.5967,0
2026-06-19 00:19:07,162,W+68.5,0,True,False,False,,-1,32.6014,0
2026-06-19 00:19:43,162,B+12.5,0,True,False,False,,-1,32.6362,0
2026-06-19 00:20:14,162,B+44.5,0,True,False,False,,-1,32.5828,0
2026-06-19 00:20:51,162,B+3.5,1,True,False,False,,-1,32.7214,0
2026-06-19 00:21:27,162,B+24.5,0,True,False,False,,-1,32.7455,0
2026-06-19 00:21:59,154,W+64.5,2,True,False,False,,-1,32.8227,0
2026-06-19 00:22:33,162,W+21.5,0,True,False,False,,-1,32.8343,0
2026-06-19 00:23:07,162,W+67.5,1,True,False,False,,-1,32.8505,0
2026-06-19 00:23:38,162,W+47.5,0,True,False,False,,-1,32.8002,0
2026-06-19 00:24:12,162,W+39.5,2,True,False,False,,-1,32.9363,0
2026-06-19 00:24:45,162,B+38.5,2,True,False,False,,-1,32.9153,0
2026-06-19 00:25:14,155,B+49.5,2,True,False,False,,-1,32.9066,0
2026-06-19 00:25:50,162,W+63.5,2,True,False,False,,-1,32.926,0
2026-06-19 00:26:24,162,B+41.5,0,True,False,False,,-1,32.9556,0
2026-06-19 00:26:57,162,W+43.5,0,True,False,False,,-1,32.9232,0
2026-06-19 00:27:31,162,W+34.5,1,True,False,False,,-1,32.9344,0
2026-06-19 00:28:02,162,B+25.5,0,True,False,False,,-1,32.886,0
2026-06-19 00:28:32,161,B+65.5,2,True,False,False,,-1,32.8854,0
2026-06-19 00:29:06,162,W+43.5,2,True,False,False,,-1,32.8503,0
2026-06-19 00:29:43,162,B+20.5,1,True,False,False,,-1,32.8582,0
2026-06-19 00:30:16,162,B+35.5,0,True,False,False,,-1,32.8668,0
2026-06-19 00:30:49,162,B+10.5,0,True,False,False,,-1,32.8328,0
2026-06-19 00:31:12,118,W+1.5,3,True,False,False,,-1,32.7036,0
2026-06-19 00:31:50,162,B+3.5,0,True,False,False,,-1,32.7992,0
2026-06-19 00:32:23,162,W+67.5,0,True,False,False,,-1,32.7483,0
2026-06-19 00:32:55,162,W+57.5,0,True,False,False,,-1,32.707,0
2026-06-19 00:33:28,162,W+47.5,0,True,False,False,,-1,32.8335,0
2026-06-19 00:33:53,146,W+46.5,3,True,False,False,,-1,32.742,0
2026-06-19 00:34:17,127,B+33.5,2,True,False,False,,-1,32.622,0
2026-06-19 00:34:53,162,B+18.5,0,True,False,False,,-1,32.6491,0
2026-06-19 00:35:29,162,W+20.5,0,True,False,False,,-1,32.6843,0
2026-06-19 00:36:03,162,B+23.5,0,True,False,False,,-1,32.6559,0
2026-06-19 00:36:33,162,W+18.5,1,True,False,False,,-1,32.6042,0
2026-06-19 00:37:00,141,B+25.5,2,True,False,False,,-1,32.5443,0
2026-06-19 00:37:30,162,W+47.5,0,True,False,False,,-1,32.5272,0
2026-06-19 00:38:02,162,W+38.5,0,True,False,False,,-1,32.5036,0
2026-06-19 00:38:28,138,W+57.5,2,True,False,False,,-1,32.5766,0
2026-06-19 00:39:05,162,W+43.5,1,True,False,False,,-1,32.6028,0
2026-06-19 00:41:30,93,B+1.5,3,True,False,False,,-1,32.5182,1000
2026-06-19 00:42:03,122,B+4.5,10,True,False,False,,-1,32.4857,1000
2026-06-19 00:42:27,88,B+1.5,7,True,False,False,,-1,32.4145,1000
2026-06-19 00:42:58,103,W+0.5,8,True,False,False,,-1,32.4486,1000
2026-06-19 00:43:30,109,W+1.5,16,True,False,False,,-1,32.4419,1000
2026-06-19 00:44:07,136,W+19.5,12,True,False,False,,-1,32.4424,1000
2026-06-19 00:44:38,107,W+1.5,9,True,False,False,,-1,32.3905,1000
2026-06-19 00:45:08,111,W+26.5,6,True,False,False,,-1,32.5755,1000
2026-06-19 00:45:13,22,W+7.5,2,True,False,False,,-1,32.2624,1000
2026-06-19 00:45:36,82,W+14.5,3,True,False,False,,-1,32.2121,1000
2026-06-19 00:45:47,36,W+7.5,2,True,False,False,,-1,31.9895,1000
2026-06-19 00:46:16,109,W+0.5,16,True,False,False,,-1,31.9431,1000
2026-06-19 00:46:49,125,W+0.5,14,True,False,False,,-1,31.9382,1000
2026-06-19 00:47:15,100,W+1.5,7,True,False,False,,-1,31.9145,1000
2026-06-19 00:48:04,161,W+1.5,12,True,False,False,,-1,32.0631,1000
2026-06-19 00:48:41,137,W+1.5,21,True,False,False,,-1,32.1376,1000
2026-06-19 00:49:07,99,W+1.5,12,True,False,False,,-1,32.024,1000
2026-06-19 00:49:32,96,B+2.5,7,True,False,False,,-1,31.9195,1000
2026-06-19 00:50:10,143,W+4.5,17,True,False,False,,-1,31.9499,1000
2026-06-19 00:50:40,101,W+1.5,6,True,False,False,,-1,31.9063,1000
2026-06-19 00:50:46,24,W+7.5,2,True,False,False,,-1,31.8782,1000
2026-06-19 00:51:15,101,B+14.5,5,True,False,False,,-1,31.8501,1000
2026-06-19 00:51:46,110,B+8.5,7,True,False,False,,-1,31.8154,1000
2026-06-19 00:52:27,159,W+1.5,26,True,False,False,,-1,31.9025,1000
2026-06-19 00:52:56,104,B+4.5,8,True,False,False,,-1,31.836,1000
2026-06-19 00:53:24,103,W+8.5,11,True,False,False,,-1,31.9263,1000
2026-06-19 00:53:52,105,W+0.5,9,True,False,False,,-1,31.8559,1000
2026-06-19 00:54:28,123,W+5.5,12,True,False,False,,-1,31.8488,1000
2026-06-19 00:55:04,139,W+14.5,23,True,False,False,,-1,31.8776,1000
2026-06-19 00:55:31,103,W+1.5,10,True,False,False,,-1,31.8316,1000
2026-06-19 00:56:09,131,W+0.5,12,True,False,False,,-1,31.8714,1000
2026-06-19 00:56:51,139,W+1.5,15,True,False,False,,-1,31.9526,1000
2026-06-19 00:57:08,62,W+4.5,2,True,False,False,,-1,31.7521,1000
2026-06-19 00:57:37,103,W+0.5,6,True,False,False,,-1,31.7312,1000
2026-06-19 00:58:07,114,B+1.5,13,True,False,False,,-1,31.6737,1000
2026-06-19 00:58:48,141,W+4.5,18,True,False,False,,-1,31.7545,1000
2026-06-19 00:59:14,97,W+11.5,5,True,False,False,,-1,31.6859,1000
2026-06-19 00:59:41,96,B+2.5,3,True,False,False,,-1,31.6061,1000
2026-06-19 01:00:12,117,W+24.5,13,True,False,False,,-1,31.5695,1000
2026-06-19 01:00:45,120,B+2.5,9,True,False,False,,-1,31.5679,1000
2026-06-19 01:01:12,109,W+4.5,13,True,False,False,,-1,31.5157,1000
2026-06-19 01:01:45,122,B+1.5,11,True,False,False,,-1,31.5036,1000
2026-06-19 01:02:18,118,B+0.5,8,True,False,False,,-1,31.4792,1000
2026-06-19 01:02:53,130,B+0.5,11,True,False,False,,-1,31.5202,1000
2026-06-19 01:03:10,60,W+1.5,2,True,False,False,,-1,31.324,1000
2026-06-19 01:03:52,162,B+3.5,25,True,False,False,,-1,31.3872,1000
2026-06-19 01:04:32,145,W+16.5,15,True,False,False,,-1,31.4607,1000
2026-06-19 01:05:08,139,W+3.5,25,True,False,False,,-1,31.5116,1000
2026-06-19 01:05:32,91,B+18.5,5,True,False,False,,-1,31.4683,1000
2026-06-19 01:06:02,111,W+8.5,17,True,False,False,,-1,31.432,1000
2026-06-19 01:06:41,160,B+7.5,29,True,False,False,,-1,31.4701,1000
2026-06-19 01:07:09,106,B+1.5,6,True,False,False,,-1,31.3844,1000
2026-06-19 01:07:43,123,W+0.5,13,True,False,False,,-1,31.378,1000
2026-06-19 01:08:06,86,W+8.5,4,True,False,False,,-1,31.2402,1000
2026-06-19 01:08:44,142,B+8.5,21,True,False,False,,-1,31.2822,1000
2026-06-19 01:09:17,123,B+2.5,15,True,False,False,,-1,31.249,1000
2026-06-19 01:09:44,94,W+12.5,4,True,False,False,,-1,31.1716,1000
2026-06-19 01:10:16,109,W+4.5,7,True,False,False,,-1,31.1379,1000
2026-06-19 01:10:47,117,W+0.5,11,True,False,False,,-1,31.1024,1000
2026-06-19 01:11:20,123,W+3.5,13,True,False,False,,-1,31.128,1000
2026-06-19 01:11:45,93,W+5.5,8,True,False,False,,-1,31.0344,1000
2026-06-19 01:12:29,160,W+9.5,26,True,False,False,,-1,31.1625,1000
2026-06-19 01:13:00,116,B+1.5,12,True,False,False,,-1,31.1135,1000
2026-06-19 01:13:28,103,W+1.5,12,True,False,False,,-1,31.0827,1000
2026-06-19 01:13:57,104,B+4.5,7,True,False,False,,-1,31.008,1000
2026-06-19 01:14:18,77,B+0.5,2,True,False,False,,-1,30.8518,1000
2026-06-19 01:14:51,122,W+24.5,13,True,False,False,,-1,30.8613,1000
2026-06-19 01:15:18,103,W+5.5,12,True,False,False,,-1,30.7889,1000
2026-06-19 01:15:46,106,B+5.5,8,True,False,False,,-1,30.7299,1000
2026-06-19 01:16:25,138,B+3.5,10,True,False,False,,-1,30.8134,1000
2026-06-19 01:16:52,108,B+2.5,6,True,False,False,,-1,30.7444,1000
2026-06-19 01:17:24,113,W+3.5,7,True,False,False,,-1,30.732,1000
2026-06-19 01:18:02,139,W+8.5,14,True,False,False,,-1,30.8172,1000
2026-06-19 01:18:28,89,B+0.5,5,True,False,False,,-1,30.724,1000
2026-06-19 01:18:54,93,W+4.5,7,True,False,False,,-1,30.6487,1000
2026-06-19 01:19:27,119,W+2.5,11,True,False,False,,-1,30.6466,1000
2026-06-19 01:19:59,126,B+3.5,18,True,False,False,,-1,30.6251,1000
2026-06-19 01:20:31,115,W+0.5,8,True,False,False,,-1,30.6278,1000
2026-06-19 01:21:01,111,B+6.5,9,True,False,False,,-1,30.6273,1000
2026-06-19 01:21:20,72,W+1.5,3,True,False,False,,-1,30.4825,1000
2026-06-19 01:21:49,105,W+2.5,8,True,False,False,,-1,30.4082,1000
2026-06-19 01:22:17,99,W+1.5,6,True,False,False,,-1,30.3577,1000
2026-06-19 01:22:57,162,W+6.5,27,True,False,False,,-1,30.4243,1000
2026-06-19 01:23:29,118,B+1.5,7,True,False,False,,-1,30.5067,1000
2026-06-19 01:23:58,107,W+4.5,10,True,False,False,,-1,30.4248,1000
2026-06-19 01:24:08,42,W+3.5,2,True,False,False,,-1,30.1958,1000
2026-06-19 01:24:37,112,W+1.5,14,True,False,False,,-1,30.1665,1000
2026-06-19 01:25:10,129,W+0.5,23,True,False,False,,-1,30.1687,1000
2026-06-19 01:25:42,115,W+1.5,14,True,False,False,,-1,30.236,1000
2026-06-19 01:26:03,72,W+11.5,2,True,False,False,,-1,30.2051,1000
2026-06-19 01:26:34,113,W+5.5,13,True,False,False,,-1,30.1512,1000
2026-06-19 01:27:04,108,B+5.5,9,True,False,False,,-1,30.0897,1000
2026-06-19 01:27:35,116,B+1.5,15,True,False,False,,-1,30.0594,1000
2026-06-19 01:27:59,94,B+5.5,8,True,False,False,,-1,30.0004,1000
2026-06-19 01:28:32,105,B+4.5,6,True,False,False,,-1,30.0604,1000
2026-06-19 01:28:57,96,B+1.5,6,True,False,False,,-1,30.0181,1000
2026-06-19 01:29:26,107,W+9.5,11,True,False,False,,-1,29.9825,1000
2026-06-19 01:29:53,95,W+2.5,9,True,False,False,,-1,29.9901,1000
2026-06-19 01:30:26,122,B+1.5,13,True,False,False,,-1,29.9521,1000
2026-06-19 01:30:55,114,B+2.5,11,True,False,False,,-1,29.9286,1000
2026-06-19 01:31:04,36,W+5.5,2,True,False,False,,-1,29.7416,1000
2026-06-19 01:31:38,131,W+4.5,18,True,False,False,,-1,29.7527,1000
2026-06-19 01:32:18,160,B+8.5,26,True,False,False,,-1,29.9082,1000
2026-06-19 01:32:47,108,B+2.5,11,True,False,False,,-1,29.885,1000
2026-06-19 01:33:22,111,W+2.5,11,True,False,False,,-1,29.9146,1000
2026-06-19 01:33:55,115,W+4.5,10,True,False,False,,-1,29.878,1000
2026-06-19 01:34:39,160,B+24.5,21,True,False,False,,-1,30.0048,1000
2026-06-19 01:35:12,115,W+2.5,8,True,False,False,,-1,30.0427,1000
2026-06-19 01:35:22,38,W+7.5,2,True,False,False,,-1,30.0825,1000
2026-06-19 01:35:46,92,B+0.5,4,True,False,False,,-1,30.1018,1000
2026-06-19 01:36:18,112,B+1.5,13,True,False,False,,-1,30.314,1000
2026-06-19 01:36:47,111,B+3.5,10,True,False,False,,-1,30.3109,1000
2026-06-19 01:37:18,106,B+2.5,4,True,False,False,,-1,30.2811,1000
2026-06-19 01:37:45,98,B+1.5,5,True,False,False,,-1,30.3023,1000
2026-06-19 01:38:19,140,B+0.5,15,True,False,False,,-1,30.1557,1000
2026-06-19 01:38:46,105,W+0.5,14,True,False,False,,-1,30.056,1000
2026-06-19 01:39:17,103,W+1.5,9,True,False,False,,-1,30.097,1000
2026-06-19 01:39:56,162,B+5.5,21,True,False,False,,-1,30.2395,1000
2026-06-19 01:40:25,107,W+4.5,14,True,False,False,,-1,30.1455,1000
2026-06-19 01:40:59,125,W+2.5,14,True,False,False,,-1,30.193,1000
2026-06-19 01:41:33,122,B+2.5,8,True,False,False,,-1,30.464,1000
2026-06-19 01:41:54,84,W+8.5,5,True,False,False,,-1,30.3916,1000
2026-06-19 01:42:31,125,W+0.5,11,True,False,False,,-1,30.4498,1000
2026-06-19 01:42:52,74,W+11.5,2,True,False,False,,-1,30.2431,1000
2026-06-19 01:43:23,113,W+4.5,13,True,False,False,,-1,30.2727,1000
2026-06-19 01:43:51,109,B+1.5,7,True,False,False,,-1,30.2706,1000
2026-06-19 01:44:30,148,B+2.5,25,True,False,False,,-1,30.3772,1000
2026-06-19 01:45:00,107,W+0.5,9,True,False,False,,-1,30.3217,1000
2026-06-19 01:45:08,34,W+8.5,3,True,False,False,,-1,30.0404,1000
2026-06-19 01:45:35,104,B+5.5,9,True,False,False,,-1,30.0406,1000
2026-06-19 01:46:02,107,W+5.5,14,True,False,False,,-1,29.9281,1000
2026-06-19 01:46:33,111,W+2.5,13,True,False,False,,-1,29.8222,1000
2026-06-19 01:47:01,102,B+2.5,6,True,False,False,,-1,29.9301,1000
2026-06-19 01:47:34,111,W+0.5,8,True,False,False,,-1,29.9628,1000
2026-06-19 01:48:03,94,W+19.5,5,True,False,False,,-1,29.9587,1000
2026-06-19 01:48:34,120,W+2.5,20,True,False,False,,-1,29.8591,1000
2026-06-19 01:49:16,162,B+5.5,19,True,False,False,,-1,30.0167,1000
2026-06-19 01:49:45,106,B+1.5,11,True,False,False,,-1,30.0388,1000
2026-06-19 01:50:14,101,W+16.5,8,True,False,False,,-1,30.0221,1000
2026-06-19 01:50:45,117,W+4.5,18,True,False,False,,-1,29.9931,1000
2026-06-19 01:51:12,101,W+3.5,10,True,False,False,,-1,29.9929,1000
2026-06-19 01:51:43,126,B+2.5,5,True,False,False,,-1,29.9755,1000
2026-06-19 01:52:16,114,B+2.5,9,True,False,False,,-1,29.9791,1000
2026-06-19 01:52:44,112,B+1.5,11,True,False,False,,-1,29.9112,1000
2026-06-19 01:53:21,130,B+0.5,10,True,False,False,,-1,30.1059,1000
2026-06-19 01:53:36,55,B+3.5,2,True,False,False,,-1,29.8382,1000
2026-06-19 01:53:57,74,W+14.5,2,True,False,False,,-1,29.6467,1000
2026-06-19 01:54:24,98,B+0.5,7,True,False,False,,-1,29.5585,1000
2026-06-19 01:54:32,29,B+3.5,2,True,False,False,,-1,29.3989,1000
2026-06-19 01:55:14,156,B+5.5,21,True,False,False,,-1,29.5238,1000
2026-06-19 01:55:44,111,W+6.5,10,True,False,False,,-1,29.4239,1000
2026-06-19 01:56:11,106,B+6.5,6,True,False,False,,-1,29.4122,1000
2026-06-19 01:56:32,76,W+16.5,2,True,False,False,,-1,29.2934,1000
2026-06-19 01:57:05,113,W+1.5,10,True,False,False,,-1,29.382,1000
2026-06-19 01:57:15,36,W+8.5,2,True,False,False,,-1,29.1033,1000
2026-06-19 01:57:51,125,W+1.5,18,True,False,False,,-1,29.1361,1000
2026-06-19 01:58:19,97,W+11.5,5,True,False,False,,-1,29.1542,1000
2026-06-19 01:58:50,97,B+0.5,5,True,False,False,,-1,29.1352,1000
2026-06-19 01:59:23,120,B+8.5,12,True,False,False,,-1,29.1502,1000
2026-06-19 01:59:55,116,B+1.5,6,True,False,False,,-1,29.1526,1000
2026-06-19 02:00:04,30,W+7.5,2,True,False,False,,-1,28.9821,1000
2026-06-19 02:00:33,110,B+9.5,8,True,False,False,,-1,28.8365,1000
2026-06-19 02:01:07,142,B+4.5,20,True,False,False,,-1,28.8644,1000
2026-06-19 02:01:34,102,B+1.5,11,True,False,False,,-1,28.8559,1000
2026-06-19 02:02:03,108,B+0.5,8,True,False,False,,-1,28.8537,1000
2026-06-19 02:02:14,40,W+9.5,2,True,False,False,,-1,28.7551,1000
2026-06-19 02:02:44,116,B+3.5,13,True,False,False,,-1,28.7269,1000
2026-06-19 02:03:11,99,W+10.5,5,True,False,False,,-1,28.7313,1000
2026-06-19 02:03:42,106,B+3.5,3,True,False,False,,-1,28.759,1000
2026-06-19 02:04:20,135,W+0.5,14,True,False,False,,-1,28.7484,1000
2026-06-19 02:04:29,28,W+7.5,2,True,False,False,,-1,28.5668,1000
2026-06-19 02:04:55,94,W+2.5,6,True,False,False,,-1,28.5125,1000
2026-06-19 02:05:18,95,W+1.5,8,True,False,False,,-1,28.36,1000
2026-06-19 02:05:48,111,W+6.5,13,True,False,False,,-1,28.3996,1000
2026-06-19 02:06:18,115,W+0.5,14,True,False,False,,-1,28.4409,1000
2026-06-19 02:06:46,105,W+9.5,10,True,False,False,,-1,28.3911,1000
2026-06-19 02:07:19,117,B+1.5,12,True,False,False,,-1,28.4038,1000
2026-06-19 02:07:43,84,W+8.5,3,True,False,False,,-1,28.3251,1000
2026-06-19 02:08:21,162,W+5.5,20,True,False,False,,-1,28.4019,1000
2026-06-19 02:08:56,122,B+3.5,13,True,False,False,,-1,28.5585,1000
2026-06-19 02:09:25,100,B+0.5,8,True,False,False,,-1,28.551,1000
2026-06-19 02:09:46,76,W+17.5,2,True,False,False,,-1,28.4915,1000
2026-06-19 02:10:23,136,B+0.5,19,True,False,False,,-1,28.459,1000
2026-06-19 02:10:51,102,B+1.5,7,True,False,False,,-1,28.4229,1000
2026-06-19 02:11:29,134,B+1.5,25,True,False,False,,-1,28.5081,1000
2026-06-19 02:12:02,123,B+2.5,20,True,False,False,,-1,28.738,1000
2026-06-19 02:12:30,117,B+8.5,17,True,False,False,,-1,28.7222,1000
2026-06-19 02:12:59,105,W+0.5,7,True,False,False,,-1,28.6887,1000
2026-06-19 02:13:27,92,W+14.5,5,True,False,False,,-1,28.6419,1000
2026-06-19 02:13:58,108,W+17.5,12,True,False,False,,-1,28.746,1000
2026-06-19 02:14:28,102,B+0.5,10,True,False,False,,-1,28.7391,1000
2026-06-19 02:15:04,136,B+19.5,16,True,False,False,,-1,28.8013,1000
2026-06-19 02:15:30,90,W+25.5,4,True,False,False,,-1,28.7511,1000
2026-06-19 02:16:06,134,B+1.5,20,True,False,False,,-1,28.8721,1000
2026-06-19 02:16:40,132,B+0.5,18,True,False,False,,-1,28.8801,1000
2026-06-19 02:17:07,100,B+5.5,7,True,False,False,,-1,28.8989,1000
2026-06-19 02:17:15,26,W+7.5,2,True,False,False,,-1,28.6804,1000
2026-06-19 02:17:39,90,B+5.5,5,True,False,False,,-1,28.6652,1000
2026-06-19 02:18:14,121,W+2.5,7,True,False,False,,-1,28.6716,1000
2026-06-19 02:18:54,143,W+1.5,9,True,False,False,,-1,28.7873,1000
2026-06-19 02:19:30,139,W+2.5,17,True,False,False,,-1,29.0592,1000
2026-06-19 02:20:03,116,B+9.5,11,True,False,False,,-1,29.0457,1000
2026-06-19 02:20:43,154,B+25.5,25,True,False,False,,-1,29.0466,1000
2026-06-19 02:21:18,136,B+1.5,8,True,False,False,,-1,29.1139,1000
2026-06-19 02:21:34,54,W+7.5,3,True,False,False,,-1,28.918,1000
2026-06-19 02:22:05,105,W+13.5,8,True,False,False,,-1,28.8945,1000
2026-06-19 02:22:34,106,W+1.5,8,True,False,False,,-1,28.7538,1000
2026-06-19 02:23:11,141,W+1.5,10,True,False,False,,-1,28.7797,1000
2026-06-19 02:23:43,119,W+2.5,10,True,False,False,,-1,29.0121,1000
2026-06-19 02:24:13,109,W+2.5,15,True,False,False,,-1,29.0724,1000
2026-06-19 02:24:38,91,W+0.5,6,True,False,False,,-1,28.9986,1000
2026-06-19 02:25:07,94,B+1.5,4,True,False,False,,-1,28.9956,1000
2026-06-19 02:25:47,142,B+26.5,16,True,False,False,,-1,29.0934,1000
2026-06-19 02:26:21,121,W+0.5,10,True,False,False,,-1,29.1537,1000
2026-06-19 02:26:53,108,B+2.5,8,True,False,False,,-1,29.1321,1000
2026-06-19 02:27:24,110,B+0.5,10,True,False,False,,-1,29.1713,1000
2026-06-19 02:27:53,114,B+1.5,13,True,False,False,,-1,29.1609,1000
2026-06-19 02:28:21,103,W+4.5,4,True,False,False,,-1,29.0508,1000
2026-06-19 02:28:45,83,B+5.5,2,True,False,False,,-1,28.9982,1000
2026-06-19 02:29:14,95,B+3.5,6,True,False,False,,-1,28.944,1000
2026-06-19 02:29:41,99,W+10.5,10,True,False,False,,-1,28.8769,1000
2026-06-19 02:30:09,104,W+9.5,4,True,False,False,,-1,28.941,1000
2026-06-19 02:30:48,125,W+2.5,16,True,False,False,,-1,28.9661,1000
2026-06-19 02:31:22,122,B+15.5,11,True,False,False,,-1,29.0989,1000
2026-06-19 02:31:53,110,B+0.5,8,True,False,False,,-1,29.0932,1000
2026-06-19 02:32:28,123,W+11.5,10,True,False,False,,-1,29.1719,1000
2026-06-19 02:32:52,94,B+1.5,6,True,False,False,,-1,29.0252,1000
2026-06-19 02:33:34,160,B+3.5,22,True,False,False,,-1,29.1375,1000
2026-06-19 02:34:03,111,W+4.5,13,True,False,False,,-1,29.348,1000
2026-06-19 02:34:27,94,B+1.5,7,True,False,False,,-1,29.3156,1000
2026-06-19 02:34:57,106,B+0.5,6,True,False,False,,-1,29.3432,1000
2026-06-19 02:35:38,161,W+31.5,21,True,False,False,,-1,29.4424,1000
2026-06-19 02:36:08,109,B+3.5,7,True,False,False,,-1,29.463,1000
2026-06-19 02:36:36,106,B+2.5,7,True,False,False,,-1,29.421,1000
2026-06-19 02:37:03,105,W+2.5,8,True,False,False,,-1,29.3988,1000
2026-06-19 02:37:34,114,W+0.5,17,True,False,False,,-1,29.3997,1000
2026-06-19 02:38:04,118,B+2.5,19,True,False,False,,-1,29.2801,1000
2026-06-19 02:38:34,103,W+10.5,6,True,False,False,,-1,29.2824,1000
2026-06-19 02:39:10,129,W+0.5,17,True,False,False,,-1,29.3563,1000
2026-06-19 02:39:43,115,W+5.5,11,True,False,False,,-1,29.3846,1000
2026-06-19 02:40:19,139,W+0.5,21,True,False,False,,-1,29.4678,1000
2026-06-19 02:40:48,111,W+4.5,8,True,False,False,,-1,29.4428,1000
2026-06-19 02:41:22,126,W+1.5,9,True,False,False,,-1,29.4524,1000
2026-06-19 02:41:56,126,B+1.5,18,True,False,False,,-1,29.5116,1000
2026-06-19 02:42:25,115,W+1.5,11,True,False,False,,-1,29.4425,1000
2026-06-19 02:43:01,135,W+1.5,25,True,False,False,,-1,29.6512,1000
2026-06-19 02:43:30,107,W+4.5,14,True,False,False,,-1,29.7232,1000
2026-06-19 02:43:58,103,W+0.5,11,True,False,False,,-1,29.7322,1000
2026-06-19 02:44:29,112,B+2.5,11,True,False,False,,-1,29.9592,1000
2026-06-19 02:45:01,124,B+1.5,10,True,False,False,,-1,29.8664,1000
2026-06-19 02:45:30,108,B+2.5,10,True,False,False,,-1,29.8668,1000
2026-06-19 02:46:05,121,W+3.5,17,True,False,False,,-1,29.9338,1000
2026-06-19 02:46:36,120,B+8.5,17,True,False,False,,-1,30.0387,1000
2026-06-19 02:47:04,106,B+0.5,7,True,False,False,,-1,29.9946,1000
2026-06-19 02:47:34,110,B+0.5,10,True,False,False,,-1,30.19,1000
2026-06-19 02:47:42,28,W+6.5,3,True,False,False,,-1,29.9175,1000
2026-06-19 02:48:15,125,W+5.5,15,True,False,False,,-1,29.9604,1000
2026-06-19 02:48:53,131,W+2.5,13,True,False,False,,-1,30.0275,1000
2026-06-19 02:49:29,134,B+5.5,15,True,False,False,,-1,30.0665,1000
2026-06-19 02:49:55,105,B+1.5,6,True,False,False,,-1,30.0,1000
2026-06-19 02:50:21,88,W+4.5,3,True,False,False,,-1,30.1668,1000
2026-06-19 02:50:47,91,B+14.5,4,True,False,False,,-1,30.14,1000
2026-06-19 02:51:16,100,B+1.5,6,True,False,False,,-1,30.0964,1000
2026-06-19 02:51:52,130,B+1.5,11,True,False,False,,-1,30.1807,1000
2026-06-19 02:52:24,124,B+9.5,17,True,False,False,,-1,30.2071,1000
2026-06-19 02:52:57,115,W+2.5,6,True,False,False,,-1,30.4321,1000
2026-06-19 02:53:30,112,B+0.5,13,True,False,False,,-1,30.4555,1000
2026-06-19 02:53:40,38,W+6.5,2,True,False,False,,-1,30.2845,1000
2026-06-19 02:54:10,113,W+0.5,8,True,False,False,,-1,30.2766,1000
2026-06-19 02:54:37,101,W+0.5,8,True,False,False,,-1,30.175,1000
2026-06-19 02:55:03,101,W+3.5,10,True,False,False,,-1,30.3371,1000
2026-06-19 02:55:33,115,W+7.5,13,True,False,False,,-1,30.378,1000
2026-06-19 02:56:00,101,W+0.5,13,True,False,False,,-1,30.4209,1000
2026-06-19 02:56:30,114,B+1.5,10,True,False,False,,-1,30.4197,1000
2026-06-19 02:56:59,112,B+0.5,9,True,False,False,,-1,30.4062,1000
2026-06-19 02:57:26,106,B+11.5,9,True,False,False,,-1,30.3927,1000
2026-06-19 02:57:58,117,W+9.5,11,True,False,False,,-1,30.3811,1000
2026-06-19 02:58:30,125,W+0.5,13,True,False,False,,-1,30.4656,1000
2026-06-19 02:59:03,116,B+1.5,9,True,False,False,,-1,30.4169,1000
2026-06-19 02:59:31,102,W+2.5,10,True,False,False,,-1,30.3495,1000
2026-06-19 03:00:12,149,W+1.5,16,True,False,False,,-1,30.4719,1000
2026-06-19 03:00:38,94,B+3.5,4,True,False,False,,-1,30.517,1000
2026-06-19 03:01:05,109,B+0.5,11,True,False,False,,-1,30.4236,1000
2026-06-19 03:01:45,140,B+8.5,16,True,False,False,,-1,30.5387,1000
2026-06-19 03:02:13,100,W+12.5,3,True,False,False,,-1,30.4422,1000
2026-06-19 03:02:46,126,B+0.5,12,True,False,False,,-1,30.4365,1000
2026-06-19 03:03:15,97,B+5.5,4,True,False,False,,-1,30.4504,1000
2026-06-19 03:03:44,109,W+19.5,10,True,False,False,,-1,30.4513,1000
2026-06-19 03:04:09,96,B+0.5,7,True,False,False,,-1,30.4178,1000
2026-06-19 03:04:42,118,B+1.5,12,True,False,False,,-1,30.4365,1000
2026-06-19 03:05:10,107,W+11.5,9,True,False,False,,-1,30.417,1000
2026-06-19 03:05:51,162,W+7.5,24,True,False,False,,-1,30.4661,1000
2026-06-19 03:06:23,123,W+5.5,21,True,False,False,,-1,30.5283,1000
2026-06-19 03:06:51,110,B+2.5,9,True,False,False,,-1,30.4467,1000
2026-06-19 03:07:18,101,W+1.5,9,True,False,False,,-1,30.3711,1000
2026-06-19 03:07:44,95,W+1.5,6,True,False,False,,-1,30.3715,1000
2026-06-19 03:07:58,44,W+8.5,3,True,False,False,,-1,30.4285,1000
2026-06-19 03:08:25,96,B+3.5,6,True,False,False,,-1,30.4483,1000
2026-06-19 03:08:30,20,W+7.5,2,True,False,False,,-1,30.1649,1000
2026-06-19 03:08:57,102,B+1.5,7,True,False,False,,-1,30.0344,1000
2026-06-19 03:09:23,93,B+7.5,7,True,False,False,,-1,29.9236,1000
2026-06-19 03:09:50,102,B+0.5,8,True,False,False,,-1,29.8677,1000
2026-06-19 03:10:20,118,B+0.5,14,True,False,False,,-1,29.7678,1000
2026-06-19 03:10:51,107,W+2.5,6,True,False,False,,-1,29.7197,1000
2026-06-19 03:11:31,160,B+5.5,28,True,False,False,,-1,29.9683,1000
2026-06-19 03:12:01,114,B+4.5,14,True,False,False,,-1,29.953,1000
2026-06-19 03:12:29,104,B+2.5,7,True,False,False,,-1,29.9447,1000
2026-06-19 03:12:51,82,W+14.5,2,True,False,False,,-1,29.8062,1000
2026-06-19 03:13:23,107,W+0.5,6,True,False,False,,-1,29.7984,1000
2026-06-19 03:13:50,110,B+0.5,10,True,False,False,,-1,29.7633,1000
2026-06-19 03:14:18,108,B+1.5,9,True,False,False,,-1,29.7929,1000
2026-06-19 03:14:52,136,B+15.5,19,True,False,False,,-1,29.8491,1000
2026-06-19 03:15:25,121,W+1.5,14,True,False,False,,-1,29.7765,1000
2026-06-19 03:15:51,104,B+14.5,13,True,False,False,,-1,29.7008,1000
2026-06-19 03:16:21,115,W+2.5,10,True,False,False,,-1,29.682,1000
2026-06-19 03:16:49,100,B+0.5,6,True,False,False,,-1,29.6528,1000
2026-06-19 03:17:17,115,W+0.5,16,True,False,False,,-1,29.6417,1000
2026-06-19 03:17:52,133,W+1.5,25,True,False,False,,-1,29.7017,1000
2026-06-19 03:18:32,139,W+9.5,19,True,False,False,,-1,29.8692,1000
2026-06-19 03:19:08,142,B+1.5,15,True,False,False,,-1,29.9426,1000
2026-06-19 03:19:37,99,W+5.5,5,True,False,False,,-1,29.9603,1000
2026-06-19 03:20:18,153,W+0.5,14,True,False,False,,-1,30.0863,1000
2026-06-19 03:20:26,30,W+7.5,2,True,False,False,,-1,29.7831,1000
2026-06-19 03:21:07,142,B+0.5,14,True,False,False,,-1,29.8507,1000
2026-06-19 03:21:36,105,W+3.5,12,True,False,False,,-1,29.831,1000
2026-06-19 03:21:57,76,W+13.5,2,True,False,False,,-1,29.6814,1000
2026-06-19 03:22:27,109,W+4.5,10,True,False,False,,-1,29.74,1000
2026-06-19 03:22:53,97,B+0.5,9,True,False,False,,-1,29.5902,1000
2026-06-19 03:23:24,105,W+2.5,8,True,False,False,,-1,29.6027,1000
2026-06-19 03:23:37,48,W+6.5,3,True,False,False,,-1,29.4914,1000
2026-06-19 03:24:07,116,W+17.5,13,True,False,False,,-1,29.5017,1000
2026-06-19 03:24:38,162,W+43.5,20,True,False,False,,-1,29.4008,1000
2026-06-19 03:25:12,127,W+1.5,17,True,False,False,,-1,29.4391,1000
2026-06-19 03:25:42,109,W+0.5,6,True,False,False,,-1,29.4548,1000
2026-06-19 03:26:15,119,W+9.5,15,True,False,False,,-1,29.514,1000
2026-06-19 03:26:45,113,W+2.5,10,True,False,False,,-1,29.5084,1000
2026-06-19 03:27:15,111,W+0.5,6,True,False,False,,-1,29.5027,1000
2026-06-19 03:27:45,112,B+0.5,13,True,False,False,,-1,29.5107,1000
2026-06-19 03:28:18,125,W+22.5,15,True,False,False,,-1,29.4812,1000
2026-06-19 03:28:43,99,W+2.5,6,True,False,False,,-1,29.3962,1000
2026-06-19 03:29:20,133,W+1.5,16,True,False,False,,-1,29.4098,1000
2026-06-19 03:29:55,120,B+3.5,10,True,False,False,,-1,29.4668,1000
2026-06-19 03:30:32,136,B+0.5,14,True,False,False,,-1,29.4966,1000
2026-06-19 03:31:02,107,B+2.5,7,True,False,False,,-1,29.4608,1000
2026-06-19 03:31:19,62,W+11.5,2,True,False,False,,-1,29.3324,1000
2026-06-19 03:31:56,137,W+43.5,9,True,False,False,,-1,29.3494,1000
2026-06-19 03:32:24,107,W+3.5,14,True,False,False,,-1,29.3384,1000
2026-06-19 03:32:55,121,B+4.5,13,True,False,False,,-1,29.3669,1000
2026-06-19 03:33:26,107,B+8.5,3,True,False,False,,-1,29.3693,1000
2026-06-19 03:34:06,161,W+7.5,23,True,False,False,,-1,29.4473,1000
2026-06-19 03:34:16,40,W+7.5,2,True,False,False,,-1,29.2563,1000
2026-06-19 03:34:51,122,B+0.5,14,True,False,False,,-1,29.2586,1000
2026-06-19 03:35:17,105,W+0.5,8,True,False,False,,-1,29.2097,1000
2026-06-19 03:36:00,161,W+17.5,17,True,False,False,,-1,29.3594,1000
2026-06-19 03:36:10,38,W+5.5,2,True,False,False,,-1,29.1603,1000
2026-06-19 03:36:41,114,W+4.5,11,True,False,False,,-1,29.3842,1000
2026-06-19 03:37:09,108,B+0.5,12,True,False,False,,-1,29.3366,1000
2026-06-19 03:37:45,126,B+0.5,12,True,False,False,,-1,29.3183,1000
2026-06-19 03:38:18,122,B+1.5,10,True,False,False,,-1,29.2858,1000
2026-06-19 03:38:45,99,W+3.5,7,True,False,False,,-1,29.296,1000
2026-06-19 03:39:15,105,W+2.5,6,True,False,False,,-1,29.3401,1000
2026-06-19 03:39:46,109,W+8.5,7,True,False,False,,-1,29.3861,1000
2026-06-19 03:40:16,103,W+1.5,7,True,False,False,,-1,29.3966,1000
2026-06-19 03:40:37,70,W+12.5,2,True,False,False,,-1,29.2441,1000
2026-06-19 03:41:07,110,B+3.5,7,True,False,False,,-1,29.2345,1000
2026-06-19 03:41:42,125,W+4.5,17,True,False,False,,-1,29.2489,1000
2026-06-19 03:41:58,60,W+7.5,2,True,False,False,,-1,29.0852,1000
2026-06-19 03:42:30,117,W+4.5,13,True,False,False,,-1,29.2988,1000
2026-06-19 03:42:49,68,W+13.5,2,True,False,False,,-1,29.1869,1000
2026-06-19 03:43:16,99,W+4.5,4,True,False,False,,-1,29.1834,1000
2026-06-19 03:43:51,130,B+1.5,11,True,False,False,,-1,29.2842,1000
2026-06-19 03:44:22,99,W+2.5,9,True,False,False,,-1,29.2817,1000
2026-06-19 03:44:31,38,W+8.5,2,True,False,False,,-1,29.1063,1000
2026-06-19 03:44:40,32,W+9.5,2,True,False,False,,-1,28.896,1000
2026-06-19 03:45:09,103,W+13.5,8,True,False,False,,-1,28.8999,1000
2026-06-19 03:45:37,106,B+0.5,7,True,False,False,,-1,28.9142,1000
2026-06-19 03:46:10,110,B+2.5,8,True,False,False,,-1,28.9168,1000
2026-06-19 03:46:35,97,W+3.5,7,True,False,False,,-1,28.841,1000
2026-06-19 03:47:13,162,W+2.5,9,True,False,False,,-1,28.8932,1000
2026-06-19 03:47:30,66,W+8.5,2,True,False,False,,-1,28.7858,1000
2026-06-19 03:48:04,124,B+6.5,12,True,False,False,,-1,28.7214,1000
2026-06-19 03:48:35,109,W+1.5,9,True,False,False,,-1,28.7658,1000
2026-06-19 03:49:06,124,B+0.5,15,True,False,False,,-1,28.8056,1000
2026-06-19 03:49:42,115,W+3.5,13,True,False,False,,-1,28.7615,1000
2026-06-19 03:50:22,162,B+8.5,22,True,False,False,,-1,28.8794,1000
2026-06-19 03:50:53,108,B+1.5,12,True,False,False,,-1,28.8656,1000
2026-06-19 03:51:02,28,W+8.5,2,True,False,False,,-1,28.6614,1000
2026-06-19 03:51:35,117,W+11.5,14,True,False,False,,-1,28.6992,1000
2026-06-19 03:52:04,108,B+1.5,6,True,False,False,,-1,28.7461,1000
2026-06-19 03:52:34,117,W+2.5,7,True,False,False,,-1,28.724,1000
2026-06-19 03:53:01,93,W+0.5,5,True,False,False,,-1,28.7065,1000
2026-06-19 03:53:36,125,W+2.5,12,True,False,False,,-1,28.6426,1000
2026-06-19 03:54:06,117,W+5.5,9,True,False,False,,-1,28.6296,1000
2026-06-19 03:54:41,118,B+1.5,14,True,False,False,,-1,28.6997,1000
2026-06-19 03:55:12,105,W+9.5,8,True,False,False,,-1,28.7445,1000
2026-06-19 03:55:47,119,W+1.5,9,True,False,False,,-1,28.8189,1000
2026-06-19 03:56:18,117,W+1.5,7,True,False,False,,-1,29.0014,1000
2026-06-19 03:56:48,108,B+1.5,6,True,False,False,,-1,29.0348,1000
2026-06-19 03:57:24,122,B+1.5,10,True,False,False,,-1,29.3334,1000
2026-06-19 03:57:54,114,B+2.5,8,True,False,False,,-1,29.3588,1000
2026-06-19 03:58:28,117,W+4.5,10,True,False,False,,-1,29.4445,1000
2026-06-19 03:58:55,102,B+3.5,6,True,False,False,,-1,29.4516,1000
2026-06-19 03:59:23,103,W+2.5,10,True,False,False,,-1,29.4221,1000
2026-06-19 03:59:55,107,W+0.5,10,True,False,False,,-1,29.4401,1000
2026-06-19 04:00:22,101,W+7.5,6,True,False,False,,-1,29.3111,1000
2026-06-19 04:00:53,113,B+3.5,6,True,False,False,,-1,29.3218,1000
2026-06-19 04:01:24,115,W+14.5,14,True,False,False,,-1,29.3455,1000
2026-06-19 04:01:31,24,W+7.5,2,True,False,False,,-1,29.1944,1000
2026-06-19 04:02:05,134,B+3.5,21,True,False,False,,-1,29.2121,1000
2026-06-19 04:02:31,99,B+3.5,4,True,False,False,,-1,29.2087,1000
2026-06-19 04:02:48,64,W+14.5,3,True,False,False,,-1,29.1009,1000
2026-06-19 04:03:20,113,W+2.5,11,True,False,False,,-1,29.0772,1000
2026-06-19 04:03:49,99,W+3.5,9,True,False,False,,-1,29.0401,1000
2026-06-19 04:04:22,118,B+1.5,13,True,False,False,,-1,29.1014,1000
2026-06-19 04:04:50,100,B+2.5,5,True,False,False,,-1,29.0877,1000
2026-06-19 04:05:22,109,W+5.5,13,True,False,False,,-1,29.1222,1000
2026-06-19 04:05:47,99,W+11.5,13,True,False,False,,-1,29.0914,1000
2026-06-19 04:06:05,71,B+2.5,2,True,False,False,,-1,28.9341,1000
2026-06-19 04:06:33,106,W+2.5,12,True,False,False,,-1,28.8067,1000
2026-06-19 04:06:45,46,W+7.5,2,True,False,False,,-1,28.565,1000
2026-06-19 04:07:26,162,W+0.5,18,True,False,False,,-1,28.6906,1000
2026-06-19 04:07:56,109,W+0.5,7,True,False,False,,-1,28.5849,1000
2026-06-19 04:08:28,126,B+12.5,14,True,False,False,,-1,28.8166,1000
2026-06-19 04:09:00,128,B+1.5,17,True,False,False,,-1,28.7313,1000
2026-06-19 04:09:34,118,B+2.5,14,True,False,False,,-1,28.7755,1000
2026-06-19 04:10:09,125,W+1.5,9,True,False,False,,-1,28.9178,1000
2026-06-19 04:10:38,107,W+20.5,8,True,False,False,,-1,28.9148,1000
2026-06-19 04:11:19,139,W+6.5,17,True,False,False,,-1,29.0517,1000
2026-06-19 04:11:53,119,W+2.5,12,True,False,False,,-1,29.0926,1000
2026-06-19 04:12:17,81,B+6.5,4,True,False,False,,-1,29.204,1000
2026-06-19 04:12:49,116,B+13.5,9,True,False,False,,-1,29.2153,1000
2026-06-19 04:13:21,124,W+0.5,14,True,False,False,,-1,29.2243,1000
2026-06-19 04:13:51,109,W+0.5,8,True,False,False,,-1,29.1923,1000
2026-06-19 04:14:19,99,W+1.5,9,True,False,False,,-1,29.1685,1000
2026-06-19 04:14:50,121,W+0.5,10,True,False,False,,-1,29.1436,1000
2026-06-19 04:15:15,99,W+0.5,11,True,False,False,,-1,29.0895,1000
2026-06-19 04:15:44,101,W+4.5,11,True,False,False,,-1,29.0875,1000
2026-06-19 04:16:13,104,B+0.5,7,True,False,False,,-1,29.0794,1000
2026-06-19 04:16:49,143,W+2.5,30,True,False,False,,-1,29.0999,1000
2026-06-19 04:17:15,100,B+7.5,9,True,False,False,,-1,29.1158,1000
2026-06-19 04:17:42,103,W+1.5,5,True,False,False,,-1,29.0213,1000
2026-06-19 04:18:21,137,W+0.5,9,True,False,False,,-1,29.0577,1000
2026-06-19 04:18:49,105,W+2.5,10,True,False,False,,-1,28.9753,1000
2026-06-19 04:19:20,108,B+0.5,10,True,False,False,,-1,28.9765,1000
2026-06-19 04:19:38,68,W+2.5,2,True,False,False,,-1,28.9921,1000
2026-06-19 04:20:09,118,B+0.5,10,True,False,False,,-1,28.9236,1000
2026-06-19 04:20:44,129,W+1.5,10,True,False,False,,-1,28.9969,1000
2026-06-19 04:21:20,146,B+5.5,25,True,False,False,,-1,29.0517,1000
2026-06-19 04:21:30,34,W+9.5,2,True,False,False,,-1,28.8383,1000
2026-06-19 04:22:01,119,W+0.5,19,True,False,False,,-1,28.749,1000
2026-06-19 04:22:34,118,B+0.5,9,True,False,False,,-1,28.9769,1000
2026-06-19 04:23:04,110,W+0.5,5,True,False,False,,-1,28.9269,1000
2026-06-19 04:23:33,111,W+8.5,10,True,False,False,,-1,28.9551,1000
2026-06-19 04:24:08,120,B+1.5,12,True,False,False,,-1,28.8703,1000
2026-06-19 04:24:38,130,B+1.5,18,True,False,False,,-1,29.0813,1000
2026-06-19 04:25:07,99,W+5.5,8,True,False,False,,-1,29.0576,1000
2026-06-19 04:25:35,99,W+8.5,9,True,False,False,,-1,29.0556,1000
2026-06-19 04:26:03,103,W+5.5,9,True,False,False,,-1,28.98,1000
2026-06-19 04:26:29,99,W+1.5,7,True,False,False,,-1,28.9056,1000
2026-06-19 04:27:11,161,W+21.5,28,True,False,False,,-1,29.0572,1000
2026-06-19 04:27:42,105,W+6.5,10,True,False,False,,-1,29.0664,1000
2026-06-19 04:28:11,113,W+4.5,11,True,False,False,,-1,29.0439,1000
2026-06-19 04:28:35,96,W+0.5,8,True,False,False,,-1,28.9887,1000
2026-06-19 04:29:05,105,B+7.5,8,True,False,False,,-1,29.0781,1000
2026-06-19 04:29:38,112,B+0.5,7,True,False,False,,-1,29.1025,1000
2026-06-19 04:30:06,102,B+0.5,10,True,False,False,,-1,29.0365,1000
2026-06-19 04:30:32,95,W+2.5,8,True,False,False,,-1,29.1374,1000
2026-06-19 04:31:02,114,B+1.5,11,True,False,False,,-1,29.1162,1000
2026-06-19 04:31:35,119,W+0.5,8,True,False,False,,-1,29.2549,1000
2026-06-19 04:32:00,97,W+3.5,7,True,False,False,,-1,29.235,1000
2026-06-19 04:32:31,116,W+15.5,12,True,False,False,,-1,29.1902,1000
2026-06-19 04:33:00,111,W+13.5,11,True,False,False,,-1,29.1778,1000
2026-06-19 04:33:37,128,B+0.5,12,True,False,False,,-1,29.4601,1000
2026-06-19 04:34:13,115,W+0.5,10,True,False,False,,-1,29.7263,1000
2026-06-19 04:34:40,100,B+1.5,6,True,False,False,,-1,29.7033,1000
2026-06-19 04:35:10,106,B+1.5,5,True,False,False,,-1,29.7219,1000
2026-06-19 04:35:38,110,B+0.5,8,True,False,False,,-1,29.6817,1000
2026-06-19 04:36:04,98,W+10.5,6,True,False,False,,-1,29.6966,1000
2026-06-19 04:36:35,111,W+2.5,14,True,False,False,,-1,29.6213,1000
2026-06-19 04:37:09,132,B+2.5,17,True,False,False,,-1,29.783,1000
2026-06-19 04:37:38,109,W+5.5,8,True,False,False,,-1,29.7294,1000
2026-06-19 04:38:09,105,B+2.5,4,True,False,False,,-1,29.7333,1000
2026-06-19 04:38:44,120,B+1.5,13,True,False,False,,-1,29.7723,1000
2026-06-19 04:39:14,110,B+1.5,8,True,False,False,,-1,29.7255,1000
2026-06-19 04:39:23,36,W+7.5,2,True,False,False,,-1,29.4156,1000
2026-06-19 04:40:06,157,W+2.5,15,True,False,False,,-1,29.5236,1000
2026-06-19 04:40:28,79,B+1.5,2,True,False,False,,-1,29.6634,1000
2026-06-19 04:41:10,157,B+2.5,23,True,False,False,,-1,29.7475,1000
2026-06-19 04:41:50,161,W+21.5,29,True,False,False,,-1,29.8588,1000
2026-06-19 04:42:25,130,B+0.5,14,True,False,False,,-1,29.9042,1000
2026-06-19 04:42:56,109,B+5.5,8,True,False,False,,-1,29.9439,1000
2026-06-19 04:43:22,110,B+1.5,11,True,False,False,,-1,29.8618,1000
2026-06-19 04:43:55,126,W+3.5,14,True,False,False,,-1,29.8842,1000
2026-06-19 04:44:03,32,W+7.5,2,True,False,False,,-1,29.6139,1000
2026-06-19 04:44:33,110,B+1.5,8,True,False,False,,-1,29.608,1000
2026-06-19 04:45:12,138,W+45.5,12,True,False,False,,-1,29.6545,1000
2026-06-19 04:45:37,95,W+2.5,8,True,False,False,,-1,29.592,1000
2026-06-19 04:46:03,107,W+3.5,11,True,False,False,,-1,29.5481,1000
2026-06-19 04:46:46,157,W+2.5,29,True,False,False,,-1,29.6184,1000
2026-06-19 04:47:13,103,W+1.5,10,True,False,False,,-1,29.5896,1000
2026-06-19 04:47:40,100,B+2.5,7,True,False,False,,-1,29.526,1000
2026-06-19 04:48:18,147,W+8.5,30,True,False,False,,-1,29.6243,1000
2026-06-19 04:48:51,122,B+3.5,13,True,False,False,,-1,29.6823,1000
2026-06-19 04:49:21,112,B+0.5,10,True,False,False,,-1,29.6626,1000
2026-06-19 04:49:58,131,W+0.5,15,True,False,False,,-1,29.7504,1000
2026-06-19 04:50:25,109,W+4.5,13,True,False,False,,-1,29.7166,1000
2026-06-19 04:50:56,107,W+14.5,5,True,False,False,,-1,29.7209,1000
2026-06-19 04:51:33,142,B+24.5,15,True,False,False,,-1,30.0223,1000
2026-06-19 04:52:02,100,B+2.5,5,True,False,False,,-1,29.974,1000
2026-06-19 04:52:36,125,W+0.5,19,True,False,False,,-1,30.0454,1000
2026-06-19 04:52:59,93,W+4.5,9,True,False,False,,-1,30.1109,1000
2026-06-19 04:53:29,109,W+0.5,8,True,False,False,,-1,30.0825,1000
2026-06-19 04:53:58,109,W+27.5,4,True,False,False,,-1,30.0835,1000
2026-06-19 04:54:22,96,B+2.5,4,True,False,False,,-1,30.0061,1000
2026-06-19 04:54:50,101,W+6.5,10,True,False,False,,-1,29.9915,1000
2026-06-19 04:55:16,104,B+1.5,7,True,False,False,,-1,29.9458,1000
2026-06-19 04:55:23,24,W+10.5,2,True,False,False,,-1,29.7643,1000
2026-06-19 04:55:53,106,B+0.5,10,True,False,False,,-1,29.8716,1000
2026-06-19 04:56:30,152,B+3.5,24,True,False,False,,-1,29.9762,1000
2026-06-19 04:56:58,97,B+1.5,6,True,False,False,,-1,30.1255,1000
2026-06-19 04:57:26,106,B+5.5,12,True,False,False,,-1,29.9984,1000
2026-06-19 04:57:51,92,B+1.5,4,True,False,False,,-1,29.9423,1000
2026-06-19 04:58:27,119,W+4.5,15,True,False,False,,-1,29.9878,1000
2026-06-19 04:59:01,127,W+1.5,12,True,False,False,,-1,30.0065,1000
2026-06-19 04:59:30,110,B+0.5,9,True,False,False,,-1,29.9559,1000
2026-06-19 04:59:45,56,W+11.5,2,True,False,False,,-1,29.7629,1000
2026-06-19 05:00:12,95,B+10.5,5,True,False,False,,-1,29.739,1000
2026-06-19 05:00:45,119,W+0.5,17,True,False,False,,-1,29.6604,1000
2026-06-19 05:01:11,101,W+1.5,8,True,False,False,,-1,29.581,1000
2026-06-19 05:01:44,130,B+1.5,19,True,False,False,,-1,29.6669,1000
2026-06-19 05:01:56,48,W+10.5,2,True,False,False,,-1,29.4643,1000
2026-06-19 05:02:38,162,B+1.5,28,True,False,False,,-1,29.5741,1000
2026-06-19 05:03:08,100,W+12.5,5,True,False,False,,-1,29.5603,1000
2026-06-19 05:03:38,112,B+0.5,9,True,False,False,,-1,29.5909,1000
2026-06-19 05:04:07,100,B+0.5,8,True,False,False,,-1,29.5695,1000
2026-06-19 05:04:34,106,B+1.5,8,True,False,False,,-1,29.5939,1000
2026-06-19 05:05:05,121,W+7.5,15,True,False,False,,-1,29.6079,1000
2026-06-19 05:05:35,114,B+0.5,10,True,False,False,,-1,29.6206,1000
2026-06-19 05:06:12,126,B+3.5,9,True,False,False,,-1,29.6332,1000
2026-06-19 05:06:48,125,W+14.5,10,True,False,False,,-1,29.7309,1000
2026-06-19 05:07:18,119,W+2.5,14,True,False,False,,-1,29.7528,1000
2026-06-19 05:07:46,106,W+1.5,8,True,False,False,,-1,29.6512,1000
2026-06-19 05:08:23,136,W+2.5,16,True,False,False,,-1,29.731,1000
2026-06-19 05:08:52,102,B+5.5,4,True,False,False,,-1,29.7209,1000
2026-06-19 05:09:22,107,W+6.5,11,True,False,False,,-1,29.837,1000
2026-06-19 05:09:52,116,B+0.5,9,True,False,False,,-1,29.8262,1000
2026-06-19 05:10:30,137,W+0.5,14,True,False,False,,-1,29.8627,1000
2026-06-19 05:11:00,107,W+8.5,9,True,False,False,,-1,29.792,1000
2026-06-19 05:11:29,109,W+17.5,8,True,False,False,,-1,29.9939,1000
2026-06-19 05:12:09,134,B+1.5,12,True,False,False,,-1,30.0784,1000
2026-06-19 05:12:44,141,W+2.5,14,True,False,False,,-1,30.0937,1000
2026-06-19 05:13:14,111,W+2.5,5,True,False,False,,-1,30.1007,1000
2026-06-19 05:13:38,99,W+0.5,8,True,False,False,,-1,30.05,1000
2026-06-19 05:14:08,108,B+6.5,6,True,False,False,,-1,30.0017,1000
2026-06-19 05:14:39,124,B+9.5,15,True,False,False,,-1,30.0072,1000
2026-06-19 05:15:06,99,W+4.5,5,True,False,False,,-1,29.9892,1000
2026-06-19 05:15:41,131,W+1.5,18,True,False,False,,-1,30.0562,1000
2026-06-19 05:16:15,124,B+3.5,14,True,False,False,,-1,30.1235,1000
2026-06-19 05:16:55,162,W+19.5,27,True,False,False,,-1,30.2619,1000
2026-06-19 05:17:23,103,W+3.5,8,True,False,False,,-1,30.1137,1000
2026-06-19 05:17:52,112,B+1.5,4,True,False,False,,-1,30.1002,1000
2026-06-19 05:18:23,116,B+2.5,9,True,False,False,,-1,30.1232,1000
2026-06-19 05:19:07,162,W+42.5,22,True,False,False,,-1,30.3135,1000
2026-06-19 05:19:28,79,B+7.5,5,True,False,False,,-1,30.2285,1000
2026-06-19 05:19:55,95,B+1.5,6,True,False,False,,-1,30.1643,1000
2026-06-19 05:20:26,115,W+9.5,14,True,False,False,,-1,30.1906,1000
2026-06-19 05:20:54,101,W+13.5,5,True,False,False,,-1,30.2115,1000
2026-06-19 05:21:22,103,W+0.5,8,True,False,False,,-1,30.1988,1000
2026-06-19 05:21:54,114,B+2.5,7,True,False,False,,-1,30.1874,1000
2026-06-19 05:22:19,94,W+11.5,6,True,False,False,,-1,30.1925,1000
2026-06-19 05:22:51,120,B+0.5,15,True,False,False,,-1,30.2008,1000
2026-06-19 05:23:17,97,W+5.5,9,True,False,False,,-1,30.1721,1000
2026-06-19 05:23:47,104,B+0.5,7,True,False,False,,-1,30.0965,1000
2026-06-19 05:24:16,106,B+1.5,11,True,False,False,,-1,30.0301,1000
2026-06-19 05:24:47,107,W+2.5,11,True,False,False,,-1,30.063,1000
2026-06-19 05:25:17,111,W+0.5,10,True,False,False,,-1,30.0685,1000
2026-06-19 05:25:50,128,B+14.5,19,True,False,False,,-1,30.1186,1000
2026-06-19 05:26:20,110,B+7.5,10,True,False,False,,-1,30.1526,1000
2026-06-19 05:26:58,146,B+3.5,23,True,False,False,,-1,30.2314,1000
2026-06-19 05:27:30,111,W+4.5,5,True,False,False,,-1,30.2075,1000
2026-06-19 05:27:51,86,B+1.5,2,True,False,False,,-1,30.1333,1000
2026-06-19 05:28:20,107,W+2.5,9,True,False,False,,-1,30.1152,1000
2026-06-19 05:28:28,34,W+8.5,2,True,False,False,,-1,29.8438,1000
2026-06-19 05:29:03,129,W+0.5,20,True,False,False,,-1,29.882,1000
2026-06-19 05:29:19,58,W+12.5,2,True,False,False,,-1,29.9595,1000
2026-06-19 05:29:52,111,W+6.5,8,True,False,False,,-1,29.8569,1000
2026-06-19 05:30:22,116,B+3.5,11,True,False,False,,-1,29.9345,1000
2026-06-19 05:30:32,38,W+5.5,2,True,False,False,,-1,29.6246,1000
2026-06-19 05:30:43,46,W+8.5,2,True,False,False,,-1,29.3344,1000
2026-06-19 05:31:13,105,W+0.5,4,True,False,False,,-1,29.2774,1000
2026-06-19 05:31:36,91,W+4.5,3,True,False,False,,-1,29.2038,1000
2026-06-19 05:32:06,111,W+5.5,10,True,False,False,,-1,29.2381,1000
2026-06-19 05:32:45,147,W+32.5,16,True,False,False,,-1,29.3004,1000
2026-06-19 05:33:09,96,B+2.5,5,True,False,False,,-1,29.4614,1000
2026-06-19 05:33:39,102,W+2.5,5,True,False,False,,-1,29.4529,1000
2026-06-19 05:33:56,58,W+7.5,2,True,False,False,,-1,29.2382,1000
2026-06-19 05:34:25,108,B+2.5,11,True,False,False,,-1,29.2789,1000
2026-06-19 05:34:59,113,W+4.5,11,True,False,False,,-1,29.3537,1000
2026-06-19 05:35:27,112,B+1.5,11,True,False,False,,-1,29.2084,1000
2026-06-19 05:35:51,84,B+2.5,4,True,False,False,,-1,29.1787,1000
2026-06-19 05:36:19,111,W+5.5,16,True,False,False,,-1,29.1857,1000
2026-06-19 05:36:47,98,B+1.5,4,True,False,False,,-1,29.0847,1000
2026-06-19 05:37:14,89,B+1.5,3,True,False,False,,-1,29.0282,1000
2026-06-19 05:37:42,110,B+2.5,13,True,False,False,,-1,29.009,1000
2026-06-19 05:38:12,109,W+1.5,11,True,False,False,,-1,28.9433,1000
2026-06-19 05:38:48,119,W+1.5,12,True,False,False,,-1,29.0278,1000
2026-06-19 05:39:27,156,W+23.5,26,True,False,False,,-1,29.1082,1000
2026-06-19 05:39:52,89,B+2.5,5,True,False,False,,-1,28.9845,1000
2026-06-19 05:40:20,102,W+6.5,6,True,False,False,,-1,28.9756,1000
2026-06-19 05:40:54,121,W+0.5,8,True,False,False,,-1,28.9804,1000
2026-06-19 05:41:24,123,W+4.5,13,True,False,False,,-1,29.0458,1000
2026-06-19 05:41:53,111,W+0.5,8,True,False,False,,-1,29.0355,1000
2026-06-19 05:42:20,111,W+8.5,9,True,False,False,,-1,29.0214,1000
2026-06-19 05:42:53,118,B+1.5,14,True,False,False,,-1,29.0993,1000
2026-06-19 05:43:21,99,W+0.5,8,True,False,False,,-1,29.1114,1000
2026-06-19 05:43:42,77,B+4.5,3,True,False,False,,-1,29.0508,1000
2026-06-19 05:44:15,121,W+5.5,11,True,False,False,,-1,29.3177,1000
2026-06-19 05:44:47,124,B+12.5,16,True,False,False,,-1,29.3414,1000
2026-06-19 05:45:15,106,B+2.5,5,True,False,False,,-1,29.2468,1000
2026-06-19 05:45:50,133,W+0.5,24,True,False,False,,-1,29.3195,1000
2026-06-19 05:46:25,127,W+1.5,15,True,False,False,,-1,29.3842,1000
2026-06-19 05:46:53,104,B+1.5,6,True,False,False,,-1,29.4228,1000
2026-06-19 05:47:30,146,B+2.5,24,True,False,False,,-1,29.4279,1000
2026-06-19 05:47:57,101,W+5.5,9,True,False,False,,-1,29.3554,1000
2026-06-19 05:48:29,129,W+6.5,13,True,False,False,,-1,29.39,1000
2026-06-19 05:49:11,162,B+4.5,25,True,False,False,,-1,29.6562,1000
2026-06-19 05:49:47,135,W+28.5,16,True,False,False,,-1,29.7482,1000
2026-06-19 05:52:14,112,W+9.5,22,True,False,False,,-1,29.7666,2000
2026-06-19 05:52:47,108,B+13.5,6,True,False,False,,-1,29.7727,2000
2026-06-19 05:53:05,60,W+12.5,2,True,False,False,,-1,29.8418,2000
2026-06-19 05:53:36,92,B+1.5,6,True,False,False,,-1,29.725,2000
2026-06-19 05:54:12,110,B+1.5,6,True,False,False,,-1,29.7845,2000
2026-06-19 05:55:01,150,B+1.5,19,True,False,False,,-1,29.9731,2000
2026-06-19 05:55:36,114,B+1.5,9,True,False,False,,-1,30.0389,2000
2026-06-19 05:56:21,146,B+0.5,23,True,False,False,,-1,30.2154,2000
2026-06-19 05:56:47,105,W+1.5,10,True,False,False,,-1,30.1594,2000
2026-06-19 05:57:27,143,W+2.5,10,True,False,False,,-1,30.2597,2000
2026-06-19 05:57:57,105,W+0.5,10,True,False,False,,-1,30.1924,2000
2026-06-19 05:58:36,133,W+0.5,15,True,False,False,,-1,30.2188,2000
2026-06-19 05:59:14,123,B+0.5,10,True,False,False,,-1,30.305,2000
2026-06-19 05:59:57,162,W+1.5,26,True,False,False,,-1,30.4501,2000
2026-06-19 06:00:28,128,B+2.5,17,True,False,False,,-1,30.3987,2000
2026-06-19 06:01:00,106,B+1.5,7,True,False,False,,-1,30.418,2000
2026-06-19 06:01:35,131,W+0.5,17,True,False,False,,-1,30.4673,2000
2026-06-19 06:02:00,95,W+8.5,11,True,False,False,,-1,30.4202,2000
2026-06-19 06:02:31,113,W+1.5,12,True,False,False,,-1,30.3481,2000
2026-06-19 06:03:02,108,B+0.5,9,True,False,False,,-1,30.3653,2000
2026-06-19 06:03:31,111,W+1.5,13,True,False,False,,-1,30.3582,2000
2026-06-19 06:04:12,138,B+1.5,19,True,False,False,,-1,30.3732,2000
2026-06-19 06:04:48,126,B+6.5,22,True,False,False,,-1,30.3868,2000
2026-06-19 06:05:06,63,B+0.5,2,True,False,False,,-1,30.2667,2000
2026-06-19 06:05:34,103,W+2.5,13,True,False,False,,-1,30.2946,2000
2026-06-19 06:06:05,119,W+0.5,18,True,False,False,,-1,30.3149,2000
2026-06-19 06:06:31,97,W+2.5,9,True,False,False,,-1,30.2628,2000
2026-06-19 06:07:02,105,B+2.5,7,True,False,False,,-1,30.2957,2000
2026-06-19 06:07:31,106,W+2.5,15,True,False,False,,-1,30.2399,2000
2026-06-19 06:08:06,117,W+5.5,13,True,False,False,,-1,30.2445,2000
2026-06-19 06:08:37,124,B+2.5,12,True,False,False,,-1,30.1625,2000
2026-06-19 06:09:03,99,W+0.5,16,True,False,False,,-1,30.1498,2000
2026-06-19 06:09:29,87,B+3.5,8,True,False,False,,-1,30.1147,2000
2026-06-19 06:10:08,127,W+0.5,13,True,False,False,,-1,30.1941,2000
2026-06-19 06:10:42,116,B+1.5,10,True,False,False,,-1,30.0906,2000
2026-06-19 06:11:14,109,W+5.5,15,True,False,False,,-1,30.2053,2000
2026-06-19 06:11:43,100,B+3.5,3,True,False,False,,-1,30.2243,2000
2026-06-19 06:12:16,110,B+2.5,7,True,False,False,,-1,30.2442,2000
2026-06-19 06:12:40,95,W+7.5,12,True,False,False,,-1,30.2022,2000
2026-06-19 06:13:05,89,B+1.5,5,True,False,False,,-1,30.1709,2000
2026-06-19 06:13:32,107,W+1.5,13,True,False,False,,-1,30.1276,2000
2026-06-19 06:14:11,137,W+2.5,13,True,False,False,,-1,30.2614,2000
2026-06-19 06:14:41,118,B+1.5,14,True,False,False,,-1,30.241,2000
2026-06-19 06:15:05,97,W+2.5,12,True,False,False,,-1,30.2213,2000
2026-06-19 06:15:37,116,B+2.5,12,True,False,False,,-1,30.2421,2000
2026-06-19 06:16:09,105,W+0.5,13,True,False,False,,-1,30.2712,2000
2026-06-19 06:16:48,137,W+5.5,20,True,False,False,,-1,30.3619,2000
2026-06-19 06:17:23,118,B+1.5,16,True,False,False,,-1,30.4024,2000
2026-06-19 06:17:45,91,W+1.5,13,True,False,False,,-1,30.2953,2000
2026-06-19 06:18:25,134,B+0.5,18,True,False,False,,-1,30.3966,2000
2026-06-19 06:18:50,97,W+2.5,10,True,False,False,,-1,30.2563,2000
2026-06-19 06:19:27,132,B+14.5,9,True,False,False,,-1,30.3152,2000
2026-06-19 06:20:02,114,B+2.5,11,True,False,False,,-1,30.4482,2000
2026-06-19 06:20:31,109,W+0.5,7,True,False,False,,-1,30.4447,2000
2026-06-19 06:20:58,105,W+0.5,9,True,False,False,,-1,30.6455,2000
2026-06-19 06:21:43,143,W+2.5,9,True,False,False,,-1,30.741,2000
2026-06-19 06:22:13,103,W+0.5,4,True,False,False,,-1,30.8754,2000
2026-06-19 06:22:40,93,B+10.5,3,True,False,False,,-1,30.8238,2000
2026-06-19 06:22:56,55,B+1.5,2,True,False,False,,-1,30.6874,2000
2026-06-19 06:23:23,103,W+2.5,15,True,False,False,,-1,30.854,2000
2026-06-19 06:24:00,136,B+7.5,21,True,False,False,,-1,31.107,2000
2026-06-19 06:24:36,129,W+2.5,10,True,False,False,,-1,31.1702,2000
2026-06-19 06:25:01,101,B+0.5,9,True,False,False,,-1,31.1934,2000
2026-06-19 06:25:43,133,W+3.5,12,True,False,False,,-1,31.3071,2000
2026-06-19 06:25:59,56,W+2.5,2,True,False,False,,-1,31.0843,2000
2026-06-19 06:26:32,105,W+7.5,7,True,False,False,,-1,31.1662,2000
2026-06-19 06:26:59,101,W+1.5,10,True,False,False,,-1,31.141,2000
2026-06-19 06:27:36,129,W+3.5,21,True,False,False,,-1,31.3358,2000
2026-06-19 06:28:03,93,B+6.5,4,True,False,False,,-1,31.3231,2000
2026-06-19 06:28:33,102,B+4.5,7,True,False,False,,-1,31.2828,2000
2026-06-19 06:28:59,87,B+9.5,5,True,False,False,,-1,31.2589,2000
2026-06-19 06:29:12,48,W+3.5,2,True,False,False,,-1,31.1507,2000
2026-06-19 06:29:39,95,B+1.5,3,True,False,False,,-1,31.142,2000
2026-06-19 06:30:14,123,W+2.5,9,True,False,False,,-1,31.2188,2000
2026-06-19 06:30:44,115,W+1.5,8,True,False,False,,-1,31.2476,2000
2026-06-19 06:31:13,103,W+1.5,7,True,False,False,,-1,31.2444,2000
2026-06-19 06:31:56,162,B+14.5,25,True,False,False,,-1,31.3835,2000
2026-06-19 06:32:12,52,W+6.5,2,True,False,False,,-1,31.1796,2000
2026-06-19 06:32:50,132,B+4.5,20,True,False,False,,-1,31.1747,2000
2026-06-19 06:33:26,120,B+2.5,13,True,False,False,,-1,31.2768,2000
2026-06-19 06:33:58,104,B+3.5,10,True,False,False,,-1,31.3245,2000
2026-06-19 06:34:32,123,W+15.5,16,True,False,False,,-1,31.3195,2000
2026-06-19 06:35:10,127,W+1.5,12,True,False,False,,-1,31.3968,2000
2026-06-19 06:35:39,110,B+1.5,9,True,False,False,,-1,31.4076,2000
2026-06-19 06:36:16,154,B+12.5,33,True,False,False,,-1,31.5037,2000
2026-06-19 06:36:58,162,B+1.5,24,True,False,False,,-1,31.5986,2000
2026-06-19 06:37:10,38,W+7.5,2,True,False,False,,-1,31.4304,2000
2026-06-19 06:37:46,128,B+26.5,17,True,False,False,,-1,31.587,2000
2026-06-19 06:38:15,103,W+0.5,12,True,False,False,,-1,31.5431,2000
2026-06-19 06:38:54,140,W+0.5,29,True,False,False,,-1,31.6129,2000
2026-06-19 06:39:33,138,W+0.5,15,True,False,False,,-1,31.7181,2000
2026-06-19 06:40:01,99,B+3.5,6,True,False,False,,-1,31.6592,2000
2026-06-19 06:40:32,117,W+2.5,15,True,False,False,,-1,31.6114,2000
2026-06-19 06:40:59,104,B+2.5,9,True,False,False,,-1,31.5953,2000
2026-06-19 06:41:38,143,W+1.5,18,True,False,False,,-1,31.62,2000
2026-06-19 06:42:08,117,W+3.5,14,True,False,False,,-1,31.6517,2000
2026-06-19 06:42:44,125,W+2.5,10,True,False,False,,-1,31.687,2000
2026-06-19 06:43:11,84,W+2.5,4,True,False,False,,-1,31.5445,2000
2026-06-19 06:43:51,147,W+6.5,23,True,False,False,,-1,31.5749,2000
2026-06-19 06:44:14,79,B+4.5,4,True,False,False,,-1,31.512,2000
2026-06-19 06:44:48,123,B+2.5,19,True,False,False,,-1,31.5406,2000
2026-06-19 06:45:29,139,W+4.5,16,True,False,False,,-1,31.6183,2000
2026-06-19 06:46:00,106,B+2.5,8,True,False,False,,-1,31.7474,2000
2026-06-19 06:46:27,91,B+4.5,6,True,False,False,,-1,31.7055,2000
2026-06-19 06:46:56,102,B+0.5,6,True,False,False,,-1,31.6436,2000
2026-06-19 06:47:31,118,B+0.5,11,True,False,False,,-1,31.493,2000
2026-06-19 06:47:58,108,B+3.5,8,True,False,False,,-1,31.4196,2000
2026-06-19 06:48:33,117,W+2.5,9,True,False,False,,-1,31.3135,2000
2026-06-19 06:49:02,105,B+2.5,8,True,False,False,,-1,31.3501,2000
2026-06-19 06:49:47,162,B+4.5,29,True,False,False,,-1,31.3962,2000
2026-06-19 06:50:12,94,B+2.5,4,True,False,False,,-1,31.3524,2000
2026-06-19 06:50:28,56,W+7.5,2,True,False,False,,-1,31.1193,2000
2026-06-19 06:51:00,107,W+1.5,16,True,False,False,,-1,31.0599,2000
2026-06-19 06:51:36,118,B+2.5,10,True,False,False,,-1,30.9881,2000
2026-06-19 06:52:06,117,W+1.5,20,True,False,False,,-1,30.9762,2000
2026-06-19 06:52:44,124,B+2.5,19,True,False,False,,-1,31.0408,2000
2026-06-19 06:53:14,108,W+1.5,10,True,False,False,,-1,30.9926,2000
2026-06-19 06:53:50,121,W+1.5,11,True,False,False,,-1,31.1054,2000
2026-06-19 06:54:29,161,B+0.5,21,True,False,False,,-1,31.1822,2000
2026-06-19 06:55:08,136,B+0.5,12,True,False,False,,-1,31.2596,2000
2026-06-19 06:55:39,100,B+2.5,6,True,False,False,,-1,31.2755,2000
2026-06-19 06:56:22,157,W+2.5,16,True,False,False,,-1,31.2989,2000
2026-06-19 06:56:29,26,W+7.5,2,True,False,False,,-1,31.0046,2000
2026-06-19 06:56:58,113,W+7.5,17,True,False,False,,-1,31.1174,2000
2026-06-19 06:57:28,110,B+1.5,6,True,False,False,,-1,31.1435,2000
2026-06-19 06:58:07,162,W+5.5,31,True,False,False,,-1,31.2182,2000
2026-06-19 06:58:29,79,B+2.5,2,True,False,False,,-1,31.1732,2000
2026-06-19 06:59:01,119,W+2.5,18,True,False,False,,-1,31.1926,2000
2026-06-19 06:59:26,85,B+3.5,4,True,False,False,,-1,31.1494,2000
2026-06-19 06:59:58,116,B+1.5,9,True,False,False,,-1,31.1224,2000
2026-06-19 07:00:29,111,W+2.5,12,True,False,False,,-1,31.111,2000
2026-06-19 07:00:55,98,B+0.5,8,True,False,False,,-1,31.1085,2000
2026-06-19 07:01:25,105,B+0.5,5,True,False,False,,-1,31.1584,2000
2026-06-19 07:01:57,115,W+3.5,16,True,False,False,,-1,31.0851,2000
2026-06-19 07:02:29,113,W+2.5,16,True,False,False,,-1,31.0679,2000
2026-06-19 07:02:56,97,W+1.5,9,True,False,False,,-1,31.0185,2000
2026-06-19 07:03:22,91,W+0.5,6,True,False,False,,-1,30.9881,2000
2026-06-19 07:03:51,99,B+8.5,4,True,False,False,,-1,30.9544,2000
2026-06-19 07:04:23,103,W+3.5,14,True,False,False,,-1,31.0269,2000
2026-06-19 07:04:55,110,B+5.5,7,True,False,False,,-1,31.0956,2000
2026-06-19 07:05:25,110,B+10.5,13,True,False,False,,-1,31.1329,2000
2026-06-19 07:05:56,98,B+6.5,6,True,False,False,,-1,31.0481,2000
2026-06-19 07:06:42,162,W+8.5,10,True,False,False,,-1,31.2139,2000
2026-06-19 07:07:21,142,B+17.5,27,True,False,False,,-1,31.3604,2000
2026-06-19 07:07:46,85,B+4.5,2,True,False,False,,-1,31.29,2000
2026-06-19 07:08:15,101,W+4.5,11,True,False,False,,-1,31.259,2000
2026-06-19 07:08:45,106,B+1.5,5,True,False,False,,-1,31.1632,2000
2026-06-19 07:09:16,110,B+1.5,9,True,False,False,,-1,31.1293,2000
2026-06-19 07:09:51,115,B+12.5,11,True,False,False,,-1,31.25,2000
2026-06-19 07:10:32,155,W+3.5,28,True,False,False,,-1,31.2652,2000
2026-06-19 07:11:06,122,B+0.5,11,True,False,False,,-1,31.3571,2000
2026-06-19 07:11:39,132,B+1.5,19,True,False,False,,-1,31.3236,2000
2026-06-19 07:12:13,123,B+9.5,15,True,False,False,,-1,31.3151,2000
2026-06-19 07:12:49,130,B+1.5,10,True,False,False,,-1,31.3841,2000
2026-06-19 07:13:20,103,W+3.5,7,True,False,False,,-1,31.409,2000
2026-06-19 07:13:47,93,B+1.5,5,True,False,False,,-1,31.2389,2000
2026-06-19 07:14:24,139,W+0.5,27,True,False,False,,-1,31.3096,2000
2026-06-19 07:14:50,103,W+0.5,10,True,False,False,,-1,31.2962,2000
2026-06-19 07:15:21,104,B+1.5,11,True,False,False,,-1,31.4442,2000
2026-06-19 07:15:35,48,W+5.5,3,True,False,False,,-1,31.3158,2000
2026-06-19 07:16:08,113,W+7.5,5,True,False,False,,-1,31.2839,2000
2026-06-19 07:16:43,119,W+1.5,16,True,False,False,,-1,31.2716,2000
2026-06-19 07:17:28,160,B+16.5,24,True,False,False,,-1,31.4676,2000
2026-06-19 07:18:02,108,B+2.5,6,True,False,False,,-1,31.3885,2000
2026-06-19 07:18:27,101,W+3.5,9,True,False,False,,-1,31.4786,2000
2026-06-19 07:18:52,93,W+8.5,11,True,False,False,,-1,31.3962,2000
2026-06-19 07:19:17,101,B+3.5,7,True,False,False,,-1,31.3832,2000
2026-06-19 07:19:45,111,W+0.5,11,True,False,False,,-1,31.2916,2000
2026-06-19 07:20:13,92,B+0.5,6,True,False,False,,-1,31.2936,2000
2026-06-19 07:20:49,125,W+1.5,13,True,False,False,,-1,31.3618,2000
2026-06-19 07:21:20,117,W+7.5,14,True,False,False,,-1,31.4081,2000
2026-06-19 07:21:45,99,W+1.5,8,True,False,False,,-1,31.5362,2000
2026-06-19 07:22:08,73,B+2.5,3,True,False,False,,-1,31.4852,2000
2026-06-19 07:22:35,101,W+0.5,9,True,False,False,,-1,31.4006,2000
2026-06-19 07:22:55,71,B+0.5,2,True,False,False,,-1,31.3063,2000
2026-06-19 07:23:19,83,B+7.5,5,True,False,False,,-1,31.2579,2000
2026-06-19 07:23:44,95,B+2.5,4,True,False,False,,-1,31.0726,2000
2026-06-19 07:24:14,111,B+5.5,8,True,False,False,,-1,31.2196,2000
2026-06-19 07:24:44,112,B+4.5,7,True,False,False,,-1,31.1383,2000
2026-06-19 07:24:51,20,W+7.5,2,True,False,False,,-1,30.8503,2000
2026-06-19 07:25:23,121,W+1.5,12,True,False,False,,-1,30.8422,2000
2026-06-19 07:25:55,107,W+1.5,6,True,False,False,,-1,30.8248,2000
2026-06-19 07:26:36,161,W+2.5,35,True,False,False,,-1,30.8609,2000
2026-06-19 07:27:05,95,W+2.5,11,True,False,False,,-1,30.8543,2000
2026-06-19 07:27:38,117,W+0.5,10,True,False,False,,-1,30.8131,2000
2026-06-19 07:28:13,149,W+2.5,24,True,False,False,,-1,30.7511,2000
2026-06-19 07:28:44,104,B+0.5,6,True,False,False,,-1,30.9424,2000
2026-06-19 07:29:13,108,B+4.5,10,True,False,False,,-1,30.8679,2000
2026-06-19 07:29:38,85,B+2.5,3,True,False,False,,-1,30.8294,2000
2026-06-19 07:30:06,98,B+5.5,6,True,False,False,,-1,30.7194,2000
2026-06-19 07:30:16,38,W+5.5,2,True,False,False,,-1,30.4288,2000
2026-06-19 07:30:47,111,B+3.5,3,True,False,False,,-1,30.4564,2000
2026-06-19 07:31:15,105,W+1.5,7,True,False,False,,-1,30.4355,2000
2026-06-19 07:31:41,105,W+5.5,15,True,False,False,,-1,30.426,2000
2026-06-19 07:32:19,126,B+8.5,16,True,False,False,,-1,30.409,2000
2026-06-19 07:32:44,92,B+0.5,10,True,False,False,,-1,30.3612,2000
2026-06-19 07:33:13,95,B+7.5,3,True,False,False,,-1,30.2885,2000
2026-06-19 07:33:43,111,W+0.5,8,True,False,False,,-1,30.3141,2000
2026-06-19 07:34:07,94,B+5.5,5,True,False,False,,-1,30.1633,2000
2026-06-19 07:34:39,113,B+15.5,12,True,False,False,,-1,30.2451,2000
2026-06-19 07:35:12,111,W+2.5,9,True,False,False,,-1,30.2325,2000
2026-06-19 07:35:43,121,W+0.5,14,True,False,False,,-1,30.1386,2000
2026-06-19 07:36:14,108,B+0.5,9,True,False,False,,-1,30.131,2000
2026-06-19 07:36:44,113,W+1.5,14,True,False,False,,-1,30.1657,2000
2026-06-19 07:37:19,122,B+20.5,14,True,False,False,,-1,30.2184,2000
2026-06-19 07:37:47,105,W+1.5,10,True,False,False,,-1,30.1592,2000
2026-06-19 07:38:13,99,W+0.5,7,True,False,False,,-1,30.1383,2000
2026-06-19 07:38:36,81,B+0.5,2,True,False,False,,-1,30.0304,2000
2026-06-19 07:39:01,89,W+3.5,8,True,False,False,,-1,29.9939,2000
2026-06-19 07:39:28,85,B+7.5,2,True,False,False,,-1,29.8048,2000
2026-06-19 07:39:56,104,B+5.5,6,True,False,False,,-1,29.8319,2000
2026-06-19 07:40:30,129,B+3.5,13,True,False,False,,-1,30.0189,2000
2026-06-19 07:41:03,123,W+2.5,14,True,False,False,,-1,30.0228,2000
2026-06-19 07:41:37,133,W+5.5,16,True,False,False,,-1,30.0094,2000
2026-06-19 07:42:06,105,B+6.5,6,True,False,False,,-1,29.9923,2000
2026-06-19 07:42:37,112,W+0.5,15,True,False,False,,-1,29.9246,2000
2026-06-19 07:43:04,99,W+9.5,8,True,False,False,,-1,29.899,2000
2026-06-19 07:43:31,104,W+2.5,14,True,False,False,,-1,29.8045,2000
2026-06-19 07:43:59,96,B+3.5,13,True,False,False,,-1,29.6989,2000
2026-06-19 07:44:34,127,W+0.5,11,True,False,False,,-1,29.6563,2000
2026-06-19 07:45:03,116,B+0.5,12,True,False,False,,-1,29.644,2000
2026-06-19 07:45:40,135,W+0.5,26,True,False,False,,-1,29.5775,2000
2026-06-19 07:46:13,117,W+2.5,16,True,False,False,,-1,29.8388,2000
2026-06-19 07:46:47,114,B+1.5,11,True,False,False,,-1,29.8826,2000
2026-06-19 07:47:22,124,B+1.5,20,True,False,False,,-1,29.9372,2000
2026-06-19 07:47:48,93,W+0.5,8,True,False,False,,-1,29.7993,2000
2026-06-19 07:48:26,132,B+1.5,11,True,False,False,,-1,29.9686,2000
2026-06-19 07:49:02,129,W+3.5,13,True,False,False,,-1,30.0077,2000
2026-06-19 07:49:32,108,B+0.5,11,True,False,False,,-1,30.0622,2000
2026-06-19 07:50:07,136,W+4.5,17,True,False,False,,-1,30.0867,2000
2026-06-19 07:50:52,161,W+1.5,33,True,False,False,,-1,30.2262,2000
2026-06-19 07:51:33,162,W+0.5,34,True,False,False,,-1,30.3858,2000
2026-06-19 07:52:05,110,B+4.5,10,True,False,False,,-1,30.3945,2000
2026-06-19 07:52:34,113,W+1.5,11,True,False,False,,-1,30.3701,2000
2026-06-19 07:53:00,98,B+0.5,9,True,False,False,,-1,30.3097,2000
2026-06-19 07:53:27,97,W+0.5,5,True,False,False,,-1,30.3071,2000
2026-06-19 07:53:54,97,W+0.5,11,True,False,False,,-1,30.3247,2000
2026-06-19 07:54:33,138,B+1.5,16,True,False,False,,-1,30.4177,2000
2026-06-19 07:55:03,113,W+7.5,12,True,False,False,,-1,30.4007,2000
2026-06-19 07:55:30,97,W+2.5,9,True,False,False,,-1,30.3492,2000
2026-06-19 07:56:00,108,W+2.5,12,True,False,False,,-1,30.3423,2000
2026-06-19 07:56:35,116,B+1.5,17,True,False,False,,-1,30.385,2000
2026-06-19 07:57:14,145,W+0.5,14,True,False,False,,-1,30.3146,2000
2026-06-19 07:57:53,136,B+2.5,21,True,False,False,,-1,30.3146,2000
2026-06-19 07:58:01,34,W+7.5,2,True,False,False,,-1,30.1483,2000
2026-06-19 07:58:35,122,B+3.5,16,True,False,False,,-1,30.1966,2000
2026-06-19 07:59:04,98,B+8.5,6,True,False,False,,-1,30.187,2000
2026-06-19 07:59:12,28,W+6.5,2,True,False,False,,-1,29.9625,2000
2026-06-19 07:59:36,87,B+3.5,3,True,False,False,,-1,29.8527,2000
2026-06-19 08:00:08,129,W+8.5,19,True,False,False,,-1,29.7585,2000
2026-06-19 08:00:45,135,W+4.5,21,True,False,False,,-1,29.7898,2000
2026-06-19 08:01:10,97,W+2.5,5,True,False,False,,-1,29.7073,2000
2026-06-19 08:01:42,105,B+0.5,6,True,False,False,,-1,29.6792,2000
2026-06-19 08:02:14,114,B+2.5,10,True,False,False,,-1,29.6426,2000
2026-06-19 08:02:41,102,B+0.5,13,True,False,False,,-1,29.6075,2000
2026-06-19 08:03:10,101,W+2.5,8,True,False,False,,-1,29.6263,2000
2026-06-19 08:03:44,119,W+2.5,12,True,False,False,,-1,29.5999,2000
2026-06-19 08:04:17,114,B+0.5,9,True,False,False,,-1,29.6737,2000
2026-06-19 08:04:44,100,B+0.5,8,True,False,False,,-1,29.632,2000
2026-06-19 08:05:12,98,B+3.5,8,True,False,False,,-1,29.7611,2000
2026-06-19 08:05:41,107,W+1.5,14,True,False,False,,-1,29.7237,2000
2026-06-19 08:06:12,113,W+7.5,8,True,False,False,,-1,29.6887,2000
2026-06-19 08:06:37,83,B+9.5,5,True,False,False,,-1,29.4853,2000
2026-06-19 08:07:14,136,B+1.5,21,True,False,False,,-1,29.5193,2000
2026-06-19 08:07:41,103,W+1.5,13,True,False,False,,-1,29.5331,2000
2026-06-19 08:08:06,91,W+0.5,10,True,False,False,,-1,29.5443,2000
2026-06-19 08:08:44,145,W+7.5,20,True,False,False,,-1,29.6626,2000
2026-06-19 08:09:15,111,W+2.5,16,True,False,False,,-1,29.6985,2000
2026-06-19 08:09:49,116,B+4.5,12,True,False,False,,-1,29.7537,2000
2026-06-19 08:10:22,119,W+3.5,15,True,False,False,,-1,29.7254,2000
2026-06-19 08:10:47,103,W+4.5,15,True,False,False,,-1,29.67,2000
2026-06-19 08:11:12,90,B+2.5,6,True,False,False,,-1,29.6651,2000
2026-06-19 08:11:46,119,W+1.5,11,True,False,False,,-1,29.781,2000
2026-06-19 08:12:19,117,B+1.5,6,True,False,False,,-1,29.8387,2000
2026-06-19 08:12:51,121,W+0.5,17,True,False,False,,-1,29.9549,2000
2026-06-19 08:13:21,102,B+3.5,8,True,False,False,,-1,30.0243,2000
2026-06-19 08:13:53,135,W+6.5,23,True,False,False,,-1,30.0944,2000
2026-06-19 08:14:30,144,B+32.5,12,True,False,False,,-1,30.1626,2000
2026-06-19 08:15:03,112,B+1.5,10,True,False,False,,-1,30.1824,2000
2026-06-19 08:15:31,103,W+1.5,10,True,False,False,,-1,30.3958,2000
2026-06-19 08:15:55,93,W+1.5,8,True,False,False,,-1,30.3259,2000
2026-06-19 08:16:18,81,B+4.5,3,True,False,False,,-1,30.2346,2000
2026-06-19 08:16:49,111,W+0.5,11,True,False,False,,-1,30.1305,2000
2026-06-19 08:17:24,121,W+1.5,8,True,False,False,,-1,30.1936,2000
2026-06-19 08:17:52,103,W+7.5,8,True,False,False,,-1,30.1435,2000
2026-06-19 08:18:17,105,W+5.5,15,True,False,False,,-1,30.0383,2000
2026-06-19 08:18:54,123,W+2.5,14,True,False,False,,-1,30.0984,2000
2026-06-19 08:19:22,107,W+0.5,8,True,False,False,,-1,30.0889,2000
2026-06-19 08:19:57,114,B+0.5,16,True,False,False,,-1,30.1812,2000
2026-06-19 08:20:38,134,B+1.5,6,True,False,False,,-1,30.3179,2000
2026-06-19 08:21:18,132,B+1.5,15,True,False,False,,-1,30.6172,2000
2026-06-19 08:21:25,24,W+7.5,2,True,False,False,,-1,30.373,2000
2026-06-19 08:21:54,107,W+2.5,12,True,False,False,,-1,30.3852,2000
2026-06-19 08:22:38,153,W+3.5,25,True,False,False,,-1,30.5608,2000
2026-06-19 08:23:10,117,W+0.5,14,True,False,False,,-1,30.5049,2000
2026-06-19 08:23:43,111,W+2.5,8,True,False,False,,-1,30.5891,2000
2026-06-19 08:24:17,126,B+0.5,12,True,False,False,,-1,30.6428,2000
2026-06-19 08:24:42,107,W+1.5,12,True,False,False,,-1,30.59,2000
2026-06-19 08:25:12,115,B+5.5,18,True,False,False,,-1,30.6424,2000
2026-06-19 08:25:41,109,B+2.5,12,True,False,False,,-1,30.6208,2000
2026-06-19 08:26:13,113,W+11.5,19,True,False,False,,-1,30.6074,2000
2026-06-19 08:26:47,132,B+6.5,24,True,False,False,,-1,30.6358,2000
2026-06-19 08:27:14,105,W+1.5,16,True,False,False,,-1,30.5988,2000
2026-06-19 08:27:41,95,B+7.5,3,True,False,False,,-1,30.5716,2000
2026-06-19 08:27:58,62,W+5.5,3,True,False,False,,-1,30.3899,2000
2026-06-19 08:28:28,115,W+1.5,13,True,False,False,,-1,30.4126,2000
2026-06-19 08:29:02,111,B+2.5,10,True,False,False,,-1,30.4909,2000
2026-06-19 08:29:27,93,W+0.5,6,True,False,False,,-1,30.5063,2000
2026-06-19 08:29:53,99,W+0.5,10,True,False,False,,-1,30.5143,2000
2026-06-19 08:30:30,143,W+1.5,22,True,False,False,,-1,30.6223,2000
2026-06-19 08:30:57,96,B+2.5,4,True,False,False,,-1,30.61,2000
2026-06-19 08:31:28,104,B+1.5,8,True,False,False,,-1,30.572,2000
2026-06-19 08:31:59,102,B+0.5,7,True,False,False,,-1,30.5625,2000
2026-06-19 08:32:30,111,W+2.5,15,True,False,False,,-1,30.5329,2000
2026-06-19 08:32:57,83,B+2.5,6,True,False,False,,-1,30.516,2000
2026-06-19 08:33:26,117,W+13.5,15,True,False,False,,-1,30.4886,2000
2026-06-19 08:33:54,93,B+4.5,3,True,False,False,,-1,30.49,2000
2026-06-19 08:34:23,110,B+1.5,6,True,False,False,,-1,30.5176,2000
2026-06-19 08:34:55,123,W+2.5,15,True,False,False,,-1,30.5563,2000
2026-06-26 09:18:49,162,B+38.5,0,True,False,False,,-1,44.0046,0
2026-06-26 09:19:19,147,B+49.5,3,True,False,False,,-1,36.9623,0
2026-06-26 09:19:54,162,B+27.5,0,True,False,False,,-1,36.5835,0
2026-06-26 09:20:16,113,B+25.5,2,True,False,False,,-1,32.7834,0
2026-06-26 09:20:46,153,B+49.5,3,True,False,False,,-1,32.2684,0
2026-06-26 09:21:17,160,W+71.5,2,True,False,False,,-1,32.0147,0
2026-06-26 09:21:51,162,W+24.5,0,True,False,False,,-1,32.3418,0
2026-06-26 09:22:21,162,B+13.5,1,True,False,False,,-1,32.0123,0
2026-06-26 09:22:53,162,W+32.5,0,True,False,False,,-1,32.0336,0
2026-06-26 09:23:19,129,W+48.5,2,True,False,False,,-1,31.3823,0
2026-06-26 09:23:55,162,W+34.5,1,True,False,False,,-1,31.7976,0
2026-06-26 09:24:30,162,W+50.5,0,True,False,False,,-1,32.1035,0
2026-06-26 09:24:56,139,B+51.5,2,True,False,False,,-1,31.6067,0
2026-06-26 09:25:32,162,B+5.5,1,True,False,False,,-1,31.9715,0
2026-06-26 09:26:07,162,W+23.5,0,True,False,False,,-1,32.1169,0
2026-06-26 09:26:36,162,B+58.5,0,True,False,False,,-1,31.9355,0
2026-06-26 09:27:05,152,W+59.5,2,True,False,False,,-1,31.7601,0
2026-06-26 09:27:35,162,W+74.5,2,True,False,False,,-1,31.7046,0
2026-06-26 09:28:06,162,W+36.5,0,True,False,False,,-1,31.6611,0
2026-06-26 09:28:39,162,W+50.5,2,True,False,False,,-1,31.7,0
2026-06-26 09:29:07,153,B+52.5,2,True,False,False,,-1,31.5421,0
2026-06-26 09:29:43,162,W+45.5,1,True,False,False,,-1,31.7418,0
2026-06-26 09:30:17,162,B+15.5,2,True,False,False,,-1,31.8233,0
2026-06-26 09:30:38,111,W+10.5,2,True,False,False,,-1,31.3976,0
2026-06-26 09:31:01,119,B+32.5,2,True,False,False,,-1,31.0519,0
2026-06-26 09:31:32,162,W+25.5,0,True,False,False,,-1,31.0465,0
2026-06-26 09:32:08,162,W+29.5,0,True,False,False,,-1,31.2472,0
2026-06-26 09:32:47,162,W+10.5,1,True,False,False,,-1,31.4917,0
2026-06-26 09:33:23,162,W+2.5,0,True,False,False,,-1,31.6675,0
2026-06-26 09:33:54,162,B+31.5,0,True,False,False,,-1,31.6375,0
2026-06-26 09:34:29,162,W+54.5,0,True,False,False,,-1,31.7515,0
2026-06-26 09:35:04,162,W+39.5,1,True,False,False,,-1,31.836,0
2026-06-26 09:35:35,162,W+65.5,0,True,False,False,,-1,31.8206,0
2026-06-26 09:36:02,152,W+57.5,2,True,False,False,,-1,31.6955,0
2026-06-26 09:36:38,162,W+5.5,2,True,False,False,,-1,31.8107,0
2026-06-26 09:37:13,162,B+42.5,0,True,False,False,,-1,31.8968,0
2026-06-26 09:37:40,143,B+46.5,2,True,False,False,,-1,31.7707,0
2026-06-26 09:38:16,162,B+32.5,0,True,False,False,,-1,31.874,0
2026-06-26 09:38:51,162,B+2.5,0,True,False,False,,-1,31.9568,0
2026-06-26 09:39:28,162,W+56.5,1,True,False,False,,-1,32.0814,0
2026-06-26 09:40:00,162,W+40.5,0,True,False,False,,-1,32.0767,0
2026-06-26 09:40:32,162,B+35.5,0,True,False,False,,-1,32.0756,0
2026-06-26 09:41:07,162,B+45.5,0,True,False,False,,-1,32.1439,0
2026-06-26 09:41:41,162,W+64.5,0,True,False,False,,-1,32.1816,0
2026-06-26 09:42:11,159,B+51.5,2,True,False,False,,-1,32.1362,0
2026-06-26 09:42:40,143,B+32.5,3,True,False,False,,-1,32.0693,0
2026-06-26 09:43:01,125,B+25.5,2,True,False,False,,-1,31.8426,0
2026-06-26 09:43:39,162,W+0.5,0,True,False,False,,-1,31.9623,0
2026-06-26 09:44:13,162,W+63.5,2,True,False,False,,-1,32.0051,0
2026-06-26 09:44:49,162,B+32.5,0,True,False,False,,-1,32.0899,0
2026-06-26 09:45:25,162,W+46.5,1,True,False,False,,-1,32.1592,0
2026-06-26 09:45:52,145,B+23.5,2,True,False,False,,-1,32.0599,0
2026-06-26 09:46:24,162,B+55.5,0,True,False,False,,-1,32.0584,0
2026-06-26 09:46:54,145,W+60.5,2,True,False,False,,-1,32.0197,0
2026-06-26 09:47:26,156,B+28.5,2,True,False,False,,-1,32.0149,0
2026-06-26 09:47:59,162,W+58.5,1,True,False,False,,-1,32.0379,0
2026-06-26 09:48:32,162,B+40.5,5,True,False,False,,-1,32.0514,0
2026-06-26 09:48:52,106,W+11.5,2,True,False,False,,-1,31.8382,0
2026-06-26 09:49:25,162,B+45.5,0,True,False,False,,-1,31.8707,0
2026-06-26 09:49:57,162,W+43.5,1,True,False,False,,-1,31.8732,0
2026-06-26 09:50:34,162,W+32.5,1,True,False,False,,-1,31.9473,0
2026-06-26 09:51:06,162,B+11.5,0,True,False,False,,-1,31.9452,0
2026-06-26 09:51:42,162,W+39.5,0,True,False,False,,-1,32.0174,0
2026-06-26 09:52:15,162,B+51.5,0,True,False,False,,-1,32.0312,0
2026-06-26 09:52:39,121,B+32.5,2,True,False,False,,-1,31.9104,0
2026-06-26 09:53:12,162,B+36.5,0,True,False,False,,-1,31.9171,0
2026-06-26 09:53:46,162,W+31.5,0,True,False,False,,-1,31.9625,0
2026-06-26 09:54:20,162,W+19.5,0,True,False,False,,-1,31.9882,0
2026-06-26 09:54:56,162,W+33.5,0,True,False,False,,-1,32.0385,0
2026-06-26 09:55:30,162,B+16.5,1,True,False,False,,-1,32.0698,0
2026-06-26 09:56:05,162,W+52.5,1,True,False,False,,-1,32.1069,0
2026-06-26 09:56:36,162,B+6.5,1,True,False,False,,-1,32.0975,0
2026-06-26 09:57:14,162,W+39.5,0,True,False,False,,-1,32.1747,0
2026-06-26 09:57:43,148,W+47.5,2,True,False,False,,-1,32.1284,0
2026-06-26 09:58:15,162,W+32.5,1,True,False,False,,-1,32.1384,0
2026-06-26 09:58:48,162,B+8.5,2,True,False,False,,-1,32.1389,0
2026-06-26 09:59:21,162,B+8.5,0,True,False,False,,-1,32.1539,0
2026-06-26 09:59:56,162,B+17.5,0,True,False,False,,-1,32.1955,0
2026-06-26 10:00:29,162,W+20.5,0,True,False,False,,-1,32.1962,0
2026-06-26 10:01:03,162,W+46.5,0,True,False,False,,-1,32.2226,0
2026-06-26 10:01:39,162,W+23.5,0,True,False,False,,-1,32.271,0
2026-06-26 10:02:16,162,W+56.5,0,True,False,False,,-1,32.3274,0
2026-06-26 10:02:51,162,B+27.5,0,True,False,False,,-1,32.3658,0
2026-06-26 10:03:19,149,B+45.5,2,True,False,False,,-1,32.314,0
2026-06-26 10:03:38,98,W+17.5,2,True,False,False,,-1,32.1578,0
2026-06-26 10:04:12,162,B+18.5,0,True,False,False,,-1,32.1693,0
2026-06-26 10:04:45,162,B+9.5,0,True,False,False,,-1,32.1832,0
2026-06-26 10:05:21,162,W+23.5,0,True,False,False,,-1,32.2274,0
2026-06-26 10:05:50,151,B+53.5,2,True,False,False,,-1,32.1917,0
2026-06-26 10:06:26,162,W+20.5,0,True,False,False,,-1,32.235,0
2026-06-26 10:06:55,155,B+50.5,4,True,False,False,,-1,32.2026,0
2026-06-26 10:07:27,162,W+16.5,0,True,False,False,,-1,32.1948,0
2026-06-26 10:07:59,162,B+11.5,0,True,False,False,,-1,32.1965,0
2026-06-26 10:08:36,162,B+11.5,0,True,False,False,,-1,32.247,0
2026-06-26 10:09:07,160,W+65.5,2,True,False,False,,-1,32.2358,0
2026-06-26 10:09:39,162,B+33.5,1,True,False,False,,-1,32.2248,0
2026-06-26 10:10:12,162,W+46.5,0,True,False,False,,-1,32.2347,0
2026-06-26 10:10:50,162,B+37.5,0,True,False,False,,-1,32.2913,0
2026-06-26 10:11:23,162,W+19.5,0,True,False,False,,-1,32.3029,0
2026-06-26 10:11:58,162,B+17.5,2,True,False,False,,-1,32.3335,0
2026-06-26 10:12:33,162,W+24.5,1,True,False,False,,-1,32.2416,0
2026-06-26 10:13:07,162,B+28.5,0,True,False,False,,-1,32.2837,0
2026-06-26 10:13:37,150,W+66.5,2,True,False,False,,-1,32.2185,0
2026-06-26 10:14:08,162,B+18.5,0,True,False,False,,-1,32.3147,0
2026-06-26 10:14:29,110,W+1.5,2,True,False,False,,-1,32.2285,0
2026-06-26 10:15:02,162,B+50.5,0,True,False,False,,-1,32.2503,0
2026-06-26 10:15:33,162,B+55.5,1,True,False,False,,-1,32.2147,0
2026-06-26 10:16:01,157,B+44.5,2,True,False,False,,-1,32.1943,0
2026-06-26 10:16:33,162,B+44.5,1,True,False,False,,-1,32.1928,0
2026-06-26 10:17:04,162,B+10.5,0,True,False,False,,-1,32.2526,0
2026-06-26 10:17:33,162,B+36.5,0,True,False,False,,-1,32.1819,0
2026-06-26 10:18:08,162,W+50.5,0,True,False,False,,-1,32.1791,0
2026-06-26 10:18:44,162,W+43.5,0,True,False,False,,-1,32.2812,0
2026-06-26 10:19:18,162,B+10.5,1,True,False,False,,-1,32.2525,0
2026-06-26 10:19:46,150,W+51.5,2,True,False,False,,-1,32.1947,0
2026-06-26 10:20:18,162,B+5.5,2,True,False,False,,-1,32.2175,0
2026-06-26 10:20:49,162,B+39.5,0,True,False,False,,-1,32.2384,0
2026-06-26 10:21:22,162,W+29.5,0,True,False,False,,-1,32.2629,0
2026-06-26 10:21:52,162,B+66.5,0,True,False,False,,-1,32.2495,0
2026-06-26 10:22:29,162,W+44.5,1,True,False,False,,-1,32.2979,0
2026-06-26 10:23:01,162,W+23.5,1,True,False,False,,-1,32.3299,0
2026-06-26 10:23:32,162,B+9.5,0,True,False,False,,-1,32.2838,0
2026-06-26 10:24:06,162,W+51.5,1,True,False,False,,-1,32.2941,0
2026-06-26 10:24:39,162,W+38.5,2,True,False,False,,-1,32.3989,0
2026-06-26 10:25:13,162,B+19.5,0,True,False,False,,-1,32.5142,0
2026-06-26 10:25:46,162,B+46.5,0,True,False,False,,-1,32.5372,0
2026-06-26 10:26:20,162,W+33.5,0,True,False,False,,-1,32.5146,0
2026-06-26 10:26:55,162,W+40.5,1,True,False,False,,-1,32.4794,0
2026-06-26 10:27:25,162,W+77.5,1,True,False,False,,-1,32.4139,0
2026-06-26 10:27:45,108,W+12.5,3,True,False,False,,-1,32.3083,0
2026-06-26 10:28:19,162,B+32.5,0,True,False,False,,-1,32.2928,0
2026-06-26 10:28:53,162,W+25.5,0,True,False,False,,-1,32.2937,0
2026-06-26 10:29:27,162,W+64.5,1,True,False,False,,-1,32.3189,0
2026-06-26 10:30:02,162,W+25.5,0,True,False,False,,-1,32.3966,0
2026-06-26 10:30:38,162,W+25.5,0,True,False,False,,-1,32.3921,0
2026-06-26 10:31:06,133,B+35.5,2,True,False,False,,-1,32.3277,0
2026-06-26 10:31:36,156,B+49.5,2,True,False,False,,-1,32.3533,0
2026-06-26 10:32:09,162,B+41.5,2,True,False,False,,-1,32.3299,0
2026-06-26 10:32:36,129,W+32.5,2,True,False,False,,-1,32.2438,0
2026-06-26 10:33:06,151,W+54.5,2,True,False,False,,-1,32.1777,0
2026-06-26 10:33:39,162,W+34.5,1,True,False,False,,-1,32.187,0
2026-06-26 10:34:11,162,W+61.5,2,True,False,False,,-1,32.1903,0
2026-06-26 10:34:35,129,B+26.5,4,True,False,False,,-1,32.0756,0
2026-06-26 10:35:09,162,W+56.5,0,True,False,False,,-1,32.0814,0
2026-06-26 10:35:41,162,W+27.5,1,True,False,False,,-1,32.0942,0
2026-06-26 10:36:12,162,B+60.5,0,True,False,False,,-1,32.1194,0
2026-06-26 10:36:47,162,W+50.5,1,True,False,False,,-1,32.2484,0
2026-06-26 10:37:19,162,B+46.5,0,True,False,False,,-1,32.1992,0
2026-06-26 10:37:53,162,W+48.5,0,True,False,False,,-1,32.1949,0
2026-06-26 10:38:22,162,W+78.5,0,True,False,False,,-1,32.1201,0
2026-06-26 10:38:48,144,W+59.5,3,True,False,False,,-1,32.0235,0
2026-06-26 10:39:21,155,B+60.5,2,True,False,False,,-1,32.0822,0
2026-06-26 10:39:55,162,W+42.5,1,True,False,False,,-1,32.1111,0
2026-06-26 10:40:31,162,B+10.5,0,True,False,False,,-1,32.1686,0
2026-06-26 10:41:05,162,W+34.5,1,True,False,False,,-1,32.1917,0
2026-06-26 10:41:38,162,B+8.5,0,True,False,False,,-1,32.1823,0
2026-06-26 10:42:09,162,W+74.5,0,True,False,False,,-1,32.1637,0
2026-06-26 10:42:41,162,W+62.5,0,True,False,False,,-1,32.2906,0
2026-06-26 10:43:15,162,W+26.5,0,True,False,False,,-1,32.2925,0
2026-06-26 10:43:46,147,B+44.5,2,True,False,False,,-1,32.2821,0
2026-06-26 10:44:18,162,B+26.5,2,True,False,False,,-1,32.2414,0
2026-06-26 10:44:56,162,W+16.5,1,True,False,False,,-1,32.3033,0
2026-06-26 10:45:31,162,B+8.5,0,True,False,False,,-1,32.2861,0
2026-06-26 10:46:07,162,B+20.5,1,True,False,False,,-1,32.3206,0
2026-06-26 10:46:31,123,B+33.5,2,True,False,False,,-1,32.3152,0
2026-06-26 10:46:50,101,B+0.5,3,True,False,False,,-1,32.1812,0
2026-06-26 10:47:22,162,B+0.5,1,True,False,False,,-1,32.1491,0
2026-06-26 10:47:54,162,B+52.5,1,True,False,False,,-1,32.1305,0
2026-06-26 10:48:26,162,B+36.5,1,True,False,False,,-1,32.097,0
2026-06-26 10:49:00,162,W+51.5,0,True,False,False,,-1,32.0988,0
2026-06-26 10:49:35,162,B+1.5,0,True,False,False,,-1,32.1002,0
2026-06-26 10:50:06,162,B+61.5,0,True,False,False,,-1,32.092,0
2026-06-26 10:50:37,155,B+62.5,2,True,False,False,,-1,32.0285,0
2026-06-26 10:51:09,162,B+25.5,1,True,False,False,,-1,32.0615,0
2026-06-26 10:51:35,141,B+27.5,2,True,False,False,,-1,31.9976,0
2026-06-26 10:52:11,162,W+27.5,0,True,False,False,,-1,32.0332,0
2026-06-26 10:52:40,146,W+47.5,5,True,False,False,,-1,31.992,0
2026-06-26 10:53:14,162,W+62.5,0,True,False,False,,-1,31.972,0
2026-06-26 10:53:43,158,W+36.5,2,True,False,False,,-1,31.9464,0
2026-06-26 10:54:18,162,W+36.5,1,True,False,False,,-1,31.9467,0
2026-06-26 10:54:56,162,B+23.5,0,True,False,False,,-1,31.9705,0
2026-06-26 10:55:25,158,W+61.5,2,True,False,False,,-1,31.8875,0
2026-06-26 10:56:00,162,W+49.5,0,True,False,False,,-1,31.8788,0
2026-06-26 10:56:34,162,W+58.5,0,True,False,False,,-1,31.9405,0
2026-06-26 10:57:07,162,B+26.5,1,True,False,False,,-1,32.0814,0
2026-06-26 10:57:34,146,W+51.5,2,True,False,False,,-1,32.0237,0
2026-06-26 10:58:10,162,W+33.5,0,True,False,False,,-1,32.0439,0
2026-06-26 10:58:36,127,W+28.5,2,True,False,False,,-1,31.9418,0
2026-06-26 10:59:10,162,W+45.5,0,True,False,False,,-1,31.9994,0
2026-06-26 10:59:49,162,W+24.5,0,True,False,False,,-1,32.0228,0
2026-06-26 11:00:05,86,W+14.5,2,True,False,False,,-1,31.8943,0
2026-06-26 11:00:38,162,W+31.5,1,True,False,False,,-1,31.9094,0
2026-06-26 11:01:14,162,W+60.5,0,True,False,False,,-1,31.9419,0
2026-06-26 11:01:45,162,W+36.5,0,True,False,False,,-1,31.8838,0
2026-06-26 11:02:21,162,W+23.5,0,True,False,False,,-1,31.9307,0
2026-06-26 11:02:45,122,B+33.5,2,True,False,False,,-1,31.8611,0
2026-06-26 11:03:20,162,W+36.5,3,True,False,False,,-1,31.8749,0
2026-06-26 11:03:55,162,B+35.5,1,True,False,False,,-1,31.8496,0
2026-06-26 11:04:29,162,W+46.5,2,True,False,False,,-1,31.8562,0
2026-06-26 11:05:03,162,W+54.5,0,True,False,False,,-1,31.8445,0
2026-06-26 11:05:27,127,B+39.5,2,True,False,False,,-1,31.7337,0
2026-06-26 11:06:01,162,B+13.5,1,True,False,False,,-1,31.7317,0
2026-06-26 11:06:35,162,W+52.5,1,True,False,False,,-1,31.7851,0
2026-06-26 11:07:05,162,B+3.5,0,True,False,False,,-1,31.7728,0
2026-06-26 11:07:35,162,W+88.5,1,True,False,False,,-1,31.8519,0
2026-06-26 11:08:10,162,W+28.5,0,True,False,False,,-1,31.874,0
2026-06-26 11:08:38,147,B+50.5,2,True,False,False,,-1,31.845,0
2026-06-26 11:09:12,162,B+13.5,1,True,False,False,,-1,31.9092,0
2026-06-26 11:09:45,162,B+19.5,0,True,False,False,,-1,31.9218,0
2026-06-26 11:10:21,162,W+59.5,1,True,False,False,,-1,31.9644,0
2026-06-26 11:10:53,162,W+62.5,0,True,False,False,,-1,31.9918,0
2026-06-26 11:11:26,162,B+11.5,1,True,False,False,,-1,31.9743,0
2026-06-26 11:11:59,162,B+10.5,0,True,False,False,,-1,31.9413,0
2026-06-26 11:12:25,137,B+43.5,2,True,False,False,,-1,31.8638,0
2026-06-26 11:13:01,162,W+31.5,1,True,False,False,,-1,31.9486,0
2026-06-26 11:13:39,162,W+38.5,0,True,False,False,,-1,32.0129,0
2026-06-26 11:14:14,162,W+74.5,1,True,False,False,,-1,32.0454,0
2026-06-26 11:14:49,162,B+15.5,0,True,False,False,,-1,32.0692,0
2026-06-26 11:15:18,162,B+7.5,2,True,False,False,,-1,32.0656,0
2026-06-26 11:15:54,162,W+46.5,0,True,False,False,,-1,32.0507,0
2026-06-26 11:16:30,162,W+64.5,1,True,False,False,,-1,32.0911,0
2026-06-26 11:17:02,162,W+79.5,2,True,False,False,,-1,32.0979,0
2026-06-26 11:17:26,123,W+42.5,3,True,False,False,,-1,31.9895,0
2026-06-26 11:17:58,162,B+12.5,3,True,False,False,,-1,31.9911,0
2026-06-26 11:18:35,162,B+12.5,0,True,False,False,,-1,32.0179,0
2026-06-26 11:19:06,162,W+28.5,0,True,False,False,,-1,31.9993,0
2026-06-26 11:19:39,162,W+67.5,2,True,False,False,,-1,31.9811,0
2026-06-26 11:20:13,162,B+52.5,0,True,False,False,,-1,31.9831,0
2026-06-26 11:20:47,162,W+45.5,0,True,False,False,,-1,32.0197,0
2026-06-26 11:21:18,160,W+79.5,3,True,False,False,,-1,32.1284,0
2026-06-26 11:21:49,162,B+9.5,0,True,False,False,,-1,32.1022,0
2026-06-26 11:22:21,162,W+42.5,2,True,False,False,,-1,32.0715,0
2026-06-26 11:22:55,162,B+28.5,2,True,False,False,,-1,32.0773,0
2026-06-26 11:23:27,162,W+67.5,1,True,False,False,,-1,32.0435,0
2026-06-26 11:24:01,162,W+41.5,0,True,False,False,,-1,32.0254,0
2026-06-26 11:24:31,162,W+67.5,2,True,False,False,,-1,32.0405,0
2026-06-26 11:25:03,156,W+55.5,2,True,False,False,,-1,32.0625,0
2026-06-26 11:25:32,159,B+63.5,2,True,False,False,,-1,32.0273,0
2026-06-26 11:26:05,162,B+29.5,0,True,False,False,,-1,32.0909,0
2026-06-26 11:26:42,162,W+41.5,0,True,False,False,,-1,32.1507,0
2026-06-26 11:27:06,130,W+38.5,3,True,False,False,,-1,32.0667,0
2026-06-26 11:27:38,145,B+9.5,2,True,False,False,,-1,32.0675,0
2026-06-26 11:28:07,162,B+58.5,1,True,False,False,,-1,32.1199,0
2026-06-26 11:28:39,162,B+48.5,1,True,False,False,,-1,32.0982,0
2026-06-26 11:29:11,152,W+41.5,4,True,False,False,,-1,32.1013,0
2026-06-26 11:29:47,162,W+26.5,0,True,False,False,,-1,32.1444,0
2026-06-26 11:30:18,159,B+51.5,3,True,False,False,,-1,32.1069,0
2026-06-26 11:30:51,162,W+38.5,0,True,False,False,,-1,32.1184,0
2026-06-26 11:31:24,162,B+8.5,0,True,False,False,,-1,32.1119,0
2026-06-26 11:32:00,162,W+27.5,2,True,False,False,,-1,32.1811,0
2026-06-26 11:32:20,103,B+4.5,4,True,False,False,,-1,32.1231,0
2026-06-26 11:32:54,162,B+30.5,0,True,False,False,,-1,32.1266,0
2026-06-26 11:33:23,151,B+37.5,2,True,False,False,,-1,32.072,0
2026-06-26 11:33:54,158,W+48.5,2,True,False,False,,-1,32.0255,0
2026-06-26 11:34:32,162,B+3.5,0,True,False,False,,-1,32.0641,0
2026-06-26 11:35:06,162,W+40.5,0,True,False,False,,-1,32.0789,0
2026-06-26 11:35:44,162,W+31.5,0,True,False,False,,-1,32.1496,0
2026-06-26 11:36:18,162,B+42.5,0,True,False,False,,-1,32.169,0
2026-06-26 11:36:53,162,B+14.5,1,True,False,False,,-1,32.1834,0
2026-06-26 11:37:27,162,B+5.5,0,True,False,False,,-1,32.2042,0
2026-06-26 11:38:00,162,B+15.5,0,True,False,False,,-1,32.2161,0
2026-06-26 11:38:33,162,B+7.5,0,True,False,False,,-1,32.1695,0
2026-06-26 11:39:04,162,B+11.5,2,True,False,False,,-1,32.1265,0
2026-06-26 11:39:40,162,B+16.5,1,True,False,False,,-1,32.1269,0
2026-06-26 11:40:17,162,W+44.5,0,True,False,False,,-1,32.2616,0
2026-06-26 11:40:46,144,W+55.5,2,True,False,False,,-1,32.36,0
2026-06-26 11:41:21,162,W+48.5,1,True,False,False,,-1,32.3867,0
2026-06-26 11:41:43,114,W+29.5,3,True,False,False,,-1,32.294,0
2026-06-26 11:42:15,162,B+52.5,0,True,False,False,,-1,32.293,0
2026-06-26 11:42:48,162,W+60.5,1,True,False,False,,-1,32.2747,0
2026-06-26 11:43:10,126,W+22.5,4,True,False,False,,-1,32.1516,0
2026-06-26 11:43:42,162,B+18.5,0,True,False,False,,-1,32.1644,0
2026-06-26 11:44:17,162,B+3.5,0,True,False,False,,-1,32.2014,0
2026-06-26 11:44:51,162,W+32.5,4,True,False,False,,-1,32.2154,0
2026-06-26 11:45:24,162,W+33.5,3,True,False,False,,-1,32.2842,0
2026-06-26 11:45:49,135,W+54.5,2,True,False,False,,-1,32.1746,0
2026-06-26 11:46:23,162,W+2.5,0,True,False,False,,-1,32.2202,0
2026-06-26 11:46:54,152,W+41.5,2,True,False,False,,-1,32.1987,0
2026-06-26 11:47:27,158,W+56.5,2,True,False,False,,-1,32.2351,0
2026-06-26 11:47:58,162,W+63.5,4,True,False,False,,-1,32.199,0
2026-06-26 11:48:36,162,B+5.5,0,True,False,False,,-1,32.191,0
2026-06-26 11:49:11,162,B+44.5,0,True,False,False,,-1,32.2601,0
2026-06-26 11:49:42,162,B+3.5,0,True,False,False,,-1,32.2225,0
2026-06-26 11:50:11,162,B+43.5,1,True,False,False,,-1,32.1666,0
2026-06-26 11:50:36,134,W+52.5,2,True,False,False,,-1,32.0926,0
2026-06-26 11:51:13,162,W+20.5,0,True,False,False,,-1,32.1807,0
2026-06-26 11:51:45,162,B+45.5,0,True,False,False,,-1,32.1527,0
2026-06-26 11:52:18,162,W+31.5,1,True,False,False,,-1,32.2182,0
2026-06-26 11:52:51,162,W+40.5,0,True,False,False,,-1,32.2073,0
2026-06-26 11:53:26,162,W+88.5,0,True,False,False,,-1,32.1671,0
2026-06-26 11:53:53,146,W+71.5,3,True,False,False,,-1,32.2778,0
2026-06-26 11:54:27,162,W+33.5,0,True,False,False,,-1,32.2824,0
2026-06-26 11:54:57,159,B+48.5,3,True,False,False,,-1,32.231,0
2026-06-26 11:55:31,162,W+58.5,1,True,False,False,,-1,32.2587,0
2026-06-26 11:55:53,114,W+20.5,3,True,False,False,,-1,32.1158,0
2026-06-26 11:56:30,162,W+47.5,0,True,False,False,,-1,32.2486,0
2026-06-26 11:57:04,162,W+56.5,3,True,False,False,,-1,32.2407,0
2026-06-26 11:57:28,122,W+4.5,2,True,False,False,,-1,32.1259,0
2026-06-26 11:58:00,162,B+18.5,1,True,False,False,,-1,32.1104,0
2026-06-26 11:58:28,152,W+39.5,3,True,False,False,,-1,32.0432,0
2026-06-26 11:58:58,162,B+26.5,2,True,False,False,,-1,32.1093,0
2026-06-26 11:59:29,162,W+24.5,2,True,False,False,,-1,32.0751,0
2026-06-26 12:00:02,162,B+4.5,0,True,False,False,,-1,32.0625,0
2026-06-26 12:00:37,162,B+23.5,0,True,False,False,,-1,32.1188,0
2026-06-26 12:01:11,162,W+23.5,0,True,False,False,,-1,32.1627,0
2026-06-26 12:01:42,162,B+50.5,2,True,False,False,,-1,32.1156,0
2026-06-26 12:02:16,162,W+35.5,0,True,False,False,,-1,32.1809,0
2026-06-26 12:02:43,144,W+44.5,2,True,False,False,,-1,32.1123,0
2026-06-26 12:03:19,162,B+10.5,0,True,False,False,,-1,32.1403,0
2026-06-26 12:03:51,162,W+76.5,0,True,False,False,,-1,32.0987,0
2026-06-26 12:04:22,162,W+72.5,2,True,False,False,,-1,32.0918,0
2026-06-26 12:04:57,162,W+43.5,0,True,False,False,,-1,32.1121,0
2026-06-26 12:05:32,162,W+30.5,1,True,False,False,,-1,32.1365,0
2026-06-26 12:06:08,162,W+47.5,2,True,False,False,,-1,32.2355,0
2026-06-26 12:06:41,162,W+32.5,1,True,False,False,,-1,32.1958,0
2026-06-26 12:07:17,162,W+35.5,3,True,False,False,,-1,32.1727,0
2026-06-26 12:07:55,162,B+7.5,0,True,False,False,,-1,32.2134,0
2026-06-26 12:08:30,162,W+54.5,0,True,False,False,,-1,32.2012,0
2026-06-26 12:09:05,162,W+25.5,0,True,False,False,,-1,32.262,0
2026-06-26 12:09:39,162,W+30.5,0,True,False,False,,-1,32.2442,0
2026-06-26 12:10:14,162,B+14.5,1,True,False,False,,-1,32.2341,0
2026-06-26 12:10:42,144,W+52.5,2,True,False,False,,-1,32.2023,0
2026-06-26 12:11:14,162,B+8.5,1,True,False,False,,-1,32.2793,0
2026-06-26 12:11:47,162,W+59.5,0,True,False,False,,-1,32.2835,0
2026-06-26 12:12:24,162,W+8.5,1,True,False,False,,-1,32.2878,0
2026-06-26 12:12:43,93,W+3.5,2,True,False,False,,-1,32.1659,0
2026-06-26 12:13:20,162,W+20.5,0,True,False,False,,-1,32.2072,0
2026-06-26 12:13:53,162,W+48.5,0,True,False,False,,-1,32.1947,0
2026-06-26 12:14:21,144,W+63.5,2,True,False,False,,-1,32.1313,0
2026-06-26 12:14:44,116,B+16.5,3,True,False,False,,-1,32.0547,0
2026-06-26 12:15:17,162,W+54.5,0,True,False,False,,-1,32.0753,0
2026-06-26 12:15:48,162,B+11.5,2,True,False,False,,-1,32.0702,0
2026-06-26 12:16:22,162,W+52.5,0,True,False,False,,-1,32.0617,0
2026-06-26 12:16:57,162,W+36.5,0,True,False,False,,-1,32.0995,0
2026-06-26 12:17:25,149,B+27.5,2,True,False,False,,-1,32.0415,0
2026-06-26 12:18:00,162,B+26.5,0,True,False,False,,-1,32.0926,0
2026-06-26 12:18:38,162,W+42.5,0,True,False,False,,-1,32.1496,0
2026-06-26 12:19:12,162,B+15.5,0,True,False,False,,-1,32.1937,0
2026-06-26 12:19:44,162,B+13.5,1,True,False,False,,-1,32.1803,0
2026-06-26 12:20:16,162,W+50.5,0,True,False,False,,-1,32.1443,0
2026-06-26 12:20:47,159,B+34.5,2,True,False,False,,-1,32.2103,0
2026-06-26 12:21:18,162,W+49.5,0,True,False,False,,-1,32.1889,0
2026-06-26 12:21:39,112,W+28.5,2,True,False,False,,-1,32.113,0
2026-06-26 12:22:09,162,W+72.5,2,True,False,False,,-1,32.0971,0
2026-06-26 12:22:44,162,B+17.5,0,True,False,False,,-1,32.1201,0
2026-06-26 12:23:21,162,W+42.5,1,True,False,False,,-1,32.1376,0
2026-06-26 12:23:51,162,B+5.5,1,True,False,False,,-1,32.128,0
2026-06-26 12:24:22,152,W+65.5,2,True,False,False,,-1,32.1001,0
2026-06-26 12:24:58,162,W+46.5,0,True,False,False,,-1,32.1283,0
2026-06-26 12:25:32,162,B+22.5,0,True,False,False,,-1,32.1203,0
2026-06-26 12:26:00,135,B+28.5,2,True,False,False,,-1,32.1934,0
2026-06-26 12:26:35,162,W+50.5,1,True,False,False,,-1,32.2154,0
2026-06-26 12:27:07,162,B+58.5,3,True,False,False,,-1,32.2366,0
2026-06-26 12:27:42,162,W+24.5,0,True,False,False,,-1,32.2804,0
2026-06-26 12:28:15,162,B+6.5,1,True,False,False,,-1,32.2245,0
2026-06-26 12:28:49,162,W+35.5,0,True,False,False,,-1,32.2254,0
2026-06-26 12:29:08,101,B+5.5,2,True,False,False,,-1,32.035,0
2026-06-26 12:29:42,162,W+37.5,1,True,False,False,,-1,32.0336,0
2026-06-26 12:30:16,162,W+16.5,0,True,False,False,,-1,32.0227,0
2026-06-26 12:30:48,162,W+65.5,1,True,False,False,,-1,32.0158,0
2026-06-26 12:31:21,162,W+48.5,1,True,False,False,,-1,32.0023,0
2026-06-26 12:31:52,162,B+18.5,5,True,False,False,,-1,31.9848,0
2026-06-26 12:32:23,162,W+47.5,0,True,False,False,,-1,31.9845,0
2026-06-26 12:32:54,162,W+28.5,1,True,False,False,,-1,31.9297,0
2026-06-26 12:33:25,161,B+53.5,3,True,False,False,,-1,31.8703,0
2026-06-26 12:33:57,162,B+13.5,1,True,False,False,,-1,31.9036,0
2026-06-26 12:34:31,162,B+4.5,1,True,False,False,,-1,31.8977,0
2026-06-26 12:35:01,150,W+50.5,3,True,False,False,,-1,31.9795,0
2026-06-26 12:35:35,162,W+60.5,1,True,False,False,,-1,31.9955,0
2026-06-26 12:36:08,162,W+21.5,0,True,False,False,,-1,31.9995,0
2026-06-26 12:36:43,162,W+29.5,0,True,False,False,,-1,32.1198,0
2026-06-26 12:37:17,162,B+8.5,0,True,False,False,,-1,32.1453,0
2026-06-26 12:37:50,162,W+58.5,1,True,False,False,,-1,32.1218,0
2026-06-26 12:38:23,162,W+38.5,3,True,False,False,,-1,32.1206,0
2026-06-26 12:38:53,136,W+22.5,2,True,False,False,,-1,32.0879,0
2026-06-26 12:39:26,162,W+66.5,1,True,False,False,,-1,32.1629,0
2026-06-26 12:39:55,152,B+59.5,3,True,False,False,,-1,32.1171,0
2026-06-26 12:40:26,162,W+21.5,1,True,False,False,,-1,32.1174,0
2026-06-26 12:41:00,162,B+34.5,0,True,False,False,,-1,32.1219,0
2026-06-26 12:41:34,162,B+45.5,0,True,False,False,,-1,32.1553,0
2026-06-26 12:42:04,150,W+44.5,2,True,False,False,,-1,32.0817,0
2026-06-26 12:42:39,162,W+56.5,0,True,False,False,,-1,32.074,0
2026-06-26 12:43:13,162,W+28.5,1,True,False,False,,-1,32.1088,0
2026-06-26 12:43:47,162,W+62.5,1,True,False,False,,-1,32.1619,0
2026-06-26 12:44:23,162,B+9.5,2,True,False,False,,-1,32.2588,0
2026-06-26 12:44:55,162,B+14.5,2,True,False,False,,-1,32.2207,0
2026-06-26 12:45:27,162,W+37.5,0,True,False,False,,-1,32.215,0
2026-06-26 12:46:03,162,W+1.5,0,True,False,False,,-1,32.2481,0
2026-06-26 12:46:39,162,W+44.5,0,True,False,False,,-1,32.2753,0
2026-06-26 12:47:13,162,B+6.5,0,True,False,False,,-1,32.2646,0
2026-06-26 12:47:51,162,W+49.5,0,True,False,False,,-1,32.3725,0
2026-06-26 12:48:13,113,B+19.5,2,True,False,False,,-1,32.2607,0
2026-06-26 12:48:48,162,W+35.5,1,True,False,False,,-1,32.3019,0
2026-06-26 12:49:14,136,W+59.5,2,True,False,False,,-1,32.2248,0
2026-06-26 12:49:49,162,B+14.5,0,True,False,False,,-1,32.3596,0
2026-06-26 12:50:20,162,W+58.5,0,True,False,False,,-1,32.2995,0
2026-06-26 12:50:49,144,W+39.5,2,True,False,False,,-1,32.2424,0
2026-06-26 12:51:19,162,B+57.5,0,True,False,False,,-1,32.3062,0
2026-06-26 12:51:49,154,W+42.5,2,True,False,False,,-1,32.2881,0
2026-06-26 12:52:25,162,B+9.5,0,True,False,False,,-1,32.372,0
2026-06-26 12:52:58,162,W+20.5,1,True,False,False,,-1,32.3916,0
2026-06-26 12:53:31,162,B+21.5,1,True,False,False,,-1,32.4174,0
2026-06-26 12:54:03,162,W+38.5,2,True,False,False,,-1,32.404,0
2026-06-26 12:54:38,162,W+36.5,0,True,False,False,,-1,32.3993,0
2026-06-26 12:55:13,162,B+7.5,0,True,False,False,,-1,32.4178,0
2026-06-26 12:55:50,162,B+17.5,0,True,False,False,,-1,32.4819,0
2026-06-26 12:56:22,162,B+44.5,0,True,False,False,,-1,32.4577,0
2026-06-26 12:56:56,162,B+32.5,0,True,False,False,,-1,32.5251,0
2026-06-26 12:57:28,162,W+71.5,3,True,False,False,,-1,32.4784,0
2026-06-26 12:57:48,118,W+34.5,2,True,False,False,,-1,32.3678,0
2026-06-26 12:58:17,154,W+68.5,2,True,False,False,,-1,32.3492,0
2026-06-26 12:58:51,162,W+26.5,0,True,False,False,,-1,32.3276,0
2026-06-26 12:59:21,156,W+63.5,2,True,False,False,,-1,32.2818,0
2026-06-26 12:59:53,162,W+43.5,2,True,False,False,,-1,32.2408,0
2026-06-26 13:00:22,162,B+8.5,1,True,False,False,,-1,32.2006,0
2026-06-26 13:00:55,162,W+58.5,0,True,False,False,,-1,32.1805,0
2026-06-26 13:01:26,154,W+63.5,3,True,False,False,,-1,32.1017,0
2026-06-26 13:01:57,151,B+38.5,2,True,False,False,,-1,32.0679,0
2026-06-26 13:02:31,162,W+45.5,1,True,False,False,,-1,32.0618,0
2026-06-26 13:03:01,137,B+10.5,2,True,False,False,,-1,32.0119,0
2026-06-26 13:03:37,162,W+61.5,1,True,False,False,,-1,32.0348,0
2026-06-26 13:04:12,162,B+12.5,1,True,False,False,,-1,32.0934,0
2026-06-26 13:04:48,162,B+26.5,0,True,False,False,,-1,32.1386,0
2026-06-26 13:05:14,139,W+49.5,2,True,False,False,,-1,32.0692,0
2026-06-26 13:05:50,162,W+32.5,0,True,False,False,,-1,32.0579,0
2026-06-26 13:06:26,162,B+30.5,0,True,False,False,,-1,32.2239,0
2026-06-26 13:07:00,162,W+29.5,1,True,False,False,,-1,32.198,0
2026-06-26 13:07:34,162,B+10.5,1,True,False,False,,-1,32.2051,0
2026-06-26 13:08:09,162,W+27.5,0,True,False,False,,-1,32.2824,0
2026-06-26 13:08:42,162,B+5.5,1,True,False,False,,-1,32.3779,0
2026-06-26 13:09:17,162,W+29.5,1,True,False,False,,-1,32.3921,0
2026-06-26 13:09:46,144,W+53.5,2,True,False,False,,-1,32.3739,0
2026-06-26 13:10:21,162,B+16.5,1,True,False,False,,-1,32.3917,0
2026-06-26 13:10:53,162,W+53.5,0,True,False,False,,-1,32.3491,0
2026-06-26 13:11:23,162,B+25.5,0,True,False,False,,-1,32.3782,0
2026-06-26 13:11:51,152,W+59.5,2,True,False,False,,-1,32.309,0
2026-06-26 13:12:26,162,B+3.5,0,True,False,False,,-1,32.2776,0
2026-06-26 13:12:46,112,W+26.5,3,True,False,False,,-1,32.1409,0
2026-06-26 13:13:22,162,W+27.5,0,True,False,False,,-1,32.1856,0
2026-06-26 13:13:55,162,B+17.5,0,True,False,False,,-1,32.1882,0
2026-06-26 13:14:16,109,B+2.5,3,True,False,False,,-1,32.0841,0
2026-06-26 13:14:51,162,W+52.5,1,True,False,False,,-1,32.1256,0
2026-06-26 13:15:25,162,B+4.5,0,True,False,False,,-1,32.2609,0
2026-06-26 13:15:59,162,W+30.5,0,True,False,False,,-1,32.2958,0
2026-06-26 13:16:26,155,B+41.5,3,True,False,False,,-1,32.2217,0
2026-06-26 13:17:00,162,B+42.5,0,True,False,False,,-1,32.1821,0
2026-06-26 13:17:22,124,W+35.5,2,True,False,False,,-1,32.1113,0
2026-06-26 13:17:51,156,W+70.5,3,True,False,False,,-1,32.0848,0
2026-06-26 13:18:24,162,B+14.5,2,True,False,False,,-1,32.0576,0
2026-06-26 13:19:01,162,B+10.5,0,True,False,False,,-1,32.0867,0
2026-06-26 13:19:33,162,B+56.5,0,True,False,False,,-1,32.1252,0
2026-06-26 13:20:07,162,B+15.5,1,True,False,False,,-1,32.113,0
2026-06-26 13:20:42,162,W+82.5,0,True,False,False,,-1,32.1485,0
2026-06-26 13:21:09,150,W+55.5,2,True,False,False,,-1,32.0593,0
2026-06-26 13:21:38,159,B+37.5,3,True,False,False,,-1,32.0333,0
2026-06-26 13:22:08,153,B+26.5,4,True,False,False,,-1,31.9869,0
2026-06-26 13:22:39,162,W+49.5,1,True,False,False,,-1,32.1089,0
2026-06-26 13:23:15,162,W+46.5,0,True,False,False,,-1,32.1317,0
2026-06-26 13:23:38,114,W+0.5,2,True,False,False,,-1,32.0203,0
2026-06-26 13:24:12,162,W+73.5,0,True,False,False,,-1,32.0298,0
2026-06-26 13:24:36,146,W+41.5,3,True,False,False,,-1,31.9544,0
2026-06-26 13:25:09,162,W+20.5,1,True,False,False,,-1,31.9642,0
2026-06-26 13:25:42,162,B+17.5,3,True,False,False,,-1,31.9949,0
2026-06-26 13:26:17,162,W+4.5,0,True,False,False,,-1,32.0263,0
2026-06-26 13:26:37,102,W+0.5,2,True,False,False,,-1,31.9156,0
2026-06-26 13:27:13,162,W+13.5,0,True,False,False,,-1,31.9586,0
2026-06-26 13:27:43,162,W+13.5,0,True,False,False,,-1,31.9235,0
2026-06-26 13:28:16,162,B+8.5,2,True,False,False,,-1,31.9414,0
2026-06-26 13:28:48,162,B+51.5,0,True,False,False,,-1,31.924,0
2026-06-26 13:29:24,162,W+35.5,0,True,False,False,,-1,31.9523,0
2026-06-26 13:29:56,162,B+50.5,1,True,False,False,,-1,31.9353,0
2026-06-26 13:30:32,162,B+15.5,0,True,False,False,,-1,31.943,0
2026-06-26 13:31:00,147,B+50.5,2,True,False,False,,-1,31.9024,0
2026-06-26 13:31:39,162,W+43.5,0,True,False,False,,-1,31.9516,0
2026-06-26 13:32:15,162,W+11.5,0,True,False,False,,-1,32.0126,0
2026-06-26 13:32:46,162,B+23.5,0,True,False,False,,-1,32.0059,0
2026-06-26 13:33:22,162,B+16.5,1,True,False,False,,-1,32.0679,0
2026-06-26 13:33:56,162,B+27.5,0,True,False,False,,-1,32.1016,0
2026-06-26 13:34:25,149,B+53.5,2,True,False,False,,-1,32.0448,0
2026-06-26 13:35:01,162,B+2.5,0,True,False,False,,-1,32.0648,0
2026-06-26 13:35:37,162,W+23.5,0,True,False,False,,-1,32.1258,0
2026-06-26 13:35:56,106,W+8.5,3,True,False,False,,-1,31.9685,0
2026-06-26 13:36:31,162,W+62.5,0,True,False,False,,-1,31.9712,0
2026-06-26 13:37:05,162,W+38.5,0,True,False,False,,-1,31.9761,0
2026-06-26 13:37:38,162,W+75.5,0,True,False,False,,-1,31.9524,0
2026-06-26 13:38:11,162,W+69.5,1,True,False,False,,-1,31.9584,0
2026-06-26 13:38:46,162,W+41.5,0,True,False,False,,-1,31.9824,0
2026-06-26 13:39:21,162,W+32.5,1,True,False,False,,-1,31.9816,0
2026-06-26 13:39:56,162,W+21.5,0,True,False,False,,-1,31.9685,0
2026-06-26 13:40:29,162,W+48.5,0,True,False,False,,-1,31.9571,0
2026-06-26 13:41:05,162,W+49.5,0,True,False,False,,-1,31.9336,0
2026-06-26 13:41:23,99,B+3.5,2,True,False,False,,-1,31.8966,0
2026-06-26 13:41:58,162,W+55.5,0,True,False,False,,-1,31.9004,0
2026-06-26 13:42:30,162,B+12.5,3,True,False,False,,-1,31.9603,0
2026-06-26 13:43:04,162,W+0.5,0,True,False,False,,-1,31.9498,0
2026-06-26 13:43:41,162,B+3.5,0,True,False,False,,-1,32.0038,0
2026-06-26 13:44:13,162,B+11.5,1,True,False,False,,-1,32.0409,0
2026-06-26 13:44:42,148,W+68.5,2,True,False,False,,-1,32.0267,0
2026-06-26 13:45:15,162,W+1.5,0,True,False,False,,-1,32.0482,0
2026-06-26 13:45:51,162,W+41.5,1,True,False,False,,-1,32.0556,0
2026-06-26 13:46:26,162,B+5.5,0,True,False,False,,-1,32.0818,0
2026-06-26 13:46:39,54,W+13.5,2,True,False,False,,-1,31.8836,0
2026-06-26 13:47:15,162,W+0.5,0,True,False,False,,-1,31.9154,0
2026-06-26 13:47:41,141,B+18.5,3,True,False,False,,-1,31.8323,0
2026-06-26 13:48:15,162,W+70.5,2,True,False,False,,-1,31.8097,0
2026-06-26 13:48:49,162,B+9.5,0,True,False,False,,-1,31.7887,0
2026-06-26 13:49:25,162,W+61.5,2,True,False,False,,-1,31.8225,0
2026-06-26 13:49:52,148,W+60.5,2,True,False,False,,-1,31.7528,0
2026-06-26 13:50:25,162,W+36.5,1,True,False,False,,-1,31.7692,0
2026-06-26 13:50:54,153,B+45.5,2,True,False,False,,-1,31.8542,0
2026-06-26 13:51:30,162,W+51.5,0,True,False,False,,-1,31.9243,0
2026-06-26 13:52:04,162,W+0.5,0,True,False,False,,-1,31.9357,0
2026-06-26 13:52:40,162,W+51.5,0,True,False,False,,-1,31.992,0
2026-06-26 13:53:15,162,B+5.5,0,True,False,False,,-1,32.0159,0
2026-06-26 13:53:24,46,W+6.5,2,True,False,False,,-1,31.8151,0
2026-06-26 13:53:55,162,B+47.5,0,True,False,False,,-1,31.7929,0
2026-06-26 13:54:28,162,W+84.5,0,True,False,False,,-1,31.8151,0
2026-06-26 13:55:01,162,W+24.5,1,True,False,False,,-1,31.8356,0
2026-06-26 13:55:36,162,W+5.5,1,True,False,False,,-1,31.8433,0
2026-06-26 13:55:54,100,W+16.5,2,True,False,False,,-1,31.7322,0
2026-06-26 13:56:29,162,B+5.5,1,True,False,False,,-1,31.7153,0
2026-06-26 13:57:05,162,W+9.5,0,True,False,False,,-1,31.7229,0
2026-06-26 13:57:39,162,W+57.5,0,True,False,False,,-1,31.7014,0
2026-06-26 13:58:10,162,W+35.5,0,True,False,False,,-1,31.761,0
2026-06-26 13:58:44,162,W+21.5,0,True,False,False,,-1,31.7392,0
2026-06-26 13:59:18,162,B+16.5,2,True,False,False,,-1,31.72,0
2026-06-26 13:59:55,162,W+35.5,0,True,False,False,,-1,31.7524,0
2026-06-26 14:00:26,162,W+35.5,2,True,False,False,,-1,31.7158,0
2026-06-26 14:01:02,162,W+47.5,0,True,False,False,,-1,31.7226,0
2026-06-26 14:01:35,162,W+30.5,0,True,False,False,,-1,31.7226,0
2026-06-26 14:02:09,162,B+8.5,1,True,False,False,,-1,31.7226,0
2026-06-26 14:02:43,162,W+75.5,0,True,False,False,,-1,31.7739,0
2026-06-26 14:03:19,162,W+38.5,1,True,False,False,,-1,31.7801,0
2026-06-26 14:03:53,162,W+51.5,2,True,False,False,,-1,31.7967,0
2026-06-26 14:04:25,162,B+43.5,1,True,False,False,,-1,31.8108,0
2026-06-26 14:04:57,162,B+20.5,2,True,False,False,,-1,31.8517,0
2026-06-26 14:05:33,162,W+0.5,0,True,False,False,,-1,31.8686,0
2026-06-26 14:06:04,162,W+53.5,0,True,False,False,,-1,31.9735,0
2026-06-26 14:06:38,162,W+49.5,0,True,False,False,,-1,31.9562,0
2026-06-26 14:07:13,162,W+0.5,0,True,False,False,,-1,31.9745,0
2026-06-26 14:07:47,162,B+32.5,1,True,False,False,,-1,32.1091,0
2026-06-26 14:08:19,159,B+37.5,3,True,False,False,,-1,32.0828,0
2026-06-26 14:08:47,156,W+47.5,3,True,False,False,,-1,32.0156,0
2026-06-26 14:09:20,161,B+53.5,3,True,False,False,,-1,32.0037,0
2026-06-26 14:09:55,162,W+2.5,0,True,False,False,,-1,32.0863,0
2026-06-26 14:10:32,162,W+33.5,0,True,False,False,,-1,32.1176,0
2026-06-26 14:11:04,162,W+36.5,2,True,False,False,,-1,32.2183,0
2026-06-26 14:11:42,162,W+0.5,1,True,False,False,,-1,32.3078,0
2026-06-26 14:12:15,162,W+29.5,0,True,False,False,,-1,32.3064,0
2026-06-26 14:12:50,162,W+25.5,0,True,False,False,,-1,32.281,0
2026-06-26 14:13:22,162,B+29.5,0,True,False,False,,-1,32.2917,0
2026-06-26 14:13:59,162,W+3.5,0,True,False,False,,-1,32.3126,0
2026-06-26 14:14:34,162,W+38.5,0,True,False,False,,-1,32.3205,0
2026-06-26 14:15:04,162,W+68.5,2,True,False,False,,-1,32.3551,0
2026-06-26 14:15:38,162,W+38.5,0,True,False,False,,-1,32.3977,0
2026-06-26 14:16:10,162,W+68.5,0,True,False,False,,-1,32.4232,0
2026-06-26 14:16:46,162,B+12.5,0,True,False,False,,-1,32.4711,0
2026-06-26 14:17:20,162,B+44.5,0,True,False,False,,-1,32.4442,0
2026-06-26 14:17:56,162,B+3.5,1,True,False,False,,-1,32.5742,0
2026-06-26 14:18:31,162,B+24.5,0,True,False,False,,-1,32.5905,0
2026-06-26 14:19:02,154,W+64.5,2,True,False,False,,-1,32.6528,0
2026-06-26 14:19:37,162,W+21.5,0,True,False,False,,-1,32.6747,0
2026-06-26 14:20:12,162,W+67.5,1,True,False,False,,-1,32.6895,0
2026-06-26 14:20:42,162,W+47.5,0,True,False,False,,-1,32.6497,0
2026-06-26 14:21:14,162,W+39.5,2,True,False,False,,-1,32.7704,0
2026-06-26 14:21:48,162,B+38.5,2,True,False,False,,-1,32.742,0
2026-06-26 14:22:17,155,B+49.5,2,True,False,False,,-1,32.73,0
2026-06-26 14:22:52,162,W+63.5,2,True,False,False,,-1,32.7542,0
2026-06-26 14:23:26,162,B+41.5,0,True,False,False,,-1,32.7774,0
2026-06-26 14:23:59,162,W+43.5,0,True,False,False,,-1,32.7499,0
2026-06-26 14:24:33,162,W+34.5,1,True,False,False,,-1,32.7594,0
2026-06-26 14:25:05,162,B+25.5,0,True,False,False,,-1,32.7347,0
2026-06-26 14:25:35,161,B+65.5,2,True,False,False,,-1,32.7403,0
2026-06-26 14:26:09,162,W+43.5,2,True,False,False,,-1,32.6984,0
2026-06-26 14:26:45,162,B+20.5,1,True,False,False,,-1,32.7024,0
2026-06-26 14:27:17,162,B+35.5,0,True,False,False,,-1,32.7011,0
2026-06-26 14:27:48,162,B+10.5,0,True,False,False,,-1,32.661,0
2026-06-26 14:28:11,118,W+1.5,3,True,False,False,,-1,32.5446,0
2026-06-26 14:28:48,162,B+3.5,0,True,False,False,,-1,32.6298,0
2026-06-26 14:29:22,162,W+67.5,0,True,False,False,,-1,32.6122,0
2026-06-26 14:29:56,162,W+57.5,0,True,False,False,,-1,32.5837,0
2026-06-26 14:30:29,162,W+47.5,0,True,False,False,,-1,32.7264,0
2026-06-26 14:30:55,146,W+46.5,3,True,False,False,,-1,32.6375,0
2026-06-26 14:31:18,127,B+33.5,2,True,False,False,,-1,32.5304,0
2026-06-26 14:31:55,162,B+18.5,0,True,False,False,,-1,32.5685,0
2026-06-26 14:32:32,162,W+20.5,0,True,False,False,,-1,32.6009,0
2026-06-26 14:33:05,162,B+23.5,0,True,False,False,,-1,32.594,0
2026-06-26 14:33:35,162,W+18.5,1,True,False,False,,-1,32.5379,0
2026-06-26 14:34:03,141,B+25.5,2,True,False,False,,-1,32.4668,0
2026-06-26 14:34:33,162,W+47.5,0,True,False,False,,-1,32.4393,0
2026-06-26 14:35:05,162,W+38.5,0,True,False,False,,-1,32.4062,0
2026-06-26 14:35:32,138,W+57.5,2,True,False,False,,-1,32.4827,0
2026-06-26 14:36:08,162,W+43.5,1,True,False,False,,-1,32.4952,0
2026-06-26 14:36:38,162,B+58.5,1,True,False,False,,-1,32.4783,0
2026-06-26 14:37:12,162,W+39.5,1,True,False,False,,-1,32.4704,0
2026-06-26 14:37:47,162,W+62.5,1,True,False,False,,-1,32.4523,0
2026-06-26 14:38:21,162,W+53.5,1,True,False,False,,-1,32.4733,0
2026-06-26 14:38:50,150,W+63.5,2,True,False,False,,-1,32.4785,0
2026-06-26 14:39:14,136,W+40.5,2,True,False,False,,-1,32.3924,0
2026-06-26 14:41:37,111,W+0.5,16,True,False,False,,-1,32.3005,1000
2026-06-26 14:42:22,152,B+12.5,20,True,False,False,,-1,32.6195,1000
2026-06-26 14:42:50,93,B+13.5,7,True,False,False,,-1,32.5466,1000
2026-06-26 14:43:06,52,W+1.5,4,True,False,False,,-1,32.4385,1000
2026-06-26 14:43:41,121,W+0.5,9,True,False,False,,-1,32.4554,1000
2026-06-26 14:44:11,117,W+4.5,12,True,False,False,,-1,32.4102,1000
2026-06-26 14:44:45,134,B+3.5,23,True,False,False,,-1,32.4,1000
2026-06-26 14:45:14,110,B+6.5,13,True,False,False,,-1,32.4204,1000
2026-06-26 14:45:49,119,W+1.5,12,True,False,False,,-1,32.4411,1000
2026-06-26 14:46:22,119,W+20.5,13,True,False,False,,-1,32.4712,1000
2026-06-26 14:46:32,41,B+3.5,2,True,False,False,,-1,32.2161,1000
2026-06-26 14:46:59,103,W+5.5,11,True,False,False,,-1,32.136,1000
2026-06-26 14:47:30,110,B+6.5,12,True,False,False,,-1,32.0877,1000
2026-06-26 14:47:59,118,B+10.5,16,True,False,False,,-1,32.041,1000
2026-06-26 14:48:17,64,W+11.5,2,True,False,False,,-1,32.1281,1000
2026-06-26 14:49:01,162,B+1.5,21,True,False,False,,-1,32.2516,1000
2026-06-26 14:49:44,162,B+9.5,25,True,False,False,,-1,32.3539,1000
2026-06-26 14:50:17,123,W+10.5,11,True,False,False,,-1,32.3546,1000
2026-06-26 14:50:53,136,B+4.5,25,True,False,False,,-1,32.3629,1000
2026-06-26 14:51:20,105,W+0.5,12,True,False,False,,-1,32.4564,1000
2026-06-26 14:51:51,113,W+1.5,6,True,False,False,,-1,32.4107,1000
2026-06-26 14:52:21,119,W+3.5,20,True,False,False,,-1,32.3604,1000
2026-06-26 14:52:38,64,W+13.5,3,True,False,False,,-1,32.1873,1000
2026-06-26 14:53:12,127,B+2.5,22,True,False,False,,-1,32.2169,1000
2026-06-26 14:53:46,125,W+2.5,15,True,False,False,,-1,32.2144,1000
2026-06-26 14:54:20,142,B+2.5,24,True,False,False,,-1,32.2176,1000
2026-06-26 14:54:28,28,W+7.5,2,True,False,False,,-1,31.9244,1000
2026-06-26 14:55:03,137,B+1.5,30,True,False,False,,-1,31.9679,1000
2026-06-26 14:55:42,152,W+1.5,26,True,False,False,,-1,32.0027,1000
2026-06-26 14:56:13,107,W+1.5,7,True,False,False,,-1,31.9764,1000
2026-06-26 14:56:47,121,W+2.5,17,True,False,False,,-1,31.9772,1000
2026-06-26 14:56:58,34,W+6.5,2,True,False,False,,-1,31.7367,1000
2026-06-26 14:57:29,117,W+0.5,12,True,False,False,,-1,31.6938,1000
2026-06-26 14:58:09,162,B+17.5,22,True,False,False,,-1,31.7554,1000
2026-06-26 14:58:33,91,W+0.5,8,True,False,False,,-1,31.6775,1000
2026-06-26 14:59:02,110,B+1.5,14,True,False,False,,-1,31.6467,1000
2026-06-26 14:59:37,126,B+1.5,15,True,False,False,,-1,31.6362,1000
2026-06-26 15:00:13,131,B+4.5,22,True,False,False,,-1,31.686,1000
2026-06-26 15:00:45,119,W+0.5,19,True,False,False,,-1,31.6592,1000
2026-06-26 15:01:13,103,W+0.5,12,True,False,False,,-1,31.5975,1000
2026-06-26 15:01:47,122,B+0.5,9,True,False,False,,-1,31.5965,1000
2026-06-26 15:02:14,105,B+2.5,11,True,False,False,,-1,31.5449,1000
2026-06-26 15:02:43,109,B+9.5,16,True,False,False,,-1,31.5545,1000
2026-06-26 15:02:50,28,W+7.5,2,True,False,False,,-1,31.2923,1000
2026-06-26 15:03:18,110,B+1.5,16,True,False,False,,-1,31.2214,1000
2026-06-26 15:03:52,122,B+2.5,16,True,False,False,,-1,31.1957,1000
2026-06-26 15:04:21,105,W+0.5,13,True,False,False,,-1,31.1645,1000
2026-06-26 15:04:48,93,B+15.5,5,True,False,False,,-1,31.0633,1000
2026-06-26 15:05:22,119,W+4.5,15,True,False,False,,-1,31.0698,1000
2026-06-26 15:06:05,162,B+1.5,33,True,False,False,,-1,31.1454,1000
2026-06-26 15:06:34,105,W+0.5,12,True,False,False,,-1,31.1079,1000
2026-06-26 15:06:47,52,W+6.5,5,True,False,False,,-1,30.8756,1000
2026-06-26 15:07:11,82,W+10.5,6,True,False,False,,-1,30.7627,1000
2026-06-26 15:07:39,108,B+0.5,13,True,False,False,,-1,30.7435,1000
2026-06-26 15:08:08,103,W+3.5,12,True,False,False,,-1,30.6945,1000
2026-06-26 15:08:40,119,B+11.5,14,True,False,False,,-1,30.6965,1000
2026-06-26 15:09:13,129,W+3.5,25,True,False,False,,-1,30.6618,1000
2026-06-26 15:09:43,113,W+4.5,11,True,False,False,,-1,30.6287,1000
2026-06-26 15:10:10,103,W+1.5,11,True,False,False,,-1,30.5309,1000
2026-06-26 15:10:37,105,W+3.5,12,True,False,False,,-1,30.4591,1000
2026-06-26 15:10:59,87,B+12.5,7,True,False,False,,-1,30.3681,1000
2026-06-26 15:11:28,105,W+0.5,16,True,False,False,,-1,30.3086,1000
2026-06-26 15:12:13,162,W+2.5,25,True,False,False,,-1,30.4034,1000
2026-06-26 15:12:41,106,B+0.5,14,True,False,False,,-1,30.3888,1000
2026-06-26 15:13:14,119,W+0.5,18,True,False,False,,-1,30.3999,1000
2026-06-26 15:13:41,98,B+0.5,14,True,False,False,,-1,30.3265,1000
2026-06-26 15:14:09,96,B+0.5,10,True,False,False,,-1,30.3172,1000
2026-06-26 15:14:34,93,W+2.5,6,True,False,False,,-1,30.2194,1000
2026-06-26 15:14:59,84,B+4.5,3,True,False,False,,-1,30.1232,1000
2026-06-26 15:15:30,121,W+3.5,17,True,False,False,,-1,30.1111,1000
2026-06-26 15:16:01,121,B+2.5,15,True,False,False,,-1,30.0782,1000
2026-06-26 15:16:41,155,W+0.5,30,True,False,False,,-1,30.152,1000
2026-06-26 15:17:04,75,B+4.5,3,True,False,False,,-1,30.0859,1000
2026-06-26 15:17:33,106,B+0.5,10,True,False,False,,-1,30.0414,1000
2026-06-26 15:18:04,109,W+0.5,11,True,False,False,,-1,29.9786,1000
2026-06-26 15:18:37,119,B+1.5,9,True,False,False,,-1,30.0015,1000
2026-06-26 15:18:45,26,W+7.5,2,True,False,False,,-1,29.7591,1000
2026-06-26 15:19:14,103,W+5.5,10,True,False,False,,-1,29.8277,1000
2026-06-26 15:19:42,98,B+0.5,12,True,False,False,,-1,29.7349,1000
2026-06-26 15:20:26,162,B+6.5,13,True,False,False,,-1,29.8355,1000
2026-06-26 15:20:36,42,W+0.5,2,True,False,False,,-1,29.5971,1000
2026-06-26 15:21:07,107,W+0.5,6,True,False,False,,-1,29.5711,1000
2026-06-26 15:21:38,111,W+0.5,12,True,False,False,,-1,29.6242,1000
2026-06-26 15:22:06,103,W+0.5,13,True,False,False,,-1,29.6739,1000
2026-06-26 15:22:38,120,B+6.5,17,True,False,False,,-1,29.6186,1000
2026-06-26 15:23:07,112,B+4.5,13,True,False,False,,-1,29.5492,1000
2026-06-26 15:23:32,95,B+6.5,6,True,False,False,,-1,29.4637,1000
2026-06-26 15:23:59,103,W+4.5,8,True,False,False,,-1,29.4316,1000
2026-06-26 15:24:30,116,B+1.5,12,True,False,False,,-1,29.4621,1000
2026-06-26 15:24:57,99,W+4.5,8,True,False,False,,-1,29.4403,1000
2026-06-26 15:25:29,111,W+0.5,11,True,False,False,,-1,29.4343,1000
2026-06-26 15:26:03,122,B+5.5,13,True,False,False,,-1,29.5043,1000
2026-06-26 15:26:38,129,W+1.5,19,True,False,False,,-1,29.5006,1000
2026-06-26 15:27:07,111,W+2.5,8,True,False,False,,-1,29.4845,1000
2026-06-26 15:27:39,120,B+1.5,14,True,False,False,,-1,29.4732,1000
2026-06-26 15:28:21,162,W+2.5,30,True,False,False,,-1,29.5342,1000
2026-06-26 15:28:49,114,B+5.5,15,True,False,False,,-1,29.482,1000
2026-06-26 15:29:22,121,W+2.5,9,True,False,False,,-1,29.5193,1000
2026-06-26 15:29:53,116,B+1.5,13,True,False,False,,-1,29.5844,1000
2026-06-26 15:30:25,115,W+16.5,10,True,False,False,,-1,29.6102,1000
2026-06-26 15:30:54,99,W+0.5,8,True,False,False,,-1,29.5708,1000
2026-06-26 15:31:24,112,B+1.5,13,True,False,False,,-1,29.4185,1000
2026-06-26 15:31:52,102,B+1.5,8,True,False,False,,-1,29.4214,1000
2026-06-26 15:32:18,100,B+1.5,11,True,False,False,,-1,29.5243,1000
2026-06-26 15:32:52,137,W+9.5,20,True,False,False,,-1,29.5124,1000
2026-06-26 15:33:26,115,W+2.5,10,True,False,False,,-1,29.5476,1000
2026-06-26 15:33:57,113,B+2.5,14,True,False,False,,-1,29.5176,1000
2026-06-26 15:34:34,143,B+11.5,28,True,False,False,,-1,29.5969,1000
2026-06-26 15:34:44,43,B+1.5,2,True,False,False,,-1,29.3474,1000
2026-06-26 15:35:11,103,W+0.5,11,True,False,False,,-1,29.2878,1000
2026-06-26 15:35:51,147,B+1.5,18,True,False,False,,-1,29.5853,1000
2026-06-26 15:36:22,116,B+7.5,15,True,False,False,,-1,29.6324,1000
2026-06-26 15:36:54,116,W+19.5,13,True,False,False,,-1,29.6415,1000
2026-06-26 15:37:24,105,W+0.5,8,True,False,False,,-1,29.6423,1000
2026-06-26 15:37:50,97,W+0.5,12,True,False,False,,-1,29.727,1000
2026-06-26 15:38:16,93,W+0.5,8,True,False,False,,-1,29.548,1000
2026-06-26 15:38:44,112,W+0.5,14,True,False,False,,-1,29.3974,1000
2026-06-26 15:39:09,101,W+1.5,12,True,False,False,,-1,29.3228,1000
2026-06-26 15:39:49,149,W+0.5,28,True,False,False,,-1,29.3549,1000
2026-06-26 15:40:24,131,W+2.5,9,True,False,False,,-1,29.4346,1000
2026-06-26 15:41:02,141,B+5.5,17,True,False,False,,-1,29.5124,1000
2026-06-26 15:41:32,111,W+5.5,12,True,False,False,,-1,29.5013,1000
2026-06-26 15:42:06,117,W+2.5,17,True,False,False,,-1,29.6756,1000
2026-06-26 15:42:35,104,W+8.5,10,True,False,False,,-1,29.625,1000
2026-06-26 15:43:04,105,W+1.5,13,True,False,False,,-1,29.5765,1000
2026-06-26 15:43:38,135,W+2.5,21,True,False,False,,-1,29.5763,1000
2026-06-26 15:44:15,137,W+6.5,16,True,False,False,,-1,29.8647,1000
2026-06-26 15:44:44,107,W+2.5,18,True,False,False,,-1,29.8036,1000
2026-06-26 15:45:15,109,W+4.5,13,True,False,False,,-1,29.7223,1000
2026-06-26 15:45:44,103,W+7.5,8,True,False,False,,-1,29.7046,1000
2026-06-26 15:46:12,100,B+4.5,6,True,False,False,,-1,29.64,1000
2026-06-26 15:46:38,96,B+1.5,7,True,False,False,,-1,29.7986,1000
2026-06-26 15:47:12,125,W+1.5,16,True,False,False,,-1,29.8215,1000
2026-06-26 15:47:45,130,B+2.5,19,True,False,False,,-1,29.7656,1000
2026-06-26 15:48:12,97,B+6.5,10,True,False,False,,-1,29.7863,1000
2026-06-26 15:48:49,152,B+4.5,33,True,False,False,,-1,29.8646,1000
2026-06-26 15:49:18,97,W+2.5,7,True,False,False,,-1,29.8035,1000
2026-06-26 15:49:58,162,B+17.5,29,True,False,False,,-1,29.8472,1000
2026-06-26 15:50:31,125,W+1.5,7,True,False,False,,-1,29.8641,1000
2026-06-26 15:51:01,112,B+1.5,10,True,False,False,,-1,29.8688,1000
2026-06-26 15:51:45,162,W+30.5,23,True,False,False,,-1,29.9728,1000
2026-06-26 15:52:11,97,W+6.5,5,True,False,False,,-1,29.9692,1000
2026-06-26 15:52:37,103,B+3.5,6,True,False,False,,-1,29.9369,1000
2026-06-26 15:53:10,113,W+1.5,10,True,False,False,,-1,30.1955,1000
2026-06-26 15:53:52,153,W+0.5,28,True,False,False,,-1,30.3379,1000
2026-06-26 15:54:13,81,B+7.5,2,True,False,False,,-1,30.2143,1000
2026-06-26 15:54:48,116,B+3.5,11,True,False,False,,-1,30.2646,1000
2026-06-26 15:55:18,118,B+4.5,17,True,False,False,,-1,30.2957,1000
2026-06-26 15:55:55,129,W+3.5,16,True,False,False,,-1,30.3258,1000
2026-06-26 15:56:29,124,B+1.5,13,True,False,False,,-1,30.237,1000
2026-06-26 15:56:54,93,W+4.5,10,True,False,False,,-1,30.2046,1000
2026-06-26 15:57:25,117,W+0.5,14,True,False,False,,-1,30.3831,1000
2026-06-26 15:57:57,110,B+8.5,14,True,False,False,,-1,30.4547,1000
2026-06-26 15:58:31,120,B+22.5,9,True,False,False,,-1,30.5159,1000
2026-06-26 15:58:59,99,W+5.5,9,True,False,False,,-1,30.5005,1000
2026-06-26 15:59:37,144,B+5.5,20,True,False,False,,-1,30.5604,1000
2026-06-26 16:00:13,162,B+22.5,33,True,False,False,,-1,30.6026,1000
2026-06-26 16:00:46,140,W+3.5,23,True,False,False,,-1,30.6243,1000
2026-06-26 16:01:09,82,W+8.5,2,True,False,False,,-1,30.5928,1000
2026-06-26 16:01:37,104,B+4.5,14,True,False,False,,-1,30.5957,1000
2026-06-26 16:02:07,106,B+1.5,14,True,False,False,,-1,30.6717,1000
2026-06-26 16:02:31,91,W+5.5,9,True,False,False,,-1,30.6295,1000
2026-06-26 16:03:00,99,W+1.5,9,True,False,False,,-1,30.4762,1000
2026-06-26 16:03:36,130,B+1.5,18,True,False,False,,-1,30.5451,1000
2026-06-26 16:04:05,103,W+5.5,16,True,False,False,,-1,30.4994,1000
2026-06-26 16:04:36,113,W+2.5,12,True,False,False,,-1,30.5471,1000
2026-06-26 16:05:01,94,B+1.5,6,True,False,False,,-1,30.5195,1000
2026-06-26 16:05:30,109,W+13.5,15,True,False,False,,-1,30.5538,1000
2026-06-26 16:05:58,98,B+3.5,8,True,False,False,,-1,30.5891,1000
2026-06-26 16:06:30,115,W+1.5,16,True,False,False,,-1,30.5938,1000
2026-06-26 16:06:58,109,W+3.5,13,True,False,False,,-1,30.5702,1000
2026-06-26 16:07:32,119,B+1.5,15,True,False,False,,-1,30.5016,1000
2026-06-26 16:08:04,115,W+2.5,18,True,False,False,,-1,30.5975,1000
2026-06-26 16:08:41,132,W+2.5,12,True,False,False,,-1,30.6736,1000
2026-06-26 16:09:11,111,W+0.5,14,True,False,False,,-1,30.6673,1000
2026-06-26 16:09:43,116,B+1.5,10,True,False,False,,-1,30.6531,1000
2026-06-26 16:10:15,121,W+2.5,19,True,False,False,,-1,30.9045,1000
2026-06-26 16:10:47,123,W+5.5,18,True,False,False,,-1,30.9271,1000
2026-06-26 16:11:14,91,W+1.5,9,True,False,False,,-1,30.9173,1000
2026-06-26 16:11:47,118,W+2.5,16,True,False,False,,-1,30.8107,1000
2026-06-26 16:12:23,135,W+15.5,20,True,False,False,,-1,31.0645,1000
2026-06-26 16:12:43,75,B+10.5,4,True,False,False,,-1,30.9655,1000
2026-06-26 16:13:10,90,B+2.5,5,True,False,False,,-1,30.9177,1000
2026-06-26 16:13:35,89,B+6.5,7,True,False,False,,-1,30.8804,1000
2026-06-26 16:14:13,137,W+1.5,27,True,False,False,,-1,30.9542,1000
2026-06-26 16:14:43,104,B+0.5,12,True,False,False,,-1,30.9572,1000
2026-06-26 16:14:54,42,W+7.5,2,True,False,False,,-1,30.8115,1000
2026-06-26 16:15:30,120,B+1.5,14,True,False,False,,-1,30.9098,1000
2026-06-26 16:16:01,112,B+6.5,14,True,False,False,,-1,30.9097,1000
2026-06-26 16:16:22,73,B+8.5,2,True,False,False,,-1,30.8406,1000
2026-06-26 16:16:50,106,B+0.5,14,True,False,False,,-1,30.8038,1000
2026-06-26 16:17:19,109,B+0.5,8,True,False,False,,-1,30.7583,1000
2026-06-26 16:17:48,109,W+2.5,11,True,False,False,,-1,30.6983,1000
2026-06-26 16:18:16,107,W+2.5,11,True,False,False,,-1,30.6871,1000
2026-06-26 16:18:42,99,W+2.5,6,True,False,False,,-1,30.6225,1000
2026-06-26 16:19:19,139,B+1.5,22,True,False,False,,-1,30.5822,1000
2026-06-26 16:19:51,124,B+1.5,27,True,False,False,,-1,30.6176,1000
2026-06-26 16:20:36,162,W+27.5,36,True,False,False,,-1,30.7313,1000
2026-06-26 16:21:00,93,B+13.5,7,True,False,False,,-1,30.6701,1000
2026-06-26 16:21:30,108,B+4.5,12,True,False,False,,-1,30.6415,1000
2026-06-26 16:22:00,112,B+7.5,9,True,False,False,,-1,30.6591,1000
2026-06-26 16:22:23,76,W+11.5,2,True,False,False,,-1,30.5887,1000
2026-06-26 16:22:55,129,B+5.5,20,True,False,False,,-1,30.6273,1000
2026-06-26 16:23:30,120,B+1.5,12,True,False,False,,-1,30.7168,1000
2026-06-26 16:23:56,92,B+1.5,9,True,False,False,,-1,30.6329,1000
2026-06-26 16:24:27,112,B+8.5,8,True,False,False,,-1,30.6093,1000
2026-06-26 16:24:54,93,B+17.5,7,True,False,False,,-1,30.5598,1000
2026-06-26 16:25:28,124,B+0.5,13,True,False,False,,-1,30.53,1000
2026-06-26 16:25:44,62,W+10.5,3,True,False,False,,-1,30.5966,1000
2026-06-26 16:26:12,110,B+1.5,14,True,False,False,,-1,30.6116,1000
2026-06-26 16:26:40,105,W+1.5,15,True,False,False,,-1,30.4923,1000
2026-06-26 16:27:12,126,B+0.5,16,True,False,False,,-1,30.5002,1000
2026-06-26 16:27:47,162,B+1.5,20,True,False,False,,-1,30.5265,1000
2026-06-26 16:28:17,109,W+1.5,11,True,False,False,,-1,30.5241,1000
2026-06-26 16:28:41,91,B+3.5,4,True,False,False,,-1,30.5088,1000
2026-06-26 16:29:17,126,B+0.5,12,True,False,False,,-1,30.6069,1000
2026-06-26 16:29:52,138,B+1.5,24,True,False,False,,-1,30.681,1000
2026-06-26 16:30:13,78,W+10.5,7,True,False,False,,-1,30.6393,1000
2026-06-26 16:30:45,130,B+3.5,18,True,False,False,,-1,30.5656,1000
2026-06-26 16:31:22,139,B+3.5,15,True,False,False,,-1,30.5803,1000
2026-06-26 16:31:49,98,B+1.5,8,True,False,False,,-1,30.467,1000
2026-06-26 16:32:30,160,B+6.5,28,True,False,False,,-1,30.5858,1000
2026-06-26 16:33:11,161,W+2.5,30,True,False,False,,-1,30.6467,1000
2026-06-26 16:33:44,117,W+2.5,17,True,False,False,,-1,30.6897,1000
2026-06-26 16:34:13,103,W+2.5,5,True,False,False,,-1,30.6831,1000
2026-06-26 16:34:47,132,B+2.5,17,True,False,False,,-1,30.6837,1000
2026-06-26 16:35:10,87,B+8.5,6,True,False,False,,-1,30.5488,1000
2026-06-26 16:35:41,116,B+0.5,6,True,False,False,,-1,30.5698,1000
2026-06-26 16:36:16,129,W+6.5,20,True,False,False,,-1,30.6092,1000
2026-06-26 16:36:47,112,B+1.5,12,True,False,False,,-1,30.6359,1000
2026-06-26 16:37:19,108,B+2.5,9,True,False,False,,-1,30.6751,1000
2026-06-26 16:37:56,144,B+5.5,20,True,False,False,,-1,30.7796,1000
2026-06-26 16:38:31,133,W+15.5,12,True,False,False,,-1,30.7865,1000
2026-06-26 16:39:03,115,W+3.5,12,True,False,False,,-1,30.7776,1000
2026-06-26 16:39:29,99,W+0.5,7,True,False,False,,-1,30.7746,1000
2026-06-26 16:39:48,64,W+6.5,3,True,False,False,,-1,30.5875,1000
2026-06-26 16:40:14,101,W+1.5,10,True,False,False,,-1,30.5629,1000
2026-06-26 16:40:43,111,W+1.5,19,True,False,False,,-1,30.4478,1000
2026-06-26 16:41:07,89,W+5.5,6,True,False,False,,-1,30.3553,1000
2026-06-26 16:41:50,162,B+17.5,23,True,False,False,,-1,30.4946,1000
2026-06-26 16:42:12,75,B+6.5,5,True,False,False,,-1,30.2638,1000
2026-06-26 16:42:35,88,B+0.5,6,True,False,False,,-1,30.2323,1000
2026-06-26 16:43:03,109,B+0.5,12,True,False,False,,-1,30.2616,1000
2026-06-26 16:43:28,89,B+4.5,7,True,False,False,,-1,30.1871,1000
2026-06-26 16:43:57,105,W+1.5,9,True,False,False,,-1,30.0492,1000
2026-06-26 16:44:24,102,B+0.5,11,True,False,False,,-1,30.1022,1000
2026-06-26 16:44:59,128,B+0.5,17,True,False,False,,-1,30.1037,1000
2026-06-26 16:45:30,105,W+2.5,8,True,False,False,,-1,30.1133,1000
2026-06-26 16:46:00,113,W+3.5,12,True,False,False,,-1,30.0465,1000
2026-06-26 16:46:29,111,W+0.5,18,True,False,False,,-1,29.999,1000
2026-06-26 16:47:00,113,W+2.5,13,True,False,False,,-1,30.06,1000
2026-06-26 16:47:38,135,W+1.5,25,True,False,False,,-1,30.1253,1000
2026-06-26 16:48:05,95,B+1.5,9,True,False,False,,-1,30.0737,1000
2026-06-26 16:48:31,93,B+1.5,6,True,False,False,,-1,29.9987,1000
2026-06-26 16:49:03,127,W+8.5,22,True,False,False,,-1,30.0435,1000
2026-06-26 16:49:35,119,B+3.5,16,True,False,False,,-1,29.9793,1000
2026-06-26 16:50:02,99,W+0.5,6,True,False,False,,-1,29.8882,1000
2026-06-26 16:50:39,129,W+2.5,9,True,False,False,,-1,29.9283,1000
2026-06-26 16:51:12,127,B+3.5,9,True,False,False,,-1,30.0296,1000
2026-06-26 16:51:18,22,W+7.5,2,True,False,False,,-1,29.8088,1000
2026-06-26 16:51:47,108,B+4.5,5,True,False,False,,-1,29.7964,1000
2026-06-26 16:52:12,93,W+0.5,9,True,False,False,,-1,29.8089,1000
2026-06-26 16:52:48,121,B+3.5,12,True,False,False,,-1,29.8704,1000
2026-06-26 16:53:31,158,B+9.5,33,True,False,False,,-1,29.9502,1000
2026-06-26 16:53:59,107,B+1.5,5,True,False,False,,-1,29.9418,1000
2026-06-26 16:54:21,83,B+3.5,4,True,False,False,,-1,29.8506,1000
2026-06-26 16:54:50,104,B+1.5,11,True,False,False,,-1,29.8908,1000
2026-06-26 16:55:26,135,W+13.5,13,True,False,False,,-1,29.9559,1000
2026-06-26 16:55:49,87,B+4.5,5,True,False,False,,-1,29.9077,1000
2026-06-26 16:56:15,103,W+0.5,14,True,False,False,,-1,29.8441,1000
2026-06-26 16:56:52,132,B+3.5,13,True,False,False,,-1,29.9307,1000
2026-06-26 16:57:26,119,W+6.5,16,True,False,False,,-1,29.9398,1000
2026-06-26 16:58:04,148,B+0.5,23,True,False,False,,-1,29.9952,1000
2026-06-26 16:58:37,117,W+2.5,12,True,False,False,,-1,29.9544,1000
2026-06-26 16:59:03,108,B+2.5,14,True,False,False,,-1,29.9222,1000
2026-06-26 16:59:26,83,B+1.5,6,True,False,False,,-1,29.8241,1000
2026-06-26 16:59:54,104,B+1.5,10,True,False,False,,-1,29.7876,1000
2026-06-26 17:00:21,92,W+12.5,11,True,False,False,,-1,29.7333,1000
2026-06-26 17:00:51,111,W+5.5,12,True,False,False,,-1,29.7739,1000
2026-06-26 17:01:21,110,B+1.5,9,True,False,False,,-1,29.7289,1000
2026-06-26 17:01:50,111,W+0.5,9,True,False,False,,-1,29.6675,1000
2026-06-26 17:02:19,110,B+8.5,7,True,False,False,,-1,29.7526,1000
2026-06-26 17:02:53,135,B+1.5,8,True,False,False,,-1,29.8276,1000
2026-06-26 17:03:30,141,W+5.5,25,True,False,False,,-1,29.9465,1000
2026-06-26 17:03:43,50,W+17.5,2,True,False,False,,-1,29.6938,1000
2026-06-26 17:04:15,125,W+2.5,21,True,False,False,,-1,29.7171,1000
2026-06-26 17:04:45,111,W+3.5,10,True,False,False,,-1,29.9117,1000
2026-06-26 17:05:14,100,B+12.5,9,True,False,False,,-1,29.8332,1000
2026-06-26 17:05:48,122,B+7.5,14,True,False,False,,-1,29.8603,1000
2026-06-26 17:06:18,115,W+0.5,14,True,False,False,,-1,29.9589,1000
2026-06-26 17:06:46,99,B+1.5,8,True,False,False,,-1,29.9561,1000
2026-06-26 17:06:53,26,W+7.5,2,True,False,False,,-1,29.7411,1000
2026-06-26 17:07:26,135,W+2.5,21,True,False,False,,-1,29.7772,1000
2026-06-26 17:07:58,117,W+1.5,16,True,False,False,,-1,29.8153,1000
2026-06-26 17:08:32,134,B+0.5,17,True,False,False,,-1,29.9007,1000
2026-06-26 17:09:04,118,B+2.5,18,True,False,False,,-1,29.8513,1000
2026-06-26 17:09:37,117,W+0.5,9,True,False,False,,-1,29.8525,1000
2026-06-26 17:10:09,125,B+1.5,15,True,False,False,,-1,29.7298,1000
2026-06-26 17:10:38,99,W+3.5,13,True,False,False,,-1,29.7716,1000
2026-06-26 17:11:08,111,W+2.5,14,True,False,False,,-1,29.7791,1000
2026-06-26 17:11:14,26,W+8.5,2,True,False,False,,-1,29.5361,1000
2026-06-26 17:11:46,120,W+6.5,10,True,False,False,,-1,29.6294,1000
2026-06-26 17:12:21,118,B+2.5,9,True,False,False,,-1,29.653,1000
2026-06-26 17:12:49,100,B+0.5,9,True,False,False,,-1,29.5896,1000
2026-06-26 17:13:27,160,B+5.5,35,True,False,False,,-1,29.7148,1000
2026-06-26 17:14:01,123,W+1.5,7,True,False,False,,-1,29.7391,1000
2026-06-26 17:14:31,113,W+1.5,13,True,False,False,,-1,29.7715,1000
2026-06-26 17:15:00,111,W+0.5,12,True,False,False,,-1,29.7272,1000
2026-06-26 17:15:37,125,B+2.5,11,True,False,False,,-1,29.9188,1000
2026-06-26 17:16:04,103,W+0.5,7,True,False,False,,-1,29.921,1000
2026-06-26 17:16:43,162,W+37.5,27,True,False,False,,-1,30.0205,1000
2026-06-26 17:17:13,117,W+7.5,16,True,False,False,,-1,30.0046,1000
2026-06-26 17:17:50,132,B+14.5,19,True,False,False,,-1,30.0282,1000
2026-06-26 17:18:21,109,W+2.5,11,True,False,False,,-1,30.0382,1000
2026-06-26 17:19:07,161,W+1.5,33,True,False,False,,-1,30.26,1000
2026-06-26 17:19:38,119,W+0.5,11,True,False,False,,-1,30.2096,1000
2026-06-26 17:20:05,98,B+1.5,9,True,False,False,,-1,30.1308,1000
2026-06-26 17:20:47,154,B+5.5,25,True,False,False,,-1,30.3371,1000
2026-06-26 17:20:58,36,W+7.5,2,True,False,False,,-1,30.1206,1000
2026-06-26 17:21:27,119,W+5.5,15,True,False,False,,-1,30.0506,1000
2026-06-26 17:21:54,101,W+0.5,6,True,False,False,,-1,30.0454,1000
2026-06-26 17:22:20,92,B+3.5,3,True,False,False,,-1,29.8909,1000
2026-06-26 17:22:45,99,W+0.5,7,True,False,False,,-1,29.7438,1000
2026-06-26 17:23:28,160,B+4.5,34,True,False,False,,-1,29.8354,1000
2026-06-26 17:24:03,127,W+2.5,16,True,False,False,,-1,29.9027,1000
2026-06-26 17:24:31,92,B+1.5,7,True,False,False,,-1,29.8376,1000
2026-06-26 17:25:07,135,B+2.5,17,True,False,False,,-1,29.9709,1000
2026-06-26 17:25:37,105,B+11.5,12,True,False,False,,-1,29.9528,1000
2026-06-26 17:26:06,108,B+13.5,11,True,False,False,,-1,29.8962,1000
2026-06-26 17:26:45,142,B+0.5,18,True,False,False,,-1,29.9764,1000
2026-06-26 17:27:16,117,W+2.5,17,True,False,False,,-1,29.9623,1000
2026-06-26 17:27:27,42,W+6.5,3,True,False,False,,-1,29.7097,1000
2026-06-26 17:27:54,110,B+18.5,7,True,False,False,,-1,29.6337,1000
2026-06-26 17:28:26,114,B+6.5,11,True,False,False,,-1,29.6257,1000
2026-06-26 17:28:40,52,W+4.5,2,True,False,False,,-1,29.5033,1000
2026-06-26 17:29:17,140,B+2.5,25,True,False,False,,-1,29.692,1000
2026-06-26 17:29:49,121,W+0.5,15,True,False,False,,-1,29.7438,1000
2026-06-26 17:30:13,92,B+4.5,6,True,False,False,,-1,29.6976,1000
2026-06-26 17:30:35,74,W+5.5,6,True,False,False,,-1,29.6728,1000
2026-06-26 17:31:06,122,B+2.5,15,True,False,False,,-1,29.5541,1000
2026-06-26 17:31:31,97,W+2.5,8,True,False,False,,-1,29.5896,1000
2026-06-26 17:31:55,93,B+0.5,8,True,False,False,,-1,29.6004,1000
2026-06-26 17:32:25,106,B+2.5,7,True,False,False,,-1,29.6103,1000
2026-06-26 17:32:47,85,B+9.5,5,True,False,False,,-1,29.5834,1000
2026-06-26 17:33:08,75,B+0.5,5,True,False,False,,-1,29.5128,1000
2026-06-26 17:33:41,125,W+1.5,11,True,False,False,,-1,29.5701,1000
2026-06-26 17:34:19,162,B+31.5,34,True,False,False,,-1,29.6005,1000
2026-06-26 17:34:44,95,W+1.5,7,True,False,False,,-1,29.5339,1000
2026-06-26 17:35:13,113,W+5.5,16,True,False,False,,-1,29.5299,1000
2026-06-26 17:35:57,162,W+6.5,27,True,False,False,,-1,29.6778,1000
2026-06-26 17:36:28,127,W+6.5,21,True,False,False,,-1,29.6751,1000
2026-06-26 17:36:46,61,B+3.5,3,True,False,False,,-1,29.4785,1000
2026-06-26 17:37:11,91,W+0.5,8,True,False,False,,-1,29.4663,1000
2026-06-26 17:37:45,121,W+4.5,15,True,False,False,,-1,29.5312,1000
2026-06-26 17:38:09,92,B+3.5,9,True,False,False,,-1,29.4599,1000
2026-06-26 17:38:36,96,B+0.5,8,True,False,False,,-1,29.4064,1000
2026-06-26 17:39:04,99,W+0.5,9,True,False,False,,-1,29.417,1000
2026-06-26 17:39:34,110,B+1.5,13,True,False,False,,-1,29.3453,1000
2026-06-26 17:40:03,110,B+0.5,10,True,False,False,,-1,29.3043,1000
2026-06-26 17:40:31,107,W+3.5,16,True,False,False,,-1,29.5281,1000
2026-06-26 17:41:13,150,B+0.5,20,True,False,False,,-1,29.6633,1000
2026-06-26 17:41:40,100,B+1.5,6,True,False,False,,-1,29.6725,1000
2026-06-26 17:41:58,67,B+0.5,7,True,False,False,,-1,29.4977,1000
2026-06-26 17:42:31,118,B+2.5,15,True,False,False,,-1,29.3997,1000
2026-06-26 17:43:04,119,W+1.5,16,True,False,False,,-1,29.4492,1000
2026-06-26 17:43:28,92,B+1.5,8,True,False,False,,-1,29.4647,1000
2026-06-26 17:44:13,161,W+31.5,24,True,False,False,,-1,29.6254,1000
2026-06-26 17:44:45,128,B+0.5,16,True,False,False,,-1,29.5954,1000
2026-06-26 17:45:12,101,W+1.5,8,True,False,False,,-1,29.6312,1000
2026-06-26 17:45:36,81,B+0.5,4,True,False,False,,-1,29.6081,1000
2026-06-26 17:46:06,112,B+2.5,11,True,False,False,,-1,29.5389,1000
2026-06-26 17:46:34,108,B+0.5,9,True,False,False,,-1,29.4762,1000
2026-06-26 17:47:09,135,W+2.5,25,True,False,False,,-1,29.4564,1000
2026-06-26 17:47:20,40,W+9.5,2,True,False,False,,-1,29.2287,1000
2026-06-26 17:47:50,105,W+0.5,14,True,False,False,,-1,29.2619,1000
2026-06-26 17:48:24,128,B+1.5,10,True,False,False,,-1,29.3813,1000
2026-06-26 17:48:41,60,W+17.5,2,True,False,False,,-1,29.2663,1000
2026-06-26 17:49:10,102,B+5.5,10,True,False,False,,-1,29.2876,1000
2026-06-26 17:49:45,140,B+4.5,13,True,False,False,,-1,29.3352,1000
2026-06-26 17:50:12,103,W+2.5,11,True,False,False,,-1,29.3139,1000
2026-06-26 17:50:48,133,W+2.5,21,True,False,False,,-1,29.3808,1000
2026-06-26 17:51:16,108,W+2.5,14,True,False,False,,-1,29.3655,1000
2026-06-26 17:51:45,109,W+0.5,7,True,False,False,,-1,29.3176,1000
2026-06-26 17:52:11,96,B+0.5,9,True,False,False,,-1,29.2097,1000
2026-06-26 17:52:43,126,W+0.5,16,True,False,False,,-1,29.4007,1000
2026-06-26 17:53:10,105,B+1.5,7,True,False,False,,-1,29.3523,1000
2026-06-26 17:53:25,56,W+11.5,2,True,False,False,,-1,29.1996,1000
2026-06-26 17:54:03,145,W+1.5,27,True,False,False,,-1,29.2913,1000
2026-06-26 17:54:32,103,W+9.5,8,True,False,False,,-1,29.2389,1000
2026-06-26 17:55:06,131,W+1.5,9,True,False,False,,-1,29.2785,1000
2026-06-26 17:55:37,108,B+1.5,13,True,False,False,,-1,29.3069,1000
2026-06-26 17:56:13,133,W+1.5,17,True,False,False,,-1,29.6022,1000
2026-06-26 17:56:57,162,W+40.5,17,True,False,False,,-1,29.7013,1000
2026-06-26 17:57:30,113,W+0.5,17,True,False,False,,-1,29.7197,1000
2026-06-26 17:58:06,125,W+2.5,9,True,False,False,,-1,29.7363,1000
2026-06-26 17:58:38,119,W+7.5,18,True,False,False,,-1,29.7299,1000
2026-06-26 17:59:07,108,B+0.5,8,True,False,False,,-1,29.7043,1000
2026-06-26 17:59:37,108,B+4.5,13,True,False,False,,-1,29.6813,1000
2026-06-26 17:59:45,26,W+7.5,2,True,False,False,,-1,29.4703,1000
2026-06-26 18:00:02,63,B+9.5,3,True,False,False,,-1,29.3364,1000
2026-06-26 18:00:33,104,B+4.5,14,True,False,False,,-1,29.5826,1000
2026-06-26 18:01:16,158,B+17.5,19,True,False,False,,-1,29.6975,1000
2026-06-26 18:01:22,24,W+7.5,2,True,False,False,,-1,29.4145,1000
2026-06-26 18:01:43,77,B+9.5,2,True,False,False,,-1,29.3336,1000
2026-06-26 18:02:25,162,B+11.5,35,True,False,False,,-1,29.3751,1000
2026-06-26 18:02:53,103,W+0.5,16,True,False,False,,-1,29.312,1000
2026-06-26 18:03:19,98,B+5.5,12,True,False,False,,-1,29.282,1000
2026-06-26 18:03:25,24,W+7.5,2,True,False,False,,-1,29.0457,1000
2026-06-26 18:03:54,108,B+0.5,13,True,False,False,,-1,28.9737,1000
2026-06-26 18:04:01,24,W+7.5,2,True,False,False,,-1,28.7673,1000
2026-06-26 18:04:10,28,W+5.5,2,True,False,False,,-1,28.4666,1000
2026-06-26 18:04:39,108,B+4.5,6,True,False,False,,-1,28.4605,1000
2026-06-26 18:05:07,99,W+10.5,6,True,False,False,,-1,28.3656,1000
2026-06-26 18:05:29,76,W+7.5,4,True,False,False,,-1,28.2783,1000
2026-06-26 18:05:55,103,W+0.5,13,True,False,False,,-1,28.0796,1000
2026-06-26 18:06:21,98,B+2.5,6,True,False,False,,-1,28.0284,1000
2026-06-26 18:06:47,99,W+0.5,13,True,False,False,,-1,28.0157,1000
2026-06-26 18:07:21,119,W+0.5,10,True,False,False,,-1,27.9352,1000
2026-06-26 18:07:52,125,B+1.5,19,True,False,False,,-1,28.1378,1000
2026-06-26 18:08:28,136,B+3.5,15,True,False,False,,-1,28.205,1000
2026-06-26 18:08:56,100,B+0.5,9,True,False,False,,-1,28.212,1000
2026-06-26 18:09:30,120,B+0.5,20,True,False,False,,-1,28.303,1000
2026-06-26 18:09:54,89,B+1.5,6,True,False,False,,-1,28.2904,1000
2026-06-26 18:10:30,133,B+2.5,17,True,False,False,,-1,28.2143,1000
2026-06-26 18:10:50,70,W+1.5,2,True,False,False,,-1,28.0607,1000
2026-06-26 18:11:20,109,W+13.5,13,True,False,False,,-1,28.0827,1000
2026-06-26 18:11:44,91,B+10.5,7,True,False,False,,-1,27.9668,1000
2026-06-26 18:12:14,113,W+0.5,11,True,False,False,,-1,27.9755,1000
2026-06-26 18:12:45,101,W+2.5,13,True,False,False,,-1,27.9846,1000
2026-06-26 18:13:16,122,B+0.5,17,True,False,False,,-1,27.9007,1000
2026-06-26 18:13:42,92,W+14.5,12,True,False,False,,-1,27.8583,1000
2026-06-26 18:14:10,108,B+5.5,15,True,False,False,,-1,28.0292,1000
2026-06-26 18:14:45,135,B+2.5,19,True,False,False,,-1,28.1032,1000
2026-06-26 18:15:09,92,B+4.5,12,True,False,False,,-1,28.0277,1000
2026-06-26 18:15:49,151,W+0.5,19,True,False,False,,-1,28.2846,1000
2026-06-26 18:16:26,133,W+0.5,14,True,False,False,,-1,28.2856,1000
2026-06-26 18:16:59,124,W+0.5,19,True,False,False,,-1,28.2974,1000
2026-06-26 18:17:35,131,W+0.5,22,True,False,False,,-1,28.4115,1000
2026-06-26 18:17:52,64,W+6.5,4,True,False,False,,-1,28.3716,1000
2026-06-26 18:18:23,106,B+1.5,12,True,False,False,,-1,28.3715,1000
2026-06-26 18:18:50,98,B+4.5,9,True,False,False,,-1,28.3904,1000
2026-06-26 18:19:14,93,B+4.5,5,True,False,False,,-1,28.3898,1000
2026-06-26 18:19:45,119,B+19.5,12,True,False,False,,-1,28.3989,1000
2026-06-26 18:20:09,90,B+4.5,9,True,False,False,,-1,28.4182,1000
2026-06-26 18:20:43,124,B+3.5,11,True,False,False,,-1,28.5478,1000
2026-06-26 18:21:17,115,W+2.5,10,True,False,False,,-1,28.5541,1000
2026-06-26 18:21:44,94,B+2.5,7,True,False,False,,-1,28.4473,1000
2026-06-26 18:22:22,161,B+11.5,30,True,False,False,,-1,28.581,1000
2026-06-26 18:22:43,72,W+11.5,4,True,False,False,,-1,28.4955,1000
2026-06-26 18:23:12,106,B+0.5,10,True,False,False,,-1,28.3443,1000
2026-06-26 18:23:51,141,B+7.5,22,True,False,False,,-1,28.4201,1000
2026-06-26 18:24:25,115,W+2.5,10,True,False,False,,-1,28.5826,1000
2026-06-26 18:24:54,116,B+1.5,14,True,False,False,,-1,28.6282,1000
2026-06-26 18:25:19,83,B+9.5,5,True,False,False,,-1,28.5435,1000
2026-06-26 18:25:35,63,B+6.5,3,True,False,False,,-1,28.4518,1000
2026-06-26 18:26:03,97,B+13.5,7,True,False,False,,-1,28.4658,1000
2026-06-26 18:26:35,121,B+2.5,15,True,False,False,,-1,28.5011,1000
2026-06-26 18:27:13,145,B+5.5,15,True,False,False,,-1,28.5922,1000
2026-06-26 18:27:43,107,W+3.5,11,True,False,False,,-1,28.5984,1000
2026-06-26 18:28:17,126,B+3.5,13,True,False,False,,-1,28.6534,1000
2026-06-26 18:28:47,111,W+0.5,17,True,False,False,,-1,28.5391,1000
2026-06-26 18:29:24,134,W+2.5,19,True,False,False,,-1,28.6352,1000
2026-06-26 18:29:46,75,B+0.5,6,True,False,False,,-1,28.6819,1000
2026-06-26 18:30:22,125,W+0.5,22,True,False,False,,-1,28.6993,1000
2026-06-26 18:30:49,104,B+0.5,10,True,False,False,,-1,28.6467,1000
2026-06-26 18:31:30,162,B+15.5,32,True,False,False,,-1,28.8184,1000
2026-06-26 18:32:05,133,W+4.5,18,True,False,False,,-1,28.7111,1000
2026-06-26 18:32:38,125,W+2.5,23,True,False,False,,-1,28.7223,1000
2026-06-26 18:33:08,120,B+1.5,14,True,False,False,,-1,28.754,1000
2026-06-26 18:33:44,147,W+2.5,24,True,False,False,,-1,28.8832,1000
2026-06-26 18:34:18,115,W+2.5,12,True,False,False,,-1,28.9212,1000
2026-06-26 18:34:29,36,W+7.5,2,True,False,False,,-1,28.7487,1000
2026-06-26 18:34:57,101,B+3.5,7,True,False,False,,-1,28.6692,1000
2026-06-26 18:35:23,101,W+0.5,13,True,False,False,,-1,28.8279,1000
2026-06-26 18:35:52,105,W+3.5,12,True,False,False,,-1,28.8256,1000
2026-06-26 18:36:07,52,W+8.5,2,True,False,False,,-1,28.6249,1000
2026-06-26 18:36:38,112,B+1.5,16,True,False,False,,-1,28.7618,1000
2026-06-26 18:37:13,131,W+0.5,13,True,False,False,,-1,28.8274,1000
2026-06-26 18:37:41,103,W+0.5,11,True,False,False,,-1,28.7594,1000
2026-06-26 18:38:03,77,B+7.5,4,True,False,False,,-1,28.7048,1000
2026-06-26 18:38:38,119,W+3.5,18,True,False,False,,-1,28.6935,1000
2026-06-26 18:39:08,119,B+0.5,12,True,False,False,,-1,28.7252,1000
2026-06-26 18:39:41,126,B+3.5,13,True,False,False,,-1,28.7619,1000
2026-06-26 18:40:14,117,B+5.5,6,True,False,False,,-1,28.8261,1000
2026-06-26 18:40:46,121,W+0.5,15,True,False,False,,-1,28.8205,1000
2026-06-26 18:41:13,98,B+1.5,6,True,False,False,,-1,28.8291,1000
2026-06-26 18:41:53,139,W+0.5,23,True,False,False,,-1,29.0732,1000
2026-06-26 18:42:33,162,W+22.5,14,True,False,False,,-1,29.1,1000
2026-06-26 18:43:12,130,B+0.5,11,True,False,False,,-1,29.1987,1000
2026-06-26 18:43:27,60,W+8.5,3,True,False,False,,-1,29.0075,1000
2026-06-26 18:43:56,120,B+19.5,16,True,False,False,,-1,28.9942,1000
2026-06-26 18:44:27,110,B+4.5,11,True,False,False,,-1,28.9368,1000
2026-06-26 18:44:58,106,B+4.5,8,True,False,False,,-1,28.8054,1000
2026-06-26 18:45:35,152,B+2.5,25,True,False,False,,-1,28.8413,1000
2026-06-26 18:46:11,133,W+3.5,20,True,False,False,,-1,28.8458,1000
2026-06-26 18:46:54,160,B+16.5,25,True,False,False,,-1,28.9594,1000
2026-06-26 18:47:27,119,W+3.5,10,True,False,False,,-1,28.9898,1000
2026-06-26 18:47:58,113,W+2.5,12,True,False,False,,-1,29.0039,1000
2026-06-26 18:48:19,75,B+4.5,4,True,False,False,,-1,29.1349,1000
2026-06-26 18:48:51,122,B+0.5,13,True,False,False,,-1,29.2873,1000
2026-06-26 18:49:18,106,B+2.5,12,True,False,False,,-1,29.2495,1000
2026-06-26 18:49:50,111,W+1.5,14,True,False,False,,-1,29.139,1000
2026-06-26 18:50:31,141,W+7.5,13,True,False,False,,-1,29.4871,1000
2026-06-26 18:50:56,81,B+1.5,8,True,False,False,,-1,29.5247,1000
2026-06-26 18:51:23,103,W+1.5,14,True,False,False,,-1,29.3701,1000
2026-06-26 18:52:01,143,W+0.5,26,True,False,False,,-1,29.4778,1000
2026-06-26 18:52:30,105,W+1.5,13,True,False,False,,-1,29.5069,1000
2026-06-26 18:53:03,128,W+0.5,14,True,False,False,,-1,29.7712,1000
2026-06-26 18:53:30,102,B+1.5,12,True,False,False,,-1,29.7604,1000
2026-06-26 18:54:04,125,W+2.5,11,True,False,False,,-1,30.0284,1000
2026-06-26 18:54:36,122,B+10.5,16,True,False,False,,-1,30.2576,1000
2026-06-26 18:55:04,104,B+2.5,12,True,False,False,,-1,30.2431,1000
2026-06-26 18:55:09,20,W+7.5,2,True,False,False,,-1,30.0153,1000
2026-06-26 18:55:45,142,W+0.5,19,True,False,False,,-1,30.1639,1000
2026-06-26 18:56:16,112,B+1.5,12,True,False,False,,-1,30.2044,1000
2026-06-26 18:56:44,104,B+3.5,8,True,False,False,,-1,30.2286,1000
2026-06-26 18:57:11,106,B+3.5,10,True,False,False,,-1,30.2337,1000
2026-06-26 18:57:20,34,W+8.5,2,True,False,False,,-1,29.9872,1000
2026-06-26 18:57:50,106,B+4.5,8,True,False,False,,-1,29.9838,1000
2026-06-26 18:58:17,96,B+1.5,11,True,False,False,,-1,29.8824,1000
2026-06-26 18:59:02,162,B+34.5,23,True,False,False,,-1,30.062,1000
2026-06-26 18:59:34,115,W+2.5,16,True,False,False,,-1,30.0332,1000
2026-06-26 19:00:04,109,B+27.5,8,True,False,False,,-1,30.0928,1000
2026-06-26 19:00:35,121,W+2.5,16,True,False,False,,-1,30.0499,1000
2026-06-26 19:01:05,104,B+1.5,9,True,False,False,,-1,30.1491,1000
2026-06-26 19:01:31,111,W+0.5,16,True,False,False,,-1,30.1098,1000
2026-06-26 19:02:00,110,B+0.5,12,True,False,False,,-1,30.1561,1000
2026-06-26 19:02:26,103,W+0.5,12,True,False,False,,-1,30.1184,1000
2026-06-26 19:02:33,24,W+7.5,2,True,False,False,,-1,29.8823,1000
2026-06-26 19:03:11,162,B+15.5,33,True,False,False,,-1,29.9536,1000
2026-06-26 19:03:44,115,W+0.5,14,True,False,False,,-1,30.0163,1000
2026-06-26 19:04:27,161,B+19.5,18,True,False,False,,-1,30.1691,1000
2026-06-26 19:05:05,160,B+7.5,25,True,False,False,,-1,30.2023,1000
2026-06-26 19:05:12,30,W+6.5,2,True,False,False,,-1,30.0258,1000
2026-06-26 19:05:46,124,B+10.5,15,True,False,False,,-1,29.969,1000
2026-06-26 19:06:16,120,B+0.5,11,True,False,False,,-1,29.9013,1000
2026-06-26 19:06:50,119,W+4.5,16,True,False,False,,-1,29.9059,1000
2026-06-26 19:07:16,98,B+1.5,11,True,False,False,,-1,29.815,1000
2026-06-26 19:07:33,58,W+11.5,2,True,False,False,,-1,29.8034,1000
2026-06-26 19:08:01,113,W+12.5,17,True,False,False,,-1,29.7696,1000
2026-06-26 19:08:31,118,B+2.5,16,True,False,False,,-1,29.8067,1000
2026-06-26 19:09:01,114,B+1.5,17,True,False,False,,-1,29.8699,1000
2026-06-26 19:09:44,162,W+6.5,29,True,False,False,,-1,29.9938,1000
2026-06-26 19:10:16,113,W+0.5,16,True,False,False,,-1,30.0693,1000
2026-06-26 19:10:51,132,B+8.5,19,True,False,False,,-1,30.0785,1000
2026-06-26 19:11:15,78,W+5.5,6,True,False,False,,-1,29.9799,1000
2026-06-26 19:11:45,117,W+2.5,12,True,False,False,,-1,30.0063,1000
2026-06-26 19:12:05,69,B+2.5,7,True,False,False,,-1,29.8275,1000
2026-06-26 19:12:46,151,W+2.5,20,True,False,False,,-1,30.0278,1000
2026-06-26 19:13:11,94,B+3.5,13,True,False,False,,-1,29.9937,1000
2026-06-26 19:13:43,115,W+0.5,14,True,False,False,,-1,29.9216,1000
2026-06-26 19:14:09,92,B+1.5,7,True,False,False,,-1,29.8439,1000
2026-06-26 19:14:25,56,W+7.5,2,True,False,False,,-1,29.7042,1000
2026-06-26 19:14:49,95,W+2.5,13,True,False,False,,-1,29.6996,1000
2026-06-26 19:15:09,71,B+6.5,3,True,False,False,,-1,29.7397,1000
2026-06-26 19:15:42,133,B+0.5,19,True,False,False,,-1,29.7919,1000
2026-06-26 19:16:19,138,B+6.5,17,True,False,False,,-1,29.844,1000
2026-06-26 19:16:50,112,B+8.5,12,True,False,False,,-1,29.7639,1000
2026-06-26 19:17:24,126,B+3.5,16,True,False,False,,-1,29.8021,1000
2026-06-26 19:17:48,89,B+15.5,5,True,False,False,,-1,29.7022,1000
2026-06-26 19:18:26,132,B+2.5,13,True,False,False,,-1,29.7867,1000
2026-06-26 19:18:55,111,W+1.5,11,True,False,False,,-1,29.7152,1000
2026-06-26 19:19:04,32,W+7.5,2,True,False,False,,-1,29.5742,1000
2026-06-26 19:19:37,120,B+15.5,19,True,False,False,,-1,29.5528,1000
2026-06-26 19:19:46,38,W+6.5,2,True,False,False,,-1,29.3679,1000
2026-06-26 19:20:16,106,B+0.5,12,True,False,False,,-1,29.2576,1000
2026-06-26 19:20:48,113,W+9.5,8,True,False,False,,-1,29.2358,1000
2026-06-26 19:21:19,120,B+2.5,13,True,False,False,,-1,29.2131,1000
2026-06-26 19:21:49,109,W+0.5,14,True,False,False,,-1,29.2107,1000
2026-06-26 19:22:18,101,B+2.5,8,True,False,False,,-1,29.1309,1000
2026-06-26 19:22:46,99,W+2.5,11,True,False,False,,-1,29.0809,1000
2026-06-26 19:23:13,100,B+2.5,8,True,False,False,,-1,29.2362,1000
2026-06-26 19:23:41,104,B+6.5,10,True,False,False,,-1,29.2401,1000
2026-06-26 19:23:54,52,W+6.5,2,True,False,False,,-1,29.1129,1000
2026-06-26 19:24:15,77,B+0.5,3,True,False,False,,-1,29.0275,1000
2026-06-26 19:24:47,111,W+0.5,8,True,False,False,,-1,29.1967,1000
2026-06-26 19:25:19,126,B+1.5,13,True,False,False,,-1,29.2155,1000
2026-06-26 19:25:54,133,W+0.5,18,True,False,False,,-1,29.2073,1000
2026-06-26 19:26:27,118,B+18.5,11,True,False,False,,-1,29.255,1000
2026-06-26 19:26:55,106,B+2.5,6,True,False,False,,-1,29.3145,1000
2026-06-26 19:27:20,101,W+2.5,12,True,False,False,,-1,29.2245,1000
2026-06-26 19:27:53,119,W+2.5,18,True,False,False,,-1,29.2431,1000
2026-06-26 19:28:05,53,B+6.5,2,True,False,False,,-1,29.0411,1000
2026-06-26 19:28:28,75,B+3.5,2,True,False,False,,-1,28.9386,1000
2026-06-26 19:29:00,119,W+2.5,13,True,False,False,,-1,28.9454,1000
2026-06-26 19:29:32,117,B+27.5,10,True,False,False,,-1,28.9813,1000
2026-06-26 19:29:53,72,W+14.5,3,True,False,False,,-1,28.8027,1000
2026-06-26 19:30:21,104,B+12.5,7,True,False,False,,-1,28.6779,1000
2026-06-26 19:30:50,101,W+0.5,9,True,False,False,,-1,28.5749,1000
2026-06-26 19:31:20,109,W+2.5,9,True,False,False,,-1,28.7315,1000
2026-06-26 19:31:52,112,B+1.5,10,True,False,False,,-1,28.7494,1000
2026-06-26 19:32:10,66,W+1.5,2,True,False,False,,-1,28.6232,1000
2026-06-26 19:32:26,58,W+10.5,4,True,False,False,,-1,28.4849,1000
2026-06-26 19:32:36,36,W+7.5,2,True,False,False,,-1,28.2111,1000
2026-06-26 19:33:08,112,B+2.5,13,True,False,False,,-1,28.1645,1000
2026-06-26 19:33:39,111,W+2.5,12,True,False,False,,-1,28.0451,1000
2026-06-26 19:34:07,104,W+0.5,8,True,False,False,,-1,28.0047,1000
2026-06-26 19:34:36,107,B+4.5,8,True,False,False,,-1,27.9781,1000
2026-06-26 19:35:07,122,B+8.5,12,True,False,False,,-1,28.0789,1000
2026-06-26 19:35:37,106,B+1.5,8,True,False,False,,-1,28.0628,1000
2026-06-26 19:35:58,77,B+2.5,2,True,False,False,,-1,28.0041,1000
2026-06-26 19:36:20,71,B+6.5,2,True,False,False,,-1,27.8918,1000
2026-06-26 19:37:02,139,W+1.5,17,True,False,False,,-1,27.9017,1000
2026-06-26 19:37:29,105,B+3.5,8,True,False,False,,-1,27.9281,1000
2026-06-26 19:37:58,116,B+1.5,15,True,False,False,,-1,27.9537,1000
2026-06-26 19:38:07,34,W+7.5,2,True,False,False,,-1,27.6564,1000
2026-06-26 19:38:41,136,B+3.5,15,True,False,False,,-1,27.7054,1000
2026-06-26 19:39:12,117,W+8.5,17,True,False,False,,-1,27.6954,1000
2026-06-26 19:39:39,102,B+8.5,12,True,False,False,,-1,27.6803,1000
2026-06-26 19:40:16,143,W+0.5,24,True,False,False,,-1,27.712,1000
2026-06-26 19:40:49,112,B+3.5,18,True,False,False,,-1,27.7272,1000
2026-06-26 19:41:20,121,B+10.5,16,True,False,False,,-1,27.7549,1000
2026-06-26 19:41:55,131,W+1.5,19,True,False,False,,-1,28.0607,1000
2026-06-26 19:42:26,117,W+2.5,16,True,False,False,,-1,28.0048,1000
2026-06-26 19:43:06,162,W+29.5,25,True,False,False,,-1,28.0962,1000
2026-06-26 19:43:33,102,W+4.5,13,True,False,False,,-1,28.0843,1000
2026-06-26 19:44:09,147,B+3.5,25,True,False,False,,-1,28.1825,1000
2026-06-26 19:44:34,101,W+0.5,14,True,False,False,,-1,28.3337,1000
2026-06-26 19:45:01,112,B+22.5,10,True,False,False,,-1,28.3006,1000
2026-06-26 19:45:44,160,B+15.5,29,True,False,False,,-1,28.4711,1000
2026-06-26 19:46:12,105,W+3.5,16,True,False,False,,-1,28.2938,1000
2026-06-26 19:46:50,139,W+10.5,19,True,False,False,,-1,28.3553,1000
2026-06-26 19:49:42,96,W+3.5,9,True,False,False,,-1,28.4176,2000
2026-06-26 19:50:12,119,B+0.5,14,True,False,False,,-1,28.4212,2000
2026-06-26 19:50:44,120,B+1.5,20,True,False,False,,-1,28.4827,2000
2026-06-26 19:51:14,105,W+1.5,13,True,False,False,,-1,28.4857,2000
2026-06-26 19:51:40,87,W+0.5,8,True,False,False,,-1,28.4768,2000
2026-06-26 19:52:01,87,W+3.5,6,True,False,False,,-1,28.6208,2000
2026-06-26 19:52:26,100,W+0.5,10,True,False,False,,-1,28.4941,2000
2026-06-26 19:53:02,152,W+0.5,17,True,False,False,,-1,28.5232,2000
2026-06-26 19:53:33,126,B+6.5,18,True,False,False,,-1,28.3977,2000
2026-06-26 19:54:01,105,B+2.5,16,True,False,False,,-1,28.301,2000
2026-06-26 19:54:35,127,W+7.5,24,True,False,False,,-1,28.5728,2000
2026-06-26 19:55:03,108,B+4.5,14,True,False,False,,-1,28.5159,2000
2026-06-26 19:55:40,148,W+2.5,22,True,False,False,,-1,28.5847,2000
2026-06-26 19:56:05,101,B+5.5,18,True,False,False,,-1,28.5029,2000
2026-06-26 19:56:37,126,B+1.5,16,True,False,False,,-1,28.5495,2000
2026-06-26 19:57:07,116,W+4.5,15,True,False,False,,-1,28.6847,2000
2026-06-26 19:57:36,119,B+0.5,8,True,False,False,,-1,28.7052,2000
2026-06-26 19:58:06,122,B+1.5,18,True,False,False,,-1,28.6988,2000
2026-06-26 19:58:33,101,W+3.5,11,True,False,False,,-1,28.6656,2000
2026-06-26 19:58:59,103,W+2.5,16,True,False,False,,-1,28.4934,2000
2026-06-26 19:59:29,113,W+5.5,17,True,False,False,,-1,28.4727,2000
2026-06-26 20:00:02,128,W+2.5,17,True,False,False,,-1,28.4496,2000
2026-06-26 20:00:37,149,W+0.5,24,True,False,False,,-1,28.5696,2000
2026-06-26 20:01:04,97,W+3.5,9,True,False,False,,-1,28.536,2000
2026-06-26 20:01:36,120,W+0.5,16,True,False,False,,-1,28.6538,2000
2026-06-26 20:02:08,143,B+1.5,19,True,False,False,,-1,28.5722,2000
2026-06-26 20:02:46,158,W+2.5,27,True,False,False,,-1,28.6907,2000
2026-06-26 20:03:14,102,B+4.5,12,True,False,False,,-1,28.6533,2000
2026-06-26 20:03:40,108,B+4.5,17,True,False,False,,-1,28.6587,2000
2026-06-26 20:04:07,106,B+1.5,12,True,False,False,,-1,28.7695,2000
2026-06-26 20:04:32,100,B+2.5,11,True,False,False,,-1,28.7725,2000
2026-06-26 20:04:57,90,B+6.5,13,True,False,False,,-1,28.8285,2000
2026-06-26 20:05:31,128,B+0.5,18,True,False,False,,-1,28.8317,2000
2026-06-26 20:05:59,117,W+2.5,17,True,False,False,,-1,28.7374,2000
2026-06-26 20:06:30,113,W+1.5,18,True,False,False,,-1,28.7474,2000
2026-06-26 20:07:14,162,W+0.5,30,True,False,False,,-1,28.8516,2000
2026-06-26 20:07:41,100,W+0.5,12,True,False,False,,-1,28.8767,2000
2026-06-26 20:08:14,129,B+1.5,19,True,False,False,,-1,28.8207,2000
2026-06-26 20:08:53,151,W+4.5,28,True,False,False,,-1,28.9173,2000
2026-06-26 20:09:22,117,W+4.5,14,True,False,False,,-1,29.1271,2000
2026-06-26 20:09:31,38,W+9.5,2,True,False,False,,-1,28.8895,2000
2026-06-26 20:09:42,38,W+7.5,2,True,False,False,,-1,28.9047,2000
2026-06-26 20:10:13,110,B+2.5,13,True,False,False,,-1,28.9199,2000
2026-06-26 20:10:44,116,B+2.5,20,True,False,False,,-1,28.8988,2000
2026-06-26 20:11:11,104,B+3.5,14,True,False,False,,-1,28.8593,2000
2026-06-26 20:11:44,154,B+4.5,31,True,False,False,,-1,28.8971,2000
2026-06-26 20:12:13,115,W+0.5,15,True,False,False,,-1,28.8954,2000
2026-06-26 20:12:36,95,W+0.5,6,True,False,False,,-1,28.8466,2000
2026-06-26 20:13:02,85,B+3.5,6,True,False,False,,-1,28.8387,2000
2026-06-26 20:13:31,109,W+11.5,11,True,False,False,,-1,28.8475,2000
2026-06-26 20:14:00,115,W+0.5,23,True,False,False,,-1,29.0025,2000
2026-06-26 20:14:40,161,W+4.5,31,True,False,False,,-1,29.1931,2000
2026-06-26 20:15:10,114,B+5.5,12,True,False,False,,-1,29.1815,2000
2026-06-26 20:15:34,91,W+2.5,8,True,False,False,,-1,29.0943,2000
2026-06-26 20:16:06,127,B+3.5,20,True,False,False,,-1,29.0632,2000
2026-06-26 20:16:13,22,W+7.5,2,True,False,False,,-1,28.8015,2000
2026-06-26 20:16:39,104,W+1.5,9,True,False,False,,-1,28.7865,2000
2026-06-26 20:17:08,111,W+0.5,14,True,False,False,,-1,28.8245,2000
2026-06-26 20:17:47,151,W+0.5,21,True,False,False,,-1,28.8853,2000
2026-06-26 20:18:18,115,B+4.5,13,True,False,False,,-1,29.0745,2000
2026-06-26 20:18:43,95,W+5.5,11,True,False,False,,-1,29.0973,2000
2026-06-26 20:19:14,120,B+2.5,21,True,False,False,,-1,29.078,2000
2026-06-26 20:19:45,124,B+3.5,16,True,False,False,,-1,29.0785,2000
2026-06-26 20:20:17,123,W+0.5,15,True,False,False,,-1,29.1836,2000
2026-06-26 20:20:21,20,W+7.5,2,True,False,False,,-1,28.9437,2000
2026-06-26 20:20:46,100,B+0.5,8,True,False,False,,-1,28.9155,2000
2026-06-26 20:20:56,38,W+8.5,2,True,False,False,,-1,28.7036,2000
2026-06-26 20:21:34,162,W+3.5,33,True,False,False,,-1,28.7682,2000
2026-06-26 20:22:07,129,B+0.5,21,True,False,False,,-1,28.9154,2000
2026-06-26 20:22:31,97,W+1.5,9,True,False,False,,-1,28.9944,2000
2026-06-26 20:23:06,132,W+3.5,21,True,False,False,,-1,29.2476,2000
2026-06-26 20:23:32,109,W+0.5,15,True,False,False,,-1,29.1866,2000
2026-06-26 20:24:08,150,B+1.5,25,True,False,False,,-1,29.2395,2000
2026-06-26 20:24:46,150,W+3.5,33,True,False,False,,-1,29.3302,2000
2026-06-26 20:25:20,157,B+2.5,30,True,False,False,,-1,29.3906,2000
2026-06-26 20:25:52,118,B+1.5,17,True,False,False,,-1,29.4016,2000
2026-06-26 20:26:17,86,B+4.5,5,True,False,False,,-1,29.3406,2000
2026-06-26 20:26:48,129,W+1.5,15,True,False,False,,-1,29.4383,2000
2026-06-26 20:27:16,109,W+1.5,14,True,False,False,,-1,29.506,2000
2026-06-26 20:27:24,30,W+7.5,2,True,False,False,,-1,29.1657,2000
2026-06-26 20:27:35,45,B+1.5,2,True,False,False,,-1,29.0047,2000
2026-06-26 20:28:04,112,B+2.5,18,True,False,False,,-1,29.0028,2000
2026-06-26 20:28:31,106,B+0.5,14,True,False,False,,-1,29.1862,2000
2026-06-26 20:29:00,110,B+1.5,14,True,False,False,,-1,29.131,2000
2026-06-26 20:29:33,124,B+10.5,20,True,False,False,,-1,29.1522,2000
2026-06-26 20:30:06,124,B+0.5,12,True,False,False,,-1,29.2219,2000
2026-06-26 20:30:39,132,B+3.5,18,True,False,False,,-1,29.1757,2000
2026-06-26 20:31:11,125,W+1.5,16,True,False,False,,-1,29.1664,2000
2026-06-26 20:31:38,98,B+0.5,11,True,False,False,,-1,29.1266,2000
2026-06-26 20:31:48,36,W+7.5,2,True,False,False,,-1,28.8742,2000
2026-06-26 20:32:15,104,B+6.5,13,True,False,False,,-1,28.8389,2000
2026-06-26 20:32:43,113,B+1.5,18,True,False,False,,-1,28.719,2000
2026-06-26 20:33:12,116,B+1.5,15,True,False,False,,-1,28.7381,2000
2026-06-26 20:33:47,143,W+3.5,26,True,False,False,,-1,28.7214,2000
2026-06-26 20:34:15,106,B+1.5,13,True,False,False,,-1,28.7582,2000
2026-06-26 20:34:20,22,W+7.5,2,True,False,False,,-1,28.5345,2000
2026-06-26 20:34:51,124,B+1.5,18,True,False,False,,-1,28.417,2000
2026-06-26 20:35:16,96,B+4.5,8,True,False,False,,-1,28.3864,2000
2026-06-26 20:35:45,114,W+2.5,10,True,False,False,,-1,28.2964,2000
2026-06-26 20:36:09,89,B+3.5,7,True,False,False,,-1,28.1539,2000
2026-06-26 20:36:40,132,W+1.5,20,True,False,False,,-1,28.1708,2000
2026-06-26 20:37:02,89,W+3.5,10,True,False,False,,-1,28.0959,2000
2026-06-26 20:37:44,161,W+2.5,36,True,False,False,,-1,28.1899,2000
2026-06-26 20:38:22,159,B+2.5,31,True,False,False,,-1,28.279,2000
2026-06-26 20:38:50,105,B+1.5,12,True,False,False,,-1,28.303,2000
2026-06-26 20:39:06,67,B+2.5,9,True,False,False,,-1,28.2499,2000
2026-06-26 20:39:46,162,B+8.5,31,True,False,False,,-1,28.3941,2000
2026-06-26 20:40:11,107,B+2.5,13,True,False,False,,-1,28.2949,2000
2026-06-26 20:40:45,132,W+1.5,18,True,False,False,,-1,28.3178,2000
2026-06-26 20:41:07,91,B+4.5,9,True,False,False,,-1,28.2633,2000
2026-06-26 20:41:32,91,B+2.5,12,True,False,False,,-1,28.1658,2000
2026-06-26 20:42:00,101,B+2.5,14,True,False,False,,-1,28.1736,2000
2026-06-26 20:42:39,161,W+12.5,36,True,False,False,,-1,28.1823,2000
2026-06-26 20:43:07,105,B+1.5,11,True,False,False,,-1,28.2101,2000
2026-06-26 20:43:30,88,B+5.5,9,True,False,False,,-1,28.1323,2000
2026-06-26 20:43:57,100,B+1.5,5,True,False,False,,-1,28.1032,2000
2026-06-26 20:44:31,127,B+3.5,13,True,False,False,,-1,28.1412,2000
2026-06-26 20:45:01,114,B+1.5,19,True,False,False,,-1,28.1429,2000
2026-06-26 20:45:27,89,W+2.5,10,True,False,False,,-1,28.1311,2000
2026-06-26 20:45:58,112,B+4.5,15,True,False,False,,-1,28.183,2000
2026-06-26 20:46:22,94,W+3.5,11,True,False,False,,-1,28.125,2000
2026-06-26 20:46:50,98,B+4.5,4,True,False,False,,-1,28.0784,2000
2026-06-26 20:47:13,98,B+2.5,11,True,False,False,,-1,27.9509,2000
2026-06-26 20:47:39,98,B+16.5,10,True,False,False,,-1,27.953,2000
2026-06-26 20:48:01,89,B+3.5,8,True,False,False,,-1,27.8563,2000
2026-06-26 20:48:34,123,W+7.5,17,True,False,False,,-1,27.855,2000
2026-06-26 20:48:59,101,W+2.5,14,True,False,False,,-1,27.7346,2000
2026-06-26 20:49:30,113,B+0.5,13,True,False,False,,-1,27.7633,2000
2026-06-26 20:49:59,112,B+1.5,14,True,False,False,,-1,27.7883,2000
2026-06-26 20:50:28,110,B+2.5,12,True,False,False,,-1,27.8079,2000
2026-06-26 20:50:58,119,W+0.5,19,True,False,False,,-1,27.8615,2000
2026-06-26 20:51:32,131,B+2.5,24,True,False,False,,-1,27.9475,2000
2026-06-26 20:52:03,112,B+2.5,18,True,False,False,,-1,27.9177,2000
2026-06-26 20:52:32,124,W+1.5,23,True,False,False,,-1,27.9319,2000
2026-06-26 20:52:59,107,B+2.5,19,True,False,False,,-1,27.891,2000
2026-06-26 20:53:18,78,W+2.5,5,True,False,False,,-1,27.6365,2000
2026-06-26 20:53:46,108,B+2.5,16,True,False,False,,-1,27.6511,2000
2026-06-26 20:54:28,162,B+7.5,28,True,False,False,,-1,27.7411,2000
2026-06-26 20:54:56,107,B+1.5,13,True,False,False,,-1,27.6276,2000
2026-06-26 20:55:21,99,B+2.5,9,True,False,False,,-1,27.5928,2000
2026-06-26 20:55:45,93,B+4.5,10,True,False,False,,-1,27.7284,2000
2026-06-26 20:55:56,38,W+10.5,2,True,False,False,,-1,27.7341,2000
2026-06-26 20:56:25,113,B+1.5,14,True,False,False,,-1,27.712,2000
2026-06-26 20:56:54,114,W+2.5,16,True,False,False,,-1,27.6975,2000
2026-06-26 20:57:19,92,B+4.5,7,True,False,False,,-1,27.6852,2000
2026-06-26 20:57:59,162,W+0.5,28,True,False,False,,-1,27.7403,2000
2026-06-26 20:58:16,72,W+4.5,11,True,False,False,,-1,27.6349,2000
2026-06-26 20:58:49,120,B+4.5,13,True,False,False,,-1,27.7218,2000
2026-06-26 20:59:15,110,B+11.5,15,True,False,False,,-1,27.7317,2000
2026-06-26 20:59:43,109,B+1.5,19,True,False,False,,-1,27.7184,2000
2026-06-26 21:00:08,96,B+3.5,13,True,False,False,,-1,27.6811,2000
2026-06-26 21:00:46,141,B+3.5,24,True,False,False,,-1,27.6589,2000
2026-06-26 21:01:14,115,B+6.5,20,True,False,False,,-1,27.6362,2000
2026-06-26 21:01:47,140,B+7.5,31,True,False,False,,-1,27.728,2000
2026-06-26 21:02:22,133,W+2.5,22,True,False,False,,-1,27.7601,2000
2026-06-26 21:02:51,107,W+1.5,16,True,False,False,,-1,27.9765,2000
2026-06-26 21:03:19,116,W+2.5,8,True,False,False,,-1,28.0018,2000
2026-06-26 21:03:50,124,B+0.5,14,True,False,False,,-1,28.0183,2000
2026-06-26 21:04:07,67,B+0.5,6,True,False,False,,-1,27.8013,2000
2026-06-26 21:04:38,113,B+2.5,18,True,False,False,,-1,27.7898,2000
2026-06-26 21:05:07,120,B+1.5,21,True,False,False,,-1,27.8372,2000
2026-06-26 21:05:46,158,B+2.5,24,True,False,False,,-1,27.9216,2000
2026-06-26 21:06:16,116,W+2.5,13,True,False,False,,-1,27.9067,2000
2026-06-26 21:06:44,122,B+4.5,20,True,False,False,,-1,27.8699,2000
2026-06-26 21:07:23,161,W+4.5,41,True,False,False,,-1,28.2184,2000
2026-06-26 21:08:01,139,W+2.5,23,True,False,False,,-1,28.3442,2000
2026-06-26 21:08:35,131,W+0.5,20,True,False,False,,-1,28.5867,2000
2026-06-26 21:09:05,117,B+4.5,13,True,False,False,,-1,28.5108,2000
2026-06-26 21:09:41,128,B+0.5,16,True,False,False,,-1,28.5373,2000
2026-06-26 21:09:51,34,W+7.5,2,True,False,False,,-1,28.3925,2000
2026-06-26 21:10:21,127,W+0.5,23,True,False,False,,-1,28.3437,2000
2026-06-26 21:10:48,113,B+1.5,14,True,False,False,,-1,28.3637,2000
2026-06-26 21:11:15,99,W+0.5,9,True,False,False,,-1,28.2662,2000
2026-06-26 21:11:43,116,B+4.5,18,True,False,False,,-1,28.1665,2000
2026-06-26 21:12:15,119,B+0.5,13,True,False,False,,-1,28.1421,2000
2026-06-26 21:12:42,101,W+1.5,13,True,False,False,,-1,28.0981,2000
2026-06-26 21:13:12,109,W+1.5,15,True,False,False,,-1,28.1512,2000
2026-06-26 21:13:42,112,B+0.5,10,True,False,False,,-1,28.1457,2000
2026-06-26 21:14:12,117,B+3.5,21,True,False,False,,-1,28.161,2000
2026-06-26 21:14:20,26,W+7.5,2,True,False,False,,-1,28.1566,2000
2026-06-26 21:14:59,160,B+5.5,35,True,False,False,,-1,28.4444,2000
2026-06-26 21:15:29,119,B+5.5,15,True,False,False,,-1,28.4511,2000
2026-06-26 21:16:01,135,B+1.5,20,True,False,False,,-1,28.5017,2000
2026-06-26 21:16:29,103,W+5.5,17,True,False,False,,-1,28.4964,2000
2026-06-26 21:17:05,147,W+11.5,31,True,False,False,,-1,28.5182,2000
2026-06-26 21:17:41,138,B+2.5,23,True,False,False,,-1,28.5427,2000
2026-06-26 21:18:08,115,W+2.5,16,True,False,False,,-1,28.4872,2000
2026-06-26 21:18:25,62,W+9.5,3,True,False,False,,-1,28.3444,2000
2026-06-26 21:18:48,90,B+3.5,4,True,False,False,,-1,28.303,2000
2026-06-26 21:19:16,110,B+4.5,12,True,False,False,,-1,28.4823,2000
2026-06-26 21:19:49,132,B+5.5,17,True,False,False,,-1,28.5315,2000
2026-06-26 21:20:15,109,B+3.5,10,True,False,False,,-1,28.5199,2000
2026-06-26 21:20:41,109,W+1.5,19,True,False,False,,-1,28.4849,2000
2026-06-26 21:21:17,145,W+5.5,30,True,False,False,,-1,28.4972,2000
2026-06-26 21:21:45,113,W+0.5,19,True,False,False,,-1,28.5005,2000
2026-06-26 21:22:15,123,B+1.5,19,True,False,False,,-1,28.7561,2000
2026-06-26 21:22:41,98,B+0.5,7,True,False,False,,-1,28.6961,2000
2026-06-26 21:23:05,95,W+5.5,8,True,False,False,,-1,28.6884,2000
2026-06-26 21:23:36,125,W+2.5,24,True,False,False,,-1,28.7125,2000
2026-06-26 21:24:07,119,W+2.5,17,True,False,False,,-1,28.7753,2000
2026-06-26 21:24:34,110,B+1.5,10,True,False,False,,-1,28.745,2000
2026-06-26 21:25:06,117,B+1.5,17,True,False,False,,-1,28.8321,2000
2026-06-26 21:25:34,113,W+2.5,14,True,False,False,,-1,28.7026,2000
2026-06-26 21:25:56,85,B+4.5,6,True,False,False,,-1,28.5296,2000
2026-06-26 21:26:25,100,B+2.5,7,True,False,False,,-1,28.5449,2000
2026-06-26 21:26:54,114,B+1.5,12,True,False,False,,-1,28.6815,2000
2026-06-26 21:27:17,84,B+2.5,5,True,False,False,,-1,28.5126,2000
2026-06-26 21:27:44,106,W+1.5,10,True,False,False,,-1,28.5272,2000
2026-06-26 21:28:12,100,B+0.5,6,True,False,False,,-1,28.4666,2000
2026-06-26 21:28:39,107,W+3.5,11,True,False,False,,-1,28.5183,2000
2026-06-26 21:29:08,102,W+2.5,8,True,False,False,,-1,28.5577,2000
2026-06-26 21:29:35,111,W+1.5,17,True,False,False,,-1,28.5414,2000
2026-06-26 21:29:57,85,B+0.5,5,True,False,False,,-1,28.378,2000
2026-06-26 21:30:37,162,B+19.5,29,True,False,False,,-1,28.4987,2000
2026-06-26 21:31:01,103,W+1.5,17,True,False,False,,-1,28.507,2000
2026-06-26 21:31:29,113,W+0.5,15,True,False,False,,-1,28.5181,2000
2026-06-26 21:31:54,98,W+3.5,9,True,False,False,,-1,28.4326,2000
2026-06-26 21:32:21,103,W+1.5,14,True,False,False,,-1,28.4045,2000
2026-06-26 21:32:47,105,W+2.5,11,True,False,False,,-1,28.4012,2000
2026-06-26 21:33:16,106,W+1.5,12,True,False,False,,-1,28.378,2000
2026-06-26 21:33:41,97,B+2.5,9,True,False,False,,-1,28.387,2000
2026-06-26 21:34:08,109,B+3.5,11,True,False,False,,-1,28.3784,2000
2026-06-26 21:34:37,108,B+3.5,11,True,False,False,,-1,28.4368,2000
2026-06-26 21:34:58,82,B+5.5,10,True,False,False,,-1,28.3867,2000
2026-06-26 21:35:32,129,B+2.5,19,True,False,False,,-1,28.4999,2000
2026-06-26 21:36:03,111,B+1.5,22,True,False,False,,-1,28.4859,2000
2026-06-26 21:36:27,103,B+7.5,13,True,False,False,,-1,28.475,2000
2026-06-26 21:36:56,113,B+3.5,16,True,False,False,,-1,28.4605,2000
2026-06-26 21:37:23,108,W+2.5,14,True,False,False,,-1,28.4329,2000
2026-06-26 21:37:53,109,B+4.5,11,True,False,False,,-1,28.4393,2000
2026-06-26 21:38:22,115,W+0.5,15,True,False,False,,-1,28.4376,2000
2026-06-26 21:38:49,112,B+1.5,18,True,False,False,,-1,28.3668,2000
2026-06-26 21:39:35,162,B+3.5,32,True,False,False,,-1,28.5193,2000
2026-06-26 21:40:04,114,B+3.5,19,True,False,False,,-1,28.5186,2000
2026-06-26 21:40:34,132,W+3.5,15,True,False,False,,-1,28.5473,2000
2026-06-26 21:41:06,115,W+0.5,15,True,False,False,,-1,28.6748,2000
2026-06-26 21:41:40,137,W+1.5,24,True,False,False,,-1,28.743,2000
2026-06-26 21:42:08,112,B+1.5,14,True,False,False,,-1,28.5933,2000
2026-06-26 21:42:35,108,B+4.5,16,True,False,False,,-1,28.5945,2000
2026-06-26 21:43:04,114,B+2.5,16,True,False,False,,-1,28.622,2000
2026-06-26 21:43:33,113,B+1.5,13,True,False,False,,-1,28.6814,2000
2026-06-26 21:44:01,114,B+4.5,11,True,False,False,,-1,28.8536,2000
2026-06-26 21:44:34,128,B+1.5,18,True,False,False,,-1,28.8921,2000
2026-06-26 21:45:05,113,B+1.5,16,True,False,False,,-1,28.9117,2000
2026-06-26 21:45:38,134,B+4.5,20,True,False,False,,-1,28.9857,2000
2026-06-26 21:46:15,145,B+3.5,23,True,False,False,,-1,28.9659,2000
2026-06-26 21:46:41,101,B+1.5,5,True,False,False,,-1,29.0445,2000
2026-06-26 21:47:09,101,W+1.5,13,True,False,False,,-1,28.9975,2000
2026-06-26 21:47:41,125,B+3.5,14,True,False,False,,-1,29.052,2000
2026-06-26 21:48:11,125,W+0.5,11,True,False,False,,-1,29.0799,2000
2026-06-26 21:48:47,140,B+1.5,13,True,False,False,,-1,29.1826,2000
2026-06-26 21:48:58,34,W+7.5,2,True,False,False,,-1,28.911,2000
2026-06-26 21:49:26,108,B+4.5,17,True,False,False,,-1,28.9129,2000
2026-06-26 21:49:52,108,W+1.5,16,True,False,False,,-1,28.8442,2000
2026-06-26 21:50:17,99,W+2.5,9,True,False,False,,-1,28.7507,2000
2026-06-26 21:50:44,105,B+1.5,13,True,False,False,,-1,28.7327,2000
2026-06-26 21:51:15,128,B+1.5,23,True,False,False,,-1,28.7597,2000
2026-06-26 21:51:34,65,B+0.5,9,True,False,False,,-1,28.6358,2000
2026-06-26 21:51:57,87,W+3.5,8,True,False,False,,-1,28.6905,2000
2026-06-26 21:52:27,120,B+5.5,19,True,False,False,,-1,28.69,2000
2026-06-26 21:53:04,138,B+1.5,17,True,False,False,,-1,28.7718,2000
2026-06-26 21:53:45,162,W+7.5,31,True,False,False,,-1,28.7858,2000
2026-06-26 21:54:11,102,B+2.5,9,True,False,False,,-1,28.7481,2000
2026-06-26 21:54:34,93,B+1.5,11,True,False,False,,-1,28.6939,2000
2026-06-26 21:55:07,129,B+3.5,18,True,False,False,,-1,28.6365,2000
2026-06-26 21:55:41,129,W+1.5,20,True,False,False,,-1,28.5995,2000
2026-06-26 21:56:16,141,B+5.5,18,True,False,False,,-1,28.6113,2000
2026-06-26 21:56:47,122,W+3.5,12,True,False,False,,-1,28.6168,2000
2026-06-26 21:57:19,124,B+0.5,16,True,False,False,,-1,28.5789,2000
2026-06-26 21:57:47,105,W+4.5,15,True,False,False,,-1,28.7647,2000
2026-06-26 21:58:14,103,W+5.5,15,True,False,False,,-1,28.7321,2000
2026-06-26 21:58:40,91,B+5.5,13,True,False,False,,-1,28.7145,2000
2026-06-26 21:59:07,118,B+3.5,13,True,False,False,,-1,28.7167,2000
2026-06-26 21:59:31,96,W+0.5,9,True,False,False,,-1,28.6836,2000
2026-06-26 21:59:59,108,B+0.5,10,True,False,False,,-1,28.6415,2000
2026-06-26 22:00:26,111,W+2.5,13,True,False,False,,-1,28.6362,2000
2026-06-26 22:00:54,102,B+6.5,13,True,False,False,,-1,28.6142,2000
2026-06-26 22:01:01,28,W+7.5,2,True,False,False,,-1,28.3863,2000
2026-06-26 22:01:30,112,B+0.5,17,True,False,False,,-1,28.3722,2000
2026-06-26 22:02:00,125,B+4.5,21,True,False,False,,-1,28.5986,2000
2026-06-26 22:02:26,106,B+1.5,10,True,False,False,,-1,28.4627,2000
2026-06-26 22:02:55,107,W+0.5,20,True,False,False,,-1,28.4582,2000
2026-06-26 22:03:28,133,W+1.5,26,True,False,False,,-1,28.4699,2000
2026-06-26 22:04:11,162,W+7.5,34,True,False,False,,-1,28.6124,2000
2026-06-26 22:04:43,131,B+2.5,26,True,False,False,,-1,28.5717,2000
2026-06-26 22:05:11,117,W+1.5,13,True,False,False,,-1,28.5041,2000
2026-06-26 22:05:47,143,B+3.5,22,True,False,False,,-1,28.5863,2000
2026-06-26 22:06:26,153,W+2.5,32,True,False,False,,-1,28.807,2000
2026-06-26 22:06:55,116,B+3.5,19,True,False,False,,-1,28.8611,2000
2026-06-26 22:07:10,58,W+1.5,4,True,False,False,,-1,28.7337,2000
2026-06-26 22:07:34,91,B+4.5,9,True,False,False,,-1,28.6475,2000
2026-06-26 22:07:45,40,W+8.5,2,True,False,False,,-1,28.4924,2000
2026-06-26 22:08:19,147,W+0.5,27,True,False,False,,-1,28.5857,2000
2026-06-26 22:08:47,101,B+2.5,6,True,False,False,,-1,28.4976,2000
2026-06-26 22:09:14,102,W+3.5,14,True,False,False,,-1,28.4871,2000
2026-06-26 22:09:40,107,W+3.5,11,True,False,False,,-1,28.4415,2000
2026-06-26 22:10:20,162,B+35.5,11,True,False,False,,-1,28.5848,2000
2026-06-26 22:10:39,71,B+12.5,6,True,False,False,,-1,28.5374,2000
2026-06-26 22:11:17,162,W+11.5,29,True,False,False,,-1,28.6042,2000
2026-06-26 22:11:44,102,W+1.5,12,True,False,False,,-1,28.5692,2000
2026-06-26 22:12:24,162,W+8.5,29,True,False,False,,-1,28.693,2000
2026-06-26 22:12:51,101,B+2.5,5,True,False,False,,-1,28.6486,2000
2026-06-26 22:12:56,22,W+7.5,2,True,False,False,,-1,28.4171,2000
2026-06-26 22:13:28,122,B+2.5,18,True,False,False,,-1,28.5212,2000
2026-06-26 22:13:56,107,W+2.5,15,True,False,False,,-1,28.5081,2000
2026-06-26 22:14:27,134,B+2.5,27,True,False,False,,-1,28.5203,2000
2026-06-26 22:14:55,112,B+4.5,17,True,False,False,,-1,28.5791,2000
2026-06-26 22:15:23,116,W+2.5,17,True,False,False,,-1,28.5904,2000
2026-06-26 22:15:55,132,B+9.5,24,True,False,False,,-1,28.6309,2000
2026-06-26 22:16:24,115,W+1.5,15,True,False,False,,-1,28.6389,2000
2026-06-26 22:16:47,91,B+1.5,10,True,False,False,,-1,28.5899,2000
2026-06-26 22:17:18,113,B+1.5,12,True,False,False,,-1,28.6252,2000
2026-06-26 22:17:42,92,B+1.5,5,True,False,False,,-1,28.6556,2000
2026-06-26 22:18:11,118,W+0.5,17,True,False,False,,-1,28.5366,2000
2026-06-26 22:18:42,124,B+2.5,12,True,False,False,,-1,28.6112,2000
2026-06-26 22:19:16,137,B+1.5,21,True,False,False,,-1,28.6653,2000
2026-06-26 22:19:45,119,W+4.5,15,True,False,False,,-1,28.7054,2000
2026-06-26 22:20:13,115,B+0.5,18,True,False,False,,-1,28.7101,2000
2026-06-26 22:20:38,104,W+1.5,18,True,False,False,,-1,28.7098,2000
2026-06-26 22:21:09,118,B+2.5,21,True,False,False,,-1,28.7262,2000
2026-06-26 22:21:31,89,B+1.5,6,True,False,False,,-1,28.7046,2000
2026-06-26 22:21:57,96,B+4.5,7,True,False,False,,-1,28.6926,2000
2026-06-26 22:22:37,155,B+0.5,28,True,False,False,,-1,28.8004,2000
2026-06-26 22:23:03,106,W+1.5,13,True,False,False,,-1,28.8482,2000
2026-06-26 22:23:29,102,B+1.5,15,True,False,False,,-1,28.7656,2000
2026-06-26 22:23:56,105,W+0.5,14,True,False,False,,-1,28.7316,2000
2026-06-26 22:24:22,105,B+3.5,10,True,False,False,,-1,28.7498,2000
2026-06-26 22:24:55,140,B+0.5,18,True,False,False,,-1,28.784,2000
2026-06-26 22:25:29,136,B+2.5,13,True,False,False,,-1,28.8546,2000
2026-06-26 22:26:07,151,B+0.5,17,True,False,False,,-1,28.9376,2000
2026-06-26 22:26:37,117,W+0.5,13,True,False,False,,-1,28.9425,2000
2026-06-26 22:27:04,112,B+0.5,22,True,False,False,,-1,28.9465,2000
2026-06-26 22:27:36,122,B+0.5,16,True,False,False,,-1,28.8146,2000
2026-06-26 22:28:14,143,B+3.5,27,True,False,False,,-1,28.8922,2000
2026-06-26 22:28:42,102,W+2.5,14,True,False,False,,-1,28.8751,2000
2026-06-26 22:29:10,109,B+2.5,17,True,False,False,,-1,28.8412,2000
2026-06-26 22:29:37,116,B+2.5,21,True,False,False,,-1,28.7611,2000
2026-06-26 22:29:46,32,W+7.5,2,True,False,False,,-1,28.583,2000
2026-06-26 22:30:14,111,W+0.5,10,True,False,False,,-1,28.5846,2000
2026-06-26 22:30:32,65,B+2.5,5,True,False,False,,-1,28.474,2000
2026-06-26 22:31:04,123,W+3.5,14,True,False,False,,-1,28.5081,2000
2026-06-26 22:31:29,97,W+0.5,8,True,False,False,,-1,28.4699,2000
2026-06-26 22:32:01,122,B+0.5,15,True,False,False,,-1,28.4678,2000
2026-06-26 22:32:26,96,B+4.5,10,True,False,False,,-1,28.4071,2000
2026-06-26 22:32:54,110,B+0.5,14,True,False,False,,-1,28.3583,2000
2026-06-26 22:33:30,162,B+5.5,32,True,False,False,,-1,28.3419,2000
2026-06-26 22:34:04,125,W+2.5,20,True,False,False,,-1,28.4222,2000
2026-06-26 22:34:32,107,B+2.5,13,True,False,False,,-1,28.4316,2000
2026-06-26 22:34:55,91,W+2.5,9,True,False,False,,-1,28.3446,2000
2026-06-26 22:35:29,132,B+2.5,22,True,False,False,,-1,28.3769,2000
2026-06-26 22:35:46,65,B+3.5,4,True,False,False,,-1,28.1905,2000
2026-06-26 22:36:17,132,B+1.5,19,True,False,False,,-1,28.3885,2000
2026-06-26 22:36:48,141,W+0.5,28,True,False,False,,-1,28.4197,2000
2026-06-26 22:37:19,125,W+0.5,19,True,False,False,,-1,28.4653,2000
2026-06-26 22:37:48,116,W+2.5,13,True,False,False,,-1,28.505,2000
2026-06-26 22:38:16,103,W+1.5,13,True,False,False,,-1,28.5222,2000
2026-06-26 22:38:43,99,B+3.5,8,True,False,False,,-1,28.4748,2000
2026-06-26 22:39:10,105,W+4.5,18,True,False,False,,-1,28.5617,2000
2026-06-26 22:39:35,94,B+9.5,9,True,False,False,,-1,28.5817,2000
2026-06-26 22:40:00,104,W+1.5,15,True,False,False,,-1,28.5271,2000
2026-06-26 22:40:30,113,B+1.5,13,True,False,False,,-1,28.454,2000
2026-06-26 22:40:42,44,W+10.5,2,True,False,False,,-1,28.1713,2000
2026-06-26 22:41:08,93,B+1.5,18,True,False,False,,-1,28.1659,2000
2026-06-26 22:41:39,117,B+2.5,13,True,False,False,,-1,28.2508,2000
2026-06-26 22:42:14,133,W+2.5,20,True,False,False,,-1,28.266,2000
2026-06-26 22:42:47,147,B+3.5,32,True,False,False,,-1,28.2517,2000
2026-06-26 22:43:14,96,B+4.5,7,True,False,False,,-1,28.1799,2000
2026-06-26 22:43:44,109,W+1.5,15,True,False,False,,-1,28.165,2000
2026-06-26 22:44:14,112,W+3.5,13,True,False,False,,-1,28.1453,2000
2026-06-26 22:44:41,106,B+1.5,12,True,False,False,,-1,28.1306,2000
2026-06-26 22:45:09,103,W+1.5,13,True,False,False,,-1,28.1414,2000
2026-06-26 22:45:36,93,B+0.5,11,True,False,False,,-1,28.1546,2000
2026-06-26 22:46:14,144,B+2.5,25,True,False,False,,-1,28.2753,2000
2026-06-26 22:46:38,95,W+2.5,12,True,False,False,,-1,28.2701,2000
2026-06-26 22:47:05,101,B+2.5,11,True,False,False,,-1,28.2524,2000
2026-06-26 22:47:34,119,B+5.5,22,True,False,False,,-1,28.2739,2000
2026-06-26 22:48:04,119,W+1.5,20,True,False,False,,-1,28.3048,2000
2026-06-26 22:48:31,108,B+0.5,9,True,False,False,,-1,28.4943,2000
2026-06-26 22:48:52,85,W+2.5,6,True,False,False,,-1,28.4171,2000
2026-06-26 22:49:18,103,W+2.5,19,True,False,False,,-1,28.3772,2000
2026-06-26 22:49:51,129,B+1.5,19,True,False,False,,-1,28.452,2000
2026-06-26 22:50:26,144,B+0.5,28,True,False,False,,-1,28.5076,2000
2026-06-26 22:50:59,117,B+2.5,15,True,False,False,,-1,28.501,2000
2026-06-26 22:51:25,102,B+5.5,13,True,False,False,,-1,28.3381,2000
2026-06-26 22:52:00,137,W+1.5,28,True,False,False,,-1,28.369,2000
2026-06-26 22:52:29,117,W+5.5,9,True,False,False,,-1,28.378,2000
2026-06-26 22:53:07,161,W+8.5,32,True,False,False,,-1,28.4041,2000
2026-06-26 22:53:15,24,W+6.5,3,True,False,False,,-1,28.0824,2000
2026-06-26 22:53:45,116,B+1.5,22,True,False,False,,-1,28.099,2000
2026-06-26 22:53:54,36,W+9.5,2,True,False,False,,-1,28.0345,2000
2026-06-26 22:54:34,162,W+24.5,30,True,False,False,,-1,28.1988,2000
2026-06-26 22:55:01,109,W+2.5,14,True,False,False,,-1,28.362,2000
2026-06-26 22:55:36,136,B+3.5,24,True,False,False,,-1,28.3674,2000
2026-06-26 22:56:06,114,B+3.5,18,True,False,False,,-1,28.3903,2000
2026-06-26 22:56:25,71,B+4.5,5,True,False,False,,-1,28.3022,2000
2026-06-26 22:56:33,30,W+7.5,2,True,False,False,,-1,28.133,2000
2026-06-26 22:57:03,122,B+7.5,20,True,False,False,,-1,28.0275,2000
2026-06-26 22:57:29,99,B+4.5,10,True,False,False,,-1,28.1054,2000
2026-06-26 22:58:03,140,B+3.5,18,True,False,False,,-1,28.0641,2000
2026-06-26 22:58:31,104,B+2.5,15,True,False,False,,-1,28.0666,2000
2026-06-26 22:59:10,161,B+2.5,26,True,False,False,,-1,28.0571,2000
2026-06-26 22:59:38,101,B+3.5,9,True,False,False,,-1,28.0678,2000
2026-06-26 22:59:54,65,B+3.5,3,True,False,False,,-1,28.1787,2000
2026-06-26 23:00:29,122,B+0.5,14,True,False,False,,-1,28.2099,2000
2026-06-26 23:01:11,162,B+4.5,29,True,False,False,,-1,28.353,2000
2026-06-26 23:01:36,90,B+1.5,12,True,False,False,,-1,28.2887,2000
2026-06-26 23:02:10,135,B+2.5,22,True,False,False,,-1,28.3494,2000
2026-06-26 23:02:40,111,W+2.5,14,True,False,False,,-1,28.3583,2000
2026-06-26 23:03:04,95,B+2.5,13,True,False,False,,-1,28.2854,2000
2026-06-26 23:03:32,107,B+0.5,11,True,False,False,,-1,28.2839,2000
2026-06-26 23:03:59,100,B+0.5,8,True,False,False,,-1,28.3162,2000
2026-06-26 23:04:35,139,W+2.5,34,True,False,False,,-1,28.3745,2000
2026-06-26 23:05:10,144,W+0.5,27,True,False,False,,-1,28.4746,2000
2026-06-26 23:05:42,125,B+2.5,21,True,False,False,,-1,28.5072,2000
2026-06-26 23:06:24,162,B+1.5,30,True,False,False,,-1,28.6175,2000
2026-06-26 23:06:50,99,W+0.5,14,True,False,False,,-1,28.5406,2000
2026-06-26 23:07:18,107,W+0.5,11,True,False,False,,-1,28.5259,2000
2026-06-26 23:07:47,110,B+4.5,14,True,False,False,,-1,28.5377,2000
2026-06-26 23:08:23,146,B+2.5,23,True,False,False,,-1,28.6455,2000
2026-06-26 23:08:49,101,B+1.5,19,True,False,False,,-1,28.5989,2000
2026-06-26 23:09:17,103,W+5.5,11,True,False,False,,-1,28.6542,2000
2026-06-26 23:09:45,102,B+4.5,14,True,False,False,,-1,28.672,2000
2026-06-26 23:10:12,97,W+0.5,5,True,False,False,,-1,28.546,2000
2026-06-26 23:10:42,117,W+0.5,16,True,False,False,,-1,28.5845,2000
2026-06-26 23:11:08,98,B+1.5,8,True,False,False,,-1,28.5929,2000
2026-06-26 23:11:47,162,B+9.5,32,True,False,False,,-1,28.7026,2000
2026-06-26 23:12:27,162,B+6.5,22,True,False,False,,-1,28.8458,2000
2026-06-26 23:12:52,87,B+3.5,11,True,False,False,,-1,28.765,2000
2026-06-26 23:13:19,107,W+0.5,15,True,False,False,,-1,28.7041,2000
2026-06-26 23:13:58,147,B+2.5,29,True,False,False,,-1,28.7073,2000
2026-06-26 23:14:30,118,B+4.5,13,True,False,False,,-1,28.7294,2000
2026-06-26 23:14:57,110,W+2.5,18,True,False,False,,-1,28.731,2000
2026-06-26 23:15:23,97,W+4.5,12,True,False,False,,-1,28.6589,2000
2026-06-26 23:15:53,118,B+6.5,16,True,False,False,,-1,28.5944,2000
2026-06-26 23:16:27,134,B+7.5,25,True,False,False,,-1,28.6511,2000
2026-06-26 23:16:49,79,B+8.5,10,True,False,False,,-1,28.5818,2000
2026-06-26 23:17:12,96,B+2.5,14,True,False,False,,-1,28.5514,2000
2026-06-26 23:17:45,129,W+1.5,20,True,False,False,,-1,28.791,2000
2026-06-26 23:18:08,84,W+2.5,8,True,False,False,,-1,28.7419,2000
2026-06-26 23:18:39,120,B+0.5,18,True,False,False,,-1,28.8711,2000
2026-06-26 23:19:00,88,B+2.5,9,True,False,False,,-1,28.7601,2000
2026-06-26 23:19:31,112,B+0.5,10,True,False,False,,-1,28.8202,2000
2026-06-26 23:19:56,97,W+2.5,13,True,False,False,,-1,28.7437,2000
2026-06-26 23:20:25,107,W+3.5,16,True,False,False,,-1,28.7835,2000
2026-06-26 23:20:45,79,B+2.5,4,True,False,False,,-1,28.7095,2000
2026-06-26 23:21:15,112,B+5.5,15,True,False,False,,-1,28.6491,2000
2026-06-26 23:21:43,109,W+0.5,18,True,False,False,,-1,28.5898,2000
2026-06-26 23:22:20,150,B+1.5,32,True,False,False,,-1,28.6772,2000
2026-06-26 23:22:45,99,W+0.5,14,True,False,False,,-1,28.6975,2000
2026-06-26 23:23:14,106,B+0.5,15,True,False,False,,-1,28.6427,2000
2026-06-26 23:23:52,147,W+2.5,18,True,False,False,,-1,28.8578,2000
2026-06-26 23:24:21,111,B+3.5,11,True,False,False,,-1,28.8424,2000
2026-06-26 23:24:50,115,W+0.5,16,True,False,False,,-1,28.8232,2000
2026-06-26 23:25:19,101,B+3.5,10,True,False,False,,-1,28.7975,2000
2026-06-26 23:25:48,104,B+1.5,9,True,False,False,,-1,28.7954,2000
2026-06-26 23:26:12,95,W+1.5,14,True,False,False,,-1,28.7544,2000
2026-06-26 23:26:50,162,W+1.5,35,True,False,False,,-1,28.8693,2000
2026-06-26 23:27:30,149,W+1.5,25,True,False,False,,-1,28.9977,2000
2026-06-26 23:27:52,87,B+3.5,14,True,False,False,,-1,28.9726,2000
2026-06-26 23:28:33,159,W+1.5,40,True,False,False,,-1,29.13,2000
2026-06-26 23:29:02,117,W+2.5,19,True,False,False,,-1,29.1166,2000
2026-06-26 23:29:27,101,B+2.5,7,True,False,False,,-1,29.25,2000
2026-06-26 23:30:09,162,B+2.5,37,True,False,False,,-1,29.4132,2000
2026-06-26 23:30:40,125,W+0.5,17,True,False,False,,-1,29.4013,2000
2026-06-26 23:31:10,112,B+0.5,13,True,False,False,,-1,29.354,2000
2026-06-26 23:31:47,162,B+21.5,40,True,False,False,,-1,29.4028,2000
2026-06-26 23:32:19,120,B+0.5,18,True,False,False,,-1,29.4401,2000
2026-06-26 23:32:47,103,B+3.5,12,True,False,False,,-1,29.432,2000
2026-06-26 23:33:11,90,B+1.5,5,True,False,False,,-1,29.3682,2000
2026-06-26 23:33:42,129,W+0.5,24,True,False,False,,-1,29.4073,2000
2026-06-26 23:34:11,113,W+0.5,17,True,False,False,,-1,29.4253,2000
2026-06-26 23:34:43,115,W+2.5,17,True,False,False,,-1,29.4715,2000
2026-06-26 23:34:49,20,W+7.5,2,True,False,False,,-1,29.1414,2000
2026-06-26 23:34:57,30,W+7.5,2,True,False,False,,-1,28.9875,2000
2026-06-26 23:35:28,117,W+2.5,20,True,False,False,,-1,29.0285,2000
2026-06-26 23:35:52,84,B+3.5,4,True,False,False,,-1,28.9749,2000
2026-06-26 23:36:11,71,B+1.5,3,True,False,False,,-1,28.8628,2000
2026-06-26 23:36:16,22,W+8.5,2,True,False,False,,-1,28.6504,2000
2026-06-26 23:36:45,115,W+1.5,12,True,False,False,,-1,28.7347,2000
2026-06-26 23:37:13,111,W+0.5,17,True,False,False,,-1,28.7543,2000
2026-06-26 23:37:54,153,W+1.5,15,True,False,False,,-1,28.8279,2000
2026-06-26 23:38:28,142,W+0.5,26,True,False,False,,-1,28.8193,2000
2026-06-26 23:38:58,124,B+2.5,21,True,False,False,,-1,28.7875,2000
2026-06-26 23:39:28,118,B+1.5,17,True,False,False,,-1,28.8318,2000
2026-06-26 23:39:53,96,B+1.5,13,True,False,False,,-1,28.7298,2000
2026-06-26 23:40:19,99,B+2.5,14,True,False,False,,-1,28.6884,2000
2026-06-26 23:40:49,117,W+6.5,13,True,False,False,,-1,28.6102,2000
2026-06-26 23:41:20,132,B+7.5,21,True,False,False,,-1,28.8543,2000
2026-06-26 23:41:49,109,W+2.5,14,True,False,False,,-1,28.8365,2000
2026-06-26 23:42:18,113,W+4.5,16,True,False,False,,-1,29.0365,2000
2026-06-26 23:42:45,106,W+3.5,13,True,False,False,,-1,28.9063,2000
2026-06-26 23:43:13,123,W+2.5,18,True,False,False,,-1,28.9168,2000
2026-06-26 23:43:40,94,B+0.5,9,True,False,False,,-1,28.8303,2000
2026-06-26 23:44:10,116,B+3.5,18,True,False,False,,-1,28.8358,2000
2026-06-26 23:44:43,128,B+3.5,21,True,False,False,,-1,28.9813,2000
2026-06-26 23:45:11,112,W+2.5,9,True,False,False,,-1,29.1761,2000
2026-06-26 23:45:52,162,W+12.5,39,True,False,False,,-1,29.2947,2000
2026-06-26 23:46:26,137,W+4.5,18,True,False,False,,-1,29.3588,2000
2026-06-26 23:46:53,105,W+6.5,15,True,False,False,,-1,29.2886,2000
2026-06-26 23:47:18,95,W+3.5,9,True,False,False,,-1,29.2728,2000
2026-06-26 23:47:42,93,W+2.5,12,True,False,False,,-1,29.1212,2000
2026-06-26 23:48:18,147,W+2.5,27,True,False,False,,-1,29.2027,2000
2026-06-26 23:48:32,47,B+0.5,3,True,False,False,,-1,29.1748,2000
2026-06-26 23:49:09,141,B+0.5,23,True,False,False,,-1,29.1949,2000
2026-06-26 23:49:36,101,W+0.5,12,True,False,False,,-1,29.0412,2000
2026-06-26 23:49:43,28,W+9.5,2,True,False,False,,-1,28.8713,2000
2026-06-26 23:50:10,106,W+0.5,13,True,False,False,,-1,28.7932,2000
2026-06-26 23:50:36,93,B+6.5,10,True,False,False,,-1,28.7625,2000
2026-06-26 23:51:06,112,B+5.5,13,True,False,False,,-1,28.8202,2000
2026-06-26 23:51:33,104,W+0.5,9,True,False,False,,-1,28.8011,2000
2026-06-26 23:51:59,102,B+4.5,13,True,False,False,,-1,28.7996,2000
2026-06-26 23:52:23,91,W+4.5,8,True,False,False,,-1,28.6754,2000
2026-06-26 23:52:50,102,W+1.5,16,True,False,False,,-1,28.5988,2000
2026-06-26 23:53:21,127,W+5.5,23,True,False,False,,-1,28.5945,2000
2026-06-26 23:53:45,85,W+3.5,8,True,False,False,,-1,28.4021,2000
2026-06-26 23:54:13,116,W+2.5,17,True,False,False,,-1,28.4228,2000
2026-06-26 23:54:52,162,B+6.5,31,True,False,False,,-1,28.5354,2000
2026-06-26 23:55:29,162,B+6.5,26,True,False,False,,-1,28.6172,2000
2026-06-26 23:55:57,107,W+4.5,16,True,False,False,,-1,28.5355,2000
2026-06-26 23:56:32,130,B+0.5,15,True,False,False,,-1,28.6268,2000
2026-06-26 23:56:57,97,W+7.5,10,True,False,False,,-1,28.6008,2000
2026-06-26 23:57:36,162,B+1.5,19,True,False,False,,-1,28.7084,2000
2026-06-26 23:58:02,101,W+4.5,8,True,False,False,,-1,28.7007,2000
2026-06-26 23:58:36,133,W+0.5,12,True,False,False,,-1,28.7374,2000
2026-06-26 23:59:01,96,B+1.5,10,True,False,False,,-1,28.7313,2000
2026-06-26 23:59:31,113,W+2.5,17,True,False,False,,-1,28.6382,2000
2026-06-27 00:00:02,116,B+0.5,11,True,False,False,,-1,28.5432,2000
2026-06-27 00:00:32,120,W+4.5,14,True,False,False,,-1,28.6001,2000
2026-06-27 00:01:10,152,B+0.5,25,True,False,False,,-1,28.6998,2000
2026-06-27 00:01:40,122,B+3.5,19,True,False,False,,-1,28.6253,2000
2026-06-27 00:02:13,125,W+7.5,24,True,False,False,,-1,28.6242,2000
2026-06-27 00:02:47,141,W+2.5,25,True,False,False,,-1,28.6962,2000
2026-06-27 00:02:54,22,W+7.5,2,True,False,False,,-1,28.5073,2000
2026-06-27 00:03:18,91,B+3.5,4,True,False,False,,-1,28.4494,2000
2026-06-27 00:03:28,34,W+6.5,2,True,False,False,,-1,28.2019,2000
2026-06-27 00:03:53,93,B+5.5,10,True,False,False,,-1,28.2432,2000
2026-06-27 00:04:24,108,B+1.5,11,True,False,False,,-1,28.312,2000
2026-06-27 00:04:47,94,B+0.5,8,True,False,False,,-1,28.2168,2000
2026-06-27 00:05:18,109,W+1.5,15,True,False,False,,-1,28.2894,2000
2026-06-27 00:05:44,103,W+0.5,8,True,False,False,,-1,28.2457,2000
2026-06-27 00:06:09,98,B+1.5,13,True,False,False,,-1,28.287,2000
2026-06-27 00:06:37,103,B+5.5,8,True,False,False,,-1,28.2556,2000
2026-06-27 00:06:59,91,W+1.5,12,True,False,False,,-1,28.2306,2000
2026-06-27 00:07:31,131,W+6.5,29,True,False,False,,-1,28.2572,2000
2026-06-27 00:07:55,89,B+4.5,8,True,False,False,,-1,28.2918,2000
2026-06-27 00:08:19,93,W+4.5,10,True,False,False,,-1,28.2368,2000
2026-06-27 00:08:43,101,B+2.5,7,True,False,False,,-1,28.1984,2000
2026-06-27 00:08:52,36,W+8.5,2,True,False,False,,-1,27.9139,2000
2026-06-27 00:09:19,107,W+2.5,13,True,False,False,,-1,27.9306,2000
2026-06-27 00:09:59,162,W+1.5,29,True,False,False,,-1,28.0551,2000
2026-06-27 00:10:42,157,W+2.5,29,True,False,False,,-1,28.099,2000
2026-06-27 00:10:53,39,B+0.5,5,True,False,False,,-1,27.9157,2000
2026-06-27 00:11:19,98,B+0.5,10,True,False,False,,-1,27.8856,2000
2026-06-27 00:11:54,131,B+2.5,25,True,False,False,,-1,27.9524,2000
2026-06-27 00:12:19,90,B+4.5,7,True,False,False,,-1,27.9092,2000
2026-06-27 00:12:56,140,W+2.5,32,True,False,False,,-1,28.0359,2000
2026-06-27 00:13:31,131,B+1.5,15,True,False,False,,-1,28.0037,2000
2026-06-27 00:14:06,140,B+1.5,20,True,False,False,,-1,27.9539,2000
2026-06-27 00:14:24,75,B+8.5,9,True,False,False,,-1,27.9133,2000
2026-06-27 00:14:53,108,B+1.5,14,True,False,False,,-1,27.795,2000
2026-06-27 00:15:25,121,W+4.5,20,True,False,False,,-1,27.8265,2000
2026-06-27 00:16:06,162,W+16.5,40,True,False,False,,-1,27.9874,2000
2026-06-27 00:16:38,129,W+3.5,28,True,False,False,,-1,27.879,2000
2026-06-27 00:16:51,48,W+9.5,2,True,False,False,,-1,27.7075,2000
2026-06-27 00:17:19,108,B+1.5,15,True,False,False,,-1,27.6914,2000
2026-06-27 00:17:55,147,B+5.5,30,True,False,False,,-1,27.6753,2000
2026-06-27 00:18:25,121,W+3.5,11,True,False,False,,-1,27.6605,2000
2026-06-27 00:18:57,127,W+0.5,18,True,False,False,,-1,27.6925,2000
2026-06-27 00:19:27,118,B+0.5,19,True,False,False,,-1,27.7578,2000
2026-06-27 00:19:56,115,W+7.5,15,True,False,False,,-1,27.7411,2000
2026-06-27 00:20:31,162,B+16.5,30,True,False,False,,-1,27.7985,2000
2026-06-27 00:20:59,102,B+6.5,12,True,False,False,,-1,27.7599,2000
2026-06-27 00:21:29,111,B+0.5,18,True,False,False,,-1,27.9956,2000
2026-06-27 00:21:59,121,W+2.5,20,True,False,False,,-1,28.2093,2000
2026-06-27 00:22:24,106,W+0.5,15,True,False,False,,-1,28.1644,2000
2026-06-27 00:22:59,130,B+3.5,17,True,False,False,,-1,28.2678,2000
2026-06-27 00:23:24,98,W+3.5,7,True,False,False,,-1,28.3293,2000
2026-06-27 00:23:34,36,W+11.5,2,True,False,False,,-1,28.3706,2000
2026-06-27 00:23:58,107,W+0.5,14,True,False,False,,-1,28.3255,2000
2026-06-27 00:24:25,112,B+0.5,18,True,False,False,,-1,28.3155,2000
2026-06-27 00:24:53,113,W+0.5,14,True,False,False,,-1,28.1816,2000
2026-06-27 00:25:18,92,B+3.5,4,True,False,False,,-1,28.09,2000
2026-06-27 00:25:52,126,W+0.5,14,True,False,False,,-1,28.1459,2000
2026-06-27 00:26:28,136,B+3.5,18,True,False,False,,-1,28.1915,2000
2026-06-27 00:26:45,61,B+1.5,5,True,False,False,,-1,28.1198,2000
2026-06-27 00:27:16,126,B+4.5,19,True,False,False,,-1,28.1708,2000
2026-06-27 00:27:50,136,W+2.5,23,True,False,False,,-1,28.2145,2000
2026-06-27 00:28:23,131,B+0.5,16,True,False,False,,-1,28.2272,2000
2026-06-27 00:28:47,91,W+1.5,10,True,False,False,,-1,28.1841,2000
2026-06-27 00:29:22,132,B+3.5,20,True,False,False,,-1,28.2449,2000
2026-06-27 00:29:37,53,B+2.5,4,True,False,False,,-1,28.1189,2000
2026-06-27 00:30:06,124,B+2.5,23,True,False,False,,-1,28.1239,2000
2026-06-27 00:30:40,128,B+0.5,23,True,False,False,,-1,28.197,2000
2026-06-27 00:31:13,124,W+0.5,18,True,False,False,,-1,28.2334,2000
2026-06-27 00:31:38,91,B+0.5,14,True,False,False,,-1,28.1504,2000
2026-06-27 00:32:01,88,B+2.5,6,True,False,False,,-1,28.0968,2000
2026-06-27 00:32:27,103,B+0.5,10,True,False,False,,-1,27.9419,2000
2026-06-27 00:32:57,116,W+0.5,14,True,False,False,,-1,27.914,2000
2026-06-27 00:33:36,161,W+0.5,34,True,False,False,,-1,28.0307,2000
2026-06-27 00:34:04,107,W+3.5,15,True,False,False,,-1,28.0515,2000
2026-06-27 00:34:09,24,W+5.5,2,True,False,False,,-1,27.865,2000
2026-06-27 00:34:35,104,B+5.5,10,True,False,False,,-1,27.7618,2000
2026-06-27 00:35:09,134,B+0.5,23,True,False,False,,-1,27.9717,2000
2026-06-27 00:35:38,121,W+1.5,16,True,False,False,,-1,27.8936,2000
2026-06-27 00:36:01,88,B+1.5,10,True,False,False,,-1,27.8535,2000
2026-06-27 00:36:30,120,B+1.5,21,True,False,False,,-1,28.0708,2000
2026-06-27 00:37:01,119,B+1.5,17,True,False,False,,-1,28.1059,2000
2026-06-27 00:37:26,96,B+3.5,15,True,False,False,,-1,28.0936,2000
2026-06-27 00:37:51,95,W+3.5,9,True,False,False,,-1,28.0467,2000
2026-06-27 00:38:26,134,B+1.5,21,True,False,False,,-1,28.1346,2000
2026-06-27 00:38:55,115,B+3.5,16,True,False,False,,-1,28.1611,2000
2026-06-27 00:39:34,162,B+31.5,23,True,False,False,,-1,28.3043,2000
2026-06-27 00:39:59,103,B+2.5,12,True,False,False,,-1,28.2889,2000
2026-06-27 00:40:23,100,B+3.5,12,True,False,False,,-1,28.2147,2000
2026-06-27 00:41:00,138,B+1.5,22,True,False,False,,-1,28.3447,2000
2026-06-27 00:41:32,138,B+0.5,20,True,False,False,,-1,28.3927,2000
2026-06-27 00:42:12,159,W+0.5,22,True,False,False,,-1,28.4012,2000
2026-06-27 00:42:39,103,B+1.5,15,True,False,False,,-1,28.2963,2000
2026-06-27 00:43:12,132,B+6.5,21,True,False,False,,-1,28.349,2000
2026-06-27 00:43:42,118,B+0.5,11,True,False,False,,-1,28.3041,2000
2026-06-27 00:44:23,161,W+6.5,39,True,False,False,,-1,28.4541,2000
2026-06-27 00:44:59,131,B+1.5,22,True,False,False,,-1,28.4237,2000
2026-06-27 00:45:26,99,W+4.5,14,True,False,False,,-1,28.4351,2000
2026-06-27 00:45:53,111,B+4.5,13,True,False,False,,-1,28.3725,2000
2026-06-27 00:46:29,136,W+0.5,20,True,False,False,,-1,28.4721,2000
2026-06-27 00:47:00,117,W+1.5,11,True,False,False,,-1,28.4868,2000
2026-06-27 00:47:25,96,B+2.5,9,True,False,False,,-1,28.4247,2000
2026-06-27 00:47:55,126,B+2.5,18,True,False,False,,-1,28.4291,2000
2026-06-27 00:48:33,162,B+12.5,29,True,False,False,,-1,28.4282,2000
2026-06-27 00:48:56,91,B+4.5,9,True,False,False,,-1,28.3551,2000
2026-06-27 00:49:25,112,B+0.5,17,True,False,False,,-1,28.3187,2000
2026-06-27 00:49:59,122,W+1.5,20,True,False,False,,-1,28.3106,2000
2026-06-27 00:50:41,162,W+2.5,31,True,False,False,,-1,28.6766,2000
2026-06-27 00:51:08,102,B+0.5,9,True,False,False,,-1,28.6894,2000
2026-06-27 00:51:36,109,B+0.5,13,True,False,False,,-1,28.8736,2000
2026-06-27 00:52:16,158,B+14.5,38,True,False,False,,-1,29.0268,2000
2026-06-27 00:54:59,110,B+1.5,18,True,False,False,,-1,29.0851,3000
2026-06-27 00:55:18,69,B+1.5,7,True,False,False,,-1,28.9782,3000
2026-06-27 00:56:01,149,W+2.5,23,True,False,False,,-1,29.1415,3000
2026-06-27 00:56:38,131,W+0.5,17,True,False,False,,-1,29.2562,3000
2026-06-27 00:57:10,133,W+0.5,27,True,False,False,,-1,29.3047,3000
2026-06-27 00:57:35,94,B+3.5,13,True,False,False,,-1,29.3269,3000
2026-06-27 00:58:03,121,B+3.5,21,True,False,False,,-1,29.2979,3000
2026-06-27 00:58:36,130,B+4.5,19,True,False,False,,-1,29.3785,3000
2026-06-27 00:59:03,111,B+3.5,20,True,False,False,,-1,29.4119,3000
2026-06-27 00:59:27,98,B+3.5,13,True,False,False,,-1,29.4159,3000
2026-06-27 00:59:56,116,B+0.5,22,True,False,False,,-1,29.6089,3000
2026-06-27 01:00:22,105,B+1.5,13,True,False,False,,-1,29.6074,3000
2026-06-27 01:00:51,125,B+0.5,29,True,False,False,,-1,29.4903,3000
2026-06-27 01:01:08,65,B+1.5,5,True,False,False,,-1,29.2266,3000
2026-06-27 01:01:37,122,B+3.5,23,True,False,False,,-1,29.4074,3000
2026-06-27 01:02:02,103,W+0.5,12,True,False,False,,-1,29.4011,3000
2026-06-27 01:02:35,138,B+4.5,29,True,False,False,,-1,29.3762,3000
2026-06-27 01:02:57,92,B+0.5,15,True,False,False,,-1,29.3541,3000
2026-06-27 01:03:11,59,B+3.5,9,True,False,False,,-1,29.1236,3000
2026-06-27 01:03:33,87,B+3.5,13,True,False,False,,-1,28.9882,3000
2026-06-27 01:03:45,51,B+0.5,4,True,False,False,,-1,28.7645,3000
2026-06-27 01:03:58,47,B+0.5,4,True,False,False,,-1,28.7142,3000
2026-06-27 01:04:19,85,B+1.5,9,True,False,False,,-1,28.6282,3000
2026-06-27 01:04:59,162,B+5.5,28,True,False,False,,-1,28.7169,3000
2026-06-27 01:05:34,147,B+1.5,19,True,False,False,,-1,28.6469,3000
2026-06-27 01:05:58,95,B+3.5,13,True,False,False,,-1,28.5731,3000
2026-06-27 01:06:12,51,B+2.5,5,True,False,False,,-1,28.5834,3000
2026-06-27 01:06:36,102,B+1.5,14,True,False,False,,-1,28.5447,3000
2026-06-27 01:07:02,110,B+3.5,13,True,False,False,,-1,28.4445,3000
2026-06-27 01:07:30,123,W+1.5,25,True,False,False,,-1,28.4222,3000
2026-06-27 01:07:47,71,B+0.5,10,True,False,False,,-1,28.2751,3000
2026-06-27 01:08:25,151,B+1.5,24,True,False,False,,-1,28.3474,3000
2026-06-27 01:08:49,85,B+0.5,11,True,False,False,,-1,28.2971,3000
2026-06-27 01:09:13,92,B+1.5,12,True,False,False,,-1,28.1852,3000
2026-06-27 01:09:38,98,B+1.5,10,True,False,False,,-1,28.1572,3000
2026-06-27 01:09:54,63,B+0.5,9,True,False,False,,-1,28.0277,3000
2026-06-27 01:10:29,138,B+1.5,18,True,False,False,,-1,28.0776,3000
2026-06-27 01:10:57,103,B+1.5,16,True,False,False,,-1,28.0933,3000
2026-06-27 01:11:21,105,W+1.5,11,True,False,False,,-1,27.995,3000
2026-06-27 01:11:41,75,B+5.5,11,True,False,False,,-1,27.9364,3000
2026-06-27 01:11:53,53,B+1.5,9,True,False,False,,-1,27.9674,3000
2026-06-27 01:12:26,133,B+1.5,31,True,False,False,,-1,28.0466,3000
2026-06-27 01:12:57,125,W+1.5,21,True,False,False,,-1,28.0843,3000
2026-06-27 01:13:21,94,B+4.5,13,True,False,False,,-1,28.0571,3000
2026-06-27 01:13:45,84,B+1.5,4,True,False,False,,-1,28.0418,3000
2026-06-27 01:14:10,101,B+2.5,13,True,False,False,,-1,27.949,3000
2026-06-27 01:14:38,119,B+2.5,17,True,False,False,,-1,27.8686,3000
2026-06-27 01:15:09,133,W+1.5,26,True,False,False,,-1,28.0119,3000
2026-06-27 01:15:33,99,W+2.5,11,True,False,False,,-1,27.9434,3000
2026-06-27 01:15:42,36,W+7.5,2,True,False,False,,-1,27.6861,3000
2026-06-27 01:16:13,125,W+2.5,19,True,False,False,,-1,27.6697,3000
2026-06-27 01:16:31,79,B+0.5,6,True,False,False,,-1,27.6034,3000
2026-06-27 01:16:55,104,B+9.5,18,True,False,False,,-1,27.5028,3000
2026-06-27 01:17:27,130,B+1.5,16,True,False,False,,-1,27.6723,3000
2026-06-27 01:17:56,132,W+2.5,18,True,False,False,,-1,27.672,3000
2026-06-27 01:18:23,114,B+8.5,19,True,False,False,,-1,27.5997,3000
2026-06-27 01:18:41,65,B+9.5,4,True,False,False,,-1,27.4468,3000
2026-06-27 01:19:00,85,B+0.5,10,True,False,False,,-1,27.3887,3000
2026-06-27 01:19:37,162,W+2.5,28,True,False,False,,-1,27.5278,3000
2026-06-27 01:19:50,55,B+2.5,6,True,False,False,,-1,27.4046,3000
2026-06-27 01:20:02,45,B+0.5,3,True,False,False,,-1,27.2154,3000
2026-06-27 01:20:29,117,W+0.5,25,True,False,False,,-1,27.1007,3000
2026-06-27 01:20:53,96,B+1.5,11,True,False,False,,-1,27.0697,3000
2026-06-27 01:21:10,73,B+2.5,13,True,False,False,,-1,27.1789,3000
2026-06-27 01:21:46,162,B+0.5,30,True,False,False,,-1,27.2801,3000
2026-06-27 01:22:04,69,B+1.5,12,True,False,False,,-1,27.1156,3000
2026-06-27 01:22:28,104,B+0.5,14,True,False,False,,-1,27.067,3000
2026-06-27 01:22:43,55,B+1.5,8,True,False,False,,-1,26.9849,3000
2026-06-27 01:23:05,89,B+0.5,12,True,False,False,,-1,26.9127,3000
2026-06-27 01:23:19,57,B+2.5,6,True,False,False,,-1,26.7492,3000
2026-06-27 01:23:43,98,B+0.5,14,True,False,False,,-1,26.7406,3000
2026-06-27 01:24:11,114,B+4.5,20,True,False,False,,-1,26.7732,3000
2026-06-27 01:24:23,55,B+1.5,10,True,False,False,,-1,26.54,3000
2026-06-27 01:24:40,63,B+0.5,8,True,False,False,,-1,26.4144,3000
2026-06-27 01:25:08,112,B+2.5,17,True,False,False,,-1,26.3131,3000
2026-06-27 01:25:38,117,W+0.5,18,True,False,False,,-1,26.3533,3000
2026-06-27 01:26:02,95,B+1.5,15,True,False,False,,-1,26.3576,3000
2026-06-27 01:26:26,109,W+0.5,16,True,False,False,,-1,26.2376,3000
2026-06-27 01:26:51,94,B+1.5,14,True,False,False,,-1,26.1533,3000
2026-06-27 01:27:13,89,B+0.5,14,True,False,False,,-1,25.9778,3000
2026-06-27 01:27:39,111,B+2.5,17,True,False,False,,-1,25.9774,3000
2026-06-27 01:28:14,141,W+0.5,35,True,False,False,,-1,25.9887,3000
2026-06-27 01:28:35,95,B+2.5,18,True,False,False,,-1,25.8994,3000
2026-06-27 01:29:10,143,B+1.5,28,True,False,False,,-1,25.8371,3000
2026-06-27 01:29:31,81,B+2.5,14,True,False,False,,-1,25.6952,3000
2026-06-27 01:29:56,99,W+0.5,12,True,False,False,,-1,25.667,3000
2026-06-27 01:30:25,117,W+2.5,13,True,False,False,,-1,25.683,3000
2026-06-27 01:31:07,162,W+17.5,23,True,False,False,,-1,25.7561,3000
2026-06-27 01:31:35,102,B+4.5,19,True,False,False,,-1,25.7246,3000
2026-06-27 01:31:50,57,B+0.5,6,True,False,False,,-1,25.6217,3000
2026-06-27 01:32:20,129,B+3.5,23,True,False,False,,-1,25.6151,3000
2026-06-27 01:32:43,89,B+7.5,13,True,False,False,,-1,25.4747,3000
2026-06-27 01:33:15,126,W+2.5,20,True,False,False,,-1,25.5575,3000
2026-06-27 01:33:30,55,B+0.5,7,True,False,False,,-1,25.4203,3000
2026-06-27 01:33:55,99,B+2.5,9,True,False,False,,-1,25.3337,3000
2026-06-27 01:34:31,157,B+5.5,31,True,False,False,,-1,25.2643,3000
2026-06-27 01:34:59,110,B+2.5,18,True,False,False,,-1,25.284,3000
2026-06-27 01:35:25,104,B+5.5,19,True,False,False,,-1,25.2692,3000
2026-06-27 01:35:59,132,B+2.5,29,True,False,False,,-1,25.1963,3000
2026-06-27 01:36:16,73,B+0.5,12,True,False,False,,-1,25.0645,3000
2026-06-27 01:36:35,85,B+4.5,17,True,False,False,,-1,24.9609,3000
2026-06-27 01:37:08,138,B+2.5,29,True,False,False,,-1,25.0961,3000
2026-06-27 01:37:36,113,W+0.5,10,True,False,False,,-1,24.9522,3000
2026-06-27 01:37:57,84,B+4.5,15,True,False,False,,-1,24.7895,3000
2026-06-27 01:38:30,133,B+5.5,20,True,False,False,,-1,24.8021,3000
2026-06-27 01:39:07,162,B+3.5,32,True,False,False,,-1,24.9211,3000
2026-06-27 01:39:39,162,W+4.5,32,True,False,False,,-1,24.9582,3000
2026-06-27 01:39:53,59,B+0.5,6,True,False,False,,-1,24.7666,3000
2026-06-27 01:40:29,162,B+1.5,34,True,False,False,,-1,24.8548,3000
2026-06-27 01:40:59,133,B+2.5,22,True,False,False,,-1,24.9146,3000
2026-06-27 01:41:27,109,B+3.5,14,True,False,False,,-1,24.9068,3000
2026-06-27 01:41:52,99,W+2.5,14,True,False,False,,-1,24.8909,3000
2026-06-27 01:42:06,59,B+2.5,6,True,False,False,,-1,24.7454,3000
2026-06-27 01:42:32,107,B+1.5,14,True,False,False,,-1,24.843,3000
2026-06-27 01:42:59,112,B+2.5,20,True,False,False,,-1,24.8167,3000
2026-06-27 01:43:25,106,B+0.5,14,True,False,False,,-1,24.824,3000
2026-06-27 01:43:47,95,B+2.5,16,True,False,False,,-1,24.7253,3000
2026-06-27 01:44:19,131,B+0.5,18,True,False,False,,-1,24.8175,3000
2026-06-27 01:44:47,104,B+3.5,11,True,False,False,,-1,24.9546,3000
2026-06-27 01:45:12,104,B+0.5,14,True,False,False,,-1,24.9906,3000
2026-06-27 01:45:41,124,B+0.5,16,True,False,False,,-1,25.1557,3000
2026-06-27 01:46:13,130,B+1.5,21,True,False,False,,-1,25.3423,3000
2026-06-27 01:46:47,139,W+0.5,26,True,False,False,,-1,25.4838,3000
2026-06-27 01:47:17,125,B+3.5,26,True,False,False,,-1,25.3793,3000
2026-06-27 01:47:44,107,W+0.5,15,True,False,False,,-1,25.3,3000
2026-06-27 01:48:22,150,B+1.5,23,True,False,False,,-1,25.4376,3000
2026-06-27 01:48:30,32,W+9.5,2,True,False,False,,-1,25.3787,3000
2026-06-27 01:48:54,95,W+0.5,14,True,False,False,,-1,25.3698,3000
2026-06-27 01:49:20,107,W+2.5,15,True,False,False,,-1,25.3764,3000
2026-06-27 01:49:45,91,B+3.5,7,True,False,False,,-1,25.3482,3000
2026-06-27 01:50:09,94,B+1.5,10,True,False,False,,-1,25.4155,3000
2026-06-27 01:50:51,162,W+4.5,32,True,False,False,,-1,25.4647,3000
2026-06-27 01:51:18,109,B+0.5,18,True,False,False,,-1,25.4904,3000
2026-06-27 01:51:43,96,B+3.5,12,True,False,False,,-1,25.4998,3000
2026-06-27 01:52:06,93,B+2.5,12,True,False,False,,-1,25.4742,3000
2026-06-27 01:52:33,115,W+1.5,21,True,False,False,,-1,25.5842,3000
2026-06-27 01:53:12,153,W+0.5,33,True,False,False,,-1,25.6215,3000
2026-06-27 01:53:31,78,B+2.5,8,True,False,False,,-1,25.5401,3000
2026-06-27 01:54:06,135,B+0.5,23,True,False,False,,-1,25.6452,3000
2026-06-27 01:54:34,115,W+0.5,15,True,False,False,,-1,25.734,3000
2026-06-27 01:54:59,105,W+1.5,21,True,False,False,,-1,25.8561,3000
2026-06-27 01:55:37,162,B+3.5,35,True,False,False,,-1,25.9155,3000
2026-06-27 01:56:03,103,B+3.5,18,True,False,False,,-1,25.865,3000
2026-06-27 01:56:37,135,W+1.5,15,True,False,False,,-1,25.955,3000
2026-06-27 01:57:02,105,W+3.5,12,True,False,False,,-1,25.9687,3000
2026-06-27 01:57:30,109,B+3.5,24,True,False,False,,-1,25.9944,3000
2026-06-27 01:58:09,162,B+5.5,36,True,False,False,,-1,26.1101,3000
2026-06-27 01:58:45,145,W+2.5,30,True,False,False,,-1,26.1525,3000
2026-06-27 01:59:10,102,B+1.5,10,True,False,False,,-1,26.168,3000
2026-06-27 01:59:24,55,B+0.5,6,True,False,False,,-1,26.2167,3000
2026-06-27 01:59:46,97,W+0.5,15,True,False,False,,-1,26.1284,3000
2026-06-27 01:59:59,49,B+0.5,5,True,False,False,,-1,26.0876,3000
2026-06-27 02:00:27,117,W+0.5,20,True,False,False,,-1,26.1105,3000
2026-06-27 02:01:02,137,W+3.5,24,True,False,False,,-1,26.1447,3000
2026-06-27 02:01:26,91,W+0.5,6,True,False,False,,-1,26.0917,3000
2026-06-27 02:01:37,49,B+0.5,4,True,False,False,,-1,25.939,3000
2026-06-27 02:01:56,72,B+1.5,6,True,False,False,,-1,25.9441,3000
2026-06-27 02:02:24,113,W+3.5,20,True,False,False,,-1,26.0332,3000
2026-06-27 02:02:36,53,B+0.5,7,True,False,False,,-1,25.7923,3000
2026-06-27 02:02:51,61,B+0.5,4,True,False,False,,-1,25.8009,3000
2026-06-27 02:03:27,162,B+4.5,28,True,False,False,,-1,26.0548,3000
2026-06-27 02:03:51,108,B+2.5,18,True,False,False,,-1,26.023,3000
2026-06-27 02:04:23,127,B+2.5,20,True,False,False,,-1,26.0913,3000
2026-06-27 02:04:41,69,B+0.5,4,True,False,False,,-1,26.1112,3000
2026-06-27 02:05:08,104,B+1.5,13,True,False,False,,-1,26.018,3000
2026-06-27 02:05:20,51,B+4.5,3,True,False,False,,-1,25.964,3000
2026-06-27 02:05:41,89,B+3.5,10,True,False,False,,-1,25.9311,3000
2026-06-27 02:06:09,113,B+0.5,9,True,False,False,,-1,26.0588,3000
2026-06-27 02:06:23,49,B+0.5,4,True,False,False,,-1,25.9773,3000
2026-06-27 02:06:49,105,B+2.5,12,True,False,False,,-1,26.0999,3000
2026-06-27 02:07:05,71,B+0.5,9,True,False,False,,-1,26.0207,3000
2026-06-27 02:07:39,157,W+1.5,32,True,False,False,,-1,26.0789,3000
2026-06-27 02:08:10,112,B+1.5,13,True,False,False,,-1,26.2675,3000
2026-06-27 02:08:36,105,B+3.5,17,True,False,False,,-1,26.3579,3000
2026-06-27 02:08:53,71,B+3.5,11,True,False,False,,-1,26.248,3000
2026-06-27 02:09:26,131,W+0.5,21,True,False,False,,-1,26.277,3000
2026-06-27 02:09:54,106,B+2.5,15,True,False,False,,-1,26.3149,3000
2026-06-27 02:10:18,103,W+1.5,13,True,False,False,,-1,26.316,3000
2026-06-27 02:10:50,130,B+0.5,19,True,False,False,,-1,26.3897,3000
2026-06-27 02:11:18,107,B+0.5,12,True,False,False,,-1,26.4462,3000
2026-06-27 02:11:41,94,B+1.5,7,True,False,False,,-1,26.4179,3000
2026-06-27 02:12:02,89,B+3.5,22,True,False,False,,-1,26.2836,3000
2026-06-27 02:12:37,138,B+6.5,31,True,False,False,,-1,26.4164,3000
2026-06-27 02:12:49,49,B+2.5,2,True,False,False,,-1,26.1918,3000
2026-06-27 02:13:14,103,W+2.5,10,True,False,False,,-1,26.2227,3000
2026-06-27 02:13:41,110,W+1.5,13,True,False,False,,-1,26.2528,3000
2026-06-27 02:14:08,103,B+1.5,12,True,False,False,,-1,26.2356,3000
2026-06-27 02:14:36,119,W+2.5,20,True,False,False,,-1,26.0881,3000
2026-06-27 02:15:07,113,W+4.5,20,True,False,False,,-1,26.1165,3000
2026-06-27 02:15:29,90,B+1.5,7,True,False,False,,-1,26.1952,3000
2026-06-27 02:15:54,94,B+3.5,14,True,False,False,,-1,26.1354,3000
2026-06-27 02:16:22,112,B+8.5,21,True,False,False,,-1,26.1832,3000
2026-06-27 02:16:48,114,B+4.5,18,True,False,False,,-1,26.1271,3000
2026-06-27 02:17:12,91,B+2.5,6,True,False,False,,-1,26.2209,3000
2026-06-27 02:17:42,121,W+0.5,18,True,False,False,,-1,26.2681,3000
2026-06-27 02:18:14,135,W+0.5,23,True,False,False,,-1,26.2339,3000
2026-06-27 02:18:45,131,W+0.5,23,True,False,False,,-1,26.2613,3000
2026-06-27 02:19:16,136,B+1.5,23,True,False,False,,-1,26.3085,3000
2026-06-27 02:19:44,102,B+0.5,14,True,False,False,,-1,26.2524,3000
2026-06-27 02:20:09,103,W+1.5,20,True,False,False,,-1,26.3259,3000
2026-06-27 02:20:24,61,B+0.5,3,True,False,False,,-1,26.2846,3000
2026-06-27 02:21:05,162,W+14.5,30,True,False,False,,-1,26.362,3000
2026-06-27 02:21:33,111,B+0.5,19,True,False,False,,-1,26.3655,3000
2026-06-27 02:22:01,109,W+1.5,16,True,False,False,,-1,26.4399,3000
2026-06-27 02:22:26,103,B+3.5,16,True,False,False,,-1,26.3553,3000
2026-06-27 02:22:52,105,B+1.5,16,True,False,False,,-1,26.2466,3000
2026-06-27 02:23:05,57,B+0.5,6,True,False,False,,-1,26.0494,3000
2026-06-27 02:23:39,145,W+0.5,27,True,False,False,,-1,26.2617,3000
2026-06-27 02:24:08,117,B+5.5,18,True,False,False,,-1,26.1891,3000
2026-06-27 02:24:37,113,W+0.5,14,True,False,False,,-1,26.1764,3000
2026-06-27 02:24:53,59,B+0.5,9,True,False,False,,-1,26.0609,3000
2026-06-27 02:25:16,96,B+2.5,13,True,False,False,,-1,26.0401,3000
2026-06-27 02:25:29,53,B+0.5,8,True,False,False,,-1,26.0296,3000
2026-06-27 02:25:55,102,W+0.5,16,True,False,False,,-1,26.0277,3000
2026-06-27 02:26:28,119,W+0.5,18,True,False,False,,-1,26.0906,3000
2026-06-27 02:26:53,110,B+1.5,24,True,False,False,,-1,26.076,3000
2026-06-27 02:27:26,125,W+0.5,17,True,False,False,,-1,26.1862,3000
2026-06-27 02:27:49,93,B+2.5,17,True,False,False,,-1,26.0993,3000
2026-06-27 02:28:16,109,B+2.5,15,True,False,False,,-1,26.0826,3000
2026-06-27 02:28:34,69,B+0.5,10,True,False,False,,-1,26.0153,3000
2026-06-27 02:29:06,129,W+2.5,28,True,False,False,,-1,26.0443,3000
2026-06-27 02:29:19,51,B+0.5,7,True,False,False,,-1,25.8548,3000
2026-06-27 02:29:41,95,B+1.5,12,True,False,False,,-1,25.7346,3000
2026-06-27 02:30:14,137,B+1.5,25,True,False,False,,-1,25.7658,3000
2026-06-27 02:30:41,112,B+3.5,18,True,False,False,,-1,25.7664,3000
2026-06-27 02:30:55,59,B+5.5,5,True,False,False,,-1,25.5262,3000
2026-06-27 02:31:34,154,B+3.5,26,True,False,False,,-1,25.8387,3000
2026-06-27 02:32:03,120,B+0.5,23,True,False,False,,-1,25.8937,3000
2026-06-27 02:32:27,97,B+3.5,12,True,False,False,,-1,25.8689,3000
2026-06-27 02:32:47,75,B+1.5,10,True,False,False,,-1,25.8149,3000
2026-06-27 02:33:00,49,B+0.5,4,True,False,False,,-1,25.7093,3000
2026-06-27 02:33:27,106,B+0.5,14,True,False,False,,-1,25.5589,3000
2026-06-27 02:33:56,119,W+0.5,22,True,False,False,,-1,25.5802,3000
2026-06-27 02:34:20,104,B+1.5,18,True,False,False,,-1,25.5685,3000
2026-06-27 02:34:56,158,B+9.5,46,True,False,False,,-1,25.7007,3000
2026-06-27 02:35:19,106,B+6.5,18,True,False,False,,-1,25.6608,3000
2026-06-27 02:35:59,162,B+5.5,22,True,False,False,,-1,25.6692,3000
2026-06-27 02:36:36,159,B+2.5,34,True,False,False,,-1,25.8498,3000
2026-06-27 02:37:00,100,B+3.5,13,True,False,False,,-1,25.7407,3000
2026-06-27 02:37:14,49,B+7.5,5,True,False,False,,-1,25.5962,3000
2026-06-27 02:37:38,100,B+0.5,16,True,False,False,,-1,25.585,3000
2026-06-27 02:38:02,99,B+1.5,9,True,False,False,,-1,25.4463,3000
2026-06-27 02:38:25,93,B+4.5,12,True,False,False,,-1,25.4102,3000
2026-06-27 02:38:37,51,B+1.5,7,True,False,False,,-1,25.1928,3000
2026-06-27 02:39:06,107,W+0.5,17,True,False,False,,-1,25.2407,3000
2026-06-27 02:39:25,75,B+2.5,6,True,False,False,,-1,25.1429,3000
2026-06-27 02:39:53,108,B+1.5,17,True,False,False,,-1,25.0417,3000
2026-06-27 02:40:18,106,B+0.5,18,True,False,False,,-1,24.9335,3000
2026-06-27 02:40:33,57,B+0.5,7,True,False,False,,-1,24.8258,3000
2026-06-27 02:41:04,129,B+3.5,20,True,False,False,,-1,25.0042,3000
2026-06-27 02:41:44,162,W+3.5,34,True,False,False,,-1,25.1727,3000
2026-06-27 02:42:23,161,W+0.5,30,True,False,False,,-1,25.4319,3000
2026-06-27 02:42:39,59,B+1.5,6,True,False,False,,-1,25.3162,3000
2026-06-27 02:43:11,124,W+1.5,17,True,False,False,,-1,25.2894,3000
2026-06-27 02:43:52,162,B+1.5,21,True,False,False,,-1,25.4631,3000
2026-06-27 02:44:27,132,B+7.5,29,True,False,False,,-1,25.7055,3000
2026-06-27 02:44:44,67,B+2.5,7,True,False,False,,-1,25.6838,3000
2026-06-27 02:45:13,106,B+3.5,16,True,False,False,,-1,25.6917,3000
2026-06-27 02:45:29,67,B+3.5,10,True,False,False,,-1,25.728,3000
2026-06-27 02:45:58,112,W+1.5,14,True,False,False,,-1,25.8684,3000
2026-06-27 02:46:21,92,B+1.5,11,True,False,False,,-1,25.7339,3000
2026-06-27 02:46:44,91,B+4.5,10,True,False,False,,-1,25.7268,3000
2026-06-27 02:47:19,139,B+3.5,25,True,False,False,,-1,25.7601,3000
2026-06-27 02:47:42,91,B+0.5,9,True,False,False,,-1,25.8088,3000
2026-06-27 02:48:06,95,B+3.5,9,True,False,False,,-1,25.7861,3000
2026-06-27 02:48:31,103,B+4.5,11,True,False,False,,-1,25.9027,3000
2026-06-27 02:48:49,65,B+4.5,8,True,False,False,,-1,25.8681,3000
2026-06-27 02:49:03,57,B+0.5,7,True,False,False,,-1,25.7422,3000
2026-06-27 02:49:34,123,W+2.5,23,True,False,False,,-1,25.9107,3000
2026-06-27 02:50:11,157,W+0.5,31,True,False,False,,-1,26.019,3000
2026-06-27 02:50:33,90,B+6.5,11,True,False,False,,-1,26.0825,3000
2026-06-27 02:50:47,55,B+0.5,4,True,False,False,,-1,25.8706,3000
2026-06-27 02:51:14,106,B+0.5,20,True,False,False,,-1,25.8388,3000
2026-06-27 02:51:40,105,W+0.5,12,True,False,False,,-1,25.84,3000
2026-06-27 02:52:07,114,B+3.5,14,True,False,False,,-1,25.9378,3000
2026-06-27 02:52:24,65,B+0.5,10,True,False,False,,-1,25.7856,3000
2026-06-27 02:52:46,83,B+2.5,6,True,False,False,,-1,25.7242,3000
2026-06-27 02:53:13,97,B+4.5,6,True,False,False,,-1,25.7481,3000
2026-06-27 02:53:34,79,B+3.5,13,True,False,False,,-1,25.6355,3000
2026-06-27 02:53:55,97,W+2.5,13,True,False,False,,-1,25.5727,3000
2026-06-27 02:54:11,61,B+1.5,4,True,False,False,,-1,25.4976,3000
2026-06-27 02:54:44,133,B+0.5,19,True,False,False,,-1,25.6166,3000
2026-06-27 02:55:09,99,W+0.5,14,True,False,False,,-1,25.5152,3000
2026-06-27 02:55:37,113,W+0.5,14,True,False,False,,-1,25.6801,3000
2026-06-27 02:56:07,112,B+4.5,13,True,False,False,,-1,25.7351,3000
2026-06-27 02:56:33,98,B+2.5,14,True,False,False,,-1,25.7216,3000
2026-06-27 02:57:04,135,W+2.5,22,True,False,False,,-1,25.7497,3000
2026-06-27 02:57:36,137,W+1.5,19,True,False,False,,-1,25.7911,3000
2026-06-27 02:58:15,162,W+0.5,24,True,False,False,,-1,25.8752,3000
2026-06-27 02:58:49,147,W+2.5,29,True,False,False,,-1,25.9971,3000
2026-06-27 02:59:26,149,W+0.5,29,True,False,False,,-1,26.1252,3000
2026-06-27 02:59:52,98,B+1.5,9,True,False,False,,-1,26.1033,3000
2026-06-27 03:00:19,104,B+0.5,17,True,False,False,,-1,26.109,3000
2026-06-27 03:00:35,63,B+0.5,7,True,False,False,,-1,26.0272,3000
2026-06-27 03:01:00,99,W+1.5,11,True,False,False,,-1,25.9766,3000
2026-06-27 03:01:24,95,B+4.5,15,True,False,False,,-1,25.8954,3000
2026-06-27 03:01:47,93,B+3.5,12,True,False,False,,-1,25.8197,3000
2026-06-27 03:02:15,107,B+3.5,14,True,False,False,,-1,25.7863,3000
2026-06-27 03:02:30,57,B+0.5,9,True,False,False,,-1,25.6599,3000
2026-06-27 03:02:59,123,B+3.5,21,True,False,False,,-1,25.6945,3000
2026-06-27 03:03:34,162,W+0.5,32,True,False,False,,-1,25.8947,3000
2026-06-27 03:04:04,129,W+1.5,23,True,False,False,,-1,25.789,3000
2026-06-27 03:04:41,162,W+2.5,30,True,False,False,,-1,25.875,3000
2026-06-27 03:05:21,162,B+8.5,40,True,False,False,,-1,25.9922,3000
2026-06-27 03:05:43,98,B+2.5,19,True,False,False,,-1,25.968,3000
2026-06-27 03:06:08,100,B+1.5,15,True,False,False,,-1,25.9575,3000
2026-06-27 03:06:26,67,B+2.5,3,True,False,False,,-1,26.0128,3000
2026-06-27 03:06:51,105,W+1.5,19,True,False,False,,-1,25.9135,3000
2026-06-27 03:07:10,92,B+1.5,16,True,False,False,,-1,25.8208,3000
2026-06-27 03:07:43,126,B+1.5,25,True,False,False,,-1,25.8597,3000
2026-06-27 03:08:16,145,W+0.5,30,True,False,False,,-1,26.026,3000
2026-06-27 03:08:55,155,W+0.5,26,True,False,False,,-1,26.186,3000
2026-06-27 03:09:20,107,B+1.5,14,True,False,False,,-1,26.3019,3000
2026-06-27 03:09:48,118,B+2.5,19,True,False,False,,-1,26.3244,3000
2026-06-27 03:10:20,152,B+1.5,34,True,False,False,,-1,26.3193,3000
2026-06-27 03:10:50,121,W+4.5,15,True,False,False,,-1,26.3686,3000
2026-06-27 03:11:28,151,W+6.5,30,True,False,False,,-1,26.4176,3000
2026-06-27 03:11:56,109,W+3.5,22,True,False,False,,-1,26.4614,3000
2026-06-27 03:12:27,129,B+0.5,23,True,False,False,,-1,26.515,3000
2026-06-27 03:12:51,96,B+1.5,8,True,False,False,,-1,26.5751,3000
2026-06-27 03:13:24,139,B+1.5,22,True,False,False,,-1,26.5782,3000
2026-06-27 03:13:50,100,B+5.5,12,True,False,False,,-1,26.7122,3000
2026-06-27 03:14:24,132,B+4.5,22,True,False,False,,-1,26.8315,3000
2026-06-27 03:14:45,87,B+2.5,13,True,False,False,,-1,26.706,3000
2026-06-27 03:15:13,106,B+1.5,14,True,False,False,,-1,26.7181,3000
2026-06-27 03:15:39,109,B+2.5,9,True,False,False,,-1,26.8386,3000
2026-06-27 03:16:04,109,B+3.5,14,True,False,False,,-1,26.6932,3000
2026-06-27 03:16:30,129,B+3.5,21,True,False,False,,-1,26.665,3000
2026-06-27 03:17:04,138,B+0.5,26,True,False,False,,-1,26.7686,3000
2026-06-27 03:17:15,43,B+1.5,4,True,False,False,,-1,26.6742,3000
2026-06-27 03:17:50,145,W+1.5,32,True,False,False,,-1,26.8925,3000
2026-06-27 03:18:16,95,B+7.5,10,True,False,False,,-1,26.8797,3000
2026-06-27 03:18:42,103,B+2.5,13,True,False,False,,-1,26.8553,3000
2026-06-27 03:19:22,162,W+1.5,33,True,False,False,,-1,27.0205,3000
2026-06-27 03:20:03,162,W+0.5,29,True,False,False,,-1,27.071,3000
2026-06-27 03:20:41,149,B+5.5,25,True,False,False,,-1,27.2139,3000
2026-06-27 03:21:01,77,B+3.5,11,True,False,False,,-1,27.0236,3000
2026-06-27 03:21:16,63,B+3.5,9,True,False,False,,-1,26.7926,3000
2026-06-27 03:21:34,77,B+5.5,12,True,False,False,,-1,26.737,3000
2026-06-27 03:22:07,136,B+3.5,30,True,False,False,,-1,26.9271,3000
2026-06-27 03:22:38,136,W+2.5,20,True,False,False,,-1,27.0029,3000
2026-06-27 03:23:14,132,B+0.5,22,True,False,False,,-1,27.1192,3000
2026-06-27 03:23:45,122,B+1.5,10,True,False,False,,-1,27.2048,3000
2026-06-27 03:24:04,65,B+1.5,8,True,False,False,,-1,27.2715,3000
2026-06-27 03:24:30,101,B+3.5,15,True,False,False,,-1,27.235,3000
2026-06-27 03:24:58,121,B+1.5,15,True,False,False,,-1,27.3363,3000
2026-06-27 03:25:33,148,B+4.5,31,True,False,False,,-1,27.3905,3000
2026-06-27 03:25:58,105,B+2.5,13,True,False,False,,-1,27.3983,3000
2026-06-27 03:26:26,114,B+10.5,19,True,False,False,,-1,27.5324,3000
2026-06-27 03:26:39,55,B+1.5,3,True,False,False,,-1,27.3473,3000
2026-06-27 03:27:02,86,B+0.5,8,True,False,False,,-1,27.184,3000
2026-06-27 03:27:14,53,B+0.5,7,True,False,False,,-1,26.9085,3000
2026-06-27 03:27:30,61,B+0.5,5,True,False,False,,-1,26.9085,3000
2026-06-27 03:27:53,97,B+1.5,18,True,False,False,,-1,26.8154,3000
2026-06-27 03:28:23,122,B+1.5,22,True,False,False,,-1,26.7103,3000
2026-06-27 03:28:53,114,B+1.5,16,True,False,False,,-1,26.6495,3000
2026-06-27 03:29:32,162,B+10.5,33,True,False,False,,-1,26.8739,3000
2026-06-27 03:29:58,107,B+1.5,9,True,False,False,,-1,26.8476,3000
2026-06-27 03:30:33,132,B+8.5,18,True,False,False,,-1,27.0293,3000
2026-06-27 03:30:54,90,B+2.5,7,True,False,False,,-1,26.96,3000
2026-06-27 03:31:08,57,B+0.5,4,True,False,False,,-1,26.8646,3000
2026-06-27 03:31:34,100,B+2.5,12,True,False,False,,-1,26.8899,3000
2026-06-27 03:32:10,143,B+0.5,28,True,False,False,,-1,26.9102,3000
2026-06-27 03:32:44,133,B+2.5,23,True,False,False,,-1,27.0197,3000
2026-06-27 03:33:15,115,W+2.5,20,True,False,False,,-1,27.0804,3000
2026-06-27 03:33:41,110,B+12.5,14,True,False,False,,-1,27.0994,3000
2026-06-27 03:34:10,113,W+2.5,10,True,False,False,,-1,27.2115,3000
2026-06-27 03:34:34,98,B+5.5,12,True,False,False,,-1,27.2996,3000
2026-06-27 03:34:49,61,B+5.5,7,True,False,False,,-1,27.1519,3000
2026-06-27 03:35:12,96,B+1.5,13,True,False,False,,-1,27.0048,3000
2026-06-27 03:35:26,51,B+1.5,6,True,False,False,,-1,26.9222,3000
2026-06-27 03:36:05,162,W+3.5,29,True,False,False,,-1,27.1874,3000
2026-06-27 03:36:30,99,B+1.5,18,True,False,False,,-1,27.1542,3000
2026-06-27 03:36:58,117,B+2.5,22,True,False,False,,-1,27.1772,3000
2026-06-27 03:37:11,51,B+1.5,7,True,False,False,,-1,27.0412,3000
2026-06-27 03:37:37,110,B+1.5,19,True,False,False,,-1,27.1282,3000
2026-06-27 03:38:15,162,W+3.5,30,True,False,False,,-1,27.2905,3000
2026-06-27 03:38:34,69,B+0.5,8,True,False,False,,-1,27.2096,3000
2026-06-27 03:38:56,91,B+4.5,13,True,False,False,,-1,27.2239,3000
2026-06-27 03:39:27,121,W+0.5,18,True,False,False,,-1,27.3194,3000
2026-06-27 03:40:04,162,W+3.5,25,True,False,False,,-1,27.5242,3000
2026-06-27 03:40:37,134,W+0.5,18,True,False,False,,-1,27.528,3000
2026-06-27 03:41:13,123,W+2.5,25,True,False,False,,-1,27.6396,3000
2026-06-27 03:41:37,98,B+2.5,14,True,False,False,,-1,27.5974,3000
2026-06-27 03:42:06,112,B+1.5,19,True,False,False,,-1,27.5848,3000
2026-06-27 03:42:31,109,B+0.5,14,True,False,False,,-1,27.5768,3000
2026-06-27 03:42:55,96,B+4.5,16,True,False,False,,-1,27.516,3000
2026-06-27 03:43:28,146,B+5.5,28,True,False,False,,-1,27.5227,3000
2026-06-27 03:43:59,124,B+1.5,27,True,False,False,,-1,27.4394,3000
2026-06-27 03:44:12,57,B+1.5,7,True,False,False,,-1,27.2272,3000
2026-06-27 03:44:37,94,B+1.5,12,True,False,False,,-1,27.1096,3000
2026-06-27 03:45:20,162,W+3.5,36,True,False,False,,-1,27.2754,3000
2026-06-27 03:45:53,162,B+2.5,34,True,False,False,,-1,27.3347,3000
2026-06-27 03:46:19,112,B+1.5,21,True,False,False,,-1,27.4341,3000
2026-06-27 03:46:45,101,W+2.5,9,True,False,False,,-1,27.4512,3000
2026-06-27 03:47:12,95,B+2.5,12,True,False,False,,-1,27.4746,3000
2026-06-27 03:47:48,141,W+0.5,32,True,False,False,,-1,27.6057,3000
2026-06-27 03:48:13,99,W+1.5,16,True,False,False,,-1,27.5721,3000
2026-06-27 03:48:39,103,B+4.5,21,True,False,False,,-1,27.6848,3000
2026-06-27 03:49:17,162,W+4.5,36,True,False,False,,-1,27.7833,3000
2026-06-27 03:49:43,100,B+1.5,16,True,False,False,,-1,27.6894,3000
2026-06-27 03:50:16,130,W+1.5,19,True,False,False,,-1,27.7176,3000
2026-06-27 03:50:57,162,W+3.5,29,True,False,False,,-1,27.7586,3000
2026-06-27 03:51:28,119,W+4.5,16,True,False,False,,-1,27.6746,3000
2026-06-27 03:52:06,149,B+3.5,27,True,False,False,,-1,27.83,3000
2026-06-27 03:52:28,81,B+3.5,10,True,False,False,,-1,27.7963,3000
2026-06-27 03:52:55,113,W+1.5,16,True,False,False,,-1,27.8853,3000
2026-06-27 03:53:30,141,B+10.5,24,True,False,False,,-1,27.994,3000
2026-06-27 03:54:11,162,W+2.5,20,True,False,False,,-1,28.205,3000
2026-06-27 03:54:45,132,B+0.5,28,True,False,False,,-1,28.2175,3000
2026-06-27 03:55:17,122,B+5.5,20,True,False,False,,-1,28.2146,3000
2026-06-27 03:55:44,109,B+3.5,19,True,False,False,,-1,28.0889,3000
2026-06-27 03:55:54,43,B+0.5,7,True,False,False,,-1,27.9428,3000
2026-06-27 03:56:36,160,B+0.5,33,True,False,False,,-1,28.0752,3000
2026-06-27 03:57:03,113,W+0.5,16,True,False,False,,-1,28.0263,3000
2026-06-27 03:57:32,108,W+0.5,10,True,False,False,,-1,28.0186,3000
2026-06-27 03:57:58,100,W+0.5,11,True,False,False,,-1,27.8902,3000
2026-06-27 03:58:41,162,B+23.5,33,True,False,False,,-1,28.0464,3000
2026-06-27 03:59:10,110,B+0.5,20,True,False,False,,-1,28.0252,3000
2026-06-27 03:59:45,148,B+2.5,30,True,False,False,,-1,28.134,3000
2026-06-27 04:00:13,112,B+1.5,17,True,False,False,,-1,28.0881,3000
2026-06-27 04:00:36,99,B+1.5,9,True,False,False,,-1,28.0527,3000
2026-06-27 04:00:57,88,B+1.5,11,True,False,False,,-1,27.9211,3000
2026-06-27 04:01:17,89,B+4.5,14,True,False,False,,-1,27.919,3000
2026-06-27 04:01:49,131,B+2.5,16,True,False,False,,-1,27.9611,3000
2026-06-27 04:02:13,95,B+3.5,14,True,False,False,,-1,27.9434,3000
2026-06-27 04:02:39,109,B+0.5,17,True,False,False,,-1,27.9472,3000
2026-06-27 04:02:54,59,B+1.5,5,True,False,False,,-1,27.8416,3000
2026-06-27 04:03:16,86,B+0.5,10,True,False,False,,-1,27.7122,3000
2026-06-27 04:03:43,113,W+2.5,16,True,False,False,,-1,27.8852,3000
2026-06-27 04:04:08,107,B+2.5,16,True,False,False,,-1,27.7796,3000
2026-06-27 04:04:32,100,B+1.5,14,True,False,False,,-1,27.7667,3000
2026-06-27 04:05:06,133,W+4.5,26,True,False,False,,-1,27.8337,3000
2026-06-27 04:05:35,119,W+0.5,21,True,False,False,,-1,27.7258,3000
2026-06-27 04:06:07,121,W+2.5,10,True,False,False,,-1,27.6372,3000
2026-06-27 04:06:36,109,B+3.5,18,True,False,False,,-1,27.5476,3000
2026-06-27 04:07:00,95,B+0.5,18,True,False,False,,-1,27.5823,3000
2026-06-27 04:07:24,97,B+4.5,10,True,False,False,,-1,27.6784,3000
2026-06-27 04:07:53,119,B+1.5,27,True,False,False,,-1,27.7843,3000
2026-06-27 04:08:07,59,B+0.5,6,True,False,False,,-1,27.5919,3000
2026-06-27 04:08:35,121,B+1.5,14,True,False,False,,-1,27.5636,3000
2026-06-27 04:09:05,115,B+2.5,20,True,False,False,,-1,27.4982,3000
2026-06-27 04:09:34,106,B+2.5,15,True,False,False,,-1,27.489,3000
2026-06-27 04:10:16,153,B+2.5,34,True,False,False,,-1,27.7204,3000
2026-06-27 04:10:57,162,B+1.5,20,True,False,False,,-1,27.8727,3000
2026-06-27 04:11:24,107,W+0.5,20,True,False,False,,-1,27.8528,3000
2026-06-27 04:11:57,143,W+0.5,23,True,False,False,,-1,27.8457,3000
2026-06-27 04:12:17,78,B+6.5,10,True,False,False,,-1,27.7852,3000
2026-06-27 04:12:39,97,W+0.5,12,True,False,False,,-1,27.7277,3000
2026-06-27 04:13:14,162,B+3.5,28,True,False,False,,-1,27.9453,3000
2026-06-27 04:13:38,98,B+1.5,12,True,False,False,,-1,27.9505,3000
2026-06-27 04:14:11,146,W+2.5,33,True,False,False,,-1,28.169,3000
2026-06-27 04:14:28,61,B+0.5,7,True,False,False,,-1,28.1768,3000
2026-06-27 04:14:58,107,W+1.5,13,True,False,False,,-1,28.251,3000
2026-06-27 04:15:11,57,B+0.5,9,True,False,False,,-1,28.0793,3000
2026-06-27 04:15:32,77,B+0.5,7,True,False,False,,-1,27.9935,3000
2026-06-27 04:16:09,150,B+1.5,25,True,False,False,,-1,27.9733,3000
2026-06-27 04:16:40,113,W+0.5,17,True,False,False,,-1,28.0185,3000
2026-06-27 04:17:09,121,B+5.5,17,True,False,False,,-1,27.9577,3000
2026-06-27 04:17:23,61,B+0.5,9,True,False,False,,-1,27.8931,3000
2026-06-27 04:17:49,104,B+4.5,14,True,False,False,,-1,28.01,3000
2026-06-27 04:18:14,96,B+4.5,13,True,False,False,,-1,28.0041,3000
2026-06-27 04:18:26,51,B+0.5,6,True,False,False,,-1,27.75,3000
2026-06-27 04:19:04,162,W+0.5,29,True,False,False,,-1,27.7954,3000
2026-06-27 04:19:31,105,B+1.5,12,True,False,False,,-1,27.7654,3000
2026-06-27 04:20:04,134,B+6.5,29,True,False,False,,-1,27.8308,3000
2026-06-27 04:20:30,98,B+2.5,11,True,False,False,,-1,27.8,3000
2026-06-27 04:20:46,59,B+0.5,5,True,False,False,,-1,27.7267,3000
2026-06-27 04:21:24,159,W+2.5,30,True,False,False,,-1,27.9446,3000
2026-06-27 04:21:48,97,W+1.5,15,True,False,False,,-1,27.9552,3000
2026-06-27 04:22:15,106,B+5.5,15,True,False,False,,-1,28.0869,3000
2026-06-27 04:22:41,105,W+2.5,10,True,False,False,,-1,27.9558,3000
2026-06-27 04:23:18,147,W+0.5,28,True,False,False,,-1,28.0833,3000
2026-06-27 04:23:42,95,B+2.5,13,True,False,False,,-1,28.0421,3000
2026-06-27 04:24:08,104,B+1.5,17,True,False,False,,-1,28.1592,3000
2026-06-27 04:24:30,91,W+0.5,11,True,False,False,,-1,28.1267,3000
2026-06-27 04:24:58,112,B+0.5,16,True,False,False,,-1,28.0249,3000
2026-06-27 04:25:31,127,W+0.5,15,True,False,False,,-1,28.1672,3000
2026-06-27 04:26:09,158,B+0.5,34,True,False,False,,-1,28.3216,3000
2026-06-27 04:26:39,113,W+1.5,15,True,False,False,,-1,28.3122,3000
2026-06-27 04:27:04,109,W+0.5,15,True,False,False,,-1,28.2,3000
2026-06-27 04:27:17,55,B+2.5,3,True,False,False,,-1,27.9969,3000
2026-06-27 04:27:57,157,W+1.5,32,True,False,False,,-1,28.0405,3000
2026-06-27 04:28:24,101,B+1.5,15,True,False,False,,-1,28.0621,3000
2026-06-27 04:28:57,162,B+13.5,8,True,False,False,,-1,28.1124,3000
2026-06-27 04:29:36,162,B+1.5,40,True,False,False,,-1,28.2478,3000
2026-06-27 04:29:58,89,B+0.5,11,True,False,False,,-1,28.2264,3000
2026-06-27 04:30:28,125,W+8.5,19,True,False,False,,-1,28.1969,3000
2026-06-27 04:30:55,117,W+3.5,16,True,False,False,,-1,28.1545,3000
2026-06-27 04:31:21,107,B+5.5,14,True,False,False,,-1,28.2849,3000
2026-06-27 04:31:54,162,W+11.5,29,True,False,False,,-1,28.3646,3000
2026-06-27 04:32:23,113,W+1.5,18,True,False,False,,-1,28.228,3000
2026-06-27 04:32:47,89,B+1.5,10,True,False,False,,-1,28.1403,3000
2026-06-27 04:33:29,162,B+3.5,32,True,False,False,,-1,28.3026,3000
2026-06-27 04:34:01,120,B+0.5,28,True,False,False,,-1,28.3534,3000
2026-06-27 04:34:30,112,B+3.5,14,True,False,False,,-1,28.3778,3000
2026-06-27 04:34:53,100,B+3.5,12,True,False,False,,-1,28.2459,3000
2026-06-27 04:35:08,57,B+0.5,6,True,False,False,,-1,28.147,3000
2026-06-27 04:35:44,147,W+4.5,29,True,False,False,,-1,28.2483,3000
2026-06-27 04:36:10,89,B+1.5,12,True,False,False,,-1,28.1249,3000
2026-06-27 04:36:42,126,B+0.5,25,True,False,False,,-1,28.1876,3000
2026-06-27 04:37:18,160,B+1.5,29,True,False,False,,-1,28.22,3000
2026-06-27 04:37:43,101,W+4.5,17,True,False,False,,-1,28.0607,3000
2026-06-27 04:38:06,93,B+2.5,11,True,False,False,,-1,27.9752,3000
2026-06-27 04:38:30,95,B+2.5,7,True,False,False,,-1,27.8309,3000
2026-06-27 04:39:10,162,B+5.5,32,True,False,False,,-1,28.0182,3000
2026-06-27 04:39:37,119,B+1.5,15,True,False,False,,-1,28.0235,3000
2026-06-27 04:40:04,107,B+4.5,15,True,False,False,,-1,27.9365,3000
2026-06-27 04:40:21,63,B+1.5,8,True,False,False,,-1,27.6976,3000
2026-06-27 04:41:01,162,B+4.5,32,True,False,False,,-1,27.7531,3000
2026-06-27 04:41:23,87,W+1.5,7,True,False,False,,-1,27.6504,3000
2026-06-27 04:41:55,129,W+0.5,22,True,False,False,,-1,27.7096,3000
2026-06-27 04:42:27,127,B+2.5,26,True,False,False,,-1,27.9266,3000
2026-06-27 04:42:40,51,B+4.5,4,True,False,False,,-1,27.642,3000
2026-06-27 04:43:09,110,B+5.5,13,True,False,False,,-1,27.6636,3000
2026-06-27 04:43:25,59,B+2.5,9,True,False,False,,-1,27.524,3000
2026-06-27 04:43:52,109,W+1.5,19,True,False,False,,-1,27.544,3000
2026-06-27 04:44:17,99,B+2.5,15,True,False,False,,-1,27.3659,3000
2026-06-27 04:44:53,138,B+2.5,25,True,False,False,,-1,27.4276,3000
2026-06-27 04:45:26,137,W+0.5,26,True,False,False,,-1,27.4099,3000
2026-06-27 04:45:57,121,B+0.5,15,True,False,False,,-1,27.4366,3000
2026-06-27 04:46:24,115,B+1.5,22,True,False,False,,-1,27.48,3000
2026-06-27 04:46:48,98,B+3.5,19,True,False,False,,-1,27.5089,3000
2026-06-27 04:47:09,95,W+4.5,15,True,False,False,,-1,27.5186,3000
2026-06-27 04:47:22,49,B+0.5,6,True,False,False,,-1,27.321,3000
2026-06-27 04:48:01,162,B+16.5,34,True,False,False,,-1,27.478,3000
2026-06-27 04:48:25,96,B+1.5,11,True,False,False,,-1,27.4644,3000
2026-06-27 04:48:51,95,B+4.5,11,True,False,False,,-1,27.5619,3000
2026-06-27 04:49:15,94,B+0.5,13,True,False,False,,-1,27.5921,3000
2026-06-27 04:49:41,102,B+2.5,21,True,False,False,,-1,27.5767,3000
2026-06-27 04:50:06,101,W+2.5,20,True,False,False,,-1,27.5771,3000
2026-06-27 04:50:33,107,B+2.5,14,True,False,False,,-1,27.6059,3000
2026-06-27 04:50:49,55,B+4.5,4,True,False,False,,-1,27.4313,3000
2026-06-27 04:51:14,101,W+3.5,11,True,False,False,,-1,27.3849,3000
2026-06-27 04:51:41,101,B+2.5,9,True,False,False,,-1,27.3395,3000
2026-06-27 04:51:56,65,B+1.5,5,True,False,False,,-1,27.1968,3000
2026-06-27 04:52:25,115,B+3.5,18,True,False,False,,-1,27.2527,3000
2026-06-27 04:52:40,57,B+0.5,7,True,False,False,,-1,27.1608,3000
2026-06-27 04:52:52,51,B+2.5,6,True,False,False,,-1,26.9923,3000
2026-06-27 04:53:29,146,W+3.5,36,True,False,False,,-1,27.2232,3000
2026-06-27 04:53:44,51,B+8.5,5,True,False,False,,-1,27.0854,3000
2026-06-27 04:54:15,109,B+1.5,18,True,False,False,,-1,27.1046,3000
2026-06-27 04:54:42,113,W+0.5,25,True,False,False,,-1,27.0703,3000
2026-06-27 04:55:07,115,B+5.5,23,True,False,False,,-1,26.903,3000
2026-06-27 04:55:29,101,B+1.5,15,True,False,False,,-1,26.7184,3000
2026-06-27 04:55:42,55,B+0.5,8,True,False,False,,-1,26.5738,3000
2026-06-27 04:56:04,93,B+0.5,12,True,False,False,,-1,26.4684,3000
2026-06-27 04:56:40,144,B+2.5,23,True,False,False,,-1,26.6299,3000
2026-06-27 04:57:09,112,B+0.5,19,True,False,False,,-1,26.6968,3000
2026-06-27 04:57:31,95,B+2.5,16,True,False,False,,-1,26.5685,3000
2026-06-27 04:58:01,125,B+2.5,24,True,False,False,,-1,26.6308,3000
2026-06-27 04:58:38,145,W+0.5,23,True,False,False,,-1,26.6623,3000
2026-06-27 04:59:03,98,B+4.5,17,True,False,False,,-1,26.747,3000
2026-06-27 04:59:35,125,B+1.5,26,True,False,False,,-1,26.7653,3000
2026-06-27 04:59:57,88,B+2.5,11,True,False,False,,-1,26.8577,3000
2026-06-27 05:00:27,118,B+2.5,19,True,False,False,,-1,26.9421,3000
2026-06-27 05:01:10,162,B+29.5,23,True,False,False,,-1,27.007,3000
2026-06-27 05:01:34,95,B+1.5,13,True,False,False,,-1,26.9358,3000
2026-06-27 05:01:53,84,B+5.5,13,True,False,False,,-1,26.8393,3000
2026-06-27 05:02:22,120,B+4.5,21,True,False,False,,-1,26.9882,3000
2026-06-27 05:03:01,162,B+6.5,34,True,False,False,,-1,27.1162,3000
2026-06-27 05:03:43,160,B+14.5,38,True,False,False,,-1,27.2876,3000
2026-06-27 05:04:15,133,B+0.5,23,True,False,False,,-1,27.496,3000
2026-06-27 05:04:29,55,B+0.5,6,True,False,False,,-1,27.2433,3000
2026-06-27 05:04:56,108,B+6.5,18,True,False,False,,-1,27.2435,3000
2026-06-27 05:05:35,162,W+7.5,37,True,False,False,,-1,27.3029,3000
2026-06-27 05:06:08,137,B+2.5,23,True,False,False,,-1,27.3767,3000
2026-06-27 05:06:33,99,B+2.5,19,True,False,False,,-1,27.4676,3000
2026-06-27 05:07:15,162,W+3.5,27,True,False,False,,-1,27.5072,3000
2026-06-27 05:07:46,162,B+3.5,31,True,False,False,,-1,27.5819,3000
2026-06-27 05:08:24,162,B+4.5,33,True,False,False,,-1,27.6864,3000
2026-06-27 05:08:51,107,W+0.5,11,True,False,False,,-1,27.6966,3000
2026-06-27 05:09:24,124,B+1.5,15,True,False,False,,-1,27.6562,3000
2026-06-27 05:09:47,90,B+0.5,11,True,False,False,,-1,27.6472,3000
2026-06-27 05:10:21,150,B+8.5,26,True,False,False,,-1,27.7328,3000
2026-06-27 05:10:35,61,B+1.5,10,True,False,False,,-1,27.6478,3000
2026-06-27 05:11:08,123,W+0.5,21,True,False,False,,-1,27.7004,3000
2026-06-27 05:11:43,152,B+1.5,33,True,False,False,,-1,27.7092,3000
2026-06-27 05:12:08,99,B+2.5,11,True,False,False,,-1,27.5912,3000
2026-06-27 05:12:36,107,W+3.5,18,True,False,False,,-1,27.5672,3000
2026-06-27 05:13:03,108,B+1.5,16,True,False,False,,-1,27.5876,3000
2026-06-27 05:13:30,108,B+2.5,21,True,False,False,,-1,27.7224,3000
2026-06-27 05:13:56,105,B+0.5,15,True,False,False,,-1,27.5848,3000
2026-06-27 05:14:08,51,B+7.5,2,True,False,False,,-1,27.439,3000
2026-06-27 05:14:33,91,B+0.5,11,True,False,False,,-1,27.3553,3000
2026-06-27 05:15:03,120,B+3.5,18,True,False,False,,-1,27.2663,3000
2026-06-27 05:15:38,132,B+1.5,21,True,False,False,,-1,27.3908,3000
2026-06-27 05:16:10,124,B+0.5,22,True,False,False,,-1,27.4149,3000
2026-06-27 05:16:39,122,B+3.5,21,True,False,False,,-1,27.4358,3000
2026-06-27 05:17:03,101,W+0.5,11,True,False,False,,-1,27.4217,3000
2026-06-27 05:17:16,47,B+0.5,3,True,False,False,,-1,27.2191,3000
2026-06-27 05:17:46,119,W+2.5,25,True,False,False,,-1,27.2257,3000
2026-06-27 05:18:11,107,W+3.5,14,True,False,False,,-1,27.2419,3000
2026-06-27 05:18:38,113,W+0.5,14,True,False,False,,-1,27.0859,3000
2026-06-27 05:19:14,147,W+1.5,29,True,False,False,,-1,27.1279,3000
2026-06-27 05:19:38,97,W+3.5,9,True,False,False,,-1,27.0828,3000
2026-06-27 05:20:05,102,B+2.5,16,True,False,False,,-1,27.1163,3000
2026-06-27 05:20:34,118,B+1.5,19,True,False,False,,-1,27.2587,3000
2026-06-27 05:21:13,162,W+2.5,37,True,False,False,,-1,27.2815,3000
2026-06-27 05:21:36,97,B+0.5,15,True,False,False,,-1,27.2566,3000
2026-06-27 05:21:59,90,B+2.5,9,True,False,False,,-1,27.1694,3000
2026-06-27 05:22:09,40,W+8.5,2,True,False,False,,-1,26.907,3000
2026-06-27 05:22:39,117,W+1.5,20,True,False,False,,-1,26.9519,3000
2026-06-27 05:23:00,90,B+4.5,6,True,False,False,,-1,26.9373,3000
2026-06-27 05:23:27,112,W+4.5,14,True,False,False,,-1,26.9684,3000
2026-06-27 05:23:59,141,B+3.5,35,True,False,False,,-1,26.8871,3000
2026-06-27 05:24:24,119,B+0.5,20,True,False,False,,-1,26.8635,3000
2026-06-27 05:24:51,118,B+0.5,22,True,False,False,,-1,26.865,3000
2026-06-27 05:25:17,114,B+0.5,29,True,False,False,,-1,26.957,3000
2026-06-27 05:25:40,92,B+4.5,14,True,False,False,,-1,26.7892,3000
2026-06-27 05:26:04,102,B+5.5,14,True,False,False,,-1,26.8075,3000
2026-06-27 05:26:35,118,B+15.5,18,True,False,False,,-1,26.7987,3000
2026-06-27 05:27:14,162,B+1.5,45,True,False,False,,-1,26.8696,3000
2026-06-27 05:27:40,103,W+5.5,17,True,False,False,,-1,26.9895,3000
2026-06-27 05:28:09,123,W+3.5,19,True,False,False,,-1,26.9898,3000
2026-06-27 05:28:49,162,W+0.5,36,True,False,False,,-1,27.2386,3000
2026-06-27 05:29:01,47,B+2.5,4,True,False,False,,-1,27.0829,3000
2026-06-27 05:29:24,90,B+7.5,12,True,False,False,,-1,27.0625,3000
2026-06-27 05:30:02,162,W+9.5,35,True,False,False,,-1,27.0838,3000
2026-06-27 05:30:29,101,B+1.5,13,True,False,False,,-1,27.0292,3000
2026-06-27 05:30:53,102,B+3.5,26,True,False,False,,-1,26.9592,3000
2026-06-27 05:31:31,162,W+3.5,42,True,False,False,,-1,27.0743,3000
2026-06-27 05:34:12,109,B+2.5,8,True,False,False,,-1,27.3086,4000
2026-06-27 05:34:41,97,B+12.5,12,True,False,False,,-1,27.4678,4000
2026-06-27 05:35:12,109,W+2.5,7,True,False,False,,-1,27.3895,4000
2026-06-27 05:35:37,82,B+2.5,4,True,False,False,,-1,27.3976,4000
2026-06-27 05:36:13,162,W+15.5,30,True,False,False,,-1,27.4998,4000
2026-06-27 05:36:44,114,B+0.5,20,True,False,False,,-1,27.561,4000
2026-06-27 05:37:19,130,B+1.5,23,True,False,False,,-1,27.6604,4000
2026-06-27 05:37:53,118,B+4.5,20,True,False,False,,-1,27.7549,4000
2026-06-27 05:38:23,113,W+8.5,15,True,False,False,,-1,27.7765,4000
2026-06-27 05:38:52,107,B+0.5,13,True,False,False,,-1,27.9143,4000
2026-06-27 05:39:25,118,B+2.5,18,True,False,False,,-1,27.9911,4000
2026-06-27 05:40:08,162,B+9.5,38,True,False,False,,-1,28.1441,4000
2026-06-27 05:40:22,63,B+1.5,13,True,False,False,,-1,28.1389,4000
2026-06-27 05:40:50,106,B+1.5,15,True,False,False,,-1,28.1263,4000
2026-06-27 05:41:25,126,B+1.5,21,True,False,False,,-1,28.3274,4000
2026-06-27 05:41:42,65,B+5.5,8,True,False,False,,-1,28.3726,4000
2026-06-27 05:42:12,104,W+1.5,14,True,False,False,,-1,28.311,4000
2026-06-27 05:42:40,106,B+1.5,7,True,False,False,,-1,28.4442,4000
2026-06-27 05:43:17,128,B+11.5,18,True,False,False,,-1,28.4981,4000
2026-06-27 05:43:56,135,B+1.5,25,True,False,False,,-1,28.6192,4000
2026-06-27 05:44:10,61,B+5.5,11,True,False,False,,-1,28.5116,4000
2026-06-27 05:44:39,102,B+0.5,6,True,False,False,,-1,28.572,4000
2026-06-27 05:44:53,51,B+2.5,4,True,False,False,,-1,28.5946,4000
2026-06-27 05:45:14,81,B+0.5,2,True,False,False,,-1,28.5775,4000
2026-06-27 05:45:40,96,B+1.5,9,True,False,False,,-1,28.4807,4000
2026-06-27 05:46:05,96,W+4.5,13,True,False,False,,-1,28.4306,4000
2026-06-27 05:46:40,124,B+4.5,22,True,False,False,,-1,28.5628,4000
2026-06-27 05:47:07,102,B+1.5,7,True,False,False,,-1,28.5389,4000
2026-06-27 05:47:30,89,B+7.5,12,True,False,False,,-1,28.4028,4000
2026-06-27 05:47:54,81,B+0.5,5,True,False,False,,-1,28.3893,4000
2026-06-27 05:48:17,91,B+4.5,7,True,False,False,,-1,28.306,4000
2026-06-27 05:48:48,117,B+2.5,15,True,False,False,,-1,28.3889,4000
2026-06-27 05:49:19,109,W+2.5,17,True,False,False,,-1,28.4004,4000
2026-06-27 05:49:46,95,B+1.5,11,True,False,False,,-1,28.2361,4000
2026-06-27 05:50:24,162,W+8.5,38,True,False,False,,-1,28.3846,4000
2026-06-27 05:51:04,162,B+8.5,23,True,False,False,,-1,28.5897,4000
2026-06-27 05:51:39,135,W+1.5,25,True,False,False,,-1,28.6427,4000
2026-06-27 05:52:21,152,B+8.5,29,True,False,False,,-1,28.6859,4000
2026-06-27 05:52:45,100,B+5.5,22,True,False,False,,-1,28.5013,4000
2026-06-27 05:53:19,113,B+1.5,15,True,False,False,,-1,28.5185,4000
2026-06-27 05:53:44,91,B+7.5,12,True,False,False,,-1,28.6304,4000
2026-06-27 05:54:15,120,B+5.5,15,True,False,False,,-1,28.6719,4000
2026-06-27 05:54:41,95,W+14.5,5,True,False,False,,-1,28.5387,4000
2026-06-27 05:55:13,118,B+7.5,23,True,False,False,,-1,28.5248,4000
2026-06-27 05:55:47,126,B+7.5,11,True,False,False,,-1,28.6172,4000
2026-06-27 05:56:19,119,B+11.5,16,True,False,False,,-1,28.5241,4000
2026-06-27 05:56:34,53,B+5.5,5,True,False,False,,-1,28.3629,4000
2026-06-27 05:57:24,162,B+4.5,27,True,False,False,,-1,28.48,4000
2026-06-27 05:57:53,104,B+3.5,10,True,False,False,,-1,28.4974,4000
2026-06-27 05:58:20,94,B+5.5,5,True,False,False,,-1,28.4336,4000
2026-06-27 05:58:52,109,B+2.5,7,True,False,False,,-1,28.5286,4000
2026-06-27 05:59:17,90,B+2.5,10,True,False,False,,-1,28.4346,4000
2026-06-27 05:59:44,116,B+5.5,20,True,False,False,,-1,28.5657,4000
2026-06-27 06:00:13,117,B+1.5,18,True,False,False,,-1,28.5213,4000
2026-06-27 06:00:27,61,B+2.5,8,True,False,False,,-1,28.3255,4000
2026-06-27 06:00:52,89,B+6.5,7,True,False,False,,-1,28.3234,4000
2026-06-27 06:01:08,63,B+1.5,9,True,False,False,,-1,28.2005,4000
2026-06-27 06:01:20,49,B+0.5,10,True,False,False,,-1,28.0512,4000
2026-06-27 06:01:45,97,W+12.5,11,True,False,False,,-1,28.0354,4000
2026-06-27 06:02:14,107,W+7.5,13,True,False,False,,-1,28.0638,4000
2026-06-27 06:02:30,73,B+5.5,8,True,False,False,,-1,28.105,4000
2026-06-27 06:02:57,101,B+2.5,11,True,False,False,,-1,28.115,4000
2026-06-27 06:03:23,98,B+2.5,12,True,False,False,,-1,28.0807,4000
2026-06-27 06:03:54,107,W+2.5,13,True,False,False,,-1,28.0456,4000
2026-06-27 06:04:22,98,B+1.5,13,True,False,False,,-1,27.9982,4000
2026-06-27 06:04:45,91,B+3.5,13,True,False,False,,-1,27.9454,4000
2026-06-27 06:05:10,102,B+1.5,13,True,False,False,,-1,27.9476,4000
2026-06-27 06:05:40,110,B+6.5,12,True,False,False,,-1,28.1177,4000
2026-06-27 06:06:12,112,B+10.5,7,True,False,False,,-1,28.1382,4000
2026-06-27 06:06:39,101,W+0.5,4,True,False,False,,-1,28.1606,4000
2026-06-27 06:07:23,162,B+14.5,25,True,False,False,,-1,28.3246,4000
2026-06-27 06:07:42,81,B+3.5,11,True,False,False,,-1,28.1635,4000
2026-06-27 06:08:15,114,B+1.5,15,True,False,False,,-1,28.2408,4000
2026-06-27 06:08:33,75,B+0.5,8,True,False,False,,-1,28.157,4000
2026-06-27 06:09:06,130,B+1.5,29,True,False,False,,-1,28.2032,4000
2026-06-27 06:09:28,86,B+4.5,7,True,False,False,,-1,28.0388,4000
2026-06-27 06:09:55,92,B+2.5,8,True,False,False,,-1,28.0693,4000
2026-06-27 06:10:32,130,B+9.5,24,True,False,False,,-1,28.2112,4000
2026-06-27 06:11:03,119,B+3.5,20,True,False,False,,-1,28.4238,4000
2026-06-27 06:11:32,107,W+3.5,9,True,False,False,,-1,28.4173,4000
2026-06-27 06:11:58,97,W+7.5,8,True,False,False,,-1,28.456,4000
2026-06-27 06:12:32,126,B+1.5,16,True,False,False,,-1,28.5294,4000
2026-06-27 06:12:48,67,B+1.5,9,True,False,False,,-1,28.377,4000
2026-06-27 06:13:05,71,B+6.5,14,True,False,False,,-1,28.2939,4000
2026-06-27 06:13:41,129,W+2.5,21,True,False,False,,-1,28.3841,4000
2026-06-27 06:14:18,126,B+1.5,21,True,False,False,,-1,28.4907,4000
2026-06-27 06:14:52,120,B+1.5,16,True,False,False,,-1,28.5971,4000
2026-06-27 06:15:11,69,B+0.5,12,True,False,False,,-1,28.5493,4000
2026-06-27 06:15:47,132,B+6.5,19,True,False,False,,-1,28.5926,4000
2026-06-27 06:16:11,98,B+0.5,12,True,False,False,,-1,28.4397,4000
2026-06-27 06:16:41,104,B+2.5,5,True,False,False,,-1,28.4965,4000
2026-06-27 06:16:57,53,B+3.5,11,True,False,False,,-1,28.3586,4000
2026-06-27 06:17:20,86,B+2.5,8,True,False,False,,-1,28.1879,4000
2026-06-27 06:17:45,99,W+5.5,12,True,False,False,,-1,28.3187,4000
2026-06-27 06:18:13,106,B+2.5,16,True,False,False,,-1,28.3701,4000
2026-06-27 06:18:46,111,B+0.5,12,True,False,False,,-1,28.3234,4000
2026-06-27 06:19:04,63,B+2.5,9,True,False,False,,-1,28.2198,4000
2026-06-27 06:19:34,115,W+0.5,16,True,False,False,,-1,28.2891,4000
2026-06-27 06:20:05,110,B+3.5,18,True,False,False,,-1,28.2102,4000
2026-06-27 06:20:37,115,B+2.5,11,True,False,False,,-1,28.1613,4000
2026-06-27 06:20:59,87,B+9.5,5,True,False,False,,-1,28.0649,4000
2026-06-27 06:21:24,89,B+2.5,10,True,False,False,,-1,28.0292,4000
2026-06-27 06:21:59,124,B+3.5,11,True,False,False,,-1,28.0652,4000
2026-06-27 06:22:41,151,W+2.5,24,True,False,False,,-1,28.2328,4000
2026-06-27 06:23:05,94,B+4.5,10,True,False,False,,-1,28.1222,4000
2026-06-27 06:23:20,57,B+5.5,8,True,False,False,,-1,27.9601,4000
2026-06-27 06:23:49,113,B+6.5,24,True,False,False,,-1,27.8902,4000
2026-06-27 06:24:23,124,B+6.5,16,True,False,False,,-1,27.8959,4000
2026-06-27 06:24:43,76,W+3.5,6,True,False,False,,-1,27.7971,4000
2026-06-27 06:25:10,103,B+4.5,12,True,False,False,,-1,27.7733,4000
2026-06-27 06:25:41,109,W+3.5,14,True,False,False,,-1,27.7535,4000
2026-06-27 06:26:15,123,W+2.5,13,True,False,False,,-1,27.6735,4000
2026-06-27 06:26:43,103,B+9.5,10,True,False,False,,-1,27.8083,4000
2026-06-27 06:27:00,69,B+4.5,9,True,False,False,,-1,27.7005,4000
2026-06-27 06:27:29,112,B+0.5,19,True,False,False,,-1,27.6431,4000
2026-06-27 06:27:56,97,W+0.5,18,True,False,False,,-1,27.7454,4000
2026-06-27 06:28:19,91,W+4.5,10,True,False,False,,-1,27.6666,4000
2026-06-27 06:28:43,94,B+4.5,12,True,False,False,,-1,27.6216,4000
2026-06-27 06:29:24,137,W+4.5,17,True,False,False,,-1,27.6687,4000
2026-06-27 06:29:41,63,B+8.5,13,True,False,False,,-1,27.449,4000
2026-06-27 06:30:20,131,B+3.5,17,True,False,False,,-1,27.6963,4000
2026-06-27 06:30:46,95,B+0.5,8,True,False,False,,-1,27.6664,4000
2026-06-27 06:31:12,94,B+5.5,5,True,False,False,,-1,27.7839,4000
2026-06-27 06:31:52,162,W+5.5,27,True,False,False,,-1,27.9775,4000
2026-06-27 06:32:27,143,W+15.5,25,True,False,False,,-1,28.062,4000
2026-06-27 06:32:50,89,B+6.5,8,True,False,False,,-1,28.0541,4000
2026-06-27 06:33:19,108,B+4.5,17,True,False,False,,-1,27.9891,4000
2026-06-27 06:33:53,142,B+7.5,28,True,False,False,,-1,28.0553,4000
2026-06-27 06:34:22,110,B+10.5,16,True,False,False,,-1,28.1187,4000
2026-06-27 06:35:00,162,B+1.5,12,True,False,False,,-1,28.2599,4000
2026-06-27 06:35:30,105,W+2.5,8,True,False,False,,-1,28.3199,4000
2026-06-27 06:35:55,95,B+1.5,4,True,False,False,,-1,28.2629,4000
2026-06-27 06:36:31,129,W+1.5,23,True,False,False,,-1,28.3152,4000
2026-06-27 06:36:58,91,B+1.5,5,True,False,False,,-1,28.3162,4000
2026-06-27 06:37:25,105,B+2.5,21,True,False,False,,-1,28.2063,4000
2026-06-27 06:37:59,162,B+3.5,12,True,False,False,,-1,28.151,4000
2026-06-27 06:38:29,104,W+3.5,11,True,False,False,,-1,28.0961,4000
2026-06-27 06:39:10,152,B+1.5,20,True,False,False,,-1,28.0824,4000
2026-06-27 06:39:28,74,W+7.5,3,True,False,False,,-1,28.0243,4000
2026-06-27 06:39:47,71,B+6.5,18,True,False,False,,-1,27.8721,4000
2026-06-27 06:40:08,85,B+0.5,10,True,False,False,,-1,27.8401,4000
2026-06-27 06:40:35,105,B+11.5,10,True,False,False,,-1,27.7992,4000
2026-06-27 06:41:02,96,B+6.5,11,True,False,False,,-1,27.8083,4000
2026-06-27 06:41:26,92,W+3.5,9,True,False,False,,-1,27.7353,4000
2026-06-27 06:41:54,107,B+3.5,14,True,False,False,,-1,27.6633,4000
2026-06-27 06:42:22,104,B+0.5,7,True,False,False,,-1,27.6203,4000
2026-06-27 06:42:52,104,B+3.5,8,True,False,False,,-1,27.7766,4000
2026-06-27 06:43:15,87,W+4.5,6,True,False,False,,-1,27.511,4000
2026-06-27 06:43:45,116,B+16.5,14,True,False,False,,-1,27.5181,4000
2026-06-27 06:44:10,91,W+6.5,10,True,False,False,,-1,27.5023,4000
2026-06-27 06:44:52,153,W+2.5,26,True,False,False,,-1,27.5947,4000
2026-06-27 06:45:32,134,B+6.5,23,True,False,False,,-1,27.748,4000
2026-06-27 06:46:05,112,B+3.5,13,True,False,False,,-1,27.8036,4000
2026-06-27 06:46:28,89,B+0.5,16,True,False,False,,-1,27.7501,4000
2026-06-27 06:46:43,63,B+4.5,11,True,False,False,,-1,27.7607,4000
2026-06-27 06:47:07,93,B+11.5,14,True,False,False,,-1,27.7406,4000
2026-06-27 06:47:30,83,B+7.5,9,True,False,False,,-1,27.8219,4000
2026-06-27 06:48:03,128,B+3.5,20,True,False,False,,-1,28.026,4000
2026-06-27 06:48:43,139,B+3.5,15,True,False,False,,-1,28.173,4000
2026-06-27 06:48:58,59,B+0.5,6,True,False,False,,-1,28.0326,4000
2026-06-27 06:49:25,101,B+3.5,16,True,False,False,,-1,28.1412,4000
2026-06-27 06:49:53,106,B+3.5,10,True,False,False,,-1,28.1548,4000
2026-06-27 06:50:24,116,B+8.5,15,True,False,False,,-1,28.2043,4000
2026-06-27 06:50:47,85,B+6.5,4,True,False,False,,-1,28.1235,4000
2026-06-27 06:51:04,65,B+0.5,9,True,False,False,,-1,28.0156,4000
2026-06-27 06:51:36,107,W+3.5,9,True,False,False,,-1,28.1059,4000
2026-06-27 06:52:09,118,B+2.5,20,True,False,False,,-1,28.1897,4000
2026-06-27 06:52:52,146,B+3.5,18,True,False,False,,-1,28.3112,4000
2026-06-27 06:53:14,83,B+1.5,5,True,False,False,,-1,28.2214,4000
2026-06-27 06:53:46,115,W+2.5,19,True,False,False,,-1,28.2587,4000
2026-06-27 06:53:59,55,B+0.5,9,True,False,False,,-1,27.9641,4000
2026-06-27 06:54:29,112,B+4.5,19,True,False,False,,-1,28.0603,4000
2026-06-27 06:54:56,107,W+0.5,7,True,False,False,,-1,28.012,4000
2026-06-27 06:55:27,117,B+8.5,25,True,False,False,,-1,28.138,4000
2026-06-27 06:56:03,128,B+2.5,18,True,False,False,,-1,28.1691,4000
2026-06-27 06:56:31,113,W+0.5,13,True,False,False,,-1,28.2254,4000
2026-06-27 06:56:47,61,B+2.5,7,True,False,False,,-1,28.1146,4000
2026-06-27 06:57:11,87,B+6.5,9,True,False,False,,-1,27.9875,4000
2026-06-27 06:57:27,61,B+9.5,7,True,False,False,,-1,27.8297,4000
2026-06-27 06:57:51,92,B+7.5,11,True,False,False,,-1,27.7856,4000
2026-06-27 06:58:22,119,W+3.5,18,True,False,False,,-1,27.8413,4000
2026-06-27 06:58:57,128,B+2.5,19,True,False,False,,-1,27.853,4000
2026-06-27 06:59:25,98,B+7.5,11,True,False,False,,-1,27.9627,4000
2026-06-27 06:59:59,127,W+0.5,16,True,False,False,,-1,28.1333,4000
2026-06-27 07:00:27,109,W+2.5,16,True,False,False,,-1,28.0527,4000
2026-06-27 07:00:41,55,B+0.5,8,True,False,False,,-1,27.8297,4000
2026-06-27 07:01:10,108,B+6.5,10,True,False,False,,-1,27.7801,4000
2026-06-27 07:01:37,103,W+0.5,13,True,False,False,,-1,27.8552,4000
2026-06-27 07:02:06,100,B+3.5,9,True,False,False,,-1,27.7933,4000
2026-06-27 07:02:26,65,B+1.5,5,True,False,False,,-1,27.7492,4000
2026-06-27 07:02:50,92,B+0.5,9,True,False,False,,-1,27.6874,4000
2026-06-27 07:03:27,130,B+14.5,16,True,False,False,,-1,27.8988,4000
2026-06-27 07:03:40,53,B+0.5,8,True,False,False,,-1,27.8066,4000
2026-06-27 07:04:07,103,W+2.5,14,True,False,False,,-1,27.8227,4000
2026-06-27 07:04:32,89,B+3.5,14,True,False,False,,-1,27.7888,4000
2026-06-27 07:04:48,61,B+4.5,10,True,False,False,,-1,27.6185,4000
2026-06-27 07:05:18,120,B+2.5,27,True,False,False,,-1,27.7423,4000
2026-06-27 07:05:40,88,B+6.5,8,True,False,False,,-1,27.6526,4000
2026-06-27 07:06:12,119,B+19.5,14,True,False,False,,-1,27.6752,4000
2026-06-27 07:06:54,152,B+0.5,19,True,False,False,,-1,27.7735,4000
2026-06-27 07:07:21,110,B+3.5,16,True,False,False,,-1,27.8154,4000
2026-06-27 07:07:46,85,B+3.5,12,True,False,False,,-1,27.8164,4000
2026-06-27 07:08:11,91,B+4.5,10,True,False,False,,-1,27.7157,4000
2026-06-27 07:08:46,131,W+1.5,21,True,False,False,,-1,27.6556,4000
2026-06-27 07:09:17,109,W+7.5,14,True,False,False,,-1,27.7104,4000
2026-06-27 07:09:59,160,B+1.5,32,True,False,False,,-1,27.9862,4000
2026-06-27 07:10:27,99,B+2.5,12,True,False,False,,-1,27.9764,4000
2026-06-27 07:10:57,114,B+1.5,17,True,False,False,,-1,27.9338,4000
2026-06-27 07:11:11,57,B+5.5,13,True,False,False,,-1,27.8762,4000
2026-06-27 07:11:51,150,B+8.5,33,True,False,False,,-1,28.0098,4000
2026-06-27 07:12:18,102,B+0.5,9,True,False,False,,-1,27.9694,4000
2026-06-27 07:12:52,129,B+1.5,20,True,False,False,,-1,27.9657,4000
2026-06-27 07:13:23,108,B+0.5,13,True,False,False,,-1,27.9986,4000
2026-06-27 07:13:55,118,B+1.5,19,True,False,False,,-1,28.1389,4000
2026-06-27 07:14:20,95,B+11.5,13,True,False,False,,-1,28.1031,4000
2026-06-27 07:14:52,116,B+4.5,24,True,False,False,,-1,28.1506,4000
2026-06-27 07:15:17,96,B+3.5,16,True,False,False,,-1,28.1782,4000
2026-06-27 07:15:54,136,B+3.5,17,True,False,False,,-1,28.3143,4000
2026-06-27 07:16:22,104,B+4.5,8,True,False,False,,-1,28.1808,4000
2026-06-27 07:16:56,129,W+3.5,18,True,False,False,,-1,28.3526,4000
2026-06-27 07:17:31,132,B+2.5,21,True,False,False,,-1,28.3113,4000
2026-06-27 07:17:59,99,B+1.5,8,True,False,False,,-1,28.3351,4000
2026-06-27 07:18:30,115,W+3.5,9,True,False,False,,-1,28.3786,4000
2026-06-27 07:19:00,111,B+2.5,18,True,False,False,,-1,28.2722,4000
2026-06-27 07:19:39,153,W+3.5,29,True,False,False,,-1,28.3148,4000
2026-06-27 07:20:05,103,B+9.5,15,True,False,False,,-1,28.3455,4000
2026-06-27 07:20:37,122,B+0.5,25,True,False,False,,-1,28.3818,4000
2026-06-27 07:21:08,125,B+4.5,26,True,False,False,,-1,28.3549,4000
2026-06-27 07:21:33,97,B+4.5,7,True,False,False,,-1,28.3097,4000
2026-06-27 07:21:55,81,B+3.5,12,True,False,False,,-1,28.1475,4000
2026-06-27 07:22:19,92,B+0.5,14,True,False,False,,-1,28.0892,4000
2026-06-27 07:22:49,107,B+4.5,16,True,False,False,,-1,28.1385,4000
2026-06-27 07:23:16,101,W+3.5,6,True,False,False,,-1,28.0489,4000
2026-06-27 07:23:41,99,B+8.5,20,True,False,False,,-1,28.026,4000
2026-06-27 07:23:55,53,B+16.5,9,True,False,False,,-1,27.893,4000
2026-06-27 07:24:11,63,B+2.5,9,True,False,False,,-1,27.7153,4000
2026-06-27 07:24:41,107,B+3.5,6,True,False,False,,-1,27.7182,4000
2026-06-27 07:25:14,121,B+4.5,21,True,False,False,,-1,27.6395,4000
2026-06-27 07:25:51,124,B+0.5,15,True,False,False,,-1,27.8229,4000
2026-06-27 07:26:20,107,W+3.5,13,True,False,False,,-1,27.9271,4000
2026-06-27 07:26:57,135,B+2.5,29,True,False,False,,-1,28.0822,4000
2026-06-27 07:27:30,109,B+1.5,11,True,False,False,,-1,28.1444,4000
2026-06-27 07:27:54,85,B+1.5,6,True,False,False,,-1,28.1181,4000
2026-06-27 07:28:15,83,B+0.5,3,True,False,False,,-1,28.0878,4000
2026-06-27 07:28:43,112,B+1.5,16,True,False,False,,-1,28.0935,4000
2026-06-27 07:29:13,100,B+1.5,6,True,False,False,,-1,28.1098,4000
2026-06-27 07:29:43,119,W+1.5,10,True,False,False,,-1,28.1064,4000
2026-06-27 07:30:12,104,B+0.5,14,True,False,False,,-1,28.1639,4000
2026-06-27 07:30:51,149,B+1.5,29,True,False,False,,-1,28.255,4000
2026-06-27 07:31:09,65,B+0.5,7,True,False,False,,-1,28.1851,4000
2026-06-27 07:31:35,101,B+2.5,6,True,False,False,,-1,28.0293,4000
2026-06-27 07:31:58,91,W+7.5,6,True,False,False,,-1,27.8649,4000
2026-06-27 07:32:14,65,B+1.5,14,True,False,False,,-1,27.6959,4000
2026-06-27 07:32:40,101,W+5.5,5,True,False,False,,-1,27.7188,4000
2026-06-27 07:33:15,128,B+0.5,15,True,False,False,,-1,27.9111,4000
2026-06-27 07:33:41,95,B+4.5,13,True,False,False,,-1,27.9395,4000
2026-06-27 07:34:14,118,B+9.5,7,True,False,False,,-1,28.0325,4000
2026-06-27 07:34:42,104,B+1.5,19,True,False,False,,-1,27.9875,4000
2026-06-27 07:35:01,69,B+1.5,7,True,False,False,,-1,27.7809,4000
2026-06-27 07:35:15,55,B+4.5,8,True,False,False,,-1,27.7707,4000
2026-06-27 07:35:38,96,W+1.5,6,True,False,False,,-1,27.7326,4000
2026-06-27 07:36:07,116,B+2.5,25,True,False,False,,-1,27.7443,4000
2026-06-27 07:36:36,114,B+9.5,20,True,False,False,,-1,27.715,4000
2026-06-27 07:37:01,90,W+7.5,10,True,False,False,,-1,27.7387,4000
2026-06-27 07:37:27,93,W+2.5,8,True,False,False,,-1,27.8266,4000
2026-06-27 07:37:49,85,B+3.5,11,True,False,False,,-1,27.7269,4000
2026-06-27 07:38:17,105,B+0.5,10,True,False,False,,-1,27.6766,4000
2026-06-27 07:38:56,126,B+3.5,24,True,False,False,,-1,27.6446,4000
2026-06-27 07:39:23,100,B+0.5,13,True,False,False,,-1,27.6888,4000
2026-06-27 07:39:59,129,B+5.5,14,True,False,False,,-1,27.7285,4000
2026-06-27 07:40:34,128,B+7.5,18,True,False,False,,-1,27.9443,4000
2026-06-27 07:41:10,162,W+12.5,20,True,False,False,,-1,28.0119,4000
2026-06-27 07:41:48,132,B+6.5,15,True,False,False,,-1,28.1224,4000
2026-06-27 07:42:16,99,B+4.5,5,True,False,False,,-1,28.0873,4000
2026-06-27 07:42:40,95,B+3.5,12,True,False,False,,-1,27.966,4000
2026-06-27 07:42:55,65,B+1.5,10,True,False,False,,-1,27.8374,4000
2026-06-27 07:43:23,100,B+5.5,10,True,False,False,,-1,27.9613,4000
2026-06-27 07:43:59,139,W+0.5,30,True,False,False,,-1,28.0795,4000
2026-06-27 07:44:24,91,B+12.5,10,True,False,False,,-1,28.1714,4000
2026-06-27 07:45:00,130,B+1.5,18,True,False,False,,-1,28.2814,4000
2026-06-27 07:45:34,162,W+3.5,25,True,False,False,,-1,28.3129,4000
2026-06-27 07:46:03,105,B+0.5,10,True,False,False,,-1,28.2566,4000
2026-06-27 07:46:38,136,B+3.5,30,True,False,False,,-1,28.3287,4000
2026-06-27 07:47:10,108,B+1.5,15,True,False,False,,-1,28.3062,4000
2026-06-27 07:47:36,103,B+10.5,9,True,False,False,,-1,28.2937,4000
2026-06-27 07:47:58,81,B+2.5,3,True,False,False,,-1,28.3679,4000
2026-06-27 07:48:29,111,W+1.5,21,True,False,False,,-1,28.3897,4000
2026-06-27 07:48:58,104,W+0.5,13,True,False,False,,-1,28.4077,4000
2026-06-27 07:49:25,106,B+4.5,13,True,False,False,,-1,28.391,4000
2026-06-27 07:49:57,115,B+6.5,22,True,False,False,,-1,28.507,4000
2026-06-27 07:50:26,105,W+1.5,9,True,False,False,,-1,28.5516,4000
2026-06-27 07:50:48,86,B+5.5,6,True,False,False,,-1,28.4069,4000
2026-06-27 07:51:20,108,B+8.5,14,True,False,False,,-1,28.5914,4000
2026-06-27 07:51:56,132,B+8.5,22,True,False,False,,-1,28.684,4000
2026-06-27 07:52:11,57,B+0.5,5,True,False,False,,-1,28.5897,4000
2026-06-27 07:52:41,101,W+4.5,13,True,False,False,,-1,28.7285,4000
2026-06-27 07:53:14,119,W+1.5,24,True,False,False,,-1,28.7603,4000
2026-06-27 07:53:32,61,B+5.5,8,True,False,False,,-1,28.7207,4000
2026-06-27 07:53:58,96,B+5.5,10,True,False,False,,-1,28.657,4000
2026-06-27 07:54:28,95,B+0.5,15,True,False,False,,-1,28.5314,4000
2026-06-27 07:55:00,118,B+0.5,17,True,False,False,,-1,28.5878,4000
2026-06-27 07:55:42,150,W+2.5,8,True,False,False,,-1,28.7611,4000
2026-06-27 07:56:09,96,B+2.5,10,True,False,False,,-1,28.7804,4000
2026-06-27 07:56:34,97,B+9.5,18,True,False,False,,-1,28.6708,4000
2026-06-27 07:57:18,162,W+8.5,26,True,False,False,,-1,28.8134,4000
2026-06-27 07:57:34,63,B+1.5,5,True,False,False,,-1,28.5513,4000
2026-06-27 07:58:06,116,B+0.5,15,True,False,False,,-1,28.5957,4000
2026-06-27 07:58:36,114,B+6.5,11,True,False,False,,-1,28.5924,4000
2026-06-27 07:59:02,99,B+2.5,14,True,False,False,,-1,28.7117,4000
2026-06-27 07:59:37,119,W+1.5,18,True,False,False,,-1,28.6576,4000
2026-06-27 08:00:13,143,W+6.5,36,True,False,False,,-1,28.7474,4000
2026-06-27 08:00:30,67,B+4.5,11,True,False,False,,-1,28.5764,4000
2026-06-27 08:00:56,104,B+1.5,12,True,False,False,,-1,28.53,4000
2026-06-27 08:01:26,103,B+0.5,21,True,False,False,,-1,28.5092,4000
2026-06-27 08:02:08,162,W+4.5,35,True,False,False,,-1,28.682,4000
2026-06-27 08:02:30,88,B+5.5,6,True,False,False,,-1,28.5831,4000
2026-06-27 08:02:49,69,B+3.5,11,True,False,False,,-1,28.5142,4000
2026-06-27 08:03:14,98,B+7.5,18,True,False,False,,-1,28.3969,4000
2026-06-27 08:03:39,97,W+1.5,10,True,False,False,,-1,28.3673,4000
2026-06-27 08:04:10,110,B+2.5,14,True,False,False,,-1,28.3309,4000
2026-06-27 08:04:23,55,B+4.5,7,True,False,False,,-1,28.1191,4000
2026-06-27 08:04:58,127,B+4.5,19,True,False,False,,-1,28.1864,4000
2026-06-27 08:05:26,106,B+10.5,17,True,False,False,,-1,28.1575,4000
2026-06-27 08:05:39,53,B+0.5,6,True,False,False,,-1,27.9926,4000
2026-06-27 08:05:54,59,B+4.5,9,True,False,False,,-1,27.7469,4000
2026-06-27 08:06:18,87,B+3.5,7,True,False,False,,-1,27.7315,4000
2026-06-27 08:06:50,110,B+3.5,18,True,False,False,,-1,27.7262,4000
2026-06-27 08:07:28,138,B+1.5,19,True,False,False,,-1,27.7922,4000
2026-06-27 08:07:50,79,B+1.5,4,True,False,False,,-1,27.7618,4000
2026-06-27 08:08:08,73,B+0.5,6,True,False,False,,-1,27.7346,4000
2026-06-27 08:08:40,114,B+7.5,11,True,False,False,,-1,27.8056,4000
2026-06-27 08:09:05,94,B+2.5,10,True,False,False,,-1,27.755,4000
2026-06-27 08:09:34,103,W+8.5,13,True,False,False,,-1,27.7785,4000
2026-06-27 08:10:05,112,B+6.5,11,True,False,False,,-1,27.8411,4000
2026-06-27 08:10:40,134,B+1.5,16,True,False,False,,-1,28.0487,4000
2026-06-27 08:10:55,63,B+2.5,11,True,False,False,,-1,28.0388,4000
2026-06-27 08:11:22,108,B+0.5,16,True,False,False,,-1,28.0131,4000
2026-06-27 08:11:56,162,W+3.5,24,True,False,False,,-1,28.017,4000
2026-06-27 08:12:30,117,B+0.5,19,True,False,False,,-1,27.9878,4000
2026-06-27 08:13:01,113,W+1.5,8,True,False,False,,-1,28.0148,4000
2026-06-27 08:13:30,108,B+2.5,9,True,False,False,,-1,27.9341,4000
2026-06-27 08:13:47,61,B+2.5,8,True,False,False,,-1,27.7666,4000
2026-06-27 08:14:26,146,B+12.5,23,True,False,False,,-1,27.9127,4000
2026-06-27 08:15:07,152,B+0.5,26,True,False,False,,-1,28.1089,4000
2026-06-27 08:15:28,79,B+2.5,3,True,False,False,,-1,28.0394,4000
2026-06-27 08:15:54,100,B+9.5,17,True,False,False,,-1,28.0132,4000
2026-06-27 08:16:24,104,B+4.5,8,True,False,False,,-1,28.0036,4000
2026-06-27 08:16:51,100,B+7.5,14,True,False,False,,-1,27.9888,4000
2026-06-27 08:17:08,61,B+2.5,10,True,False,False,,-1,27.7648,4000
2026-06-27 08:17:32,93,W+2.5,13,True,False,False,,-1,27.8323,4000
2026-06-27 08:17:49,63,B+5.5,3,True,False,False,,-1,27.7369,4000
2026-06-27 08:18:16,99,B+0.5,19,True,False,False,,-1,27.7697,4000
2026-06-27 08:18:46,108,B+0.5,11,True,False,False,,-1,27.9169,4000
2026-06-27 08:19:17,110,B+7.5,22,True,False,False,,-1,27.9704,4000
2026-06-27 08:19:59,152,B+8.5,29,True,False,False,,-1,28.0385,4000
2026-06-27 08:20:18,83,B+1.5,9,True,False,False,,-1,27.9712,4000
2026-06-27 08:20:58,142,B+2.5,30,True,False,False,,-1,28.0443,4000
2026-06-27 08:21:29,119,W+9.5,19,True,False,False,,-1,28.0701,4000
2026-06-27 08:22:00,115,W+2.5,16,True,False,False,,-1,28.1866,4000
2026-06-27 08:22:28,102,B+8.5,12,True,False,False,,-1,28.3293,4000
2026-06-27 08:22:56,99,W+2.5,10,True,False,False,,-1,28.3762,4000
2026-06-27 08:23:29,117,W+4.5,13,True,False,False,,-1,28.4173,4000
2026-06-27 08:24:02,122,B+2.5,13,True,False,False,,-1,28.4588,4000
2026-06-27 08:24:17,55,B+0.5,3,True,False,False,,-1,28.3564,4000
2026-06-27 08:24:50,130,B+4.5,24,True,False,False,,-1,28.4359,4000
2026-06-27 08:25:14,81,B+1.5,5,True,False,False,,-1,28.4486,4000
2026-06-27 08:25:40,99,B+3.5,10,True,False,False,,-1,28.426,4000
2026-06-27 08:26:09,112,B+1.5,12,True,False,False,,-1,28.3283,4000
2026-06-27 08:26:41,127,B+6.5,21,True,False,False,,-1,28.3795,4000
2026-06-27 08:27:15,112,B+3.5,9,True,False,False,,-1,28.3614,4000
2026-06-27 08:27:56,151,W+1.5,25,True,False,False,,-1,28.4191,4000
2026-06-27 08:28:29,112,B+0.5,13,True,False,False,,-1,28.3914,4000
2026-06-27 08:29:10,143,W+1.5,23,True,False,False,,-1,28.408,4000
2026-06-27 08:29:34,93,W+8.5,4,True,False,False,,-1,28.3817,4000
2026-06-27 08:30:06,120,B+0.5,11,True,False,False,,-1,28.4561,4000
2026-06-27 08:30:32,95,B+0.5,6,True,False,False,,-1,28.5626,4000
2026-06-27 08:31:00,112,B+2.5,21,True,False,False,,-1,28.5634,4000
2026-06-27 08:31:35,135,W+1.5,26,True,False,False,,-1,28.551,4000
2026-06-27 08:32:09,162,B+6.5,21,True,False,False,,-1,28.6451,4000
2026-06-27 08:32:55,162,W+11.5,22,True,False,False,,-1,28.7483,4000
2026-06-27 08:33:29,122,B+0.5,23,True,False,False,,-1,28.756,4000
2026-06-27 08:33:57,103,W+9.5,11,True,False,False,,-1,28.7385,4000
2026-06-27 08:34:24,102,B+0.5,12,True,False,False,,-1,28.6538,4000
2026-06-27 08:34:46,87,B+1.5,11,True,False,False,,-1,28.5555,4000
2026-06-27 08:35:14,102,B+8.5,10,True,False,False,,-1,28.5763,4000
2026-06-27 08:35:44,114,B+12.5,21,True,False,False,,-1,28.6523,4000
2026-06-27 08:36:13,114,B+1.5,16,True,False,False,,-1,28.638,4000
2026-06-27 08:36:39,101,W+0.5,11,True,False,False,,-1,28.611,4000
2026-06-27 08:37:18,147,B+15.5,21,True,False,False,,-1,28.7244,4000
2026-06-27 08:37:51,109,W+1.5,11,True,False,False,,-1,28.7408,4000
2026-06-27 08:38:12,81,B+0.5,7,True,False,False,,-1,28.663,4000
2026-06-27 08:38:37,86,B+6.5,6,True,False,False,,-1,28.6871,4000
2026-06-27 08:38:55,67,B+2.5,2,True,False,False,,-1,28.5504,4000
2026-06-27 08:39:26,115,B+8.5,18,True,False,False,,-1,28.497,4000
2026-06-27 08:39:42,67,B+1.5,8,True,False,False,,-1,28.5083,4000
2026-06-27 08:40:10,104,B+1.5,10,True,False,False,,-1,28.4901,4000
2026-06-27 08:40:34,86,B+10.5,6,True,False,False,,-1,28.3974,4000
2026-06-27 08:41:09,126,W+4.5,23,True,False,False,,-1,28.5732,4000
2026-06-27 08:41:36,96,W+2.5,14,True,False,False,,-1,28.5758,4000
2026-06-27 08:42:05,106,B+2.5,9,True,False,False,,-1,28.5691,4000
2026-06-27 08:42:37,110,B+2.5,10,True,False,False,,-1,28.5724,4000
2026-06-27 08:43:06,102,B+0.5,10,True,False,False,,-1,28.4334,4000
2026-06-27 08:43:38,122,B+5.5,18,True,False,False,,-1,28.4869,4000
2026-06-27 08:44:11,116,B+7.5,14,True,False,False,,-1,28.5738,4000
2026-06-27 08:44:44,114,B+1.5,8,True,False,False,,-1,28.4568,4000
2026-06-27 08:45:08,81,B+0.5,7,True,False,False,,-1,28.5327,4000
2026-06-27 08:45:40,119,W+3.5,16,True,False,False,,-1,28.5354,4000
2026-06-27 08:45:55,57,B+0.5,8,True,False,False,,-1,28.3902,4000
2026-06-27 08:46:20,89,B+8.5,8,True,False,False,,-1,28.371,4000
2026-06-27 08:46:43,95,B+2.5,14,True,False,False,,-1,28.2575,4000
2026-06-27 08:46:59,59,B+0.5,4,True,False,False,,-1,28.0617,4000
2026-06-27 08:47:18,69,B+0.5,2,True,False,False,,-1,28.0797,4000
2026-06-27 08:47:40,83,B+4.5,10,True,False,False,,-1,28.0392,4000
2026-06-27 08:48:08,105,W+3.5,13,True,False,False,,-1,28.019,4000
2026-06-27 08:48:22,59,B+3.5,11,True,False,False,,-1,27.7357,4000
2026-06-27 08:48:50,109,W+0.5,17,True,False,False,,-1,27.8009,4000
2026-06-27 08:49:32,154,B+1.5,29,True,False,False,,-1,28.0243,4000
2026-06-27 08:50:02,105,W+2.5,9,True,False,False,,-1,28.0755,4000
2026-06-27 08:50:40,131,W+1.5,18,True,False,False,,-1,28.2005,4000
2026-06-27 08:51:01,81,B+1.5,8,True,False,False,,-1,28.1086,4000
2026-06-27 08:51:34,120,B+5.5,14,True,False,False,,-1,28.3058,4000
2026-06-27 08:51:53,79,B+6.5,9,True,False,False,,-1,28.1444,4000
2026-06-27 08:52:30,128,B+1.5,20,True,False,False,,-1,28.2414,4000
2026-06-27 08:52:59,108,B+0.5,12,True,False,False,,-1,28.3958,4000
2026-06-27 08:53:29,112,B+1.5,10,True,False,False,,-1,28.5497,4000
2026-06-27 08:54:01,113,B+2.5,8,True,False,False,,-1,28.6196,4000
2026-06-27 08:54:35,129,W+2.5,23,True,False,False,,-1,28.6488,4000
2026-06-27 08:55:03,97,B+6.5,10,True,False,False,,-1,28.5457,4000
2026-06-27 08:55:21,69,B+0.5,11,True,False,False,,-1,28.5142,4000
2026-06-27 08:55:48,102,B+7.5,8,True,False,False,,-1,28.5948,4000
2026-06-27 08:56:21,122,B+1.5,14,True,False,False,,-1,28.6154,4000
2026-06-27 08:57:00,127,W+1.5,16,True,False,False,,-1,28.754,4000
2026-06-27 08:57:29,96,B+1.5,10,True,False,False,,-1,28.746,4000
2026-06-27 08:57:59,109,B+5.5,7,True,False,False,,-1,28.7337,4000
2026-06-27 08:58:30,114,B+3.5,9,True,False,False,,-1,28.696,4000
2026-06-27 08:58:46,59,B+4.5,9,True,False,False,,-1,28.7105,4000
2026-06-27 08:59:12,102,B+2.5,13,True,False,False,,-1,28.6938,4000
2026-06-27 08:59:42,110,B+1.5,16,True,False,False,,-1,28.6589,4000
2026-06-27 09:00:08,94,B+4.5,6,True,False,False,,-1,28.585,4000
2026-06-27 09:00:29,72,W+2.5,10,True,False,False,,-1,28.4693,4000
2026-06-27 09:01:00,114,B+9.5,14,True,False,False,,-1,28.4994,4000
2026-06-27 09:01:29,107,B+11.5,8,True,False,False,,-1,28.6217,4000
2026-06-27 09:01:58,108,W+5.5,16,True,False,False,,-1,28.5173,4000
2026-06-27 09:02:33,129,B+5.5,20,True,False,False,,-1,28.4587,4000
2026-06-27 09:03:01,113,B+4.5,15,True,False,False,,-1,28.5294,4000
2026-06-27 09:03:43,150,B+0.5,27,True,False,False,,-1,28.6811,4000
2026-06-27 09:04:11,97,B+1.5,10,True,False,False,,-1,28.6678,4000
2026-06-27 09:04:42,116,B+3.5,15,True,False,False,,-1,28.7101,4000
2026-06-27 09:05:10,109,B+8.5,27,True,False,False,,-1,28.8237,4000
2026-06-27 09:05:43,124,B+2.5,20,True,False,False,,-1,28.902,4000
2026-06-27 09:06:10,100,B+4.5,15,True,False,False,,-1,29.0082,4000
2026-06-27 09:06:36,95,B+1.5,13,True,False,False,,-1,29.0009,4000
2026-06-27 09:07:06,109,B+8.5,12,True,False,False,,-1,28.9944,4000
2026-06-27 09:07:29,90,B+1.5,7,True,False,False,,-1,28.9139,4000
2026-06-27 09:07:56,104,B+8.5,22,True,False,False,,-1,28.7658,4000
2026-06-27 09:08:34,135,W+0.5,15,True,False,False,,-1,28.9575,4000
2026-06-27 09:08:56,87,B+7.5,18,True,False,False,,-1,28.7767,4000
2026-06-27 09:09:23,99,W+1.5,9,True,False,False,,-1,28.7286,4000
2026-06-27 09:10:03,144,B+0.5,22,True,False,False,,-1,28.824,4000
2026-06-27 09:10:28,91,W+0.5,9,True,False,False,,-1,28.794,4000
2026-06-27 09:11:04,120,B+5.5,14,True,False,False,,-1,28.8799,4000
2026-06-27 09:11:20,65,B+0.5,9,True,False,False,,-1,28.7102,4000
2026-06-27 09:11:56,130,B+4.5,29,True,False,False,,-1,28.7423,4000
2026-06-27 09:12:26,117,W+10.5,13,True,False,False,,-1,28.8894,4000
2026-06-27 09:12:54,98,B+9.5,7,True,False,False,,-1,28.8321,4000
2026-06-27 09:13:34,147,W+1.5,22,True,False,False,,-1,28.9977,4000
2026-06-27 09:14:02,102,B+3.5,8,True,False,False,,-1,29.017,4000
2026-06-27 09:14:31,102,B+7.5,7,True,False,False,,-1,29.0137,4000
2026-06-27 09:14:59,100,B+10.5,11,True,False,False,,-1,28.9723,4000
2026-06-27 09:15:33,130,W+2.5,25,True,False,False,,-1,28.981,4000
2026-06-27 09:16:01,108,B+6.5,16,True,False,False,,-1,28.8499,4000
2026-06-27 09:16:31,107,W+2.5,15,True,False,False,,-1,28.8168,4000
2026-06-27 09:17:13,162,B+6.5,27,True,False,False,,-1,28.8319,4000
