datetime,game_length,game_result,num_passes,is_resign_disabled,is_marked_for_resign,is_could_won,marked_resign_player,resign_threshold,time_per_game,training_steps
2026-06-18 19:19:40,132,W+59.5,2,True,False,False,,-1,35.8714,0
2026-06-18 19:20:10,161,B+42.5,8,True,False,False,,-1,33.0724,0
2026-06-18 19:20:30,99,B+3.5,4,True,False,False,,-1,28.4045,0
2026-06-18 19:21:04,162,B+64.5,9,True,False,False,,-1,29.8132,0
2026-06-18 19:21:23,100,W+21.5,2,True,False,False,,-1,27.7954,0
2026-06-18 19:21:55,162,W+68.5,3,True,False,False,,-1,28.4595,0
2026-06-18 19:22:15,96,W+18.5,2,True,False,False,,-1,27.2116,0
2026-06-18 19:22:19,20,W+7.5,2,True,False,False,,-1,24.3779,0
2026-06-18 19:22:41,110,W+26.5,3,True,False,False,,-1,24.069,0
2026-06-18 19:23:03,116,W+4.5,4,True,False,False,,-1,23.8267,0
2026-06-18 19:23:27,122,W+37.5,2,True,False,False,,-1,23.8963,0
2026-06-18 19:23:49,100,W+4.5,4,True,False,False,,-1,23.6962,0
2026-06-18 19:24:09,112,W+2.5,2,True,False,False,,-1,23.4343,0
2026-06-18 19:24:42,162,B+48.5,3,True,False,False,,-1,24.1349,0
2026-06-18 19:24:59,86,W+5.5,3,True,False,False,,-1,23.6516,0
2026-06-18 19:25:25,115,W+40.5,3,True,False,False,,-1,23.8103,0
2026-06-18 19:25:58,162,W+43.5,2,True,False,False,,-1,24.3482,0
2026-06-18 19:26:21,113,W+12.5,8,True,False,False,,-1,24.251,0
2026-06-18 19:26:46,129,W+50.5,4,True,False,False,,-1,24.2778,0
2026-06-18 19:27:07,98,W+22.5,2,True,False,False,,-1,24.1277,0
2026-06-18 19:27:35,138,W+51.5,4,True,False,False,,-1,24.3029,0
2026-06-18 19:27:57,109,W+20.5,2,True,False,False,,-1,24.2113,0
2026-06-18 19:28:28,150,B+41.5,5,True,False,False,,-1,24.5193,0
2026-06-18 19:28:50,95,B+19.5,2,True,False,False,,-1,24.3879,0
2026-06-18 19:29:25,158,B+30.5,5,True,False,False,,-1,24.8399,0
2026-06-18 19:29:46,97,B+2.5,3,True,False,False,,-1,24.6752,0
2026-06-18 19:30:03,90,W+13.5,3,True,False,False,,-1,24.3823,0
2026-06-18 19:30:34,162,W+49.5,4,True,False,False,,-1,24.6161,0
2026-06-18 19:31:00,128,W+58.5,5,True,False,False,,-1,24.6721,0
2026-06-18 19:31:30,146,W+55.5,4,True,False,False,,-1,24.8571,0
2026-06-18 19:32:01,141,W+10.5,5,True,False,False,,-1,25.0483,0
2026-06-18 19:32:33,153,B+34.5,3,True,False,False,,-1,25.2543,0
2026-06-18 19:32:51,88,W+20.5,3,True,False,False,,-1,25.0401,0
2026-06-18 19:33:17,127,B+20.5,3,True,False,False,,-1,25.0721,0
2026-06-18 19:33:44,140,B+35.5,6,True,False,False,,-1,25.1212,0
2026-06-18 19:34:06,122,B+12.5,8,True,False,False,,-1,25.0352,0
2026-06-18 19:34:21,72,W+6.5,2,True,False,False,,-1,24.7705,0
2026-06-18 19:34:39,90,W+9.5,3,True,False,False,,-1,24.5992,0
2026-06-18 19:34:57,90,W+7.5,3,True,False,False,,-1,24.4287,0
2026-06-18 19:35:23,126,W+53.5,2,True,False,False,,-1,24.4736,0
2026-06-18 19:35:45,102,W+14.5,2,True,False,False,,-1,24.4025,0
2026-06-18 19:36:06,94,W+22.5,4,True,False,False,,-1,24.331,0
2026-06-18 19:36:10,20,W+7.5,2,True,False,False,,-1,23.8587,0
2026-06-18 19:36:27,89,B+6.5,3,True,False,False,,-1,23.7027,0
2026-06-18 19:36:56,135,W+67.5,4,True,False,False,,-1,23.802,0
2026-06-18 19:37:29,162,B+40.5,3,True,False,False,,-1,24.0067,0
2026-06-18 19:38:00,162,B+52.5,4,True,False,False,,-1,24.1619,0
2026-06-18 19:38:26,131,B+1.5,6,True,False,False,,-1,24.1885,0
2026-06-18 19:38:50,112,B+1.5,8,True,False,False,,-1,24.1969,0
2026-06-18 19:39:08,97,W+3.5,4,True,False,False,,-1,24.073,0
2026-06-18 19:39:32,135,B+46.5,4,True,False,False,,-1,24.0745,0
2026-06-18 19:39:52,108,B+1.5,4,True,False,False,,-1,23.9892,0
2026-06-18 19:40:10,96,W+18.5,2,True,False,False,,-1,23.882,0
2026-06-18 19:40:29,85,B+6.5,2,True,False,False,,-1,23.7807,0
2026-06-18 19:40:47,99,B+4.5,2,True,False,False,,-1,23.6845,0
2026-06-18 19:41:05,93,B+1.5,2,True,False,False,,-1,23.5876,0
2026-06-18 19:41:35,151,B+41.5,2,True,False,False,,-1,23.6973,0
2026-06-18 19:41:55,100,W+16.5,3,True,False,False,,-1,23.6255,0
2026-06-18 19:42:25,154,B+46.5,7,True,False,False,,-1,23.7403,0
2026-06-18 19:42:44,89,B+3.5,2,True,False,False,,-1,23.6501,0
2026-06-18 19:43:09,132,B+36.5,3,True,False,False,,-1,23.6771,0
2026-06-18 19:43:37,143,B+46.5,5,True,False,False,,-1,23.757,0
2026-06-18 19:43:57,97,B+13.5,4,True,False,False,,-1,23.6892,0
2026-06-18 19:44:17,115,B+6.5,4,True,False,False,,-1,23.6395,0
2026-06-18 19:44:44,139,B+21.5,4,True,False,False,,-1,23.6895,0
2026-06-18 19:45:13,133,B+46.5,3,True,False,False,,-1,23.7713,0
2026-06-18 19:45:44,153,B+47.5,7,True,False,False,,-1,23.8729,0
2026-06-18 19:46:08,116,B+1.5,7,True,False,False,,-1,23.8715,0
2026-06-18 19:46:30,110,W+20.5,3,True,False,False,,-1,23.8512,0
2026-06-18 19:46:51,99,B+12.5,2,True,False,False,,-1,23.8089,0
2026-06-18 19:47:13,97,B+16.5,2,True,False,False,,-1,23.7753,0
2026-06-18 19:47:35,98,B+2.5,2,True,False,False,,-1,23.7501,0
2026-06-18 19:48:03,162,W+80.5,4,True,False,False,,-1,23.8137,0
2026-06-18 19:48:27,118,B+3.5,5,True,False,False,,-1,23.8099,0
2026-06-18 19:48:58,160,B+31.5,8,True,False,False,,-1,23.9078,0
2026-06-18 19:49:20,119,B+35.5,2,True,False,False,,-1,23.8908,0
2026-06-18 19:49:56,162,W+50.5,4,True,False,False,,-1,24.0419,0
2026-06-18 19:50:14,80,W+12.5,2,True,False,False,,-1,23.9625,0
2026-06-18 19:50:34,101,B+4.5,3,True,False,False,,-1,23.9129,0
2026-06-18 19:51:02,138,W+51.5,5,True,False,False,,-1,23.9657,0
2026-06-18 19:51:15,59,B+2.5,2,True,False,False,,-1,23.8374,0
2026-06-18 19:51:34,88,W+11.5,2,True,False,False,,-1,23.7713,0
2026-06-18 19:52:06,162,B+39.5,2,True,False,False,,-1,23.8763,0
2026-06-18 19:52:40,162,W+38.5,4,True,False,False,,-1,23.9907,0
2026-06-18 19:53:03,126,B+2.5,5,True,False,False,,-1,23.986,0
2026-06-18 19:53:19,70,W+9.5,2,True,False,False,,-1,23.8861,0
2026-06-18 19:53:50,162,B+9.5,2,True,False,False,,-1,23.9696,0
2026-06-18 19:54:17,136,W+50.5,6,True,False,False,,-1,24.0078,0
2026-06-18 19:54:35,84,W+3.5,2,True,False,False,,-1,23.9314,0
2026-06-18 19:54:56,93,W+8.5,4,True,False,False,,-1,23.9009,0
2026-06-18 19:55:18,116,W+26.5,4,True,False,False,,-1,23.881,0
2026-06-18 19:55:39,110,W+13.5,6,True,False,False,,-1,23.8533,0
2026-06-18 19:56:10,162,W+51.5,3,True,False,False,,-1,23.9234,0
2026-06-18 19:56:16,34,W+7.5,2,True,False,False,,-1,23.7369,0
2026-06-18 19:56:36,102,W+7.5,4,True,False,False,,-1,23.7003,0
2026-06-18 19:56:53,85,B+4.5,2,True,False,False,,-1,23.6295,0
2026-06-18 19:57:22,139,B+34.5,3,True,False,False,,-1,23.686,0
2026-06-18 19:57:51,135,B+48.5,2,True,False,False,,-1,23.7351,0
2026-06-18 19:58:21,152,W+74.5,3,True,False,False,,-1,23.8035,0
2026-06-18 19:58:44,100,B+8.5,3,True,False,False,,-1,23.7899,0
2026-06-18 19:59:04,98,W+0.5,5,True,False,False,,-1,23.6374,0
2026-06-18 19:59:30,114,W+51.5,4,True,False,False,,-1,23.5904,0
2026-06-18 19:59:37,38,W+9.5,2,True,False,False,,-1,23.4751,0
2026-06-18 20:00:14,162,W+40.5,1,True,False,False,,-1,23.4973,0
2026-06-18 20:00:35,105,B+3.5,2,True,False,False,,-1,23.5093,0
2026-06-18 20:00:54,99,B+2.5,3,True,False,False,,-1,23.389,0
2026-06-18 20:01:16,103,W+0.5,7,True,False,False,,-1,23.4117,0
2026-06-18 20:01:39,114,W+30.5,3,True,False,False,,-1,23.5968,0
2026-06-18 20:02:00,89,B+10.5,2,True,False,False,,-1,23.585,0
2026-06-18 20:02:18,80,W+9.5,2,True,False,False,,-1,23.5491,0
2026-06-18 20:02:45,134,W+64.5,2,True,False,False,,-1,23.5722,0
2026-06-18 20:03:07,107,W+0.5,5,True,False,False,,-1,23.5821,0
2026-06-18 20:03:27,97,B+0.5,4,True,False,False,,-1,23.5764,0
2026-06-18 20:03:55,130,W+53.5,2,True,False,False,,-1,23.5229,0
2026-06-18 20:04:28,162,B+13.5,3,True,False,False,,-1,23.6852,0
2026-06-18 20:04:32,22,W+7.5,2,True,False,False,,-1,23.4643,0
2026-06-18 20:04:38,32,W+5.5,2,True,False,False,,-1,23.1948,0
2026-06-18 20:05:04,115,W+29.5,3,True,False,False,,-1,23.2235,0
2026-06-18 20:05:26,112,B+8.5,3,True,False,False,,-1,23.2044,0
2026-06-18 20:05:48,106,B+0.5,5,True,False,False,,-1,23.2047,0
2026-06-18 20:06:05,84,W+11.5,2,True,False,False,,-1,23.0968,0
2026-06-18 20:06:15,50,W+8.5,2,True,False,False,,-1,22.9758,0
2026-06-18 20:06:44,142,W+73.5,2,True,False,False,,-1,22.9532,0
2026-06-18 20:07:13,132,W+51.5,3,True,False,False,,-1,23.0266,0
2026-06-18 20:07:36,108,W+45.5,2,True,False,False,,-1,22.8995,0
2026-06-18 20:08:04,160,W+62.5,4,True,False,False,,-1,22.9783,0
2026-06-18 20:08:25,111,W+17.5,2,True,False,False,,-1,23.0205,0
2026-06-18 20:08:55,162,W+74.5,1,True,False,False,,-1,23.0135,0
2026-06-18 20:09:20,118,W+43.5,2,True,False,False,,-1,22.9973,0
2026-06-18 20:09:53,162,B+56.5,5,True,False,False,,-1,23.0279,0
2026-06-18 20:10:16,109,B+37.5,2,True,False,False,,-1,22.9514,0
2026-06-18 20:10:46,161,B+50.5,5,True,False,False,,-1,22.9325,0
2026-06-18 20:11:02,78,W+7.5,2,True,False,False,,-1,22.9087,0
2026-06-18 20:11:25,122,B+13.5,8,True,False,False,,-1,22.8738,0
2026-06-18 20:11:43,99,W+0.5,2,True,False,False,,-1,22.7911,0
2026-06-18 20:12:01,92,W+6.5,4,True,False,False,,-1,22.7503,0
2026-06-18 20:12:34,162,B+43.5,3,True,False,False,,-1,22.9304,0
2026-06-18 20:12:41,32,W+8.5,2,True,False,False,,-1,22.8124,0
2026-06-18 20:13:01,99,B+12.5,2,True,False,False,,-1,22.8369,0
2026-06-18 20:13:31,162,W+32.5,8,True,False,False,,-1,22.8693,0
2026-06-18 20:13:52,109,B+10.5,2,True,False,False,,-1,22.872,0
2026-06-18 20:14:25,162,W+49.5,4,True,False,False,,-1,22.9887,0
2026-06-18 20:14:51,127,W+51.5,2,True,False,False,,-1,23.2019,0
2026-06-18 20:15:13,99,B+24.5,2,True,False,False,,-1,23.2486,0
2026-06-18 20:15:34,99,W+16.5,3,True,False,False,,-1,23.1788,0
2026-06-18 20:16:03,131,B+35.5,2,True,False,False,,-1,23.1403,0
2026-06-18 20:16:08,28,W+7.5,2,True,False,False,,-1,22.8761,0
2026-06-18 20:16:23,76,W+13.5,2,True,False,False,,-1,22.7761,0
2026-06-18 20:16:59,162,W+51.5,2,True,False,False,,-1,22.8906,0
2026-06-18 20:17:27,143,B+43.5,3,True,False,False,,-1,22.9873,0
2026-06-18 20:18:01,162,W+68.5,2,True,False,False,,-1,23.0816,0
2026-06-18 20:18:24,112,W+20.5,2,True,False,False,,-1,23.1228,0
2026-06-18 20:18:54,138,W+71.5,2,True,False,False,,-1,23.2308,0
2026-06-18 20:19:28,156,B+43.5,4,True,False,False,,-1,23.3943,0
2026-06-18 20:19:53,115,W+35.5,2,True,False,False,,-1,23.461,0
2026-06-18 20:20:21,145,B+46.5,3,True,False,False,,-1,23.5582,0
2026-06-18 20:20:53,155,W+61.5,4,True,False,False,,-1,23.5733,0
2026-06-18 20:21:16,122,B+37.5,4,True,False,False,,-1,23.6061,0
2026-06-18 20:21:36,100,W+0.5,4,True,False,False,,-1,23.5051,0
2026-06-18 20:22:08,162,W+37.5,6,True,False,False,,-1,23.6397,0
2026-06-18 20:22:26,92,B+0.5,2,True,False,False,,-1,23.5717,0
2026-06-18 20:22:54,135,B+50.5,8,True,False,False,,-1,23.5645,0
2026-06-18 20:23:25,138,B+49.5,3,True,False,False,,-1,23.6746,0
2026-06-18 20:23:29,24,W+7.5,2,True,False,False,,-1,23.5131,0
2026-06-18 20:23:54,120,B+27.5,2,True,False,False,,-1,23.4953,0
2026-06-18 20:24:18,122,W+34.5,2,True,False,False,,-1,23.4462,0
2026-06-18 20:24:47,155,W+71.5,4,True,False,False,,-1,23.429,0
2026-06-18 20:25:12,133,B+33.5,3,True,False,False,,-1,23.4421,0
2026-06-18 20:25:37,124,W+2.5,3,True,False,False,,-1,23.4675,0
2026-06-18 20:26:03,131,B+1.5,4,True,False,False,,-1,23.5151,0
2026-06-18 20:26:28,119,B+35.5,3,True,False,False,,-1,23.5474,0
2026-06-18 20:26:58,153,W+62.5,4,True,False,False,,-1,23.6362,0
2026-06-18 20:27:19,113,B+11.5,3,True,False,False,,-1,23.559,0
2026-06-18 20:27:49,155,W+43.5,7,True,False,False,,-1,23.6219,0
2026-06-18 20:28:07,88,W+9.5,3,True,False,False,,-1,23.487,0
2026-06-18 20:28:23,82,W+8.5,2,True,False,False,,-1,23.4266,0
2026-06-18 20:28:41,80,W+12.5,3,True,False,False,,-1,23.2469,0
2026-06-18 20:29:01,118,B+3.5,7,True,False,False,,-1,23.2735,0
2026-06-18 20:29:20,102,B+7.5,3,True,False,False,,-1,23.2655,0
2026-06-18 20:29:50,137,B+43.5,5,True,False,False,,-1,23.2828,0
2026-06-18 20:30:12,104,W+30.5,2,True,False,False,,-1,23.3619,0
2026-06-18 20:30:38,139,W+34.5,9,True,False,False,,-1,23.4398,0
2026-06-18 20:30:58,99,W+1.5,3,True,False,False,,-1,23.3116,0
2026-06-18 20:31:19,104,B+0.5,3,True,False,False,,-1,23.1868,0
2026-06-18 20:31:48,149,B+54.5,4,True,False,False,,-1,23.2436,0
2026-06-18 20:32:07,96,W+22.5,2,True,False,False,,-1,23.2819,0
2026-06-18 20:32:23,76,W+15.5,2,True,False,False,,-1,23.1301,0
2026-06-18 20:32:51,130,B+8.5,2,True,False,False,,-1,23.1393,0
2026-06-18 20:33:13,101,B+19.5,2,True,False,False,,-1,23.1817,0
2026-06-18 20:33:28,76,W+15.5,2,True,False,False,,-1,23.1182,0
2026-06-18 20:33:58,156,W+63.5,7,True,False,False,,-1,23.1989,0
2026-06-18 20:34:30,150,B+29.5,4,True,False,False,,-1,23.3072,0
2026-06-18 20:34:48,105,W+8.5,3,True,False,False,,-1,23.1875,0
2026-06-18 20:35:19,150,W+53.5,4,True,False,False,,-1,23.4296,0
2026-06-18 20:35:35,73,B+11.5,2,True,False,False,,-1,23.3824,0
2026-06-18 20:36:07,162,W+60.5,3,True,False,False,,-1,23.5393,0
2026-06-18 20:36:26,106,W+2.5,4,True,False,False,,-1,23.4382,0
2026-06-18 20:36:56,145,W+43.5,5,True,False,False,,-1,23.4466,0
2026-06-18 20:37:26,153,W+70.5,6,True,False,False,,-1,23.4439,0
2026-06-18 20:37:52,121,B+42.5,3,True,False,False,,-1,23.479,0
2026-06-18 20:38:22,146,W+55.5,3,True,False,False,,-1,23.5749,0
2026-06-18 20:38:40,92,B+5.5,3,True,False,False,,-1,23.5021,0
2026-06-18 20:38:59,88,W+16.5,2,True,False,False,,-1,23.6103,0
2026-06-18 20:39:33,159,B+28.5,6,True,False,False,,-1,23.5923,0
2026-06-18 20:39:55,114,W+33.5,3,True,False,False,,-1,23.5977,0
2026-06-18 20:40:27,153,B+43.5,5,True,False,False,,-1,23.7208,0
2026-06-18 20:40:46,94,B+5.5,2,True,False,False,,-1,23.6902,0
2026-06-18 20:41:08,102,W+21.5,3,True,False,False,,-1,23.6823,0
2026-06-18 20:41:40,159,W+24.5,2,True,False,False,,-1,23.8016,0
2026-06-18 20:42:09,127,B+22.5,2,True,False,False,,-1,23.9067,0
2026-06-18 20:42:35,146,W+50.5,5,True,False,False,,-1,23.8999,0
2026-06-18 20:43:05,162,B+51.5,0,True,False,False,,-1,23.9776,0
2026-06-18 20:43:24,101,B+2.5,5,True,False,False,,-1,23.9675,0
2026-06-18 20:43:58,162,W+40.5,4,True,False,False,,-1,24.0264,0
2026-06-18 20:44:22,124,W+43.5,2,True,False,False,,-1,23.9424,0
2026-06-18 20:44:54,150,B+57.5,5,True,False,False,,-1,24.217,0
2026-06-18 20:45:19,130,B+4.5,4,True,False,False,,-1,24.4038,0
2026-06-18 20:45:24,22,W+7.5,2,True,False,False,,-1,24.1995,0
2026-06-18 20:45:57,162,B+33.5,1,True,False,False,,-1,24.3069,0
2026-06-18 20:46:30,162,W+25.5,3,True,False,False,,-1,24.4174,0
2026-06-18 20:46:51,121,W+29.5,3,True,False,False,,-1,24.4584,0
2026-06-18 20:47:09,96,W+5.5,3,True,False,False,,-1,24.5418,0
2026-06-18 20:47:25,85,B+3.5,5,True,False,False,,-1,24.4109,0
2026-06-18 20:47:44,93,B+12.5,4,True,False,False,,-1,24.3083,0
2026-06-18 20:48:16,162,W+83.5,3,True,False,False,,-1,24.4051,0
2026-06-18 20:48:37,104,B+20.5,2,True,False,False,,-1,24.3309,0
2026-06-18 20:48:59,106,B+7.5,3,True,False,False,,-1,24.3415,0
2026-06-18 20:49:06,32,W+7.5,2,True,False,False,,-1,24.1029,0
2026-06-18 20:49:27,109,W+14.5,4,True,False,False,,-1,24.0663,0
2026-06-18 20:49:44,87,B+2.5,6,True,False,False,,-1,23.9094,0
2026-06-18 20:50:15,147,B+53.5,4,True,False,False,,-1,23.9826,0
2026-06-18 20:50:36,105,B+9.5,2,True,False,False,,-1,23.8937,0
2026-06-18 20:50:57,103,B+17.5,3,True,False,False,,-1,23.9524,0
2026-06-18 20:51:17,107,B+13.5,3,True,False,False,,-1,23.9257,0
2026-06-18 20:51:48,162,B+36.5,7,True,False,False,,-1,24.0429,0
2026-06-18 20:52:16,146,B+46.5,3,True,False,False,,-1,24.1435,0
2026-06-18 20:52:38,101,B+1.5,3,True,False,False,,-1,24.032,0
2026-06-18 20:52:59,118,B+3.5,8,True,False,False,,-1,24.1815,0
2026-06-18 20:53:25,118,W+36.5,3,True,False,False,,-1,24.2353,0
2026-06-18 20:53:47,108,B+6.5,3,True,False,False,,-1,24.1602,0
2026-06-18 20:54:05,90,W+12.5,2,True,False,False,,-1,24.1262,0
2026-06-18 20:54:35,159,W+52.5,8,True,False,False,,-1,24.0895,0
2026-06-18 20:54:56,107,W+4.5,4,True,False,False,,-1,24.0446,0
2026-06-18 20:55:17,112,W+3.5,5,True,False,False,,-1,24.0433,0
2026-06-18 20:55:33,68,W+23.5,2,True,False,False,,-1,23.9959,0
2026-06-18 20:55:52,92,B+1.5,4,True,False,False,,-1,23.8904,0
2026-06-18 20:56:14,105,B+20.5,3,True,False,False,,-1,24.0592,0
2026-06-18 20:56:36,122,W+14.5,6,True,False,False,,-1,24.1235,0
2026-06-18 20:56:43,36,W+7.5,2,True,False,False,,-1,23.8297,0
2026-06-18 20:56:54,56,W+11.5,2,True,False,False,,-1,23.6643,0
2026-06-18 20:57:27,162,B+28.5,2,True,False,False,,-1,23.6611,0
2026-06-18 20:57:45,79,B+3.5,3,True,False,False,,-1,23.6039,0
2026-06-18 20:58:17,161,B+59.5,6,True,False,False,,-1,23.632,0
2026-06-18 20:58:38,114,W+13.5,7,True,False,False,,-1,23.4956,0
2026-06-18 20:58:46,36,W+9.5,2,True,False,False,,-1,23.3251,0
2026-06-18 20:59:21,162,W+59.5,4,True,False,False,,-1,23.3926,0
2026-06-18 20:59:39,92,W+6.5,2,True,False,False,,-1,23.259,0
2026-06-18 21:00:02,116,B+29.5,3,True,False,False,,-1,23.2596,0
2026-06-18 21:00:21,109,W+2.5,7,True,False,False,,-1,23.2472,0
2026-06-18 21:00:46,124,W+52.5,2,True,False,False,,-1,23.1845,0
2026-06-18 21:01:17,154,W+60.5,6,True,False,False,,-1,23.3056,0
2026-06-18 21:01:41,137,W+24.5,5,True,False,False,,-1,23.2674,0
2026-06-18 21:02:03,102,W+32.5,2,True,False,False,,-1,23.18,0
2026-06-18 21:02:28,130,B+46.5,3,True,False,False,,-1,23.3894,0
2026-06-18 21:02:59,162,B+17.5,6,True,False,False,,-1,23.4483,0
2026-06-18 21:03:25,129,B+49.5,4,True,False,False,,-1,23.4689,0
2026-06-18 21:03:46,102,W+8.5,2,True,False,False,,-1,23.3867,0
2026-06-18 21:04:13,125,B+26.5,5,True,False,False,,-1,23.4021,0
2026-06-18 21:04:44,151,W+56.5,2,True,False,False,,-1,23.4692,0
2026-06-18 21:05:04,92,W+18.5,2,True,False,False,,-1,23.4127,0
2026-06-18 21:05:26,113,B+25.5,3,True,False,False,,-1,23.3858,0
2026-06-18 21:05:49,111,W+21.5,3,True,False,False,,-1,23.299,0
2026-06-18 21:06:20,162,W+59.5,3,True,False,False,,-1,23.4088,0
2026-06-18 21:06:48,137,W+54.5,4,True,False,False,,-1,23.386,0
2026-06-18 21:07:08,102,B+17.5,3,True,False,False,,-1,23.4145,0
2026-06-18 21:07:30,119,W+30.5,5,True,False,False,,-1,23.471,0
2026-06-18 21:07:46,82,W+9.5,2,True,False,False,,-1,23.4487,0
2026-06-18 21:08:09,114,W+42.5,3,True,False,False,,-1,23.4714,0
2026-06-18 21:08:39,162,B+29.5,4,True,False,False,,-1,23.5822,0
2026-06-18 21:09:05,128,W+69.5,3,True,False,False,,-1,23.5442,0
2026-06-18 21:09:24,98,W+11.5,4,True,False,False,,-1,23.5175,0
2026-06-18 21:09:49,130,B+2.5,4,True,False,False,,-1,23.5088,0
2026-06-18 21:10:14,124,B+1.5,5,True,False,False,,-1,23.5588,0
2026-06-18 21:10:36,110,B+14.5,3,True,False,False,,-1,23.5724,0
2026-06-18 21:10:59,114,W+46.5,2,True,False,False,,-1,23.5049,0
2026-06-18 21:11:15,89,B+0.5,2,True,False,False,,-1,23.4801,0
2026-06-18 21:11:41,114,W+35.5,3,True,False,False,,-1,23.5735,0
2026-06-18 21:12:01,103,B+3.5,6,True,False,False,,-1,23.4903,0
2026-06-18 21:12:31,160,W+60.5,5,True,False,False,,-1,23.5801,0
2026-06-18 21:12:52,103,B+14.5,3,True,False,False,,-1,23.6361,0
2026-06-18 21:13:26,157,B+34.5,7,True,False,False,,-1,23.6755,0
2026-06-18 21:13:31,22,W+7.5,2,True,False,False,,-1,23.4046,0
2026-06-18 21:13:57,132,W+65.5,3,True,False,False,,-1,23.4828,0
2026-06-18 21:14:28,162,B+37.5,9,True,False,False,,-1,23.4861,0
2026-06-18 21:14:58,162,B+44.5,5,True,False,False,,-1,23.6334,0
2026-06-18 21:15:06,38,W+6.5,3,True,False,False,,-1,23.3853,0
2026-06-18 21:15:35,144,W+55.5,3,True,False,False,,-1,23.4827,0
2026-06-18 21:16:01,123,B+39.5,3,True,False,False,,-1,23.4478,0
2026-06-18 21:16:30,162,W+79.5,4,True,False,False,,-1,23.4451,0
2026-06-18 21:16:56,116,B+22.5,2,True,False,False,,-1,23.4411,0
2026-06-18 21:17:23,162,W+51.5,10,True,False,False,,-1,23.4124,0
2026-06-18 21:17:30,34,W+4.5,2,True,False,False,,-1,23.3004,0
2026-06-18 21:17:51,107,W+14.5,7,True,False,False,,-1,23.3204,0
2026-06-18 21:18:17,130,W+2.5,5,True,False,False,,-1,23.2391,0
2026-06-18 21:18:40,115,W+32.5,4,True,False,False,,-1,23.2483,0
2026-06-18 21:19:10,162,W+57.5,3,True,False,False,,-1,23.2335,0
2026-06-18 21:19:40,142,W+65.5,2,True,False,False,,-1,23.346,0
2026-06-18 21:20:15,162,W+25.5,1,True,False,False,,-1,23.475,0
2026-06-18 21:20:35,106,W+11.5,2,True,False,False,,-1,23.3449,0
2026-06-18 21:20:59,130,W+35.5,4,True,False,False,,-1,23.2991,0
2026-06-18 21:21:27,138,W+61.5,2,True,False,False,,-1,23.3225,0
2026-06-18 21:21:49,107,B+3.5,4,True,False,False,,-1,23.2345,0
2026-06-18 21:22:09,96,B+12.5,3,True,False,False,,-1,23.2527,0
2026-06-18 21:22:42,159,W+46.5,6,True,False,False,,-1,23.2433,0
2026-06-18 21:23:15,152,W+67.5,3,True,False,False,,-1,23.3243,0
2026-06-18 21:23:33,88,W+11.5,2,True,False,False,,-1,23.1842,0
2026-06-18 21:23:56,124,B+7.5,5,True,False,False,,-1,23.1665,0
2026-06-18 21:24:17,112,W+33.5,3,True,False,False,,-1,23.3295,0
2026-06-18 21:24:34,84,W+10.5,2,True,False,False,,-1,23.1622,0
2026-06-18 21:24:49,70,W+16.5,2,True,False,False,,-1,22.9911,0
2026-06-18 21:25:06,92,W+3.5,4,True,False,False,,-1,22.9536,0
2026-06-18 21:25:28,101,B+0.5,3,True,False,False,,-1,22.9881,0
2026-06-18 21:25:49,106,W+3.5,4,True,False,False,,-1,23.0348,0
2026-06-18 21:26:12,117,B+13.5,4,True,False,False,,-1,23.0819,0
2026-06-18 21:26:45,162,B+37.5,9,True,False,False,,-1,23.0832,0
2026-06-18 21:27:02,83,B+15.5,2,True,False,False,,-1,23.0403,0
2026-06-18 21:27:29,123,B+11.5,3,True,False,False,,-1,23.094,0
2026-06-18 21:27:51,112,W+5.5,4,True,False,False,,-1,23.2526,0
2026-06-18 21:28:12,109,W+8.5,6,True,False,False,,-1,23.2517,0
2026-06-18 21:28:35,107,B+0.5,3,True,False,False,,-1,23.3045,0
2026-06-18 21:29:08,162,W+41.5,4,True,False,False,,-1,23.3314,0
2026-06-18 21:29:34,133,W+12.5,7,True,False,False,,-1,23.3783,0
2026-06-18 21:30:08,162,W+54.5,5,True,False,False,,-1,23.4996,0
2026-06-18 21:30:34,128,B+20.5,4,True,False,False,,-1,23.5666,0
2026-06-18 21:30:51,89,B+3.5,2,True,False,False,,-1,23.4332,0
2026-06-18 21:31:11,96,B+2.5,6,True,False,False,,-1,23.3508,0
2026-06-18 21:31:42,162,B+14.5,6,True,False,False,,-1,23.4372,0
2026-06-18 21:32:02,106,W+27.5,6,True,False,False,,-1,23.4263,0
2026-06-18 21:32:21,105,W+7.5,3,True,False,False,,-1,23.3606,0
2026-06-18 21:32:45,124,B+15.5,3,True,False,False,,-1,23.3765,0
2026-06-18 21:33:04,102,W+12.5,5,True,False,False,,-1,23.3827,0
2026-06-18 21:33:26,118,W+40.5,2,True,False,False,,-1,23.3118,0
2026-06-18 21:33:53,145,W+34.5,9,True,False,False,,-1,23.3778,0
2026-06-18 21:34:20,139,B+45.5,3,True,False,False,,-1,23.4324,0
2026-06-18 21:34:43,113,W+23.5,4,True,False,False,,-1,23.4961,0
2026-06-18 21:35:01,88,W+6.5,4,True,False,False,,-1,23.483,0
2026-06-18 21:35:33,147,W+71.5,2,True,False,False,,-1,23.5883,0
2026-06-18 21:35:55,100,W+16.5,2,True,False,False,,-1,23.5892,0
2026-06-18 21:36:16,108,W+8.5,3,True,False,False,,-1,23.7338,0
2026-06-18 21:36:48,156,W+68.5,5,True,False,False,,-1,23.9361,0
2026-06-18 21:37:06,88,W+18.5,2,True,False,False,,-1,23.7917,0
2026-06-18 21:37:24,78,W+14.5,2,True,False,False,,-1,23.7874,0
2026-06-18 21:37:43,103,B+12.5,7,True,False,False,,-1,23.6625,0
2026-06-18 21:38:07,111,B+27.5,3,True,False,False,,-1,23.6877,0
2026-06-18 21:38:36,154,B+37.5,6,True,False,False,,-1,23.8989,0
2026-06-18 21:39:07,149,W+64.5,4,True,False,False,,-1,23.8551,0
2026-06-18 21:39:24,88,W+4.5,2,True,False,False,,-1,23.8464,0
2026-06-18 21:39:45,118,B+11.5,3,True,False,False,,-1,23.8297,0
2026-06-18 21:40:19,159,B+37.5,9,True,False,False,,-1,23.9759,0
2026-06-18 21:40:37,88,W+7.5,2,True,False,False,,-1,23.9002,0
2026-06-18 21:40:57,95,W+8.5,4,True,False,False,,-1,23.7973,0
2026-06-18 21:41:13,72,W+16.5,2,True,False,False,,-1,23.7199,0
2026-06-18 21:41:41,142,B+40.5,2,True,False,False,,-1,23.7762,0
2026-06-18 21:41:56,79,B+1.5,3,True,False,False,,-1,23.677,0
2026-06-18 21:42:18,101,W+25.5,2,True,False,False,,-1,23.5867,0
2026-06-18 21:42:36,88,W+15.5,3,True,False,False,,-1,23.5086,0
2026-06-18 21:42:55,94,B+13.5,3,True,False,False,,-1,23.4909,0
2026-06-18 21:43:16,109,W+19.5,3,True,False,False,,-1,23.4325,0
2026-06-18 21:43:34,84,W+3.5,3,True,False,False,,-1,23.2982,0
2026-06-18 21:44:02,151,W+63.5,4,True,False,False,,-1,23.3711,0
2026-06-18 21:44:07,24,W+7.5,2,True,False,False,,-1,23.2064,0
2026-06-18 21:44:35,138,W+44.5,8,True,False,False,,-1,23.2636,0
2026-06-18 21:44:59,118,W+52.5,4,True,False,False,,-1,23.1908,0
2026-06-18 21:45:17,86,W+5.5,2,True,False,False,,-1,23.0953,0
2026-06-18 21:45:52,162,B+20.5,7,True,False,False,,-1,23.2345,0
2026-06-18 21:46:24,162,W+59.5,4,True,False,False,,-1,23.3354,0
2026-06-18 21:46:56,162,B+56.5,2,True,False,False,,-1,23.5003,0
2026-06-18 21:47:21,117,W+25.5,2,True,False,False,,-1,23.5175,0
2026-06-18 21:47:38,90,W+9.5,3,True,False,False,,-1,23.3937,0
2026-06-18 21:47:58,100,B+2.5,3,True,False,False,,-1,23.331,0
2026-06-18 21:48:06,38,W+5.5,2,True,False,False,,-1,23.2229,0
2026-06-18 21:48:34,128,W+52.5,4,True,False,False,,-1,23.2452,0
2026-06-18 21:48:53,98,B+5.5,3,True,False,False,,-1,23.1882,0
2026-06-18 21:49:15,98,W+9.5,2,True,False,False,,-1,23.1893,0
2026-06-18 21:49:39,129,B+6.5,9,True,False,False,,-1,23.2043,0
2026-06-18 21:50:02,108,W+39.5,2,True,False,False,,-1,23.261,0
2026-06-18 21:50:22,104,W+12.5,4,True,False,False,,-1,23.215,0
2026-06-18 21:50:45,116,B+8.5,6,True,False,False,,-1,23.2442,0
2026-06-18 21:51:10,120,W+51.5,2,True,False,False,,-1,23.1819,0
2026-06-18 21:51:40,162,W+52.5,4,True,False,False,,-1,23.2845,0
2026-06-18 21:52:04,122,W+30.5,4,True,False,False,,-1,23.1815,0
2026-06-18 21:52:23,94,W+47.5,2,True,False,False,,-1,23.32,0
2026-06-18 21:52:42,94,W+8.5,2,True,False,False,,-1,23.2453,0
2026-06-18 21:52:58,85,B+1.5,2,True,False,False,,-1,23.1024,0
2026-06-18 21:53:13,70,W+12.5,2,True,False,False,,-1,22.9479,0
2026-06-18 21:53:37,119,B+13.5,5,True,False,False,,-1,23.1075,0
2026-06-18 21:54:02,127,B+2.5,3,True,False,False,,-1,23.0697,0
2026-06-18 21:54:23,102,B+9.5,2,True,False,False,,-1,23.0223,0
2026-06-18 21:54:41,96,W+11.5,3,True,False,False,,-1,22.8999,0
2026-06-18 21:55:03,106,B+7.5,3,True,False,False,,-1,22.8689,0
2026-06-18 21:55:33,160,W+71.5,7,True,False,False,,-1,22.898,0
2026-06-18 21:56:05,148,W+38.5,3,True,False,False,,-1,23.1424,0
2026-06-18 21:56:32,155,W+50.5,11,True,False,False,,-1,23.2052,0
2026-06-18 21:56:53,98,W+24.5,2,True,False,False,,-1,23.1532,0
2026-06-18 21:57:07,64,W+9.5,2,True,False,False,,-1,23.0737,0
2026-06-18 21:57:26,88,W+10.5,5,True,False,False,,-1,22.9525,0
2026-06-18 21:57:46,102,W+20.5,3,True,False,False,,-1,22.8596,0
2026-06-18 21:58:18,162,B+27.5,11,True,False,False,,-1,22.8277,0
2026-06-18 21:58:39,103,B+7.5,3,True,False,False,,-1,22.8365,0
2026-06-18 21:58:56,86,W+8.5,5,True,False,False,,-1,22.773,0
2026-06-18 21:59:17,111,W+7.5,2,True,False,False,,-1,22.6896,0
2026-06-18 21:59:53,162,W+55.5,3,True,False,False,,-1,22.8408,0
2026-06-18 22:00:14,109,B+12.5,4,True,False,False,,-1,22.8425,0
2026-06-18 22:00:41,131,W+59.5,3,True,False,False,,-1,22.7864,0
2026-06-18 22:01:08,130,W+37.5,6,True,False,False,,-1,22.7236,0
2026-06-18 22:01:27,90,W+19.5,2,True,False,False,,-1,22.7371,0
2026-06-18 22:01:45,88,W+2.5,3,True,False,False,,-1,22.6923,0
2026-06-18 22:02:05,102,W+9.5,7,True,False,False,,-1,22.6818,0
2026-06-18 22:02:29,116,W+34.5,2,True,False,False,,-1,22.7486,0
2026-06-18 22:02:48,111,W+15.5,3,True,False,False,,-1,22.7923,0
2026-06-18 22:03:18,159,B+58.5,7,True,False,False,,-1,22.9166,0
2026-06-18 22:03:36,86,W+4.5,2,True,False,False,,-1,22.8777,0
2026-06-18 22:03:56,102,W+28.5,2,True,False,False,,-1,22.8705,0
2026-06-18 22:04:22,116,W+47.5,2,True,False,False,,-1,22.8921,0
2026-06-18 22:04:55,162,W+47.5,2,True,False,False,,-1,22.8957,0
2026-06-18 22:05:16,103,B+18.5,2,True,False,False,,-1,22.9439,0
2026-06-18 22:05:40,128,W+64.5,4,True,False,False,,-1,22.909,0
2026-06-18 22:06:01,95,B+11.5,2,True,False,False,,-1,22.8951,0
2026-06-18 22:06:34,162,W+82.5,2,True,False,False,,-1,23.0192,0
2026-06-18 22:07:07,162,B+9.5,2,True,False,False,,-1,23.1182,0
2026-06-18 22:07:26,90,W+19.5,2,True,False,False,,-1,22.9717,0
2026-06-18 22:07:55,136,W+62.5,5,True,False,False,,-1,23.0104,0
2026-06-18 22:08:00,28,W+9.5,2,True,False,False,,-1,22.7261,0
2026-06-18 22:08:23,108,W+19.5,3,True,False,False,,-1,22.6874,0
2026-06-18 22:08:55,162,W+56.5,6,True,False,False,,-1,22.8392,0
2026-06-18 22:09:20,121,W+51.5,2,True,False,False,,-1,22.8899,0
2026-06-18 22:09:53,162,W+54.5,5,True,False,False,,-1,22.9079,0
2026-06-18 22:10:26,162,W+59.5,2,True,False,False,,-1,23.0378,0
2026-06-18 22:10:46,100,W+24.5,3,True,False,False,,-1,23.0436,0
2026-06-18 22:10:54,44,W+8.5,2,True,False,False,,-1,22.8962,0
2026-06-18 22:11:21,136,W+1.5,10,True,False,False,,-1,22.9664,0
2026-06-18 22:11:52,149,W+36.5,5,True,False,False,,-1,23.0542,0
2026-06-18 22:12:23,155,B+45.5,5,True,False,False,,-1,23.0885,0
2026-06-18 22:12:39,88,W+10.5,2,True,False,False,,-1,22.9872,0
2026-06-18 22:12:59,99,B+2.5,2,True,False,False,,-1,22.9555,0
2026-06-18 22:13:23,122,W+54.5,2,True,False,False,,-1,23.0202,0
2026-06-18 22:13:43,94,W+16.5,2,True,False,False,,-1,22.8964,0
2026-06-18 22:14:17,162,B+22.5,2,True,False,False,,-1,23.0126,0
2026-06-18 22:14:37,101,B+0.5,4,True,False,False,,-1,23.0011,0
2026-06-18 22:14:52,78,W+6.5,2,True,False,False,,-1,22.8413,0
2026-06-18 22:15:06,64,W+6.5,3,True,False,False,,-1,22.7943,0
2026-06-18 22:15:39,162,W+69.5,1,True,False,False,,-1,22.947,0
2026-06-18 22:15:56,77,B+3.5,2,True,False,False,,-1,22.9241,0
2026-06-18 22:16:02,32,W+7.5,2,True,False,False,,-1,22.7464,0
2026-06-18 22:16:25,119,B+17.5,5,True,False,False,,-1,22.6847,0
2026-06-18 22:16:45,114,B+3.5,5,True,False,False,,-1,22.586,0
2026-06-18 22:17:06,111,W+11.5,5,True,False,False,,-1,22.6246,0
2026-06-18 22:17:27,114,W+11.5,3,True,False,False,,-1,22.6207,0
2026-06-18 22:17:52,115,W+22.5,3,True,False,False,,-1,22.5345,0
2026-06-18 22:18:24,162,W+55.5,3,True,False,False,,-1,22.6746,0
2026-06-18 22:18:53,162,B+49.5,4,True,False,False,,-1,22.7607,0
2026-06-18 22:19:10,84,W+17.5,2,True,False,False,,-1,22.7636,0
2026-06-18 22:19:42,162,B+28.5,5,True,False,False,,-1,22.8067,0
2026-06-18 22:20:00,98,W+17.5,2,True,False,False,,-1,22.8415,0
2026-06-18 22:20:21,103,B+2.5,2,True,False,False,,-1,22.8267,0
2026-06-18 22:20:38,95,B+12.5,3,True,False,False,,-1,22.8106,0
2026-06-18 22:21:11,162,B+21.5,3,True,False,False,,-1,22.9564,0
2026-06-18 22:21:34,119,B+39.5,4,True,False,False,,-1,22.9748,0
2026-06-18 22:21:56,102,W+14.5,2,True,False,False,,-1,23.017,0
2026-06-18 22:22:17,110,B+15.5,7,True,False,False,,-1,22.9507,0
2026-06-18 22:22:51,161,W+56.5,4,True,False,False,,-1,23.2362,0
2026-06-18 22:23:16,127,W+40.5,3,True,False,False,,-1,23.2115,0
2026-06-18 22:23:35,95,W+2.5,4,True,False,False,,-1,23.156,0
2026-06-18 22:24:04,152,W+49.5,5,True,False,False,,-1,23.2635,0
2026-06-18 22:24:34,143,W+51.5,5,True,False,False,,-1,23.2204,0
2026-06-18 22:24:57,117,W+4.5,6,True,False,False,,-1,23.1301,0
2026-06-18 22:25:20,101,W+32.5,2,True,False,False,,-1,23.0419,0
2026-06-18 22:25:54,154,W+53.5,3,True,False,False,,-1,23.1342,0
2026-06-18 22:26:15,108,B+5.5,6,True,False,False,,-1,23.159,0
2026-06-18 22:26:30,74,W+0.5,2,True,False,False,,-1,23.1138,0
2026-06-18 22:26:49,95,B+0.5,2,True,False,False,,-1,23.221,0
2026-06-18 22:27:10,115,B+5.5,6,True,False,False,,-1,23.1567,0
2026-06-18 22:27:34,125,B+14.5,3,True,False,False,,-1,23.2076,0
2026-06-18 22:27:55,104,B+14.5,4,True,False,False,,-1,23.1914,0
2026-06-18 22:28:23,155,B+55.5,5,True,False,False,,-1,23.2345,0
2026-06-18 22:28:45,135,B+23.5,5,True,False,False,,-1,23.2344,0
2026-06-18 22:29:07,114,B+2.5,4,True,False,False,,-1,23.2409,0
2026-06-18 22:29:32,110,W+42.5,3,True,False,False,,-1,23.2645,0
2026-06-18 22:29:54,108,W+22.5,4,True,False,False,,-1,23.2442,0
2026-06-18 22:30:24,161,W+67.5,6,True,False,False,,-1,23.2402,0
2026-06-18 22:30:51,132,W+29.5,2,True,False,False,,-1,23.264,0
2026-06-18 22:30:55,24,W+7.5,2,True,False,False,,-1,23.121,0
2026-06-18 22:31:17,99,B+12.5,2,True,False,False,,-1,23.1486,0
2026-06-18 22:31:41,114,W+9.5,4,True,False,False,,-1,23.2294,0
2026-06-18 22:32:03,114,B+16.5,6,True,False,False,,-1,23.301,0
2026-06-18 22:32:34,162,B+39.5,4,True,False,False,,-1,23.3675,0
2026-06-18 22:32:44,46,W+6.5,2,True,False,False,,-1,23.2169,0
2026-06-18 22:33:16,146,W+61.5,4,True,False,False,,-1,23.3251,0
2026-06-18 22:33:38,125,B+29.5,4,True,False,False,,-1,23.3704,0
2026-06-18 22:34:13,162,W+33.5,2,True,False,False,,-1,23.4968,0
2026-06-18 22:34:39,119,W+40.5,2,True,False,False,,-1,23.4504,0
2026-06-18 22:35:04,136,B+34.5,6,True,False,False,,-1,23.3874,0
2026-06-18 22:35:21,85,W+9.5,4,True,False,False,,-1,23.2884,0
2026-06-18 22:35:39,95,B+2.5,3,True,False,False,,-1,23.2561,0
2026-06-18 22:35:59,99,B+0.5,2,True,False,False,,-1,23.3188,0
2026-06-18 22:36:18,105,W+18.5,3,True,False,False,,-1,23.3186,0
2026-06-18 22:36:48,152,W+53.5,7,True,False,False,,-1,23.4142,0
2026-06-18 22:37:12,119,B+18.5,4,True,False,False,,-1,23.3284,0
2026-06-18 22:37:38,128,B+38.5,4,True,False,False,,-1,23.3878,0
2026-06-18 22:37:58,94,W+9.5,2,True,False,False,,-1,23.4171,0
2026-06-18 22:38:32,162,W+63.5,5,True,False,False,,-1,23.5528,0
2026-06-18 22:39:03,162,W+56.5,6,True,False,False,,-1,23.4969,0
2026-06-18 22:39:26,108,W+19.5,3,True,False,False,,-1,23.5221,0
2026-06-18 22:39:50,127,W+3.5,5,True,False,False,,-1,23.4854,0
2026-06-18 22:40:13,108,B+6.5,4,True,False,False,,-1,23.454,0
2026-06-18 22:40:45,156,W+58.5,6,True,False,False,,-1,23.5844,0
2026-06-18 22:41:02,97,W+0.5,4,True,False,False,,-1,23.5682,0
2026-06-18 22:41:21,93,W+2.5,2,True,False,False,,-1,23.5588,0
2026-06-18 22:41:43,97,B+21.5,3,True,False,False,,-1,23.5366,0
2026-06-18 22:42:10,148,B+25.5,7,True,False,False,,-1,23.6176,0
2026-06-18 22:42:29,94,W+13.5,2,True,False,False,,-1,23.5032,0
2026-06-18 22:42:55,139,B+48.5,4,True,False,False,,-1,23.5864,0
2026-06-18 22:43:24,146,W+60.5,3,True,False,False,,-1,23.6745,0
2026-06-18 22:43:58,145,B+43.5,4,True,False,False,,-1,23.758,0
2026-06-18 22:44:19,116,W+26.5,2,True,False,False,,-1,23.6405,0
2026-06-18 22:44:47,144,W+55.5,3,True,False,False,,-1,23.7084,0
2026-06-18 22:45:18,157,W+60.5,6,True,False,False,,-1,23.778,0
2026-06-18 22:45:46,153,B+7.5,7,True,False,False,,-1,23.8497,0
2026-06-18 22:46:08,119,W+21.5,5,True,False,False,,-1,23.733,0
2026-06-18 22:46:27,107,B+0.5,4,True,False,False,,-1,23.5941,0
2026-06-18 22:47:01,162,W+59.5,5,True,False,False,,-1,23.7507,0
2026-06-18 22:47:33,162,B+51.5,4,True,False,False,,-1,23.7752,0
2026-06-18 22:47:50,78,W+11.5,2,True,False,False,,-1,23.8926,0
2026-06-18 22:48:14,112,W+28.5,2,True,False,False,,-1,23.9058,0
2026-06-18 22:48:40,138,W+34.5,4,True,False,False,,-1,23.85,0
2026-06-18 22:49:13,162,W+58.5,6,True,False,False,,-1,23.9268,0
2026-06-18 22:49:30,80,W+11.5,2,True,False,False,,-1,23.771,0
2026-06-18 22:49:48,96,W+24.5,3,True,False,False,,-1,23.6205,0
2026-06-18 22:50:17,136,W+55.5,5,True,False,False,,-1,23.7114,0
2026-06-18 22:50:37,86,W+28.5,2,True,False,False,,-1,23.8202,0
2026-06-18 22:50:54,98,W+1.5,2,True,False,False,,-1,23.737,0
2026-06-18 22:51:14,100,W+0.5,3,True,False,False,,-1,23.6174,0
2026-06-18 22:51:32,91,B+12.5,3,True,False,False,,-1,23.4949,0
2026-06-18 22:51:58,124,B+22.5,3,True,False,False,,-1,23.5821,0
2026-06-18 22:52:20,108,B+9.5,4,True,False,False,,-1,23.612,0
2026-06-18 22:52:43,108,W+20.5,3,True,False,False,,-1,23.593,0
2026-06-18 22:53:19,162,W+74.5,4,True,False,False,,-1,23.7628,0
2026-06-18 22:53:51,162,W+53.5,4,True,False,False,,-1,23.7397,0
2026-06-18 22:53:56,28,W+7.5,2,True,False,False,,-1,23.5916,0
2026-06-18 22:54:16,103,B+3.5,6,True,False,False,,-1,23.635,0
2026-06-18 22:54:35,89,B+11.5,2,True,False,False,,-1,23.6922,0
2026-06-18 22:55:06,145,B+59.5,2,True,False,False,,-1,23.6669,0
2026-06-18 22:55:36,144,W+57.5,4,True,False,False,,-1,23.8006,0
2026-06-18 22:55:57,91,B+3.5,2,True,False,False,,-1,23.9451,0
2026-06-18 22:56:21,117,W+47.5,3,True,False,False,,-1,23.9583,0
2026-06-18 22:56:51,162,B+29.5,9,True,False,False,,-1,24.0556,0
2026-06-18 22:57:15,111,W+0.5,2,True,False,False,,-1,24.0794,0
2026-06-18 22:57:32,93,B+3.5,3,True,False,False,,-1,24.0472,0
2026-06-18 22:57:54,119,B+1.5,5,True,False,False,,-1,24.0177,0
2026-06-18 22:58:25,162,W+24.5,5,True,False,False,,-1,24.0019,0
2026-06-18 22:58:42,89,W+4.5,3,True,False,False,,-1,23.8887,0
2026-06-18 22:59:00,90,W+14.5,2,True,False,False,,-1,23.9023,0
2026-06-18 22:59:21,107,W+9.5,3,True,False,False,,-1,23.7949,0
2026-06-18 22:59:39,86,W+4.5,3,True,False,False,,-1,23.7876,0
2026-06-18 23:00:03,125,B+2.5,5,True,False,False,,-1,23.8237,0
2026-06-18 23:00:22,94,B+6.5,2,True,False,False,,-1,23.8411,0
2026-06-18 23:00:45,113,B+19.5,4,True,False,False,,-1,23.7408,0
2026-06-18 23:01:18,162,B+31.5,6,True,False,False,,-1,23.8398,0
2026-06-18 23:01:47,129,W+35.5,6,True,False,False,,-1,23.9047,0
2026-06-18 23:02:18,156,B+24.5,4,True,False,False,,-1,24.0122,0
2026-06-18 23:02:46,147,B+42.5,5,True,False,False,,-1,23.9507,0
2026-06-18 23:03:17,161,B+43.5,5,True,False,False,,-1,24.001,0
2026-06-18 23:03:43,132,W+50.5,5,True,False,False,,-1,24.073,0
2026-06-18 23:04:12,155,W+64.5,2,True,False,False,,-1,24.0824,0
2026-06-18 23:04:36,129,W+3.5,8,True,False,False,,-1,24.0124,0
2026-06-18 23:04:59,116,W+40.5,2,True,False,False,,-1,24.0143,0
2026-06-18 23:05:23,124,W+46.5,2,True,False,False,,-1,24.0249,0
2026-06-18 23:05:41,83,B+2.5,2,True,False,False,,-1,23.8658,0
2026-06-18 23:06:02,104,B+2.5,3,True,False,False,,-1,23.8704,0
2026-06-18 23:06:24,99,B+15.5,2,True,False,False,,-1,23.9417,0
2026-06-18 23:06:50,117,B+16.5,7,True,False,False,,-1,24.0154,0
2026-06-18 23:07:10,94,W+6.5,2,True,False,False,,-1,23.9973,0
2026-06-18 23:07:38,140,W+53.5,3,True,False,False,,-1,24.0383,0
2026-06-18 23:08:03,134,W+5.5,3,True,False,False,,-1,24.077,0
2026-06-18 23:08:26,125,B+35.5,4,True,False,False,,-1,24.0308,0
2026-06-18 23:08:53,132,B+27.5,2,True,False,False,,-1,24.075,0
2026-06-18 23:09:22,151,W+48.5,6,True,False,False,,-1,24.1493,0
2026-06-18 23:09:51,142,B+53.5,2,True,False,False,,-1,24.1851,0
2026-06-18 23:10:12,102,W+23.5,2,True,False,False,,-1,24.1774,0
2026-06-18 23:10:44,146,B+33.5,3,True,False,False,,-1,24.197,0
2026-06-18 23:11:11,133,W+47.5,3,True,False,False,,-1,24.2044,0
2026-06-18 23:11:31,110,B+23.5,2,True,False,False,,-1,24.3543,0
2026-06-18 23:11:54,115,B+18.5,4,True,False,False,,-1,24.3746,0
2026-06-18 23:12:27,162,W+33.5,4,True,False,False,,-1,24.4551,0
2026-06-18 23:12:56,149,B+48.5,4,True,False,False,,-1,24.5269,0
2026-06-18 23:13:25,160,W+67.5,4,True,False,False,,-1,24.5129,0
2026-06-18 23:13:48,125,B+0.5,8,True,False,False,,-1,24.6439,0
2026-06-18 23:14:05,77,B+8.5,2,True,False,False,,-1,24.4904,0
2026-06-18 23:14:25,98,B+2.5,5,True,False,False,,-1,24.4651,0
2026-06-18 23:14:50,125,B+28.5,5,True,False,False,,-1,24.3706,0
2026-06-18 23:15:07,86,W+3.5,2,True,False,False,,-1,24.2858,0
2026-06-18 23:15:38,160,B+54.5,7,True,False,False,,-1,24.3392,0
2026-06-18 23:16:12,162,B+11.5,3,True,False,False,,-1,24.5089,0
2026-06-18 23:16:26,86,W+3.5,2,True,False,False,,-1,24.477,0
2026-06-18 23:16:52,144,B+32.5,7,True,False,False,,-1,24.5251,0
2026-06-18 23:17:12,94,W+24.5,3,True,False,False,,-1,24.5385,0
2026-06-18 23:17:40,148,B+36.5,6,True,False,False,,-1,24.5204,0
2026-06-18 23:18:04,129,W+49.5,3,True,False,False,,-1,24.5268,0
2026-06-18 23:18:33,142,W+59.5,3,True,False,False,,-1,24.5471,0
2026-06-18 23:18:59,131,W+43.5,2,True,False,False,,-1,24.6016,0
2026-06-18 23:19:17,82,W+22.5,2,True,False,False,,-1,24.4459,0
2026-06-18 23:19:37,105,W+1.5,9,True,False,False,,-1,24.3343,0
2026-06-18 23:19:55,93,B+1.5,6,True,False,False,,-1,24.284,0
2026-06-18 23:20:22,121,B+39.5,2,True,False,False,,-1,24.3177,0
2026-06-18 23:20:36,64,W+11.5,2,True,False,False,,-1,24.2253,0
2026-06-18 23:20:48,58,W+5.5,2,True,False,False,,-1,24.0242,0
2026-06-18 23:21:08,97,W+0.5,2,True,False,False,,-1,24.0535,0
2026-06-18 23:21:32,129,B+13.5,5,True,False,False,,-1,24.1042,0
2026-06-18 23:21:50,88,W+14.5,2,True,False,False,,-1,24.071,0
2026-06-18 23:22:11,104,W+41.5,2,True,False,False,,-1,24.004,0
2026-06-18 23:22:27,82,W+18.5,2,True,False,False,,-1,23.9805,0
2026-06-18 23:22:43,81,B+7.5,2,True,False,False,,-1,23.8798,0
2026-06-18 23:23:06,101,B+6.5,2,True,False,False,,-1,23.8185,0
2026-06-18 23:23:32,128,W+65.5,3,True,False,False,,-1,23.7473,0
2026-06-18 23:23:53,112,W+4.5,4,True,False,False,,-1,23.7355,0
2026-06-18 23:24:16,122,B+2.5,5,True,False,False,,-1,23.6844,0
2026-06-18 23:24:33,67,B+0.5,3,True,False,False,,-1,23.5459,0
2026-06-18 23:25:00,128,W+55.5,3,True,False,False,,-1,23.5378,0
2026-06-18 23:25:34,162,B+20.5,5,True,False,False,,-1,23.6599,0
2026-06-18 23:25:59,119,B+25.5,3,True,False,False,,-1,23.7179,0
2026-06-18 23:26:18,88,W+14.5,2,True,False,False,,-1,23.5665,0
2026-06-18 23:26:44,134,W+33.5,4,True,False,False,,-1,23.5075,0
2026-06-18 23:27:02,90,W+17.5,2,True,False,False,,-1,23.5192,0
2026-06-18 23:27:27,130,W+48.5,3,True,False,False,,-1,23.5255,0
2026-06-18 23:28:00,162,B+40.5,4,True,False,False,,-1,23.5933,0
2026-06-18 23:28:26,130,B+23.5,2,True,False,False,,-1,23.5256,0
2026-06-18 23:28:50,111,B+28.5,2,True,False,False,,-1,23.6016,0
2026-06-18 23:29:10,99,B+3.5,4,True,False,False,,-1,23.6151,0
2026-06-18 23:29:36,129,B+42.5,4,True,False,False,,-1,23.5891,0
2026-06-18 23:30:07,152,W+53.5,4,True,False,False,,-1,23.6976,0
2026-06-18 23:30:37,156,W+60.5,3,True,False,False,,-1,23.8263,0
2026-06-18 23:31:10,162,B+44.5,1,True,False,False,,-1,23.9641,0
2026-06-18 23:31:30,93,B+8.5,2,True,False,False,,-1,23.9735,0
2026-06-18 23:31:49,94,B+1.5,3,True,False,False,,-1,23.9074,0
2026-06-18 23:32:06,95,B+6.5,4,True,False,False,,-1,23.85,0
2026-06-18 23:32:24,88,W+15.5,2,True,False,False,,-1,23.811,0
2026-06-18 23:32:45,97,B+1.5,3,True,False,False,,-1,23.65,0
2026-06-18 23:32:52,36,W+14.5,2,True,False,False,,-1,23.4149,0
2026-06-18 23:33:18,132,W+53.5,6,True,False,False,,-1,23.6241,0
2026-06-18 23:33:41,115,W+19.5,3,True,False,False,,-1,23.6535,0
2026-06-18 23:34:05,136,B+50.5,2,True,False,False,,-1,23.696,0
2026-06-18 23:34:27,104,B+3.5,4,True,False,False,,-1,23.6058,0
2026-06-18 23:34:42,91,W+6.5,4,True,False,False,,-1,23.4577,0
2026-06-18 23:35:02,94,W+20.5,2,True,False,False,,-1,23.4533,0
2026-06-18 23:35:32,150,B+44.5,3,True,False,False,,-1,23.5042,0
2026-06-18 23:36:05,162,B+42.5,1,True,False,False,,-1,23.5405,0
2026-06-18 23:36:29,111,B+2.5,5,True,False,False,,-1,23.5419,0
2026-06-18 23:36:59,144,W+49.5,3,True,False,False,,-1,23.6633,0
2026-06-18 23:37:20,108,W+22.5,3,True,False,False,,-1,23.6526,0
2026-06-18 23:37:42,111,B+10.5,2,True,False,False,,-1,23.576,0
2026-06-18 23:38:07,117,B+20.5,3,True,False,False,,-1,23.6471,0
2026-06-18 23:38:38,146,W+63.5,4,True,False,False,,-1,23.7754,0
2026-06-18 23:39:08,162,W+28.5,6,True,False,False,,-1,23.8679,0
2026-06-18 23:39:28,93,B+5.5,4,True,False,False,,-1,23.885,0
2026-06-18 23:40:01,162,B+26.5,6,True,False,False,,-1,23.9717,0
2026-06-18 23:40:19,86,W+5.5,2,True,False,False,,-1,23.9726,0
2026-06-18 23:40:53,162,B+15.5,4,True,False,False,,-1,24.0737,0
2026-06-18 23:41:10,90,W+6.5,2,True,False,False,,-1,23.9194,0
2026-06-18 23:41:36,122,B+21.5,4,True,False,False,,-1,23.8873,0
2026-06-18 23:41:59,134,B+4.5,8,True,False,False,,-1,23.805,0
2026-06-18 23:42:31,159,W+62.5,2,True,False,False,,-1,23.8422,0
2026-06-18 23:42:45,64,W+8.5,2,True,False,False,,-1,23.6783,0
2026-06-18 23:42:53,40,W+8.5,2,True,False,False,,-1,23.4986,0
2026-06-18 23:43:20,130,W+48.5,5,True,False,False,,-1,23.4726,0
2026-06-18 23:43:43,113,B+22.5,2,True,False,False,,-1,23.4682,0
2026-06-18 23:44:07,125,B+36.5,2,True,False,False,,-1,23.4773,0
2026-06-18 23:44:35,138,W+48.5,6,True,False,False,,-1,23.52,0
2026-06-18 23:44:55,97,B+12.5,2,True,False,False,,-1,23.537,0
2026-06-18 23:45:24,148,B+47.5,4,True,False,False,,-1,23.6232,0
2026-06-18 23:45:58,162,B+34.5,2,True,False,False,,-1,23.7404,0
2026-06-18 23:46:18,101,B+9.5,3,True,False,False,,-1,23.67,0
2026-06-18 23:46:33,66,W+5.5,2,True,False,False,,-1,23.6296,0
2026-06-18 23:47:00,138,B+40.5,5,True,False,False,,-1,23.6242,0
2026-06-18 23:47:18,101,B+0.5,6,True,False,False,,-1,23.5491,0
2026-06-18 23:47:38,116,W+6.5,8,True,False,False,,-1,23.512,0
2026-06-18 23:47:59,101,B+14.5,2,True,False,False,,-1,23.4543,0
2026-06-18 23:48:25,119,B+37.5,2,True,False,False,,-1,23.4334,0
2026-06-18 23:48:45,106,W+10.5,3,True,False,False,,-1,23.3371,0
2026-06-18 23:49:19,162,W+47.5,4,True,False,False,,-1,23.466,0
2026-06-18 23:49:50,146,B+48.5,4,True,False,False,,-1,23.4529,0
2026-06-18 23:50:22,162,W+76.5,5,True,False,False,,-1,23.5088,0
2026-06-18 23:50:47,123,W+20.5,2,True,False,False,,-1,23.5613,0
2026-06-18 23:51:06,101,B+11.5,3,True,False,False,,-1,23.5155,0
2026-06-18 23:51:28,111,W+28.5,2,True,False,False,,-1,23.4071,0
2026-06-18 23:52:04,162,W+52.5,5,True,False,False,,-1,23.4711,0
2026-06-18 23:52:26,107,B+13.5,3,True,False,False,,-1,23.4023,0
2026-06-18 23:52:56,145,B+59.5,2,True,False,False,,-1,23.4715,0
2026-06-18 23:53:12,76,W+5.5,2,True,False,False,,-1,23.4647,0
2026-06-18 23:53:18,34,W+9.5,2,True,False,False,,-1,23.3294,0
2026-06-18 23:53:25,38,W+6.5,2,True,False,False,,-1,23.146,0
2026-06-18 23:53:54,134,W+43.5,3,True,False,False,,-1,23.2665,0
2026-06-18 23:54:13,86,W+20.5,2,True,False,False,,-1,23.1464,0
2026-06-18 23:54:20,38,W+6.5,2,True,False,False,,-1,22.8847,0
2026-06-18 23:54:48,142,B+48.5,3,True,False,False,,-1,23.0093,0
2026-06-18 23:55:19,162,B+42.5,4,True,False,False,,-1,23.0735,0
2026-06-18 23:55:54,162,B+52.5,8,True,False,False,,-1,23.2202,0
2026-06-18 23:56:11,89,B+1.5,4,True,False,False,,-1,23.1059,0
2026-06-18 23:56:30,100,B+2.5,4,True,False,False,,-1,23.0574,0
2026-06-18 23:57:03,162,W+73.5,2,True,False,False,,-1,23.1038,0
2026-06-18 23:57:23,106,W+3.5,3,True,False,False,,-1,23.0384,0
2026-06-18 23:57:41,99,B+1.5,5,True,False,False,,-1,23.0388,0
2026-06-18 23:58:00,90,W+10.5,3,True,False,False,,-1,23.0293,0
2026-06-18 23:58:28,132,W+46.5,2,True,False,False,,-1,23.127,0
2026-06-18 23:58:58,149,W+39.5,6,True,False,False,,-1,23.1609,0
2026-06-18 23:59:30,162,B+47.5,4,True,False,False,,-1,23.3354,0
2026-06-18 23:59:41,54,W+9.5,2,True,False,False,,-1,23.3273,0
2026-06-19 00:00:00,94,B+0.5,2,True,False,False,,-1,23.3204,0
2026-06-19 00:00:33,161,W+37.5,5,True,False,False,,-1,23.4097,0
2026-06-19 00:00:56,109,W+21.5,4,True,False,False,,-1,23.4567,0
2026-06-19 00:01:31,162,W+36.5,0,True,False,False,,-1,23.6025,0
2026-06-19 00:01:40,40,W+10.5,2,True,False,False,,-1,23.5238,0
2026-06-19 00:02:14,162,B+17.5,3,True,False,False,,-1,23.7014,0
2026-06-19 00:02:36,112,W+28.5,3,True,False,False,,-1,23.6998,0
2026-06-19 00:03:05,145,W+51.5,6,True,False,False,,-1,23.7226,0
2026-06-19 00:03:25,100,W+9.5,2,True,False,False,,-1,23.7262,0
2026-06-19 00:03:49,113,W+36.5,5,True,False,False,,-1,23.732,0
2026-06-19 00:04:15,137,B+46.5,4,True,False,False,,-1,23.8178,0
2026-06-19 00:04:42,125,W+30.5,3,True,False,False,,-1,23.8153,0
2026-06-19 00:05:06,132,W+57.5,2,True,False,False,,-1,23.7224,0
2026-06-19 00:05:26,103,B+9.5,3,True,False,False,,-1,23.6759,0
2026-06-19 00:05:42,64,W+1.5,2,True,False,False,,-1,23.6447,0
2026-06-19 00:06:11,151,B+46.5,6,True,False,False,,-1,23.6727,0
2026-06-19 00:06:33,117,W+21.5,3,True,False,False,,-1,23.7114,0
2026-06-19 00:06:54,98,B+1.5,3,True,False,False,,-1,23.6665,0
2026-06-19 00:07:25,144,W+44.5,2,True,False,False,,-1,23.653,0
2026-06-19 00:07:45,107,B+7.5,4,True,False,False,,-1,23.5933,0
2026-06-19 00:08:02,79,B+4.5,3,True,False,False,,-1,23.5105,0
2026-06-19 00:08:22,103,B+1.5,4,True,False,False,,-1,23.5164,0
2026-06-19 00:08:44,114,B+16.5,2,True,False,False,,-1,23.4807,0
2026-06-19 00:09:01,84,W+11.5,2,True,False,False,,-1,23.3381,0
2026-06-19 00:09:05,22,W+7.5,2,True,False,False,,-1,23.0794,0
2026-06-19 00:09:29,127,B+11.5,7,True,False,False,,-1,22.9897,0
2026-06-19 00:10:04,157,B+68.5,4,True,False,False,,-1,23.1419,0
2026-06-19 00:10:35,158,W+59.5,3,True,False,False,,-1,23.2573,0
2026-06-19 00:11:02,138,B+36.5,4,True,False,False,,-1,23.362,0
2026-06-19 00:11:28,117,B+33.5,2,True,False,False,,-1,23.4423,0
2026-06-19 00:12:02,162,B+12.5,3,True,False,False,,-1,23.5682,0
2026-06-19 00:12:22,107,W+25.5,2,True,False,False,,-1,23.6945,0
2026-06-19 00:12:46,128,B+38.5,4,True,False,False,,-1,23.6736,0
2026-06-19 00:13:09,124,W+15.5,5,True,False,False,,-1,23.6777,0
2026-06-19 00:13:37,143,B+38.5,4,True,False,False,,-1,23.7164,0
2026-06-19 00:14:01,118,W+46.5,3,True,False,False,,-1,23.7421,0
2026-06-19 00:14:17,80,W+1.5,2,True,False,False,,-1,23.7462,0
2026-06-19 00:14:39,115,B+15.5,3,True,False,False,,-1,23.7672,0
2026-06-19 00:15:10,148,B+28.5,6,True,False,False,,-1,23.7831,0
2026-06-19 00:15:44,158,W+70.5,5,True,False,False,,-1,23.7795,0
2026-06-19 00:16:03,106,W+6.5,4,True,False,False,,-1,23.7387,0
2026-06-19 00:16:22,97,B+4.5,4,True,False,False,,-1,23.6341,0
2026-06-19 00:16:44,103,W+9.5,5,True,False,False,,-1,23.6381,0
2026-06-19 00:17:04,101,B+12.5,5,True,False,False,,-1,23.6113,0
2026-06-19 00:17:24,105,W+13.5,5,True,False,False,,-1,23.5638,0
2026-06-19 00:17:47,110,W+33.5,2,True,False,False,,-1,23.4848,0
2026-06-19 00:18:07,100,W+25.5,3,True,False,False,,-1,23.383,0
2026-06-19 00:18:26,90,W+12.5,4,True,False,False,,-1,23.3757,0
2026-06-19 00:18:57,162,W+40.5,5,True,False,False,,-1,23.3582,0
2026-06-19 00:19:17,100,W+28.5,2,True,False,False,,-1,23.3718,0
2026-06-19 00:19:37,96,W+8.5,2,True,False,False,,-1,23.2399,0
2026-06-19 00:20:02,121,W+5.5,4,True,False,False,,-1,23.3149,0
2026-06-19 00:20:31,162,W+30.5,2,True,False,False,,-1,23.3497,0
2026-06-19 00:21:05,162,W+66.5,5,True,False,False,,-1,23.4523,0
2026-06-19 00:21:27,118,W+15.5,5,True,False,False,,-1,23.357,0
2026-06-19 00:21:44,86,B+5.5,2,True,False,False,,-1,23.3942,0
2026-06-19 00:22:04,90,B+13.5,2,True,False,False,,-1,23.5135,0
2026-06-19 00:22:31,138,W+67.5,6,True,False,False,,-1,23.5131,0
2026-06-19 00:22:53,116,B+1.5,5,True,False,False,,-1,23.5048,0
2026-06-19 00:23:22,144,B+36.5,2,True,False,False,,-1,23.5477,0
2026-06-19 00:23:52,158,W+50.5,6,True,False,False,,-1,23.569,0
2026-06-19 00:24:17,123,B+16.5,5,True,False,False,,-1,23.6202,0
2026-06-19 00:24:44,134,B+37.5,3,True,False,False,,-1,23.5899,0
2026-06-19 00:25:04,100,W+18.5,3,True,False,False,,-1,23.4583,0
2026-06-19 00:25:34,162,B+40.5,4,True,False,False,,-1,23.5594,0
2026-06-19 00:26:07,162,W+19.5,6,True,False,False,,-1,23.7433,0
2026-06-19 00:26:32,122,B+4.5,4,True,False,False,,-1,23.7115,0
2026-06-19 00:26:51,107,W+0.5,5,True,False,False,,-1,23.734,0
2026-06-19 00:27:21,137,B+35.5,4,True,False,False,,-1,23.829,0
2026-06-19 00:27:53,146,W+48.5,4,True,False,False,,-1,23.9385,0
2026-06-19 00:28:18,124,B+42.5,5,True,False,False,,-1,23.9192,0
2026-06-19 00:28:37,90,W+11.5,2,True,False,False,,-1,23.9205,0
2026-06-19 00:29:01,120,W+34.5,5,True,False,False,,-1,23.8153,0
2026-06-19 00:29:26,129,B+31.5,3,True,False,False,,-1,23.755,0
2026-06-19 00:29:45,107,W+7.5,8,True,False,False,,-1,23.6286,0
2026-06-19 00:30:07,110,B+18.5,2,True,False,False,,-1,23.5992,0
2026-06-19 00:30:28,106,W+25.5,3,True,False,False,,-1,23.6182,0
2026-06-19 00:30:49,94,W+19.5,2,True,False,False,,-1,23.604,0
2026-06-19 00:31:07,88,W+2.5,3,True,False,False,,-1,23.4297,0
2026-06-19 00:31:34,134,W+62.5,5,True,False,False,,-1,23.4837,0
2026-06-19 00:31:58,118,W+32.5,2,True,False,False,,-1,23.4246,0
2026-06-19 00:32:23,127,B+46.5,5,True,False,False,,-1,23.5152,0
2026-06-19 00:32:42,103,B+1.5,4,True,False,False,,-1,23.6386,0
2026-06-19 00:33:01,98,B+3.5,3,True,False,False,,-1,23.76,0
2026-06-19 00:33:21,99,B+0.5,5,True,False,False,,-1,23.6647,0
2026-06-19 00:33:46,133,B+31.5,7,True,False,False,,-1,23.7326,0
2026-06-19 00:34:20,162,B+51.5,2,True,False,False,,-1,23.995,0
2026-06-19 00:34:47,136,B+43.5,3,True,False,False,,-1,23.9898,0
2026-06-19 00:35:05,97,W+4.5,5,True,False,False,,-1,23.8513,0
2026-06-19 00:35:23,93,B+3.5,2,True,False,False,,-1,23.69,0
2026-06-19 00:35:50,126,W+53.5,2,True,False,False,,-1,23.7829,0
2026-06-19 00:36:18,153,W+60.5,5,True,False,False,,-1,23.8732,0
2026-06-19 00:36:40,109,W+19.5,4,True,False,False,,-1,23.7707,0
2026-06-19 00:37:08,131,W+46.5,3,True,False,False,,-1,23.849,0
2026-06-19 00:37:35,143,B+27.5,7,True,False,False,,-1,23.9351,0
2026-06-19 00:38:05,162,B+38.5,2,True,False,False,,-1,24.0515,0
2026-06-19 00:38:28,124,W+50.5,5,True,False,False,,-1,24.0053,0
2026-06-19 00:38:57,150,B+3.5,3,True,False,False,,-1,23.9842,0
2026-06-19 00:39:23,127,B+50.5,2,True,False,False,,-1,23.9356,0
2026-06-19 00:41:35,120,B+3.5,13,True,False,False,,-1,24.1786,1000
2026-06-19 00:41:55,60,W+8.5,3,True,False,False,,-1,24.0424,1000
2026-06-19 00:42:28,116,B+3.5,12,True,False,False,,-1,24.1545,1000
2026-06-19 00:43:02,113,W+0.5,10,True,False,False,,-1,24.1362,1000
2026-06-19 00:43:35,116,B+0.5,13,True,False,False,,-1,24.3855,1000
2026-06-19 00:43:46,38,W+8.5,3,True,False,False,,-1,24.1526,1000
2026-06-19 00:44:01,65,B+2.5,2,True,False,False,,-1,24.0798,1000
2026-06-19 00:44:29,97,W+1.5,11,True,False,False,,-1,24.0661,1000
2026-06-19 00:45:00,119,W+3.5,11,True,False,False,,-1,24.1723,1000
2026-06-19 00:45:26,100,B+0.5,4,True,False,False,,-1,24.1987,1000
2026-06-19 00:45:47,71,B+1.5,2,True,False,False,,-1,24.1518,1000
2026-06-19 00:46:11,83,B+3.5,2,True,False,False,,-1,24.1199,1000
2026-06-19 00:46:40,106,B+0.5,10,True,False,False,,-1,24.1683,1000
2026-06-19 00:47:14,127,W+0.5,16,True,False,False,,-1,24.3043,1000
2026-06-19 00:47:46,114,B+3.5,10,True,False,False,,-1,24.4637,1000
2026-06-19 00:48:09,79,B+2.5,2,True,False,False,,-1,24.4024,1000
2026-06-19 00:48:38,106,W+13.5,7,True,False,False,,-1,24.4746,1000
2026-06-19 00:49:11,132,B+3.5,17,True,False,False,,-1,24.6008,1000
2026-06-19 00:49:42,130,B+1.5,20,True,False,False,,-1,24.5967,1000
2026-06-19 00:50:14,122,B+7.5,14,True,False,False,,-1,24.7115,1000
2026-06-19 00:50:25,36,W+12.5,2,True,False,False,,-1,24.6622,1000
2026-06-19 00:50:44,72,W+16.5,3,True,False,False,,-1,24.6465,1000
2026-06-19 00:51:01,58,W+19.5,2,True,False,False,,-1,24.5903,1000
2026-06-19 00:51:31,112,W+10.5,10,True,False,False,,-1,24.7302,1000
2026-06-19 00:52:02,121,W+0.5,18,True,False,False,,-1,24.9902,1000
2026-06-19 00:52:36,111,B+5.5,9,True,False,False,,-1,25.0908,1000
2026-06-19 00:53:05,107,W+0.5,9,True,False,False,,-1,25.0398,1000
2026-06-19 00:53:33,100,W+0.5,5,True,False,False,,-1,25.0092,1000
2026-06-19 00:54:04,105,W+1.5,9,True,False,False,,-1,25.0423,1000
2026-06-19 00:54:32,110,B+11.5,7,True,False,False,,-1,25.0687,1000
2026-06-19 00:54:56,84,W+15.5,4,True,False,False,,-1,24.9758,1000
2026-06-19 00:55:24,103,B+0.5,8,True,False,False,,-1,25.0456,1000
2026-06-19 00:55:50,93,W+2.5,7,True,False,False,,-1,25.0648,1000
2026-06-19 00:56:08,66,W+2.5,2,True,False,False,,-1,25.0124,1000
2026-06-19 00:56:37,108,B+0.5,7,True,False,False,,-1,25.0304,1000
2026-06-19 00:57:08,107,W+1.5,8,True,False,False,,-1,25.0937,1000
2026-06-19 00:57:40,115,W+0.5,17,True,False,False,,-1,25.2526,1000
2026-06-19 00:58:10,114,B+10.5,9,True,False,False,,-1,25.3374,1000
2026-06-19 00:58:39,99,W+7.5,12,True,False,False,,-1,25.3151,1000
2026-06-19 00:59:07,103,W+1.5,7,True,False,False,,-1,25.2652,1000
2026-06-19 00:59:35,102,B+5.5,7,True,False,False,,-1,25.345,1000
2026-06-19 01:00:07,110,B+2.5,8,True,False,False,,-1,25.4706,1000
2026-06-19 01:00:50,162,W+24.5,27,True,False,False,,-1,25.6873,1000
2026-06-19 01:01:26,151,B+13.5,12,True,False,False,,-1,25.8521,1000
2026-06-19 01:01:58,118,B+0.5,16,True,False,False,,-1,25.9741,1000
2026-06-19 01:02:25,104,B+3.5,8,True,False,False,,-1,26.0093,1000
2026-06-19 01:03:01,123,W+0.5,13,True,False,False,,-1,26.1677,1000
2026-06-19 01:03:28,96,W+10.5,4,True,False,False,,-1,26.2515,1000
2026-06-19 01:03:51,94,B+1.5,5,True,False,False,,-1,26.1719,1000
2026-06-19 01:04:21,118,B+0.5,16,True,False,False,,-1,26.2697,1000
2026-06-19 01:04:28,30,W+7.5,2,True,False,False,,-1,26.1331,1000
2026-06-19 01:04:59,113,W+5.5,8,True,False,False,,-1,26.1992,1000
2026-06-19 01:05:22,82,W+22.5,4,True,False,False,,-1,26.1388,1000
2026-06-19 01:05:52,119,W+2.5,14,True,False,False,,-1,26.0985,1000
2026-06-19 01:06:15,88,B+4.5,5,True,False,False,,-1,26.1109,1000
2026-06-19 01:06:47,119,W+0.5,11,True,False,False,,-1,26.2519,1000
2026-06-19 01:07:18,114,B+1.5,13,True,False,False,,-1,26.368,1000
2026-06-19 01:07:56,140,B+11.5,19,True,False,False,,-1,26.477,1000
2026-06-19 01:08:23,104,B+1.5,8,True,False,False,,-1,26.523,1000
2026-06-19 01:08:53,119,W+5.5,16,True,False,False,,-1,26.5419,1000
2026-06-19 01:09:22,105,W+0.5,8,True,False,False,,-1,26.5221,1000
2026-06-19 01:09:51,103,W+2.5,9,True,False,False,,-1,26.5687,1000
2026-06-19 01:10:23,112,B+1.5,9,True,False,False,,-1,26.6233,1000
2026-06-19 01:10:54,122,B+3.5,15,True,False,False,,-1,26.7249,1000
2026-06-19 01:11:14,72,W+12.5,2,True,False,False,,-1,26.6359,1000
2026-06-19 01:11:47,113,W+1.5,8,True,False,False,,-1,26.6253,1000
2026-06-19 01:12:14,104,B+0.5,8,True,False,False,,-1,26.6496,1000
2026-06-19 01:12:39,87,B+2.5,2,True,False,False,,-1,26.7053,1000
2026-06-19 01:13:05,93,B+3.5,5,True,False,False,,-1,26.673,1000
2026-06-19 01:13:34,103,W+0.5,9,True,False,False,,-1,26.636,1000
2026-06-19 01:14:04,113,W+4.5,10,True,False,False,,-1,26.6953,1000
2026-06-19 01:14:40,141,B+3.5,22,True,False,False,,-1,26.8556,1000
2026-06-19 01:15:23,157,W+33.5,20,True,False,False,,-1,27.0518,1000
2026-06-19 01:15:51,111,W+0.5,13,True,False,False,,-1,27.0809,1000
2026-06-19 01:16:31,160,B+12.5,23,True,False,False,,-1,27.2845,1000
2026-06-19 01:16:45,56,W+4.5,2,True,False,False,,-1,27.2051,1000
2026-06-19 01:17:15,110,B+0.5,11,True,False,False,,-1,27.2988,1000
2026-06-19 01:17:48,125,B+0.5,15,True,False,False,,-1,27.4229,1000
2026-06-19 01:18:26,160,B+6.5,39,True,False,False,,-1,27.6191,1000
2026-06-19 01:18:53,99,W+0.5,6,True,False,False,,-1,27.6103,1000
2026-06-19 01:19:07,52,W+7.5,2,True,False,False,,-1,27.517,1000
2026-06-19 01:19:37,105,W+0.5,11,True,False,False,,-1,27.5674,1000
2026-06-19 01:20:09,123,B+2.5,13,True,False,False,,-1,27.7015,1000
2026-06-19 01:20:32,79,B+10.5,3,True,False,False,,-1,27.7323,1000
2026-06-19 01:21:03,115,W+9.5,17,True,False,False,,-1,27.8466,1000
2026-06-19 01:21:42,158,B+3.5,26,True,False,False,,-1,27.9892,1000
2026-06-19 01:22:23,138,B+0.5,10,True,False,False,,-1,28.0532,1000
2026-06-19 01:22:56,133,W+6.5,21,True,False,False,,-1,28.121,1000
2026-06-19 01:23:27,112,B+0.5,6,True,False,False,,-1,28.2464,1000
2026-06-19 01:24:00,128,B+0.5,12,True,False,False,,-1,28.3999,1000
2026-06-19 01:24:38,141,W+32.5,16,True,False,False,,-1,28.5084,1000
2026-06-19 01:25:07,107,B+7.5,8,True,False,False,,-1,28.5157,1000
2026-06-19 01:25:33,102,B+4.5,7,True,False,False,,-1,28.5505,1000
2026-06-19 01:26:05,119,W+4.5,7,True,False,False,,-1,28.6048,1000
2026-06-19 01:26:35,109,W+2.5,13,True,False,False,,-1,28.6344,1000
2026-06-19 01:26:51,59,B+5.5,3,True,False,False,,-1,28.4853,1000
2026-06-19 01:27:21,110,B+1.5,11,True,False,False,,-1,28.5525,1000
2026-06-19 01:27:53,122,B+0.5,12,True,False,False,,-1,28.5895,1000
2026-06-19 01:28:23,107,W+5.5,9,True,False,False,,-1,28.6246,1000
2026-06-19 01:28:51,106,B+4.5,9,True,False,False,,-1,28.6958,1000
2026-06-19 01:29:22,129,W+3.5,20,True,False,False,,-1,28.6715,1000
2026-06-19 01:29:43,71,B+1.5,2,True,False,False,,-1,28.6845,1000
2026-06-19 01:30:09,98,B+7.5,5,True,False,False,,-1,28.6061,1000
2026-06-19 01:30:38,106,B+1.5,10,True,False,False,,-1,28.5577,1000
2026-06-19 01:31:10,109,W+2.5,7,True,False,False,,-1,28.5471,1000
2026-06-19 01:31:41,117,W+0.5,4,True,False,False,,-1,28.7438,1000
2026-06-19 01:32:12,119,W+0.5,16,True,False,False,,-1,28.9076,1000
2026-06-19 01:32:43,109,W+5.5,8,True,False,False,,-1,28.9451,1000
2026-06-19 01:33:13,102,B+3.5,8,True,False,False,,-1,28.9256,1000
2026-06-19 01:33:51,135,W+1.5,10,True,False,False,,-1,29.0422,1000
2026-06-19 01:34:26,137,B+1.5,15,True,False,False,,-1,29.188,1000
2026-06-19 01:34:54,103,W+0.5,9,True,False,False,,-1,29.2233,1000
2026-06-19 01:35:22,115,B+4.5,18,True,False,False,,-1,29.2182,1000
2026-06-19 01:35:54,111,B+5.5,7,True,False,False,,-1,29.2008,1000
2026-06-19 01:36:35,162,B+4.5,21,True,False,False,,-1,29.2917,1000
2026-06-19 01:37:13,134,B+1.5,8,True,False,False,,-1,29.4453,1000
2026-06-19 01:37:38,88,B+1.5,3,True,False,False,,-1,29.3962,1000
2026-06-19 01:38:14,132,B+5.5,15,True,False,False,,-1,29.4328,1000
2026-06-19 01:38:41,96,B+2.5,7,True,False,False,,-1,29.3821,1000
2026-06-19 01:38:53,38,W+7.5,2,True,False,False,,-1,29.1895,1000
2026-06-19 01:39:31,136,W+1.5,16,True,False,False,,-1,29.4587,1000
2026-06-19 01:39:47,62,W+26.5,2,True,False,False,,-1,29.4336,1000
2026-06-19 01:40:18,117,W+4.5,10,True,False,False,,-1,29.5737,1000
2026-06-19 01:40:52,130,B+2.5,17,True,False,False,,-1,29.613,1000
2026-06-19 01:41:36,155,W+1.5,21,True,False,False,,-1,29.7411,1000
2026-06-19 01:42:04,103,W+2.5,14,True,False,False,,-1,29.6778,1000
2026-06-19 01:42:40,124,B+0.5,10,True,False,False,,-1,29.7404,1000
2026-06-19 01:42:59,70,W+22.5,2,True,False,False,,-1,29.6545,1000
2026-06-19 01:43:26,99,W+5.5,8,True,False,False,,-1,29.6277,1000
2026-06-19 01:44:04,130,B+0.5,11,True,False,False,,-1,29.7105,1000
2026-06-19 01:44:31,100,B+0.5,8,True,False,False,,-1,29.7456,1000
2026-06-19 01:45:03,118,B+4.5,15,True,False,False,,-1,29.7867,1000
2026-06-19 01:45:43,162,B+7.5,17,True,False,False,,-1,29.9351,1000
2026-06-19 01:46:15,117,B+0.5,13,True,False,False,,-1,30.0743,1000
2026-06-19 01:46:51,139,W+2.5,13,True,False,False,,-1,30.1391,1000
2026-06-19 01:47:21,115,W+8.5,15,True,False,False,,-1,30.1284,1000
2026-06-19 01:47:54,122,B+1.5,14,True,False,False,,-1,30.139,1000
2026-06-19 01:48:28,127,B+6.5,17,True,False,False,,-1,30.1773,1000
2026-06-19 01:48:57,112,B+0.5,8,True,False,False,,-1,30.1749,1000
2026-06-19 01:49:24,101,W+0.5,12,True,False,False,,-1,30.1657,1000
2026-06-19 01:49:58,113,W+1.5,11,True,False,False,,-1,30.2254,1000
2026-06-19 01:50:26,105,W+0.5,13,True,False,False,,-1,30.1921,1000
2026-06-19 01:51:02,136,B+2.5,19,True,False,False,,-1,30.1251,1000
2026-06-19 01:51:34,116,B+0.5,7,True,False,False,,-1,30.0738,1000
2026-06-19 01:52:07,121,B+1.5,17,True,False,False,,-1,30.081,1000
2026-06-19 01:52:16,36,W+7.5,2,True,False,False,,-1,29.9094,1000
2026-06-19 01:52:42,107,B+2.5,11,True,False,False,,-1,29.8153,1000
2026-06-19 01:53:08,90,W+19.5,3,True,False,False,,-1,29.7922,1000
2026-06-19 01:53:44,127,W+6.5,16,True,False,False,,-1,29.9251,1000
2026-06-19 01:54:11,106,B+1.5,11,True,False,False,,-1,29.8975,1000
2026-06-19 01:54:39,100,W+13.5,11,True,False,False,,-1,30.1056,1000
2026-06-19 01:55:09,113,W+8.5,7,True,False,False,,-1,30.1004,1000
2026-06-19 01:55:44,119,W+0.5,10,True,False,False,,-1,30.2126,1000
2026-06-19 01:56:25,161,W+2.5,30,True,False,False,,-1,30.3269,1000
2026-06-19 01:57:03,135,W+2.5,10,True,False,False,,-1,30.4777,1000
2026-06-19 01:57:32,100,B+3.5,4,True,False,False,,-1,30.4488,1000
2026-06-19 01:58:15,162,B+18.5,25,True,False,False,,-1,30.56,1000
2026-06-19 01:58:42,102,B+3.5,15,True,False,False,,-1,30.4517,1000
2026-06-19 01:58:47,24,W+7.5,2,True,False,False,,-1,30.2447,1000
2026-06-19 01:59:21,119,W+1.5,6,True,False,False,,-1,30.2719,1000
2026-06-19 01:59:42,76,W+13.5,4,True,False,False,,-1,30.2004,1000
2026-06-19 02:00:13,122,B+3.5,18,True,False,False,,-1,30.2155,1000
2026-06-19 02:00:46,125,W+1.5,21,True,False,False,,-1,30.2254,1000
2026-06-19 02:01:11,90,B+0.5,4,True,False,False,,-1,30.1689,1000
2026-06-19 02:01:45,115,W+3.5,9,True,False,False,,-1,30.3057,1000
2026-06-19 02:02:15,108,B+11.5,11,True,False,False,,-1,30.2806,1000
2026-06-19 02:02:44,102,B+0.5,7,True,False,False,,-1,30.2959,1000
2026-06-19 02:02:57,48,W+8.5,2,True,False,False,,-1,30.1809,1000
2026-06-19 02:03:25,100,W+4.5,13,True,False,False,,-1,30.1927,1000
2026-06-19 02:04:00,134,B+12.5,17,True,False,False,,-1,30.266,1000
2026-06-19 02:04:08,34,W+14.5,2,True,False,False,,-1,30.0384,1000
2026-06-19 02:04:14,20,W+7.5,2,True,False,False,,-1,29.737,1000
2026-06-19 02:04:39,86,W+18.5,5,True,False,False,,-1,29.5549,1000
2026-06-19 02:05:08,113,B+4.5,11,True,False,False,,-1,29.5704,1000
2026-06-19 02:05:35,96,B+0.5,8,True,False,False,,-1,29.4359,1000
2026-06-19 02:06:00,92,B+1.5,6,True,False,False,,-1,29.543,1000
2026-06-19 02:06:33,127,W+0.5,11,True,False,False,,-1,29.5798,1000
2026-06-19 02:06:43,34,W+5.5,2,True,False,False,,-1,29.3417,1000
2026-06-19 02:07:14,120,B+1.5,16,True,False,False,,-1,29.278,1000
2026-06-19 02:07:32,70,W+12.5,3,True,False,False,,-1,29.1954,1000
2026-06-19 02:08:06,138,B+5.5,13,True,False,False,,-1,29.383,1000
2026-06-19 02:08:35,114,B+4.5,15,True,False,False,,-1,29.3782,1000
2026-06-19 02:09:02,103,W+2.5,14,True,False,False,,-1,29.3214,1000
2026-06-19 02:09:38,130,B+15.5,11,True,False,False,,-1,29.4581,1000
2026-06-19 02:09:43,20,W+7.5,2,True,False,False,,-1,29.203,1000
2026-06-19 02:10:08,92,B+0.5,3,True,False,False,,-1,29.0567,1000
2026-06-19 02:10:33,96,B+0.5,8,True,False,False,,-1,28.9041,1000
2026-06-19 02:11:07,108,B+0.5,8,True,False,False,,-1,28.906,1000
2026-06-19 02:11:37,103,B+14.5,6,True,False,False,,-1,28.9,1000
2026-06-19 02:11:52,56,W+7.5,3,True,False,False,,-1,28.7107,1000
2026-06-19 02:12:25,115,W+0.5,14,True,False,False,,-1,28.6715,1000
2026-06-19 02:12:58,127,W+0.5,17,True,False,False,,-1,28.7086,1000
2026-06-19 02:13:31,116,B+0.5,10,True,False,False,,-1,28.7771,1000
2026-06-19 02:14:05,123,W+17.5,15,True,False,False,,-1,28.79,1000
2026-06-19 02:14:44,151,B+2.5,25,True,False,False,,-1,28.8824,1000
2026-06-19 02:15:12,105,W+0.5,16,True,False,False,,-1,29.0112,1000
2026-06-19 02:15:43,111,W+1.5,12,True,False,False,,-1,29.015,1000
2026-06-19 02:16:09,102,B+1.5,7,True,False,False,,-1,28.9621,1000
2026-06-19 02:16:26,64,W+3.5,2,True,False,False,,-1,28.826,1000
2026-06-19 02:16:36,36,W+7.5,2,True,False,False,,-1,28.6434,1000
2026-06-19 02:17:06,118,B+2.5,9,True,False,False,,-1,28.6355,1000
2026-06-19 02:17:37,107,W+1.5,10,True,False,False,,-1,28.7316,1000
2026-06-19 02:18:15,124,B+0.5,5,True,False,False,,-1,28.8522,1000
2026-06-19 02:18:45,103,B+10.5,7,True,False,False,,-1,28.8654,1000
2026-06-19 02:19:02,62,W+13.5,2,True,False,False,,-1,28.7125,1000
2026-06-19 02:19:36,119,W+2.5,10,True,False,False,,-1,28.7467,1000
2026-06-19 02:20:06,99,B+3.5,5,True,False,False,,-1,28.7304,1000
2026-06-19 02:20:42,141,W+0.5,13,True,False,False,,-1,28.7839,1000
2026-06-19 02:21:17,150,W+0.5,19,True,False,False,,-1,28.8416,1000
2026-06-19 02:21:39,80,W+5.5,4,True,False,False,,-1,28.6788,1000
2026-06-19 02:22:10,116,B+7.5,12,True,False,False,,-1,28.6367,1000
2026-06-19 02:22:39,119,W+0.5,18,True,False,False,,-1,28.6509,1000
2026-06-19 02:23:08,107,W+2.5,7,True,False,False,,-1,28.6526,1000
2026-06-19 02:23:33,96,W+10.5,7,True,False,False,,-1,28.5795,1000
2026-06-19 02:23:57,96,B+0.5,6,True,False,False,,-1,28.4119,1000
2026-06-19 02:24:25,106,B+3.5,6,True,False,False,,-1,28.3186,1000
2026-06-19 02:24:55,119,W+5.5,17,True,False,False,,-1,28.3696,1000
2026-06-19 02:25:32,134,B+1.5,12,True,False,False,,-1,28.3772,1000
2026-06-19 02:26:11,140,B+14.5,18,True,False,False,,-1,28.5014,1000
2026-06-19 02:26:58,157,W+46.5,11,True,False,False,,-1,28.8518,1000
2026-06-19 02:27:25,96,B+0.5,5,True,False,False,,-1,28.7336,1000
2026-06-19 02:27:49,90,B+3.5,4,True,False,False,,-1,28.8136,1000
2026-06-19 02:28:17,113,W+2.5,14,True,False,False,,-1,28.7898,1000
2026-06-19 02:28:47,122,B+7.5,13,True,False,False,,-1,28.7479,1000
2026-06-19 02:29:24,145,W+4.5,19,True,False,False,,-1,28.6825,1000
2026-06-19 02:30:05,162,W+35.5,29,True,False,False,,-1,28.8109,1000
2026-06-19 02:30:31,97,W+5.5,9,True,False,False,,-1,28.7117,1000
2026-06-19 02:30:54,92,B+1.5,6,True,False,False,,-1,28.7562,1000
2026-06-19 02:31:33,138,B+2.5,17,True,False,False,,-1,28.8611,1000
2026-06-19 02:32:01,111,W+9.5,18,True,False,False,,-1,28.7764,1000
2026-06-19 02:32:44,156,B+2.5,23,True,False,False,,-1,28.9221,1000
2026-06-19 02:33:24,131,W+1.5,10,True,False,False,,-1,29.0063,1000
2026-06-19 02:33:54,111,W+3.5,14,True,False,False,,-1,28.9024,1000
2026-06-19 02:34:08,54,W+6.5,2,True,False,False,,-1,28.7294,1000
2026-06-19 02:34:30,76,W+11.5,2,True,False,False,,-1,28.5802,1000
2026-06-19 02:35:03,119,W+5.5,11,True,False,False,,-1,28.6165,1000
2026-06-19 02:35:33,109,W+4.5,9,True,False,False,,-1,28.588,1000
2026-06-19 02:35:52,72,W+10.5,2,True,False,False,,-1,28.4428,1000
2026-06-19 02:36:24,125,W+18.5,16,True,False,False,,-1,28.4718,1000
2026-06-19 02:36:32,32,W+7.5,2,True,False,False,,-1,28.2792,1000
2026-06-19 02:37:07,115,W+0.5,12,True,False,False,,-1,28.2922,1000
2026-06-19 02:37:39,116,B+0.5,10,True,False,False,,-1,28.3292,1000
2026-06-19 02:38:13,124,B+2.5,9,True,False,False,,-1,28.304,1000
2026-06-19 02:38:21,30,W+7.5,2,True,False,False,,-1,28.0725,1000
2026-06-19 02:38:43,76,W+28.5,3,True,False,False,,-1,27.965,1000
2026-06-19 02:39:11,103,W+4.5,11,True,False,False,,-1,28.1468,1000
2026-06-19 02:39:47,118,B+8.5,11,True,False,False,,-1,28.2393,1000
2026-06-19 02:40:14,108,B+2.5,8,True,False,False,,-1,28.2603,1000
2026-06-19 02:40:48,118,B+1.5,10,True,False,False,,-1,28.2384,1000
2026-06-19 02:41:20,117,W+1.5,17,True,False,False,,-1,28.2877,1000
2026-06-19 02:41:48,97,W+1.5,11,True,False,False,,-1,28.2905,1000
2026-06-19 02:42:20,118,B+0.5,8,True,False,False,,-1,28.3097,1000
2026-06-19 02:42:55,121,W+2.5,9,True,False,False,,-1,28.3118,1000
2026-06-19 02:43:17,80,W+13.5,4,True,False,False,,-1,28.1215,1000
2026-06-19 02:43:49,119,W+10.5,15,True,False,False,,-1,28.0582,1000
2026-06-19 02:44:15,94,W+21.5,2,True,False,False,,-1,28.0335,1000
2026-06-19 02:44:31,64,W+1.5,2,True,False,False,,-1,27.7594,1000
2026-06-19 02:45:01,108,B+2.5,4,True,False,False,,-1,27.7881,1000
2026-06-19 02:45:33,122,B+5.5,7,True,False,False,,-1,28.0561,1000
2026-06-19 02:46:03,109,W+3.5,13,True,False,False,,-1,28.0157,1000
2026-06-19 02:46:31,116,B+2.5,9,True,False,False,,-1,28.0897,1000
2026-06-19 02:47:03,134,B+5.5,12,True,False,False,,-1,28.0962,1000
2026-06-19 02:47:33,115,W+14.5,14,True,False,False,,-1,28.0725,1000
2026-06-19 02:47:59,87,B+9.5,5,True,False,False,,-1,28.0791,1000
2026-06-19 02:48:19,71,B+5.5,2,True,False,False,,-1,27.9386,1000
2026-06-19 02:48:51,116,B+11.5,10,True,False,False,,-1,27.9517,1000
2026-06-19 02:49:23,122,B+0.5,7,True,False,False,,-1,27.9933,1000
2026-06-19 02:49:52,102,B+0.5,7,True,False,False,,-1,28.1409,1000
2026-06-19 02:50:18,105,W+1.5,10,True,False,False,,-1,28.1348,1000
2026-06-19 02:50:48,110,B+9.5,11,True,False,False,,-1,28.0709,1000
2026-06-19 02:51:26,135,W+1.5,16,True,False,False,,-1,28.3699,1000
2026-06-19 02:51:59,122,B+0.5,9,True,False,False,,-1,28.6528,1000
2026-06-19 02:52:29,106,B+0.5,10,True,False,False,,-1,28.6963,1000
2026-06-19 02:52:56,105,W+2.5,6,True,False,False,,-1,28.6809,1000
2026-06-19 02:53:22,99,W+13.5,7,True,False,False,,-1,28.6725,1000
2026-06-19 02:53:59,131,W+5.5,13,True,False,False,,-1,28.7967,1000
2026-06-19 02:54:25,105,W+19.5,10,True,False,False,,-1,28.7133,1000
2026-06-19 02:55:06,157,W+27.5,24,True,False,False,,-1,29.0281,1000
2026-06-19 02:55:33,100,B+0.5,6,True,False,False,,-1,28.9873,1000
2026-06-19 02:56:05,121,W+2.5,14,True,False,False,,-1,29.124,1000
2026-06-19 02:56:39,122,B+3.5,9,True,False,False,,-1,29.1311,1000
2026-06-19 02:57:11,120,B+5.5,15,True,False,False,,-1,29.1513,1000
2026-06-19 02:57:38,100,B+4.5,6,True,False,False,,-1,29.1581,1000
2026-06-19 02:58:04,98,B+2.5,7,True,False,False,,-1,29.0621,1000
2026-06-19 02:58:32,107,W+4.5,7,True,False,False,,-1,29.2849,1000
2026-06-19 02:59:01,107,W+0.5,12,True,False,False,,-1,29.3251,1000
2026-06-19 02:59:29,99,W+2.5,9,True,False,False,,-1,29.3524,1000
2026-06-19 03:00:07,141,W+0.5,16,True,False,False,,-1,29.4003,1000
2026-06-19 03:00:37,110,B+5.5,11,True,False,False,,-1,29.3955,1000
2026-06-19 03:01:11,128,B+0.5,20,True,False,False,,-1,29.5928,1000
2026-06-19 03:01:38,93,B+2.5,7,True,False,False,,-1,29.5283,1000
2026-06-19 03:02:15,130,B+0.5,12,True,False,False,,-1,29.567,1000
2026-06-19 03:02:43,103,W+0.5,8,True,False,False,,-1,29.5237,1000
2026-06-19 03:03:15,119,W+1.5,16,True,False,False,,-1,29.5046,1000
2026-06-19 03:03:46,111,W+0.5,8,True,False,False,,-1,29.4198,1000
2026-06-19 03:04:20,123,B+8.5,11,True,False,False,,-1,29.4736,1000
2026-06-19 03:04:53,114,W+1.5,10,True,False,False,,-1,29.4959,1000
2026-06-19 03:05:28,115,W+7.5,13,True,False,False,,-1,29.5795,1000
2026-06-19 03:05:54,105,W+1.5,10,True,False,False,,-1,29.6829,1000
2026-06-19 03:06:17,82,W+6.5,5,True,False,False,,-1,29.8083,1000
2026-06-19 03:06:48,120,B+4.5,10,True,False,False,,-1,29.8133,1000
2026-06-19 03:07:33,162,B+9.5,18,True,False,False,,-1,29.9599,1000
2026-06-19 03:08:00,100,B+1.5,8,True,False,False,,-1,29.8534,1000
2026-06-19 03:08:34,120,B+5.5,11,True,False,False,,-1,29.8918,1000
2026-06-19 03:09:06,122,B+1.5,12,True,False,False,,-1,30.039,1000
2026-06-19 03:09:43,130,B+0.5,16,True,False,False,,-1,30.0744,1000
2026-06-19 03:10:11,102,B+1.5,9,True,False,False,,-1,30.0526,1000
2026-06-19 03:10:42,122,B+3.5,12,True,False,False,,-1,29.9992,1000
2026-06-19 03:11:11,111,W+30.5,9,True,False,False,,-1,29.9373,1000
2026-06-19 03:11:43,128,W+27.5,14,True,False,False,,-1,30.0402,1000
2026-06-19 03:12:11,108,B+1.5,10,True,False,False,,-1,30.0096,1000
2026-06-19 03:12:44,127,W+0.5,11,True,False,False,,-1,30.0517,1000
2026-06-19 03:13:25,137,W+2.5,16,True,False,False,,-1,30.1646,1000
2026-06-19 03:13:52,102,B+2.5,6,True,False,False,,-1,30.1962,1000
2026-06-19 03:14:24,117,W+0.5,10,True,False,False,,-1,30.2699,1000
2026-06-19 03:14:53,106,B+2.5,8,True,False,False,,-1,30.2716,1000
2026-06-19 03:15:28,122,B+3.5,12,True,False,False,,-1,30.3234,1000
2026-06-19 03:16:00,125,W+12.5,13,True,False,False,,-1,30.2708,1000
2026-06-19 03:16:28,106,B+16.5,10,True,False,False,,-1,30.1684,1000
2026-06-19 03:16:36,24,W+7.5,2,True,False,False,,-1,29.7736,1000
2026-06-19 03:17:09,117,W+2.5,11,True,False,False,,-1,29.8428,1000
2026-06-19 03:17:44,137,W+2.5,16,True,False,False,,-1,29.9526,1000
2026-06-19 03:18:22,162,B+6.5,32,True,False,False,,-1,30.0481,1000
2026-06-19 03:19:05,162,W+24.5,26,True,False,False,,-1,30.1739,1000
2026-06-19 03:19:34,109,B+0.5,10,True,False,False,,-1,30.0913,1000
2026-06-19 03:20:01,96,B+2.5,6,True,False,False,,-1,29.9596,1000
2026-06-19 03:20:26,91,W+10.5,4,True,False,False,,-1,29.9515,1000
2026-06-19 03:20:52,93,W+6.5,4,True,False,False,,-1,29.9759,1000
2026-06-19 03:21:20,106,B+4.5,8,True,False,False,,-1,29.8661,1000
2026-06-19 03:21:51,125,W+5.5,15,True,False,False,,-1,29.8966,1000
2026-06-19 03:22:26,130,B+1.5,18,True,False,False,,-1,29.8239,1000
2026-06-19 03:23:00,116,B+4.5,10,True,False,False,,-1,29.7623,1000
2026-06-19 03:23:07,26,W+7.5,2,True,False,False,,-1,29.5271,1000
2026-06-19 03:23:38,116,B+4.5,12,True,False,False,,-1,29.6894,1000
2026-06-19 03:24:13,129,W+2.5,18,True,False,False,,-1,29.8309,1000
2026-06-19 03:24:43,110,B+1.5,12,True,False,False,,-1,29.799,1000
2026-06-19 03:25:14,111,W+5.5,15,True,False,False,,-1,29.8059,1000
2026-06-19 03:25:44,109,W+4.5,11,True,False,False,,-1,29.9163,1000
2026-06-19 03:26:20,128,B+2.5,20,True,False,False,,-1,29.9532,1000
2026-06-19 03:26:48,102,B+1.5,9,True,False,False,,-1,30.1568,1000
2026-06-19 03:27:18,106,B+2.5,8,True,False,False,,-1,30.1116,1000
2026-06-19 03:27:50,112,B+2.5,8,True,False,False,,-1,30.1089,1000
2026-06-19 03:28:23,119,W+3.5,9,True,False,False,,-1,30.0927,1000
2026-06-19 03:28:37,54,W+4.5,2,True,False,False,,-1,30.1565,1000
2026-06-19 03:28:46,34,W+7.5,2,True,False,False,,-1,30.0279,1000
2026-06-19 03:29:23,137,W+6.5,21,True,False,False,,-1,30.1231,1000
2026-06-19 03:29:54,107,W+3.5,13,True,False,False,,-1,30.0734,1000
2026-06-19 03:30:28,119,W+1.5,12,True,False,False,,-1,30.1354,1000
2026-06-19 03:30:58,108,B+6.5,15,True,False,False,,-1,30.0935,1000
2026-06-19 03:31:30,114,B+14.5,11,True,False,False,,-1,30.0958,1000
2026-06-19 03:31:57,98,B+2.5,9,True,False,False,,-1,30.0851,1000
2026-06-19 03:32:35,147,W+10.5,17,True,False,False,,-1,30.145,1000
2026-06-19 03:33:05,111,W+0.5,11,True,False,False,,-1,30.1008,1000
2026-06-19 03:33:38,122,B+8.5,15,True,False,False,,-1,30.2082,1000
2026-06-19 03:34:14,132,B+2.5,16,True,False,False,,-1,30.2435,1000
2026-06-19 03:34:43,116,B+1.5,14,True,False,False,,-1,30.2681,1000
2026-06-19 03:35:11,101,W+0.5,9,True,False,False,,-1,30.4001,1000
2026-06-19 03:35:42,121,W+2.5,6,True,False,False,,-1,30.4107,1000
2026-06-19 03:36:09,100,B+0.5,8,True,False,False,,-1,30.3591,1000
2026-06-19 03:36:46,134,B+1.5,15,True,False,False,,-1,30.4287,1000
2026-06-19 03:37:18,113,W+2.5,10,True,False,False,,-1,30.4635,1000
2026-06-19 03:37:45,102,B+2.5,15,True,False,False,,-1,30.4163,1000
2026-06-19 03:38:19,117,W+1.5,12,True,False,False,,-1,30.4545,1000
2026-06-19 03:38:50,107,W+5.5,11,True,False,False,,-1,30.4988,1000
2026-06-19 03:39:23,131,W+0.5,17,True,False,False,,-1,30.6391,1000
2026-06-19 03:39:47,89,W+8.5,9,True,False,False,,-1,30.5619,1000
2026-06-19 03:40:14,92,B+3.5,6,True,False,False,,-1,30.5053,1000
2026-06-19 03:40:51,134,B+6.5,15,True,False,False,,-1,30.5873,1000
2026-06-19 03:41:34,161,W+30.5,19,True,False,False,,-1,30.7562,1000
2026-06-19 03:41:59,95,W+1.5,12,True,False,False,,-1,30.7075,1000
2026-06-19 03:42:26,95,W+12.5,6,True,False,False,,-1,30.5984,1000
2026-06-19 03:42:56,116,B+10.5,8,True,False,False,,-1,30.566,1000
2026-06-19 03:43:35,162,B+1.5,20,True,False,False,,-1,30.6585,1000
2026-06-19 03:44:03,103,W+0.5,10,True,False,False,,-1,30.6621,1000
2026-06-19 03:44:36,129,W+26.5,18,True,False,False,,-1,30.7298,1000
2026-06-19 03:45:05,101,W+0.5,4,True,False,False,,-1,30.6524,1000
2026-06-19 03:45:40,121,W+3.5,4,True,False,False,,-1,30.7515,1000
2026-06-19 03:46:10,104,B+6.5,10,True,False,False,,-1,30.6456,1000
2026-06-19 03:46:41,120,W+2.5,8,True,False,False,,-1,30.6735,1000
2026-06-19 03:47:04,85,B+10.5,3,True,False,False,,-1,30.5912,1000
2026-06-19 03:47:40,130,B+0.5,15,True,False,False,,-1,30.6096,1000
2026-06-19 03:47:49,32,W+6.5,2,True,False,False,,-1,30.3799,1000
2026-06-19 03:48:15,101,W+17.5,8,True,False,False,,-1,30.368,1000
2026-06-19 03:49:03,162,W+4.5,22,True,False,False,,-1,30.5848,1000
2026-06-19 03:49:32,103,W+6.5,8,True,False,False,,-1,30.5952,1000
2026-06-19 03:49:58,97,B+10.5,3,True,False,False,,-1,30.5714,1000
2026-06-19 03:50:45,162,W+38.5,17,True,False,False,,-1,30.7602,1000
2026-06-19 03:51:19,125,W+0.5,11,True,False,False,,-1,30.7161,1000
2026-06-19 03:51:26,30,W+8.5,2,True,False,False,,-1,30.4883,1000
2026-06-19 03:51:58,122,B+6.5,11,True,False,False,,-1,30.4665,1000
2026-06-19 03:52:33,137,W+0.5,16,True,False,False,,-1,30.5428,1000
2026-06-19 03:52:58,95,W+12.5,4,True,False,False,,-1,30.4325,1000
2026-06-19 03:53:11,50,W+7.5,2,True,False,False,,-1,30.2764,1000
2026-06-19 03:53:54,162,B+18.5,19,True,False,False,,-1,30.3859,1000
2026-06-19 03:54:25,110,B+0.5,12,True,False,False,,-1,30.3896,1000
2026-06-19 03:54:52,101,W+2.5,12,True,False,False,,-1,30.3239,1000
2026-06-19 03:55:24,121,B+0.5,11,True,False,False,,-1,30.3166,1000
2026-06-19 03:55:52,94,W+15.5,3,True,False,False,,-1,30.2389,1000
2026-06-19 03:56:17,87,B+6.5,3,True,False,False,,-1,30.2223,1000
2026-06-19 03:56:48,118,B+10.5,9,True,False,False,,-1,30.3103,1000
2026-06-19 03:57:26,159,W+3.5,26,True,False,False,,-1,30.3809,1000
2026-06-19 03:58:05,161,W+13.5,19,True,False,False,,-1,30.3192,1000
2026-06-19 03:58:37,127,W+1.5,21,True,False,False,,-1,30.3663,1000
2026-06-19 03:59:08,116,B+3.5,8,True,False,False,,-1,30.337,1000
2026-06-19 03:59:21,46,W+8.5,2,True,False,False,,-1,30.1478,1000
2026-06-19 03:59:51,112,B+3.5,11,True,False,False,,-1,30.0747,1000
2026-06-19 04:00:23,123,W+23.5,9,True,False,False,,-1,30.1224,1000
2026-06-19 04:00:58,123,W+6.5,14,True,False,False,,-1,30.1528,1000
2026-06-19 04:01:33,127,W+0.5,16,True,False,False,,-1,30.2175,1000
2026-06-19 04:01:58,97,W+0.5,6,True,False,False,,-1,30.1455,1000
2026-06-19 04:02:42,159,W+29.5,18,True,False,False,,-1,30.2998,1000
2026-06-19 04:03:11,122,B+3.5,14,True,False,False,,-1,30.2672,1000
2026-06-19 04:03:41,109,W+0.5,14,True,False,False,,-1,30.1625,1000
2026-06-19 04:04:18,137,W+8.5,10,True,False,False,,-1,30.2516,1000
2026-06-19 04:04:45,99,B+11.5,8,True,False,False,,-1,30.2091,1000
2026-06-19 04:05:17,121,W+0.5,12,True,False,False,,-1,30.241,1000
2026-06-19 04:05:46,100,B+5.5,4,True,False,False,,-1,30.1855,1000
2026-06-19 04:06:16,108,B+4.5,6,True,False,False,,-1,30.1602,1000
2026-06-19 04:06:46,100,W+12.5,3,True,False,False,,-1,30.1797,1000
2026-06-19 04:07:15,101,W+12.5,9,True,False,False,,-1,30.3879,1000
2026-06-19 04:07:43,102,B+6.5,9,True,False,False,,-1,30.3358,1000
2026-06-19 04:08:17,117,W+2.5,11,True,False,False,,-1,30.325,1000
2026-06-19 04:08:47,115,W+3.5,11,True,False,False,,-1,30.246,1000
2026-06-19 04:09:16,107,W+1.5,12,True,False,False,,-1,30.1046,1000
2026-06-19 04:09:23,28,W+7.5,2,True,False,False,,-1,29.8848,1000
2026-06-19 04:09:56,116,B+3.5,12,True,False,False,,-1,29.9479,1000
2026-06-19 04:10:03,26,W+8.5,2,True,False,False,,-1,29.7632,1000
2026-06-19 04:10:32,114,B+0.5,11,True,False,False,,-1,29.7995,1000
2026-06-19 04:11:14,157,W+3.5,18,True,False,False,,-1,29.9427,1000
2026-06-19 04:11:49,126,B+1.5,9,True,False,False,,-1,29.9722,1000
2026-06-19 04:12:16,100,B+2.5,5,True,False,False,,-1,29.8975,1000
2026-06-19 04:12:42,94,B+5.5,6,True,False,False,,-1,29.8213,1000
2026-06-19 04:13:10,103,B+2.5,4,True,False,False,,-1,30.0333,1000
2026-06-19 04:13:29,66,W+0.5,2,True,False,False,,-1,29.9105,1000
2026-06-19 04:13:40,40,W+4.5,2,True,False,False,,-1,29.6656,1000
2026-06-19 04:14:10,125,W+7.5,14,True,False,False,,-1,29.6722,1000
2026-06-19 04:14:55,162,W+3.5,19,True,False,False,,-1,29.8156,1000
2026-06-19 04:15:26,110,B+2.5,8,True,False,False,,-1,29.8131,1000
2026-06-19 04:15:57,113,W+3.5,12,True,False,False,,-1,29.7708,1000
2026-06-19 04:16:37,161,W+31.5,24,True,False,False,,-1,29.8893,1000
2026-06-19 04:17:00,87,W+21.5,3,True,False,False,,-1,29.8166,1000
2026-06-19 04:17:30,115,W+2.5,9,True,False,False,,-1,29.7928,1000
2026-06-19 04:18:08,147,B+1.5,18,True,False,False,,-1,29.8474,1000
2026-06-19 04:18:34,97,W+1.5,10,True,False,False,,-1,29.9627,1000
2026-06-19 04:19:09,126,B+4.5,12,True,False,False,,-1,30.2233,1000
2026-06-19 04:19:38,100,B+0.5,5,True,False,False,,-1,30.1451,1000
2026-06-19 04:20:12,126,B+2.5,17,True,False,False,,-1,30.1771,1000
2026-06-19 04:20:37,90,W+10.5,2,True,False,False,,-1,30.0957,1000
2026-06-19 04:20:49,46,W+2.5,2,True,False,False,,-1,29.9148,1000
2026-06-19 04:21:17,99,W+2.5,9,True,False,False,,-1,29.865,1000
2026-06-19 04:21:46,104,W+8.5,6,True,False,False,,-1,29.8927,1000
2026-06-19 04:22:12,103,W+1.5,10,True,False,False,,-1,29.7675,1000
2026-06-19 04:22:39,99,W+1.5,11,True,False,False,,-1,29.7317,1000
2026-06-19 04:23:05,101,W+1.5,10,True,False,False,,-1,29.6694,1000
2026-06-19 04:23:45,151,B+25.5,25,True,False,False,,-1,29.7089,1000
2026-06-19 04:24:16,115,W+6.5,9,True,False,False,,-1,29.7358,1000
2026-06-19 04:24:49,118,B+0.5,20,True,False,False,,-1,29.7734,1000
2026-06-19 04:25:20,111,W+1.5,13,True,False,False,,-1,29.7762,1000
2026-06-19 04:25:51,114,B+9.5,9,True,False,False,,-1,29.8171,1000
2026-06-19 04:26:22,101,W+6.5,7,True,False,False,,-1,29.7605,1000
2026-06-19 04:27:03,150,B+3.5,19,True,False,False,,-1,29.8482,1000
2026-06-19 04:27:26,81,B+2.5,3,True,False,False,,-1,29.8102,1000
2026-06-19 04:28:06,139,W+3.5,10,True,False,False,,-1,29.8719,1000
2026-06-19 04:28:15,34,W+7.5,2,True,False,False,,-1,29.6525,1000
2026-06-19 04:28:42,102,W+20.5,7,True,False,False,,-1,29.5796,1000
2026-06-19 04:29:08,93,B+2.5,4,True,False,False,,-1,29.6066,1000
2026-06-19 04:29:38,105,W+0.5,11,True,False,False,,-1,29.6388,1000
2026-06-19 04:30:13,114,B+3.5,6,True,False,False,,-1,29.6191,1000
2026-06-19 04:30:48,123,W+1.5,14,True,False,False,,-1,29.5354,1000
2026-06-19 04:31:15,100,B+0.5,4,True,False,False,,-1,29.5624,1000
2026-06-19 04:31:46,106,B+12.5,4,True,False,False,,-1,29.5979,1000
2026-06-19 04:32:18,119,W+3.5,13,True,False,False,,-1,29.6196,1000
2026-06-19 04:33:01,159,W+3.5,28,True,False,False,,-1,29.6612,1000
2026-06-19 04:33:32,115,W+1.5,10,True,False,False,,-1,29.6897,1000
2026-06-19 04:33:41,32,W+10.5,2,True,False,False,,-1,29.4534,1000
2026-06-19 04:34:14,113,W+3.5,10,True,False,False,,-1,29.4838,1000
2026-06-19 04:34:46,122,B+5.5,10,True,False,False,,-1,29.4552,1000
2026-06-19 04:35:15,99,W+0.5,8,True,False,False,,-1,29.4461,1000
2026-06-19 04:35:48,112,B+4.5,11,True,False,False,,-1,29.4713,1000
2026-06-19 04:36:07,69,B+7.5,2,True,False,False,,-1,29.425,1000
2026-06-19 04:36:39,118,B+4.5,12,True,False,False,,-1,29.3831,1000
2026-06-19 04:37:03,90,W+3.5,6,True,False,False,,-1,29.5397,1000
2026-06-19 04:37:36,124,B+5.5,10,True,False,False,,-1,29.6095,1000
2026-06-19 04:38:11,119,W+0.5,17,True,False,False,,-1,29.4747,1000
2026-06-19 04:38:38,103,W+2.5,9,True,False,False,,-1,29.4611,1000
2026-06-19 04:39:17,150,W+31.5,19,True,False,False,,-1,29.5875,1000
2026-06-19 04:39:40,78,W+5.5,2,True,False,False,,-1,29.3433,1000
2026-06-19 04:40:13,127,W+6.5,22,True,False,False,,-1,29.339,1000
2026-06-19 04:40:50,150,B+4.5,25,True,False,False,,-1,29.6447,1000
2026-06-19 04:41:21,113,W+0.5,16,True,False,False,,-1,29.6322,1000
2026-06-19 04:41:49,96,B+3.5,6,True,False,False,,-1,29.5589,1000
2026-06-19 04:41:59,32,W+5.5,2,True,False,False,,-1,29.4011,1000
2026-06-19 04:42:32,117,B+1.5,10,True,False,False,,-1,29.6093,1000
2026-06-19 04:43:01,99,W+3.5,5,True,False,False,,-1,29.4669,1000
2026-06-19 04:43:27,103,W+2.5,6,True,False,False,,-1,29.4184,1000
2026-06-19 04:43:54,92,B+0.5,5,True,False,False,,-1,29.4166,1000
2026-06-19 04:44:03,34,W+8.5,2,True,False,False,,-1,29.1884,1000
2026-06-19 04:44:31,102,B+0.5,11,True,False,False,,-1,29.1865,1000
2026-06-19 04:45:08,125,W+2.5,11,True,False,False,,-1,29.3105,1000
2026-06-19 04:45:38,113,B+1.5,12,True,False,False,,-1,29.2943,1000
2026-06-19 04:46:07,107,W+4.5,8,True,False,False,,-1,29.2064,1000
2026-06-19 04:46:30,88,W+9.5,2,True,False,False,,-1,29.0506,1000
2026-06-19 04:47:01,105,W+1.5,12,True,False,False,,-1,29.0369,1000
2026-06-19 04:47:30,105,W+25.5,11,True,False,False,,-1,29.0142,1000
2026-06-19 04:47:59,103,W+1.5,7,True,False,False,,-1,29.1743,1000
2026-06-19 04:48:33,140,B+0.5,23,True,False,False,,-1,29.2158,1000
2026-06-19 04:49:18,162,B+16.5,14,True,False,False,,-1,29.3396,1000
2026-06-19 04:49:47,110,B+2.5,12,True,False,False,,-1,29.2876,1000
2026-06-19 04:50:19,116,B+2.5,8,True,False,False,,-1,29.2589,1000
2026-06-19 04:50:52,113,W+0.5,12,True,False,False,,-1,29.3344,1000
2026-06-19 04:51:26,122,B+3.5,7,True,False,False,,-1,29.2367,1000
2026-06-19 04:51:53,108,B+0.5,8,True,False,False,,-1,29.217,1000
2026-06-19 04:52:31,123,W+2.5,6,True,False,False,,-1,29.2939,1000
2026-06-19 04:53:08,162,B+1.5,23,True,False,False,,-1,29.2998,1000
2026-06-19 04:53:48,162,B+10.5,35,True,False,False,,-1,29.432,1000
2026-06-19 04:54:23,124,B+1.5,9,True,False,False,,-1,29.461,1000
2026-06-19 04:55:11,162,W+7.5,28,True,False,False,,-1,29.6408,1000
2026-06-19 04:55:43,119,W+0.5,13,True,False,False,,-1,29.6731,1000
2026-06-19 04:56:14,111,W+20.5,8,True,False,False,,-1,29.6754,1000
2026-06-19 04:56:46,108,B+8.5,7,True,False,False,,-1,29.708,1000
2026-06-19 04:57:17,116,B+4.5,7,True,False,False,,-1,29.7375,1000
2026-06-19 04:57:24,24,W+7.5,2,True,False,False,,-1,29.4666,1000
2026-06-19 04:57:55,106,B+0.5,8,True,False,False,,-1,29.4694,1000
2026-06-19 04:58:26,115,W+2.5,8,True,False,False,,-1,29.4955,1000
2026-06-19 04:58:46,76,W+10.5,2,True,False,False,,-1,29.6302,1000
2026-06-19 04:59:26,135,W+0.5,11,True,False,False,,-1,29.7,1000
2026-06-19 04:59:54,107,B+1.5,9,True,False,False,,-1,29.9125,1000
2026-06-19 05:00:20,100,B+1.5,8,True,False,False,,-1,29.8747,1000
2026-06-19 05:00:49,105,W+0.5,9,True,False,False,,-1,29.7437,1000
2026-06-19 05:01:21,123,W+0.5,17,True,False,False,,-1,29.7242,1000
2026-06-19 05:01:51,115,W+8.5,22,True,False,False,,-1,29.7454,1000
2026-06-19 05:02:23,130,B+5.5,17,True,False,False,,-1,29.8039,1000
2026-06-19 05:02:51,108,B+6.5,9,True,False,False,,-1,29.8072,1000
2026-06-19 05:03:36,162,B+4.5,17,True,False,False,,-1,30.0699,1000
2026-06-19 05:04:15,143,W+4.5,24,True,False,False,,-1,30.3521,1000
2026-06-19 05:04:43,100,B+0.5,7,True,False,False,,-1,30.3256,1000
2026-06-19 05:05:24,141,W+1.5,15,True,False,False,,-1,30.2855,1000
2026-06-19 05:05:55,104,B+2.5,6,True,False,False,,-1,30.2889,1000
2026-06-19 05:06:22,97,W+2.5,8,True,False,False,,-1,30.249,1000
2026-06-19 05:06:56,123,W+1.5,7,True,False,False,,-1,30.1789,1000
2026-06-19 05:07:21,105,W+0.5,9,True,False,False,,-1,30.2081,1000
2026-06-19 05:07:28,28,W+7.5,2,True,False,False,,-1,29.9841,1000
2026-06-19 05:07:57,100,B+8.5,5,True,False,False,,-1,29.8876,1000
2026-06-19 05:08:26,109,W+0.5,10,True,False,False,,-1,29.9202,1000
2026-06-19 05:08:53,96,B+0.5,7,True,False,False,,-1,29.8368,1000
2026-06-19 05:09:20,100,B+3.5,10,True,False,False,,-1,29.8178,1000
2026-06-19 05:09:47,102,B+1.5,5,True,False,False,,-1,29.7414,1000
2026-06-19 05:10:13,102,B+0.5,9,True,False,False,,-1,29.7539,1000
2026-06-19 05:10:21,32,W+7.5,2,True,False,False,,-1,29.7125,1000
2026-06-19 05:10:49,106,W+2.5,11,True,False,False,,-1,29.7225,1000
2026-06-19 05:11:20,119,W+15.5,14,True,False,False,,-1,29.7371,1000
2026-06-19 05:11:51,113,W+1.5,11,True,False,False,,-1,29.7878,1000
2026-06-19 05:12:17,100,B+2.5,8,True,False,False,,-1,29.7795,1000
2026-06-19 05:12:38,77,B+10.5,3,True,False,False,,-1,29.7308,1000
2026-06-19 05:13:07,105,W+0.5,8,True,False,False,,-1,29.6172,1000
2026-06-19 05:13:36,105,W+1.5,13,True,False,False,,-1,29.5979,1000
2026-06-19 05:14:09,120,B+1.5,11,True,False,False,,-1,29.6002,1000
2026-06-19 05:14:42,112,B+0.5,11,True,False,False,,-1,29.6144,1000
2026-06-19 05:15:12,116,B+2.5,10,True,False,False,,-1,29.5988,1000
2026-06-19 05:15:39,98,W+14.5,9,True,False,False,,-1,29.5726,1000
2026-06-19 05:16:06,100,B+1.5,7,True,False,False,,-1,29.4306,1000
2026-06-19 05:16:36,113,W+2.5,12,True,False,False,,-1,29.4948,1000
2026-06-19 05:16:58,87,W+0.5,10,True,False,False,,-1,29.3143,1000
2026-06-19 05:17:31,113,W+2.5,12,True,False,False,,-1,29.5547,1000
2026-06-19 05:18:05,121,W+1.5,12,True,False,False,,-1,29.629,1000
2026-06-19 05:18:41,151,B+8.5,31,True,False,False,,-1,29.7267,1000
2026-06-19 05:19:14,120,B+1.5,11,True,False,False,,-1,29.7567,1000
2026-06-19 05:19:47,120,B+1.5,11,True,False,False,,-1,29.7361,1000
2026-06-19 05:20:22,126,B+0.5,15,True,False,False,,-1,29.7321,1000
2026-06-19 05:20:51,109,W+9.5,7,True,False,False,,-1,29.7525,1000
2026-06-19 05:21:16,98,B+0.5,7,True,False,False,,-1,29.7027,1000
2026-06-19 05:21:24,30,W+6.5,2,True,False,False,,-1,29.4574,1000
2026-06-19 05:21:52,100,B+3.5,9,True,False,False,,-1,29.3064,1000
2026-06-19 05:22:22,113,W+10.5,14,True,False,False,,-1,29.2924,1000
2026-06-19 05:22:51,109,W+1.5,7,True,False,False,,-1,29.4996,1000
2026-06-19 05:23:18,96,B+2.5,8,True,False,False,,-1,29.4454,1000
2026-06-19 05:23:50,118,B+7.5,10,True,False,False,,-1,29.4341,1000
2026-06-19 05:24:19,119,B+2.5,18,True,False,False,,-1,29.43,1000
2026-06-19 05:24:27,32,W+7.5,2,True,False,False,,-1,29.1924,1000
2026-06-19 05:24:45,64,W+4.5,2,True,False,False,,-1,29.1763,1000
2026-06-19 05:25:16,113,W+11.5,4,True,False,False,,-1,29.1733,1000
2026-06-19 05:25:59,162,B+12.5,21,True,False,False,,-1,29.356,1000
2026-06-19 05:26:28,106,B+2.5,9,True,False,False,,-1,29.315,1000
2026-06-19 05:26:56,107,W+14.5,10,True,False,False,,-1,29.2475,1000
2026-06-19 05:27:29,118,B+2.5,11,True,False,False,,-1,29.3061,1000
2026-06-19 05:28:02,122,B+2.5,8,True,False,False,,-1,29.2442,1000
2026-06-19 05:28:32,110,B+1.5,10,True,False,False,,-1,29.3204,1000
2026-06-19 05:28:57,96,B+3.5,7,True,False,False,,-1,29.2371,1000
2026-06-19 05:29:27,116,B+3.5,17,True,False,False,,-1,29.1637,1000
2026-06-19 05:30:00,128,B+5.5,10,True,False,False,,-1,29.1841,1000
2026-06-19 05:30:17,60,W+13.5,2,True,False,False,,-1,29.0781,1000
2026-06-19 05:30:46,105,W+4.5,10,True,False,False,,-1,29.271,1000
2026-06-19 05:31:14,95,B+10.5,4,True,False,False,,-1,29.2173,1000
2026-06-19 05:31:43,110,B+4.5,10,True,False,False,,-1,29.2143,1000
2026-06-19 05:32:12,106,B+5.5,11,True,False,False,,-1,29.2493,1000
2026-06-19 05:32:42,107,W+0.5,11,True,False,False,,-1,29.2754,1000
2026-06-19 05:33:10,104,B+2.5,13,True,False,False,,-1,29.46,1000
2026-06-19 05:33:38,104,B+1.5,14,True,False,False,,-1,29.4679,1000
2026-06-19 05:34:17,132,B+1.5,15,True,False,False,,-1,29.486,1000
2026-06-19 05:34:38,76,W+9.5,3,True,False,False,,-1,29.3934,1000
2026-06-19 05:35:12,126,B+1.5,14,True,False,False,,-1,29.4533,1000
2026-06-19 05:35:45,114,B+2.5,12,True,False,False,,-1,29.5412,1000
2026-06-19 05:36:15,110,B+1.5,14,True,False,False,,-1,29.5391,1000
2026-06-19 05:36:44,105,W+6.5,10,True,False,False,,-1,29.5389,1000
2026-06-19 05:37:20,123,W+1.5,11,True,False,False,,-1,29.612,1000
2026-06-19 05:37:57,121,W+0.5,11,True,False,False,,-1,29.6377,1000
2026-06-19 05:38:28,116,B+6.5,13,True,False,False,,-1,29.5022,1000
2026-06-19 05:38:36,34,W+7.5,2,True,False,False,,-1,29.2917,1000
2026-06-19 05:38:44,34,W+8.5,2,True,False,False,,-1,29.0424,1000
2026-06-19 05:39:12,100,B+1.5,7,True,False,False,,-1,29.001,1000
2026-06-19 05:39:48,131,W+3.5,6,True,False,False,,-1,29.0265,1000
2026-06-19 05:40:15,97,W+3.5,10,True,False,False,,-1,29.0154,1000
2026-06-19 05:40:34,68,W+15.5,3,True,False,False,,-1,28.8282,1000
2026-06-19 05:41:06,113,W+0.5,6,True,False,False,,-1,28.7753,1000
2026-06-19 05:41:39,125,W+2.5,16,True,False,False,,-1,28.6992,1000
2026-06-19 05:42:14,112,B+1.5,11,True,False,False,,-1,28.7039,1000
2026-06-19 05:42:45,109,W+7.5,8,True,False,False,,-1,28.5424,1000
2026-06-19 05:42:55,40,W+10.5,2,True,False,False,,-1,28.3187,1000
2026-06-19 05:43:28,124,B+3.5,17,True,False,False,,-1,28.337,1000
2026-06-19 05:43:49,76,W+10.5,2,True,False,False,,-1,28.2328,1000
2026-06-19 05:44:17,97,W+6.5,9,True,False,False,,-1,28.1953,1000
2026-06-19 05:44:44,99,W+4.5,8,True,False,False,,-1,28.4019,1000
2026-06-19 05:45:16,121,W+1.5,7,True,False,False,,-1,28.4131,1000
2026-06-19 05:45:50,124,B+11.5,8,True,False,False,,-1,28.4454,1000
2026-06-19 05:46:24,122,B+2.5,11,True,False,False,,-1,28.5766,1000
2026-06-19 05:47:02,143,W+14.5,11,True,False,False,,-1,28.5558,1000
2026-06-19 05:47:32,106,B+1.5,11,True,False,False,,-1,28.5713,1000
2026-06-19 05:47:46,54,W+5.5,3,True,False,False,,-1,28.4585,1000
2026-06-19 05:48:19,117,W+2.5,13,True,False,False,,-1,28.5014,1000
2026-06-19 05:48:43,91,B+2.5,3,True,False,False,,-1,28.4145,1000
2026-06-19 05:49:26,153,W+1.5,13,True,False,False,,-1,28.5446,1000
2026-06-19 05:49:56,127,W+16.5,21,True,False,False,,-1,28.5302,1000
2026-06-19 05:52:07,75,B+7.5,6,True,False,False,,-1,28.3111,2000
2026-06-19 05:52:46,143,W+0.5,21,True,False,False,,-1,28.307,2000
2026-06-19 05:53:21,114,W+1.5,15,True,False,False,,-1,28.3836,2000
2026-06-19 05:53:56,113,W+0.5,8,True,False,False,,-1,28.3229,2000
2026-06-19 05:54:27,98,W+9.5,3,True,False,False,,-1,28.3266,2000
2026-06-19 05:55:01,120,B+3.5,11,True,False,False,,-1,28.391,2000
2026-06-19 05:55:28,103,B+1.5,12,True,False,False,,-1,28.3241,2000
2026-06-19 05:55:53,94,B+6.5,6,True,False,False,,-1,28.3245,2000
2026-06-19 05:56:16,86,W+3.5,9,True,False,False,,-1,28.4773,2000
2026-06-19 05:56:51,123,W+3.5,20,True,False,False,,-1,28.5458,2000
2026-06-19 05:57:15,96,W+2.5,10,True,False,False,,-1,28.4961,2000
2026-06-19 05:57:48,114,B+2.5,7,True,False,False,,-1,28.5558,2000
2026-06-19 05:58:16,102,B+2.5,5,True,False,False,,-1,28.5633,2000
2026-06-19 05:58:29,42,W+7.5,3,True,False,False,,-1,28.425,2000
2026-06-19 05:59:01,115,W+0.5,10,True,False,False,,-1,28.4812,2000
2026-06-19 05:59:14,48,W+9.5,3,True,False,False,,-1,28.5356,2000
2026-06-19 05:59:58,162,B+3.5,27,True,False,False,,-1,28.6949,2000
2026-06-19 06:00:43,162,W+11.5,18,True,False,False,,-1,28.8307,2000
2026-06-19 06:01:14,121,W+4.5,19,True,False,False,,-1,28.829,2000
2026-06-19 06:01:45,112,W+4.5,13,True,False,False,,-1,28.8824,2000
2026-06-19 06:02:11,101,W+1.5,11,True,False,False,,-1,28.9276,2000
2026-06-19 06:02:48,125,W+1.5,23,True,False,False,,-1,29.0128,2000
2026-06-19 06:03:14,97,B+5.5,6,True,False,False,,-1,28.9835,2000
2026-06-19 06:03:47,112,B+0.5,4,True,False,False,,-1,28.9839,2000
2026-06-19 06:04:14,102,B+2.5,12,True,False,False,,-1,28.9319,2000
2026-06-19 06:04:54,157,W+12.5,25,True,False,False,,-1,29.0313,2000
2026-06-19 06:05:30,115,B+1.5,10,True,False,False,,-1,29.1063,2000
2026-06-19 06:05:59,118,W+0.5,16,True,False,False,,-1,29.1293,2000
2026-06-19 06:06:37,129,W+1.5,10,True,False,False,,-1,29.2131,2000
2026-06-19 06:07:09,122,B+2.5,10,True,False,False,,-1,29.3135,2000
2026-06-19 06:07:37,98,B+8.5,7,True,False,False,,-1,29.2619,2000
2026-06-19 06:08:17,153,W+1.5,26,True,False,False,,-1,29.3275,2000
2026-06-19 06:08:50,111,W+0.5,13,True,False,False,,-1,29.2925,2000
2026-06-19 06:09:22,112,B+5.5,15,True,False,False,,-1,29.2847,2000
2026-06-19 06:09:51,95,B+7.5,7,True,False,False,,-1,29.2456,2000
2026-06-19 06:10:38,162,B+13.5,22,True,False,False,,-1,29.3716,2000
2026-06-19 06:11:02,95,W+2.5,9,True,False,False,,-1,29.3179,2000
2026-06-19 06:11:46,162,B+9.5,26,True,False,False,,-1,29.4997,2000
2026-06-19 06:12:15,111,W+1.5,11,True,False,False,,-1,29.7112,2000
2026-06-19 06:12:46,104,B+3.5,8,True,False,False,,-1,29.7485,2000
2026-06-19 06:13:26,147,W+1.5,21,True,False,False,,-1,29.8471,2000
2026-06-19 06:13:52,92,W+2.5,6,True,False,False,,-1,29.8072,2000
2026-06-19 06:14:19,103,W+0.5,13,True,False,False,,-1,29.8144,2000
2026-06-19 06:14:54,120,B+2.5,15,True,False,False,,-1,29.8498,2000
2026-06-19 06:15:24,116,W+1.5,12,True,False,False,,-1,29.8596,2000
2026-06-19 06:15:58,114,B+0.5,6,True,False,False,,-1,30.1153,2000
2026-06-19 06:16:29,110,W+1.5,10,True,False,False,,-1,30.2484,2000
2026-06-19 06:17:02,109,W+12.5,10,True,False,False,,-1,30.2611,2000
2026-06-19 06:17:38,136,B+8.5,17,True,False,False,,-1,30.1957,2000
2026-06-19 06:18:09,102,B+5.5,11,True,False,False,,-1,30.2138,2000
2026-06-19 06:18:45,131,W+0.5,18,True,False,False,,-1,30.294,2000
2026-06-19 06:19:14,107,W+0.5,8,True,False,False,,-1,30.2503,2000
2026-06-19 06:19:44,118,B+1.5,13,True,False,False,,-1,30.2272,2000
2026-06-19 06:20:22,131,W+2.5,16,True,False,False,,-1,30.3031,2000
2026-06-19 06:20:55,121,W+0.5,10,True,False,False,,-1,30.3869,2000
2026-06-19 06:21:20,88,B+8.5,3,True,False,False,,-1,30.3308,2000
2026-06-19 06:21:46,91,B+0.5,8,True,False,False,,-1,30.2631,2000
2026-06-19 06:22:13,94,B+4.5,9,True,False,False,,-1,30.3658,2000
2026-06-19 06:22:52,141,B+2.5,19,True,False,False,,-1,30.4703,2000
2026-06-19 06:23:29,131,W+3.5,13,True,False,False,,-1,30.5557,2000
2026-06-19 06:23:54,101,W+0.5,12,True,False,False,,-1,30.5138,2000
2026-06-19 06:24:40,159,W+2.5,22,True,False,False,,-1,30.6822,2000
2026-06-19 06:25:10,107,W+1.5,8,True,False,False,,-1,30.678,2000
2026-06-19 06:25:44,115,B+5.5,7,True,False,False,,-1,30.7465,2000
2026-06-19 06:26:16,109,W+1.5,8,True,False,False,,-1,30.7874,2000
2026-06-19 06:26:50,123,W+2.5,19,True,False,False,,-1,30.7319,2000
2026-06-19 06:27:29,132,B+0.5,7,True,False,False,,-1,30.9216,2000
2026-06-19 06:27:54,95,W+8.5,10,True,False,False,,-1,30.819,2000
2026-06-19 06:28:27,117,W+0.5,18,True,False,False,,-1,30.8283,2000
2026-06-19 06:29:12,158,B+6.5,12,True,False,False,,-1,30.9691,2000
2026-06-19 06:29:41,122,W+8.5,19,True,False,False,,-1,30.9759,2000
2026-06-19 06:30:15,124,W+2.5,19,True,False,False,,-1,30.9547,2000
2026-06-19 06:30:49,130,B+10.5,15,True,False,False,,-1,30.9296,2000
2026-06-19 06:31:29,139,W+0.5,19,True,False,False,,-1,31.0087,2000
2026-06-19 06:31:57,109,W+6.5,8,True,False,False,,-1,31.2146,2000
2026-06-19 06:32:29,113,W+1.5,9,True,False,False,,-1,31.4622,2000
2026-06-19 06:33:04,117,B+3.5,12,True,False,False,,-1,31.5232,2000
2026-06-19 06:33:48,162,B+14.5,25,True,False,False,,-1,31.5957,2000
2026-06-19 06:34:17,111,W+2.5,13,True,False,False,,-1,31.6198,2000
2026-06-19 06:34:44,101,B+1.5,6,True,False,False,,-1,31.7064,2000
2026-06-19 06:35:12,101,B+1.5,12,True,False,False,,-1,31.6618,2000
2026-06-19 06:35:41,109,W+2.5,15,True,False,False,,-1,31.6239,2000
2026-06-19 06:36:09,96,B+1.5,7,True,False,False,,-1,31.5567,2000
2026-06-19 06:36:40,120,B+2.5,16,True,False,False,,-1,31.5545,2000
2026-06-19 06:37:08,100,B+5.5,12,True,False,False,,-1,31.7313,2000
2026-06-19 06:37:37,98,B+2.5,5,True,False,False,,-1,31.6939,2000
2026-06-19 06:38:06,104,B+7.5,10,True,False,False,,-1,31.7696,2000
2026-06-19 06:38:47,152,B+0.5,15,True,False,False,,-1,31.9103,2000
2026-06-19 06:39:16,107,W+0.5,8,True,False,False,,-1,31.9239,2000
2026-06-19 06:39:22,20,W+6.5,2,True,False,False,,-1,31.6662,2000
2026-06-19 06:39:54,124,B+1.5,15,True,False,False,,-1,31.6364,2000
2026-06-19 06:40:22,110,B+2.5,12,True,False,False,,-1,31.5884,2000
2026-06-19 06:40:56,124,B+2.5,13,True,False,False,,-1,31.5404,2000
2026-06-19 06:41:18,87,W+3.5,10,True,False,False,,-1,31.4658,2000
2026-06-19 06:41:44,105,W+3.5,18,True,False,False,,-1,31.5853,2000
2026-06-19 06:42:11,105,W+2.5,13,True,False,False,,-1,31.5207,2000
2026-06-19 06:42:43,119,W+3.5,12,True,False,False,,-1,31.6026,2000
2026-06-19 06:43:18,111,W+8.5,16,True,False,False,,-1,31.5297,2000
2026-06-19 06:43:54,121,W+2.5,11,True,False,False,,-1,31.5838,2000
2026-06-19 06:44:30,131,W+2.5,17,True,False,False,,-1,31.6712,2000
2026-06-19 06:45:05,116,B+1.5,12,True,False,False,,-1,31.7825,2000
2026-06-19 06:45:32,95,W+5.5,5,True,False,False,,-1,31.6655,2000
2026-06-19 06:46:06,110,B+12.5,8,True,False,False,,-1,31.6513,2000
2026-06-19 06:46:37,104,B+2.5,7,True,False,False,,-1,31.606,2000
2026-06-19 06:47:12,117,W+4.5,10,True,False,False,,-1,31.6426,2000
2026-06-19 06:47:55,149,B+1.5,17,True,False,False,,-1,31.7429,2000
2026-06-19 06:48:25,110,B+2.5,11,True,False,False,,-1,31.7714,2000
2026-06-19 06:48:53,104,B+0.5,9,True,False,False,,-1,31.7951,2000
2026-06-19 06:49:26,121,W+4.5,16,True,False,False,,-1,31.901,2000
2026-06-19 06:49:58,116,B+0.5,13,True,False,False,,-1,31.8705,2000
2026-06-19 06:50:23,93,W+7.5,6,True,False,False,,-1,31.8801,2000
2026-06-19 06:50:55,117,W+2.5,16,True,False,False,,-1,31.8661,2000
2026-06-19 06:51:24,104,B+0.5,4,True,False,False,,-1,31.878,2000
2026-06-19 06:51:55,117,W+0.5,19,True,False,False,,-1,32.0628,2000
2026-06-19 06:52:32,135,W+2.5,14,True,False,False,,-1,32.113,2000
2026-06-19 06:53:03,111,B+2.5,10,True,False,False,,-1,32.2857,2000
2026-06-19 06:53:29,103,W+1.5,13,True,False,False,,-1,32.1083,2000
2026-06-19 06:54:06,162,B+1.5,25,True,False,False,,-1,32.031,2000
2026-06-19 06:54:37,113,B+0.5,6,True,False,False,,-1,32.0348,2000
2026-06-19 06:55:10,116,B+3.5,14,True,False,False,,-1,32.0498,2000
2026-06-19 06:55:52,162,B+1.5,19,True,False,False,,-1,32.2067,2000
2026-06-19 06:56:20,104,B+2.5,9,True,False,False,,-1,32.1258,2000
2026-06-19 06:56:53,120,B+8.5,15,True,False,False,,-1,32.1821,2000
2026-06-19 06:57:06,48,W+6.5,2,True,False,False,,-1,31.9863,2000
2026-06-19 06:57:35,115,W+4.5,11,True,False,False,,-1,32.0035,2000
2026-06-19 06:58:07,114,B+2.5,11,True,False,False,,-1,31.9209,2000
2026-06-19 06:58:42,139,W+0.5,28,True,False,False,,-1,31.9234,2000
2026-06-19 06:59:11,110,B+1.5,10,True,False,False,,-1,31.9231,2000
2026-06-19 06:59:44,119,B+5.5,8,True,False,False,,-1,31.8751,2000
2026-06-19 07:00:21,127,W+3.5,16,True,False,False,,-1,31.922,2000
2026-06-19 07:00:50,93,B+1.5,6,True,False,False,,-1,31.9279,2000
2026-06-19 07:01:17,100,B+0.5,4,True,False,False,,-1,31.7937,2000
2026-06-19 07:01:42,91,B+0.5,5,True,False,False,,-1,31.7232,2000
2026-06-19 07:02:10,98,B+5.5,8,True,False,False,,-1,31.6738,2000
2026-06-19 07:02:47,125,W+1.5,14,True,False,False,,-1,31.7591,2000
2026-06-19 07:03:15,100,B+1.5,5,True,False,False,,-1,31.566,2000
2026-06-19 07:03:37,71,B+0.5,2,True,False,False,,-1,31.5429,2000
2026-06-19 07:04:08,131,W+2.5,24,True,False,False,,-1,31.4207,2000
2026-06-19 07:04:37,100,B+2.5,4,True,False,False,,-1,31.4182,2000
2026-06-19 07:05:06,101,W+5.5,11,True,False,False,,-1,31.3931,2000
2026-06-19 07:05:33,99,W+12.5,8,True,False,False,,-1,31.2737,2000
2026-06-19 07:06:15,148,B+4.5,19,True,False,False,,-1,31.4345,2000
2026-06-19 07:06:55,138,B+7.5,15,True,False,False,,-1,31.5505,2000
2026-06-19 07:07:23,107,W+1.5,12,True,False,False,,-1,31.4788,2000
2026-06-19 07:07:54,112,B+1.5,8,True,False,False,,-1,31.492,2000
2026-06-19 07:08:23,101,B+6.5,4,True,False,False,,-1,31.4405,2000
2026-06-19 07:08:54,111,W+4.5,8,True,False,False,,-1,31.4465,2000
2026-06-19 07:09:32,126,B+1.5,19,True,False,False,,-1,31.5007,2000
2026-06-19 07:10:02,102,B+0.5,9,True,False,False,,-1,31.4351,2000
2026-06-19 07:10:29,101,W+3.5,10,True,False,False,,-1,31.399,2000
2026-06-19 07:11:08,162,W+2.5,32,True,False,False,,-1,31.4306,2000
2026-06-19 07:11:42,110,B+0.5,7,True,False,False,,-1,31.4803,2000
2026-06-19 07:12:15,116,B+8.5,11,True,False,False,,-1,31.501,2000
2026-06-19 07:12:20,20,W+7.5,2,True,False,False,,-1,31.1834,2000
2026-06-19 07:12:51,108,B+6.5,9,True,False,False,,-1,31.1512,2000
2026-06-19 07:13:22,103,B+5.5,4,True,False,False,,-1,31.2238,2000
2026-06-19 07:13:56,111,B+0.5,11,True,False,False,,-1,31.3012,2000
2026-06-19 07:14:29,133,W+4.5,26,True,False,False,,-1,31.3611,2000
2026-06-19 07:15:09,136,B+1.5,12,True,False,False,,-1,31.3643,2000
2026-06-19 07:15:35,99,W+6.5,13,True,False,False,,-1,31.2516,2000
2026-06-19 07:16:07,112,B+6.5,11,True,False,False,,-1,31.3308,2000
2026-06-19 07:16:35,102,B+0.5,8,True,False,False,,-1,31.1416,2000
2026-06-19 07:17:08,115,B+1.5,12,True,False,False,,-1,31.1868,2000
2026-06-19 07:17:43,112,B+1.5,14,True,False,False,,-1,31.1854,2000
2026-06-19 07:18:11,113,W+4.5,18,True,False,False,,-1,31.1517,2000
2026-06-19 07:18:45,115,W+0.5,9,True,False,False,,-1,31.1487,2000
2026-06-19 07:19:18,132,B+1.5,19,True,False,False,,-1,31.0798,2000
2026-06-19 07:19:47,109,B+0.5,8,True,False,False,,-1,31.1313,2000
2026-06-19 07:20:35,162,W+20.5,32,True,False,False,,-1,31.2771,2000
2026-06-19 07:21:07,106,B+3.5,8,True,False,False,,-1,31.1496,2000
2026-06-19 07:21:45,128,B+2.5,15,True,False,False,,-1,31.2384,2000
2026-06-19 07:22:17,100,B+7.5,6,True,False,False,,-1,31.2146,2000
2026-06-19 07:22:43,97,W+8.5,9,True,False,False,,-1,31.1303,2000
2026-06-19 07:23:12,100,B+1.5,8,True,False,False,,-1,31.0316,2000
2026-06-19 07:23:43,107,W+1.5,8,True,False,False,,-1,31.0575,2000
2026-06-19 07:24:25,154,B+13.5,19,True,False,False,,-1,31.1538,2000
2026-06-19 07:24:34,32,W+7.5,2,True,False,False,,-1,30.9025,2000
2026-06-19 07:24:58,89,B+0.5,3,True,False,False,,-1,30.7036,2000
2026-06-19 07:25:24,95,W+1.5,11,True,False,False,,-1,30.6672,2000
2026-06-19 07:26:05,136,W+2.5,21,True,False,False,,-1,30.8021,2000
2026-06-19 07:26:34,97,B+1.5,5,True,False,False,,-1,30.8178,2000
2026-06-19 07:27:06,112,B+8.5,11,True,False,False,,-1,30.8484,2000
2026-06-19 07:27:37,109,W+3.5,10,True,False,False,,-1,30.8771,2000
2026-06-19 07:28:13,127,W+1.5,12,True,False,False,,-1,30.928,2000
2026-06-19 07:28:44,112,B+0.5,9,True,False,False,,-1,30.9541,2000
2026-06-19 07:29:16,118,B+9.5,19,True,False,False,,-1,30.9873,2000
2026-06-19 07:29:41,87,B+3.5,6,True,False,False,,-1,30.9447,2000
2026-06-19 07:30:10,118,W+0.5,18,True,False,False,,-1,30.8277,2000
2026-06-19 07:30:36,93,W+0.5,7,True,False,False,,-1,30.7955,2000
2026-06-19 07:31:08,115,B+9.5,15,True,False,False,,-1,31.056,2000
2026-06-19 07:31:41,119,W+1.5,18,True,False,False,,-1,31.0701,2000
2026-06-19 07:32:06,97,B+0.5,14,True,False,False,,-1,31.0347,2000
2026-06-19 07:32:33,98,B+3.5,6,True,False,False,,-1,30.9725,2000
2026-06-19 07:33:00,99,B+5.5,10,True,False,False,,-1,31.0146,2000
2026-06-19 07:33:31,115,W+2.5,12,True,False,False,,-1,31.0619,2000
2026-06-19 07:33:52,68,W+9.5,2,True,False,False,,-1,31.0042,2000
2026-06-19 07:34:17,94,W+1.5,6,True,False,False,,-1,30.9386,2000
2026-06-19 07:34:31,50,W+2.5,2,True,False,False,,-1,30.7269,2000
2026-06-19 07:35:12,137,W+0.5,14,True,False,False,,-1,30.7749,2000
2026-06-19 07:35:45,119,B+2.5,5,True,False,False,,-1,30.745,2000
2026-06-19 07:36:17,109,W+6.5,15,True,False,False,,-1,30.7159,2000
2026-06-19 07:36:54,119,W+13.5,10,True,False,False,,-1,30.8136,2000
2026-06-19 07:37:25,102,B+6.5,5,True,False,False,,-1,30.7817,2000
2026-06-19 07:37:55,123,W+6.5,16,True,False,False,,-1,30.7836,2000
2026-06-19 07:38:31,127,W+3.5,16,True,False,False,,-1,30.7859,2000
2026-06-19 07:39:07,128,B+0.5,14,True,False,False,,-1,30.72,2000
2026-06-19 07:39:41,122,B+2.5,19,True,False,False,,-1,30.7616,2000
2026-06-19 07:39:49,26,W+7.5,2,True,False,False,,-1,30.5559,2000
2026-06-19 07:40:23,112,B+1.5,8,True,False,False,,-1,30.5643,2000
2026-06-19 07:40:49,108,W+4.5,6,True,False,False,,-1,30.511,2000
2026-06-19 07:41:20,99,W+5.5,8,True,False,False,,-1,30.5627,2000
2026-06-19 07:41:55,111,W+2.5,9,True,False,False,,-1,30.5955,2000
2026-06-19 07:42:24,103,W+3.5,13,True,False,False,,-1,30.5947,2000
2026-06-19 07:42:57,105,W+2.5,7,True,False,False,,-1,30.6165,2000
2026-06-19 07:43:27,108,B+7.5,5,True,False,False,,-1,30.5415,2000
2026-06-19 07:44:11,161,W+2.5,19,True,False,False,,-1,30.6824,2000
2026-06-19 07:44:40,107,W+4.5,15,True,False,False,,-1,30.7075,2000
2026-06-19 07:45:10,98,B+7.5,6,True,False,False,,-1,30.6358,2000
2026-06-19 07:45:38,96,B+0.5,11,True,False,False,,-1,30.6034,2000
2026-06-19 07:46:00,84,W+4.5,3,True,False,False,,-1,30.494,2000
2026-06-19 07:46:39,138,B+0.5,12,True,False,False,,-1,30.467,2000
2026-06-19 07:47:17,152,B+0.5,23,True,False,False,,-1,30.5641,2000
2026-06-19 07:47:57,138,B+2.5,19,True,False,False,,-1,30.6434,2000
2026-06-19 07:48:34,127,W+1.5,15,True,False,False,,-1,30.8803,2000
2026-06-19 07:49:06,109,W+4.5,14,True,False,False,,-1,30.9041,2000
2026-06-19 07:49:40,115,W+1.5,10,True,False,False,,-1,30.932,2000
2026-06-19 07:50:15,147,W+2.5,22,True,False,False,,-1,30.9226,2000
2026-06-19 07:50:42,103,W+1.5,13,True,False,False,,-1,30.9031,2000
2026-06-19 07:51:17,123,W+0.5,11,True,False,False,,-1,30.9256,2000
2026-06-19 07:51:45,101,W+4.5,8,True,False,False,,-1,30.832,2000
2026-06-19 07:52:11,95,W+1.5,7,True,False,False,,-1,30.8073,2000
2026-06-19 07:52:42,111,W+0.5,11,True,False,False,,-1,30.8501,2000
2026-06-19 07:53:18,122,B+13.5,6,True,False,False,,-1,30.9547,2000
2026-06-19 07:53:47,104,B+2.5,8,True,False,False,,-1,30.9713,2000
2026-06-19 07:54:16,98,B+0.5,6,True,False,False,,-1,30.8819,2000
2026-06-19 07:54:51,124,B+8.5,19,True,False,False,,-1,30.9548,2000
2026-06-19 07:55:27,132,B+7.5,24,True,False,False,,-1,31.1016,2000
2026-06-19 07:55:55,100,B+7.5,9,True,False,False,,-1,31.063,2000
2026-06-19 07:56:24,107,W+2.5,16,True,False,False,,-1,31.0623,2000
2026-06-19 07:56:54,111,W+0.5,6,True,False,False,,-1,31.0759,2000
2026-06-19 07:57:27,133,W+12.5,21,True,False,False,,-1,31.1347,2000
2026-06-19 07:57:58,105,W+1.5,11,True,False,False,,-1,31.0217,2000
2026-06-19 07:58:33,118,B+8.5,15,True,False,False,,-1,30.9836,2000
2026-06-19 07:59:14,137,W+4.5,15,True,False,False,,-1,31.111,2000
2026-06-19 07:59:42,93,B+4.5,4,True,False,False,,-1,31.0833,2000
2026-06-19 08:00:13,111,W+3.5,14,True,False,False,,-1,31.1018,2000
2026-06-19 08:00:39,86,W+11.5,9,True,False,False,,-1,31.0382,2000
2026-06-19 08:01:07,98,B+0.5,3,True,False,False,,-1,30.9448,2000
2026-06-19 08:01:30,75,B+0.5,5,True,False,False,,-1,30.8786,2000
2026-06-19 08:01:59,104,B+2.5,5,True,False,False,,-1,30.8963,2000
2026-06-19 08:02:37,134,B+10.5,17,True,False,False,,-1,30.8876,2000
2026-06-19 08:03:10,109,W+2.5,16,True,False,False,,-1,30.8763,2000
2026-06-19 08:03:41,123,W+2.5,19,True,False,False,,-1,30.8606,2000
2026-06-19 08:04:18,128,B+3.5,20,True,False,False,,-1,31.1687,2000
2026-06-19 08:05:02,148,B+1.5,16,True,False,False,,-1,31.3064,2000
2026-06-19 08:05:35,129,W+1.5,22,True,False,False,,-1,31.3218,2000
2026-06-19 08:06:13,136,W+2.5,15,True,False,False,,-1,31.3617,2000
2026-06-19 08:06:40,104,W+3.5,9,True,False,False,,-1,31.3037,2000
2026-06-19 08:07:11,109,W+0.5,14,True,False,False,,-1,31.2094,2000
2026-06-19 08:07:41,107,W+3.5,7,True,False,False,,-1,31.2607,2000
2026-06-19 08:08:10,96,B+6.5,7,True,False,False,,-1,31.2209,2000
2026-06-19 08:08:48,128,B+0.5,13,True,False,False,,-1,31.3294,2000
2026-06-19 08:09:19,112,W+2.5,9,True,False,False,,-1,31.3025,2000
2026-06-19 08:09:51,117,W+2.5,15,True,False,False,,-1,31.2778,2000
2026-06-19 08:10:40,162,W+9.5,23,True,False,False,,-1,31.4781,2000
2026-06-19 08:11:18,141,B+2.5,16,True,False,False,,-1,31.5298,2000
2026-06-19 08:11:45,103,W+9.5,8,True,False,False,,-1,31.4726,2000
2026-06-19 08:12:12,103,B+1.5,6,True,False,False,,-1,31.4473,2000
2026-06-19 08:12:45,116,B+1.5,17,True,False,False,,-1,31.2934,2000
2026-06-19 08:13:15,111,W+13.5,12,True,False,False,,-1,31.2718,2000
2026-06-19 08:13:44,109,W+2.5,8,True,False,False,,-1,31.1771,2000
2026-06-19 08:14:22,133,W+0.5,16,True,False,False,,-1,31.2443,2000
2026-06-19 08:14:47,96,B+2.5,5,True,False,False,,-1,31.2339,2000
2026-06-19 08:15:14,98,B+3.5,3,True,False,False,,-1,31.216,2000
2026-06-19 08:15:41,99,W+2.5,12,True,False,False,,-1,31.1725,2000
2026-06-19 08:16:16,120,B+0.5,14,True,False,False,,-1,31.1056,2000
2026-06-19 08:16:51,129,W+6.5,15,True,False,False,,-1,31.358,2000
2026-06-19 08:17:10,63,B+3.5,2,True,False,False,,-1,31.3129,2000
2026-06-19 08:17:38,99,W+1.5,8,True,False,False,,-1,31.3449,2000
2026-06-19 08:18:14,123,W+2.5,19,True,False,False,,-1,31.2885,2000
2026-06-19 08:18:45,111,W+1.5,5,True,False,False,,-1,31.3146,2000
2026-06-19 08:19:15,107,W+3.5,14,True,False,False,,-1,31.2892,2000
2026-06-19 08:19:26,40,W+8.5,2,True,False,False,,-1,31.0804,2000
2026-06-19 08:19:54,100,B+1.5,8,True,False,False,,-1,31.0061,2000
2026-06-19 08:20:23,95,W+1.5,6,True,False,False,,-1,30.9867,2000
2026-06-19 08:20:57,111,W+0.5,15,True,False,False,,-1,31.0064,2000
2026-06-19 08:21:23,103,B+5.5,6,True,False,False,,-1,31.0243,2000
2026-06-19 08:21:55,108,B+7.5,9,True,False,False,,-1,31.0406,2000
2026-06-19 08:22:22,91,B+2.5,11,True,False,False,,-1,31.0574,2000
2026-06-19 08:22:52,111,W+22.5,12,True,False,False,,-1,31.0326,2000
2026-06-19 08:23:21,106,B+0.5,5,True,False,False,,-1,30.9952,2000
2026-06-19 08:23:56,124,B+2.5,10,True,False,False,,-1,31.098,2000
2026-06-19 08:24:28,114,B+5.5,16,True,False,False,,-1,31.1424,2000
2026-06-19 08:24:38,30,W+7.5,2,True,False,False,,-1,30.9764,2000
2026-06-19 08:24:53,52,W+6.5,2,True,False,False,,-1,30.8197,2000
2026-06-19 08:25:23,107,W+2.5,12,True,False,False,,-1,30.9081,2000
2026-06-19 08:25:55,111,W+0.5,13,True,False,False,,-1,30.9766,2000
2026-06-19 08:26:30,126,B+3.5,15,True,False,False,,-1,31.185,2000
2026-06-19 08:27:15,151,W+1.5,30,True,False,False,,-1,31.2229,2000
2026-06-19 08:27:42,100,B+1.5,6,True,False,False,,-1,31.1652,2000
2026-06-19 08:28:21,129,W+0.5,13,True,False,False,,-1,31.2335,2000
2026-06-19 08:28:48,96,B+6.5,6,True,False,False,,-1,31.1374,2000
2026-06-19 08:28:55,24,W+7.5,2,True,False,False,,-1,30.8942,2000
2026-06-19 08:29:16,74,W+5.5,2,True,False,False,,-1,30.8021,2000
2026-06-19 08:29:50,116,B+1.5,10,True,False,False,,-1,30.7911,2000
2026-06-19 08:30:29,146,W+5.5,23,True,False,False,,-1,30.8121,2000
2026-06-19 08:30:57,100,B+0.5,9,True,False,False,,-1,30.7496,2000
2026-06-19 08:31:28,108,B+0.5,4,True,False,False,,-1,30.987,2000
2026-06-19 08:32:01,107,W+6.5,10,True,False,False,,-1,30.9747,2000
2026-06-19 08:32:29,96,B+1.5,9,True,False,False,,-1,30.9891,2000
2026-06-19 08:33:05,125,B+3.5,5,True,False,False,,-1,31.0448,2000
2026-06-19 08:33:39,125,W+9.5,16,True,False,False,,-1,31.0394,2000
2026-06-19 08:34:05,96,B+7.5,9,True,False,False,,-1,31.0084,2000
2026-06-19 08:34:45,141,B+0.5,17,True,False,False,,-1,31.0706,2000
2026-06-19 08:35:14,109,W+1.5,8,True,False,False,,-1,31.0633,2000
2026-06-26 09:18:40,132,W+59.5,2,True,False,False,,-1,35.6962,0
2026-06-26 09:19:11,161,B+42.5,8,True,False,False,,-1,32.954,0
2026-06-26 09:19:29,99,B+3.5,4,True,False,False,,-1,28.2094,0
2026-06-26 09:20:03,162,B+64.5,9,True,False,False,,-1,29.5866,0
2026-06-26 09:20:23,100,W+21.5,2,True,False,False,,-1,27.5697,0
2026-06-26 09:20:54,162,W+68.5,3,True,False,False,,-1,28.2494,0
2026-06-26 09:21:13,96,W+18.5,2,True,False,False,,-1,26.9581,0
2026-06-26 09:21:18,20,W+7.5,2,True,False,False,,-1,24.1368,0
2026-06-26 09:21:40,110,W+26.5,3,True,False,False,,-1,23.8696,0
2026-06-26 09:22:01,116,W+4.5,4,True,False,False,,-1,23.6459,0
2026-06-26 09:22:25,122,W+37.5,2,True,False,False,,-1,23.6911,0
2026-06-26 09:22:46,100,W+4.5,4,True,False,False,,-1,23.4732,0
2026-06-26 09:23:07,112,W+2.5,2,True,False,False,,-1,23.2194,0
2026-06-26 09:23:40,162,B+48.5,3,True,False,False,,-1,23.9458,0
2026-06-26 09:23:57,86,W+5.5,3,True,False,False,,-1,23.4683,0
2026-06-26 09:24:22,115,W+40.5,3,True,False,False,,-1,23.5746,0
2026-06-26 09:24:54,162,W+43.5,2,True,False,False,,-1,24.0985,0
2026-06-26 09:25:17,113,W+12.5,8,True,False,False,,-1,23.9976,0
2026-06-26 09:25:40,129,W+50.5,4,True,False,False,,-1,23.9602,0
2026-06-26 09:26:02,98,W+22.5,2,True,False,False,,-1,23.8475,0
2026-06-26 09:26:29,138,W+51.5,4,True,False,False,,-1,24.0299,0
2026-06-26 09:26:52,109,W+20.5,2,True,False,False,,-1,23.9568,0
2026-06-26 09:27:22,150,B+41.5,5,True,False,False,,-1,24.2333,0
2026-06-26 09:27:43,95,B+19.5,2,True,False,False,,-1,24.1114,0
2026-06-26 09:28:19,158,B+30.5,5,True,False,False,,-1,24.5629,0
2026-06-26 09:28:39,97,B+2.5,3,True,False,False,,-1,24.3753,0
2026-06-26 09:28:55,90,W+13.5,3,True,False,False,,-1,24.082,0
2026-06-26 09:29:27,162,W+49.5,4,True,False,False,,-1,24.3589,0
2026-06-26 09:29:53,128,W+58.5,5,True,False,False,,-1,24.414,0
2026-06-26 09:30:23,146,W+55.5,4,True,False,False,,-1,24.5965,0
2026-06-26 09:30:53,141,W+10.5,5,True,False,False,,-1,24.7859,0
2026-06-26 09:31:25,153,B+34.5,3,True,False,False,,-1,24.9953,0
2026-06-26 09:31:43,88,W+20.5,3,True,False,False,,-1,24.8019,0
2026-06-26 09:32:09,127,B+20.5,3,True,False,False,,-1,24.8197,0
2026-06-26 09:32:36,140,B+35.5,6,True,False,False,,-1,24.8797,0
2026-06-26 09:32:58,122,B+12.5,8,True,False,False,,-1,24.8011,0
2026-06-26 09:33:14,72,W+6.5,2,True,False,False,,-1,24.5797,0
2026-06-26 09:33:31,90,W+9.5,3,True,False,False,,-1,24.3844,0
2026-06-26 09:33:50,90,W+7.5,3,True,False,False,,-1,24.234,0
2026-06-26 09:34:16,126,W+53.5,2,True,False,False,,-1,24.2863,0
2026-06-26 09:34:37,102,W+14.5,2,True,False,False,,-1,24.1928,0
2026-06-26 09:34:59,94,W+22.5,4,True,False,False,,-1,24.155,0
2026-06-26 09:35:03,20,W+7.5,2,True,False,False,,-1,23.6894,0
2026-06-26 09:35:21,89,B+6.5,3,True,False,False,,-1,23.5399,0
2026-06-26 09:35:49,135,W+67.5,4,True,False,False,,-1,23.6497,0
2026-06-26 09:36:23,162,B+40.5,3,True,False,False,,-1,23.8699,0
2026-06-26 09:36:55,162,B+52.5,4,True,False,False,,-1,24.053,0
2026-06-26 09:37:21,131,B+1.5,6,True,False,False,,-1,24.0836,0
2026-06-26 09:37:45,112,B+1.5,8,True,False,False,,-1,24.0828,0
2026-06-26 09:38:05,97,W+3.5,4,True,False,False,,-1,24.0029,0
2026-06-26 09:38:29,135,B+46.5,4,True,False,False,,-1,24.0018,0
2026-06-26 09:38:48,108,B+1.5,4,True,False,False,,-1,23.9162,0
2026-06-26 09:39:07,96,W+18.5,2,True,False,False,,-1,23.8145,0
2026-06-26 09:39:25,85,B+6.5,2,True,False,False,,-1,23.7062,0
2026-06-26 09:39:43,99,B+4.5,2,True,False,False,,-1,23.6049,0
2026-06-26 09:40:01,93,B+1.5,2,True,False,False,,-1,23.4958,0
2026-06-26 09:40:30,151,B+41.5,2,True,False,False,,-1,23.6016,0
2026-06-26 09:40:50,100,W+16.5,3,True,False,False,,-1,23.5286,0
2026-06-26 09:41:20,154,B+46.5,7,True,False,False,,-1,23.6437,0
2026-06-26 09:41:37,89,B+3.5,2,True,False,False,,-1,23.5352,0
2026-06-26 09:42:02,132,B+36.5,3,True,False,False,,-1,23.5678,0
2026-06-26 09:42:31,143,B+46.5,5,True,False,False,,-1,23.6407,0
2026-06-26 09:42:51,97,B+13.5,4,True,False,False,,-1,23.5863,0
2026-06-26 09:43:12,115,B+6.5,4,True,False,False,,-1,23.5414,0
2026-06-26 09:43:38,139,B+21.5,4,True,False,False,,-1,23.5854,0
2026-06-26 09:44:07,133,B+46.5,3,True,False,False,,-1,23.6691,0
2026-06-26 09:44:37,153,B+47.5,7,True,False,False,,-1,23.7638,0
2026-06-26 09:45:01,116,B+1.5,7,True,False,False,,-1,23.7724,0
2026-06-26 09:45:23,110,W+20.5,3,True,False,False,,-1,23.7347,0
2026-06-26 09:45:43,99,B+12.5,2,True,False,False,,-1,23.6944,0
2026-06-26 09:46:05,97,B+16.5,2,True,False,False,,-1,23.6629,0
2026-06-26 09:46:26,98,B+2.5,2,True,False,False,,-1,23.623,0
2026-06-26 09:46:55,162,W+80.5,4,True,False,False,,-1,23.6948,0
2026-06-26 09:47:18,118,B+3.5,5,True,False,False,,-1,23.6845,0
2026-06-26 09:47:48,160,B+31.5,8,True,False,False,,-1,23.7737,0
2026-06-26 09:48:10,119,B+35.5,2,True,False,False,,-1,23.7556,0
2026-06-26 09:48:46,162,W+50.5,4,True,False,False,,-1,23.9121,0
2026-06-26 09:49:04,80,W+12.5,2,True,False,False,,-1,23.8296,0
2026-06-26 09:49:24,101,B+4.5,3,True,False,False,,-1,23.7858,0
2026-06-26 09:49:51,138,W+51.5,5,True,False,False,,-1,23.8272,0
2026-06-26 09:50:04,59,B+2.5,2,True,False,False,,-1,23.6885,0
2026-06-26 09:50:22,88,W+11.5,2,True,False,False,,-1,23.6221,0
2026-06-26 09:50:53,162,B+39.5,2,True,False,False,,-1,23.7144,0
2026-06-26 09:51:27,162,W+38.5,4,True,False,False,,-1,23.832,0
2026-06-26 09:51:50,126,B+2.5,5,True,False,False,,-1,23.8248,0
2026-06-26 09:52:05,70,W+9.5,2,True,False,False,,-1,23.7276,0
2026-06-26 09:52:37,162,B+9.5,2,True,False,False,,-1,23.8173,0
2026-06-26 09:53:04,136,W+50.5,6,True,False,False,,-1,23.8549,0
2026-06-26 09:53:22,84,W+3.5,2,True,False,False,,-1,23.7845,0
2026-06-26 09:53:41,93,W+8.5,4,True,False,False,,-1,23.7372,0
2026-06-26 09:54:04,116,W+26.5,4,True,False,False,,-1,23.7238,0
2026-06-26 09:54:24,110,W+13.5,6,True,False,False,,-1,23.6871,0
2026-06-26 09:54:55,162,W+51.5,3,True,False,False,,-1,23.7629,0
2026-06-26 09:55:01,34,W+7.5,2,True,False,False,,-1,23.5776,0
2026-06-26 09:55:21,102,W+7.5,4,True,False,False,,-1,23.5415,0
2026-06-26 09:55:38,85,B+4.5,2,True,False,False,,-1,23.4744,0
2026-06-26 09:56:07,139,B+34.5,3,True,False,False,,-1,23.5293,0
2026-06-26 09:56:35,135,B+48.5,2,True,False,False,,-1,23.5706,0
2026-06-26 09:57:05,152,W+74.5,3,True,False,False,,-1,23.6377,0
2026-06-26 09:57:26,100,B+8.5,3,True,False,False,,-1,23.6153,0
2026-06-26 09:57:48,98,W+0.5,5,True,False,False,,-1,23.4698,0
2026-06-26 09:58:13,114,W+51.5,4,True,False,False,,-1,23.4188,0
2026-06-26 09:58:21,38,W+9.5,2,True,False,False,,-1,23.3136,0
2026-06-26 09:58:57,162,W+40.5,1,True,False,False,,-1,23.3338,0
2026-06-26 09:59:17,105,B+3.5,2,True,False,False,,-1,23.3369,0
2026-06-26 09:59:38,99,B+2.5,3,True,False,False,,-1,23.2389,0
2026-06-26 09:59:59,103,W+0.5,7,True,False,False,,-1,23.2555,0
2026-06-26 10:00:22,114,W+30.5,3,True,False,False,,-1,23.4402,0
2026-06-26 10:00:43,89,B+10.5,2,True,False,False,,-1,23.4362,0
2026-06-26 10:01:01,80,W+9.5,2,True,False,False,,-1,23.3976,0
2026-06-26 10:01:29,134,W+64.5,2,True,False,False,,-1,23.4309,0
2026-06-26 10:01:51,107,W+0.5,5,True,False,False,,-1,23.4439,0
2026-06-26 10:02:11,97,B+0.5,4,True,False,False,,-1,23.44,0
2026-06-26 10:02:39,130,W+53.5,2,True,False,False,,-1,23.3829,0
2026-06-26 10:03:10,162,B+13.5,3,True,False,False,,-1,23.5343,0
2026-06-26 10:03:15,22,W+7.5,2,True,False,False,,-1,23.3317,0
2026-06-26 10:03:22,32,W+5.5,2,True,False,False,,-1,23.07,0
2026-06-26 10:03:47,115,W+29.5,3,True,False,False,,-1,23.1008,0
2026-06-26 10:04:09,112,B+8.5,3,True,False,False,,-1,23.0831,0
2026-06-26 10:04:31,106,B+0.5,5,True,False,False,,-1,23.0869,0
2026-06-26 10:04:47,84,W+11.5,2,True,False,False,,-1,22.9763,0
2026-06-26 10:04:57,50,W+8.5,2,True,False,False,,-1,22.8534,0
2026-06-26 10:05:26,142,W+73.5,2,True,False,False,,-1,22.8351,0
2026-06-26 10:05:54,132,W+51.5,3,True,False,False,,-1,22.9064,0
2026-06-26 10:06:17,108,W+45.5,2,True,False,False,,-1,22.7788,0
2026-06-26 10:06:45,160,W+62.5,4,True,False,False,,-1,22.8646,0
2026-06-26 10:07:05,111,W+17.5,2,True,False,False,,-1,22.901,0
2026-06-26 10:07:36,162,W+74.5,1,True,False,False,,-1,22.8896,0
2026-06-26 10:08:00,118,W+43.5,2,True,False,False,,-1,22.8709,0
2026-06-26 10:08:33,162,B+56.5,5,True,False,False,,-1,22.8993,0
2026-06-26 10:08:57,109,B+37.5,2,True,False,False,,-1,22.8316,0
2026-06-26 10:09:28,161,B+50.5,5,True,False,False,,-1,22.8309,0
2026-06-26 10:09:43,78,W+7.5,2,True,False,False,,-1,22.7972,0
2026-06-26 10:10:05,122,B+13.5,8,True,False,False,,-1,22.7583,0
2026-06-26 10:10:23,99,W+0.5,2,True,False,False,,-1,22.6747,0
2026-06-26 10:10:42,92,W+6.5,4,True,False,False,,-1,22.6407,0
2026-06-26 10:11:14,162,B+43.5,3,True,False,False,,-1,22.7971,0
2026-06-26 10:11:20,32,W+8.5,2,True,False,False,,-1,22.6839,0
2026-06-26 10:11:40,99,B+12.5,2,True,False,False,,-1,22.6972,0
2026-06-26 10:12:10,162,W+32.5,8,True,False,False,,-1,22.7344,0
2026-06-26 10:12:32,109,B+10.5,2,True,False,False,,-1,22.7469,0
2026-06-26 10:13:05,162,W+49.5,4,True,False,False,,-1,22.858,0
2026-06-26 10:13:31,127,W+51.5,2,True,False,False,,-1,23.0688,0
2026-06-26 10:13:51,99,B+24.5,2,True,False,False,,-1,23.1025,0
2026-06-26 10:14:12,99,W+16.5,3,True,False,False,,-1,23.0242,0
2026-06-26 10:14:41,131,B+35.5,2,True,False,False,,-1,22.9746,0
2026-06-26 10:14:45,28,W+7.5,2,True,False,False,,-1,22.699,0
2026-06-26 10:15:01,76,W+13.5,2,True,False,False,,-1,22.6035,0
2026-06-26 10:15:36,162,W+51.5,2,True,False,False,,-1,22.7104,0
2026-06-26 10:16:02,143,B+43.5,3,True,False,False,,-1,22.7727,0
2026-06-26 10:16:36,162,W+68.5,2,True,False,False,,-1,22.8664,0
2026-06-26 10:16:59,112,W+20.5,2,True,False,False,,-1,22.9029,0
2026-06-26 10:17:28,138,W+71.5,2,True,False,False,,-1,23.0062,0
2026-06-26 10:18:02,156,B+43.5,4,True,False,False,,-1,23.1658,0
2026-06-26 10:18:27,115,W+35.5,2,True,False,False,,-1,23.2319,0
2026-06-26 10:18:55,145,B+46.5,3,True,False,False,,-1,23.3389,0
2026-06-26 10:19:26,155,W+61.5,4,True,False,False,,-1,23.3529,0
2026-06-26 10:19:48,122,B+37.5,4,True,False,False,,-1,23.3862,0
2026-06-26 10:20:09,100,W+0.5,4,True,False,False,,-1,23.2874,0
2026-06-26 10:20:41,162,W+37.5,6,True,False,False,,-1,23.4342,0
2026-06-26 10:20:58,92,B+0.5,2,True,False,False,,-1,23.3557,0
2026-06-26 10:21:25,135,B+50.5,8,True,False,False,,-1,23.3453,0
2026-06-26 10:21:55,138,B+49.5,3,True,False,False,,-1,23.4385,0
2026-06-26 10:22:00,24,W+7.5,2,True,False,False,,-1,23.2833,0
2026-06-26 10:22:25,120,B+27.5,2,True,False,False,,-1,23.2708,0
2026-06-26 10:22:50,122,W+34.5,2,True,False,False,,-1,23.2249,0
2026-06-26 10:23:18,155,W+71.5,4,True,False,False,,-1,23.204,0
2026-06-26 10:23:42,133,B+33.5,3,True,False,False,,-1,23.2036,0
2026-06-26 10:24:08,124,W+2.5,3,True,False,False,,-1,23.2478,0
2026-06-26 10:24:33,131,B+1.5,4,True,False,False,,-1,23.292,0
2026-06-26 10:24:57,119,B+35.5,3,True,False,False,,-1,23.317,0
2026-06-26 10:25:29,153,W+62.5,4,True,False,False,,-1,23.4274,0
2026-06-26 10:25:49,113,B+11.5,3,True,False,False,,-1,23.3445,0
2026-06-26 10:26:19,155,W+43.5,7,True,False,False,,-1,23.4169,0
2026-06-26 10:26:36,88,W+9.5,3,True,False,False,,-1,23.2818,0
2026-06-26 10:26:52,82,W+8.5,2,True,False,False,,-1,23.2175,0
2026-06-26 10:27:10,80,W+12.5,3,True,False,False,,-1,23.0385,0
2026-06-26 10:27:31,118,B+3.5,7,True,False,False,,-1,23.0736,0
2026-06-26 10:27:51,102,B+7.5,3,True,False,False,,-1,23.0701,0
2026-06-26 10:28:20,137,B+43.5,5,True,False,False,,-1,23.0912,0
2026-06-26 10:28:42,104,W+30.5,2,True,False,False,,-1,23.1793,0
2026-06-26 10:29:08,139,W+34.5,9,True,False,False,,-1,23.2621,0
2026-06-26 10:29:29,99,W+1.5,3,True,False,False,,-1,23.1554,0
2026-06-26 10:29:50,104,B+0.5,3,True,False,False,,-1,23.0264,0
2026-06-26 10:30:19,149,B+54.5,4,True,False,False,,-1,23.0853,0
2026-06-26 10:30:37,96,W+22.5,2,True,False,False,,-1,23.1136,0
2026-06-26 10:30:53,76,W+15.5,2,True,False,False,,-1,22.9581,0
2026-06-26 10:31:21,130,B+8.5,2,True,False,False,,-1,22.9711,0
2026-06-26 10:31:43,101,B+19.5,2,True,False,False,,-1,23.0076,0
2026-06-26 10:31:58,76,W+15.5,2,True,False,False,,-1,22.9638,0
2026-06-26 10:32:28,156,W+63.5,7,True,False,False,,-1,23.0402,0
2026-06-26 10:32:59,150,B+29.5,4,True,False,False,,-1,23.1437,0
2026-06-26 10:33:18,105,W+8.5,3,True,False,False,,-1,23.0318,0
2026-06-26 10:33:48,150,W+53.5,4,True,False,False,,-1,23.2668,0
2026-06-26 10:34:04,73,B+11.5,2,True,False,False,,-1,23.2218,0
2026-06-26 10:34:36,162,W+60.5,3,True,False,False,,-1,23.3705,0
2026-06-26 10:34:54,106,W+2.5,4,True,False,False,,-1,23.2669,0
2026-06-26 10:35:24,145,W+43.5,5,True,False,False,,-1,23.2855,0
2026-06-26 10:35:53,153,W+70.5,6,True,False,False,,-1,23.2772,0
2026-06-26 10:36:19,121,B+42.5,3,True,False,False,,-1,23.3195,0
2026-06-26 10:36:48,146,W+55.5,3,True,False,False,,-1,23.4001,0
2026-06-26 10:37:06,92,B+5.5,3,True,False,False,,-1,23.3318,0
2026-06-26 10:37:24,88,W+16.5,2,True,False,False,,-1,23.4298,0
2026-06-26 10:37:57,159,B+28.5,6,True,False,False,,-1,23.3989,0
2026-06-26 10:38:19,114,W+33.5,3,True,False,False,,-1,23.4242,0
2026-06-26 10:38:48,153,B+43.5,5,True,False,False,,-1,23.4992,0
2026-06-26 10:39:08,94,B+5.5,2,True,False,False,,-1,23.4855,0
2026-06-26 10:39:30,102,W+21.5,3,True,False,False,,-1,23.4781,0
2026-06-26 10:40:02,159,W+24.5,2,True,False,False,,-1,23.5841,0
2026-06-26 10:40:30,127,B+22.5,2,True,False,False,,-1,23.6851,0
2026-06-26 10:40:56,146,W+50.5,5,True,False,False,,-1,23.6667,0
2026-06-26 10:41:27,162,B+51.5,0,True,False,False,,-1,23.7569,0
2026-06-26 10:41:46,101,B+2.5,5,True,False,False,,-1,23.7484,0
2026-06-26 10:42:18,162,W+40.5,4,True,False,False,,-1,23.7928,0
2026-06-26 10:42:42,124,W+43.5,2,True,False,False,,-1,23.7123,0
2026-06-26 10:43:12,150,B+57.5,5,True,False,False,,-1,23.9628,0
2026-06-26 10:43:36,130,B+4.5,4,True,False,False,,-1,24.1425,0
2026-06-26 10:43:40,22,W+7.5,2,True,False,False,,-1,23.9324,0
2026-06-26 10:44:15,162,B+33.5,1,True,False,False,,-1,24.0579,0
2026-06-26 10:44:47,162,W+25.5,3,True,False,False,,-1,24.1569,0
2026-06-26 10:45:07,121,W+29.5,3,True,False,False,,-1,24.1973,0
2026-06-26 10:45:26,96,W+5.5,3,True,False,False,,-1,24.283,0
2026-06-26 10:45:43,85,B+3.5,5,True,False,False,,-1,24.1656,0
2026-06-26 10:46:00,93,B+12.5,4,True,False,False,,-1,24.0569,0
2026-06-26 10:46:32,162,W+83.5,3,True,False,False,,-1,24.1448,0
2026-06-26 10:46:52,104,B+20.5,2,True,False,False,,-1,24.0689,0
2026-06-26 10:47:15,106,B+7.5,3,True,False,False,,-1,24.0984,0
2026-06-26 10:47:22,32,W+7.5,2,True,False,False,,-1,23.8556,0
2026-06-26 10:47:42,109,W+14.5,4,True,False,False,,-1,23.8217,0
2026-06-26 10:47:59,87,B+2.5,6,True,False,False,,-1,23.6574,0
2026-06-26 10:48:29,147,B+53.5,4,True,False,False,,-1,23.7241,0
2026-06-26 10:48:49,105,B+9.5,2,True,False,False,,-1,23.6105,0
2026-06-26 10:49:11,103,B+17.5,3,True,False,False,,-1,23.6798,0
2026-06-26 10:49:32,107,B+13.5,3,True,False,False,,-1,23.6747,0
2026-06-26 10:50:01,162,B+36.5,7,True,False,False,,-1,23.7792,0
2026-06-26 10:50:29,146,B+46.5,3,True,False,False,,-1,23.8733,0
2026-06-26 10:50:50,101,B+1.5,3,True,False,False,,-1,23.7541,0
2026-06-26 10:51:13,118,B+3.5,8,True,False,False,,-1,23.9266,0
2026-06-26 10:51:38,118,W+36.5,3,True,False,False,,-1,23.9831,0
2026-06-26 10:52:00,108,B+6.5,3,True,False,False,,-1,23.897,0
2026-06-26 10:52:19,90,W+12.5,2,True,False,False,,-1,23.8731,0
2026-06-26 10:52:49,159,W+52.5,8,True,False,False,,-1,23.831,0
2026-06-26 10:53:08,107,W+4.5,4,True,False,False,,-1,23.777,0
2026-06-26 10:53:30,112,W+3.5,5,True,False,False,,-1,23.7837,0
2026-06-26 10:53:45,68,W+23.5,2,True,False,False,,-1,23.7298,0
2026-06-26 10:54:03,92,B+1.5,4,True,False,False,,-1,23.6233,0
2026-06-26 10:54:25,105,B+20.5,3,True,False,False,,-1,23.7952,0
2026-06-26 10:54:48,122,W+14.5,6,True,False,False,,-1,23.8637,0
2026-06-26 10:54:55,36,W+7.5,2,True,False,False,,-1,23.591,0
2026-06-26 10:55:07,56,W+11.5,2,True,False,False,,-1,23.44,0
2026-06-26 10:55:38,162,B+28.5,2,True,False,False,,-1,23.4174,0
2026-06-26 10:55:55,79,B+3.5,3,True,False,False,,-1,23.3545,0
2026-06-26 10:56:25,161,B+59.5,6,True,False,False,,-1,23.374,0
2026-06-26 10:56:47,114,W+13.5,7,True,False,False,,-1,23.2521,0
2026-06-26 10:56:55,36,W+9.5,2,True,False,False,,-1,23.0821,0
2026-06-26 10:57:29,162,W+59.5,4,True,False,False,,-1,23.1396,0
2026-06-26 10:57:46,92,W+6.5,2,True,False,False,,-1,23.0003,0
2026-06-26 10:58:09,116,B+29.5,3,True,False,False,,-1,23.0006,0
2026-06-26 10:58:28,109,W+2.5,7,True,False,False,,-1,22.9862,0
2026-06-26 10:58:53,124,W+52.5,2,True,False,False,,-1,22.924,0
2026-06-26 10:59:23,154,W+60.5,6,True,False,False,,-1,23.0483,0
2026-06-26 10:59:47,137,W+24.5,5,True,False,False,,-1,23.018,0
2026-06-26 11:00:09,102,W+32.5,2,True,False,False,,-1,22.9393,0
2026-06-26 11:00:33,130,B+46.5,3,True,False,False,,-1,23.1292,0
2026-06-26 11:01:04,162,B+17.5,6,True,False,False,,-1,23.1882,0
2026-06-26 11:01:31,129,B+49.5,4,True,False,False,,-1,23.206,0
2026-06-26 11:01:52,102,W+8.5,2,True,False,False,,-1,23.1365,0
2026-06-26 11:02:17,125,B+26.5,5,True,False,False,,-1,23.1516,0
2026-06-26 11:02:49,151,W+56.5,2,True,False,False,,-1,23.2144,0
2026-06-26 11:03:08,92,W+18.5,2,True,False,False,,-1,23.1456,0
2026-06-26 11:03:31,113,B+25.5,3,True,False,False,,-1,23.1343,0
2026-06-26 11:03:54,111,W+21.5,3,True,False,False,,-1,23.0507,0
2026-06-26 11:04:26,162,W+59.5,3,True,False,False,,-1,23.1626,0
2026-06-26 11:04:54,137,W+54.5,4,True,False,False,,-1,23.1481,0
2026-06-26 11:05:14,102,B+17.5,3,True,False,False,,-1,23.1712,0
2026-06-26 11:05:35,119,W+30.5,5,True,False,False,,-1,23.2298,0
2026-06-26 11:05:51,82,W+9.5,2,True,False,False,,-1,23.2069,0
2026-06-26 11:06:14,114,W+42.5,3,True,False,False,,-1,23.2233,0
2026-06-26 11:06:45,162,B+29.5,4,True,False,False,,-1,23.3311,0
2026-06-26 11:07:11,128,W+69.5,3,True,False,False,,-1,23.3039,0
2026-06-26 11:07:29,98,W+11.5,4,True,False,False,,-1,23.2697,0
2026-06-26 11:07:54,130,B+2.5,4,True,False,False,,-1,23.2582,0
2026-06-26 11:08:17,124,B+1.5,5,True,False,False,,-1,23.281,0
2026-06-26 11:08:39,110,B+14.5,3,True,False,False,,-1,23.2912,0
2026-06-26 11:09:02,114,W+46.5,2,True,False,False,,-1,23.2321,0
2026-06-26 11:09:20,89,B+0.5,2,True,False,False,,-1,23.2243,0
2026-06-26 11:09:44,114,W+35.5,3,True,False,False,,-1,23.3103,0
2026-06-26 11:10:05,103,B+3.5,6,True,False,False,,-1,23.232,0
2026-06-26 11:10:35,160,W+60.5,5,True,False,False,,-1,23.323,0
2026-06-26 11:10:56,103,B+14.5,3,True,False,False,,-1,23.3747,0
2026-06-26 11:11:28,157,B+34.5,7,True,False,False,,-1,23.4012,0
2026-06-26 11:11:33,22,W+7.5,2,True,False,False,,-1,23.136,0
2026-06-26 11:11:58,132,W+65.5,3,True,False,False,,-1,23.1921,0
2026-06-26 11:12:28,162,B+37.5,9,True,False,False,,-1,23.192,0
2026-06-26 11:12:59,162,B+44.5,5,True,False,False,,-1,23.3452,0
2026-06-26 11:13:07,38,W+6.5,3,True,False,False,,-1,23.1114,0
2026-06-26 11:13:36,144,W+55.5,3,True,False,False,,-1,23.2202,0
2026-06-26 11:14:03,123,B+39.5,3,True,False,False,,-1,23.1913,0
2026-06-26 11:14:33,162,W+79.5,4,True,False,False,,-1,23.1983,0
2026-06-26 11:14:57,116,B+22.5,2,True,False,False,,-1,23.1859,0
2026-06-26 11:15:25,162,W+51.5,10,True,False,False,,-1,23.1693,0
2026-06-26 11:15:33,34,W+4.5,2,True,False,False,,-1,23.0617,0
2026-06-26 11:15:52,107,W+14.5,7,True,False,False,,-1,23.0723,0
2026-06-26 11:16:18,130,W+2.5,5,True,False,False,,-1,23.0107,0
2026-06-26 11:16:41,115,W+32.5,4,True,False,False,,-1,23.0188,0
2026-06-26 11:17:12,162,W+57.5,3,True,False,False,,-1,23.0344,0
2026-06-26 11:17:44,142,W+65.5,2,True,False,False,,-1,23.1588,0
2026-06-26 11:18:19,162,W+25.5,1,True,False,False,,-1,23.2871,0
2026-06-26 11:18:38,106,W+11.5,2,True,False,False,,-1,23.1597,0
2026-06-26 11:19:03,130,W+35.5,4,True,False,False,,-1,23.1265,0
2026-06-26 11:19:32,138,W+61.5,2,True,False,False,,-1,23.1578,0
2026-06-26 11:19:52,107,B+3.5,4,True,False,False,,-1,23.0478,0
2026-06-26 11:20:13,96,B+12.5,3,True,False,False,,-1,23.064,0
2026-06-26 11:20:45,159,W+46.5,6,True,False,False,,-1,23.0716,0
2026-06-26 11:21:18,152,W+67.5,3,True,False,False,,-1,23.1567,0
2026-06-26 11:21:35,88,W+11.5,2,True,False,False,,-1,23.028,0
2026-06-26 11:21:57,124,B+7.5,5,True,False,False,,-1,23.0055,0
2026-06-26 11:22:19,112,W+33.5,3,True,False,False,,-1,23.1851,0
2026-06-26 11:22:36,84,W+10.5,2,True,False,False,,-1,23.0099,0
2026-06-26 11:22:51,70,W+16.5,2,True,False,False,,-1,22.8426,0
2026-06-26 11:23:10,92,W+3.5,4,True,False,False,,-1,22.8216,0
2026-06-26 11:23:31,101,B+0.5,3,True,False,False,,-1,22.8502,0
2026-06-26 11:23:52,106,W+3.5,4,True,False,False,,-1,22.8924,0
2026-06-26 11:24:14,117,B+13.5,4,True,False,False,,-1,22.9343,0
2026-06-26 11:24:46,162,B+37.5,9,True,False,False,,-1,22.9399,0
2026-06-26 11:25:03,83,B+15.5,2,True,False,False,,-1,22.9093,0
2026-06-26 11:25:31,123,B+11.5,3,True,False,False,,-1,22.9489,0
2026-06-26 11:25:52,112,W+5.5,4,True,False,False,,-1,23.1022,0
2026-06-26 11:26:13,109,W+8.5,6,True,False,False,,-1,23.1071,0
2026-06-26 11:26:37,107,B+0.5,3,True,False,False,,-1,23.1775,0
2026-06-26 11:27:10,162,W+41.5,4,True,False,False,,-1,23.2037,0
2026-06-26 11:27:37,133,W+12.5,7,True,False,False,,-1,23.2716,0
2026-06-26 11:28:10,162,W+54.5,5,True,False,False,,-1,23.3865,0
2026-06-26 11:28:36,128,B+20.5,4,True,False,False,,-1,23.4366,0
2026-06-26 11:28:55,89,B+3.5,2,True,False,False,,-1,23.3344,0
2026-06-26 11:29:15,96,B+2.5,6,True,False,False,,-1,23.2511,0
2026-06-26 11:29:46,162,B+14.5,6,True,False,False,,-1,23.3563,0
2026-06-26 11:30:05,106,W+27.5,6,True,False,False,,-1,23.3182,0
2026-06-26 11:30:25,105,W+7.5,3,True,False,False,,-1,23.2636,0
2026-06-26 11:30:47,124,B+15.5,3,True,False,False,,-1,23.2702,0
2026-06-26 11:31:07,102,W+12.5,5,True,False,False,,-1,23.2756,0
2026-06-26 11:31:29,118,W+40.5,2,True,False,False,,-1,23.196,0
2026-06-26 11:31:56,145,W+34.5,9,True,False,False,,-1,23.2768,0
2026-06-26 11:32:23,139,B+45.5,3,True,False,False,,-1,23.3326,0
2026-06-26 11:32:45,113,W+23.5,4,True,False,False,,-1,23.3976,0
2026-06-26 11:33:02,88,W+6.5,4,True,False,False,,-1,23.3898,0
2026-06-26 11:33:34,147,W+71.5,2,True,False,False,,-1,23.4883,0
2026-06-26 11:33:55,100,W+16.5,2,True,False,False,,-1,23.4709,0
2026-06-26 11:34:15,108,W+8.5,3,True,False,False,,-1,23.5963,0
2026-06-26 11:34:47,156,W+68.5,5,True,False,False,,-1,23.8014,0
2026-06-26 11:35:05,88,W+18.5,2,True,False,False,,-1,23.6742,0
2026-06-26 11:35:22,78,W+14.5,2,True,False,False,,-1,23.667,0
2026-06-26 11:35:40,103,B+12.5,7,True,False,False,,-1,23.5429,0
2026-06-26 11:36:03,111,B+27.5,3,True,False,False,,-1,23.5534,0
2026-06-26 11:36:31,154,B+37.5,6,True,False,False,,-1,23.7628,0
2026-06-26 11:37:03,149,W+64.5,4,True,False,False,,-1,23.7425,0
2026-06-26 11:37:21,88,W+4.5,2,True,False,False,,-1,23.7438,0
2026-06-26 11:37:42,118,B+11.5,3,True,False,False,,-1,23.7334,0
2026-06-26 11:38:16,159,B+37.5,9,True,False,False,,-1,23.8784,0
2026-06-26 11:38:33,88,W+7.5,2,True,False,False,,-1,23.8,0
2026-06-26 11:38:54,95,W+8.5,4,True,False,False,,-1,23.7068,0
2026-06-26 11:39:11,72,W+16.5,2,True,False,False,,-1,23.635,0
2026-06-26 11:39:38,142,B+40.5,2,True,False,False,,-1,23.6861,0
2026-06-26 11:39:53,79,B+1.5,3,True,False,False,,-1,23.6001,0
2026-06-26 11:40:15,101,W+25.5,2,True,False,False,,-1,23.5063,0
2026-06-26 11:40:34,88,W+15.5,3,True,False,False,,-1,23.4285,0
2026-06-26 11:40:54,94,B+13.5,3,True,False,False,,-1,23.4217,0
2026-06-26 11:41:14,109,W+19.5,3,True,False,False,,-1,23.3662,0
2026-06-26 11:41:33,84,W+3.5,3,True,False,False,,-1,23.2388,0
2026-06-26 11:42:01,151,W+63.5,4,True,False,False,,-1,23.3282,0
2026-06-26 11:42:07,24,W+7.5,2,True,False,False,,-1,23.1597,0
2026-06-26 11:42:33,138,W+44.5,8,True,False,False,,-1,23.1921,0
2026-06-26 11:42:58,118,W+52.5,4,True,False,False,,-1,23.1167,0
2026-06-26 11:43:16,86,W+5.5,2,True,False,False,,-1,23.0129,0
2026-06-26 11:43:49,162,B+20.5,7,True,False,False,,-1,23.1518,0
2026-06-26 11:44:22,162,W+59.5,4,True,False,False,,-1,23.2582,0
2026-06-26 11:44:52,162,B+56.5,2,True,False,False,,-1,23.4103,0
2026-06-26 11:45:17,117,W+25.5,2,True,False,False,,-1,23.4254,0
2026-06-26 11:45:33,90,W+9.5,3,True,False,False,,-1,23.2847,0
2026-06-26 11:45:54,100,B+2.5,3,True,False,False,,-1,23.2246,0
2026-06-26 11:46:02,38,W+5.5,2,True,False,False,,-1,23.1245,0
2026-06-26 11:46:29,128,W+52.5,4,True,False,False,,-1,23.1462,0
2026-06-26 11:46:49,98,B+5.5,3,True,False,False,,-1,23.1141,0
2026-06-26 11:47:11,98,W+9.5,2,True,False,False,,-1,23.113,0
2026-06-26 11:47:36,129,B+6.5,9,True,False,False,,-1,23.1311,0
2026-06-26 11:47:58,108,W+39.5,2,True,False,False,,-1,23.1775,0
2026-06-26 11:48:19,104,W+12.5,4,True,False,False,,-1,23.1406,0
2026-06-26 11:48:40,116,B+8.5,6,True,False,False,,-1,23.1531,0
2026-06-26 11:49:07,120,W+51.5,2,True,False,False,,-1,23.1125,0
2026-06-26 11:49:36,162,W+52.5,4,True,False,False,,-1,23.2027,0
2026-06-26 11:49:59,122,W+30.5,4,True,False,False,,-1,23.107,0
2026-06-26 11:50:19,94,W+47.5,2,True,False,False,,-1,23.259,0
2026-06-26 11:50:37,94,W+8.5,2,True,False,False,,-1,23.1923,0
2026-06-26 11:50:55,85,B+1.5,2,True,False,False,,-1,23.0691,0
2026-06-26 11:51:10,70,W+12.5,2,True,False,False,,-1,22.9112,0
2026-06-26 11:51:33,119,B+13.5,5,True,False,False,,-1,23.06,0
2026-06-26 11:51:57,127,B+2.5,3,True,False,False,,-1,23.0045,0
2026-06-26 11:52:18,102,B+9.5,2,True,False,False,,-1,22.9503,0
2026-06-26 11:52:37,96,W+11.5,3,True,False,False,,-1,22.8349,0
2026-06-26 11:52:58,106,B+7.5,3,True,False,False,,-1,22.8046,0
2026-06-26 11:53:28,160,W+71.5,7,True,False,False,,-1,22.8296,0
2026-06-26 11:53:59,148,W+38.5,3,True,False,False,,-1,23.0612,0
2026-06-26 11:54:26,155,W+50.5,11,True,False,False,,-1,23.1414,0
2026-06-26 11:54:46,98,W+24.5,2,True,False,False,,-1,23.0765,0
2026-06-26 11:55:01,64,W+9.5,2,True,False,False,,-1,22.9975,0
2026-06-26 11:55:18,88,W+10.5,5,True,False,False,,-1,22.8604,0
2026-06-26 11:55:41,102,W+20.5,3,True,False,False,,-1,22.7649,0
2026-06-26 11:56:12,162,B+27.5,11,True,False,False,,-1,22.7286,0
2026-06-26 11:56:32,103,B+7.5,3,True,False,False,,-1,22.7321,0
2026-06-26 11:56:50,86,W+8.5,5,True,False,False,,-1,22.6697,0
2026-06-26 11:57:10,111,W+7.5,2,True,False,False,,-1,22.5791,0
2026-06-26 11:57:46,162,W+55.5,3,True,False,False,,-1,22.7429,0
2026-06-26 11:58:06,109,B+12.5,4,True,False,False,,-1,22.7299,0
2026-06-26 11:58:34,131,W+59.5,3,True,False,False,,-1,22.681,0
2026-06-26 11:58:59,130,W+37.5,6,True,False,False,,-1,22.6063,0
2026-06-26 11:59:17,90,W+19.5,2,True,False,False,,-1,22.6191,0
2026-06-26 11:59:35,88,W+2.5,3,True,False,False,,-1,22.5794,0
2026-06-26 11:59:55,102,W+9.5,7,True,False,False,,-1,22.5578,0
2026-06-26 12:00:19,116,W+34.5,2,True,False,False,,-1,22.6328,0
2026-06-26 12:00:39,111,W+15.5,3,True,False,False,,-1,22.6812,0
2026-06-26 12:01:09,159,B+58.5,7,True,False,False,,-1,22.7903,0
2026-06-26 12:01:27,86,W+4.5,2,True,False,False,,-1,22.7575,0
2026-06-26 12:01:48,102,W+28.5,2,True,False,False,,-1,22.7547,0
2026-06-26 12:02:13,116,W+47.5,2,True,False,False,,-1,22.7859,0
2026-06-26 12:02:48,162,W+47.5,2,True,False,False,,-1,22.8185,0
2026-06-26 12:03:09,103,B+18.5,2,True,False,False,,-1,22.8553,0
2026-06-26 12:03:33,128,W+64.5,4,True,False,False,,-1,22.82,0
2026-06-26 12:03:55,95,B+11.5,2,True,False,False,,-1,22.8217,0
2026-06-26 12:04:28,162,W+82.5,2,True,False,False,,-1,22.9403,0
2026-06-26 12:05:00,162,B+9.5,2,True,False,False,,-1,23.0301,0
2026-06-26 12:05:17,90,W+19.5,2,True,False,False,,-1,22.8736,0
2026-06-26 12:05:45,136,W+62.5,5,True,False,False,,-1,22.8832,0
2026-06-26 12:05:51,28,W+9.5,2,True,False,False,,-1,22.6011,0
2026-06-26 12:06:12,108,W+19.5,3,True,False,False,,-1,22.5574,0
2026-06-26 12:06:45,162,W+56.5,6,True,False,False,,-1,22.6922,0
2026-06-26 12:07:10,121,W+51.5,2,True,False,False,,-1,22.7455,0
2026-06-26 12:07:44,162,W+54.5,5,True,False,False,,-1,22.7829,0
2026-06-26 12:08:18,162,W+59.5,2,True,False,False,,-1,22.9249,0
2026-06-26 12:08:39,100,W+24.5,3,True,False,False,,-1,22.9337,0
2026-06-26 12:08:48,44,W+8.5,2,True,False,False,,-1,22.8049,0
2026-06-26 12:09:13,136,W+1.5,10,True,False,False,,-1,22.8617,0
2026-06-26 12:09:45,149,W+36.5,5,True,False,False,,-1,22.9628,0
2026-06-26 12:10:15,155,B+45.5,5,True,False,False,,-1,22.981,0
2026-06-26 12:10:32,88,W+10.5,2,True,False,False,,-1,22.8858,0
2026-06-26 12:10:51,99,B+2.5,2,True,False,False,,-1,22.8616,0
2026-06-26 12:11:16,122,W+54.5,2,True,False,False,,-1,22.9345,0
2026-06-26 12:11:35,94,W+16.5,2,True,False,False,,-1,22.81,0
2026-06-26 12:12:09,162,B+22.5,2,True,False,False,,-1,22.9326,0
2026-06-26 12:12:30,101,B+0.5,4,True,False,False,,-1,22.9401,0
2026-06-26 12:12:45,78,W+6.5,2,True,False,False,,-1,22.7786,0
2026-06-26 12:13:00,64,W+6.5,3,True,False,False,,-1,22.7404,0
2026-06-26 12:13:31,162,W+69.5,1,True,False,False,,-1,22.8913,0
2026-06-26 12:13:48,77,B+3.5,2,True,False,False,,-1,22.8753,0
2026-06-26 12:13:53,32,W+7.5,2,True,False,False,,-1,22.703,0
2026-06-26 12:14:16,119,B+17.5,5,True,False,False,,-1,22.6437,0
2026-06-26 12:14:37,114,B+3.5,5,True,False,False,,-1,22.5322,0
2026-06-26 12:14:59,111,W+11.5,5,True,False,False,,-1,22.5807,0
2026-06-26 12:15:19,114,W+11.5,3,True,False,False,,-1,22.5699,0
2026-06-26 12:15:43,115,W+22.5,3,True,False,False,,-1,22.4708,0
2026-06-26 12:16:15,162,W+55.5,3,True,False,False,,-1,22.6088,0
2026-06-26 12:16:45,162,B+49.5,4,True,False,False,,-1,22.7095,0
2026-06-26 12:17:01,84,W+17.5,2,True,False,False,,-1,22.6977,0
2026-06-26 12:17:33,162,B+28.5,5,True,False,False,,-1,22.7518,0
2026-06-26 12:17:51,98,W+17.5,2,True,False,False,,-1,22.773,0
2026-06-26 12:18:12,103,B+2.5,2,True,False,False,,-1,22.7684,0
2026-06-26 12:18:30,95,B+12.5,3,True,False,False,,-1,22.7567,0
2026-06-26 12:19:03,162,B+21.5,3,True,False,False,,-1,22.8921,0
2026-06-26 12:19:26,119,B+39.5,4,True,False,False,,-1,22.9179,0
2026-06-26 12:19:49,102,W+14.5,2,True,False,False,,-1,22.9533,0
2026-06-26 12:20:10,110,B+15.5,7,True,False,False,,-1,22.8917,0
2026-06-26 12:20:43,161,W+56.5,4,True,False,False,,-1,23.1627,0
2026-06-26 12:21:09,127,W+40.5,3,True,False,False,,-1,23.1503,0
2026-06-26 12:21:27,95,W+2.5,4,True,False,False,,-1,23.0929,0
2026-06-26 12:21:56,152,W+49.5,5,True,False,False,,-1,23.2002,0
2026-06-26 12:22:25,143,W+51.5,5,True,False,False,,-1,23.157,0
2026-06-26 12:22:49,117,W+4.5,6,True,False,False,,-1,23.0735,0
2026-06-26 12:23:12,101,W+32.5,2,True,False,False,,-1,22.9971,0
2026-06-26 12:23:45,154,W+53.5,3,True,False,False,,-1,23.0785,0
2026-06-26 12:24:05,108,B+5.5,6,True,False,False,,-1,23.1195,0
2026-06-26 12:24:20,74,W+0.5,2,True,False,False,,-1,23.0601,0
2026-06-26 12:24:39,95,B+0.5,2,True,False,False,,-1,23.1694,0
2026-06-26 12:25:01,115,B+5.5,6,True,False,False,,-1,23.1179,0
2026-06-26 12:25:25,125,B+14.5,3,True,False,False,,-1,23.1564,0
2026-06-26 12:25:46,104,B+14.5,4,True,False,False,,-1,23.1511,0
2026-06-26 12:26:15,155,B+55.5,5,True,False,False,,-1,23.1951,0
2026-06-26 12:26:39,135,B+23.5,5,True,False,False,,-1,23.2116,0
2026-06-26 12:27:00,114,B+2.5,4,True,False,False,,-1,23.2105,0
2026-06-26 12:27:25,110,W+42.5,3,True,False,False,,-1,23.2449,0
2026-06-26 12:27:47,108,W+22.5,4,True,False,False,,-1,23.2032,0
2026-06-26 12:28:18,161,W+67.5,6,True,False,False,,-1,23.2184,0
2026-06-26 12:28:44,132,W+29.5,2,True,False,False,,-1,23.2433,0
2026-06-26 12:28:48,24,W+7.5,2,True,False,False,,-1,23.0916,0
2026-06-26 12:29:09,99,B+12.5,2,True,False,False,,-1,23.1196,0
2026-06-26 12:29:34,114,W+9.5,4,True,False,False,,-1,23.1868,0
2026-06-26 12:29:56,114,B+16.5,6,True,False,False,,-1,23.255,0
2026-06-26 12:30:25,162,B+39.5,4,True,False,False,,-1,23.313,0
2026-06-26 12:30:35,46,W+6.5,2,True,False,False,,-1,23.1774,0
2026-06-26 12:31:06,146,W+61.5,4,True,False,False,,-1,23.2802,0
2026-06-26 12:31:30,125,B+29.5,4,True,False,False,,-1,23.3281,0
2026-06-26 12:32:06,162,W+33.5,2,True,False,False,,-1,23.4719,0
2026-06-26 12:32:31,119,W+40.5,2,True,False,False,,-1,23.4279,0
2026-06-26 12:32:57,136,B+34.5,6,True,False,False,,-1,23.3784,0
2026-06-26 12:33:13,85,W+9.5,4,True,False,False,,-1,23.2701,0
2026-06-26 12:33:32,95,B+2.5,3,True,False,False,,-1,23.2611,0
2026-06-26 12:33:53,99,B+0.5,2,True,False,False,,-1,23.3102,0
2026-06-26 12:34:11,105,W+18.5,3,True,False,False,,-1,23.3211,0
2026-06-26 12:34:42,152,W+53.5,7,True,False,False,,-1,23.4058,0
2026-06-26 12:35:04,119,B+18.5,4,True,False,False,,-1,23.3187,0
2026-06-26 12:35:30,128,B+38.5,4,True,False,False,,-1,23.3807,0
2026-06-26 12:35:50,94,W+9.5,2,True,False,False,,-1,23.3941,0
2026-06-26 12:36:25,162,W+63.5,5,True,False,False,,-1,23.5498,0
2026-06-26 12:36:56,162,W+56.5,6,True,False,False,,-1,23.4973,0
2026-06-26 12:37:20,108,W+19.5,3,True,False,False,,-1,23.5385,0
2026-06-26 12:37:44,127,W+3.5,5,True,False,False,,-1,23.4988,0
2026-06-26 12:38:06,108,B+6.5,4,True,False,False,,-1,23.4753,0
2026-06-26 12:38:38,156,W+58.5,6,True,False,False,,-1,23.6086,0
2026-06-26 12:38:55,97,W+0.5,4,True,False,False,,-1,23.5929,0
2026-06-26 12:39:14,93,W+2.5,2,True,False,False,,-1,23.5852,0
2026-06-26 12:39:35,97,B+21.5,3,True,False,False,,-1,23.5569,0
2026-06-26 12:40:04,148,B+25.5,7,True,False,False,,-1,23.6416,0
2026-06-26 12:40:22,94,W+13.5,2,True,False,False,,-1,23.5315,0
2026-06-26 12:40:48,139,B+48.5,4,True,False,False,,-1,23.6076,0
2026-06-26 12:41:17,146,W+60.5,3,True,False,False,,-1,23.6888,0
2026-06-26 12:41:52,145,B+43.5,4,True,False,False,,-1,23.7901,0
2026-06-26 12:42:13,116,W+26.5,2,True,False,False,,-1,23.6515,0
2026-06-26 12:42:41,144,W+55.5,3,True,False,False,,-1,23.718,0
2026-06-26 12:43:13,157,W+60.5,6,True,False,False,,-1,23.8008,0
2026-06-26 12:43:40,153,B+7.5,7,True,False,False,,-1,23.8539,0
2026-06-26 12:44:03,119,W+21.5,5,True,False,False,,-1,23.7485,0
2026-06-26 12:44:23,107,B+0.5,4,True,False,False,,-1,23.6297,0
2026-06-26 12:44:57,162,W+59.5,5,True,False,False,,-1,23.7921,0
2026-06-26 12:45:27,162,B+51.5,4,True,False,False,,-1,23.8162,0
2026-06-26 12:45:44,78,W+11.5,2,True,False,False,,-1,23.931,0
2026-06-26 12:46:07,112,W+28.5,2,True,False,False,,-1,23.9467,0
2026-06-26 12:46:33,138,W+34.5,4,True,False,False,,-1,23.884,0
2026-06-26 12:47:06,162,W+58.5,6,True,False,False,,-1,23.9612,0
2026-06-26 12:47:24,80,W+11.5,2,True,False,False,,-1,23.7914,0
2026-06-26 12:47:42,96,W+24.5,3,True,False,False,,-1,23.6373,0
2026-06-26 12:48:11,136,W+55.5,5,True,False,False,,-1,23.7245,0
2026-06-26 12:48:32,86,W+28.5,2,True,False,False,,-1,23.8371,0
2026-06-26 12:48:49,98,W+1.5,2,True,False,False,,-1,23.7568,0
2026-06-26 12:49:08,100,W+0.5,3,True,False,False,,-1,23.6272,0
2026-06-26 12:49:27,91,B+12.5,3,True,False,False,,-1,23.5172,0
2026-06-26 12:49:52,124,B+22.5,3,True,False,False,,-1,23.6003,0
2026-06-26 12:50:15,108,B+9.5,4,True,False,False,,-1,23.6392,0
2026-06-26 12:50:37,108,W+20.5,3,True,False,False,,-1,23.6046,0
2026-06-26 12:51:12,162,W+74.5,4,True,False,False,,-1,23.76,0
2026-06-26 12:51:44,162,W+53.5,4,True,False,False,,-1,23.7502,0
2026-06-26 12:51:50,28,W+7.5,2,True,False,False,,-1,23.6051,0
2026-06-26 12:52:12,103,B+3.5,6,True,False,False,,-1,23.6635,0
2026-06-26 12:52:31,89,B+11.5,2,True,False,False,,-1,23.7097,0
2026-06-26 12:53:01,145,B+59.5,2,True,False,False,,-1,23.7015,0
2026-06-26 12:53:31,144,W+57.5,4,True,False,False,,-1,23.8304,0
2026-06-26 12:53:51,91,B+3.5,2,True,False,False,,-1,23.976,0
2026-06-26 12:54:16,117,W+47.5,3,True,False,False,,-1,23.9977,0
2026-06-26 12:54:46,162,B+29.5,9,True,False,False,,-1,24.0884,0
2026-06-26 12:55:09,111,W+0.5,2,True,False,False,,-1,24.0941,0
2026-06-26 12:55:26,93,B+3.5,3,True,False,False,,-1,24.0622,0
2026-06-26 12:55:47,119,B+1.5,5,True,False,False,,-1,24.0414,0
2026-06-26 12:56:18,162,W+24.5,5,True,False,False,,-1,24.033,0
2026-06-26 12:56:36,89,W+4.5,3,True,False,False,,-1,23.9014,0
2026-06-26 12:56:54,90,W+14.5,2,True,False,False,,-1,23.9275,0
2026-06-26 12:57:15,107,W+9.5,3,True,False,False,,-1,23.8163,0
2026-06-26 12:57:35,86,W+4.5,3,True,False,False,,-1,23.8368,0
2026-06-26 12:57:58,125,B+2.5,5,True,False,False,,-1,23.8572,0
2026-06-26 12:58:17,94,B+6.5,2,True,False,False,,-1,23.8747,0
2026-06-26 12:58:39,113,B+19.5,4,True,False,False,,-1,23.758,0
2026-06-26 12:59:10,162,B+31.5,6,True,False,False,,-1,23.8362,0
2026-06-26 12:59:40,129,W+35.5,6,True,False,False,,-1,23.9054,0
2026-06-26 13:00:10,156,B+24.5,4,True,False,False,,-1,23.9949,0
2026-06-26 13:00:37,147,B+42.5,5,True,False,False,,-1,23.9343,0
2026-06-26 13:01:07,161,B+43.5,5,True,False,False,,-1,23.9836,0
2026-06-26 13:01:34,132,W+50.5,5,True,False,False,,-1,24.0658,0
2026-06-26 13:02:04,155,W+64.5,2,True,False,False,,-1,24.0733,0
2026-06-26 13:02:26,129,W+3.5,8,True,False,False,,-1,24.0075,0
2026-06-26 13:02:50,116,W+40.5,2,True,False,False,,-1,24.0062,0
2026-06-26 13:03:16,124,W+46.5,2,True,False,False,,-1,24.032,0
2026-06-26 13:03:32,83,B+2.5,2,True,False,False,,-1,23.8754,0
2026-06-26 13:03:53,104,B+2.5,3,True,False,False,,-1,23.8774,0
2026-06-26 13:04:15,99,B+15.5,2,True,False,False,,-1,23.9446,0
2026-06-26 13:04:40,117,B+16.5,7,True,False,False,,-1,24.0043,0
2026-06-26 13:05:00,94,W+6.5,2,True,False,False,,-1,23.9844,0
2026-06-26 13:05:28,140,W+53.5,3,True,False,False,,-1,24.0281,0
2026-06-26 13:05:52,134,W+5.5,3,True,False,False,,-1,24.0551,0
2026-06-26 13:06:16,125,B+35.5,4,True,False,False,,-1,24.0012,0
2026-06-26 13:06:43,132,B+27.5,2,True,False,False,,-1,24.0327,0
2026-06-26 13:07:11,151,W+48.5,6,True,False,False,,-1,24.1054,0
2026-06-26 13:07:39,142,B+53.5,2,True,False,False,,-1,24.1398,0
2026-06-26 13:08:01,102,W+23.5,2,True,False,False,,-1,24.1326,0
2026-06-26 13:08:34,146,B+33.5,3,True,False,False,,-1,24.1516,0
2026-06-26 13:09:01,133,W+47.5,3,True,False,False,,-1,24.1699,0
2026-06-26 13:09:21,110,B+23.5,2,True,False,False,,-1,24.3254,0
2026-06-26 13:09:44,115,B+18.5,4,True,False,False,,-1,24.3407,0
2026-06-26 13:10:16,162,W+33.5,4,True,False,False,,-1,24.4199,0
2026-06-26 13:10:45,149,B+48.5,4,True,False,False,,-1,24.4885,0
2026-06-26 13:11:13,160,W+67.5,4,True,False,False,,-1,24.4804,0
2026-06-26 13:11:36,125,B+0.5,8,True,False,False,,-1,24.6052,0
2026-06-26 13:11:53,77,B+8.5,2,True,False,False,,-1,24.4644,0
2026-06-26 13:12:12,98,B+2.5,5,True,False,False,,-1,24.4231,0
2026-06-26 13:12:38,125,B+28.5,5,True,False,False,,-1,24.3213,0
2026-06-26 13:12:56,86,W+3.5,2,True,False,False,,-1,24.2448,0
2026-06-26 13:13:26,160,B+54.5,7,True,False,False,,-1,24.2872,0
2026-06-26 13:13:59,162,B+11.5,3,True,False,False,,-1,24.4589,0
2026-06-26 13:14:14,86,W+3.5,2,True,False,False,,-1,24.4122,0
2026-06-26 13:14:40,144,B+32.5,7,True,False,False,,-1,24.4735,0
2026-06-26 13:14:59,94,W+24.5,3,True,False,False,,-1,24.4808,0
2026-06-26 13:15:28,148,B+36.5,6,True,False,False,,-1,24.4566,0
2026-06-26 13:15:52,129,W+49.5,3,True,False,False,,-1,24.4738,0
2026-06-26 13:16:20,142,W+59.5,3,True,False,False,,-1,24.4938,0
2026-06-26 13:16:46,131,W+43.5,2,True,False,False,,-1,24.5559,0
2026-06-26 13:17:03,82,W+22.5,2,True,False,False,,-1,24.3782,0
2026-06-26 13:17:23,105,W+1.5,9,True,False,False,,-1,24.2674,0
2026-06-26 13:17:41,93,B+1.5,6,True,False,False,,-1,24.2102,0
2026-06-26 13:18:07,121,B+39.5,2,True,False,False,,-1,24.2328,0
2026-06-26 13:18:22,64,W+11.5,2,True,False,False,,-1,24.1543,0
2026-06-26 13:18:34,58,W+5.5,2,True,False,False,,-1,23.9547,0
2026-06-26 13:18:54,97,W+0.5,2,True,False,False,,-1,23.9897,0
2026-06-26 13:19:18,129,B+13.5,5,True,False,False,,-1,24.0353,0
2026-06-26 13:19:37,88,W+14.5,2,True,False,False,,-1,24.0149,0
2026-06-26 13:19:57,104,W+41.5,2,True,False,False,,-1,23.9303,0
2026-06-26 13:20:13,82,W+18.5,2,True,False,False,,-1,23.9067,0
2026-06-26 13:20:30,81,B+7.5,2,True,False,False,,-1,23.8124,0
2026-06-26 13:20:51,101,B+6.5,2,True,False,False,,-1,23.7369,0
2026-06-26 13:21:18,128,W+65.5,3,True,False,False,,-1,23.6545,0
2026-06-26 13:21:37,112,W+4.5,4,True,False,False,,-1,23.6312,0
2026-06-26 13:22:01,122,B+2.5,5,True,False,False,,-1,23.5982,0
2026-06-26 13:22:17,67,B+0.5,3,True,False,False,,-1,23.4372,0
2026-06-26 13:22:45,128,W+55.5,3,True,False,False,,-1,23.442,0
2026-06-26 13:23:19,162,B+20.5,5,True,False,False,,-1,23.5628,0
2026-06-26 13:23:44,119,B+25.5,3,True,False,False,,-1,23.6019,0
2026-06-26 13:24:03,88,W+14.5,2,True,False,False,,-1,23.46,0
2026-06-26 13:24:30,134,W+33.5,4,True,False,False,,-1,23.4256,0
2026-06-26 13:24:47,90,W+17.5,2,True,False,False,,-1,23.43,0
2026-06-26 13:25:13,130,W+48.5,3,True,False,False,,-1,23.4569,0
2026-06-26 13:25:46,162,B+40.5,4,True,False,False,,-1,23.5278,0
2026-06-26 13:26:11,130,B+23.5,2,True,False,False,,-1,23.4458,0
2026-06-26 13:26:35,111,B+28.5,2,True,False,False,,-1,23.5099,0
2026-06-26 13:26:55,99,B+3.5,4,True,False,False,,-1,23.5281,0
2026-06-26 13:27:20,129,B+42.5,4,True,False,False,,-1,23.4835,0
2026-06-26 13:27:50,152,W+53.5,4,True,False,False,,-1,23.5837,0
2026-06-26 13:28:20,156,W+60.5,3,True,False,False,,-1,23.7088,0
2026-06-26 13:28:53,162,B+44.5,1,True,False,False,,-1,23.8477,0
2026-06-26 13:29:12,93,B+8.5,2,True,False,False,,-1,23.8516,0
2026-06-26 13:29:31,94,B+1.5,3,True,False,False,,-1,23.7863,0
2026-06-26 13:29:49,95,B+6.5,4,True,False,False,,-1,23.732,0
2026-06-26 13:30:07,88,W+15.5,2,True,False,False,,-1,23.699,0
2026-06-26 13:30:28,97,B+1.5,3,True,False,False,,-1,23.5605,0
2026-06-26 13:30:35,36,W+14.5,2,True,False,False,,-1,23.3062,0
2026-06-26 13:31:00,132,W+53.5,6,True,False,False,,-1,23.4968,0
2026-06-26 13:31:23,115,W+19.5,3,True,False,False,,-1,23.513,0
2026-06-26 13:31:47,136,B+50.5,2,True,False,False,,-1,23.5611,0
2026-06-26 13:32:07,104,B+3.5,4,True,False,False,,-1,23.4567,0
2026-06-26 13:32:23,91,W+6.5,4,True,False,False,,-1,23.3198,0
2026-06-26 13:32:43,94,W+20.5,2,True,False,False,,-1,23.3118,0
2026-06-26 13:33:11,150,B+44.5,3,True,False,False,,-1,23.3504,0
2026-06-26 13:33:44,162,B+42.5,1,True,False,False,,-1,23.3825,0
2026-06-26 13:34:07,111,B+2.5,5,True,False,False,,-1,23.3814,0
2026-06-26 13:34:37,144,W+49.5,3,True,False,False,,-1,23.5125,0
2026-06-26 13:34:59,108,W+22.5,3,True,False,False,,-1,23.513,0
2026-06-26 13:35:21,111,B+10.5,2,True,False,False,,-1,23.429,0
2026-06-26 13:35:46,117,B+20.5,3,True,False,False,,-1,23.4982,0
2026-06-26 13:36:17,146,W+63.5,4,True,False,False,,-1,23.6269,0
2026-06-26 13:36:47,162,W+28.5,6,True,False,False,,-1,23.7196,0
2026-06-26 13:37:07,93,B+5.5,4,True,False,False,,-1,23.7226,0
2026-06-26 13:37:41,162,B+26.5,6,True,False,False,,-1,23.8241,0
2026-06-26 13:37:58,86,W+5.5,2,True,False,False,,-1,23.8039,0
2026-06-26 13:38:30,162,B+15.5,4,True,False,False,,-1,23.9082,0
2026-06-26 13:38:48,90,W+6.5,2,True,False,False,,-1,23.7789,0
2026-06-26 13:39:14,122,B+21.5,4,True,False,False,,-1,23.7409,0
2026-06-26 13:39:38,134,B+4.5,8,True,False,False,,-1,23.6756,0
2026-06-26 13:40:08,159,W+62.5,2,True,False,False,,-1,23.7124,0
2026-06-26 13:40:23,64,W+8.5,2,True,False,False,,-1,23.5526,0
2026-06-26 13:40:31,40,W+8.5,2,True,False,False,,-1,23.3631,0
2026-06-26 13:40:58,130,W+48.5,5,True,False,False,,-1,23.337,0
2026-06-26 13:41:21,113,B+22.5,2,True,False,False,,-1,23.3503,0
2026-06-26 13:41:47,125,B+36.5,2,True,False,False,,-1,23.3629,0
2026-06-26 13:42:15,138,W+48.5,6,True,False,False,,-1,23.393,0
2026-06-26 13:42:34,97,B+12.5,2,True,False,False,,-1,23.4136,0
2026-06-26 13:43:03,148,B+47.5,4,True,False,False,,-1,23.4931,0
2026-06-26 13:43:36,162,B+34.5,2,True,False,False,,-1,23.6137,0
2026-06-26 13:43:56,101,B+9.5,3,True,False,False,,-1,23.5606,0
2026-06-26 13:44:11,66,W+5.5,2,True,False,False,,-1,23.5084,0
2026-06-26 13:44:39,138,B+40.5,5,True,False,False,,-1,23.5054,0
2026-06-26 13:44:56,101,B+0.5,6,True,False,False,,-1,23.444,0
2026-06-26 13:45:16,116,W+6.5,8,True,False,False,,-1,23.4037,0
2026-06-26 13:45:37,101,B+14.5,2,True,False,False,,-1,23.3433,0
2026-06-26 13:46:04,119,B+37.5,2,True,False,False,,-1,23.3346,0
2026-06-26 13:46:23,106,W+10.5,3,True,False,False,,-1,23.236,0
2026-06-26 13:46:58,162,W+47.5,4,True,False,False,,-1,23.3708,0
2026-06-26 13:47:28,146,B+48.5,4,True,False,False,,-1,23.3456,0
2026-06-26 13:48:01,162,W+76.5,5,True,False,False,,-1,23.4007,0
2026-06-26 13:48:27,123,W+20.5,2,True,False,False,,-1,23.4583,0
2026-06-26 13:48:46,101,B+11.5,3,True,False,False,,-1,23.4249,0
2026-06-26 13:49:09,111,W+28.5,2,True,False,False,,-1,23.3251,0
2026-06-26 13:49:44,162,W+52.5,5,True,False,False,,-1,23.3867,0
2026-06-26 13:50:06,107,B+13.5,3,True,False,False,,-1,23.3222,0
2026-06-26 13:50:36,145,B+59.5,2,True,False,False,,-1,23.3957,0
2026-06-26 13:50:53,76,W+5.5,2,True,False,False,,-1,23.3945,0
2026-06-26 13:50:59,34,W+9.5,2,True,False,False,,-1,23.2633,0
2026-06-26 13:51:06,38,W+6.5,2,True,False,False,,-1,23.0801,0
2026-06-26 13:51:35,134,W+43.5,3,True,False,False,,-1,23.1847,0
2026-06-26 13:51:53,86,W+20.5,2,True,False,False,,-1,23.071,0
2026-06-26 13:52:01,38,W+6.5,2,True,False,False,,-1,22.8121,0
2026-06-26 13:52:30,142,B+48.5,3,True,False,False,,-1,22.9605,0
2026-06-26 13:53:02,162,B+42.5,4,True,False,False,,-1,23.0174,0
2026-06-26 13:53:38,162,B+52.5,8,True,False,False,,-1,23.1817,0
2026-06-26 13:53:55,89,B+1.5,4,True,False,False,,-1,23.0764,0
2026-06-26 13:54:14,100,B+2.5,4,True,False,False,,-1,23.0163,0
2026-06-26 13:54:46,162,W+73.5,2,True,False,False,,-1,23.064,0
2026-06-26 13:55:06,106,W+3.5,3,True,False,False,,-1,22.9984,0
2026-06-26 13:55:23,99,B+1.5,5,True,False,False,,-1,22.9976,0
2026-06-26 13:55:41,90,W+10.5,3,True,False,False,,-1,22.9781,0
2026-06-26 13:56:08,132,W+46.5,2,True,False,False,,-1,23.0673,0
2026-06-26 13:56:38,149,W+39.5,6,True,False,False,,-1,23.1073,0
2026-06-26 13:57:10,162,B+47.5,4,True,False,False,,-1,23.2771,0
2026-06-26 13:57:21,54,W+9.5,2,True,False,False,,-1,23.2695,0
2026-06-26 13:57:40,94,B+0.5,2,True,False,False,,-1,23.2644,0
2026-06-26 13:58:14,161,W+37.5,5,True,False,False,,-1,23.3563,0
2026-06-26 13:58:35,109,W+21.5,4,True,False,False,,-1,23.3783,0
2026-06-26 13:59:10,162,W+36.5,0,True,False,False,,-1,23.5266,0
2026-06-26 13:59:18,40,W+10.5,2,True,False,False,,-1,23.4465,0
2026-06-26 13:59:51,162,B+17.5,3,True,False,False,,-1,23.613,0
2026-06-26 14:00:13,112,W+28.5,3,True,False,False,,-1,23.6168,0
2026-06-26 14:00:42,145,W+51.5,6,True,False,False,,-1,23.6373,0
2026-06-26 14:01:02,100,W+9.5,2,True,False,False,,-1,23.648,0
2026-06-26 14:01:26,113,W+36.5,5,True,False,False,,-1,23.6403,0
2026-06-26 14:01:50,137,B+46.5,4,True,False,False,,-1,23.7312,0
2026-06-26 14:02:18,125,W+30.5,3,True,False,False,,-1,23.7268,0
2026-06-26 14:02:42,132,W+57.5,2,True,False,False,,-1,23.6246,0
2026-06-26 14:03:02,103,B+9.5,3,True,False,False,,-1,23.5781,0
2026-06-26 14:03:17,64,W+1.5,2,True,False,False,,-1,23.5418,0
2026-06-26 14:03:46,151,B+46.5,6,True,False,False,,-1,23.5626,0
2026-06-26 14:04:09,117,W+21.5,3,True,False,False,,-1,23.6191,0
2026-06-26 14:04:29,98,B+1.5,3,True,False,False,,-1,23.5561,0
2026-06-26 14:05:00,144,W+44.5,2,True,False,False,,-1,23.5381,0
2026-06-26 14:05:22,107,B+7.5,4,True,False,False,,-1,23.5075,0
2026-06-26 14:05:39,79,B+4.5,3,True,False,False,,-1,23.4403,0
2026-06-26 14:05:58,103,B+1.5,4,True,False,False,,-1,23.4307,0
2026-06-26 14:06:20,114,B+16.5,2,True,False,False,,-1,23.4022,0
2026-06-26 14:06:37,84,W+11.5,2,True,False,False,,-1,23.2682,0
2026-06-26 14:06:42,22,W+7.5,2,True,False,False,,-1,23.0131,0
2026-06-26 14:07:05,127,B+11.5,7,True,False,False,,-1,22.9148,0
2026-06-26 14:07:37,157,B+68.5,4,True,False,False,,-1,23.0517,0
2026-06-26 14:08:10,158,W+59.5,3,True,False,False,,-1,23.1822,0
2026-06-26 14:08:37,138,B+36.5,4,True,False,False,,-1,23.2739,0
2026-06-26 14:09:02,117,B+33.5,2,True,False,False,,-1,23.3507,0
2026-06-26 14:09:34,162,B+12.5,3,True,False,False,,-1,23.4574,0
2026-06-26 14:09:54,107,W+25.5,2,True,False,False,,-1,23.59,0
2026-06-26 14:10:18,128,B+38.5,4,True,False,False,,-1,23.5746,0
2026-06-26 14:10:41,124,W+15.5,5,True,False,False,,-1,23.5721,0
2026-06-26 14:11:09,143,B+38.5,4,True,False,False,,-1,23.6131,0
2026-06-26 14:11:34,118,W+46.5,3,True,False,False,,-1,23.6667,0
2026-06-26 14:11:50,80,W+1.5,2,True,False,False,,-1,23.6653,0
2026-06-26 14:12:12,115,B+15.5,3,True,False,False,,-1,23.6933,0
2026-06-26 14:12:42,148,B+28.5,6,True,False,False,,-1,23.7052,0
2026-06-26 14:13:15,158,W+70.5,5,True,False,False,,-1,23.708,0
2026-06-26 14:13:35,106,W+6.5,4,True,False,False,,-1,23.6807,0
2026-06-26 14:13:54,97,B+4.5,4,True,False,False,,-1,23.5606,0
2026-06-26 14:14:15,103,W+9.5,5,True,False,False,,-1,23.5568,0
2026-06-26 14:14:37,101,B+12.5,5,True,False,False,,-1,23.5502,0
2026-06-26 14:14:57,105,W+13.5,5,True,False,False,,-1,23.5089,0
2026-06-26 14:15:19,110,W+33.5,2,True,False,False,,-1,23.4206,0
2026-06-26 14:15:38,100,W+25.5,3,True,False,False,,-1,23.3083,0
2026-06-26 14:15:57,90,W+12.5,4,True,False,False,,-1,23.2975,0
2026-06-26 14:16:28,162,W+40.5,5,True,False,False,,-1,23.266,0
2026-06-26 14:16:49,100,W+28.5,2,True,False,False,,-1,23.3089,0
2026-06-26 14:17:10,96,W+8.5,2,True,False,False,,-1,23.1941,0
2026-06-26 14:17:34,121,W+5.5,4,True,False,False,,-1,23.2551,0
2026-06-26 14:18:03,162,W+30.5,2,True,False,False,,-1,23.289,0
2026-06-26 14:18:36,162,W+66.5,5,True,False,False,,-1,23.3762,0
2026-06-26 14:18:58,118,W+15.5,5,True,False,False,,-1,23.2903,0
2026-06-26 14:19:15,86,B+5.5,2,True,False,False,,-1,23.3171,0
2026-06-26 14:19:34,90,B+13.5,2,True,False,False,,-1,23.431,0
2026-06-26 14:20:02,138,W+67.5,6,True,False,False,,-1,23.439,0
2026-06-26 14:20:24,116,B+1.5,5,True,False,False,,-1,23.423,0
2026-06-26 14:20:53,144,B+36.5,2,True,False,False,,-1,23.4596,0
2026-06-26 14:21:22,158,W+50.5,6,True,False,False,,-1,23.4694,0
2026-06-26 14:21:48,123,B+16.5,5,True,False,False,,-1,23.5364,0
2026-06-26 14:22:15,134,B+37.5,3,True,False,False,,-1,23.5162,0
2026-06-26 14:22:35,100,W+18.5,3,True,False,False,,-1,23.3811,0
2026-06-26 14:23:04,162,B+40.5,4,True,False,False,,-1,23.4827,0
2026-06-26 14:23:38,162,W+19.5,6,True,False,False,,-1,23.6652,0
2026-06-26 14:24:02,122,B+4.5,4,True,False,False,,-1,23.6285,0
2026-06-26 14:24:20,107,W+0.5,5,True,False,False,,-1,23.6364,0
2026-06-26 14:24:50,137,B+35.5,4,True,False,False,,-1,23.7371,0
2026-06-26 14:25:21,146,W+48.5,4,True,False,False,,-1,23.8357,0
2026-06-26 14:25:44,124,B+42.5,5,True,False,False,,-1,23.7977,0
2026-06-26 14:26:03,90,W+11.5,2,True,False,False,,-1,23.7985,0
2026-06-26 14:26:27,120,W+34.5,5,True,False,False,,-1,23.6835,0
2026-06-26 14:26:52,129,B+31.5,3,True,False,False,,-1,23.6349,0
2026-06-26 14:27:12,107,W+7.5,8,True,False,False,,-1,23.508,0
2026-06-26 14:27:34,110,B+18.5,2,True,False,False,,-1,23.4651,0
2026-06-26 14:27:54,106,W+25.5,3,True,False,False,,-1,23.4768,0
2026-06-26 14:28:15,94,W+19.5,2,True,False,False,,-1,23.4614,0
2026-06-26 14:28:33,88,W+2.5,3,True,False,False,,-1,23.2914,0
2026-06-26 14:29:00,134,W+62.5,5,True,False,False,,-1,23.3412,0
2026-06-26 14:29:23,118,W+32.5,2,True,False,False,,-1,23.2727,0
2026-06-26 14:29:49,127,B+46.5,5,True,False,False,,-1,23.3588,0
2026-06-26 14:30:08,103,B+1.5,4,True,False,False,,-1,23.4921,0
2026-06-26 14:30:27,98,B+3.5,3,True,False,False,,-1,23.6009,0
2026-06-26 14:30:47,99,B+0.5,5,True,False,False,,-1,23.5188,0
2026-06-26 14:31:11,133,B+31.5,7,True,False,False,,-1,23.5716,0
2026-06-26 14:31:45,162,B+51.5,2,True,False,False,,-1,23.8374,0
2026-06-26 14:32:11,136,B+43.5,3,True,False,False,,-1,23.8058,0
2026-06-26 14:32:30,97,W+4.5,5,True,False,False,,-1,23.6741,0
2026-06-26 14:32:48,93,B+3.5,2,True,False,False,,-1,23.5062,0
2026-06-26 14:33:15,126,W+53.5,2,True,False,False,,-1,23.59,0
2026-06-26 14:33:44,153,W+60.5,5,True,False,False,,-1,23.6967,0
2026-06-26 14:34:05,109,W+19.5,4,True,False,False,,-1,23.5901,0
2026-06-26 14:34:33,131,W+46.5,3,True,False,False,,-1,23.6712,0
2026-06-26 14:34:59,143,B+27.5,7,True,False,False,,-1,23.7557,0
2026-06-26 14:35:28,162,B+38.5,2,True,False,False,,-1,23.8669,0
2026-06-26 14:35:52,124,W+50.5,5,True,False,False,,-1,23.8322,0
2026-06-26 14:36:18,150,B+3.5,3,True,False,False,,-1,23.7923,0
2026-06-26 14:36:44,127,B+50.5,2,True,False,False,,-1,23.741,0
2026-06-26 14:37:07,112,B+3.5,5,True,False,False,,-1,23.8556,0
2026-06-26 14:37:26,94,W+3.5,3,True,False,False,,-1,23.8573,0
2026-06-26 14:37:47,101,B+2.5,3,True,False,False,,-1,23.7316,0
2026-06-26 14:38:13,141,B+28.5,6,True,False,False,,-1,23.7814,0
2026-06-26 14:38:47,162,B+28.5,4,True,False,False,,-1,23.7708,0
2026-06-26 14:41:34,102,B+0.5,13,True,False,False,,-1,23.9977,1000
2026-06-26 14:41:45,34,W+7.5,2,True,False,False,,-1,23.8826,1000
2026-06-26 14:42:14,98,B+2.5,10,True,False,False,,-1,23.8815,1000
2026-06-26 14:42:45,107,W+0.5,13,True,False,False,,-1,23.9922,1000
2026-06-26 14:43:17,111,B+0.5,11,True,False,False,,-1,24.0773,1000
2026-06-26 14:43:51,121,B+5.5,14,True,False,False,,-1,24.1695,1000
2026-06-26 14:44:06,56,W+11.5,3,True,False,False,,-1,24.039,1000
2026-06-26 14:44:30,95,B+3.5,5,True,False,False,,-1,24.0427,1000
2026-06-26 14:45:00,106,B+1.5,11,True,False,False,,-1,24.1393,1000
2026-06-26 14:45:32,130,B+0.5,22,True,False,False,,-1,24.305,1000
2026-06-26 14:45:48,60,W+7.5,2,True,False,False,,-1,24.1776,1000
2026-06-26 14:46:25,159,W+4.5,32,True,False,False,,-1,24.3167,1000
2026-06-26 14:46:52,103,W+1.5,9,True,False,False,,-1,24.3913,1000
2026-06-26 14:47:24,127,W+1.5,20,True,False,False,,-1,24.4019,1000
2026-06-26 14:48:01,146,B+2.5,25,True,False,False,,-1,24.553,1000
2026-06-26 14:48:29,97,W+2.5,4,True,False,False,,-1,24.659,1000
2026-06-26 14:49:02,122,B+3.5,15,True,False,False,,-1,24.8041,1000
2026-06-26 14:49:12,34,W+7.5,2,True,False,False,,-1,24.6774,1000
2026-06-26 14:49:45,132,B+6.5,18,True,False,False,,-1,24.8403,1000
2026-06-26 14:50:27,157,B+3.5,22,True,False,False,,-1,25.207,1000
2026-06-26 14:51:01,133,W+1.5,15,True,False,False,,-1,25.324,1000
2026-06-26 14:51:15,53,B+1.5,4,True,False,False,,-1,25.1371,1000
2026-06-26 14:51:26,38,W+8.5,2,True,False,False,,-1,24.9274,1000
2026-06-26 14:51:55,100,B+3.5,7,True,False,False,,-1,24.943,1000
2026-06-26 14:52:33,142,B+5.5,23,True,False,False,,-1,25.0732,1000
2026-06-26 14:52:39,22,W+7.5,2,True,False,False,,-1,24.8091,1000
2026-06-26 14:53:07,99,W+3.5,8,True,False,False,,-1,24.8884,1000
2026-06-26 14:53:39,111,W+7.5,12,True,False,False,,-1,24.9706,1000
2026-06-26 14:54:20,153,W+0.5,18,True,False,False,,-1,25.1483,1000
2026-06-26 14:54:49,115,W+2.5,11,True,False,False,,-1,25.1585,1000
2026-06-26 14:55:18,112,B+1.5,10,True,False,False,,-1,25.2021,1000
2026-06-26 14:55:46,110,B+1.5,19,True,False,False,,-1,25.322,1000
2026-06-26 14:56:19,112,B+1.5,9,True,False,False,,-1,25.4254,1000
2026-06-26 14:56:50,114,B+0.5,16,True,False,False,,-1,25.4421,1000
2026-06-26 14:57:25,129,W+4.5,18,True,False,False,,-1,25.4519,1000
2026-06-26 14:57:52,104,B+4.5,8,True,False,False,,-1,25.5277,1000
2026-06-26 14:58:23,118,B+3.5,14,True,False,False,,-1,25.6532,1000
2026-06-26 14:58:51,104,B+4.5,8,True,False,False,,-1,25.7179,1000
2026-06-26 14:59:21,108,B+0.5,9,True,False,False,,-1,25.8008,1000
2026-06-26 14:59:41,75,B+1.5,3,True,False,False,,-1,25.798,1000
2026-06-26 14:59:54,48,W+8.5,2,True,False,False,,-1,25.7023,1000
2026-06-26 15:00:22,106,B+4.5,13,True,False,False,,-1,25.7925,1000
2026-06-26 15:00:45,83,B+5.5,4,True,False,False,,-1,25.838,1000
2026-06-26 15:01:14,103,W+0.5,13,True,False,False,,-1,25.8274,1000
2026-06-26 15:01:59,162,W+41.5,22,True,False,False,,-1,26.0645,1000
2026-06-26 15:02:30,107,W+6.5,15,True,False,False,,-1,26.1577,1000
2026-06-26 15:03:03,130,W+0.5,9,True,False,False,,-1,26.2476,1000
2026-06-26 15:03:35,125,W+7.5,18,True,False,False,,-1,26.2801,1000
2026-06-26 15:04:02,99,W+4.5,9,True,False,False,,-1,26.2257,1000
2026-06-26 15:04:32,105,W+0.5,7,True,False,False,,-1,26.3011,1000
2026-06-26 15:05:03,112,B+2.5,12,True,False,False,,-1,26.438,1000
2026-06-26 15:05:30,99,W+0.5,10,True,False,False,,-1,26.5196,1000
2026-06-26 15:05:53,86,B+0.5,5,True,False,False,,-1,26.471,1000
2026-06-26 15:06:30,127,W+2.5,24,True,False,False,,-1,26.6171,1000
2026-06-26 15:07:03,127,B+5.5,16,True,False,False,,-1,26.664,1000
2026-06-26 15:07:31,107,B+2.5,16,True,False,False,,-1,26.6445,1000
2026-06-26 15:08:04,115,W+11.5,16,True,False,False,,-1,26.7229,1000
2026-06-26 15:08:41,138,B+10.5,21,True,False,False,,-1,26.824,1000
2026-06-26 15:09:14,112,B+9.5,12,True,False,False,,-1,26.9515,1000
2026-06-26 15:09:47,127,W+0.5,20,True,False,False,,-1,26.9901,1000
2026-06-26 15:10:16,102,B+2.5,8,True,False,False,,-1,26.9412,1000
2026-06-26 15:10:50,127,W+2.5,14,True,False,False,,-1,27.0473,1000
2026-06-26 15:11:21,118,B+3.5,16,True,False,False,,-1,27.1692,1000
2026-06-26 15:11:58,137,B+0.5,25,True,False,False,,-1,27.2334,1000
2026-06-26 15:12:32,116,B+6.5,11,True,False,False,,-1,27.266,1000
2026-06-26 15:13:01,109,W+1.5,15,True,False,False,,-1,27.3281,1000
2026-06-26 15:13:33,113,W+7.5,13,True,False,False,,-1,27.4523,1000
2026-06-26 15:14:02,103,W+1.5,10,True,False,False,,-1,27.5083,1000
2026-06-26 15:14:34,118,B+13.5,13,True,False,False,,-1,27.5758,1000
2026-06-26 15:15:04,102,B+6.5,13,True,False,False,,-1,27.6781,1000
2026-06-26 15:15:44,142,W+2.5,11,True,False,False,,-1,27.8634,1000
2026-06-26 15:16:09,93,W+3.5,9,True,False,False,,-1,27.9021,1000
2026-06-26 15:16:39,107,W+5.5,11,True,False,False,,-1,27.9953,1000
2026-06-26 15:17:06,112,B+0.5,16,True,False,False,,-1,28.0925,1000
2026-06-26 15:17:12,22,W+7.5,2,True,False,False,,-1,27.8759,1000
2026-06-26 15:17:47,129,W+6.5,19,True,False,False,,-1,27.9954,1000
2026-06-26 15:18:20,120,B+2.5,16,True,False,False,,-1,28.0661,1000
2026-06-26 15:18:28,36,W+9.5,2,True,False,False,,-1,27.9605,1000
2026-06-26 15:18:57,106,B+7.5,12,True,False,False,,-1,28.0635,1000
2026-06-26 15:19:24,97,W+2.5,9,True,False,False,,-1,28.1351,1000
2026-06-26 15:20:02,142,B+5.5,17,True,False,False,,-1,28.2714,1000
2026-06-26 15:20:36,133,W+0.5,15,True,False,False,,-1,28.2733,1000
2026-06-26 15:21:14,144,B+21.5,22,True,False,False,,-1,28.3892,1000
2026-06-26 15:21:46,112,B+0.5,10,True,False,False,,-1,28.5278,1000
2026-06-26 15:22:13,96,B+7.5,4,True,False,False,,-1,28.6024,1000
2026-06-26 15:22:45,109,W+4.5,10,True,False,False,,-1,28.6607,1000
2026-06-26 15:23:12,97,W+0.5,9,True,False,False,,-1,28.6465,1000
2026-06-26 15:24:00,162,W+0.5,30,True,False,False,,-1,28.9017,1000
2026-06-26 15:24:24,96,B+2.5,8,True,False,False,,-1,28.8671,1000
2026-06-26 15:24:55,113,W+2.5,11,True,False,False,,-1,28.9196,1000
2026-06-26 15:25:31,145,B+15.5,22,True,False,False,,-1,28.9874,1000
2026-06-26 15:25:57,99,W+3.5,10,True,False,False,,-1,29.0117,1000
2026-06-26 15:26:32,135,B+0.5,19,True,False,False,,-1,29.1004,1000
2026-06-26 15:27:09,139,W+1.5,24,True,False,False,,-1,29.205,1000
2026-06-26 15:27:50,156,B+2.5,30,True,False,False,,-1,29.3881,1000
2026-06-26 15:28:15,91,W+4.5,7,True,False,False,,-1,29.444,1000
2026-06-26 15:28:47,110,B+0.5,6,True,False,False,,-1,29.5631,1000
2026-06-26 15:29:18,126,B+4.5,23,True,False,False,,-1,29.6045,1000
2026-06-26 15:29:52,116,B+2.5,9,True,False,False,,-1,29.6087,1000
2026-06-26 15:30:22,110,B+1.5,10,True,False,False,,-1,29.5748,1000
2026-06-26 15:30:51,105,W+1.5,12,True,False,False,,-1,29.5591,1000
2026-06-26 15:31:24,119,W+3.5,20,True,False,False,,-1,29.7898,1000
2026-06-26 15:31:49,92,B+2.5,6,True,False,False,,-1,29.7487,1000
2026-06-26 15:32:24,128,B+1.5,8,True,False,False,,-1,29.7863,1000
2026-06-26 15:32:55,107,W+2.5,9,True,False,False,,-1,29.7757,1000
2026-06-26 15:33:29,120,B+4.5,17,True,False,False,,-1,29.7725,1000
2026-06-26 15:33:57,106,B+3.5,9,True,False,False,,-1,29.916,1000
2026-06-26 15:34:25,100,B+0.5,12,True,False,False,,-1,29.9427,1000
2026-06-26 15:35:07,160,B+6.5,19,True,False,False,,-1,30.0703,1000
2026-06-26 15:35:38,118,W+1.5,9,True,False,False,,-1,30.0598,1000
2026-06-26 15:36:09,107,W+6.5,11,True,False,False,,-1,30.2056,1000
2026-06-26 15:36:37,103,W+3.5,9,True,False,False,,-1,30.1141,1000
2026-06-26 15:36:47,36,W+7.5,2,True,False,False,,-1,29.9437,1000
2026-06-26 15:37:13,103,B+3.5,5,True,False,False,,-1,29.8854,1000
2026-06-26 15:37:46,121,W+0.5,22,True,False,False,,-1,29.8452,1000
2026-06-26 15:38:14,104,B+1.5,11,True,False,False,,-1,29.8472,1000
2026-06-26 15:38:39,99,W+5.5,10,True,False,False,,-1,29.7591,1000
2026-06-26 15:39:09,111,B+1.5,16,True,False,False,,-1,29.9707,1000
2026-06-26 15:39:29,74,W+16.5,3,True,False,False,,-1,29.8343,1000
2026-06-26 15:39:59,108,B+1.5,9,True,False,False,,-1,29.7197,1000
2026-06-26 15:40:31,122,B+4.5,13,True,False,False,,-1,29.6953,1000
2026-06-26 15:40:49,58,W+7.5,2,True,False,False,,-1,29.7312,1000
2026-06-26 15:41:26,128,B+2.5,17,True,False,False,,-1,29.9927,1000
2026-06-26 15:41:42,61,B+1.5,3,True,False,False,,-1,29.8719,1000
2026-06-26 15:42:14,125,B+2.5,18,True,False,False,,-1,29.8048,1000
2026-06-26 15:42:50,134,W+2.5,21,True,False,False,,-1,30.1058,1000
2026-06-26 15:43:19,111,W+0.5,11,True,False,False,,-1,30.1212,1000
2026-06-26 15:44:01,160,B+5.5,28,True,False,False,,-1,30.2141,1000
2026-06-26 15:44:27,97,W+4.5,11,True,False,False,,-1,30.0739,1000
2026-06-26 15:44:57,109,B+3.5,5,True,False,False,,-1,30.0795,1000
2026-06-26 15:45:37,132,B+1.5,9,True,False,False,,-1,30.179,1000
2026-06-26 15:46:05,105,B+0.5,9,True,False,False,,-1,30.186,1000
2026-06-26 15:46:34,106,B+0.5,9,True,False,False,,-1,30.1514,1000
2026-06-26 15:46:55,73,B+1.5,2,True,False,False,,-1,30.0395,1000
2026-06-26 15:47:17,77,B+3.5,4,True,False,False,,-1,29.9218,1000
2026-06-26 15:47:24,24,W+7.5,2,True,False,False,,-1,29.7204,1000
2026-06-26 15:47:41,62,W+5.5,3,True,False,False,,-1,29.5817,1000
2026-06-26 15:48:21,155,W+1.5,30,True,False,False,,-1,29.7027,1000
2026-06-26 15:48:46,92,W+5.5,4,True,False,False,,-1,29.6499,1000
2026-06-26 15:49:13,96,B+2.5,7,True,False,False,,-1,29.722,1000
2026-06-26 15:49:49,128,B+3.5,16,True,False,False,,-1,29.9519,1000
2026-06-26 15:50:13,89,B+0.5,5,True,False,False,,-1,29.9119,1000
2026-06-26 15:50:43,110,B+4.5,12,True,False,False,,-1,29.9757,1000
2026-06-26 15:51:12,104,B+4.5,14,True,False,False,,-1,29.9786,1000
2026-06-26 15:51:49,123,W+1.5,9,True,False,False,,-1,29.8899,1000
2026-06-26 15:52:00,40,W+9.5,2,True,False,False,,-1,29.6987,1000
2026-06-26 15:52:30,111,W+0.5,10,True,False,False,,-1,29.6731,1000
2026-06-26 15:53:01,110,B+1.5,14,True,False,False,,-1,29.6537,1000
2026-06-26 15:53:41,161,W+4.5,32,True,False,False,,-1,29.7836,1000
2026-06-26 15:54:09,107,W+2.5,8,True,False,False,,-1,29.7705,1000
2026-06-26 15:54:56,162,B+16.5,26,True,False,False,,-1,29.9322,1000
2026-06-26 15:55:19,80,W+7.5,4,True,False,False,,-1,29.8939,1000
2026-06-26 15:55:51,115,B+8.5,16,True,False,False,,-1,29.9794,1000
2026-06-26 15:56:00,32,W+5.5,2,True,False,False,,-1,29.7058,1000
2026-06-26 15:56:38,143,W+0.5,18,True,False,False,,-1,29.7456,1000
2026-06-26 15:57:13,120,B+4.5,15,True,False,False,,-1,29.8178,1000
2026-06-26 15:57:50,141,B+4.5,22,True,False,False,,-1,29.8532,1000
2026-06-26 15:58:21,123,W+9.5,14,True,False,False,,-1,29.7973,1000
2026-06-26 15:58:51,110,B+2.5,8,True,False,False,,-1,29.7706,1000
2026-06-26 15:59:32,147,W+2.5,19,True,False,False,,-1,29.8441,1000
2026-06-26 15:59:58,101,W+4.5,12,True,False,False,,-1,29.823,1000
2026-06-26 16:00:27,101,W+0.5,13,True,False,False,,-1,29.7623,1000
2026-06-26 16:00:57,117,W+5.5,10,True,False,False,,-1,29.7606,1000
2026-06-26 16:01:10,52,W+11.5,2,True,False,False,,-1,29.5227,1000
2026-06-26 16:01:40,104,B+0.5,16,True,False,False,,-1,29.4773,1000
2026-06-26 16:02:19,148,B+8.5,20,True,False,False,,-1,29.5754,1000
2026-06-26 16:02:48,103,B+10.5,11,True,False,False,,-1,29.5495,1000
2026-06-26 16:03:16,103,W+4.5,11,True,False,False,,-1,29.5412,1000
2026-06-26 16:03:31,56,W+3.5,2,True,False,False,,-1,29.3682,1000
2026-06-26 16:03:52,79,B+2.5,5,True,False,False,,-1,29.2789,1000
2026-06-26 16:04:03,38,W+8.5,2,True,False,False,,-1,28.9874,1000
2026-06-26 16:04:27,87,B+10.5,5,True,False,False,,-1,28.987,1000
2026-06-26 16:05:11,161,W+21.5,36,True,False,False,,-1,29.1264,1000
2026-06-26 16:05:40,110,B+2.5,10,True,False,False,,-1,29.1368,1000
2026-06-26 16:06:12,115,W+4.5,16,True,False,False,,-1,29.4019,1000
2026-06-26 16:06:43,117,W+2.5,14,True,False,False,,-1,29.3613,1000
2026-06-26 16:07:13,106,B+1.5,12,True,False,False,,-1,29.3333,1000
2026-06-26 16:07:48,135,B+2.5,22,True,False,False,,-1,29.5891,1000
2026-06-26 16:08:18,103,W+0.5,13,True,False,False,,-1,29.6063,1000
2026-06-26 16:08:55,136,B+6.5,12,True,False,False,,-1,29.7013,1000
2026-06-26 16:09:19,96,B+0.5,6,True,False,False,,-1,29.5742,1000
2026-06-26 16:09:50,116,B+1.5,11,True,False,False,,-1,29.5403,1000
2026-06-26 16:10:18,102,B+11.5,10,True,False,False,,-1,29.4441,1000
2026-06-26 16:10:26,30,W+5.5,2,True,False,False,,-1,29.1931,1000
2026-06-26 16:10:56,112,B+4.5,11,True,False,False,,-1,29.2323,1000
2026-06-26 16:11:27,111,W+3.5,13,True,False,False,,-1,29.2161,1000
2026-06-26 16:11:56,103,W+3.5,11,True,False,False,,-1,29.2377,1000
2026-06-26 16:12:27,104,B+4.5,13,True,False,False,,-1,29.0701,1000
2026-06-26 16:12:52,94,B+4.5,8,True,False,False,,-1,29.0831,1000
2026-06-26 16:13:18,87,B+18.5,6,True,False,False,,-1,29.0303,1000
2026-06-26 16:13:47,105,W+1.5,12,True,False,False,,-1,28.957,1000
2026-06-26 16:14:11,99,W+4.5,9,True,False,False,,-1,28.9422,1000
2026-06-26 16:14:50,162,W+0.5,23,True,False,False,,-1,28.9758,1000
2026-06-26 16:15:24,118,B+1.5,5,True,False,False,,-1,28.9438,1000
2026-06-26 16:15:49,101,W+2.5,13,True,False,False,,-1,28.7883,1000
2026-06-26 16:15:55,26,W+7.5,2,True,False,False,,-1,28.6033,1000
2026-06-26 16:16:26,106,B+6.5,12,True,False,False,,-1,28.5845,1000
2026-06-26 16:16:53,104,W+3.5,11,True,False,False,,-1,28.547,1000
2026-06-26 16:17:21,105,W+1.5,15,True,False,False,,-1,28.4904,1000
2026-06-26 16:17:56,127,W+0.5,20,True,False,False,,-1,28.5408,1000
2026-06-26 16:18:31,144,B+4.5,23,True,False,False,,-1,28.5982,1000
2026-06-26 16:19:01,111,B+2.5,9,True,False,False,,-1,28.5609,1000
2026-06-26 16:19:26,97,B+1.5,7,True,False,False,,-1,28.5695,1000
2026-06-26 16:20:02,136,B+1.5,20,True,False,False,,-1,28.5749,1000
2026-06-26 16:20:34,116,W+5.5,16,True,False,False,,-1,28.5843,1000
2026-06-26 16:21:05,116,B+2.5,12,True,False,False,,-1,28.5631,1000
2026-06-26 16:21:19,48,W+6.5,2,True,False,False,,-1,28.4129,1000
2026-06-26 16:21:37,65,B+1.5,2,True,False,False,,-1,28.319,1000
2026-06-26 16:22:09,115,W+3.5,14,True,False,False,,-1,28.2133,1000
2026-06-26 16:22:22,50,W+4.5,2,True,False,False,,-1,28.0384,1000
2026-06-26 16:23:01,125,W+5.5,11,True,False,False,,-1,28.1177,1000
2026-06-26 16:23:39,147,W+6.5,18,True,False,False,,-1,28.2183,1000
2026-06-26 16:24:14,132,B+1.5,17,True,False,False,,-1,28.4703,1000
2026-06-26 16:24:41,102,B+0.5,13,True,False,False,,-1,28.4788,1000
2026-06-26 16:25:25,161,W+0.5,21,True,False,False,,-1,28.5844,1000
2026-06-26 16:26:05,161,W+8.5,30,True,False,False,,-1,28.7078,1000
2026-06-26 16:26:33,105,W+1.5,7,True,False,False,,-1,28.7432,1000
2026-06-26 16:27:03,110,B+10.5,16,True,False,False,,-1,28.7315,1000
2026-06-26 16:27:29,100,B+2.5,12,True,False,False,,-1,28.7962,1000
2026-06-26 16:28:03,129,B+3.5,12,True,False,False,,-1,28.8363,1000
2026-06-26 16:28:28,96,B+1.5,8,True,False,False,,-1,28.7697,1000
2026-06-26 16:28:59,113,W+5.5,21,True,False,False,,-1,28.8989,1000
2026-06-26 16:29:10,36,W+10.5,2,True,False,False,,-1,28.6356,1000
2026-06-26 16:29:38,103,B+2.5,5,True,False,False,,-1,28.7514,1000
2026-06-26 16:29:55,60,W+9.5,2,True,False,False,,-1,28.6045,1000
2026-06-26 16:30:26,107,W+3.5,12,True,False,False,,-1,28.5553,1000
2026-06-26 16:30:55,111,W+0.5,18,True,False,False,,-1,28.5538,1000
2026-06-26 16:31:24,100,B+1.5,5,True,False,False,,-1,28.4347,1000
2026-06-26 16:32:02,135,W+2.5,9,True,False,False,,-1,28.5468,1000
2026-06-26 16:32:32,111,W+0.5,7,True,False,False,,-1,28.5536,1000
2026-06-26 16:33:04,113,W+2.5,15,True,False,False,,-1,28.4706,1000
2026-06-26 16:33:31,111,W+0.5,13,True,False,False,,-1,28.4541,1000
2026-06-26 16:34:06,152,B+3.5,31,True,False,False,,-1,28.5165,1000
2026-06-26 16:34:28,79,B+2.5,4,True,False,False,,-1,28.5354,1000
2026-06-26 16:34:38,32,W+7.5,2,True,False,False,,-1,28.4115,1000
2026-06-26 16:35:11,126,B+1.5,12,True,False,False,,-1,28.6659,1000
2026-06-26 16:35:40,104,B+3.5,6,True,False,False,,-1,28.7812,1000
2026-06-26 16:36:14,129,W+1.5,17,True,False,False,,-1,28.7247,1000
2026-06-26 16:36:23,34,W+4.5,2,True,False,False,,-1,28.5663,1000
2026-06-26 16:36:52,111,B+1.5,9,True,False,False,,-1,28.5866,1000
2026-06-26 16:37:27,126,B+0.5,14,True,False,False,,-1,28.5763,1000
2026-06-26 16:37:58,117,W+2.5,15,True,False,False,,-1,28.6426,1000
2026-06-26 16:38:31,121,W+1.5,12,True,False,False,,-1,28.6802,1000
2026-06-26 16:38:46,50,W+11.5,3,True,False,False,,-1,28.5359,1000
2026-06-26 16:39:05,66,W+5.5,2,True,False,False,,-1,28.3567,1000
2026-06-26 16:39:33,109,W+2.5,10,True,False,False,,-1,28.5241,1000
2026-06-26 16:40:16,162,W+38.5,33,True,False,False,,-1,28.6581,1000
2026-06-26 16:40:45,111,W+1.5,14,True,False,False,,-1,28.6442,1000
2026-06-26 16:41:13,102,B+6.5,13,True,False,False,,-1,28.522,1000
2026-06-26 16:41:49,161,W+10.5,24,True,False,False,,-1,28.5953,1000
2026-06-26 16:42:12,83,B+1.5,4,True,False,False,,-1,28.3545,1000
2026-06-26 16:42:49,152,B+2.5,17,True,False,False,,-1,28.4881,1000
2026-06-26 16:43:16,97,B+5.5,10,True,False,False,,-1,28.4432,1000
2026-06-26 16:43:50,125,W+25.5,17,True,False,False,,-1,28.69,1000
2026-06-26 16:43:57,28,W+7.5,2,True,False,False,,-1,28.3925,1000
2026-06-26 16:44:31,120,B+3.5,15,True,False,False,,-1,28.376,1000
2026-06-26 16:44:49,65,B+9.5,3,True,False,False,,-1,28.1891,1000
2026-06-26 16:45:26,136,W+3.5,17,True,False,False,,-1,28.2421,1000
2026-06-26 16:45:57,115,W+1.5,12,True,False,False,,-1,28.2581,1000
2026-06-26 16:46:33,135,W+7.5,15,True,False,False,,-1,28.2092,1000
2026-06-26 16:47:02,117,B+0.5,10,True,False,False,,-1,28.2363,1000
2026-06-26 16:47:32,113,W+2.5,14,True,False,False,,-1,28.2488,1000
2026-06-26 16:48:04,113,W+0.5,13,True,False,False,,-1,28.2619,1000
2026-06-26 16:48:32,102,B+7.5,7,True,False,False,,-1,28.4146,1000
2026-06-26 16:48:58,97,B+10.5,7,True,False,False,,-1,28.3771,1000
2026-06-26 16:49:17,75,B+3.5,6,True,False,False,,-1,28.1825,1000
2026-06-26 16:49:37,67,B+1.5,3,True,False,False,,-1,28.0926,1000
2026-06-26 16:50:09,117,W+1.5,23,True,False,False,,-1,28.1252,1000
2026-06-26 16:50:39,113,W+0.5,6,True,False,False,,-1,28.2797,1000
2026-06-26 16:51:07,107,W+0.5,15,True,False,False,,-1,28.3413,1000
2026-06-26 16:51:34,99,B+15.5,10,True,False,False,,-1,28.5073,1000
2026-06-26 16:52:05,120,B+5.5,14,True,False,False,,-1,28.5745,1000
2026-06-26 16:52:38,119,W+5.5,15,True,False,False,,-1,28.4606,1000
2026-06-26 16:53:04,105,B+1.5,9,True,False,False,,-1,28.4397,1000
2026-06-26 16:53:40,134,B+24.5,16,True,False,False,,-1,28.4738,1000
2026-06-26 16:54:14,117,W+1.5,10,True,False,False,,-1,28.5039,1000
2026-06-26 16:54:57,159,W+1.5,15,True,False,False,,-1,28.6373,1000
2026-06-26 16:55:24,102,B+1.5,10,True,False,False,,-1,28.5656,1000
2026-06-26 16:55:56,115,W+2.5,14,True,False,False,,-1,28.582,1000
2026-06-26 16:56:24,106,B+10.5,10,True,False,False,,-1,28.494,1000
2026-06-26 16:56:53,110,B+8.5,13,True,False,False,,-1,28.5294,1000
2026-06-26 16:57:07,50,W+8.5,2,True,False,False,,-1,28.3627,1000
2026-06-26 16:57:39,121,W+2.5,13,True,False,False,,-1,28.4054,1000
2026-06-26 16:58:09,109,W+3.5,17,True,False,False,,-1,28.6225,1000
2026-06-26 16:58:43,135,W+2.5,19,True,False,False,,-1,28.6643,1000
2026-06-26 16:59:13,109,B+5.5,15,True,False,False,,-1,28.6617,1000
2026-06-26 16:59:37,89,B+10.5,4,True,False,False,,-1,28.6063,1000
2026-06-26 17:00:08,106,B+2.5,9,True,False,False,,-1,28.6067,1000
2026-06-26 17:00:40,112,B+2.5,8,True,False,False,,-1,28.6798,1000
2026-06-26 17:00:49,28,W+7.5,2,True,False,False,,-1,28.5041,1000
2026-06-26 17:01:20,112,B+1.5,12,True,False,False,,-1,28.5239,1000
2026-06-26 17:01:48,103,W+0.5,12,True,False,False,,-1,28.5617,1000
2026-06-26 17:02:23,140,B+2.5,20,True,False,False,,-1,28.528,1000
2026-06-26 17:02:51,113,B+2.5,15,True,False,False,,-1,28.4709,1000
2026-06-26 17:03:23,117,W+1.5,15,True,False,False,,-1,28.5453,1000
2026-06-26 17:03:49,97,B+8.5,8,True,False,False,,-1,28.7307,1000
2026-06-26 17:04:16,103,W+7.5,10,True,False,False,,-1,28.6944,1000
2026-06-26 17:04:44,109,B+0.5,14,True,False,False,,-1,28.7122,1000
2026-06-26 17:05:25,162,B+43.5,24,True,False,False,,-1,28.8307,1000
2026-06-26 17:05:55,109,W+1.5,15,True,False,False,,-1,28.7852,1000
2026-06-26 17:06:27,116,W+4.5,13,True,False,False,,-1,28.7558,1000
2026-06-26 17:06:36,36,W+7.5,2,True,False,False,,-1,28.5499,1000
2026-06-26 17:06:48,44,W+10.5,3,True,False,False,,-1,28.4121,1000
2026-06-26 17:07:15,93,W+10.5,9,True,False,False,,-1,28.3272,1000
2026-06-26 17:08:00,162,W+26.5,20,True,False,False,,-1,28.4616,1000
2026-06-26 17:08:30,114,B+1.5,14,True,False,False,,-1,28.4444,1000
2026-06-26 17:08:50,71,B+8.5,3,True,False,False,,-1,28.5072,1000
2026-06-26 17:09:21,113,W+8.5,16,True,False,False,,-1,28.6357,1000
2026-06-26 17:10:01,160,B+27.5,17,True,False,False,,-1,28.7241,1000
2026-06-26 17:10:35,126,B+4.5,16,True,False,False,,-1,28.9277,1000
2026-06-26 17:11:03,111,W+0.5,8,True,False,False,,-1,28.8138,1000
2026-06-26 17:11:31,106,B+0.5,12,True,False,False,,-1,28.7173,1000
2026-06-26 17:11:59,106,B+5.5,11,True,False,False,,-1,28.6482,1000
2026-06-26 17:12:25,94,B+2.5,11,True,False,False,,-1,28.6296,1000
2026-06-26 17:13:00,123,W+2.5,9,True,False,False,,-1,28.5499,1000
2026-06-26 17:13:33,115,W+1.5,13,True,False,False,,-1,28.4758,1000
2026-06-26 17:14:01,115,B+2.5,14,True,False,False,,-1,28.4769,1000
2026-06-26 17:14:41,156,B+4.5,34,True,False,False,,-1,28.5818,1000
2026-06-26 17:15:14,118,B+0.5,16,True,False,False,,-1,28.6463,1000
2026-06-26 17:15:23,36,W+6.5,2,True,False,False,,-1,28.4023,1000
2026-06-26 17:15:58,134,B+0.5,25,True,False,False,,-1,28.4921,1000
2026-06-26 17:16:15,65,B+1.5,6,True,False,False,,-1,28.36,1000
2026-06-26 17:16:51,142,B+1.5,23,True,False,False,,-1,28.6128,1000
2026-06-26 17:17:06,52,W+5.5,2,True,False,False,,-1,28.4768,1000
2026-06-26 17:17:35,113,W+0.5,12,True,False,False,,-1,28.6038,1000
2026-06-26 17:18:03,100,B+2.5,10,True,False,False,,-1,28.5759,1000
2026-06-26 17:18:38,121,W+0.5,14,True,False,False,,-1,28.6277,1000
2026-06-26 17:19:11,131,B+6.5,23,True,False,False,,-1,28.6604,1000
2026-06-26 17:19:35,83,B+4.5,4,True,False,False,,-1,28.5225,1000
2026-06-26 17:19:51,56,W+8.5,2,True,False,False,,-1,28.3844,1000
2026-06-26 17:20:22,115,W+0.5,15,True,False,False,,-1,28.3766,1000
2026-06-26 17:20:50,107,W+0.5,11,True,False,False,,-1,28.3934,1000
2026-06-26 17:21:26,131,W+1.5,20,True,False,False,,-1,28.4008,1000
2026-06-26 17:21:54,108,B+4.5,15,True,False,False,,-1,28.4512,1000
2026-06-26 17:22:30,142,B+1.5,27,True,False,False,,-1,28.716,1000
2026-06-26 17:22:58,103,W+0.5,16,True,False,False,,-1,28.6711,1000
2026-06-26 17:23:28,111,W+0.5,15,True,False,False,,-1,28.6789,1000
2026-06-26 17:24:02,117,W+3.5,12,True,False,False,,-1,28.6759,1000
2026-06-26 17:24:33,105,W+2.5,12,True,False,False,,-1,28.8979,1000
2026-06-26 17:25:03,106,B+1.5,10,True,False,False,,-1,28.9046,1000
2026-06-26 17:25:33,115,W+2.5,11,True,False,False,,-1,28.8599,1000
2026-06-26 17:26:01,106,B+2.5,14,True,False,False,,-1,28.8328,1000
2026-06-26 17:26:12,40,W+7.5,2,True,False,False,,-1,28.6089,1000
2026-06-26 17:26:42,120,B+0.5,20,True,False,False,,-1,28.7569,1000
2026-06-26 17:27:24,162,W+2.5,33,True,False,False,,-1,28.9942,1000
2026-06-26 17:27:51,100,B+14.5,5,True,False,False,,-1,28.9802,1000
2026-06-26 17:28:33,156,B+1.5,13,True,False,False,,-1,28.9666,1000
2026-06-26 17:29:03,104,B+8.5,16,True,False,False,,-1,28.9689,1000
2026-06-26 17:29:32,110,B+2.5,12,True,False,False,,-1,28.9844,1000
2026-06-26 17:30:09,157,B+5.5,31,True,False,False,,-1,28.9985,1000
2026-06-26 17:30:41,113,W+4.5,5,True,False,False,,-1,29.0921,1000
2026-06-26 17:31:15,115,W+0.5,9,True,False,False,,-1,29.0577,1000
2026-06-26 17:31:44,105,W+0.5,7,True,False,False,,-1,29.0826,1000
2026-06-26 17:32:11,95,W+0.5,6,True,False,False,,-1,29.0077,1000
2026-06-26 17:32:42,113,W+2.5,16,True,False,False,,-1,29.2445,1000
2026-06-26 17:33:09,96,B+0.5,10,True,False,False,,-1,29.1747,1000
2026-06-26 17:33:40,119,W+0.5,12,True,False,False,,-1,29.3079,1000
2026-06-26 17:34:15,137,W+1.5,14,True,False,False,,-1,29.2901,1000
2026-06-26 17:34:54,144,B+4.5,23,True,False,False,,-1,29.3697,1000
2026-06-26 17:35:23,104,B+0.5,8,True,False,False,,-1,29.2919,1000
2026-06-26 17:35:55,115,W+0.5,12,True,False,False,,-1,29.3265,1000
2026-06-26 17:36:30,129,W+1.5,25,True,False,False,,-1,29.3789,1000
2026-06-26 17:36:57,99,W+0.5,10,True,False,False,,-1,29.3297,1000
2026-06-26 17:37:28,107,W+0.5,7,True,False,False,,-1,29.3555,1000
2026-06-26 17:37:55,106,B+6.5,15,True,False,False,,-1,29.3674,1000
2026-06-26 17:38:21,101,B+2.5,14,True,False,False,,-1,29.4355,1000
2026-06-26 17:38:49,105,W+0.5,14,True,False,False,,-1,29.5103,1000
2026-06-26 17:38:56,28,W+7.5,2,True,False,False,,-1,29.2707,1000
2026-06-26 17:39:04,30,W+9.5,2,True,False,False,,-1,29.0471,1000
2026-06-26 17:39:37,117,W+0.5,13,True,False,False,,-1,29.1018,1000
2026-06-26 17:40:10,117,W+2.5,18,True,False,False,,-1,29.1583,1000
2026-06-26 17:40:46,130,B+1.5,13,True,False,False,,-1,29.2075,1000
2026-06-26 17:41:18,125,W+1.5,19,True,False,False,,-1,29.1988,1000
2026-06-26 17:41:46,115,B+7.5,20,True,False,False,,-1,29.2125,1000
2026-06-26 17:42:24,140,B+1.5,20,True,False,False,,-1,29.2401,1000
2026-06-26 17:42:39,58,W+10.5,3,True,False,False,,-1,29.047,1000
2026-06-26 17:43:07,105,W+1.5,13,True,False,False,,-1,28.8961,1000
2026-06-26 17:43:38,123,W+3.5,15,True,False,False,,-1,28.938,1000
2026-06-26 17:43:56,66,W+10.5,2,True,False,False,,-1,28.7971,1000
2026-06-26 17:44:32,124,B+7.5,17,True,False,False,,-1,28.8724,1000
2026-06-26 17:45:15,152,B+0.5,14,True,False,False,,-1,29.0252,1000
2026-06-26 17:45:44,107,B+1.5,7,True,False,False,,-1,29.1664,1000
2026-06-26 17:46:16,121,W+17.5,17,True,False,False,,-1,29.1699,1000
2026-06-26 17:46:55,132,B+1.5,16,True,False,False,,-1,29.2671,1000
2026-06-26 17:47:27,114,B+3.5,20,True,False,False,,-1,29.2356,1000
2026-06-26 17:47:49,84,B+4.5,5,True,False,False,,-1,29.1567,1000
2026-06-26 17:48:22,124,B+0.5,18,True,False,False,,-1,29.2464,1000
2026-06-26 17:48:52,114,B+0.5,13,True,False,False,,-1,29.2376,1000
2026-06-26 17:49:14,85,W+0.5,6,True,False,False,,-1,29.1353,1000
2026-06-26 17:49:41,97,W+2.5,10,True,False,False,,-1,29.3197,1000
2026-06-26 17:50:17,138,B+9.5,25,True,False,False,,-1,29.3665,1000
2026-06-26 17:50:56,162,B+7.5,24,True,False,False,,-1,29.4842,1000
2026-06-26 17:51:25,99,W+7.5,13,True,False,False,,-1,29.4169,1000
2026-06-26 17:51:36,36,W+7.5,2,True,False,False,,-1,29.2455,1000
2026-06-26 17:52:03,104,W+4.5,15,True,False,False,,-1,29.1954,1000
2026-06-26 17:52:35,108,B+2.5,9,True,False,False,,-1,29.2639,1000
2026-06-26 17:53:18,162,B+16.5,23,True,False,False,,-1,29.4186,1000
2026-06-26 17:53:49,124,B+0.5,22,True,False,False,,-1,29.4498,1000
2026-06-26 17:53:56,28,W+7.5,2,True,False,False,,-1,29.1076,1000
2026-06-26 17:54:19,95,W+1.5,7,True,False,False,,-1,29.0311,1000
2026-06-26 17:54:42,88,B+5.5,7,True,False,False,,-1,28.9495,1000
2026-06-26 17:55:14,123,B+2.5,19,True,False,False,,-1,29.1755,1000
2026-06-26 17:55:45,114,B+3.5,15,True,False,False,,-1,29.3759,1000
2026-06-26 17:56:12,107,W+0.5,10,True,False,False,,-1,29.3678,1000
2026-06-26 17:56:45,123,W+2.5,18,True,False,False,,-1,29.2433,1000
2026-06-26 17:57:15,115,W+0.5,16,True,False,False,,-1,29.2428,1000
2026-06-26 17:57:48,127,W+0.5,12,True,False,False,,-1,29.3744,1000
2026-06-26 17:58:26,151,W+2.5,28,True,False,False,,-1,29.4534,1000
2026-06-26 17:58:56,114,B+1.5,11,True,False,False,,-1,29.3477,1000
2026-06-26 17:59:33,136,B+8.5,17,True,False,False,,-1,29.3737,1000
2026-06-26 18:00:03,103,W+0.5,9,True,False,False,,-1,29.4043,1000
2026-06-26 18:00:32,102,B+3.5,9,True,False,False,,-1,29.4054,1000
2026-06-26 18:00:59,108,B+1.5,15,True,False,False,,-1,29.3938,1000
2026-06-26 18:01:28,108,B+1.5,9,True,False,False,,-1,29.4292,1000
2026-06-26 18:01:40,44,W+7.5,2,True,False,False,,-1,29.2038,1000
2026-06-26 18:02:12,110,B+2.5,9,True,False,False,,-1,29.192,1000
2026-06-26 18:02:18,20,W+7.5,2,True,False,False,,-1,28.9652,1000
2026-06-26 18:02:41,79,B+9.5,4,True,False,False,,-1,28.7959,1000
2026-06-26 18:03:11,109,B+10.5,14,True,False,False,,-1,28.7708,1000
2026-06-26 18:03:40,101,W+0.5,13,True,False,False,,-1,28.9645,1000
2026-06-26 18:04:14,129,B+2.5,17,True,False,False,,-1,28.96,1000
2026-06-26 18:04:49,130,B+16.5,14,True,False,False,,-1,29.1354,1000
2026-06-26 18:05:17,100,B+1.5,7,True,False,False,,-1,29.0528,1000
2026-06-26 18:05:47,106,B+1.5,7,True,False,False,,-1,29.2079,1000
2026-06-26 18:06:10,84,W+17.5,6,True,False,False,,-1,29.139,1000
2026-06-26 18:06:46,117,W+4.5,22,True,False,False,,-1,29.2239,1000
2026-06-26 18:07:26,137,W+2.5,22,True,False,False,,-1,29.2736,1000
2026-06-26 18:07:57,110,B+2.5,8,True,False,False,,-1,29.2574,1000
2026-06-26 18:08:30,122,B+2.5,10,True,False,False,,-1,29.3474,1000
2026-06-26 18:09:00,115,W+3.5,14,True,False,False,,-1,29.4897,1000
2026-06-26 18:09:31,109,W+0.5,12,True,False,False,,-1,29.4916,1000
2026-06-26 18:09:39,30,W+7.5,2,True,False,False,,-1,29.2843,1000
2026-06-26 18:10:05,107,W+0.5,12,True,False,False,,-1,29.1825,1000
2026-06-26 18:10:41,135,W+3.5,23,True,False,False,,-1,29.2685,1000
2026-06-26 18:11:08,104,B+1.5,14,True,False,False,,-1,29.1745,1000
2026-06-26 18:11:36,100,B+4.5,10,True,False,False,,-1,29.1767,1000
2026-06-26 18:12:18,145,W+4.5,20,True,False,False,,-1,29.2954,1000
2026-06-26 18:12:48,117,W+1.5,9,True,False,False,,-1,29.2648,1000
2026-06-26 18:13:13,95,B+1.5,5,True,False,False,,-1,29.1994,1000
2026-06-26 18:13:55,146,B+1.5,13,True,False,False,,-1,29.3151,1000
2026-06-26 18:14:30,134,B+2.5,21,True,False,False,,-1,29.3621,1000
2026-06-26 18:14:57,108,B+2.5,10,True,False,False,,-1,29.3604,1000
2026-06-26 18:15:26,111,W+0.5,13,True,False,False,,-1,29.5381,1000
2026-06-26 18:15:51,83,B+6.5,6,True,False,False,,-1,29.482,1000
2026-06-26 18:16:19,98,B+0.5,5,True,False,False,,-1,29.3452,1000
2026-06-26 18:16:48,108,B+2.5,14,True,False,False,,-1,29.369,1000
2026-06-26 18:17:15,103,W+0.5,9,True,False,False,,-1,29.2178,1000
2026-06-26 18:17:55,154,B+0.5,16,True,False,False,,-1,29.3244,1000
2026-06-26 18:18:27,109,W+1.5,11,True,False,False,,-1,29.3499,1000
2026-06-26 18:19:00,120,B+3.5,15,True,False,False,,-1,29.3092,1000
2026-06-26 18:19:28,120,W+0.5,12,True,False,False,,-1,29.2699,1000
2026-06-26 18:19:57,115,B+3.5,7,True,False,False,,-1,29.2226,1000
2026-06-26 18:20:28,112,B+4.5,15,True,False,False,,-1,29.2359,1000
2026-06-26 18:20:50,75,B+11.5,2,True,False,False,,-1,29.1935,1000
2026-06-26 18:21:20,96,B+3.5,9,True,False,False,,-1,29.1739,1000
2026-06-26 18:21:35,56,W+4.5,2,True,False,False,,-1,29.0645,1000
2026-06-26 18:22:09,121,W+2.5,18,True,False,False,,-1,29.0851,1000
2026-06-26 18:22:42,126,B+17.5,22,True,False,False,,-1,29.0663,1000
2026-06-26 18:23:08,94,B+8.5,5,True,False,False,,-1,28.9372,1000
2026-06-26 18:23:17,32,W+7.5,2,True,False,False,,-1,28.741,1000
2026-06-26 18:23:52,136,W+3.5,15,True,False,False,,-1,28.7664,1000
2026-06-26 18:24:22,95,B+6.5,5,True,False,False,,-1,28.7141,1000
2026-06-26 18:24:51,110,B+1.5,12,True,False,False,,-1,28.7345,1000
2026-06-26 18:25:21,114,B+2.5,17,True,False,False,,-1,28.735,1000
2026-06-26 18:25:53,115,W+4.5,12,True,False,False,,-1,28.785,1000
2026-06-26 18:26:17,80,W+9.5,3,True,False,False,,-1,28.7512,1000
2026-06-26 18:26:45,106,B+4.5,11,True,False,False,,-1,28.7649,1000
2026-06-26 18:27:12,106,B+0.5,13,True,False,False,,-1,28.9586,1000
2026-06-26 18:27:41,111,W+1.5,18,True,False,False,,-1,29.1717,1000
2026-06-26 18:28:13,112,B+0.5,15,True,False,False,,-1,29.1556,1000
2026-06-26 18:28:41,103,W+2.5,10,True,False,False,,-1,29.1021,1000
2026-06-26 18:29:12,106,B+0.5,9,True,False,False,,-1,29.0543,1000
2026-06-26 18:29:40,100,B+5.5,9,True,False,False,,-1,29.0197,1000
2026-06-26 18:30:09,107,W+1.5,11,True,False,False,,-1,29.027,1000
2026-06-26 18:30:42,125,W+0.5,9,True,False,False,,-1,28.9756,1000
2026-06-26 18:31:10,101,W+2.5,5,True,False,False,,-1,29.1068,1000
2026-06-26 18:31:21,42,W+6.5,3,True,False,False,,-1,28.9355,1000
2026-06-26 18:31:50,114,B+2.5,14,True,False,False,,-1,28.9159,1000
2026-06-26 18:32:20,106,B+0.5,9,True,False,False,,-1,29.0339,1000
2026-06-26 18:32:43,81,B+0.5,4,True,False,False,,-1,28.9053,1000
2026-06-26 18:33:12,123,W+6.5,16,True,False,False,,-1,28.7631,1000
2026-06-26 18:33:47,123,W+1.5,19,True,False,False,,-1,28.8302,1000
2026-06-26 18:34:12,93,W+0.5,9,True,False,False,,-1,28.7535,1000
2026-06-26 18:34:27,52,W+4.5,2,True,False,False,,-1,28.5096,1000
2026-06-26 18:34:59,116,B+2.5,13,True,False,False,,-1,28.5192,1000
2026-06-26 18:35:33,119,W+2.5,13,True,False,False,,-1,28.6414,1000
2026-06-26 18:36:05,113,B+10.5,8,True,False,False,,-1,28.6229,1000
2026-06-26 18:36:44,147,W+0.5,25,True,False,False,,-1,28.7171,1000
2026-06-26 18:37:11,103,W+1.5,9,True,False,False,,-1,28.7662,1000
2026-06-26 18:37:56,162,B+4.5,26,True,False,False,,-1,28.9466,1000
2026-06-26 18:38:27,110,B+12.5,12,True,False,False,,-1,28.897,1000
2026-06-26 18:38:57,110,B+1.5,12,True,False,False,,-1,28.8067,1000
2026-06-26 18:39:27,116,B+11.5,13,True,False,False,,-1,28.8183,1000
2026-06-26 18:39:35,38,W+7.5,2,True,False,False,,-1,28.7946,1000
2026-06-26 18:40:05,102,B+0.5,11,True,False,False,,-1,28.8124,1000
2026-06-26 18:40:23,72,W+6.5,3,True,False,False,,-1,28.673,1000
2026-06-26 18:40:43,64,W+14.5,2,True,False,False,,-1,28.4445,1000
2026-06-26 18:41:24,150,B+15.5,24,True,False,False,,-1,28.5444,1000
2026-06-26 18:42:03,140,B+9.5,24,True,False,False,,-1,28.8717,1000
2026-06-26 18:42:36,115,W+0.5,9,True,False,False,,-1,28.9682,1000
2026-06-26 18:43:09,110,B+2.5,12,True,False,False,,-1,29.0692,1000
2026-06-26 18:43:37,103,B+0.5,8,True,False,False,,-1,29.035,1000
2026-06-26 18:44:13,135,B+3.5,14,True,False,False,,-1,29.0737,1000
2026-06-26 18:44:39,94,B+11.5,6,True,False,False,,-1,29.0756,1000
2026-06-26 18:45:05,90,B+2.5,5,True,False,False,,-1,28.9947,1000
2026-06-26 18:45:36,117,W+2.5,14,True,False,False,,-1,29.0124,1000
2026-06-26 18:46:04,97,B+1.5,7,True,False,False,,-1,28.9635,1000
2026-06-26 18:46:33,103,W+1.5,8,True,False,False,,-1,28.8657,1000
2026-06-26 18:47:03,109,W+0.5,5,True,False,False,,-1,28.8622,1000
2026-06-26 18:47:43,150,B+7.5,25,True,False,False,,-1,28.9,1000
2026-06-26 18:48:20,122,B+0.5,14,True,False,False,,-1,28.9616,1000
2026-06-26 18:48:52,122,B+3.5,13,True,False,False,,-1,28.9995,1000
2026-06-26 18:49:18,101,B+3.5,11,True,False,False,,-1,28.9885,1000
2026-06-26 18:49:38,75,B+7.5,2,True,False,False,,-1,28.9015,1000
2026-06-26 18:50:06,103,W+4.5,11,True,False,False,,-1,29.0552,1000
2026-06-26 18:50:34,105,W+0.5,17,True,False,False,,-1,29.0197,1000
2026-06-26 18:51:12,138,B+1.5,20,True,False,False,,-1,29.3433,1000
2026-06-26 18:51:17,20,W+7.5,2,True,False,False,,-1,29.1597,1000
2026-06-26 18:51:49,115,W+3.5,17,True,False,False,,-1,29.1742,1000
2026-06-26 18:52:15,97,W+2.5,9,True,False,False,,-1,29.148,1000
2026-06-26 18:52:48,126,B+1.5,13,True,False,False,,-1,29.1353,1000
2026-06-26 18:53:12,96,B+0.5,12,True,False,False,,-1,29.0343,1000
2026-06-26 18:53:41,105,W+1.5,9,True,False,False,,-1,29.0428,1000
2026-06-26 18:53:49,24,W+7.5,2,True,False,False,,-1,28.8204,1000
2026-06-26 18:54:17,114,W+2.5,14,True,False,False,,-1,28.8739,1000
2026-06-26 18:54:50,113,W+0.5,10,True,False,False,,-1,28.8378,1000
2026-06-26 18:55:26,119,W+0.5,16,True,False,False,,-1,28.7983,1000
2026-06-26 18:55:52,103,W+0.5,11,True,False,False,,-1,28.7461,1000
2026-06-26 18:56:22,116,B+16.5,12,True,False,False,,-1,28.7255,1000
2026-06-26 18:56:51,100,B+2.5,7,True,False,False,,-1,28.6994,1000
2026-06-26 18:57:22,112,B+0.5,8,True,False,False,,-1,28.7051,1000
2026-06-26 18:57:50,101,B+11.5,9,True,False,False,,-1,28.9022,1000
2026-06-26 18:58:24,122,B+2.5,14,True,False,False,,-1,28.9915,1000
2026-06-26 18:58:53,108,B+0.5,8,True,False,False,,-1,28.9236,1000
2026-06-26 18:59:36,162,B+17.5,31,True,False,False,,-1,29.0786,1000
2026-06-26 19:00:13,130,B+7.5,16,True,False,False,,-1,29.1633,1000
2026-06-26 19:00:42,106,B+5.5,7,True,False,False,,-1,29.0361,1000
2026-06-26 19:01:17,128,B+7.5,15,True,False,False,,-1,29.084,1000
2026-06-26 19:01:57,155,B+4.5,29,True,False,False,,-1,29.2341,1000
2026-06-26 19:02:25,105,B+2.5,11,True,False,False,,-1,29.1027,1000
2026-06-26 19:02:52,104,B+3.5,9,True,False,False,,-1,29.0205,1000
2026-06-26 19:03:07,56,W+12.5,2,True,False,False,,-1,28.8925,1000
2026-06-26 19:03:38,113,W+2.5,16,True,False,False,,-1,28.9139,1000
2026-06-26 19:04:13,133,W+2.5,11,True,False,False,,-1,29.0191,1000
2026-06-26 19:04:39,102,B+3.5,13,True,False,False,,-1,28.9983,1000
2026-06-26 19:05:17,132,B+1.5,16,True,False,False,,-1,29.083,1000
2026-06-26 19:05:51,127,W+0.5,16,True,False,False,,-1,29.1506,1000
2026-06-26 19:06:19,102,B+1.5,12,True,False,False,,-1,29.0371,1000
2026-06-26 19:06:43,87,B+6.5,8,True,False,False,,-1,28.9557,1000
2026-06-26 19:07:12,111,W+1.5,14,True,False,False,,-1,28.9171,1000
2026-06-26 19:07:44,110,B+1.5,8,True,False,False,,-1,28.95,1000
2026-06-26 19:08:14,109,W+0.5,12,True,False,False,,-1,28.9655,1000
2026-06-26 19:08:38,79,B+8.5,4,True,False,False,,-1,28.892,1000
2026-06-26 19:09:07,105,W+0.5,13,True,False,False,,-1,28.9644,1000
2026-06-26 19:09:47,162,W+3.5,23,True,False,False,,-1,29.0718,1000
2026-06-26 19:10:20,120,B+10.5,13,True,False,False,,-1,29.2417,1000
2026-06-26 19:10:49,103,W+6.5,10,True,False,False,,-1,29.197,1000
2026-06-26 19:11:17,117,W+0.5,12,True,False,False,,-1,29.1496,1000
2026-06-26 19:11:45,103,W+6.5,11,True,False,False,,-1,29.1609,1000
2026-06-26 19:12:18,117,W+4.5,11,True,False,False,,-1,29.4096,1000
2026-06-26 19:12:58,160,B+15.5,31,True,False,False,,-1,29.4545,1000
2026-06-26 19:13:27,117,B+0.5,15,True,False,False,,-1,29.4451,1000
2026-06-26 19:13:59,120,B+2.5,11,True,False,False,,-1,29.4793,1000
2026-06-26 19:14:26,93,B+1.5,5,True,False,False,,-1,29.4445,1000
2026-06-26 19:15:00,120,B+0.5,13,True,False,False,,-1,29.4651,1000
2026-06-26 19:15:26,96,B+7.5,5,True,False,False,,-1,29.4933,1000
2026-06-26 19:15:56,114,B+1.5,13,True,False,False,,-1,29.508,1000
2026-06-26 19:16:22,97,W+0.5,9,True,False,False,,-1,29.5007,1000
2026-06-26 19:16:49,96,B+1.5,6,True,False,False,,-1,29.4736,1000
2026-06-26 19:17:23,126,B+17.5,14,True,False,False,,-1,29.4923,1000
2026-06-26 19:17:49,99,W+5.5,13,True,False,False,,-1,29.4803,1000
2026-06-26 19:18:21,115,W+2.5,15,True,False,False,,-1,29.4886,1000
2026-06-26 19:18:47,94,W+10.5,7,True,False,False,,-1,29.4651,1000
2026-06-26 19:19:22,126,B+4.5,12,True,False,False,,-1,29.5264,1000
2026-06-26 19:20:02,139,W+0.5,26,True,False,False,,-1,29.5947,1000
2026-06-26 19:20:33,108,B+10.5,11,True,False,False,,-1,29.6335,1000
2026-06-26 19:21:13,151,B+1.5,22,True,False,False,,-1,29.9177,1000
2026-06-26 19:21:42,107,W+0.5,11,True,False,False,,-1,29.9099,1000
2026-06-26 19:22:15,123,W+0.5,12,True,False,False,,-1,29.9522,1000
2026-06-26 19:22:58,162,W+0.5,28,True,False,False,,-1,30.1534,1000
2026-06-26 19:23:29,133,B+27.5,18,True,False,False,,-1,30.1626,1000
2026-06-26 19:23:58,103,W+10.5,11,True,False,False,,-1,30.1019,1000
2026-06-26 19:24:26,110,B+1.5,8,True,False,False,,-1,30.1377,1000
2026-06-26 19:24:59,110,B+8.5,16,True,False,False,,-1,30.3162,1000
2026-06-26 19:25:25,96,B+1.5,7,True,False,False,,-1,30.2575,1000
2026-06-26 19:25:57,114,B+5.5,16,True,False,False,,-1,30.2285,1000
2026-06-26 19:26:32,123,W+1.5,12,True,False,False,,-1,30.2725,1000
2026-06-26 19:27:03,123,W+0.5,13,True,False,False,,-1,30.1845,1000
2026-06-26 19:27:44,161,W+9.5,34,True,False,False,,-1,30.3252,1000
2026-06-26 19:28:07,93,W+0.5,14,True,False,False,,-1,30.108,1000
2026-06-26 19:28:24,56,W+8.5,2,True,False,False,,-1,29.9754,1000
2026-06-26 19:28:54,116,B+1.5,13,True,False,False,,-1,29.9633,1000
2026-06-26 19:29:24,115,B+5.5,13,True,False,False,,-1,29.9694,1000
2026-06-26 19:29:40,58,W+4.5,5,True,False,False,,-1,30.0445,1000
2026-06-26 19:30:04,88,B+2.5,7,True,False,False,,-1,29.9935,1000
2026-06-26 19:30:38,134,B+3.5,23,True,False,False,,-1,30.1495,1000
2026-06-26 19:31:05,100,B+3.5,9,True,False,False,,-1,30.2168,1000
2026-06-26 19:31:48,162,W+0.5,31,True,False,False,,-1,30.2383,1000
2026-06-26 19:32:25,153,B+3.5,29,True,False,False,,-1,30.2099,1000
2026-06-26 19:32:48,88,B+1.5,5,True,False,False,,-1,30.1237,1000
2026-06-26 19:33:25,117,W+11.5,8,True,False,False,,-1,30.1519,1000
2026-06-26 19:34:02,132,B+3.5,18,True,False,False,,-1,30.239,1000
2026-06-26 19:34:29,107,W+2.5,11,True,False,False,,-1,30.1579,1000
2026-06-26 19:34:54,107,B+4.5,11,True,False,False,,-1,30.1396,1000
2026-06-26 19:35:25,121,W+1.5,16,True,False,False,,-1,30.2037,1000
2026-06-26 19:35:57,115,B+11.5,6,True,False,False,,-1,30.2057,1000
2026-06-26 19:36:12,52,W+8.5,2,True,False,False,,-1,30.0722,1000
2026-06-26 19:36:43,115,W+3.5,12,True,False,False,,-1,30.0936,1000
2026-06-26 19:37:05,80,W+5.5,3,True,False,False,,-1,30.0238,1000
2026-06-26 19:37:33,98,B+0.5,7,True,False,False,,-1,29.8945,1000
2026-06-26 19:38:10,123,B+1.5,9,True,False,False,,-1,29.8955,1000
2026-06-26 19:38:43,133,W+0.5,24,True,False,False,,-1,29.9087,1000
2026-06-26 19:39:23,155,B+16.5,28,True,False,False,,-1,30.0526,1000
2026-06-26 19:39:32,28,W+7.5,2,True,False,False,,-1,29.9347,1000
2026-06-26 19:40:00,107,W+9.5,14,True,False,False,,-1,29.9321,1000
2026-06-26 19:40:27,89,B+12.5,7,True,False,False,,-1,29.918,1000
2026-06-26 19:40:55,99,W+2.5,9,True,False,False,,-1,29.8174,1000
2026-06-26 19:41:26,118,B+4.5,19,True,False,False,,-1,30.0838,1000
2026-06-26 19:41:59,119,W+5.5,19,True,False,False,,-1,30.0951,1000
2026-06-26 19:42:30,119,W+11.5,12,True,False,False,,-1,30.1502,1000
2026-06-26 19:43:04,126,B+0.5,11,True,False,False,,-1,30.1619,1000
2026-06-26 19:43:34,112,B+2.5,15,True,False,False,,-1,30.2151,1000
2026-06-26 19:43:51,58,W+2.5,3,True,False,False,,-1,30.0916,1000
2026-06-26 19:44:00,36,W+9.5,2,True,False,False,,-1,30.105,1000
2026-06-26 19:44:35,132,B+1.5,21,True,False,False,,-1,30.1721,1000
2026-06-26 19:45:04,107,W+0.5,11,True,False,False,,-1,30.1352,1000
2026-06-26 19:45:31,91,B+6.5,4,True,False,False,,-1,30.0448,1000
2026-06-26 19:46:04,120,B+3.5,15,True,False,False,,-1,30.1174,1000
2026-06-26 19:46:38,125,W+0.5,17,True,False,False,,-1,30.1496,1000
2026-06-26 19:47:02,95,W+2.5,13,True,False,False,,-1,30.1159,1000
2026-06-26 19:49:41,89,B+2.5,4,True,False,False,,-1,30.1053,2000
2026-06-26 19:50:08,95,W+0.5,7,True,False,False,,-1,30.0244,2000
2026-06-26 19:50:37,102,B+4.5,9,True,False,False,,-1,30.023,2000
2026-06-26 19:51:18,149,B+3.5,23,True,False,False,,-1,30.01,2000
2026-06-26 19:51:49,106,B+4.5,12,True,False,False,,-1,29.9476,2000
2026-06-26 19:51:54,20,W+7.5,2,True,False,False,,-1,29.7148,2000
2026-06-26 19:52:26,121,B+2.5,16,True,False,False,,-1,29.6803,2000
2026-06-26 19:52:54,106,B+2.5,11,True,False,False,,-1,29.5597,2000
2026-06-26 19:53:17,89,B+4.5,7,True,False,False,,-1,29.5048,2000
2026-06-26 19:53:48,116,B+6.5,14,True,False,False,,-1,29.5544,2000
2026-06-26 19:54:23,132,B+5.5,23,True,False,False,,-1,29.7486,2000
2026-06-26 19:55:00,142,B+0.5,27,True,False,False,,-1,29.812,2000
2026-06-26 19:55:41,162,W+9.5,20,True,False,False,,-1,29.8756,2000
2026-06-26 19:56:09,116,B+2.5,17,True,False,False,,-1,29.8929,2000
2026-06-26 19:56:31,77,B+4.5,5,True,False,False,,-1,29.7297,2000
2026-06-26 19:57:00,122,B+2.5,17,True,False,False,,-1,29.6849,2000
2026-06-26 19:57:31,126,W+0.5,26,True,False,False,,-1,29.7072,2000
2026-06-26 19:58:08,141,W+4.5,27,True,False,False,,-1,29.8387,2000
2026-06-26 19:58:40,115,B+2.5,12,True,False,False,,-1,29.8682,2000
2026-06-26 19:59:15,137,B+1.5,23,True,False,False,,-1,29.9005,2000
2026-06-26 19:59:21,20,W+7.5,2,True,False,False,,-1,29.6579,2000
2026-06-26 19:59:46,93,W+4.5,8,True,False,False,,-1,29.6739,2000
2026-06-26 20:00:24,135,W+3.5,22,True,False,False,,-1,29.7584,2000
2026-06-26 20:00:52,108,B+1.5,15,True,False,False,,-1,29.6387,2000
2026-06-26 20:01:25,130,B+4.5,20,True,False,False,,-1,29.6486,2000
2026-06-26 20:02:00,136,B+6.5,14,True,False,False,,-1,29.7028,2000
2026-06-26 20:02:29,112,B+0.5,14,True,False,False,,-1,29.7103,2000
2026-06-26 20:02:52,85,B+3.5,10,True,False,False,,-1,29.6617,2000
2026-06-26 20:03:21,115,W+0.5,15,True,False,False,,-1,29.6228,2000
2026-06-26 20:03:51,122,B+4.5,17,True,False,False,,-1,29.5201,2000
2026-06-26 20:04:20,114,B+3.5,11,True,False,False,,-1,29.5208,2000
2026-06-26 20:04:49,116,B+1.5,10,True,False,False,,-1,29.4869,2000
2026-06-26 20:05:15,111,B+2.5,16,True,False,False,,-1,29.4809,2000
2026-06-26 20:05:57,162,W+6.5,36,True,False,False,,-1,29.5612,2000
2026-06-26 20:06:29,121,W+0.5,16,True,False,False,,-1,29.6167,2000
2026-06-26 20:06:51,83,B+1.5,9,True,False,False,,-1,29.5332,2000
2026-06-26 20:07:19,108,W+0.5,15,True,False,False,,-1,29.5599,2000
2026-06-26 20:07:51,120,W+8.5,16,True,False,False,,-1,29.6124,2000
2026-06-26 20:08:18,105,B+0.5,12,True,False,False,,-1,29.5426,2000
2026-06-26 20:08:41,86,W+2.5,9,True,False,False,,-1,29.5102,2000
2026-06-26 20:09:01,71,B+1.5,5,True,False,False,,-1,29.3896,2000
2026-06-26 20:09:29,105,B+4.5,18,True,False,False,,-1,29.4095,2000
2026-06-26 20:09:51,83,W+4.5,10,True,False,False,,-1,29.2782,2000
2026-06-26 20:10:26,145,W+1.5,26,True,False,False,,-1,29.2365,2000
2026-06-26 20:11:04,162,B+8.5,39,True,False,False,,-1,29.299,2000
2026-06-26 20:11:28,97,B+3.5,11,True,False,False,,-1,29.1453,2000
2026-06-26 20:12:00,129,B+2.5,20,True,False,False,,-1,29.1769,2000
2026-06-26 20:12:24,93,B+2.5,4,True,False,False,,-1,29.0781,2000
2026-06-26 20:12:53,121,B+0.5,14,True,False,False,,-1,28.9408,2000
2026-06-26 20:13:19,102,W+3.5,14,True,False,False,,-1,28.8979,2000
2026-06-26 20:13:49,114,B+5.5,14,True,False,False,,-1,28.9003,2000
2026-06-26 20:13:54,22,W+7.5,2,True,False,False,,-1,28.6678,2000
2026-06-26 20:14:17,86,B+3.5,5,True,False,False,,-1,28.5758,2000
2026-06-26 20:14:39,85,W+0.5,7,True,False,False,,-1,28.532,2000
2026-06-26 20:15:19,153,W+0.5,23,True,False,False,,-1,28.6151,2000
2026-06-26 20:15:59,162,W+3.5,30,True,False,False,,-1,28.6631,2000
2026-06-26 20:16:34,140,W+0.5,24,True,False,False,,-1,28.7087,2000
2026-06-26 20:17:09,128,B+4.5,20,True,False,False,,-1,28.6366,2000
2026-06-26 20:17:43,136,B+0.5,24,True,False,False,,-1,28.7514,2000
2026-06-26 20:17:50,32,W+7.5,2,True,False,False,,-1,28.651,2000
2026-06-26 20:18:19,106,B+1.5,18,True,False,False,,-1,28.6432,2000
2026-06-26 20:18:54,134,B+3.5,18,True,False,False,,-1,28.693,2000
2026-06-26 20:19:24,117,B+0.5,17,True,False,False,,-1,28.8249,2000
2026-06-26 20:19:49,106,B+1.5,14,True,False,False,,-1,28.8388,2000
2026-06-26 20:20:20,115,B+0.5,10,True,False,False,,-1,28.8061,2000
2026-06-26 20:20:56,162,B+8.5,30,True,False,False,,-1,28.9049,2000
2026-06-26 20:21:32,144,B+0.5,38,True,False,False,,-1,28.828,2000
2026-06-26 20:22:03,135,B+2.5,19,True,False,False,,-1,28.7755,2000
2026-06-26 20:22:36,130,W+0.5,23,True,False,False,,-1,28.8691,2000
2026-06-26 20:23:02,95,W+5.5,8,True,False,False,,-1,28.7653,2000
2026-06-26 20:23:10,30,W+7.5,2,True,False,False,,-1,28.4758,2000
2026-06-26 20:23:46,141,W+8.5,25,True,False,False,,-1,28.5546,2000
2026-06-26 20:24:24,135,W+0.5,14,True,False,False,,-1,28.6935,2000
2026-06-26 20:25:04,162,B+23.5,33,True,False,False,,-1,28.7812,2000
2026-06-26 20:25:33,111,W+0.5,19,True,False,False,,-1,28.7511,2000
2026-06-26 20:25:59,97,W+1.5,8,True,False,False,,-1,28.864,2000
2026-06-26 20:26:24,98,B+2.5,8,True,False,False,,-1,28.8068,2000
2026-06-26 20:26:50,111,W+7.5,13,True,False,False,,-1,28.8407,2000
2026-06-26 20:27:25,124,B+2.5,27,True,False,False,,-1,28.9079,2000
2026-06-26 20:27:58,130,B+2.5,17,True,False,False,,-1,28.8744,2000
2026-06-26 20:28:35,152,B+3.5,26,True,False,False,,-1,28.9086,2000
2026-06-26 20:28:55,77,B+7.5,6,True,False,False,,-1,28.7064,2000
2026-06-26 20:29:31,144,B+5.5,22,True,False,False,,-1,28.9789,2000
2026-06-26 20:30:02,115,B+3.5,19,True,False,False,,-1,29.0084,2000
2026-06-26 20:30:31,112,B+3.5,16,True,False,False,,-1,29.033,2000
2026-06-26 20:30:58,104,B+7.5,17,True,False,False,,-1,29.0214,2000
2026-06-26 20:31:28,121,B+3.5,18,True,False,False,,-1,29.0061,2000
2026-06-26 20:32:07,157,B+3.5,21,True,False,False,,-1,29.0748,2000
2026-06-26 20:32:33,106,B+4.5,15,True,False,False,,-1,29.0153,2000
2026-06-26 20:33:03,123,B+0.5,19,True,False,False,,-1,28.9793,2000
2026-06-26 20:33:31,115,B+1.5,14,True,False,False,,-1,28.9611,2000
2026-06-26 20:34:04,118,B+0.5,9,True,False,False,,-1,29.12,2000
2026-06-26 20:34:39,131,W+1.5,23,True,False,False,,-1,29.3855,2000
2026-06-26 20:35:09,109,W+0.5,13,True,False,False,,-1,29.3281,2000
2026-06-26 20:35:46,142,B+4.5,27,True,False,False,,-1,29.4092,2000
2026-06-26 20:36:14,117,B+0.5,16,True,False,False,,-1,29.4272,2000
2026-06-26 20:36:41,95,B+1.5,13,True,False,False,,-1,29.3599,2000
2026-06-26 20:37:08,115,B+2.5,17,True,False,False,,-1,29.2972,2000
2026-06-26 20:37:46,153,B+0.5,29,True,False,False,,-1,29.4219,2000
2026-06-26 20:38:15,116,B+8.5,13,True,False,False,,-1,29.4169,2000
2026-06-26 20:38:40,97,B+2.5,10,True,False,False,,-1,29.3885,2000
2026-06-26 20:39:08,108,B+0.5,18,True,False,False,,-1,29.3974,2000
2026-06-26 20:39:18,33,B+0.5,4,True,False,False,,-1,29.2082,2000
2026-06-26 20:39:47,116,B+2.5,22,True,False,False,,-1,29.0905,2000
2026-06-26 20:40:19,114,W+0.5,18,True,False,False,,-1,29.102,2000
2026-06-26 20:40:26,24,W+7.5,2,True,False,False,,-1,29.112,2000
2026-06-26 20:41:02,132,B+0.5,21,True,False,False,,-1,29.1512,2000
2026-06-26 20:41:30,105,B+0.5,11,True,False,False,,-1,29.157,2000
2026-06-26 20:41:38,28,W+9.5,2,True,False,False,,-1,29.0131,2000
2026-06-26 20:42:06,101,B+0.5,15,True,False,False,,-1,28.9764,2000
2026-06-26 20:42:34,104,B+2.5,12,True,False,False,,-1,28.9048,2000
2026-06-26 20:43:10,162,W+1.5,23,True,False,False,,-1,28.8971,2000
2026-06-26 20:43:39,106,B+0.5,10,True,False,False,,-1,28.7698,2000
2026-06-26 20:44:08,121,B+1.5,18,True,False,False,,-1,28.7804,2000
2026-06-26 20:44:47,159,W+3.5,25,True,False,False,,-1,28.9643,2000
2026-06-26 20:45:17,105,W+0.5,14,True,False,False,,-1,28.9658,2000
2026-06-26 20:45:47,119,B+1.5,19,True,False,False,,-1,28.956,2000
2026-06-26 20:46:11,91,W+1.5,12,True,False,False,,-1,28.8318,2000
2026-06-26 20:46:37,100,W+2.5,8,True,False,False,,-1,28.7708,2000
2026-06-26 20:47:13,142,B+1.5,30,True,False,False,,-1,28.782,2000
2026-06-26 20:47:50,132,B+0.5,19,True,False,False,,-1,29.0861,2000
2026-06-26 20:48:22,128,W+2.5,20,True,False,False,,-1,29.1551,2000
2026-06-26 20:48:51,117,B+1.5,15,True,False,False,,-1,29.0681,2000
2026-06-26 20:49:16,98,B+0.5,12,True,False,False,,-1,29.0321,2000
2026-06-26 20:49:45,121,W+1.5,19,True,False,False,,-1,28.9933,2000
2026-06-26 20:50:18,125,W+1.5,20,True,False,False,,-1,28.9827,2000
2026-06-26 20:50:46,106,W+1.5,17,True,False,False,,-1,28.9672,2000
2026-06-26 20:51:17,112,B+1.5,12,True,False,False,,-1,29.0482,2000
2026-06-26 20:51:47,128,W+0.5,14,True,False,False,,-1,29.0566,2000
2026-06-26 20:52:17,125,W+0.5,23,True,False,False,,-1,29.0578,2000
2026-06-26 20:52:45,99,B+1.5,8,True,False,False,,-1,29.0524,2000
2026-06-26 20:53:24,154,W+0.5,30,True,False,False,,-1,29.1541,2000
2026-06-26 20:53:54,118,B+1.5,18,True,False,False,,-1,29.1848,2000
2026-06-26 20:54:19,93,B+0.5,7,True,False,False,,-1,29.0124,2000
2026-06-26 20:54:48,124,W+0.5,19,True,False,False,,-1,28.9914,2000
2026-06-26 20:55:13,103,W+0.5,19,True,False,False,,-1,29.0244,2000
2026-06-26 20:55:49,122,B+6.5,23,True,False,False,,-1,29.0907,2000
2026-06-26 20:56:35,162,B+29.5,21,True,False,False,,-1,29.2361,2000
2026-06-26 20:57:07,122,B+1.5,17,True,False,False,,-1,29.286,2000
2026-06-26 20:57:33,103,B+5.5,13,True,False,False,,-1,29.3206,2000
2026-06-26 20:57:43,34,W+9.5,2,True,False,False,,-1,29.2185,2000
2026-06-26 20:58:16,125,B+3.5,24,True,False,False,,-1,29.2654,2000
2026-06-26 20:58:51,128,B+3.5,27,True,False,False,,-1,29.4037,2000
2026-06-26 20:59:17,109,B+1.5,14,True,False,False,,-1,29.3075,2000
2026-06-26 20:59:56,160,B+0.5,36,True,False,False,,-1,29.3171,2000
2026-06-26 21:00:23,108,B+0.5,9,True,False,False,,-1,29.3442,2000
2026-06-26 21:01:01,154,B+0.5,29,True,False,False,,-1,29.4055,2000
2026-06-26 21:01:29,105,B+2.5,13,True,False,False,,-1,29.4452,2000
2026-06-26 21:01:56,104,B+4.5,11,True,False,False,,-1,29.4292,2000
2026-06-26 21:02:36,162,B+8.5,32,True,False,False,,-1,29.5612,2000
2026-06-26 21:03:11,143,W+2.5,23,True,False,False,,-1,29.6239,2000
2026-06-26 21:03:37,108,B+1.5,10,True,False,False,,-1,29.8314,2000
2026-06-26 21:04:04,99,B+2.5,10,True,False,False,,-1,29.8622,2000
2026-06-26 21:04:29,97,W+2.5,8,True,False,False,,-1,29.8951,2000
2026-06-26 21:05:06,141,W+0.5,28,True,False,False,,-1,29.8669,2000
2026-06-26 21:05:30,88,B+3.5,5,True,False,False,,-1,29.7013,2000
2026-06-26 21:06:00,109,W+0.5,15,True,False,False,,-1,29.6505,2000
2026-06-26 21:06:39,150,B+8.5,33,True,False,False,,-1,29.6977,2000
2026-06-26 21:07:15,141,W+0.5,17,True,False,False,,-1,29.7196,2000
2026-06-26 21:07:50,135,B+0.5,18,True,False,False,,-1,29.9921,2000
2026-06-26 21:08:25,130,B+7.5,16,True,False,False,,-1,30.0545,2000
2026-06-26 21:08:48,86,B+2.5,10,True,False,False,,-1,29.9342,2000
2026-06-26 21:09:31,162,B+20.5,35,True,False,False,,-1,30.0746,2000
2026-06-26 21:10:03,109,W+1.5,10,True,False,False,,-1,30.1309,2000
2026-06-26 21:10:36,130,B+1.5,22,True,False,False,,-1,30.1608,2000
2026-06-26 21:11:09,133,W+0.5,17,True,False,False,,-1,30.1228,2000
2026-06-26 21:11:51,162,B+4.5,20,True,False,False,,-1,30.1884,2000
2026-06-26 21:12:18,109,W+2.5,16,True,False,False,,-1,30.1512,2000
2026-06-26 21:12:53,131,W+2.5,23,True,False,False,,-1,30.1701,2000
2026-06-26 21:13:17,97,W+1.5,16,True,False,False,,-1,30.1419,2000
2026-06-26 21:13:23,20,W+7.5,2,True,False,False,,-1,30.1257,2000
2026-06-26 21:13:39,62,W+0.5,11,True,False,False,,-1,29.9339,2000
2026-06-26 21:14:07,100,B+2.5,12,True,False,False,,-1,29.8299,2000
2026-06-26 21:14:36,118,B+1.5,19,True,False,False,,-1,29.7105,2000
2026-06-26 21:15:06,115,B+5.5,18,True,False,False,,-1,29.7225,2000
2026-06-26 21:15:41,162,B+5.5,31,True,False,False,,-1,29.8161,2000
2026-06-26 21:16:21,162,W+6.5,37,True,False,False,,-1,29.9587,2000
2026-06-26 21:16:53,128,B+0.5,21,True,False,False,,-1,30.0194,2000
2026-06-26 21:17:20,102,B+1.5,12,True,False,False,,-1,29.9542,2000
2026-06-26 21:17:44,97,B+1.5,5,True,False,False,,-1,29.8533,2000
2026-06-26 21:18:17,123,W+3.5,21,True,False,False,,-1,29.817,2000
2026-06-26 21:18:49,115,B+3.5,11,True,False,False,,-1,29.9351,2000
2026-06-26 21:19:28,161,B+2.5,27,True,False,False,,-1,29.973,2000
2026-06-26 21:20:02,125,W+0.5,16,True,False,False,,-1,29.9975,2000
2026-06-26 21:20:29,107,W+2.5,12,True,False,False,,-1,29.982,2000
2026-06-26 21:20:42,52,W+13.5,2,True,False,False,,-1,29.8438,2000
2026-06-26 21:21:12,117,W+0.5,15,True,False,False,,-1,29.8407,2000
2026-06-26 21:21:47,138,B+5.5,19,True,False,False,,-1,29.8008,2000
2026-06-26 21:22:17,112,B+0.5,18,True,False,False,,-1,29.8439,2000
2026-06-26 21:22:42,93,B+1.5,11,True,False,False,,-1,29.7851,2000
2026-06-26 21:22:59,67,B+4.5,5,True,False,False,,-1,29.6729,2000
2026-06-26 21:23:22,85,B+2.5,8,True,False,False,,-1,29.5863,2000
2026-06-26 21:23:54,135,B+5.5,24,True,False,False,,-1,29.5429,2000
2026-06-26 21:24:22,112,W+1.5,14,True,False,False,,-1,29.534,2000
2026-06-26 21:24:51,110,B+1.5,16,True,False,False,,-1,29.4499,2000
2026-06-26 21:25:25,126,B+1.5,19,True,False,False,,-1,29.505,2000
2026-06-26 21:25:55,118,W+2.5,15,True,False,False,,-1,29.5424,2000
2026-06-26 21:26:32,149,W+6.5,26,True,False,False,,-1,29.6376,2000
2026-06-26 21:26:57,90,B+2.5,5,True,False,False,,-1,29.5068,2000
2026-06-26 21:27:24,98,B+1.5,8,True,False,False,,-1,29.4843,2000
2026-06-26 21:27:50,104,B+0.5,13,True,False,False,,-1,29.4968,2000
2026-06-26 21:28:10,71,B+1.5,4,True,False,False,,-1,29.4254,2000
2026-06-26 21:28:41,119,W+4.5,15,True,False,False,,-1,29.6305,2000
2026-06-26 21:29:19,145,W+3.5,26,True,False,False,,-1,29.708,2000
2026-06-26 21:29:49,121,W+1.5,20,True,False,False,,-1,29.6972,2000
2026-06-26 21:30:17,105,B+2.5,16,True,False,False,,-1,29.9105,2000
2026-06-26 21:30:46,114,B+2.5,13,True,False,False,,-1,29.8391,2000
2026-06-26 21:31:13,99,W+2.5,13,True,False,False,,-1,29.8333,2000
2026-06-26 21:31:40,105,B+2.5,14,True,False,False,,-1,30.0112,2000
2026-06-26 21:32:04,88,B+1.5,8,True,False,False,,-1,29.9719,2000
2026-06-26 21:32:37,130,W+3.5,25,True,False,False,,-1,30.0291,2000
2026-06-26 21:33:13,140,B+1.5,19,True,False,False,,-1,30.0286,2000
2026-06-26 21:33:43,112,B+2.5,19,True,False,False,,-1,30.0439,2000
2026-06-26 21:34:08,96,B+3.5,11,True,False,False,,-1,29.9981,2000
2026-06-26 21:34:35,108,B+2.5,12,True,False,False,,-1,29.8758,2000
2026-06-26 21:35:09,142,B+3.5,22,True,False,False,,-1,29.9225,2000
2026-06-26 21:35:36,96,B+4.5,9,True,False,False,,-1,29.8852,2000
2026-06-26 21:36:06,115,B+3.5,17,True,False,False,,-1,29.9422,2000
2026-06-26 21:36:47,160,B+5.5,38,True,False,False,,-1,30.0962,2000
2026-06-26 21:37:24,162,B+4.5,15,True,False,False,,-1,30.1093,2000
2026-06-26 21:37:49,98,B+5.5,10,True,False,False,,-1,29.9965,2000
2026-06-26 21:38:18,113,W+0.5,16,True,False,False,,-1,29.9624,2000
2026-06-26 21:38:53,146,B+9.5,29,True,False,False,,-1,30.0159,2000
2026-06-26 21:39:26,138,B+5.5,28,True,False,False,,-1,30.1053,2000
2026-06-26 21:40:02,133,W+1.5,22,True,False,False,,-1,30.1647,2000
2026-06-26 21:40:34,128,B+2.5,21,True,False,False,,-1,30.1539,2000
2026-06-26 21:41:14,159,W+0.5,32,True,False,False,,-1,30.2723,2000
2026-06-26 21:41:44,110,W+4.5,14,True,False,False,,-1,30.2652,2000
2026-06-26 21:42:09,98,W+1.5,17,True,False,False,,-1,30.2118,2000
2026-06-26 21:42:40,109,W+3.5,12,True,False,False,,-1,30.2302,2000
2026-06-26 21:43:10,108,W+1.5,9,True,False,False,,-1,30.2488,2000
2026-06-26 21:43:39,110,W+2.5,16,True,False,False,,-1,30.1438,2000
2026-06-26 21:44:05,106,B+2.5,10,True,False,False,,-1,30.1069,2000
2026-06-26 21:44:31,100,B+2.5,11,True,False,False,,-1,30.1212,2000
2026-06-26 21:45:11,162,B+4.5,30,True,False,False,,-1,30.2196,2000
2026-06-26 21:45:41,123,W+2.5,16,True,False,False,,-1,30.2717,2000
2026-06-26 21:45:57,55,B+1.5,4,True,False,False,,-1,30.0754,2000
2026-06-26 21:46:23,95,W+0.5,10,True,False,False,,-1,29.8725,2000
2026-06-26 21:46:29,22,W+7.5,2,True,False,False,,-1,29.6212,2000
2026-06-26 21:46:40,40,W+4.5,2,True,False,False,,-1,29.4673,2000
2026-06-26 21:47:07,107,W+10.5,16,True,False,False,,-1,29.6379,2000
2026-06-26 21:47:32,97,W+0.5,11,True,False,False,,-1,29.5636,2000
2026-06-26 21:48:05,142,B+2.5,29,True,False,False,,-1,29.5375,2000
2026-06-26 21:48:36,135,W+1.5,29,True,False,False,,-1,29.5867,2000
2026-06-26 21:49:03,105,W+0.5,17,True,False,False,,-1,29.4663,2000
2026-06-26 21:49:09,22,W+7.5,2,True,False,False,,-1,29.2558,2000
2026-06-26 21:49:34,91,B+2.5,8,True,False,False,,-1,29.1288,2000
2026-06-26 21:50:00,99,W+1.5,14,True,False,False,,-1,29.1079,2000
2026-06-26 21:50:30,118,B+0.5,21,True,False,False,,-1,29.1374,2000
2026-06-26 21:50:57,95,B+5.5,11,True,False,False,,-1,29.0075,2000
2026-06-26 21:51:18,94,B+1.5,10,True,False,False,,-1,28.8665,2000
2026-06-26 21:51:49,116,B+1.5,19,True,False,False,,-1,28.9186,2000
2026-06-26 21:52:22,128,W+2.5,17,True,False,False,,-1,28.9848,2000
2026-06-26 21:52:54,129,W+8.5,21,True,False,False,,-1,29.0551,2000
2026-06-26 21:53:17,96,B+0.5,8,True,False,False,,-1,28.9103,2000
2026-06-26 21:53:45,103,W+0.5,16,True,False,False,,-1,28.9495,2000
2026-06-26 21:54:16,119,B+3.5,17,True,False,False,,-1,28.9635,2000
2026-06-26 21:54:55,134,B+3.5,15,True,False,False,,-1,28.9615,2000
2026-06-26 21:55:23,108,B+0.5,15,True,False,False,,-1,28.874,2000
2026-06-26 21:55:50,115,W+0.5,16,True,False,False,,-1,28.7966,2000
2026-06-26 21:56:24,133,W+3.5,19,True,False,False,,-1,28.7878,2000
2026-06-26 21:57:06,162,W+0.5,32,True,False,False,,-1,28.9818,2000
2026-06-26 21:57:39,135,B+1.5,26,True,False,False,,-1,28.8725,2000
2026-06-26 21:58:03,84,B+1.5,7,True,False,False,,-1,28.7968,2000
2026-06-26 21:58:40,151,W+2.5,24,True,False,False,,-1,28.8361,2000
2026-06-26 21:59:19,162,W+36.5,29,True,False,False,,-1,28.9035,2000
2026-06-26 21:59:48,109,W+1.5,12,True,False,False,,-1,28.7612,2000
2026-06-26 22:00:31,161,W+5.5,26,True,False,False,,-1,28.9205,2000
2026-06-26 22:01:01,109,W+5.5,13,True,False,False,,-1,28.8693,2000
2026-06-26 22:01:28,106,B+1.5,9,True,False,False,,-1,28.9105,2000
2026-06-26 22:01:54,103,B+0.5,12,True,False,False,,-1,29.1118,2000
2026-06-26 22:02:33,162,W+0.5,32,True,False,False,,-1,29.3326,2000
2026-06-26 22:03:02,116,B+1.5,15,True,False,False,,-1,29.3467,2000
2026-06-26 22:03:32,126,B+5.5,18,True,False,False,,-1,29.3659,2000
2026-06-26 22:03:56,90,B+4.5,4,True,False,False,,-1,29.3058,2000
2026-06-26 22:04:26,118,B+8.5,14,True,False,False,,-1,29.2524,2000
2026-06-26 22:04:58,126,B+1.5,18,True,False,False,,-1,29.1743,2000
2026-06-26 22:05:31,135,B+3.5,27,True,False,False,,-1,29.1845,2000
2026-06-26 22:06:07,162,W+4.5,14,True,False,False,,-1,29.268,2000
2026-06-26 22:06:35,105,B+4.5,14,True,False,False,,-1,29.3114,2000
2026-06-26 22:07:02,101,W+0.5,13,True,False,False,,-1,29.2516,2000
2026-06-26 22:07:36,120,B+2.5,19,True,False,False,,-1,29.269,2000
2026-06-26 22:08:13,137,W+0.5,21,True,False,False,,-1,29.2472,2000
2026-06-26 22:08:39,102,B+0.5,15,True,False,False,,-1,29.1715,2000
2026-06-26 22:09:04,93,B+1.5,8,True,False,False,,-1,29.1405,2000
2026-06-26 22:09:33,120,B+2.5,17,True,False,False,,-1,29.3095,2000
2026-06-26 22:09:59,111,B+2.5,11,True,False,False,,-1,29.2718,2000
2026-06-26 22:10:28,113,W+3.5,17,True,False,False,,-1,29.2054,2000
2026-06-26 22:10:55,96,B+6.5,8,True,False,False,,-1,29.1689,2000
2026-06-26 22:11:29,139,B+2.5,20,True,False,False,,-1,29.2724,2000
2026-06-26 22:11:53,96,B+2.5,6,True,False,False,,-1,29.3339,2000
2026-06-26 22:12:26,117,W+0.5,22,True,False,False,,-1,29.429,2000
2026-06-26 22:12:59,139,B+7.5,26,True,False,False,,-1,29.4535,2000
2026-06-26 22:13:07,24,W+7.5,2,True,False,False,,-1,29.2409,2000
2026-06-26 22:13:44,124,B+3.5,19,True,False,False,,-1,29.3241,2000
2026-06-26 22:14:17,128,B+7.5,15,True,False,False,,-1,29.3141,2000
2026-06-26 22:14:58,152,W+3.5,31,True,False,False,,-1,29.4311,2000
2026-06-26 22:15:29,119,W+0.5,12,True,False,False,,-1,29.3621,2000
2026-06-26 22:15:55,88,B+10.5,6,True,False,False,,-1,29.378,2000
2026-06-26 22:16:17,92,B+1.5,6,True,False,False,,-1,29.3298,2000
2026-06-26 22:16:42,98,W+0.5,15,True,False,False,,-1,29.319,2000
2026-06-26 22:17:10,104,B+1.5,13,True,False,False,,-1,29.3933,2000
2026-06-26 22:17:43,121,W+1.5,13,True,False,False,,-1,29.4213,2000
2026-06-26 22:18:19,137,B+6.5,28,True,False,False,,-1,29.3988,2000
2026-06-26 22:18:46,111,W+2.5,14,True,False,False,,-1,29.3631,2000
2026-06-26 22:19:21,138,B+1.5,25,True,False,False,,-1,29.4423,2000
2026-06-26 22:19:49,116,B+0.5,16,True,False,False,,-1,29.4291,2000
2026-06-26 22:19:54,22,W+6.5,2,True,False,False,,-1,29.2108,2000
2026-06-26 22:20:24,112,B+2.5,19,True,False,False,,-1,29.2453,2000
2026-06-26 22:21:00,145,W+3.5,33,True,False,False,,-1,29.3649,2000
2026-06-26 22:21:25,103,W+2.5,10,True,False,False,,-1,29.2849,2000
2026-06-26 22:21:55,115,B+0.5,12,True,False,False,,-1,29.2152,2000
2026-06-26 22:22:40,161,W+9.5,40,True,False,False,,-1,29.3659,2000
2026-06-26 22:23:05,97,B+0.5,10,True,False,False,,-1,29.3719,2000
2026-06-26 22:23:31,107,B+1.5,16,True,False,False,,-1,29.3541,2000
2026-06-26 22:24:00,116,B+0.5,16,True,False,False,,-1,29.3066,2000
2026-06-26 22:24:35,127,B+0.5,20,True,False,False,,-1,29.3897,2000
2026-06-26 22:25:08,127,W+2.5,19,True,False,False,,-1,29.4198,2000
2026-06-26 22:25:36,104,W+3.5,10,True,False,False,,-1,29.2815,2000
2026-06-26 22:26:01,99,B+3.5,7,True,False,False,,-1,29.1683,2000
2026-06-26 22:26:29,106,B+0.5,14,True,False,False,,-1,29.193,2000
2026-06-26 22:26:54,102,B+0.5,13,True,False,False,,-1,29.1557,2000
2026-06-26 22:27:21,107,B+1.5,12,True,False,False,,-1,29.0853,2000
2026-06-26 22:27:59,149,W+1.5,25,True,False,False,,-1,29.1248,2000
2026-06-26 22:28:28,114,W+0.5,14,True,False,False,,-1,29.0625,2000
2026-06-26 22:28:58,117,W+0.5,14,True,False,False,,-1,29.0378,2000
2026-06-26 22:29:32,130,B+2.5,22,True,False,False,,-1,28.9798,2000
2026-06-26 22:29:59,107,W+1.5,11,True,False,False,,-1,28.9549,2000
2026-06-26 22:30:21,84,W+5.5,6,True,False,False,,-1,28.92,2000
2026-06-26 22:30:49,103,B+1.5,11,True,False,False,,-1,28.8843,2000
2026-06-26 22:31:20,120,W+1.5,19,True,False,False,,-1,28.8959,2000
2026-06-26 22:31:45,98,W+0.5,9,True,False,False,,-1,28.8598,2000
2026-06-26 22:31:51,20,W+8.5,2,True,False,False,,-1,28.6557,2000
2026-06-26 22:32:21,107,B+4.5,12,True,False,False,,-1,28.6964,2000
2026-06-26 22:33:05,162,B+8.5,35,True,False,False,,-1,28.7394,2000
2026-06-26 22:33:29,95,B+4.5,11,True,False,False,,-1,28.6831,2000
2026-06-26 22:34:13,162,W+6.5,34,True,False,False,,-1,28.9613,2000
2026-06-26 22:34:43,119,W+2.5,15,True,False,False,,-1,29.0045,2000
2026-06-26 22:35:09,99,W+0.5,14,True,False,False,,-1,29.1987,2000
2026-06-26 22:35:43,134,W+0.5,28,True,False,False,,-1,29.4255,2000
2026-06-26 22:36:08,97,W+0.5,8,True,False,False,,-1,29.4097,2000
2026-06-26 22:36:38,116,B+1.5,16,True,False,False,,-1,29.4536,2000
2026-06-26 22:37:08,118,B+4.5,18,True,False,False,,-1,29.4274,2000
2026-06-26 22:37:40,116,B+0.5,13,True,False,False,,-1,29.4356,2000
2026-06-26 22:38:05,97,W+1.5,11,True,False,False,,-1,29.4198,2000
2026-06-26 22:38:34,112,B+1.5,18,True,False,False,,-1,29.6481,2000
2026-06-26 22:38:58,102,B+1.5,13,True,False,False,,-1,29.6384,2000
2026-06-26 22:39:30,124,B+0.5,16,True,False,False,,-1,29.6963,2000
2026-06-26 22:39:59,109,W+2.5,17,True,False,False,,-1,29.6791,2000
2026-06-26 22:40:28,111,W+1.5,11,True,False,False,,-1,29.7133,2000
2026-06-26 22:40:36,28,W+7.5,2,True,False,False,,-1,29.5786,2000
2026-06-26 22:41:04,107,W+0.5,13,True,False,False,,-1,29.5398,2000
2026-06-26 22:41:42,162,B+5.5,32,True,False,False,,-1,29.5891,2000
2026-06-26 22:42:08,108,B+2.5,19,True,False,False,,-1,29.5356,2000
2026-06-26 22:42:40,124,B+3.5,20,True,False,False,,-1,29.6276,2000
2026-06-26 22:43:09,119,W+0.5,13,True,False,False,,-1,29.634,2000
2026-06-26 22:43:41,125,W+0.5,21,True,False,False,,-1,29.6432,2000
2026-06-26 22:44:22,162,B+4.5,36,True,False,False,,-1,29.6664,2000
2026-06-26 22:45:00,162,W+1.5,26,True,False,False,,-1,29.7728,2000
2026-06-26 22:45:27,107,W+1.5,17,True,False,False,,-1,29.7705,2000
2026-06-26 22:45:55,121,B+0.5,18,True,False,False,,-1,29.7058,2000
2026-06-26 22:46:26,135,B+5.5,18,True,False,False,,-1,29.5943,2000
2026-06-26 22:46:49,88,B+1.5,9,True,False,False,,-1,29.4995,2000
2026-06-26 22:47:18,113,B+3.5,15,True,False,False,,-1,29.5544,2000
2026-06-26 22:47:46,105,B+4.5,13,True,False,False,,-1,29.4576,2000
2026-06-26 22:48:17,125,W+2.5,19,True,False,False,,-1,29.3804,2000
2026-06-26 22:48:47,113,W+2.5,10,True,False,False,,-1,29.3924,2000
2026-06-26 22:49:16,108,B+1.5,12,True,False,False,,-1,29.2522,2000
2026-06-26 22:49:53,152,B+2.5,34,True,False,False,,-1,29.3238,2000
2026-06-26 22:50:24,120,W+1.5,12,True,False,False,,-1,29.3604,2000
2026-06-26 22:50:56,120,B+0.5,13,True,False,False,,-1,29.4165,2000
2026-06-26 22:51:09,45,B+0.5,5,True,False,False,,-1,29.1561,2000
2026-06-26 22:51:41,128,B+0.5,17,True,False,False,,-1,29.1875,2000
2026-06-26 22:52:06,101,B+3.5,7,True,False,False,,-1,29.1319,2000
2026-06-26 22:52:38,126,B+6.5,22,True,False,False,,-1,29.2129,2000
2026-06-26 22:53:07,106,B+2.5,10,True,False,False,,-1,29.2043,2000
2026-06-26 22:53:40,125,W+0.5,20,True,False,False,,-1,29.2125,2000
2026-06-26 22:54:05,99,W+1.5,10,True,False,False,,-1,29.1313,2000
2026-06-26 22:54:31,94,B+1.5,9,True,False,False,,-1,29.0372,2000
2026-06-26 22:54:58,107,B+3.5,14,True,False,False,,-1,29.0252,2000
2026-06-26 22:55:25,109,B+7.5,18,True,False,False,,-1,29.0243,2000
2026-06-26 22:55:49,92,W+2.5,12,True,False,False,,-1,28.9237,2000
2026-06-26 22:56:20,125,W+1.5,21,True,False,False,,-1,28.8618,2000
2026-06-26 22:56:54,128,B+1.5,20,True,False,False,,-1,28.9531,2000
2026-06-26 22:57:10,58,W+5.5,2,True,False,False,,-1,28.8626,2000
2026-06-26 22:57:26,61,B+3.5,3,True,False,False,,-1,28.7229,2000
2026-06-26 22:57:49,93,B+3.5,13,True,False,False,,-1,28.6909,2000
2026-06-26 22:58:18,104,B+0.5,9,True,False,False,,-1,28.6958,2000
2026-06-26 22:58:47,114,B+1.5,11,True,False,False,,-1,28.7264,2000
2026-06-26 22:59:16,112,B+11.5,15,True,False,False,,-1,28.6694,2000
2026-06-26 22:59:43,99,W+0.5,9,True,False,False,,-1,28.7001,2000
2026-06-26 23:00:19,142,B+2.5,24,True,False,False,,-1,28.728,2000
2026-06-26 23:00:45,106,B+1.5,9,True,False,False,,-1,28.6561,2000
2026-06-26 23:01:12,105,B+2.5,13,True,False,False,,-1,28.8517,2000
2026-06-26 23:01:40,106,B+1.5,13,True,False,False,,-1,28.7634,2000
2026-06-26 23:02:07,107,B+2.5,18,True,False,False,,-1,28.6975,2000
2026-06-26 23:02:30,88,B+2.5,10,True,False,False,,-1,28.514,2000
2026-06-26 23:02:56,100,B+1.5,8,True,False,False,,-1,28.4693,2000
2026-06-26 23:03:32,132,B+1.5,17,True,False,False,,-1,28.5734,2000
2026-06-26 23:04:09,130,W+0.5,24,True,False,False,,-1,28.7197,2000
2026-06-26 23:04:39,116,B+2.5,16,True,False,False,,-1,28.7659,2000
2026-06-26 23:05:06,100,B+4.5,13,True,False,False,,-1,28.7566,2000
2026-06-26 23:05:44,162,W+3.5,10,True,False,False,,-1,28.8009,2000
2026-06-26 23:06:09,100,B+1.5,10,True,False,False,,-1,28.703,2000
2026-06-26 23:06:38,112,B+7.5,16,True,False,False,,-1,28.7168,2000
2026-06-26 23:07:04,101,W+2.5,13,True,False,False,,-1,28.6221,2000
2026-06-26 23:07:34,121,B+0.5,19,True,False,False,,-1,28.6466,2000
2026-06-26 23:07:59,100,B+1.5,12,True,False,False,,-1,28.8415,2000
2026-06-26 23:08:22,79,B+4.5,9,True,False,False,,-1,28.7694,2000
2026-06-26 23:08:52,120,B+0.5,16,True,False,False,,-1,28.7086,2000
2026-06-26 23:09:17,98,B+1.5,11,True,False,False,,-1,28.7151,2000
2026-06-26 23:09:48,117,W+2.5,11,True,False,False,,-1,28.727,2000
2026-06-26 23:10:23,129,W+0.5,17,True,False,False,,-1,28.6217,2000
2026-06-26 23:11:01,162,B+9.5,36,True,False,False,,-1,28.7562,2000
2026-06-26 23:11:38,134,B+6.5,22,True,False,False,,-1,28.8732,2000
2026-06-26 23:12:10,121,B+0.5,14,True,False,False,,-1,28.8962,2000
2026-06-26 23:12:36,98,B+1.5,8,True,False,False,,-1,28.8056,2000
2026-06-26 23:13:10,135,B+1.5,26,True,False,False,,-1,28.8216,2000
2026-06-26 23:13:48,140,B+1.5,21,True,False,False,,-1,28.9251,2000
2026-06-26 23:14:14,93,B+2.5,9,True,False,False,,-1,28.9247,2000
2026-06-26 23:14:43,113,B+30.5,9,True,False,False,,-1,28.9329,2000
2026-06-26 23:15:01,69,B+4.5,5,True,False,False,,-1,28.8701,2000
2026-06-26 23:15:26,93,B+0.5,7,True,False,False,,-1,28.8386,2000
2026-06-26 23:15:54,107,W+4.5,14,True,False,False,,-1,28.7502,2000
2026-06-26 23:16:24,110,W+0.5,16,True,False,False,,-1,28.7516,2000
2026-06-26 23:16:56,130,W+2.5,18,True,False,False,,-1,28.7781,2000
2026-06-26 23:17:22,99,B+5.5,9,True,False,False,,-1,28.6958,2000
2026-06-26 23:17:47,103,W+2.5,15,True,False,False,,-1,28.676,2000
2026-06-26 23:18:15,111,B+0.5,17,True,False,False,,-1,28.7401,2000
2026-06-26 23:18:56,162,B+15.5,31,True,False,False,,-1,28.8682,2000
2026-06-26 23:19:28,117,B+0.5,17,True,False,False,,-1,28.8735,2000
2026-06-26 23:19:54,101,W+2.5,18,True,False,False,,-1,28.8882,2000
2026-06-26 23:20:12,64,W+1.5,5,True,False,False,,-1,29.014,2000
2026-06-26 23:20:45,129,B+1.5,16,True,False,False,,-1,29.0342,2000
2026-06-26 23:21:10,97,B+5.5,11,True,False,False,,-1,28.8532,2000
2026-06-26 23:21:33,90,B+4.5,6,True,False,False,,-1,28.8294,2000
2026-06-26 23:22:05,116,B+2.5,17,True,False,False,,-1,28.7197,2000
2026-06-26 23:22:20,63,B+0.5,4,True,False,False,,-1,28.5693,2000
2026-06-26 23:22:52,117,W+2.5,14,True,False,False,,-1,28.6293,2000
2026-06-26 23:23:20,98,W+2.5,15,True,False,False,,-1,28.565,2000
2026-06-26 23:23:52,123,W+1.5,21,True,False,False,,-1,28.6294,2000
2026-06-26 23:24:17,110,W+2.5,15,True,False,False,,-1,28.5879,2000
2026-06-26 23:24:56,162,B+9.5,34,True,False,False,,-1,28.6786,2000
2026-06-26 23:25:22,99,W+2.5,6,True,False,False,,-1,28.6184,2000
2026-06-26 23:25:50,105,W+2.5,13,True,False,False,,-1,28.6462,2000
2026-06-26 23:26:25,136,B+1.5,23,True,False,False,,-1,28.7086,2000
2026-06-26 23:26:53,99,W+6.5,8,True,False,False,,-1,28.7403,2000
2026-06-26 23:27:23,122,W+0.5,17,True,False,False,,-1,28.7328,2000
2026-06-26 23:27:56,121,W+4.5,19,True,False,False,,-1,28.7684,2000
2026-06-26 23:28:34,148,B+2.5,28,True,False,False,,-1,28.8548,2000
2026-06-26 23:29:12,162,B+4.5,31,True,False,False,,-1,29.1516,2000
2026-06-26 23:29:39,114,W+0.5,15,True,False,False,,-1,29.1526,2000
2026-06-26 23:30:07,107,B+4.5,17,True,False,False,,-1,29.0541,2000
2026-06-26 23:30:49,162,B+21.5,43,True,False,False,,-1,29.1997,2000
2026-06-26 23:31:19,104,B+0.5,12,True,False,False,,-1,29.1849,2000
2026-06-26 23:31:57,140,W+2.5,25,True,False,False,,-1,29.2827,2000
2026-06-26 23:32:38,162,W+11.5,34,True,False,False,,-1,29.3639,2000
2026-06-26 23:32:47,34,W+9.5,2,True,False,False,,-1,29.0441,2000
2026-06-26 23:33:15,110,B+11.5,19,True,False,False,,-1,28.944,2000
2026-06-26 23:33:39,87,B+1.5,10,True,False,False,,-1,28.9111,2000
2026-06-26 23:34:14,138,B+7.5,20,True,False,False,,-1,28.9874,2000
2026-06-26 23:34:45,114,B+1.5,15,True,False,False,,-1,28.9855,2000
2026-06-26 23:35:17,121,W+0.5,20,True,False,False,,-1,29.0754,2000
2026-06-26 23:35:48,126,W+1.5,16,True,False,False,,-1,29.0954,2000
2026-06-26 23:36:15,101,B+2.5,8,True,False,False,,-1,29.0841,2000
2026-06-26 23:36:56,162,B+1.5,39,True,False,False,,-1,29.1829,2000
2026-06-26 23:37:26,120,B+5.5,17,True,False,False,,-1,29.1826,2000
2026-06-26 23:37:52,103,B+1.5,11,True,False,False,,-1,29.1554,2000
2026-06-26 23:38:24,116,B+0.5,13,True,False,False,,-1,29.1063,2000
2026-06-26 23:38:52,108,B+1.5,16,True,False,False,,-1,29.0752,2000
2026-06-26 23:39:16,90,B+2.5,6,True,False,False,,-1,28.9901,2000
2026-06-26 23:39:43,110,W+0.5,16,True,False,False,,-1,29.1427,2000
2026-06-26 23:40:08,101,W+4.5,13,True,False,False,,-1,29.063,2000
2026-06-26 23:40:40,124,B+9.5,18,True,False,False,,-1,29.1374,2000
2026-06-26 23:41:07,106,B+4.5,13,True,False,False,,-1,29.0872,2000
2026-06-26 23:41:44,142,B+2.5,30,True,False,False,,-1,29.1686,2000
2026-06-26 23:42:12,107,W+0.5,13,True,False,False,,-1,29.1183,2000
2026-06-26 23:42:46,119,W+1.5,15,True,False,False,,-1,29.2113,2000
2026-06-26 23:43:05,82,B+2.5,8,True,False,False,,-1,29.1384,2000
2026-06-26 23:43:17,38,W+7.5,2,True,False,False,,-1,28.9868,2000
2026-06-26 23:43:50,127,B+1.5,24,True,False,False,,-1,29.0483,2000
2026-06-26 23:44:13,87,B+1.5,9,True,False,False,,-1,29.0403,2000
2026-06-26 23:44:45,122,W+1.5,16,True,False,False,,-1,29.0456,2000
2026-06-26 23:45:14,113,W+1.5,13,True,False,False,,-1,28.9944,2000
2026-06-26 23:45:57,162,W+1.5,26,True,False,False,,-1,29.2656,2000
2026-06-26 23:46:24,99,W+5.5,14,True,False,False,,-1,29.3742,2000
2026-06-26 23:46:50,106,B+0.5,14,True,False,False,,-1,29.4142,2000
2026-06-26 23:47:17,97,B+0.5,10,True,False,False,,-1,29.3819,2000
2026-06-26 23:47:47,126,B+1.5,21,True,False,False,,-1,29.3954,2000
2026-06-26 23:48:09,81,B+5.5,6,True,False,False,,-1,29.3184,2000
2026-06-26 23:48:39,116,B+3.5,18,True,False,False,,-1,29.3585,2000
2026-06-26 23:49:09,119,W+0.5,19,True,False,False,,-1,29.3016,2000
2026-06-26 23:49:41,117,W+1.5,17,True,False,False,,-1,29.35,2000
2026-06-26 23:50:08,103,B+6.5,15,True,False,False,,-1,29.3596,2000
2026-06-26 23:50:32,85,W+4.5,12,True,False,False,,-1,29.3105,2000
2026-06-26 23:50:42,36,W+7.5,2,True,False,False,,-1,29.1468,2000
2026-06-26 23:51:12,107,W+0.5,10,True,False,False,,-1,29.2135,2000
2026-06-26 23:51:43,119,W+1.5,11,True,False,False,,-1,29.2663,2000
2026-06-26 23:52:12,116,B+2.5,17,True,False,False,,-1,29.1935,2000
2026-06-26 23:52:50,152,B+6.5,25,True,False,False,,-1,29.207,2000
2026-06-26 23:52:59,32,W+7.5,2,True,False,False,,-1,28.9942,2000
2026-06-26 23:53:27,103,W+1.5,9,True,False,False,,-1,29.0087,2000
2026-06-26 23:53:58,113,W+2.5,12,True,False,False,,-1,28.9413,2000
2026-06-26 23:54:26,113,B+1.5,11,True,False,False,,-1,28.9635,2000
2026-06-26 23:55:00,124,B+0.5,13,True,False,False,,-1,29.0186,2000
2026-06-26 23:55:41,158,B+10.5,25,True,False,False,,-1,29.1693,2000
2026-06-26 23:56:16,140,B+1.5,18,True,False,False,,-1,29.2214,2000
2026-06-26 23:56:43,99,B+1.5,12,True,False,False,,-1,29.2365,2000
2026-06-26 23:57:21,141,W+0.5,28,True,False,False,,-1,29.3889,2000
2026-06-26 23:57:45,99,B+2.5,8,True,False,False,,-1,29.3315,2000
2026-06-26 23:58:15,128,W+0.5,25,True,False,False,,-1,29.3736,2000
2026-06-26 23:58:43,112,W+3.5,14,True,False,False,,-1,29.3486,2000
2026-06-26 23:59:15,113,W+1.5,14,True,False,False,,-1,29.3226,2000
2026-06-26 23:59:43,113,B+3.5,18,True,False,False,,-1,29.2134,2000
2026-06-27 00:00:13,118,B+1.5,19,True,False,False,,-1,29.145,2000
2026-06-27 00:00:36,101,W+1.5,16,True,False,False,,-1,29.055,2000
2026-06-27 00:01:02,102,B+1.5,10,True,False,False,,-1,29.0566,2000
2026-06-27 00:01:27,103,B+3.5,14,True,False,False,,-1,28.9596,2000
2026-06-27 00:01:59,128,B+2.5,17,True,False,False,,-1,28.9095,2000
2026-06-27 00:02:31,114,B+3.5,15,True,False,False,,-1,28.9675,2000
2026-06-27 00:03:02,122,B+3.5,15,True,False,False,,-1,28.9957,2000
2026-06-27 00:03:34,115,W+4.5,22,True,False,False,,-1,29.1217,2000
2026-06-27 00:03:59,92,B+5.5,6,True,False,False,,-1,29.1318,2000
2026-06-27 00:04:42,162,B+4.5,35,True,False,False,,-1,29.2693,2000
2026-06-27 00:05:17,162,W+2.5,9,True,False,False,,-1,29.325,2000
2026-06-27 00:05:47,130,B+5.5,25,True,False,False,,-1,29.3028,2000
2026-06-27 00:06:26,160,B+4.5,30,True,False,False,,-1,29.4449,2000
2026-06-27 00:06:52,96,B+0.5,6,True,False,False,,-1,29.4413,2000
2026-06-27 00:07:32,153,B+4.5,26,True,False,False,,-1,29.5595,2000
2026-06-27 00:08:02,110,B+2.5,16,True,False,False,,-1,29.4542,2000
2026-06-27 00:08:29,114,B+4.5,18,True,False,False,,-1,29.4118,2000
2026-06-27 00:08:37,24,W+7.5,2,True,False,False,,-1,29.2224,2000
2026-06-27 00:09:00,93,B+1.5,9,True,False,False,,-1,29.2762,2000
2026-06-27 00:09:28,104,B+5.5,12,True,False,False,,-1,29.2299,2000
2026-06-27 00:10:10,162,W+40.5,30,True,False,False,,-1,29.3911,2000
2026-06-27 00:10:15,22,W+7.5,2,True,False,False,,-1,29.2217,2000
2026-06-27 00:10:45,115,B+2.5,19,True,False,False,,-1,29.1949,2000
2026-06-27 00:11:13,103,B+2.5,13,True,False,False,,-1,29.3268,2000
2026-06-27 00:11:38,96,W+1.5,13,True,False,False,,-1,29.251,2000
2026-06-27 00:11:49,44,W+12.5,3,True,False,False,,-1,29.0858,2000
2026-06-27 00:12:19,120,B+1.5,15,True,False,False,,-1,29.0715,2000
2026-06-27 00:12:47,117,W+0.5,16,True,False,False,,-1,29.1029,2000
2026-06-27 00:13:16,112,B+2.5,13,True,False,False,,-1,28.9916,2000
2026-06-27 00:13:50,137,W+14.5,30,True,False,False,,-1,29.0794,2000
2026-06-27 00:14:22,120,B+2.5,14,True,False,False,,-1,29.1162,2000
2026-06-27 00:15:00,135,W+1.5,24,True,False,False,,-1,29.1459,2000
2026-06-27 00:15:39,147,W+1.5,25,True,False,False,,-1,29.2586,2000
2026-06-27 00:16:14,137,B+6.5,23,True,False,False,,-1,29.3033,2000
2026-06-27 00:16:43,111,B+2.5,14,True,False,False,,-1,29.2674,2000
2026-06-27 00:17:08,92,B+0.5,9,True,False,False,,-1,29.1347,2000
2026-06-27 00:17:41,130,B+1.5,22,True,False,False,,-1,29.0887,2000
2026-06-27 00:18:08,102,B+3.5,17,True,False,False,,-1,29.0858,2000
2026-06-27 00:18:41,123,W+2.5,14,True,False,False,,-1,29.1353,2000
2026-06-27 00:19:08,103,W+5.5,15,True,False,False,,-1,28.9943,2000
2026-06-27 00:19:36,110,B+5.5,12,True,False,False,,-1,28.9649,2000
2026-06-27 00:20:05,110,B+5.5,18,True,False,False,,-1,28.8711,2000
2026-06-27 00:20:31,100,B+1.5,14,True,False,False,,-1,28.7353,2000
2026-06-27 00:20:51,69,B+5.5,6,True,False,False,,-1,28.8416,2000
2026-06-27 00:21:16,99,B+2.5,13,True,False,False,,-1,28.8081,2000
2026-06-27 00:21:44,101,B+2.5,9,True,False,False,,-1,28.8523,2000
2026-06-27 00:22:21,131,W+2.5,21,True,False,False,,-1,28.8658,2000
2026-06-27 00:22:30,38,W+4.5,2,True,False,False,,-1,28.6474,2000
2026-06-27 00:22:55,110,B+1.5,22,True,False,False,,-1,28.5831,2000
2026-06-27 00:23:37,161,W+1.5,24,True,False,False,,-1,28.6821,2000
2026-06-27 00:24:09,129,B+0.5,16,True,False,False,,-1,28.7366,2000
2026-06-27 00:24:40,121,W+1.5,18,True,False,False,,-1,28.6382,2000
2026-06-27 00:25:11,126,B+2.5,20,True,False,False,,-1,28.6505,2000
2026-06-27 00:25:17,28,W+7.5,2,True,False,False,,-1,28.446,2000
2026-06-27 00:25:43,108,B+2.5,15,True,False,False,,-1,28.3821,2000
2026-06-27 00:25:49,24,W+7.5,2,True,False,False,,-1,28.1609,2000
2026-06-27 00:26:22,125,W+3.5,18,True,False,False,,-1,28.2608,2000
2026-06-27 00:26:51,116,B+3.5,18,True,False,False,,-1,28.2794,2000
2026-06-27 00:27:26,137,B+3.5,25,True,False,False,,-1,28.3798,2000
2026-06-27 00:27:53,100,B+2.5,8,True,False,False,,-1,28.3266,2000
2026-06-27 00:28:10,65,B+1.5,4,True,False,False,,-1,28.2305,2000
2026-06-27 00:28:38,96,W+1.5,8,True,False,False,,-1,28.1314,2000
2026-06-27 00:29:08,119,W+2.5,13,True,False,False,,-1,28.1616,2000
2026-06-27 00:29:41,131,W+0.5,22,True,False,False,,-1,28.1462,2000
2026-06-27 00:30:10,111,B+2.5,18,True,False,False,,-1,28.2418,2000
2026-06-27 00:30:39,116,B+1.5,11,True,False,False,,-1,28.4239,2000
2026-06-27 00:31:07,110,B+4.5,15,True,False,False,,-1,28.3727,2000
2026-06-27 00:31:34,102,B+1.5,14,True,False,False,,-1,28.4144,2000
2026-06-27 00:32:03,106,B+2.5,14,True,False,False,,-1,28.3825,2000
2026-06-27 00:32:35,127,W+1.5,20,True,False,False,,-1,28.4026,2000
2026-06-27 00:33:08,140,B+5.5,25,True,False,False,,-1,28.3116,2000
2026-06-27 00:33:36,109,W+2.5,14,True,False,False,,-1,28.3249,2000
2026-06-27 00:33:42,20,W+7.5,2,True,False,False,,-1,28.1175,2000
2026-06-27 00:34:19,147,W+4.5,29,True,False,False,,-1,28.2261,2000
2026-06-27 00:34:49,115,W+1.5,14,True,False,False,,-1,28.219,2000
2026-06-27 00:35:18,109,W+1.5,15,True,False,False,,-1,28.2953,2000
2026-06-27 00:36:01,162,B+25.5,28,True,False,False,,-1,28.415,2000
2026-06-27 00:36:06,22,W+6.5,2,True,False,False,,-1,28.1697,2000
2026-06-27 00:36:43,144,B+3.5,23,True,False,False,,-1,28.227,2000
2026-06-27 00:37:16,124,B+0.5,17,True,False,False,,-1,28.273,2000
2026-06-27 00:37:43,108,B+1.5,12,True,False,False,,-1,28.3079,2000
2026-06-27 00:38:13,120,B+1.5,22,True,False,False,,-1,28.512,2000
2026-06-27 00:38:36,90,B+3.5,6,True,False,False,,-1,28.4437,2000
2026-06-27 00:39:08,121,W+2.5,17,True,False,False,,-1,28.4523,2000
2026-06-27 00:39:18,36,W+6.5,2,True,False,False,,-1,28.2616,2000
2026-06-27 00:39:50,131,W+0.5,25,True,False,False,,-1,28.1999,2000
2026-06-27 00:40:24,130,W+2.5,13,True,False,False,,-1,28.4479,2000
2026-06-27 00:41:04,162,W+2.5,27,True,False,False,,-1,28.565,2000
2026-06-27 00:41:28,88,B+1.5,8,True,False,False,,-1,28.4904,2000
2026-06-27 00:42:07,162,B+15.5,31,True,False,False,,-1,28.6071,2000
2026-06-27 00:42:40,161,W+3.5,31,True,False,False,,-1,28.6039,2000
2026-06-27 00:43:19,155,W+3.5,35,True,False,False,,-1,28.5732,2000
2026-06-27 00:43:46,104,B+0.5,5,True,False,False,,-1,28.496,2000
2026-06-27 00:44:17,109,B+3.5,12,True,False,False,,-1,28.5445,2000
2026-06-27 00:44:56,133,B+0.5,17,True,False,False,,-1,28.547,2000
2026-06-27 00:45:06,41,B+3.5,2,True,False,False,,-1,28.4091,2000
2026-06-27 00:45:33,110,B+2.5,18,True,False,False,,-1,28.376,2000
2026-06-27 00:46:01,112,B+0.5,20,True,False,False,,-1,28.3715,2000
2026-06-27 00:46:28,98,B+1.5,6,True,False,False,,-1,28.3291,2000
2026-06-27 00:47:05,154,B+0.5,29,True,False,False,,-1,28.421,2000
2026-06-27 00:47:32,103,B+1.5,16,True,False,False,,-1,28.3867,2000
2026-06-27 00:48:10,140,B+0.5,29,True,False,False,,-1,28.5375,2000
2026-06-27 00:48:35,95,B+4.5,12,True,False,False,,-1,28.5309,2000
2026-06-27 00:49:07,125,W+1.5,24,True,False,False,,-1,28.597,2000
2026-06-27 00:49:38,125,W+3.5,23,True,False,False,,-1,28.5811,2000
2026-06-27 00:49:58,75,B+1.5,6,True,False,False,,-1,28.4696,2000
2026-06-27 00:50:32,127,W+2.5,17,True,False,False,,-1,28.4946,2000
2026-06-27 00:50:40,28,W+7.5,2,True,False,False,,-1,28.2576,2000
2026-06-27 00:51:11,123,W+1.5,24,True,False,False,,-1,28.3133,2000
2026-06-27 00:51:41,113,W+4.5,15,True,False,False,,-1,28.1925,2000
2026-06-27 00:52:17,148,B+8.5,19,True,False,False,,-1,28.2016,2000
2026-06-27 00:52:24,28,W+7.5,2,True,False,False,,-1,27.9729,2000
2026-06-27 00:55:00,113,W+0.5,17,True,False,False,,-1,27.8776,3000
2026-06-27 00:55:28,97,B+2.5,18,True,False,False,,-1,27.7516,3000
2026-06-27 00:55:58,104,B+4.5,16,True,False,False,,-1,27.7494,3000
2026-06-27 00:56:24,101,W+0.5,15,True,False,False,,-1,27.7355,3000
2026-06-27 00:56:43,71,B+0.5,7,True,False,False,,-1,27.8532,3000
2026-06-27 00:57:06,97,B+2.5,9,True,False,False,,-1,27.8507,3000
2026-06-27 00:57:38,126,B+3.5,22,True,False,False,,-1,27.8925,3000
2026-06-27 00:57:58,69,B+0.5,8,True,False,False,,-1,27.6689,3000
2026-06-27 00:58:19,92,B+1.5,13,True,False,False,,-1,27.8268,3000
2026-06-27 00:58:33,53,B+0.5,6,True,False,False,,-1,27.6714,3000
2026-06-27 00:58:50,67,B+2.5,6,True,False,False,,-1,27.5593,3000
2026-06-27 00:59:16,104,B+4.5,15,True,False,False,,-1,27.5747,3000
2026-06-27 00:59:44,103,W+2.5,15,True,False,False,,-1,27.748,3000
2026-06-27 01:00:23,157,B+2.5,27,True,False,False,,-1,27.8306,3000
2026-06-27 01:01:00,154,B+1.5,31,True,False,False,,-1,27.9173,3000
2026-06-27 01:01:34,128,B+3.5,27,True,False,False,,-1,27.9772,3000
2026-06-27 01:01:51,69,B+1.5,8,True,False,False,,-1,27.8004,3000
2026-06-27 01:02:18,99,W+0.5,13,True,False,False,,-1,27.7488,3000
2026-06-27 01:02:42,107,W+0.5,10,True,False,False,,-1,27.6117,3000
2026-06-27 01:03:13,121,W+2.5,25,True,False,False,,-1,27.5319,3000
2026-06-27 01:03:38,100,B+4.5,16,True,False,False,,-1,27.4298,3000
2026-06-27 01:04:18,161,W+0.5,36,True,False,False,,-1,27.5427,3000
2026-06-27 01:04:47,106,B+2.5,15,True,False,False,,-1,27.5798,3000
2026-06-27 01:05:04,69,B+0.5,8,True,False,False,,-1,27.4212,3000
2026-06-27 01:05:34,114,B+2.5,19,True,False,False,,-1,27.45,3000
2026-06-27 01:05:58,105,W+2.5,6,True,False,False,,-1,27.3623,3000
2026-06-27 01:06:28,116,W+1.5,24,True,False,False,,-1,27.3909,3000
2026-06-27 01:07:01,162,B+3.5,33,True,False,False,,-1,27.4483,3000
2026-06-27 01:07:29,111,W+2.5,18,True,False,False,,-1,27.4298,3000
2026-06-27 01:08:08,162,W+6.5,38,True,False,False,,-1,27.5563,3000
2026-06-27 01:08:40,133,W+0.5,23,True,False,False,,-1,27.6823,3000
2026-06-27 01:09:00,88,B+3.5,15,True,False,False,,-1,27.633,3000
2026-06-27 01:09:42,159,W+0.5,24,True,False,False,,-1,27.7717,3000
2026-06-27 01:10:04,93,B+1.5,16,True,False,False,,-1,27.6276,3000
2026-06-27 01:10:19,51,B+1.5,5,True,False,False,,-1,27.6821,3000
2026-06-27 01:10:48,117,B+2.5,18,True,False,False,,-1,27.7192,3000
2026-06-27 01:11:19,127,B+0.5,16,True,False,False,,-1,27.6167,3000
2026-06-27 01:11:43,93,B+4.5,18,True,False,False,,-1,27.5342,3000
2026-06-27 01:12:12,118,B+2.5,17,True,False,False,,-1,27.5064,3000
2026-06-27 01:12:40,113,B+0.5,18,True,False,False,,-1,27.4848,3000
2026-06-27 01:13:03,93,B+0.5,11,True,False,False,,-1,27.6495,3000
2026-06-27 01:13:26,88,B+4.5,15,True,False,False,,-1,27.6199,3000
2026-06-27 01:13:54,110,B+3.5,17,True,False,False,,-1,27.8475,3000
2026-06-27 01:14:29,137,W+2.5,30,True,False,False,,-1,27.8624,3000
2026-06-27 01:14:43,57,B+6.5,7,True,False,False,,-1,27.7051,3000
2026-06-27 01:15:08,111,W+1.5,19,True,False,False,,-1,27.6132,3000
2026-06-27 01:15:22,55,B+1.5,10,True,False,False,,-1,27.4808,3000
2026-06-27 01:15:41,77,B+0.5,8,True,False,False,,-1,27.5032,3000
2026-06-27 01:15:55,57,B+0.5,10,True,False,False,,-1,27.3658,3000
2026-06-27 01:16:20,109,B+2.5,13,True,False,False,,-1,27.3086,3000
2026-06-27 01:16:43,99,B+2.5,16,True,False,False,,-1,27.2161,3000
2026-06-27 01:17:10,105,B+1.5,14,True,False,False,,-1,27.1964,3000
2026-06-27 01:17:43,132,B+2.5,23,True,False,False,,-1,27.2331,3000
2026-06-27 01:18:10,102,B+6.5,17,True,False,False,,-1,27.216,3000
2026-06-27 01:18:38,109,W+0.5,16,True,False,False,,-1,27.2285,3000
2026-06-27 01:19:03,109,B+0.5,21,True,False,False,,-1,27.1946,3000
2026-06-27 01:19:33,117,B+2.5,28,True,False,False,,-1,27.1697,3000
2026-06-27 01:19:55,91,B+7.5,6,True,False,False,,-1,27.0553,3000
2026-06-27 01:20:29,138,B+4.5,18,True,False,False,,-1,27.1119,3000
2026-06-27 01:20:49,85,B+0.5,14,True,False,False,,-1,27.2619,3000
2026-06-27 01:21:01,51,B+0.5,3,True,False,False,,-1,27.0087,3000
2026-06-27 01:21:26,106,B+5.5,19,True,False,False,,-1,26.9595,3000
2026-06-27 01:21:51,103,B+0.5,17,True,False,False,,-1,26.9129,3000
2026-06-27 01:22:30,162,W+1.5,37,True,False,False,,-1,26.8884,3000
2026-06-27 01:22:56,99,W+4.5,12,True,False,False,,-1,27.0922,3000
2026-06-27 01:23:27,119,W+2.5,21,True,False,False,,-1,27.027,3000
2026-06-27 01:23:58,117,W+0.5,23,True,False,False,,-1,27.0135,3000
2026-06-27 01:24:23,100,B+3.5,14,True,False,False,,-1,26.9932,3000
2026-06-27 01:24:51,113,W+0.5,19,True,False,False,,-1,26.967,3000
2026-06-27 01:25:26,145,W+6.5,36,True,False,False,,-1,27.0889,3000
2026-06-27 01:25:54,101,B+3.5,11,True,False,False,,-1,27.0436,3000
2026-06-27 01:26:30,149,W+0.5,33,True,False,False,,-1,27.3073,3000
2026-06-27 01:26:54,99,B+3.5,17,True,False,False,,-1,27.2226,3000
2026-06-27 01:27:26,115,W+0.5,21,True,False,False,,-1,27.2078,3000
2026-06-27 01:28:03,160,B+1.5,27,True,False,False,,-1,27.1864,3000
2026-06-27 01:28:28,93,B+0.5,12,True,False,False,,-1,27.1951,3000
2026-06-27 01:29:01,134,W+0.5,23,True,False,False,,-1,27.1288,3000
2026-06-27 01:29:22,88,B+6.5,8,True,False,False,,-1,27.0018,3000
2026-06-27 01:29:50,115,B+0.5,15,True,False,False,,-1,26.9101,3000
2026-06-27 01:30:02,51,B+2.5,4,True,False,False,,-1,26.7533,3000
2026-06-27 01:30:29,108,B+3.5,11,True,False,False,,-1,26.7086,3000
2026-06-27 01:30:58,103,W+0.5,14,True,False,False,,-1,26.6117,3000
2026-06-27 01:31:33,155,B+1.5,27,True,False,False,,-1,26.8546,3000
2026-06-27 01:31:45,49,B+10.5,5,True,False,False,,-1,26.7158,3000
2026-06-27 01:32:12,110,B+5.5,18,True,False,False,,-1,26.7002,3000
2026-06-27 01:32:41,121,W+0.5,20,True,False,False,,-1,26.7206,3000
2026-06-27 01:33:04,96,B+0.5,13,True,False,False,,-1,26.5775,3000
2026-06-27 01:33:41,149,W+1.5,26,True,False,False,,-1,26.6838,3000
2026-06-27 01:34:08,116,B+6.5,19,True,False,False,,-1,26.571,3000
2026-06-27 01:34:33,101,W+2.5,11,True,False,False,,-1,26.5701,3000
2026-06-27 01:35:11,145,W+1.5,26,True,False,False,,-1,26.6388,3000
2026-06-27 01:35:40,107,W+1.5,16,True,False,False,,-1,26.6092,3000
2026-06-27 01:36:06,110,B+2.5,18,True,False,False,,-1,26.6636,3000
2026-06-27 01:36:31,113,B+3.5,18,True,False,False,,-1,26.5752,3000
2026-06-27 01:36:56,103,B+0.5,13,True,False,False,,-1,26.7541,3000
2026-06-27 01:37:18,85,B+0.5,13,True,False,False,,-1,26.6685,3000
2026-06-27 01:37:54,148,B+1.5,27,True,False,False,,-1,26.7183,3000
2026-06-27 01:38:18,90,B+5.5,9,True,False,False,,-1,26.6007,3000
2026-06-27 01:38:34,65,B+1.5,5,True,False,False,,-1,26.6845,3000
2026-06-27 01:39:11,139,W+0.5,27,True,False,False,,-1,26.813,3000
2026-06-27 01:39:38,119,B+0.5,25,True,False,False,,-1,26.7713,3000
2026-06-27 01:40:15,157,W+0.5,31,True,False,False,,-1,26.8707,3000
2026-06-27 01:40:37,85,B+1.5,7,True,False,False,,-1,26.7969,3000
2026-06-27 01:41:10,142,B+4.5,28,True,False,False,,-1,26.8594,3000
2026-06-27 01:41:51,162,B+1.5,28,True,False,False,,-1,27.0728,3000
2026-06-27 01:42:17,100,B+4.5,16,True,False,False,,-1,27.1038,3000
2026-06-27 01:42:30,57,B+0.5,8,True,False,False,,-1,26.9215,3000
2026-06-27 01:43:00,124,B+1.5,24,True,False,False,,-1,27.022,3000
2026-06-27 01:43:21,86,B+5.5,11,True,False,False,,-1,27.0202,3000
2026-06-27 01:43:46,103,B+0.5,8,True,False,False,,-1,27.1231,3000
2026-06-27 01:44:10,102,W+4.5,14,True,False,False,,-1,27.1913,3000
2026-06-27 01:44:45,139,B+0.5,26,True,False,False,,-1,27.2832,3000
2026-06-27 01:45:00,63,B+0.5,4,True,False,False,,-1,27.1574,3000
2026-06-27 01:45:30,113,B+1.5,15,True,False,False,,-1,27.073,3000
2026-06-27 01:45:57,113,B+0.5,19,True,False,False,,-1,26.9713,3000
2026-06-27 01:46:33,142,B+4.5,22,True,False,False,,-1,26.9792,3000
2026-06-27 01:46:58,107,B+1.5,16,True,False,False,,-1,27.0697,3000
2026-06-27 01:47:26,117,W+13.5,18,True,False,False,,-1,27.0771,3000
2026-06-27 01:47:49,85,B+0.5,14,True,False,False,,-1,27.0673,3000
2026-06-27 01:48:10,79,B+0.5,6,True,False,False,,-1,26.9684,3000
2026-06-27 01:48:31,83,B+1.5,10,True,False,False,,-1,26.9259,3000
2026-06-27 01:48:50,69,B+0.5,8,True,False,False,,-1,26.7172,3000
2026-06-27 01:49:19,108,B+3.5,14,True,False,False,,-1,26.7174,3000
2026-06-27 01:49:32,55,B+1.5,3,True,False,False,,-1,26.6759,3000
2026-06-27 01:49:54,89,B+2.5,12,True,False,False,,-1,26.5957,3000
2026-06-27 01:50:22,107,B+0.5,15,True,False,False,,-1,26.6344,3000
2026-06-27 01:50:35,53,B+3.5,5,True,False,False,,-1,26.4678,3000
2026-06-27 01:51:08,144,B+0.5,31,True,False,False,,-1,26.4586,3000
2026-06-27 01:51:37,115,W+1.5,18,True,False,False,,-1,26.4865,3000
2026-06-27 01:52:12,137,W+2.5,19,True,False,False,,-1,26.4362,3000
2026-06-27 01:52:41,111,B+0.5,16,True,False,False,,-1,26.4064,3000
2026-06-27 01:53:21,162,W+0.5,33,True,False,False,,-1,26.6006,3000
2026-06-27 01:53:54,135,W+1.5,22,True,False,False,,-1,26.5125,3000
2026-06-27 01:54:19,113,W+0.5,19,True,False,False,,-1,26.5411,3000
2026-06-27 01:54:55,160,B+3.5,40,True,False,False,,-1,26.7618,3000
2026-06-27 01:55:21,99,B+2.5,18,True,False,False,,-1,26.7286,3000
2026-06-27 01:55:59,151,W+1.5,34,True,False,False,,-1,26.7981,3000
2026-06-27 01:56:13,55,B+0.5,3,True,False,False,,-1,26.6961,3000
2026-06-27 01:56:41,119,B+5.5,18,True,False,False,,-1,26.6881,3000
2026-06-27 01:57:06,101,W+2.5,7,True,False,False,,-1,26.6546,3000
2026-06-27 01:57:33,103,W+1.5,13,True,False,False,,-1,26.7018,3000
2026-06-27 01:57:53,71,B+0.5,8,True,False,False,,-1,26.6671,3000
2026-06-27 01:58:08,71,B+1.5,6,True,False,False,,-1,26.537,3000
2026-06-27 01:58:42,137,B+1.5,26,True,False,False,,-1,26.5217,3000
2026-06-27 01:59:06,99,B+2.5,16,True,False,False,,-1,26.6335,3000
2026-06-27 01:59:32,108,B+9.5,24,True,False,False,,-1,26.64,3000
2026-06-27 01:59:46,55,B+6.5,4,True,False,False,,-1,26.6341,3000
2026-06-27 02:00:18,131,W+1.5,22,True,False,False,,-1,26.7635,3000
2026-06-27 02:00:40,90,B+3.5,8,True,False,False,,-1,26.8497,3000
2026-06-27 02:01:07,106,B+3.5,18,True,False,False,,-1,26.8697,3000
2026-06-27 02:01:39,129,W+2.5,18,True,False,False,,-1,26.954,3000
2026-06-27 02:02:03,89,B+3.5,12,True,False,False,,-1,26.92,3000
2026-06-27 02:02:32,128,B+1.5,25,True,False,False,,-1,26.8787,3000
2026-06-27 02:02:57,99,W+2.5,11,True,False,False,,-1,26.8673,3000
2026-06-27 02:03:21,99,W+0.5,13,True,False,False,,-1,26.8259,3000
2026-06-27 02:03:50,111,B+1.5,16,True,False,False,,-1,26.861,3000
2026-06-27 02:04:21,123,W+2.5,17,True,False,False,,-1,26.8795,3000
2026-06-27 02:04:51,123,B+3.5,19,True,False,False,,-1,26.9592,3000
2026-06-27 02:05:24,141,B+2.5,28,True,False,False,,-1,26.9562,3000
2026-06-27 02:05:52,107,B+0.5,10,True,False,False,,-1,27.0179,3000
2026-06-27 02:06:26,148,B+0.5,29,True,False,False,,-1,27.2503,3000
2026-06-27 02:06:52,101,B+2.5,20,True,False,False,,-1,27.2528,3000
2026-06-27 02:07:25,135,B+0.5,20,True,False,False,,-1,27.3377,3000
2026-06-27 02:07:47,95,B+2.5,9,True,False,False,,-1,27.1663,3000
2026-06-27 02:08:04,61,B+0.5,3,True,False,False,,-1,27.0739,3000
2026-06-27 02:08:27,97,B+3.5,11,True,False,False,,-1,26.9988,3000
2026-06-27 02:08:52,98,B+2.5,7,True,False,False,,-1,26.9374,3000
2026-06-27 02:09:21,114,B+1.5,16,True,False,False,,-1,26.9836,3000
2026-06-27 02:09:54,130,B+1.5,24,True,False,False,,-1,27.0283,3000
2026-06-27 02:10:21,113,W+3.5,15,True,False,False,,-1,26.9514,3000
2026-06-27 02:10:40,69,B+0.5,10,True,False,False,,-1,26.8651,3000
2026-06-27 02:11:01,89,B+1.5,5,True,False,False,,-1,26.7138,3000
2026-06-27 02:11:31,123,B+5.5,24,True,False,False,,-1,26.7678,3000
2026-06-27 02:11:59,109,W+1.5,17,True,False,False,,-1,26.7352,3000
2026-06-27 02:12:13,49,B+1.5,4,True,False,False,,-1,26.494,3000
2026-06-27 02:12:49,149,W+2.5,30,True,False,False,,-1,26.6102,3000
2026-06-27 02:13:23,162,B+3.5,33,True,False,False,,-1,26.6178,3000
2026-06-27 02:13:54,120,B+1.5,20,True,False,False,,-1,26.7179,3000
2026-06-27 02:14:07,55,B+4.5,11,True,False,False,,-1,26.5647,3000
2026-06-27 02:14:34,110,B+4.5,12,True,False,False,,-1,26.7122,3000
2026-06-27 02:14:57,102,B+3.5,20,True,False,False,,-1,26.6783,3000
2026-06-27 02:15:22,95,B+1.5,17,True,False,False,,-1,26.6421,3000
2026-06-27 02:15:45,91,B+0.5,17,True,False,False,,-1,26.5267,3000
2026-06-27 02:16:25,162,B+6.5,29,True,False,False,,-1,26.7964,3000
2026-06-27 02:16:50,104,B+5.5,18,True,False,False,,-1,26.7781,3000
2026-06-27 02:17:05,57,B+0.5,9,True,False,False,,-1,26.6367,3000
2026-06-27 02:17:28,90,B+3.5,10,True,False,False,,-1,26.6421,3000
2026-06-27 02:18:01,137,W+0.5,24,True,False,False,,-1,26.5907,3000
2026-06-27 02:18:41,156,B+1.5,20,True,False,False,,-1,26.7298,3000
2026-06-27 02:19:12,124,W+2.5,14,True,False,False,,-1,26.7888,3000
2026-06-27 02:19:25,57,B+1.5,9,True,False,False,,-1,26.5374,3000
2026-06-27 02:19:40,53,B+3.5,3,True,False,False,,-1,26.3989,3000
2026-06-27 02:20:07,113,B+0.5,22,True,False,False,,-1,26.4112,3000
2026-06-27 02:20:34,106,B+1.5,14,True,False,False,,-1,26.4319,3000
2026-06-27 02:20:56,86,B+2.5,9,True,False,False,,-1,26.4001,3000
2026-06-27 02:21:22,100,B+1.5,12,True,False,False,,-1,26.4368,3000
2026-06-27 02:22:01,162,B+5.5,32,True,False,False,,-1,26.4712,3000
2026-06-27 02:22:24,99,B+1.5,15,True,False,False,,-1,26.4604,3000
2026-06-27 02:22:47,91,B+3.5,11,True,False,False,,-1,26.5287,3000
2026-06-27 02:23:23,162,B+3.5,40,True,False,False,,-1,26.5193,3000
2026-06-27 02:23:55,129,W+1.5,26,True,False,False,,-1,26.5724,3000
2026-06-27 02:24:12,63,B+3.5,10,True,False,False,,-1,26.3626,3000
2026-06-27 02:24:35,91,B+2.5,8,True,False,False,,-1,26.3696,3000
2026-06-27 02:25:06,115,W+1.5,20,True,False,False,,-1,26.3612,3000
2026-06-27 02:25:19,59,B+3.5,7,True,False,False,,-1,26.0849,3000
2026-06-27 02:25:53,132,W+0.5,21,True,False,False,,-1,26.1578,3000
2026-06-27 02:26:15,85,B+2.5,12,True,False,False,,-1,26.242,3000
2026-06-27 02:26:29,57,B+0.5,6,True,False,False,,-1,26.0872,3000
2026-06-27 02:26:44,61,B+3.5,11,True,False,False,,-1,26.0272,3000
2026-06-27 02:27:12,103,W+0.5,9,True,False,False,,-1,26.059,3000
2026-06-27 02:27:49,162,W+3.5,42,True,False,False,,-1,26.1901,3000
2026-06-27 02:28:32,157,W+0.5,28,True,False,False,,-1,26.2716,3000
2026-06-27 02:29:04,118,B+1.5,17,True,False,False,,-1,26.4343,3000
2026-06-27 02:29:44,162,W+6.5,32,True,False,False,,-1,26.5341,3000
2026-06-27 02:30:23,161,W+3.5,30,True,False,False,,-1,26.656,3000
2026-06-27 02:30:50,115,W+0.5,18,True,False,False,,-1,26.5691,3000
2026-06-27 02:31:04,53,B+0.5,7,True,False,False,,-1,26.4547,3000
2026-06-27 02:31:33,113,W+2.5,19,True,False,False,,-1,26.4744,3000
2026-06-27 02:32:13,143,W+4.5,31,True,False,False,,-1,26.6345,3000
2026-06-27 02:32:43,133,B+3.5,24,True,False,False,,-1,26.7307,3000
2026-06-27 02:33:08,95,B+1.5,11,True,False,False,,-1,26.7714,3000
2026-06-27 02:33:35,110,B+0.5,9,True,False,False,,-1,26.8485,3000
2026-06-27 02:33:53,68,W+0.5,11,True,False,False,,-1,26.7411,3000
2026-06-27 02:34:31,148,B+4.5,29,True,False,False,,-1,26.9881,3000
2026-06-27 02:35:02,117,W+3.5,22,True,False,False,,-1,27.0777,3000
2026-06-27 02:35:26,92,B+3.5,16,True,False,False,,-1,27.0368,3000
2026-06-27 02:35:41,59,B+0.5,10,True,False,False,,-1,27.053,3000
2026-06-27 02:35:54,53,B+0.5,8,True,False,False,,-1,26.8598,3000
2026-06-27 02:36:26,128,B+0.5,19,True,False,False,,-1,26.8841,3000
2026-06-27 02:37:04,162,W+7.5,38,True,False,False,,-1,26.918,3000
2026-06-27 02:37:30,108,B+1.5,19,True,False,False,,-1,26.8906,3000
2026-06-27 02:37:55,99,B+0.5,16,True,False,False,,-1,26.7363,3000
2026-06-27 02:38:22,111,B+1.5,19,True,False,False,,-1,26.6826,3000
2026-06-27 02:38:54,119,B+1.5,20,True,False,False,,-1,26.757,3000
2026-06-27 02:39:18,104,B+2.5,15,True,False,False,,-1,26.6249,3000
2026-06-27 02:39:44,103,W+0.5,16,True,False,False,,-1,26.6213,3000
2026-06-27 02:40:22,162,W+5.5,34,True,False,False,,-1,26.6289,3000
2026-06-27 02:40:50,101,B+1.5,14,True,False,False,,-1,26.7644,3000
2026-06-27 02:41:22,141,W+3.5,31,True,False,False,,-1,26.8095,3000
2026-06-27 02:41:40,73,B+3.5,9,True,False,False,,-1,26.7358,3000
2026-06-27 02:42:04,99,W+2.5,13,True,False,False,,-1,26.7031,3000
2026-06-27 02:42:31,113,W+0.5,15,True,False,False,,-1,26.7857,3000
2026-06-27 02:43:05,128,W+0.5,23,True,False,False,,-1,26.9649,3000
2026-06-27 02:43:33,120,B+3.5,26,True,False,False,,-1,26.9122,3000
2026-06-27 02:43:59,107,W+0.5,13,True,False,False,,-1,26.9273,3000
2026-06-27 02:44:26,104,B+3.5,14,True,False,False,,-1,26.9289,3000
2026-06-27 02:44:57,119,W+0.5,15,True,False,False,,-1,27.1104,3000
2026-06-27 02:45:32,133,W+0.5,16,True,False,False,,-1,27.1326,3000
2026-06-27 02:46:03,125,W+0.5,18,True,False,False,,-1,27.22,3000
2026-06-27 02:46:33,113,B+2.5,11,True,False,False,,-1,27.2536,3000
2026-06-27 02:46:58,105,B+5.5,17,True,False,False,,-1,27.1908,3000
2026-06-27 02:47:13,53,B+0.5,7,True,False,False,,-1,27.1024,3000
2026-06-27 02:47:41,115,B+2.5,16,True,False,False,,-1,27.0917,3000
2026-06-27 02:48:20,153,W+3.5,31,True,False,False,,-1,27.2301,3000
2026-06-27 02:48:46,119,B+3.5,23,True,False,False,,-1,27.2459,3000
2026-06-27 02:49:12,98,B+0.5,15,True,False,False,,-1,27.2196,3000
2026-06-27 02:49:37,104,B+3.5,24,True,False,False,,-1,27.1568,3000
2026-06-27 02:50:09,125,W+1.5,19,True,False,False,,-1,27.1812,3000
2026-06-27 02:50:50,162,W+5.5,33,True,False,False,,-1,27.2504,3000
2026-06-27 02:51:18,116,B+5.5,16,True,False,False,,-1,27.2634,3000
2026-06-27 02:51:48,127,W+0.5,26,True,False,False,,-1,27.2118,3000
2026-06-27 02:52:00,55,B+1.5,6,True,False,False,,-1,27.0828,3000
2026-06-27 02:52:28,101,W+4.5,16,True,False,False,,-1,27.0348,3000
2026-06-27 02:53:06,162,B+4.5,40,True,False,False,,-1,27.1813,3000
2026-06-27 02:53:33,106,B+0.5,15,True,False,False,,-1,27.2886,3000
2026-06-27 02:53:57,97,W+2.5,13,True,False,False,,-1,27.2976,3000
2026-06-27 02:54:26,111,W+5.5,14,True,False,False,,-1,27.332,3000
2026-06-27 02:54:41,61,B+3.5,8,True,False,False,,-1,27.1908,3000
2026-06-27 02:55:12,123,B+2.5,25,True,False,False,,-1,27.1762,3000
2026-06-27 02:55:24,51,B+0.5,2,True,False,False,,-1,27.0251,3000
2026-06-27 02:55:54,122,B+4.5,29,True,False,False,,-1,27.1336,3000
2026-06-27 02:56:10,65,B+1.5,6,True,False,False,,-1,27.0825,3000
2026-06-27 02:56:43,144,B+1.5,31,True,False,False,,-1,27.1179,3000
2026-06-27 02:57:11,113,B+1.5,18,True,False,False,,-1,27.11,3000
2026-06-27 02:57:48,161,W+4.5,33,True,False,False,,-1,27.3421,3000
2026-06-27 02:58:15,112,B+1.5,11,True,False,False,,-1,27.26,3000
2026-06-27 02:58:40,105,B+0.5,14,True,False,False,,-1,27.1686,3000
2026-06-27 02:58:53,59,B+0.5,7,True,False,False,,-1,26.9954,3000
2026-06-27 02:59:20,105,W+1.5,18,True,False,False,,-1,27.1269,3000
2026-06-27 02:59:53,132,B+0.5,25,True,False,False,,-1,27.1924,3000
2026-06-27 03:00:10,65,B+0.5,8,True,False,False,,-1,27.1204,3000
2026-06-27 03:00:35,105,W+0.5,18,True,False,False,,-1,27.1251,3000
2026-06-27 03:01:01,103,W+2.5,16,True,False,False,,-1,27.1565,3000
2026-06-27 03:01:16,53,B+0.5,8,True,False,False,,-1,26.9052,3000
2026-06-27 03:01:46,125,B+0.5,15,True,False,False,,-1,26.9631,3000
2026-06-27 03:02:25,148,B+6.5,29,True,False,False,,-1,27.1974,3000
2026-06-27 03:02:55,117,W+2.5,14,True,False,False,,-1,27.2665,3000
2026-06-27 03:03:19,89,B+2.5,7,True,False,False,,-1,27.1803,3000
2026-06-27 03:03:34,59,B+2.5,8,True,False,False,,-1,26.9263,3000
2026-06-27 03:04:19,162,W+4.5,33,True,False,False,,-1,27.0665,3000
2026-06-27 03:04:56,144,B+3.5,29,True,False,False,,-1,27.3067,3000
2026-06-27 03:05:19,92,B+0.5,7,True,False,False,,-1,27.385,3000
2026-06-27 03:05:49,119,W+0.5,22,True,False,False,,-1,27.4123,3000
2026-06-27 03:06:04,65,B+0.5,10,True,False,False,,-1,27.2979,3000
2026-06-27 03:06:34,118,B+8.5,16,True,False,False,,-1,27.3769,3000
2026-06-27 03:07:00,95,B+1.5,11,True,False,False,,-1,27.3739,3000
2026-06-27 03:07:38,156,B+6.5,36,True,False,False,,-1,27.3708,3000
2026-06-27 03:08:01,87,B+0.5,12,True,False,False,,-1,27.363,3000
2026-06-27 03:08:30,123,B+5.5,17,True,False,False,,-1,27.4326,3000
2026-06-27 03:09:07,162,W+0.5,27,True,False,False,,-1,27.4359,3000
2026-06-27 03:09:35,111,W+1.5,16,True,False,False,,-1,27.3932,3000
2026-06-27 03:09:57,100,B+1.5,18,True,False,False,,-1,27.4569,3000
2026-06-27 03:10:23,109,B+3.5,18,True,False,False,,-1,27.4833,3000
2026-06-27 03:11:02,143,W+3.5,12,True,False,False,,-1,27.5546,3000
2026-06-27 03:11:28,112,B+2.5,18,True,False,False,,-1,27.6865,3000
2026-06-27 03:11:56,105,W+2.5,17,True,False,False,,-1,27.6315,3000
2026-06-27 03:12:32,152,B+2.5,23,True,False,False,,-1,27.7735,3000
2026-06-27 03:13:03,124,B+1.5,18,True,False,False,,-1,27.9398,3000
2026-06-27 03:13:29,112,B+1.5,17,True,False,False,,-1,28.0537,3000
2026-06-27 03:14:02,122,W+2.5,20,True,False,False,,-1,28.0983,3000
2026-06-27 03:14:32,121,W+2.5,19,True,False,False,,-1,28.0262,3000
2026-06-27 03:15:11,162,B+10.5,34,True,False,False,,-1,27.9918,3000
2026-06-27 03:15:40,113,W+1.5,17,True,False,False,,-1,27.9626,3000
2026-06-27 03:16:07,113,W+0.5,17,True,False,False,,-1,27.8264,3000
2026-06-27 03:16:20,55,B+1.5,8,True,False,False,,-1,27.5646,3000
2026-06-27 03:16:44,103,B+1.5,14,True,False,False,,-1,27.5401,3000
2026-06-27 03:17:09,100,B+1.5,13,True,False,False,,-1,27.6494,3000
2026-06-27 03:17:33,99,W+6.5,17,True,False,False,,-1,27.5925,3000
2026-06-27 03:17:56,99,B+1.5,17,True,False,False,,-1,27.4334,3000
2026-06-27 03:18:10,53,B+0.5,9,True,False,False,,-1,27.2651,3000
2026-06-27 03:18:36,108,B+6.5,13,True,False,False,,-1,27.2778,3000
2026-06-27 03:19:00,93,B+4.5,12,True,False,False,,-1,27.2503,3000
2026-06-27 03:19:26,103,B+0.5,14,True,False,False,,-1,27.3234,3000
2026-06-27 03:19:39,55,B+2.5,11,True,False,False,,-1,27.0773,3000
2026-06-27 03:20:02,95,W+1.5,8,True,False,False,,-1,26.9992,3000
2026-06-27 03:20:29,114,B+2.5,17,True,False,False,,-1,27.0331,3000
2026-06-27 03:20:58,108,B+1.5,13,True,False,False,,-1,27.1697,3000
2026-06-27 03:21:14,65,B+0.5,8,True,False,False,,-1,27.2004,3000
2026-06-27 03:21:27,53,B+0.5,4,True,False,False,,-1,27.0114,3000
2026-06-27 03:21:59,124,B+5.5,28,True,False,False,,-1,26.9507,3000
2026-06-27 03:22:31,131,B+0.5,25,True,False,False,,-1,27.0092,3000
2026-06-27 03:22:57,102,B+1.5,13,True,False,False,,-1,27.0217,3000
2026-06-27 03:23:24,111,W+1.5,15,True,False,False,,-1,27.0195,3000
2026-06-27 03:23:43,69,B+1.5,5,True,False,False,,-1,26.8788,3000
2026-06-27 03:23:59,65,B+4.5,11,True,False,False,,-1,26.809,3000
2026-06-27 03:24:37,162,B+13.5,16,True,False,False,,-1,26.9341,3000
2026-06-27 03:24:49,53,B+0.5,8,True,False,False,,-1,26.6651,3000
2026-06-27 03:25:33,162,W+1.5,32,True,False,False,,-1,26.8301,3000
2026-06-27 03:25:45,55,B+3.5,5,True,False,False,,-1,26.6322,3000
2026-06-27 03:26:14,111,W+0.5,17,True,False,False,,-1,26.7351,3000
2026-06-27 03:26:27,55,B+0.5,8,True,False,False,,-1,26.627,3000
2026-06-27 03:26:52,107,W+2.5,14,True,False,False,,-1,26.6062,3000
2026-06-27 03:27:24,135,B+4.5,27,True,False,False,,-1,26.5936,3000
2026-06-27 03:27:38,57,B+0.5,5,True,False,False,,-1,26.4433,3000
2026-06-27 03:28:04,103,B+5.5,12,True,False,False,,-1,26.4447,3000
2026-06-27 03:28:33,105,B+2.5,18,True,False,False,,-1,26.4669,3000
2026-06-27 03:28:58,121,B+2.5,15,True,False,False,,-1,26.4109,3000
2026-06-27 03:29:35,155,W+0.5,34,True,False,False,,-1,26.4284,3000
2026-06-27 03:30:14,141,W+2.5,14,True,False,False,,-1,26.508,3000
2026-06-27 03:30:40,115,W+1.5,22,True,False,False,,-1,26.4661,3000
2026-06-27 03:31:05,100,B+3.5,11,True,False,False,,-1,26.464,3000
2026-06-27 03:31:19,61,B+2.5,8,True,False,False,,-1,26.4591,3000
2026-06-27 03:31:34,55,B+4.5,7,True,False,False,,-1,26.3259,3000
2026-06-27 03:31:53,76,B+2.5,12,True,False,False,,-1,26.1287,3000
2026-06-27 03:32:22,117,B+4.5,25,True,False,False,,-1,26.156,3000
2026-06-27 03:32:38,67,B+1.5,7,True,False,False,,-1,26.0598,3000
2026-06-27 03:33:13,142,W+0.5,25,True,False,False,,-1,26.1571,3000
2026-06-27 03:33:36,94,B+0.5,6,True,False,False,,-1,26.0602,3000
2026-06-27 03:34:01,101,W+0.5,7,True,False,False,,-1,25.911,3000
2026-06-27 03:34:36,129,W+0.5,24,True,False,False,,-1,25.9744,3000
2026-06-27 03:34:53,69,B+2.5,9,True,False,False,,-1,25.8508,3000
2026-06-27 03:35:19,101,B+0.5,14,True,False,False,,-1,25.9792,3000
2026-06-27 03:35:42,87,W+0.5,6,True,False,False,,-1,25.9337,3000
2026-06-27 03:35:56,57,B+0.5,8,True,False,False,,-1,25.6985,3000
2026-06-27 03:36:28,116,W+0.5,16,True,False,False,,-1,25.7431,3000
2026-06-27 03:36:51,91,W+3.5,5,True,False,False,,-1,25.7392,3000
2026-06-27 03:37:11,75,B+5.5,6,True,False,False,,-1,25.6546,3000
2026-06-27 03:37:46,137,W+0.5,24,True,False,False,,-1,25.8538,3000
2026-06-27 03:38:08,87,W+1.5,10,True,False,False,,-1,25.7606,3000
2026-06-27 03:38:32,95,B+5.5,11,True,False,False,,-1,25.8778,3000
2026-06-27 03:38:54,89,B+3.5,17,True,False,False,,-1,25.8011,3000
2026-06-27 03:39:12,63,B+0.5,7,True,False,False,,-1,25.822,3000
2026-06-27 03:39:36,97,B+0.5,15,True,False,False,,-1,25.7341,3000
2026-06-27 03:40:02,96,B+1.5,11,True,False,False,,-1,25.7089,3000
2026-06-27 03:40:31,109,W+1.5,12,True,False,False,,-1,25.634,3000
2026-06-27 03:40:45,55,B+0.5,7,True,False,False,,-1,25.4979,3000
2026-06-27 03:41:10,102,B+1.5,15,True,False,False,,-1,25.5009,3000
2026-06-27 03:41:34,96,B+0.5,16,True,False,False,,-1,25.604,3000
2026-06-27 03:42:01,98,B+1.5,9,True,False,False,,-1,25.6021,3000
2026-06-27 03:42:33,134,B+5.5,25,True,False,False,,-1,25.5961,3000
2026-06-27 03:43:12,155,W+0.5,27,True,False,False,,-1,25.8222,3000
2026-06-27 03:43:45,124,B+4.5,16,True,False,False,,-1,25.8955,3000
2026-06-27 03:44:10,100,B+4.5,7,True,False,False,,-1,25.8874,3000
2026-06-27 03:44:29,77,B+0.5,10,True,False,False,,-1,25.9316,3000
2026-06-27 03:44:43,53,B+1.5,4,True,False,False,,-1,25.7642,3000
2026-06-27 03:45:05,94,B+2.5,12,True,False,False,,-1,25.5971,3000
2026-06-27 03:45:43,150,B+3.5,11,True,False,False,,-1,25.6795,3000
2026-06-27 03:46:11,106,B+0.5,13,True,False,False,,-1,25.7153,3000
2026-06-27 03:46:43,129,B+0.5,25,True,False,False,,-1,25.8849,3000
2026-06-27 03:47:14,115,W+2.5,19,True,False,False,,-1,25.7523,3000
2026-06-27 03:47:40,93,W+1.5,7,True,False,False,,-1,25.6375,3000
2026-06-27 03:48:10,113,W+1.5,12,True,False,False,,-1,25.7131,3000
2026-06-27 03:48:37,101,W+0.5,15,True,False,False,,-1,25.6779,3000
2026-06-27 03:49:15,162,B+7.5,28,True,False,False,,-1,25.9052,3000
2026-06-27 03:49:43,106,B+0.5,19,True,False,False,,-1,25.8833,3000
2026-06-27 03:50:11,109,B+0.5,20,True,False,False,,-1,25.9104,3000
2026-06-27 03:50:40,115,W+5.5,18,True,False,False,,-1,25.8171,3000
2026-06-27 03:51:03,91,B+6.5,13,True,False,False,,-1,25.8173,3000
2026-06-27 03:51:26,95,B+0.5,10,True,False,False,,-1,25.7529,3000
2026-06-27 03:51:50,109,B+1.5,16,True,False,False,,-1,25.6303,3000
2026-06-27 03:52:16,98,B+2.5,10,True,False,False,,-1,25.6074,3000
2026-06-27 03:52:50,133,W+1.5,25,True,False,False,,-1,25.7256,3000
2026-06-27 03:53:18,101,W+3.5,15,True,False,False,,-1,25.742,3000
2026-06-27 03:53:53,159,B+4.5,37,True,False,False,,-1,25.7126,3000
2026-06-27 03:54:08,59,B+1.5,4,True,False,False,,-1,25.5921,3000
2026-06-27 03:54:39,117,W+1.5,19,True,False,False,,-1,25.627,3000
2026-06-27 03:55:03,94,B+1.5,8,True,False,False,,-1,25.5014,3000
2026-06-27 03:55:26,97,B+2.5,14,True,False,False,,-1,25.4284,3000
2026-06-27 03:55:59,127,W+0.5,22,True,False,False,,-1,25.4937,3000
2026-06-27 03:56:30,125,B+1.5,14,True,False,False,,-1,25.4849,3000
2026-06-27 03:57:02,133,W+1.5,24,True,False,False,,-1,25.5048,3000
2026-06-27 03:57:19,67,B+0.5,7,True,False,False,,-1,25.27,3000
2026-06-27 03:57:39,82,B+11.5,11,True,False,False,,-1,25.1808,3000
2026-06-27 03:58:09,119,W+0.5,15,True,False,False,,-1,25.222,3000
2026-06-27 03:58:37,111,W+0.5,18,True,False,False,,-1,25.3658,3000
2026-06-27 03:59:02,103,B+0.5,9,True,False,False,,-1,25.3809,3000
2026-06-27 03:59:31,109,W+0.5,14,True,False,False,,-1,25.4188,3000
2026-06-27 03:59:53,96,B+1.5,14,True,False,False,,-1,25.3938,3000
2026-06-27 04:00:21,119,B+2.5,24,True,False,False,,-1,25.4449,3000
2026-06-27 04:00:40,71,B+0.5,14,True,False,False,,-1,25.4952,3000
2026-06-27 04:00:55,55,B+0.5,7,True,False,False,,-1,25.3885,3000
2026-06-27 04:01:19,93,W+2.5,9,True,False,False,,-1,25.3812,3000
2026-06-27 04:01:45,101,B+3.5,15,True,False,False,,-1,25.3872,3000
2026-06-27 04:02:11,95,W+2.5,12,True,False,False,,-1,25.5168,3000
2026-06-27 04:02:36,99,B+2.5,16,True,False,False,,-1,25.533,3000
2026-06-27 04:03:04,111,B+2.5,16,True,False,False,,-1,25.5399,3000
2026-06-27 04:03:33,119,W+1.5,21,True,False,False,,-1,25.5431,3000
2026-06-27 04:03:53,90,B+2.5,12,True,False,False,,-1,25.5873,3000
2026-06-27 04:04:06,47,B+1.5,4,True,False,False,,-1,25.5826,3000
2026-06-27 04:04:26,67,B+1.5,7,True,False,False,,-1,25.4636,3000
2026-06-27 04:04:57,119,W+0.5,14,True,False,False,,-1,25.4536,3000
2026-06-27 04:05:25,115,W+0.5,18,True,False,False,,-1,25.4755,3000
2026-06-27 04:05:51,102,B+1.5,13,True,False,False,,-1,25.4681,3000
2026-06-27 04:06:29,148,B+1.5,29,True,False,False,,-1,25.66,3000
2026-06-27 04:07:01,128,B+1.5,20,True,False,False,,-1,25.8125,3000
2026-06-27 04:07:29,114,B+2.5,15,True,False,False,,-1,25.7184,3000
2026-06-27 04:07:59,118,B+1.5,20,True,False,False,,-1,25.9007,3000
2026-06-27 04:08:21,81,B+0.5,4,True,False,False,,-1,25.6747,3000
2026-06-27 04:09:00,162,W+11.5,40,True,False,False,,-1,25.9401,3000
2026-06-27 04:09:30,118,B+4.5,17,True,False,False,,-1,25.9605,3000
2026-06-27 04:09:58,110,B+3.5,21,True,False,False,,-1,26.1123,3000
2026-06-27 04:10:15,69,B+1.5,12,True,False,False,,-1,26.0295,3000
2026-06-27 04:10:55,162,B+2.5,33,True,False,False,,-1,26.1011,3000
2026-06-27 04:11:11,63,B+0.5,7,True,False,False,,-1,26.1356,3000
2026-06-27 04:11:26,55,B+4.5,2,True,False,False,,-1,26.0147,3000
2026-06-27 04:11:58,127,B+1.5,28,True,False,False,,-1,26.0555,3000
2026-06-27 04:12:24,108,B+1.5,11,True,False,False,,-1,26.0584,3000
2026-06-27 04:12:53,119,B+2.5,24,True,False,False,,-1,25.9796,3000
2026-06-27 04:13:32,162,W+4.5,36,True,False,False,,-1,25.9792,3000
2026-06-27 04:14:05,119,W+0.5,7,True,False,False,,-1,26.0511,3000
2026-06-27 04:14:20,61,B+4.5,13,True,False,False,,-1,25.9443,3000
2026-06-27 04:14:45,99,B+0.5,16,True,False,False,,-1,26.0489,3000
2026-06-27 04:15:12,106,B+1.5,10,True,False,False,,-1,26.1756,3000
2026-06-27 04:15:39,111,B+5.5,22,True,False,False,,-1,26.2537,3000
2026-06-27 04:16:02,87,B+2.5,9,True,False,False,,-1,26.1972,3000
2026-06-27 04:16:33,134,B+2.5,23,True,False,False,,-1,26.342,3000
2026-06-27 04:16:53,92,B+3.5,10,True,False,False,,-1,26.2039,3000
2026-06-27 04:17:17,96,B+1.5,13,True,False,False,,-1,26.2098,3000
2026-06-27 04:17:57,162,B+6.5,39,True,False,False,,-1,26.3533,3000
2026-06-27 04:18:39,162,W+1.5,34,True,False,False,,-1,26.4277,3000
2026-06-27 04:18:51,45,B+0.5,6,True,False,False,,-1,26.3779,3000
2026-06-27 04:19:06,53,B+2.5,5,True,False,False,,-1,26.2732,3000
2026-06-27 04:19:39,127,W+0.5,17,True,False,False,,-1,26.3667,3000
2026-06-27 04:20:08,111,B+2.5,21,True,False,False,,-1,26.522,3000
2026-06-27 04:20:29,79,B+1.5,13,True,False,False,,-1,26.4138,3000
2026-06-27 04:20:52,89,B+3.5,9,True,False,False,,-1,26.4047,3000
2026-06-27 04:21:09,63,B+2.5,8,True,False,False,,-1,26.3725,3000
2026-06-27 04:21:44,137,W+1.5,21,True,False,False,,-1,26.378,3000
2026-06-27 04:22:10,105,B+0.5,17,True,False,False,,-1,26.4184,3000
2026-06-27 04:22:24,57,B+0.5,8,True,False,False,,-1,26.3185,3000
2026-06-27 04:22:45,77,B+0.5,10,True,False,False,,-1,26.2989,3000
2026-06-27 04:23:20,137,W+0.5,26,True,False,False,,-1,26.4717,3000
2026-06-27 04:23:41,85,B+1.5,12,True,False,False,,-1,26.4416,3000
2026-06-27 04:23:51,43,B+0.5,3,True,False,False,,-1,26.2924,3000
2026-06-27 04:24:14,89,B+1.5,7,True,False,False,,-1,26.2278,3000
2026-06-27 04:24:28,59,B+3.5,9,True,False,False,,-1,26.2266,3000
2026-06-27 04:24:54,112,B+2.5,17,True,False,False,,-1,26.2416,3000
2026-06-27 04:25:18,102,B+3.5,15,True,False,False,,-1,26.237,3000
2026-06-27 04:25:32,59,B+0.5,4,True,False,False,,-1,26.1165,3000
2026-06-27 04:26:00,115,B+0.5,20,True,False,False,,-1,26.0693,3000
2026-06-27 04:26:13,47,B+0.5,2,True,False,False,,-1,25.8064,3000
2026-06-27 04:26:44,113,B+6.5,18,True,False,False,,-1,25.7864,3000
2026-06-27 04:27:21,156,B+5.5,35,True,False,False,,-1,25.9018,3000
2026-06-27 04:27:46,101,B+1.5,12,True,False,False,,-1,25.9619,3000
2026-06-27 04:28:01,65,B+0.5,4,True,False,False,,-1,25.9812,3000
2026-06-27 04:28:32,114,B+1.5,9,True,False,False,,-1,26.0674,3000
2026-06-27 04:28:45,49,B+0.5,6,True,False,False,,-1,25.8132,3000
2026-06-27 04:29:05,81,B+4.5,12,True,False,False,,-1,25.7392,3000
2026-06-27 04:29:30,103,B+3.5,13,True,False,False,,-1,25.6654,3000
2026-06-27 04:29:55,91,B+1.5,16,True,False,False,,-1,25.6085,3000
2026-06-27 04:30:30,129,B+1.5,20,True,False,False,,-1,25.6942,3000
2026-06-27 04:31:05,135,B+0.5,26,True,False,False,,-1,25.7447,3000
2026-06-27 04:31:28,91,B+2.5,11,True,False,False,,-1,25.7089,3000
2026-06-27 04:32:03,133,B+0.5,14,True,False,False,,-1,25.6812,3000
2026-06-27 04:32:31,109,W+2.5,13,True,False,False,,-1,25.6798,3000
2026-06-27 04:32:48,65,B+1.5,11,True,False,False,,-1,25.5699,3000
2026-06-27 04:33:19,115,B+0.5,16,True,False,False,,-1,25.5859,3000
2026-06-27 04:33:48,122,B+3.5,18,True,False,False,,-1,25.6479,3000
2026-06-27 04:34:14,97,B+1.5,13,True,False,False,,-1,25.6809,3000
2026-06-27 04:34:40,109,B+3.5,23,True,False,False,,-1,25.6943,3000
2026-06-27 04:35:09,121,W+1.5,23,True,False,False,,-1,25.7321,3000
2026-06-27 04:35:36,102,B+4.5,13,True,False,False,,-1,25.6508,3000
2026-06-27 04:36:10,131,W+9.5,27,True,False,False,,-1,25.7227,3000
2026-06-27 04:36:41,115,B+0.5,17,True,False,False,,-1,25.6693,3000
2026-06-27 04:37:03,95,B+2.5,9,True,False,False,,-1,25.7505,3000
2026-06-27 04:37:33,127,W+3.5,19,True,False,False,,-1,25.7351,3000
2026-06-27 04:38:04,122,B+0.5,20,True,False,False,,-1,25.8088,3000
2026-06-27 04:38:20,61,B+1.5,5,True,False,False,,-1,25.7309,3000
2026-06-27 04:38:46,110,B+2.5,17,True,False,False,,-1,25.6645,3000
2026-06-27 04:39:13,113,W+1.5,13,True,False,False,,-1,25.6195,3000
2026-06-27 04:39:51,162,B+5.5,34,True,False,False,,-1,25.6856,3000
2026-06-27 04:40:26,143,W+7.5,29,True,False,False,,-1,25.8664,3000
2026-06-27 04:40:50,101,W+0.5,9,True,False,False,,-1,25.9061,3000
2026-06-27 04:41:20,128,B+0.5,21,True,False,False,,-1,25.906,3000
2026-06-27 04:41:37,63,B+0.5,7,True,False,False,,-1,25.7976,3000
2026-06-27 04:42:04,110,B+2.5,16,True,False,False,,-1,25.8102,3000
2026-06-27 04:42:28,95,B+0.5,10,True,False,False,,-1,25.7616,3000
2026-06-27 04:42:43,55,B+0.5,7,True,False,False,,-1,25.7041,3000
2026-06-27 04:43:04,77,B+2.5,8,True,False,False,,-1,25.6272,3000
2026-06-27 04:43:34,116,B+3.5,20,True,False,False,,-1,25.7403,3000
2026-06-27 04:44:01,95,B+2.5,14,True,False,False,,-1,25.8542,3000
2026-06-27 04:44:32,116,B+1.5,10,True,False,False,,-1,25.9295,3000
2026-06-27 04:45:02,117,B+2.5,22,True,False,False,,-1,25.9694,3000
2026-06-27 04:45:30,113,B+1.5,15,True,False,False,,-1,25.9913,3000
2026-06-27 04:46:00,125,B+0.5,14,True,False,False,,-1,26.0466,3000
2026-06-27 04:46:16,57,B+0.5,8,True,False,False,,-1,25.9224,3000
2026-06-27 04:46:46,126,B+10.5,21,True,False,False,,-1,25.9323,3000
2026-06-27 04:46:58,51,B+0.5,6,True,False,False,,-1,25.8473,3000
2026-06-27 04:47:37,149,W+0.5,29,True,False,False,,-1,26.1072,3000
2026-06-27 04:48:09,152,B+3.5,31,True,False,False,,-1,26.2262,3000
2026-06-27 04:48:32,101,W+3.5,14,True,False,False,,-1,26.1435,3000
2026-06-27 04:48:57,96,B+1.5,15,True,False,False,,-1,26.1183,3000
2026-06-27 04:49:18,84,B+4.5,8,True,False,False,,-1,26.0679,3000
2026-06-27 04:49:46,101,W+1.5,6,True,False,False,,-1,25.9703,3000
2026-06-27 04:50:21,138,W+3.5,19,True,False,False,,-1,26.0026,3000
2026-06-27 04:50:38,65,B+0.5,7,True,False,False,,-1,25.8813,3000
2026-06-27 04:51:04,100,B+2.5,12,True,False,False,,-1,25.8475,3000
2026-06-27 04:51:41,146,W+0.5,28,True,False,False,,-1,26.001,3000
2026-06-27 04:52:20,162,W+3.5,39,True,False,False,,-1,26.0008,3000
2026-06-27 04:52:51,130,B+3.5,22,True,False,False,,-1,26.0075,3000
2026-06-27 04:53:09,65,B+0.5,6,True,False,False,,-1,25.9087,3000
2026-06-27 04:53:34,91,W+0.5,7,True,False,False,,-1,25.984,3000
2026-06-27 04:54:01,107,B+0.5,17,True,False,False,,-1,25.8561,3000
2026-06-27 04:54:21,83,B+2.5,17,True,False,False,,-1,25.8966,3000
2026-06-27 04:54:48,103,W+0.5,12,True,False,False,,-1,26.0168,3000
2026-06-27 04:55:15,102,B+2.5,12,True,False,False,,-1,25.9626,3000
2026-06-27 04:55:44,114,B+7.5,15,True,False,False,,-1,25.9967,3000
2026-06-27 04:56:07,93,B+2.5,11,True,False,False,,-1,25.937,3000
2026-06-27 04:56:40,134,B+2.5,22,True,False,False,,-1,25.8811,3000
2026-06-27 04:57:05,102,B+0.5,13,True,False,False,,-1,25.7982,3000
2026-06-27 04:57:32,103,W+1.5,17,True,False,False,,-1,25.9161,3000
2026-06-27 04:58:02,114,B+4.5,19,True,False,False,,-1,25.9687,3000
2026-06-27 04:58:43,162,W+0.5,25,True,False,False,,-1,26.1096,3000
2026-06-27 04:58:59,61,B+0.5,6,True,False,False,,-1,25.9963,3000
2026-06-27 04:59:37,160,B+16.5,32,True,False,False,,-1,26.153,3000
2026-06-27 05:00:02,95,B+1.5,7,True,False,False,,-1,26.0915,3000
2026-06-27 05:00:29,113,B+2.5,20,True,False,False,,-1,26.1571,3000
2026-06-27 05:01:04,136,B+1.5,33,True,False,False,,-1,26.2727,3000
2026-06-27 05:01:46,162,B+5.5,28,True,False,False,,-1,26.2903,3000
2026-06-27 05:02:09,89,B+2.5,12,True,False,False,,-1,26.1034,3000
2026-06-27 05:02:23,55,B+3.5,6,True,False,False,,-1,26.1178,3000
2026-06-27 05:02:53,119,W+2.5,16,True,False,False,,-1,26.2701,3000
2026-06-27 05:03:13,75,B+3.5,10,True,False,False,,-1,26.1432,3000
2026-06-27 05:03:28,59,B+0.5,6,True,False,False,,-1,25.9986,3000
2026-06-27 05:03:51,94,B+1.5,10,True,False,False,,-1,26.0151,3000
2026-06-27 05:04:22,117,W+10.5,21,True,False,False,,-1,26.096,3000
2026-06-27 05:04:47,95,W+0.5,8,True,False,False,,-1,26.1769,3000
2026-06-27 05:05:14,104,B+4.5,17,True,False,False,,-1,26.0891,3000
2026-06-27 05:05:40,117,W+0.5,17,True,False,False,,-1,26.1011,3000
2026-06-27 05:06:13,135,W+0.5,21,True,False,False,,-1,26.2849,3000
2026-06-27 05:06:40,104,B+0.5,18,True,False,False,,-1,26.3542,3000
2026-06-27 05:07:19,159,W+7.5,26,True,False,False,,-1,26.3878,3000
2026-06-27 05:07:40,88,B+2.5,13,True,False,False,,-1,26.3921,3000
2026-06-27 05:07:51,47,B+6.5,6,True,False,False,,-1,26.3929,3000
2026-06-27 05:08:17,109,W+0.5,14,True,False,False,,-1,26.4256,3000
2026-06-27 05:08:31,57,B+0.5,5,True,False,False,,-1,26.4186,3000
2026-06-27 05:08:44,57,B+1.5,9,True,False,False,,-1,26.2958,3000
2026-06-27 05:09:16,129,B+2.5,28,True,False,False,,-1,26.3799,3000
2026-06-27 05:09:52,140,B+2.5,25,True,False,False,,-1,26.5892,3000
2026-06-27 05:10:15,104,B+0.5,16,True,False,False,,-1,26.5461,3000
2026-06-27 05:10:39,106,B+0.5,17,True,False,False,,-1,26.6559,3000
2026-06-27 05:10:53,51,B+2.5,6,True,False,False,,-1,26.4882,3000
2026-06-27 05:11:19,106,B+6.5,13,True,False,False,,-1,26.3762,3000
2026-06-27 05:11:53,144,W+0.5,33,True,False,False,,-1,26.4689,3000
2026-06-27 05:12:08,53,B+1.5,8,True,False,False,,-1,26.4598,3000
2026-06-27 05:12:33,99,B+5.5,19,True,False,False,,-1,26.4051,3000
2026-06-27 05:12:59,107,W+0.5,19,True,False,False,,-1,26.539,3000
2026-06-27 05:13:22,97,W+0.5,12,True,False,False,,-1,26.5686,3000
2026-06-27 05:13:59,156,B+3.5,26,True,False,False,,-1,26.6909,3000
2026-06-27 05:14:11,51,B+1.5,6,True,False,False,,-1,26.5516,3000
2026-06-27 05:14:32,91,B+0.5,13,True,False,False,,-1,26.421,3000
2026-06-27 05:14:57,93,W+0.5,5,True,False,False,,-1,26.3173,3000
2026-06-27 05:15:22,99,W+2.5,10,True,False,False,,-1,26.3399,3000
2026-06-27 05:15:54,137,W+0.5,29,True,False,False,,-1,26.3066,3000
2026-06-27 05:16:09,57,B+0.5,7,True,False,False,,-1,26.1742,3000
2026-06-27 05:16:30,86,B+4.5,8,True,False,False,,-1,26.2178,3000
2026-06-27 05:16:58,114,B+3.5,22,True,False,False,,-1,26.1883,3000
2026-06-27 05:17:28,117,B+1.5,15,True,False,False,,-1,26.1991,3000
2026-06-27 05:18:03,137,W+2.5,29,True,False,False,,-1,26.2848,3000
2026-06-27 05:18:30,113,W+0.5,17,True,False,False,,-1,26.3008,3000
2026-06-27 05:18:59,115,B+1.5,16,True,False,False,,-1,26.2955,3000
2026-06-27 05:19:30,122,B+3.5,22,True,False,False,,-1,26.3382,3000
2026-06-27 05:19:43,57,B+0.5,9,True,False,False,,-1,26.1219,3000
2026-06-27 05:20:01,68,B+3.5,4,True,False,False,,-1,26.0045,3000
2026-06-27 05:20:27,100,B+3.5,14,True,False,False,,-1,26.0378,3000
2026-06-27 05:20:52,103,W+0.5,17,True,False,False,,-1,25.9921,3000
2026-06-27 05:21:16,92,B+1.5,10,True,False,False,,-1,25.9167,3000
2026-06-27 05:21:46,111,B+0.5,14,True,False,False,,-1,26.0585,3000
2026-06-27 05:22:12,101,B+0.5,18,True,False,False,,-1,26.0564,3000
2026-06-27 05:22:44,121,B+3.5,19,True,False,False,,-1,26.1071,3000
2026-06-27 05:23:09,96,B+2.5,8,True,False,False,,-1,25.9743,3000
2026-06-27 05:23:34,106,B+0.5,15,True,False,False,,-1,25.8798,3000
2026-06-27 05:23:49,57,B+4.5,8,True,False,False,,-1,25.7869,3000
2026-06-27 05:24:16,109,W+0.5,11,True,False,False,,-1,25.7506,3000
2026-06-27 05:24:51,137,W+0.5,24,True,False,False,,-1,25.9433,3000
2026-06-27 05:25:18,108,B+4.5,17,True,False,False,,-1,25.9386,3000
2026-06-27 05:25:43,102,B+2.5,14,True,False,False,,-1,25.9543,3000
2026-06-27 05:26:09,98,B+0.5,12,True,False,False,,-1,26.0566,3000
2026-06-27 05:26:34,105,B+3.5,15,True,False,False,,-1,26.0978,3000
2026-06-27 05:26:58,100,B+0.5,11,True,False,False,,-1,26.0419,3000
2026-06-27 05:27:25,103,W+0.5,9,True,False,False,,-1,26.0366,3000
2026-06-27 05:27:44,75,B+2.5,11,True,False,False,,-1,25.9207,3000
2026-06-27 05:28:13,122,W+1.5,13,True,False,False,,-1,25.9069,3000
2026-06-27 05:28:41,113,B+1.5,19,True,False,False,,-1,25.9085,3000
2026-06-27 05:29:04,95,B+3.5,12,True,False,False,,-1,25.837,3000
2026-06-27 05:29:33,110,B+4.5,15,True,False,False,,-1,25.9702,3000
2026-06-27 05:29:58,101,B+1.5,15,True,False,False,,-1,25.9127,3000
2026-06-27 05:30:27,113,W+1.5,11,True,False,False,,-1,26.0825,3000
2026-06-27 05:30:55,118,B+0.5,24,True,False,False,,-1,25.9809,3000
2026-06-27 05:31:22,106,B+5.5,16,True,False,False,,-1,25.9312,3000
2026-06-27 05:31:46,97,B+3.5,16,True,False,False,,-1,25.9395,3000
2026-06-27 05:34:02,69,B+0.5,9,True,False,False,,-1,25.9694,4000
2026-06-27 05:34:14,53,B+3.5,8,True,False,False,,-1,25.8111,4000
2026-06-27 05:34:45,103,W+5.5,15,True,False,False,,-1,25.7642,4000
2026-06-27 05:35:04,59,B+1.5,8,True,False,False,,-1,25.7961,4000
2026-06-27 05:35:36,106,B+9.5,11,True,False,False,,-1,25.8435,4000
2026-06-27 05:36:06,106,B+3.5,11,True,False,False,,-1,25.7787,4000
2026-06-27 05:36:25,75,B+6.5,6,True,False,False,,-1,25.5818,4000
2026-06-27 05:36:59,120,B+1.5,17,True,False,False,,-1,25.61,4000
2026-06-27 05:37:17,71,B+5.5,12,True,False,False,,-1,25.6052,4000
2026-06-27 05:38:02,148,B+2.5,31,True,False,False,,-1,25.8138,4000
2026-06-27 05:38:40,137,B+8.5,12,True,False,False,,-1,25.9258,4000
2026-06-27 05:39:16,126,B+2.5,14,True,False,False,,-1,26.0719,4000
2026-06-27 05:39:42,102,W+3.5,8,True,False,False,,-1,26.0772,4000
2026-06-27 05:39:57,59,B+0.5,4,True,False,False,,-1,25.9499,4000
2026-06-27 05:40:31,114,B+9.5,15,True,False,False,,-1,25.994,4000
2026-06-27 05:40:59,99,B+4.5,6,True,False,False,,-1,26.047,4000
2026-06-27 05:41:25,94,B+6.5,12,True,False,False,,-1,25.9772,4000
2026-06-27 05:42:00,124,B+4.5,17,True,False,False,,-1,26.077,4000
2026-06-27 05:42:28,104,B+5.5,16,True,False,False,,-1,26.0956,4000
2026-06-27 05:43:04,135,B+0.5,22,True,False,False,,-1,26.1548,4000
2026-06-27 05:43:38,125,W+1.5,23,True,False,False,,-1,26.0788,4000
2026-06-27 05:44:07,111,W+2.5,14,True,False,False,,-1,26.2162,4000
2026-06-27 05:44:43,129,W+10.5,17,True,False,False,,-1,26.1893,4000
2026-06-27 05:45:09,95,B+6.5,7,True,False,False,,-1,26.1938,4000
2026-06-27 05:45:34,97,B+1.5,16,True,False,False,,-1,26.1731,4000
2026-06-27 05:46:06,123,B+9.5,14,True,False,False,,-1,26.1499,4000
2026-06-27 05:46:48,140,B+11.5,19,True,False,False,,-1,26.1555,4000
2026-06-27 05:47:23,128,B+2.5,16,True,False,False,,-1,26.2676,4000
2026-06-27 05:47:50,103,W+0.5,13,True,False,False,,-1,26.3941,4000
2026-06-27 05:48:16,96,B+7.5,9,True,False,False,,-1,26.3551,4000
2026-06-27 05:48:47,122,B+0.5,21,True,False,False,,-1,26.4635,4000
2026-06-27 05:49:04,73,B+2.5,16,True,False,False,,-1,26.4894,4000
2026-06-27 05:49:29,98,B+8.5,14,True,False,False,,-1,26.5054,4000
2026-06-27 05:50:04,134,B+4.5,30,True,False,False,,-1,26.5451,4000
2026-06-27 05:50:33,108,B+0.5,13,True,False,False,,-1,26.5969,4000
2026-06-27 05:51:20,161,W+1.5,22,True,False,False,,-1,26.7962,4000
2026-06-27 05:51:53,123,W+1.5,18,True,False,False,,-1,26.8604,4000
2026-06-27 05:52:31,129,B+6.5,16,True,False,False,,-1,26.9108,4000
2026-06-27 05:53:04,120,B+1.5,21,True,False,False,,-1,26.9633,4000
2026-06-27 05:53:30,100,B+1.5,10,True,False,False,,-1,26.8451,4000
2026-06-27 05:54:11,148,B+8.5,32,True,False,False,,-1,27.0339,4000
2026-06-27 05:54:40,113,W+2.5,16,True,False,False,,-1,27.2269,4000
2026-06-27 05:55:12,114,B+9.5,8,True,False,False,,-1,27.2838,4000
2026-06-27 05:55:42,110,B+2.5,17,True,False,False,,-1,27.4471,4000
2026-06-27 05:56:16,133,B+0.5,24,True,False,False,,-1,27.644,4000
2026-06-27 05:56:34,65,B+9.5,13,True,False,False,,-1,27.5029,4000
2026-06-27 05:57:02,97,B+0.5,5,True,False,False,,-1,27.4346,4000
2026-06-27 05:57:28,106,B+5.5,13,True,False,False,,-1,27.4604,4000
2026-06-27 05:58:08,148,B+8.5,25,True,False,False,,-1,27.6247,4000
2026-06-27 05:58:29,72,W+1.5,4,True,False,False,,-1,27.6936,4000
2026-06-27 05:58:53,83,B+2.5,3,True,False,False,,-1,27.6723,4000
2026-06-27 05:59:19,101,W+7.5,15,True,False,False,,-1,27.5913,4000
2026-06-27 05:59:43,90,B+2.5,8,True,False,False,,-1,27.6805,4000
2026-06-27 06:00:13,120,B+3.5,14,True,False,False,,-1,27.7329,4000
2026-06-27 06:00:47,126,B+13.5,24,True,False,False,,-1,27.8113,4000
2026-06-27 06:01:27,132,B+5.5,19,True,False,False,,-1,27.9757,4000
2026-06-27 06:01:50,89,B+3.5,12,True,False,False,,-1,27.8419,4000
2026-06-27 06:02:17,102,B+7.5,18,True,False,False,,-1,27.9918,4000
2026-06-27 06:02:45,114,B+0.5,13,True,False,False,,-1,28.0583,4000
2026-06-27 06:03:11,88,W+2.5,3,True,False,False,,-1,28.0662,4000
2026-06-27 06:03:37,103,B+8.5,20,True,False,False,,-1,28.0789,4000
2026-06-27 06:04:04,96,B+2.5,12,True,False,False,,-1,28.027,4000
2026-06-27 06:04:42,132,B+1.5,23,True,False,False,,-1,28.2619,4000
2026-06-27 06:05:14,120,B+8.5,22,True,False,False,,-1,28.3656,4000
2026-06-27 06:05:55,137,W+2.5,17,True,False,False,,-1,28.491,4000
2026-06-27 06:06:19,94,B+6.5,13,True,False,False,,-1,28.4427,4000
2026-06-27 06:06:52,114,W+0.5,17,True,False,False,,-1,28.4205,4000
2026-06-27 06:07:15,91,B+2.5,2,True,False,False,,-1,28.3776,4000
2026-06-27 06:07:30,59,B+0.5,7,True,False,False,,-1,28.238,4000
2026-06-27 06:07:54,89,B+0.5,9,True,False,False,,-1,28.1754,4000
2026-06-27 06:08:31,115,W+1.5,15,True,False,False,,-1,28.4091,4000
2026-06-27 06:09:12,158,B+10.5,41,True,False,False,,-1,28.6389,4000
2026-06-27 06:09:38,88,B+1.5,4,True,False,False,,-1,28.6437,4000
2026-06-27 06:10:10,111,W+1.5,15,True,False,False,,-1,28.7059,4000
2026-06-27 06:10:35,88,W+2.5,6,True,False,False,,-1,28.7163,4000
2026-06-27 06:11:05,121,W+9.5,19,True,False,False,,-1,28.7248,4000
2026-06-27 06:11:33,99,B+6.5,5,True,False,False,,-1,28.7405,4000
2026-06-27 06:12:03,102,B+7.5,8,True,False,False,,-1,28.72,4000
2026-06-27 06:12:20,61,B+1.5,8,True,False,False,,-1,28.6382,4000
2026-06-27 06:12:53,120,B+2.5,19,True,False,False,,-1,28.7231,4000
2026-06-27 06:13:26,124,B+0.5,21,True,False,False,,-1,28.9085,4000
2026-06-27 06:13:55,100,W+3.5,11,True,False,False,,-1,28.9251,4000
2026-06-27 06:14:10,63,B+5.5,13,True,False,False,,-1,28.7108,4000
2026-06-27 06:14:44,118,B+4.5,17,True,False,False,,-1,28.7952,4000
2026-06-27 06:15:06,77,B+3.5,8,True,False,False,,-1,28.7536,4000
2026-06-27 06:15:35,107,B+0.5,12,True,False,False,,-1,28.7876,4000
2026-06-27 06:15:54,65,B+0.5,6,True,False,False,,-1,28.7276,4000
2026-06-27 06:16:31,120,B+3.5,13,True,False,False,,-1,28.8505,4000
2026-06-27 06:17:06,129,W+2.5,14,True,False,False,,-1,28.9379,4000
2026-06-27 06:17:26,77,B+0.5,10,True,False,False,,-1,28.9461,4000
2026-06-27 06:18:06,162,W+6.5,39,True,False,False,,-1,29.0594,4000
2026-06-27 06:18:33,99,W+6.5,12,True,False,False,,-1,29.0471,4000
2026-06-27 06:18:58,97,W+3.5,12,True,False,False,,-1,29.0685,4000
2026-06-27 06:19:26,100,B+1.5,15,True,False,False,,-1,29.0595,4000
2026-06-27 06:19:53,105,B+5.5,25,True,False,False,,-1,29.0812,4000
2026-06-27 06:20:27,118,B+2.5,16,True,False,False,,-1,29.1309,4000
2026-06-27 06:20:50,96,B+6.5,9,True,False,False,,-1,29.0805,4000
2026-06-27 06:21:21,127,B+15.5,23,True,False,False,,-1,29.1163,4000
2026-06-27 06:21:50,121,W+2.5,15,True,False,False,,-1,29.1723,4000
2026-06-27 06:22:21,107,W+0.5,13,True,False,False,,-1,29.1977,4000
2026-06-27 06:22:57,119,W+1.5,11,True,False,False,,-1,29.34,4000
2026-06-27 06:23:27,124,B+3.5,24,True,False,False,,-1,29.5285,4000
2026-06-27 06:24:02,132,B+1.5,19,True,False,False,,-1,29.5711,4000
2026-06-27 06:24:34,126,B+0.5,18,True,False,False,,-1,29.6968,4000
2026-06-27 06:24:49,57,B+1.5,6,True,False,False,,-1,29.5274,4000
2026-06-27 06:25:22,115,B+2.5,19,True,False,False,,-1,29.5608,4000
2026-06-27 06:25:47,89,B+6.5,4,True,False,False,,-1,29.6142,4000
2026-06-27 06:26:14,99,W+1.5,2,True,False,False,,-1,29.551,4000
2026-06-27 06:26:28,55,B+0.5,7,True,False,False,,-1,29.5093,4000
2026-06-27 06:26:45,63,B+0.5,10,True,False,False,,-1,29.2267,4000
2026-06-27 06:27:22,131,W+1.5,22,True,False,False,,-1,29.2107,4000
2026-06-27 06:28:00,131,B+7.5,24,True,False,False,,-1,29.242,4000
2026-06-27 06:28:25,91,W+4.5,12,True,False,False,,-1,29.2238,4000
2026-06-27 06:28:53,107,B+3.5,17,True,False,False,,-1,29.355,4000
2026-06-27 06:29:25,116,B+4.5,27,True,False,False,,-1,29.3423,4000
2026-06-27 06:29:54,104,B+2.5,17,True,False,False,,-1,29.3553,4000
2026-06-27 06:30:11,73,B+3.5,13,True,False,False,,-1,29.2594,4000
2026-06-27 06:30:28,63,B+2.5,8,True,False,False,,-1,29.0732,4000
2026-06-27 06:31:00,121,B+4.5,23,True,False,False,,-1,29.1138,4000
2026-06-27 06:31:24,95,B+0.5,11,True,False,False,,-1,28.9938,4000
2026-06-27 06:31:42,69,B+0.5,11,True,False,False,,-1,28.8413,4000
2026-06-27 06:32:10,103,W+1.5,12,True,False,False,,-1,28.8229,4000
2026-06-27 06:32:43,116,B+0.5,26,True,False,False,,-1,28.7964,4000
2026-06-27 06:33:25,146,B+0.5,22,True,False,False,,-1,28.9616,4000
2026-06-27 06:33:54,105,B+8.5,17,True,False,False,,-1,29.0015,4000
2026-06-27 06:34:39,162,B+3.5,33,True,False,False,,-1,29.1274,4000
2026-06-27 06:35:13,127,W+0.5,26,True,False,False,,-1,29.0446,4000
2026-06-27 06:35:36,89,B+8.5,5,True,False,False,,-1,28.9301,4000
2026-06-27 06:35:58,83,B+2.5,8,True,False,False,,-1,28.8809,4000
2026-06-27 06:36:27,104,B+3.5,18,True,False,False,,-1,28.9038,4000
2026-06-27 06:36:51,88,W+1.5,13,True,False,False,,-1,28.8376,4000
2026-06-27 06:37:36,162,B+3.5,24,True,False,False,,-1,29.1172,4000
2026-06-27 06:37:56,71,B+1.5,4,True,False,False,,-1,29.0681,4000
2026-06-27 06:38:28,114,B+3.5,8,True,False,False,,-1,29.0427,4000
2026-06-27 06:39:13,158,B+8.5,14,True,False,False,,-1,29.1928,4000
2026-06-27 06:39:39,101,B+12.5,17,True,False,False,,-1,28.9859,4000
2026-06-27 06:39:55,60,W+1.5,3,True,False,False,,-1,28.8154,4000
2026-06-27 06:40:27,124,B+0.5,27,True,False,False,,-1,28.7527,4000
2026-06-27 06:40:49,91,B+2.5,12,True,False,False,,-1,28.6475,4000
2026-06-27 06:41:22,117,W+3.5,20,True,False,False,,-1,28.7142,4000
2026-06-27 06:41:48,93,B+2.5,8,True,False,False,,-1,28.5749,4000
2026-06-27 06:42:17,103,B+2.5,12,True,False,False,,-1,28.5668,4000
2026-06-27 06:42:45,104,B+10.5,16,True,False,False,,-1,28.5227,4000
2026-06-27 06:43:07,85,B+0.5,6,True,False,False,,-1,28.4486,4000
2026-06-27 06:43:44,134,B+4.5,15,True,False,False,,-1,28.4788,4000
2026-06-27 06:44:19,129,W+0.5,14,True,False,False,,-1,28.652,4000
2026-06-27 06:44:46,105,W+0.5,11,True,False,False,,-1,28.6328,4000
2026-06-27 06:45:26,162,W+13.5,29,True,False,False,,-1,28.776,4000
2026-06-27 06:45:48,81,B+2.5,6,True,False,False,,-1,28.5972,4000
2026-06-27 06:46:24,136,B+2.5,32,True,False,False,,-1,28.7478,4000
2026-06-27 06:46:56,111,B+3.5,16,True,False,False,,-1,28.8302,4000
2026-06-27 06:47:24,107,W+1.5,11,True,False,False,,-1,28.8432,4000
2026-06-27 06:47:54,111,B+1.5,15,True,False,False,,-1,28.9141,4000
2026-06-27 06:48:22,99,W+0.5,18,True,False,False,,-1,28.8892,4000
2026-06-27 06:48:55,120,B+1.5,18,True,False,False,,-1,28.8747,4000
2026-06-27 06:49:25,106,W+3.5,11,True,False,False,,-1,28.779,4000
2026-06-27 06:49:50,104,B+7.5,17,True,False,False,,-1,28.7926,4000
2026-06-27 06:50:22,110,B+2.5,8,True,False,False,,-1,28.8432,4000
2026-06-27 06:50:38,59,B+0.5,6,True,False,False,,-1,28.7288,4000
2026-06-27 06:51:02,92,B+10.5,10,True,False,False,,-1,28.7101,4000
2026-06-27 06:51:40,136,B+0.5,16,True,False,False,,-1,28.8274,4000
2026-06-27 06:52:11,116,B+3.5,17,True,False,False,,-1,28.8643,4000
2026-06-27 06:52:37,97,B+3.5,9,True,False,False,,-1,28.7503,4000
2026-06-27 06:52:52,57,B+7.5,6,True,False,False,,-1,28.5757,4000
2026-06-27 06:53:22,105,B+5.5,8,True,False,False,,-1,28.4693,4000
2026-06-27 06:53:47,94,B+5.5,11,True,False,False,,-1,28.4732,4000
2026-06-27 06:54:24,137,W+4.5,19,True,False,False,,-1,28.5135,4000
2026-06-27 06:54:46,81,B+5.5,14,True,False,False,,-1,28.5015,4000
2026-06-27 06:55:01,63,B+7.5,11,True,False,False,,-1,28.509,4000
2026-06-27 06:55:42,150,B+2.5,24,True,False,False,,-1,28.6745,4000
2026-06-27 06:56:12,112,W+4.5,12,True,False,False,,-1,28.6079,4000
2026-06-27 06:56:38,93,B+6.5,10,True,False,False,,-1,28.4586,4000
2026-06-27 06:57:11,122,B+5.5,21,True,False,False,,-1,28.523,4000
2026-06-27 06:57:31,73,B+7.5,10,True,False,False,,-1,28.4057,4000
2026-06-27 06:57:49,73,B+3.5,9,True,False,False,,-1,28.346,4000
2026-06-27 06:58:22,117,B+4.5,11,True,False,False,,-1,28.3629,4000
2026-06-27 06:58:53,120,B+0.5,16,True,False,False,,-1,28.4019,4000
2026-06-27 06:59:28,142,B+3.5,30,True,False,False,,-1,28.4454,4000
2026-06-27 07:00:06,132,B+2.5,28,True,False,False,,-1,28.6542,4000
2026-06-27 07:00:49,162,B+4.5,26,True,False,False,,-1,28.759,4000
2026-06-27 07:01:22,110,B+12.5,15,True,False,False,,-1,28.7538,4000
2026-06-27 07:01:50,95,W+3.5,13,True,False,False,,-1,28.7446,4000
2026-06-27 07:02:15,92,B+6.5,14,True,False,False,,-1,28.849,4000
2026-06-27 07:02:47,110,B+3.5,13,True,False,False,,-1,28.8238,4000
2026-06-27 07:03:17,108,B+1.5,18,True,False,False,,-1,28.9068,4000
2026-06-27 07:03:45,104,B+1.5,13,True,False,False,,-1,28.8938,4000
2026-06-27 07:04:00,59,B+8.5,7,True,False,False,,-1,28.8603,4000
2026-06-27 07:04:27,105,W+3.5,16,True,False,False,,-1,28.759,4000
2026-06-27 07:04:53,102,B+5.5,19,True,False,False,,-1,28.6747,4000
2026-06-27 07:05:28,117,B+3.5,14,True,False,False,,-1,28.817,4000
2026-06-27 07:06:00,121,B+1.5,24,True,False,False,,-1,28.7456,4000
2026-06-27 07:06:16,57,B+1.5,8,True,False,False,,-1,28.6246,4000
2026-06-27 07:06:37,81,B+3.5,2,True,False,False,,-1,28.5844,4000
2026-06-27 07:06:52,57,B+7.5,6,True,False,False,,-1,28.457,4000
2026-06-27 07:07:21,108,B+1.5,17,True,False,False,,-1,28.4821,4000
2026-06-27 07:07:55,113,B+9.5,10,True,False,False,,-1,28.4801,4000
2026-06-27 07:08:24,110,B+3.5,19,True,False,False,,-1,28.5382,4000
2026-06-27 07:09:07,150,B+15.5,25,True,False,False,,-1,28.6607,4000
2026-06-27 07:09:42,129,B+12.5,16,True,False,False,,-1,28.7195,4000
2026-06-27 07:10:06,94,B+2.5,12,True,False,False,,-1,28.6488,4000
2026-06-27 07:10:46,143,B+1.5,22,True,False,False,,-1,28.6892,4000
2026-06-27 07:11:27,142,B+2.5,16,True,False,False,,-1,28.7897,4000
2026-06-27 07:11:41,55,B+0.5,5,True,False,False,,-1,28.5851,4000
2026-06-27 07:12:06,95,B+3.5,10,True,False,False,,-1,28.5165,4000
2026-06-27 07:12:34,99,W+4.5,11,True,False,False,,-1,28.6488,4000
2026-06-27 07:12:59,98,B+8.5,7,True,False,False,,-1,28.5707,4000
2026-06-27 07:13:30,110,B+2.5,19,True,False,False,,-1,28.6294,4000
2026-06-27 07:13:56,94,B+5.5,19,True,False,False,,-1,28.6112,4000
2026-06-27 07:14:20,89,W+3.5,3,True,False,False,,-1,28.7155,4000
2026-06-27 07:14:53,119,W+1.5,18,True,False,False,,-1,28.8689,4000
2026-06-27 07:15:28,120,B+4.5,15,True,False,False,,-1,28.8625,4000
2026-06-27 07:16:03,124,W+5.5,17,True,False,False,,-1,28.8237,4000
2026-06-27 07:16:26,78,W+3.5,4,True,False,False,,-1,28.8031,4000
2026-06-27 07:16:59,109,W+0.5,15,True,False,False,,-1,28.8564,4000
2026-06-27 07:17:22,83,B+2.5,3,True,False,False,,-1,28.7675,4000
2026-06-27 07:17:58,136,B+7.5,23,True,False,False,,-1,28.8304,4000
2026-06-27 07:18:34,132,B+1.5,25,True,False,False,,-1,29.0243,4000
2026-06-27 07:19:01,99,W+9.5,11,True,False,False,,-1,29.1303,4000
2026-06-27 07:19:32,110,B+5.5,10,True,False,False,,-1,29.1202,4000
2026-06-27 07:19:53,77,B+5.5,13,True,False,False,,-1,29.0898,4000
2026-06-27 07:20:24,116,B+7.5,11,True,False,False,,-1,29.2195,4000
2026-06-27 07:20:46,85,B+5.5,11,True,False,False,,-1,29.1626,4000
2026-06-27 07:21:04,70,W+7.5,3,True,False,False,,-1,29.0084,4000
2026-06-27 07:21:26,89,B+5.5,11,True,False,False,,-1,28.8109,4000
2026-06-27 07:22:02,119,B+8.5,22,True,False,False,,-1,28.8725,4000
2026-06-27 07:22:38,130,B+6.5,22,True,False,False,,-1,28.7881,4000
2026-06-27 07:23:09,102,B+0.5,19,True,False,False,,-1,28.7541,4000
2026-06-27 07:23:42,122,B+13.5,25,True,False,False,,-1,28.8497,4000
2026-06-27 07:24:24,140,B+7.5,26,True,False,False,,-1,29.0537,4000
2026-06-27 07:24:50,107,B+7.5,18,True,False,False,,-1,29.0331,4000
2026-06-27 07:25:34,150,B+6.5,29,True,False,False,,-1,29.2281,4000
2026-06-27 07:25:48,59,B+0.5,5,True,False,False,,-1,28.918,4000
2026-06-27 07:26:21,115,W+4.5,20,True,False,False,,-1,29.0511,4000
2026-06-27 07:26:59,140,B+2.5,24,True,False,False,,-1,29.1074,4000
2026-06-27 07:27:33,114,B+13.5,18,True,False,False,,-1,28.9935,4000
2026-06-27 07:28:00,109,B+6.5,28,True,False,False,,-1,29.0078,4000
2026-06-27 07:28:15,59,B+7.5,10,True,False,False,,-1,28.9977,4000
2026-06-27 07:28:31,59,B+0.5,9,True,False,False,,-1,28.8446,4000
2026-06-27 07:28:56,97,B+2.5,14,True,False,False,,-1,28.873,4000
2026-06-27 07:29:33,130,B+1.5,27,True,False,False,,-1,28.9065,4000
2026-06-27 07:30:05,121,B+4.5,22,True,False,False,,-1,28.9628,4000
2026-06-27 07:30:34,122,B+0.5,23,True,False,False,,-1,28.962,4000
2026-06-27 07:31:03,110,B+1.5,18,True,False,False,,-1,28.9802,4000
2026-06-27 07:31:46,156,B+4.5,29,True,False,False,,-1,29.1816,4000
2026-06-27 07:32:24,143,B+1.5,36,True,False,False,,-1,29.2019,4000
2026-06-27 07:32:49,91,B+1.5,10,True,False,False,,-1,29.0997,4000
2026-06-27 07:33:13,91,W+0.5,7,True,False,False,,-1,29.0728,4000
2026-06-27 07:33:43,106,B+1.5,12,True,False,False,,-1,28.9655,4000
2026-06-27 07:34:11,98,B+1.5,9,True,False,False,,-1,29.0211,4000
2026-06-27 07:34:37,100,B+3.5,13,True,False,False,,-1,28.921,4000
2026-06-27 07:35:21,162,W+8.5,33,True,False,False,,-1,29.0444,4000
2026-06-27 07:35:49,162,W+3.5,2,True,False,False,,-1,29.0509,4000
2026-06-27 07:36:36,162,B+8.5,29,True,False,False,,-1,29.2128,4000
2026-06-27 07:36:52,61,B+0.5,4,True,False,False,,-1,29.0919,4000
2026-06-27 07:37:20,106,W+6.5,5,True,False,False,,-1,29.0511,4000
2026-06-27 07:37:45,90,B+1.5,10,True,False,False,,-1,28.9988,4000
2026-06-27 07:38:14,109,B+2.5,21,True,False,False,,-1,29.038,4000
2026-06-27 07:38:44,112,B+9.5,12,True,False,False,,-1,29.0177,4000
2026-06-27 07:39:17,125,W+0.5,11,True,False,False,,-1,29.1872,4000
2026-06-27 07:39:40,97,B+8.5,13,True,False,False,,-1,29.1839,4000
2026-06-27 07:39:54,57,B+0.5,14,True,False,False,,-1,28.9373,4000
2026-06-27 07:40:13,71,B+0.5,10,True,False,False,,-1,28.8253,4000
2026-06-27 07:40:39,101,B+6.5,18,True,False,False,,-1,28.8194,4000
2026-06-27 07:41:05,95,W+0.5,11,True,False,False,,-1,28.9292,4000
2026-06-27 07:41:27,83,B+4.5,13,True,False,False,,-1,28.8547,4000
2026-06-27 07:42:06,119,B+4.5,9,True,False,False,,-1,28.9852,4000
2026-06-27 07:42:36,113,B+5.5,20,True,False,False,,-1,28.9184,4000
2026-06-27 07:43:06,110,B+0.5,12,True,False,False,,-1,28.9983,4000
2026-06-27 07:43:34,106,B+5.5,13,True,False,False,,-1,29.1226,4000
2026-06-27 07:44:08,121,W+2.5,22,True,False,False,,-1,29.0629,4000
2026-06-27 07:44:40,110,B+0.5,10,True,False,False,,-1,29.0786,4000
2026-06-27 07:45:10,112,B+1.5,15,True,False,False,,-1,29.1085,4000
2026-06-27 07:45:54,162,W+10.5,33,True,False,False,,-1,29.2332,4000
2026-06-27 07:46:18,82,B+1.5,2,True,False,False,,-1,29.2737,4000
2026-06-27 07:46:34,61,B+1.5,11,True,False,False,,-1,29.2443,4000
2026-06-27 07:46:57,83,B+1.5,8,True,False,False,,-1,29.1484,4000
2026-06-27 07:47:29,123,B+7.5,25,True,False,False,,-1,29.1593,4000
2026-06-27 07:48:00,106,B+0.5,6,True,False,False,,-1,29.1234,4000
2026-06-27 07:48:30,106,B+7.5,17,True,False,False,,-1,29.0446,4000
2026-06-27 07:48:56,92,W+3.5,12,True,False,False,,-1,28.8663,4000
2026-06-27 07:49:29,119,W+7.5,15,True,False,False,,-1,28.8658,4000
2026-06-27 07:50:00,107,W+5.5,14,True,False,False,,-1,28.8992,4000
2026-06-27 07:50:37,132,B+2.5,18,True,False,False,,-1,29.0181,4000
2026-06-27 07:51:09,122,B+7.5,18,True,False,False,,-1,29.0201,4000
2026-06-27 07:51:47,143,B+3.5,19,True,False,False,,-1,29.101,4000
2026-06-27 07:52:14,108,B+2.5,18,True,False,False,,-1,29.0966,4000
2026-06-27 07:52:46,116,B+0.5,14,True,False,False,,-1,29.2609,4000
2026-06-27 07:53:02,59,B+4.5,13,True,False,False,,-1,29.1489,4000
2026-06-27 07:53:45,162,B+8.5,30,True,False,False,,-1,29.3142,4000
2026-06-27 07:54:14,104,B+4.5,11,True,False,False,,-1,29.2625,4000
2026-06-27 07:54:36,91,B+0.5,17,True,False,False,,-1,29.1515,4000
2026-06-27 07:54:56,67,B+0.5,7,True,False,False,,-1,29.2041,4000
2026-06-27 07:55:24,97,B+1.5,9,True,False,False,,-1,29.2719,4000
2026-06-27 07:55:54,105,W+1.5,14,True,False,False,,-1,29.4121,4000
2026-06-27 07:56:22,102,B+4.5,7,True,False,False,,-1,29.4056,4000
2026-06-27 07:57:08,158,B+5.5,29,True,False,False,,-1,29.5254,4000
2026-06-27 07:57:40,120,B+2.5,26,True,False,False,,-1,29.5512,4000
2026-06-27 07:58:05,87,B+2.5,13,True,False,False,,-1,29.3805,4000
2026-06-27 07:58:42,137,B+1.5,22,True,False,False,,-1,29.3934,4000
2026-06-27 07:59:15,124,B+5.5,19,True,False,False,,-1,29.4884,4000
2026-06-27 07:59:43,105,W+0.5,18,True,False,False,,-1,29.3658,4000
2026-06-27 08:00:10,105,W+9.5,14,True,False,False,,-1,29.2357,4000
2026-06-27 08:00:39,112,B+1.5,19,True,False,False,,-1,29.3778,4000
2026-06-27 08:01:06,103,B+3.5,16,True,False,False,,-1,29.3963,4000
2026-06-27 08:01:45,150,B+9.5,31,True,False,False,,-1,29.5059,4000
2026-06-27 08:02:17,125,B+10.5,24,True,False,False,,-1,29.5753,4000
2026-06-27 08:02:47,115,B+0.5,17,True,False,False,,-1,29.5709,4000
2026-06-27 08:03:22,125,B+0.5,27,True,False,False,,-1,29.6561,4000
2026-06-27 08:03:50,107,B+3.5,17,True,False,False,,-1,29.7024,4000
2026-06-27 08:04:26,139,B+4.5,24,True,False,False,,-1,29.7329,4000
2026-06-27 08:04:59,124,W+2.5,9,True,False,False,,-1,29.7035,4000
2026-06-27 08:05:27,105,W+1.5,8,True,False,False,,-1,29.6435,4000
2026-06-27 08:05:55,98,B+1.5,7,True,False,False,,-1,29.6923,4000
2026-06-27 08:06:10,59,B+2.5,10,True,False,False,,-1,29.513,4000
2026-06-27 08:06:45,118,B+0.5,13,True,False,False,,-1,29.6235,4000
2026-06-27 08:07:30,162,B+8.5,31,True,False,False,,-1,29.7193,4000
2026-06-27 08:08:01,104,B+3.5,9,True,False,False,,-1,29.6653,4000
2026-06-27 08:08:32,110,B+2.5,19,True,False,False,,-1,29.7063,4000
2026-06-27 08:09:04,110,W+11.5,12,True,False,False,,-1,29.7124,4000
2026-06-27 08:09:34,108,B+11.5,12,True,False,False,,-1,29.8102,4000
2026-06-27 08:10:03,100,B+2.5,9,True,False,False,,-1,29.7826,4000
2026-06-27 08:10:23,77,B+4.5,9,True,False,False,,-1,29.7647,4000
2026-06-27 08:11:01,144,B+10.5,27,True,False,False,,-1,29.9626,4000
2026-06-27 08:11:29,110,B+4.5,17,True,False,False,,-1,30.0227,4000
2026-06-27 08:11:51,81,B+0.5,13,True,False,False,,-1,29.8914,4000
2026-06-27 08:12:22,107,B+5.5,19,True,False,False,,-1,29.8281,4000
2026-06-27 08:12:50,102,B+15.5,7,True,False,False,,-1,29.8096,4000
2026-06-27 08:13:13,86,B+4.5,14,True,False,False,,-1,29.7142,4000
2026-06-27 08:13:38,94,B+0.5,7,True,False,False,,-1,29.538,4000
2026-06-27 08:14:06,109,B+3.5,14,True,False,False,,-1,29.5593,4000
2026-06-27 08:14:34,116,B+5.5,17,True,False,False,,-1,29.4016,4000
2026-06-27 08:15:03,100,B+3.5,10,True,False,False,,-1,29.5423,4000
2026-06-27 08:15:33,117,W+2.5,15,True,False,False,,-1,29.5146,4000
2026-06-27 08:16:14,137,W+2.5,14,True,False,False,,-1,29.5449,4000
2026-06-27 08:16:29,59,B+7.5,9,True,False,False,,-1,29.3579,4000
2026-06-27 08:16:56,104,B+4.5,12,True,False,False,,-1,29.358,4000
2026-06-27 08:17:25,100,B+2.5,9,True,False,False,,-1,29.4986,4000
2026-06-27 08:18:00,121,B+6.5,15,True,False,False,,-1,29.6844,4000
2026-06-27 08:18:25,92,B+0.5,12,True,False,False,,-1,29.689,4000
2026-06-27 08:18:43,67,B+11.5,9,True,False,False,,-1,29.498,4000
2026-06-27 08:19:16,118,B+2.5,23,True,False,False,,-1,29.5078,4000
2026-06-27 08:19:30,56,W+1.5,3,True,False,False,,-1,29.3637,4000
2026-06-27 08:20:04,119,W+7.5,17,True,False,False,,-1,29.406,4000
2026-06-27 08:20:31,101,B+4.5,9,True,False,False,,-1,29.2482,4000
2026-06-27 08:21:04,122,B+2.5,21,True,False,False,,-1,29.1913,4000
2026-06-27 08:21:45,140,B+1.5,22,True,False,False,,-1,29.3556,4000
2026-06-27 08:22:23,162,B+6.5,30,True,False,False,,-1,29.4925,4000
2026-06-27 08:22:48,101,W+19.5,6,True,False,False,,-1,29.4532,4000
2026-06-27 08:23:18,108,B+6.5,17,True,False,False,,-1,29.4751,4000
2026-06-27 08:23:53,128,B+4.5,19,True,False,False,,-1,29.562,4000
2026-06-27 08:24:17,89,B+2.5,7,True,False,False,,-1,29.3591,4000
2026-06-27 08:24:42,97,B+4.5,20,True,False,False,,-1,29.3275,4000
2026-06-27 08:25:20,131,W+1.5,16,True,False,False,,-1,29.2347,4000
2026-06-27 08:25:55,127,W+1.5,25,True,False,False,,-1,29.4292,4000
2026-06-27 08:26:09,63,B+3.5,13,True,False,False,,-1,29.288,4000
2026-06-27 08:26:32,87,W+6.5,6,True,False,False,,-1,29.266,4000
2026-06-27 08:26:59,98,B+1.5,7,True,False,False,,-1,29.253,4000
2026-06-27 08:27:27,104,B+0.5,12,True,False,False,,-1,29.2251,4000
2026-06-27 08:27:57,106,B+2.5,11,True,False,False,,-1,29.1942,4000
2026-06-27 08:28:12,55,B+1.5,8,True,False,False,,-1,29.1125,4000
2026-06-27 08:28:38,93,B+4.5,5,True,False,False,,-1,29.2394,4000
2026-06-27 08:29:02,87,B+2.5,2,True,False,False,,-1,29.2803,4000
2026-06-27 08:29:27,97,B+0.5,5,True,False,False,,-1,29.2768,4000
2026-06-27 08:29:55,101,W+0.5,4,True,False,False,,-1,29.2948,4000
2026-06-27 08:30:28,117,W+8.5,22,True,False,False,,-1,29.4008,4000
2026-06-27 08:31:00,120,B+0.5,16,True,False,False,,-1,29.3448,4000
2026-06-27 08:31:17,61,B+3.5,10,True,False,False,,-1,29.2099,4000
2026-06-27 08:31:59,138,B+1.5,26,True,False,False,,-1,29.3309,4000
2026-06-27 08:32:18,79,B+0.5,16,True,False,False,,-1,29.2441,4000
2026-06-27 08:32:46,107,B+2.5,12,True,False,False,,-1,29.1769,4000
2026-06-27 08:33:18,113,W+0.5,9,True,False,False,,-1,29.1762,4000
2026-06-27 08:33:42,92,W+4.5,12,True,False,False,,-1,29.1188,4000
2026-06-27 08:34:05,90,B+1.5,5,True,False,False,,-1,28.8989,4000
2026-06-27 08:34:18,59,B+2.5,11,True,False,False,,-1,28.7975,4000
2026-06-27 08:34:44,97,B+0.5,5,True,False,False,,-1,28.8958,4000
2026-06-27 08:35:23,148,W+9.5,31,True,False,False,,-1,29.0563,4000
2026-06-27 08:35:37,55,B+1.5,10,True,False,False,,-1,28.8742,4000
2026-06-27 08:35:58,84,B+2.5,9,True,False,False,,-1,28.775,4000
2026-06-27 08:36:14,61,B+5.5,12,True,False,False,,-1,28.6364,4000
2026-06-27 08:36:40,97,B+0.5,17,True,False,False,,-1,28.6341,4000
2026-06-27 08:37:13,127,B+2.5,18,True,False,False,,-1,28.6425,4000
2026-06-27 08:37:28,53,B+4.5,13,True,False,False,,-1,28.4803,4000
2026-06-27 08:37:52,87,B+5.5,9,True,False,False,,-1,28.3447,4000
2026-06-27 08:38:15,86,B+2.5,5,True,False,False,,-1,28.2549,4000
2026-06-27 08:38:38,75,B+0.5,3,True,False,False,,-1,28.1011,4000
2026-06-27 08:39:12,116,B+3.5,16,True,False,False,,-1,28.1694,4000
2026-06-27 08:39:43,112,W+2.5,12,True,False,False,,-1,28.1588,4000
2026-06-27 08:40:08,100,B+8.5,18,True,False,False,,-1,28.2594,4000
2026-06-27 08:40:44,123,B+4.5,19,True,False,False,,-1,28.1879,4000
2026-06-27 08:41:14,109,B+1.5,16,True,False,False,,-1,28.1942,4000
2026-06-27 08:41:43,104,B+1.5,15,True,False,False,,-1,28.267,4000
2026-06-27 08:42:26,154,B+0.5,33,True,False,False,,-1,28.4934,4000
2026-06-27 08:43:05,136,B+0.5,16,True,False,False,,-1,28.601,4000
2026-06-27 08:43:39,125,B+4.5,22,True,False,False,,-1,28.6537,4000
2026-06-27 08:44:04,98,B+11.5,15,True,False,False,,-1,28.6124,4000
2026-06-27 08:44:39,134,B+2.5,17,True,False,False,,-1,28.5064,4000
2026-06-27 08:45:10,115,B+7.5,15,True,False,False,,-1,28.4999,4000
2026-06-27 08:45:44,112,B+0.5,10,True,False,False,,-1,28.586,4000
2026-06-27 08:45:59,55,B+4.5,8,True,False,False,,-1,28.3726,4000
2026-06-27 08:46:34,116,B+3.5,15,True,False,False,,-1,28.3895,4000
2026-06-27 08:46:58,96,W+4.5,8,True,False,False,,-1,28.35,4000
2026-06-27 08:47:26,101,W+6.5,10,True,False,False,,-1,28.3519,4000
2026-06-27 08:47:53,100,B+3.5,17,True,False,False,,-1,28.3358,4000
2026-06-27 08:48:35,162,W+5.5,38,True,False,False,,-1,28.4901,4000
2026-06-27 08:49:02,101,W+2.5,15,True,False,False,,-1,28.3707,4000
2026-06-27 08:49:29,100,B+2.5,13,True,False,False,,-1,28.3124,4000
2026-06-27 08:49:59,106,B+6.5,13,True,False,False,,-1,28.3116,4000
2026-06-27 08:50:30,117,B+3.5,22,True,False,False,,-1,28.2788,4000
2026-06-27 08:51:00,119,B+7.5,23,True,False,False,,-1,28.2979,4000
2026-06-27 08:51:27,102,B+0.5,9,True,False,False,,-1,28.2072,4000
2026-06-27 08:52:08,162,W+1.5,20,True,False,False,,-1,28.2935,4000
2026-06-27 08:52:41,120,B+4.5,10,True,False,False,,-1,28.3389,4000
2026-06-27 08:53:12,110,B+14.5,10,True,False,False,,-1,28.3648,4000
2026-06-27 08:53:57,162,B+10.5,35,True,False,False,,-1,28.6702,4000
2026-06-27 08:54:23,93,W+3.5,6,True,False,False,,-1,28.5814,4000
2026-06-27 08:54:50,98,B+6.5,5,True,False,False,,-1,28.3942,4000
2026-06-27 08:55:06,67,B+1.5,10,True,False,False,,-1,28.2514,4000
2026-06-27 08:55:34,100,B+2.5,15,True,False,False,,-1,28.2234,4000
2026-06-27 08:55:59,95,W+2.5,8,True,False,False,,-1,28.1501,4000
2026-06-27 08:56:20,92,B+14.5,19,True,False,False,,-1,28.0545,4000
2026-06-27 08:56:50,102,B+6.5,6,True,False,False,,-1,28.0633,4000
2026-06-27 08:57:17,101,W+0.5,12,True,False,False,,-1,28.1309,4000
2026-06-27 08:57:48,115,B+0.5,14,True,False,False,,-1,28.0647,4000
2026-06-27 08:58:20,128,B+1.5,20,True,False,False,,-1,28.1139,4000
2026-06-27 08:58:37,67,B+3.5,10,True,False,False,,-1,28.0597,4000
2026-06-27 08:59:05,99,W+2.5,10,True,False,False,,-1,28.0285,4000
2026-06-27 08:59:39,123,B+0.5,14,True,False,False,,-1,28.0878,4000
2026-06-27 09:00:27,162,W+13.5,19,True,False,False,,-1,28.3362,4000
2026-06-27 09:00:53,107,B+0.5,19,True,False,False,,-1,28.3484,4000
2026-06-27 09:01:21,110,B+10.5,16,True,False,False,,-1,28.3428,4000
2026-06-27 09:01:42,83,B+0.5,4,True,False,False,,-1,28.2757,4000
2026-06-27 09:02:11,102,B+5.5,16,True,False,False,,-1,28.2776,4000
2026-06-27 09:02:35,96,B+2.5,4,True,False,False,,-1,28.2194,4000
2026-06-27 09:03:03,101,W+0.5,8,True,False,False,,-1,28.0886,4000
2026-06-27 09:03:37,129,B+8.5,19,True,False,False,,-1,28.2841,4000
2026-06-27 09:04:03,94,B+4.5,12,True,False,False,,-1,28.2681,4000
2026-06-27 09:04:32,104,W+7.5,11,True,False,False,,-1,28.2687,4000
2026-06-27 09:05:05,117,W+5.5,15,True,False,False,,-1,28.248,4000
2026-06-27 09:05:20,59,B+2.5,9,True,False,False,,-1,28.1416,4000
2026-06-27 09:05:43,89,B+11.5,14,True,False,False,,-1,28.193,4000
2026-06-27 09:06:20,136,B+4.5,17,True,False,False,,-1,28.2331,4000
2026-06-27 09:06:44,91,B+1.5,7,True,False,False,,-1,28.3361,4000
2026-06-27 09:07:08,83,B+1.5,10,True,False,False,,-1,28.2358,4000
2026-06-27 09:07:39,112,B+0.5,11,True,False,False,,-1,28.2748,4000
2026-06-27 09:08:11,119,W+0.5,21,True,False,False,,-1,28.2708,4000
2026-06-27 09:08:37,97,W+2.5,7,True,False,False,,-1,28.1171,4000
2026-06-27 09:09:07,115,W+5.5,17,True,False,False,,-1,28.0416,4000
2026-06-27 09:09:30,93,B+2.5,11,True,False,False,,-1,28.0093,4000
2026-06-27 09:09:57,99,W+2.5,11,True,False,False,,-1,27.984,4000
2026-06-27 09:10:15,74,W+0.5,3,True,False,False,,-1,27.8201,4000
2026-06-27 09:10:40,94,W+2.5,10,True,False,False,,-1,27.8313,4000
2026-06-27 09:11:08,105,B+2.5,8,True,False,False,,-1,27.8557,4000
2026-06-27 09:11:40,118,B+1.5,17,True,False,False,,-1,27.8006,4000
2026-06-27 09:12:07,104,W+1.5,12,True,False,False,,-1,27.7214,4000
2026-06-27 09:12:42,131,B+5.5,20,True,False,False,,-1,27.9272,4000
2026-06-27 09:13:06,87,B+1.5,11,True,False,False,,-1,27.9431,4000
2026-06-27 09:13:49,150,B+1.5,29,True,False,False,,-1,28.0904,4000
2026-06-27 09:14:13,99,W+0.5,15,True,False,False,,-1,28.061,4000
2026-06-27 09:14:52,138,B+4.5,20,True,False,False,,-1,28.1479,4000
2026-06-27 09:15:19,104,B+3.5,14,True,False,False,,-1,28.2631,4000
2026-06-27 09:15:48,112,B+1.5,8,True,False,False,,-1,28.2965,4000
2026-06-27 09:16:16,103,W+1.5,8,True,False,False,,-1,28.3449,4000
2026-06-27 09:16:55,138,B+3.5,25,True,False,False,,-1,28.4736,4000
2026-06-27 09:17:27,109,B+6.5,8,True,False,False,,-1,28.5141,4000
