datetime,game_length,game_result,num_passes,is_resign_disabled,is_marked_for_resign,is_could_won,marked_resign_player,resign_threshold,time_per_game,training_steps
2026-06-18 19:19:45,162,W+25.5,0,True,False,False,,-1,40.8663,0
2026-06-18 19:20:18,162,W+71.5,0,True,False,False,,-1,37.2309,0
2026-06-18 19:20:24,28,W+7.5,2,True,False,False,,-1,26.7164,0
2026-06-18 19:20:59,162,B+46.5,0,True,False,False,,-1,28.7084,0
2026-06-18 19:21:29,162,B+33.5,5,True,False,False,,-1,28.9942,0
2026-06-18 19:22:02,162,W+31.5,0,True,False,False,,-1,29.7648,0
2026-06-18 19:22:32,145,B+25.5,2,True,False,False,,-1,29.8012,0
2026-06-18 19:22:40,36,W+6.5,3,True,False,False,,-1,27.0158,0
2026-06-18 19:23:11,162,W+34.5,0,True,False,False,,-1,27.5035,0
2026-06-18 19:23:27,76,W+8.5,3,True,False,False,,-1,26.2894,0
2026-06-18 19:24:03,160,W+47.5,3,True,False,False,,-1,27.2384,0
2026-06-18 19:24:34,157,B+60.5,2,True,False,False,,-1,27.5506,0
2026-06-18 19:24:47,60,W+7.5,2,True,False,False,,-1,26.4247,0
2026-06-18 19:25:20,162,B+49.5,0,True,False,False,,-1,26.8486,0
2026-06-18 19:25:54,162,B+32.5,1,True,False,False,,-1,27.3627,0
2026-06-18 19:26:29,162,W+1.5,0,True,False,False,,-1,27.8009,0
2026-06-18 19:26:52,123,B+0.5,8,True,False,False,,-1,27.5196,0
2026-06-18 19:27:26,162,B+50.5,1,True,False,False,,-1,27.878,0
2026-06-18 19:27:59,162,W+55.5,0,True,False,False,,-1,28.1561,0
2026-06-18 19:28:33,162,B+2.5,0,True,False,False,,-1,28.4444,0
2026-06-18 19:29:07,162,W+57.5,0,True,False,False,,-1,28.7415,0
2026-06-18 19:29:44,162,B+40.5,0,True,False,False,,-1,29.1194,0
2026-06-18 19:30:10,138,W+45.5,2,True,False,False,,-1,28.9604,0
2026-06-18 19:30:44,162,W+22.5,0,True,False,False,,-1,29.1708,0
2026-06-18 19:31:09,121,B+24.5,2,True,False,False,,-1,29.0011,0
2026-06-18 19:31:38,158,W+68.5,2,True,False,False,,-1,29.0061,0
2026-06-18 19:32:10,146,W+53.5,2,True,False,False,,-1,29.1185,0
2026-06-18 19:32:42,162,B+36.5,1,True,False,False,,-1,29.2195,0
2026-06-18 19:32:47,26,W+6.5,3,True,False,False,,-1,28.3777,0
2026-06-18 19:33:04,78,W+13.5,2,True,False,False,,-1,27.9912,0
2026-06-18 19:33:29,121,B+16.5,2,True,False,False,,-1,27.8959,0
2026-06-18 19:34:01,162,W+66.5,1,True,False,False,,-1,28.026,0
2026-06-18 19:34:33,162,B+1.5,1,True,False,False,,-1,28.1652,0
2026-06-18 19:35:06,162,B+22.5,3,True,False,False,,-1,28.3034,0
2026-06-18 19:35:35,157,B+67.5,2,True,False,False,,-1,28.3184,0
2026-06-18 19:35:51,70,W+15.5,2,True,False,False,,-1,27.9706,0
2026-06-18 19:36:25,162,B+49.5,0,True,False,False,,-1,28.1402,0
2026-06-18 19:36:58,160,W+52.5,2,True,False,False,,-1,28.263,0
2026-06-18 19:37:31,160,W+64.5,3,True,False,False,,-1,28.3969,0
2026-06-18 19:38:00,132,W+61.5,2,True,False,False,,-1,28.3956,0
2026-06-18 19:38:31,162,B+11.5,0,True,False,False,,-1,28.4643,0
2026-06-18 19:38:35,22,W+6.5,2,True,False,False,,-1,27.8966,0
2026-06-18 19:38:55,84,W+17.5,2,True,False,False,,-1,27.6999,0
2026-06-18 19:39:27,162,W+26.5,2,True,False,False,,-1,27.8096,0
2026-06-18 19:39:58,148,W+22.5,2,True,False,False,,-1,27.8667,0
2026-06-18 19:40:31,162,W+28.5,0,True,False,False,,-1,27.9811,0
2026-06-18 19:41:04,162,B+58.5,0,True,False,False,,-1,28.0871,0
2026-06-18 19:41:31,160,W+69.5,2,True,False,False,,-1,28.0649,0
2026-06-18 19:41:56,125,B+38.5,2,True,False,False,,-1,28.0134,0
2026-06-18 19:42:18,116,W+43.5,2,True,False,False,,-1,27.8804,0
2026-06-18 19:42:52,162,W+17.5,0,True,False,False,,-1,28.0088,0
2026-06-18 19:43:24,162,B+47.5,0,True,False,False,,-1,28.0777,0
2026-06-18 19:43:58,155,B+53.5,3,True,False,False,,-1,28.1867,0
2026-06-18 19:44:35,162,W+9.5,0,True,False,False,,-1,28.3606,0
2026-06-18 19:45:05,147,B+56.5,2,True,False,False,,-1,28.3766,0
2026-06-18 19:45:36,162,W+52.5,0,True,False,False,,-1,28.4369,0
2026-06-18 19:46:11,162,W+70.5,2,True,False,False,,-1,28.5512,0
2026-06-18 19:46:43,146,B+32.5,6,True,False,False,,-1,28.6104,0
2026-06-18 19:47:17,162,W+29.5,0,True,False,False,,-1,28.6917,0
2026-06-18 19:47:48,162,B+12.5,1,True,False,False,,-1,28.7409,0
2026-06-18 19:48:22,162,B+36.5,0,True,False,False,,-1,28.8141,0
2026-06-18 19:48:50,162,W+80.5,1,True,False,False,,-1,28.8142,0
2026-06-18 19:49:21,162,W+38.5,0,True,False,False,,-1,28.8422,0
2026-06-18 19:49:55,162,B+22.5,2,True,False,False,,-1,28.9212,0
2026-06-18 19:50:27,144,W+32.5,2,True,False,False,,-1,28.9639,0
2026-06-18 19:51:00,157,B+41.5,2,True,False,False,,-1,29.0267,0
2026-06-18 19:51:33,162,W+28.5,1,True,False,False,,-1,29.0984,0
2026-06-18 19:52:02,137,B+47.5,2,True,False,False,,-1,29.0838,0
2026-06-18 19:52:33,162,W+25.5,0,True,False,False,,-1,29.1148,0
2026-06-18 19:53:09,162,B+43.5,0,True,False,False,,-1,29.2167,0
2026-06-18 19:53:41,162,B+50.5,0,True,False,False,,-1,29.2544,0
2026-06-18 19:54:15,162,B+49.5,2,True,False,False,,-1,29.3147,0
2026-06-18 19:54:49,162,B+15.5,1,True,False,False,,-1,29.3896,0
2026-06-18 19:55:19,162,W+18.5,1,True,False,False,,-1,29.3946,0
2026-06-18 19:55:56,162,W+32.5,0,True,False,False,,-1,29.5003,0
2026-06-18 19:56:32,162,B+25.5,1,True,False,False,,-1,29.5754,0
2026-06-18 19:56:54,107,B+2.5,2,True,False,False,,-1,29.4863,0
2026-06-18 19:57:19,128,B+25.5,4,True,False,False,,-1,29.4291,0
2026-06-18 19:57:51,162,B+45.5,0,True,False,False,,-1,29.4555,0
2026-06-18 19:58:25,162,B+47.5,1,True,False,False,,-1,29.5102,0
2026-06-18 19:58:59,162,B+30.5,0,True,False,False,,-1,29.5744,0
2026-06-18 19:59:32,162,B+41.5,1,True,False,False,,-1,29.6137,0
2026-06-18 20:00:06,162,W+53.5,1,True,False,False,,-1,29.6607,0
2026-06-18 20:00:21,74,W+19.5,2,True,False,False,,-1,29.4888,0
2026-06-18 20:00:51,153,B+53.5,3,True,False,False,,-1,29.4908,0
2026-06-18 20:00:56,30,W+7.5,2,True,False,False,,-1,29.2157,0
2026-06-18 20:01:22,129,B+17.5,2,True,False,False,,-1,29.1684,0
2026-06-18 20:02:01,162,W+54.5,0,True,False,False,,-1,29.2797,0
2026-06-18 20:02:38,162,B+21.5,0,True,False,False,,-1,29.3673,0
2026-06-18 20:03:15,162,B+30.5,0,True,False,False,,-1,29.4544,0
2026-06-18 20:03:46,151,B+38.5,2,True,False,False,,-1,29.4706,0
2026-06-18 20:04:14,135,B+33.5,2,True,False,False,,-1,29.4546,0
2026-06-18 20:04:45,162,B+17.5,0,True,False,False,,-1,29.4777,0
2026-06-18 20:05:15,162,W+88.5,1,True,False,False,,-1,29.4753,0
2026-06-18 20:05:47,162,B+12.5,1,True,False,False,,-1,29.5051,0
2026-06-18 20:06:20,162,W+53.5,1,True,False,False,,-1,29.5453,0
2026-06-18 20:06:55,162,W+48.5,0,True,False,False,,-1,29.5981,0
2026-06-18 20:07:28,160,W+59.5,3,True,False,False,,-1,29.6306,0
2026-06-18 20:08:03,162,W+28.5,0,True,False,False,,-1,29.6868,0
2026-06-18 20:08:08,26,W+8.5,3,True,False,False,,-1,29.4435,0
2026-06-18 20:08:41,162,W+73.5,1,True,False,False,,-1,29.3597,0
2026-06-18 20:09:16,162,W+36.5,0,True,False,False,,-1,29.377,0
2026-06-18 20:09:46,143,B+45.5,2,True,False,False,,-1,29.6219,0
2026-06-18 20:10:21,161,B+50.5,2,True,False,False,,-1,29.621,0
2026-06-18 20:10:55,162,B+37.5,0,True,False,False,,-1,29.662,0
2026-06-18 20:11:21,130,W+29.5,2,True,False,False,,-1,29.5803,0
2026-06-18 20:11:43,121,B+29.5,2,True,False,False,,-1,29.5074,0
2026-06-18 20:12:14,162,B+50.5,1,True,False,False,,-1,29.7354,0
2026-06-18 20:12:46,160,W+73.5,2,True,False,False,,-1,29.7402,0
2026-06-18 20:13:19,162,W+21.5,0,True,False,False,,-1,29.9174,0
2026-06-18 20:13:52,162,B+54.5,1,True,False,False,,-1,29.8794,0
2026-06-18 20:14:16,131,B+31.5,2,True,False,False,,-1,29.8181,0
2026-06-18 20:14:32,74,W+8.5,2,True,False,False,,-1,29.8478,0
2026-06-18 20:15:03,162,B+14.5,0,True,False,False,,-1,29.8358,0
2026-06-18 20:15:29,140,W+52.5,2,True,False,False,,-1,29.7446,0
2026-06-18 20:15:55,131,B+32.5,2,True,False,False,,-1,29.6632,0
2026-06-18 20:16:22,143,B+45.5,2,True,False,False,,-1,29.6991,0
2026-06-18 20:16:51,162,B+63.5,2,True,False,False,,-1,29.6529,0
2026-06-18 20:17:23,162,B+61.5,4,True,False,False,,-1,29.6373,0
2026-06-18 20:17:41,90,B+7.5,2,True,False,False,,-1,29.4813,0
2026-06-18 20:18:06,121,B+43.5,2,True,False,False,,-1,29.3873,0
2026-06-18 20:18:13,30,W+5.5,2,True,False,False,,-1,29.0801,0
2026-06-18 20:18:46,162,W+46.5,0,True,False,False,,-1,29.158,0
2026-06-18 20:19:17,162,B+59.5,3,True,False,False,,-1,29.1281,0
2026-06-18 20:19:22,26,W+7.5,2,True,False,False,,-1,28.9282,0
2026-06-18 20:19:31,48,W+9.5,2,True,False,False,,-1,28.724,0
2026-06-18 20:20:03,162,W+27.5,1,True,False,False,,-1,28.7312,0
2026-06-18 20:20:39,162,W+18.5,0,True,False,False,,-1,28.7644,0
2026-06-18 20:21:11,162,W+71.5,0,True,False,False,,-1,29.0354,0
2026-06-18 20:21:39,153,B+57.5,2,True,False,False,,-1,29.1499,0
2026-06-18 20:22:12,162,B+42.5,0,True,False,False,,-1,29.2306,0
2026-06-18 20:22:46,162,W+36.5,1,True,False,False,,-1,29.2528,0
2026-06-18 20:23:15,141,B+39.5,2,True,False,False,,-1,29.2137,0
2026-06-18 20:23:46,162,B+54.5,0,True,False,False,,-1,29.1976,0
2026-06-18 20:24:20,162,B+53.5,2,True,False,False,,-1,29.2472,0
2026-06-18 20:24:54,162,B+16.5,0,True,False,False,,-1,29.4278,0
2026-06-18 20:25:27,162,W+18.5,0,True,False,False,,-1,29.4196,0
2026-06-18 20:25:47,105,B+13.5,2,True,False,False,,-1,29.2937,0
2026-06-18 20:26:22,162,W+63.5,0,True,False,False,,-1,29.303,0
2026-06-18 20:26:49,138,W+47.5,2,True,False,False,,-1,29.2889,0
2026-06-18 20:27:21,162,W+73.5,0,True,False,False,,-1,29.2986,0
2026-06-18 20:27:51,162,B+55.5,3,True,False,False,,-1,29.5491,0
2026-06-18 20:28:21,159,B+62.5,2,True,False,False,,-1,29.6564,0
2026-06-18 20:28:25,20,W+7.5,2,True,False,False,,-1,29.3688,0
2026-06-18 20:29:00,162,W+23.5,0,True,False,False,,-1,29.4228,0
2026-06-18 20:29:20,101,B+9.5,2,True,False,False,,-1,29.2906,0
2026-06-18 20:29:56,162,W+54.5,0,True,False,False,,-1,29.314,0
2026-06-18 20:30:18,113,B+19.5,2,True,False,False,,-1,29.2659,0
2026-06-18 20:30:49,162,B+15.5,0,True,False,False,,-1,29.3272,0
2026-06-18 20:31:22,162,W+67.5,0,True,False,False,,-1,29.4432,0
2026-06-18 20:31:56,162,B+59.5,0,True,False,False,,-1,29.4373,0
2026-06-18 20:32:25,145,B+53.5,2,True,False,False,,-1,29.4043,0
2026-06-18 20:32:57,162,B+50.5,1,True,False,False,,-1,29.388,0
2026-06-18 20:33:17,104,W+31.5,2,True,False,False,,-1,29.2106,0
2026-06-18 20:33:49,162,W+40.5,0,True,False,False,,-1,29.2468,0
2026-06-18 20:34:18,154,B+23.5,5,True,False,False,,-1,29.2155,0
2026-06-18 20:34:51,162,W+33.5,0,True,False,False,,-1,29.1966,0
2026-06-18 20:35:10,101,B+6.5,2,True,False,False,,-1,29.0669,0
2026-06-18 20:35:45,162,B+41.5,0,True,False,False,,-1,29.0778,0
2026-06-18 20:36:19,162,W+64.5,1,True,False,False,,-1,29.1088,0
2026-06-18 20:36:25,26,W+9.5,2,True,False,False,,-1,28.8315,0
2026-06-18 20:37:01,162,W+29.5,0,True,False,False,,-1,28.9085,0
2026-06-18 20:37:35,162,W+58.5,1,True,False,False,,-1,28.9393,0
2026-06-18 20:37:53,83,B+9.5,2,True,False,False,,-1,28.7755,0
2026-06-18 20:38:26,162,W+59.5,2,True,False,False,,-1,28.7948,0
2026-06-18 20:38:59,162,B+48.5,3,True,False,False,,-1,28.7875,0
2026-06-18 20:39:15,71,B+9.5,2,True,False,False,,-1,28.6159,0
2026-06-18 20:39:49,162,B+27.5,0,True,False,False,,-1,28.6684,0
2026-06-18 20:40:23,162,B+41.5,0,True,False,False,,-1,28.6996,0
2026-06-18 20:40:54,162,W+66.5,2,True,False,False,,-1,28.6471,0
2026-06-18 20:41:29,162,W+33.5,0,True,False,False,,-1,28.6816,0
2026-06-18 20:42:03,162,W+36.5,2,True,False,False,,-1,28.6825,0
2026-06-18 20:42:32,137,B+42.5,2,True,False,False,,-1,28.6206,0
2026-06-18 20:43:04,154,W+23.5,2,True,False,False,,-1,28.6419,0
2026-06-18 20:43:37,162,W+59.5,1,True,False,False,,-1,28.5987,0
2026-06-18 20:44:07,158,W+70.5,2,True,False,False,,-1,28.5496,0
2026-06-18 20:44:39,160,W+62.5,3,True,False,False,,-1,28.6403,0
2026-06-18 20:45:15,162,W+27.5,0,True,False,False,,-1,28.7523,0
2026-06-18 20:45:50,162,W+26.5,2,True,False,False,,-1,28.7848,0
2026-06-18 20:46:18,141,B+44.5,2,True,False,False,,-1,28.7319,0
2026-06-18 20:46:52,162,B+19.5,0,True,False,False,,-1,28.7206,0
2026-06-18 20:47:25,155,B+52.5,2,True,False,False,,-1,28.7228,0
2026-06-18 20:47:30,20,W+6.5,2,True,False,False,,-1,28.4369,0
2026-06-18 20:48:00,152,W+72.5,2,True,False,False,,-1,28.5921,0
2026-06-18 20:48:05,24,W+6.5,2,True,False,False,,-1,28.345,0
2026-06-18 20:48:34,134,W+32.5,2,True,False,False,,-1,28.5729,0
2026-06-18 20:49:07,162,B+39.5,0,True,False,False,,-1,28.6545,0
2026-06-18 20:49:40,162,W+25.5,2,True,False,False,,-1,28.5888,0
2026-06-18 20:50:13,162,B+14.5,0,True,False,False,,-1,28.5481,0
2026-06-18 20:50:25,54,W+5.5,2,True,False,False,,-1,28.2987,0
2026-06-18 20:50:57,162,B+44.5,0,True,False,False,,-1,28.3148,0
2026-06-18 20:51:33,155,B+62.5,2,True,False,False,,-1,28.3924,0
2026-06-18 20:52:03,141,B+24.5,4,True,False,False,,-1,28.3707,0
2026-06-18 20:52:11,44,W+7.5,2,True,False,False,,-1,28.1651,0
2026-06-18 20:52:40,130,W+30.5,2,True,False,False,,-1,28.125,0
2026-06-18 20:53:12,162,B+63.5,3,True,False,False,,-1,28.1114,0
2026-06-18 20:53:44,162,W+64.5,0,True,False,False,,-1,28.0926,0
2026-06-18 20:54:18,162,B+64.5,0,True,False,False,,-1,28.0956,0
2026-06-18 20:54:50,162,B+13.5,0,True,False,False,,-1,28.0701,0
2026-06-18 20:55:23,162,B+25.5,2,True,False,False,,-1,28.3436,0
2026-06-18 20:56:00,162,W+29.5,0,True,False,False,,-1,28.3863,0
2026-06-18 20:56:26,130,W+27.5,2,True,False,False,,-1,28.2942,0
2026-06-18 20:57:02,162,W+27.5,2,True,False,False,,-1,28.3536,0
2026-06-18 20:57:33,162,B+3.5,1,True,False,False,,-1,28.3186,0
2026-06-18 20:57:53,97,B+25.5,2,True,False,False,,-1,28.1786,0
2026-06-18 20:58:26,162,W+36.5,0,True,False,False,,-1,28.2517,0
2026-06-18 20:58:55,156,W+21.5,3,True,False,False,,-1,28.3189,0
2026-06-18 20:59:29,162,B+51.5,0,True,False,False,,-1,28.3527,0
2026-06-18 20:59:39,50,W+5.5,2,True,False,False,,-1,28.1328,0
2026-06-18 21:00:03,123,B+36.5,2,True,False,False,,-1,28.0404,0
2026-06-18 21:00:29,112,W+25.5,2,True,False,False,,-1,27.9714,0
2026-06-18 21:01:06,162,W+25.5,0,True,False,False,,-1,28.09,0
2026-06-18 21:01:39,162,B+60.5,0,True,False,False,,-1,28.2606,0
2026-06-18 21:02:13,162,W+34.5,0,True,False,False,,-1,28.297,0
2026-06-18 21:02:45,162,W+30.5,3,True,False,False,,-1,28.3595,0
2026-06-18 21:03:18,162,B+55.5,0,True,False,False,,-1,28.4304,0
2026-06-18 21:03:22,20,W+7.5,2,True,False,False,,-1,28.2008,0
2026-06-18 21:03:57,162,B+43.5,0,True,False,False,,-1,28.2616,0
2026-06-18 21:04:21,110,B+14.5,3,True,False,False,,-1,28.1772,0
2026-06-18 21:04:55,162,W+36.5,2,True,False,False,,-1,28.3333,0
2026-06-18 21:05:28,162,B+41.5,0,True,False,False,,-1,28.4104,0
2026-06-18 21:06:03,162,W+25.5,0,True,False,False,,-1,28.7009,0
2026-06-18 21:06:24,107,W+21.5,3,True,False,False,,-1,28.5801,0
2026-06-18 21:06:59,162,W+43.5,0,True,False,False,,-1,28.6153,0
2026-06-18 21:07:28,141,B+40.5,2,True,False,False,,-1,28.8558,0
2026-06-18 21:07:58,147,B+54.5,2,True,False,False,,-1,29.0737,0
2026-06-18 21:08:34,162,W+35.5,0,True,False,False,,-1,29.1019,0
2026-06-18 21:09:05,162,W+88.5,0,True,False,False,,-1,29.0578,0
2026-06-18 21:09:41,162,B+26.5,1,True,False,False,,-1,29.1008,0
2026-06-18 21:10:11,162,W+66.5,0,True,False,False,,-1,29.1243,0
2026-06-18 21:10:45,153,B+40.5,2,True,False,False,,-1,29.1282,0
2026-06-18 21:11:18,162,B+54.5,1,True,False,False,,-1,29.1115,0
2026-06-18 21:11:50,162,W+71.5,0,True,False,False,,-1,29.1507,0
2026-06-18 21:12:16,124,B+24.5,2,True,False,False,,-1,29.0969,0
2026-06-18 21:12:43,135,B+40.5,2,True,False,False,,-1,29.0333,0
2026-06-18 21:12:48,26,W+7.5,2,True,False,False,,-1,28.7412,0
2026-06-18 21:13:13,131,B+30.5,4,True,False,False,,-1,28.6597,0
2026-06-18 21:13:47,162,W+67.5,0,True,False,False,,-1,28.7888,0
2026-06-18 21:14:21,162,B+15.5,0,True,False,False,,-1,28.7872,0
2026-06-18 21:14:54,162,B+58.5,1,True,False,False,,-1,28.8525,0
2026-06-18 21:15:16,113,B+7.5,2,True,False,False,,-1,28.7467,0
2026-06-18 21:15:50,162,W+43.5,0,True,False,False,,-1,28.7944,0
2026-06-18 21:16:24,162,B+47.5,0,True,False,False,,-1,28.8299,0
2026-06-18 21:16:54,148,W+42.5,2,True,False,False,,-1,29.0885,0
2026-06-18 21:17:25,162,B+55.5,3,True,False,False,,-1,29.0485,0
2026-06-18 21:18:00,162,B+12.5,0,True,False,False,,-1,29.1971,0
2026-06-18 21:18:30,143,B+46.5,2,True,False,False,,-1,29.1373,0
2026-06-18 21:19:02,162,W+48.5,0,True,False,False,,-1,29.2427,0
2026-06-18 21:19:07,20,W+7.5,2,True,False,False,,-1,28.9725,0
2026-06-18 21:19:37,161,B+67.5,2,True,False,False,,-1,28.9395,0
2026-06-18 21:20:10,162,B+51.5,1,True,False,False,,-1,28.9399,0
2026-06-18 21:20:43,161,B+54.5,2,True,False,False,,-1,28.9861,0
2026-06-18 21:21:17,162,W+16.5,1,True,False,False,,-1,29.0042,0
2026-06-18 21:21:52,162,B+30.5,0,True,False,False,,-1,29.1562,0
2026-06-18 21:22:16,116,W+36.5,2,True,False,False,,-1,29.0623,0
2026-06-18 21:22:41,130,W+2.5,3,True,False,False,,-1,29.0293,0
2026-06-18 21:23:10,143,B+34.5,2,True,False,False,,-1,28.9875,0
2026-06-18 21:23:33,115,B+17.5,2,True,False,False,,-1,29.0216,0
2026-06-18 21:24:05,162,W+75.5,2,True,False,False,,-1,28.9965,0
2026-06-18 21:24:37,162,B+46.5,0,True,False,False,,-1,28.9752,0
2026-06-18 21:25:13,162,B+27.5,1,True,False,False,,-1,29.2817,0
2026-06-18 21:25:46,162,W+83.5,2,True,False,False,,-1,29.2453,0
2026-06-18 21:26:21,162,B+30.5,3,True,False,False,,-1,29.2535,0
2026-06-18 21:26:26,26,W+8.5,2,True,False,False,,-1,29.1324,0
2026-06-18 21:27:01,162,W+54.5,0,True,False,False,,-1,29.1426,0
2026-06-18 21:27:35,162,B+67.5,2,True,False,False,,-1,29.1629,0
2026-06-18 21:28:10,162,W+36.5,0,True,False,False,,-1,29.3414,0
2026-06-18 21:28:43,162,W+39.5,0,True,False,False,,-1,29.3461,0
2026-06-18 21:29:17,162,B+30.5,0,True,False,False,,-1,29.3374,0
2026-06-18 21:29:50,162,B+27.5,0,True,False,False,,-1,29.3626,0
2026-06-18 21:30:23,162,B+46.5,1,True,False,False,,-1,29.3354,0
2026-06-18 21:30:37,65,B+3.5,2,True,False,False,,-1,29.1336,0
2026-06-18 21:31:11,162,W+31.5,1,True,False,False,,-1,29.1932,0
2026-06-18 21:31:42,162,B+11.5,0,True,False,False,,-1,29.182,0
2026-06-18 21:32:13,150,W+61.5,3,True,False,False,,-1,29.158,0
2026-06-18 21:32:37,131,B+35.5,2,True,False,False,,-1,29.0981,0
2026-06-18 21:33:12,162,W+35.5,1,True,False,False,,-1,29.1307,0
2026-06-18 21:33:45,162,W+42.5,1,True,False,False,,-1,29.0956,0
2026-06-18 21:34:16,162,B+13.5,1,True,False,False,,-1,29.0579,0
2026-06-18 21:34:51,162,B+9.5,0,True,False,False,,-1,29.1279,0
2026-06-18 21:35:20,143,B+56.5,2,True,False,False,,-1,29.0791,0
2026-06-18 21:35:51,162,W+19.5,0,True,False,False,,-1,29.0638,0
2026-06-18 21:36:29,162,B+13.5,0,True,False,False,,-1,29.391,0
2026-06-18 21:37:02,162,B+53.5,0,True,False,False,,-1,29.4169,0
2026-06-18 21:37:17,66,W+5.5,2,True,False,False,,-1,29.5127,0
2026-06-18 21:37:46,140,B+44.5,2,True,False,False,,-1,29.521,0
2026-06-18 21:38:23,162,W+5.5,0,True,False,False,,-1,29.5598,0
2026-06-18 21:38:57,162,B+11.5,0,True,False,False,,-1,29.5757,0
2026-06-18 21:39:32,162,B+12.5,0,True,False,False,,-1,29.5895,0
2026-06-18 21:40:06,162,W+40.5,2,True,False,False,,-1,29.8062,0
2026-06-18 21:40:23,83,B+4.5,2,True,False,False,,-1,29.6568,0
2026-06-18 21:40:53,162,B+29.5,4,True,False,False,,-1,29.5975,0
2026-06-18 21:41:30,162,B+14.5,0,True,False,False,,-1,29.6676,0
2026-06-18 21:41:49,98,W+14.5,3,True,False,False,,-1,29.7766,0
2026-06-18 21:42:22,162,B+56.5,1,True,False,False,,-1,29.8221,0
2026-06-18 21:42:54,162,B+42.5,0,True,False,False,,-1,29.8258,0
2026-06-18 21:43:26,162,B+20.5,3,True,False,False,,-1,29.8166,0
2026-06-18 21:43:58,162,B+43.5,0,True,False,False,,-1,29.8,0
2026-06-18 21:44:32,162,B+15.5,0,True,False,False,,-1,29.8131,0
2026-06-18 21:44:56,114,W+45.5,2,True,False,False,,-1,29.725,0
2026-06-18 21:45:26,161,B+64.5,3,True,False,False,,-1,29.6632,0
2026-06-18 21:46:02,162,W+61.5,1,True,False,False,,-1,29.757,0
2026-06-18 21:46:36,162,B+0.5,0,True,False,False,,-1,29.7358,0
2026-06-18 21:47:08,160,W+42.5,3,True,False,False,,-1,29.746,0
2026-06-18 21:47:12,22,W+7.5,2,True,False,False,,-1,29.5878,0
2026-06-18 21:47:17,24,W+7.5,2,True,False,False,,-1,29.3057,0
2026-06-18 21:47:48,160,W+57.5,2,True,False,False,,-1,29.3205,0
2026-06-18 21:48:24,162,B+27.5,0,True,False,False,,-1,29.3454,0
2026-06-18 21:48:54,151,B+52.5,2,True,False,False,,-1,29.5512,0
2026-06-18 21:49:26,162,B+52.5,0,True,False,False,,-1,29.6263,0
2026-06-18 21:49:58,155,B+54.5,3,True,False,False,,-1,29.6861,0
2026-06-18 21:50:31,162,W+67.5,2,True,False,False,,-1,29.6517,0
2026-06-18 21:51:00,155,B+34.5,10,True,False,False,,-1,29.6135,0
2026-06-18 21:51:31,162,B+45.5,0,True,False,False,,-1,29.572,0
2026-06-18 21:52:03,162,W+53.5,0,True,False,False,,-1,29.5751,0
2026-06-18 21:52:28,141,B+52.5,2,True,False,False,,-1,29.4914,0
2026-06-18 21:52:31,20,W+7.5,2,True,False,False,,-1,29.49,0
2026-06-18 21:53:07,162,B+39.5,0,True,False,False,,-1,29.4929,0
2026-06-18 21:53:34,130,W+40.5,4,True,False,False,,-1,29.5321,0
2026-06-18 21:54:11,162,B+45.5,0,True,False,False,,-1,29.5603,0
2026-06-18 21:54:45,162,B+33.5,0,True,False,False,,-1,29.5721,0
2026-06-18 21:55:17,162,W+21.5,0,True,False,False,,-1,29.5406,0
2026-06-18 21:55:50,162,W+38.5,6,True,False,False,,-1,29.6563,0
2026-06-18 21:56:22,162,B+55.5,0,True,False,False,,-1,29.629,0
2026-06-18 21:56:53,162,W+67.5,0,True,False,False,,-1,29.6473,0
2026-06-18 21:57:08,78,W+9.5,2,True,False,False,,-1,29.4969,0
2026-06-18 21:57:44,162,W+31.5,0,True,False,False,,-1,29.4959,0
2026-06-18 21:58:18,162,B+20.5,2,True,False,False,,-1,29.5269,0
2026-06-18 21:58:50,161,B+53.5,2,True,False,False,,-1,29.4886,0
2026-06-18 21:59:13,120,W+23.5,2,True,False,False,,-1,29.4131,0
2026-06-18 21:59:45,162,W+56.5,0,True,False,False,,-1,29.4027,0
2026-06-18 22:00:05,89,B+6.5,2,True,False,False,,-1,29.2736,0
2026-06-18 22:00:10,22,W+7.5,2,True,False,False,,-1,28.9922,0
2026-06-18 22:00:36,133,B+39.5,2,True,False,False,,-1,28.9984,0
2026-06-18 22:01:08,162,B+47.5,0,True,False,False,,-1,29.0417,0
2026-06-18 22:01:42,162,B+40.5,0,True,False,False,,-1,29.336,0
2026-06-18 22:02:15,162,W+62.5,1,True,False,False,,-1,29.415,0
2026-06-18 22:02:48,155,B+7.5,3,True,False,False,,-1,29.4167,0
2026-06-18 22:03:15,135,B+32.5,2,True,False,False,,-1,29.339,0
2026-06-18 22:03:45,162,B+59.5,0,True,False,False,,-1,29.3092,0
2026-06-18 22:04:06,114,B+19.5,3,True,False,False,,-1,29.2949,0
2026-06-18 22:04:26,107,B+13.5,3,True,False,False,,-1,29.1582,0
2026-06-18 22:04:33,28,W+7.5,2,True,False,False,,-1,28.8904,0
2026-06-18 22:04:53,103,W+13.5,2,True,False,False,,-1,28.7923,0
2026-06-18 22:05:25,162,B+60.5,2,True,False,False,,-1,28.795,0
2026-06-18 22:06:00,151,B+20.5,2,True,False,False,,-1,28.7912,0
2026-06-18 22:06:31,162,B+25.5,0,True,False,False,,-1,28.8173,0
2026-06-18 22:07:06,162,W+36.5,0,True,False,False,,-1,28.837,0
2026-06-18 22:07:32,143,B+34.5,2,True,False,False,,-1,29.0505,0
2026-06-18 22:08:09,162,W+0.5,0,True,False,False,,-1,29.1231,0
2026-06-18 22:08:48,162,W+27.5,0,True,False,False,,-1,29.1718,0
2026-06-18 22:09:17,149,B+33.5,2,True,False,False,,-1,29.1385,0
2026-06-18 22:09:55,162,W+3.5,0,True,False,False,,-1,29.1779,0
2026-06-18 22:10:28,162,W+62.5,1,True,False,False,,-1,29.1532,0
2026-06-18 22:11:04,162,W+23.5,0,True,False,False,,-1,29.2733,0
2026-06-18 22:11:33,153,B+52.5,3,True,False,False,,-1,29.3145,0
2026-06-18 22:11:39,28,W+7.5,2,True,False,False,,-1,29.0823,0
2026-06-18 22:12:06,135,B+25.5,6,True,False,False,,-1,29.1269,0
2026-06-18 22:12:30,135,B+32.5,2,True,False,False,,-1,29.0509,0
2026-06-18 22:12:43,56,W+23.5,2,True,False,False,,-1,28.8529,0
2026-06-18 22:12:49,30,W+5.5,2,True,False,False,,-1,28.5534,0
2026-06-18 22:13:17,158,W+62.5,4,True,False,False,,-1,28.5069,0
2026-06-18 22:13:48,161,B+59.5,2,True,False,False,,-1,28.4724,0
2026-06-18 22:14:20,162,W+28.5,0,True,False,False,,-1,28.7354,0
2026-06-18 22:14:54,162,B+48.5,0,True,False,False,,-1,28.727,0
2026-06-18 22:15:28,162,B+10.5,0,True,False,False,,-1,28.7267,0
2026-06-18 22:16:03,162,B+46.5,0,True,False,False,,-1,28.7318,0
2026-06-18 22:16:39,162,B+39.5,0,True,False,False,,-1,28.7519,0
2026-06-18 22:17:05,141,B+52.5,2,True,False,False,,-1,28.6733,0
2026-06-18 22:17:23,98,B+10.5,3,True,False,False,,-1,28.5264,0
2026-06-18 22:17:44,104,W+4.5,2,True,False,False,,-1,28.4034,0
2026-06-18 22:18:13,147,B+56.5,4,True,False,False,,-1,28.5615,0
2026-06-18 22:18:33,106,W+11.5,3,True,False,False,,-1,28.4143,0
2026-06-18 22:19:06,162,B+56.5,0,True,False,False,,-1,28.4338,0
2026-06-18 22:19:34,151,B+54.5,2,True,False,False,,-1,28.4169,0
2026-06-18 22:20:07,162,W+39.5,0,True,False,False,,-1,28.5031,0
2026-06-18 22:20:41,162,W+18.5,2,True,False,False,,-1,28.488,0
2026-06-18 22:21:11,162,W+63.5,0,True,False,False,,-1,28.4625,0
2026-06-18 22:21:38,132,B+51.5,2,True,False,False,,-1,28.4252,0
2026-06-18 22:21:54,68,W+6.5,2,True,False,False,,-1,28.2238,0
2026-06-18 22:22:17,123,B+33.5,3,True,False,False,,-1,28.1715,0
2026-06-18 22:22:42,128,W+38.5,2,True,False,False,,-1,28.1047,0
2026-06-18 22:23:10,147,B+46.5,2,True,False,False,,-1,28.0103,0
2026-06-18 22:23:42,162,B+42.5,0,True,False,False,,-1,27.9926,0
2026-06-18 22:24:16,162,W+29.5,2,True,False,False,,-1,28.1849,0
2026-06-18 22:24:39,106,W+29.5,2,True,False,False,,-1,28.1235,0
2026-06-18 22:25:14,162,W+13.5,0,True,False,False,,-1,28.0987,0
2026-06-18 22:25:21,36,W+7.5,2,True,False,False,,-1,27.834,0
2026-06-18 22:25:59,162,W+37.5,0,True,False,False,,-1,27.8734,0
2026-06-18 22:26:35,162,W+27.5,0,True,False,False,,-1,27.8874,0
2026-06-18 22:27:05,141,B+64.5,2,True,False,False,,-1,28.0136,0
2026-06-18 22:27:34,150,W+53.5,2,True,False,False,,-1,28.0067,0
2026-06-18 22:27:52,82,W+32.5,2,True,False,False,,-1,27.8245,0
2026-06-18 22:28:01,42,W+8.5,2,True,False,False,,-1,27.7103,0
2026-06-18 22:28:33,162,W+77.5,1,True,False,False,,-1,27.703,0
2026-06-18 22:28:59,139,B+45.5,2,True,False,False,,-1,27.6387,0
2026-06-18 22:29:34,162,W+42.5,1,True,False,False,,-1,27.6731,0
2026-06-18 22:29:57,125,B+38.5,3,True,False,False,,-1,27.5882,0
2026-06-18 22:30:28,162,W+68.5,0,True,False,False,,-1,27.5612,0
2026-06-18 22:31:01,162,B+13.5,3,True,False,False,,-1,27.6535,0
2026-06-18 22:31:09,38,W+7.5,2,True,False,False,,-1,27.4251,0
2026-06-18 22:31:43,162,W+24.5,1,True,False,False,,-1,27.4088,0
2026-06-18 22:32:12,135,B+33.5,2,True,False,False,,-1,27.358,0
2026-06-18 22:32:35,131,B+34.5,2,True,False,False,,-1,27.2703,0
2026-06-18 22:33:02,139,B+52.5,2,True,False,False,,-1,27.5,0
2026-06-18 22:33:35,159,B+55.5,4,True,False,False,,-1,27.7848,0
2026-06-18 22:34:11,162,W+5.5,1,True,False,False,,-1,27.8275,0
2026-06-18 22:34:43,162,B+46.5,0,True,False,False,,-1,27.7875,0
2026-06-18 22:35:05,111,B+20.5,2,True,False,False,,-1,27.7056,0
2026-06-18 22:35:30,120,W+27.5,2,True,False,False,,-1,27.6355,0
2026-06-18 22:35:49,92,B+0.5,4,True,False,False,,-1,27.5089,0
2026-06-18 22:36:13,124,W+34.5,2,True,False,False,,-1,27.4158,0
2026-06-18 22:36:47,162,W+42.5,0,True,False,False,,-1,27.4652,0
2026-06-18 22:37:23,162,W+33.5,1,True,False,False,,-1,27.5184,0
2026-06-18 22:37:48,123,B+30.5,3,True,False,False,,-1,27.4464,0
2026-06-18 22:38:24,162,B+26.5,0,True,False,False,,-1,27.5571,0
2026-06-18 22:38:53,147,B+58.5,3,True,False,False,,-1,27.8107,0
2026-06-18 22:39:20,132,W+48.5,2,True,False,False,,-1,27.7261,0
2026-06-18 22:39:47,138,B+42.5,4,True,False,False,,-1,27.722,0
2026-06-18 22:40:20,162,B+65.5,2,True,False,False,,-1,27.685,0
2026-06-18 22:40:52,157,B+44.5,3,True,False,False,,-1,27.6704,0
2026-06-18 22:41:21,144,B+34.5,3,True,False,False,,-1,27.6374,0
2026-06-18 22:41:51,162,B+38.5,2,True,False,False,,-1,27.6035,0
2026-06-18 22:42:20,138,W+69.5,2,True,False,False,,-1,27.5807,0
2026-06-18 22:42:34,67,B+4.5,2,True,False,False,,-1,27.4148,0
2026-06-18 22:43:08,162,W+25.5,0,True,False,False,,-1,27.5977,0
2026-06-18 22:43:27,109,B+16.5,3,True,False,False,,-1,27.4367,0
2026-06-18 22:43:58,162,B+6.5,0,True,False,False,,-1,27.4005,0
2026-06-18 22:44:31,162,B+56.5,0,True,False,False,,-1,27.4124,0
2026-06-18 22:45:04,162,W+68.5,0,True,False,False,,-1,27.5039,0
2026-06-18 22:45:34,155,B+55.5,2,True,False,False,,-1,27.483,0
2026-06-18 22:46:05,162,B+42.5,6,True,False,False,,-1,27.5979,0
2026-06-18 22:46:39,162,B+24.5,1,True,False,False,,-1,27.8886,0
2026-06-18 22:47:09,148,W+70.5,2,True,False,False,,-1,27.9301,0
2026-06-18 22:47:14,20,W+7.5,2,True,False,False,,-1,27.6551,0
2026-06-18 22:47:50,162,W+28.5,0,True,False,False,,-1,27.6787,0
2026-06-18 22:48:26,162,W+35.5,0,True,False,False,,-1,27.7043,0
2026-06-18 22:48:59,162,B+19.5,1,True,False,False,,-1,27.708,0
2026-06-18 22:49:33,162,B+37.5,0,True,False,False,,-1,27.7825,0
2026-06-18 22:50:04,158,W+83.5,2,True,False,False,,-1,27.7845,0
2026-06-18 22:50:28,130,W+36.5,2,True,False,False,,-1,27.8201,0
2026-06-18 22:51:01,162,B+18.5,2,True,False,False,,-1,27.9476,0
2026-06-18 22:51:29,147,B+31.5,2,True,False,False,,-1,28.1569,0
2026-06-18 22:52:04,162,W+40.5,0,True,False,False,,-1,28.3054,0
2026-06-18 22:52:33,151,B+43.5,3,True,False,False,,-1,28.281,0
2026-06-18 22:53:00,135,B+42.5,2,True,False,False,,-1,28.2024,0
2026-06-18 22:53:35,162,W+46.5,0,True,False,False,,-1,28.233,0
2026-06-18 22:54:09,162,B+44.5,0,True,False,False,,-1,28.2289,0
2026-06-18 22:54:38,148,W+63.5,2,True,False,False,,-1,28.2585,0
2026-06-18 22:55:13,162,W+55.5,0,True,False,False,,-1,28.237,0
2026-06-18 22:55:41,145,B+48.5,3,True,False,False,,-1,28.1259,0
2026-06-18 22:56:14,162,W+36.5,0,True,False,False,,-1,28.1609,0
2026-06-18 22:56:44,162,B+53.5,1,True,False,False,,-1,28.0826,0
2026-06-18 22:57:16,154,W+50.5,2,True,False,False,,-1,28.0805,0
2026-06-18 22:57:48,162,B+59.5,0,True,False,False,,-1,28.0429,0
2026-06-18 22:58:19,160,W+69.5,2,True,False,False,,-1,28.0548,0
2026-06-18 22:58:48,149,B+59.5,2,True,False,False,,-1,28.2905,0
2026-06-18 22:59:18,162,W+25.5,0,True,False,False,,-1,28.3266,0
2026-06-18 22:59:50,162,B+67.5,1,True,False,False,,-1,28.3983,0
2026-06-18 23:00:21,162,B+43.5,4,True,False,False,,-1,28.5835,0
2026-06-18 23:00:41,103,B+0.5,2,True,False,False,,-1,28.7161,0
2026-06-18 23:01:16,162,B+33.5,0,True,False,False,,-1,28.7906,0
2026-06-18 23:01:45,137,B+37.5,2,True,False,False,,-1,28.7623,0
2026-06-18 23:02:04,111,B+14.5,4,True,False,False,,-1,28.6365,0
2026-06-18 23:02:10,30,W+11.5,2,True,False,False,,-1,28.36,0
2026-06-18 23:02:43,162,B+24.5,6,True,False,False,,-1,28.3452,0
2026-06-18 23:03:13,153,B+62.5,3,True,False,False,,-1,28.3008,0
2026-06-18 23:03:43,153,B+59.5,2,True,False,False,,-1,28.2416,0
2026-06-18 23:04:14,162,B+57.5,0,True,False,False,,-1,28.2885,0
2026-06-18 23:04:45,155,B+49.5,2,True,False,False,,-1,28.417,0
2026-06-18 23:04:53,40,W+8.5,2,True,False,False,,-1,28.2956,0
2026-06-18 23:05:24,162,W+30.5,0,True,False,False,,-1,28.3068,0
2026-06-18 23:06:01,162,B+29.5,0,True,False,False,,-1,28.4806,0
2026-06-18 23:06:36,162,W+61.5,0,True,False,False,,-1,28.5017,0
2026-06-18 23:07:10,162,W+28.5,3,True,False,False,,-1,28.5515,0
2026-06-18 23:07:44,162,W+24.5,0,True,False,False,,-1,28.5676,0
2026-06-18 23:08:19,162,B+15.5,0,True,False,False,,-1,28.5783,0
2026-06-18 23:08:47,139,B+54.5,2,True,False,False,,-1,28.5531,0
2026-06-18 23:09:21,162,B+19.5,2,True,False,False,,-1,28.6248,0
2026-06-18 23:09:56,162,W+56.5,1,True,False,False,,-1,28.8174,0
2026-06-18 23:10:28,162,W+66.5,1,True,False,False,,-1,28.9076,0
2026-06-18 23:10:59,157,B+37.5,2,True,False,False,,-1,28.9665,0
2026-06-18 23:11:26,130,W+35.5,3,True,False,False,,-1,28.9583,0
2026-06-18 23:12:03,162,W+24.5,0,True,False,False,,-1,29.0083,0
2026-06-18 23:12:28,125,B+27.5,4,True,False,False,,-1,28.9262,0
2026-06-18 23:13:03,162,W+37.5,2,True,False,False,,-1,29.0386,0
2026-06-18 23:13:33,151,B+50.5,3,True,False,False,,-1,28.9876,0
2026-06-18 23:13:58,119,B+36.5,2,True,False,False,,-1,29.1698,0
2026-06-18 23:14:31,162,B+15.5,1,True,False,False,,-1,29.1169,0
2026-06-18 23:14:55,114,W+0.5,6,True,False,False,,-1,28.9988,0
2026-06-18 23:15:24,162,W+70.5,0,True,False,False,,-1,28.9903,0
2026-06-18 23:15:57,154,W+58.5,2,True,False,False,,-1,29.022,0
2026-06-18 23:16:23,123,B+10.5,2,True,False,False,,-1,29.1012,0
2026-06-18 23:16:29,36,W+6.5,2,True,False,False,,-1,29.086,0
2026-06-18 23:16:59,162,B+56.5,1,True,False,False,,-1,29.0568,0
2026-06-18 23:17:29,157,B+61.5,2,True,False,False,,-1,29.101,0
2026-06-18 23:18:00,162,W+57.5,1,True,False,False,,-1,29.0607,0
2026-06-18 23:18:34,155,W+59.5,2,True,False,False,,-1,29.1676,0
2026-06-18 23:19:10,162,W+32.5,0,True,False,False,,-1,29.2128,0
2026-06-18 23:19:40,162,W+8.5,1,True,False,False,,-1,29.1828,0
2026-06-18 23:20:15,162,B+14.5,0,True,False,False,,-1,29.4551,0
2026-06-18 23:20:37,114,W+33.5,3,True,False,False,,-1,29.3359,0
2026-06-18 23:21:10,162,W+57.5,0,True,False,False,,-1,29.3756,0
2026-06-18 23:21:44,160,W+24.5,2,True,False,False,,-1,29.4908,0
2026-06-18 23:22:16,162,W+52.5,3,True,False,False,,-1,29.5377,0
2026-06-18 23:22:54,162,W+28.5,0,True,False,False,,-1,29.5788,0
2026-06-18 23:23:03,46,W+7.5,2,True,False,False,,-1,29.324,0
2026-06-18 23:23:37,162,B+14.5,0,True,False,False,,-1,29.3392,0
2026-06-18 23:24:10,162,W+43.5,0,True,False,False,,-1,29.4465,0
2026-06-18 23:24:38,142,W+54.5,2,True,False,False,,-1,29.4809,0
2026-06-18 23:24:57,91,B+29.5,2,True,False,False,,-1,29.4797,0
2026-06-18 23:25:22,135,W+50.5,2,True,False,False,,-1,29.4859,0
2026-06-18 23:25:52,151,B+48.5,3,True,False,False,,-1,29.4526,0
2026-06-18 23:26:22,141,B+19.5,2,True,False,False,,-1,29.3924,0
2026-06-18 23:26:55,162,W+42.5,0,True,False,False,,-1,29.4685,0
2026-06-18 23:27:27,162,W+31.5,0,True,False,False,,-1,29.4326,0
2026-06-18 23:27:58,162,W+33.5,1,True,False,False,,-1,29.4526,0
2026-06-18 23:28:32,162,W+26.5,1,True,False,False,,-1,29.521,0
2026-06-18 23:29:06,162,B+13.5,0,True,False,False,,-1,29.5953,0
2026-06-18 23:29:19,56,W+6.5,2,True,False,False,,-1,29.3965,0
2026-06-18 23:29:48,145,B+28.5,2,True,False,False,,-1,29.3526,0
2026-06-18 23:30:19,162,B+58.5,2,True,False,False,,-1,29.3762,0
2026-06-18 23:30:47,127,B+29.5,2,True,False,False,,-1,29.3643,0
2026-06-18 23:31:24,162,W+31.5,0,True,False,False,,-1,29.4358,0
2026-06-18 23:31:55,162,B+7.5,0,True,False,False,,-1,29.6076,0
2026-06-18 23:32:24,148,W+53.5,2,True,False,False,,-1,29.5526,0
2026-06-18 23:32:56,162,W+48.5,3,True,False,False,,-1,29.6876,0
2026-06-18 23:33:31,162,W+45.5,2,True,False,False,,-1,29.7272,0
2026-06-18 23:33:59,146,W+62.5,2,True,False,False,,-1,29.6751,0
2026-06-18 23:34:26,146,W+48.5,3,True,False,False,,-1,29.6206,0
2026-06-18 23:35:02,162,B+24.5,1,True,False,False,,-1,29.6747,0
2026-06-18 23:35:38,162,B+23.5,1,True,False,False,,-1,29.7269,0
2026-06-18 23:36:10,159,B+45.5,2,True,False,False,,-1,29.7072,0
2026-06-18 23:36:38,139,B+31.5,2,True,False,False,,-1,29.6804,0
2026-06-18 23:37:06,149,B+54.5,4,True,False,False,,-1,29.9229,0
2026-06-18 23:37:39,162,W+56.5,0,True,False,False,,-1,29.884,0
2026-06-18 23:38:11,145,B+55.5,2,True,False,False,,-1,29.8496,0
2026-06-18 23:38:42,162,W+50.5,2,True,False,False,,-1,29.8242,0
2026-06-18 23:39:16,162,B+18.5,0,True,False,False,,-1,29.8209,0
2026-06-18 23:39:50,162,W+40.5,0,True,False,False,,-1,29.8549,0
2026-06-18 23:40:21,162,W+21.5,0,True,False,False,,-1,29.9334,0
2026-06-18 23:40:57,162,W+26.5,0,True,False,False,,-1,29.9577,0
2026-06-18 23:41:26,125,B+38.5,2,True,False,False,,-1,29.9642,0
2026-06-18 23:41:45,101,B+6.5,4,True,False,False,,-1,29.8083,0
2026-06-18 23:42:18,162,W+35.5,0,True,False,False,,-1,29.8415,0
2026-06-18 23:42:53,162,W+1.5,0,True,False,False,,-1,29.9276,0
2026-06-18 23:43:06,65,B+5.5,2,True,False,False,,-1,29.711,0
2026-06-18 23:43:41,162,B+13.5,0,True,False,False,,-1,29.7114,0
2026-06-18 23:44:12,162,B+50.5,0,True,False,False,,-1,29.7367,0
2026-06-18 23:44:48,162,W+73.5,1,True,False,False,,-1,29.7446,0
2026-06-18 23:45:20,162,W+29.5,0,True,False,False,,-1,29.7872,0
2026-06-18 23:45:47,129,B+38.5,2,True,False,False,,-1,29.7343,0
2026-06-18 23:46:20,162,B+58.5,1,True,False,False,,-1,29.7544,0
2026-06-18 23:46:50,155,B+56.5,2,True,False,False,,-1,29.7309,0
2026-06-18 23:47:20,162,W+67.5,3,True,False,False,,-1,29.7166,0
2026-06-18 23:47:44,125,B+30.5,3,True,False,False,,-1,29.6527,0
2026-06-18 23:48:19,159,B+36.5,3,True,False,False,,-1,29.7037,0
2026-06-18 23:48:46,137,B+41.5,2,True,False,False,,-1,29.6773,0
2026-06-18 23:49:04,84,W+19.5,2,True,False,False,,-1,29.5419,0
2026-06-18 23:49:38,162,W+75.5,0,True,False,False,,-1,29.5695,0
2026-06-18 23:49:56,90,W+15.5,2,True,False,False,,-1,29.5473,0
2026-06-18 23:50:27,162,B+51.5,1,True,False,False,,-1,29.4997,0
2026-06-18 23:50:53,139,B+56.5,2,True,False,False,,-1,29.483,0
2026-06-18 23:51:30,162,W+60.5,0,True,False,False,,-1,29.6647,0
2026-06-18 23:51:40,48,W+6.5,2,True,False,False,,-1,29.6998,0
2026-06-18 23:52:15,157,B+43.5,2,True,False,False,,-1,29.7195,0
2026-06-18 23:52:31,80,W+4.5,2,True,False,False,,-1,29.5724,0
2026-06-18 23:53:01,162,B+55.5,0,True,False,False,,-1,29.5762,0
2026-06-18 23:53:39,162,W+2.5,0,True,False,False,,-1,29.6499,0
2026-06-18 23:54:16,162,W+37.5,0,True,False,False,,-1,29.6995,0
2026-06-18 23:54:41,135,B+37.5,3,True,False,False,,-1,29.874,0
2026-06-18 23:54:53,60,W+11.5,2,True,False,False,,-1,29.6912,0
2026-06-18 23:55:26,155,B+44.5,2,True,False,False,,-1,29.6449,0
2026-06-18 23:56:00,162,W+45.5,1,True,False,False,,-1,29.6374,0
2026-06-18 23:56:27,142,W+42.5,3,True,False,False,,-1,29.5701,0
2026-06-18 23:56:57,162,W+60.5,5,True,False,False,,-1,29.5282,0
2026-06-18 23:57:32,162,B+34.5,2,True,False,False,,-1,29.524,0
2026-06-18 23:57:37,22,W+7.5,2,True,False,False,,-1,29.301,0
2026-06-18 23:58:07,153,B+54.5,2,True,False,False,,-1,29.2574,0
2026-06-18 23:58:11,26,W+7.5,2,True,False,False,,-1,28.9536,0
2026-06-18 23:58:43,149,B+53.5,2,True,False,False,,-1,28.9454,0
2026-06-18 23:59:10,127,W+28.5,5,True,False,False,,-1,28.9059,0
2026-06-18 23:59:44,162,B+39.5,0,True,False,False,,-1,28.9767,0
2026-06-19 00:00:14,156,W+71.5,2,True,False,False,,-1,28.9065,0
2026-06-19 00:00:49,162,B+47.5,0,True,False,False,,-1,29.0032,0
2026-06-19 00:01:12,118,W+29.5,2,True,False,False,,-1,28.8825,0
2026-06-19 00:01:42,153,B+59.5,2,True,False,False,,-1,28.8872,0
2026-06-19 00:01:48,34,W+7.5,2,True,False,False,,-1,28.6986,0
2026-06-19 00:02:11,114,W+26.5,4,True,False,False,,-1,28.5937,0
2026-06-19 00:02:47,162,W+33.5,0,True,False,False,,-1,28.7169,0
2026-06-19 00:03:23,162,B+20.5,3,True,False,False,,-1,28.7831,0
2026-06-19 00:03:54,162,W+61.5,1,True,False,False,,-1,28.7676,0
2026-06-19 00:04:21,125,B+38.5,2,True,False,False,,-1,28.7785,0
2026-06-19 00:04:58,162,W+26.5,0,True,False,False,,-1,29.0883,0
2026-06-19 00:05:31,156,W+56.5,4,True,False,False,,-1,29.1221,0
2026-06-19 00:06:02,139,B+42.5,3,True,False,False,,-1,29.1271,0
2026-06-19 00:06:37,162,W+42.5,0,True,False,False,,-1,29.1669,0
2026-06-19 00:07:10,162,W+67.5,0,True,False,False,,-1,29.1612,0
2026-06-19 00:07:40,134,W+28.5,2,True,False,False,,-1,29.097,0
2026-06-19 00:08:16,162,W+7.5,0,True,False,False,,-1,29.1599,0
2026-06-19 00:08:24,42,W+0.5,2,True,False,False,,-1,28.8893,0
2026-06-19 00:08:45,98,W+19.5,3,True,False,False,,-1,28.8776,0
2026-06-19 00:09:15,147,B+40.5,3,True,False,False,,-1,28.8554,0
2026-06-19 00:09:48,162,B+18.5,2,True,False,False,,-1,28.8295,0
2026-06-19 00:10:23,162,W+26.5,0,True,False,False,,-1,28.8653,0
2026-06-19 00:10:55,162,W+88.5,1,True,False,False,,-1,28.8142,0
2026-06-19 00:11:24,148,B+53.5,4,True,False,False,,-1,29.0051,0
2026-06-19 00:11:53,139,B+48.5,2,True,False,False,,-1,28.9582,0
2026-06-19 00:12:29,162,W+29.5,0,True,False,False,,-1,28.9833,0
2026-06-19 00:13:01,162,W+19.5,0,True,False,False,,-1,29.0305,0
2026-06-19 00:13:28,135,B+45.5,2,True,False,False,,-1,29.109,0
2026-06-19 00:13:58,157,B+64.5,2,True,False,False,,-1,29.1579,0
2026-06-19 00:14:31,159,B+44.5,2,True,False,False,,-1,29.1821,0
2026-06-19 00:15:01,151,B+41.5,2,True,False,False,,-1,29.1847,0
2026-06-19 00:15:32,162,B+66.5,0,True,False,False,,-1,29.1675,0
2026-06-19 00:16:00,134,B+46.5,5,True,False,False,,-1,29.125,0
2026-06-19 00:16:31,162,W+62.5,5,True,False,False,,-1,29.1242,0
2026-06-19 00:17:02,157,B+55.5,2,True,False,False,,-1,29.0924,0
2026-06-19 00:17:32,162,B+49.5,0,True,False,False,,-1,29.0561,0
2026-06-19 00:18:00,129,B+43.5,2,True,False,False,,-1,29.2025,0
2026-06-19 00:18:33,162,W+66.5,0,True,False,False,,-1,29.2503,0
2026-06-19 00:19:02,162,B+4.5,1,True,False,False,,-1,29.2234,0
2026-06-19 00:19:33,162,W+88.5,0,True,False,False,,-1,29.251,0
2026-06-19 00:19:48,76,W+12.5,2,True,False,False,,-1,29.0391,0
2026-06-19 00:20:20,162,B+61.5,0,True,False,False,,-1,29.0472,0
2026-06-19 00:20:53,162,B+12.5,0,True,False,False,,-1,29.0921,0
2026-06-19 00:21:23,157,B+50.5,5,True,False,False,,-1,29.0598,0
2026-06-19 00:21:54,162,B+61.5,1,True,False,False,,-1,29.027,0
2026-06-19 00:22:26,162,B+45.5,0,True,False,False,,-1,29.0707,0
2026-06-19 00:23:01,162,W+2.5,0,True,False,False,,-1,29.1505,0
2026-06-19 00:23:36,162,W+19.5,0,True,False,False,,-1,29.1411,0
2026-06-19 00:24:07,155,B+64.5,2,True,False,False,,-1,29.0822,0
2026-06-19 00:24:42,162,B+55.5,0,True,False,False,,-1,29.1187,0
2026-06-19 00:24:52,46,W+8.5,2,True,False,False,,-1,28.9375,0
2026-06-19 00:25:15,119,B+24.5,2,True,False,False,,-1,28.8866,0
2026-06-19 00:25:41,138,W+51.5,3,True,False,False,,-1,28.8208,0
2026-06-19 00:26:10,148,W+43.5,2,True,False,False,,-1,28.792,0
2026-06-19 00:26:38,155,B+54.5,4,True,False,False,,-1,28.7594,0
2026-06-19 00:27:12,162,B+30.5,5,True,False,False,,-1,28.7567,0
2026-06-19 00:27:47,162,B+61.5,0,True,False,False,,-1,28.7667,0
2026-06-19 00:28:19,162,W+67.5,2,True,False,False,,-1,28.7709,0
2026-06-19 00:28:53,162,W+27.5,0,True,False,False,,-1,28.7577,0
2026-06-19 00:29:26,162,B+49.5,0,True,False,False,,-1,28.8025,0
2026-06-19 00:29:54,147,B+39.5,3,True,False,False,,-1,28.8832,0
2026-06-19 00:30:27,145,B+27.5,3,True,False,False,,-1,28.8839,0
2026-06-19 00:31:01,162,B+35.5,0,True,False,False,,-1,28.8723,0
2026-06-19 00:31:33,162,W+28.5,0,True,False,False,,-1,29.0671,0
2026-06-19 00:32:04,152,W+62.5,2,True,False,False,,-1,29.0314,0
2026-06-19 00:32:35,162,B+57.5,1,True,False,False,,-1,29.0295,0
2026-06-19 00:33:03,133,B+43.5,2,True,False,False,,-1,28.9536,0
2026-06-19 00:33:33,149,B+41.5,2,True,False,False,,-1,28.9295,0
2026-06-19 00:33:38,22,W+6.5,2,True,False,False,,-1,28.6982,0
2026-06-19 00:34:11,162,W+32.5,0,True,False,False,,-1,28.7133,0
2026-06-19 00:34:44,162,B+62.5,3,True,False,False,,-1,28.7439,0
2026-06-19 00:35:19,162,W+33.5,0,True,False,False,,-1,28.7914,0
2026-06-19 00:35:54,162,W+9.5,0,True,False,False,,-1,28.9008,0
2026-06-19 00:36:26,162,W+52.5,0,True,False,False,,-1,28.8749,0
2026-06-19 00:36:53,137,B+46.5,3,True,False,False,,-1,28.8664,0
2026-06-19 00:37:27,162,B+55.5,5,True,False,False,,-1,29.0204,0
2026-06-19 00:37:36,48,W+8.5,2,True,False,False,,-1,28.7706,0
2026-06-19 00:38:12,162,B+45.5,0,True,False,False,,-1,28.9647,0
2026-06-19 00:38:44,144,W+72.5,2,True,False,False,,-1,28.9702,0
2026-06-19 00:39:12,147,B+33.5,2,True,False,False,,-1,28.9888,0
2026-06-19 00:39:20,38,W+6.5,2,True,False,False,,-1,28.6946,0
2026-06-19 00:41:34,108,B+1.5,5,True,False,False,,-1,28.8869,1000
2026-06-19 00:42:15,144,B+2.5,14,True,False,False,,-1,29.1423,1000
2026-06-19 00:42:47,103,W+0.5,5,True,False,False,,-1,29.1542,1000
2026-06-19 00:43:26,139,W+47.5,11,True,False,False,,-1,29.1704,1000
2026-06-19 00:43:52,100,B+3.5,6,True,False,False,,-1,29.0678,1000
2026-06-19 00:44:24,113,W+0.5,13,True,False,False,,-1,29.1249,1000
2026-06-19 00:44:51,109,W+11.5,16,True,False,False,,-1,29.2765,1000
2026-06-19 00:45:23,116,B+4.5,10,True,False,False,,-1,29.2712,1000
2026-06-19 00:45:58,116,B+2.5,10,True,False,False,,-1,29.2738,1000
2026-06-19 00:46:31,121,W+4.5,16,True,False,False,,-1,29.3377,1000
2026-06-19 00:47:02,111,W+1.5,12,True,False,False,,-1,29.3434,1000
2026-06-19 00:47:35,116,B+6.5,11,True,False,False,,-1,29.3271,1000
2026-06-19 00:48:04,103,W+14.5,5,True,False,False,,-1,29.5652,1000
2026-06-19 00:48:17,48,W+6.5,2,True,False,False,,-1,29.4006,1000
2026-06-19 00:48:47,101,B+2.5,6,True,False,False,,-1,29.6538,1000
2026-06-19 00:49:16,107,W+2.5,13,True,False,False,,-1,29.6307,1000
2026-06-19 00:49:53,128,B+0.5,8,True,False,False,,-1,29.7316,1000
2026-06-19 00:50:30,126,B+5.5,16,True,False,False,,-1,29.7517,1000
2026-06-19 00:51:11,162,W+12.5,26,True,False,False,,-1,29.8662,1000
2026-06-19 00:51:38,103,W+6.5,7,True,False,False,,-1,29.7865,1000
2026-06-19 00:52:19,145,W+7.5,20,True,False,False,,-1,29.9749,1000
2026-06-19 00:52:50,117,W+1.5,7,True,False,False,,-1,29.9829,1000
2026-06-19 00:53:16,89,B+8.5,3,True,False,False,,-1,30.1788,1000
2026-06-19 00:53:49,123,W+0.5,10,True,False,False,,-1,30.2833,1000
2026-06-19 00:54:17,100,B+1.5,10,True,False,False,,-1,30.2024,1000
2026-06-19 00:54:47,111,B+2.5,7,True,False,False,,-1,30.1434,1000
2026-06-19 00:55:20,126,B+0.5,19,True,False,False,,-1,30.1606,1000
2026-06-19 00:55:50,113,B+4.5,7,True,False,False,,-1,30.1928,1000
2026-06-19 00:56:33,162,W+22.5,23,True,False,False,,-1,30.2436,1000
2026-06-19 00:57:02,110,B+1.5,10,True,False,False,,-1,30.2055,1000
2026-06-19 00:57:42,146,B+22.5,20,True,False,False,,-1,30.2967,1000
2026-06-19 00:58:11,110,B+2.5,5,True,False,False,,-1,30.2327,1000
2026-06-19 00:58:31,72,W+18.5,3,True,False,False,,-1,30.1093,1000
2026-06-19 00:59:05,119,W+3.5,7,True,False,False,,-1,30.1532,1000
2026-06-19 00:59:38,115,W+6.5,15,True,False,False,,-1,30.1147,1000
2026-06-19 00:59:51,50,W+7.5,2,True,False,False,,-1,30.1731,1000
2026-06-19 01:00:27,130,B+4.5,8,True,False,False,,-1,30.3172,1000
2026-06-19 01:01:01,123,W+0.5,7,True,False,False,,-1,30.353,1000
2026-06-19 01:01:32,115,W+0.5,12,True,False,False,,-1,30.3452,1000
2026-06-19 01:02:04,116,B+2.5,10,True,False,False,,-1,30.3085,1000
2026-06-19 01:02:29,88,W+29.5,2,True,False,False,,-1,30.2337,1000
2026-06-19 01:02:40,42,W+7.5,2,True,False,False,,-1,30.0623,1000
2026-06-19 01:03:06,93,B+0.5,2,True,False,False,,-1,30.0297,1000
2026-06-19 01:03:36,117,B+0.5,12,True,False,False,,-1,29.9744,1000
2026-06-19 01:03:55,71,B+9.5,2,True,False,False,,-1,29.8399,1000
2026-06-19 01:04:16,68,W+4.5,2,True,False,False,,-1,29.7716,1000
2026-06-19 01:04:46,117,W+0.5,13,True,False,False,,-1,29.7854,1000
2026-06-19 01:05:13,96,B+1.5,7,True,False,False,,-1,29.7147,1000
2026-06-19 01:05:28,58,W+10.5,2,True,False,False,,-1,29.5655,1000
2026-06-19 01:05:58,114,B+0.5,10,True,False,False,,-1,29.5596,1000
2026-06-19 01:06:29,121,W+2.5,11,True,False,False,,-1,29.5856,1000
2026-06-19 01:06:38,36,W+6.5,2,True,False,False,,-1,29.3682,1000
2026-06-19 01:07:08,107,W+16.5,8,True,False,False,,-1,29.3581,1000
2026-06-19 01:07:38,108,B+0.5,8,True,False,False,,-1,29.3582,1000
2026-06-19 01:08:10,118,B+2.5,14,True,False,False,,-1,29.4011,1000
2026-06-19 01:08:39,103,W+5.5,16,True,False,False,,-1,29.353,1000
2026-06-19 01:09:08,101,W+1.5,8,True,False,False,,-1,29.3588,1000
2026-06-19 01:09:33,93,W+3.5,6,True,False,False,,-1,29.2989,1000
2026-06-19 01:10:06,117,W+14.5,13,True,False,False,,-1,29.479,1000
2026-06-19 01:10:35,110,B+0.5,10,True,False,False,,-1,29.4462,1000
2026-06-19 01:11:05,125,B+4.5,16,True,False,False,,-1,29.4222,1000
2026-06-19 01:11:33,107,W+0.5,13,True,False,False,,-1,29.4049,1000
2026-06-19 01:12:01,105,W+2.5,11,True,False,False,,-1,29.3713,1000
2026-06-19 01:12:32,113,W+16.5,7,True,False,False,,-1,29.3511,1000
2026-06-19 01:13:02,114,B+1.5,10,True,False,False,,-1,29.3085,1000
2026-06-19 01:13:40,160,B+2.5,28,True,False,False,,-1,29.3409,1000
2026-06-19 01:14:09,101,B+1.5,4,True,False,False,,-1,29.3208,1000
2026-06-19 01:14:40,119,W+2.5,10,True,False,False,,-1,29.2779,1000
2026-06-19 01:15:13,123,W+3.5,10,True,False,False,,-1,29.5093,1000
2026-06-19 01:15:47,138,B+1.5,19,True,False,False,,-1,29.6191,1000
2026-06-19 01:16:23,130,B+2.5,14,True,False,False,,-1,29.7159,1000
2026-06-19 01:16:50,103,W+0.5,9,True,False,False,,-1,29.6953,1000
2026-06-19 01:17:09,66,W+7.5,2,True,False,False,,-1,29.6026,1000
2026-06-19 01:17:44,131,W+9.5,17,True,False,False,,-1,29.6219,1000
2026-06-19 01:17:52,28,W+7.5,2,True,False,False,,-1,29.348,1000
2026-06-19 01:18:20,101,W+2.5,8,True,False,False,,-1,29.3146,1000
2026-06-19 01:18:51,127,W+10.5,19,True,False,False,,-1,29.275,1000
2026-06-19 01:19:34,157,W+8.5,19,True,False,False,,-1,29.373,1000
2026-06-19 01:20:08,124,B+0.5,9,True,False,False,,-1,29.4414,1000
2026-06-19 01:20:41,125,B+16.5,12,True,False,False,,-1,29.4419,1000
2026-06-19 01:21:18,123,W+0.5,7,True,False,False,,-1,29.4728,1000
2026-06-19 01:21:44,100,B+0.5,6,True,False,False,,-1,29.4025,1000
2026-06-19 01:22:14,113,W+3.5,16,True,False,False,,-1,29.3967,1000
2026-06-19 01:22:45,109,W+1.5,9,True,False,False,,-1,29.3995,1000
2026-06-19 01:23:12,101,W+15.5,7,True,False,False,,-1,29.3802,1000
2026-06-19 01:23:42,106,B+14.5,7,True,False,False,,-1,29.3886,1000
2026-06-19 01:24:16,120,B+3.5,8,True,False,False,,-1,29.6833,1000
2026-06-19 01:24:42,99,W+7.5,7,True,False,False,,-1,29.6096,1000
2026-06-19 01:25:23,150,B+1.5,25,True,False,False,,-1,29.6813,1000
2026-06-19 01:26:00,162,B+5.5,16,True,False,False,,-1,29.7047,1000
2026-06-19 01:26:28,106,W+23.5,4,True,False,False,,-1,29.6323,1000
2026-06-19 01:26:56,124,W+0.5,19,True,False,False,,-1,29.5998,1000
2026-06-19 01:27:30,122,B+3.5,18,True,False,False,,-1,29.6702,1000
2026-06-19 01:27:59,105,W+2.5,4,True,False,False,,-1,29.6218,1000
2026-06-19 01:28:33,117,W+3.5,11,True,False,False,,-1,29.867,1000
2026-06-19 01:29:02,114,B+0.5,12,True,False,False,,-1,29.7959,1000
2026-06-19 01:29:27,98,B+0.5,5,True,False,False,,-1,29.7338,1000
2026-06-19 01:29:53,94,B+2.5,9,True,False,False,,-1,29.7035,1000
2026-06-19 01:30:30,130,B+1.5,23,True,False,False,,-1,29.9931,1000
2026-06-19 01:30:59,120,B+2.5,11,True,False,False,,-1,29.9683,1000
2026-06-19 01:31:27,105,W+0.5,7,True,False,False,,-1,29.9304,1000
2026-06-19 01:31:59,133,W+5.5,15,True,False,False,,-1,29.8335,1000
2026-06-19 01:32:14,56,W+10.5,2,True,False,False,,-1,29.668,1000
2026-06-19 01:32:45,109,W+6.5,9,True,False,False,,-1,29.5868,1000
2026-06-19 01:33:12,107,W+0.5,12,True,False,False,,-1,29.5931,1000
2026-06-19 01:33:44,122,B+3.5,14,True,False,False,,-1,29.5957,1000
2026-06-19 01:34:05,76,W+19.5,2,True,False,False,,-1,29.5336,1000
2026-06-19 01:34:35,119,W+2.5,18,True,False,False,,-1,29.5128,1000
2026-06-19 01:34:51,62,W+22.5,2,True,False,False,,-1,29.3358,1000
2026-06-19 01:35:25,115,W+2.5,6,True,False,False,,-1,29.3329,1000
2026-06-19 01:36:03,149,W+1.5,23,True,False,False,,-1,29.4077,1000
2026-06-19 01:36:12,34,W+7.5,2,True,False,False,,-1,29.1747,1000
2026-06-19 01:36:41,107,W+8.5,5,True,False,False,,-1,29.1745,1000
2026-06-19 01:37:22,151,W+7.5,19,True,False,False,,-1,29.4421,1000
2026-06-19 01:37:55,122,B+9.5,9,True,False,False,,-1,29.476,1000
2026-06-19 01:38:34,147,B+6.5,22,True,False,False,,-1,29.5707,1000
2026-06-19 01:39:03,109,W+2.5,11,True,False,False,,-1,29.4918,1000
2026-06-19 01:39:36,125,W+8.5,20,True,False,False,,-1,29.4584,1000
2026-06-19 01:40:06,119,W+1.5,14,True,False,False,,-1,29.3537,1000
2026-06-19 01:40:28,85,B+1.5,4,True,False,False,,-1,29.2984,1000
2026-06-19 01:40:56,103,W+0.5,12,True,False,False,,-1,29.1704,1000
2026-06-19 01:41:27,109,W+1.5,9,True,False,False,,-1,29.1698,1000
2026-06-19 01:41:51,101,W+0.5,6,True,False,False,,-1,29.1466,1000
2026-06-19 01:42:20,114,W+21.5,11,True,False,False,,-1,29.1027,1000
2026-06-19 01:42:48,103,W+9.5,13,True,False,False,,-1,29.1065,1000
2026-06-19 01:43:14,89,B+15.5,5,True,False,False,,-1,29.0645,1000
2026-06-19 01:43:48,123,W+2.5,12,True,False,False,,-1,29.0773,1000
2026-06-19 01:44:16,104,W+2.5,7,True,False,False,,-1,29.0591,1000
2026-06-19 01:44:50,122,B+0.5,12,True,False,False,,-1,28.9637,1000
2026-06-19 01:45:18,113,W+4.5,16,True,False,False,,-1,28.9601,1000
2026-06-19 01:45:42,86,W+11.5,7,True,False,False,,-1,28.7965,1000
2026-06-19 01:45:59,64,W+12.5,2,True,False,False,,-1,28.6848,1000
2026-06-19 01:46:26,93,B+4.5,2,True,False,False,,-1,28.746,1000
2026-06-19 01:46:54,102,B+17.5,6,True,False,False,,-1,28.685,1000
2026-06-19 01:47:22,110,B+0.5,7,True,False,False,,-1,28.644,1000
2026-06-19 01:47:49,98,B+0.5,8,True,False,False,,-1,28.7772,1000
2026-06-19 01:48:27,146,B+18.5,15,True,False,False,,-1,28.8055,1000
2026-06-19 01:48:56,110,B+2.5,11,True,False,False,,-1,28.7507,1000
2026-06-19 01:49:25,105,W+1.5,6,True,False,False,,-1,28.7212,1000
2026-06-19 01:49:55,109,W+0.5,14,True,False,False,,-1,28.7058,1000
2026-06-19 01:50:17,80,W+12.5,3,True,False,False,,-1,28.6776,1000
2026-06-19 01:50:50,119,W+0.5,10,True,False,False,,-1,28.8903,1000
2026-06-19 01:51:26,141,W+17.5,21,True,False,False,,-1,28.9936,1000
2026-06-19 01:51:43,72,W+9.5,2,True,False,False,,-1,28.8699,1000
2026-06-19 01:52:22,130,B+1.5,13,True,False,False,,-1,29.0662,1000
2026-06-19 01:52:47,98,B+0.5,9,True,False,False,,-1,29.1166,1000
2026-06-19 01:53:18,114,B+0.5,12,True,False,False,,-1,29.1175,1000
2026-06-19 01:53:59,162,B+5.5,15,True,False,False,,-1,29.2671,1000
2026-06-19 01:54:06,24,W+7.5,2,True,False,False,,-1,29.1833,1000
2026-06-19 01:54:32,91,B+3.5,6,True,False,False,,-1,29.1404,1000
2026-06-19 01:54:56,90,B+2.5,8,True,False,False,,-1,29.0693,1000
2026-06-19 01:55:23,102,B+2.5,7,True,False,False,,-1,29.2509,1000
2026-06-19 01:55:49,99,W+13.5,3,True,False,False,,-1,29.2065,1000
2026-06-19 01:56:19,107,W+0.5,8,True,False,False,,-1,29.2079,1000
2026-06-19 01:56:48,105,W+2.5,6,True,False,False,,-1,29.1752,1000
2026-06-19 01:57:18,113,W+1.5,10,True,False,False,,-1,29.1907,1000
2026-06-19 01:57:42,80,W+19.5,2,True,False,False,,-1,29.1383,1000
2026-06-19 01:58:24,156,B+28.5,19,True,False,False,,-1,29.3157,1000
2026-06-19 01:58:36,36,W+4.5,2,True,False,False,,-1,29.0925,1000
2026-06-19 01:58:53,70,W+8.5,2,True,False,False,,-1,28.9753,1000
2026-06-19 01:59:28,124,B+8.5,8,True,False,False,,-1,29.0275,1000
2026-06-19 01:59:51,81,B+2.5,2,True,False,False,,-1,28.9714,1000
2026-06-19 02:00:16,85,B+8.5,2,True,False,False,,-1,28.9463,1000
2026-06-19 02:00:47,105,W+10.5,6,True,False,False,,-1,28.9536,1000
2026-06-19 02:01:19,119,W+3.5,14,True,False,False,,-1,28.9624,1000
2026-06-19 02:01:49,109,W+3.5,5,True,False,False,,-1,28.8851,1000
2026-06-19 02:02:15,95,W+1.5,9,True,False,False,,-1,28.8606,1000
2026-06-19 02:02:46,116,B+3.5,9,True,False,False,,-1,28.8637,1000
2026-06-19 02:03:17,109,W+1.5,14,True,False,False,,-1,28.8401,1000
2026-06-19 02:03:50,115,W+0.5,9,True,False,False,,-1,28.823,1000
2026-06-19 02:04:18,112,B+7.5,7,True,False,False,,-1,28.7548,1000
2026-06-19 02:04:56,126,B+4.5,12,True,False,False,,-1,28.8525,1000
2026-06-19 02:05:30,140,B+2.5,20,True,False,False,,-1,29.0133,1000
2026-06-19 02:06:04,132,B+1.5,7,True,False,False,,-1,28.9942,1000
2026-06-19 02:06:34,119,B+5.5,9,True,False,False,,-1,29.2252,1000
2026-06-19 02:07:15,146,W+0.5,14,True,False,False,,-1,29.3445,1000
2026-06-19 02:07:55,161,W+6.5,37,True,False,False,,-1,29.4393,1000
2026-06-19 02:08:22,101,W+2.5,8,True,False,False,,-1,29.2764,1000
2026-06-19 02:09:06,162,W+35.5,22,True,False,False,,-1,29.3796,1000
2026-06-19 02:09:25,72,W+15.5,2,True,False,False,,-1,29.2422,1000
2026-06-19 02:10:00,123,W+1.5,13,True,False,False,,-1,29.2142,1000
2026-06-19 02:10:28,103,W+0.5,7,True,False,False,,-1,29.2418,1000
2026-06-19 02:10:52,84,W+23.5,2,True,False,False,,-1,29.1756,1000
2026-06-19 02:11:18,93,W+2.5,7,True,False,False,,-1,29.1259,1000
2026-06-19 02:11:42,93,W+0.5,7,True,False,False,,-1,29.1038,1000
2026-06-19 02:12:06,90,B+1.5,4,True,False,False,,-1,29.0382,1000
2026-06-19 02:12:37,118,B+2.5,13,True,False,False,,-1,29.0042,1000
2026-06-19 02:13:09,113,W+2.5,11,True,False,False,,-1,29.0602,1000
2026-06-19 02:13:29,76,W+11.5,3,True,False,False,,-1,28.8655,1000
2026-06-19 02:14:03,127,B+2.5,15,True,False,False,,-1,28.8241,1000
2026-06-19 02:14:18,56,W+6.5,3,True,False,False,,-1,28.7022,1000
2026-06-19 02:14:47,108,B+5.5,7,True,False,False,,-1,28.7013,1000
2026-06-19 02:15:17,111,W+6.5,14,True,False,False,,-1,28.6682,1000
2026-06-19 02:15:50,120,B+1.5,13,True,False,False,,-1,28.711,1000
2026-06-19 02:16:23,111,W+0.5,10,True,False,False,,-1,28.701,1000
2026-06-19 02:16:52,108,B+1.5,7,True,False,False,,-1,28.6963,1000
2026-06-19 02:17:33,162,B+9.5,29,True,False,False,,-1,28.8517,1000
2026-06-19 02:18:05,113,W+27.5,6,True,False,False,,-1,28.9213,1000
2026-06-19 02:18:32,97,W+2.5,9,True,False,False,,-1,28.8236,1000
2026-06-19 02:19:00,108,B+5.5,9,True,False,False,,-1,28.8118,1000
2026-06-19 02:19:28,101,W+8.5,12,True,False,False,,-1,28.804,1000
2026-06-19 02:19:55,99,B+7.5,9,True,False,False,,-1,28.7635,1000
2026-06-19 02:20:28,125,W+0.5,8,True,False,False,,-1,28.9386,1000
2026-06-19 02:20:53,96,B+1.5,8,True,False,False,,-1,28.8823,1000
2026-06-19 02:21:27,128,B+8.5,12,True,False,False,,-1,28.9475,1000
2026-06-19 02:21:46,62,W+12.5,2,True,False,False,,-1,28.8205,1000
2026-06-19 02:22:15,108,B+9.5,8,True,False,False,,-1,28.8988,1000
2026-06-19 02:22:42,103,B+1.5,9,True,False,False,,-1,28.873,1000
2026-06-19 02:23:15,121,W+2.5,14,True,False,False,,-1,29.0362,1000
2026-06-19 02:23:44,105,W+2.5,5,True,False,False,,-1,28.988,1000
2026-06-19 02:24:21,134,B+3.5,19,True,False,False,,-1,28.982,1000
2026-06-19 02:24:53,116,B+3.5,10,True,False,False,,-1,29.2065,1000
2026-06-19 02:25:15,83,B+2.5,2,True,False,False,,-1,29.1378,1000
2026-06-19 02:25:47,108,B+2.5,10,True,False,False,,-1,29.0466,1000
2026-06-19 02:26:09,87,B+1.5,3,True,False,False,,-1,28.9423,1000
2026-06-19 02:26:35,98,B+1.5,4,True,False,False,,-1,28.815,1000
2026-06-19 02:27:06,115,W+14.5,14,True,False,False,,-1,28.833,1000
2026-06-19 02:27:30,76,W+17.5,3,True,False,False,,-1,28.7371,1000
2026-06-19 02:27:59,110,B+0.5,10,True,False,False,,-1,28.7292,1000
2026-06-19 02:28:30,111,W+1.5,11,True,False,False,,-1,28.8207,1000
2026-06-19 02:28:40,36,W+7.5,3,True,False,False,,-1,28.6362,1000
2026-06-19 02:29:10,116,B+0.5,13,True,False,False,,-1,28.6235,1000
2026-06-19 02:29:42,122,B+4.5,9,True,False,False,,-1,28.7087,1000
2026-06-19 02:30:07,94,B+0.5,6,True,False,False,,-1,28.6727,1000
2026-06-19 02:30:39,111,W+4.5,6,True,False,False,,-1,28.7098,1000
2026-06-19 02:31:07,99,W+0.5,7,True,False,False,,-1,28.7316,1000
2026-06-19 02:31:38,114,B+0.5,4,True,False,False,,-1,28.7054,1000
2026-06-19 02:32:14,120,B+1.5,4,True,False,False,,-1,28.7722,1000
2026-06-19 02:32:47,115,W+9.5,10,True,False,False,,-1,28.7697,1000
2026-06-19 02:33:13,103,W+0.5,5,True,False,False,,-1,28.7498,1000
2026-06-19 02:33:45,113,W+2.5,8,True,False,False,,-1,28.8309,1000
2026-06-19 02:34:28,161,W+17.5,29,True,False,False,,-1,29.0885,1000
2026-06-19 02:35:07,151,W+2.5,20,True,False,False,,-1,29.209,1000
2026-06-19 02:35:35,115,W+21.5,9,True,False,False,,-1,29.2153,1000
2026-06-19 02:36:04,105,W+0.5,6,True,False,False,,-1,29.2185,1000
2026-06-19 02:36:49,161,W+12.5,30,True,False,False,,-1,29.3957,1000
2026-06-19 02:37:18,113,W+0.5,9,True,False,False,,-1,29.3005,1000
2026-06-19 02:37:45,98,B+7.5,9,True,False,False,,-1,29.2889,1000
2026-06-19 02:38:17,107,W+0.5,11,True,False,False,,-1,29.3221,1000
2026-06-19 02:38:54,161,B+9.5,19,True,False,False,,-1,29.388,1000
2026-06-19 02:39:26,125,B+17.5,9,True,False,False,,-1,29.4872,1000
2026-06-19 02:39:59,131,W+2.5,17,True,False,False,,-1,29.4942,1000
2026-06-19 02:40:37,135,W+3.5,21,True,False,False,,-1,29.5095,1000
2026-06-19 02:40:50,48,W+8.5,2,True,False,False,,-1,29.4591,1000
2026-06-19 02:41:19,108,B+4.5,10,True,False,False,,-1,29.3624,1000
2026-06-19 02:41:51,121,W+0.5,15,True,False,False,,-1,29.4356,1000
2026-06-19 02:42:19,104,B+5.5,12,True,False,False,,-1,29.4014,1000
2026-06-19 02:42:59,139,B+5.5,14,True,False,False,,-1,29.3931,1000
2026-06-19 02:43:25,96,B+0.5,3,True,False,False,,-1,29.583,1000
2026-06-19 02:43:54,105,W+0.5,12,True,False,False,,-1,29.6143,1000
2026-06-19 02:44:22,104,B+7.5,6,True,False,False,,-1,29.6611,1000
2026-06-19 02:44:50,105,W+5.5,9,True,False,False,,-1,29.6644,1000
2026-06-19 02:45:00,42,W+5.5,2,True,False,False,,-1,29.5091,1000
2026-06-19 02:45:28,105,W+2.5,11,True,False,False,,-1,29.4861,1000
2026-06-19 02:45:54,103,W+1.5,8,True,False,False,,-1,29.462,1000
2026-06-19 02:46:33,161,W+23.5,22,True,False,False,,-1,29.5459,1000
2026-06-19 02:47:03,122,B+1.5,9,True,False,False,,-1,29.6149,1000
2026-06-19 02:47:37,132,B+1.5,19,True,False,False,,-1,29.525,1000
2026-06-19 02:48:04,90,B+1.5,6,True,False,False,,-1,29.6822,1000
2026-06-19 02:48:30,98,B+0.5,3,True,False,False,,-1,29.7737,1000
2026-06-19 02:48:59,106,B+0.5,9,True,False,False,,-1,29.7035,1000
2026-06-19 02:49:40,160,B+13.5,27,True,False,False,,-1,29.8957,1000
2026-06-19 02:50:22,142,B+0.5,16,True,False,False,,-1,30.0591,1000
2026-06-19 02:50:53,114,B+0.5,11,True,False,False,,-1,30.0552,1000
2026-06-19 02:51:26,125,W+1.5,18,True,False,False,,-1,30.0729,1000
2026-06-19 02:51:56,107,W+4.5,12,True,False,False,,-1,30.0721,1000
2026-06-19 02:52:42,162,B+10.5,16,True,False,False,,-1,30.2703,1000
2026-06-19 02:53:17,126,B+3.5,16,True,False,False,,-1,30.3007,1000
2026-06-19 02:53:54,146,W+3.5,30,True,False,False,,-1,30.3734,1000
2026-06-19 02:54:23,113,W+2.5,12,True,False,False,,-1,30.3295,1000
2026-06-19 02:54:51,96,W+4.5,5,True,False,False,,-1,30.3223,1000
2026-06-19 02:55:17,104,B+1.5,12,True,False,False,,-1,30.2088,1000
2026-06-19 02:55:43,97,W+0.5,5,True,False,False,,-1,30.1248,1000
2026-06-19 02:56:14,117,W+2.5,9,True,False,False,,-1,30.1023,1000
2026-06-19 02:56:43,109,W+13.5,13,True,False,False,,-1,30.0817,1000
2026-06-19 02:57:15,122,W+3.5,13,True,False,False,,-1,29.9937,1000
2026-06-19 02:57:54,131,W+4.5,9,True,False,False,,-1,29.982,1000
2026-06-19 02:58:23,103,W+4.5,7,True,False,False,,-1,30.0145,1000
2026-06-19 02:58:50,104,B+0.5,13,True,False,False,,-1,29.8354,1000
2026-06-19 02:59:19,115,W+1.5,18,True,False,False,,-1,29.9384,1000
2026-06-19 02:59:54,123,W+1.5,14,True,False,False,,-1,29.9445,1000
2026-06-19 03:00:24,111,B+0.5,7,True,False,False,,-1,29.9568,1000
2026-06-19 03:00:56,120,B+2.5,7,True,False,False,,-1,30.0439,1000
2026-06-19 03:01:30,130,B+2.5,15,True,False,False,,-1,30.1106,1000
2026-06-19 03:01:56,100,B+1.5,8,True,False,False,,-1,30.1364,1000
2026-06-19 03:02:24,103,B+0.5,2,True,False,False,,-1,30.1834,1000
2026-06-19 03:02:56,119,W+0.5,7,True,False,False,,-1,30.192,1000
2026-06-19 03:03:19,80,W+6.5,2,True,False,False,,-1,30.0976,1000
2026-06-19 03:04:03,162,B+4.5,19,True,False,False,,-1,30.3317,1000
2026-06-19 03:04:38,126,B+7.5,11,True,False,False,,-1,30.3484,1000
2026-06-19 03:05:07,112,B+5.5,13,True,False,False,,-1,30.4873,1000
2026-06-19 03:05:35,106,B+0.5,11,True,False,False,,-1,30.485,1000
2026-06-19 03:05:45,32,W+8.5,2,True,False,False,,-1,30.2685,1000
2026-06-19 03:06:23,133,W+0.5,14,True,False,False,,-1,30.3213,1000
2026-06-19 03:06:50,102,B+2.5,10,True,False,False,,-1,30.2646,1000
2026-06-19 03:07:21,123,W+1.5,15,True,False,False,,-1,30.2909,1000
2026-06-19 03:07:48,98,B+3.5,8,True,False,False,,-1,30.1545,1000
2026-06-19 03:08:20,111,W+4.5,14,True,False,False,,-1,30.1417,1000
2026-06-19 03:08:57,145,W+34.5,22,True,False,False,,-1,30.2498,1000
2026-06-19 03:09:30,118,B+3.5,7,True,False,False,,-1,30.2932,1000
2026-06-19 03:09:59,104,B+0.5,5,True,False,False,,-1,30.3113,1000
2026-06-19 03:10:46,162,W+15.5,19,True,False,False,,-1,30.5037,1000
2026-06-19 03:11:15,114,B+0.5,12,True,False,False,,-1,30.4683,1000
2026-06-19 03:11:45,110,B+1.5,7,True,False,False,,-1,30.5101,1000
2026-06-19 03:11:58,48,W+9.5,2,True,False,False,,-1,30.3091,1000
2026-06-19 03:12:28,110,B+0.5,10,True,False,False,,-1,30.4144,1000
2026-06-19 03:12:39,44,W+7.5,2,True,False,False,,-1,30.2373,1000
2026-06-19 03:12:48,36,W+14.5,2,True,False,False,,-1,30.0607,1000
2026-06-19 03:13:23,118,B+0.5,12,True,False,False,,-1,30.079,1000
2026-06-19 03:14:02,145,W+33.5,16,True,False,False,,-1,30.1808,1000
2026-06-19 03:14:24,77,B+3.5,2,True,False,False,,-1,30.0188,1000
2026-06-19 03:14:53,105,W+1.5,13,True,False,False,,-1,29.9961,1000
2026-06-19 03:15:25,109,W+0.5,11,True,False,False,,-1,30.0915,1000
2026-06-19 03:15:46,75,B+5.5,3,True,False,False,,-1,29.9899,1000
2026-06-19 03:16:14,114,B+0.5,6,True,False,False,,-1,30.0497,1000
2026-06-19 03:16:25,46,W+6.5,2,True,False,False,,-1,29.8915,1000
2026-06-19 03:16:36,38,W+1.5,2,True,False,False,,-1,29.6961,1000
2026-06-19 03:17:22,162,W+44.5,14,True,False,False,,-1,29.9174,1000
2026-06-19 03:17:57,162,W+2.5,4,True,False,False,,-1,29.9792,1000
2026-06-19 03:18:23,98,B+1.5,11,True,False,False,,-1,29.9284,1000
2026-06-19 03:19:02,147,W+0.5,22,True,False,False,,-1,30.2194,1000
2026-06-19 03:19:34,115,W+16.5,12,True,False,False,,-1,30.2394,1000
2026-06-19 03:20:08,119,W+0.5,10,True,False,False,,-1,30.2547,1000
2026-06-19 03:20:36,111,W+1.5,12,True,False,False,,-1,30.2831,1000
2026-06-19 03:21:06,99,B+13.5,4,True,False,False,,-1,30.2656,1000
2026-06-19 03:21:41,132,B+14.5,11,True,False,False,,-1,30.3298,1000
2026-06-19 03:22:11,110,B+0.5,10,True,False,False,,-1,30.325,1000
2026-06-19 03:22:42,118,B+3.5,11,True,False,False,,-1,30.2815,1000
2026-06-19 03:23:13,107,W+16.5,9,True,False,False,,-1,30.2654,1000
2026-06-19 03:23:23,38,W+11.5,2,True,False,False,,-1,30.0987,1000
2026-06-19 03:23:32,34,W+9.5,2,True,False,False,,-1,29.8728,1000
2026-06-19 03:23:46,50,W+6.5,2,True,False,False,,-1,29.5785,1000
2026-06-19 03:24:26,137,W+1.5,11,True,False,False,,-1,29.5899,1000
2026-06-19 03:24:59,119,W+13.5,13,True,False,False,,-1,29.6326,1000
2026-06-19 03:25:29,111,W+2.5,6,True,False,False,,-1,29.6473,1000
2026-06-19 03:25:40,40,W+7.5,2,True,False,False,,-1,29.308,1000
2026-06-19 03:26:16,127,W+17.5,13,True,False,False,,-1,29.3781,1000
2026-06-19 03:26:46,118,B+4.5,17,True,False,False,,-1,29.4069,1000
2026-06-19 03:27:24,152,B+2.5,24,True,False,False,,-1,29.469,1000
2026-06-19 03:27:58,119,W+0.5,9,True,False,False,,-1,29.439,1000
2026-06-19 03:28:36,130,B+0.5,12,True,False,False,,-1,29.5002,1000
2026-06-19 03:29:18,158,B+1.5,17,True,False,False,,-1,29.5827,1000
2026-06-19 03:29:53,121,B+1.5,9,True,False,False,,-1,29.5556,1000
2026-06-19 03:30:22,111,W+0.5,8,True,False,False,,-1,29.7217,1000
2026-06-19 03:30:55,114,B+1.5,7,True,False,False,,-1,29.7602,1000
2026-06-19 03:31:18,85,B+20.5,2,True,False,False,,-1,29.6681,1000
2026-06-19 03:31:45,101,W+0.5,6,True,False,False,,-1,29.6641,1000
2026-06-19 03:32:14,105,W+8.5,6,True,False,False,,-1,29.5462,1000
2026-06-19 03:32:22,34,W+7.5,2,True,False,False,,-1,29.3702,1000
2026-06-19 03:32:48,95,W+1.5,5,True,False,False,,-1,29.3352,1000
2026-06-19 03:33:21,133,W+4.5,16,True,False,False,,-1,29.3898,1000
2026-06-19 03:33:57,137,B+0.5,17,True,False,False,,-1,29.4702,1000
2026-06-19 03:34:35,129,W+6.5,11,True,False,False,,-1,29.7515,1000
2026-06-19 03:35:08,126,B+1.5,8,True,False,False,,-1,29.7949,1000
2026-06-19 03:35:42,129,W+3.5,23,True,False,False,,-1,29.8723,1000
2026-06-19 03:36:16,121,W+5.5,13,True,False,False,,-1,29.8277,1000
2026-06-19 03:36:42,90,W+18.5,3,True,False,False,,-1,29.7832,1000
2026-06-19 03:37:11,109,W+2.5,15,True,False,False,,-1,29.7369,1000
2026-06-19 03:37:18,24,W+7.5,2,True,False,False,,-1,29.5386,1000
2026-06-19 03:37:46,98,B+0.5,7,True,False,False,,-1,29.5563,1000
2026-06-19 03:38:29,148,B+3.5,22,True,False,False,,-1,29.7012,1000
2026-06-19 03:38:56,97,W+3.5,5,True,False,False,,-1,29.5517,1000
2026-06-19 03:39:23,106,B+0.5,5,True,False,False,,-1,29.4031,1000
2026-06-19 03:39:42,74,W+5.5,2,True,False,False,,-1,29.2884,1000
2026-06-19 03:40:10,108,B+1.5,8,True,False,False,,-1,29.2341,1000
2026-06-19 03:40:49,149,W+0.5,23,True,False,False,,-1,29.3218,1000
2026-06-19 03:41:20,112,B+9.5,10,True,False,False,,-1,29.1702,1000
2026-06-19 03:41:46,99,W+0.5,7,True,False,False,,-1,29.0964,1000
2026-06-19 03:42:14,102,B+3.5,4,True,False,False,,-1,28.9948,1000
2026-06-19 03:42:44,111,W+16.5,11,True,False,False,,-1,29.0143,1000
2026-06-19 03:43:17,123,W+1.5,15,True,False,False,,-1,29.0567,1000
2026-06-19 03:43:46,100,B+2.5,6,True,False,False,,-1,29.0928,1000
2026-06-19 03:44:28,140,B+1.5,15,True,False,False,,-1,29.2452,1000
2026-06-19 03:44:53,94,B+0.5,6,True,False,False,,-1,29.1875,1000
2026-06-19 03:45:29,125,B+0.5,12,True,False,False,,-1,29.2612,1000
2026-06-19 03:45:58,103,W+2.5,8,True,False,False,,-1,29.2311,1000
2026-06-19 03:46:13,62,W+11.5,2,True,False,False,,-1,28.9967,1000
2026-06-19 03:46:44,111,W+2.5,12,True,False,False,,-1,29.0057,1000
2026-06-19 03:47:17,123,W+5.5,12,True,False,False,,-1,29.068,1000
2026-06-19 03:47:45,103,B+11.5,10,True,False,False,,-1,29.0537,1000
2026-06-19 03:48:14,103,W+1.5,5,True,False,False,,-1,28.9953,1000
2026-06-19 03:48:44,111,W+2.5,14,True,False,False,,-1,28.9956,1000
2026-06-19 03:49:19,136,B+23.5,13,True,False,False,,-1,29.0213,1000
2026-06-19 03:49:51,114,B+1.5,6,True,False,False,,-1,29.0103,1000
2026-06-19 03:50:23,119,W+1.5,15,True,False,False,,-1,29.0705,1000
2026-06-19 03:50:54,107,W+0.5,7,True,False,False,,-1,29.0935,1000
2026-06-19 03:51:28,129,B+4.5,19,True,False,False,,-1,29.1185,1000
2026-06-19 03:51:48,76,W+17.5,2,True,False,False,,-1,29.0957,1000
2026-06-19 03:52:15,94,B+0.5,5,True,False,False,,-1,28.9168,1000
2026-06-19 03:52:40,94,B+0.5,5,True,False,False,,-1,28.8228,1000
2026-06-19 03:53:12,108,B+1.5,7,True,False,False,,-1,28.8459,1000
2026-06-19 03:53:44,105,W+1.5,8,True,False,False,,-1,28.8808,1000
2026-06-19 03:54:18,131,W+0.5,21,True,False,False,,-1,29.1312,1000
2026-06-19 03:54:31,56,W+4.5,2,True,False,False,,-1,28.8831,1000
2026-06-19 03:55:11,162,B+24.5,28,True,False,False,,-1,29.0139,1000
2026-06-19 03:55:37,100,B+1.5,6,True,False,False,,-1,28.958,1000
2026-06-19 03:56:08,125,W+0.5,16,True,False,False,,-1,28.9882,1000
2026-06-19 03:56:46,146,B+1.5,15,True,False,False,,-1,29.0627,1000
2026-06-19 03:57:14,98,B+2.5,10,True,False,False,,-1,28.9624,1000
2026-06-19 03:57:48,121,W+9.5,15,True,False,False,,-1,28.9808,1000
2026-06-19 03:58:13,95,W+1.5,8,True,False,False,,-1,28.9332,1000
2026-06-19 03:58:48,127,B+7.5,13,True,False,False,,-1,28.8179,1000
2026-06-19 03:59:13,95,W+3.5,10,True,False,False,,-1,28.78,1000
2026-06-19 03:59:24,42,W+8.5,2,True,False,False,,-1,28.5927,1000
2026-06-19 03:59:39,48,W+4.5,3,True,False,False,,-1,28.6024,1000
2026-06-19 04:00:09,115,W+2.5,8,True,False,False,,-1,28.61,1000
2026-06-19 04:00:37,106,B+0.5,11,True,False,False,,-1,28.7763,1000
2026-06-19 04:01:10,120,B+2.5,13,True,False,False,,-1,29.0096,1000
2026-06-19 04:01:44,138,W+6.5,16,True,False,False,,-1,29.0036,1000
2026-06-19 04:02:07,88,B+4.5,3,True,False,False,,-1,28.8473,1000
2026-06-19 04:02:37,118,B+3.5,11,True,False,False,,-1,28.9361,1000
2026-06-19 04:03:16,133,W+1.5,13,True,False,False,,-1,29.0302,1000
2026-06-19 04:03:47,115,W+0.5,11,True,False,False,,-1,29.0169,1000
2026-06-19 04:04:20,123,W+3.5,16,True,False,False,,-1,29.1435,1000
2026-06-19 04:04:40,66,W+9.5,2,True,False,False,,-1,29.0508,1000
2026-06-19 04:05:06,106,B+0.5,6,True,False,False,,-1,29.2134,1000
2026-06-19 04:05:35,103,B+18.5,3,True,False,False,,-1,29.3909,1000
2026-06-19 04:05:44,32,W+7.5,2,True,False,False,,-1,29.0202,1000
2026-06-19 04:06:11,102,B+2.5,5,True,False,False,,-1,28.9381,1000
2026-06-19 04:06:38,100,B+1.5,7,True,False,False,,-1,28.9493,1000
2026-06-19 04:07:10,122,B+0.5,15,True,False,False,,-1,28.8774,1000
2026-06-19 04:07:39,100,B+1.5,13,True,False,False,,-1,28.8477,1000
2026-06-19 04:08:17,132,B+4.5,13,True,False,False,,-1,28.8867,1000
2026-06-19 04:08:47,106,W+0.5,8,True,False,False,,-1,28.9041,1000
2026-06-19 04:08:57,42,W+6.5,2,True,False,False,,-1,28.7114,1000
2026-06-19 04:09:34,152,B+6.5,19,True,False,False,,-1,28.732,1000
2026-06-19 04:10:01,103,W+5.5,8,True,False,False,,-1,28.6932,1000
2026-06-19 04:10:28,106,B+2.5,8,True,False,False,,-1,28.6565,1000
2026-06-19 04:11:04,127,W+22.5,7,True,False,False,,-1,28.699,1000
2026-06-19 04:11:34,105,B+3.5,4,True,False,False,,-1,28.9042,1000
2026-06-19 04:11:59,96,B+0.5,7,True,False,False,,-1,29.0631,1000
2026-06-19 04:12:35,125,W+9.5,13,True,False,False,,-1,29.2793,1000
2026-06-19 04:13:11,143,W+34.5,13,True,False,False,,-1,29.2427,1000
2026-06-19 04:13:40,108,B+0.5,8,True,False,False,,-1,29.2032,1000
2026-06-19 04:13:44,20,W+7.5,2,True,False,False,,-1,28.9457,1000
2026-06-19 04:14:12,102,B+0.5,8,True,False,False,,-1,29.116,1000
2026-06-19 04:14:43,114,B+1.5,10,True,False,False,,-1,29.0733,1000
2026-06-19 04:15:10,102,B+2.5,7,True,False,False,,-1,29.0356,1000
2026-06-19 04:15:42,105,W+6.5,8,True,False,False,,-1,28.9751,1000
2026-06-19 04:16:10,97,W+2.5,7,True,False,False,,-1,28.917,1000
2026-06-19 04:16:39,109,W+6.5,6,True,False,False,,-1,28.8294,1000
2026-06-19 04:17:10,116,B+4.5,10,True,False,False,,-1,28.7197,1000
2026-06-19 04:17:54,162,W+8.5,22,True,False,False,,-1,28.8051,1000
2026-06-19 04:18:02,30,W+7.5,3,True,False,False,,-1,28.5943,1000
2026-06-19 04:18:37,128,B+0.5,11,True,False,False,,-1,28.6152,1000
2026-06-19 04:19:00,93,W+5.5,10,True,False,False,,-1,28.6175,1000
2026-06-19 04:19:28,107,W+9.5,17,True,False,False,,-1,28.6198,1000
2026-06-19 04:19:56,109,W+7.5,11,True,False,False,,-1,28.622,1000
2026-06-19 04:20:06,40,W+7.5,2,True,False,False,,-1,28.6316,1000
2026-06-19 04:20:39,118,B+0.5,6,True,False,False,,-1,28.7085,1000
2026-06-19 04:21:06,103,W+4.5,4,True,False,False,,-1,28.6423,1000
2026-06-19 04:21:32,105,W+5.5,8,True,False,False,,-1,28.5513,1000
2026-06-19 04:22:02,115,B+0.5,11,True,False,False,,-1,28.4644,1000
2026-06-19 04:22:29,102,B+0.5,10,True,False,False,,-1,28.4091,1000
2026-06-19 04:22:37,30,W+7.5,2,True,False,False,,-1,28.1464,1000
2026-06-19 04:23:09,118,W+3.5,13,True,False,False,,-1,28.1349,1000
2026-06-19 04:23:39,101,W+16.5,6,True,False,False,,-1,28.1634,1000
2026-06-19 04:24:13,137,W+42.5,14,True,False,False,,-1,28.2149,1000
2026-06-19 04:24:43,110,B+9.5,9,True,False,False,,-1,28.4492,1000
2026-06-19 04:25:12,103,W+1.5,10,True,False,False,,-1,28.4547,1000
2026-06-19 04:25:45,118,B+8.5,11,True,False,False,,-1,28.352,1000
2026-06-19 04:26:20,142,B+7.5,20,True,False,False,,-1,28.4429,1000
2026-06-19 04:26:53,119,W+10.5,18,True,False,False,,-1,28.4982,1000
2026-06-19 04:27:19,97,W+5.5,9,True,False,False,,-1,28.5692,1000
2026-06-19 04:27:51,111,W+14.5,12,True,False,False,,-1,28.6053,1000
2026-06-19 04:28:33,162,B+1.5,16,True,False,False,,-1,28.6364,1000
2026-06-19 04:29:01,107,W+7.5,10,True,False,False,,-1,28.6147,1000
2026-06-19 04:29:38,128,B+6.5,11,True,False,False,,-1,28.7124,1000
2026-06-19 04:30:04,93,B+0.5,4,True,False,False,,-1,28.6946,1000
2026-06-19 04:30:29,99,B+4.5,6,True,False,False,,-1,28.6469,1000
2026-06-19 04:31:02,125,W+5.5,16,True,False,False,,-1,28.6451,1000
2026-06-19 04:31:32,119,B+1.5,15,True,False,False,,-1,28.6535,1000
2026-06-19 04:32:01,111,W+11.5,10,True,False,False,,-1,28.5346,1000
2026-06-19 04:32:26,87,W+8.5,9,True,False,False,,-1,28.5257,1000
2026-06-19 04:32:51,100,B+0.5,7,True,False,False,,-1,28.4173,1000
2026-06-19 04:33:21,108,B+0.5,9,True,False,False,,-1,28.4257,1000
2026-06-19 04:33:48,104,B+0.5,5,True,False,False,,-1,28.5457,1000
2026-06-19 04:34:13,82,W+24.5,3,True,False,False,,-1,28.4845,1000
2026-06-19 04:34:34,71,B+5.5,3,True,False,False,,-1,28.373,1000
2026-06-19 04:35:06,113,W+0.5,8,True,False,False,,-1,28.4039,1000
2026-06-19 04:35:49,162,W+4.5,26,True,False,False,,-1,28.5507,1000
2026-06-19 04:36:24,122,B+0.5,12,True,False,False,,-1,28.5952,1000
2026-06-19 04:36:57,114,B+1.5,9,True,False,False,,-1,28.584,1000
2026-06-19 04:37:41,162,W+19.5,23,True,False,False,,-1,28.697,1000
2026-06-19 04:38:23,162,B+17.5,19,True,False,False,,-1,28.7897,1000
2026-06-19 04:38:54,123,W+1.5,10,True,False,False,,-1,28.8018,1000
2026-06-19 04:39:21,105,W+2.5,12,True,False,False,,-1,28.7281,1000
2026-06-19 04:39:50,104,B+7.5,15,True,False,False,,-1,28.8107,1000
2026-06-19 04:40:16,95,W+1.5,11,True,False,False,,-1,28.8075,1000
2026-06-19 04:41:00,143,W+7.5,18,True,False,False,,-1,28.9933,1000
2026-06-19 04:41:33,128,B+5.5,14,True,False,False,,-1,29.0112,1000
2026-06-19 04:42:06,119,W+0.5,5,True,False,False,,-1,29.0172,1000
2026-06-19 04:42:38,115,W+1.5,11,True,False,False,,-1,28.9937,1000
2026-06-19 04:43:14,126,B+13.5,11,True,False,False,,-1,29.2258,1000
2026-06-19 04:43:40,95,W+5.5,10,True,False,False,,-1,29.0894,1000
2026-06-19 04:44:22,160,B+5.5,36,True,False,False,,-1,29.2476,1000
2026-06-19 04:44:51,114,W+24.5,13,True,False,False,,-1,29.2318,1000
2026-06-19 04:45:12,80,W+13.5,2,True,False,False,,-1,29.0612,1000
2026-06-19 04:45:19,20,W+7.5,2,True,False,False,,-1,28.8457,1000
2026-06-19 04:45:51,124,B+0.5,6,True,False,False,,-1,28.8287,1000
2026-06-19 04:46:25,123,W+2.5,10,True,False,False,,-1,28.919,1000
2026-06-19 04:47:07,161,W+31.5,21,True,False,False,,-1,28.9872,1000
2026-06-19 04:47:37,107,W+6.5,6,True,False,False,,-1,29.0328,1000
2026-06-19 04:48:03,101,W+1.5,9,True,False,False,,-1,29.1906,1000
2026-06-19 04:48:15,42,W+7.5,2,True,False,False,,-1,29.1667,1000
2026-06-19 04:48:40,93,W+2.5,9,True,False,False,,-1,29.109,1000
2026-06-19 04:49:12,120,B+9.5,8,True,False,False,,-1,29.152,1000
2026-06-19 04:49:40,112,B+0.5,11,True,False,False,,-1,29.1015,1000
2026-06-19 04:50:11,114,B+0.5,9,True,False,False,,-1,29.0695,1000
2026-06-19 04:50:44,118,B+3.5,9,True,False,False,,-1,29.1654,1000
2026-06-19 04:51:14,111,W+1.5,12,True,False,False,,-1,29.163,1000
2026-06-19 04:51:48,125,B+3.5,19,True,False,False,,-1,29.1114,1000
2026-06-19 04:52:14,91,B+5.5,2,True,False,False,,-1,29.0733,1000
2026-06-19 04:52:50,125,W+1.5,9,True,False,False,,-1,29.0945,1000
2026-06-19 04:53:17,97,W+0.5,10,True,False,False,,-1,29.1679,1000
2026-06-19 04:53:47,116,B+2.5,13,True,False,False,,-1,29.2091,1000
2026-06-19 04:54:17,109,B+2.5,6,True,False,False,,-1,29.2129,1000
2026-06-19 04:54:51,124,B+0.5,9,True,False,False,,-1,29.4724,1000
2026-06-19 04:55:22,116,B+1.5,14,True,False,False,,-1,29.5034,1000
2026-06-19 04:55:46,83,B+9.5,3,True,False,False,,-1,29.4713,1000
2026-06-19 04:56:27,161,W+29.5,25,True,False,False,,-1,29.5627,1000
2026-06-19 04:56:54,104,B+3.5,11,True,False,False,,-1,29.5469,1000
2026-06-19 04:57:31,152,B+10.5,31,True,False,False,,-1,29.5414,1000
2026-06-19 04:58:03,117,W+8.5,10,True,False,False,,-1,29.5597,1000
2026-06-19 04:58:33,111,W+4.5,10,True,False,False,,-1,29.7566,1000
2026-06-19 04:59:03,109,B+3.5,5,True,False,False,,-1,29.6891,1000
2026-06-19 04:59:29,101,W+12.5,6,True,False,False,,-1,29.6846,1000
2026-06-19 04:59:38,30,W+7.5,2,True,False,False,,-1,29.4922,1000
2026-06-19 05:00:05,99,W+2.5,10,True,False,False,,-1,29.4125,1000
2026-06-19 05:00:43,142,B+9.5,11,True,False,False,,-1,29.4887,1000
2026-06-19 05:01:08,88,W+11.5,3,True,False,False,,-1,29.4911,1000
2026-06-19 05:01:51,162,W+0.5,30,True,False,False,,-1,29.5608,1000
2026-06-19 05:02:23,114,B+0.5,10,True,False,False,,-1,29.5199,1000
2026-06-19 05:02:56,121,W+2.5,9,True,False,False,,-1,29.5587,1000
2026-06-19 05:03:31,126,B+2.5,9,True,False,False,,-1,29.8635,1000
2026-06-19 05:04:00,118,B+3.5,5,True,False,False,,-1,29.8819,1000
2026-06-19 05:04:30,110,B+1.5,12,True,False,False,,-1,29.8698,1000
2026-06-19 05:05:02,111,W+0.5,8,True,False,False,,-1,29.9179,1000
2026-06-19 05:05:29,101,W+10.5,9,True,False,False,,-1,29.8679,1000
2026-06-19 05:06:13,151,B+2.5,10,True,False,False,,-1,30.0243,1000
2026-06-19 05:06:37,83,B+5.5,2,True,False,False,,-1,29.9788,1000
2026-06-19 05:07:15,162,B+10.5,19,True,False,False,,-1,30.0506,1000
2026-06-19 05:07:48,125,W+18.5,14,True,False,False,,-1,29.9461,1000
2026-06-19 05:08:21,116,B+3.5,16,True,False,False,,-1,30.1932,1000
2026-06-19 05:08:46,85,W+12.5,3,True,False,False,,-1,30.0898,1000
2026-06-19 05:09:17,112,B+3.5,7,True,False,False,,-1,30.167,1000
2026-06-19 05:09:49,125,W+17.5,10,True,False,False,,-1,30.2119,1000
2026-06-19 05:10:23,122,B+1.5,9,True,False,False,,-1,30.2622,1000
2026-06-19 05:10:56,121,W+3.5,12,True,False,False,,-1,30.4983,1000
2026-06-19 05:11:25,112,B+5.5,13,True,False,False,,-1,30.4578,1000
2026-06-19 05:11:50,99,W+1.5,12,True,False,False,,-1,30.4413,1000
2026-06-19 05:12:22,113,W+0.5,14,True,False,False,,-1,30.4914,1000
2026-06-19 05:12:59,140,B+4.5,25,True,False,False,,-1,30.5736,1000
2026-06-19 05:13:28,112,B+4.5,12,True,False,False,,-1,30.5911,1000
2026-06-19 05:13:38,36,W+6.5,2,True,False,False,,-1,30.6087,1000
2026-06-19 05:14:11,117,W+2.5,12,True,False,False,,-1,30.615,1000
2026-06-19 05:14:40,105,W+2.5,9,True,False,False,,-1,30.6125,1000
2026-06-19 05:15:05,96,B+1.5,6,True,False,False,,-1,30.5156,1000
2026-06-19 05:15:39,133,W+1.5,21,True,False,False,,-1,30.5557,1000
2026-06-19 05:16:11,126,B+0.5,11,True,False,False,,-1,30.5878,1000
2026-06-19 05:16:38,113,W+5.5,12,True,False,False,,-1,30.5344,1000
2026-06-19 05:17:07,109,W+0.5,10,True,False,False,,-1,30.4629,1000
2026-06-19 05:17:34,104,B+0.5,5,True,False,False,,-1,30.4076,1000
2026-06-19 05:17:42,32,W+8.5,2,True,False,False,,-1,30.2228,1000
2026-06-19 05:18:12,103,B+1.5,5,True,False,False,,-1,30.2141,1000
2026-06-19 05:18:44,111,W+4.5,13,True,False,False,,-1,30.1082,1000
2026-06-19 05:19:20,134,B+2.5,10,True,False,False,,-1,30.1857,1000
2026-06-19 05:19:52,109,W+0.5,9,True,False,False,,-1,30.1422,1000
2026-06-19 05:20:23,106,B+1.5,9,True,False,False,,-1,30.1869,1000
2026-06-19 05:21:01,162,B+22.5,29,True,False,False,,-1,30.312,1000
2026-06-19 05:21:34,114,B+8.5,8,True,False,False,,-1,30.3229,1000
2026-06-19 05:22:01,105,B+2.5,8,True,False,False,,-1,30.2885,1000
2026-06-19 05:22:31,115,W+1.5,13,True,False,False,,-1,30.2882,1000
2026-06-19 05:23:04,124,B+0.5,13,True,False,False,,-1,30.3777,1000
2026-06-19 05:23:30,97,W+1.5,8,True,False,False,,-1,30.3819,1000
2026-06-19 05:23:55,97,W+8.5,9,True,False,False,,-1,30.3438,1000
2026-06-19 05:24:26,111,W+1.5,7,True,False,False,,-1,30.3782,1000
2026-06-19 05:24:56,102,W+6.5,8,True,False,False,,-1,30.4298,1000
2026-06-19 05:25:33,128,B+3.5,9,True,False,False,,-1,30.5868,1000
2026-06-19 05:26:03,105,W+1.5,11,True,False,False,,-1,30.5731,1000
2026-06-19 05:26:35,112,B+0.5,12,True,False,False,,-1,30.4563,1000
2026-06-19 05:27:14,146,B+15.5,25,True,False,False,,-1,30.4986,1000
2026-06-19 05:27:46,124,B+4.5,13,True,False,False,,-1,30.4865,1000
2026-06-19 05:28:27,134,B+0.5,10,True,False,False,,-1,30.4606,1000
2026-06-19 05:28:53,102,B+3.5,8,True,False,False,,-1,30.3067,1000
2026-06-19 05:29:23,114,B+1.5,8,True,False,False,,-1,30.2849,1000
2026-06-19 05:29:29,20,W+7.5,2,True,False,False,,-1,30.0757,1000
2026-06-19 05:30:05,136,B+6.5,17,True,False,False,,-1,30.1468,1000
2026-06-19 05:30:35,116,B+2.5,12,True,False,False,,-1,30.1915,1000
2026-06-19 05:31:09,137,B+1.5,17,True,False,False,,-1,30.0929,1000
2026-06-19 05:31:38,103,W+6.5,6,True,False,False,,-1,30.043,1000
2026-06-19 05:32:10,123,W+0.5,17,True,False,False,,-1,30.0358,1000
2026-06-19 05:32:22,44,W+7.5,2,True,False,False,,-1,29.8381,1000
2026-06-19 05:32:47,94,W+19.5,6,True,False,False,,-1,29.7264,1000
2026-06-19 05:33:13,104,B+1.5,11,True,False,False,,-1,29.727,1000
2026-06-19 05:33:55,159,W+40.5,21,True,False,False,,-1,29.7274,1000
2026-06-19 05:34:29,126,B+1.5,16,True,False,False,,-1,29.7769,1000
2026-06-19 05:35:04,128,B+0.5,12,True,False,False,,-1,29.9101,1000
2026-06-19 05:35:14,42,W+8.5,2,True,False,False,,-1,29.9553,1000
2026-06-19 05:35:43,111,B+1.5,6,True,False,False,,-1,29.9176,1000
2026-06-19 05:36:17,123,W+2.5,13,True,False,False,,-1,29.922,1000
2026-06-19 05:36:39,74,W+16.5,5,True,False,False,,-1,29.7209,1000
2026-06-19 05:37:13,137,B+3.5,24,True,False,False,,-1,29.7597,1000
2026-06-19 05:37:19,24,W+7.5,2,True,False,False,,-1,29.5553,1000
2026-06-19 05:37:45,93,W+7.5,2,True,False,False,,-1,29.6939,1000
2026-06-19 05:38:16,109,W+5.5,13,True,False,False,,-1,29.7588,1000
2026-06-19 05:38:49,116,B+1.5,12,True,False,False,,-1,29.7708,1000
2026-06-19 05:39:21,114,B+2.5,8,True,False,False,,-1,29.8062,1000
2026-06-19 05:39:49,112,B+3.5,11,True,False,False,,-1,29.7769,1000
2026-06-19 05:40:23,124,B+1.5,8,True,False,False,,-1,29.7905,1000
2026-06-19 05:40:56,138,B+24.5,19,True,False,False,,-1,29.8208,1000
2026-06-19 05:41:27,120,B+1.5,13,True,False,False,,-1,29.7948,1000
2026-06-19 05:41:58,115,W+5.5,14,True,False,False,,-1,29.8329,1000
2026-06-19 05:42:28,118,B+2.5,9,True,False,False,,-1,29.7766,1000
2026-06-19 05:42:54,101,W+8.5,9,True,False,False,,-1,29.7719,1000
2026-06-19 05:43:35,146,B+19.5,9,True,False,False,,-1,29.8691,1000
2026-06-19 05:44:11,120,B+4.5,15,True,False,False,,-1,29.9397,1000
2026-06-19 05:44:33,88,B+2.5,5,True,False,False,,-1,29.8095,1000
2026-06-19 05:45:15,149,W+2.5,12,True,False,False,,-1,29.9289,1000
2026-06-19 05:45:44,114,B+1.5,7,True,False,False,,-1,29.9792,1000
2026-06-19 05:46:17,125,W+11.5,20,True,False,False,,-1,29.8998,1000
2026-06-19 05:46:51,123,W+1.5,16,True,False,False,,-1,29.9646,1000
2026-06-19 05:47:30,161,W+10.5,31,True,False,False,,-1,29.9809,1000
2026-06-19 05:48:02,130,B+6.5,18,True,False,False,,-1,29.9921,1000
2026-06-19 05:48:48,159,W+18.5,17,True,False,False,,-1,30.1464,1000
2026-06-19 05:49:17,101,W+0.5,9,True,False,False,,-1,30.1399,1000
2026-06-19 05:49:47,114,B+5.5,12,True,False,False,,-1,30.1689,1000
2026-06-19 05:52:17,125,W+0.5,19,True,False,False,,-1,30.4302,2000
2026-06-19 05:52:46,99,W+0.5,9,True,False,False,,-1,30.3433,2000
2026-06-19 05:53:15,101,W+1.5,11,True,False,False,,-1,30.3793,2000
2026-06-19 05:53:45,102,B+4.5,10,True,False,False,,-1,30.2564,2000
2026-06-19 05:54:21,113,B+5.5,15,True,False,False,,-1,30.2866,2000
2026-06-19 05:54:53,100,B+13.5,5,True,False,False,,-1,30.2851,2000
2026-06-19 05:55:22,106,B+1.5,10,True,False,False,,-1,30.2286,2000
2026-06-19 05:55:55,132,B+1.5,17,True,False,False,,-1,30.2523,2000
2026-06-19 05:56:36,150,B+0.5,27,True,False,False,,-1,30.3672,2000
2026-06-19 05:57:11,114,B+0.5,9,True,False,False,,-1,30.4021,2000
2026-06-19 05:57:40,113,W+1.5,20,True,False,False,,-1,30.4242,2000
2026-06-19 05:58:07,99,W+2.5,4,True,False,False,,-1,30.2567,2000
2026-06-19 05:58:22,48,W+6.5,2,True,False,False,,-1,30.1595,2000
2026-06-19 05:58:35,48,W+8.5,3,True,False,False,,-1,29.9076,2000
2026-06-19 05:59:13,123,B+1.5,12,True,False,False,,-1,29.9552,2000
2026-06-19 05:59:44,116,B+3.5,10,True,False,False,,-1,29.9358,2000
2026-06-19 06:00:11,113,W+3.5,15,True,False,False,,-1,29.959,2000
2026-06-19 06:00:42,106,B+5.5,10,True,False,False,,-1,29.9559,2000
2026-06-19 06:01:16,122,W+0.5,21,True,False,False,,-1,29.9825,2000
2026-06-19 06:01:50,117,B+5.5,9,True,False,False,,-1,29.982,2000
2026-06-19 06:02:18,103,W+1.5,17,True,False,False,,-1,29.9357,2000
2026-06-19 06:03:02,162,B+2.5,30,True,False,False,,-1,30.087,2000
2026-06-19 06:03:31,113,B+2.5,10,True,False,False,,-1,30.1219,2000
2026-06-19 06:04:07,120,B+0.5,17,True,False,False,,-1,30.1653,2000
2026-06-19 06:04:39,124,B+3.5,16,True,False,False,,-1,30.1073,2000
2026-06-19 06:05:13,131,W+0.5,19,True,False,False,,-1,30.1574,2000
2026-06-19 06:05:44,101,W+2.5,7,True,False,False,,-1,30.3714,2000
2026-06-19 06:06:21,121,W+1.5,8,True,False,False,,-1,30.4127,2000
2026-06-19 06:06:48,100,B+2.5,11,True,False,False,,-1,30.3925,2000
2026-06-19 06:07:18,116,W+0.5,13,True,False,False,,-1,30.4428,2000
2026-06-19 06:07:38,71,B+3.5,2,True,False,False,,-1,30.3007,2000
2026-06-19 06:07:44,20,W+7.5,2,True,False,False,,-1,30.0446,2000
2026-06-19 06:08:20,135,W+5.5,24,True,False,False,,-1,30.1274,2000
2026-06-19 06:08:55,112,B+9.5,14,True,False,False,,-1,30.1867,2000
2026-06-19 06:09:27,107,B+1.5,9,True,False,False,,-1,30.2407,2000
2026-06-19 06:09:54,96,B+22.5,3,True,False,False,,-1,30.4303,2000
2026-06-19 06:10:26,123,W+5.5,15,True,False,False,,-1,30.4492,2000
2026-06-19 06:11:02,133,W+5.5,12,True,False,False,,-1,30.4936,2000
2026-06-19 06:11:35,114,W+0.5,8,True,False,False,,-1,30.4581,2000
2026-06-19 06:12:03,98,B+1.5,5,True,False,False,,-1,30.4133,2000
2026-06-19 06:12:29,94,B+1.5,5,True,False,False,,-1,30.3689,2000
2026-06-19 06:12:58,105,W+1.5,10,True,False,False,,-1,30.2855,2000
2026-06-19 06:13:10,44,W+11.5,2,True,False,False,,-1,30.0735,2000
2026-06-19 06:13:41,107,W+6.5,12,True,False,False,,-1,30.1162,2000
2026-06-19 06:14:10,107,W+3.5,11,True,False,False,,-1,30.1041,2000
2026-06-19 06:14:39,114,B+8.5,13,True,False,False,,-1,30.0647,2000
2026-06-19 06:15:07,108,B+1.5,8,True,False,False,,-1,30.0864,2000
2026-06-19 06:15:39,108,B+3.5,8,True,False,False,,-1,30.1459,2000
2026-06-19 06:16:10,108,B+1.5,10,True,False,False,,-1,30.1489,2000
2026-06-19 06:16:39,97,W+0.5,4,True,False,False,,-1,30.1369,2000
2026-06-19 06:17:10,130,W+2.5,21,True,False,False,,-1,30.0762,2000
2026-06-19 06:17:45,123,W+3.5,12,True,False,False,,-1,30.1306,2000
2026-06-19 06:18:15,105,B+0.5,9,True,False,False,,-1,30.1087,2000
2026-06-19 06:18:50,138,B+2.5,25,True,False,False,,-1,30.076,2000
2026-06-19 06:19:25,130,B+5.5,20,True,False,False,,-1,30.1019,2000
2026-06-19 06:19:54,112,B+4.5,6,True,False,False,,-1,29.9804,2000
2026-06-19 06:20:19,105,W+0.5,11,True,False,False,,-1,29.9653,2000
2026-06-19 06:20:57,145,W+3.5,28,True,False,False,,-1,30.0519,2000
2026-06-19 06:21:26,111,W+2.5,9,True,False,False,,-1,30.2818,2000
2026-06-19 06:21:55,101,W+12.5,7,True,False,False,,-1,30.2197,2000
2026-06-19 06:22:28,116,B+4.5,11,True,False,False,,-1,30.2372,2000
2026-06-19 06:22:57,109,W+1.5,9,True,False,False,,-1,30.1895,2000
2026-06-19 06:23:41,162,B+4.5,22,True,False,False,,-1,30.3417,2000
2026-06-19 06:24:20,127,W+1.5,8,True,False,False,,-1,30.4108,2000
2026-06-19 06:24:39,66,W+3.5,2,True,False,False,,-1,30.4808,2000
2026-06-19 06:25:08,101,W+4.5,6,True,False,False,,-1,30.5214,2000
2026-06-19 06:25:16,26,W+7.5,2,True,False,False,,-1,30.3355,2000
2026-06-19 06:25:43,98,B+1.5,9,True,False,False,,-1,30.1871,2000
2026-06-19 06:25:59,63,B+0.5,4,True,False,False,,-1,30.0145,2000
2026-06-19 06:26:39,135,W+0.5,21,True,False,False,,-1,30.0622,2000
2026-06-19 06:27:11,119,W+2.5,17,True,False,False,,-1,30.2802,2000
2026-06-19 06:27:41,105,W+2.5,8,True,False,False,,-1,30.2889,2000
2026-06-19 06:28:15,124,W+15.5,15,True,False,False,,-1,30.2874,2000
2026-06-19 06:28:44,104,B+1.5,7,True,False,False,,-1,30.3615,2000
2026-06-19 06:29:16,110,B+2.5,12,True,False,False,,-1,30.34,2000
2026-06-19 06:29:48,100,B+2.5,9,True,False,False,,-1,30.5959,2000
2026-06-19 06:30:10,89,B+1.5,5,True,False,False,,-1,30.562,2000
2026-06-19 06:30:47,132,B+2.5,12,True,False,False,,-1,30.6202,2000
2026-06-19 06:31:23,141,B+2.5,21,True,False,False,,-1,30.6516,2000
2026-06-19 06:31:52,97,B+1.5,8,True,False,False,,-1,30.6254,2000
2026-06-19 06:32:28,122,W+8.5,15,True,False,False,,-1,30.7007,2000
2026-06-19 06:32:55,99,W+2.5,8,True,False,False,,-1,30.6308,2000
2026-06-19 06:33:26,111,W+5.5,13,True,False,False,,-1,30.6085,2000
2026-06-19 06:33:48,77,B+0.5,7,True,False,False,,-1,30.5134,2000
2026-06-19 06:34:26,162,W+0.5,39,True,False,False,,-1,30.5927,2000
2026-06-19 06:34:54,99,B+12.5,4,True,False,False,,-1,30.575,2000
2026-06-19 06:35:19,89,W+7.5,8,True,False,False,,-1,30.5568,2000
2026-06-19 06:35:53,126,B+3.5,15,True,False,False,,-1,30.4925,2000
2026-06-19 06:36:23,109,W+3.5,12,True,False,False,,-1,30.4321,2000
2026-06-19 06:36:52,98,B+1.5,4,True,False,False,,-1,30.5036,2000
2026-06-19 06:37:27,120,B+2.5,10,True,False,False,,-1,30.4241,2000
2026-06-19 06:38:11,162,W+32.5,25,True,False,False,,-1,30.5796,2000
2026-06-19 06:38:42,107,W+0.5,15,True,False,False,,-1,30.5617,2000
2026-06-19 06:39:14,116,B+0.5,16,True,False,False,,-1,30.5458,2000
2026-06-19 06:39:48,122,W+0.5,16,True,False,False,,-1,30.4936,2000
2026-06-19 06:40:18,111,W+2.5,7,True,False,False,,-1,30.4645,2000
2026-06-19 06:40:56,134,W+0.5,24,True,False,False,,-1,30.3883,2000
2026-06-19 06:41:29,120,W+0.5,5,True,False,False,,-1,30.4311,2000
2026-06-19 06:42:04,122,B+1.5,17,True,False,False,,-1,30.4851,2000
2026-06-19 06:42:32,106,B+1.5,10,True,False,False,,-1,30.4931,2000
2026-06-19 06:42:55,81,B+2.5,2,True,False,False,,-1,30.3778,2000
2026-06-19 06:43:31,124,B+5.5,15,True,False,False,,-1,30.4439,2000
2026-06-19 06:44:09,162,W+33.5,21,True,False,False,,-1,30.5407,2000
2026-06-19 06:44:37,96,B+11.5,5,True,False,False,,-1,30.5157,2000
2026-06-19 06:44:59,76,W+3.5,3,True,False,False,,-1,30.3768,2000
2026-06-19 06:45:38,141,W+0.5,20,True,False,False,,-1,30.4503,2000
2026-06-19 06:46:04,91,W+11.5,6,True,False,False,,-1,30.4174,2000
2026-06-19 06:46:35,113,W+2.5,20,True,False,False,,-1,30.4006,2000
2026-06-19 06:47:08,111,W+2.5,17,True,False,False,,-1,30.3185,2000
2026-06-19 06:47:33,86,B+1.5,4,True,False,False,,-1,30.218,2000
2026-06-19 06:48:00,95,W+1.5,4,True,False,False,,-1,30.1973,2000
2026-06-19 06:48:33,114,B+0.5,10,True,False,False,,-1,30.2528,2000
2026-06-19 06:49:03,104,B+7.5,6,True,False,False,,-1,30.4031,2000
2026-06-19 06:49:37,121,W+4.5,15,True,False,False,,-1,30.6179,2000
2026-06-19 06:50:20,150,B+1.5,14,True,False,False,,-1,30.6659,2000
2026-06-19 06:50:55,124,B+8.5,9,True,False,False,,-1,30.7054,2000
2026-06-19 06:51:24,106,B+4.5,5,True,False,False,,-1,30.7283,2000
2026-06-19 06:51:54,108,B+0.5,7,True,False,False,,-1,30.7187,2000
2026-06-19 06:52:26,120,B+1.5,9,True,False,False,,-1,30.6986,2000
2026-06-19 06:52:52,94,B+0.5,5,True,False,False,,-1,30.6198,2000
2026-06-19 06:53:22,101,W+2.5,10,True,False,False,,-1,30.6398,2000
2026-06-19 06:53:59,130,B+4.5,20,True,False,False,,-1,30.5654,2000
2026-06-19 06:54:33,120,B+1.5,10,True,False,False,,-1,30.611,2000
2026-06-19 06:55:02,101,W+0.5,7,True,False,False,,-1,30.5418,2000
2026-06-19 06:55:29,97,W+2.5,7,True,False,False,,-1,30.5002,2000
2026-06-19 06:55:54,81,B+1.5,3,True,False,False,,-1,30.4069,2000
2026-06-19 06:56:22,104,B+2.5,10,True,False,False,,-1,30.3776,2000
2026-06-19 06:56:50,109,W+0.5,9,True,False,False,,-1,30.2887,2000
2026-06-19 06:57:18,98,B+1.5,5,True,False,False,,-1,30.292,2000
2026-06-19 06:57:45,104,B+1.5,14,True,False,False,,-1,30.2714,2000
2026-06-19 06:58:17,116,B+2.5,10,True,False,False,,-1,30.3855,2000
2026-06-19 06:58:48,114,B+1.5,17,True,False,False,,-1,30.6327,2000
2026-06-19 06:59:20,112,B+0.5,11,True,False,False,,-1,30.6011,2000
2026-06-19 06:59:48,94,B+2.5,5,True,False,False,,-1,30.5319,2000
2026-06-19 07:00:17,89,B+5.5,5,True,False,False,,-1,30.4989,2000
2026-06-19 07:00:56,138,B+0.5,19,True,False,False,,-1,30.6168,2000
2026-06-19 07:01:28,119,W+1.5,18,True,False,False,,-1,30.6203,2000
2026-06-19 07:01:57,112,W+9.5,13,True,False,False,,-1,30.5445,2000
2026-06-19 07:02:34,128,B+8.5,10,True,False,False,,-1,30.5849,2000
2026-06-19 07:03:03,117,B+0.5,15,True,False,False,,-1,30.6021,2000
2026-06-19 07:03:13,36,W+4.5,2,True,False,False,,-1,30.4457,2000
2026-06-19 07:03:42,95,W+1.5,7,True,False,False,,-1,30.4332,2000
2026-06-19 07:04:12,111,W+4.5,15,True,False,False,,-1,30.6179,2000
2026-06-19 07:04:40,93,B+3.5,3,True,False,False,,-1,30.5861,2000
2026-06-19 07:05:15,121,W+0.5,16,True,False,False,,-1,30.6541,2000
2026-06-19 07:05:46,107,W+1.5,11,True,False,False,,-1,30.6669,2000
2026-06-19 07:06:22,120,B+6.5,15,True,False,False,,-1,30.7486,2000
2026-06-19 07:06:59,118,B+1.5,11,True,False,False,,-1,30.7939,2000
2026-06-19 07:07:25,97,W+8.5,4,True,False,False,,-1,30.7453,2000
2026-06-19 07:08:07,162,B+11.5,24,True,False,False,,-1,30.8808,2000
2026-06-19 07:08:45,133,W+2.5,9,True,False,False,,-1,30.9491,2000
2026-06-19 07:09:18,121,W+0.5,19,True,False,False,,-1,30.9302,2000
2026-06-19 07:09:52,125,W+2.5,12,True,False,False,,-1,30.9692,2000
2026-06-19 07:10:17,100,B+0.5,10,True,False,False,,-1,30.8688,2000
2026-06-19 07:10:43,92,B+9.5,9,True,False,False,,-1,30.7753,2000
2026-06-19 07:11:17,123,W+2.5,20,True,False,False,,-1,30.8285,2000
2026-06-19 07:11:49,113,W+1.5,14,True,False,False,,-1,30.9014,2000
2026-06-19 07:12:23,112,B+1.5,6,True,False,False,,-1,30.8563,2000
2026-06-19 07:12:51,107,W+2.5,11,True,False,False,,-1,30.8423,2000
2026-06-19 07:13:15,93,W+2.5,10,True,False,False,,-1,30.7947,2000
2026-06-19 07:13:38,85,B+4.5,8,True,False,False,,-1,30.7055,2000
2026-06-19 07:14:13,117,B+6.5,12,True,False,False,,-1,30.7551,2000
2026-06-19 07:14:53,162,B+11.5,21,True,False,False,,-1,30.7177,2000
2026-06-19 07:15:23,119,W+0.5,17,True,False,False,,-1,30.6286,2000
2026-06-19 07:15:59,133,W+3.5,13,True,False,False,,-1,30.8012,2000
2026-06-19 07:16:28,105,W+3.5,8,True,False,False,,-1,30.8016,2000
2026-06-19 07:16:52,79,B+7.5,2,True,False,False,,-1,30.9578,2000
2026-06-19 07:17:21,107,W+0.5,13,True,False,False,,-1,30.9804,2000
2026-06-19 07:17:45,90,B+2.5,5,True,False,False,,-1,31.0584,2000
2026-06-19 07:18:14,95,W+0.5,6,True,False,False,,-1,30.9456,2000
2026-06-19 07:18:48,131,W+1.5,18,True,False,False,,-1,30.959,2000
2026-06-19 07:19:25,131,W+13.5,13,True,False,False,,-1,31.0415,2000
2026-06-19 07:20:05,137,W+0.5,10,True,False,False,,-1,31.0983,2000
2026-06-19 07:20:34,103,W+0.5,4,True,False,False,,-1,31.0957,2000
2026-06-19 07:20:59,88,B+1.5,6,True,False,False,,-1,31.0261,2000
2026-06-19 07:21:29,109,B+2.5,10,True,False,False,,-1,31.0144,2000
2026-06-19 07:21:59,106,B+4.5,5,True,False,False,,-1,31.0839,2000
2026-06-19 07:22:30,117,W+4.5,10,True,False,False,,-1,31.0234,2000
2026-06-19 07:23:06,139,W+0.5,21,True,False,False,,-1,31.0198,2000
2026-06-19 07:23:36,116,B+6.5,15,True,False,False,,-1,31.0378,2000
2026-06-19 07:24:02,103,W+4.5,14,True,False,False,,-1,30.9387,2000
2026-06-19 07:24:26,91,W+0.5,7,True,False,False,,-1,30.9044,2000
2026-06-19 07:24:54,103,B+3.5,5,True,False,False,,-1,30.8799,2000
2026-06-19 07:25:34,138,B+2.5,18,True,False,False,,-1,31.0619,2000
2026-06-19 07:25:58,85,B+1.5,5,True,False,False,,-1,30.9193,2000
2026-06-19 07:26:38,137,W+0.5,20,True,False,False,,-1,31.0304,2000
2026-06-19 07:27:11,116,B+0.5,9,True,False,False,,-1,31.1247,2000
2026-06-19 07:27:39,101,W+0.5,11,True,False,False,,-1,31.0583,2000
2026-06-19 07:28:16,141,W+5.5,14,True,False,False,,-1,31.1228,2000
2026-06-19 07:28:41,91,B+2.5,4,True,False,False,,-1,31.0908,2000
2026-06-19 07:29:12,112,B+3.5,9,True,False,False,,-1,31.0501,2000
2026-06-19 07:29:45,121,W+0.5,19,True,False,False,,-1,30.9397,2000
2026-06-19 07:30:10,95,W+1.5,8,True,False,False,,-1,30.8731,2000
2026-06-19 07:30:41,112,B+0.5,9,True,False,False,,-1,30.8632,2000
2026-06-19 07:31:09,104,B+4.5,13,True,False,False,,-1,30.8048,2000
2026-06-19 07:31:31,81,B+1.5,3,True,False,False,,-1,30.7318,2000
2026-06-19 07:31:59,101,W+1.5,13,True,False,False,,-1,30.6316,2000
2026-06-19 07:32:22,85,B+7.5,4,True,False,False,,-1,30.5247,2000
2026-06-19 07:32:52,105,W+2.5,13,True,False,False,,-1,30.4809,2000
2026-06-19 07:33:27,110,B+0.5,11,True,False,False,,-1,30.55,2000
2026-06-19 07:33:59,115,B+6.5,13,True,False,False,,-1,30.6364,2000
2026-06-19 07:34:22,75,B+6.5,3,True,False,False,,-1,30.505,2000
2026-06-19 07:34:53,108,B+0.5,5,True,False,False,,-1,30.4296,2000
2026-06-19 07:35:20,103,W+3.5,10,True,False,False,,-1,30.4247,2000
2026-06-19 07:35:51,115,B+2.5,8,True,False,False,,-1,30.5225,2000
2026-06-19 07:36:21,113,W+3.5,9,True,False,False,,-1,30.4269,2000
2026-06-19 07:36:52,114,B+0.5,13,True,False,False,,-1,30.4703,2000
2026-06-19 07:37:24,109,W+1.5,7,True,False,False,,-1,30.4876,2000
2026-06-19 07:37:51,94,B+1.5,4,True,False,False,,-1,30.4284,2000
2026-06-19 07:38:08,63,B+2.5,2,True,False,False,,-1,30.3511,2000
2026-06-19 07:38:41,115,B+1.5,15,True,False,False,,-1,30.4008,2000
2026-06-19 07:39:14,116,B+0.5,11,True,False,False,,-1,30.4047,2000
2026-06-19 07:39:41,100,B+1.5,5,True,False,False,,-1,30.3825,2000
2026-06-19 07:40:11,110,B+10.5,11,True,False,False,,-1,30.3321,2000
2026-06-19 07:40:38,107,W+2.5,11,True,False,False,,-1,30.1797,2000
2026-06-19 07:41:05,97,W+4.5,9,True,False,False,,-1,30.1036,2000
2026-06-19 07:41:35,110,B+0.5,9,True,False,False,,-1,30.1065,2000
2026-06-19 07:42:03,103,B+4.5,6,True,False,False,,-1,30.0871,2000
2026-06-19 07:42:35,115,W+2.5,10,True,False,False,,-1,30.0873,2000
2026-06-19 07:43:02,104,B+5.5,10,True,False,False,,-1,30.1,2000
2026-06-19 07:43:39,129,W+2.5,20,True,False,False,,-1,30.1666,2000
2026-06-19 07:44:07,99,W+2.5,8,True,False,False,,-1,30.0751,2000
2026-06-19 07:44:33,87,B+3.5,5,True,False,False,,-1,29.9978,2000
2026-06-19 07:44:59,102,B+0.5,7,True,False,False,,-1,29.971,2000
2026-06-19 07:45:34,127,W+7.5,15,True,False,False,,-1,30.0476,2000
2026-06-19 07:46:03,110,B+0.5,5,True,False,False,,-1,30.0942,2000
2026-06-19 07:46:36,118,B+7.5,9,True,False,False,,-1,30.1357,2000
2026-06-19 07:47:05,110,B+5.5,12,True,False,False,,-1,30.1409,2000
2026-06-19 07:47:33,107,W+1.5,15,True,False,False,,-1,30.1538,2000
2026-06-19 07:48:07,120,B+1.5,9,True,False,False,,-1,30.2174,2000
2026-06-19 07:48:36,99,W+3.5,6,True,False,False,,-1,30.1906,2000
2026-06-19 07:49:00,96,W+2.5,15,True,False,False,,-1,30.122,2000
2026-06-19 07:49:28,96,B+1.5,4,True,False,False,,-1,30.0749,2000
2026-06-19 07:49:56,107,B+20.5,11,True,False,False,,-1,30.0824,2000
2026-06-19 07:50:26,110,B+0.5,13,True,False,False,,-1,30.0893,2000
2026-06-19 07:50:54,101,B+1.5,9,True,False,False,,-1,29.9793,2000
2026-06-19 07:51:21,99,W+5.5,5,True,False,False,,-1,29.9228,2000
2026-06-19 07:52:07,162,W+2.5,17,True,False,False,,-1,30.1032,2000
2026-06-19 07:52:41,115,W+2.5,10,True,False,False,,-1,30.0706,2000
2026-06-19 07:53:12,119,B+0.5,11,True,False,False,,-1,30.089,2000
2026-06-19 07:53:38,105,W+1.5,16,True,False,False,,-1,30.2439,2000
2026-06-19 07:54:09,115,W+3.5,13,True,False,False,,-1,30.2653,2000
2026-06-19 07:54:43,114,B+0.5,6,True,False,False,,-1,30.2992,2000
2026-06-19 07:55:13,104,B+1.5,7,True,False,False,,-1,30.3212,2000
2026-06-19 07:55:40,100,B+2.5,9,True,False,False,,-1,30.2403,2000
2026-06-19 07:55:56,62,W+6.5,2,True,False,False,,-1,30.099,2000
2026-06-19 07:56:22,91,B+4.5,5,True,False,False,,-1,29.9925,2000
2026-06-19 07:56:56,122,B+1.5,12,True,False,False,,-1,29.9705,2000
2026-06-19 07:57:35,154,B+3.5,16,True,False,False,,-1,30.1018,2000
2026-06-19 07:58:05,116,W+0.5,16,True,False,False,,-1,29.9784,2000
2026-06-19 07:58:19,44,W+5.5,2,True,False,False,,-1,29.737,2000
2026-06-19 07:58:47,102,B+1.5,7,True,False,False,,-1,29.6823,2000
2026-06-19 07:59:17,108,B+5.5,10,True,False,False,,-1,29.6436,2000
2026-06-19 07:59:53,129,B+2.5,18,True,False,False,,-1,29.7543,2000
2026-06-19 08:00:22,109,W+3.5,12,True,False,False,,-1,29.7855,2000
2026-06-19 08:00:57,113,B+0.5,6,True,False,False,,-1,29.7965,2000
2026-06-19 08:01:36,140,B+1.5,12,True,False,False,,-1,29.8683,2000
2026-06-19 08:01:59,79,B+8.5,2,True,False,False,,-1,29.7562,2000
2026-06-19 08:02:25,102,W+3.5,17,True,False,False,,-1,29.7417,2000
2026-06-19 08:02:51,97,W+5.5,14,True,False,False,,-1,29.7575,2000
2026-06-19 08:03:21,106,B+3.5,6,True,False,False,,-1,29.8209,2000
2026-06-19 08:03:55,121,W+0.5,13,True,False,False,,-1,29.8206,2000
2026-06-19 08:04:31,147,B+3.5,25,True,False,False,,-1,29.7773,2000
2026-06-19 08:05:06,120,B+0.5,13,True,False,False,,-1,29.8352,2000
2026-06-19 08:05:33,96,B+1.5,5,True,False,False,,-1,29.7378,2000
2026-06-19 08:06:06,126,B+5.5,11,True,False,False,,-1,29.7751,2000
2026-06-19 08:06:39,113,W+5.5,10,True,False,False,,-1,29.8678,2000
2026-06-19 08:07:15,133,B+7.5,18,True,False,False,,-1,29.9404,2000
2026-06-19 08:07:44,107,B+2.5,7,True,False,False,,-1,29.9863,2000
2026-06-19 08:08:14,115,W+4.5,19,True,False,False,,-1,30.0059,2000
2026-06-19 08:08:48,122,B+3.5,12,True,False,False,,-1,29.9996,2000
2026-06-19 08:09:27,123,W+3.5,12,True,False,False,,-1,30.0164,2000
2026-06-19 08:09:55,101,W+2.5,10,True,False,False,,-1,29.8971,2000
2026-06-19 08:10:28,118,W+2.5,14,True,False,False,,-1,29.9341,2000
2026-06-19 08:11:04,134,B+0.5,18,True,False,False,,-1,30.0552,2000
2026-06-19 08:11:40,116,B+1.5,11,True,False,False,,-1,30.1073,2000
2026-06-19 08:12:14,121,W+1.5,15,True,False,False,,-1,30.1535,2000
2026-06-19 08:12:46,111,W+5.5,13,True,False,False,,-1,30.1665,2000
2026-06-19 08:13:05,68,W+0.5,4,True,False,False,,-1,29.993,2000
2026-06-19 08:13:38,123,B+1.5,16,True,False,False,,-1,30.0142,2000
2026-06-19 08:14:08,111,W+1.5,13,True,False,False,,-1,30.0526,2000
2026-06-19 08:14:39,103,W+1.5,16,True,False,False,,-1,30.1356,2000
2026-06-19 08:15:20,139,B+3.5,7,True,False,False,,-1,30.2593,2000
2026-06-19 08:16:01,162,W+10.5,25,True,False,False,,-1,30.2701,2000
2026-06-19 08:16:34,108,B+8.5,13,True,False,False,,-1,30.3582,2000
2026-06-19 08:17:03,105,W+2.5,6,True,False,False,,-1,30.2516,2000
2026-06-19 08:17:32,101,W+0.5,7,True,False,False,,-1,30.2009,2000
2026-06-19 08:18:00,94,B+4.5,11,True,False,False,,-1,30.208,2000
2026-06-19 08:18:30,104,B+1.5,3,True,False,False,,-1,30.1438,2000
2026-06-19 08:19:03,119,B+3.5,12,True,False,False,,-1,30.2211,2000
2026-06-19 08:19:45,145,W+0.5,18,True,False,False,,-1,30.3273,2000
2026-06-19 08:20:10,85,B+6.5,3,True,False,False,,-1,30.2485,2000
2026-06-19 08:20:45,127,W+1.5,17,True,False,False,,-1,30.3543,2000
2026-06-19 08:21:13,96,B+1.5,6,True,False,False,,-1,30.3169,2000
2026-06-19 08:21:39,103,W+0.5,10,True,False,False,,-1,30.2962,2000
2026-06-19 08:22:02,91,B+5.5,4,True,False,False,,-1,30.3057,2000
2026-06-19 08:22:32,113,W+4.5,17,True,False,False,,-1,30.3208,2000
2026-06-19 08:23:11,151,W+0.5,32,True,False,False,,-1,30.4841,2000
2026-06-19 08:23:48,131,W+0.5,13,True,False,False,,-1,30.5493,2000
2026-06-19 08:24:15,102,B+4.5,5,True,False,False,,-1,30.4783,2000
2026-06-19 08:24:46,122,B+2.5,15,True,False,False,,-1,30.4704,2000
2026-06-19 08:25:02,56,W+2.5,3,True,False,False,,-1,30.4058,2000
2026-06-19 08:25:34,114,B+4.5,10,True,False,False,,-1,30.4082,2000
2026-06-19 08:25:59,97,W+1.5,7,True,False,False,,-1,30.3831,2000
2026-06-19 08:26:31,135,W+1.5,21,True,False,False,,-1,30.4004,2000
2026-06-19 08:27:18,162,W+3.5,34,True,False,False,,-1,30.5675,2000
2026-06-19 08:27:55,142,B+17.5,22,True,False,False,,-1,30.6355,2000
2026-06-19 08:28:18,75,B+2.5,2,True,False,False,,-1,30.5363,2000
2026-06-19 08:28:42,90,B+8.5,3,True,False,False,,-1,30.501,2000
2026-06-19 08:29:06,98,B+1.5,9,True,False,False,,-1,30.5701,2000
2026-06-19 08:29:49,162,W+0.5,20,True,False,False,,-1,30.6869,2000
2026-06-19 08:30:21,111,W+2.5,8,True,False,False,,-1,30.6718,2000
2026-06-19 08:30:40,69,B+3.5,2,True,False,False,,-1,30.5858,2000
2026-06-19 08:31:09,110,B+10.5,15,True,False,False,,-1,30.581,2000
2026-06-19 08:31:19,34,W+6.5,2,True,False,False,,-1,30.4063,2000
2026-06-19 08:31:31,40,W+6.5,3,True,False,False,,-1,30.2548,2000
2026-06-19 08:32:17,148,B+8.5,17,True,False,False,,-1,30.4227,2000
2026-06-19 08:32:49,115,W+23.5,8,True,False,False,,-1,30.4564,2000
2026-06-19 08:33:18,113,W+0.5,14,True,False,False,,-1,30.4241,2000
2026-06-19 08:34:00,137,W+2.5,16,True,False,False,,-1,30.5774,2000
2026-06-19 08:34:43,145,W+2.5,31,True,False,False,,-1,30.6325,2000
2026-06-26 09:18:47,162,W+25.5,0,True,False,False,,-1,42.7753,0
2026-06-26 09:19:21,162,W+71.5,0,True,False,False,,-1,38.312,0
2026-06-26 09:19:27,28,W+7.5,2,True,False,False,,-1,27.3995,0
2026-06-26 09:20:01,162,B+46.5,0,True,False,False,,-1,29.0389,0
2026-06-26 09:20:31,162,B+33.5,5,True,False,False,,-1,29.2309,0
2026-06-26 09:21:04,162,W+31.5,0,True,False,False,,-1,29.844,0
2026-06-26 09:21:33,145,B+25.5,2,True,False,False,,-1,29.7583,0
2026-06-26 09:21:41,36,W+6.5,3,True,False,False,,-1,27.0153,0
2026-06-26 09:22:12,162,W+34.5,0,True,False,False,,-1,27.4819,0
2026-06-26 09:22:27,76,W+8.5,3,True,False,False,,-1,26.2702,0
2026-06-26 09:23:04,160,W+47.5,3,True,False,False,,-1,27.2124,0
2026-06-26 09:23:35,157,B+60.5,2,True,False,False,,-1,27.4974,0
2026-06-26 09:23:48,60,W+7.5,2,True,False,False,,-1,26.3865,0
2026-06-26 09:24:21,162,B+49.5,0,True,False,False,,-1,26.8466,0
2026-06-26 09:24:55,162,B+32.5,1,True,False,False,,-1,27.3807,0
2026-06-26 09:25:30,162,W+1.5,0,True,False,False,,-1,27.8437,0
2026-06-26 09:25:53,123,B+0.5,8,True,False,False,,-1,27.5184,0
2026-06-26 09:26:26,162,B+50.5,1,True,False,False,,-1,27.8335,0
2026-06-26 09:26:58,162,W+55.5,0,True,False,False,,-1,28.0727,0
2026-06-26 09:27:32,162,B+2.5,0,True,False,False,,-1,28.3847,0
2026-06-26 09:28:07,162,W+57.5,0,True,False,False,,-1,28.6747,0
2026-06-26 09:28:44,162,B+40.5,0,True,False,False,,-1,29.0396,0
2026-06-26 09:29:09,138,W+45.5,2,True,False,False,,-1,28.8645,0
2026-06-26 09:29:41,162,W+22.5,0,True,False,False,,-1,29.0294,0
2026-06-26 09:30:06,121,B+24.5,2,True,False,False,,-1,28.8706,0
2026-06-26 09:30:35,158,W+68.5,2,True,False,False,,-1,28.8607,0
2026-06-26 09:31:07,146,W+53.5,2,True,False,False,,-1,28.9876,0
2026-06-26 09:31:40,162,B+36.5,1,True,False,False,,-1,29.1079,0
2026-06-26 09:31:45,26,W+6.5,3,True,False,False,,-1,28.2771,0
2026-06-26 09:32:01,78,W+13.5,2,True,False,False,,-1,27.8852,0
2026-06-26 09:32:26,121,B+16.5,2,True,False,False,,-1,27.7964,0
2026-06-26 09:32:59,162,W+66.5,1,True,False,False,,-1,27.946,0
2026-06-26 09:33:32,162,B+1.5,1,True,False,False,,-1,28.1062,0
2026-06-26 09:34:06,162,B+22.5,3,True,False,False,,-1,28.2732,0
2026-06-26 09:34:35,157,B+67.5,2,True,False,False,,-1,28.2866,0
2026-06-26 09:34:50,70,W+15.5,2,True,False,False,,-1,27.9171,0
2026-06-26 09:35:24,162,B+49.5,0,True,False,False,,-1,28.0863,0
2026-06-26 09:35:58,160,W+52.5,2,True,False,False,,-1,28.2446,0
2026-06-26 09:36:32,160,W+64.5,3,True,False,False,,-1,28.3922,0
2026-06-26 09:37:01,132,W+61.5,2,True,False,False,,-1,28.4003,0
2026-06-26 09:37:33,162,B+11.5,0,True,False,False,,-1,28.4871,0
2026-06-26 09:37:37,22,W+6.5,2,True,False,False,,-1,27.917,0
2026-06-26 09:37:56,84,W+17.5,2,True,False,False,,-1,27.708,0
2026-06-26 09:38:29,162,W+26.5,2,True,False,False,,-1,27.8169,0
2026-06-26 09:39:00,148,W+22.5,2,True,False,False,,-1,27.9001,0
2026-06-26 09:39:34,162,W+28.5,0,True,False,False,,-1,28.0197,0
2026-06-26 09:40:08,162,B+58.5,0,True,False,False,,-1,28.1533,0
2026-06-26 09:40:35,160,W+69.5,2,True,False,False,,-1,28.1381,0
2026-06-26 09:41:01,125,B+38.5,2,True,False,False,,-1,28.0853,0
2026-06-26 09:41:22,116,W+43.5,2,True,False,False,,-1,27.9356,0
2026-06-26 09:41:57,162,W+17.5,0,True,False,False,,-1,28.0803,0
2026-06-26 09:42:28,162,B+47.5,0,True,False,False,,-1,28.1428,0
2026-06-26 09:43:01,155,B+53.5,3,True,False,False,,-1,28.2318,0
2026-06-26 09:43:38,162,W+9.5,0,True,False,False,,-1,28.3877,0
2026-06-26 09:44:09,147,B+56.5,2,True,False,False,,-1,28.433,0
2026-06-26 09:44:41,162,W+52.5,0,True,False,False,,-1,28.5052,0
2026-06-26 09:45:15,162,W+70.5,2,True,False,False,,-1,28.5971,0
2026-06-26 09:45:45,146,B+32.5,6,True,False,False,,-1,28.6285,0
2026-06-26 09:46:18,162,W+29.5,0,True,False,False,,-1,28.7034,0
2026-06-26 09:46:49,162,B+12.5,1,True,False,False,,-1,28.736,0
2026-06-26 09:47:23,162,B+36.5,0,True,False,False,,-1,28.8199,0
2026-06-26 09:47:52,162,W+80.5,1,True,False,False,,-1,28.8214,0
2026-06-26 09:48:22,162,W+38.5,0,True,False,False,,-1,28.8474,0
2026-06-26 09:48:56,162,B+22.5,2,True,False,False,,-1,28.9254,0
2026-06-26 09:49:27,144,W+32.5,2,True,False,False,,-1,28.9542,0
2026-06-26 09:49:59,157,B+41.5,2,True,False,False,,-1,29.0059,0
2026-06-26 09:50:33,162,W+28.5,1,True,False,False,,-1,29.0764,0
2026-06-26 09:51:00,137,B+47.5,2,True,False,False,,-1,29.0483,0
2026-06-26 09:51:33,162,W+25.5,0,True,False,False,,-1,29.0987,0
2026-06-26 09:52:10,162,B+43.5,0,True,False,False,,-1,29.2105,0
2026-06-26 09:52:40,162,B+50.5,0,True,False,False,,-1,29.2286,0
2026-06-26 09:53:13,162,B+49.5,2,True,False,False,,-1,29.2837,0
2026-06-26 09:53:46,162,B+15.5,1,True,False,False,,-1,29.336,0
2026-06-26 09:54:16,162,W+18.5,1,True,False,False,,-1,29.3458,0
2026-06-26 09:54:54,162,W+32.5,0,True,False,False,,-1,29.4537,0
2026-06-26 09:55:28,162,B+25.5,1,True,False,False,,-1,29.5182,0
2026-06-26 09:55:52,107,B+2.5,2,True,False,False,,-1,29.4443,0
2026-06-26 09:56:16,128,B+25.5,4,True,False,False,,-1,29.3763,0
2026-06-26 09:56:49,162,B+45.5,0,True,False,False,,-1,29.4165,0
2026-06-26 09:57:22,162,B+47.5,1,True,False,False,,-1,29.4613,0
2026-06-26 09:57:56,162,B+30.5,0,True,False,False,,-1,29.5221,0
2026-06-26 09:58:30,162,B+41.5,1,True,False,False,,-1,29.5747,0
2026-06-26 09:59:03,162,W+53.5,1,True,False,False,,-1,29.6197,0
2026-06-26 09:59:17,74,W+19.5,2,True,False,False,,-1,29.4351,0
2026-06-26 09:59:49,153,B+53.5,3,True,False,False,,-1,29.4612,0
2026-06-26 09:59:56,30,W+7.5,2,True,False,False,,-1,29.1932,0
2026-06-26 10:00:19,129,B+17.5,2,True,False,False,,-1,29.1303,0
2026-06-26 10:00:56,162,W+54.5,0,True,False,False,,-1,29.221,0
2026-06-26 10:01:31,162,B+21.5,0,True,False,False,,-1,29.2863,0
2026-06-26 10:02:08,162,B+30.5,0,True,False,False,,-1,29.3722,0
2026-06-26 10:02:39,151,B+38.5,2,True,False,False,,-1,29.3803,0
2026-06-26 10:03:06,135,B+33.5,2,True,False,False,,-1,29.3541,0
2026-06-26 10:03:38,162,B+17.5,0,True,False,False,,-1,29.3883,0
2026-06-26 10:04:07,162,W+88.5,1,True,False,False,,-1,29.3828,0
2026-06-26 10:04:40,162,B+12.5,1,True,False,False,,-1,29.4235,0
2026-06-26 10:05:13,162,W+53.5,1,True,False,False,,-1,29.4625,0
2026-06-26 10:05:47,162,W+48.5,0,True,False,False,,-1,29.5016,0
2026-06-26 10:06:18,160,W+59.5,3,True,False,False,,-1,29.5239,0
2026-06-26 10:06:52,162,W+28.5,0,True,False,False,,-1,29.5706,0
2026-06-26 10:06:59,26,W+8.5,3,True,False,False,,-1,29.3382,0
2026-06-26 10:07:30,162,W+73.5,1,True,False,False,,-1,29.2272,0
2026-06-26 10:08:06,162,W+36.5,0,True,False,False,,-1,29.2431,0
2026-06-26 10:08:36,143,B+45.5,2,True,False,False,,-1,29.4869,0
2026-06-26 10:09:10,161,B+50.5,2,True,False,False,,-1,29.4842,0
2026-06-26 10:09:44,162,B+37.5,0,True,False,False,,-1,29.5283,0
2026-06-26 10:10:08,130,W+29.5,2,True,False,False,,-1,29.444,0
2026-06-26 10:10:32,121,B+29.5,2,True,False,False,,-1,29.3857,0
2026-06-26 10:11:02,162,B+50.5,1,True,False,False,,-1,29.6075,0
2026-06-26 10:11:35,160,W+73.5,2,True,False,False,,-1,29.6277,0
2026-06-26 10:12:08,162,W+21.5,0,True,False,False,,-1,29.8062,0
2026-06-26 10:12:41,162,B+54.5,1,True,False,False,,-1,29.7709,0
2026-06-26 10:13:05,131,B+31.5,2,True,False,False,,-1,29.7012,0
2026-06-26 10:13:22,74,W+8.5,2,True,False,False,,-1,29.7352,0
2026-06-26 10:13:52,162,B+14.5,0,True,False,False,,-1,29.7163,0
2026-06-26 10:14:18,140,W+52.5,2,True,False,False,,-1,29.6276,0
2026-06-26 10:14:44,131,B+32.5,2,True,False,False,,-1,29.5304,0
2026-06-26 10:15:09,143,B+45.5,2,True,False,False,,-1,29.5614,0
2026-06-26 10:15:39,162,B+63.5,2,True,False,False,,-1,29.5324,0
2026-06-26 10:16:12,162,B+61.5,4,True,False,False,,-1,29.5313,0
2026-06-26 10:16:32,90,B+7.5,2,True,False,False,,-1,29.388,0
2026-06-26 10:16:56,121,B+43.5,2,True,False,False,,-1,29.2909,0
2026-06-26 10:17:02,30,W+5.5,2,True,False,False,,-1,28.979,0
2026-06-26 10:17:36,162,W+46.5,0,True,False,False,,-1,29.0717,0
2026-06-26 10:18:08,162,B+59.5,3,True,False,False,,-1,29.0578,0
2026-06-26 10:18:13,26,W+7.5,2,True,False,False,,-1,28.863,0
2026-06-26 10:18:22,48,W+9.5,2,True,False,False,,-1,28.6662,0
2026-06-26 10:18:55,162,W+27.5,1,True,False,False,,-1,28.6718,0
2026-06-26 10:19:29,162,W+18.5,0,True,False,False,,-1,28.6911,0
2026-06-26 10:20:00,162,W+71.5,0,True,False,False,,-1,28.9504,0
2026-06-26 10:20:28,153,B+57.5,2,True,False,False,,-1,29.0661,0
2026-06-26 10:21:01,162,B+42.5,0,True,False,False,,-1,29.1419,0
2026-06-26 10:21:35,162,W+36.5,1,True,False,False,,-1,29.1588,0
2026-06-26 10:22:03,141,B+39.5,2,True,False,False,,-1,29.1078,0
2026-06-26 10:22:36,162,B+54.5,0,True,False,False,,-1,29.0927,0
2026-06-26 10:23:09,162,B+53.5,2,True,False,False,,-1,29.1409,0
2026-06-26 10:23:43,162,B+16.5,0,True,False,False,,-1,29.3247,0
2026-06-26 10:24:16,162,W+18.5,0,True,False,False,,-1,29.3156,0
2026-06-26 10:24:38,105,B+13.5,2,True,False,False,,-1,29.1928,0
2026-06-26 10:25:10,162,W+63.5,0,True,False,False,,-1,29.1813,0
2026-06-26 10:25:38,138,W+47.5,2,True,False,False,,-1,29.1651,0
2026-06-26 10:26:10,162,W+73.5,0,True,False,False,,-1,29.1712,0
2026-06-26 10:26:40,162,B+55.5,3,True,False,False,,-1,29.423,0
2026-06-26 10:27:09,159,B+62.5,2,True,False,False,,-1,29.5233,0
2026-06-26 10:27:12,20,W+7.5,2,True,False,False,,-1,29.2334,0
2026-06-26 10:27:48,162,W+23.5,0,True,False,False,,-1,29.2754,0
2026-06-26 10:28:09,101,B+9.5,2,True,False,False,,-1,29.152,0
2026-06-26 10:28:45,162,W+54.5,0,True,False,False,,-1,29.1634,0
2026-06-26 10:29:06,113,B+19.5,2,True,False,False,,-1,29.1067,0
2026-06-26 10:29:39,162,B+15.5,0,True,False,False,,-1,29.1765,0
2026-06-26 10:30:12,162,W+67.5,0,True,False,False,,-1,29.2981,0
2026-06-26 10:30:44,162,B+59.5,0,True,False,False,,-1,29.2693,0
2026-06-26 10:31:13,145,B+53.5,2,True,False,False,,-1,29.2471,0
2026-06-26 10:31:45,162,B+50.5,1,True,False,False,,-1,29.2401,0
2026-06-26 10:32:05,104,W+31.5,2,True,False,False,,-1,29.0734,0
2026-06-26 10:32:39,162,W+40.5,0,True,False,False,,-1,29.0993,0
2026-06-26 10:33:07,154,B+23.5,5,True,False,False,,-1,29.0535,0
2026-06-26 10:33:40,162,W+33.5,0,True,False,False,,-1,29.052,0
2026-06-26 10:34:00,101,B+6.5,2,True,False,False,,-1,28.946,0
2026-06-26 10:34:34,162,B+41.5,0,True,False,False,,-1,28.955,0
2026-06-26 10:35:07,162,W+64.5,1,True,False,False,,-1,28.9769,0
2026-06-26 10:35:12,26,W+9.5,2,True,False,False,,-1,28.6882,0
2026-06-26 10:35:46,162,W+29.5,0,True,False,False,,-1,28.7439,0
2026-06-26 10:36:21,162,W+58.5,1,True,False,False,,-1,28.784,0
2026-06-26 10:36:39,83,B+9.5,2,True,False,False,,-1,28.6218,0
2026-06-26 10:37:12,162,W+59.5,2,True,False,False,,-1,28.6505,0
2026-06-26 10:37:46,162,B+48.5,3,True,False,False,,-1,28.6609,0
2026-06-26 10:38:00,71,B+9.5,2,True,False,False,,-1,28.4686,0
2026-06-26 10:38:35,162,B+27.5,0,True,False,False,,-1,28.5437,0
2026-06-26 10:39:09,162,B+41.5,0,True,False,False,,-1,28.5634,0
2026-06-26 10:39:40,162,W+66.5,2,True,False,False,,-1,28.5052,0
2026-06-26 10:40:17,162,W+33.5,0,True,False,False,,-1,28.5637,0
2026-06-26 10:40:50,162,W+36.5,2,True,False,False,,-1,28.5599,0
2026-06-26 10:41:17,137,B+42.5,2,True,False,False,,-1,28.5047,0
2026-06-26 10:41:49,154,W+23.5,2,True,False,False,,-1,28.5271,0
2026-06-26 10:42:23,162,W+59.5,1,True,False,False,,-1,28.4853,0
2026-06-26 10:42:53,158,W+70.5,2,True,False,False,,-1,28.4485,0
2026-06-26 10:43:26,160,W+62.5,3,True,False,False,,-1,28.5396,0
2026-06-26 10:44:03,162,W+27.5,0,True,False,False,,-1,28.6624,0
2026-06-26 10:44:36,162,W+26.5,2,True,False,False,,-1,28.673,0
2026-06-26 10:45:05,141,B+44.5,2,True,False,False,,-1,28.6286,0
2026-06-26 10:45:39,162,B+19.5,0,True,False,False,,-1,28.63,0
2026-06-26 10:46:11,155,B+52.5,2,True,False,False,,-1,28.6022,0
2026-06-26 10:46:14,20,W+6.5,2,True,False,False,,-1,28.3084,0
2026-06-26 10:46:44,152,W+72.5,2,True,False,False,,-1,28.4673,0
2026-06-26 10:46:49,24,W+6.5,2,True,False,False,,-1,28.197,0
2026-06-26 10:47:18,134,W+32.5,2,True,False,False,,-1,28.4186,0
2026-06-26 10:47:51,162,B+39.5,0,True,False,False,,-1,28.5128,0
2026-06-26 10:48:24,162,W+25.5,2,True,False,False,,-1,28.4688,0
2026-06-26 10:48:57,162,B+14.5,0,True,False,False,,-1,28.45,0
2026-06-26 10:49:08,54,W+5.5,2,True,False,False,,-1,28.1934,0
2026-06-26 10:49:38,162,B+44.5,0,True,False,False,,-1,28.1931,0
2026-06-26 10:50:14,155,B+62.5,2,True,False,False,,-1,28.2789,0
2026-06-26 10:50:42,141,B+24.5,4,True,False,False,,-1,28.2377,0
2026-06-26 10:50:51,44,W+7.5,2,True,False,False,,-1,28.0374,0
2026-06-26 10:51:20,130,W+30.5,2,True,False,False,,-1,27.994,0
2026-06-26 10:51:53,162,B+63.5,3,True,False,False,,-1,27.9888,0
2026-06-26 10:52:25,162,W+64.5,0,True,False,False,,-1,27.9823,0
2026-06-26 10:52:59,162,B+64.5,0,True,False,False,,-1,28.0032,0
2026-06-26 10:53:32,162,B+13.5,0,True,False,False,,-1,27.9894,0
2026-06-26 10:54:03,162,B+25.5,2,True,False,False,,-1,28.2431,0
2026-06-26 10:54:40,162,W+29.5,0,True,False,False,,-1,28.2926,0
2026-06-26 10:55:06,130,W+27.5,2,True,False,False,,-1,28.195,0
2026-06-26 10:55:41,162,W+27.5,2,True,False,False,,-1,28.2484,0
2026-06-26 10:56:12,162,B+3.5,1,True,False,False,,-1,28.218,0
2026-06-26 10:56:31,97,B+25.5,2,True,False,False,,-1,28.0661,0
2026-06-26 10:57:04,162,W+36.5,0,True,False,False,,-1,28.1577,0
2026-06-26 10:57:34,156,W+21.5,3,True,False,False,,-1,28.216,0
2026-06-26 10:58:08,162,B+51.5,0,True,False,False,,-1,28.2577,0
2026-06-26 10:58:18,50,W+5.5,2,True,False,False,,-1,28.0213,0
2026-06-26 10:58:41,123,B+36.5,2,True,False,False,,-1,27.9246,0
2026-06-26 10:59:06,112,W+25.5,2,True,False,False,,-1,27.8458,0
2026-06-26 10:59:43,162,W+25.5,0,True,False,False,,-1,27.981,0
2026-06-26 11:00:17,162,B+60.5,0,True,False,False,,-1,28.1517,0
2026-06-26 11:00:52,162,W+34.5,0,True,False,False,,-1,28.1875,0
2026-06-26 11:01:23,162,W+30.5,3,True,False,False,,-1,28.2386,0
2026-06-26 11:01:55,162,B+55.5,0,True,False,False,,-1,28.3165,0
2026-06-26 11:01:59,20,W+7.5,2,True,False,False,,-1,28.0973,0
2026-06-26 11:02:34,162,B+43.5,0,True,False,False,,-1,28.1491,0
2026-06-26 11:02:56,110,B+14.5,3,True,False,False,,-1,28.0406,0
2026-06-26 11:03:31,162,W+36.5,2,True,False,False,,-1,28.1882,0
2026-06-26 11:04:05,162,B+41.5,0,True,False,False,,-1,28.2805,0
2026-06-26 11:04:40,162,W+25.5,0,True,False,False,,-1,28.5801,0
2026-06-26 11:05:01,107,W+21.5,3,True,False,False,,-1,28.4429,0
2026-06-26 11:05:35,162,W+43.5,0,True,False,False,,-1,28.472,0
2026-06-26 11:06:02,141,B+40.5,2,True,False,False,,-1,28.6892,0
2026-06-26 11:06:34,147,B+54.5,2,True,False,False,,-1,28.9135,0
2026-06-26 11:07:09,162,W+35.5,0,True,False,False,,-1,28.9361,0
2026-06-26 11:07:39,162,W+88.5,0,True,False,False,,-1,28.8958,0
2026-06-26 11:08:15,162,B+26.5,1,True,False,False,,-1,28.9497,0
2026-06-26 11:08:46,162,W+66.5,0,True,False,False,,-1,28.9754,0
2026-06-26 11:09:19,153,B+40.5,2,True,False,False,,-1,28.9811,0
2026-06-26 11:09:52,162,B+54.5,1,True,False,False,,-1,28.9629,0
2026-06-26 11:10:24,162,W+71.5,0,True,False,False,,-1,29.0057,0
2026-06-26 11:10:50,124,B+24.5,2,True,False,False,,-1,28.9417,0
2026-06-26 11:11:16,135,B+40.5,2,True,False,False,,-1,28.8635,0
2026-06-26 11:11:20,26,W+7.5,2,True,False,False,,-1,28.5757,0
2026-06-26 11:11:46,131,B+30.5,4,True,False,False,,-1,28.497,0
2026-06-26 11:12:19,162,W+67.5,0,True,False,False,,-1,28.6092,0
2026-06-26 11:12:52,162,B+15.5,0,True,False,False,,-1,28.616,0
2026-06-26 11:13:25,162,B+58.5,1,True,False,False,,-1,28.6705,0
2026-06-26 11:13:47,113,B+7.5,2,True,False,False,,-1,28.5614,0
2026-06-26 11:14:22,162,W+43.5,0,True,False,False,,-1,28.6161,0
2026-06-26 11:14:56,162,B+47.5,0,True,False,False,,-1,28.6706,0
2026-06-26 11:15:25,148,W+42.5,2,True,False,False,,-1,28.9228,0
2026-06-26 11:15:57,162,B+55.5,3,True,False,False,,-1,28.8853,0
2026-06-26 11:16:30,162,B+12.5,0,True,False,False,,-1,29.0068,0
2026-06-26 11:17:00,143,B+46.5,2,True,False,False,,-1,28.9482,0
2026-06-26 11:17:32,162,W+48.5,0,True,False,False,,-1,29.0525,0
2026-06-26 11:17:36,20,W+7.5,2,True,False,False,,-1,28.7668,0
2026-06-26 11:18:05,161,B+67.5,2,True,False,False,,-1,28.7314,0
2026-06-26 11:18:38,162,B+51.5,1,True,False,False,,-1,28.7336,0
2026-06-26 11:19:11,161,B+54.5,2,True,False,False,,-1,28.7784,0
2026-06-26 11:19:45,162,W+16.5,1,True,False,False,,-1,28.7926,0
2026-06-26 11:20:18,162,B+30.5,0,True,False,False,,-1,28.9237,0
2026-06-26 11:20:42,116,W+36.5,2,True,False,False,,-1,28.8239,0
2026-06-26 11:21:05,130,W+2.5,3,True,False,False,,-1,28.7796,0
2026-06-26 11:21:35,143,B+34.5,2,True,False,False,,-1,28.748,0
2026-06-26 11:21:57,115,B+17.5,2,True,False,False,,-1,28.7687,0
2026-06-26 11:22:29,162,W+75.5,2,True,False,False,,-1,28.7489,0
2026-06-26 11:23:03,162,B+46.5,0,True,False,False,,-1,28.7615,0
2026-06-26 11:23:38,162,B+27.5,1,True,False,False,,-1,29.054,0
2026-06-26 11:24:10,162,W+83.5,2,True,False,False,,-1,29.0338,0
2026-06-26 11:24:43,162,B+30.5,3,True,False,False,,-1,29.0226,0
2026-06-26 11:24:48,26,W+8.5,2,True,False,False,,-1,28.8924,0
2026-06-26 11:25:24,162,W+54.5,0,True,False,False,,-1,28.9173,0
2026-06-26 11:25:57,162,B+67.5,2,True,False,False,,-1,28.9147,0
2026-06-26 11:26:33,162,W+36.5,0,True,False,False,,-1,29.1234,0
2026-06-26 11:27:07,162,W+39.5,0,True,False,False,,-1,29.1163,0
2026-06-26 11:27:39,162,B+30.5,0,True,False,False,,-1,29.0974,0
2026-06-26 11:28:13,162,B+27.5,0,True,False,False,,-1,29.1186,0
2026-06-26 11:28:46,162,B+46.5,1,True,False,False,,-1,29.0892,0
2026-06-26 11:29:00,65,B+3.5,2,True,False,False,,-1,28.9007,0
2026-06-26 11:29:34,162,W+31.5,1,True,False,False,,-1,28.9623,0
2026-06-26 11:30:05,162,B+11.5,0,True,False,False,,-1,28.9556,0
2026-06-26 11:30:36,150,W+61.5,3,True,False,False,,-1,28.9264,0
2026-06-26 11:31:00,131,B+35.5,2,True,False,False,,-1,28.8677,0
2026-06-26 11:31:35,162,W+35.5,1,True,False,False,,-1,28.8834,0
2026-06-26 11:32:08,162,W+42.5,1,True,False,False,,-1,28.8544,0
2026-06-26 11:32:40,162,B+13.5,1,True,False,False,,-1,28.8343,0
2026-06-26 11:33:15,162,B+9.5,0,True,False,False,,-1,28.9015,0
2026-06-26 11:33:45,143,B+56.5,2,True,False,False,,-1,28.8482,0
2026-06-26 11:34:15,162,W+19.5,0,True,False,False,,-1,28.8417,0
2026-06-26 11:34:52,162,B+13.5,0,True,False,False,,-1,29.1763,0
2026-06-26 11:35:26,162,B+53.5,0,True,False,False,,-1,29.2162,0
2026-06-26 11:35:39,66,W+5.5,2,True,False,False,,-1,29.2989,0
2026-06-26 11:36:08,140,B+44.5,2,True,False,False,,-1,29.3001,0
2026-06-26 11:36:45,162,W+5.5,0,True,False,False,,-1,29.3371,0
2026-06-26 11:37:19,162,B+11.5,0,True,False,False,,-1,29.3515,0
2026-06-26 11:37:53,162,B+12.5,0,True,False,False,,-1,29.3571,0
2026-06-26 11:38:27,162,W+40.5,2,True,False,False,,-1,29.5823,0
2026-06-26 11:38:43,83,B+4.5,2,True,False,False,,-1,29.4507,0
2026-06-26 11:39:14,162,B+29.5,4,True,False,False,,-1,29.405,0
2026-06-26 11:39:52,162,B+14.5,0,True,False,False,,-1,29.494,0
2026-06-26 11:40:11,98,W+14.5,3,True,False,False,,-1,29.601,0
2026-06-26 11:40:44,162,B+56.5,1,True,False,False,,-1,29.6348,0
2026-06-26 11:41:14,162,B+42.5,0,True,False,False,,-1,29.6161,0
2026-06-26 11:41:46,162,B+20.5,3,True,False,False,,-1,29.6088,0
2026-06-26 11:42:18,162,B+43.5,0,True,False,False,,-1,29.5927,0
2026-06-26 11:42:52,162,B+15.5,0,True,False,False,,-1,29.6024,0
2026-06-26 11:43:17,114,W+45.5,2,True,False,False,,-1,29.5311,0
2026-06-26 11:43:47,161,B+64.5,3,True,False,False,,-1,29.4636,0
2026-06-26 11:44:21,162,W+61.5,1,True,False,False,,-1,29.5507,0
2026-06-26 11:44:55,162,B+0.5,0,True,False,False,,-1,29.5351,0
2026-06-26 11:45:26,160,W+42.5,3,True,False,False,,-1,29.5455,0
2026-06-26 11:45:30,22,W+7.5,2,True,False,False,,-1,29.3923,0
2026-06-26 11:45:35,24,W+7.5,2,True,False,False,,-1,29.1022,0
2026-06-26 11:46:08,160,W+57.5,2,True,False,False,,-1,29.1383,0
2026-06-26 11:46:43,162,B+27.5,0,True,False,False,,-1,29.1447,0
2026-06-26 11:47:13,151,B+52.5,2,True,False,False,,-1,29.35,0
2026-06-26 11:47:44,162,B+52.5,0,True,False,False,,-1,29.4277,0
2026-06-26 11:48:16,155,B+54.5,3,True,False,False,,-1,29.4964,0
2026-06-26 11:48:49,162,W+67.5,2,True,False,False,,-1,29.4502,0
2026-06-26 11:49:19,155,B+34.5,10,True,False,False,,-1,29.415,0
2026-06-26 11:49:50,162,B+45.5,0,True,False,False,,-1,29.3779,0
2026-06-26 11:50:23,162,W+53.5,0,True,False,False,,-1,29.4049,0
2026-06-26 11:50:49,141,B+52.5,2,True,False,False,,-1,29.3325,0
2026-06-26 11:50:53,20,W+7.5,2,True,False,False,,-1,29.3424,0
2026-06-26 11:51:31,162,B+39.5,0,True,False,False,,-1,29.3604,0
2026-06-26 11:51:56,130,W+40.5,4,True,False,False,,-1,29.4025,0
2026-06-26 11:52:33,162,B+45.5,0,True,False,False,,-1,29.4182,0
2026-06-26 11:53:07,162,B+33.5,0,True,False,False,,-1,29.4199,0
2026-06-26 11:53:40,162,W+21.5,0,True,False,False,,-1,29.3938,0
2026-06-26 11:54:12,162,W+38.5,6,True,False,False,,-1,29.5134,0
2026-06-26 11:54:44,162,B+55.5,0,True,False,False,,-1,29.4866,0
2026-06-26 11:55:15,162,W+67.5,0,True,False,False,,-1,29.5247,0
2026-06-26 11:55:31,78,W+9.5,2,True,False,False,,-1,29.3693,0
2026-06-26 11:56:07,162,W+31.5,0,True,False,False,,-1,29.3812,0
2026-06-26 11:56:40,162,B+20.5,2,True,False,False,,-1,29.4041,0
2026-06-26 11:57:13,161,B+53.5,2,True,False,False,,-1,29.3783,0
2026-06-26 11:57:39,120,W+23.5,2,True,False,False,,-1,29.3222,0
2026-06-26 11:58:12,162,W+56.5,0,True,False,False,,-1,29.3255,0
2026-06-26 11:58:31,89,B+6.5,2,True,False,False,,-1,29.1939,0
2026-06-26 11:58:35,22,W+7.5,2,True,False,False,,-1,28.9102,0
2026-06-26 11:59:02,133,B+39.5,2,True,False,False,,-1,28.9149,0
2026-06-26 11:59:34,162,B+47.5,0,True,False,False,,-1,28.9802,0
2026-06-26 12:00:09,162,B+40.5,0,True,False,False,,-1,29.2792,0
2026-06-26 12:00:42,162,W+62.5,1,True,False,False,,-1,29.3562,0
2026-06-26 12:01:16,155,B+7.5,3,True,False,False,,-1,29.364,0
2026-06-26 12:01:41,135,B+32.5,2,True,False,False,,-1,29.2854,0
2026-06-26 12:02:12,162,B+59.5,0,True,False,False,,-1,29.2699,0
2026-06-26 12:02:34,114,B+19.5,3,True,False,False,,-1,29.2677,0
2026-06-26 12:02:55,107,B+13.5,3,True,False,False,,-1,29.1273,0
2026-06-26 12:03:00,28,W+7.5,2,True,False,False,,-1,28.8401,0
2026-06-26 12:03:20,103,W+13.5,2,True,False,False,,-1,28.7464,0
2026-06-26 12:03:51,162,B+60.5,2,True,False,False,,-1,28.741,0
2026-06-26 12:04:25,151,B+20.5,2,True,False,False,,-1,28.7457,0
2026-06-26 12:04:57,162,B+25.5,0,True,False,False,,-1,28.7683,0
2026-06-26 12:05:31,162,W+36.5,0,True,False,False,,-1,28.786,0
2026-06-26 12:05:56,143,B+34.5,2,True,False,False,,-1,28.9983,0
2026-06-26 12:06:31,162,W+0.5,0,True,False,False,,-1,29.0597,0
2026-06-26 12:07:08,162,W+27.5,0,True,False,False,,-1,29.0984,0
2026-06-26 12:07:39,149,B+33.5,2,True,False,False,,-1,29.0779,0
2026-06-26 12:08:17,162,W+3.5,0,True,False,False,,-1,29.1201,0
2026-06-26 12:08:53,162,W+62.5,1,True,False,False,,-1,29.1454,0
2026-06-26 12:09:28,162,W+23.5,0,True,False,False,,-1,29.2641,0
2026-06-26 12:09:58,153,B+52.5,3,True,False,False,,-1,29.3267,0
2026-06-26 12:10:04,28,W+7.5,2,True,False,False,,-1,29.0786,0
2026-06-26 12:10:30,135,B+25.5,6,True,False,False,,-1,29.1265,0
2026-06-26 12:10:56,135,B+32.5,2,True,False,False,,-1,29.0597,0
2026-06-26 12:11:07,56,W+23.5,2,True,False,False,,-1,28.8365,0
2026-06-26 12:11:14,30,W+5.5,2,True,False,False,,-1,28.5562,0
2026-06-26 12:11:43,158,W+62.5,4,True,False,False,,-1,28.5228,0
2026-06-26 12:12:14,161,B+59.5,2,True,False,False,,-1,28.5016,0
2026-06-26 12:12:45,162,W+28.5,0,True,False,False,,-1,28.7709,0
2026-06-26 12:13:20,162,B+48.5,0,True,False,False,,-1,28.7563,0
2026-06-26 12:13:53,162,B+10.5,0,True,False,False,,-1,28.7536,0
2026-06-26 12:14:29,162,B+46.5,0,True,False,False,,-1,28.7601,0
2026-06-26 12:15:05,162,B+39.5,0,True,False,False,,-1,28.7826,0
2026-06-26 12:15:31,141,B+52.5,2,True,False,False,,-1,28.7167,0
2026-06-26 12:15:53,98,B+10.5,3,True,False,False,,-1,28.5993,0
2026-06-26 12:16:12,104,W+4.5,2,True,False,False,,-1,28.4606,0
2026-06-26 12:16:43,147,B+56.5,4,True,False,False,,-1,28.626,0
2026-06-26 12:17:03,106,W+11.5,3,True,False,False,,-1,28.4869,0
2026-06-26 12:17:36,162,B+56.5,0,True,False,False,,-1,28.502,0
2026-06-26 12:18:04,151,B+54.5,2,True,False,False,,-1,28.4796,0
2026-06-26 12:18:38,162,W+39.5,0,True,False,False,,-1,28.5724,0
2026-06-26 12:19:12,162,W+18.5,2,True,False,False,,-1,28.5664,0
2026-06-26 12:19:42,162,W+63.5,0,True,False,False,,-1,28.5316,0
2026-06-26 12:20:08,132,B+51.5,2,True,False,False,,-1,28.4759,0
2026-06-26 12:20:22,68,W+6.5,2,True,False,False,,-1,28.2643,0
2026-06-26 12:20:46,123,B+33.5,3,True,False,False,,-1,28.2132,0
2026-06-26 12:21:11,128,W+38.5,2,True,False,False,,-1,28.1589,0
2026-06-26 12:21:38,147,B+46.5,2,True,False,False,,-1,28.0571,0
2026-06-26 12:22:09,162,B+42.5,0,True,False,False,,-1,28.0282,0
2026-06-26 12:22:42,162,W+29.5,2,True,False,False,,-1,28.2249,0
2026-06-26 12:23:05,106,W+29.5,2,True,False,False,,-1,28.1705,0
2026-06-26 12:23:39,162,W+13.5,0,True,False,False,,-1,28.1424,0
2026-06-26 12:23:47,36,W+7.5,2,True,False,False,,-1,27.8734,0
2026-06-26 12:24:24,162,W+37.5,0,True,False,False,,-1,27.91,0
2026-06-26 12:25:00,162,W+27.5,0,True,False,False,,-1,27.9314,0
2026-06-26 12:25:30,141,B+64.5,2,True,False,False,,-1,28.0651,0
2026-06-26 12:26:00,150,W+53.5,2,True,False,False,,-1,28.0528,0
2026-06-26 12:26:18,82,W+32.5,2,True,False,False,,-1,27.8626,0
2026-06-26 12:26:27,42,W+8.5,2,True,False,False,,-1,27.7516,0
2026-06-26 12:26:58,162,W+77.5,1,True,False,False,,-1,27.7378,0
2026-06-26 12:27:24,139,B+45.5,2,True,False,False,,-1,27.6917,0
2026-06-26 12:27:58,162,W+42.5,1,True,False,False,,-1,27.7155,0
2026-06-26 12:28:21,125,B+38.5,3,True,False,False,,-1,27.6271,0
2026-06-26 12:28:52,162,W+68.5,0,True,False,False,,-1,27.5996,0
2026-06-26 12:29:27,162,B+13.5,3,True,False,False,,-1,27.696,0
2026-06-26 12:29:35,38,W+7.5,2,True,False,False,,-1,27.478,0
2026-06-26 12:30:08,162,W+24.5,1,True,False,False,,-1,27.4689,0
2026-06-26 12:30:37,135,B+33.5,2,True,False,False,,-1,27.4195,0
2026-06-26 12:31:01,131,B+34.5,2,True,False,False,,-1,27.3407,0
2026-06-26 12:31:26,139,B+52.5,2,True,False,False,,-1,27.5586,0
2026-06-26 12:32:01,159,B+55.5,4,True,False,False,,-1,27.86,0
2026-06-26 12:32:38,162,W+5.5,1,True,False,False,,-1,27.8954,0
2026-06-26 12:33:10,162,B+46.5,0,True,False,False,,-1,27.8728,0
2026-06-26 12:33:34,111,B+20.5,2,True,False,False,,-1,27.8111,0
2026-06-26 12:33:57,120,W+27.5,2,True,False,False,,-1,27.7252,0
2026-06-26 12:34:17,92,B+0.5,4,True,False,False,,-1,27.6017,0
2026-06-26 12:34:41,124,W+34.5,2,True,False,False,,-1,27.5227,0
2026-06-26 12:35:16,162,W+42.5,0,True,False,False,,-1,27.5693,0
2026-06-26 12:35:52,162,W+33.5,1,True,False,False,,-1,27.6191,0
2026-06-26 12:36:17,123,B+30.5,3,True,False,False,,-1,27.5362,0
2026-06-26 12:36:54,162,B+26.5,0,True,False,False,,-1,27.6475,0
2026-06-26 12:37:23,147,B+58.5,3,True,False,False,,-1,27.8901,0
2026-06-26 12:37:51,132,W+48.5,2,True,False,False,,-1,27.8008,0
2026-06-26 12:38:18,138,B+42.5,4,True,False,False,,-1,27.8144,0
2026-06-26 12:38:52,162,B+65.5,2,True,False,False,,-1,27.7902,0
2026-06-26 12:39:23,157,B+44.5,3,True,False,False,,-1,27.7592,0
2026-06-26 12:39:53,144,B+34.5,3,True,False,False,,-1,27.7273,0
2026-06-26 12:40:22,162,B+38.5,2,True,False,False,,-1,27.6919,0
2026-06-26 12:40:52,138,W+69.5,2,True,False,False,,-1,27.6731,0
2026-06-26 12:41:06,67,B+4.5,2,True,False,False,,-1,27.5085,0
2026-06-26 12:41:40,162,W+25.5,0,True,False,False,,-1,27.6857,0
2026-06-26 12:42:00,109,B+16.5,3,True,False,False,,-1,27.5258,0
2026-06-26 12:42:30,162,B+6.5,0,True,False,False,,-1,27.5008,0
2026-06-26 12:43:03,162,B+56.5,0,True,False,False,,-1,27.4879,0
2026-06-26 12:43:34,162,W+68.5,0,True,False,False,,-1,27.5491,0
2026-06-26 12:44:05,155,B+55.5,2,True,False,False,,-1,27.5246,0
2026-06-26 12:44:38,162,B+42.5,6,True,False,False,,-1,27.6644,0
2026-06-26 12:45:13,162,B+24.5,1,True,False,False,,-1,27.9678,0
2026-06-26 12:45:42,148,W+70.5,2,True,False,False,,-1,28.0021,0
2026-06-26 12:45:47,20,W+7.5,2,True,False,False,,-1,27.73,0
2026-06-26 12:46:24,162,W+28.5,0,True,False,False,,-1,27.7493,0
2026-06-26 12:46:58,162,W+35.5,0,True,False,False,,-1,27.7631,0
2026-06-26 12:47:32,162,B+19.5,1,True,False,False,,-1,27.7587,0
2026-06-26 12:48:06,162,B+37.5,0,True,False,False,,-1,27.8405,0
2026-06-26 12:48:37,158,W+83.5,2,True,False,False,,-1,27.8418,0
2026-06-26 12:49:00,130,W+36.5,2,True,False,False,,-1,27.8636,0
2026-06-26 12:49:33,162,B+18.5,2,True,False,False,,-1,27.981,0
2026-06-26 12:50:01,147,B+31.5,2,True,False,False,,-1,28.2071,0
2026-06-26 12:50:37,162,W+40.5,0,True,False,False,,-1,28.3652,0
2026-06-26 12:51:06,151,B+43.5,3,True,False,False,,-1,28.3469,0
2026-06-26 12:51:33,135,B+42.5,2,True,False,False,,-1,28.2749,0
2026-06-26 12:52:08,162,W+46.5,0,True,False,False,,-1,28.3105,0
2026-06-26 12:52:43,162,B+44.5,0,True,False,False,,-1,28.3233,0
2026-06-26 12:53:15,148,W+63.5,2,True,False,False,,-1,28.3853,0
2026-06-26 12:53:50,162,W+55.5,0,True,False,False,,-1,28.381,0
2026-06-26 12:54:18,145,B+48.5,3,True,False,False,,-1,28.2942,0
2026-06-26 12:54:51,162,W+36.5,0,True,False,False,,-1,28.312,0
2026-06-26 12:55:23,162,B+53.5,1,True,False,False,,-1,28.2504,0
2026-06-26 12:55:54,154,W+50.5,2,True,False,False,,-1,28.2102,0
2026-06-26 12:56:26,162,B+59.5,0,True,False,False,,-1,28.1764,0
2026-06-26 12:56:57,160,W+69.5,2,True,False,False,,-1,28.1829,0
2026-06-26 12:57:27,149,B+59.5,2,True,False,False,,-1,28.4312,0
2026-06-26 12:57:57,162,W+25.5,0,True,False,False,,-1,28.4642,0
2026-06-26 12:58:29,162,B+67.5,1,True,False,False,,-1,28.5318,0
2026-06-26 12:59:01,162,B+43.5,4,True,False,False,,-1,28.7357,0
2026-06-26 12:59:20,103,B+0.5,2,True,False,False,,-1,28.8633,0
2026-06-26 12:59:55,162,B+33.5,0,True,False,False,,-1,28.9222,0
2026-06-26 13:00:24,137,B+37.5,2,True,False,False,,-1,28.8938,0
2026-06-26 13:00:43,111,B+14.5,4,True,False,False,,-1,28.7729,0
2026-06-26 13:00:49,30,W+11.5,2,True,False,False,,-1,28.4891,0
2026-06-26 13:01:21,162,B+24.5,6,True,False,False,,-1,28.4794,0
2026-06-26 13:01:53,153,B+62.5,3,True,False,False,,-1,28.4326,0
2026-06-26 13:02:23,153,B+59.5,2,True,False,False,,-1,28.3792,0
2026-06-26 13:02:54,162,B+57.5,0,True,False,False,,-1,28.4238,0
2026-06-26 13:03:25,155,B+49.5,2,True,False,False,,-1,28.5202,0
2026-06-26 13:03:33,40,W+8.5,2,True,False,False,,-1,28.4045,0
2026-06-26 13:04:05,162,W+30.5,0,True,False,False,,-1,28.4234,0
2026-06-26 13:04:43,162,B+29.5,0,True,False,False,,-1,28.6013,0
2026-06-26 13:05:17,162,W+61.5,0,True,False,False,,-1,28.6047,0
2026-06-26 13:05:50,162,W+28.5,3,True,False,False,,-1,28.6618,0
2026-06-26 13:06:26,162,W+24.5,0,True,False,False,,-1,28.6814,0
2026-06-26 13:07:01,162,B+15.5,0,True,False,False,,-1,28.6899,0
2026-06-26 13:07:30,139,B+54.5,2,True,False,False,,-1,28.679,0
2026-06-26 13:08:05,162,B+19.5,2,True,False,False,,-1,28.7713,0
2026-06-26 13:08:39,162,W+56.5,1,True,False,False,,-1,28.9668,0
2026-06-26 13:09:12,162,W+66.5,1,True,False,False,,-1,29.0598,0
2026-06-26 13:09:44,157,B+37.5,2,True,False,False,,-1,29.1245,0
2026-06-26 13:10:12,130,W+35.5,3,True,False,False,,-1,29.1368,0
2026-06-26 13:10:49,162,W+24.5,0,True,False,False,,-1,29.192,0
2026-06-26 13:11:15,125,B+27.5,4,True,False,False,,-1,29.1221,0
2026-06-26 13:11:49,162,W+37.5,2,True,False,False,,-1,29.2303,0
2026-06-26 13:12:19,151,B+50.5,3,True,False,False,,-1,29.1939,0
2026-06-26 13:12:47,119,B+36.5,2,True,False,False,,-1,29.3978,0
2026-06-26 13:13:21,162,B+15.5,1,True,False,False,,-1,29.3657,0
2026-06-26 13:13:43,114,W+0.5,6,True,False,False,,-1,29.229,0
2026-06-26 13:14:14,162,W+70.5,0,True,False,False,,-1,29.2323,0
2026-06-26 13:14:46,154,W+58.5,2,True,False,False,,-1,29.2576,0
2026-06-26 13:15:12,123,B+10.5,2,True,False,False,,-1,29.3373,0
2026-06-26 13:15:19,36,W+6.5,2,True,False,False,,-1,29.3194,0
2026-06-26 13:15:48,162,B+56.5,1,True,False,False,,-1,29.3027,0
2026-06-26 13:16:18,157,B+61.5,2,True,False,False,,-1,29.3362,0
2026-06-26 13:16:48,162,W+57.5,1,True,False,False,,-1,29.2938,0
2026-06-26 13:17:22,155,W+59.5,2,True,False,False,,-1,29.4023,0
2026-06-26 13:17:57,162,W+32.5,0,True,False,False,,-1,29.4469,0
2026-06-26 13:18:28,162,W+8.5,1,True,False,False,,-1,29.4135,0
2026-06-26 13:19:04,162,B+14.5,0,True,False,False,,-1,29.6858,0
2026-06-26 13:19:25,114,W+33.5,3,True,False,False,,-1,29.5636,0
2026-06-26 13:19:59,162,W+57.5,0,True,False,False,,-1,29.613,0
2026-06-26 13:20:33,160,W+24.5,2,True,False,False,,-1,29.7161,0
2026-06-26 13:21:05,162,W+52.5,3,True,False,False,,-1,29.784,0
2026-06-26 13:21:42,162,W+28.5,0,True,False,False,,-1,29.8047,0
2026-06-26 13:21:52,46,W+7.5,2,True,False,False,,-1,29.5425,0
2026-06-26 13:22:26,162,B+14.5,0,True,False,False,,-1,29.5524,0
2026-06-26 13:22:59,162,W+43.5,0,True,False,False,,-1,29.6496,0
2026-06-26 13:23:27,142,W+54.5,2,True,False,False,,-1,29.6982,0
2026-06-26 13:23:47,91,B+29.5,2,True,False,False,,-1,29.6996,0
2026-06-26 13:24:12,135,W+50.5,2,True,False,False,,-1,29.7057,0
2026-06-26 13:24:43,151,B+48.5,3,True,False,False,,-1,29.6654,0
2026-06-26 13:25:14,141,B+19.5,2,True,False,False,,-1,29.6194,0
2026-06-26 13:25:45,162,W+42.5,0,True,False,False,,-1,29.6712,0
2026-06-26 13:26:17,162,W+31.5,0,True,False,False,,-1,29.6224,0
2026-06-26 13:26:48,162,W+33.5,1,True,False,False,,-1,29.6537,0
2026-06-26 13:27:23,162,W+26.5,1,True,False,False,,-1,29.7182,0
2026-06-26 13:27:59,162,B+13.5,0,True,False,False,,-1,29.8056,0
2026-06-26 13:28:11,56,W+6.5,2,True,False,False,,-1,29.5867,0
2026-06-26 13:28:40,145,B+28.5,2,True,False,False,,-1,29.5614,0
2026-06-26 13:29:12,162,B+58.5,2,True,False,False,,-1,29.5858,0
2026-06-26 13:29:39,127,B+29.5,2,True,False,False,,-1,29.5646,0
2026-06-26 13:30:15,162,W+31.5,0,True,False,False,,-1,29.6363,0
2026-06-26 13:30:50,162,B+7.5,0,True,False,False,,-1,29.8321,0
2026-06-26 13:31:18,148,W+53.5,2,True,False,False,,-1,29.7846,0
2026-06-26 13:31:52,162,W+48.5,3,True,False,False,,-1,29.9159,0
2026-06-26 13:32:27,162,W+45.5,2,True,False,False,,-1,29.9615,0
2026-06-26 13:32:56,146,W+62.5,2,True,False,False,,-1,29.9288,0
2026-06-26 13:33:22,146,W+48.5,3,True,False,False,,-1,29.8828,0
2026-06-26 13:33:58,162,B+24.5,1,True,False,False,,-1,29.9266,0
2026-06-26 13:34:33,162,B+23.5,1,True,False,False,,-1,29.9494,0
2026-06-26 13:35:04,159,B+45.5,2,True,False,False,,-1,29.9099,0
2026-06-26 13:35:32,139,B+31.5,2,True,False,False,,-1,29.8986,0
2026-06-26 13:36:03,149,B+54.5,4,True,False,False,,-1,30.1557,0
2026-06-26 13:36:36,162,W+56.5,0,True,False,False,,-1,30.1172,0
2026-06-26 13:37:07,145,B+55.5,2,True,False,False,,-1,30.0877,0
2026-06-26 13:37:40,162,W+50.5,2,True,False,False,,-1,30.0816,0
2026-06-26 13:38:13,162,B+18.5,0,True,False,False,,-1,30.0758,0
2026-06-26 13:38:48,162,W+40.5,0,True,False,False,,-1,30.1081,0
2026-06-26 13:39:20,162,W+21.5,0,True,False,False,,-1,30.1977,0
2026-06-26 13:39:58,162,W+26.5,0,True,False,False,,-1,30.241,0
2026-06-26 13:40:27,125,B+38.5,2,True,False,False,,-1,30.2562,0
2026-06-26 13:40:46,101,B+6.5,4,True,False,False,,-1,30.0861,0
2026-06-26 13:41:18,162,W+35.5,0,True,False,False,,-1,30.1177,0
2026-06-26 13:41:53,162,W+1.5,0,True,False,False,,-1,30.2019,0
2026-06-26 13:42:07,65,B+5.5,2,True,False,False,,-1,29.9875,0
2026-06-26 13:42:40,162,B+13.5,0,True,False,False,,-1,29.9665,0
2026-06-26 13:43:15,162,B+50.5,0,True,False,False,,-1,29.9969,0
2026-06-26 13:43:51,162,W+73.5,1,True,False,False,,-1,30.0125,0
2026-06-26 13:44:23,162,W+29.5,0,True,False,False,,-1,30.0478,0
2026-06-26 13:44:52,129,B+38.5,2,True,False,False,,-1,30.0048,0
2026-06-26 13:45:24,162,B+58.5,1,True,False,False,,-1,30.0131,0
2026-06-26 13:45:53,155,B+56.5,2,True,False,False,,-1,29.9856,0
2026-06-26 13:46:23,162,W+67.5,3,True,False,False,,-1,29.97,0
2026-06-26 13:46:49,125,B+30.5,3,True,False,False,,-1,29.9211,0
2026-06-26 13:47:23,159,B+36.5,3,True,False,False,,-1,29.9605,0
2026-06-26 13:47:51,137,B+41.5,2,True,False,False,,-1,29.942,0
2026-06-26 13:48:09,84,W+19.5,2,True,False,False,,-1,29.8012,0
2026-06-26 13:48:43,162,W+75.5,0,True,False,False,,-1,29.8183,0
2026-06-26 13:49:00,90,W+15.5,2,True,False,False,,-1,29.8,0
2026-06-26 13:49:31,162,B+51.5,1,True,False,False,,-1,29.7598,0
2026-06-26 13:49:58,139,B+56.5,2,True,False,False,,-1,29.7396,0
2026-06-26 13:50:35,162,W+60.5,0,True,False,False,,-1,29.9181,0
2026-06-26 13:50:46,48,W+6.5,2,True,False,False,,-1,29.9685,0
2026-06-26 13:51:23,157,B+43.5,2,True,False,False,,-1,30.0191,0
2026-06-26 13:51:39,80,W+4.5,2,True,False,False,,-1,29.8638,0
2026-06-26 13:52:11,162,B+55.5,0,True,False,False,,-1,29.8709,0
2026-06-26 13:52:47,162,W+2.5,0,True,False,False,,-1,29.9316,0
2026-06-26 13:53:24,162,W+37.5,0,True,False,False,,-1,29.983,0
2026-06-26 13:53:51,135,B+37.5,3,True,False,False,,-1,30.173,0
2026-06-26 13:54:03,60,W+11.5,2,True,False,False,,-1,29.9693,0
2026-06-26 13:54:36,155,B+44.5,2,True,False,False,,-1,29.9226,0
2026-06-26 13:55:11,162,W+45.5,1,True,False,False,,-1,29.9419,0
2026-06-26 13:55:39,142,W+42.5,3,True,False,False,,-1,29.8785,0
2026-06-26 13:56:08,162,W+60.5,5,True,False,False,,-1,29.8176,0
2026-06-26 13:56:43,162,B+34.5,2,True,False,False,,-1,29.8178,0
2026-06-26 13:56:48,22,W+7.5,2,True,False,False,,-1,29.5787,0
2026-06-26 13:57:18,153,B+54.5,2,True,False,False,,-1,29.5205,0
2026-06-26 13:57:22,26,W+7.5,2,True,False,False,,-1,29.2312,0
2026-06-26 13:57:55,149,B+53.5,2,True,False,False,,-1,29.2203,0
2026-06-26 13:58:21,127,W+28.5,5,True,False,False,,-1,29.1696,0
2026-06-26 13:58:56,162,B+39.5,0,True,False,False,,-1,29.2331,0
2026-06-26 13:59:26,156,W+71.5,2,True,False,False,,-1,29.1653,0
2026-06-26 14:00:02,162,B+47.5,0,True,False,False,,-1,29.2708,0
2026-06-26 14:00:24,118,W+29.5,2,True,False,False,,-1,29.1544,0
2026-06-26 14:00:54,153,B+59.5,2,True,False,False,,-1,29.1478,0
2026-06-26 14:01:01,34,W+7.5,2,True,False,False,,-1,28.9376,0
2026-06-26 14:01:23,114,W+26.5,4,True,False,False,,-1,28.8199,0
2026-06-26 14:01:58,162,W+33.5,0,True,False,False,,-1,28.9448,0
2026-06-26 14:02:34,162,B+20.5,3,True,False,False,,-1,28.9969,0
2026-06-26 14:03:05,162,W+61.5,1,True,False,False,,-1,28.9881,0
2026-06-26 14:03:34,125,B+38.5,2,True,False,False,,-1,29.0112,0
2026-06-26 14:04:14,162,W+26.5,0,True,False,False,,-1,29.343,0
2026-06-26 14:04:46,156,W+56.5,4,True,False,False,,-1,29.3764,0
2026-06-26 14:05:16,139,B+42.5,3,True,False,False,,-1,29.3832,0
2026-06-26 14:05:53,162,W+42.5,0,True,False,False,,-1,29.4454,0
2026-06-26 14:06:26,162,W+67.5,0,True,False,False,,-1,29.4345,0
2026-06-26 14:06:56,134,W+28.5,2,True,False,False,,-1,29.3844,0
2026-06-26 14:07:33,162,W+7.5,0,True,False,False,,-1,29.4407,0
2026-06-26 14:07:41,42,W+0.5,2,True,False,False,,-1,29.1716,0
2026-06-26 14:08:03,98,W+19.5,3,True,False,False,,-1,29.1765,0
2026-06-26 14:08:34,147,B+40.5,3,True,False,False,,-1,29.1478,0
2026-06-26 14:09:06,162,B+18.5,2,True,False,False,,-1,29.129,0
2026-06-26 14:09:42,162,W+26.5,0,True,False,False,,-1,29.1618,0
2026-06-26 14:10:15,162,W+88.5,1,True,False,False,,-1,29.123,0
2026-06-26 14:10:44,148,B+53.5,4,True,False,False,,-1,29.3137,0
2026-06-26 14:11:13,139,B+48.5,2,True,False,False,,-1,29.2698,0
2026-06-26 14:11:51,162,W+29.5,0,True,False,False,,-1,29.3118,0
2026-06-26 14:12:25,162,W+19.5,0,True,False,False,,-1,29.3736,0
2026-06-26 14:12:52,135,B+45.5,2,True,False,False,,-1,29.4516,0
2026-06-26 14:13:22,157,B+64.5,2,True,False,False,,-1,29.495,0
2026-06-26 14:13:56,159,B+44.5,2,True,False,False,,-1,29.5287,0
2026-06-26 14:14:27,151,B+41.5,2,True,False,False,,-1,29.5314,0
2026-06-26 14:14:58,162,B+66.5,0,True,False,False,,-1,29.5331,0
2026-06-26 14:15:25,134,B+46.5,5,True,False,False,,-1,29.4845,0
2026-06-26 14:15:57,162,W+62.5,5,True,False,False,,-1,29.4845,0
2026-06-26 14:16:29,157,B+55.5,2,True,False,False,,-1,29.4586,0
2026-06-26 14:17:02,162,B+49.5,0,True,False,False,,-1,29.4289,0
2026-06-26 14:17:31,129,B+43.5,2,True,False,False,,-1,29.594,0
2026-06-26 14:18:04,162,W+66.5,0,True,False,False,,-1,29.6377,0
2026-06-26 14:18:31,162,B+4.5,1,True,False,False,,-1,29.5949,0
2026-06-26 14:19:02,162,W+88.5,0,True,False,False,,-1,29.6334,0
2026-06-26 14:19:18,76,W+12.5,2,True,False,False,,-1,29.4259,0
2026-06-26 14:19:51,162,B+61.5,0,True,False,False,,-1,29.4111,0
2026-06-26 14:20:24,162,B+12.5,0,True,False,False,,-1,29.454,0
2026-06-26 14:20:55,157,B+50.5,5,True,False,False,,-1,29.4287,0
2026-06-26 14:21:25,162,B+61.5,1,True,False,False,,-1,29.3867,0
2026-06-26 14:22:00,162,B+45.5,0,True,False,False,,-1,29.4404,0
2026-06-26 14:22:34,162,W+2.5,0,True,False,False,,-1,29.5173,0
2026-06-26 14:23:11,162,W+19.5,0,True,False,False,,-1,29.5241,0
2026-06-26 14:23:41,155,B+64.5,2,True,False,False,,-1,29.4774,0
2026-06-26 14:24:17,162,B+55.5,0,True,False,False,,-1,29.5288,0
2026-06-26 14:24:27,46,W+8.5,2,True,False,False,,-1,29.3401,0
2026-06-26 14:24:51,119,B+24.5,2,True,False,False,,-1,29.2716,0
2026-06-26 14:25:17,138,W+51.5,3,True,False,False,,-1,29.2067,0
2026-06-26 14:25:45,148,W+43.5,2,True,False,False,,-1,29.1785,0
2026-06-26 14:26:14,155,B+54.5,4,True,False,False,,-1,29.1328,0
2026-06-26 14:26:48,162,B+30.5,5,True,False,False,,-1,29.1383,0
2026-06-26 14:27:21,162,B+61.5,0,True,False,False,,-1,29.1325,0
2026-06-26 14:27:54,162,W+67.5,2,True,False,False,,-1,29.1362,0
2026-06-26 14:28:29,162,W+27.5,0,True,False,False,,-1,29.1082,0
2026-06-26 14:29:02,162,B+49.5,0,True,False,False,,-1,29.146,0
2026-06-26 14:29:29,147,B+39.5,3,True,False,False,,-1,29.2326,0
2026-06-26 14:30:02,145,B+27.5,3,True,False,False,,-1,29.2302,0
2026-06-26 14:30:36,162,B+35.5,0,True,False,False,,-1,29.2261,0
2026-06-26 14:31:10,162,W+28.5,0,True,False,False,,-1,29.4236,0
2026-06-26 14:31:41,152,W+62.5,2,True,False,False,,-1,29.4031,0
2026-06-26 14:32:13,162,B+57.5,1,True,False,False,,-1,29.3785,0
2026-06-26 14:32:41,133,B+43.5,2,True,False,False,,-1,29.2948,0
2026-06-26 14:33:11,149,B+41.5,2,True,False,False,,-1,29.2783,0
2026-06-26 14:33:15,22,W+6.5,2,True,False,False,,-1,29.0336,0
2026-06-26 14:33:49,162,W+32.5,0,True,False,False,,-1,29.0469,0
2026-06-26 14:34:22,162,B+62.5,3,True,False,False,,-1,29.0854,0
2026-06-26 14:34:58,162,W+33.5,0,True,False,False,,-1,29.144,0
2026-06-26 14:35:35,162,W+9.5,0,True,False,False,,-1,29.2559,0
2026-06-26 14:36:07,162,W+52.5,0,True,False,False,,-1,29.2364,0
2026-06-26 14:36:35,137,B+46.5,3,True,False,False,,-1,29.2336,0
2026-06-26 14:37:09,162,B+55.5,5,True,False,False,,-1,29.3925,0
2026-06-26 14:37:19,48,W+8.5,2,True,False,False,,-1,29.15,0
2026-06-26 14:37:54,162,B+45.5,0,True,False,False,,-1,29.3359,0
2026-06-26 14:38:26,144,W+72.5,2,True,False,False,,-1,29.343,0
2026-06-26 14:38:54,147,B+33.5,2,True,False,False,,-1,29.3584,0
2026-06-26 14:39:01,38,W+6.5,2,True,False,False,,-1,29.0608,0
2026-06-26 14:41:37,113,B+1.5,11,True,False,False,,-1,29.2402,1000
2026-06-26 14:42:02,83,B+8.5,9,True,False,False,,-1,29.3323,1000
2026-06-26 14:42:31,102,B+0.5,12,True,False,False,,-1,29.3033,1000
2026-06-26 14:43:03,116,W+2.5,10,True,False,False,,-1,29.2624,1000
2026-06-26 14:43:34,103,W+0.5,10,True,False,False,,-1,29.2085,1000
2026-06-26 14:44:05,121,B+4.5,18,True,False,False,,-1,29.2428,1000
2026-06-26 14:44:16,44,W+7.5,2,True,False,False,,-1,29.2367,1000
2026-06-26 14:44:26,32,W+9.5,2,True,False,False,,-1,29.0019,1000
2026-06-26 14:44:55,103,B+0.5,7,True,False,False,,-1,28.9431,1000
2026-06-26 14:45:08,52,W+6.5,3,True,False,False,,-1,28.8005,1000
2026-06-26 14:45:24,58,W+8.5,2,True,False,False,,-1,28.6595,1000
2026-06-26 14:46:06,162,W+18.5,29,True,False,False,,-1,28.7286,1000
2026-06-26 14:46:37,111,W+0.5,10,True,False,False,,-1,28.9877,1000
2026-06-26 14:47:10,132,B+5.5,17,True,False,False,,-1,29.0271,1000
2026-06-26 14:47:44,125,W+4.5,20,True,False,False,,-1,29.3222,1000
2026-06-26 14:48:12,100,W+9.5,10,True,False,False,,-1,29.2792,1000
2026-06-26 14:48:44,109,W+2.5,14,True,False,False,,-1,29.3331,1000
2026-06-26 14:49:15,125,B+2.5,20,True,False,False,,-1,29.2889,1000
2026-06-26 14:49:38,81,B+5.5,2,True,False,False,,-1,29.2222,1000
2026-06-26 14:50:15,162,B+1.5,22,True,False,False,,-1,29.238,1000
2026-06-26 14:50:48,117,W+2.5,13,True,False,False,,-1,29.3387,1000
2026-06-26 14:51:19,115,W+3.5,12,True,False,False,,-1,29.3538,1000
2026-06-26 14:51:50,113,W+0.5,14,True,False,False,,-1,29.5937,1000
2026-06-26 14:52:21,113,W+0.5,14,True,False,False,,-1,29.6795,1000
2026-06-26 14:52:57,123,W+0.5,18,True,False,False,,-1,29.6957,1000
2026-06-26 14:53:28,111,W+0.5,16,True,False,False,,-1,29.6401,1000
2026-06-26 14:53:54,100,B+1.5,7,True,False,False,,-1,29.5905,1000
2026-06-26 14:54:23,110,W+5.5,15,True,False,False,,-1,29.5997,1000
2026-06-26 14:54:54,110,B+0.5,8,True,False,False,,-1,29.5076,1000
2026-06-26 14:55:29,130,B+1.5,15,True,False,False,,-1,29.5262,1000
2026-06-26 14:56:02,121,W+1.5,17,True,False,False,,-1,29.5624,1000
2026-06-26 14:56:42,147,W+0.5,25,True,False,False,,-1,29.5991,1000
2026-06-26 14:57:08,94,B+0.5,9,True,False,False,,-1,29.5296,1000
2026-06-26 14:57:33,99,B+1.5,8,True,False,False,,-1,29.4687,1000
2026-06-26 14:58:07,123,W+6.5,14,True,False,False,,-1,29.4479,1000
2026-06-26 14:58:39,119,B+3.5,15,True,False,False,,-1,29.6783,1000
2026-06-26 14:59:15,136,W+0.5,18,True,False,False,,-1,29.8233,1000
2026-06-26 14:59:41,98,B+1.5,8,True,False,False,,-1,29.7787,1000
2026-06-26 15:00:13,112,B+5.5,15,True,False,False,,-1,29.7739,1000
2026-06-26 15:00:41,108,B+1.5,7,True,False,False,,-1,29.7003,1000
2026-06-26 15:01:07,93,W+1.5,9,True,False,False,,-1,29.6287,1000
2026-06-26 15:01:37,110,B+2.5,16,True,False,False,,-1,29.6375,1000
2026-06-26 15:01:59,79,B+3.5,4,True,False,False,,-1,29.5656,1000
2026-06-26 15:02:35,136,B+6.5,16,True,False,False,,-1,29.5388,1000
2026-06-26 15:03:06,113,B+4.5,11,True,False,False,,-1,29.5138,1000
2026-06-26 15:03:29,90,B+0.5,6,True,False,False,,-1,29.4723,1000
2026-06-26 15:03:59,105,W+1.5,12,True,False,False,,-1,29.4729,1000
2026-06-26 15:04:26,97,W+0.5,14,True,False,False,,-1,29.4062,1000
2026-06-26 15:04:53,91,W+1.5,10,True,False,False,,-1,29.3595,1000
2026-06-26 15:05:22,102,B+1.5,5,True,False,False,,-1,29.3394,1000
2026-06-26 15:05:44,82,W+15.5,4,True,False,False,,-1,29.2919,1000
2026-06-26 15:06:06,73,B+4.5,5,True,False,False,,-1,29.191,1000
2026-06-26 15:06:31,92,B+8.5,7,True,False,False,,-1,29.1212,1000
2026-06-26 15:07:11,139,W+0.5,23,True,False,False,,-1,29.1876,1000
2026-06-26 15:07:39,99,W+0.5,13,True,False,False,,-1,29.1821,1000
2026-06-26 15:08:13,127,W+0.5,17,True,False,False,,-1,29.1938,1000
2026-06-26 15:08:42,104,B+2.5,11,True,False,False,,-1,29.2046,1000
2026-06-26 15:09:17,135,W+2.5,19,True,False,False,,-1,29.2504,1000
2026-06-26 15:09:47,104,B+3.5,11,True,False,False,,-1,29.3901,1000
2026-06-26 15:10:17,108,B+2.5,12,True,False,False,,-1,29.3632,1000
2026-06-26 15:10:30,44,W+9.5,2,True,False,False,,-1,29.1599,1000
2026-06-26 15:10:56,105,W+3.5,16,True,False,False,,-1,29.1149,1000
2026-06-26 15:11:25,101,W+1.5,10,True,False,False,,-1,29.0946,1000
2026-06-26 15:11:53,88,W+6.5,5,True,False,False,,-1,29.0314,1000
2026-06-26 15:12:32,139,W+2.5,17,True,False,False,,-1,29.0821,1000
2026-06-26 15:13:04,122,W+3.5,17,True,False,False,,-1,29.0399,1000
2026-06-26 15:13:32,102,B+2.5,9,True,False,False,,-1,29.0087,1000
2026-06-26 15:14:07,128,B+1.5,17,True,False,False,,-1,29.0037,1000
2026-06-26 15:14:35,101,W+1.5,8,True,False,False,,-1,29.1893,1000
2026-06-26 15:15:07,107,W+1.5,9,True,False,False,,-1,29.2681,1000
2026-06-26 15:15:43,124,B+9.5,15,True,False,False,,-1,29.3603,1000
2026-06-26 15:16:14,119,W+0.5,12,True,False,False,,-1,29.3872,1000
2026-06-26 15:16:44,109,W+0.5,12,True,False,False,,-1,29.4088,1000
2026-06-26 15:17:21,131,B+2.5,12,True,False,False,,-1,29.437,1000
2026-06-26 15:17:51,107,B+1.5,10,True,False,False,,-1,29.3978,1000
2026-06-26 15:18:21,112,B+0.5,11,True,False,False,,-1,29.3721,1000
2026-06-26 15:18:54,121,W+0.5,14,True,False,False,,-1,29.3593,1000
2026-06-26 15:19:26,116,B+2.5,10,True,False,False,,-1,29.3389,1000
2026-06-26 15:19:54,105,W+1.5,15,True,False,False,,-1,29.3487,1000
2026-06-26 15:20:32,150,B+7.5,17,True,False,False,,-1,29.404,1000
2026-06-26 15:21:00,110,W+4.5,12,True,False,False,,-1,29.3442,1000
2026-06-26 15:21:32,117,W+0.5,10,True,False,False,,-1,29.3198,1000
2026-06-26 15:21:57,100,B+1.5,8,True,False,False,,-1,29.264,1000
2026-06-26 15:22:22,101,W+15.5,12,True,False,False,,-1,29.198,1000
2026-06-26 15:23:08,162,W+40.5,15,True,False,False,,-1,29.3718,1000
2026-06-26 15:23:35,106,W+0.5,9,True,False,False,,-1,29.3489,1000
2026-06-26 15:24:19,162,B+1.5,28,True,False,False,,-1,29.7364,1000
2026-06-26 15:24:41,87,B+1.5,6,True,False,False,,-1,29.6173,1000
2026-06-26 15:25:11,112,W+2.5,11,True,False,False,,-1,29.5927,1000
2026-06-26 15:25:37,98,B+6.5,9,True,False,False,,-1,29.493,1000
2026-06-26 15:26:10,109,B+9.5,13,True,False,False,,-1,29.4574,1000
2026-06-26 15:26:40,107,W+1.5,9,True,False,False,,-1,29.4351,1000
2026-06-26 15:27:10,125,B+4.5,17,True,False,False,,-1,29.4492,1000
2026-06-26 15:27:43,114,B+1.5,14,True,False,False,,-1,29.442,1000
2026-06-26 15:28:12,107,B+2.5,8,True,False,False,,-1,29.632,1000
2026-06-26 15:28:55,162,W+43.5,25,True,False,False,,-1,29.7141,1000
2026-06-26 15:29:09,54,W+9.5,2,True,False,False,,-1,29.5298,1000
2026-06-26 15:29:39,112,B+9.5,9,True,False,False,,-1,29.5487,1000
2026-06-26 15:30:13,123,B+9.5,20,True,False,False,,-1,29.8214,1000
2026-06-26 15:30:40,105,W+1.5,13,True,False,False,,-1,29.7608,1000
2026-06-26 15:31:11,116,B+1.5,11,True,False,False,,-1,29.7398,1000
2026-06-26 15:31:45,121,W+4.5,8,True,False,False,,-1,29.8222,1000
2026-06-26 15:32:20,134,B+19.5,16,True,False,False,,-1,29.8884,1000
2026-06-26 15:32:53,121,W+2.5,13,True,False,False,,-1,29.8913,1000
2026-06-26 15:33:12,67,B+4.5,3,True,False,False,,-1,29.7752,1000
2026-06-26 15:33:38,96,B+1.5,10,True,False,False,,-1,29.7264,1000
2026-06-26 15:33:50,48,W+6.5,2,True,False,False,,-1,29.7406,1000
2026-06-26 15:34:25,134,B+11.5,12,True,False,False,,-1,29.9938,1000
2026-06-26 15:34:57,112,B+0.5,11,True,False,False,,-1,30.014,1000
2026-06-26 15:35:28,120,B+0.5,12,True,False,False,,-1,30.1962,1000
2026-06-26 15:35:58,107,W+5.5,14,True,False,False,,-1,30.3332,1000
2026-06-26 15:36:31,123,W+1.5,13,True,False,False,,-1,30.2529,1000
2026-06-26 15:37:12,144,B+2.5,13,True,False,False,,-1,30.3469,1000
2026-06-26 15:37:46,139,B+5.5,24,True,False,False,,-1,30.3564,1000
2026-06-26 15:38:18,119,W+8.5,17,True,False,False,,-1,30.3289,1000
2026-06-26 15:38:50,122,B+0.5,18,True,False,False,,-1,30.3751,1000
2026-06-26 15:39:24,129,W+2.5,17,True,False,False,,-1,30.3949,1000
2026-06-26 15:39:41,63,B+5.5,2,True,False,False,,-1,30.2661,1000
2026-06-26 15:40:10,106,B+2.5,13,True,False,False,,-1,30.3232,1000
2026-06-26 15:40:43,111,W+0.5,12,True,False,False,,-1,30.269,1000
2026-06-26 15:41:25,149,W+3.5,23,True,False,False,,-1,30.3637,1000
2026-06-26 15:41:51,96,W+1.5,9,True,False,False,,-1,30.3142,1000
2026-06-26 15:42:11,70,W+12.5,6,True,False,False,,-1,30.21,1000
2026-06-26 15:42:45,137,B+7.5,20,True,False,False,,-1,30.2413,1000
2026-06-26 15:43:29,152,B+20.5,18,True,False,False,,-1,30.3194,1000
2026-06-26 15:44:03,129,W+0.5,15,True,False,False,,-1,30.3541,1000
2026-06-26 15:44:15,48,W+7.5,2,True,False,False,,-1,30.2103,1000
2026-06-26 15:44:44,101,W+2.5,12,True,False,False,,-1,30.2002,1000
2026-06-26 15:45:21,140,B+7.5,21,True,False,False,,-1,30.2713,1000
2026-06-26 15:45:43,73,B+1.5,2,True,False,False,,-1,30.145,1000
2026-06-26 15:46:11,101,B+9.5,9,True,False,False,,-1,30.088,1000
2026-06-26 15:46:39,104,B+2.5,14,True,False,False,,-1,29.9634,1000
2026-06-26 15:47:09,118,B+0.5,15,True,False,False,,-1,30.0065,1000
2026-06-26 15:47:40,114,B+2.5,8,True,False,False,,-1,30.0732,1000
2026-06-26 15:48:20,151,W+4.5,22,True,False,False,,-1,30.1227,1000
2026-06-26 15:48:50,110,B+3.5,11,True,False,False,,-1,30.1122,1000
2026-06-26 15:49:32,145,W+7.5,28,True,False,False,,-1,30.1639,1000
2026-06-26 15:50:01,111,W+0.5,10,True,False,False,,-1,30.1975,1000
2026-06-26 15:50:31,119,B+11.5,12,True,False,False,,-1,30.1738,1000
2026-06-26 15:51:02,109,W+2.5,9,True,False,False,,-1,30.2025,1000
2026-06-26 15:51:16,49,B+6.5,2,True,False,False,,-1,30.0803,1000
2026-06-26 15:51:48,117,W+4.5,10,True,False,False,,-1,30.1053,1000
2026-06-26 15:52:23,132,W+2.5,8,True,False,False,,-1,30.2371,1000
2026-06-26 15:52:47,86,B+3.5,4,True,False,False,,-1,30.1204,1000
2026-06-26 15:53:01,51,B+1.5,2,True,False,False,,-1,29.9478,1000
2026-06-26 15:53:23,79,B+10.5,4,True,False,False,,-1,29.939,1000
2026-06-26 15:53:50,106,B+1.5,11,True,False,False,,-1,29.9094,1000
2026-06-26 15:54:16,100,B+6.5,8,True,False,False,,-1,29.8913,1000
2026-06-26 15:54:45,97,W+2.5,6,True,False,False,,-1,29.9136,1000
2026-06-26 15:55:18,162,W+4.5,5,True,False,False,,-1,29.9575,1000
2026-06-26 15:55:45,95,W+0.5,10,True,False,False,,-1,30.0096,1000
2026-06-26 15:56:19,120,B+2.5,14,True,False,False,,-1,30.1292,1000
2026-06-26 15:56:44,95,B+1.5,7,True,False,False,,-1,30.1247,1000
2026-06-26 15:57:16,115,W+2.5,13,True,False,False,,-1,30.0473,1000
2026-06-26 15:57:43,103,W+0.5,8,True,False,False,,-1,30.0417,1000
2026-06-26 15:58:19,120,B+1.5,10,True,False,False,,-1,30.0568,1000
2026-06-26 15:58:45,113,B+0.5,17,True,False,False,,-1,30.0296,1000
2026-06-26 15:59:12,111,W+0.5,15,True,False,False,,-1,29.9481,1000
2026-06-26 15:59:43,115,W+2.5,17,True,False,False,,-1,29.9603,1000
2026-06-26 16:00:27,162,W+43.5,22,True,False,False,,-1,30.0996,1000
2026-06-26 16:01:07,155,W+0.5,34,True,False,False,,-1,30.371,1000
2026-06-26 16:01:37,107,B+4.5,12,True,False,False,,-1,30.4012,1000
2026-06-26 16:02:07,112,B+1.5,17,True,False,False,,-1,30.4181,1000
2026-06-26 16:02:40,129,W+0.5,16,True,False,False,,-1,30.4676,1000
2026-06-26 16:03:13,122,W+0.5,10,True,False,False,,-1,30.4089,1000
2026-06-26 16:03:41,100,W+7.5,7,True,False,False,,-1,30.3646,1000
2026-06-26 16:04:18,128,B+3.5,11,True,False,False,,-1,30.4561,1000
2026-06-26 16:04:48,109,W+0.5,9,True,False,False,,-1,30.4014,1000
2026-06-26 16:05:17,105,W+0.5,12,True,False,False,,-1,30.4122,1000
2026-06-26 16:05:46,110,B+2.5,15,True,False,False,,-1,30.3889,1000
2026-06-26 16:06:22,134,B+4.5,18,True,False,False,,-1,30.3912,1000
2026-06-26 16:06:49,99,W+1.5,9,True,False,False,,-1,30.3503,1000
2026-06-26 16:07:31,141,W+0.5,23,True,False,False,,-1,30.4642,1000
2026-06-26 16:08:05,128,W+0.5,12,True,False,False,,-1,30.4341,1000
2026-06-26 16:08:33,104,B+7.5,10,True,False,False,,-1,30.415,1000
2026-06-26 16:09:08,128,B+6.5,21,True,False,False,,-1,30.4642,1000
2026-06-26 16:09:45,135,W+1.5,21,True,False,False,,-1,30.5085,1000
2026-06-26 16:10:15,106,B+1.5,12,True,False,False,,-1,30.492,1000
2026-06-26 16:10:43,96,B+0.5,5,True,False,False,,-1,30.4892,1000
2026-06-26 16:11:17,123,W+1.5,15,True,False,False,,-1,30.4479,1000
2026-06-26 16:11:56,151,W+0.5,22,True,False,False,,-1,30.5536,1000
2026-06-26 16:12:24,103,W+1.5,10,True,False,False,,-1,30.5173,1000
2026-06-26 16:12:49,94,B+2.5,7,True,False,False,,-1,30.5152,1000
2026-06-26 16:13:24,126,B+1.5,14,True,False,False,,-1,30.6086,1000
2026-06-26 16:13:59,124,B+0.5,12,True,False,False,,-1,30.5098,1000
2026-06-26 16:14:32,120,B+4.5,9,True,False,False,,-1,30.5638,1000
2026-06-26 16:15:13,162,W+1.5,34,True,False,False,,-1,30.5396,1000
2026-06-26 16:15:45,116,B+1.5,14,True,False,False,,-1,30.6454,1000
2026-06-26 16:16:14,108,W+7.5,12,True,False,False,,-1,30.633,1000
2026-06-26 16:16:40,91,B+3.5,11,True,False,False,,-1,30.6295,1000
2026-06-26 16:17:22,157,B+1.5,25,True,False,False,,-1,30.7171,1000
2026-06-26 16:18:02,162,B+7.5,31,True,False,False,,-1,30.8147,1000
2026-06-26 16:18:28,92,B+0.5,7,True,False,False,,-1,30.7785,1000
2026-06-26 16:18:58,113,W+4.5,16,True,False,False,,-1,30.7465,1000
2026-06-26 16:19:32,132,B+2.5,18,True,False,False,,-1,30.8065,1000
2026-06-26 16:19:45,44,W+7.5,2,True,False,False,,-1,30.4967,1000
2026-06-26 16:20:14,102,B+0.5,10,True,False,False,,-1,30.6525,1000
2026-06-26 16:20:24,34,W+9.5,2,True,False,False,,-1,30.4518,1000
2026-06-26 16:20:58,115,W+1.5,17,True,False,False,,-1,30.4445,1000
2026-06-26 16:21:25,89,B+9.5,7,True,False,False,,-1,30.4491,1000
2026-06-26 16:21:54,107,W+0.5,11,True,False,False,,-1,30.4261,1000
2026-06-26 16:22:21,107,W+1.5,16,True,False,False,,-1,30.3573,1000
2026-06-26 16:22:51,109,W+0.5,8,True,False,False,,-1,30.3117,1000
2026-06-26 16:23:09,69,B+1.5,3,True,False,False,,-1,30.1642,1000
2026-06-26 16:23:40,112,B+2.5,11,True,False,False,,-1,30.2818,1000
2026-06-26 16:24:11,116,B+1.5,15,True,False,False,,-1,30.3346,1000
2026-06-26 16:24:40,101,W+6.5,13,True,False,False,,-1,30.4968,1000
2026-06-26 16:25:04,82,W+9.5,3,True,False,False,,-1,30.3883,1000
2026-06-26 16:25:38,125,W+1.5,15,True,False,False,,-1,30.4114,1000
2026-06-26 16:26:08,108,B+1.5,12,True,False,False,,-1,30.3967,1000
2026-06-26 16:26:39,120,B+2.5,17,True,False,False,,-1,30.4148,1000
2026-06-26 16:27:09,109,W+0.5,16,True,False,False,,-1,30.369,1000
2026-06-26 16:27:39,111,W+0.5,13,True,False,False,,-1,30.2661,1000
2026-06-26 16:28:12,128,B+5.5,20,True,False,False,,-1,30.2546,1000
2026-06-26 16:28:43,117,B+15.5,16,True,False,False,,-1,30.2473,1000
2026-06-26 16:29:19,162,B+6.5,23,True,False,False,,-1,30.2873,1000
2026-06-26 16:29:49,110,B+0.5,11,True,False,False,,-1,30.2451,1000
2026-06-26 16:30:20,119,W+0.5,15,True,False,False,,-1,30.3799,1000
2026-06-26 16:30:52,121,B+0.5,11,True,False,False,,-1,30.4166,1000
2026-06-26 16:31:08,54,W+2.5,4,True,False,False,,-1,30.2472,1000
2026-06-26 16:31:36,115,W+0.5,12,True,False,False,,-1,30.1132,1000
2026-06-26 16:32:06,105,W+5.5,11,True,False,False,,-1,30.1515,1000
2026-06-26 16:32:16,40,W+6.5,2,True,False,False,,-1,30.0483,1000
2026-06-26 16:32:44,96,W+1.5,10,True,False,False,,-1,29.9843,1000
2026-06-26 16:33:21,137,B+3.5,17,True,False,False,,-1,29.9176,1000
2026-06-26 16:33:52,112,B+0.5,11,True,False,False,,-1,29.8809,1000
2026-06-26 16:34:20,112,B+5.5,14,True,False,False,,-1,30.049,1000
2026-06-26 16:34:45,83,B+5.5,2,True,False,False,,-1,30.011,1000
2026-06-26 16:35:16,109,W+2.5,15,True,False,False,,-1,29.9408,1000
2026-06-26 16:35:43,98,B+2.5,10,True,False,False,,-1,29.9901,1000
2026-06-26 16:36:09,97,W+12.5,11,True,False,False,,-1,29.9743,1000
2026-06-26 16:36:36,105,W+0.5,8,True,False,False,,-1,29.9675,1000
2026-06-26 16:37:10,123,W+0.5,13,True,False,False,,-1,30.008,1000
2026-06-26 16:37:29,67,B+5.5,4,True,False,False,,-1,29.8806,1000
2026-06-26 16:38:06,135,W+3.5,25,True,False,False,,-1,29.8616,1000
2026-06-26 16:38:32,96,B+2.5,9,True,False,False,,-1,29.8143,1000
2026-06-26 16:39:03,110,B+8.5,10,True,False,False,,-1,29.7088,1000
2026-06-26 16:39:32,113,W+1.5,15,True,False,False,,-1,29.6998,1000
2026-06-26 16:40:05,124,B+7.5,16,True,False,False,,-1,29.7363,1000
2026-06-26 16:40:30,94,B+0.5,2,True,False,False,,-1,29.6736,1000
2026-06-26 16:40:57,103,B+0.5,10,True,False,False,,-1,29.8152,1000
2026-06-26 16:41:23,94,B+1.5,6,True,False,False,,-1,29.7464,1000
2026-06-26 16:42:01,137,W+2.5,18,True,False,False,,-1,29.7775,1000
2026-06-26 16:42:34,125,W+8.5,21,True,False,False,,-1,29.8728,1000
2026-06-26 16:43:03,106,B+1.5,8,True,False,False,,-1,30.0206,1000
2026-06-26 16:43:37,113,W+0.5,10,True,False,False,,-1,30.1289,1000
2026-06-26 16:44:02,92,B+3.5,10,True,False,False,,-1,30.1197,1000
2026-06-26 16:44:35,108,B+0.5,9,True,False,False,,-1,30.1867,1000
2026-06-26 16:45:11,130,B+3.5,18,True,False,False,,-1,30.2599,1000
2026-06-26 16:45:43,121,W+2.5,11,True,False,False,,-1,30.2492,1000
2026-06-26 16:46:21,130,B+0.5,16,True,False,False,,-1,30.3531,1000
2026-06-26 16:46:49,123,B+10.5,15,True,False,False,,-1,30.292,1000
2026-06-26 16:47:19,105,W+2.5,13,True,False,False,,-1,30.3475,1000
2026-06-26 16:47:50,115,W+0.5,13,True,False,False,,-1,30.3374,1000
2026-06-26 16:48:17,103,W+0.5,15,True,False,False,,-1,30.3409,1000
2026-06-26 16:48:50,111,W+2.5,13,True,False,False,,-1,30.3109,1000
2026-06-26 16:49:29,133,B+3.5,15,True,False,False,,-1,30.4363,1000
2026-06-26 16:49:58,110,B+0.5,10,True,False,False,,-1,30.4556,1000
2026-06-26 16:50:27,106,B+7.5,10,True,False,False,,-1,30.4385,1000
2026-06-26 16:50:59,120,B+1.5,13,True,False,False,,-1,30.3106,1000
2026-06-26 16:51:35,130,B+4.5,16,True,False,False,,-1,30.2734,1000
2026-06-26 16:52:23,161,W+23.5,22,True,False,False,,-1,30.4574,1000
2026-06-26 16:52:51,107,W+1.5,13,True,False,False,,-1,30.437,1000
2026-06-26 16:53:22,114,B+4.5,16,True,False,False,,-1,30.4149,1000
2026-06-26 16:54:00,134,B+4.5,21,True,False,False,,-1,30.4619,1000
2026-06-26 16:54:28,108,B+1.5,11,True,False,False,,-1,30.4672,1000
2026-06-26 16:54:57,108,B+2.5,14,True,False,False,,-1,30.3878,1000
2026-06-26 16:55:39,162,B+4.5,24,True,False,False,,-1,30.5103,1000
2026-06-26 16:56:16,129,W+5.5,19,True,False,False,,-1,30.586,1000
2026-06-26 16:56:46,116,B+3.5,8,True,False,False,,-1,30.5931,1000
2026-06-26 16:57:16,112,B+7.5,13,True,False,False,,-1,30.5434,1000
2026-06-26 16:57:48,117,W+0.5,15,True,False,False,,-1,30.5833,1000
2026-06-26 16:58:14,90,W+10.5,6,True,False,False,,-1,30.4246,1000
2026-06-26 16:58:50,131,W+1.5,25,True,False,False,,-1,30.4479,1000
2026-06-26 16:59:30,160,B+12.5,31,True,False,False,,-1,30.572,1000
2026-06-26 16:59:43,44,W+7.5,2,True,False,False,,-1,30.3458,1000
2026-06-26 17:00:10,103,B+3.5,10,True,False,False,,-1,30.2388,1000
2026-06-26 17:00:37,98,B+3.5,9,True,False,False,,-1,30.2183,1000
2026-06-26 17:01:09,108,B+1.5,11,True,False,False,,-1,30.2618,1000
2026-06-26 17:01:46,128,B+0.5,16,True,False,False,,-1,30.2846,1000
2026-06-26 17:02:17,119,W+0.5,18,True,False,False,,-1,30.2105,1000
2026-06-26 17:02:33,63,B+4.5,3,True,False,False,,-1,30.0899,1000
2026-06-26 17:03:02,104,B+0.5,11,True,False,False,,-1,30.1315,1000
2026-06-26 17:03:28,95,W+0.5,4,True,False,False,,-1,30.0448,1000
2026-06-26 17:03:59,106,B+0.5,10,True,False,False,,-1,29.9947,1000
2026-06-26 17:04:37,155,B+0.5,25,True,False,False,,-1,30.0423,1000
2026-06-26 17:05:10,124,B+2.5,17,True,False,False,,-1,29.9647,1000
2026-06-26 17:05:43,142,B+2.5,20,True,False,False,,-1,29.9783,1000
2026-06-26 17:06:28,162,W+47.5,13,True,False,False,,-1,30.1311,1000
2026-06-26 17:06:54,97,B+17.5,6,True,False,False,,-1,30.1386,1000
2026-06-26 17:07:26,113,W+2.5,16,True,False,False,,-1,30.0312,1000
2026-06-26 17:07:45,73,B+1.5,3,True,False,False,,-1,29.8297,1000
2026-06-26 17:08:16,112,B+0.5,15,True,False,False,,-1,29.8796,1000
2026-06-26 17:08:49,122,B+0.5,18,True,False,False,,-1,29.9133,1000
2026-06-26 17:09:18,111,W+2.5,14,True,False,False,,-1,29.8498,1000
2026-06-26 17:09:28,36,W+5.5,2,True,False,False,,-1,29.8202,1000
2026-06-26 17:09:55,103,B+2.5,14,True,False,False,,-1,29.801,1000
2026-06-26 17:10:27,123,W+0.5,17,True,False,False,,-1,30.0322,1000
2026-06-26 17:11:04,138,B+9.5,23,True,False,False,,-1,30.053,1000
2026-06-26 17:11:37,124,B+2.5,22,True,False,False,,-1,30.1126,1000
2026-06-26 17:12:05,111,W+3.5,18,True,False,False,,-1,30.1053,1000
2026-06-26 17:12:12,26,W+7.5,2,True,False,False,,-1,29.9109,1000
2026-06-26 17:12:39,98,B+1.5,10,True,False,False,,-1,29.8688,1000
2026-06-26 17:13:17,143,W+0.5,9,True,False,False,,-1,30.0712,1000
2026-06-26 17:13:44,98,B+0.5,7,True,False,False,,-1,30.0372,1000
2026-06-26 17:14:13,103,B+2.5,8,True,False,False,,-1,30.0187,1000
2026-06-26 17:14:41,102,B+0.5,5,True,False,False,,-1,30.0043,1000
2026-06-26 17:15:05,81,B+3.5,3,True,False,False,,-1,30.0002,1000
2026-06-26 17:15:34,104,B+7.5,13,True,False,False,,-1,29.9519,1000
2026-06-26 17:16:09,120,B+1.5,15,True,False,False,,-1,30.0086,1000
2026-06-26 17:16:43,128,B+1.5,19,True,False,False,,-1,30.0362,1000
2026-06-26 17:17:11,97,W+2.5,7,True,False,False,,-1,30.0181,1000
2026-06-26 17:17:42,112,B+0.5,17,True,False,False,,-1,30.0288,1000
2026-06-26 17:18:10,100,B+5.5,4,True,False,False,,-1,29.9776,1000
2026-06-26 17:18:38,110,B+0.5,10,True,False,False,,-1,29.9504,1000
2026-06-26 17:19:12,126,B+1.5,17,True,False,False,,-1,29.921,1000
2026-06-26 17:19:36,79,B+10.5,3,True,False,False,,-1,29.8717,1000
2026-06-26 17:20:11,136,B+26.5,9,True,False,False,,-1,29.9137,1000
2026-06-26 17:20:40,105,W+7.5,8,True,False,False,,-1,29.876,1000
2026-06-26 17:21:09,103,W+0.5,12,True,False,False,,-1,30.0073,1000
2026-06-26 17:21:37,109,W+0.5,9,True,False,False,,-1,30.0026,1000
2026-06-26 17:21:45,28,W+7.5,2,True,False,False,,-1,29.7819,1000
2026-06-26 17:22:02,64,W+2.5,3,True,False,False,,-1,29.8594,1000
2026-06-26 17:22:33,115,W+1.5,16,True,False,False,,-1,29.8925,1000
2026-06-26 17:22:57,89,B+6.5,5,True,False,False,,-1,29.7562,1000
2026-06-26 17:23:23,100,B+2.5,11,True,False,False,,-1,29.7116,1000
2026-06-26 17:23:56,122,W+1.5,20,True,False,False,,-1,29.7567,1000
2026-06-26 17:24:33,142,W+0.5,24,True,False,False,,-1,29.8725,1000
2026-06-26 17:24:56,87,W+4.5,7,True,False,False,,-1,29.7968,1000
2026-06-26 17:25:25,103,W+1.5,13,True,False,False,,-1,29.8205,1000
2026-06-26 17:25:59,122,B+1.5,11,True,False,False,,-1,29.899,1000
2026-06-26 17:26:34,119,W+5.5,11,True,False,False,,-1,29.9814,1000
2026-06-26 17:27:06,128,B+1.5,13,True,False,False,,-1,29.9505,1000
2026-06-26 17:27:36,116,B+1.5,10,True,False,False,,-1,30.0694,1000
2026-06-26 17:28:02,103,B+1.5,10,True,False,False,,-1,29.9592,1000
2026-06-26 17:28:31,104,B+4.5,13,True,False,False,,-1,29.9862,1000
2026-06-26 17:28:59,114,W+0.5,13,True,False,False,,-1,29.966,1000
2026-06-26 17:29:31,112,B+1.5,16,True,False,False,,-1,29.9967,1000
2026-06-26 17:30:00,117,B+2.5,13,True,False,False,,-1,29.9545,1000
2026-06-26 17:30:25,93,W+1.5,8,True,False,False,,-1,29.9536,1000
2026-06-26 17:31:03,131,W+0.5,17,True,False,False,,-1,30.0568,1000
2026-06-26 17:31:31,106,B+3.5,10,True,False,False,,-1,30.0817,1000
2026-06-26 17:32:09,133,W+4.5,16,True,False,False,,-1,30.0709,1000
2026-06-26 17:32:57,162,W+3.5,28,True,False,False,,-1,30.22,1000
2026-06-26 17:33:22,96,B+0.5,6,True,False,False,,-1,30.1863,1000
2026-06-26 17:33:28,22,W+7.5,2,True,False,False,,-1,29.9093,1000
2026-06-26 17:33:55,101,W+0.5,7,True,False,False,,-1,29.927,1000
2026-06-26 17:34:25,114,B+6.5,11,True,False,False,,-1,29.9027,1000
2026-06-26 17:34:52,103,W+2.5,14,True,False,False,,-1,29.8051,1000
2026-06-26 17:35:26,162,B+9.5,24,True,False,False,,-1,29.8307,1000
2026-06-26 17:35:57,112,B+4.5,11,True,False,False,,-1,29.7572,1000
2026-06-26 17:36:30,120,B+1.5,17,True,False,False,,-1,29.8133,1000
2026-06-26 17:37:08,123,W+0.5,13,True,False,False,,-1,29.8836,1000
2026-06-26 17:37:34,104,W+7.5,17,True,False,False,,-1,29.84,1000
2026-06-26 17:38:06,116,W+5.5,8,True,False,False,,-1,29.8825,1000
2026-06-26 17:38:33,104,B+1.5,7,True,False,False,,-1,29.8284,1000
2026-06-26 17:38:47,50,W+7.5,2,True,False,False,,-1,29.5797,1000
2026-06-26 17:39:17,105,W+1.5,12,True,False,False,,-1,29.5897,1000
2026-06-26 17:39:45,105,W+0.5,9,True,False,False,,-1,29.5761,1000
2026-06-26 17:40:11,96,B+1.5,8,True,False,False,,-1,29.5176,1000
2026-06-26 17:40:43,117,W+4.5,16,True,False,False,,-1,29.4762,1000
2026-06-26 17:41:15,115,W+0.5,12,True,False,False,,-1,29.3237,1000
2026-06-26 17:41:23,28,W+7.5,2,True,False,False,,-1,29.1201,1000
2026-06-26 17:41:51,107,W+2.5,8,True,False,False,,-1,29.0916,1000
2026-06-26 17:42:24,122,B+1.5,11,True,False,False,,-1,29.038,1000
2026-06-26 17:42:53,104,B+0.5,16,True,False,False,,-1,29.0433,1000
2026-06-26 17:43:21,103,W+1.5,14,True,False,False,,-1,29.0417,1000
2026-06-26 17:43:59,132,B+11.5,13,True,False,False,,-1,29.0023,1000
2026-06-26 17:44:30,116,W+0.5,13,True,False,False,,-1,28.9424,1000
2026-06-26 17:45:00,113,W+1.5,17,True,False,False,,-1,28.9389,1000
2026-06-26 17:45:32,126,B+3.5,15,True,False,False,,-1,28.951,1000
2026-06-26 17:46:00,110,B+1.5,10,True,False,False,,-1,28.9232,1000
2026-06-26 17:46:38,150,B+0.5,23,True,False,False,,-1,29.0419,1000
2026-06-26 17:47:04,96,B+1.5,5,True,False,False,,-1,28.9441,1000
2026-06-26 17:47:34,113,W+2.5,16,True,False,False,,-1,28.8373,1000
2026-06-26 17:48:08,126,B+0.5,13,True,False,False,,-1,29.0458,1000
2026-06-26 17:48:33,96,B+3.5,11,True,False,False,,-1,29.0294,1000
2026-06-26 17:49:04,117,B+6.5,15,True,False,False,,-1,29.0626,1000
2026-06-26 17:49:47,160,B+6.5,29,True,False,False,,-1,29.1763,1000
2026-06-26 17:50:24,141,B+3.5,16,True,False,False,,-1,29.1862,1000
2026-06-26 17:50:57,118,B+0.5,9,True,False,False,,-1,29.1943,1000
2026-06-26 17:51:32,115,W+3.5,11,True,False,False,,-1,29.3901,1000
2026-06-26 17:52:01,114,B+1.5,11,True,False,False,,-1,29.3822,1000
2026-06-26 17:52:30,107,W+0.5,9,True,False,False,,-1,29.4117,1000
2026-06-26 17:53:00,108,B+0.5,10,True,False,False,,-1,29.4046,1000
2026-06-26 17:53:31,114,B+3.5,12,True,False,False,,-1,29.3382,1000
2026-06-26 17:54:03,123,W+9.5,11,True,False,False,,-1,29.3327,1000
2026-06-26 17:54:33,112,B+2.5,12,True,False,False,,-1,29.2918,1000
2026-06-26 17:55:03,109,W+2.5,12,True,False,False,,-1,29.1505,1000
2026-06-26 17:55:36,128,B+1.5,20,True,False,False,,-1,29.2141,1000
2026-06-26 17:56:15,127,W+0.5,16,True,False,False,,-1,29.287,1000
2026-06-26 17:56:47,122,B+1.5,18,True,False,False,,-1,29.4114,1000
2026-06-26 17:57:13,101,W+0.5,11,True,False,False,,-1,29.3662,1000
2026-06-26 17:57:26,48,W+7.5,2,True,False,False,,-1,29.1667,1000
2026-06-26 17:57:56,107,W+0.5,14,True,False,False,,-1,29.1854,1000
2026-06-26 17:58:25,106,B+3.5,11,True,False,False,,-1,29.3753,1000
2026-06-26 17:59:00,137,B+1.5,17,True,False,False,,-1,29.4538,1000
2026-06-26 17:59:29,102,B+0.5,8,True,False,False,,-1,29.4159,1000
2026-06-26 18:00:04,131,W+2.5,20,True,False,False,,-1,29.4009,1000
2026-06-26 18:00:37,118,B+2.5,21,True,False,False,,-1,29.3951,1000
2026-06-26 18:00:56,72,W+11.5,2,True,False,False,,-1,29.3078,1000
2026-06-26 18:01:26,114,B+0.5,11,True,False,False,,-1,29.5412,1000
2026-06-26 18:01:57,107,W+1.5,17,True,False,False,,-1,29.5785,1000
2026-06-26 18:02:26,113,B+3.5,9,True,False,False,,-1,29.493,1000
2026-06-26 18:02:54,103,W+0.5,13,True,False,False,,-1,29.494,1000
2026-06-26 18:03:32,154,B+4.5,25,True,False,False,,-1,29.5822,1000
2026-06-26 18:04:02,105,W+2.5,12,True,False,False,,-1,29.6064,1000
2026-06-26 18:04:34,112,B+1.5,12,True,False,False,,-1,29.6878,1000
2026-06-26 18:05:08,127,W+1.5,15,True,False,False,,-1,29.7375,1000
2026-06-26 18:05:33,96,B+0.5,10,True,False,False,,-1,29.6404,1000
2026-06-26 18:06:07,122,B+2.5,10,True,False,False,,-1,29.629,1000
2026-06-26 18:06:36,110,B+5.5,14,True,False,False,,-1,29.6542,1000
2026-06-26 18:07:03,103,W+4.5,13,True,False,False,,-1,29.6128,1000
2026-06-26 18:07:33,107,W+1.5,11,True,False,False,,-1,29.632,1000
2026-06-26 18:08:05,118,B+2.5,18,True,False,False,,-1,29.6739,1000
2026-06-26 18:08:39,136,B+10.5,18,True,False,False,,-1,29.6726,1000
2026-06-26 18:09:08,111,W+4.5,14,True,False,False,,-1,29.7187,1000
2026-06-26 18:09:39,119,W+5.5,14,True,False,False,,-1,29.6785,1000
2026-06-26 18:10:08,106,B+1.5,9,True,False,False,,-1,29.6718,1000
2026-06-26 18:10:40,128,B+1.5,18,True,False,False,,-1,29.7104,1000
2026-06-26 18:11:13,114,B+0.5,18,True,False,False,,-1,29.7563,1000
2026-06-26 18:11:48,119,B+11.5,14,True,False,False,,-1,30.0292,1000
2026-06-26 18:12:11,90,B+1.5,8,True,False,False,,-1,30.0829,1000
2026-06-26 18:12:44,119,W+0.5,12,True,False,False,,-1,30.0988,1000
2026-06-26 18:13:13,111,B+4.5,13,True,False,False,,-1,30.1565,1000
2026-06-26 18:13:53,151,W+0.5,30,True,False,False,,-1,30.3008,1000
2026-06-26 18:14:18,95,W+0.5,5,True,False,False,,-1,30.2134,1000
2026-06-26 18:14:47,108,B+1.5,9,True,False,False,,-1,30.1466,1000
2026-06-26 18:15:16,110,B+2.5,13,True,False,False,,-1,30.1991,1000
2026-06-26 18:15:55,148,B+2.5,9,True,False,False,,-1,30.3003,1000
2026-06-26 18:16:26,106,B+4.5,17,True,False,False,,-1,30.2619,1000
2026-06-26 18:16:51,98,B+5.5,15,True,False,False,,-1,30.161,1000
2026-06-26 18:17:21,117,W+0.5,13,True,False,False,,-1,30.1545,1000
2026-06-26 18:17:53,115,W+9.5,16,True,False,False,,-1,30.1664,1000
2026-06-26 18:18:22,108,W+0.5,15,True,False,False,,-1,30.1952,1000
2026-06-26 18:18:54,122,W+13.5,17,True,False,False,,-1,30.2304,1000
2026-06-26 18:19:35,147,W+5.5,20,True,False,False,,-1,30.3573,1000
2026-06-26 18:20:00,96,B+0.5,6,True,False,False,,-1,30.2853,1000
2026-06-26 18:20:15,54,W+4.5,2,True,False,False,,-1,30.1442,1000
2026-06-26 18:20:46,115,W+2.5,11,True,False,False,,-1,30.2099,1000
2026-06-26 18:21:16,104,B+0.5,13,True,False,False,,-1,30.1286,1000
2026-06-26 18:21:50,123,B+1.5,10,True,False,False,,-1,30.1878,1000
2026-06-26 18:22:20,111,W+2.5,12,True,False,False,,-1,30.1131,1000
2026-06-26 18:23:07,162,W+26.5,12,True,False,False,,-1,30.1014,1000
2026-06-26 18:23:39,117,W+3.5,18,True,False,False,,-1,30.1718,1000
2026-06-26 18:24:05,96,B+3.5,7,True,False,False,,-1,30.3687,1000
2026-06-26 18:24:41,120,B+1.5,19,True,False,False,,-1,30.4535,1000
2026-06-26 18:25:00,71,B+3.5,6,True,False,False,,-1,30.3467,1000
2026-06-26 18:25:31,106,B+3.5,7,True,False,False,,-1,30.3885,1000
2026-06-26 18:26:04,111,W+4.5,9,True,False,False,,-1,30.3741,1000
2026-06-26 18:26:39,125,W+2.5,20,True,False,False,,-1,30.413,1000
2026-06-26 18:27:22,162,W+20.5,20,True,False,False,,-1,30.5179,1000
2026-06-26 18:27:55,117,W+4.5,19,True,False,False,,-1,30.4695,1000
2026-06-26 18:28:31,129,W+0.5,13,True,False,False,,-1,30.5649,1000
2026-06-26 18:29:11,162,W+5.5,21,True,False,False,,-1,30.6479,1000
2026-06-26 18:29:42,124,B+0.5,18,True,False,False,,-1,30.6904,1000
2026-06-26 18:29:51,32,W+7.5,2,True,False,False,,-1,30.64,1000
2026-06-26 18:30:27,134,B+5.5,18,True,False,False,,-1,30.7018,1000
2026-06-26 18:30:53,95,W+3.5,12,True,False,False,,-1,30.6782,1000
2026-06-26 18:31:27,143,B+3.5,24,True,False,False,,-1,30.7642,1000
2026-06-26 18:32:02,134,B+6.5,20,True,False,False,,-1,30.7949,1000
2026-06-26 18:32:39,129,W+5.5,18,True,False,False,,-1,30.8349,1000
2026-06-26 18:33:12,118,B+1.5,16,True,False,False,,-1,31.0862,1000
2026-06-26 18:33:38,99,W+0.5,10,True,False,False,,-1,31.0642,1000
2026-06-26 18:34:05,111,W+1.5,14,True,False,False,,-1,31.0111,1000
2026-06-26 18:34:34,113,W+4.5,18,True,False,False,,-1,31.0143,1000
2026-06-26 18:35:11,145,W+0.5,25,True,False,False,,-1,31.0923,1000
2026-06-26 18:35:37,96,B+3.5,5,True,False,False,,-1,30.9759,1000
2026-06-26 18:36:05,103,W+2.5,14,True,False,False,,-1,30.9457,1000
2026-06-26 18:36:44,139,W+5.5,17,True,False,False,,-1,31.0336,1000
2026-06-26 18:37:12,111,W+2.5,14,True,False,False,,-1,31.0007,1000
2026-06-26 18:37:21,28,W+8.5,2,True,False,False,,-1,30.7987,1000
2026-06-26 18:37:56,126,B+2.5,15,True,False,False,,-1,30.7722,1000
2026-06-26 18:38:20,80,W+8.5,6,True,False,False,,-1,30.7521,1000
2026-06-26 18:38:49,119,W+1.5,13,True,False,False,,-1,30.7527,1000
2026-06-26 18:39:31,161,W+18.5,24,True,False,False,,-1,30.8316,1000
2026-06-26 18:39:54,87,W+2.5,7,True,False,False,,-1,30.8077,1000
2026-06-26 18:40:03,32,W+7.5,3,True,False,False,,-1,30.5866,1000
2026-06-26 18:40:36,127,W+2.5,9,True,False,False,,-1,30.4835,1000
2026-06-26 18:41:08,128,B+1.5,11,True,False,False,,-1,30.4303,1000
2026-06-26 18:41:39,117,W+4.5,16,True,False,False,,-1,30.4188,1000
2026-06-26 18:42:03,98,B+3.5,9,True,False,False,,-1,30.3092,1000
2026-06-26 18:42:21,68,W+5.5,4,True,False,False,,-1,30.2048,1000
2026-06-26 18:42:54,116,B+1.5,8,True,False,False,,-1,30.2357,1000
2026-06-26 18:43:29,130,B+3.5,21,True,False,False,,-1,30.2894,1000
2026-06-26 18:43:59,101,W+0.5,8,True,False,False,,-1,30.2797,1000
2026-06-26 18:44:26,98,B+3.5,9,True,False,False,,-1,30.2258,1000
2026-06-26 18:44:51,93,W+0.5,7,True,False,False,,-1,30.1745,1000
2026-06-26 18:45:19,110,W+5.5,9,True,False,False,,-1,30.1595,1000
2026-06-26 18:45:49,116,B+2.5,12,True,False,False,,-1,30.1217,1000
2026-06-26 18:46:15,89,B+4.5,8,True,False,False,,-1,29.9977,1000
2026-06-26 18:46:29,46,W+6.5,2,True,False,False,,-1,29.8152,1000
2026-06-26 18:47:00,112,B+5.5,18,True,False,False,,-1,29.869,1000
2026-06-26 18:47:38,135,W+0.5,16,True,False,False,,-1,30.1135,1000
2026-06-26 18:48:08,104,B+0.5,15,True,False,False,,-1,30.1115,1000
2026-06-26 18:48:38,110,B+1.5,12,True,False,False,,-1,30.1184,1000
2026-06-26 18:49:05,101,W+1.5,6,True,False,False,,-1,30.0502,1000
2026-06-26 18:49:47,146,B+1.5,13,True,False,False,,-1,30.1717,1000
2026-06-26 18:50:25,132,B+1.5,9,True,False,False,,-1,30.2046,1000
2026-06-26 18:50:51,107,W+1.5,10,True,False,False,,-1,30.1416,1000
2026-06-26 18:51:18,102,B+1.5,12,True,False,False,,-1,30.213,1000
2026-06-26 18:51:49,123,B+4.5,14,True,False,False,,-1,30.2214,1000
2026-06-26 18:52:20,121,W+4.5,20,True,False,False,,-1,30.2315,1000
2026-06-26 18:53:01,160,B+5.5,25,True,False,False,,-1,30.3404,1000
2026-06-26 18:53:27,96,W+3.5,13,True,False,False,,-1,30.3235,1000
2026-06-26 18:53:53,100,B+2.5,8,True,False,False,,-1,30.2068,1000
2026-06-26 18:54:29,162,B+36.5,25,True,False,False,,-1,30.2641,1000
2026-06-26 18:54:54,98,B+0.5,8,True,False,False,,-1,30.2016,1000
2026-06-26 18:55:19,99,W+1.5,13,True,False,False,,-1,30.1143,1000
2026-06-26 18:55:55,137,W+2.5,19,True,False,False,,-1,30.2085,1000
2026-06-26 18:56:24,102,B+1.5,10,True,False,False,,-1,30.1708,1000
2026-06-26 18:56:55,115,W+2.5,14,True,False,False,,-1,30.1872,1000
2026-06-26 18:57:35,151,W+9.5,16,True,False,False,,-1,30.31,1000
2026-06-26 18:58:08,119,W+0.5,16,True,False,False,,-1,30.3416,1000
2026-06-26 18:58:42,133,W+0.5,13,True,False,False,,-1,30.3596,1000
2026-06-26 18:59:14,119,W+0.5,8,True,False,False,,-1,30.3513,1000
2026-06-26 18:59:42,108,B+4.5,12,True,False,False,,-1,30.3304,1000
2026-06-26 19:00:22,138,B+0.5,14,True,False,False,,-1,30.4231,1000
2026-06-26 19:00:29,24,W+6.5,2,True,False,False,,-1,30.2137,1000
2026-06-26 19:00:59,110,B+7.5,11,True,False,False,,-1,30.1864,1000
2026-06-26 19:01:33,129,W+5.5,17,True,False,False,,-1,30.2004,1000
2026-06-26 19:02:05,117,W+1.5,18,True,False,False,,-1,30.164,1000
2026-06-26 19:02:43,158,B+9.5,29,True,False,False,,-1,30.3145,1000
2026-06-26 19:03:13,114,B+0.5,13,True,False,False,,-1,30.2951,1000
2026-06-26 19:03:50,139,B+0.5,17,True,False,False,,-1,30.3623,1000
2026-06-26 19:04:14,92,B+2.5,6,True,False,False,,-1,30.2076,1000
2026-06-26 19:04:32,65,B+0.5,3,True,False,False,,-1,30.1395,1000
2026-06-26 19:04:56,90,B+2.5,5,True,False,False,,-1,30.0859,1000
2026-06-26 19:05:26,121,B+3.5,17,True,False,False,,-1,30.0985,1000
2026-06-26 19:05:50,91,B+8.5,7,True,False,False,,-1,29.9438,1000
2026-06-26 19:06:18,105,W+2.5,16,True,False,False,,-1,29.9202,1000
2026-06-26 19:06:45,97,W+1.5,11,True,False,False,,-1,29.9415,1000
2026-06-26 19:07:17,113,W+0.5,19,True,False,False,,-1,29.9545,1000
2026-06-26 19:07:51,117,W+0.5,11,True,False,False,,-1,29.9792,1000
2026-06-26 19:08:19,98,B+1.5,8,True,False,False,,-1,29.9633,1000
2026-06-26 19:08:47,106,B+4.5,10,True,False,False,,-1,29.9321,1000
2026-06-26 19:09:10,79,B+7.5,3,True,False,False,,-1,29.7391,1000
2026-06-26 19:09:43,128,B+0.5,16,True,False,False,,-1,29.8263,1000
2026-06-26 19:10:16,114,B+0.5,7,True,False,False,,-1,30.0046,1000
2026-06-26 19:10:45,125,B+7.5,19,True,False,False,,-1,29.9826,1000
2026-06-26 19:11:13,108,B+3.5,9,True,False,False,,-1,29.968,1000
2026-06-26 19:11:43,122,B+0.5,12,True,False,False,,-1,29.919,1000
2026-06-26 19:11:59,58,W+6.5,2,True,False,False,,-1,29.7827,1000
2026-06-26 19:12:22,87,B+12.5,5,True,False,False,,-1,29.551,1000
2026-06-26 19:12:54,115,W+1.5,14,True,False,False,,-1,29.5392,1000
2026-06-26 19:13:18,85,B+2.5,6,True,False,False,,-1,29.5305,1000
2026-06-26 19:13:54,118,B+1.5,12,True,False,False,,-1,29.5254,1000
2026-06-26 19:14:12,65,B+0.5,3,True,False,False,,-1,29.5175,1000
2026-06-26 19:14:48,127,W+6.5,8,True,False,False,,-1,29.5724,1000
2026-06-26 19:15:17,103,W+0.5,10,True,False,False,,-1,29.5236,1000
2026-06-26 19:15:48,105,W+5.5,11,True,False,False,,-1,29.4895,1000
2026-06-26 19:16:12,93,B+0.5,5,True,False,False,,-1,29.2935,1000
2026-06-26 19:16:21,32,W+7.5,2,True,False,False,,-1,29.0594,1000
2026-06-26 19:16:52,113,W+3.5,13,True,False,False,,-1,29.0137,1000
2026-06-26 19:17:12,69,B+1.5,2,True,False,False,,-1,28.8053,1000
2026-06-26 19:17:27,56,W+7.5,3,True,False,False,,-1,28.6475,1000
2026-06-26 19:17:54,97,B+6.5,4,True,False,False,,-1,28.8294,1000
2026-06-26 19:18:26,123,B+0.5,19,True,False,False,,-1,28.7823,1000
2026-06-26 19:18:47,79,B+8.5,5,True,False,False,,-1,28.732,1000
2026-06-26 19:19:15,107,W+2.5,11,True,False,False,,-1,28.6696,1000
2026-06-26 19:19:21,22,W+7.5,2,True,False,False,,-1,28.3812,1000
2026-06-26 19:19:28,24,W+7.5,2,True,False,False,,-1,28.0857,1000
2026-06-26 19:19:51,89,W+9.5,8,True,False,False,,-1,27.9849,1000
2026-06-26 19:20:21,108,B+3.5,8,True,False,False,,-1,28.0322,1000
2026-06-26 19:20:59,150,B+9.5,37,True,False,False,,-1,28.1322,1000
2026-06-26 19:21:43,162,W+6.5,32,True,False,False,,-1,28.2836,1000
2026-06-26 19:22:15,112,B+1.5,18,True,False,False,,-1,28.2419,1000
2026-06-26 19:22:42,105,B+15.5,11,True,False,False,,-1,28.2512,1000
2026-06-26 19:23:10,110,B+1.5,8,True,False,False,,-1,28.2509,1000
2026-06-26 19:23:50,155,W+19.5,30,True,False,False,,-1,28.2619,1000
2026-06-26 19:24:16,96,B+4.5,7,True,False,False,,-1,28.2346,1000
2026-06-26 19:24:48,111,W+0.5,11,True,False,False,,-1,28.4703,1000
2026-06-26 19:25:17,108,B+0.5,9,True,False,False,,-1,28.4092,1000
2026-06-26 19:25:43,104,B+5.5,18,True,False,False,,-1,28.431,1000
2026-06-26 19:26:14,120,W+2.5,20,True,False,False,,-1,28.4382,1000
2026-06-26 19:26:41,106,B+1.5,11,True,False,False,,-1,28.3016,1000
2026-06-26 19:26:51,36,W+7.5,2,True,False,False,,-1,28.1702,1000
2026-06-26 19:27:24,122,B+1.5,18,True,False,False,,-1,28.4054,1000
2026-06-26 19:28:01,136,B+3.5,16,True,False,False,,-1,28.4466,1000
2026-06-26 19:28:38,140,B+2.5,25,True,False,False,,-1,28.5055,1000
2026-06-26 19:29:07,107,B+2.5,12,True,False,False,,-1,28.4781,1000
2026-06-26 19:29:34,102,B+2.5,8,True,False,False,,-1,28.5009,1000
2026-06-26 19:30:05,105,W+2.5,8,True,False,False,,-1,28.6374,1000
2026-06-26 19:30:39,121,B+1.5,18,True,False,False,,-1,28.6526,1000
2026-06-26 19:31:15,126,B+2.5,22,True,False,False,,-1,28.6625,1000
2026-06-26 19:31:58,156,B+1.5,20,True,False,False,,-1,28.7923,1000
2026-06-26 19:32:19,69,B+4.5,3,True,False,False,,-1,28.7292,1000
2026-06-26 19:32:49,105,W+0.5,17,True,False,False,,-1,28.78,1000
2026-06-26 19:33:15,97,W+0.5,9,True,False,False,,-1,28.76,1000
2026-06-26 19:33:50,115,W+2.5,13,True,False,False,,-1,28.814,1000
2026-06-26 19:34:31,162,B+22.5,36,True,False,False,,-1,28.9649,1000
2026-06-26 19:34:59,106,B+3.5,8,True,False,False,,-1,29.0988,1000
2026-06-26 19:35:30,112,B+3.5,6,True,False,False,,-1,29.0991,1000
2026-06-26 19:35:59,117,B+1.5,16,True,False,False,,-1,29.0098,1000
2026-06-26 19:36:14,52,W+11.5,2,True,False,False,,-1,28.8594,1000
2026-06-26 19:36:38,93,W+2.5,11,True,False,False,,-1,28.8065,1000
2026-06-26 19:37:14,134,B+3.5,9,True,False,False,,-1,28.8874,1000
2026-06-26 19:37:43,94,B+3.5,9,True,False,False,,-1,28.7582,1000
2026-06-26 19:38:09,97,W+0.5,9,True,False,False,,-1,28.6392,1000
2026-06-26 19:38:40,124,B+9.5,17,True,False,False,,-1,28.6818,1000
2026-06-26 19:39:12,129,W+1.5,18,True,False,False,,-1,28.7424,1000
2026-06-26 19:39:54,162,B+8.5,24,True,False,False,,-1,28.8519,1000
2026-06-26 19:40:24,105,W+2.5,8,True,False,False,,-1,28.8351,1000
2026-06-26 19:40:52,104,B+2.5,13,True,False,False,,-1,28.7161,1000
2026-06-26 19:41:25,129,W+2.5,22,True,False,False,,-1,28.7789,1000
2026-06-26 19:42:02,129,W+1.5,17,True,False,False,,-1,28.8926,1000
2026-06-26 19:42:32,117,W+1.5,13,True,False,False,,-1,28.8279,1000
2026-06-26 19:42:57,88,W+3.5,4,True,False,False,,-1,28.8231,1000
2026-06-26 19:43:33,136,B+21.5,11,True,False,False,,-1,28.9315,1000
2026-06-26 19:44:03,113,W+0.5,12,True,False,False,,-1,28.8772,1000
2026-06-26 19:44:21,73,B+0.5,4,True,False,False,,-1,28.7706,1000
2026-06-26 19:44:56,122,B+3.5,10,True,False,False,,-1,28.8026,1000
2026-06-26 19:45:23,103,W+1.5,11,True,False,False,,-1,28.6797,1000
2026-06-26 19:46:05,161,B+7.5,24,True,False,False,,-1,28.7699,1000
2026-06-26 19:46:38,123,W+1.5,20,True,False,False,,-1,28.7598,1000
2026-06-26 19:47:08,119,W+1.5,19,True,False,False,,-1,28.737,1000
2026-06-26 19:49:42,102,B+10.5,13,True,False,False,,-1,28.6072,2000
2026-06-26 19:50:16,137,W+0.5,25,True,False,False,,-1,28.8737,2000
2026-06-26 19:50:40,85,B+3.5,11,True,False,False,,-1,28.8172,2000
2026-06-26 19:51:15,127,W+0.5,18,True,False,False,,-1,28.827,2000
2026-06-26 19:52:02,160,B+1.5,19,True,False,False,,-1,28.9807,2000
2026-06-26 19:52:34,132,W+1.5,22,True,False,False,,-1,28.9219,2000
2026-06-26 19:53:15,162,B+8.5,35,True,False,False,,-1,29.0172,2000
2026-06-26 19:53:44,110,B+6.5,24,True,False,False,,-1,28.9494,2000
2026-06-26 19:54:15,123,W+2.5,13,True,False,False,,-1,29.0129,2000
2026-06-26 19:54:43,117,W+2.5,16,True,False,False,,-1,29.1166,2000
2026-06-26 19:55:14,115,B+5.5,18,True,False,False,,-1,29.1838,2000
2026-06-26 19:55:55,162,B+16.5,30,True,False,False,,-1,29.2922,2000
2026-06-26 19:56:24,119,W+2.5,16,True,False,False,,-1,29.3432,2000
2026-06-26 19:56:50,103,W+0.5,13,True,False,False,,-1,29.3225,2000
2026-06-26 19:57:14,89,W+1.5,12,True,False,False,,-1,29.2922,2000
2026-06-26 19:57:55,161,W+0.5,30,True,False,False,,-1,29.3803,2000
2026-06-26 19:58:26,119,W+0.5,19,True,False,False,,-1,29.3527,2000
2026-06-26 19:58:54,104,B+2.5,16,True,False,False,,-1,29.3566,2000
2026-06-26 19:59:04,34,W+10.5,2,True,False,False,,-1,29.1671,2000
2026-06-26 19:59:33,109,W+4.5,14,True,False,False,,-1,29.2423,2000
2026-06-26 19:59:59,99,W+1.5,14,True,False,False,,-1,29.1646,2000
2026-06-26 20:00:40,162,W+1.5,41,True,False,False,,-1,29.2424,2000
2026-06-26 20:01:09,113,W+5.5,20,True,False,False,,-1,29.2489,2000
2026-06-26 20:01:45,136,B+3.5,19,True,False,False,,-1,29.3178,2000
2026-06-26 20:02:16,125,B+0.5,20,True,False,False,,-1,29.3371,2000
2026-06-26 20:02:52,156,B+4.5,35,True,False,False,,-1,29.5358,2000
2026-06-26 20:03:27,134,B+7.5,26,True,False,False,,-1,29.655,2000
2026-06-26 20:03:54,100,B+4.5,13,True,False,False,,-1,29.6081,2000
2026-06-26 20:04:23,118,B+8.5,18,True,False,False,,-1,29.6498,2000
2026-06-26 20:04:59,153,B+6.5,35,True,False,False,,-1,29.6589,2000
2026-06-26 20:05:29,117,B+3.5,15,True,False,False,,-1,29.772,2000
2026-06-26 20:05:53,96,W+3.5,12,True,False,False,,-1,29.6552,2000
2026-06-26 20:06:28,147,B+3.5,26,True,False,False,,-1,29.7186,2000
2026-06-26 20:06:58,110,B+7.5,16,True,False,False,,-1,29.7036,2000
2026-06-26 20:07:35,162,B+1.5,35,True,False,False,,-1,29.8395,2000
2026-06-26 20:08:07,121,W+2.5,18,True,False,False,,-1,30.0657,2000
2026-06-26 20:08:35,118,B+5.5,18,True,False,False,,-1,30.0354,2000
2026-06-26 20:09:10,139,W+2.5,26,True,False,False,,-1,30.1856,2000
2026-06-26 20:09:40,127,B+3.5,20,True,False,False,,-1,30.3324,2000
2026-06-26 20:10:12,143,W+6.5,26,True,False,False,,-1,30.3841,2000
2026-06-26 20:10:52,153,W+2.5,17,True,False,False,,-1,30.4606,2000
2026-06-26 20:11:20,109,W+2.5,16,True,False,False,,-1,30.5398,2000
2026-06-26 20:11:49,115,W+0.5,14,True,False,False,,-1,30.5519,2000
2026-06-26 20:12:32,159,W+2.5,36,True,False,False,,-1,30.9158,2000
2026-06-26 20:13:01,125,B+2.5,26,True,False,False,,-1,31.1333,2000
2026-06-26 20:13:42,154,W+1.5,21,True,False,False,,-1,31.3133,2000
2026-06-26 20:14:06,91,W+1.5,8,True,False,False,,-1,31.2487,2000
2026-06-26 20:14:44,134,B+1.5,27,True,False,False,,-1,31.2599,2000
2026-06-26 20:15:22,162,B+10.5,33,True,False,False,,-1,31.1974,2000
2026-06-26 20:15:54,109,B+3.5,10,True,False,False,,-1,31.1883,2000
2026-06-26 20:16:23,123,W+9.5,24,True,False,False,,-1,31.2109,2000
2026-06-26 20:16:55,124,B+1.5,18,True,False,False,,-1,31.2469,2000
2026-06-26 20:17:19,99,B+0.5,12,True,False,False,,-1,31.0914,2000
2026-06-26 20:17:52,137,B+2.5,29,True,False,False,,-1,31.1604,2000
2026-06-26 20:18:25,137,W+8.5,23,True,False,False,,-1,31.1755,2000
2026-06-26 20:18:58,125,W+1.5,24,True,False,False,,-1,31.217,2000
2026-06-26 20:19:29,127,W+6.5,18,True,False,False,,-1,31.2613,2000
2026-06-26 20:19:59,120,B+0.5,16,True,False,False,,-1,31.2614,2000
2026-06-26 20:20:25,103,W+0.5,13,True,False,False,,-1,31.2436,2000
2026-06-26 20:20:30,20,W+7.5,2,True,False,False,,-1,31.1969,2000
2026-06-26 20:20:53,91,W+0.5,6,True,False,False,,-1,31.0999,2000
2026-06-26 20:21:19,99,W+2.5,6,True,False,False,,-1,30.9843,2000
2026-06-26 20:21:53,134,W+1.5,23,True,False,False,,-1,30.9494,2000
2026-06-26 20:22:21,108,W+3.5,14,True,False,False,,-1,30.9461,2000
2026-06-26 20:22:48,97,B+3.5,10,True,False,False,,-1,30.9443,2000
2026-06-26 20:23:20,128,B+1.5,17,True,False,False,,-1,30.9482,2000
2026-06-26 20:23:35,53,B+1.5,2,True,False,False,,-1,30.7609,2000
2026-06-26 20:24:08,133,W+1.5,27,True,False,False,,-1,30.726,2000
2026-06-26 20:24:37,116,B+5.5,22,True,False,False,,-1,30.5897,2000
2026-06-26 20:25:10,117,W+2.5,16,True,False,False,,-1,30.7149,2000
2026-06-26 20:25:45,146,W+0.5,17,True,False,False,,-1,30.7606,2000
2026-06-26 20:26:09,97,B+1.5,6,True,False,False,,-1,30.7345,2000
2026-06-26 20:26:39,122,B+0.5,18,True,False,False,,-1,30.6941,2000
2026-06-26 20:27:10,133,B+0.5,20,True,False,False,,-1,30.5929,2000
2026-06-26 20:27:19,34,W+6.5,2,True,False,False,,-1,30.4079,2000
2026-06-26 20:27:49,116,B+1.5,20,True,False,False,,-1,30.3901,2000
2026-06-26 20:28:19,112,B+2.5,12,True,False,False,,-1,30.4054,2000
2026-06-26 20:28:29,40,W+9.5,2,True,False,False,,-1,30.3536,2000
2026-06-26 20:28:58,114,B+1.5,14,True,False,False,,-1,30.4036,2000
2026-06-26 20:29:30,122,B+7.5,22,True,False,False,,-1,30.3541,2000
2026-06-26 20:29:55,97,W+2.5,12,True,False,False,,-1,30.3269,2000
2026-06-26 20:30:24,111,W+3.5,13,True,False,False,,-1,30.3581,2000
2026-06-26 20:31:05,162,B+2.5,20,True,False,False,,-1,30.4534,2000
2026-06-26 20:31:34,107,W+0.5,10,True,False,False,,-1,30.4194,2000
2026-06-26 20:31:51,62,W+2.5,7,True,False,False,,-1,30.1701,2000
2026-06-26 20:32:32,161,W+0.5,25,True,False,False,,-1,30.2807,2000
2026-06-26 20:33:05,131,W+1.5,25,True,False,False,,-1,30.3258,2000
2026-06-26 20:33:33,109,B+2.5,14,True,False,False,,-1,30.288,2000
2026-06-26 20:34:00,101,B+0.5,10,True,False,False,,-1,30.182,2000
2026-06-26 20:34:28,101,W+0.5,7,True,False,False,,-1,30.1638,2000
2026-06-26 20:34:54,99,B+2.5,10,True,False,False,,-1,30.1784,2000
2026-06-26 20:35:31,143,W+2.5,23,True,False,False,,-1,30.1906,2000
2026-06-26 20:35:54,90,B+1.5,12,True,False,False,,-1,30.1228,2000
2026-06-26 20:36:06,44,W+6.5,2,True,False,False,,-1,30.048,2000
2026-06-26 20:36:48,162,B+10.5,30,True,False,False,,-1,30.1213,2000
2026-06-26 20:37:21,128,B+3.5,15,True,False,False,,-1,30.1856,2000
2026-06-26 20:37:49,106,B+1.5,11,True,False,False,,-1,30.0395,2000
2026-06-26 20:38:18,106,B+2.5,12,True,False,False,,-1,30.0078,2000
2026-06-26 20:38:56,139,W+0.5,26,True,False,False,,-1,30.0773,2000
2026-06-26 20:39:28,119,W+1.5,17,True,False,False,,-1,30.1435,2000
2026-06-26 20:39:36,32,W+7.5,2,True,False,False,,-1,29.9311,2000
2026-06-26 20:40:14,153,W+2.5,29,True,False,False,,-1,29.975,2000
2026-06-26 20:40:47,130,B+1.5,22,True,False,False,,-1,30.0618,2000
2026-06-26 20:41:22,135,B+1.5,21,True,False,False,,-1,30.0645,2000
2026-06-26 20:41:47,100,B+4.5,16,True,False,False,,-1,29.849,2000
2026-06-26 20:42:22,135,B+2.5,22,True,False,False,,-1,29.8705,2000
2026-06-26 20:43:00,154,W+8.5,25,True,False,False,,-1,29.8498,2000
2026-06-26 20:43:26,103,B+5.5,13,True,False,False,,-1,29.8153,2000
2026-06-26 20:43:49,79,W+2.5,5,True,False,False,,-1,29.738,2000
2026-06-26 20:44:17,105,W+4.5,15,True,False,False,,-1,29.7325,2000
2026-06-26 20:44:57,162,W+19.5,42,True,False,False,,-1,29.8205,2000
2026-06-26 20:45:23,94,W+0.5,13,True,False,False,,-1,29.6757,2000
2026-06-26 20:45:51,102,W+6.5,14,True,False,False,,-1,29.6702,2000
2026-06-26 20:46:23,131,B+3.5,21,True,False,False,,-1,29.73,2000
2026-06-26 20:46:40,60,W+5.5,2,True,False,False,,-1,29.6581,2000
2026-06-26 20:47:11,125,W+1.5,18,True,False,False,,-1,29.5589,2000
2026-06-26 20:47:45,144,W+2.5,27,True,False,False,,-1,29.5943,2000
2026-06-26 20:48:25,161,W+3.5,31,True,False,False,,-1,29.7044,2000
2026-06-26 20:48:58,127,B+1.5,18,True,False,False,,-1,29.9378,2000
2026-06-26 20:49:27,117,W+0.5,19,True,False,False,,-1,29.9367,2000
2026-06-26 20:49:59,116,B+0.5,13,True,False,False,,-1,29.9995,2000
2026-06-26 20:50:22,91,B+2.5,10,True,False,False,,-1,29.8272,2000
2026-06-26 20:50:57,128,W+3.5,20,True,False,False,,-1,29.8696,2000
2026-06-26 20:51:38,162,B+17.5,38,True,False,False,,-1,29.9261,2000
2026-06-26 20:52:06,109,W+0.5,15,True,False,False,,-1,29.8986,2000
2026-06-26 20:52:34,110,W+2.5,18,True,False,False,,-1,29.8173,2000
2026-06-26 20:53:12,162,W+7.5,35,True,False,False,,-1,29.8446,2000
2026-06-26 20:53:40,105,B+2.5,15,True,False,False,,-1,29.8617,2000
2026-06-26 20:54:09,107,W+1.5,10,True,False,False,,-1,29.8599,2000
2026-06-26 20:54:47,147,W+3.5,33,True,False,False,,-1,29.8722,2000
2026-06-26 20:55:13,101,B+1.5,7,True,False,False,,-1,29.8369,2000
2026-06-26 20:55:39,97,B+3.5,11,True,False,False,,-1,29.8552,2000
2026-06-26 20:56:11,136,B+0.5,21,True,False,False,,-1,29.8278,2000
2026-06-26 20:56:44,124,B+3.5,16,True,False,False,,-1,29.857,2000
2026-06-26 20:57:01,65,B+4.5,2,True,False,False,,-1,29.6574,2000
2026-06-26 20:57:33,115,W+4.5,12,True,False,False,,-1,29.6561,2000
2026-06-26 20:58:06,129,W+0.5,24,True,False,False,,-1,29.7041,2000
2026-06-26 20:58:32,108,B+12.5,16,True,False,False,,-1,29.6213,2000
2026-06-26 20:58:58,103,W+2.5,17,True,False,False,,-1,29.572,2000
2026-06-26 20:59:26,105,B+1.5,10,True,False,False,,-1,29.5324,2000
2026-06-26 21:00:00,136,B+3.5,25,True,False,False,,-1,29.4863,2000
2026-06-26 21:00:28,110,B+2.5,16,True,False,False,,-1,29.4758,2000
2026-06-26 21:00:58,112,B+8.5,16,True,False,False,,-1,29.4809,2000
2026-06-26 21:01:25,116,W+0.5,13,True,False,False,,-1,29.3316,2000
2026-06-26 21:01:51,91,W+4.5,11,True,False,False,,-1,29.2986,2000
2026-06-26 21:02:24,129,B+3.5,22,True,False,False,,-1,29.2188,2000
2026-06-26 21:02:56,127,W+0.5,28,True,False,False,,-1,29.303,2000
2026-06-26 21:03:24,106,B+2.5,14,True,False,False,,-1,29.1926,2000
2026-06-26 21:03:55,122,W+2.5,19,True,False,False,,-1,29.1257,2000
2026-06-26 21:04:28,128,W+1.5,20,True,False,False,,-1,29.1382,2000
2026-06-26 21:05:09,159,B+0.5,32,True,False,False,,-1,29.2587,2000
2026-06-26 21:05:44,132,B+2.5,21,True,False,False,,-1,29.2898,2000
2026-06-26 21:06:25,158,W+0.5,32,True,False,False,,-1,29.4575,2000
2026-06-26 21:07:00,148,B+0.5,30,True,False,False,,-1,29.4797,2000
2026-06-26 21:07:15,61,B+2.5,4,True,False,False,,-1,29.2937,2000
2026-06-26 21:07:45,119,W+0.5,16,True,False,False,,-1,29.2653,2000
2026-06-26 21:08:20,162,W+6.5,31,True,False,False,,-1,29.305,2000
2026-06-26 21:08:47,108,B+2.5,12,True,False,False,,-1,29.2781,2000
2026-06-26 21:09:16,104,B+2.5,15,True,False,False,,-1,29.3075,2000
2026-06-26 21:09:27,36,W+5.5,2,True,False,False,,-1,29.3589,2000
2026-06-26 21:10:06,160,B+3.5,35,True,False,False,,-1,29.5209,2000
2026-06-26 21:10:14,28,W+7.5,2,True,False,False,,-1,29.3477,2000
2026-06-26 21:10:45,120,B+5.5,9,True,False,False,,-1,29.3136,2000
2026-06-26 21:11:19,134,B+1.5,18,True,False,False,,-1,29.3732,2000
2026-06-26 21:11:51,125,B+3.5,16,True,False,False,,-1,29.4353,2000
2026-06-26 21:12:19,102,B+1.5,12,True,False,False,,-1,29.3837,2000
2026-06-26 21:12:58,153,B+1.5,33,True,False,False,,-1,29.6321,2000
2026-06-26 21:13:04,22,W+7.5,2,True,False,False,,-1,29.3642,2000
2026-06-26 21:13:34,126,B+0.5,26,True,False,False,,-1,29.3688,2000
2026-06-26 21:14:00,102,B+6.5,14,True,False,False,,-1,29.2944,2000
2026-06-26 21:14:12,46,W+5.5,2,True,False,False,,-1,29.0671,2000
2026-06-26 21:14:43,111,W+0.5,9,True,False,False,,-1,29.1376,2000
2026-06-26 21:15:18,148,B+4.5,29,True,False,False,,-1,29.1879,2000
2026-06-26 21:15:42,91,B+2.5,9,True,False,False,,-1,29.1159,2000
2026-06-26 21:16:05,88,B+1.5,9,True,False,False,,-1,29.2523,2000
2026-06-26 21:16:42,138,B+6.5,21,True,False,False,,-1,29.3297,2000
2026-06-26 21:17:08,97,W+5.5,10,True,False,False,,-1,29.2884,2000
2026-06-26 21:17:38,116,B+1.5,16,True,False,False,,-1,29.4879,2000
2026-06-26 21:18:02,92,B+1.5,7,True,False,False,,-1,29.4337,2000
2026-06-26 21:18:29,108,B+1.5,15,True,False,False,,-1,29.3907,2000
2026-06-26 21:18:59,115,W+4.5,18,True,False,False,,-1,29.4384,2000
2026-06-26 21:19:26,98,B+4.5,13,True,False,False,,-1,29.4115,2000
2026-06-26 21:19:51,92,B+2.5,9,True,False,False,,-1,29.2586,2000
2026-06-26 21:20:15,91,B+2.5,7,True,False,False,,-1,29.2123,2000
2026-06-26 21:20:42,97,B+4.5,6,True,False,False,,-1,29.3122,2000
2026-06-26 21:21:18,136,B+3.5,24,True,False,False,,-1,29.2617,2000
2026-06-26 21:21:29,38,W+9.5,2,True,False,False,,-1,29.0406,2000
2026-06-26 21:21:55,98,W+2.5,12,True,False,False,,-1,29.0156,2000
2026-06-26 21:22:17,85,W+2.5,11,True,False,False,,-1,28.9626,2000
2026-06-26 21:22:58,158,W+4.5,26,True,False,False,,-1,29.1012,2000
2026-06-26 21:23:24,107,B+2.5,13,True,False,False,,-1,29.0996,2000
2026-06-26 21:23:52,109,B+0.5,14,True,False,False,,-1,29.0029,2000
2026-06-26 21:24:21,117,B+2.5,16,True,False,False,,-1,29.0612,2000
2026-06-26 21:24:48,108,B+1.5,14,True,False,False,,-1,29.2256,2000
2026-06-26 21:25:13,90,B+0.5,7,True,False,False,,-1,29.0478,2000
2026-06-26 21:25:43,120,B+0.5,17,True,False,False,,-1,29.021,2000
2026-06-26 21:26:15,127,B+4.5,22,True,False,False,,-1,29.0673,2000
2026-06-26 21:26:56,162,W+10.5,37,True,False,False,,-1,29.1773,2000
2026-06-26 21:27:36,162,W+0.5,17,True,False,False,,-1,29.2016,2000
2026-06-26 21:27:57,73,B+6.5,2,True,False,False,,-1,29.091,2000
2026-06-26 21:28:26,117,W+2.5,17,True,False,False,,-1,29.3014,2000
2026-06-26 21:28:47,84,B+5.5,9,True,False,False,,-1,29.1294,2000
2026-06-26 21:29:14,96,W+9.5,8,True,False,False,,-1,29.0732,2000
2026-06-26 21:29:43,116,B+0.5,16,True,False,False,,-1,29.0112,2000
2026-06-26 21:30:15,136,W+9.5,23,True,False,False,,-1,29.0757,2000
2026-06-26 21:30:47,122,W+0.5,19,True,False,False,,-1,29.0545,2000
2026-06-26 21:31:21,122,B+1.5,22,True,False,False,,-1,29.0107,2000
2026-06-26 21:31:45,93,B+0.5,5,True,False,False,,-1,28.9903,2000
2026-06-26 21:32:01,53,B+0.5,5,True,False,False,,-1,28.9122,2000
2026-06-26 21:32:41,162,B+1.5,36,True,False,False,,-1,29.0393,2000
2026-06-26 21:32:48,26,W+8.5,2,True,False,False,,-1,28.7151,2000
2026-06-26 21:33:13,98,W+0.5,7,True,False,False,,-1,28.7042,2000
2026-06-26 21:33:42,110,B+6.5,14,True,False,False,,-1,28.7125,2000
2026-06-26 21:34:07,94,B+1.5,11,True,False,False,,-1,28.6381,2000
2026-06-26 21:34:34,103,B+2.5,7,True,False,False,,-1,28.7417,2000
2026-06-26 21:34:59,99,W+0.5,11,True,False,False,,-1,28.681,2000
2026-06-26 21:35:28,114,B+0.5,18,True,False,False,,-1,28.6245,2000
2026-06-26 21:35:52,86,B+4.5,7,True,False,False,,-1,28.474,2000
2026-06-26 21:36:25,128,W+0.5,16,True,False,False,,-1,28.4659,2000
2026-06-26 21:36:59,129,W+0.5,19,True,False,False,,-1,28.5116,2000
2026-06-26 21:37:25,103,B+1.5,10,True,False,False,,-1,28.4559,2000
2026-06-26 21:38:00,132,B+1.5,21,True,False,False,,-1,28.5767,2000
2026-06-26 21:38:27,100,B+3.5,11,True,False,False,,-1,28.5016,2000
2026-06-26 21:39:04,129,B+3.5,23,True,False,False,,-1,28.4632,2000
2026-06-26 21:39:36,135,W+1.5,23,True,False,False,,-1,28.4989,2000
2026-06-26 21:39:43,22,W+7.5,2,True,False,False,,-1,28.2879,2000
2026-06-26 21:39:49,20,W+7.5,2,True,False,False,,-1,27.9611,2000
2026-06-26 21:40:24,151,W+0.5,22,True,False,False,,-1,28.0324,2000
2026-06-26 21:40:50,95,B+4.5,10,True,False,False,,-1,28.0073,2000
2026-06-26 21:41:14,92,B+1.5,9,True,False,False,,-1,27.8718,2000
2026-06-26 21:41:21,26,W+7.5,2,True,False,False,,-1,27.6762,2000
2026-06-26 21:41:54,141,W+4.5,25,True,False,False,,-1,27.7483,2000
2026-06-26 21:42:22,101,W+7.5,11,True,False,False,,-1,27.7043,2000
2026-06-26 21:42:59,140,W+0.5,26,True,False,False,,-1,27.7537,2000
2026-06-26 21:43:32,135,B+1.5,28,True,False,False,,-1,27.9037,2000
2026-06-26 21:44:06,161,B+1.5,20,True,False,False,,-1,27.9241,2000
2026-06-26 21:44:40,129,B+0.5,23,True,False,False,,-1,27.9416,2000
2026-06-26 21:45:17,153,B+3.5,29,True,False,False,,-1,28.0483,2000
2026-06-26 21:45:46,117,W+0.5,18,True,False,False,,-1,28.076,2000
2026-06-26 21:46:15,119,B+3.5,15,True,False,False,,-1,28.0874,2000
2026-06-26 21:46:48,128,B+4.5,19,True,False,False,,-1,28.0706,2000
2026-06-26 21:47:16,113,W+3.5,12,True,False,False,,-1,28.079,2000
2026-06-26 21:47:46,115,W+7.5,17,True,False,False,,-1,28.085,2000
2026-06-26 21:48:12,99,W+0.5,9,True,False,False,,-1,28.0669,2000
2026-06-26 21:48:41,108,W+0.5,14,True,False,False,,-1,28.099,2000
2026-06-26 21:49:12,117,W+1.5,18,True,False,False,,-1,28.0777,2000
2026-06-26 21:49:41,115,B+1.5,11,True,False,False,,-1,28.042,2000
2026-06-26 21:50:09,106,B+2.5,12,True,False,False,,-1,28.0487,2000
2026-06-26 21:50:34,101,B+2.5,10,True,False,False,,-1,27.9849,2000
2026-06-26 21:51:04,122,B+2.5,19,True,False,False,,-1,27.9566,2000
2026-06-26 21:51:40,153,W+0.5,31,True,False,False,,-1,27.9056,2000
2026-06-26 21:52:22,161,W+10.5,35,True,False,False,,-1,27.9806,2000
2026-06-26 21:52:54,133,B+3.5,28,True,False,False,,-1,27.893,2000
2026-06-26 21:53:28,136,B+4.5,25,True,False,False,,-1,27.8783,2000
2026-06-26 21:53:57,115,B+5.5,16,True,False,False,,-1,28.0245,2000
2026-06-26 21:54:25,96,B+1.5,5,True,False,False,,-1,27.9959,2000
2026-06-26 21:54:52,106,B+1.5,15,True,False,False,,-1,27.9193,2000
2026-06-26 21:55:24,122,B+1.5,17,True,False,False,,-1,27.9612,2000
2026-06-26 21:55:53,115,B+0.5,15,True,False,False,,-1,27.9623,2000
2026-06-26 21:56:27,125,B+7.5,22,True,False,False,,-1,28.2029,2000
2026-06-26 21:57:03,155,B+3.5,26,True,False,False,,-1,28.1732,2000
2026-06-26 21:57:31,109,W+1.5,12,True,False,False,,-1,28.3724,2000
2026-06-26 21:57:59,106,W+0.5,11,True,False,False,,-1,28.3362,2000
2026-06-26 21:58:28,111,B+6.5,5,True,False,False,,-1,28.2838,2000
2026-06-26 21:59:06,162,B+9.5,29,True,False,False,,-1,28.343,2000
2026-06-26 21:59:36,109,W+1.5,15,True,False,False,,-1,28.3766,2000
2026-06-26 22:00:08,137,B+3.5,29,True,False,False,,-1,28.2952,2000
2026-06-26 22:00:42,119,W+1.5,14,True,False,False,,-1,28.5761,2000
2026-06-26 22:01:10,111,W+4.5,11,True,False,False,,-1,28.5594,2000
2026-06-26 22:01:36,90,B+1.5,7,True,False,False,,-1,28.5594,2000
2026-06-26 22:02:06,121,W+1.5,13,True,False,False,,-1,28.7389,2000
2026-06-26 22:02:37,124,B+14.5,20,True,False,False,,-1,28.744,2000
2026-06-26 22:03:03,108,B+3.5,14,True,False,False,,-1,28.6459,2000
2026-06-26 22:03:28,92,B+2.5,4,True,False,False,,-1,28.6587,2000
2026-06-26 22:04:03,140,B+0.5,26,True,False,False,,-1,28.7822,2000
2026-06-26 22:04:46,162,W+29.5,31,True,False,False,,-1,28.8367,2000
2026-06-26 22:05:26,162,W+4.5,33,True,False,False,,-1,28.9692,2000
2026-06-26 22:05:52,102,B+1.5,9,True,False,False,,-1,28.9408,2000
2026-06-26 22:06:18,100,B+0.5,12,True,False,False,,-1,28.9572,2000
2026-06-26 22:06:48,113,W+4.5,15,True,False,False,,-1,28.9914,2000
2026-06-26 22:07:15,102,B+1.5,15,True,False,False,,-1,28.951,2000
2026-06-26 22:07:51,137,W+12.5,24,True,False,False,,-1,29.0524,2000
2026-06-26 22:08:20,101,W+4.5,7,True,False,False,,-1,29.0896,2000
2026-06-26 22:08:44,95,B+3.5,6,True,False,False,,-1,29.0896,2000
2026-06-26 22:09:02,63,B+5.5,6,True,False,False,,-1,28.9912,2000
2026-06-26 22:09:37,162,W+8.5,16,True,False,False,,-1,28.992,2000
2026-06-26 22:10:05,100,B+5.5,11,True,False,False,,-1,29.1521,2000
2026-06-26 22:10:28,98,B+10.5,11,True,False,False,,-1,29.126,2000
2026-06-26 22:11:01,162,B+14.5,27,True,False,False,,-1,29.2378,2000
2026-06-26 22:11:25,99,W+2.5,10,True,False,False,,-1,29.0699,2000
2026-06-26 22:12:01,146,B+1.5,20,True,False,False,,-1,29.1684,2000
2026-06-26 22:12:37,149,B+2.5,30,True,False,False,,-1,29.2486,2000
2026-06-26 22:13:05,101,W+0.5,12,True,False,False,,-1,29.2351,2000
2026-06-26 22:13:37,120,B+3.5,16,True,False,False,,-1,29.2792,2000
2026-06-26 22:14:06,110,B+5.5,15,True,False,False,,-1,29.3298,2000
2026-06-26 22:14:12,26,W+7.5,2,True,False,False,,-1,29.0892,2000
2026-06-26 22:14:47,135,B+0.5,20,True,False,False,,-1,29.1084,2000
2026-06-26 22:15:25,154,B+1.5,25,True,False,False,,-1,29.0872,2000
2026-06-26 22:15:50,99,W+2.5,10,True,False,False,,-1,28.9332,2000
2026-06-26 22:16:21,114,B+1.5,16,True,False,False,,-1,29.0355,2000
2026-06-26 22:16:47,101,W+0.5,15,True,False,False,,-1,29.0023,2000
2026-06-26 22:17:07,69,B+2.5,4,True,False,False,,-1,28.9933,2000
2026-06-26 22:17:32,93,W+3.5,11,True,False,False,,-1,28.972,2000
2026-06-26 22:17:55,90,B+6.5,8,True,False,False,,-1,28.9103,2000
2026-06-26 22:18:25,113,W+1.5,19,True,False,False,,-1,28.8941,2000
2026-06-26 22:19:04,137,W+3.5,22,True,False,False,,-1,28.9672,2000
2026-06-26 22:19:33,117,B+1.5,18,True,False,False,,-1,28.9108,2000
2026-06-26 22:20:07,131,W+4.5,24,True,False,False,,-1,29.0094,2000
2026-06-26 22:20:42,145,W+1.5,21,True,False,False,,-1,29.2074,2000
2026-06-26 22:21:12,121,W+0.5,17,True,False,False,,-1,29.1025,2000
2026-06-26 22:21:47,137,W+2.5,27,True,False,False,,-1,29.3797,2000
2026-06-26 22:22:14,106,B+4.5,12,True,False,False,,-1,29.3998,2000
2026-06-26 22:22:44,131,W+2.5,20,True,False,False,,-1,29.4174,2000
2026-06-26 22:23:16,120,B+0.5,17,True,False,False,,-1,29.481,2000
2026-06-26 22:23:42,105,W+1.5,12,True,False,False,,-1,29.4708,2000
2026-06-26 22:24:09,112,B+2.5,15,True,False,False,,-1,29.4978,2000
2026-06-26 22:24:50,160,W+0.5,28,True,False,False,,-1,29.6203,2000
2026-06-26 22:24:59,34,W+8.5,3,True,False,False,,-1,29.4624,2000
2026-06-26 22:25:23,97,B+1.5,11,True,False,False,,-1,29.3799,2000
2026-06-26 22:25:51,114,B+1.5,17,True,False,False,,-1,29.3178,2000
2026-06-26 22:26:18,101,B+3.5,6,True,False,False,,-1,29.3268,2000
2026-06-26 22:26:49,120,B+2.5,12,True,False,False,,-1,29.2839,2000
2026-06-26 22:27:25,162,B+6.5,24,True,False,False,,-1,29.3726,2000
2026-06-26 22:28:00,137,W+0.5,16,True,False,False,,-1,29.3563,2000
2026-06-26 22:28:25,96,B+1.5,11,True,False,False,,-1,29.2897,2000
2026-06-26 22:28:51,104,W+0.5,14,True,False,False,,-1,29.4782,2000
2026-06-26 22:29:19,104,B+0.5,14,True,False,False,,-1,29.7018,2000
2026-06-26 22:29:46,111,B+2.5,13,True,False,False,,-1,29.6214,2000
2026-06-26 22:30:15,115,W+5.5,19,True,False,False,,-1,29.6478,2000
2026-06-26 22:30:54,161,W+7.5,36,True,False,False,,-1,29.7936,2000
2026-06-26 22:31:22,111,W+1.5,11,True,False,False,,-1,30.0115,2000
2026-06-26 22:31:55,131,W+2.5,17,True,False,False,,-1,30.0079,2000
2026-06-26 22:32:25,113,W+5.5,19,True,False,False,,-1,30.0238,2000
2026-06-26 22:32:58,127,W+2.5,18,True,False,False,,-1,29.9838,2000
2026-06-26 22:33:31,135,B+3.5,28,True,False,False,,-1,29.9882,2000
2026-06-26 22:34:04,127,W+5.5,21,True,False,False,,-1,29.9765,2000
2026-06-26 22:34:36,131,W+2.5,20,True,False,False,,-1,29.9566,2000
2026-06-26 22:34:54,66,W+0.5,3,True,False,False,,-1,29.7635,2000
2026-06-26 22:35:37,159,W+2.5,25,True,False,False,,-1,29.9148,2000
2026-06-26 22:35:45,30,W+7.5,2,True,False,False,,-1,29.6992,2000
2026-06-26 22:36:21,146,B+0.5,21,True,False,False,,-1,29.7335,2000
2026-06-26 22:36:46,99,B+0.5,13,True,False,False,,-1,29.6898,2000
2026-06-26 22:37:18,125,W+1.5,16,True,False,False,,-1,29.7152,2000
2026-06-26 22:37:48,118,W+5.5,19,True,False,False,,-1,29.7556,2000
2026-06-26 22:38:11,82,W+3.5,5,True,False,False,,-1,29.6962,2000
2026-06-26 22:38:49,158,B+0.5,24,True,False,False,,-1,29.7685,2000
2026-06-26 22:39:14,102,B+1.5,14,True,False,False,,-1,29.7316,2000
2026-06-26 22:39:45,123,W+2.5,17,True,False,False,,-1,29.7601,2000
2026-06-26 22:40:11,98,B+1.5,17,True,False,False,,-1,29.7672,2000
2026-06-26 22:40:36,103,W+2.5,8,True,False,False,,-1,29.7247,2000
2026-06-26 22:41:01,96,W+0.5,13,True,False,False,,-1,29.6066,2000
2026-06-26 22:41:25,94,B+2.5,11,True,False,False,,-1,29.4267,2000
2026-06-26 22:42:06,156,B+4.5,33,True,False,False,,-1,29.5116,2000
2026-06-26 22:42:33,124,B+4.5,19,True,False,False,,-1,29.4528,2000
2026-06-26 22:43:06,143,B+0.5,21,True,False,False,,-1,29.4814,2000
2026-06-26 22:43:33,106,B+4.5,12,True,False,False,,-1,29.4844,2000
2026-06-26 22:43:54,79,B+4.5,6,True,False,False,,-1,29.4221,2000
2026-06-26 22:44:34,147,B+3.5,24,True,False,False,,-1,29.4949,2000
2026-06-26 22:45:14,160,B+9.5,36,True,False,False,,-1,29.6114,2000
2026-06-26 22:45:49,139,W+3.5,24,True,False,False,,-1,29.6164,2000
2026-06-26 22:45:57,30,W+7.5,2,True,False,False,,-1,29.3404,2000
2026-06-26 22:46:41,162,W+5.5,27,True,False,False,,-1,29.4916,2000
2026-06-26 22:47:07,103,W+1.5,14,True,False,False,,-1,29.4836,2000
2026-06-26 22:47:37,123,W+2.5,17,True,False,False,,-1,29.4933,2000
2026-06-26 22:48:13,145,B+0.5,23,True,False,False,,-1,29.4668,2000
2026-06-26 22:48:53,153,W+6.5,25,True,False,False,,-1,29.5642,2000
2026-06-26 22:49:19,102,B+2.5,11,True,False,False,,-1,29.5106,2000
2026-06-26 22:49:51,126,B+2.5,22,True,False,False,,-1,29.4842,2000
2026-06-26 22:50:25,119,B+6.5,17,True,False,False,,-1,29.5476,2000
2026-06-26 22:50:52,106,B+5.5,11,True,False,False,,-1,29.5585,2000
2026-06-26 22:51:28,138,W+0.5,27,True,False,False,,-1,29.6166,2000
2026-06-26 22:51:58,124,B+2.5,22,True,False,False,,-1,29.6073,2000
2026-06-26 22:52:28,110,B+1.5,15,True,False,False,,-1,29.6463,2000
2026-06-26 22:52:57,108,W+0.5,16,True,False,False,,-1,29.6848,2000
2026-06-26 22:53:22,97,B+3.5,9,True,False,False,,-1,29.5888,2000
2026-06-26 22:53:50,111,B+1.5,10,True,False,False,,-1,29.4363,2000
2026-06-26 22:54:17,108,B+2.5,16,True,False,False,,-1,29.315,2000
2026-06-26 22:54:51,142,B+6.5,33,True,False,False,,-1,29.3825,2000
2026-06-26 22:55:20,108,B+4.5,16,True,False,False,,-1,29.4128,2000
2026-06-26 22:55:54,144,B+4.5,26,True,False,False,,-1,29.4574,2000
2026-06-26 22:56:21,95,W+2.5,12,True,False,False,,-1,29.4636,2000
2026-06-26 22:56:53,116,B+2.5,12,True,False,False,,-1,29.4136,2000
2026-06-26 22:57:27,145,W+0.5,30,True,False,False,,-1,29.4641,2000
2026-06-26 22:57:33,24,W+8.5,2,True,False,False,,-1,29.2799,2000
2026-06-26 22:57:59,116,B+0.5,17,True,False,False,,-1,29.3715,2000
2026-06-26 22:58:37,162,W+5.5,34,True,False,False,,-1,29.3927,2000
2026-06-26 22:59:14,132,B+2.5,17,True,False,False,,-1,29.4913,2000
2026-06-26 22:59:52,153,W+1.5,27,True,False,False,,-1,29.6415,2000
2026-06-26 23:00:26,137,B+1.5,24,True,False,False,,-1,29.6493,2000
2026-06-26 23:00:56,103,W+3.5,12,True,False,False,,-1,29.7019,2000
2026-06-26 23:01:22,107,W+11.5,13,True,False,False,,-1,29.6006,2000
2026-06-26 23:02:05,162,W+0.5,29,True,False,False,,-1,29.6774,2000
2026-06-26 23:02:48,162,B+3.5,32,True,False,False,,-1,29.836,2000
2026-06-26 23:03:18,105,W+6.5,9,True,False,False,,-1,29.8066,2000
2026-06-26 23:03:48,119,W+0.5,20,True,False,False,,-1,29.8155,2000
2026-06-26 23:04:18,113,W+0.5,16,True,False,False,,-1,30.0513,2000
2026-06-26 23:04:56,161,W+4.5,40,True,False,False,,-1,30.0966,2000
2026-06-26 23:05:26,116,W+0.5,17,True,False,False,,-1,30.0041,2000
2026-06-26 23:06:07,159,W+3.5,26,True,False,False,,-1,30.1743,2000
2026-06-26 23:06:23,61,B+5.5,4,True,False,False,,-1,30.0189,2000
2026-06-26 23:06:50,108,B+5.5,12,True,False,False,,-1,30.0274,2000
2026-06-26 23:06:58,28,W+7.5,2,True,False,False,,-1,29.9095,2000
2026-06-26 23:07:30,110,B+1.5,11,True,False,False,,-1,29.9822,2000
2026-06-26 23:07:57,100,B+1.5,12,True,False,False,,-1,30.0228,2000
2026-06-26 23:08:29,113,W+0.5,15,True,False,False,,-1,30.0351,2000
2026-06-26 23:08:53,102,B+1.5,10,True,False,False,,-1,29.8876,2000
2026-06-26 23:09:20,95,B+3.5,14,True,False,False,,-1,29.8683,2000
2026-06-26 23:09:54,127,W+6.5,15,True,False,False,,-1,29.868,2000
2026-06-26 23:10:14,81,B+1.5,4,True,False,False,,-1,29.7219,2000
2026-06-26 23:10:40,89,B+0.5,6,True,False,False,,-1,29.6775,2000
2026-06-26 23:11:11,121,W+6.5,15,True,False,False,,-1,29.6438,2000
2026-06-26 23:11:17,24,W+7.5,2,True,False,False,,-1,29.4364,2000
2026-06-26 23:11:28,36,W+6.5,2,True,False,False,,-1,29.2347,2000
2026-06-26 23:11:56,111,W+3.5,16,True,False,False,,-1,29.2041,2000
2026-06-26 23:12:21,95,W+4.5,12,True,False,False,,-1,29.192,2000
2026-06-26 23:12:53,113,B+9.5,13,True,False,False,,-1,29.2339,2000
2026-06-26 23:13:12,73,B+4.5,5,True,False,False,,-1,29.0141,2000
2026-06-26 23:13:38,103,B+4.5,14,True,False,False,,-1,29.1937,2000
2026-06-26 23:14:06,108,B+1.5,18,True,False,False,,-1,29.226,2000
2026-06-26 23:14:41,136,B+2.5,14,True,False,False,,-1,29.3024,2000
2026-06-26 23:15:05,93,W+1.5,12,True,False,False,,-1,29.2687,2000
2026-06-26 23:15:31,101,W+2.5,16,True,False,False,,-1,29.2193,2000
2026-06-26 23:16:07,149,W+2.5,32,True,False,False,,-1,29.2253,2000
2026-06-26 23:16:32,97,B+1.5,4,True,False,False,,-1,29.1148,2000
2026-06-26 23:17:11,162,B+11.5,41,True,False,False,,-1,29.2499,2000
2026-06-26 23:17:27,61,B+4.5,7,True,False,False,,-1,29.1596,2000
2026-06-26 23:18:06,147,W+2.5,27,True,False,False,,-1,29.271,2000
2026-06-26 23:18:46,161,B+3.5,24,True,False,False,,-1,29.3964,2000
2026-06-26 23:19:19,122,B+0.5,18,True,False,False,,-1,29.4335,2000
2026-06-26 23:19:55,153,W+2.5,22,True,False,False,,-1,29.4049,2000
2026-06-26 23:20:20,93,B+5.5,5,True,False,False,,-1,29.3802,2000
2026-06-26 23:20:53,127,W+2.5,28,True,False,False,,-1,29.3752,2000
2026-06-26 23:21:22,105,B+1.5,6,True,False,False,,-1,29.3744,2000
2026-06-26 23:21:49,98,B+2.5,7,True,False,False,,-1,29.3102,2000
2026-06-26 23:22:08,65,B+3.5,5,True,False,False,,-1,29.1659,2000
2026-06-26 23:22:35,106,W+2.5,16,True,False,False,,-1,29.1072,2000
2026-06-26 23:23:04,121,W+0.5,14,True,False,False,,-1,29.0757,2000
2026-06-26 23:23:30,90,W+1.5,10,True,False,False,,-1,29.1535,2000
2026-06-26 23:23:59,106,B+4.5,12,True,False,False,,-1,29.0135,2000
2026-06-26 23:24:31,118,B+2.5,15,True,False,False,,-1,29.252,2000
2026-06-26 23:24:55,87,B+7.5,8,True,False,False,,-1,29.1365,2000
2026-06-26 23:25:23,103,W+0.5,18,True,False,False,,-1,29.1728,2000
2026-06-26 23:25:50,99,W+3.5,14,True,False,False,,-1,29.1191,2000
2026-06-26 23:26:27,161,W+5.5,23,True,False,False,,-1,29.1869,2000
2026-06-26 23:26:53,96,B+5.5,9,True,False,False,,-1,29.2212,2000
2026-06-26 23:27:34,162,B+9.5,33,True,False,False,,-1,29.247,2000
2026-06-26 23:28:06,127,B+2.5,25,True,False,False,,-1,29.317,2000
2026-06-26 23:28:46,162,W+14.5,32,True,False,False,,-1,29.4036,2000
2026-06-26 23:29:14,115,B+2.5,13,True,False,False,,-1,29.4338,2000
2026-06-26 23:29:44,125,B+2.5,12,True,False,False,,-1,29.4757,2000
2026-06-26 23:30:12,107,B+2.5,9,True,False,False,,-1,29.5052,2000
2026-06-26 23:30:38,104,W+2.5,16,True,False,False,,-1,29.526,2000
2026-06-26 23:31:08,121,W+0.5,12,True,False,False,,-1,29.4142,2000
2026-06-26 23:31:43,141,W+4.5,25,True,False,False,,-1,29.4926,2000
2026-06-26 23:32:26,155,W+5.5,28,True,False,False,,-1,29.5975,2000
2026-06-26 23:32:58,126,W+2.5,23,True,False,False,,-1,29.645,2000
2026-06-26 23:33:34,140,W+2.5,21,True,False,False,,-1,29.7988,2000
2026-06-26 23:33:59,102,B+1.5,14,True,False,False,,-1,29.654,2000
2026-06-26 23:34:25,105,B+1.5,13,True,False,False,,-1,29.5055,2000
2026-06-26 23:34:57,124,B+1.5,27,True,False,False,,-1,29.4798,2000
2026-06-26 23:35:23,103,B+0.5,16,True,False,False,,-1,29.6538,2000
2026-06-26 23:35:48,89,W+1.5,9,True,False,False,,-1,29.4724,2000
2026-06-26 23:36:16,108,B+0.5,12,True,False,False,,-1,29.4858,2000
2026-06-26 23:36:42,92,B+1.5,3,True,False,False,,-1,29.4432,2000
2026-06-26 23:37:07,97,W+1.5,13,True,False,False,,-1,29.3386,2000
2026-06-26 23:37:37,115,B+1.5,12,True,False,False,,-1,29.2379,2000
2026-06-26 23:38:02,94,B+1.5,9,True,False,False,,-1,29.2248,2000
2026-06-26 23:38:32,111,B+0.5,13,True,False,False,,-1,29.209,2000
2026-06-26 23:39:08,162,W+0.5,36,True,False,False,,-1,29.229,2000
2026-06-26 23:39:47,162,B+5.5,27,True,False,False,,-1,29.3451,2000
2026-06-26 23:40:19,121,W+1.5,17,True,False,False,,-1,29.3166,2000
2026-06-26 23:40:30,40,W+9.5,2,True,False,False,,-1,29.1155,2000
2026-06-26 23:40:56,111,B+0.5,9,True,False,False,,-1,29.0746,2000
2026-06-26 23:41:26,111,B+2.5,17,True,False,False,,-1,29.0917,2000
2026-06-26 23:41:56,113,W+1.5,17,True,False,False,,-1,29.1314,2000
2026-06-26 23:42:21,96,W+2.5,12,True,False,False,,-1,29.1051,2000
2026-06-26 23:42:52,127,B+1.5,18,True,False,False,,-1,29.1429,2000
2026-06-26 23:43:29,159,W+5.5,38,True,False,False,,-1,29.1751,2000
2026-06-26 23:44:05,138,B+2.5,30,True,False,False,,-1,29.2551,2000
2026-06-26 23:44:39,133,W+5.5,24,True,False,False,,-1,29.2454,2000
2026-06-26 23:45:03,93,W+2.5,9,True,False,False,,-1,29.217,2000
2026-06-26 23:45:35,127,W+0.5,19,True,False,False,,-1,29.2157,2000
2026-06-26 23:46:04,120,B+1.5,14,True,False,False,,-1,29.168,2000
2026-06-26 23:46:44,162,W+10.5,37,True,False,False,,-1,29.5112,2000
2026-06-26 23:46:54,36,W+9.5,2,True,False,False,,-1,29.3469,2000
2026-06-26 23:47:24,112,B+1.5,10,True,False,False,,-1,29.2646,2000
2026-06-26 23:47:45,86,B+4.5,7,True,False,False,,-1,29.1073,2000
2026-06-26 23:48:14,107,W+2.5,20,True,False,False,,-1,29.0098,2000
2026-06-26 23:48:54,139,W+0.5,27,True,False,False,,-1,29.0822,2000
2026-06-26 23:49:30,133,B+2.5,17,True,False,False,,-1,29.1404,2000
2026-06-26 23:49:55,95,B+1.5,15,True,False,False,,-1,29.1271,2000
2026-06-26 23:50:29,127,W+0.5,5,True,False,False,,-1,29.041,2000
2026-06-26 23:51:08,147,W+1.5,23,True,False,False,,-1,28.9887,2000
2026-06-26 23:51:36,106,B+10.5,12,True,False,False,,-1,28.9793,2000
2026-06-26 23:52:10,118,B+3.5,7,True,False,False,,-1,29.021,2000
2026-06-26 23:52:40,114,B+1.5,15,True,False,False,,-1,29.0231,2000
2026-06-26 23:53:18,162,B+3.5,35,True,False,False,,-1,29.0108,2000
2026-06-26 23:53:47,112,B+1.5,16,True,False,False,,-1,29.0043,2000
2026-06-26 23:54:11,92,B+2.5,8,True,False,False,,-1,28.8296,2000
2026-06-26 23:54:38,101,W+2.5,10,True,False,False,,-1,28.9458,2000
2026-06-26 23:55:06,107,B+0.5,8,True,False,False,,-1,28.9616,2000
2026-06-26 23:55:39,135,W+0.5,19,True,False,False,,-1,29.2062,2000
2026-06-26 23:56:06,110,B+2.5,21,True,False,False,,-1,29.1591,2000
2026-06-26 23:56:23,61,B+0.5,5,True,False,False,,-1,29.055,2000
2026-06-26 23:56:54,112,B+1.5,15,True,False,False,,-1,29.0543,2000
2026-06-26 23:57:20,100,B+9.5,11,True,False,False,,-1,29.0639,2000
2026-06-26 23:57:46,99,W+0.5,11,True,False,False,,-1,29.0592,2000
2026-06-26 23:58:11,85,W+2.5,5,True,False,False,,-1,28.9679,2000
2026-06-26 23:58:40,112,B+0.5,12,True,False,False,,-1,29.0577,2000
2026-06-26 23:59:07,100,B+4.5,12,True,False,False,,-1,29.0696,2000
2026-06-26 23:59:42,162,W+10.5,4,True,False,False,,-1,29.1064,2000
2026-06-26 23:59:50,28,W+8.5,2,True,False,False,,-1,29.1225,2000
2026-06-27 00:00:27,139,W+4.5,25,True,False,False,,-1,29.3879,2000
2026-06-27 00:00:56,116,B+1.5,20,True,False,False,,-1,29.3953,2000
2026-06-27 00:01:23,110,B+1.5,16,True,False,False,,-1,29.4181,2000
2026-06-27 00:01:53,126,B+1.5,21,True,False,False,,-1,29.3951,2000
2026-06-27 00:02:10,65,B+5.5,8,True,False,False,,-1,29.3798,2000
2026-06-27 00:02:38,102,B+2.5,13,True,False,False,,-1,29.3895,2000
2026-06-27 00:03:09,130,B+0.5,26,True,False,False,,-1,29.4347,2000
2026-06-27 00:03:38,107,W+5.5,9,True,False,False,,-1,29.3645,2000
2026-06-27 00:04:02,91,W+2.5,11,True,False,False,,-1,29.3616,2000
2026-06-27 00:04:33,125,W+4.5,20,True,False,False,,-1,29.4199,2000
2026-06-27 00:05:05,109,B+0.5,9,True,False,False,,-1,29.3747,2000
2026-06-27 00:05:41,141,W+3.5,25,True,False,False,,-1,29.4851,2000
2026-06-27 00:06:08,113,W+1.5,18,True,False,False,,-1,29.3732,2000
2026-06-27 00:06:42,122,B+1.5,13,True,False,False,,-1,29.5477,2000
2026-06-27 00:07:13,112,B+1.5,11,True,False,False,,-1,29.4612,2000
2026-06-27 00:07:37,95,B+4.5,11,True,False,False,,-1,29.3078,2000
2026-06-27 00:08:02,92,B+2.5,11,True,False,False,,-1,29.2354,2000
2026-06-27 00:08:30,109,B+1.5,15,True,False,False,,-1,29.1501,2000
2026-06-27 00:08:56,100,B+0.5,13,True,False,False,,-1,29.1524,2000
2026-06-27 00:09:30,146,B+7.5,29,True,False,False,,-1,29.1698,2000
2026-06-27 00:09:54,95,B+3.5,13,True,False,False,,-1,29.1197,2000
2026-06-27 00:10:17,86,B+3.5,13,True,False,False,,-1,29.0778,2000
2026-06-27 00:10:41,92,B+4.5,12,True,False,False,,-1,29.1305,2000
2026-06-27 00:11:20,153,B+3.5,23,True,False,False,,-1,29.2481,2000
2026-06-27 00:11:47,117,B+3.5,17,True,False,False,,-1,29.2291,2000
2026-06-27 00:12:13,98,B+3.5,11,True,False,False,,-1,29.2297,2000
2026-06-27 00:12:37,90,W+3.5,6,True,False,False,,-1,29.1822,2000
2026-06-27 00:13:03,96,B+0.5,6,True,False,False,,-1,29.1221,2000
2026-06-27 00:13:44,162,B+5.5,33,True,False,False,,-1,29.2823,2000
2026-06-27 00:14:09,102,B+2.5,12,True,False,False,,-1,29.2545,2000
2026-06-27 00:14:39,125,W+0.5,20,True,False,False,,-1,29.2873,2000
2026-06-27 00:15:20,162,W+8.5,30,True,False,False,,-1,29.3286,2000
2026-06-27 00:15:51,121,W+1.5,13,True,False,False,,-1,29.3785,2000
2026-06-27 00:16:17,95,B+1.5,11,True,False,False,,-1,29.2256,2000
2026-06-27 00:16:40,94,W+2.5,13,True,False,False,,-1,29.1396,2000
2026-06-27 00:17:11,118,W+0.5,16,True,False,False,,-1,29.0471,2000
2026-06-27 00:17:38,107,W+2.5,18,True,False,False,,-1,29.0326,2000
2026-06-27 00:18:03,102,B+1.5,10,True,False,False,,-1,28.9869,2000
2026-06-27 00:18:38,138,B+7.5,26,True,False,False,,-1,29.0633,2000
2026-06-27 00:19:13,135,B+2.5,23,True,False,False,,-1,29.1479,2000
2026-06-27 00:19:49,142,W+2.5,30,True,False,False,,-1,29.2116,2000
2026-06-27 00:20:16,104,B+2.5,9,True,False,False,,-1,29.1274,2000
2026-06-27 00:20:44,111,W+3.5,14,True,False,False,,-1,28.984,2000
2026-06-27 00:21:21,151,W+1.5,33,True,False,False,,-1,29.0293,2000
2026-06-27 00:21:57,135,B+3.5,17,True,False,False,,-1,29.0211,2000
2026-06-27 00:22:23,116,B+2.5,19,True,False,False,,-1,29.037,2000
2026-06-27 00:22:57,132,B+8.5,18,True,False,False,,-1,29.116,2000
2026-06-27 00:23:31,124,B+0.5,12,True,False,False,,-1,29.1329,2000
2026-06-27 00:24:08,161,W+10.5,37,True,False,False,,-1,29.2473,2000
2026-06-27 00:24:40,112,B+2.5,19,True,False,False,,-1,29.3109,2000
2026-06-27 00:25:06,99,W+4.5,13,True,False,False,,-1,29.2962,2000
2026-06-27 00:25:28,90,B+4.5,8,True,False,False,,-1,29.2638,2000
2026-06-27 00:26:01,136,B+1.5,20,True,False,False,,-1,29.3409,2000
2026-06-27 00:26:27,91,B+4.5,6,True,False,False,,-1,29.2971,2000
2026-06-27 00:26:55,106,W+1.5,16,True,False,False,,-1,29.3278,2000
2026-06-27 00:27:23,109,W+2.5,13,True,False,False,,-1,29.3059,2000
2026-06-27 00:27:50,100,W+1.5,11,True,False,False,,-1,29.2152,2000
2026-06-27 00:28:10,73,B+1.5,6,True,False,False,,-1,29.0274,2000
2026-06-27 00:28:51,161,W+7.5,35,True,False,False,,-1,29.1136,2000
2026-06-27 00:29:20,105,B+0.5,14,True,False,False,,-1,29.3012,2000
2026-06-27 00:29:53,120,B+2.5,18,True,False,False,,-1,29.3677,2000
2026-06-27 00:30:24,124,B+4.5,19,True,False,False,,-1,29.3782,2000
2026-06-27 00:30:48,94,W+0.5,6,True,False,False,,-1,29.3245,2000
2026-06-27 00:31:17,113,B+1.5,17,True,False,False,,-1,29.3581,2000
2026-06-27 00:31:45,110,B+1.5,18,True,False,False,,-1,29.3254,2000
2026-06-27 00:32:14,110,W+1.5,13,True,False,False,,-1,29.2464,2000
2026-06-27 00:32:40,103,W+1.5,14,True,False,False,,-1,29.1488,2000
2026-06-27 00:33:10,110,B+0.5,11,True,False,False,,-1,29.1063,2000
2026-06-27 00:33:48,162,B+5.5,34,True,False,False,,-1,29.2438,2000
2026-06-27 00:34:26,151,W+0.5,32,True,False,False,,-1,29.3091,2000
2026-06-27 00:34:52,103,B+2.5,16,True,False,False,,-1,29.2772,2000
2026-06-27 00:35:24,127,B+3.5,19,True,False,False,,-1,29.1996,2000
2026-06-27 00:35:52,106,B+0.5,7,True,False,False,,-1,29.3746,2000
2026-06-27 00:36:33,153,W+1.5,26,True,False,False,,-1,29.4917,2000
2026-06-27 00:37:01,111,W+2.5,19,True,False,False,,-1,29.5594,2000
2026-06-27 00:37:40,156,B+1.5,24,True,False,False,,-1,29.6616,2000
2026-06-27 00:38:08,118,B+3.5,18,True,False,False,,-1,29.5319,2000
2026-06-27 00:38:49,154,W+0.5,32,True,False,False,,-1,29.5861,2000
2026-06-27 00:39:18,121,W+1.5,22,True,False,False,,-1,29.6306,2000
2026-06-27 00:39:44,97,B+2.5,15,True,False,False,,-1,29.5395,2000
2026-06-27 00:40:14,117,W+1.5,20,True,False,False,,-1,29.4571,2000
2026-06-27 00:40:42,104,B+1.5,12,True,False,False,,-1,29.4631,2000
2026-06-27 00:41:09,105,B+2.5,9,True,False,False,,-1,29.3883,2000
2026-06-27 00:41:35,98,B+4.5,10,True,False,False,,-1,29.347,2000
2026-06-27 00:42:15,162,B+14.5,30,True,False,False,,-1,29.3699,2000
2026-06-27 00:42:45,109,B+2.5,14,True,False,False,,-1,29.3759,2000
2026-06-27 00:43:11,99,W+0.5,16,True,False,False,,-1,29.4054,2000
2026-06-27 00:43:35,88,W+2.5,10,True,False,False,,-1,29.3681,2000
2026-06-27 00:44:04,114,B+4.5,16,True,False,False,,-1,29.3757,2000
2026-06-27 00:44:33,110,B+2.5,16,True,False,False,,-1,29.3363,2000
2026-06-27 00:45:03,121,B+4.5,19,True,False,False,,-1,29.3643,2000
2026-06-27 00:45:32,115,W+2.5,18,True,False,False,,-1,29.4844,2000
2026-06-27 00:45:56,99,B+3.5,13,True,False,False,,-1,29.4159,2000
2026-06-27 00:46:33,152,B+3.5,32,True,False,False,,-1,29.5231,2000
2026-06-27 00:46:55,85,W+1.5,3,True,False,False,,-1,29.4879,2000
2026-06-27 00:47:25,112,B+3.5,15,True,False,False,,-1,29.5372,2000
2026-06-27 00:47:56,121,W+1.5,18,True,False,False,,-1,29.5523,2000
2026-06-27 00:48:23,102,B+3.5,11,True,False,False,,-1,29.5583,2000
2026-06-27 00:48:54,122,B+4.5,11,True,False,False,,-1,29.5107,2000
2026-06-27 00:49:23,118,B+2.5,13,True,False,False,,-1,29.7272,2000
2026-06-27 00:49:57,126,W+1.5,24,True,False,False,,-1,29.6993,2000
2026-06-27 00:50:26,118,B+1.5,20,True,False,False,,-1,29.6972,2000
2026-06-27 00:50:54,106,B+4.5,14,True,False,False,,-1,29.709,2000
2026-06-27 00:51:19,97,B+0.5,12,True,False,False,,-1,29.665,2000
2026-06-27 00:51:28,34,W+7.5,2,True,False,False,,-1,29.5748,2000
2026-06-27 00:51:59,117,B+0.5,16,True,False,False,,-1,29.6114,2000
2026-06-27 00:52:25,107,W+3.5,19,True,False,False,,-1,29.5532,2000
2026-06-27 00:55:00,109,B+0.5,15,True,False,False,,-1,29.6287,3000
2026-06-27 00:55:29,110,B+5.5,20,True,False,False,,-1,29.6088,3000
2026-06-27 00:55:59,110,B+1.5,13,True,False,False,,-1,29.586,3000
2026-06-27 00:56:25,93,B+2.5,12,True,False,False,,-1,29.4923,3000
2026-06-27 00:56:54,125,B+2.5,21,True,False,False,,-1,29.5104,3000
2026-06-27 00:57:10,63,B+0.5,4,True,False,False,,-1,29.3248,3000
2026-06-27 00:57:17,22,W+9.5,2,True,False,False,,-1,29.0876,3000
2026-06-27 00:57:49,125,W+2.5,24,True,False,False,,-1,29.1698,3000
2026-06-27 00:58:17,107,B+1.5,18,True,False,False,,-1,29.1938,3000
2026-06-27 00:58:38,85,B+0.5,11,True,False,False,,-1,29.1349,3000
2026-06-27 00:59:04,100,B+1.5,15,True,False,False,,-1,29.1271,3000
2026-06-27 00:59:35,116,B+4.5,22,True,False,False,,-1,29.0907,3000
2026-06-27 01:00:04,117,B+2.5,20,True,False,False,,-1,29.142,3000
2026-06-27 01:00:42,136,B+1.5,20,True,False,False,,-1,29.2974,3000
2026-06-27 01:00:55,55,B+0.5,3,True,False,False,,-1,29.1905,3000
2026-06-27 01:01:23,103,W+2.5,7,True,False,False,,-1,29.0854,3000
2026-06-27 01:01:49,94,B+5.5,11,True,False,False,,-1,29.0624,3000
2026-06-27 01:02:21,133,B+0.5,25,True,False,False,,-1,29.1353,3000
2026-06-27 01:02:57,152,B+4.5,32,True,False,False,,-1,29.2407,3000
2026-06-27 01:03:25,114,B+3.5,21,True,False,False,,-1,29.2683,3000
2026-06-27 01:03:49,99,B+0.5,11,True,False,False,,-1,29.0969,3000
2026-06-27 01:04:11,89,B+3.5,10,True,False,False,,-1,29.0719,3000
2026-06-27 01:04:38,107,W+2.5,9,True,False,False,,-1,29.0382,3000
2026-06-27 01:05:06,103,W+1.5,8,True,False,False,,-1,28.9023,3000
2026-06-27 01:05:21,63,B+0.5,9,True,False,False,,-1,28.7435,3000
2026-06-27 01:05:51,111,W+1.5,22,True,False,False,,-1,28.7935,3000
2026-06-27 01:06:04,53,B+0.5,7,True,False,False,,-1,28.6828,3000
2026-06-27 01:06:30,99,B+1.5,20,True,False,False,,-1,28.64,3000
2026-06-27 01:06:48,67,B+2.5,8,True,False,False,,-1,28.5496,3000
2026-06-27 01:07:12,94,B+2.5,8,True,False,False,,-1,28.5379,3000
2026-06-27 01:07:38,103,B+1.5,18,True,False,False,,-1,28.4451,3000
2026-06-27 01:08:00,87,B+0.5,8,True,False,False,,-1,28.3204,3000
2026-06-27 01:08:27,116,B+6.5,21,True,False,False,,-1,28.234,3000
2026-06-27 01:08:53,99,B+2.5,13,True,False,False,,-1,28.2232,3000
2026-06-27 01:09:34,162,W+0.5,29,True,False,False,,-1,28.3463,3000
2026-06-27 01:09:53,73,B+3.5,12,True,False,False,,-1,28.1678,3000
2026-06-27 01:10:18,99,B+8.5,15,True,False,False,,-1,28.0583,3000
2026-06-27 01:10:51,123,B+1.5,16,True,False,False,,-1,28.1322,3000
2026-06-27 01:11:14,83,B+5.5,12,True,False,False,,-1,28.0182,3000
2026-06-27 01:11:46,126,B+0.5,25,True,False,False,,-1,28.0003,3000
2026-06-27 01:12:11,109,B+3.5,11,True,False,False,,-1,27.8801,3000
2026-06-27 01:12:35,93,B+0.5,7,True,False,False,,-1,27.8054,3000
2026-06-27 01:13:02,107,B+0.5,12,True,False,False,,-1,27.8076,3000
2026-06-27 01:13:30,111,W+1.5,12,True,False,False,,-1,27.8643,3000
2026-06-27 01:13:57,104,B+2.5,16,True,False,False,,-1,27.8004,3000
2026-06-27 01:14:27,113,B+0.5,16,True,False,False,,-1,27.8485,3000
2026-06-27 01:14:48,91,B+1.5,9,True,False,False,,-1,27.7749,3000
2026-06-27 01:15:23,145,W+1.5,25,True,False,False,,-1,27.8546,3000
2026-06-27 01:15:52,110,B+1.5,24,True,False,False,,-1,27.8628,3000
2026-06-27 01:16:18,103,W+0.5,13,True,False,False,,-1,27.9262,3000
2026-06-27 01:16:58,162,W+2.5,19,True,False,False,,-1,27.9139,3000
2026-06-27 01:17:31,134,W+2.5,23,True,False,False,,-1,27.9506,3000
2026-06-27 01:17:43,49,B+2.5,6,True,False,False,,-1,27.7481,3000
2026-06-27 01:18:18,152,B+5.5,30,True,False,False,,-1,27.7821,3000
2026-06-27 01:18:59,158,B+1.5,31,True,False,False,,-1,27.9565,3000
2026-06-27 01:19:28,118,B+3.5,14,True,False,False,,-1,27.9665,3000
2026-06-27 01:19:55,106,B+1.5,13,True,False,False,,-1,27.955,3000
2026-06-27 01:20:23,114,B+3.5,16,True,False,False,,-1,27.9468,3000
2026-06-27 01:20:56,136,B+1.5,26,True,False,False,,-1,28.0043,3000
2026-06-27 01:21:24,111,B+0.5,20,True,False,False,,-1,27.9927,3000
2026-06-27 01:21:48,96,B+3.5,14,True,False,False,,-1,27.8521,3000
2026-06-27 01:22:16,104,B+2.5,12,True,False,False,,-1,27.7545,3000
2026-06-27 01:22:38,85,B+0.5,10,True,False,False,,-1,27.7117,3000
2026-06-27 01:23:05,100,B+3.5,9,True,False,False,,-1,27.6568,3000
2026-06-27 01:23:33,111,W+3.5,21,True,False,False,,-1,27.6617,3000
2026-06-27 01:23:57,100,B+2.5,12,True,False,False,,-1,27.4837,3000
2026-06-27 01:24:19,95,B+1.5,15,True,False,False,,-1,27.4318,3000
2026-06-27 01:24:48,121,B+3.5,20,True,False,False,,-1,27.3285,3000
2026-06-27 01:25:14,114,B+1.5,26,True,False,False,,-1,27.3113,3000
2026-06-27 01:25:49,139,W+0.5,25,True,False,False,,-1,27.2482,3000
2026-06-27 01:26:19,117,W+6.5,18,True,False,False,,-1,27.2617,3000
2026-06-27 01:26:40,89,B+5.5,14,True,False,False,,-1,27.2126,3000
2026-06-27 01:27:07,103,B+1.5,7,True,False,False,,-1,27.1855,3000
2026-06-27 01:27:33,110,B+6.5,20,True,False,False,,-1,27.1616,3000
2026-06-27 01:27:58,101,W+2.5,15,True,False,False,,-1,27.1365,3000
2026-06-27 01:28:36,161,W+0.5,33,True,False,False,,-1,27.2582,3000
2026-06-27 01:28:53,59,B+3.5,10,True,False,False,,-1,27.0301,3000
2026-06-27 01:29:07,61,B+0.5,10,True,False,False,,-1,26.8728,3000
2026-06-27 01:29:28,78,B+2.5,8,True,False,False,,-1,26.8196,3000
2026-06-27 01:29:53,99,W+0.5,12,True,False,False,,-1,26.8298,3000
2026-06-27 01:30:19,95,B+2.5,11,True,False,False,,-1,26.7996,3000
2026-06-27 01:30:44,107,B+1.5,15,True,False,False,,-1,26.7615,3000
2026-06-27 01:31:08,103,B+3.5,16,True,False,False,,-1,26.6996,3000
2026-06-27 01:31:24,61,B+1.5,6,True,False,False,,-1,26.5729,3000
2026-06-27 01:31:52,109,W+0.5,14,True,False,False,,-1,26.6113,3000
2026-06-27 01:32:20,110,B+1.5,12,True,False,False,,-1,26.5247,3000
2026-06-27 01:32:43,96,B+1.5,18,True,False,False,,-1,26.531,3000
2026-06-27 01:33:08,99,B+4.5,7,True,False,False,,-1,26.4833,3000
2026-06-27 01:33:35,111,W+1.5,21,True,False,False,,-1,26.4458,3000
2026-06-27 01:33:59,95,B+0.5,17,True,False,False,,-1,26.4135,3000
2026-06-27 01:34:24,109,B+0.5,19,True,False,False,,-1,26.3589,3000
2026-06-27 01:34:36,49,B+1.5,6,True,False,False,,-1,26.1818,3000
2026-06-27 01:34:50,53,B+2.5,5,True,False,False,,-1,25.9732,3000
2026-06-27 01:35:16,104,B+5.5,14,True,False,False,,-1,25.9536,3000
2026-06-27 01:35:43,107,B+2.5,8,True,False,False,,-1,25.9347,3000
2026-06-27 01:36:11,115,W+1.5,14,True,False,False,,-1,25.9687,3000
2026-06-27 01:36:40,119,W+0.5,15,True,False,False,,-1,26.173,3000
2026-06-27 01:37:14,133,W+2.5,18,True,False,False,,-1,26.2023,3000
2026-06-27 01:37:30,59,B+0.5,9,True,False,False,,-1,26.0995,3000
2026-06-27 01:37:56,107,B+5.5,14,True,False,False,,-1,26.0598,3000
2026-06-27 01:38:29,136,B+0.5,21,True,False,False,,-1,26.0958,3000
2026-06-27 01:38:55,108,B+0.5,15,True,False,False,,-1,26.0548,3000
2026-06-27 01:39:21,98,B+2.5,14,True,False,False,,-1,26.0247,3000
2026-06-27 01:39:46,97,B+0.5,17,True,False,False,,-1,26.0077,3000
2026-06-27 01:40:12,99,B+2.5,14,True,False,False,,-1,25.9741,3000
2026-06-27 01:40:30,75,B+2.5,9,True,False,False,,-1,25.9955,3000
2026-06-27 01:40:56,106,B+4.5,16,True,False,False,,-1,26.1943,3000
2026-06-27 01:41:20,103,W+4.5,15,True,False,False,,-1,26.1074,3000
2026-06-27 01:41:50,118,B+0.5,19,True,False,False,,-1,26.132,3000
2026-06-27 01:42:05,59,B+0.5,6,True,False,False,,-1,26.062,3000
2026-06-27 01:42:46,162,B+1.5,30,True,False,False,,-1,26.222,3000
2026-06-27 01:43:25,157,B+0.5,26,True,False,False,,-1,26.306,3000
2026-06-27 01:43:58,144,B+1.5,34,True,False,False,,-1,26.3426,3000
2026-06-27 01:44:15,63,B+0.5,8,True,False,False,,-1,26.1253,3000
2026-06-27 01:44:40,101,B+3.5,18,True,False,False,,-1,26.2413,3000
2026-06-27 01:44:52,47,B+0.5,4,True,False,False,,-1,26.0804,3000
2026-06-27 01:45:32,151,W+3.5,18,True,False,False,,-1,26.2268,3000
2026-06-27 01:46:08,162,B+4.5,38,True,False,False,,-1,26.2635,3000
2026-06-27 01:46:46,162,B+5.5,39,True,False,False,,-1,26.2951,3000
2026-06-27 01:47:16,114,B+2.5,22,True,False,False,,-1,26.3039,3000
2026-06-27 01:47:45,110,W+0.5,15,True,False,False,,-1,26.3573,3000
2026-06-27 01:47:58,53,B+0.5,7,True,False,False,,-1,26.2666,3000
2026-06-27 01:48:25,113,W+2.5,17,True,False,False,,-1,26.268,3000
2026-06-27 01:48:54,104,B+2.5,17,True,False,False,,-1,26.2774,3000
2026-06-27 01:49:23,118,B+1.5,19,True,False,False,,-1,26.4232,3000
2026-06-27 01:49:51,110,B+0.5,14,True,False,False,,-1,26.397,3000
2026-06-27 01:50:05,57,B+0.5,8,True,False,False,,-1,26.4144,3000
2026-06-27 01:50:32,96,B+1.5,12,True,False,False,,-1,26.4177,3000
2026-06-27 01:50:57,113,W+3.5,18,True,False,False,,-1,26.49,3000
2026-06-27 01:51:19,88,B+1.5,12,True,False,False,,-1,26.4715,3000
2026-06-27 01:51:48,108,B+5.5,14,True,False,False,,-1,26.5009,3000
2026-06-27 01:52:18,117,B+2.5,19,True,False,False,,-1,26.5735,3000
2026-06-27 01:52:50,161,B+5.5,29,True,False,False,,-1,26.6216,3000
2026-06-27 01:53:29,145,W+1.5,21,True,False,False,,-1,26.7539,3000
2026-06-27 01:53:50,81,B+3.5,13,True,False,False,,-1,26.5556,3000
2026-06-27 01:54:16,107,W+0.5,12,True,False,False,,-1,26.6297,3000
2026-06-27 01:54:49,124,B+0.5,18,True,False,False,,-1,26.7114,3000
2026-06-27 01:55:15,106,B+1.5,14,True,False,False,,-1,26.6365,3000
2026-06-27 01:55:39,95,B+5.5,14,True,False,False,,-1,26.6501,3000
2026-06-27 01:56:10,123,W+2.5,11,True,False,False,,-1,26.6391,3000
2026-06-27 01:56:47,139,B+5.5,26,True,False,False,,-1,26.7522,3000
2026-06-27 01:57:12,120,B+1.5,16,True,False,False,,-1,26.7696,3000
2026-06-27 01:57:47,136,B+1.5,21,True,False,False,,-1,26.8542,3000
2026-06-27 01:58:10,90,B+3.5,8,True,False,False,,-1,26.8033,3000
2026-06-27 01:58:27,59,B+1.5,3,True,False,False,,-1,26.7062,3000
2026-06-27 01:58:53,104,B+1.5,17,True,False,False,,-1,26.6554,3000
2026-06-27 01:59:24,121,W+2.5,26,True,False,False,,-1,26.7643,3000
2026-06-27 01:59:54,123,W+0.5,22,True,False,False,,-1,26.7044,3000
2026-06-27 02:00:18,95,W+1.5,14,True,False,False,,-1,26.6631,3000
2026-06-27 02:00:42,93,B+0.5,17,True,False,False,,-1,26.6443,3000
2026-06-27 02:01:05,95,B+3.5,15,True,False,False,,-1,26.4713,3000
2026-06-27 02:01:38,123,B+1.5,22,True,False,False,,-1,26.4692,3000
2026-06-27 02:02:06,109,B+0.5,15,True,False,False,,-1,26.6352,3000
2026-06-27 02:02:47,161,W+1.5,35,True,False,False,,-1,26.6882,3000
2026-06-27 02:03:11,90,B+2.5,11,True,False,False,,-1,26.5204,3000
2026-06-27 02:03:38,113,W+2.5,12,True,False,False,,-1,26.4914,3000
2026-06-27 02:04:04,105,B+0.5,14,True,False,False,,-1,26.4826,3000
2026-06-27 02:04:32,105,W+0.5,14,True,False,False,,-1,26.481,3000
2026-06-27 02:04:58,109,W+1.5,14,True,False,False,,-1,26.4189,3000
2026-06-27 02:05:24,106,B+5.5,13,True,False,False,,-1,26.3959,3000
2026-06-27 02:05:47,96,W+2.5,7,True,False,False,,-1,26.3852,3000
2026-06-27 02:05:59,53,B+0.5,4,True,False,False,,-1,26.2221,3000
2026-06-27 02:06:11,47,B+1.5,2,True,False,False,,-1,26.1309,3000
2026-06-27 02:06:38,109,W+3.5,16,True,False,False,,-1,26.1244,3000
2026-06-27 02:07:12,141,B+0.5,21,True,False,False,,-1,26.1883,3000
2026-06-27 02:07:41,103,B+7.5,12,True,False,False,,-1,26.2396,3000
2026-06-27 02:07:58,63,B+5.5,9,True,False,False,,-1,26.1807,3000
2026-06-27 02:08:30,134,B+3.5,27,True,False,False,,-1,26.2161,3000
2026-06-27 02:09:03,136,B+1.5,20,True,False,False,,-1,26.2827,3000
2026-06-27 02:09:27,102,B+1.5,19,True,False,False,,-1,26.1759,3000
2026-06-27 02:09:52,101,B+2.5,13,True,False,False,,-1,26.1249,3000
2026-06-27 02:10:21,118,B+1.5,17,True,False,False,,-1,26.2053,3000
2026-06-27 02:10:51,118,B+2.5,15,True,False,False,,-1,26.2312,3000
2026-06-27 02:11:12,87,B+1.5,5,True,False,False,,-1,26.1815,3000
2026-06-27 02:11:38,107,W+0.5,19,True,False,False,,-1,26.2037,3000
2026-06-27 02:12:17,162,B+6.5,36,True,False,False,,-1,26.208,3000
2026-06-27 02:12:55,136,B+0.5,23,True,False,False,,-1,26.4144,3000
2026-06-27 02:13:20,93,B+0.5,15,True,False,False,,-1,26.5296,3000
2026-06-27 02:13:42,89,B+4.5,15,True,False,False,,-1,26.536,3000
2026-06-27 02:13:56,53,B+1.5,6,True,False,False,,-1,26.4247,3000
2026-06-27 02:14:23,117,W+3.5,22,True,False,False,,-1,26.4443,3000
2026-06-27 02:14:52,119,B+0.5,16,True,False,False,,-1,26.475,3000
2026-06-27 02:15:19,105,B+1.5,12,True,False,False,,-1,26.5124,3000
2026-06-27 02:15:47,105,B+0.5,16,True,False,False,,-1,26.6298,3000
2026-06-27 02:16:18,117,W+1.5,22,True,False,False,,-1,26.6505,3000
2026-06-27 02:16:44,111,B+1.5,13,True,False,False,,-1,26.6393,3000
2026-06-27 02:17:12,113,B+0.5,19,True,False,False,,-1,26.684,3000
2026-06-27 02:17:37,97,B+1.5,12,True,False,False,,-1,26.685,3000
2026-06-27 02:18:05,109,W+1.5,14,True,False,False,,-1,26.6967,3000
2026-06-27 02:18:35,128,B+5.5,19,True,False,False,,-1,26.7594,3000
2026-06-27 02:18:47,51,B+1.5,5,True,False,False,,-1,26.6229,3000
2026-06-27 02:19:14,106,B+2.5,17,True,False,False,,-1,26.7735,3000
2026-06-27 02:19:43,113,W+6.5,18,True,False,False,,-1,26.9311,3000
2026-06-27 02:20:22,154,B+2.5,32,True,False,False,,-1,27.0543,3000
2026-06-27 02:20:52,115,W+1.5,14,True,False,False,,-1,27.0883,3000
2026-06-27 02:21:22,113,W+1.5,19,True,False,False,,-1,27.1078,3000
2026-06-27 02:21:45,91,B+3.5,11,True,False,False,,-1,27.0406,3000
2026-06-27 02:22:08,97,B+0.5,12,True,False,False,,-1,26.9358,3000
2026-06-27 02:22:32,99,W+0.5,19,True,False,False,,-1,27.0157,3000
2026-06-27 02:23:12,153,W+0.5,27,True,False,False,,-1,27.1562,3000
2026-06-27 02:23:39,107,B+1.5,13,True,False,False,,-1,27.0928,3000
2026-06-27 02:23:54,61,B+0.5,9,True,False,False,,-1,26.9819,3000
2026-06-27 02:24:18,97,B+2.5,15,True,False,False,,-1,26.9625,3000
2026-06-27 02:24:40,91,W+0.5,13,True,False,False,,-1,26.9413,3000
2026-06-27 02:24:58,65,B+3.5,7,True,False,False,,-1,26.8546,3000
2026-06-27 02:25:26,108,B+0.5,14,True,False,False,,-1,26.9615,3000
2026-06-27 02:25:54,115,B+1.5,19,True,False,False,,-1,26.9761,3000
2026-06-27 02:26:19,93,B+1.5,15,True,False,False,,-1,26.9811,3000
2026-06-27 02:26:44,101,B+0.5,14,True,False,False,,-1,26.9347,3000
2026-06-27 02:27:15,119,W+3.5,20,True,False,False,,-1,27.0969,3000
2026-06-27 02:27:42,112,B+1.5,18,True,False,False,,-1,26.9565,3000
2026-06-27 02:28:01,82,B+4.5,9,True,False,False,,-1,26.7554,3000
2026-06-27 02:28:26,107,B+3.5,14,True,False,False,,-1,26.6722,3000
2026-06-27 02:28:51,102,B+2.5,18,True,False,False,,-1,26.7575,3000
2026-06-27 02:29:11,91,B+2.5,13,True,False,False,,-1,26.708,3000
2026-06-27 02:29:41,125,W+4.5,26,True,False,False,,-1,26.8938,3000
2026-06-27 02:29:54,51,B+0.5,9,True,False,False,,-1,26.6246,3000
2026-06-27 02:30:19,105,B+4.5,19,True,False,False,,-1,26.5074,3000
2026-06-27 02:30:47,116,B+2.5,21,True,False,False,,-1,26.4094,3000
2026-06-27 02:31:09,91,B+0.5,9,True,False,False,,-1,26.3282,3000
2026-06-27 02:31:25,65,B+1.5,10,True,False,False,,-1,26.1998,3000
2026-06-27 02:32:01,149,W+2.5,32,True,False,False,,-1,26.4247,3000
2026-06-27 02:32:44,162,W+3.5,30,True,False,False,,-1,26.5832,3000
2026-06-27 02:33:17,125,B+0.5,24,True,False,False,,-1,26.6329,3000
2026-06-27 02:33:44,105,B+0.5,10,True,False,False,,-1,26.6047,3000
2026-06-27 02:34:11,100,B+4.5,12,True,False,False,,-1,26.5989,3000
2026-06-27 02:34:41,127,W+1.5,26,True,False,False,,-1,26.7525,3000
2026-06-27 02:35:08,109,W+3.5,14,True,False,False,,-1,26.7548,3000
2026-06-27 02:35:31,86,B+1.5,11,True,False,False,,-1,26.7379,3000
2026-06-27 02:36:02,123,B+0.5,19,True,False,False,,-1,26.8255,3000
2026-06-27 02:36:28,103,W+0.5,17,True,False,False,,-1,26.7984,3000
2026-06-27 02:36:57,114,B+1.5,16,True,False,False,,-1,26.7876,3000
2026-06-27 02:37:21,99,B+3.5,13,True,False,False,,-1,26.7136,3000
2026-06-27 02:37:40,73,B+3.5,3,True,False,False,,-1,26.5093,3000
2026-06-27 02:38:06,114,B+1.5,19,True,False,False,,-1,26.558,3000
2026-06-27 02:38:28,97,B+1.5,12,True,False,False,,-1,26.5177,3000
2026-06-27 02:38:53,101,B+1.5,15,True,False,False,,-1,26.4344,3000
2026-06-27 02:39:15,94,B+1.5,11,True,False,False,,-1,26.3959,3000
2026-06-27 02:39:27,53,B+2.5,9,True,False,False,,-1,26.2813,3000
2026-06-27 02:39:58,107,B+3.5,17,True,False,False,,-1,26.2744,3000
2026-06-27 02:40:28,129,W+0.5,25,True,False,False,,-1,26.2084,3000
2026-06-27 02:40:53,87,B+0.5,13,True,False,False,,-1,26.2047,3000
2026-06-27 02:41:19,110,B+1.5,18,True,False,False,,-1,26.1096,3000
2026-06-27 02:41:43,109,B+1.5,15,True,False,False,,-1,26.1275,3000
2026-06-27 02:42:06,92,B+2.5,8,True,False,False,,-1,26.1857,3000
2026-06-27 02:42:40,127,W+0.5,18,True,False,False,,-1,26.2706,3000
2026-06-27 02:43:16,129,W+5.5,29,True,False,False,,-1,26.312,3000
2026-06-27 02:43:41,98,B+0.5,8,True,False,False,,-1,26.2729,3000
2026-06-27 02:44:03,87,B+3.5,12,True,False,False,,-1,26.2448,3000
2026-06-27 02:44:30,103,B+0.5,13,True,False,False,,-1,26.2767,3000
2026-06-27 02:44:53,94,B+1.5,14,True,False,False,,-1,26.2787,3000
2026-06-27 02:45:27,129,W+1.5,15,True,False,False,,-1,26.2871,3000
2026-06-27 02:45:55,112,B+0.5,16,True,False,False,,-1,26.2836,3000
2026-06-27 02:46:31,152,B+1.5,33,True,False,False,,-1,26.2438,3000
2026-06-27 02:47:05,133,W+0.5,26,True,False,False,,-1,26.3355,3000
2026-06-27 02:47:22,63,B+2.5,7,True,False,False,,-1,26.2357,3000
2026-06-27 02:48:01,159,W+5.5,32,True,False,False,,-1,26.3705,3000
2026-06-27 02:48:28,114,B+3.5,19,True,False,False,,-1,26.3624,3000
2026-06-27 02:49:03,162,B+5.5,31,True,False,False,,-1,26.4474,3000
2026-06-27 02:49:32,115,W+0.5,17,True,False,False,,-1,26.4804,3000
2026-06-27 02:49:54,95,B+2.5,14,True,False,False,,-1,26.4712,3000
2026-06-27 02:50:20,99,B+1.5,12,True,False,False,,-1,26.6107,3000
2026-06-27 02:50:57,149,B+1.5,24,True,False,False,,-1,26.86,3000
2026-06-27 02:51:24,107,W+2.5,13,True,False,False,,-1,26.8652,3000
2026-06-27 02:52:01,150,B+0.5,29,True,False,False,,-1,26.8876,3000
2026-06-27 02:52:39,143,W+0.5,26,True,False,False,,-1,26.9771,3000
2026-06-27 02:53:02,101,W+0.5,11,True,False,False,,-1,27.0419,3000
2026-06-27 02:53:17,63,B+0.5,3,True,False,False,,-1,26.8746,3000
2026-06-27 02:53:47,111,B+0.5,18,True,False,False,,-1,26.8426,3000
2026-06-27 02:54:14,111,W+0.5,24,True,False,False,,-1,26.8688,3000
2026-06-27 02:54:44,127,W+8.5,22,True,False,False,,-1,26.9222,3000
2026-06-27 02:55:20,142,B+1.5,26,True,False,False,,-1,26.9884,3000
2026-06-27 02:55:45,108,B+2.5,21,True,False,False,,-1,26.9438,3000
2026-06-27 02:56:25,162,W+10.5,32,True,False,False,,-1,27.1321,3000
2026-06-27 02:56:56,120,B+1.5,19,True,False,False,,-1,27.1691,3000
2026-06-27 02:57:26,119,W+0.5,19,True,False,False,,-1,27.0844,3000
2026-06-27 02:57:52,125,W+0.5,25,True,False,False,,-1,26.971,3000
2026-06-27 02:58:28,162,B+3.5,29,True,False,False,,-1,27.0778,3000
2026-06-27 02:58:56,109,B+2.5,20,True,False,False,,-1,27.1342,3000
2026-06-27 02:59:20,97,B+2.5,14,True,False,False,,-1,27.243,3000
2026-06-27 02:59:50,113,W+1.5,15,True,False,False,,-1,27.2603,3000
2026-06-27 03:00:03,55,B+1.5,9,True,False,False,,-1,27.1085,3000
2026-06-27 03:00:26,97,W+8.5,6,True,False,False,,-1,27.06,3000
2026-06-27 03:00:58,131,B+1.5,25,True,False,False,,-1,27.1112,3000
2026-06-27 03:01:26,110,B+1.5,9,True,False,False,,-1,27.0787,3000
2026-06-27 03:02:03,162,B+1.5,33,True,False,False,,-1,27.1871,3000
2026-06-27 03:02:30,114,B+3.5,13,True,False,False,,-1,27.1766,3000
2026-06-27 03:02:59,111,W+3.5,15,True,False,False,,-1,27.2228,3000
2026-06-27 03:03:25,98,W+1.5,7,True,False,False,,-1,27.1937,3000
2026-06-27 03:03:51,101,B+0.5,9,True,False,False,,-1,27.1517,3000
2026-06-27 03:04:23,125,W+0.5,13,True,False,False,,-1,27.3539,3000
2026-06-27 03:05:04,162,B+9.5,34,True,False,False,,-1,27.5033,3000
2026-06-27 03:05:35,119,B+1.5,14,True,False,False,,-1,27.511,3000
2026-06-27 03:06:00,101,B+7.5,18,True,False,False,,-1,27.3732,3000
2026-06-27 03:06:23,84,B+0.5,5,True,False,False,,-1,27.3057,3000
2026-06-27 03:06:55,127,W+0.5,16,True,False,False,,-1,27.3262,3000
2026-06-27 03:07:24,112,B+0.5,14,True,False,False,,-1,27.3911,3000
2026-06-27 03:07:52,118,W+2.5,20,True,False,False,,-1,27.4325,3000
2026-06-27 03:08:16,93,B+0.5,16,True,False,False,,-1,27.4408,3000
2026-06-27 03:08:44,111,W+0.5,16,True,False,False,,-1,27.3232,3000
2026-06-27 03:09:11,103,W+2.5,14,True,False,False,,-1,27.3128,3000
2026-06-27 03:09:40,111,B+0.5,16,True,False,False,,-1,27.4602,3000
2026-06-27 03:10:14,130,B+3.5,25,True,False,False,,-1,27.5623,3000
2026-06-27 03:10:36,89,B+3.5,10,True,False,False,,-1,27.5553,3000
2026-06-27 03:10:54,67,B+0.5,9,True,False,False,,-1,27.5609,3000
2026-06-27 03:11:09,61,B+0.5,9,True,False,False,,-1,27.4227,3000
2026-06-27 03:11:30,90,B+2.5,9,True,False,False,,-1,27.3586,3000
2026-06-27 03:11:58,125,B+1.5,16,True,False,False,,-1,27.3886,3000
2026-06-27 03:12:21,85,B+2.5,9,True,False,False,,-1,27.3681,3000
2026-06-27 03:12:57,150,W+0.5,31,True,False,False,,-1,27.4239,3000
2026-06-27 03:13:25,110,B+0.5,10,True,False,False,,-1,27.4269,3000
2026-06-27 03:14:07,152,B+7.5,31,True,False,False,,-1,27.6565,3000
2026-06-27 03:14:32,105,W+0.5,12,True,False,False,,-1,27.6557,3000
2026-06-27 03:14:59,106,B+1.5,11,True,False,False,,-1,27.6824,3000
2026-06-27 03:15:21,80,W+2.5,8,True,False,False,,-1,27.6953,3000
2026-06-27 03:15:47,105,W+1.5,13,True,False,False,,-1,27.6523,3000
2026-06-27 03:16:09,90,B+4.5,8,True,False,False,,-1,27.7481,3000
2026-06-27 03:16:36,111,W+0.5,16,True,False,False,,-1,27.7699,3000
2026-06-27 03:16:49,55,B+0.5,6,True,False,False,,-1,27.6178,3000
2026-06-27 03:17:24,142,B+1.5,25,True,False,False,,-1,27.7556,3000
2026-06-27 03:18:01,144,B+4.5,29,True,False,False,,-1,27.9596,3000
2026-06-27 03:18:26,103,B+2.5,17,True,False,False,,-1,27.8514,3000
2026-06-27 03:18:44,73,B+0.5,12,True,False,False,,-1,27.5982,3000
2026-06-27 03:19:21,143,B+0.5,25,True,False,False,,-1,27.6401,3000
2026-06-27 03:19:48,103,W+0.5,13,True,False,False,,-1,27.6371,3000
2026-06-27 03:20:21,153,W+5.5,25,True,False,False,,-1,27.699,3000
2026-06-27 03:20:44,94,B+2.5,12,True,False,False,,-1,27.6253,3000
2026-06-27 03:21:09,97,W+1.5,12,True,False,False,,-1,27.6115,3000
2026-06-27 03:21:34,95,B+2.5,11,True,False,False,,-1,27.6211,3000
2026-06-27 03:22:18,149,B+0.5,28,True,False,False,,-1,27.7521,3000
2026-06-27 03:22:43,107,W+1.5,13,True,False,False,,-1,27.7477,3000
2026-06-27 03:23:08,99,B+3.5,19,True,False,False,,-1,27.7107,3000
2026-06-27 03:23:32,97,W+5.5,11,True,False,False,,-1,27.7005,3000
2026-06-27 03:24:01,117,B+1.5,18,True,False,False,,-1,27.8028,3000
2026-06-27 03:24:14,53,B+0.5,8,True,False,False,,-1,27.6773,3000
2026-06-27 03:24:41,111,W+2.5,18,True,False,False,,-1,27.7258,3000
2026-06-27 03:25:04,88,B+5.5,10,True,False,False,,-1,27.7077,3000
2026-06-27 03:25:44,162,W+4.5,40,True,False,False,,-1,27.89,3000
2026-06-27 03:26:06,85,B+1.5,12,True,False,False,,-1,27.9885,3000
2026-06-27 03:26:31,99,B+2.5,11,True,False,False,,-1,27.9312,3000
2026-06-27 03:26:46,61,B+0.5,10,True,False,False,,-1,27.7812,3000
2026-06-27 03:27:12,101,W+1.5,11,True,False,False,,-1,27.7905,3000
2026-06-27 03:27:39,106,B+14.5,15,True,False,False,,-1,27.8023,3000
2026-06-27 03:28:25,162,W+1.5,5,True,False,False,,-1,28.0166,3000
2026-06-27 03:28:41,55,B+0.5,3,True,False,False,,-1,27.9433,3000
2026-06-27 03:29:18,162,W+8.5,32,True,False,False,,-1,27.9768,3000
2026-06-27 03:29:29,47,B+3.5,8,True,False,False,,-1,27.725,3000
2026-06-27 03:29:56,130,B+3.5,25,True,False,False,,-1,27.7462,3000
2026-06-27 03:30:23,106,B+2.5,16,True,False,False,,-1,27.8045,3000
2026-06-27 03:30:57,130,B+1.5,24,True,False,False,,-1,27.8641,3000
2026-06-27 03:31:26,125,W+0.5,16,True,False,False,,-1,27.9262,3000
2026-06-27 03:31:42,59,B+3.5,5,True,False,False,,-1,27.7541,3000
2026-06-27 03:32:07,97,W+0.5,13,True,False,False,,-1,27.7194,3000
2026-06-27 03:32:32,98,B+1.5,13,True,False,False,,-1,27.6019,3000
2026-06-27 03:32:59,103,W+4.5,12,True,False,False,,-1,27.5336,3000
2026-06-27 03:33:13,55,B+3.5,6,True,False,False,,-1,27.5078,3000
2026-06-27 03:33:54,162,W+1.5,43,True,False,False,,-1,27.5305,3000
2026-06-27 03:34:23,120,B+1.5,19,True,False,False,,-1,27.5476,3000
2026-06-27 03:34:44,88,B+2.5,17,True,False,False,,-1,27.4043,3000
2026-06-27 03:35:12,121,W+2.5,18,True,False,False,,-1,27.3887,3000
2026-06-27 03:35:35,99,W+0.5,15,True,False,False,,-1,27.4049,3000
2026-06-27 03:35:47,51,B+0.5,6,True,False,False,,-1,27.2672,3000
2026-06-27 03:36:19,132,W+2.5,21,True,False,False,,-1,27.2121,3000
2026-06-27 03:36:46,113,W+1.5,19,True,False,False,,-1,27.2118,3000
2026-06-27 03:37:04,69,B+1.5,9,True,False,False,,-1,27.0283,3000
2026-06-27 03:37:22,69,B+2.5,5,True,False,False,,-1,26.8287,3000
2026-06-27 03:37:52,115,W+11.5,17,True,False,False,,-1,26.8942,3000
2026-06-27 03:38:12,84,B+2.5,10,True,False,False,,-1,26.9442,3000
2026-06-27 03:38:25,47,B+1.5,7,True,False,False,,-1,26.7735,3000
2026-06-27 03:38:54,115,W+2.5,17,True,False,False,,-1,26.7975,3000
2026-06-27 03:39:25,115,W+0.5,15,True,False,False,,-1,26.8005,3000
2026-06-27 03:40:06,162,B+3.5,30,True,False,False,,-1,26.8599,3000
2026-06-27 03:40:36,113,B+5.5,17,True,False,False,,-1,26.902,3000
2026-06-27 03:40:58,79,B+2.5,4,True,False,False,,-1,26.7291,3000
2026-06-27 03:41:25,110,B+1.5,17,True,False,False,,-1,26.6887,3000
2026-06-27 03:41:41,69,B+1.5,11,True,False,False,,-1,26.5478,3000
2026-06-27 03:42:16,125,W+5.5,22,True,False,False,,-1,26.637,3000
2026-06-27 03:42:32,57,B+1.5,6,True,False,False,,-1,26.432,3000
2026-06-27 03:42:55,94,B+5.5,9,True,False,False,,-1,26.386,3000
2026-06-27 03:43:13,82,B+1.5,11,True,False,False,,-1,26.3255,3000
2026-06-27 03:43:38,99,W+3.5,14,True,False,False,,-1,26.2846,3000
2026-06-27 03:44:06,114,B+0.5,25,True,False,False,,-1,26.4305,3000
2026-06-27 03:44:19,55,B+0.5,6,True,False,False,,-1,26.3338,3000
2026-06-27 03:44:44,96,B+1.5,14,True,False,False,,-1,26.253,3000
2026-06-27 03:45:12,115,B+3.5,19,True,False,False,,-1,26.2606,3000
2026-06-27 03:45:34,91,B+5.5,13,True,False,False,,-1,26.1044,3000
2026-06-27 03:46:14,162,B+7.5,17,True,False,False,,-1,26.2444,3000
2026-06-27 03:46:39,99,B+1.5,16,True,False,False,,-1,26.1937,3000
2026-06-27 03:47:06,115,B+2.5,19,True,False,False,,-1,26.2096,3000
2026-06-27 03:47:30,93,B+4.5,10,True,False,False,,-1,26.1885,3000
2026-06-27 03:47:55,91,B+2.5,13,True,False,False,,-1,26.1169,3000
2026-06-27 03:48:12,65,B+2.5,10,True,False,False,,-1,25.8768,3000
2026-06-27 03:48:42,122,W+0.5,18,True,False,False,,-1,25.8759,3000
2026-06-27 03:49:13,117,W+2.5,13,True,False,False,,-1,25.9313,3000
2026-06-27 03:49:38,96,B+1.5,15,True,False,False,,-1,25.9528,3000
2026-06-27 03:50:10,117,W+0.5,14,True,False,False,,-1,25.9416,3000
2026-06-27 03:50:35,91,B+2.5,11,True,False,False,,-1,25.9032,3000
2026-06-27 03:50:50,59,B+0.5,5,True,False,False,,-1,25.7798,3000
2026-06-27 03:51:01,49,B+2.5,5,True,False,False,,-1,25.6481,3000
2026-06-27 03:51:26,101,W+1.5,12,True,False,False,,-1,25.6129,3000
2026-06-27 03:52:00,131,W+2.5,24,True,False,False,,-1,25.6923,3000
2026-06-27 03:52:31,116,B+1.5,14,True,False,False,,-1,25.714,3000
2026-06-27 03:52:59,114,B+1.5,18,True,False,False,,-1,25.6407,3000
2026-06-27 03:53:26,108,B+2.5,16,True,False,False,,-1,25.6949,3000
2026-06-27 03:53:54,114,B+1.5,15,True,False,False,,-1,25.7946,3000
2026-06-27 03:54:17,100,B+0.5,17,True,False,False,,-1,25.8854,3000
2026-06-27 03:54:48,116,B+5.5,23,True,False,False,,-1,25.9772,3000
2026-06-27 03:55:27,162,B+10.5,37,True,False,False,,-1,26.0865,3000
2026-06-27 03:55:59,136,B+2.5,16,True,False,False,,-1,26.1784,3000
2026-06-27 03:56:27,102,B+0.5,11,True,False,False,,-1,26.094,3000
2026-06-27 03:56:42,61,B+0.5,4,True,False,False,,-1,25.9654,3000
2026-06-27 03:57:08,103,B+2.5,14,True,False,False,,-1,25.8032,3000
2026-06-27 03:57:33,113,W+0.5,18,True,False,False,,-1,25.8106,3000
2026-06-27 03:58:10,156,B+4.5,39,True,False,False,,-1,25.9042,3000
2026-06-27 03:58:26,63,B+0.5,10,True,False,False,,-1,25.8508,3000
2026-06-27 03:59:01,162,B+1.5,36,True,False,False,,-1,25.9451,3000
2026-06-27 03:59:39,161,W+2.5,38,True,False,False,,-1,26.0909,3000
2026-06-27 04:00:03,101,W+0.5,11,True,False,False,,-1,26.0608,3000
2026-06-27 04:00:28,98,B+1.5,10,True,False,False,,-1,26.1863,3000
2026-06-27 04:01:00,131,B+6.5,22,True,False,False,,-1,26.1545,3000
2026-06-27 04:01:16,61,B+0.5,4,True,False,False,,-1,25.9451,3000
2026-06-27 04:01:46,134,W+0.5,23,True,False,False,,-1,25.9976,3000
2026-06-27 04:02:10,97,W+4.5,13,True,False,False,,-1,26.0614,3000
2026-06-27 04:02:49,162,W+1.5,29,True,False,False,,-1,26.0721,3000
2026-06-27 04:03:21,125,B+0.5,26,True,False,False,,-1,26.1261,3000
2026-06-27 04:03:46,103,W+2.5,10,True,False,False,,-1,26.0496,3000
2026-06-27 04:03:59,49,B+0.5,6,True,False,False,,-1,25.9506,3000
2026-06-27 04:04:25,104,B+0.5,12,True,False,False,,-1,25.9583,3000
2026-06-27 04:05:03,162,B+6.5,38,True,False,False,,-1,26.0949,3000
2026-06-27 04:05:37,140,B+7.5,26,True,False,False,,-1,25.9872,3000
2026-06-27 04:06:02,97,W+2.5,13,True,False,False,,-1,25.9805,3000
2026-06-27 04:06:22,89,B+2.5,10,True,False,False,,-1,25.9403,3000
2026-06-27 04:06:55,127,W+1.5,15,True,False,False,,-1,26.0345,3000
2026-06-27 04:07:07,51,B+0.5,9,True,False,False,,-1,25.8613,3000
2026-06-27 04:07:40,123,W+4.5,19,True,False,False,,-1,26.0573,3000
2026-06-27 04:08:08,115,B+2.5,17,True,False,False,,-1,26.0602,3000
2026-06-27 04:08:19,45,B+1.5,5,True,False,False,,-1,25.946,3000
2026-06-27 04:08:44,100,B+4.5,12,True,False,False,,-1,25.791,3000
2026-06-27 04:09:09,102,B+0.5,17,True,False,False,,-1,25.8262,3000
2026-06-27 04:09:21,49,B+1.5,3,True,False,False,,-1,25.7007,3000
2026-06-27 04:09:52,127,W+0.5,19,True,False,False,,-1,25.8563,3000
2026-06-27 04:10:08,73,B+0.5,9,True,False,False,,-1,25.757,3000
2026-06-27 04:10:38,117,B+2.5,22,True,False,False,,-1,25.7908,3000
2026-06-27 04:11:12,135,W+0.5,21,True,False,False,,-1,25.6685,3000
2026-06-27 04:11:42,113,W+5.5,16,True,False,False,,-1,25.8098,3000
2026-06-27 04:12:18,151,W+1.5,33,True,False,False,,-1,25.7932,3000
2026-06-27 04:12:47,121,W+8.5,17,True,False,False,,-1,25.9819,3000
2026-06-27 04:12:58,47,B+0.5,4,True,False,False,,-1,25.8188,3000
2026-06-27 04:13:27,112,B+1.5,13,True,False,False,,-1,25.8359,3000
2026-06-27 04:13:51,84,B+6.5,10,True,False,False,,-1,25.7398,3000
2026-06-27 04:14:05,63,B+1.5,8,True,False,False,,-1,25.5869,3000
2026-06-27 04:14:27,79,B+2.5,9,True,False,False,,-1,25.6417,3000
2026-06-27 04:14:41,53,B+3.5,7,True,False,False,,-1,25.5405,3000
2026-06-27 04:15:06,91,B+1.5,8,True,False,False,,-1,25.5386,3000
2026-06-27 04:15:37,121,W+0.5,26,True,False,False,,-1,25.5788,3000
2026-06-27 04:16:05,110,B+4.5,21,True,False,False,,-1,25.7181,3000
2026-06-27 04:16:28,91,B+2.5,12,True,False,False,,-1,25.5367,3000
2026-06-27 04:16:49,85,B+2.5,10,True,False,False,,-1,25.4529,3000
2026-06-27 04:17:19,128,W+0.5,19,True,False,False,,-1,25.5515,3000
2026-06-27 04:17:47,105,W+0.5,14,True,False,False,,-1,25.5575,3000
2026-06-27 04:18:10,91,B+0.5,12,True,False,False,,-1,25.5522,3000
2026-06-27 04:18:35,105,B+4.5,16,True,False,False,,-1,25.6775,3000
2026-06-27 04:18:54,77,B+4.5,9,True,False,False,,-1,25.5503,3000
2026-06-27 04:19:26,117,W+4.5,20,True,False,False,,-1,25.5959,3000
2026-06-27 04:19:55,123,B+4.5,21,True,False,False,,-1,25.7072,3000
2026-06-27 04:20:24,119,B+0.5,22,True,False,False,,-1,25.8185,3000
2026-06-27 04:21:02,143,W+1.5,29,True,False,False,,-1,25.9011,3000
2026-06-27 04:21:35,131,W+1.5,23,True,False,False,,-1,26.0234,3000
2026-06-27 04:22:00,98,B+7.5,12,True,False,False,,-1,26.1514,3000
2026-06-27 04:22:32,121,B+1.5,14,True,False,False,,-1,26.184,3000
2026-06-27 04:23:05,147,B+0.5,23,True,False,False,,-1,26.2029,3000
2026-06-27 04:23:28,96,B+1.5,16,True,False,False,,-1,26.0211,3000
2026-06-27 04:23:55,100,B+0.5,12,True,False,False,,-1,25.9896,3000
2026-06-27 04:24:33,162,W+5.5,39,True,False,False,,-1,26.1449,3000
2026-06-27 04:24:55,84,B+5.5,6,True,False,False,,-1,26.0988,3000
2026-06-27 04:25:10,71,B+3.5,16,True,False,False,,-1,26.09,3000
2026-06-27 04:25:43,120,B+2.5,15,True,False,False,,-1,26.0667,3000
2026-06-27 04:25:55,51,B+2.5,9,True,False,False,,-1,26.0364,3000
2026-06-27 04:26:20,99,W+2.5,13,True,False,False,,-1,26.0506,3000
2026-06-27 04:26:41,83,W+1.5,6,True,False,False,,-1,26.0811,3000
2026-06-27 04:27:07,101,W+1.5,13,True,False,False,,-1,26.087,3000
2026-06-27 04:27:27,87,B+7.5,12,True,False,False,,-1,26.0128,3000
2026-06-27 04:27:58,121,W+0.5,23,True,False,False,,-1,26.1844,3000
2026-06-27 04:28:26,105,B+0.5,17,True,False,False,,-1,26.2181,3000
2026-06-27 04:28:57,115,W+3.5,16,True,False,False,,-1,26.2427,3000
2026-06-27 04:29:23,97,W+2.5,10,True,False,False,,-1,26.2861,3000
2026-06-27 04:29:49,108,W+2.5,13,True,False,False,,-1,26.1429,3000
2026-06-27 04:30:16,106,B+5.5,24,True,False,False,,-1,26.1712,3000
2026-06-27 04:30:43,103,W+1.5,10,True,False,False,,-1,26.1688,3000
2026-06-27 04:31:18,141,W+5.5,27,True,False,False,,-1,26.2826,3000
2026-06-27 04:31:48,119,B+2.5,23,True,False,False,,-1,26.3283,3000
2026-06-27 04:32:26,156,B+4.5,33,True,False,False,,-1,26.5319,3000
2026-06-27 04:32:44,71,B+1.5,13,True,False,False,,-1,26.4138,3000
2026-06-27 04:33:13,114,B+5.5,17,True,False,False,,-1,26.4,3000
2026-06-27 04:33:29,63,B+2.5,3,True,False,False,,-1,26.3097,3000
2026-06-27 04:33:55,97,W+3.5,15,True,False,False,,-1,26.2549,3000
2026-06-27 04:34:07,51,B+0.5,8,True,False,False,,-1,26.1197,3000
2026-06-27 04:34:34,103,W+14.5,9,True,False,False,,-1,26.2392,3000
2026-06-27 04:34:58,103,B+2.5,15,True,False,False,,-1,26.3645,3000
2026-06-27 04:35:23,101,B+8.5,17,True,False,False,,-1,26.3734,3000
2026-06-27 04:35:37,57,B+0.5,5,True,False,False,,-1,26.1659,3000
2026-06-27 04:36:08,128,W+0.5,27,True,False,False,,-1,26.1639,3000
2026-06-27 04:36:38,111,W+0.5,13,True,False,False,,-1,26.1922,3000
2026-06-27 04:37:04,105,W+0.5,15,True,False,False,,-1,26.1778,3000
2026-06-27 04:37:28,97,B+2.5,14,True,False,False,,-1,26.1442,3000
2026-06-27 04:37:43,57,B+1.5,4,True,False,False,,-1,26.0594,3000
2026-06-27 04:38:11,117,B+0.5,22,True,False,False,,-1,26.0271,3000
2026-06-27 04:38:37,95,W+2.5,12,True,False,False,,-1,25.8989,3000
2026-06-27 04:39:04,102,B+3.5,11,True,False,False,,-1,25.8435,3000
2026-06-27 04:39:44,161,W+2.5,38,True,False,False,,-1,25.9695,3000
2026-06-27 04:40:17,130,B+0.5,26,True,False,False,,-1,26.146,3000
2026-06-27 04:40:43,113,W+1.5,19,True,False,False,,-1,26.1527,3000
2026-06-27 04:41:17,143,W+0.5,32,True,False,False,,-1,26.2439,3000
2026-06-27 04:41:58,162,W+11.5,33,True,False,False,,-1,26.273,3000
2026-06-27 04:42:26,107,B+6.5,18,True,False,False,,-1,26.3948,3000
2026-06-27 04:42:40,59,B+0.5,10,True,False,False,,-1,26.1875,3000
2026-06-27 04:43:06,100,B+1.5,8,True,False,False,,-1,26.0746,3000
2026-06-27 04:43:48,162,W+2.5,41,True,False,False,,-1,26.2521,3000
2026-06-27 04:44:14,100,B+4.5,12,True,False,False,,-1,26.2512,3000
2026-06-27 04:44:44,107,W+2.5,11,True,False,False,,-1,26.2367,3000
2026-06-27 04:45:06,92,W+0.5,4,True,False,False,,-1,26.3025,3000
2026-06-27 04:45:33,110,B+0.5,14,True,False,False,,-1,26.2665,3000
2026-06-27 04:45:58,98,B+3.5,11,True,False,False,,-1,26.2743,3000
2026-06-27 04:46:14,61,B+7.5,10,True,False,False,,-1,26.0524,3000
2026-06-27 04:46:41,114,B+3.5,18,True,False,False,,-1,26.0031,3000
2026-06-27 04:47:13,131,W+1.5,31,True,False,False,,-1,26.0641,3000
2026-06-27 04:47:46,128,B+5.5,17,True,False,False,,-1,26.2684,3000
2026-06-27 04:48:17,139,W+1.5,34,True,False,False,,-1,26.3213,3000
2026-06-27 04:48:45,99,B+2.5,13,True,False,False,,-1,26.2167,3000
2026-06-27 04:49:13,114,B+1.5,22,True,False,False,,-1,26.1649,3000
2026-06-27 04:49:39,100,B+0.5,13,True,False,False,,-1,26.1674,3000
2026-06-27 04:50:04,100,B+0.5,12,True,False,False,,-1,26.2093,3000
2026-06-27 04:50:40,143,W+0.5,26,True,False,False,,-1,26.2462,3000
2026-06-27 04:51:14,128,B+1.5,25,True,False,False,,-1,26.4634,3000
2026-06-27 04:51:42,111,W+0.5,17,True,False,False,,-1,26.4226,3000
2026-06-27 04:51:57,63,B+0.5,10,True,False,False,,-1,26.2892,3000
2026-06-27 04:52:21,102,W+0.5,9,True,False,False,,-1,26.4205,3000
2026-06-27 04:52:45,99,B+0.5,15,True,False,False,,-1,26.4061,3000
2026-06-27 04:53:14,118,B+5.5,17,True,False,False,,-1,26.4437,3000
2026-06-27 04:53:28,59,B+1.5,5,True,False,False,,-1,26.4653,3000
2026-06-27 04:53:57,107,B+2.5,18,True,False,False,,-1,26.4512,3000
2026-06-27 04:54:31,137,B+2.5,23,True,False,False,,-1,26.6236,3000
2026-06-27 04:54:56,105,B+1.5,20,True,False,False,,-1,26.5748,3000
2026-06-27 04:55:32,141,W+1.5,35,True,False,False,,-1,26.5974,3000
2026-06-27 04:56:11,151,W+0.5,28,True,False,False,,-1,26.6887,3000
2026-06-27 04:56:39,109,B+1.5,18,True,False,False,,-1,26.6122,3000
2026-06-27 04:57:16,162,W+0.5,31,True,False,False,,-1,26.6874,3000
2026-06-27 04:57:39,91,W+0.5,11,True,False,False,,-1,26.8072,3000
2026-06-27 04:58:05,101,B+1.5,13,True,False,False,,-1,26.7707,3000
2026-06-27 04:58:31,115,B+1.5,11,True,False,False,,-1,26.7953,3000
2026-06-27 04:59:09,162,W+2.5,25,True,False,False,,-1,27.0397,3000
2026-06-27 04:59:28,71,B+0.5,11,True,False,False,,-1,27.011,3000
2026-06-27 05:00:00,118,B+2.5,13,True,False,False,,-1,27.1816,3000
2026-06-27 05:00:33,139,W+2.5,30,True,False,False,,-1,27.2693,3000
2026-06-27 05:01:03,109,W+2.5,13,True,False,False,,-1,27.2587,3000
2026-06-27 05:01:38,146,B+3.5,33,True,False,False,,-1,27.3314,3000
2026-06-27 05:01:46,32,W+7.5,2,True,False,False,,-1,27.1722,3000
2026-06-27 05:02:11,98,B+1.5,5,True,False,False,,-1,27.2164,3000
2026-06-27 05:02:42,122,B+4.5,19,True,False,False,,-1,27.2224,3000
2026-06-27 05:02:51,38,W+6.5,3,True,False,False,,-1,27.0352,3000
2026-06-27 05:03:23,123,W+1.5,16,True,False,False,,-1,27.1248,3000
2026-06-27 05:03:57,133,W+3.5,21,True,False,False,,-1,27.2135,3000
2026-06-27 05:04:08,49,B+0.5,6,True,False,False,,-1,27.1387,3000
2026-06-27 05:04:37,106,W+2.5,16,True,False,False,,-1,27.107,3000
2026-06-27 05:05:00,98,B+3.5,14,True,False,False,,-1,27.0514,3000
2026-06-27 05:05:32,113,B+0.5,11,True,False,False,,-1,27.0826,3000
2026-06-27 05:05:57,103,W+2.5,14,True,False,False,,-1,26.9439,3000
2026-06-27 05:06:22,102,B+1.5,12,True,False,False,,-1,26.8669,3000
2026-06-27 05:06:37,55,B+1.5,5,True,False,False,,-1,26.7659,3000
2026-06-27 05:07:16,162,B+19.5,34,True,False,False,,-1,26.8375,3000
2026-06-27 05:07:49,139,B+1.5,34,True,False,False,,-1,26.8351,3000
2026-06-27 05:08:15,103,B+1.5,15,True,False,False,,-1,26.8694,3000
2026-06-27 05:08:40,99,B+0.5,16,True,False,False,,-1,26.8464,3000
2026-06-27 05:09:03,99,B+0.5,18,True,False,False,,-1,26.6946,3000
2026-06-27 05:09:31,117,B+0.5,22,True,False,False,,-1,26.7645,3000
2026-06-27 05:10:02,124,B+4.5,16,True,False,False,,-1,26.9108,3000
2026-06-27 05:10:32,119,W+0.5,24,True,False,False,,-1,26.8904,3000
2026-06-27 05:10:59,110,B+5.5,19,True,False,False,,-1,27.0363,3000
2026-06-27 05:11:28,122,B+2.5,18,True,False,False,,-1,27.0776,3000
2026-06-27 05:11:47,67,B+3.5,8,True,False,False,,-1,27.0515,3000
2026-06-27 05:12:22,148,B+1.5,28,True,False,False,,-1,27.1456,3000
2026-06-27 05:12:51,116,B+1.5,25,True,False,False,,-1,27.2294,3000
2026-06-27 05:13:18,108,B+3.5,17,True,False,False,,-1,27.2019,3000
2026-06-27 05:13:47,119,B+2.5,16,True,False,False,,-1,27.2076,3000
2026-06-27 05:14:20,131,B+1.5,21,True,False,False,,-1,27.2295,3000
2026-06-27 05:14:51,121,W+0.5,16,True,False,False,,-1,27.2768,3000
2026-06-27 05:15:16,102,B+0.5,15,True,False,False,,-1,27.2685,3000
2026-06-27 05:15:43,115,B+5.5,22,True,False,False,,-1,27.2632,3000
2026-06-27 05:16:13,117,W+5.5,19,True,False,False,,-1,27.2929,3000
2026-06-27 05:16:52,162,B+10.5,30,True,False,False,,-1,27.3332,3000
2026-06-27 05:17:19,109,B+1.5,20,True,False,False,,-1,27.3081,3000
2026-06-27 05:17:43,95,W+2.5,8,True,False,False,,-1,27.1745,3000
2026-06-27 05:18:19,144,B+1.5,28,True,False,False,,-1,27.3497,3000
2026-06-27 05:18:50,135,W+1.5,24,True,False,False,,-1,27.3631,3000
2026-06-27 05:19:17,111,W+1.5,17,True,False,False,,-1,27.473,3000
2026-06-27 05:19:49,125,B+0.5,18,True,False,False,,-1,27.5391,3000
2026-06-27 05:20:19,114,B+0.5,18,True,False,False,,-1,27.7176,3000
2026-06-27 05:20:41,92,B+1.5,6,True,False,False,,-1,27.6713,3000
2026-06-27 05:20:56,57,B+3.5,7,True,False,False,,-1,27.5823,3000
2026-06-27 05:21:21,95,B+4.5,11,True,False,False,,-1,27.5769,3000
2026-06-27 05:21:40,71,B+1.5,4,True,False,False,,-1,27.6343,3000
2026-06-27 05:22:07,99,W+0.5,12,True,False,False,,-1,27.5827,3000
2026-06-27 05:22:40,135,W+1.5,31,True,False,False,,-1,27.6155,3000
2026-06-27 05:23:12,119,B+3.5,24,True,False,False,,-1,27.6832,3000
2026-06-27 05:23:39,111,W+2.5,16,True,False,False,,-1,27.7027,3000
2026-06-27 05:24:19,153,W+1.5,26,True,False,False,,-1,27.9506,3000
2026-06-27 05:24:32,57,B+1.5,4,True,False,False,,-1,27.8089,3000
2026-06-27 05:24:53,87,B+2.5,10,True,False,False,,-1,27.7592,3000
2026-06-27 05:25:20,110,B+1.5,12,True,False,False,,-1,27.7607,3000
2026-06-27 05:25:35,57,B+0.5,6,True,False,False,,-1,27.5096,3000
2026-06-27 05:26:16,158,W+0.5,34,True,False,False,,-1,27.5898,3000
2026-06-27 05:26:40,91,B+0.5,17,True,False,False,,-1,27.5656,3000
2026-06-27 05:27:09,119,W+1.5,19,True,False,False,,-1,27.5166,3000
2026-06-27 05:27:37,120,B+0.5,14,True,False,False,,-1,27.3925,3000
2026-06-27 05:27:51,55,B+5.5,5,True,False,False,,-1,27.2522,3000
2026-06-27 05:28:25,131,W+1.5,27,True,False,False,,-1,27.4451,3000
2026-06-27 05:28:49,97,B+3.5,11,True,False,False,,-1,27.4285,3000
2026-06-27 05:29:15,104,W+0.5,12,True,False,False,,-1,27.2683,3000
2026-06-27 05:29:37,88,B+1.5,9,True,False,False,,-1,27.2319,3000
2026-06-27 05:30:04,125,B+0.5,24,True,False,False,,-1,27.2018,3000
2026-06-27 05:30:32,113,B+0.5,15,True,False,False,,-1,27.2524,3000
2026-06-27 05:30:56,102,W+0.5,10,True,False,False,,-1,27.2314,3000
2026-06-27 05:31:26,123,W+0.5,17,True,False,False,,-1,27.2768,3000
2026-06-27 05:31:40,53,B+0.5,7,True,False,False,,-1,27.2555,3000
2026-06-27 05:34:18,129,B+0.5,16,True,False,False,,-1,27.1968,4000
2026-06-27 05:34:50,100,B+2.5,10,True,False,False,,-1,27.1844,4000
2026-06-27 05:35:24,111,B+0.5,21,True,False,False,,-1,27.2094,4000
2026-06-27 05:35:53,101,B+2.5,17,True,False,False,,-1,27.2321,4000
2026-06-27 05:36:29,125,W+3.5,18,True,False,False,,-1,27.3067,4000
2026-06-27 05:36:56,93,B+0.5,15,True,False,False,,-1,27.3221,4000
2026-06-27 05:37:40,147,W+0.5,22,True,False,False,,-1,27.515,4000
2026-06-27 05:38:06,92,B+2.5,9,True,False,False,,-1,27.4035,4000
2026-06-27 05:38:18,49,B+1.5,8,True,False,False,,-1,27.1974,4000
2026-06-27 05:38:37,66,W+3.5,5,True,False,False,,-1,27.0963,4000
2026-06-27 05:39:00,91,B+3.5,8,True,False,False,,-1,27.1858,4000
2026-06-27 05:39:35,117,B+0.5,16,True,False,False,,-1,27.2876,4000
2026-06-27 05:40:04,112,B+10.5,17,True,False,False,,-1,27.3416,4000
2026-06-27 05:40:30,95,W+7.5,9,True,False,False,,-1,27.3089,4000
2026-06-27 05:40:59,96,B+2.5,9,True,False,False,,-1,27.4593,4000
2026-06-27 05:41:39,135,B+3.5,28,True,False,False,,-1,27.5689,4000
2026-06-27 05:42:12,113,B+5.5,16,True,False,False,,-1,27.565,4000
2026-06-27 05:42:35,81,B+0.5,3,True,False,False,,-1,27.5342,4000
2026-06-27 05:43:04,111,W+0.5,9,True,False,False,,-1,27.4674,4000
2026-06-27 05:43:28,86,B+0.5,7,True,False,False,,-1,27.3135,4000
2026-06-27 05:44:07,136,B+1.5,28,True,False,False,,-1,27.4282,4000
2026-06-27 05:44:30,89,B+14.5,14,True,False,False,,-1,27.2936,4000
2026-06-27 05:44:56,93,W+3.5,10,True,False,False,,-1,27.3146,4000
2026-06-27 05:45:23,102,B+6.5,10,True,False,False,,-1,27.3349,4000
2026-06-27 05:46:02,140,B+11.5,26,True,False,False,,-1,27.4624,4000
2026-06-27 05:46:40,126,B+2.5,25,True,False,False,,-1,27.4547,4000
2026-06-27 05:47:04,89,B+6.5,8,True,False,False,,-1,27.5081,4000
2026-06-27 05:47:28,91,W+1.5,11,True,False,False,,-1,27.4329,4000
2026-06-27 05:47:56,97,W+0.5,6,True,False,False,,-1,27.3765,4000
2026-06-27 05:48:26,110,B+3.5,13,True,False,False,,-1,27.3846,4000
2026-06-27 05:48:53,96,B+5.5,8,True,False,False,,-1,27.2959,4000
2026-06-27 05:49:22,100,B+5.5,10,True,False,False,,-1,27.5119,4000
2026-06-27 05:49:50,104,B+9.5,16,True,False,False,,-1,27.5475,4000
2026-06-27 05:50:27,125,W+5.5,25,True,False,False,,-1,27.5982,4000
2026-06-27 05:51:10,161,W+0.5,29,True,False,False,,-1,27.9371,4000
2026-06-27 05:51:40,121,W+17.5,17,True,False,False,,-1,27.9189,4000
2026-06-27 05:52:11,122,B+2.5,19,True,False,False,,-1,27.8972,4000
2026-06-27 05:52:47,130,B+4.5,25,True,False,False,,-1,28.1335,4000
2026-06-27 05:53:09,81,B+1.5,7,True,False,False,,-1,28.074,4000
2026-06-27 05:53:42,124,B+1.5,24,True,False,False,,-1,28.1612,4000
2026-06-27 05:54:09,95,B+1.5,10,True,False,False,,-1,28.1196,4000
2026-06-27 05:54:36,107,W+0.5,18,True,False,False,,-1,28.1432,4000
2026-06-27 05:55:07,105,W+0.5,12,True,False,False,,-1,28.1975,4000
2026-06-27 05:55:39,108,B+0.5,9,True,False,False,,-1,28.3719,4000
2026-06-27 05:55:55,61,B+4.5,8,True,False,False,,-1,28.137,4000
2026-06-27 05:56:24,99,B+0.5,10,True,False,False,,-1,28.102,4000
2026-06-27 05:57:00,126,B+1.5,15,True,False,False,,-1,28.1922,4000
2026-06-27 05:57:12,53,B+4.5,7,True,False,False,,-1,28.0711,4000
2026-06-27 05:57:37,103,W+1.5,11,True,False,False,,-1,28.0938,4000
2026-06-27 05:58:06,116,B+4.5,19,True,False,False,,-1,28.098,4000
2026-06-27 05:58:41,126,B+6.5,23,True,False,False,,-1,28.1466,4000
2026-06-27 05:59:05,91,W+2.5,4,True,False,False,,-1,28.0795,4000
2026-06-27 05:59:38,112,W+1.5,12,True,False,False,,-1,28.1414,4000
2026-06-27 06:00:06,104,W+2.5,20,True,False,False,,-1,28.133,4000
2026-06-27 06:00:21,59,B+2.5,9,True,False,False,,-1,28.0866,4000
2026-06-27 06:01:01,125,W+0.5,18,True,False,False,,-1,28.1365,4000
2026-06-27 06:01:32,112,B+3.5,10,True,False,False,,-1,28.1629,4000
2026-06-27 06:01:58,100,B+1.5,17,True,False,False,,-1,28.1446,4000
2026-06-27 06:02:27,116,W+9.5,16,True,False,False,,-1,28.1504,4000
2026-06-27 06:02:54,112,B+1.5,15,True,False,False,,-1,28.091,4000
2026-06-27 06:03:25,122,B+8.5,16,True,False,False,,-1,28.0968,4000
2026-06-27 06:04:01,120,B+5.5,16,True,False,False,,-1,28.2012,4000
2026-06-27 06:04:35,133,W+0.5,31,True,False,False,,-1,28.2699,4000
2026-06-27 06:05:03,106,B+1.5,14,True,False,False,,-1,28.2539,4000
2026-06-27 06:05:38,127,W+2.5,22,True,False,False,,-1,28.2091,4000
2026-06-27 06:06:10,127,B+1.5,16,True,False,False,,-1,28.2609,4000
2026-06-27 06:06:27,63,B+0.5,11,True,False,False,,-1,28.1881,4000
2026-06-27 06:07:06,146,B+0.5,32,True,False,False,,-1,28.2193,4000
2026-06-27 06:07:36,104,W+12.5,10,True,False,False,,-1,28.2102,4000
2026-06-27 06:08:05,104,B+1.5,14,True,False,False,,-1,28.2289,4000
2026-06-27 06:08:30,91,W+1.5,11,True,False,False,,-1,28.1518,4000
2026-06-27 06:08:57,97,W+0.5,8,True,False,False,,-1,28.1326,4000
2026-06-27 06:09:30,122,B+0.5,20,True,False,False,,-1,28.2355,4000
2026-06-27 06:09:48,65,B+7.5,13,True,False,False,,-1,28.2624,4000
2026-06-27 06:10:12,94,B+2.5,6,True,False,False,,-1,28.2622,4000
2026-06-27 06:10:37,93,B+3.5,18,True,False,False,,-1,28.3138,4000
2026-06-27 06:11:13,119,B+5.5,12,True,False,False,,-1,28.4096,4000
2026-06-27 06:11:37,87,B+1.5,13,True,False,False,,-1,28.3173,4000
2026-06-27 06:12:10,117,W+3.5,14,True,False,False,,-1,28.3261,4000
2026-06-27 06:12:40,99,B+2.5,11,True,False,False,,-1,28.3593,4000
2026-06-27 06:13:17,140,B+2.5,21,True,False,False,,-1,28.3293,4000
2026-06-27 06:13:47,105,W+1.5,9,True,False,False,,-1,28.4927,4000
2026-06-27 06:14:13,100,B+1.5,6,True,False,False,,-1,28.5539,4000
2026-06-27 06:14:44,114,B+6.5,17,True,False,False,,-1,28.5845,4000
2026-06-27 06:15:09,85,B+2.5,6,True,False,False,,-1,28.6854,4000
2026-06-27 06:15:29,77,B+1.5,10,True,False,False,,-1,28.4859,4000
2026-06-27 06:16:09,162,W+4.5,24,True,False,False,,-1,28.6411,4000
2026-06-27 06:16:37,104,B+3.5,7,True,False,False,,-1,28.6243,4000
2026-06-27 06:17:20,162,B+3.5,27,True,False,False,,-1,28.7749,4000
2026-06-27 06:17:53,118,B+6.5,17,True,False,False,,-1,28.9634,4000
2026-06-27 06:18:21,106,B+0.5,13,True,False,False,,-1,28.9083,4000
2026-06-27 06:18:48,102,W+4.5,12,True,False,False,,-1,28.9345,4000
2026-06-27 06:19:30,144,B+5.5,29,True,False,False,,-1,29.0993,4000
2026-06-27 06:20:16,162,B+3.5,23,True,False,False,,-1,29.3359,4000
2026-06-27 06:20:44,97,W+2.5,7,True,False,False,,-1,29.3418,4000
2026-06-27 06:21:22,138,B+3.5,24,True,False,False,,-1,29.4539,4000
2026-06-27 06:21:53,116,B+1.5,15,True,False,False,,-1,29.5143,4000
2026-06-27 06:22:13,73,B+0.5,10,True,False,False,,-1,29.4218,4000
2026-06-27 06:22:53,128,B+0.5,21,True,False,False,,-1,29.6792,4000
2026-06-27 06:23:26,112,B+0.5,17,True,False,False,,-1,29.8572,4000
2026-06-27 06:24:01,120,B+2.5,18,True,False,False,,-1,29.8328,4000
2026-06-27 06:24:32,111,B+4.5,12,True,False,False,,-1,29.8257,4000
2026-06-27 06:24:46,55,B+7.5,10,True,False,False,,-1,29.6235,4000
2026-06-27 06:25:11,89,W+0.5,8,True,False,False,,-1,29.5687,4000
2026-06-27 06:25:42,108,W+2.5,17,True,False,False,,-1,29.5244,4000
2026-06-27 06:26:18,130,B+0.5,26,True,False,False,,-1,29.6226,4000
2026-06-27 06:26:48,105,B+2.5,10,True,False,False,,-1,29.48,4000
2026-06-27 06:27:17,97,W+0.5,12,True,False,False,,-1,29.5086,4000
2026-06-27 06:27:43,95,B+3.5,7,True,False,False,,-1,29.6437,4000
2026-06-27 06:27:59,61,B+0.5,10,True,False,False,,-1,29.6198,4000
2026-06-27 06:28:29,115,B+3.5,19,True,False,False,,-1,29.6869,4000
2026-06-27 06:28:49,82,W+0.5,16,True,False,False,,-1,29.5357,4000
2026-06-27 06:29:03,57,B+3.5,8,True,False,False,,-1,29.3902,4000
2026-06-27 06:29:34,116,B+4.5,20,True,False,False,,-1,29.4349,4000
2026-06-27 06:30:07,110,B+1.5,8,True,False,False,,-1,29.4746,4000
2026-06-27 06:30:40,121,W+2.5,16,True,False,False,,-1,29.405,4000
2026-06-27 06:31:05,99,B+14.5,10,True,False,False,,-1,29.3224,4000
2026-06-27 06:31:35,112,B+6.5,17,True,False,False,,-1,29.406,4000
2026-06-27 06:32:01,98,B+1.5,13,True,False,False,,-1,29.366,4000
2026-06-27 06:32:40,162,W+2.5,4,True,False,False,,-1,29.5228,4000
2026-06-27 06:33:27,162,W+2.5,16,True,False,False,,-1,29.5973,4000
2026-06-27 06:33:53,97,W+2.5,8,True,False,False,,-1,29.6212,4000
2026-06-27 06:34:28,124,B+2.5,17,True,False,False,,-1,29.719,4000
2026-06-27 06:34:55,103,B+3.5,9,True,False,False,,-1,29.7202,4000
2026-06-27 06:35:26,111,W+1.5,15,True,False,False,,-1,29.6319,4000
2026-06-27 06:35:57,114,B+0.5,18,True,False,False,,-1,29.5733,4000
2026-06-27 06:36:27,111,B+5.5,13,True,False,False,,-1,29.6325,4000
2026-06-27 06:36:54,103,B+7.5,18,True,False,False,,-1,29.6529,4000
2026-06-27 06:37:25,120,B+10.5,15,True,False,False,,-1,29.6913,4000
2026-06-27 06:37:54,106,B+2.5,11,True,False,False,,-1,29.6726,4000
2026-06-27 06:38:18,89,B+1.5,11,True,False,False,,-1,29.6478,4000
2026-06-27 06:38:49,121,B+2.5,26,True,False,False,,-1,29.6686,4000
2026-06-27 06:39:16,105,B+1.5,21,True,False,False,,-1,29.6528,4000
2026-06-27 06:39:50,124,B+5.5,24,True,False,False,,-1,29.6346,4000
2026-06-27 06:40:25,115,B+0.5,7,True,False,False,,-1,29.5486,4000
2026-06-27 06:40:53,103,B+2.5,7,True,False,False,,-1,29.5296,4000
2026-06-27 06:41:26,119,W+4.5,15,True,False,False,,-1,29.5465,4000
2026-06-27 06:41:55,104,B+6.5,11,True,False,False,,-1,29.4786,4000
2026-06-27 06:42:32,162,B+7.5,24,True,False,False,,-1,29.6212,4000
2026-06-27 06:43:00,106,B+1.5,12,True,False,False,,-1,29.5806,4000
2026-06-27 06:43:17,73,B+0.5,4,True,False,False,,-1,29.4742,4000
2026-06-27 06:43:45,104,B+2.5,19,True,False,False,,-1,29.49,4000
2026-06-27 06:44:15,109,B+4.5,18,True,False,False,,-1,29.4822,4000
2026-06-27 06:44:44,111,B+3.5,20,True,False,False,,-1,29.4483,4000
2026-06-27 06:45:10,97,W+8.5,5,True,False,False,,-1,29.5474,4000
2026-06-27 06:45:42,114,B+10.5,14,True,False,False,,-1,29.578,4000
2026-06-27 06:46:10,103,B+11.5,13,True,False,False,,-1,29.5031,4000
2026-06-27 06:46:42,108,B+6.5,19,True,False,False,,-1,29.6948,4000
2026-06-27 06:47:14,115,B+5.5,12,True,False,False,,-1,29.7608,4000
2026-06-27 06:47:40,96,B+3.5,14,True,False,False,,-1,29.7353,4000
2026-06-27 06:48:05,95,B+7.5,13,True,False,False,,-1,29.631,4000
2026-06-27 06:48:32,98,B+2.5,11,True,False,False,,-1,29.665,4000
2026-06-27 06:49:00,106,B+14.5,14,True,False,False,,-1,29.6089,4000
2026-06-27 06:49:27,97,W+0.5,10,True,False,False,,-1,29.6021,4000
2026-06-27 06:50:11,162,W+8.5,23,True,False,False,,-1,29.906,4000
2026-06-27 06:50:27,61,B+4.5,7,True,False,False,,-1,29.6557,4000
2026-06-27 06:51:05,127,B+16.5,19,True,False,False,,-1,29.7299,4000
2026-06-27 06:51:43,130,B+0.5,14,True,False,False,,-1,29.8516,4000
2026-06-27 06:52:00,61,B+1.5,6,True,False,False,,-1,29.7264,4000
2026-06-27 06:52:27,102,B+3.5,17,True,False,False,,-1,29.73,4000
2026-06-27 06:52:51,91,B+9.5,10,True,False,False,,-1,29.6499,4000
2026-06-27 06:53:31,136,W+59.5,9,True,False,False,,-1,29.6967,4000
2026-06-27 06:53:58,95,B+2.5,11,True,False,False,,-1,29.627,4000
2026-06-27 06:54:31,121,B+6.5,8,True,False,False,,-1,29.675,4000
2026-06-27 06:55:06,120,B+1.5,16,True,False,False,,-1,29.6812,4000
2026-06-27 06:55:39,106,B+0.5,8,True,False,False,,-1,29.6853,4000
2026-06-27 06:56:07,101,W+2.5,12,True,False,False,,-1,29.7946,4000
2026-06-27 06:56:43,134,B+1.5,28,True,False,False,,-1,29.7624,4000
2026-06-27 06:57:08,89,B+2.5,8,True,False,False,,-1,29.7219,4000
2026-06-27 06:57:32,95,W+1.5,18,True,False,False,,-1,29.6692,4000
2026-06-27 06:57:59,103,B+3.5,17,True,False,False,,-1,29.6874,4000
2026-06-27 06:58:27,102,B+6.5,14,True,False,False,,-1,29.6945,4000
2026-06-27 06:59:05,161,W+2.5,30,True,False,False,,-1,29.746,4000
2026-06-27 06:59:28,85,B+3.5,10,True,False,False,,-1,29.7972,4000
2026-06-27 07:00:04,145,W+6.5,36,True,False,False,,-1,29.9144,4000
2026-06-27 07:00:38,112,B+0.5,11,True,False,False,,-1,30.0118,4000
2026-06-27 07:01:05,100,B+5.5,7,True,False,False,,-1,29.9215,4000
2026-06-27 07:01:41,131,B+3.5,24,True,False,False,,-1,30.0404,4000
2026-06-27 07:01:59,64,W+4.5,2,True,False,False,,-1,29.8861,4000
2026-06-27 07:02:26,103,W+2.5,6,True,False,False,,-1,29.8545,4000
2026-06-27 07:02:54,99,W+2.5,10,True,False,False,,-1,29.7737,4000
2026-06-27 07:03:26,113,W+4.5,17,True,False,False,,-1,29.7965,4000
2026-06-27 07:04:10,162,W+2.5,28,True,False,False,,-1,29.9655,4000
2026-06-27 07:04:51,146,B+2.5,21,True,False,False,,-1,30.0695,4000
2026-06-27 07:05:18,93,B+1.5,7,True,False,False,,-1,30.089,4000
2026-06-27 07:05:46,105,W+3.5,12,True,False,False,,-1,30.1631,4000
2026-06-27 07:06:14,100,B+1.5,12,True,False,False,,-1,30.0411,4000
2026-06-27 07:06:41,90,B+0.5,5,True,False,False,,-1,30.0368,4000
2026-06-27 07:07:11,113,W+0.5,10,True,False,False,,-1,29.9117,4000
2026-06-27 07:07:42,109,W+2.5,14,True,False,False,,-1,29.8918,4000
2026-06-27 07:08:12,118,B+1.5,27,True,False,False,,-1,29.903,4000
2026-06-27 07:08:46,121,W+1.5,16,True,False,False,,-1,29.9734,4000
2026-06-27 07:09:22,126,B+15.5,5,True,False,False,,-1,29.9191,4000
2026-06-27 07:09:54,120,B+0.5,12,True,False,False,,-1,29.781,4000
2026-06-27 07:10:23,104,B+6.5,18,True,False,False,,-1,29.7902,4000
2026-06-27 07:10:52,111,B+1.5,14,True,False,False,,-1,29.6974,4000
2026-06-27 07:11:24,118,W+2.5,9,True,False,False,,-1,29.7102,4000
2026-06-27 07:11:52,102,B+2.5,15,True,False,False,,-1,29.7812,4000
2026-06-27 07:12:15,89,B+6.5,7,True,False,False,,-1,29.6211,4000
2026-06-27 07:12:52,135,W+2.5,22,True,False,False,,-1,29.6505,4000
2026-06-27 07:13:28,122,B+0.5,10,True,False,False,,-1,29.6597,4000
2026-06-27 07:14:05,132,B+4.5,25,True,False,False,,-1,29.7276,4000
2026-06-27 07:14:34,104,B+4.5,12,True,False,False,,-1,29.8802,4000
2026-06-27 07:15:08,127,W+0.5,19,True,False,False,,-1,29.9694,4000
2026-06-27 07:15:34,95,B+1.5,9,True,False,False,,-1,29.918,4000
2026-06-27 07:15:56,83,B+0.5,8,True,False,False,,-1,29.7703,4000
2026-06-27 07:16:20,93,B+6.5,11,True,False,False,,-1,29.7159,4000
2026-06-27 07:16:53,122,B+0.5,18,True,False,False,,-1,29.7601,4000
2026-06-27 07:17:23,112,B+3.5,16,True,False,False,,-1,29.7999,4000
2026-06-27 07:17:39,61,B+4.5,11,True,False,False,,-1,29.7911,4000
2026-06-27 07:18:05,100,B+3.5,17,True,False,False,,-1,29.7503,4000
2026-06-27 07:18:24,81,B+6.5,7,True,False,False,,-1,29.7539,4000
2026-06-27 07:18:53,103,W+1.5,11,True,False,False,,-1,29.8972,4000
2026-06-27 07:19:23,107,B+3.5,15,True,False,False,,-1,29.886,4000
2026-06-27 07:19:57,125,W+2.5,19,True,False,False,,-1,29.8985,4000
2026-06-27 07:20:26,103,B+8.5,17,True,False,False,,-1,29.8552,4000
2026-06-27 07:21:03,137,W+10.5,31,True,False,False,,-1,29.9796,4000
2026-06-27 07:21:32,111,W+1.5,12,True,False,False,,-1,29.9657,4000
2026-06-27 07:22:05,110,B+3.5,15,True,False,False,,-1,30.0339,4000
2026-06-27 07:22:35,116,B+5.5,17,True,False,False,,-1,29.9468,4000
2026-06-27 07:23:16,148,B+17.5,32,True,False,False,,-1,29.886,4000
2026-06-27 07:23:52,130,B+3.5,30,True,False,False,,-1,29.9925,4000
2026-06-27 07:24:14,77,B+5.5,10,True,False,False,,-1,29.8519,4000
2026-06-27 07:24:41,97,W+2.5,13,True,False,False,,-1,29.8488,4000
2026-06-27 07:25:17,127,W+2.5,17,True,False,False,,-1,29.913,4000
2026-06-27 07:25:31,53,B+0.5,6,True,False,False,,-1,29.7344,4000
2026-06-27 07:26:11,162,W+1.5,32,True,False,False,,-1,29.8367,4000
2026-06-27 07:26:50,144,B+5.5,19,True,False,False,,-1,29.9587,4000
2026-06-27 07:27:20,113,B+6.5,20,True,False,False,,-1,29.9425,4000
2026-06-27 07:27:56,136,B+0.5,20,True,False,False,,-1,30.0155,4000
2026-06-27 07:28:17,85,B+0.5,5,True,False,False,,-1,29.9931,4000
2026-06-27 07:28:52,127,W+6.5,21,True,False,False,,-1,30.031,4000
2026-06-27 07:29:22,113,B+2.5,20,True,False,False,,-1,30.0605,4000
2026-06-27 07:29:50,102,B+4.5,11,True,False,False,,-1,29.9974,4000
2026-06-27 07:30:21,104,B+0.5,11,True,False,False,,-1,29.953,4000
2026-06-27 07:30:50,106,B+2.5,10,True,False,False,,-1,29.9635,4000
2026-06-27 07:31:16,93,B+1.5,4,True,False,False,,-1,29.8981,4000
2026-06-27 07:31:51,126,B+18.5,20,True,False,False,,-1,29.9648,4000
2026-06-27 07:32:23,117,W+5.5,13,True,False,False,,-1,29.9143,4000
2026-06-27 07:32:54,111,W+7.5,3,True,False,False,,-1,29.9379,4000
2026-06-27 07:33:26,118,B+4.5,18,True,False,False,,-1,30.0877,4000
2026-06-27 07:33:57,110,B+2.5,15,True,False,False,,-1,30.1166,4000
2026-06-27 07:34:12,61,B+6.5,10,True,False,False,,-1,29.969,4000
2026-06-27 07:34:43,114,B+0.5,17,True,False,False,,-1,29.9873,4000
2026-06-27 07:35:17,118,B+0.5,19,True,False,False,,-1,30.0698,4000
2026-06-27 07:35:52,124,B+1.5,15,True,False,False,,-1,30.0973,4000
2026-06-27 07:36:19,102,B+0.5,6,True,False,False,,-1,30.08,4000
2026-06-27 07:36:37,65,B+0.5,8,True,False,False,,-1,29.9498,4000
2026-06-27 07:36:59,86,B+4.5,11,True,False,False,,-1,29.8548,4000
2026-06-27 07:37:27,103,W+1.5,14,True,False,False,,-1,29.8704,4000
2026-06-27 07:37:55,96,B+3.5,10,True,False,False,,-1,29.905,4000
2026-06-27 07:38:20,89,B+0.5,6,True,False,False,,-1,29.877,4000
2026-06-27 07:38:34,51,B+2.5,6,True,False,False,,-1,29.7366,4000
2026-06-27 07:39:02,106,B+6.5,12,True,False,False,,-1,29.7447,4000
2026-06-27 07:39:33,106,B+5.5,15,True,False,False,,-1,29.612,4000
2026-06-27 07:39:58,91,B+1.5,9,True,False,False,,-1,29.7114,4000
2026-06-27 07:40:29,106,B+7.5,6,True,False,False,,-1,29.6357,4000
2026-06-27 07:41:07,134,B+2.5,16,True,False,False,,-1,29.63,4000
2026-06-27 07:41:35,103,W+10.5,12,True,False,False,,-1,29.7431,4000
2026-06-27 07:41:48,63,B+11.5,14,True,False,False,,-1,29.6007,4000
2026-06-27 07:42:20,114,B+3.5,14,True,False,False,,-1,29.6871,4000
2026-06-27 07:42:45,102,B+9.5,18,True,False,False,,-1,29.5396,4000
2026-06-27 07:43:24,132,B+5.5,19,True,False,False,,-1,29.6564,4000
2026-06-27 07:43:56,120,W+0.5,24,True,False,False,,-1,29.6511,4000
2026-06-27 07:44:19,89,B+1.5,12,True,False,False,,-1,29.5247,4000
2026-06-27 07:45:06,162,B+14.5,26,True,False,False,,-1,29.6718,4000
2026-06-27 07:45:38,115,B+6.5,12,True,False,False,,-1,29.7093,4000
2026-06-27 07:46:09,112,B+3.5,16,True,False,False,,-1,29.6657,4000
2026-06-27 07:46:35,96,B+3.5,9,True,False,False,,-1,29.6659,4000
2026-06-27 07:47:17,158,B+2.5,25,True,False,False,,-1,29.8426,4000
2026-06-27 07:47:53,126,B+1.5,15,True,False,False,,-1,29.9412,4000
2026-06-27 07:48:09,61,B+0.5,9,True,False,False,,-1,29.8172,4000
2026-06-27 07:48:48,147,W+2.5,38,True,False,False,,-1,29.8292,4000
2026-06-27 07:49:17,106,B+4.5,10,True,False,False,,-1,29.8903,4000
2026-06-27 07:49:59,162,B+3.5,29,True,False,False,,-1,29.9497,4000
2026-06-27 07:50:33,113,B+3.5,9,True,False,False,,-1,29.9389,4000
2026-06-27 07:50:56,92,B+1.5,4,True,False,False,,-1,29.9058,4000
2026-06-27 07:51:28,115,W+3.5,19,True,False,False,,-1,29.8687,4000
2026-06-27 07:51:57,107,W+2.5,16,True,False,False,,-1,29.9732,4000
2026-06-27 07:52:33,127,W+0.5,24,True,False,False,,-1,30.0666,4000
2026-06-27 07:53:01,102,B+0.5,8,True,False,False,,-1,30.0631,4000
2026-06-27 07:53:29,105,W+1.5,16,True,False,False,,-1,30.026,4000
2026-06-27 07:54:04,129,B+1.5,24,True,False,False,,-1,29.9363,4000
2026-06-27 07:54:33,103,W+6.5,13,True,False,False,,-1,29.8209,4000
2026-06-27 07:55:06,110,B+0.5,18,True,False,False,,-1,29.8731,4000
2026-06-27 07:55:34,109,B+9.5,20,True,False,False,,-1,29.8764,4000
2026-06-27 07:56:00,87,B+5.5,7,True,False,False,,-1,29.8576,4000
2026-06-27 07:56:30,115,W+0.5,13,True,False,False,,-1,29.8919,4000
2026-06-27 07:56:55,96,B+5.5,2,True,False,False,,-1,29.8373,4000
2026-06-27 07:57:23,110,B+7.5,15,True,False,False,,-1,29.8112,4000
2026-06-27 07:57:48,91,W+5.5,9,True,False,False,,-1,29.764,4000
2026-06-27 07:58:22,115,W+5.5,16,True,False,False,,-1,29.7625,4000
2026-06-27 07:58:49,101,B+7.5,15,True,False,False,,-1,29.6702,4000
2026-06-27 07:59:20,101,B+0.5,7,True,False,False,,-1,29.6551,4000
2026-06-27 08:00:04,155,W+4.5,33,True,False,False,,-1,29.8055,4000
2026-06-27 08:00:21,81,B+0.5,14,True,False,False,,-1,29.6905,4000
2026-06-27 08:00:55,117,B+2.5,19,True,False,False,,-1,29.7004,4000
2026-06-27 08:01:22,99,W+3.5,9,True,False,False,,-1,29.7001,4000
2026-06-27 08:01:49,108,B+8.5,17,True,False,False,,-1,29.7309,4000
2026-06-27 08:02:16,102,B+2.5,8,True,False,False,,-1,29.6401,4000
2026-06-27 08:02:50,118,B+9.5,21,True,False,False,,-1,29.6233,4000
2026-06-27 08:03:20,113,B+7.5,22,True,False,False,,-1,29.5393,4000
2026-06-27 08:03:50,111,W+0.5,20,True,False,False,,-1,29.5579,4000
2026-06-27 08:04:14,89,W+3.5,7,True,False,False,,-1,29.4586,4000
2026-06-27 08:04:41,103,W+0.5,15,True,False,False,,-1,29.4678,4000
2026-06-27 08:05:17,133,B+9.5,28,True,False,False,,-1,29.6114,4000
2026-06-27 08:05:53,120,B+7.5,19,True,False,False,,-1,29.7226,4000
2026-06-27 08:06:20,100,B+5.5,17,True,False,False,,-1,29.6629,4000
2026-06-27 08:06:52,114,B+2.5,13,True,False,False,,-1,29.6884,4000
2026-06-27 08:07:22,108,B+4.5,16,True,False,False,,-1,29.8327,4000
2026-06-27 08:07:53,112,B+6.5,11,True,False,False,,-1,29.879,4000
2026-06-27 08:08:24,116,B+11.5,22,True,False,False,,-1,29.9972,4000
2026-06-27 08:09:00,123,B+0.5,25,True,False,False,,-1,30.0712,4000
2026-06-27 08:09:33,120,B+4.5,9,True,False,False,,-1,30.0994,4000
2026-06-27 08:10:08,125,W+7.5,18,True,False,False,,-1,30.112,4000
2026-06-27 08:10:35,100,B+6.5,10,True,False,False,,-1,30.0863,4000
2026-06-27 08:11:19,162,W+0.5,31,True,False,False,,-1,30.1561,4000
2026-06-27 08:11:50,124,B+4.5,17,True,False,False,,-1,30.1764,4000
2026-06-27 08:12:28,162,B+0.5,26,True,False,False,,-1,30.2331,4000
2026-06-27 08:13:15,159,B+4.5,28,True,False,False,,-1,30.3996,4000
2026-06-27 08:13:45,123,B+3.5,27,True,False,False,,-1,30.2905,4000
2026-06-27 08:14:15,109,B+1.5,9,True,False,False,,-1,30.2248,4000
2026-06-27 08:14:29,59,B+3.5,8,True,False,False,,-1,30.155,4000
2026-06-27 08:15:08,146,B+15.5,26,True,False,False,,-1,30.2736,4000
2026-06-27 08:15:37,99,B+4.5,11,True,False,False,,-1,30.1946,4000
2026-06-27 08:16:01,87,W+4.5,6,True,False,False,,-1,30.3013,4000
2026-06-27 08:16:42,140,B+2.5,18,True,False,False,,-1,30.3027,4000
2026-06-27 08:17:14,109,W+0.5,20,True,False,False,,-1,30.2348,4000
2026-06-27 08:17:41,99,W+1.5,7,True,False,False,,-1,30.2097,4000
2026-06-27 08:18:07,99,B+0.5,9,True,False,False,,-1,30.1102,4000
2026-06-27 08:18:35,99,B+0.5,15,True,False,False,,-1,30.1727,4000
2026-06-27 08:19:12,162,B+7.5,28,True,False,False,,-1,30.1977,4000
2026-06-27 08:19:37,89,W+7.5,5,True,False,False,,-1,30.1403,4000
2026-06-27 08:20:04,92,W+6.5,4,True,False,False,,-1,30.1329,4000
2026-06-27 08:20:40,130,B+4.5,23,True,False,False,,-1,30.1857,4000
2026-06-27 08:21:05,95,B+10.5,10,True,False,False,,-1,30.1492,4000
2026-06-27 08:21:48,162,B+7.5,31,True,False,False,,-1,30.3151,4000
2026-06-27 08:22:17,101,W+5.5,6,True,False,False,,-1,30.254,4000
2026-06-27 08:22:38,81,B+2.5,5,True,False,False,,-1,30.144,4000
2026-06-27 08:23:16,138,B+7.5,28,True,False,False,,-1,30.2146,4000
2026-06-27 08:23:43,99,W+3.5,11,True,False,False,,-1,30.1664,4000
2026-06-27 08:23:59,65,B+4.5,12,True,False,False,,-1,30.0186,4000
2026-06-27 08:24:12,57,B+5.5,11,True,False,False,,-1,29.9979,4000
2026-06-27 08:24:39,99,B+7.5,15,True,False,False,,-1,29.9602,4000
2026-06-27 08:25:16,128,B+0.5,18,True,False,False,,-1,29.9802,4000
2026-06-27 08:25:43,101,W+1.5,11,True,False,False,,-1,29.9088,4000
2026-06-27 08:26:16,116,B+0.5,11,True,False,False,,-1,29.971,4000
2026-06-27 08:26:41,93,B+4.5,5,True,False,False,,-1,30.0403,4000
2026-06-27 08:27:12,114,B+4.5,27,True,False,False,,-1,30.1208,4000
2026-06-27 08:27:47,125,B+13.5,22,True,False,False,,-1,30.1968,4000
2026-06-27 08:28:12,92,B+7.5,9,True,False,False,,-1,30.1636,4000
2026-06-27 08:28:38,95,B+0.5,11,True,False,False,,-1,30.182,4000
2026-06-27 08:29:09,105,B+4.5,18,True,False,False,,-1,30.349,4000
2026-06-27 08:29:42,115,B+2.5,20,True,False,False,,-1,30.3993,4000
2026-06-27 08:30:05,85,B+0.5,7,True,False,False,,-1,30.3228,4000
2026-06-27 08:30:35,111,W+13.5,11,True,False,False,,-1,30.3659,4000
2026-06-27 08:30:49,55,B+0.5,11,True,False,False,,-1,30.1981,4000
2026-06-27 08:31:30,145,W+7.5,36,True,False,False,,-1,30.232,4000
2026-06-27 08:32:11,146,B+1.5,21,True,False,False,,-1,30.3629,4000
2026-06-27 08:32:32,87,B+4.5,19,True,False,False,,-1,30.4436,4000
2026-06-27 08:32:47,61,B+3.5,9,True,False,False,,-1,30.2694,4000
2026-06-27 08:33:18,106,B+5.5,9,True,False,False,,-1,30.3236,4000
2026-06-27 08:33:46,98,W+3.5,10,True,False,False,,-1,30.219,4000
2026-06-27 08:34:22,124,W+2.5,11,True,False,False,,-1,30.254,4000
2026-06-27 08:34:38,59,B+0.5,8,True,False,False,,-1,30.1858,4000
2026-06-27 08:34:58,77,B+0.5,10,True,False,False,,-1,29.9169,4000
2026-06-27 08:35:27,101,B+9.5,5,True,False,False,,-1,29.8873,4000
2026-06-27 08:35:51,83,B+2.5,9,True,False,False,,-1,29.8146,4000
2026-06-27 08:36:27,129,B+11.5,14,True,False,False,,-1,29.9117,4000
2026-06-27 08:36:59,123,B+7.5,7,True,False,False,,-1,29.8231,4000
2026-06-27 08:37:32,129,W+3.5,22,True,False,False,,-1,29.787,4000
2026-06-27 08:37:45,49,B+0.5,6,True,False,False,,-1,29.7543,4000
2026-06-27 08:38:00,57,B+2.5,6,True,False,False,,-1,29.5189,4000
2026-06-27 08:38:24,86,B+3.5,4,True,False,False,,-1,29.4714,4000
2026-06-27 08:38:57,111,W+0.5,12,True,False,False,,-1,29.3721,4000
2026-06-27 08:39:27,115,W+16.5,20,True,False,False,,-1,29.3397,4000
2026-06-27 08:39:56,106,B+1.5,9,True,False,False,,-1,29.4027,4000
2026-06-27 08:40:26,111,B+5.5,12,True,False,False,,-1,29.3793,4000
2026-06-27 08:40:56,117,W+7.5,19,True,False,False,,-1,29.3915,4000
2026-06-27 08:41:27,124,B+5.5,23,True,False,False,,-1,29.3422,4000
2026-06-27 08:41:58,114,W+2.5,12,True,False,False,,-1,29.3677,4000
2026-06-27 08:42:25,94,B+0.5,12,True,False,False,,-1,29.35,4000
2026-06-27 08:42:53,101,W+4.5,10,True,False,False,,-1,29.2893,4000
2026-06-27 08:43:22,102,B+0.5,9,True,False,False,,-1,29.2827,4000
2026-06-27 08:43:58,130,B+1.5,29,True,False,False,,-1,29.322,4000
2026-06-27 08:44:26,102,B+5.5,19,True,False,False,,-1,29.3219,4000
2026-06-27 08:44:58,118,B+0.5,20,True,False,False,,-1,29.3816,4000
2026-06-27 08:45:30,118,B+1.5,20,True,False,False,,-1,29.396,4000
2026-06-27 08:45:57,109,B+1.5,16,True,False,False,,-1,29.4219,4000
2026-06-27 08:46:33,132,B+7.5,28,True,False,False,,-1,29.4914,4000
2026-06-27 08:46:54,87,B+2.5,8,True,False,False,,-1,29.4559,4000
2026-06-27 08:47:41,162,W+9.5,36,True,False,False,,-1,29.5848,4000
2026-06-27 08:48:07,97,B+4.5,6,True,False,False,,-1,29.5747,4000
2026-06-27 08:48:42,124,B+12.5,13,True,False,False,,-1,29.6137,4000
2026-06-27 08:49:10,111,W+2.5,21,True,False,False,,-1,29.459,4000
2026-06-27 08:49:34,90,W+7.5,10,True,False,False,,-1,29.5249,4000
2026-06-27 08:50:15,153,B+11.5,24,True,False,False,,-1,29.5982,4000
2026-06-27 08:50:45,107,B+3.5,17,True,False,False,,-1,29.6296,4000
2026-06-27 08:51:31,159,W+2.5,22,True,False,False,,-1,29.8242,4000
2026-06-27 08:51:59,103,B+10.5,13,True,False,False,,-1,29.8283,4000
2026-06-27 08:52:27,96,B+1.5,9,True,False,False,,-1,29.768,4000
2026-06-27 08:53:01,120,W+3.5,6,True,False,False,,-1,29.8124,4000
2026-06-27 08:53:37,127,W+1.5,16,True,False,False,,-1,29.8663,4000
2026-06-27 08:53:53,59,B+0.5,4,True,False,False,,-1,29.7929,4000
2026-06-27 08:54:21,100,B+2.5,8,True,False,False,,-1,29.799,4000
2026-06-27 08:54:49,103,W+7.5,12,True,False,False,,-1,29.7152,4000
2026-06-27 08:55:16,101,W+0.5,12,True,False,False,,-1,29.6275,4000
2026-06-27 08:55:42,100,B+3.5,12,True,False,False,,-1,29.6246,4000
2026-06-27 08:56:10,102,B+4.5,14,True,False,False,,-1,29.569,4000
2026-06-27 08:56:41,118,W+2.5,16,True,False,False,,-1,29.5865,4000
2026-06-27 08:56:54,53,B+1.5,8,True,False,False,,-1,29.4088,4000
2026-06-27 08:57:27,113,W+0.5,11,True,False,False,,-1,29.4218,4000
2026-06-27 08:58:01,120,B+3.5,21,True,False,False,,-1,29.4012,4000
2026-06-27 08:58:29,101,W+0.5,8,True,False,False,,-1,29.3593,4000
2026-06-27 08:59:02,124,B+5.5,24,True,False,False,,-1,29.3309,4000
2026-06-27 08:59:22,77,B+2.5,11,True,False,False,,-1,29.2737,4000
2026-06-27 08:59:54,109,W+2.5,18,True,False,False,,-1,29.1488,4000
2026-06-27 09:00:24,101,W+0.5,7,True,False,False,,-1,29.1349,4000
2026-06-27 09:01:07,162,B+6.5,37,True,False,False,,-1,29.1817,4000
2026-06-27 09:01:36,107,B+3.5,14,True,False,False,,-1,29.0056,4000
2026-06-27 09:02:14,137,B+9.5,22,True,False,False,,-1,29.0815,4000
2026-06-27 09:02:40,101,B+4.5,12,True,False,False,,-1,29.047,4000
2026-06-27 09:03:13,119,B+1.5,13,True,False,False,,-1,29.231,4000
2026-06-27 09:03:39,103,W+4.5,9,True,False,False,,-1,29.1086,4000
2026-06-27 09:04:17,135,W+0.5,16,True,False,False,,-1,29.1932,4000
2026-06-27 09:04:28,49,B+0.5,10,True,False,False,,-1,29.0696,4000
2026-06-27 09:04:58,115,B+7.5,28,True,False,False,,-1,28.9629,4000
2026-06-27 09:05:25,102,B+2.5,14,True,False,False,,-1,28.9094,4000
2026-06-27 09:05:50,90,B+2.5,8,True,False,False,,-1,28.8914,4000
2026-06-27 09:06:13,87,B+1.5,11,True,False,False,,-1,28.8578,4000
2026-06-27 09:06:48,124,B+3.5,21,True,False,False,,-1,28.9256,4000
2026-06-27 09:07:18,106,B+2.5,5,True,False,False,,-1,28.8566,4000
2026-06-27 09:07:44,101,B+12.5,15,True,False,False,,-1,28.8689,4000
2026-06-27 09:08:12,109,W+2.5,9,True,False,False,,-1,28.8768,4000
2026-06-27 09:08:44,118,B+1.5,18,True,False,False,,-1,28.8452,4000
2026-06-27 09:09:10,92,W+3.5,10,True,False,False,,-1,28.8505,4000
2026-06-27 09:09:37,102,B+5.5,19,True,False,False,,-1,28.682,4000
2026-06-27 09:10:09,109,W+0.5,16,True,False,False,,-1,28.7165,4000
2026-06-27 09:10:35,101,B+3.5,18,True,False,False,,-1,28.7667,4000
2026-06-27 09:11:14,129,B+4.5,22,True,False,False,,-1,28.7814,4000
2026-06-27 09:11:46,111,B+1.5,19,True,False,False,,-1,28.8263,4000
2026-06-27 09:12:13,101,W+2.5,8,True,False,False,,-1,28.9378,4000
2026-06-27 09:12:39,95,B+1.5,3,True,False,False,,-1,29.0656,4000
2026-06-27 09:13:04,93,W+1.5,15,True,False,False,,-1,29.0466,4000
2026-06-27 09:13:33,100,B+0.5,8,True,False,False,,-1,28.9759,4000
2026-06-27 09:14:02,103,B+2.5,10,True,False,False,,-1,28.9832,4000
2026-06-27 09:14:33,116,B+4.5,17,True,False,False,,-1,28.9726,4000
2026-06-27 09:15:07,115,B+1.5,13,True,False,False,,-1,29.0528,4000
2026-06-27 09:15:36,110,B+7.5,20,True,False,False,,-1,29.0437,4000
2026-06-27 09:16:02,101,B+0.5,7,True,False,False,,-1,28.9473,4000
2026-06-27 09:16:18,59,B+5.5,8,True,False,False,,-1,28.8598,4000
2026-06-27 09:16:57,162,W+11.5,28,True,False,False,,-1,28.9833,4000
2026-06-27 09:17:19,91,W+0.5,7,True,False,False,,-1,28.9034,4000
