datetime,game_length,game_result,num_passes,is_resign_disabled,is_marked_for_resign,is_could_won,marked_resign_player,resign_threshold,time_per_game,training_steps
2026-06-18 19:19:42,96,W+16.5,2,True,False,False,,-1,37.6019,0
2026-06-18 19:20:12,96,W+16.5,4,True,False,False,,-1,33.8241,0
2026-06-18 19:20:44,104,W+16.5,4,True,False,False,,-1,33.4325,0
2026-06-18 19:21:13,88,W+22.5,3,True,False,False,,-1,32.263,0
2026-06-18 19:21:40,91,B+3.5,4,True,False,False,,-1,31.27,0
2026-06-18 19:22:12,102,W+24.5,3,True,False,False,,-1,31.3001,0
2026-06-18 19:22:57,138,W+47.5,4,True,False,False,,-1,33.2692,0
2026-06-18 19:23:24,92,W+15.5,2,True,False,False,,-1,32.5118,0
2026-06-18 19:23:52,94,W+10.5,3,True,False,False,,-1,32.0319,0
2026-06-18 19:24:47,162,B+29.5,2,True,False,False,,-1,34.2826,0
2026-06-18 19:25:18,100,W+33.5,4,True,False,False,,-1,33.9672,0
2026-06-18 19:25:59,122,W+25.5,2,True,False,False,,-1,34.5469,0
2026-06-18 19:26:39,127,W+7.5,5,True,False,False,,-1,35.0044,0
2026-06-18 19:27:08,97,B+3.5,2,True,False,False,,-1,34.5782,0
2026-06-18 19:27:55,140,W+48.5,5,True,False,False,,-1,35.3685,0
2026-06-18 19:28:40,144,W+33.5,6,True,False,False,,-1,36.0086,0
2026-06-18 19:29:19,118,W+40.5,2,True,False,False,,-1,36.1861,0
2026-06-18 19:29:50,94,W+22.5,3,True,False,False,,-1,35.8739,0
2026-06-18 19:30:35,149,B+47.5,8,True,False,False,,-1,36.375,0
2026-06-18 19:31:20,141,B+6.5,7,True,False,False,,-1,36.7732,0
2026-06-18 19:32:04,138,W+37.5,4,True,False,False,,-1,37.1564,0
2026-06-18 19:32:55,154,B+34.5,7,True,False,False,,-1,37.7815,0
2026-06-18 19:33:49,162,W+57.5,2,True,False,False,,-1,38.4755,0
2026-06-18 19:34:44,162,W+38.5,2,True,False,False,,-1,39.1849,0
2026-06-18 19:35:22,117,B+20.5,4,True,False,False,,-1,39.129,0
2026-06-18 19:36:05,137,W+31.5,4,True,False,False,,-1,39.2796,0
2026-06-18 19:36:46,125,B+13.5,2,True,False,False,,-1,39.3281,0
2026-06-18 19:37:21,104,W+17.5,3,True,False,False,,-1,39.1758,0
2026-06-18 19:38:05,139,B+49.5,4,True,False,False,,-1,39.3453,0
2026-06-18 19:38:36,98,W+2.5,3,True,False,False,,-1,39.0553,0
2026-06-18 19:39:07,99,B+6.5,4,True,False,False,,-1,38.8053,0
2026-06-18 19:39:52,137,W+59.5,3,True,False,False,,-1,39.0105,0
2026-06-18 19:40:19,84,W+6.5,3,True,False,False,,-1,38.6421,0
2026-06-18 19:40:54,110,W+17.5,2,True,False,False,,-1,38.5219,0
2026-06-18 19:41:25,102,W+25.5,3,True,False,False,,-1,38.3191,0
2026-06-18 19:42:01,112,B+17.5,5,True,False,False,,-1,38.2512,0
2026-06-18 19:42:08,28,W+7.5,2,True,False,False,,-1,37.398,0
2026-06-18 19:42:40,100,W+15.5,3,True,False,False,,-1,37.2697,0
2026-06-18 19:43:19,120,W+24.5,4,True,False,False,,-1,37.3012,0
2026-06-18 19:44:01,125,B+3.5,2,True,False,False,,-1,37.4238,0
2026-06-18 19:44:46,137,B+35.5,6,True,False,False,,-1,37.6076,0
2026-06-18 19:45:00,50,W+7.5,2,True,False,False,,-1,37.0536,0
2026-06-18 19:45:30,93,B+6.5,5,True,False,False,,-1,36.8827,0
2026-06-18 19:46:23,162,B+46.5,1,True,False,False,,-1,37.2425,0
2026-06-18 19:46:55,106,W+9.5,3,True,False,False,,-1,37.1403,0
2026-06-18 19:47:22,95,W+12.5,5,True,False,False,,-1,36.9157,0
2026-06-18 19:47:52,99,W+0.5,2,True,False,False,,-1,36.7641,0
2026-06-18 19:48:23,101,W+15.5,2,True,False,False,,-1,36.6336,0
2026-06-18 19:49:08,138,W+40.5,7,True,False,False,,-1,36.8176,0
2026-06-18 19:49:32,79,B+1.5,2,True,False,False,,-1,36.5495,0
2026-06-18 19:50:02,96,W+10.5,4,True,False,False,,-1,36.4296,0
2026-06-18 19:50:35,98,W+14.5,2,True,False,False,,-1,36.3587,0
2026-06-18 19:51:00,82,W+16.5,3,True,False,False,,-1,36.1491,0
2026-06-18 19:51:51,162,W+28.5,5,True,False,False,,-1,36.419,0
2026-06-18 19:51:59,32,W+10.5,2,True,False,False,,-1,35.8979,0
2026-06-18 19:52:50,148,W+48.5,5,True,False,False,,-1,36.1765,0
2026-06-18 19:53:12,70,W+7.5,2,True,False,False,,-1,35.9199,0
2026-06-18 19:53:58,142,B+28.5,7,True,False,False,,-1,36.0972,0
2026-06-18 19:54:33,119,W+37.5,4,True,False,False,,-1,36.0863,0
2026-06-18 19:55:04,93,B+2.5,3,True,False,False,,-1,35.9996,0
2026-06-18 19:55:24,68,W+8.5,2,True,False,False,,-1,35.7349,0
2026-06-18 19:56:16,162,W+34.5,3,True,False,False,,-1,36.0025,0
2026-06-18 19:57:04,150,B+34.5,3,True,False,False,,-1,36.1846,0
2026-06-18 19:57:54,149,B+29.5,3,True,False,False,,-1,36.4002,0
2026-06-18 19:58:37,131,B+35.5,2,True,False,False,,-1,36.5117,0
2026-06-18 19:59:18,126,W+35.5,2,True,False,False,,-1,36.5734,0
2026-06-18 20:00:04,143,B+41.5,6,True,False,False,,-1,36.713,0
2026-06-18 20:00:36,105,W+14.5,6,True,False,False,,-1,36.6408,0
2026-06-18 20:01:29,162,B+27.5,3,True,False,False,,-1,36.887,0
2026-06-18 20:01:56,86,W+14.5,2,True,False,False,,-1,36.7431,0
2026-06-18 20:02:25,94,W+1.5,2,True,False,False,,-1,36.6274,0
2026-06-18 20:02:53,92,W+13.5,4,True,False,False,,-1,36.5095,0
2026-06-18 20:03:23,100,W+1.5,4,True,False,False,,-1,36.4239,0
2026-06-18 20:03:57,108,W+15.5,3,True,False,False,,-1,36.393,0
2026-06-18 20:04:26,96,W+3.5,2,True,False,False,,-1,36.2856,0
2026-06-18 20:04:54,87,B+3.5,3,True,False,False,,-1,36.1763,0
2026-06-18 20:05:41,146,B+14.5,5,True,False,False,,-1,36.3163,0
2026-06-18 20:06:07,88,W+16.5,2,True,False,False,,-1,36.1926,0
2026-06-18 20:06:33,80,W+12.5,3,True,False,False,,-1,36.0566,0
2026-06-18 20:07:09,113,W+13.5,6,True,False,False,,-1,36.0567,0
2026-06-18 20:07:44,112,W+24.5,3,True,False,False,,-1,36.0464,0
2026-06-18 20:08:14,96,W+20.5,4,True,False,False,,-1,35.9731,0
2026-06-18 20:09:05,158,B+37.5,3,True,False,False,,-1,36.1538,0
2026-06-18 20:09:31,84,W+20.5,5,True,False,False,,-1,36.0386,0
2026-06-18 20:10:10,119,B+24.5,6,True,False,False,,-1,36.0715,0
2026-06-18 20:11:02,162,W+60.5,2,True,False,False,,-1,36.2536,0
2026-06-18 20:11:32,95,B+5.5,2,True,False,False,,-1,36.1848,0
2026-06-18 20:11:50,62,W+5.5,2,True,False,False,,-1,35.9769,0
2026-06-18 20:12:34,134,B+28.5,4,True,False,False,,-1,36.065,0
2026-06-18 20:13:27,162,B+41.5,7,True,False,False,,-1,36.2497,0
2026-06-18 20:14:06,120,W+5.5,3,True,False,False,,-1,36.2792,0
2026-06-18 20:14:41,114,W+23.5,3,True,False,False,,-1,36.2716,0
2026-06-18 20:15:21,124,W+49.5,2,True,False,False,,-1,36.3054,0
2026-06-18 20:15:52,98,W+14.5,2,True,False,False,,-1,36.2513,0
2026-06-18 20:16:30,119,B+24.5,3,True,False,False,,-1,36.2757,0
2026-06-18 20:17:01,98,B+5.5,2,True,False,False,,-1,36.2146,0
2026-06-18 20:17:33,100,W+11.5,2,True,False,False,,-1,36.1698,0
2026-06-18 20:18:02,94,W+9.5,4,True,False,False,,-1,36.0985,0
2026-06-18 20:18:53,162,W+41.5,1,True,False,False,,-1,36.2549,0
2026-06-18 20:19:48,162,B+49.5,6,True,False,False,,-1,36.4398,0
2026-06-18 20:20:39,162,B+42.5,2,True,False,False,,-1,36.5741,0
2026-06-18 20:21:31,162,B+47.5,7,True,False,False,,-1,36.7906,0
2026-06-18 20:21:54,78,W+5.5,3,True,False,False,,-1,36.6949,0
2026-06-18 20:22:24,95,B+0.5,5,True,False,False,,-1,36.7092,0
2026-06-18 20:22:47,79,B+1.5,3,True,False,False,,-1,36.6683,0
2026-06-18 20:23:36,149,B+26.5,4,True,False,False,,-1,36.8372,0
2026-06-18 20:24:17,127,W+4.5,4,True,False,False,,-1,36.7996,0
2026-06-18 20:24:44,86,W+6.5,3,True,False,False,,-1,36.7946,0
2026-06-18 20:25:12,92,B+1.5,4,True,False,False,,-1,36.7976,0
2026-06-18 20:25:46,110,B+1.5,3,True,False,False,,-1,36.591,0
2026-06-18 20:26:12,84,W+9.5,4,True,False,False,,-1,36.5365,0
2026-06-18 20:27:01,148,B+29.5,3,True,False,False,,-1,36.6169,0
2026-06-18 20:27:43,133,W+0.5,4,True,False,False,,-1,36.6342,0
2026-06-18 20:28:18,107,B+11.5,4,True,False,False,,-1,36.6965,0
2026-06-18 20:29:05,138,W+26.5,4,True,False,False,,-1,36.6994,0
2026-06-18 20:29:36,98,W+4.5,2,True,False,False,,-1,36.5556,0
2026-06-18 20:30:29,162,W+56.5,2,True,False,False,,-1,36.6927,0
2026-06-18 20:31:11,131,B+9.5,6,True,False,False,,-1,36.8052,0
2026-06-18 20:32:00,153,B+28.5,5,True,False,False,,-1,36.8472,0
2026-06-18 20:32:26,86,W+8.5,5,True,False,False,,-1,36.6634,0
2026-06-18 20:32:52,86,W+7.5,2,True,False,False,,-1,36.4727,0
2026-06-18 20:33:43,159,B+40.5,8,True,False,False,,-1,36.4769,0
2026-06-18 20:34:15,98,W+13.5,2,True,False,False,,-1,36.2606,0
2026-06-18 20:34:23,30,W+7.5,2,True,False,False,,-1,35.7788,0
2026-06-18 20:35:15,162,B+26.5,3,True,False,False,,-1,35.9259,0
2026-06-18 20:36:12,162,W+70.5,3,True,False,False,,-1,36.0637,0
2026-06-18 20:36:47,116,W+29.5,3,True,False,False,,-1,36.0118,0
2026-06-18 20:37:34,139,W+59.5,2,True,False,False,,-1,36.1294,0
2026-06-18 20:38:28,162,W+62.5,4,True,False,False,,-1,36.2318,0
2026-06-18 20:38:59,106,B+3.5,6,True,False,False,,-1,36.2263,0
2026-06-18 20:39:31,101,B+1.5,3,True,False,False,,-1,36.2359,0
2026-06-18 20:40:04,108,B+1.5,4,True,False,False,,-1,36.1117,0
2026-06-18 20:40:37,102,W+33.5,3,True,False,False,,-1,36.172,0
2026-06-18 20:41:21,127,B+45.5,2,True,False,False,,-1,36.2716,0
2026-06-18 20:41:51,96,W+0.5,5,True,False,False,,-1,36.2541,0
2026-06-18 20:42:42,158,B+42.5,9,True,False,False,,-1,36.409,0
2026-06-18 20:43:14,100,W+6.5,3,True,False,False,,-1,36.6552,0
2026-06-18 20:43:46,95,B+5.5,2,True,False,False,,-1,36.6496,0
2026-06-18 20:44:12,82,W+12.5,3,True,False,False,,-1,36.5254,0
2026-06-18 20:44:38,87,B+1.5,3,True,False,False,,-1,36.3716,0
2026-06-18 20:45:09,101,W+2.5,5,True,False,False,,-1,36.2244,0
2026-06-18 20:45:59,154,B+34.5,6,True,False,False,,-1,36.5841,0
2026-06-18 20:46:47,149,B+29.5,3,True,False,False,,-1,36.7716,0
2026-06-18 20:47:20,104,W+5.5,5,True,False,False,,-1,36.5655,0
2026-06-18 20:47:55,117,W+12.5,4,True,False,False,,-1,36.5953,0
2026-06-18 20:48:22,90,W+19.5,2,True,False,False,,-1,36.5989,0
2026-06-18 20:48:46,78,W+14.5,2,True,False,False,,-1,36.541,0
2026-06-18 20:49:42,162,W+39.5,2,True,False,False,,-1,36.7924,0
2026-06-18 20:50:10,94,W+21.5,2,True,False,False,,-1,36.6199,0
2026-06-18 20:50:32,70,W+2.5,3,True,False,False,,-1,36.6026,0
2026-06-18 20:51:26,162,W+42.5,3,True,False,False,,-1,36.8381,0
2026-06-18 20:51:55,88,W+7.5,2,True,False,False,,-1,36.7957,0
2026-06-18 20:52:43,148,B+30.5,7,True,False,False,,-1,37.0284,0
2026-06-18 20:53:23,123,B+1.5,3,True,False,False,,-1,36.9162,0
2026-06-18 20:53:54,101,B+11.5,7,True,False,False,,-1,37.1523,0
2026-06-18 20:54:43,147,B+36.5,5,True,False,False,,-1,37.124,0
2026-06-18 20:55:11,97,W+12.5,4,True,False,False,,-1,37.1943,0
2026-06-18 20:55:37,82,W+3.5,5,True,False,False,,-1,36.995,0
2026-06-18 20:55:59,70,W+8.5,5,True,False,False,,-1,36.8516,0
2026-06-18 20:56:44,141,W+14.5,3,True,False,False,,-1,36.9928,0
2026-06-18 20:57:17,104,W+11.5,2,True,False,False,,-1,37.1255,0
2026-06-18 20:58:04,147,B+50.5,7,True,False,False,,-1,37.0736,0
2026-06-18 20:58:38,105,B+1.5,2,True,False,False,,-1,36.9379,0
2026-06-18 20:59:14,109,B+18.5,4,True,False,False,,-1,36.7964,0
2026-06-18 20:59:41,86,W+1.5,3,True,False,False,,-1,36.6294,0
2026-06-18 21:00:17,110,W+17.5,3,True,False,False,,-1,36.587,0
2026-06-18 21:00:49,105,W+5.5,2,True,False,False,,-1,36.4522,0
2026-06-18 21:01:43,162,B+42.5,2,True,False,False,,-1,36.6698,0
2026-06-18 21:02:38,162,W+58.5,2,True,False,False,,-1,36.6837,0
2026-06-18 21:03:15,115,B+26.5,2,True,False,False,,-1,36.787,0
2026-06-18 21:03:53,125,B+36.5,8,True,False,False,,-1,36.8845,0
2026-06-18 21:04:44,162,B+23.5,2,True,False,False,,-1,37.112,0
2026-06-18 21:05:33,143,B+41.5,2,True,False,False,,-1,37.2974,0
2026-06-18 21:06:23,162,B+68.5,9,True,False,False,,-1,37.4595,0
2026-06-18 21:07:15,162,W+57.5,2,True,False,False,,-1,37.6922,0
2026-06-18 21:07:51,114,W+2.5,2,True,False,False,,-1,37.7735,0
2026-06-18 21:08:22,98,W+9.5,2,True,False,False,,-1,37.6109,0
2026-06-18 21:09:02,135,W+12.5,10,True,False,False,,-1,37.7464,0
2026-06-18 21:09:35,104,W+9.5,2,True,False,False,,-1,37.8173,0
2026-06-18 21:10:08,101,B+11.5,3,True,False,False,,-1,37.7864,0
2026-06-18 21:10:36,97,W+9.5,3,True,False,False,,-1,37.718,0
2026-06-18 21:11:11,110,B+2.5,3,True,False,False,,-1,37.7694,0
2026-06-18 21:11:47,113,B+6.5,3,True,False,False,,-1,37.6161,0
2026-06-18 21:12:18,95,B+13.5,3,True,False,False,,-1,37.6637,0
2026-06-18 21:12:50,98,W+14.5,2,True,False,False,,-1,37.5959,0
2026-06-18 21:13:27,111,B+2.5,3,True,False,False,,-1,37.452,0
2026-06-18 21:13:48,68,W+12.5,2,True,False,False,,-1,37.3534,0
2026-06-18 21:14:25,121,B+25.5,4,True,False,False,,-1,37.5508,0
2026-06-18 21:14:55,94,W+9.5,2,True,False,False,,-1,37.404,0
2026-06-18 21:15:38,133,W+49.5,2,True,False,False,,-1,37.3104,0
2026-06-18 21:16:16,118,W+22.5,3,True,False,False,,-1,37.2994,0
2026-06-18 21:16:29,50,W+4.5,3,True,False,False,,-1,37.0728,0
2026-06-18 21:17:14,143,W+43.5,3,True,False,False,,-1,37.1301,0
2026-06-18 21:18:07,162,B+51.5,3,True,False,False,,-1,37.345,0
2026-06-18 21:18:55,154,W+53.5,4,True,False,False,,-1,37.4409,0
2026-06-18 21:19:36,123,W+50.5,4,True,False,False,,-1,37.5503,0
2026-06-18 21:20:15,118,W+34.5,5,True,False,False,,-1,37.6184,0
2026-06-18 21:21:07,162,B+36.5,2,True,False,False,,-1,37.8449,0
2026-06-18 21:21:34,87,B+4.5,4,True,False,False,,-1,37.5982,0
2026-06-18 21:22:05,102,W+17.5,4,True,False,False,,-1,37.3678,0
2026-06-18 21:22:11,26,W+7.5,2,True,False,False,,-1,36.9167,0
2026-06-18 21:22:51,125,B+9.5,3,True,False,False,,-1,36.7948,0
2026-06-18 21:23:38,139,W+45.5,3,True,False,False,,-1,37.0379,0
2026-06-18 21:24:07,94,W+11.5,3,True,False,False,,-1,37.0269,0
2026-06-18 21:24:58,149,W+49.5,7,True,False,False,,-1,37.3004,0
2026-06-18 21:25:46,147,B+36.5,6,True,False,False,,-1,37.3004,0
2026-06-18 21:26:26,123,B+28.5,4,True,False,False,,-1,37.2906,0
2026-06-18 21:27:18,155,B+42.5,4,True,False,False,,-1,37.5354,0
2026-06-18 21:28:00,131,W+40.5,5,True,False,False,,-1,37.6753,0
2026-06-18 21:28:50,152,W+47.5,5,True,False,False,,-1,37.8381,0
2026-06-18 21:29:32,126,B+10.5,4,True,False,False,,-1,37.9992,0
2026-06-18 21:30:05,106,W+13.5,3,True,False,False,,-1,37.8402,0
2026-06-18 21:30:53,162,B+53.5,6,True,False,False,,-1,37.8963,0
2026-06-18 21:31:31,115,B+7.5,3,True,False,False,,-1,37.9321,0
2026-06-18 21:32:02,95,B+3.5,3,True,False,False,,-1,37.7689,0
2026-06-18 21:32:55,162,W+53.5,4,True,False,False,,-1,37.9916,0
2026-06-18 21:33:25,95,B+8.5,5,True,False,False,,-1,37.7578,0
2026-06-18 21:33:59,117,B+26.5,5,True,False,False,,-1,37.6854,0
2026-06-18 21:34:30,102,W+7.5,4,True,False,False,,-1,37.4962,0
2026-06-18 21:35:24,162,W+50.5,3,True,False,False,,-1,37.781,0
2026-06-18 21:35:50,81,B+1.5,2,True,False,False,,-1,37.7781,0
2026-06-18 21:36:19,93,W+10.5,4,True,False,False,,-1,37.5579,0
2026-06-18 21:37:07,142,W+51.5,6,True,False,False,,-1,37.7124,0
2026-06-18 21:37:37,90,W+7.5,4,True,False,False,,-1,37.9454,0
2026-06-18 21:37:46,32,W+7.5,2,True,False,False,,-1,37.5023,0
2026-06-18 21:37:51,24,W+7.5,2,True,False,False,,-1,36.9928,0
2026-06-18 21:38:21,89,B+3.5,3,True,False,False,,-1,36.9328,0
2026-06-18 21:39:07,147,B+32.5,4,True,False,False,,-1,36.9292,0
2026-06-18 21:39:44,113,W+10.5,9,True,False,False,,-1,36.7535,0
2026-06-18 21:40:24,119,B+31.5,4,True,False,False,,-1,36.8526,0
2026-06-18 21:41:02,110,W+15.5,2,True,False,False,,-1,36.9042,0
2026-06-18 21:41:49,149,B+45.5,2,True,False,False,,-1,37.0545,0
2026-06-18 21:42:01,42,W+4.5,2,True,False,False,,-1,36.8401,0
2026-06-18 21:42:32,94,W+22.5,2,True,False,False,,-1,36.7012,0
2026-06-18 21:43:05,107,B+0.5,3,True,False,False,,-1,36.7416,0
2026-06-18 21:43:42,114,B+2.5,2,True,False,False,,-1,36.5923,0
2026-06-18 21:44:35,162,W+51.5,8,True,False,False,,-1,36.8075,0
2026-06-18 21:45:27,162,B+33.5,3,True,False,False,,-1,37.0085,0
2026-06-18 21:46:21,162,W+61.5,3,True,False,False,,-1,37.291,0
2026-06-18 21:46:43,74,W+16.5,3,True,False,False,,-1,37.24,0
2026-06-18 21:46:54,46,W+5.5,2,True,False,False,,-1,37.0545,0
2026-06-18 21:47:29,107,W+2.5,7,True,False,False,,-1,36.9002,0
2026-06-18 21:48:11,126,W+45.5,4,True,False,False,,-1,36.8297,0
2026-06-18 21:48:43,105,B+20.5,4,True,False,False,,-1,36.8345,0
2026-06-18 21:49:05,74,W+10.5,3,True,False,False,,-1,36.6994,0
2026-06-18 21:49:38,103,B+12.5,2,True,False,False,,-1,36.7495,0
2026-06-18 21:49:58,70,W+12.5,2,True,False,False,,-1,36.7141,0
2026-06-18 21:50:28,103,B+10.5,5,True,False,False,,-1,36.4613,0
2026-06-18 21:51:04,103,W+5.5,3,True,False,False,,-1,36.5329,0
2026-06-18 21:51:58,162,W+43.5,5,True,False,False,,-1,36.8574,0
2026-06-18 21:52:52,162,B+38.5,7,True,False,False,,-1,36.8526,0
2026-06-18 21:53:20,89,B+0.5,4,True,False,False,,-1,36.8508,0
2026-06-18 21:53:59,114,W+19.5,4,True,False,False,,-1,36.7552,0
2026-06-18 21:54:33,107,B+0.5,3,True,False,False,,-1,36.7041,0
2026-06-18 21:55:16,132,B+38.5,3,True,False,False,,-1,36.8207,0
2026-06-18 21:55:45,91,B+1.5,2,True,False,False,,-1,36.6233,0
2026-06-18 21:56:25,122,W+33.5,4,True,False,False,,-1,36.7383,0
2026-06-18 21:57:01,119,W+26.5,2,True,False,False,,-1,36.8356,0
2026-06-18 21:57:18,60,W+1.5,3,True,False,False,,-1,36.7942,0
2026-06-18 21:57:45,84,W+7.5,2,True,False,False,,-1,36.612,0
2026-06-18 21:58:29,135,B+15.5,4,True,False,False,,-1,36.7241,0
2026-06-18 21:59:11,131,W+4.5,7,True,False,False,,-1,36.6648,0
2026-06-18 21:59:45,109,B+16.5,2,True,False,False,,-1,36.6683,0
2026-06-18 22:00:00,54,W+4.5,3,True,False,False,,-1,36.4651,0
2026-06-18 22:00:50,162,W+39.5,1,True,False,False,,-1,36.6932,0
2026-06-18 22:01:09,66,W+12.5,2,True,False,False,,-1,36.5224,0
2026-06-18 22:01:57,151,B+38.5,6,True,False,False,,-1,36.6777,0
2026-06-18 22:02:04,28,W+8.5,3,True,False,False,,-1,36.2064,0
2026-06-18 22:02:56,162,B+29.5,4,True,False,False,,-1,36.1773,0
2026-06-18 22:03:30,106,W+6.5,3,True,False,False,,-1,36.1508,0
2026-06-18 22:04:22,157,B+50.5,4,True,False,False,,-1,36.2879,0
2026-06-18 22:05:04,125,B+17.5,5,True,False,False,,-1,36.1976,0
2026-06-18 22:05:57,162,W+38.5,2,True,False,False,,-1,36.2333,0
2026-06-18 22:06:15,64,W+8.5,3,True,False,False,,-1,35.9092,0
2026-06-18 22:06:40,84,W+10.5,3,True,False,False,,-1,35.6433,0
2026-06-18 22:07:04,80,W+11.5,3,True,False,False,,-1,35.5246,0
2026-06-18 22:07:42,125,W+19.5,4,True,False,False,,-1,35.6026,0
2026-06-18 22:08:08,81,B+3.5,2,True,False,False,,-1,35.4566,0
2026-06-18 22:08:47,129,W+29.5,4,True,False,False,,-1,35.5257,0
2026-06-18 22:09:14,86,W+17.5,2,True,False,False,,-1,35.4615,0
2026-06-18 22:10:05,162,W+45.5,3,True,False,False,,-1,35.6909,0
2026-06-18 22:10:35,90,W+20.5,3,True,False,False,,-1,35.6346,0
2026-06-18 22:11:08,109,W+19.5,4,True,False,False,,-1,35.6142,0
2026-06-18 22:11:38,101,B+13.5,4,True,False,False,,-1,35.5982,0
2026-06-18 22:11:50,46,W+8.5,2,True,False,False,,-1,35.3977,0
2026-06-18 22:12:25,111,W+14.5,6,True,False,False,,-1,35.3702,0
2026-06-18 22:13:18,162,B+21.5,1,True,False,False,,-1,35.7031,0
2026-06-18 22:14:01,133,B+18.5,7,True,False,False,,-1,35.751,0
2026-06-18 22:14:55,162,B+37.5,0,True,False,False,,-1,35.9999,0
2026-06-18 22:15:43,141,W+38.5,6,True,False,False,,-1,36.0479,0
2026-06-18 22:16:00,58,W+11.5,2,True,False,False,,-1,35.8379,0
2026-06-18 22:16:06,24,W+7.5,2,True,False,False,,-1,35.77,0
2026-06-18 22:16:52,136,W+61.5,4,True,False,False,,-1,35.7758,0
2026-06-18 22:17:30,117,W+5.5,3,True,False,False,,-1,35.629,0
2026-06-18 22:18:00,92,W+14.5,3,True,False,False,,-1,35.4466,0
2026-06-18 22:18:52,162,W+47.5,4,True,False,False,,-1,35.5617,0
2026-06-18 22:19:45,162,B+25.5,5,True,False,False,,-1,35.7025,0
2026-06-18 22:20:25,122,W+33.5,4,True,False,False,,-1,35.5783,0
2026-06-18 22:21:15,155,W+36.5,4,True,False,False,,-1,35.8124,0
2026-06-18 22:21:45,94,B+3.5,4,True,False,False,,-1,35.7938,0
2026-06-18 22:22:11,89,W+9.5,7,True,False,False,,-1,35.9981,0
2026-06-18 22:22:41,97,B+10.5,3,True,False,False,,-1,35.8993,0
2026-06-18 22:22:57,56,W+8.5,2,True,False,False,,-1,35.5899,0
2026-06-18 22:23:23,87,B+0.5,2,True,False,False,,-1,35.5584,0
2026-06-18 22:23:53,91,B+2.5,6,True,False,False,,-1,35.3489,0
2026-06-18 22:24:28,116,W+29.5,3,True,False,False,,-1,35.2216,0
2026-06-18 22:25:14,145,W+45.5,7,True,False,False,,-1,35.2743,0
2026-06-18 22:25:47,104,W+25.5,2,True,False,False,,-1,35.0965,0
2026-06-18 22:26:15,88,W+12.5,3,True,False,False,,-1,34.9477,0
2026-06-18 22:26:31,60,W+12.5,3,True,False,False,,-1,34.6103,0
2026-06-18 22:27:06,105,B+1.5,3,True,False,False,,-1,34.5373,0
2026-06-18 22:27:43,127,W+20.5,4,True,False,False,,-1,34.5828,0
2026-06-18 22:28:02,64,W+9.5,2,True,False,False,,-1,34.2959,0
2026-06-18 22:28:53,149,B+41.5,5,True,False,False,,-1,34.4122,0
2026-06-18 22:29:46,162,W+57.5,5,True,False,False,,-1,34.6365,0
2026-06-18 22:30:37,162,B+27.5,5,True,False,False,,-1,34.6149,0
2026-06-18 22:31:04,84,W+13.5,3,True,False,False,,-1,34.5943,0
2026-06-18 22:31:51,143,B+33.5,3,True,False,False,,-1,34.7121,0
2026-06-18 22:32:25,108,W+6.5,3,True,False,False,,-1,34.7467,0
2026-06-18 22:32:54,88,W+12.5,4,True,False,False,,-1,34.4985,0
2026-06-18 22:33:32,123,W+3.5,5,True,False,False,,-1,34.6216,0
2026-06-18 22:34:12,128,B+0.5,4,True,False,False,,-1,34.7269,0
2026-06-18 22:34:44,108,W+14.5,6,True,False,False,,-1,34.5701,0
2026-06-18 22:35:10,88,W+4.5,5,True,False,False,,-1,34.5259,0
2026-06-18 22:35:41,101,B+2.5,3,True,False,False,,-1,34.7564,0
2026-06-18 22:36:12,100,W+12.5,2,True,False,False,,-1,35.0008,0
2026-06-18 22:36:45,104,B+11.5,3,True,False,False,,-1,35.0403,0
2026-06-18 22:37:18,114,W+23.5,3,True,False,False,,-1,34.9057,0
2026-06-18 22:37:31,48,W+7.5,2,True,False,False,,-1,34.6633,0
2026-06-18 22:38:17,145,B+50.5,8,True,False,False,,-1,34.7257,0
2026-06-18 22:38:53,107,B+5.5,2,True,False,False,,-1,34.7145,0
2026-06-18 22:39:21,94,W+12.5,3,True,False,False,,-1,34.5107,0
2026-06-18 22:40:04,130,W+52.5,3,True,False,False,,-1,34.8263,0
2026-06-18 22:40:17,52,W+9.5,2,True,False,False,,-1,34.6566,0
2026-06-18 22:40:55,115,W+9.5,5,True,False,False,,-1,34.6924,0
2026-06-18 22:41:26,105,W+5.5,10,True,False,False,,-1,34.6377,0
2026-06-18 22:42:10,136,W+41.5,3,True,False,False,,-1,34.5543,0
2026-06-18 22:43:02,154,W+25.5,3,True,False,False,,-1,34.552,0
2026-06-18 22:43:28,84,W+8.5,4,True,False,False,,-1,34.2713,0
2026-06-18 22:43:56,84,W+11.5,4,True,False,False,,-1,34.3299,0
2026-06-18 22:44:21,86,W+10.5,3,True,False,False,,-1,34.4663,0
2026-06-18 22:44:52,100,W+30.5,3,True,False,False,,-1,34.4299,0
2026-06-18 22:45:25,105,B+10.5,7,True,False,False,,-1,34.3445,0
2026-06-18 22:46:07,127,B+24.5,5,True,False,False,,-1,34.4386,0
2026-06-18 22:46:49,134,B+1.5,3,True,False,False,,-1,34.6299,0
2026-06-18 22:47:17,90,W+1.5,3,True,False,False,,-1,34.5886,0
2026-06-18 22:48:09,162,W+59.5,4,True,False,False,,-1,34.9076,0
2026-06-18 22:48:57,143,W+36.5,2,True,False,False,,-1,35.083,0
2026-06-18 22:49:48,162,B+44.5,3,True,False,False,,-1,35.2409,0
2026-06-18 22:50:06,64,W+8.5,3,True,False,False,,-1,34.8816,0
2026-06-18 22:50:21,54,W+8.5,3,True,False,False,,-1,34.4881,0
2026-06-18 22:50:48,88,W+12.5,2,True,False,False,,-1,34.4838,0
2026-06-18 22:51:16,94,W+19.5,4,True,False,False,,-1,34.3742,0
2026-06-18 22:51:50,113,W+18.5,8,True,False,False,,-1,34.364,0
2026-06-18 22:51:57,32,W+7.5,2,True,False,False,,-1,34.003,0
2026-06-18 22:52:49,156,W+47.5,3,True,False,False,,-1,34.2393,0
2026-06-18 22:53:29,124,W+4.5,2,True,False,False,,-1,34.237,0
2026-06-18 22:54:12,139,B+34.5,4,True,False,False,,-1,34.3082,0
2026-06-18 22:55:02,148,W+35.5,3,True,False,False,,-1,34.6393,0
2026-06-18 22:55:29,97,B+1.5,7,True,False,False,,-1,34.6385,0
2026-06-18 22:56:01,101,B+1.5,2,True,False,False,,-1,34.5141,0
2026-06-18 22:56:45,138,W+56.5,3,True,False,False,,-1,34.5439,0
2026-06-18 22:57:11,80,W+5.5,4,True,False,False,,-1,34.4606,0
2026-06-18 22:57:41,95,B+3.5,2,True,False,False,,-1,34.6068,0
2026-06-18 22:58:16,117,B+11.5,7,True,False,False,,-1,34.4553,0
2026-06-18 22:59:07,151,W+47.5,4,True,False,False,,-1,34.7773,0
2026-06-18 22:59:51,132,B+28.5,4,True,False,False,,-1,34.7335,0
2026-06-18 23:00:20,96,W+12.5,5,True,False,False,,-1,34.9552,0
2026-06-18 23:00:53,113,B+7.5,4,True,False,False,,-1,34.7737,0
2026-06-18 23:01:46,162,W+10.5,1,True,False,False,,-1,34.9587,0
2026-06-18 23:01:58,44,W+8.5,2,True,False,False,,-1,34.5526,0
2026-06-18 23:02:29,98,W+25.5,2,True,False,False,,-1,34.4489,0
2026-06-18 23:03:24,162,B+31.5,2,True,False,False,,-1,34.4696,0
2026-06-18 23:03:39,56,W+5.5,3,True,False,False,,-1,34.4404,0
2026-06-18 23:04:28,147,B+39.5,4,True,False,False,,-1,34.6864,0
2026-06-18 23:05:22,162,W+42.5,5,True,False,False,,-1,34.9823,0
2026-06-18 23:05:54,100,W+12.5,3,True,False,False,,-1,34.9151,0
2026-06-18 23:06:21,94,B+1.5,3,True,False,False,,-1,34.9316,0
2026-06-18 23:06:48,84,W+9.5,5,True,False,False,,-1,34.8003,0
2026-06-18 23:07:28,125,W+28.5,5,True,False,False,,-1,34.9399,0
2026-06-18 23:08:01,107,W+14.5,3,True,False,False,,-1,34.7536,0
2026-06-18 23:08:36,105,B+4.5,3,True,False,False,,-1,34.809,0
2026-06-18 23:09:19,128,B+35.5,3,True,False,False,,-1,34.9079,0
2026-06-18 23:09:59,131,B+34.5,11,True,False,False,,-1,35.0093,0
2026-06-18 23:10:33,105,B+16.5,4,True,False,False,,-1,35.2254,0
2026-06-18 23:11:20,143,B+42.5,5,True,False,False,,-1,35.3537,0
2026-06-18 23:11:37,58,W+4.5,3,True,False,False,,-1,34.9839,0
2026-06-18 23:12:28,162,W+46.5,4,True,False,False,,-1,35.073,0
2026-06-18 23:13:03,106,B+10.5,3,True,False,False,,-1,34.8748,0
2026-06-18 23:13:47,140,W+49.5,5,True,False,False,,-1,34.834,0
2026-06-18 23:14:17,97,W+8.5,4,True,False,False,,-1,34.9652,0
2026-06-18 23:14:29,50,W+7.5,2,True,False,False,,-1,35.0327,0
2026-06-18 23:15:11,125,B+13.5,4,True,False,False,,-1,34.9883,0
2026-06-18 23:15:45,106,W+36.5,4,True,False,False,,-1,34.9505,0
2026-06-18 23:16:37,162,B+30.5,4,True,False,False,,-1,35.1715,0
2026-06-18 23:17:25,146,W+56.5,4,True,False,False,,-1,35.1216,0
2026-06-18 23:18:00,111,B+20.5,4,True,False,False,,-1,34.9446,0
2026-06-18 23:18:31,93,B+4.5,2,True,False,False,,-1,34.8565,0
2026-06-18 23:19:20,148,W+58.5,3,True,False,False,,-1,34.8445,0
2026-06-18 23:19:58,113,B+20.5,3,True,False,False,,-1,34.9315,0
2026-06-18 23:20:33,101,B+4.5,2,True,False,False,,-1,35.0174,0
2026-06-18 23:21:06,100,W+6.5,5,True,False,False,,-1,35.0526,0
2026-06-18 23:21:32,85,B+0.5,3,True,False,False,,-1,35.1453,0
2026-06-18 23:22:06,106,W+16.5,5,True,False,False,,-1,35.2297,0
2026-06-18 23:22:42,111,B+13.5,4,True,False,False,,-1,35.2897,0
2026-06-18 23:23:30,143,B+35.5,3,True,False,False,,-1,35.4155,0
2026-06-18 23:23:47,64,W+11.5,2,True,False,False,,-1,35.1317,0
2026-06-18 23:24:14,87,B+2.5,3,True,False,False,,-1,35.066,0
2026-06-18 23:25:06,162,W+53.5,7,True,False,False,,-1,35.3113,0
2026-06-18 23:25:45,126,W+41.5,3,True,False,False,,-1,35.5332,0
2026-06-18 23:26:18,100,W+22.5,2,True,False,False,,-1,35.5213,0
2026-06-18 23:26:45,92,W+5.5,3,True,False,False,,-1,35.4193,0
2026-06-18 23:27:19,105,W+14.5,3,True,False,False,,-1,35.5642,0
2026-06-18 23:28:07,145,W+55.5,4,True,False,False,,-1,35.5412,0
2026-06-18 23:28:54,141,B+23.5,5,True,False,False,,-1,35.4848,0
2026-06-18 23:29:36,131,W+19.5,5,True,False,False,,-1,35.3901,0
2026-06-18 23:30:15,124,W+25.5,4,True,False,False,,-1,35.5081,0
2026-06-18 23:31:07,162,W+37.5,4,True,False,False,,-1,35.5638,0
2026-06-18 23:31:32,80,W+12.5,4,True,False,False,,-1,35.4682,0
2026-06-18 23:32:07,116,W+30.5,3,True,False,False,,-1,35.5255,0
2026-06-18 23:32:45,124,W+50.5,5,True,False,False,,-1,35.5257,0
2026-06-18 23:33:24,113,B+10.5,3,True,False,False,,-1,35.5126,0
2026-06-18 23:34:00,114,B+23.5,2,True,False,False,,-1,35.5549,0
2026-06-18 23:34:48,158,W+65.5,4,True,False,False,,-1,35.7802,0
2026-06-18 23:35:18,94,W+8.5,4,True,False,False,,-1,35.7669,0
2026-06-18 23:35:52,102,W+26.5,3,True,False,False,,-1,35.7955,0
2026-06-18 23:35:59,32,W+8.5,3,True,False,False,,-1,35.5416,0
2026-06-18 23:36:20,70,W+5.5,3,True,False,False,,-1,35.4165,0
2026-06-18 23:37:12,157,B+26.5,6,True,False,False,,-1,35.8157,0
2026-06-18 23:37:57,137,W+21.5,3,True,False,False,,-1,35.8021,0
2026-06-18 23:38:27,96,W+22.5,5,True,False,False,,-1,35.7352,0
2026-06-18 23:38:38,44,W+9.5,2,True,False,False,,-1,35.5736,0
2026-06-18 23:39:23,131,B+27.5,5,True,False,False,,-1,35.5885,0
2026-06-18 23:39:54,98,W+28.5,2,True,False,False,,-1,35.7621,0
2026-06-18 23:40:34,125,W+26.5,2,True,False,False,,-1,35.7894,0
2026-06-18 23:41:13,132,B+32.5,7,True,False,False,,-1,35.8671,0
2026-06-18 23:41:40,88,W+5.5,3,True,False,False,,-1,35.6963,0
2026-06-18 23:41:47,28,W+7.5,2,True,False,False,,-1,35.2464,0
2026-06-18 23:42:19,107,W+22.5,3,True,False,False,,-1,35.3012,0
2026-06-18 23:42:50,100,W+24.5,3,True,False,False,,-1,35.3399,0
2026-06-18 23:43:25,103,B+1.5,2,True,False,False,,-1,35.4317,0
2026-06-18 23:44:18,162,W+24.5,5,True,False,False,,-1,35.657,0
2026-06-18 23:44:56,115,B+1.5,5,True,False,False,,-1,35.7044,0
2026-06-18 23:45:17,74,W+11.5,2,True,False,False,,-1,35.4948,0
2026-06-18 23:45:49,98,W+19.5,4,True,False,False,,-1,35.4006,0
2026-06-18 23:46:31,132,W+36.5,4,True,False,False,,-1,35.545,0
2026-06-18 23:46:57,85,B+1.5,2,True,False,False,,-1,35.2809,0
2026-06-18 23:47:34,116,B+9.5,2,True,False,False,,-1,35.1704,0
2026-06-18 23:48:03,90,W+5.5,3,True,False,False,,-1,34.9467,0
2026-06-18 23:48:34,105,B+6.5,7,True,False,False,,-1,35.0718,0
2026-06-18 23:49:04,99,W+9.5,5,True,False,False,,-1,35.2291,0
2026-06-18 23:49:25,72,W+6.5,2,True,False,False,,-1,35.1639,0
2026-06-18 23:49:55,92,W+9.5,2,True,False,False,,-1,35.1838,0
2026-06-18 23:50:21,85,B+3.5,4,True,False,False,,-1,35.11,0
2026-06-18 23:50:54,109,W+15.5,3,True,False,False,,-1,35.366,0
2026-06-18 23:51:42,146,B+39.5,3,True,False,False,,-1,35.3209,0
2026-06-18 23:52:10,86,W+0.5,3,True,False,False,,-1,35.2012,0
2026-06-18 23:52:59,162,B+48.5,11,True,False,False,,-1,35.2686,0
2026-06-18 23:53:33,98,W+30.5,2,True,False,False,,-1,35.1075,0
2026-06-18 23:54:17,135,B+9.5,5,True,False,False,,-1,35.281,0
2026-06-18 23:55:00,134,W+2.5,4,True,False,False,,-1,35.3909,0
2026-06-18 23:55:32,107,W+11.5,2,True,False,False,,-1,35.2651,0
2026-06-18 23:56:11,128,W+29.5,5,True,False,False,,-1,35.3995,0
2026-06-18 23:56:38,84,W+3.5,4,True,False,False,,-1,35.3612,0
2026-06-18 23:57:02,78,W+4.5,2,True,False,False,,-1,35.2574,0
2026-06-18 23:57:25,76,W+0.5,3,True,False,False,,-1,34.9719,0
2026-06-18 23:58:11,141,B+43.5,10,True,False,False,,-1,35.0033,0
2026-06-18 23:58:44,105,W+7.5,6,True,False,False,,-1,35.0436,0
2026-06-18 23:59:18,120,W+38.5,7,True,False,False,,-1,35.0438,0
2026-06-18 23:59:48,100,W+10.5,2,True,False,False,,-1,34.8166,0
2026-06-19 00:00:25,123,W+36.5,4,True,False,False,,-1,35.071,0
2026-06-19 00:00:40,56,W+2.5,3,True,False,False,,-1,34.9012,0
2026-06-19 00:01:12,101,B+0.5,2,True,False,False,,-1,34.6765,0
2026-06-19 00:01:45,100,W+6.5,2,True,False,False,,-1,34.8643,0
2026-06-19 00:02:04,64,W+11.5,2,True,False,False,,-1,34.5573,0
2026-06-19 00:02:43,122,W+29.5,2,True,False,False,,-1,34.4069,0
2026-06-19 00:03:11,92,W+22.5,4,True,False,False,,-1,34.365,0
2026-06-19 00:04:00,151,B+36.5,8,True,False,False,,-1,34.5877,0
2026-06-19 00:04:51,162,W+53.5,4,True,False,False,,-1,34.8287,0
2026-06-19 00:05:16,83,B+2.5,2,True,False,False,,-1,34.6782,0
2026-06-19 00:05:40,76,W+8.5,4,True,False,False,,-1,34.5907,0
2026-06-19 00:06:30,162,B+31.5,5,True,False,False,,-1,34.7377,0
2026-06-19 00:06:59,93,B+3.5,6,True,False,False,,-1,34.5954,0
2026-06-19 00:07:47,149,W+37.5,5,True,False,False,,-1,34.6778,0
2026-06-19 00:08:28,133,W+3.5,5,True,False,False,,-1,34.7536,0
2026-06-19 00:08:56,86,W+9.5,3,True,False,False,,-1,34.5568,0
2026-06-19 00:09:29,102,W+12.5,2,True,False,False,,-1,34.7133,0
2026-06-19 00:10:06,119,B+15.5,3,True,False,False,,-1,34.5705,0
2026-06-19 00:10:57,162,B+36.5,1,True,False,False,,-1,34.7457,0
2026-06-19 00:11:28,101,B+9.5,4,True,False,False,,-1,34.6128,0
2026-06-19 00:12:01,106,W+5.5,6,True,False,False,,-1,34.6434,0
2026-06-19 00:12:39,117,W+13.5,3,True,False,False,,-1,34.8941,0
2026-06-19 00:13:21,132,W+41.5,6,True,False,False,,-1,34.8981,0
2026-06-19 00:14:11,162,B+27.5,4,True,False,False,,-1,35.0597,0
2026-06-19 00:14:44,102,W+15.5,2,True,False,False,,-1,34.8662,0
2026-06-19 00:15:22,122,B+6.5,9,True,False,False,,-1,34.7668,0
2026-06-19 00:15:48,85,W+5.5,3,True,False,False,,-1,34.6829,0
2026-06-19 00:16:44,162,W+17.5,3,True,False,False,,-1,34.9289,0
2026-06-19 00:17:33,153,B+43.5,7,True,False,False,,-1,34.9335,0
2026-06-19 00:18:17,137,W+42.5,3,True,False,False,,-1,34.9815,0
2026-06-19 00:18:38,72,W+7.5,2,True,False,False,,-1,34.844,0
2026-06-19 00:19:10,103,W+9.5,2,True,False,False,,-1,34.8326,0
2026-06-19 00:19:20,44,W+9.5,3,True,False,False,,-1,34.6802,0
2026-06-19 00:19:40,64,W+10.5,2,True,False,False,,-1,34.5371,0
2026-06-19 00:20:33,162,B+47.5,4,True,False,False,,-1,34.7031,0
2026-06-19 00:21:00,91,W+10.5,4,True,False,False,,-1,34.4979,0
2026-06-19 00:21:32,96,W+11.5,2,True,False,False,,-1,34.6461,0
2026-06-19 00:22:25,162,B+22.5,7,True,False,False,,-1,34.9066,0
2026-06-19 00:23:09,138,B+33.5,4,True,False,False,,-1,34.8286,0
2026-06-19 00:23:43,102,W+22.5,3,True,False,False,,-1,34.7787,0
2026-06-19 00:23:54,44,W+6.5,2,True,False,False,,-1,34.5604,0
2026-06-19 00:24:29,114,W+23.5,5,True,False,False,,-1,34.6351,0
2026-06-19 00:25:01,97,B+4.5,4,True,False,False,,-1,34.6133,0
2026-06-19 00:25:33,103,B+22.5,4,True,False,False,,-1,34.4566,0
2026-06-19 00:26:01,96,B+3.5,5,True,False,False,,-1,34.2656,0
2026-06-19 00:26:34,102,W+8.5,3,True,False,False,,-1,34.1791,0
2026-06-19 00:27:15,124,W+58.5,3,True,False,False,,-1,34.1931,0
2026-06-19 00:27:49,108,W+12.5,5,True,False,False,,-1,34.015,0
2026-06-19 00:28:16,86,W+8.5,2,True,False,False,,-1,34.0435,0
2026-06-19 00:28:36,64,W+5.5,2,True,False,False,,-1,33.8818,0
2026-06-19 00:29:27,147,B+30.5,3,True,False,False,,-1,34.0124,0
2026-06-19 00:29:36,38,W+11.5,2,True,False,False,,-1,33.7218,0
2026-06-19 00:30:07,104,W+23.5,2,True,False,False,,-1,33.6704,0
2026-06-19 00:30:40,100,B+10.5,3,True,False,False,,-1,33.5093,0
2026-06-19 00:31:00,68,W+8.5,2,True,False,False,,-1,33.4122,0
2026-06-19 00:31:35,118,W+24.5,3,True,False,False,,-1,33.4351,0
2026-06-19 00:32:08,99,B+4.5,3,True,False,False,,-1,33.6829,0
2026-06-19 00:32:41,102,W+0.5,2,True,False,False,,-1,33.8057,0
2026-06-19 00:33:19,114,W+42.5,3,True,False,False,,-1,33.6642,0
2026-06-19 00:33:40,74,W+4.5,2,True,False,False,,-1,33.4297,0
2026-06-19 00:34:11,93,B+10.5,2,True,False,False,,-1,33.4376,0
2026-06-19 00:34:29,64,W+5.5,3,True,False,False,,-1,33.5031,0
2026-06-19 00:34:56,89,B+1.5,2,True,False,False,,-1,33.326,0
2026-06-19 00:35:47,153,B+55.5,2,True,False,False,,-1,33.5273,0
2026-06-19 00:36:30,130,W+45.5,5,True,False,False,,-1,33.5608,0
2026-06-19 00:37:06,107,B+7.5,3,True,False,False,,-1,33.5328,0
2026-06-19 00:37:39,103,B+0.5,3,True,False,False,,-1,33.587,0
2026-06-19 00:37:45,22,W+7.5,2,True,False,False,,-1,33.581,0
2026-06-19 00:38:36,148,W+47.5,9,True,False,False,,-1,33.7673,0
2026-06-19 00:38:56,66,W+0.5,3,True,False,False,,-1,33.6595,0
2026-06-19 00:39:26,100,B+1.5,4,True,False,False,,-1,33.6083,0
2026-06-19 00:41:33,108,B+18.5,7,True,False,False,,-1,33.3011,1000
2026-06-19 00:42:01,105,B+2.5,6,True,False,False,,-1,33.3703,1000
2026-06-19 00:42:35,112,W+12.5,8,True,False,False,,-1,33.3884,1000
2026-06-19 00:43:11,135,W+2.5,23,True,False,False,,-1,33.3266,1000
2026-06-19 00:43:25,50,W+4.5,2,True,False,False,,-1,33.2058,1000
2026-06-19 00:43:56,125,W+0.5,17,True,False,False,,-1,33.1494,1000
2026-06-19 00:44:23,97,W+16.5,5,True,False,False,,-1,33.1281,1000
2026-06-19 00:44:38,57,B+6.5,2,True,False,False,,-1,32.9703,1000
2026-06-19 00:45:20,144,B+0.5,12,True,False,False,,-1,33.091,1000
2026-06-19 00:45:50,111,W+12.5,7,True,False,False,,-1,33.1788,1000
2026-06-19 00:46:21,117,W+2.5,14,True,False,False,,-1,33.189,1000
2026-06-19 00:46:55,130,B+0.5,14,True,False,False,,-1,33.2686,1000
2026-06-19 00:47:21,92,B+2.5,6,True,False,False,,-1,33.2075,1000
2026-06-19 00:47:49,105,W+41.5,2,True,False,False,,-1,33.0016,1000
2026-06-19 00:48:16,99,W+7.5,9,True,False,False,,-1,32.9989,1000
2026-06-19 00:48:50,113,W+28.5,4,True,False,False,,-1,32.8382,1000
2026-06-19 00:49:27,137,B+13.5,15,True,False,False,,-1,32.8698,1000
2026-06-19 00:49:58,116,W+1.5,8,True,False,False,,-1,32.7368,1000
2026-06-19 00:50:15,68,W+15.5,2,True,False,False,,-1,32.4786,1000
2026-06-19 00:50:46,110,B+1.5,7,True,False,False,,-1,32.4687,1000
2026-06-19 00:51:16,122,B+3.5,17,True,False,False,,-1,32.3778,1000
2026-06-19 00:51:46,112,B+2.5,6,True,False,False,,-1,32.4098,1000
2026-06-19 00:52:18,118,B+1.5,14,True,False,False,,-1,32.4964,1000
2026-06-19 00:52:51,121,W+3.5,12,True,False,False,,-1,32.5919,1000
2026-06-19 00:53:29,140,W+5.5,21,True,False,False,,-1,32.5083,1000
2026-06-19 00:54:00,110,B+0.5,5,True,False,False,,-1,32.4868,1000
2026-06-19 00:54:06,20,W+7.5,2,True,False,False,,-1,32.2066,1000
2026-06-19 00:54:34,111,W+0.5,15,True,False,False,,-1,32.1837,1000
2026-06-19 00:55:06,108,B+0.5,5,True,False,False,,-1,32.1383,1000
2026-06-19 00:55:50,162,W+16.5,20,True,False,False,,-1,32.4289,1000
2026-06-19 00:56:21,114,B+1.5,5,True,False,False,,-1,32.4272,1000
2026-06-19 00:56:55,118,B+4.5,10,True,False,False,,-1,32.4246,1000
2026-06-19 00:57:26,110,B+0.5,4,True,False,False,,-1,32.5437,1000
2026-06-19 00:57:56,109,W+0.5,15,True,False,False,,-1,32.455,1000
2026-06-19 00:58:26,102,W+2.5,2,True,False,False,,-1,32.4826,1000
2026-06-19 00:58:54,106,B+0.5,9,True,False,False,,-1,32.268,1000
2026-06-19 00:59:30,131,W+0.5,10,True,False,False,,-1,32.127,1000
2026-06-19 01:00:12,161,W+31.5,17,True,False,False,,-1,32.2884,1000
2026-06-19 01:00:39,110,B+1.5,10,True,False,False,,-1,32.3221,1000
2026-06-19 01:01:06,109,W+7.5,14,True,False,False,,-1,32.0945,1000
2026-06-19 01:01:21,58,W+10.5,3,True,False,False,,-1,31.9493,1000
2026-06-19 01:01:47,97,W+0.5,7,True,False,False,,-1,31.731,1000
2026-06-19 01:02:17,108,W+4.5,7,True,False,False,,-1,31.6148,1000
2026-06-19 01:02:48,120,B+3.5,16,True,False,False,,-1,31.6527,1000
2026-06-19 01:03:16,116,B+9.5,13,True,False,False,,-1,31.6061,1000
2026-06-19 01:03:49,120,B+1.5,11,True,False,False,,-1,31.5658,1000
2026-06-19 01:04:02,49,B+3.5,2,True,False,False,,-1,31.1816,1000
2026-06-19 01:04:34,120,B+3.5,14,True,False,False,,-1,31.1893,1000
2026-06-19 01:05:04,106,B+1.5,8,True,False,False,,-1,31.1598,1000
2026-06-19 01:05:36,118,B+7.5,11,True,False,False,,-1,31.1012,1000
2026-06-19 01:06:02,97,B+4.5,8,True,False,False,,-1,30.9482,1000
2026-06-19 01:06:28,92,W+18.5,2,True,False,False,,-1,30.7019,1000
2026-06-19 01:06:59,119,W+0.5,11,True,False,False,,-1,30.6843,1000
2026-06-19 01:07:32,118,B+1.5,9,True,False,False,,-1,30.6364,1000
2026-06-19 01:07:59,95,W+0.5,7,True,False,False,,-1,30.6367,1000
2026-06-19 01:08:29,117,W+10.5,11,True,False,False,,-1,30.3888,1000
2026-06-19 01:09:06,161,W+10.5,30,True,False,False,,-1,30.2611,1000
2026-06-19 01:09:35,103,W+27.5,6,True,False,False,,-1,30.1112,1000
2026-06-19 01:09:42,22,W+7.5,2,True,False,False,,-1,29.9712,1000
2026-06-19 01:10:03,73,B+2.5,3,True,False,False,,-1,29.8602,1000
2026-06-19 01:10:33,117,W+3.5,13,True,False,False,,-1,30.0601,1000
2026-06-19 01:11:01,108,B+2.5,9,True,False,False,,-1,30.1367,1000
2026-06-19 01:11:26,90,W+22.5,2,True,False,False,,-1,29.8681,1000
2026-06-19 01:12:00,116,B+1.5,7,True,False,False,,-1,29.9305,1000
2026-06-19 01:12:17,65,B+1.5,2,True,False,False,,-1,29.7826,1000
2026-06-19 01:12:48,103,W+2.5,10,True,False,False,,-1,29.5552,1000
2026-06-19 01:13:21,118,B+3.5,8,True,False,False,,-1,29.4461,1000
2026-06-19 01:13:48,105,W+19.5,10,True,False,False,,-1,29.3807,1000
2026-06-19 01:14:23,133,W+38.5,14,True,False,False,,-1,29.6189,1000
2026-06-19 01:14:51,99,B+11.5,7,True,False,False,,-1,29.5492,1000
2026-06-19 01:15:30,126,B+0.5,12,True,False,False,,-1,29.6267,1000
2026-06-19 01:16:03,143,B+9.5,20,True,False,False,,-1,29.6313,1000
2026-06-19 01:16:34,120,B+2.5,9,True,False,False,,-1,29.6547,1000
2026-06-19 01:17:04,112,B+0.5,8,True,False,False,,-1,29.6229,1000
2026-06-19 01:17:37,107,B+3.5,8,True,False,False,,-1,29.5501,1000
2026-06-19 01:18:04,98,B+2.5,7,True,False,False,,-1,29.477,1000
2026-06-19 01:18:31,101,W+2.5,5,True,False,False,,-1,29.4792,1000
2026-06-19 01:19:03,110,B+1.5,11,True,False,False,,-1,29.6023,1000
2026-06-19 01:19:30,96,W+1.5,10,True,False,False,,-1,29.3675,1000
2026-06-19 01:20:03,117,W+5.5,11,True,False,False,,-1,29.5982,1000
2026-06-19 01:20:34,118,B+1.5,11,True,False,False,,-1,29.6012,1000
2026-06-19 01:21:02,100,B+5.5,8,True,False,False,,-1,29.5524,1000
2026-06-19 01:21:34,114,B+1.5,9,True,False,False,,-1,29.6771,1000
2026-06-19 01:22:08,127,B+23.5,14,True,False,False,,-1,29.6618,1000
2026-06-19 01:22:34,95,W+8.5,10,True,False,False,,-1,29.588,1000
2026-06-19 01:23:02,114,B+1.5,14,True,False,False,,-1,29.543,1000
2026-06-19 01:23:32,111,W+2.5,15,True,False,False,,-1,29.4611,1000
2026-06-19 01:24:04,112,B+3.5,9,True,False,False,,-1,29.5704,1000
2026-06-19 01:24:34,109,W+2.5,10,True,False,False,,-1,29.5642,1000
2026-06-19 01:24:58,99,W+6.5,12,True,False,False,,-1,29.6248,1000
2026-06-19 01:25:27,110,B+1.5,14,True,False,False,,-1,29.6425,1000
2026-06-19 01:25:42,60,W+8.5,2,True,False,False,,-1,29.278,1000
2026-06-19 01:26:08,102,B+2.5,8,True,False,False,,-1,29.1044,1000
2026-06-19 01:26:44,140,B+1.5,18,True,False,False,,-1,29.1076,1000
2026-06-19 01:26:52,30,W+7.5,2,True,False,False,,-1,28.8611,1000
2026-06-19 01:27:19,97,W+0.5,6,True,False,False,,-1,29.073,1000
2026-06-19 01:27:53,122,B+1.5,15,True,False,False,,-1,28.9038,1000
2026-06-19 01:28:22,114,B+1.5,14,True,False,False,,-1,28.9916,1000
2026-06-19 01:28:50,104,B+2.5,5,True,False,False,,-1,28.9735,1000
2026-06-19 01:29:19,105,W+2.5,8,True,False,False,,-1,28.968,1000
2026-06-19 01:29:46,101,W+0.5,6,True,False,False,,-1,28.9282,1000
2026-06-19 01:30:19,117,W+8.5,16,True,False,False,,-1,28.9818,1000
2026-06-19 01:30:56,155,B+0.5,17,True,False,False,,-1,29.0117,1000
2026-06-19 01:31:21,98,B+1.5,4,True,False,False,,-1,28.8992,1000
2026-06-19 01:31:52,117,W+15.5,15,True,False,False,,-1,29.0681,1000
2026-06-19 01:32:23,114,B+0.5,8,True,False,False,,-1,29.0631,1000
2026-06-19 01:32:50,96,B+7.5,9,True,False,False,,-1,29.0655,1000
2026-06-19 01:33:23,122,B+0.5,11,True,False,False,,-1,29.2494,1000
2026-06-19 01:33:59,129,W+4.5,14,True,False,False,,-1,29.1889,1000
2026-06-19 01:34:37,141,W+9.5,20,True,False,False,,-1,29.271,1000
2026-06-19 01:35:10,113,W+0.5,19,True,False,False,,-1,29.2933,1000
2026-06-19 01:35:16,20,W+7.5,2,True,False,False,,-1,29.0072,1000
2026-06-19 01:35:42,102,B+2.5,6,True,False,False,,-1,29.0074,1000
2026-06-19 01:35:56,50,W+7.5,2,True,False,False,,-1,28.8664,1000
2026-06-19 01:36:26,115,B+7.5,13,True,False,False,,-1,28.893,1000
2026-06-19 01:36:58,120,B+2.5,9,True,False,False,,-1,28.878,1000
2026-06-19 01:37:25,101,W+4.5,16,True,False,False,,-1,28.776,1000
2026-06-19 01:37:52,109,W+3.5,14,True,False,False,,-1,28.7404,1000
2026-06-19 01:38:23,112,B+1.5,12,True,False,False,,-1,28.8782,1000
2026-06-19 01:38:39,68,W+9.5,3,True,False,False,,-1,28.7325,1000
2026-06-19 01:39:10,110,B+0.5,7,True,False,False,,-1,28.734,1000
2026-06-19 01:39:38,116,B+3.5,13,True,False,False,,-1,28.7239,1000
2026-06-19 01:40:11,123,W+0.5,11,True,False,False,,-1,28.722,1000
2026-06-19 01:40:38,107,W+2.5,10,True,False,False,,-1,28.6666,1000
2026-06-19 01:41:08,119,W+5.5,16,True,False,False,,-1,28.5847,1000
2026-06-19 01:41:48,156,B+1.5,21,True,False,False,,-1,28.6783,1000
2026-06-19 01:42:16,109,W+12.5,14,True,False,False,,-1,28.9039,1000
2026-06-19 01:42:48,109,B+1.5,4,True,False,False,,-1,28.9456,1000
2026-06-19 01:43:15,111,W+12.5,11,True,False,False,,-1,28.8875,1000
2026-06-19 01:43:48,127,W+12.5,17,True,False,False,,-1,28.7837,1000
2026-06-19 01:44:11,78,W+26.5,3,True,False,False,,-1,28.6931,1000
2026-06-19 01:44:29,68,W+19.5,2,True,False,False,,-1,28.5401,1000
2026-06-19 01:44:56,98,B+1.5,8,True,False,False,,-1,28.5028,1000
2026-06-19 01:45:21,101,W+0.5,8,True,False,False,,-1,28.4532,1000
2026-06-19 01:45:37,56,W+5.5,2,True,False,False,,-1,28.3076,1000
2026-06-19 01:46:08,121,B+6.5,17,True,False,False,,-1,28.3379,1000
2026-06-19 01:46:39,111,W+20.5,9,True,False,False,,-1,28.2793,1000
2026-06-19 01:47:09,105,W+4.5,10,True,False,False,,-1,28.1723,1000
2026-06-19 01:47:15,22,W+7.5,2,True,False,False,,-1,27.9564,1000
2026-06-19 01:47:44,108,B+1.5,7,True,False,False,,-1,27.9702,1000
2026-06-19 01:48:11,102,W+20.5,2,True,False,False,,-1,28.0964,1000
2026-06-19 01:48:44,121,W+5.5,10,True,False,False,,-1,28.1625,1000
2026-06-19 01:49:14,103,B+5.5,4,True,False,False,,-1,28.1721,1000
2026-06-19 01:49:50,135,W+6.5,14,True,False,False,,-1,28.211,1000
2026-06-19 01:50:20,107,W+0.5,10,True,False,False,,-1,28.2389,1000
2026-06-19 01:50:51,116,W+3.5,17,True,False,False,,-1,28.2162,1000
2026-06-19 01:51:29,147,W+0.5,18,True,False,False,,-1,28.4671,1000
2026-06-19 01:52:01,111,B+4.5,5,True,False,False,,-1,28.4652,1000
2026-06-19 01:52:36,150,B+11.5,21,True,False,False,,-1,28.5162,1000
2026-06-19 01:53:10,129,W+2.5,11,True,False,False,,-1,28.5398,1000
2026-06-19 01:53:40,107,W+1.5,9,True,False,False,,-1,28.5723,1000
2026-06-19 01:54:11,115,W+5.5,12,True,False,False,,-1,28.6231,1000
2026-06-19 01:54:44,125,W+0.5,15,True,False,False,,-1,28.6429,1000
2026-06-19 01:55:11,115,W+2.5,15,True,False,False,,-1,28.5874,1000
2026-06-19 01:55:34,99,W+5.5,12,True,False,False,,-1,28.5506,1000
2026-06-19 01:56:10,128,B+4.5,12,True,False,False,,-1,28.6001,1000
2026-06-19 01:56:37,108,B+4.5,12,True,False,False,,-1,28.5013,1000
2026-06-19 01:56:50,48,W+4.5,2,True,False,False,,-1,28.3513,1000
2026-06-19 01:57:16,96,W+14.5,4,True,False,False,,-1,28.536,1000
2026-06-19 01:57:47,111,W+2.5,8,True,False,False,,-1,28.6412,1000
2026-06-19 01:58:11,85,B+5.5,3,True,False,False,,-1,28.5766,1000
2026-06-19 01:58:41,117,W+0.5,18,True,False,False,,-1,28.601,1000
2026-06-19 01:59:09,109,W+0.5,8,True,False,False,,-1,28.6219,1000
2026-06-19 01:59:46,134,B+1.5,17,True,False,False,,-1,28.6557,1000
2026-06-19 02:00:16,109,B+0.5,14,True,False,False,,-1,28.7854,1000
2026-06-19 02:00:46,101,W+3.5,8,True,False,False,,-1,28.7803,1000
2026-06-19 02:01:21,125,W+18.5,17,True,False,False,,-1,28.7982,1000
2026-06-19 02:01:49,103,W+0.5,10,True,False,False,,-1,28.8106,1000
2026-06-19 02:02:01,40,W+6.5,2,True,False,False,,-1,28.5734,1000
2026-06-19 02:02:27,104,B+2.5,13,True,False,False,,-1,28.5617,1000
2026-06-19 02:03:00,117,W+5.5,12,True,False,False,,-1,28.4947,1000
2026-06-19 02:03:29,105,W+0.5,9,True,False,False,,-1,28.4545,1000
2026-06-19 02:04:08,150,B+5.5,19,True,False,False,,-1,28.5382,1000
2026-06-19 02:04:41,129,B+3.5,7,True,False,False,,-1,28.5705,1000
2026-06-19 02:05:10,115,B+4.5,9,True,False,False,,-1,28.5312,1000
2026-06-19 02:05:36,94,B+0.5,10,True,False,False,,-1,28.5242,1000
2026-06-19 02:06:14,128,B+1.5,9,True,False,False,,-1,28.6237,1000
2026-06-19 02:06:50,130,B+5.5,12,True,False,False,,-1,28.6652,1000
2026-06-19 02:06:58,30,W+7.5,2,True,False,False,,-1,28.4778,1000
2026-06-19 02:07:39,152,B+4.5,24,True,False,False,,-1,28.5564,1000
2026-06-19 02:08:13,131,B+5.5,18,True,False,False,,-1,28.5869,1000
2026-06-19 02:08:41,102,B+2.5,7,True,False,False,,-1,28.5905,1000
2026-06-19 02:09:07,100,B+2.5,7,True,False,False,,-1,28.5269,1000
2026-06-19 02:09:34,102,B+2.5,10,True,False,False,,-1,28.4591,1000
2026-06-19 02:10:07,125,W+13.5,16,True,False,False,,-1,28.5263,1000
2026-06-19 02:10:21,62,W+5.5,2,True,False,False,,-1,28.3921,1000
2026-06-19 02:10:51,95,B+1.5,6,True,False,False,,-1,28.3835,1000
2026-06-19 02:11:08,60,W+3.5,2,True,False,False,,-1,28.2297,1000
2026-06-19 02:11:45,140,B+0.5,18,True,False,False,,-1,28.3085,1000
2026-06-19 02:12:14,103,W+6.5,13,True,False,False,,-1,28.355,1000
2026-06-19 02:12:42,109,W+0.5,7,True,False,False,,-1,28.3521,1000
2026-06-19 02:13:20,160,B+7.5,20,True,False,False,,-1,28.5833,1000
2026-06-19 02:13:51,110,B+0.5,4,True,False,False,,-1,28.6314,1000
2026-06-19 02:14:15,90,W+25.5,3,True,False,False,,-1,28.5073,1000
2026-06-19 02:14:46,115,W+1.5,12,True,False,False,,-1,28.7347,1000
2026-06-19 02:15:05,68,W+13.5,3,True,False,False,,-1,28.6574,1000
2026-06-19 02:15:44,154,B+16.5,23,True,False,False,,-1,28.7043,1000
2026-06-19 02:16:16,120,B+1.5,13,True,False,False,,-1,28.7386,1000
2026-06-19 02:17:00,159,W+31.5,21,True,False,False,,-1,28.8968,1000
2026-06-19 02:17:08,28,W+6.5,2,True,False,False,,-1,28.69,1000
2026-06-19 02:17:39,112,B+2.5,7,True,False,False,,-1,28.726,1000
2026-06-19 02:18:11,102,B+0.5,7,True,False,False,,-1,28.7136,1000
2026-06-19 02:18:48,132,B+1.5,11,True,False,False,,-1,28.7137,1000
2026-06-19 02:19:19,113,W+2.5,3,True,False,False,,-1,28.7735,1000
2026-06-19 02:19:51,127,W+0.5,22,True,False,False,,-1,28.7876,1000
2026-06-19 02:20:21,107,W+3.5,8,True,False,False,,-1,28.7808,1000
2026-06-19 02:20:52,118,B+3.5,9,True,False,False,,-1,28.8241,1000
2026-06-19 02:21:16,84,W+10.5,3,True,False,False,,-1,28.7293,1000
2026-06-19 02:21:47,117,W+2.5,12,True,False,False,,-1,28.6803,1000
2026-06-19 02:22:15,106,B+0.5,11,True,False,False,,-1,28.5758,1000
2026-06-19 02:22:56,144,B+0.5,10,True,False,False,,-1,28.6514,1000
2026-06-19 02:23:29,123,W+0.5,11,True,False,False,,-1,28.9342,1000
2026-06-19 02:23:49,74,W+22.5,2,True,False,False,,-1,28.8693,1000
2026-06-19 02:24:23,117,W+2.5,11,True,False,False,,-1,29.0745,1000
2026-06-19 02:24:50,100,B+2.5,9,True,False,False,,-1,29.0366,1000
2026-06-19 02:25:33,160,B+24.5,21,True,False,False,,-1,29.145,1000
2026-06-19 02:26:01,105,B+3.5,4,True,False,False,,-1,29.1607,1000
2026-06-19 02:26:30,101,W+0.5,6,True,False,False,,-1,29.1699,1000
2026-06-19 02:27:02,128,B+4.5,16,True,False,False,,-1,29.1902,1000
2026-06-19 02:27:28,89,B+0.5,3,True,False,False,,-1,29.2816,1000
2026-06-19 02:28:02,121,W+4.5,12,True,False,False,,-1,29.3249,1000
2026-06-19 02:28:34,119,W+2.5,16,True,False,False,,-1,29.3553,1000
2026-06-19 02:29:12,144,B+29.5,16,True,False,False,,-1,29.4064,1000
2026-06-19 02:29:22,40,W+5.5,2,True,False,False,,-1,29.2398,1000
2026-06-19 02:29:55,115,W+6.5,14,True,False,False,,-1,29.2712,1000
2026-06-19 02:30:10,54,W+6.5,2,True,False,False,,-1,29.0181,1000
2026-06-19 02:30:40,103,W+1.5,12,True,False,False,,-1,29.033,1000
2026-06-19 02:31:13,124,B+2.5,15,True,False,False,,-1,29.0421,1000
2026-06-19 02:31:40,108,W+1.5,14,True,False,False,,-1,29.0453,1000
2026-06-19 02:32:20,140,B+4.5,16,True,False,False,,-1,29.113,1000
2026-06-19 02:32:50,109,W+3.5,12,True,False,False,,-1,29.188,1000
2026-06-19 02:33:20,118,W+9.5,7,True,False,False,,-1,29.3112,1000
2026-06-19 02:33:53,120,B+2.5,9,True,False,False,,-1,29.3624,1000
2026-06-19 02:34:36,159,W+1.5,28,True,False,False,,-1,29.5507,1000
2026-06-19 02:35:18,162,B+1.5,24,True,False,False,,-1,29.8056,1000
2026-06-19 02:35:42,95,W+2.5,10,True,False,False,,-1,29.7388,1000
2026-06-19 02:35:49,22,W+8.5,2,True,False,False,,-1,29.5015,1000
2026-06-19 02:36:18,111,W+0.5,13,True,False,False,,-1,29.4881,1000
2026-06-19 02:36:46,101,W+10.5,8,True,False,False,,-1,29.7063,1000
2026-06-19 02:37:16,114,B+0.5,7,True,False,False,,-1,29.7209,1000
2026-06-19 02:37:44,95,W+4.5,9,True,False,False,,-1,29.7237,1000
2026-06-19 02:38:19,121,W+0.5,11,True,False,False,,-1,29.7541,1000
2026-06-19 02:38:49,111,W+2.5,10,True,False,False,,-1,29.7485,1000
2026-06-19 02:39:19,102,B+2.5,11,True,False,False,,-1,29.6907,1000
2026-06-19 02:39:51,120,B+2.5,10,True,False,False,,-1,29.7058,1000
2026-06-19 02:40:32,159,W+6.5,23,True,False,False,,-1,29.8079,1000
2026-06-19 02:41:01,107,W+0.5,12,True,False,False,,-1,29.7099,1000
2026-06-19 02:41:27,117,W+0.5,9,True,False,False,,-1,29.6654,1000
2026-06-19 02:41:58,114,B+0.5,11,True,False,False,,-1,29.6195,1000
2026-06-19 02:42:29,125,W+3.5,20,True,False,False,,-1,29.5887,1000
2026-06-19 02:42:56,104,B+9.5,5,True,False,False,,-1,29.5606,1000
2026-06-19 02:43:29,133,W+4.5,17,True,False,False,,-1,29.5829,1000
2026-06-19 02:43:56,96,B+5.5,7,True,False,False,,-1,29.5196,1000
2026-06-19 02:44:32,128,B+1.5,7,True,False,False,,-1,29.6054,1000
2026-06-19 02:45:05,124,B+1.5,8,True,False,False,,-1,29.7096,1000
2026-06-19 02:45:29,82,W+25.5,2,True,False,False,,-1,29.5909,1000
2026-06-19 02:46:00,118,B+1.5,11,True,False,False,,-1,29.6278,1000
2026-06-19 02:46:28,111,W+0.5,7,True,False,False,,-1,29.7831,1000
2026-06-19 02:46:56,107,W+19.5,9,True,False,False,,-1,29.8066,1000
2026-06-19 02:47:11,56,W+10.5,2,True,False,False,,-1,29.6339,1000
2026-06-19 02:47:41,109,W+3.5,8,True,False,False,,-1,29.6953,1000
2026-06-19 02:48:14,124,B+7.5,16,True,False,False,,-1,29.7222,1000
2026-06-19 02:48:28,54,W+12.5,2,True,False,False,,-1,29.5942,1000
2026-06-19 02:48:58,106,B+1.5,8,True,False,False,,-1,29.5161,1000
2026-06-19 02:49:31,113,W+1.5,13,True,False,False,,-1,29.5455,1000
2026-06-19 02:50:01,107,W+8.5,9,True,False,False,,-1,29.5496,1000
2026-06-19 02:50:39,140,B+2.5,25,True,False,False,,-1,29.5738,1000
2026-06-19 02:51:06,101,W+5.5,11,True,False,False,,-1,29.5628,1000
2026-06-19 02:51:13,24,W+7.5,2,True,False,False,,-1,29.5171,1000
2026-06-19 02:51:40,101,W+0.5,8,True,False,False,,-1,29.5212,1000
2026-06-19 02:52:13,119,W+0.5,10,True,False,False,,-1,29.5317,1000
2026-06-19 02:52:45,112,B+4.5,12,True,False,False,,-1,29.5563,1000
2026-06-19 02:53:15,117,W+0.5,10,True,False,False,,-1,29.4696,1000
2026-06-19 02:53:43,104,W+23.5,6,True,False,False,,-1,29.4164,1000
2026-06-19 02:54:22,138,B+7.5,8,True,False,False,,-1,29.5161,1000
2026-06-19 02:54:52,108,B+1.5,11,True,False,False,,-1,29.5499,1000
2026-06-19 02:55:35,161,W+13.5,24,True,False,False,,-1,29.6124,1000
2026-06-19 02:56:10,129,W+0.5,15,True,False,False,,-1,29.6026,1000
2026-06-19 02:56:41,121,W+0.5,10,True,False,False,,-1,29.8221,1000
2026-06-19 02:57:11,105,W+9.5,8,True,False,False,,-1,29.7249,1000
2026-06-19 02:57:40,101,W+14.5,9,True,False,False,,-1,29.6659,1000
2026-06-19 02:58:08,105,B+5.5,2,True,False,False,,-1,29.6685,1000
2026-06-19 02:58:42,134,B+0.5,14,True,False,False,,-1,29.741,1000
2026-06-19 02:59:22,157,W+18.5,29,True,False,False,,-1,29.8733,1000
2026-06-19 02:59:30,32,W+7.5,2,True,False,False,,-1,29.6355,1000
2026-06-19 03:00:04,123,W+0.5,17,True,False,False,,-1,29.8262,1000
2026-06-19 03:00:41,135,W+1.5,20,True,False,False,,-1,29.8988,1000
2026-06-19 03:01:10,105,W+0.5,10,True,False,False,,-1,30.0203,1000
2026-06-19 03:01:37,98,B+2.5,8,True,False,False,,-1,29.9145,1000
2026-06-19 03:02:10,124,B+6.5,11,True,False,False,,-1,29.9621,1000
2026-06-19 03:02:41,119,W+15.5,8,True,False,False,,-1,29.9838,1000
2026-06-19 03:03:10,105,W+0.5,5,True,False,False,,-1,29.8954,1000
2026-06-19 03:03:43,121,W+6.5,13,True,False,False,,-1,29.9179,1000
2026-06-19 03:04:24,157,W+0.5,18,True,False,False,,-1,30.088,1000
2026-06-19 03:04:48,81,B+4.5,3,True,False,False,,-1,30.0172,1000
2026-06-19 03:05:21,123,W+12.5,13,True,False,False,,-1,30.1549,1000
2026-06-19 03:05:49,109,W+0.5,12,True,False,False,,-1,30.0492,1000
2026-06-19 03:06:17,114,B+3.5,9,True,False,False,,-1,30.0055,1000
2026-06-19 03:06:53,139,W+0.5,17,True,False,False,,-1,29.9297,1000
2026-06-19 03:07:21,106,B+14.5,5,True,False,False,,-1,30.1266,1000
2026-06-19 03:07:49,104,W+5.5,7,True,False,False,,-1,30.0995,1000
2026-06-19 03:08:13,77,B+3.5,2,True,False,False,,-1,30.0176,1000
2026-06-19 03:08:45,124,B+9.5,16,True,False,False,,-1,29.9706,1000
2026-06-19 03:08:55,38,W+6.5,2,True,False,False,,-1,29.7643,1000
2026-06-19 03:09:24,107,W+0.5,12,True,False,False,,-1,29.7336,1000
2026-06-19 03:09:56,117,W+1.5,13,True,False,False,,-1,29.7462,1000
2026-06-19 03:10:21,99,W+5.5,10,True,False,False,,-1,29.6887,1000
2026-06-19 03:10:56,113,W+3.5,11,True,False,False,,-1,29.8017,1000
2026-06-19 03:11:39,162,B+1.5,24,True,False,False,,-1,29.9131,1000
2026-06-19 03:12:11,122,B+0.5,9,True,False,False,,-1,29.9574,1000
2026-06-19 03:12:43,120,B+14.5,10,True,False,False,,-1,29.8696,1000
2026-06-19 03:13:13,102,W+19.5,7,True,False,False,,-1,29.8354,1000
2026-06-19 03:13:40,100,B+6.5,9,True,False,False,,-1,29.9042,1000
2026-06-19 03:14:10,111,B+3.5,5,True,False,False,,-1,29.8659,1000
2026-06-19 03:14:37,98,W+18.5,6,True,False,False,,-1,29.8725,1000
2026-06-19 03:15:15,130,B+0.5,12,True,False,False,,-1,29.8139,1000
2026-06-19 03:15:51,141,W+1.5,14,True,False,False,,-1,29.8963,1000
2026-06-19 03:16:22,106,B+1.5,9,True,False,False,,-1,29.9245,1000
2026-06-19 03:16:58,130,B+5.5,11,True,False,False,,-1,29.9554,1000
2026-06-19 03:17:11,50,W+11.5,2,True,False,False,,-1,29.8341,1000
2026-06-19 03:17:42,113,B+19.5,4,True,False,False,,-1,29.7967,1000
2026-06-19 03:18:13,116,B+10.5,9,True,False,False,,-1,29.7907,1000
2026-06-19 03:18:42,113,W+0.5,15,True,False,False,,-1,29.6979,1000
2026-06-19 03:19:10,106,B+3.5,12,True,False,False,,-1,29.8788,1000
2026-06-19 03:19:30,71,B+1.5,2,True,False,False,,-1,29.7405,1000
2026-06-19 03:20:05,130,B+4.5,18,True,False,False,,-1,29.9546,1000
2026-06-19 03:20:12,24,W+7.5,2,True,False,False,,-1,29.7169,1000
2026-06-19 03:20:38,105,W+16.5,12,True,False,False,,-1,29.6466,1000
2026-06-19 03:20:58,74,W+5.5,3,True,False,False,,-1,29.5835,1000
2026-06-19 03:21:28,107,W+3.5,13,True,False,False,,-1,29.4811,1000
2026-06-19 03:21:39,38,W+8.5,2,True,False,False,,-1,29.2849,1000
2026-06-19 03:22:18,152,W+1.5,25,True,False,False,,-1,29.3695,1000
2026-06-19 03:22:27,38,W+6.5,2,True,False,False,,-1,29.144,1000
2026-06-19 03:22:59,112,B+0.5,9,True,False,False,,-1,29.0275,1000
2026-06-19 03:23:34,117,W+9.5,7,True,False,False,,-1,28.9582,1000
2026-06-19 03:24:14,156,B+2.5,30,True,False,False,,-1,29.1143,1000
2026-06-19 03:24:46,111,W+1.5,9,True,False,False,,-1,29.3724,1000
2026-06-19 03:25:17,118,B+4.5,18,True,False,False,,-1,29.385,1000
2026-06-19 03:25:44,100,B+2.5,7,True,False,False,,-1,29.3776,1000
2026-06-19 03:26:16,120,B+0.5,10,True,False,False,,-1,29.4036,1000
2026-06-19 03:26:48,123,W+2.5,19,True,False,False,,-1,29.4415,1000
2026-06-19 03:27:05,64,W+5.5,2,True,False,False,,-1,29.2538,1000
2026-06-19 03:27:31,96,B+1.5,9,True,False,False,,-1,29.2164,1000
2026-06-19 03:27:58,102,B+1.5,6,True,False,False,,-1,29.1845,1000
2026-06-19 03:28:33,130,B+3.5,9,True,False,False,,-1,29.2202,1000
2026-06-19 03:29:08,127,W+0.5,16,True,False,False,,-1,29.1622,1000
2026-06-19 03:29:39,119,W+10.5,9,True,False,False,,-1,29.1868,1000
2026-06-19 03:30:11,113,W+1.5,11,True,False,False,,-1,29.2337,1000
2026-06-19 03:30:34,80,W+1.5,2,True,False,False,,-1,29.1534,1000
2026-06-19 03:31:03,101,B+8.5,4,True,False,False,,-1,29.1346,1000
2026-06-19 03:31:36,113,W+1.5,14,True,False,False,,-1,29.1943,1000
2026-06-19 03:32:06,115,W+2.5,6,True,False,False,,-1,29.1694,1000
2026-06-19 03:32:13,24,W+11.5,2,True,False,False,,-1,28.9686,1000
2026-06-19 03:32:56,162,B+0.5,27,True,False,False,,-1,29.042,1000
2026-06-19 03:33:24,93,B+11.5,7,True,False,False,,-1,28.9819,1000
2026-06-19 03:33:54,111,W+0.5,13,True,False,False,,-1,29.0498,1000
2026-06-19 03:34:14,78,W+16.5,3,True,False,False,,-1,28.9457,1000
2026-06-19 03:34:42,98,B+4.5,6,True,False,False,,-1,28.9329,1000
2026-06-19 03:35:26,162,W+1.5,31,True,False,False,,-1,29.0892,1000
2026-06-19 03:35:39,46,W+7.5,2,True,False,False,,-1,29.0767,1000
2026-06-19 03:35:58,73,B+0.5,2,True,False,False,,-1,28.9708,1000
2026-06-19 03:36:24,94,B+4.5,7,True,False,False,,-1,28.9034,1000
2026-06-19 03:36:56,119,W+0.5,15,True,False,False,,-1,29.0785,1000
2026-06-19 03:37:28,123,W+1.5,10,True,False,False,,-1,29.0965,1000
2026-06-19 03:37:42,54,W+9.5,2,True,False,False,,-1,28.9062,1000
2026-06-19 03:38:09,105,W+2.5,8,True,False,False,,-1,28.881,1000
2026-06-19 03:38:39,116,B+5.5,12,True,False,False,,-1,28.7986,1000
2026-06-19 03:39:07,100,B+1.5,8,True,False,False,,-1,28.8112,1000
2026-06-19 03:39:37,108,B+13.5,7,True,False,False,,-1,29.0385,1000
2026-06-19 03:39:51,54,W+11.5,2,True,False,False,,-1,28.9152,1000
2026-06-19 03:40:16,88,B+0.5,4,True,False,False,,-1,28.8247,1000
2026-06-19 03:40:56,154,W+2.5,30,True,False,False,,-1,28.9135,1000
2026-06-19 03:41:22,95,W+8.5,6,True,False,False,,-1,28.8664,1000
2026-06-19 03:41:54,114,B+5.5,12,True,False,False,,-1,28.9063,1000
2026-06-19 03:42:23,117,W+0.5,20,True,False,False,,-1,28.8115,1000
2026-06-19 03:43:04,159,B+0.5,33,True,False,False,,-1,28.9209,1000
2026-06-19 03:43:16,44,W+7.5,3,True,False,False,,-1,28.6047,1000
2026-06-19 03:43:39,82,W+20.5,3,True,False,False,,-1,28.4909,1000
2026-06-19 03:44:12,121,W+1.5,13,True,False,False,,-1,28.5144,1000
2026-06-19 03:44:42,112,B+3.5,12,True,False,False,,-1,28.5083,1000
2026-06-19 03:44:59,60,W+6.5,3,True,False,False,,-1,28.3931,1000
2026-06-19 03:45:26,104,B+2.5,8,True,False,False,,-1,28.3789,1000
2026-06-19 03:46:03,128,W+10.5,11,True,False,False,,-1,28.4071,1000
2026-06-19 03:46:30,108,B+0.5,10,True,False,False,,-1,28.28,1000
2026-06-19 03:46:59,105,W+0.5,5,True,False,False,,-1,28.4843,1000
2026-06-19 03:47:28,105,W+3.5,9,True,False,False,,-1,28.4398,1000
2026-06-19 03:48:01,125,W+1.5,14,True,False,False,,-1,28.4042,1000
2026-06-19 03:48:28,90,B+2.5,5,True,False,False,,-1,28.374,1000
2026-06-19 03:49:03,131,W+5.5,17,True,False,False,,-1,28.4542,1000
2026-06-19 03:49:29,103,B+2.5,9,True,False,False,,-1,28.3809,1000
2026-06-19 03:49:57,106,W+1.5,7,True,False,False,,-1,28.362,1000
2026-06-19 03:50:24,96,W+14.5,6,True,False,False,,-1,28.3372,1000
2026-06-19 03:50:59,120,B+1.5,9,True,False,False,,-1,28.3581,1000
2026-06-19 03:51:34,121,W+3.5,6,True,False,False,,-1,28.3038,1000
2026-06-19 03:52:14,161,W+0.5,26,True,False,False,,-1,28.4576,1000
2026-06-19 03:52:42,100,W+8.5,7,True,False,False,,-1,28.4112,1000
2026-06-19 03:53:23,158,B+1.5,26,True,False,False,,-1,28.5445,1000
2026-06-19 03:53:53,111,W+0.5,8,True,False,False,,-1,28.5529,1000
2026-06-19 03:54:23,111,W+0.5,14,True,False,False,,-1,28.4949,1000
2026-06-19 03:54:51,113,W+0.5,10,True,False,False,,-1,28.5036,1000
2026-06-19 03:55:17,98,B+1.5,7,True,False,False,,-1,28.4774,1000
2026-06-19 03:55:52,137,W+0.5,18,True,False,False,,-1,28.5882,1000
2026-06-19 03:56:26,118,B+1.5,4,True,False,False,,-1,28.6049,1000
2026-06-19 03:56:54,105,W+1.5,5,True,False,False,,-1,28.7896,1000
2026-06-19 03:57:26,119,W+2.5,15,True,False,False,,-1,28.8152,1000
2026-06-19 03:57:57,113,W+6.5,5,True,False,False,,-1,28.8144,1000
2026-06-19 03:58:21,93,B+0.5,8,True,False,False,,-1,28.7965,1000
2026-06-19 03:58:54,121,W+6.5,11,True,False,False,,-1,28.7725,1000
2026-06-19 03:59:19,97,B+0.5,5,True,False,False,,-1,28.5968,1000
2026-06-19 03:59:52,115,W+0.5,12,True,False,False,,-1,28.6109,1000
2026-06-19 04:00:20,106,B+1.5,8,True,False,False,,-1,28.5668,1000
2026-06-19 04:00:54,126,B+7.5,21,True,False,False,,-1,28.611,1000
2026-06-19 04:01:22,100,B+6.5,8,True,False,False,,-1,28.6222,1000
2026-06-19 04:01:49,105,B+1.5,10,True,False,False,,-1,28.5889,1000
2026-06-19 04:02:22,119,W+2.5,14,True,False,False,,-1,28.646,1000
2026-06-19 04:02:50,101,W+1.5,12,True,False,False,,-1,28.5531,1000
2026-06-19 04:03:15,100,B+0.5,9,True,False,False,,-1,28.4377,1000
2026-06-19 04:03:43,105,W+11.5,9,True,False,False,,-1,28.4016,1000
2026-06-19 04:04:14,125,B+2.5,17,True,False,False,,-1,28.3555,1000
2026-06-19 04:04:47,124,B+4.5,13,True,False,False,,-1,28.5537,1000
2026-06-19 04:05:30,161,W+25.5,17,True,False,False,,-1,28.6761,1000
2026-06-19 04:06:13,151,W+0.5,17,True,False,False,,-1,28.7914,1000
2026-06-19 04:06:21,30,W+7.5,2,True,False,False,,-1,28.5869,1000
2026-06-19 04:06:58,161,B+3.5,30,True,False,False,,-1,28.6768,1000
2026-06-19 04:07:26,110,B+1.5,5,True,False,False,,-1,28.762,1000
2026-06-19 04:07:57,119,W+1.5,17,True,False,False,,-1,28.7175,1000
2026-06-19 04:08:29,118,B+9.5,10,True,False,False,,-1,28.9714,1000
2026-06-19 04:09:01,113,W+10.5,11,True,False,False,,-1,29.0279,1000
2026-06-19 04:09:09,32,W+7.5,2,True,False,False,,-1,28.9053,1000
2026-06-19 04:09:47,138,B+1.5,9,True,False,False,,-1,28.9893,1000
2026-06-19 04:10:13,92,B+1.5,7,True,False,False,,-1,29.1437,1000
2026-06-19 04:10:39,95,B+12.5,11,True,False,False,,-1,29.0143,1000
2026-06-19 04:11:05,92,W+14.5,5,True,False,False,,-1,29.179,1000
2026-06-19 04:11:36,113,W+0.5,7,True,False,False,,-1,29.1639,1000
2026-06-19 04:11:56,72,W+13.5,2,True,False,False,,-1,29.0213,1000
2026-06-19 04:12:30,127,W+12.5,17,True,False,False,,-1,28.9644,1000
2026-06-19 04:12:58,110,B+2.5,7,True,False,False,,-1,28.9153,1000
2026-06-19 04:13:36,138,W+0.5,10,True,False,False,,-1,28.9865,1000
2026-06-19 04:14:02,99,W+10.5,7,True,False,False,,-1,28.978,1000
2026-06-19 04:14:29,104,B+1.5,7,True,False,False,,-1,28.9221,1000
2026-06-19 04:14:52,81,B+4.5,2,True,False,False,,-1,28.8438,1000
2026-06-19 04:15:20,106,B+5.5,7,True,False,False,,-1,28.9473,1000
2026-06-19 04:15:47,99,W+3.5,8,True,False,False,,-1,28.9548,1000
2026-06-19 04:16:14,97,W+6.5,6,True,False,False,,-1,28.9642,1000
2026-06-19 04:16:48,133,W+3.5,22,True,False,False,,-1,28.9434,1000
2026-06-19 04:17:17,109,B+2.5,11,True,False,False,,-1,28.8818,1000
2026-06-19 04:17:44,93,W+6.5,7,True,False,False,,-1,28.8457,1000
2026-06-19 04:18:10,97,W+2.5,10,True,False,False,,-1,28.789,1000
2026-06-19 04:18:39,100,W+8.5,4,True,False,False,,-1,28.8476,1000
2026-06-19 04:19:07,102,B+1.5,7,True,False,False,,-1,28.8397,1000
2026-06-19 04:19:41,134,W+5.5,10,True,False,False,,-1,28.8463,1000
2026-06-19 04:20:13,126,B+1.5,10,True,False,False,,-1,28.8646,1000
2026-06-19 04:20:46,112,B+2.5,10,True,False,False,,-1,29.1253,1000
2026-06-19 04:20:59,50,W+1.5,2,True,False,False,,-1,28.8228,1000
2026-06-19 04:21:26,100,B+4.5,7,True,False,False,,-1,28.8214,1000
2026-06-19 04:21:59,121,W+3.5,18,True,False,False,,-1,28.846,1000
2026-06-19 04:22:27,100,B+1.5,6,True,False,False,,-1,28.924,1000
2026-06-19 04:23:10,162,B+23.5,28,True,False,False,,-1,29.0769,1000
2026-06-19 04:23:40,107,W+2.5,8,True,False,False,,-1,28.9384,1000
2026-06-19 04:24:07,107,W+7.5,14,True,False,False,,-1,29.0844,1000
2026-06-19 04:24:33,96,B+8.5,5,True,False,False,,-1,29.1466,1000
2026-06-19 04:25:09,127,W+2.5,14,True,False,False,,-1,29.2417,1000
2026-06-19 04:25:32,78,W+13.5,2,True,False,False,,-1,29.1534,1000
2026-06-19 04:26:02,115,B+9.5,6,True,False,False,,-1,29.1407,1000
2026-06-19 04:26:28,92,B+4.5,5,True,False,False,,-1,29.2571,1000
2026-06-19 04:26:59,118,B+1.5,15,True,False,False,,-1,29.2965,1000
2026-06-19 04:27:38,148,B+30.5,21,True,False,False,,-1,29.3937,1000
2026-06-19 04:28:01,81,B+7.5,3,True,False,False,,-1,29.3377,1000
2026-06-19 04:28:34,119,W+0.5,10,True,False,False,,-1,29.3698,1000
2026-06-19 04:29:02,106,B+0.5,8,True,False,False,,-1,29.5079,1000
2026-06-19 04:29:31,107,W+5.5,14,True,False,False,,-1,29.5482,1000
2026-06-19 04:30:06,128,B+36.5,12,True,False,False,,-1,29.4962,1000
2026-06-19 04:30:31,96,B+4.5,8,True,False,False,,-1,29.4897,1000
2026-06-19 04:31:06,133,B+7.5,22,True,False,False,,-1,29.5187,1000
2026-06-19 04:31:24,66,W+9.5,2,True,False,False,,-1,29.3993,1000
2026-06-19 04:31:55,113,B+2.5,12,True,False,False,,-1,29.307,1000
2026-06-19 04:32:22,103,W+1.5,8,True,False,False,,-1,29.461,1000
2026-06-19 04:32:37,56,W+3.5,2,True,False,False,,-1,29.3708,1000
2026-06-19 04:33:11,138,B+0.5,21,True,False,False,,-1,29.3882,1000
2026-06-19 04:33:24,44,W+7.5,2,True,False,False,,-1,29.2127,1000
2026-06-19 04:33:53,113,W+8.5,14,True,False,False,,-1,29.3382,1000
2026-06-19 04:34:24,112,B+1.5,9,True,False,False,,-1,29.3715,1000
2026-06-19 04:34:53,105,W+3.5,8,True,False,False,,-1,29.3071,1000
2026-06-19 04:35:23,111,W+3.5,10,True,False,False,,-1,29.3237,1000
2026-06-19 04:35:49,99,W+0.5,7,True,False,False,,-1,29.2982,1000
2026-06-19 04:36:21,118,B+7.5,17,True,False,False,,-1,29.3261,1000
2026-06-19 04:36:49,102,B+16.5,3,True,False,False,,-1,29.2765,1000
2026-06-19 04:37:28,149,B+0.5,23,True,False,False,,-1,29.4002,1000
2026-06-19 04:37:56,104,B+2.5,12,True,False,False,,-1,29.3341,1000
2026-06-19 04:38:25,110,B+1.5,11,True,False,False,,-1,29.3648,1000
2026-06-19 04:39:07,162,W+18.5,20,True,False,False,,-1,29.499,1000
2026-06-19 04:39:36,106,W+8.5,11,True,False,False,,-1,29.5182,1000
2026-06-19 04:40:07,106,B+1.5,6,True,False,False,,-1,29.4748,1000
2026-06-19 04:40:35,104,B+4.5,9,True,False,False,,-1,29.4041,1000
2026-06-19 04:41:11,136,B+5.5,22,True,False,False,,-1,29.3732,1000
2026-06-19 04:41:49,133,W+0.5,12,True,False,False,,-1,29.4646,1000
2026-06-19 04:42:21,118,B+1.5,11,True,False,False,,-1,29.3723,1000
2026-06-19 04:42:47,89,B+0.5,4,True,False,False,,-1,29.3368,1000
2026-06-19 04:43:17,110,B+0.5,9,True,False,False,,-1,29.3396,1000
2026-06-19 04:43:47,125,W+21.5,18,True,False,False,,-1,29.3522,1000
2026-06-19 04:44:14,103,W+8.5,7,True,False,False,,-1,29.3653,1000
2026-06-19 04:44:33,72,W+4.5,2,True,False,False,,-1,29.2038,1000
2026-06-19 04:45:03,111,W+2.5,12,True,False,False,,-1,29.1769,1000
2026-06-19 04:45:27,86,B+1.5,4,True,False,False,,-1,29.1211,1000
2026-06-19 04:45:57,104,W+15.5,3,True,False,False,,-1,29.1065,1000
2026-06-19 04:46:25,103,W+2.5,7,True,False,False,,-1,29.0734,1000
2026-06-19 04:47:06,157,W+2.5,22,True,False,False,,-1,29.2501,1000
2026-06-19 04:47:39,122,B+0.5,11,True,False,False,,-1,29.2457,1000
2026-06-19 04:48:11,111,W+8.5,8,True,False,False,,-1,29.3243,1000
2026-06-19 04:48:51,144,W+1.5,23,True,False,False,,-1,29.3851,1000
2026-06-19 04:49:23,114,B+24.5,9,True,False,False,,-1,29.4265,1000
2026-06-19 04:49:59,114,B+0.5,9,True,False,False,,-1,29.4424,1000
2026-06-19 04:50:27,102,B+2.5,6,True,False,False,,-1,29.4401,1000
2026-06-19 04:51:06,147,W+31.5,20,True,False,False,,-1,29.5673,1000
2026-06-19 04:51:33,94,W+22.5,4,True,False,False,,-1,29.505,1000
2026-06-19 04:51:59,98,B+0.5,7,True,False,False,,-1,29.4844,1000
2026-06-19 04:52:29,115,W+2.5,6,True,False,False,,-1,29.5353,1000
2026-06-19 04:52:59,115,W+1.5,11,True,False,False,,-1,29.561,1000
2026-06-19 04:53:33,125,W+3.5,6,True,False,False,,-1,29.5866,1000
2026-06-19 04:54:08,133,W+18.5,17,True,False,False,,-1,29.6134,1000
2026-06-19 04:54:37,107,B+3.5,7,True,False,False,,-1,29.4712,1000
2026-06-19 04:55:07,103,W+4.5,10,True,False,False,,-1,29.3383,1000
2026-06-19 04:55:51,161,B+12.5,24,True,False,False,,-1,29.702,1000
2026-06-19 04:56:26,123,W+1.5,16,True,False,False,,-1,29.6746,1000
2026-06-19 04:56:58,130,B+10.5,13,True,False,False,,-1,29.7141,1000
2026-06-19 04:57:32,123,W+2.5,16,True,False,False,,-1,29.742,1000
2026-06-19 04:58:01,109,B+0.5,7,True,False,False,,-1,29.7163,1000
2026-06-19 04:58:22,78,W+19.5,2,True,False,False,,-1,29.6133,1000
2026-06-19 04:58:52,108,B+3.5,6,True,False,False,,-1,29.8274,1000
2026-06-19 04:59:23,111,W+7.5,13,True,False,False,,-1,29.761,1000
2026-06-19 05:00:00,142,B+9.5,18,True,False,False,,-1,29.8652,1000
2026-06-19 05:00:14,56,W+6.5,3,True,False,False,,-1,29.7484,1000
2026-06-19 05:00:49,123,B+4.5,7,True,False,False,,-1,29.8314,1000
2026-06-19 05:01:01,42,W+9.5,2,True,False,False,,-1,29.6457,1000
2026-06-19 05:01:18,60,W+3.5,2,True,False,False,,-1,29.6134,1000
2026-06-19 05:01:47,110,B+2.5,8,True,False,False,,-1,29.5583,1000
2026-06-19 05:01:52,26,W+7.5,2,True,False,False,,-1,29.3395,1000
2026-06-19 05:02:23,108,B+0.5,6,True,False,False,,-1,29.2677,1000
2026-06-19 05:03:05,161,W+0.5,29,True,False,False,,-1,29.4259,1000
2026-06-19 05:03:41,135,W+1.5,13,True,False,False,,-1,29.5169,1000
2026-06-19 05:04:18,131,B+3.5,13,True,False,False,,-1,29.653,1000
2026-06-19 05:04:47,99,W+4.5,7,True,False,False,,-1,29.6669,1000
2026-06-19 05:05:16,103,W+12.5,7,True,False,False,,-1,29.686,1000
2026-06-19 05:05:51,131,W+1.5,9,True,False,False,,-1,29.7639,1000
2026-06-19 05:06:22,115,W+1.5,10,True,False,False,,-1,29.7365,1000
2026-06-19 05:06:43,78,W+8.5,4,True,False,False,,-1,29.6615,1000
2026-06-19 05:07:11,105,W+15.5,8,True,False,False,,-1,29.6703,1000
2026-06-19 05:07:52,154,B+7.5,19,True,False,False,,-1,29.8158,1000
2026-06-19 05:08:18,101,W+10.5,9,True,False,False,,-1,29.7969,1000
2026-06-19 05:08:43,91,B+2.5,5,True,False,False,,-1,29.7543,1000
2026-06-19 05:09:12,108,B+1.5,14,True,False,False,,-1,29.7057,1000
2026-06-19 05:09:49,153,W+4.5,16,True,False,False,,-1,29.7574,1000
2026-06-19 05:10:01,46,W+8.5,2,True,False,False,,-1,29.5518,1000
2026-06-19 05:10:29,96,B+0.5,7,True,False,False,,-1,29.7019,1000
2026-06-19 05:11:02,129,B+10.5,16,True,False,False,,-1,29.7534,1000
2026-06-19 05:11:34,159,B+7.5,27,True,False,False,,-1,29.7514,1000
2026-06-19 05:12:11,133,W+1.5,16,True,False,False,,-1,29.8337,1000
2026-06-19 05:12:37,99,W+12.5,6,True,False,False,,-1,29.6647,1000
2026-06-19 05:13:06,113,W+1.5,17,True,False,False,,-1,29.6568,1000
2026-06-19 05:13:37,115,W+2.5,10,True,False,False,,-1,29.7003,1000
2026-06-19 05:13:59,77,B+4.5,2,True,False,False,,-1,29.6602,1000
2026-06-19 05:14:33,123,W+0.5,11,True,False,False,,-1,29.6403,1000
2026-06-19 05:15:00,109,W+6.5,14,True,False,False,,-1,29.6816,1000
2026-06-19 05:15:33,123,W+0.5,11,True,False,False,,-1,29.7056,1000
2026-06-19 05:16:16,159,W+15.5,17,True,False,False,,-1,29.8791,1000
2026-06-19 05:16:52,129,W+0.5,16,True,False,False,,-1,29.9235,1000
2026-06-19 05:17:27,138,B+2.5,18,True,False,False,,-1,29.8855,1000
2026-06-19 05:18:02,131,W+2.5,12,True,False,False,,-1,30.004,1000
2026-06-19 05:18:31,111,W+3.5,12,True,False,False,,-1,29.9668,1000
2026-06-19 05:19:04,134,B+0.5,21,True,False,False,,-1,30.0131,1000
2026-06-19 05:19:36,127,W+6.5,13,True,False,False,,-1,30.0507,1000
2026-06-19 05:20:16,149,B+0.5,24,True,False,False,,-1,30.0946,1000
2026-06-19 05:20:23,28,W+7.5,2,True,False,False,,-1,29.9141,1000
2026-06-19 05:20:36,50,W+0.5,2,True,False,False,,-1,29.6977,1000
2026-06-19 05:21:04,103,W+0.5,9,True,False,False,,-1,29.8053,1000
2026-06-19 05:21:17,44,W+11.5,2,True,False,False,,-1,29.6204,1000
2026-06-19 05:21:46,104,B+2.5,12,True,False,False,,-1,29.6368,1000
2026-06-19 05:22:15,103,W+10.5,12,True,False,False,,-1,29.7769,1000
2026-06-19 05:22:41,101,W+6.5,12,True,False,False,,-1,29.6925,1000
2026-06-19 05:23:09,99,W+3.5,5,True,False,False,,-1,29.8525,1000
2026-06-19 05:23:41,129,B+1.5,17,True,False,False,,-1,29.8779,1000
2026-06-19 05:24:20,162,B+7.5,29,True,False,False,,-1,29.9633,1000
2026-06-19 05:24:53,113,W+5.5,17,True,False,False,,-1,29.993,1000
2026-06-19 05:25:27,115,W+2.5,11,True,False,False,,-1,30.037,1000
2026-06-19 05:25:58,116,B+0.5,13,True,False,False,,-1,30.0868,1000
2026-06-19 05:26:29,115,W+2.5,12,True,False,False,,-1,30.0776,1000
2026-06-19 05:26:58,104,B+0.5,10,True,False,False,,-1,30.0844,1000
2026-06-19 05:27:07,34,W+6.5,2,True,False,False,,-1,29.7923,1000
2026-06-19 05:27:36,112,B+7.5,10,True,False,False,,-1,29.798,1000
2026-06-19 05:28:07,112,B+5.5,10,True,False,False,,-1,29.812,1000
2026-06-19 05:28:34,97,W+4.5,11,True,False,False,,-1,29.6609,1000
2026-06-19 05:29:02,104,B+1.5,7,True,False,False,,-1,29.6639,1000
2026-06-19 05:29:14,44,W+11.5,3,True,False,False,,-1,29.4759,1000
2026-06-19 05:29:40,86,W+9.5,2,True,False,False,,-1,29.4482,1000
2026-06-19 05:30:13,131,B+4.5,16,True,False,False,,-1,29.4118,1000
2026-06-19 05:30:40,99,W+0.5,7,True,False,False,,-1,29.3062,1000
2026-06-19 05:31:07,106,B+1.5,14,True,False,False,,-1,29.2608,1000
2026-06-19 05:31:36,106,B+4.5,12,True,False,False,,-1,29.2909,1000
2026-06-19 05:32:03,104,B+4.5,7,True,False,False,,-1,29.2566,1000
2026-06-19 05:32:41,129,W+2.5,9,True,False,False,,-1,29.3408,1000
2026-06-19 05:33:16,133,W+0.5,14,True,False,False,,-1,29.4207,1000
2026-06-19 05:33:48,119,W+9.5,12,True,False,False,,-1,29.5514,1000
2026-06-19 05:34:08,73,B+6.5,2,True,False,False,,-1,29.4456,1000
2026-06-19 05:34:35,93,B+3.5,4,True,False,False,,-1,29.4794,1000
2026-06-19 05:35:08,109,W+0.5,9,True,False,False,,-1,29.5045,1000
2026-06-19 05:35:36,104,B+2.5,8,True,False,False,,-1,29.5045,1000
2026-06-19 05:36:03,105,W+0.5,11,True,False,False,,-1,29.3613,1000
2026-06-19 05:36:30,95,B+8.5,6,True,False,False,,-1,29.3093,1000
2026-06-19 05:37:05,124,B+1.5,7,True,False,False,,-1,29.3368,1000
2026-06-19 05:37:35,121,W+2.5,10,True,False,False,,-1,29.2409,1000
2026-06-19 05:38:12,150,B+1.5,20,True,False,False,,-1,29.2915,1000
2026-06-19 05:38:46,129,W+0.5,21,True,False,False,,-1,29.2709,1000
2026-06-19 05:39:30,162,W+1.5,25,True,False,False,,-1,29.4273,1000
2026-06-19 05:40:06,129,W+3.5,16,True,False,False,,-1,29.394,1000
2026-06-19 05:40:36,117,W+1.5,16,True,False,False,,-1,29.4323,1000
2026-06-19 05:40:47,36,W+7.5,2,True,False,False,,-1,29.2762,1000
2026-06-19 05:40:56,36,W+7.5,2,True,False,False,,-1,29.0674,1000
2026-06-19 05:41:32,144,B+0.5,23,True,False,False,,-1,29.1245,1000
2026-06-19 05:42:04,118,W+12.5,10,True,False,False,,-1,29.1066,1000
2026-06-19 05:42:32,113,W+1.5,15,True,False,False,,-1,29.0312,1000
2026-06-19 05:42:43,48,W+6.5,2,True,False,False,,-1,28.8539,1000
2026-06-19 05:43:11,111,W+7.5,8,True,False,False,,-1,28.8436,1000
2026-06-19 05:43:28,62,W+7.5,2,True,False,False,,-1,28.5679,1000
2026-06-19 05:43:53,91,W+3.5,11,True,False,False,,-1,28.4741,1000
2026-06-19 05:44:26,118,B+5.5,10,True,False,False,,-1,28.4851,1000
2026-06-19 05:44:57,120,B+0.5,15,True,False,False,,-1,28.4532,1000
2026-06-19 05:45:36,162,B+13.5,15,True,False,False,,-1,28.5444,1000
2026-06-19 05:46:06,111,W+7.5,12,True,False,False,,-1,28.6378,1000
2026-06-19 05:46:38,110,B+1.5,9,True,False,False,,-1,28.6548,1000
2026-06-19 05:47:05,100,B+2.5,7,True,False,False,,-1,28.6117,1000
2026-06-19 05:47:33,106,B+1.5,9,True,False,False,,-1,28.5293,1000
2026-06-19 05:48:03,114,B+10.5,12,True,False,False,,-1,28.6842,1000
2026-06-19 05:48:36,117,W+11.5,17,True,False,False,,-1,28.6665,1000
2026-06-19 05:48:45,36,W+8.5,2,True,False,False,,-1,28.6436,1000
2026-06-19 05:49:05,70,W+10.5,2,True,False,False,,-1,28.6696,1000
2026-06-19 05:49:34,109,W+2.5,12,True,False,False,,-1,28.6717,1000
2026-06-19 05:49:59,80,W+9.5,6,True,False,False,,-1,28.8611,1000
2026-06-19 05:52:12,108,W+0.5,9,True,False,False,,-1,28.6741,2000
2026-06-19 05:52:53,162,B+1.5,18,True,False,False,,-1,28.7241,2000
2026-06-19 05:53:32,125,B+4.5,11,True,False,False,,-1,28.7439,2000
2026-06-19 05:54:02,89,W+6.5,5,True,False,False,,-1,28.7466,2000
2026-06-19 05:54:32,101,W+6.5,5,True,False,False,,-1,28.7658,2000
2026-06-19 05:55:05,108,B+2.5,9,True,False,False,,-1,28.7405,2000
2026-06-19 05:55:36,114,B+1.5,12,True,False,False,,-1,28.7414,2000
2026-06-19 05:56:11,122,B+1.5,19,True,False,False,,-1,28.8814,2000
2026-06-19 05:56:33,75,B+2.5,2,True,False,False,,-1,28.8166,2000
2026-06-19 05:57:07,121,W+2.5,12,True,False,False,,-1,28.7465,2000
2026-06-19 05:57:45,144,W+0.5,23,True,False,False,,-1,28.8622,2000
2026-06-19 05:58:06,81,B+6.5,2,True,False,False,,-1,28.833,2000
2026-06-19 05:58:37,104,B+1.5,8,True,False,False,,-1,28.8535,2000
2026-06-19 05:59:18,153,W+3.5,30,True,False,False,,-1,28.8858,2000
2026-06-19 05:59:45,98,B+1.5,5,True,False,False,,-1,29.0422,2000
2026-06-19 06:00:14,107,W+10.5,5,True,False,False,,-1,29.0472,2000
2026-06-19 06:00:41,107,W+0.5,18,True,False,False,,-1,28.9914,2000
2026-06-19 06:01:05,95,W+6.5,13,True,False,False,,-1,28.9021,2000
2026-06-19 06:01:39,124,B+0.5,9,True,False,False,,-1,28.8852,2000
2026-06-19 06:02:12,125,W+1.5,16,True,False,False,,-1,28.9559,2000
2026-06-19 06:02:51,134,B+26.5,14,True,False,False,,-1,29.0587,2000
2026-06-19 06:03:14,89,W+0.5,5,True,False,False,,-1,28.9682,2000
2026-06-19 06:03:48,122,B+2.5,13,True,False,False,,-1,29.0907,2000
2026-06-19 06:04:14,97,W+1.5,9,True,False,False,,-1,29.0065,2000
2026-06-19 06:04:42,104,B+1.5,6,True,False,False,,-1,29.0167,2000
2026-06-19 06:05:07,86,B+2.5,3,True,False,False,,-1,28.9415,2000
2026-06-19 06:05:32,81,B+4.5,2,True,False,False,,-1,28.7628,2000
2026-06-19 06:06:03,124,B+2.5,20,True,False,False,,-1,28.7137,2000
2026-06-19 06:06:31,110,B+1.5,7,True,False,False,,-1,28.6389,2000
2026-06-19 06:07:00,109,W+1.5,8,True,False,False,,-1,28.578,2000
2026-06-19 06:07:35,129,B+3.5,19,True,False,False,,-1,28.6396,2000
2026-06-19 06:08:22,162,W+3.5,16,True,False,False,,-1,28.7755,2000
2026-06-19 06:08:53,113,B+1.5,4,True,False,False,,-1,28.7664,2000
2026-06-19 06:09:24,108,B+5.5,7,True,False,False,,-1,28.679,2000
2026-06-19 06:09:50,100,B+2.5,5,True,False,False,,-1,28.8732,2000
2026-06-19 06:10:12,87,W+3.5,7,True,False,False,,-1,28.9662,2000
2026-06-19 06:10:38,97,W+1.5,4,True,False,False,,-1,28.9362,2000
2026-06-19 06:11:21,162,W+4.5,19,True,False,False,,-1,29.2404,2000
2026-06-19 06:11:51,113,W+3.5,13,True,False,False,,-1,29.2485,2000
2026-06-19 06:12:18,96,B+1.5,4,True,False,False,,-1,29.238,2000
2026-06-19 06:12:49,106,B+2.5,8,True,False,False,,-1,29.2857,2000
2026-06-19 06:13:20,102,B+1.5,6,True,False,False,,-1,29.306,2000
2026-06-19 06:13:50,107,W+2.5,11,True,False,False,,-1,29.2868,2000
2026-06-19 06:14:12,77,B+2.5,4,True,False,False,,-1,29.122,2000
2026-06-19 06:14:49,135,W+4.5,16,True,False,False,,-1,29.1592,2000
2026-06-19 06:15:23,122,B+5.5,12,True,False,False,,-1,29.1648,2000
2026-06-19 06:15:56,120,B+0.5,13,True,False,False,,-1,29.1841,2000
2026-06-19 06:16:25,99,W+1.5,7,True,False,False,,-1,29.1573,2000
2026-06-19 06:16:53,96,B+0.5,9,True,False,False,,-1,29.1515,2000
2026-06-19 06:17:10,60,W+10.5,2,True,False,False,,-1,29.2291,2000
2026-06-19 06:17:36,95,W+2.5,15,True,False,False,,-1,29.1988,2000
2026-06-19 06:18:03,103,W+2.5,14,True,False,False,,-1,29.1591,2000
2026-06-19 06:18:45,145,W+2.5,21,True,False,False,,-1,29.317,2000
2026-06-19 06:19:26,140,W+0.5,12,True,False,False,,-1,29.4325,2000
2026-06-19 06:19:49,93,W+1.5,7,True,False,False,,-1,29.5419,2000
2026-06-19 06:20:12,89,W+0.5,5,True,False,False,,-1,29.5181,2000
2026-06-19 06:20:29,58,W+5.5,2,True,False,False,,-1,29.3619,2000
2026-06-19 06:20:56,107,W+9.5,14,True,False,False,,-1,29.3578,2000
2026-06-19 06:21:24,109,W+2.5,8,True,False,False,,-1,29.3725,2000
2026-06-19 06:21:57,114,B+0.5,13,True,False,False,,-1,29.4093,2000
2026-06-19 06:22:33,129,W+0.5,15,True,False,False,,-1,29.4982,2000
2026-06-19 06:22:47,57,B+4.5,2,True,False,False,,-1,29.2596,2000
2026-06-19 06:23:23,120,B+1.5,20,True,False,False,,-1,29.2721,2000
2026-06-19 06:23:53,109,W+7.5,18,True,False,False,,-1,29.2458,2000
2026-06-19 06:24:17,92,B+4.5,9,True,False,False,,-1,29.2908,2000
2026-06-19 06:24:53,119,W+2.5,12,True,False,False,,-1,29.3781,2000
2026-06-19 06:25:26,123,W+0.5,26,True,False,False,,-1,29.3861,2000
2026-06-19 06:25:53,96,B+3.5,6,True,False,False,,-1,29.3706,2000
2026-06-19 06:26:20,99,W+2.5,6,True,False,False,,-1,29.374,2000
2026-06-19 06:26:48,96,B+3.5,4,True,False,False,,-1,29.3796,2000
2026-06-19 06:27:18,108,B+15.5,13,True,False,False,,-1,29.3313,2000
2026-06-19 06:27:39,78,W+8.5,2,True,False,False,,-1,29.2342,2000
2026-06-19 06:28:09,113,W+0.5,16,True,False,False,,-1,29.1642,2000
2026-06-19 06:28:30,81,B+3.5,4,True,False,False,,-1,29.0363,2000
2026-06-19 06:29:07,134,B+0.5,16,True,False,False,,-1,28.9707,2000
2026-06-19 06:29:37,109,B+2.5,6,True,False,False,,-1,28.9112,2000
2026-06-19 06:30:21,146,B+1.5,23,True,False,False,,-1,29.0482,2000
2026-06-19 06:30:56,116,B+1.5,11,True,False,False,,-1,29.2985,2000
2026-06-19 06:31:19,81,B+0.5,2,True,False,False,,-1,29.4278,2000
2026-06-19 06:31:49,101,B+3.5,8,True,False,False,,-1,29.3787,2000
2026-06-19 06:32:23,114,B+0.5,7,True,False,False,,-1,29.3884,2000
2026-06-19 06:32:51,107,W+1.5,16,True,False,False,,-1,29.3909,2000
2026-06-19 06:33:22,116,B+10.5,5,True,False,False,,-1,29.593,2000
2026-06-19 06:33:51,106,W+6.5,6,True,False,False,,-1,29.6016,2000
2026-06-19 06:34:19,102,B+8.5,7,True,False,False,,-1,29.7139,2000
2026-06-19 06:34:48,97,W+11.5,6,True,False,False,,-1,29.7427,2000
2026-06-19 06:34:59,42,W+9.5,2,True,False,False,,-1,29.5225,2000
2026-06-19 06:35:27,97,B+2.5,4,True,False,False,,-1,29.493,2000
2026-06-19 06:35:50,85,W+0.5,3,True,False,False,,-1,29.3408,2000
2026-06-19 06:36:21,109,W+2.5,9,True,False,False,,-1,29.3495,2000
2026-06-19 06:36:44,73,B+4.5,3,True,False,False,,-1,29.2584,2000
2026-06-19 06:36:56,48,W+5.5,2,True,False,False,,-1,29.1125,2000
2026-06-19 06:37:36,134,B+1.5,19,True,False,False,,-1,29.2299,2000
2026-06-19 06:38:04,103,W+2.5,8,True,False,False,,-1,29.2129,2000
2026-06-19 06:38:29,100,B+1.5,6,True,False,False,,-1,29.1323,2000
2026-06-19 06:38:57,102,B+0.5,8,True,False,False,,-1,29.317,2000
2026-06-19 06:39:26,117,W+3.5,20,True,False,False,,-1,29.4133,2000
2026-06-19 06:39:59,127,W+2.5,16,True,False,False,,-1,29.4509,2000
2026-06-19 06:40:29,121,W+2.5,14,True,False,False,,-1,29.5062,2000
2026-06-19 06:41:03,116,B+3.5,10,True,False,False,,-1,29.5969,2000
2026-06-19 06:41:42,126,B+4.5,13,True,False,False,,-1,29.6916,2000
2026-06-19 06:42:09,100,B+2.5,8,True,False,False,,-1,29.5531,2000
2026-06-19 06:42:41,120,B+1.5,14,True,False,False,,-1,29.4805,2000
2026-06-19 06:43:15,113,W+2.5,11,True,False,False,,-1,29.5293,2000
2026-06-19 06:43:58,162,B+6.5,19,True,False,False,,-1,29.6526,2000
2026-06-19 06:44:27,101,W+0.5,10,True,False,False,,-1,29.6165,2000
2026-06-19 06:44:58,108,B+2.5,6,True,False,False,,-1,29.6193,2000
2026-06-19 06:45:28,107,W+0.5,12,True,False,False,,-1,29.5613,2000
2026-06-19 06:45:58,112,B+0.5,10,True,False,False,,-1,29.6411,2000
2026-06-19 06:46:25,95,W+9.5,7,True,False,False,,-1,29.5793,2000
2026-06-19 06:46:54,100,B+1.5,4,True,False,False,,-1,29.491,2000
2026-06-19 06:47:28,128,B+8.5,17,True,False,False,,-1,29.6153,2000
2026-06-19 06:47:56,113,W+4.5,16,True,False,False,,-1,29.5917,2000
2026-06-19 06:48:23,101,W+0.5,9,True,False,False,,-1,29.4537,2000
2026-06-19 06:48:56,123,B+3.5,16,True,False,False,,-1,29.5044,2000
2026-06-19 06:49:30,118,B+0.5,5,True,False,False,,-1,29.552,2000
2026-06-19 06:49:59,112,B+2.5,10,True,False,False,,-1,29.5758,2000
2026-06-19 06:50:31,121,B+3.5,15,True,False,False,,-1,29.6621,2000
2026-06-19 06:51:03,115,W+3.5,13,True,False,False,,-1,29.6315,2000
2026-06-19 06:51:18,56,W+8.5,2,True,False,False,,-1,29.4512,2000
2026-06-19 06:51:40,77,B+17.5,3,True,False,False,,-1,29.2852,2000
2026-06-19 06:52:16,121,W+1.5,9,True,False,False,,-1,29.4171,2000
2026-06-19 06:52:38,73,B+3.5,3,True,False,False,,-1,29.2944,2000
2026-06-19 06:53:05,93,W+1.5,7,True,False,False,,-1,29.3113,2000
2026-06-19 06:53:49,148,B+7.5,15,True,False,False,,-1,29.4655,2000
2026-06-19 06:54:14,94,B+2.5,9,True,False,False,,-1,29.4737,2000
2026-06-19 06:54:44,101,W+2.5,11,True,False,False,,-1,29.518,2000
2026-06-19 06:55:18,121,W+1.5,16,True,False,False,,-1,29.5449,2000
2026-06-19 06:55:47,102,B+3.5,8,True,False,False,,-1,29.5568,2000
2026-06-19 06:56:28,159,W+3.5,26,True,False,False,,-1,29.6819,2000
2026-06-19 06:56:47,68,W+2.5,2,True,False,False,,-1,29.5178,2000
2026-06-19 06:57:20,121,W+2.5,12,True,False,False,,-1,29.3784,2000
2026-06-19 06:57:49,105,B+0.5,5,True,False,False,,-1,29.3631,2000
2026-06-19 06:58:25,120,W+0.5,16,True,False,False,,-1,29.4133,2000
2026-06-19 06:58:56,107,W+2.5,15,True,False,False,,-1,29.4596,2000
2026-06-19 06:59:26,108,B+0.5,5,True,False,False,,-1,29.5343,2000
2026-06-19 06:59:52,99,W+4.5,12,True,False,False,,-1,29.5367,2000
2026-06-19 07:00:24,127,W+0.5,22,True,False,False,,-1,29.4274,2000
2026-06-19 07:01:00,126,B+3.5,10,True,False,False,,-1,29.4847,2000
2026-06-19 07:01:24,92,W+7.5,8,True,False,False,,-1,29.4564,2000
2026-06-19 07:01:48,90,W+2.5,9,True,False,False,,-1,29.3841,2000
2026-06-19 07:02:15,89,B+1.5,5,True,False,False,,-1,29.3489,2000
2026-06-19 07:02:49,127,W+26.5,19,True,False,False,,-1,29.3895,2000
2026-06-19 07:03:16,105,W+8.5,13,True,False,False,,-1,29.4391,2000
2026-06-19 07:03:48,111,W+6.5,16,True,False,False,,-1,29.3904,2000
2026-06-19 07:04:15,97,W+0.5,9,True,False,False,,-1,29.3104,2000
2026-06-19 07:04:40,96,W+5.5,14,True,False,False,,-1,29.2318,2000
2026-06-19 07:05:08,111,W+1.5,16,True,False,False,,-1,29.2313,2000
2026-06-19 07:05:51,151,W+0.5,26,True,False,False,,-1,29.3767,2000
2026-06-19 07:06:22,102,B+1.5,8,True,False,False,,-1,29.5124,2000
2026-06-19 07:06:30,26,W+7.5,2,True,False,False,,-1,29.3394,2000
2026-06-19 07:07:04,122,B+1.5,9,True,False,False,,-1,29.4103,2000
2026-06-19 07:07:31,96,B+1.5,6,True,False,False,,-1,29.2527,2000
2026-06-19 07:07:38,26,W+7.5,2,True,False,False,,-1,28.9205,2000
2026-06-19 07:08:02,86,W+6.5,2,True,False,False,,-1,28.9358,2000
2026-06-19 07:08:33,113,W+2.5,15,True,False,False,,-1,29.0069,2000
2026-06-19 07:09:06,110,B+3.5,8,True,False,False,,-1,29.1657,2000
2026-06-19 07:09:36,113,W+0.5,6,True,False,False,,-1,29.1979,2000
2026-06-19 07:10:17,153,W+1.5,28,True,False,False,,-1,29.3269,2000
2026-06-19 07:11:04,157,W+0.5,31,True,False,False,,-1,29.466,2000
2026-06-19 07:11:29,93,B+1.5,4,True,False,False,,-1,29.3601,2000
2026-06-19 07:11:55,94,B+5.5,8,True,False,False,,-1,29.4769,2000
2026-06-19 07:12:27,100,B+1.5,3,True,False,False,,-1,29.4305,2000
2026-06-19 07:13:11,147,W+1.5,18,True,False,False,,-1,29.5809,2000
2026-06-19 07:13:36,93,W+0.5,13,True,False,False,,-1,29.5865,2000
2026-06-19 07:14:15,138,B+2.5,16,True,False,False,,-1,29.6167,2000
2026-06-19 07:14:44,113,W+4.5,12,True,False,False,,-1,29.5773,2000
2026-06-19 07:15:17,125,B+2.5,18,True,False,False,,-1,29.6385,2000
2026-06-19 07:15:31,50,W+3.5,2,True,False,False,,-1,29.5059,2000
2026-06-19 07:16:08,130,B+2.5,9,True,False,False,,-1,29.5997,2000
2026-06-19 07:16:48,138,B+2.5,10,True,False,False,,-1,29.6966,2000
2026-06-19 07:17:18,117,W+12.5,18,True,False,False,,-1,29.7911,2000
2026-06-19 07:17:47,117,W+2.5,14,True,False,False,,-1,29.7854,2000
2026-06-19 07:18:18,108,B+3.5,10,True,False,False,,-1,29.8814,2000
2026-06-19 07:18:48,104,B+1.5,7,True,False,False,,-1,29.8113,2000
2026-06-19 07:19:28,137,W+4.5,20,True,False,False,,-1,29.907,2000
2026-06-19 07:20:02,118,B+10.5,9,True,False,False,,-1,29.8055,2000
2026-06-19 07:20:41,136,B+1.5,8,True,False,False,,-1,29.8479,2000
2026-06-19 07:21:14,119,W+2.5,9,True,False,False,,-1,29.9548,2000
2026-06-19 07:21:43,107,W+1.5,12,True,False,False,,-1,29.9372,2000
2026-06-19 07:22:13,103,W+4.5,15,True,False,False,,-1,29.9004,2000
2026-06-19 07:22:47,111,B+2.5,5,True,False,False,,-1,29.9564,2000
2026-06-19 07:23:07,65,B+10.5,2,True,False,False,,-1,29.8479,2000
2026-06-19 07:23:35,101,W+3.5,11,True,False,False,,-1,29.8303,2000
2026-06-19 07:24:11,124,B+6.5,16,True,False,False,,-1,29.9128,2000
2026-06-19 07:24:40,115,W+10.5,13,True,False,False,,-1,29.9223,2000
2026-06-19 07:25:07,100,B+15.5,4,True,False,False,,-1,30.0813,2000
2026-06-19 07:25:34,107,W+2.5,13,True,False,False,,-1,30.0718,2000
2026-06-19 07:26:01,94,B+2.5,4,True,False,False,,-1,30.1121,2000
2026-06-19 07:26:13,38,W+7.5,2,True,False,False,,-1,29.9112,2000
2026-06-19 07:26:51,143,W+0.5,14,True,False,False,,-1,30.0761,2000
2026-06-19 07:27:16,92,B+1.5,5,True,False,False,,-1,30.1919,2000
2026-06-19 07:27:47,110,B+1.5,5,True,False,False,,-1,30.1117,2000
2026-06-19 07:28:28,145,W+0.5,30,True,False,False,,-1,30.2332,2000
2026-06-19 07:29:03,110,B+3.5,4,True,False,False,,-1,30.3373,2000
2026-06-19 07:29:38,123,W+2.5,13,True,False,False,,-1,30.4113,2000
2026-06-19 07:30:19,150,B+23.5,24,True,False,False,,-1,30.5261,2000
2026-06-19 07:30:59,134,B+0.5,14,True,False,False,,-1,30.597,2000
2026-06-19 07:31:32,112,B+5.5,10,True,False,False,,-1,30.6233,2000
2026-06-19 07:32:06,121,W+2.5,9,True,False,False,,-1,30.6287,2000
2026-06-19 07:32:35,114,B+4.5,8,True,False,False,,-1,30.5338,2000
2026-06-19 07:32:51,61,B+9.5,3,True,False,False,,-1,30.4225,2000
2026-06-19 07:33:21,95,W+0.5,6,True,False,False,,-1,30.3971,2000
2026-06-19 07:33:37,54,W+5.5,3,True,False,False,,-1,30.2185,2000
2026-06-19 07:34:05,104,B+3.5,11,True,False,False,,-1,30.0682,2000
2026-06-19 07:34:30,104,B+0.5,11,True,False,False,,-1,30.0343,2000
2026-06-19 07:34:52,71,B+0.5,3,True,False,False,,-1,29.9391,2000
2026-06-19 07:35:13,89,W+0.5,5,True,False,False,,-1,29.8552,2000
2026-06-19 07:35:55,142,B+21.5,16,True,False,False,,-1,29.9761,2000
2026-06-19 07:36:26,111,W+1.5,8,True,False,False,,-1,30.0096,2000
2026-06-19 07:36:50,99,W+0.5,13,True,False,False,,-1,29.961,2000
2026-06-19 07:37:22,118,B+10.5,9,True,False,False,,-1,29.941,2000
2026-06-19 07:37:48,92,B+4.5,2,True,False,False,,-1,29.9114,2000
2026-06-19 07:38:14,97,B+5.5,2,True,False,False,,-1,29.9022,2000
2026-06-19 07:38:40,99,W+0.5,12,True,False,False,,-1,29.8416,2000
2026-06-19 07:39:09,100,B+4.5,8,True,False,False,,-1,29.7939,2000
2026-06-19 07:39:42,116,B+4.5,6,True,False,False,,-1,29.8335,2000
2026-06-19 07:40:11,101,W+1.5,5,True,False,False,,-1,29.7975,2000
2026-06-19 07:40:39,94,B+6.5,7,True,False,False,,-1,29.7582,2000
2026-06-19 07:41:19,138,B+5.5,15,True,False,False,,-1,30.0092,2000
2026-06-19 07:41:46,96,B+1.5,10,True,False,False,,-1,30.0601,2000
2026-06-19 07:42:16,105,W+2.5,15,True,False,False,,-1,29.9947,2000
2026-06-19 07:42:47,108,B+14.5,11,True,False,False,,-1,30.0885,2000
2026-06-19 07:43:25,121,W+2.5,12,True,False,False,,-1,30.1972,2000
2026-06-19 07:43:53,110,W+3.5,9,True,False,False,,-1,30.0388,2000
2026-06-19 07:44:26,127,W+6.5,22,True,False,False,,-1,30.1104,2000
2026-06-19 07:44:53,103,W+7.5,7,True,False,False,,-1,30.0877,2000
2026-06-19 07:45:21,104,B+5.5,8,True,False,False,,-1,30.0273,2000
2026-06-19 07:45:45,94,W+9.5,8,True,False,False,,-1,29.9804,2000
2026-06-19 07:46:18,126,W+2.5,24,True,False,False,,-1,29.9,2000
2026-06-19 07:46:57,145,W+0.5,21,True,False,False,,-1,30.0989,2000
2026-06-19 07:47:27,117,B+1.5,11,True,False,False,,-1,30.0764,2000
2026-06-19 07:48:01,123,W+4.5,17,True,False,False,,-1,30.1091,2000
2026-06-19 07:48:26,83,B+1.5,3,True,False,False,,-1,30.0024,2000
2026-06-19 07:49:02,125,W+5.5,11,True,False,False,,-1,30.0594,2000
2026-06-19 07:49:30,90,B+1.5,3,True,False,False,,-1,30.0335,2000
2026-06-19 07:50:04,121,B+2.5,18,True,False,False,,-1,30.1214,2000
2026-06-19 07:50:31,92,B+2.5,5,True,False,False,,-1,30.0716,2000
2026-06-19 07:51:11,131,W+4.5,16,True,False,False,,-1,30.1055,2000
2026-06-19 07:51:43,112,B+0.5,6,True,False,False,,-1,30.1863,2000
2026-06-19 07:52:13,102,B+0.5,7,True,False,False,,-1,30.2469,2000
2026-06-19 07:52:51,136,B+0.5,15,True,False,False,,-1,30.3552,2000
2026-06-19 07:53:16,86,B+2.5,4,True,False,False,,-1,30.2645,2000
2026-06-19 07:53:50,118,B+19.5,11,True,False,False,,-1,30.3317,2000
2026-06-19 07:54:29,130,B+0.5,15,True,False,False,,-1,30.4018,2000
2026-06-19 07:55:01,112,B+2.5,13,True,False,False,,-1,30.4654,2000
2026-06-19 07:55:13,40,W+3.5,2,True,False,False,,-1,30.3325,2000
2026-06-19 07:55:53,151,W+7.5,20,True,False,False,,-1,30.4402,2000
2026-06-19 07:56:18,97,W+2.5,10,True,False,False,,-1,30.2724,2000
2026-06-19 07:56:50,106,B+0.5,9,True,False,False,,-1,30.2803,2000
2026-06-19 07:57:15,96,B+0.5,5,True,False,False,,-1,30.4402,2000
2026-06-19 07:57:58,162,B+20.5,33,True,False,False,,-1,30.5327,2000
2026-06-19 07:58:29,107,W+9.5,15,True,False,False,,-1,30.5738,2000
2026-06-19 07:58:57,99,W+0.5,6,True,False,False,,-1,30.7882,2000
2026-06-19 07:59:23,91,W+3.5,7,True,False,False,,-1,30.8027,2000
2026-06-19 07:59:43,73,B+5.5,2,True,False,False,,-1,30.7034,2000
2026-06-19 08:00:15,109,W+0.5,12,True,False,False,,-1,30.6926,2000
2026-06-19 08:01:01,162,W+1.5,29,True,False,False,,-1,30.8483,2000
2026-06-19 08:01:33,122,B+1.5,17,True,False,False,,-1,30.7543,2000
2026-06-19 08:02:09,126,B+8.5,11,True,False,False,,-1,30.6533,2000
2026-06-19 08:02:40,111,W+3.5,8,True,False,False,,-1,30.7063,2000
2026-06-19 08:03:16,126,B+8.5,18,True,False,False,,-1,30.8085,2000
2026-06-19 08:03:41,88,B+1.5,6,True,False,False,,-1,30.7387,2000
2026-06-19 08:03:48,24,W+7.5,2,True,False,False,,-1,30.3687,2000
2026-06-19 08:04:23,126,W+17.5,10,True,False,False,,-1,30.461,2000
2026-06-19 08:04:50,103,W+3.5,14,True,False,False,,-1,30.3499,2000
2026-06-19 08:05:16,85,B+5.5,4,True,False,False,,-1,30.3131,2000
2026-06-19 08:05:32,57,B+0.5,2,True,False,False,,-1,30.1511,2000
2026-06-19 08:06:02,110,B+2.5,12,True,False,False,,-1,30.3026,2000
2026-06-19 08:06:44,160,B+5.5,29,True,False,False,,-1,30.3546,2000
2026-06-19 08:07:14,113,W+2.5,12,True,False,False,,-1,30.2611,2000
2026-06-19 08:07:43,101,W+0.5,10,True,False,False,,-1,30.2484,2000
2026-06-19 08:08:19,135,W+1.5,23,True,False,False,,-1,30.3122,2000
2026-06-19 08:08:50,117,W+6.5,13,True,False,False,,-1,30.3134,2000
2026-06-19 08:09:21,105,B+0.5,5,True,False,False,,-1,30.3242,2000
2026-06-19 08:09:49,116,W+3.5,13,True,False,False,,-1,30.2103,2000
2026-06-19 08:10:03,50,W+5.5,2,True,False,False,,-1,30.0127,2000
2026-06-19 08:10:32,108,B+0.5,14,True,False,False,,-1,29.9034,2000
2026-06-19 08:11:00,104,B+0.5,8,True,False,False,,-1,29.8513,2000
2026-06-19 08:11:50,162,B+8.5,20,True,False,False,,-1,30.0649,2000
2026-06-19 08:12:21,111,W+2.5,12,True,False,False,,-1,30.0844,2000
2026-06-19 08:12:49,101,B+1.5,5,True,False,False,,-1,30.0163,2000
2026-06-19 08:13:22,104,B+1.5,9,True,False,False,,-1,30.1467,2000
2026-06-19 08:13:58,123,W+3.5,14,True,False,False,,-1,30.2285,2000
2026-06-19 08:14:28,117,W+7.5,12,True,False,False,,-1,30.1705,2000
2026-06-19 08:14:57,109,W+1.5,12,True,False,False,,-1,30.1704,2000
2026-06-19 08:15:29,110,B+9.5,10,True,False,False,,-1,30.2145,2000
2026-06-19 08:15:58,107,W+2.5,5,True,False,False,,-1,30.2413,2000
2026-06-19 08:16:32,115,W+1.5,15,True,False,False,,-1,30.3089,2000
2026-06-19 08:16:57,87,B+9.5,5,True,False,False,,-1,30.4395,2000
2026-06-19 08:17:27,105,B+0.5,5,True,False,False,,-1,30.3593,2000
2026-06-19 08:17:51,93,W+6.5,9,True,False,False,,-1,30.3567,2000
2026-06-19 08:18:24,110,B+1.5,10,True,False,False,,-1,30.3602,2000
2026-06-19 08:18:57,124,B+1.5,16,True,False,False,,-1,30.2862,2000
2026-06-19 08:19:06,34,W+5.5,2,True,False,False,,-1,30.0295,2000
2026-06-19 08:19:30,99,W+5.5,8,True,False,False,,-1,29.9171,2000
2026-06-19 08:19:56,99,W+2.5,12,True,False,False,,-1,29.7698,2000
2026-06-19 08:20:33,122,B+2.5,11,True,False,False,,-1,29.7416,2000
2026-06-19 08:21:02,101,B+2.5,3,True,False,False,,-1,29.6985,2000
2026-06-19 08:21:29,109,W+3.5,10,True,False,False,,-1,29.6287,2000
2026-06-19 08:22:01,112,B+0.5,11,True,False,False,,-1,29.6601,2000
2026-06-19 08:22:09,26,W+8.5,2,True,False,False,,-1,29.5769,2000
2026-06-19 08:22:42,127,W+0.5,21,True,False,False,,-1,29.6126,2000
2026-06-19 08:23:11,107,B+0.5,5,True,False,False,,-1,29.7358,2000
2026-06-19 08:23:36,85,B+1.5,6,True,False,False,,-1,29.7067,2000
2026-06-19 08:24:07,107,B+2.5,11,True,False,False,,-1,29.7657,2000
2026-06-19 08:24:40,113,W+4.5,8,True,False,False,,-1,29.8749,2000
2026-06-19 08:25:12,113,B+1.5,9,True,False,False,,-1,29.9881,2000
2026-06-19 08:25:46,106,B+2.5,8,True,False,False,,-1,29.9028,2000
2026-06-19 08:26:19,114,B+10.5,12,True,False,False,,-1,29.9259,2000
2026-06-19 08:26:45,93,B+4.5,3,True,False,False,,-1,29.9405,2000
2026-06-19 08:27:04,69,B+4.5,2,True,False,False,,-1,29.814,2000
2026-06-19 08:27:11,24,W+7.5,2,True,False,False,,-1,29.6269,2000
2026-06-19 08:27:24,53,B+5.5,2,True,False,False,,-1,29.5025,2000
2026-06-19 08:27:53,96,B+1.5,3,True,False,False,,-1,29.521,2000
2026-06-19 08:28:23,106,B+0.5,8,True,False,False,,-1,29.5363,2000
2026-06-19 08:28:58,121,B+3.5,13,True,False,False,,-1,29.5556,2000
2026-06-19 08:29:31,115,W+3.5,10,True,False,False,,-1,29.5989,2000
2026-06-19 08:29:59,102,W+0.5,8,True,False,False,,-1,29.6011,2000
2026-06-19 08:30:36,118,B+2.5,10,True,False,False,,-1,29.567,2000
2026-06-19 08:31:01,96,W+2.5,8,True,False,False,,-1,29.5412,2000
2026-06-19 08:31:21,74,W+1.5,2,True,False,False,,-1,29.452,2000
2026-06-19 08:31:52,107,W+0.5,4,True,False,False,,-1,29.4465,2000
2026-06-19 08:32:25,115,W+4.5,10,True,False,False,,-1,29.404,2000
2026-06-19 08:33:00,129,W+4.5,12,True,False,False,,-1,29.4714,2000
2026-06-19 08:33:43,160,B+4.5,27,True,False,False,,-1,29.5659,2000
2026-06-19 08:34:13,117,W+6.5,17,True,False,False,,-1,29.5986,2000
2026-06-19 08:34:45,107,W+1.5,9,True,False,False,,-1,29.6434,2000
2026-06-19 08:35:16,116,B+1.5,11,True,False,False,,-1,29.7089,2000
2026-06-26 09:18:41,96,W+16.5,2,True,False,False,,-1,37.2434,0
2026-06-26 09:19:11,96,W+16.5,4,True,False,False,,-1,33.6559,0
2026-06-26 09:19:44,104,W+16.5,4,True,False,False,,-1,33.4306,0
2026-06-26 09:20:13,88,W+22.5,3,True,False,False,,-1,32.2515,0
2026-06-26 09:20:40,91,B+3.5,4,True,False,False,,-1,31.3191,0
2026-06-26 09:21:12,102,W+24.5,3,True,False,False,,-1,31.3915,0
2026-06-26 09:21:58,138,W+47.5,4,True,False,False,,-1,33.4639,0
2026-06-26 09:22:25,92,W+15.5,2,True,False,False,,-1,32.7028,0
2026-06-26 09:22:54,94,W+10.5,3,True,False,False,,-1,32.2337,0
2026-06-26 09:23:48,162,B+29.5,2,True,False,False,,-1,34.4317,0
2026-06-26 09:24:19,100,W+33.5,4,True,False,False,,-1,34.1381,0
2026-06-26 09:25:01,122,W+25.5,2,True,False,False,,-1,34.7741,0
2026-06-26 09:25:41,127,W+7.5,5,True,False,False,,-1,35.1711,0
2026-06-26 09:26:11,97,B+3.5,2,True,False,False,,-1,34.7747,0
2026-06-26 09:26:57,140,W+48.5,5,True,False,False,,-1,35.5456,0
2026-06-26 09:27:43,144,W+33.5,6,True,False,False,,-1,36.2192,0
2026-06-26 09:28:22,118,W+40.5,2,True,False,False,,-1,36.3599,0
2026-06-26 09:28:53,94,W+22.5,3,True,False,False,,-1,36.081,0
2026-06-26 09:29:39,149,B+47.5,8,True,False,False,,-1,36.5696,0
2026-06-26 09:30:24,141,B+6.5,7,True,False,False,,-1,37.0078,0
2026-06-26 09:31:09,138,W+37.5,4,True,False,False,,-1,37.3756,0
2026-06-26 09:32:00,154,B+34.5,7,True,False,False,,-1,37.9981,0
2026-06-26 09:32:53,162,W+57.5,2,True,False,False,,-1,38.6602,0
2026-06-26 09:33:48,162,W+38.5,2,True,False,False,,-1,39.3338,0
2026-06-26 09:34:25,117,B+20.5,4,True,False,False,,-1,39.2559,0
2026-06-26 09:35:09,137,W+31.5,4,True,False,False,,-1,39.4311,0
2026-06-26 09:35:49,125,B+13.5,2,True,False,False,,-1,39.4536,0
2026-06-26 09:36:24,104,W+17.5,3,True,False,False,,-1,39.3065,0
2026-06-26 09:37:09,139,B+49.5,4,True,False,False,,-1,39.4932,0
2026-06-26 09:37:40,98,W+2.5,3,True,False,False,,-1,39.2163,0
2026-06-26 09:38:12,99,B+6.5,4,True,False,False,,-1,38.983,0
2026-06-26 09:38:58,137,W+59.5,3,True,False,False,,-1,39.1762,0
2026-06-26 09:39:24,84,W+6.5,3,True,False,False,,-1,38.7821,0
2026-06-26 09:39:58,110,W+17.5,2,True,False,False,,-1,38.6384,0
2026-06-26 09:40:28,102,W+25.5,3,True,False,False,,-1,38.411,0
2026-06-26 09:41:04,112,B+17.5,5,True,False,False,,-1,38.3244,0
2026-06-26 09:41:10,28,W+7.5,2,True,False,False,,-1,37.4739,0
2026-06-26 09:41:42,100,W+15.5,3,True,False,False,,-1,37.3305,0
2026-06-26 09:42:22,120,W+24.5,4,True,False,False,,-1,37.3803,0
2026-06-26 09:43:04,125,B+3.5,2,True,False,False,,-1,37.5,0
2026-06-26 09:43:49,137,B+35.5,6,True,False,False,,-1,37.6933,0
2026-06-26 09:44:03,50,W+7.5,2,True,False,False,,-1,37.1258,0
2026-06-26 09:44:33,93,B+6.5,5,True,False,False,,-1,36.9558,0
2026-06-26 09:45:26,162,B+46.5,1,True,False,False,,-1,37.3207,0
2026-06-26 09:46:00,106,W+9.5,3,True,False,False,,-1,37.2373,0
2026-06-26 09:46:27,95,W+12.5,5,True,False,False,,-1,37.0213,0
2026-06-26 09:46:56,99,W+0.5,2,True,False,False,,-1,36.8575,0
2026-06-26 09:47:27,101,W+15.5,2,True,False,False,,-1,36.7365,0
2026-06-26 09:48:13,138,W+40.5,7,True,False,False,,-1,36.9234,0
2026-06-26 09:48:37,79,B+1.5,2,True,False,False,,-1,36.6633,0
2026-06-26 09:49:07,96,W+10.5,4,True,False,False,,-1,36.5316,0
2026-06-26 09:49:39,98,W+14.5,2,True,False,False,,-1,36.4497,0
2026-06-26 09:50:06,82,W+16.5,3,True,False,False,,-1,36.2604,0
2026-06-26 09:50:57,162,W+28.5,5,True,False,False,,-1,36.5285,0
2026-06-26 09:51:05,32,W+10.5,2,True,False,False,,-1,36.0157,0
2026-06-26 09:51:56,148,W+48.5,5,True,False,False,,-1,36.2839,0
2026-06-26 09:52:19,70,W+7.5,2,True,False,False,,-1,36.0475,0
2026-06-26 09:53:04,142,B+28.5,7,True,False,False,,-1,36.2104,0
2026-06-26 09:53:40,119,W+37.5,4,True,False,False,,-1,36.2,0
2026-06-26 09:54:11,93,B+2.5,3,True,False,False,,-1,36.1095,0
2026-06-26 09:54:30,68,W+8.5,2,True,False,False,,-1,35.8422,0
2026-06-26 09:55:22,162,W+34.5,3,True,False,False,,-1,36.0919,0
2026-06-26 09:56:10,150,B+34.5,3,True,False,False,,-1,36.2885,0
2026-06-26 09:57:02,149,B+29.5,3,True,False,False,,-1,36.5291,0
2026-06-26 09:57:46,131,B+35.5,2,True,False,False,,-1,36.6443,0
2026-06-26 09:58:28,126,W+35.5,2,True,False,False,,-1,36.7244,0
2026-06-26 09:59:14,143,B+41.5,6,True,False,False,,-1,36.8641,0
2026-06-26 09:59:46,105,W+14.5,6,True,False,False,,-1,36.7921,0
2026-06-26 10:00:40,162,B+27.5,3,True,False,False,,-1,37.0447,0
2026-06-26 10:01:08,86,W+14.5,2,True,False,False,,-1,36.9162,0
2026-06-26 10:01:37,94,W+1.5,2,True,False,False,,-1,36.7982,0
2026-06-26 10:02:05,92,W+13.5,4,True,False,False,,-1,36.6835,0
2026-06-26 10:02:37,100,W+1.5,4,True,False,False,,-1,36.6116,0
2026-06-26 10:03:11,108,W+15.5,3,True,False,False,,-1,36.5843,0
2026-06-26 10:03:41,96,W+3.5,2,True,False,False,,-1,36.4896,0
2026-06-26 10:04:08,87,B+3.5,3,True,False,False,,-1,36.372,0
2026-06-26 10:04:57,146,B+14.5,5,True,False,False,,-1,36.5343,0
2026-06-26 10:05:24,88,W+16.5,2,True,False,False,,-1,36.4091,0
2026-06-26 10:05:49,80,W+12.5,3,True,False,False,,-1,36.2653,0
2026-06-26 10:06:26,113,W+13.5,6,True,False,False,,-1,36.2718,0
2026-06-26 10:07:01,112,W+24.5,3,True,False,False,,-1,36.2607,0
2026-06-26 10:07:31,96,W+20.5,4,True,False,False,,-1,36.1833,0
2026-06-26 10:08:23,158,B+37.5,3,True,False,False,,-1,36.3745,0
2026-06-26 10:08:50,84,W+20.5,5,True,False,False,,-1,36.2567,0
2026-06-26 10:09:28,119,B+24.5,6,True,False,False,,-1,36.2859,0
2026-06-26 10:10:20,162,W+60.5,2,True,False,False,,-1,36.4647,0
2026-06-26 10:10:50,95,B+5.5,2,True,False,False,,-1,36.3924,0
2026-06-26 10:11:08,62,W+5.5,2,True,False,False,,-1,36.1774,0
2026-06-26 10:11:52,134,B+28.5,4,True,False,False,,-1,36.2661,0
2026-06-26 10:12:46,162,B+41.5,7,True,False,False,,-1,36.4709,0
2026-06-26 10:13:25,120,W+5.5,3,True,False,False,,-1,36.4917,0
2026-06-26 10:14:01,114,W+23.5,3,True,False,False,,-1,36.4887,0
2026-06-26 10:14:41,124,W+49.5,2,True,False,False,,-1,36.5263,0
2026-06-26 10:15:13,98,W+14.5,2,True,False,False,,-1,36.4745,0
2026-06-26 10:15:52,119,B+24.5,3,True,False,False,,-1,36.5067,0
2026-06-26 10:16:24,98,B+5.5,2,True,False,False,,-1,36.4585,0
2026-06-26 10:16:56,100,W+11.5,2,True,False,False,,-1,36.4163,0
2026-06-26 10:17:26,94,W+9.5,4,True,False,False,,-1,36.3415,0
2026-06-26 10:18:18,162,W+41.5,1,True,False,False,,-1,36.5012,0
2026-06-26 10:19:12,162,B+49.5,6,True,False,False,,-1,36.6786,0
2026-06-26 10:20:03,162,B+42.5,2,True,False,False,,-1,36.8202,0
2026-06-26 10:20:56,162,B+47.5,7,True,False,False,,-1,37.0431,0
2026-06-26 10:21:20,78,W+5.5,3,True,False,False,,-1,36.948,0
2026-06-26 10:21:49,95,B+0.5,5,True,False,False,,-1,36.9565,0
2026-06-26 10:22:14,79,B+1.5,3,True,False,False,,-1,36.9235,0
2026-06-26 10:23:04,149,B+26.5,4,True,False,False,,-1,37.1043,0
2026-06-26 10:23:44,127,W+4.5,4,True,False,False,,-1,37.0493,0
2026-06-26 10:24:11,86,W+6.5,3,True,False,False,,-1,37.0451,0
2026-06-26 10:24:39,92,B+1.5,4,True,False,False,,-1,37.0395,0
2026-06-26 10:25:13,110,B+1.5,3,True,False,False,,-1,36.8405,0
2026-06-26 10:25:38,84,W+9.5,4,True,False,False,,-1,36.7808,0
2026-06-26 10:26:29,148,B+29.5,3,True,False,False,,-1,36.8677,0
2026-06-26 10:27:12,133,W+0.5,4,True,False,False,,-1,36.9051,0
2026-06-26 10:27:47,107,B+11.5,4,True,False,False,,-1,36.9522,0
2026-06-26 10:28:33,138,W+26.5,4,True,False,False,,-1,36.9527,0
2026-06-26 10:29:03,98,W+4.5,2,True,False,False,,-1,36.7912,0
2026-06-26 10:29:57,162,W+56.5,2,True,False,False,,-1,36.9376,0
2026-06-26 10:30:39,131,B+9.5,6,True,False,False,,-1,37.0435,0
2026-06-26 10:31:27,153,B+28.5,5,True,False,False,,-1,37.0772,0
2026-06-26 10:31:54,86,W+8.5,5,True,False,False,,-1,36.8944,0
2026-06-26 10:32:21,86,W+7.5,2,True,False,False,,-1,36.7093,0
2026-06-26 10:33:11,159,B+40.5,8,True,False,False,,-1,36.706,0
2026-06-26 10:33:43,98,W+13.5,2,True,False,False,,-1,36.4905,0
2026-06-26 10:33:50,30,W+7.5,2,True,False,False,,-1,36.0147,0
2026-06-26 10:34:43,162,B+26.5,3,True,False,False,,-1,36.1713,0
2026-06-26 10:35:40,162,W+70.5,3,True,False,False,,-1,36.3019,0
2026-06-26 10:36:16,116,W+29.5,3,True,False,False,,-1,36.2644,0
2026-06-26 10:37:03,139,W+59.5,2,True,False,False,,-1,36.3768,0
2026-06-26 10:37:57,162,W+62.5,4,True,False,False,,-1,36.4655,0
2026-06-26 10:38:28,106,B+3.5,6,True,False,False,,-1,36.4651,0
2026-06-26 10:39:00,101,B+1.5,3,True,False,False,,-1,36.4668,0
2026-06-26 10:39:34,108,B+1.5,4,True,False,False,,-1,36.3542,0
2026-06-26 10:40:07,102,W+33.5,3,True,False,False,,-1,36.4253,0
2026-06-26 10:40:51,127,B+45.5,2,True,False,False,,-1,36.5225,0
2026-06-26 10:41:21,96,W+0.5,5,True,False,False,,-1,36.5184,0
2026-06-26 10:42:13,158,B+42.5,9,True,False,False,,-1,36.6801,0
2026-06-26 10:42:45,100,W+6.5,3,True,False,False,,-1,36.9336,0
2026-06-26 10:43:15,95,B+5.5,2,True,False,False,,-1,36.9169,0
2026-06-26 10:43:42,82,W+12.5,3,True,False,False,,-1,36.7914,0
2026-06-26 10:44:10,87,B+1.5,3,True,False,False,,-1,36.6507,0
2026-06-26 10:44:41,101,W+2.5,5,True,False,False,,-1,36.5039,0
2026-06-26 10:45:30,154,B+34.5,6,True,False,False,,-1,36.8624,0
2026-06-26 10:46:20,149,B+29.5,3,True,False,False,,-1,37.0655,0
2026-06-26 10:46:53,104,W+5.5,5,True,False,False,,-1,36.8636,0
2026-06-26 10:47:30,117,W+12.5,4,True,False,False,,-1,36.8936,0
2026-06-26 10:47:57,90,W+19.5,2,True,False,False,,-1,36.8876,0
2026-06-26 10:48:21,78,W+14.5,2,True,False,False,,-1,36.8422,0
2026-06-26 10:49:17,162,W+39.5,2,True,False,False,,-1,37.0876,0
2026-06-26 10:49:46,94,W+21.5,2,True,False,False,,-1,36.9218,0
2026-06-26 10:50:09,70,W+2.5,3,True,False,False,,-1,36.9093,0
2026-06-26 10:51:04,162,W+42.5,3,True,False,False,,-1,37.1618,0
2026-06-26 10:51:32,88,W+7.5,2,True,False,False,,-1,37.1165,0
2026-06-26 10:52:20,148,B+30.5,7,True,False,False,,-1,37.3373,0
2026-06-26 10:53:00,123,B+1.5,3,True,False,False,,-1,37.2241,0
2026-06-26 10:53:32,101,B+11.5,7,True,False,False,,-1,37.4579,0
2026-06-26 10:54:22,147,B+36.5,5,True,False,False,,-1,37.4506,0
2026-06-26 10:54:51,97,W+12.5,4,True,False,False,,-1,37.5176,0
2026-06-26 10:55:18,82,W+3.5,5,True,False,False,,-1,37.3277,0
2026-06-26 10:55:38,70,W+8.5,5,True,False,False,,-1,37.1745,0
2026-06-26 10:56:23,141,W+14.5,3,True,False,False,,-1,37.3174,0
2026-06-26 10:56:57,104,W+11.5,2,True,False,False,,-1,37.4594,0
2026-06-26 10:57:45,147,B+50.5,7,True,False,False,,-1,37.4213,0
2026-06-26 10:58:19,105,B+1.5,2,True,False,False,,-1,37.2748,0
2026-06-26 10:58:55,109,B+18.5,4,True,False,False,,-1,37.1243,0
2026-06-26 10:59:22,86,W+1.5,3,True,False,False,,-1,36.9506,0
2026-06-26 10:59:57,110,W+17.5,3,True,False,False,,-1,36.8858,0
2026-06-26 11:00:30,105,W+5.5,2,True,False,False,,-1,36.7493,0
2026-06-26 11:01:24,162,B+42.5,2,True,False,False,,-1,36.9749,0
2026-06-26 11:02:19,162,W+58.5,2,True,False,False,,-1,36.9835,0
2026-06-26 11:02:57,115,B+26.5,2,True,False,False,,-1,37.0783,0
2026-06-26 11:03:37,125,B+36.5,8,True,False,False,,-1,37.1906,0
2026-06-26 11:04:28,162,B+23.5,2,True,False,False,,-1,37.4144,0
2026-06-26 11:05:15,143,B+41.5,2,True,False,False,,-1,37.5782,0
2026-06-26 11:06:06,162,B+68.5,9,True,False,False,,-1,37.7363,0
2026-06-26 11:06:58,162,W+57.5,2,True,False,False,,-1,37.9673,0
2026-06-26 11:07:35,114,W+2.5,2,True,False,False,,-1,38.0605,0
2026-06-26 11:08:07,98,W+9.5,2,True,False,False,,-1,37.8851,0
2026-06-26 11:08:48,135,W+12.5,10,True,False,False,,-1,38.0333,0
2026-06-26 11:09:22,104,W+9.5,2,True,False,False,,-1,38.122,0
2026-06-26 11:09:55,101,B+11.5,3,True,False,False,,-1,38.079,0
2026-06-26 11:10:23,97,W+9.5,3,True,False,False,,-1,38.0118,0
2026-06-26 11:11:00,110,B+2.5,3,True,False,False,,-1,38.0822,0
2026-06-26 11:11:37,113,B+6.5,3,True,False,False,,-1,37.9252,0
2026-06-26 11:12:08,95,B+13.5,3,True,False,False,,-1,37.9715,0
2026-06-26 11:12:40,98,W+14.5,2,True,False,False,,-1,37.9055,0
2026-06-26 11:13:18,111,B+2.5,3,True,False,False,,-1,37.7663,0
2026-06-26 11:13:37,68,W+12.5,2,True,False,False,,-1,37.6542,0
2026-06-26 11:14:15,121,B+25.5,4,True,False,False,,-1,37.8616,0
2026-06-26 11:14:43,94,W+9.5,2,True,False,False,,-1,37.7079,0
2026-06-26 11:15:27,133,W+49.5,2,True,False,False,,-1,37.5981,0
2026-06-26 11:16:05,118,W+22.5,3,True,False,False,,-1,37.5928,0
2026-06-26 11:16:19,50,W+4.5,3,True,False,False,,-1,37.3709,0
2026-06-26 11:17:04,143,W+43.5,3,True,False,False,,-1,37.4199,0
2026-06-26 11:17:57,162,B+51.5,3,True,False,False,,-1,37.6295,0
2026-06-26 11:18:46,154,W+53.5,4,True,False,False,,-1,37.7283,0
2026-06-26 11:19:27,123,W+50.5,4,True,False,False,,-1,37.8226,0
2026-06-26 11:20:06,118,W+34.5,5,True,False,False,,-1,37.8855,0
2026-06-26 11:20:59,162,B+36.5,2,True,False,False,,-1,38.1296,0
2026-06-26 11:21:26,87,B+4.5,4,True,False,False,,-1,37.8777,0
2026-06-26 11:21:58,102,W+17.5,4,True,False,False,,-1,37.6479,0
2026-06-26 11:22:04,26,W+7.5,2,True,False,False,,-1,37.1968,0
2026-06-26 11:22:45,125,B+9.5,3,True,False,False,,-1,37.0833,0
2026-06-26 11:23:32,139,W+45.5,3,True,False,False,,-1,37.3206,0
2026-06-26 11:24:02,94,W+11.5,3,True,False,False,,-1,37.3231,0
2026-06-26 11:24:53,149,W+49.5,7,True,False,False,,-1,37.5881,0
2026-06-26 11:25:42,147,B+36.5,6,True,False,False,,-1,37.5788,0
2026-06-26 11:26:22,123,B+28.5,4,True,False,False,,-1,37.5831,0
2026-06-26 11:27:14,155,B+42.5,4,True,False,False,,-1,37.8323,0
2026-06-26 11:27:57,131,W+40.5,5,True,False,False,,-1,37.9812,0
2026-06-26 11:28:48,152,W+47.5,5,True,False,False,,-1,38.1503,0
2026-06-26 11:29:30,126,B+10.5,4,True,False,False,,-1,38.3146,0
2026-06-26 11:30:04,106,W+13.5,3,True,False,False,,-1,38.1495,0
2026-06-26 11:30:54,162,B+53.5,6,True,False,False,,-1,38.2079,0
2026-06-26 11:31:33,115,B+7.5,3,True,False,False,,-1,38.257,0
2026-06-26 11:32:02,95,B+3.5,3,True,False,False,,-1,38.0874,0
2026-06-26 11:32:57,162,W+53.5,4,True,False,False,,-1,38.3289,0
2026-06-26 11:33:27,95,B+8.5,5,True,False,False,,-1,38.097,0
2026-06-26 11:34:03,117,B+26.5,5,True,False,False,,-1,38.041,0
2026-06-26 11:34:35,102,W+7.5,4,True,False,False,,-1,37.8694,0
2026-06-26 11:35:29,162,W+50.5,3,True,False,False,,-1,38.1428,0
2026-06-26 11:35:54,81,B+1.5,2,True,False,False,,-1,38.1351,0
2026-06-26 11:36:24,93,W+10.5,4,True,False,False,,-1,37.9248,0
2026-06-26 11:37:12,142,W+51.5,6,True,False,False,,-1,38.0863,0
2026-06-26 11:37:41,90,W+7.5,4,True,False,False,,-1,38.3081,0
2026-06-26 11:37:49,32,W+7.5,2,True,False,False,,-1,37.8586,0
2026-06-26 11:37:55,24,W+7.5,2,True,False,False,,-1,37.348,0
2026-06-26 11:38:25,89,B+3.5,3,True,False,False,,-1,37.2786,0
2026-06-26 11:39:14,147,B+32.5,4,True,False,False,,-1,37.3066,0
2026-06-26 11:39:50,113,W+10.5,9,True,False,False,,-1,37.1335,0
2026-06-26 11:40:30,119,B+31.5,4,True,False,False,,-1,37.2219,0
2026-06-26 11:41:07,110,W+15.5,2,True,False,False,,-1,37.2672,0
2026-06-26 11:41:56,149,B+45.5,2,True,False,False,,-1,37.4213,0
2026-06-26 11:42:08,42,W+4.5,2,True,False,False,,-1,37.2087,0
2026-06-26 11:42:38,94,W+22.5,2,True,False,False,,-1,37.0712,0
2026-06-26 11:43:14,107,B+0.5,3,True,False,False,,-1,37.1244,0
2026-06-26 11:43:50,114,B+2.5,2,True,False,False,,-1,36.9681,0
2026-06-26 11:44:44,162,W+51.5,8,True,False,False,,-1,37.1908,0
2026-06-26 11:45:36,162,B+33.5,3,True,False,False,,-1,37.4034,0
2026-06-26 11:46:30,162,W+61.5,3,True,False,False,,-1,37.679,0
2026-06-26 11:46:54,74,W+16.5,3,True,False,False,,-1,37.6349,0
2026-06-26 11:47:06,46,W+5.5,2,True,False,False,,-1,37.4514,0
2026-06-26 11:47:41,107,W+2.5,7,True,False,False,,-1,37.3047,0
2026-06-26 11:48:22,126,W+45.5,4,True,False,False,,-1,37.2088,0
2026-06-26 11:48:56,105,B+20.5,4,True,False,False,,-1,37.2262,0
2026-06-26 11:49:18,74,W+10.5,3,True,False,False,,-1,37.0767,0
2026-06-26 11:49:50,103,B+12.5,2,True,False,False,,-1,37.1267,0
2026-06-26 11:50:11,70,W+12.5,2,True,False,False,,-1,37.0931,0
2026-06-26 11:50:42,103,B+10.5,5,True,False,False,,-1,36.8449,0
2026-06-26 11:51:18,103,W+5.5,3,True,False,False,,-1,36.9125,0
2026-06-26 11:52:12,162,W+43.5,5,True,False,False,,-1,37.2263,0
2026-06-26 11:53:06,162,B+38.5,7,True,False,False,,-1,37.2145,0
2026-06-26 11:53:34,89,B+0.5,4,True,False,False,,-1,37.2143,0
2026-06-26 11:54:12,114,W+19.5,4,True,False,False,,-1,37.1172,0
2026-06-26 11:54:47,107,B+0.5,3,True,False,False,,-1,37.0721,0
2026-06-26 11:55:31,132,B+38.5,3,True,False,False,,-1,37.1901,0
2026-06-26 11:56:00,91,B+1.5,2,True,False,False,,-1,36.9755,0
2026-06-26 11:56:40,122,W+33.5,4,True,False,False,,-1,37.0805,0
2026-06-26 11:57:17,119,W+26.5,2,True,False,False,,-1,37.1905,0
2026-06-26 11:57:34,60,W+1.5,3,True,False,False,,-1,37.1557,0
2026-06-26 11:58:00,84,W+7.5,2,True,False,False,,-1,36.9625,0
2026-06-26 11:58:44,135,B+15.5,4,True,False,False,,-1,37.0621,0
2026-06-26 11:59:25,131,W+4.5,7,True,False,False,,-1,37.0007,0
2026-06-26 12:00:00,109,B+16.5,2,True,False,False,,-1,37.0115,0
2026-06-26 12:00:15,54,W+4.5,3,True,False,False,,-1,36.7955,0
2026-06-26 12:01:04,162,W+39.5,1,True,False,False,,-1,37.0211,0
2026-06-26 12:01:23,66,W+12.5,2,True,False,False,,-1,36.8552,0
2026-06-26 12:02:12,151,B+38.5,6,True,False,False,,-1,37.0155,0
2026-06-26 12:02:19,28,W+8.5,3,True,False,False,,-1,36.5443,0
2026-06-26 12:03:13,162,B+29.5,4,True,False,False,,-1,36.5374,0
2026-06-26 12:03:48,106,W+6.5,3,True,False,False,,-1,36.5078,0
2026-06-26 12:04:42,157,B+50.5,4,True,False,False,,-1,36.6469,0
2026-06-26 12:05:24,125,B+17.5,5,True,False,False,,-1,36.561,0
2026-06-26 12:06:17,162,W+38.5,2,True,False,False,,-1,36.6158,0
2026-06-26 12:06:36,64,W+8.5,3,True,False,False,,-1,36.2977,0
2026-06-26 12:07:02,84,W+10.5,3,True,False,False,,-1,36.0309,0
2026-06-26 12:07:27,80,W+11.5,3,True,False,False,,-1,35.9101,0
2026-06-26 12:08:05,125,W+19.5,4,True,False,False,,-1,35.9786,0
2026-06-26 12:08:31,81,B+3.5,2,True,False,False,,-1,35.8217,0
2026-06-26 12:09:09,129,W+29.5,4,True,False,False,,-1,35.867,0
2026-06-26 12:09:35,86,W+17.5,2,True,False,False,,-1,35.8032,0
2026-06-26 12:10:27,162,W+45.5,3,True,False,False,,-1,36.0344,0
2026-06-26 12:10:57,90,W+20.5,3,True,False,False,,-1,35.9631,0
2026-06-26 12:11:31,109,W+19.5,4,True,False,False,,-1,35.9429,0
2026-06-26 12:12:00,101,B+13.5,4,True,False,False,,-1,35.9246,0
2026-06-26 12:12:13,46,W+8.5,2,True,False,False,,-1,35.7332,0
2026-06-26 12:12:48,111,W+14.5,6,True,False,False,,-1,35.704,0
2026-06-26 12:13:44,162,B+21.5,1,True,False,False,,-1,36.0683,0
2026-06-26 12:14:28,133,B+18.5,7,True,False,False,,-1,36.1299,0
2026-06-26 12:15:23,162,B+37.5,0,True,False,False,,-1,36.3959,0
2026-06-26 12:16:12,141,W+38.5,6,True,False,False,,-1,36.4441,0
2026-06-26 12:16:29,58,W+11.5,2,True,False,False,,-1,36.2387,0
2026-06-26 12:16:35,24,W+7.5,2,True,False,False,,-1,36.156,0
2026-06-26 12:17:22,136,W+61.5,4,True,False,False,,-1,36.1771,0
2026-06-26 12:18:00,117,W+5.5,3,True,False,False,,-1,36.0287,0
2026-06-26 12:18:30,92,W+14.5,3,True,False,False,,-1,35.8426,0
2026-06-26 12:19:23,162,W+47.5,4,True,False,False,,-1,35.95,0
2026-06-26 12:20:16,162,B+25.5,5,True,False,False,,-1,36.0992,0
2026-06-26 12:20:56,122,W+33.5,4,True,False,False,,-1,35.9604,0
2026-06-26 12:21:47,155,W+36.5,4,True,False,False,,-1,36.1991,0
2026-06-26 12:22:15,94,B+3.5,4,True,False,False,,-1,36.1661,0
2026-06-26 12:22:42,89,W+9.5,7,True,False,False,,-1,36.3755,0
2026-06-26 12:23:12,97,B+10.5,3,True,False,False,,-1,36.2706,0
2026-06-26 12:23:28,56,W+8.5,2,True,False,False,,-1,35.9562,0
2026-06-26 12:23:56,87,B+0.5,2,True,False,False,,-1,35.9381,0
2026-06-26 12:24:25,91,B+2.5,6,True,False,False,,-1,35.7165,0
2026-06-26 12:25:02,116,W+29.5,3,True,False,False,,-1,35.603,0
2026-06-26 12:25:48,145,W+45.5,7,True,False,False,,-1,35.6532,0
2026-06-26 12:26:23,104,W+25.5,2,True,False,False,,-1,35.4822,0
2026-06-26 12:26:52,88,W+12.5,3,True,False,False,,-1,35.3467,0
2026-06-26 12:27:09,60,W+12.5,3,True,False,False,,-1,34.9996,0
2026-06-26 12:27:43,105,B+1.5,3,True,False,False,,-1,34.9244,0
2026-06-26 12:28:21,127,W+20.5,4,True,False,False,,-1,34.9649,0
2026-06-26 12:28:40,64,W+9.5,2,True,False,False,,-1,34.6575,0
2026-06-26 12:29:31,149,B+41.5,5,True,False,False,,-1,34.7835,0
2026-06-26 12:30:24,162,W+57.5,5,True,False,False,,-1,35.0192,0
2026-06-26 12:31:16,162,B+27.5,5,True,False,False,,-1,34.993,0
2026-06-26 12:31:44,84,W+13.5,3,True,False,False,,-1,34.9748,0
2026-06-26 12:32:32,143,B+33.5,3,True,False,False,,-1,35.0921,0
2026-06-26 12:33:05,108,W+6.5,3,True,False,False,,-1,35.105,0
2026-06-26 12:33:33,88,W+12.5,4,True,False,False,,-1,34.8423,0
2026-06-26 12:34:11,123,W+3.5,5,True,False,False,,-1,34.9675,0
2026-06-26 12:34:52,128,B+0.5,4,True,False,False,,-1,35.0755,0
2026-06-26 12:35:24,108,W+14.5,6,True,False,False,,-1,34.9211,0
2026-06-26 12:35:51,88,W+4.5,5,True,False,False,,-1,34.8916,0
2026-06-26 12:36:21,101,B+2.5,3,True,False,False,,-1,35.1159,0
2026-06-26 12:36:53,100,W+12.5,2,True,False,False,,-1,35.3762,0
2026-06-26 12:37:28,104,B+11.5,3,True,False,False,,-1,35.4287,0
2026-06-26 12:38:01,114,W+23.5,3,True,False,False,,-1,35.2721,0
2026-06-26 12:38:14,48,W+7.5,2,True,False,False,,-1,35.0332,0
2026-06-26 12:39:00,145,B+50.5,8,True,False,False,,-1,35.0943,0
2026-06-26 12:39:38,107,B+5.5,2,True,False,False,,-1,35.1033,0
2026-06-26 12:40:06,94,W+12.5,3,True,False,False,,-1,34.8907,0
2026-06-26 12:40:49,130,W+52.5,3,True,False,False,,-1,35.2017,0
2026-06-26 12:41:03,52,W+9.5,2,True,False,False,,-1,35.0416,0
2026-06-26 12:41:40,115,W+9.5,5,True,False,False,,-1,35.0555,0
2026-06-26 12:42:11,105,W+5.5,10,True,False,False,,-1,35.0138,0
2026-06-26 12:42:55,136,W+41.5,3,True,False,False,,-1,34.9104,0
2026-06-26 12:43:46,154,W+25.5,3,True,False,False,,-1,34.9034,0
2026-06-26 12:44:14,84,W+8.5,4,True,False,False,,-1,34.6391,0
2026-06-26 12:44:42,84,W+11.5,4,True,False,False,,-1,34.6813,0
2026-06-26 12:45:09,86,W+10.5,3,True,False,False,,-1,34.8229,0
2026-06-26 12:45:40,100,W+30.5,3,True,False,False,,-1,34.7813,0
2026-06-26 12:46:13,105,B+10.5,7,True,False,False,,-1,34.7121,0
2026-06-26 12:46:57,127,B+24.5,5,True,False,False,,-1,34.8019,0
2026-06-26 12:47:39,134,B+1.5,3,True,False,False,,-1,35.009,0
2026-06-26 12:48:08,90,W+1.5,3,True,False,False,,-1,34.9782,0
2026-06-26 12:49:00,162,W+59.5,4,True,False,False,,-1,35.2899,0
2026-06-26 12:49:50,143,W+36.5,2,True,False,False,,-1,35.4786,0
2026-06-26 12:50:41,162,B+44.5,3,True,False,False,,-1,35.6259,0
2026-06-26 12:50:59,64,W+8.5,3,True,False,False,,-1,35.2662,0
2026-06-26 12:51:13,54,W+8.5,3,True,False,False,,-1,34.8703,0
2026-06-26 12:51:41,88,W+12.5,2,True,False,False,,-1,34.8709,0
2026-06-26 12:52:09,94,W+19.5,4,True,False,False,,-1,34.7665,0
2026-06-26 12:52:44,113,W+18.5,8,True,False,False,,-1,34.7604,0
2026-06-26 12:52:52,32,W+7.5,2,True,False,False,,-1,34.4117,0
2026-06-26 12:53:44,156,W+47.5,3,True,False,False,,-1,34.6404,0
2026-06-26 12:54:24,124,W+4.5,2,True,False,False,,-1,34.6379,0
2026-06-26 12:55:09,139,B+34.5,4,True,False,False,,-1,34.7125,0
2026-06-26 12:56:00,148,W+35.5,3,True,False,False,,-1,35.0528,0
2026-06-26 12:56:27,97,B+1.5,7,True,False,False,,-1,35.0667,0
2026-06-26 12:57:00,101,B+1.5,2,True,False,False,,-1,34.9558,0
2026-06-26 12:57:44,138,W+56.5,3,True,False,False,,-1,34.9878,0
2026-06-26 12:58:10,80,W+5.5,4,True,False,False,,-1,34.9009,0
2026-06-26 12:58:41,95,B+3.5,2,True,False,False,,-1,35.062,0
2026-06-26 12:59:16,117,B+11.5,7,True,False,False,,-1,34.9169,0
2026-06-26 13:00:08,151,W+47.5,4,True,False,False,,-1,35.2451,0
2026-06-26 13:00:51,132,B+28.5,4,True,False,False,,-1,35.1958,0
2026-06-26 13:01:20,96,W+12.5,5,True,False,False,,-1,35.4084,0
2026-06-26 13:01:54,113,B+7.5,4,True,False,False,,-1,35.2044,0
2026-06-26 13:02:49,162,W+10.5,1,True,False,False,,-1,35.4124,0
2026-06-26 13:03:01,44,W+8.5,2,True,False,False,,-1,34.9905,0
2026-06-26 13:03:33,98,W+25.5,2,True,False,False,,-1,34.8852,0
2026-06-26 13:04:28,162,B+31.5,2,True,False,False,,-1,34.9073,0
2026-06-26 13:04:43,56,W+5.5,3,True,False,False,,-1,34.8722,0
2026-06-26 13:05:32,147,B+39.5,4,True,False,False,,-1,35.1033,0
2026-06-26 13:06:28,162,W+42.5,5,True,False,False,,-1,35.4133,0
2026-06-26 13:06:59,100,W+12.5,3,True,False,False,,-1,35.342,0
2026-06-26 13:07:27,94,B+1.5,3,True,False,False,,-1,35.3624,0
2026-06-26 13:07:54,84,W+9.5,5,True,False,False,,-1,35.2432,0
2026-06-26 13:08:35,125,W+28.5,5,True,False,False,,-1,35.3909,0
2026-06-26 13:09:08,107,W+14.5,3,True,False,False,,-1,35.2063,0
2026-06-26 13:09:43,105,B+4.5,3,True,False,False,,-1,35.2623,0
2026-06-26 13:10:26,128,B+35.5,3,True,False,False,,-1,35.3506,0
2026-06-26 13:11:05,131,B+34.5,11,True,False,False,,-1,35.4468,0
2026-06-26 13:11:40,105,B+16.5,4,True,False,False,,-1,35.6631,0
2026-06-26 13:12:31,143,B+42.5,5,True,False,False,,-1,35.8281,0
2026-06-26 13:12:47,58,W+4.5,3,True,False,False,,-1,35.4313,0
2026-06-26 13:13:39,162,W+46.5,4,True,False,False,,-1,35.5092,0
2026-06-26 13:14:12,106,B+10.5,3,True,False,False,,-1,35.2873,0
2026-06-26 13:14:57,140,W+49.5,5,True,False,False,,-1,35.245,0
2026-06-26 13:15:25,97,W+8.5,4,True,False,False,,-1,35.3607,0
2026-06-26 13:15:40,50,W+7.5,2,True,False,False,,-1,35.446,0
2026-06-26 13:16:21,125,B+13.5,4,True,False,False,,-1,35.3911,0
2026-06-26 13:16:54,106,W+36.5,4,True,False,False,,-1,35.3454,0
2026-06-26 13:17:47,162,B+30.5,4,True,False,False,,-1,35.5651,0
2026-06-26 13:18:36,146,W+56.5,4,True,False,False,,-1,35.527,0
2026-06-26 13:19:11,111,B+20.5,4,True,False,False,,-1,35.345,0
2026-06-26 13:19:42,93,B+4.5,2,True,False,False,,-1,35.2558,0
2026-06-26 13:20:32,148,W+58.5,3,True,False,False,,-1,35.2478,0
2026-06-26 13:21:10,113,B+20.5,3,True,False,False,,-1,35.3479,0
2026-06-26 13:21:44,101,B+4.5,2,True,False,False,,-1,35.4147,0
2026-06-26 13:22:17,100,W+6.5,5,True,False,False,,-1,35.4469,0
2026-06-26 13:22:44,85,B+0.5,3,True,False,False,,-1,35.5572,0
2026-06-26 13:23:19,106,W+16.5,5,True,False,False,,-1,35.6255,0
2026-06-26 13:23:55,111,B+13.5,4,True,False,False,,-1,35.7019,0
2026-06-26 13:24:43,143,B+35.5,3,True,False,False,,-1,35.8066,0
2026-06-26 13:25:01,64,W+11.5,2,True,False,False,,-1,35.53,0
2026-06-26 13:25:28,87,B+2.5,3,True,False,False,,-1,35.4508,0
2026-06-26 13:26:19,162,W+53.5,7,True,False,False,,-1,35.6689,0
2026-06-26 13:26:59,126,W+41.5,3,True,False,False,,-1,35.904,0
2026-06-26 13:27:32,100,W+22.5,2,True,False,False,,-1,35.8908,0
2026-06-26 13:28:01,92,W+5.5,3,True,False,False,,-1,35.7974,0
2026-06-26 13:28:35,105,W+14.5,3,True,False,False,,-1,35.9474,0
2026-06-26 13:29:24,145,W+55.5,4,True,False,False,,-1,35.9209,0
2026-06-26 13:30:11,141,B+23.5,5,True,False,False,,-1,35.8673,0
2026-06-26 13:30:54,131,W+19.5,5,True,False,False,,-1,35.7738,0
2026-06-26 13:31:33,124,W+25.5,4,True,False,False,,-1,35.8797,0
2026-06-26 13:32:26,162,W+37.5,4,True,False,False,,-1,35.9291,0
2026-06-26 13:32:51,80,W+12.5,4,True,False,False,,-1,35.851,0
2026-06-26 13:33:27,116,W+30.5,3,True,False,False,,-1,35.9307,0
2026-06-26 13:34:05,124,W+50.5,5,True,False,False,,-1,35.9309,0
2026-06-26 13:34:43,113,B+10.5,3,True,False,False,,-1,35.9039,0
2026-06-26 13:35:21,114,B+23.5,2,True,False,False,,-1,35.9616,0
2026-06-26 13:36:11,158,W+65.5,4,True,False,False,,-1,36.1959,0
2026-06-26 13:36:40,94,W+8.5,4,True,False,False,,-1,36.187,0
2026-06-26 13:37:15,102,W+26.5,3,True,False,False,,-1,36.213,0
2026-06-26 13:37:24,32,W+8.5,3,True,False,False,,-1,35.9584,0
2026-06-26 13:37:44,70,W+5.5,3,True,False,False,,-1,35.8221,0
2026-06-26 13:38:36,157,B+26.5,6,True,False,False,,-1,36.2224,0
2026-06-26 13:39:22,137,W+21.5,3,True,False,False,,-1,36.2152,0
2026-06-26 13:39:51,96,W+22.5,5,True,False,False,,-1,36.1319,0
2026-06-26 13:40:03,44,W+9.5,2,True,False,False,,-1,35.9752,0
2026-06-26 13:40:49,131,B+27.5,5,True,False,False,,-1,36.0015,0
2026-06-26 13:41:22,98,W+28.5,2,True,False,False,,-1,36.1874,0
2026-06-26 13:42:02,125,W+26.5,2,True,False,False,,-1,36.2169,0
2026-06-26 13:42:40,132,B+32.5,7,True,False,False,,-1,36.2896,0
2026-06-26 13:43:09,88,W+5.5,3,True,False,False,,-1,36.1312,0
2026-06-26 13:43:17,28,W+7.5,2,True,False,False,,-1,35.7035,0
2026-06-26 13:43:51,107,W+22.5,3,True,False,False,,-1,35.7635,0
2026-06-26 13:44:23,100,W+24.5,3,True,False,False,,-1,35.8024,0
2026-06-26 13:44:56,103,B+1.5,2,True,False,False,,-1,35.8736,0
2026-06-26 13:45:50,162,W+24.5,5,True,False,False,,-1,36.1069,0
2026-06-26 13:46:27,115,B+1.5,5,True,False,False,,-1,36.1341,0
2026-06-26 13:46:49,74,W+11.5,2,True,False,False,,-1,35.9243,0
2026-06-26 13:47:21,98,W+19.5,4,True,False,False,,-1,35.814,0
2026-06-26 13:48:03,132,W+36.5,4,True,False,False,,-1,35.9479,0
2026-06-26 13:48:29,85,B+1.5,2,True,False,False,,-1,35.6886,0
2026-06-26 13:49:08,116,B+9.5,2,True,False,False,,-1,35.5811,0
2026-06-26 13:49:37,90,W+5.5,3,True,False,False,,-1,35.3591,0
2026-06-26 13:50:08,105,B+6.5,7,True,False,False,,-1,35.4851,0
2026-06-26 13:50:37,99,W+9.5,5,True,False,False,,-1,35.6369,0
2026-06-26 13:50:59,72,W+6.5,2,True,False,False,,-1,35.5786,0
2026-06-26 13:51:29,92,W+9.5,2,True,False,False,,-1,35.5953,0
2026-06-26 13:51:55,85,B+3.5,4,True,False,False,,-1,35.5134,0
2026-06-26 13:52:29,109,W+15.5,3,True,False,False,,-1,35.7683,0
2026-06-26 13:53:17,146,B+39.5,3,True,False,False,,-1,35.7232,0
2026-06-26 13:53:45,86,W+0.5,3,True,False,False,,-1,35.614,0
2026-06-26 13:54:36,162,B+48.5,11,True,False,False,,-1,35.6672,0
2026-06-26 13:55:08,98,W+30.5,2,True,False,False,,-1,35.487,0
2026-06-26 13:55:53,135,B+9.5,5,True,False,False,,-1,35.6623,0
2026-06-26 13:56:38,134,W+2.5,4,True,False,False,,-1,35.785,0
2026-06-26 13:57:11,107,W+11.5,2,True,False,False,,-1,35.6705,0
2026-06-26 13:57:52,128,W+29.5,5,True,False,False,,-1,35.8181,0
2026-06-26 13:58:17,84,W+3.5,4,True,False,False,,-1,35.7551,0
2026-06-26 13:58:42,78,W+4.5,2,True,False,False,,-1,35.6547,0
2026-06-26 13:59:06,76,W+0.5,3,True,False,False,,-1,35.3832,0
2026-06-26 13:59:54,141,B+43.5,10,True,False,False,,-1,35.4259,0
2026-06-26 14:00:27,105,W+7.5,6,True,False,False,,-1,35.4678,0
2026-06-26 14:01:02,120,W+38.5,7,True,False,False,,-1,35.4763,0
2026-06-26 14:01:32,100,W+10.5,2,True,False,False,,-1,35.2227,0
2026-06-26 14:02:09,123,W+36.5,4,True,False,False,,-1,35.4787,0
2026-06-26 14:02:25,56,W+2.5,3,True,False,False,,-1,35.3153,0
2026-06-26 14:02:58,101,B+0.5,2,True,False,False,,-1,35.0899,0
2026-06-26 14:03:31,100,W+6.5,2,True,False,False,,-1,35.2718,0
2026-06-26 14:03:50,64,W+11.5,2,True,False,False,,-1,34.9695,0
2026-06-26 14:04:29,122,W+29.5,2,True,False,False,,-1,34.81,0
2026-06-26 14:04:58,92,W+22.5,4,True,False,False,,-1,34.7878,0
2026-06-26 14:05:51,151,B+36.5,8,True,False,False,,-1,35.0386,0
2026-06-26 14:06:41,162,W+53.5,4,True,False,False,,-1,35.2755,0
2026-06-26 14:07:07,83,B+2.5,2,True,False,False,,-1,35.1261,0
2026-06-26 14:07:31,76,W+8.5,4,True,False,False,,-1,35.0324,0
2026-06-26 14:08:24,162,B+31.5,5,True,False,False,,-1,35.2038,0
2026-06-26 14:08:53,93,B+3.5,6,True,False,False,,-1,35.0644,0
2026-06-26 14:09:42,149,W+37.5,5,True,False,False,,-1,35.1632,0
2026-06-26 14:10:25,133,W+3.5,5,True,False,False,,-1,35.2436,0
2026-06-26 14:10:54,86,W+9.5,3,True,False,False,,-1,35.0202,0
2026-06-26 14:11:26,102,W+12.5,2,True,False,False,,-1,35.182,0
2026-06-26 14:12:02,119,B+15.5,3,True,False,False,,-1,35.0303,0
2026-06-26 14:12:56,162,B+36.5,1,True,False,False,,-1,35.2318,0
2026-06-26 14:13:27,101,B+9.5,4,True,False,False,,-1,35.1061,0
2026-06-26 14:14:00,106,W+5.5,6,True,False,False,,-1,35.1432,0
2026-06-26 14:14:39,117,W+13.5,3,True,False,False,,-1,35.3852,0
2026-06-26 14:15:21,132,W+41.5,6,True,False,False,,-1,35.3946,0
2026-06-26 14:16:12,162,B+27.5,4,True,False,False,,-1,35.5769,0
2026-06-26 14:16:45,102,W+15.5,2,True,False,False,,-1,35.3737,0
2026-06-26 14:17:23,122,B+6.5,9,True,False,False,,-1,35.275,0
2026-06-26 14:17:50,85,W+5.5,3,True,False,False,,-1,35.1878,0
2026-06-26 14:18:44,162,W+17.5,3,True,False,False,,-1,35.4209,0
2026-06-26 14:19:35,153,B+43.5,7,True,False,False,,-1,35.4332,0
2026-06-26 14:20:19,137,W+42.5,3,True,False,False,,-1,35.4915,0
2026-06-26 14:20:41,72,W+7.5,2,True,False,False,,-1,35.3724,0
2026-06-26 14:21:13,103,W+9.5,2,True,False,False,,-1,35.3537,0
2026-06-26 14:21:24,44,W+9.5,3,True,False,False,,-1,35.2013,0
2026-06-26 14:21:44,64,W+10.5,2,True,False,False,,-1,35.0484,0
2026-06-26 14:22:37,162,B+47.5,4,True,False,False,,-1,35.2178,0
2026-06-26 14:23:05,91,W+10.5,4,True,False,False,,-1,35.0173,0
2026-06-26 14:23:37,96,W+11.5,2,True,False,False,,-1,35.1577,0
2026-06-26 14:24:30,162,B+22.5,7,True,False,False,,-1,35.4181,0
2026-06-26 14:25:16,138,B+33.5,4,True,False,False,,-1,35.3622,0
2026-06-26 14:25:49,102,W+22.5,3,True,False,False,,-1,35.2924,0
2026-06-26 14:26:00,44,W+6.5,2,True,False,False,,-1,35.078,0
2026-06-26 14:26:35,114,W+23.5,5,True,False,False,,-1,35.1422,0
2026-06-26 14:27:07,97,B+4.5,4,True,False,False,,-1,35.1236,0
2026-06-26 14:27:41,103,B+22.5,4,True,False,False,,-1,34.9709,0
2026-06-26 14:28:10,96,B+3.5,5,True,False,False,,-1,34.7837,0
2026-06-26 14:28:44,102,W+8.5,3,True,False,False,,-1,34.7031,0
2026-06-26 14:29:26,124,W+58.5,3,True,False,False,,-1,34.7313,0
2026-06-26 14:30:01,108,W+12.5,5,True,False,False,,-1,34.5499,0
2026-06-26 14:30:28,86,W+8.5,2,True,False,False,,-1,34.5698,0
2026-06-26 14:30:47,64,W+5.5,2,True,False,False,,-1,34.4032,0
2026-06-26 14:31:40,147,B+30.5,3,True,False,False,,-1,34.5509,0
2026-06-26 14:31:50,38,W+11.5,2,True,False,False,,-1,34.2723,0
2026-06-26 14:32:21,104,W+23.5,2,True,False,False,,-1,34.201,0
2026-06-26 14:32:55,100,B+10.5,3,True,False,False,,-1,34.0367,0
2026-06-26 14:33:15,68,W+8.5,2,True,False,False,,-1,33.9493,0
2026-06-26 14:33:51,118,W+24.5,3,True,False,False,,-1,33.9636,0
2026-06-26 14:34:23,99,B+4.5,3,True,False,False,,-1,34.1911,0
2026-06-26 14:34:56,102,W+0.5,2,True,False,False,,-1,34.3208,0
2026-06-26 14:35:34,114,W+42.5,3,True,False,False,,-1,34.1732,0
2026-06-26 14:35:55,74,W+4.5,2,True,False,False,,-1,33.9249,0
2026-06-26 14:36:25,93,B+10.5,2,True,False,False,,-1,33.9322,0
2026-06-26 14:36:43,64,W+5.5,3,True,False,False,,-1,33.9931,0
2026-06-26 14:37:11,89,B+1.5,2,True,False,False,,-1,33.8147,0
2026-06-26 14:38:04,153,B+55.5,2,True,False,False,,-1,34.0238,0
2026-06-26 14:38:48,130,W+45.5,5,True,False,False,,-1,34.0636,0
2026-06-26 14:41:37,107,W+0.5,12,True,False,False,,-1,34.0816,1000
2026-06-26 14:42:15,135,W+1.5,25,True,False,False,,-1,34.3876,1000
2026-06-26 14:42:54,132,B+1.5,23,True,False,False,,-1,34.4321,1000
2026-06-26 14:43:25,105,W+7.5,11,True,False,False,,-1,34.4303,1000
2026-06-26 14:43:58,108,B+4.5,12,True,False,False,,-1,34.4178,1000
2026-06-26 14:44:23,94,B+1.5,7,True,False,False,,-1,34.1251,1000
2026-06-26 14:45:00,141,W+0.5,18,True,False,False,,-1,34.1349,1000
2026-06-26 14:45:23,90,B+4.5,8,True,False,False,,-1,34.1409,1000
2026-06-26 14:45:54,108,B+2.5,13,True,False,False,,-1,34.1334,1000
2026-06-26 14:46:32,133,W+1.5,22,True,False,False,,-1,34.1009,1000
2026-06-26 14:46:55,79,B+5.5,3,True,False,False,,-1,34.0559,1000
2026-06-26 14:47:22,108,B+0.5,14,True,False,False,,-1,33.9448,1000
2026-06-26 14:48:02,158,B+5.5,24,True,False,False,,-1,34.0578,1000
2026-06-26 14:48:33,104,B+1.5,12,True,False,False,,-1,34.058,1000
2026-06-26 14:49:01,117,W+0.5,13,True,False,False,,-1,34.0434,1000
2026-06-26 14:49:33,123,W+8.5,15,True,False,False,,-1,34.1408,1000
2026-06-26 14:50:01,111,W+1.5,13,True,False,False,,-1,34.1201,1000
2026-06-26 14:50:27,102,W+2.5,11,True,False,False,,-1,34.1197,1000
2026-06-26 14:50:57,106,B+1.5,14,True,False,False,,-1,34.0773,1000
2026-06-26 14:51:28,117,B+2.5,19,True,False,False,,-1,33.9155,1000
2026-06-26 14:51:55,102,B+4.5,9,True,False,False,,-1,33.9033,1000
2026-06-26 14:52:37,153,W+0.5,23,True,False,False,,-1,33.8184,1000
2026-06-26 14:53:02,98,B+0.5,9,True,False,False,,-1,33.7411,1000
2026-06-26 14:53:29,96,B+3.5,11,True,False,False,,-1,33.5592,1000
2026-06-26 14:54:03,118,B+12.5,13,True,False,False,,-1,33.4535,1000
2026-06-26 14:54:35,120,B+9.5,16,True,False,False,,-1,33.4398,1000
2026-06-26 14:55:08,119,W+0.5,12,True,False,False,,-1,33.3581,1000
2026-06-26 14:55:42,123,W+3.5,9,True,False,False,,-1,33.4542,1000
2026-06-26 14:56:17,140,B+4.5,19,True,False,False,,-1,33.5556,1000
2026-06-26 14:56:54,120,W+0.5,14,True,False,False,,-1,33.6781,1000
2026-06-26 14:57:26,112,B+10.5,12,True,False,False,,-1,33.5162,1000
2026-06-26 14:57:57,115,W+0.5,18,True,False,False,,-1,33.5022,1000
2026-06-26 14:58:26,111,B+17.5,13,True,False,False,,-1,33.4457,1000
2026-06-26 14:59:00,118,B+15.5,9,True,False,False,,-1,33.4789,1000
2026-06-26 14:59:31,114,B+1.5,12,True,False,False,,-1,33.4194,1000
2026-06-26 14:59:59,94,B+4.5,7,True,False,False,,-1,33.5465,1000
2026-06-26 15:00:26,101,B+2.5,11,True,False,False,,-1,33.487,1000
2026-06-26 15:00:44,62,W+9.5,2,True,False,False,,-1,33.3385,1000
2026-06-26 15:01:15,114,B+12.5,9,True,False,False,,-1,33.4558,1000
2026-06-26 15:01:47,116,B+1.5,8,True,False,False,,-1,33.3794,1000
2026-06-26 15:02:30,162,W+31.5,19,True,False,False,,-1,33.5191,1000
2026-06-26 15:03:14,160,B+10.5,28,True,False,False,,-1,33.4337,1000
2026-06-26 15:03:46,119,W+8.5,13,True,False,False,,-1,33.2512,1000
2026-06-26 15:04:10,90,B+3.5,5,True,False,False,,-1,33.2272,1000
2026-06-26 15:04:52,162,W+23.5,27,True,False,False,,-1,33.4121,1000
2026-06-26 15:05:28,132,W+6.5,18,True,False,False,,-1,33.2432,1000
2026-06-26 15:06:00,119,W+0.5,7,True,False,False,,-1,33.2756,1000
2026-06-26 15:06:34,125,W+1.5,15,True,False,False,,-1,33.1226,1000
2026-06-26 15:06:46,46,W+9.5,2,True,False,False,,-1,32.8148,1000
2026-06-26 15:06:56,38,W+6.5,2,True,False,False,,-1,32.6297,1000
2026-06-26 15:07:30,133,B+1.5,20,True,False,False,,-1,32.6515,1000
2026-06-26 15:08:03,111,W+0.5,13,True,False,False,,-1,32.6064,1000
2026-06-26 15:08:30,107,W+0.5,13,True,False,False,,-1,32.348,1000
2026-06-26 15:08:59,113,W+2.5,15,True,False,False,,-1,32.319,1000
2026-06-26 15:09:30,106,B+4.5,7,True,False,False,,-1,32.2984,1000
2026-06-26 15:10:00,107,B+2.5,8,True,False,False,,-1,32.2157,1000
2026-06-26 15:10:13,49,B+0.5,5,True,False,False,,-1,31.9251,1000
2026-06-26 15:10:44,117,B+7.5,14,True,False,False,,-1,31.7187,1000
2026-06-26 15:11:18,119,W+0.5,13,True,False,False,,-1,31.7365,1000
2026-06-26 15:11:49,113,W+2.5,13,True,False,False,,-1,31.6653,1000
2026-06-26 15:12:16,98,B+2.5,10,True,False,False,,-1,31.6676,1000
2026-06-26 15:12:46,102,B+4.5,11,True,False,False,,-1,31.4206,1000
2026-06-26 15:13:19,124,B+4.5,14,True,False,False,,-1,31.2404,1000
2026-06-26 15:13:51,112,B+1.5,13,True,False,False,,-1,31.1227,1000
2026-06-26 15:13:56,20,W+7.5,2,True,False,False,,-1,30.9578,1000
2026-06-26 15:14:32,142,B+8.5,24,True,False,False,,-1,30.9945,1000
2026-06-26 15:15:02,106,B+1.5,16,True,False,False,,-1,31.178,1000
2026-06-26 15:15:46,162,W+47.5,22,True,False,False,,-1,31.4231,1000
2026-06-26 15:16:15,104,B+5.5,9,True,False,False,,-1,31.1795,1000
2026-06-26 15:16:44,111,W+0.5,11,True,False,False,,-1,31.1956,1000
2026-06-26 15:17:22,153,B+2.5,23,True,False,False,,-1,31.2503,1000
2026-06-26 15:17:55,121,W+3.5,17,True,False,False,,-1,31.0551,1000
2026-06-26 15:18:27,112,B+2.5,13,True,False,False,,-1,30.9164,1000
2026-06-26 15:18:57,109,W+0.5,10,True,False,False,,-1,30.8823,1000
2026-06-26 15:19:31,118,B+1.5,12,True,False,False,,-1,31.1164,1000
2026-06-26 15:20:12,162,W+3.5,24,True,False,False,,-1,31.1743,1000
2026-06-26 15:20:41,105,W+4.5,13,True,False,False,,-1,31.1369,1000
2026-06-26 15:21:08,105,W+0.5,9,True,False,False,,-1,31.075,1000
2026-06-26 15:21:49,133,W+1.5,18,True,False,False,,-1,31.1905,1000
2026-06-26 15:22:14,92,W+3.5,9,True,False,False,,-1,31.0995,1000
2026-06-26 15:22:46,114,B+5.5,13,True,False,False,,-1,31.0012,1000
2026-06-26 15:23:16,106,B+1.5,10,True,False,False,,-1,30.9536,1000
2026-06-26 15:23:50,115,W+4.5,16,True,False,False,,-1,31.0225,1000
2026-06-26 15:24:30,161,B+10.5,30,True,False,False,,-1,31.2299,1000
2026-06-26 15:24:56,101,B+4.5,8,True,False,False,,-1,30.9602,1000
2026-06-26 15:25:20,86,W+16.5,5,True,False,False,,-1,31.1061,1000
2026-06-26 15:25:50,113,W+2.5,12,True,False,False,,-1,31.0967,1000
2026-06-26 15:26:24,131,W+0.5,12,True,False,False,,-1,31.1009,1000
2026-06-26 15:27:01,133,W+0.5,18,True,False,False,,-1,31.2602,1000
2026-06-26 15:27:26,102,B+2.5,10,True,False,False,,-1,31.15,1000
2026-06-26 15:28:02,121,W+1.5,12,True,False,False,,-1,31.1908,1000
2026-06-26 15:28:32,117,W+14.5,9,True,False,False,,-1,31.1645,1000
2026-06-26 15:29:07,133,W+0.5,22,True,False,False,,-1,31.1304,1000
2026-06-26 15:29:37,111,W+2.5,16,True,False,False,,-1,31.2287,1000
2026-06-26 15:30:17,157,W+2.5,19,True,False,False,,-1,31.3266,1000
2026-06-26 15:30:46,106,B+4.5,16,True,False,False,,-1,31.4338,1000
2026-06-26 15:30:54,28,W+7.5,2,True,False,False,,-1,31.2336,1000
2026-06-26 15:31:25,114,B+12.5,12,True,False,False,,-1,31.0084,1000
2026-06-26 15:31:57,119,W+1.5,14,True,False,False,,-1,30.8928,1000
2026-06-26 15:32:21,90,B+1.5,5,True,False,False,,-1,30.7722,1000
2026-06-26 15:32:54,123,W+11.5,17,True,False,False,,-1,30.7727,1000
2026-06-26 15:33:25,112,B+7.5,10,True,False,False,,-1,30.6977,1000
2026-06-26 15:33:41,57,B+2.5,2,True,False,False,,-1,30.4664,1000
2026-06-26 15:34:14,115,W+2.5,11,True,False,False,,-1,30.4831,1000
2026-06-26 15:34:49,127,W+4.5,10,True,False,False,,-1,30.5082,1000
2026-06-26 15:35:19,108,B+3.5,12,True,False,False,,-1,30.5565,1000
2026-06-26 15:35:52,128,B+2.5,16,True,False,False,,-1,30.5232,1000
2026-06-26 15:36:27,128,B+1.5,19,True,False,False,,-1,30.6346,1000
2026-06-26 15:37:12,162,B+21.5,25,True,False,False,,-1,30.7851,1000
2026-06-26 15:37:32,73,B+2.5,3,True,False,False,,-1,30.5971,1000
2026-06-26 15:37:57,91,W+0.5,10,True,False,False,,-1,30.6186,1000
2026-06-26 15:38:03,22,W+7.5,2,True,False,False,,-1,30.4071,1000
2026-06-26 15:38:37,123,B+1.5,18,True,False,False,,-1,30.3406,1000
2026-06-26 15:39:12,128,B+7.5,20,True,False,False,,-1,30.3907,1000
2026-06-26 15:39:48,140,B+0.5,20,True,False,False,,-1,30.4709,1000
2026-06-26 15:40:16,101,W+1.5,9,True,False,False,,-1,30.4321,1000
2026-06-26 15:40:47,117,W+3.5,18,True,False,False,,-1,30.4649,1000
2026-06-26 15:41:31,162,W+15.5,22,True,False,False,,-1,30.6384,1000
2026-06-26 15:41:39,28,W+7.5,2,True,False,False,,-1,30.4199,1000
2026-06-26 15:42:07,112,B+5.5,14,True,False,False,,-1,30.3888,1000
2026-06-26 15:42:42,128,B+1.5,16,True,False,False,,-1,30.4634,1000
2026-06-26 15:43:10,107,W+0.5,13,True,False,False,,-1,30.3289,1000
2026-06-26 15:43:23,48,W+4.5,2,True,False,False,,-1,30.2061,1000
2026-06-26 15:43:48,97,W+0.5,7,True,False,False,,-1,30.19,1000
2026-06-26 15:44:33,162,W+27.5,20,True,False,False,,-1,30.2908,1000
2026-06-26 15:44:45,46,W+7.5,2,True,False,False,,-1,30.095,1000
2026-06-26 15:45:12,104,B+2.5,11,True,False,False,,-1,30.0388,1000
2026-06-26 15:45:43,119,W+0.5,17,True,False,False,,-1,30.0025,1000
2026-06-26 15:46:03,70,W+3.5,3,True,False,False,,-1,29.8522,1000
2026-06-26 15:46:34,116,B+1.5,11,True,False,False,,-1,29.8036,1000
2026-06-26 15:47:12,137,W+0.5,17,True,False,False,,-1,29.8621,1000
2026-06-26 15:47:54,152,B+1.5,22,True,False,False,,-1,29.9703,1000
2026-06-26 15:48:34,141,W+2.5,31,True,False,False,,-1,30.0794,1000
2026-06-26 15:48:47,52,W+6.5,2,True,False,False,,-1,29.8767,1000
2026-06-26 15:49:26,140,B+19.5,24,True,False,False,,-1,29.9469,1000
2026-06-26 15:50:04,143,W+6.5,28,True,False,False,,-1,30.0538,1000
2026-06-26 15:50:32,101,W+0.5,13,True,False,False,,-1,30.0583,1000
2026-06-26 15:51:07,138,B+7.5,20,True,False,False,,-1,30.2281,1000
2026-06-26 15:51:33,90,B+9.5,8,True,False,False,,-1,30.1833,1000
2026-06-26 15:52:09,123,W+2.5,16,True,False,False,,-1,30.2187,1000
2026-06-26 15:52:42,124,B+7.5,14,True,False,False,,-1,30.1199,1000
2026-06-26 15:53:09,98,B+0.5,8,True,False,False,,-1,29.9404,1000
2026-06-26 15:53:38,104,B+4.5,16,True,False,False,,-1,29.9162,1000
2026-06-26 15:54:11,123,B+4.5,10,True,False,False,,-1,30.0086,1000
2026-06-26 15:54:46,134,B+4.5,18,True,False,False,,-1,29.9406,1000
2026-06-26 15:55:13,97,W+3.5,13,True,False,False,,-1,29.8497,1000
2026-06-26 15:55:38,108,B+5.5,18,True,False,False,,-1,29.7765,1000
2026-06-26 15:56:06,111,W+1.5,10,True,False,False,,-1,29.7196,1000
2026-06-26 15:56:38,116,B+4.5,15,True,False,False,,-1,29.9196,1000
2026-06-26 15:57:05,98,B+0.5,12,True,False,False,,-1,30.087,1000
2026-06-26 15:57:33,108,B+3.5,11,True,False,False,,-1,30.0262,1000
2026-06-26 15:58:00,105,W+3.5,11,True,False,False,,-1,29.9736,1000
2026-06-26 15:58:27,102,B+3.5,14,True,False,False,,-1,29.9659,1000
2026-06-26 15:59:00,123,W+2.5,18,True,False,False,,-1,30.0092,1000
2026-06-26 15:59:18,65,B+12.5,3,True,False,False,,-1,29.8784,1000
2026-06-26 15:59:48,116,B+4.5,19,True,False,False,,-1,29.8803,1000
2026-06-26 16:00:18,104,B+3.5,12,True,False,False,,-1,30.0476,1000
2026-06-26 16:00:45,97,W+2.5,10,True,False,False,,-1,30.0043,1000
2026-06-26 16:01:16,121,W+0.5,19,True,False,False,,-1,29.9718,1000
2026-06-26 16:01:47,107,W+3.5,10,True,False,False,,-1,29.9714,1000
2026-06-26 16:02:16,107,W+4.5,16,True,False,False,,-1,29.9928,1000
2026-06-26 16:02:25,32,W+7.5,2,True,False,False,,-1,29.7914,1000
2026-06-26 16:03:09,161,W+25.5,25,True,False,False,,-1,29.8958,1000
2026-06-26 16:03:39,112,B+1.5,11,True,False,False,,-1,29.8757,1000
2026-06-26 16:04:10,116,B+0.5,15,True,False,False,,-1,30.1345,1000
2026-06-26 16:04:43,128,B+5.5,20,True,False,False,,-1,30.1079,1000
2026-06-26 16:05:14,132,B+11.5,26,True,False,False,,-1,30.1211,1000
2026-06-26 16:05:48,123,W+2.5,17,True,False,False,,-1,30.0153,1000
2026-06-26 16:06:24,123,W+5.5,18,True,False,False,,-1,30.09,1000
2026-06-26 16:06:45,77,B+2.5,3,True,False,False,,-1,30.0079,1000
2026-06-26 16:07:23,143,W+2.5,14,True,False,False,,-1,30.0095,1000
2026-06-26 16:07:59,121,W+0.5,16,True,False,False,,-1,30.0293,1000
2026-06-26 16:08:37,162,B+1.5,24,True,False,False,,-1,30.0993,1000
2026-06-26 16:09:07,120,W+3.5,6,True,False,False,,-1,30.1044,1000
2026-06-26 16:09:39,117,W+6.5,14,True,False,False,,-1,30.0715,1000
2026-06-26 16:10:11,117,W+2.5,9,True,False,False,,-1,29.9864,1000
2026-06-26 16:10:42,109,W+1.5,16,True,False,False,,-1,30.0087,1000
2026-06-26 16:11:10,108,B+0.5,15,True,False,False,,-1,30.0172,1000
2026-06-26 16:11:42,120,W+1.5,15,True,False,False,,-1,29.9256,1000
2026-06-26 16:12:12,113,W+2.5,11,True,False,False,,-1,29.9828,1000
2026-06-26 16:12:43,128,B+0.5,20,True,False,False,,-1,29.9688,1000
2026-06-26 16:13:18,125,W+2.5,15,True,False,False,,-1,30.0146,1000
2026-06-26 16:13:49,116,B+12.5,17,True,False,False,,-1,29.9903,1000
2026-06-26 16:14:24,127,W+2.5,16,True,False,False,,-1,29.9346,1000
2026-06-26 16:14:56,118,B+0.5,15,True,False,False,,-1,29.9975,1000
2026-06-26 16:15:16,66,W+15.5,4,True,False,False,,-1,29.9553,1000
2026-06-26 16:15:48,112,B+0.5,17,True,False,False,,-1,29.974,1000
2026-06-26 16:16:08,71,B+2.5,2,True,False,False,,-1,29.8323,1000
2026-06-26 16:16:35,103,W+0.5,11,True,False,False,,-1,29.7392,1000
2026-06-26 16:17:03,102,B+9.5,12,True,False,False,,-1,29.7659,1000
2026-06-26 16:17:35,125,B+1.5,18,True,False,False,,-1,29.7282,1000
2026-06-26 16:18:11,138,B+3.5,18,True,False,False,,-1,29.7858,1000
2026-06-26 16:18:48,128,B+5.5,17,True,False,False,,-1,29.8093,1000
2026-06-26 16:19:26,162,B+28.5,35,True,False,False,,-1,29.8858,1000
2026-06-26 16:19:38,44,W+8.5,2,True,False,False,,-1,29.6087,1000
2026-06-26 16:20:20,162,W+13.5,38,True,False,False,,-1,29.7354,1000
2026-06-26 16:20:47,98,B+0.5,10,True,False,False,,-1,29.9317,1000
2026-06-26 16:21:09,79,B+5.5,5,True,False,False,,-1,29.838,1000
2026-06-26 16:21:34,93,B+1.5,6,True,False,False,,-1,29.7662,1000
2026-06-26 16:22:01,99,W+4.5,8,True,False,False,,-1,29.7958,1000
2026-06-26 16:22:30,102,B+7.5,7,True,False,False,,-1,29.7548,1000
2026-06-26 16:22:55,102,B+0.5,10,True,False,False,,-1,29.694,1000
2026-06-26 16:23:23,107,W+2.5,12,True,False,False,,-1,29.8264,1000
2026-06-26 16:23:48,94,B+0.5,9,True,False,False,,-1,29.7428,1000
2026-06-26 16:24:17,107,W+0.5,9,True,False,False,,-1,29.6804,1000
2026-06-26 16:24:48,115,W+2.5,7,True,False,False,,-1,29.6917,1000
2026-06-26 16:25:15,97,W+2.5,10,True,False,False,,-1,29.6218,1000
2026-06-26 16:25:54,162,W+24.5,19,True,False,False,,-1,29.6706,1000
2026-06-26 16:26:24,113,W+4.5,11,True,False,False,,-1,29.5155,1000
2026-06-26 16:26:53,103,W+0.5,6,True,False,False,,-1,29.6079,1000
2026-06-26 16:27:22,112,B+1.5,12,True,False,False,,-1,29.6541,1000
2026-06-26 16:27:57,127,W+0.5,8,True,False,False,,-1,29.9363,1000
2026-06-26 16:28:28,108,B+6.5,16,True,False,False,,-1,29.9128,1000
2026-06-26 16:28:36,28,W+5.5,2,True,False,False,,-1,29.6364,1000
2026-06-26 16:28:48,46,W+1.5,2,True,False,False,,-1,29.3928,1000
2026-06-26 16:29:13,94,B+3.5,8,True,False,False,,-1,29.3671,1000
2026-06-26 16:29:43,107,W+1.5,17,True,False,False,,-1,29.3518,1000
2026-06-26 16:30:06,97,W+0.5,10,True,False,False,,-1,29.1509,1000
2026-06-26 16:30:40,120,B+5.5,13,True,False,False,,-1,29.4122,1000
2026-06-26 16:31:16,127,W+0.5,18,True,False,False,,-1,29.4866,1000
2026-06-26 16:31:26,46,W+5.5,3,True,False,False,,-1,29.2391,1000
2026-06-26 16:31:43,54,W+7.5,3,True,False,False,,-1,29.1241,1000
2026-06-26 16:32:14,116,B+14.5,13,True,False,False,,-1,29.3029,1000
2026-06-26 16:32:45,114,B+4.5,9,True,False,False,,-1,29.366,1000
2026-06-26 16:33:15,104,B+2.5,11,True,False,False,,-1,29.2195,1000
2026-06-26 16:33:53,162,W+0.5,36,True,False,False,,-1,29.4826,1000
2026-06-26 16:34:17,88,W+15.5,6,True,False,False,,-1,29.4525,1000
2026-06-26 16:34:36,65,B+3.5,2,True,False,False,,-1,29.3266,1000
2026-06-26 16:35:04,111,W+2.5,10,True,False,False,,-1,29.4149,1000
2026-06-26 16:35:31,105,B+0.5,7,True,False,False,,-1,29.3643,1000
2026-06-26 16:36:00,109,W+5.5,18,True,False,False,,-1,29.2756,1000
2026-06-26 16:36:25,93,W+0.5,10,True,False,False,,-1,29.1076,1000
2026-06-26 16:36:51,95,W+2.5,10,True,False,False,,-1,28.9654,1000
2026-06-26 16:37:06,54,W+3.5,3,True,False,False,,-1,28.9812,1000
2026-06-26 16:37:36,111,W+2.5,9,True,False,False,,-1,28.8992,1000
2026-06-26 16:37:47,42,W+6.5,2,True,False,False,,-1,28.6194,1000
2026-06-26 16:38:10,83,B+4.5,3,True,False,False,,-1,28.5781,1000
2026-06-26 16:38:41,122,B+5.5,12,True,False,False,,-1,28.5384,1000
2026-06-26 16:39:08,95,W+1.5,12,True,False,False,,-1,28.5469,1000
2026-06-26 16:39:37,100,B+2.5,9,True,False,False,,-1,28.472,1000
2026-06-26 16:40:06,105,B+4.5,9,True,False,False,,-1,28.4406,1000
2026-06-26 16:40:30,91,W+9.5,8,True,False,False,,-1,28.4082,1000
2026-06-26 16:41:01,115,W+0.5,14,True,False,False,,-1,28.4256,1000
2026-06-26 16:41:31,106,B+1.5,12,True,False,False,,-1,28.399,1000
2026-06-26 16:41:40,32,W+6.5,2,True,False,False,,-1,28.1349,1000
2026-06-26 16:42:11,117,W+0.5,16,True,False,False,,-1,28.1764,1000
2026-06-26 16:42:40,105,B+3.5,8,True,False,False,,-1,28.2156,1000
2026-06-26 16:43:09,105,W+3.5,13,True,False,False,,-1,28.2319,1000
2026-06-26 16:43:19,40,W+3.5,2,True,False,False,,-1,28.0128,1000
2026-06-26 16:43:45,110,B+2.5,15,True,False,False,,-1,27.9986,1000
2026-06-26 16:44:13,96,B+2.5,9,True,False,False,,-1,27.9954,1000
2026-06-26 16:44:45,114,B+1.5,11,True,False,False,,-1,28.0468,1000
2026-06-26 16:45:17,128,B+2.5,21,True,False,False,,-1,28.0936,1000
2026-06-26 16:45:45,106,B+1.5,9,True,False,False,,-1,28.0473,1000
2026-06-26 16:46:28,161,W+0.5,22,True,False,False,,-1,28.3058,1000
2026-06-26 16:46:59,112,B+0.5,11,True,False,False,,-1,28.3065,1000
2026-06-26 16:47:34,125,W+5.5,16,True,False,False,,-1,28.3569,1000
2026-06-26 16:48:06,118,W+2.5,12,True,False,False,,-1,28.415,1000
2026-06-26 16:48:36,107,W+0.5,10,True,False,False,,-1,28.4034,1000
2026-06-26 16:49:03,99,W+14.5,9,True,False,False,,-1,28.3584,1000
2026-06-26 16:49:34,117,W+14.5,16,True,False,False,,-1,28.3838,1000
2026-06-26 16:49:59,91,B+11.5,8,True,False,False,,-1,28.5365,1000
2026-06-26 16:50:28,100,B+1.5,10,True,False,False,,-1,28.3887,1000
2026-06-26 16:50:58,104,W+1.5,9,True,False,False,,-1,28.3932,1000
2026-06-26 16:51:36,138,B+2.5,24,True,False,False,,-1,28.4528,1000
2026-06-26 16:52:02,97,B+4.5,10,True,False,False,,-1,28.3894,1000
2026-06-26 16:52:35,114,B+0.5,12,True,False,False,,-1,28.4054,1000
2026-06-26 16:53:09,125,W+2.5,12,True,False,False,,-1,28.4075,1000
2026-06-26 16:53:43,135,B+7.5,20,True,False,False,,-1,28.3913,1000
2026-06-26 16:54:13,108,B+2.5,9,True,False,False,,-1,28.4761,1000
2026-06-26 16:54:39,93,W+2.5,7,True,False,False,,-1,28.3562,1000
2026-06-26 16:54:58,74,W+6.5,4,True,False,False,,-1,28.1953,1000
2026-06-26 16:55:34,129,B+1.5,16,True,False,False,,-1,28.1668,1000
2026-06-26 16:56:05,118,B+2.5,15,True,False,False,,-1,28.1729,1000
2026-06-26 16:56:34,105,W+1.5,8,True,False,False,,-1,28.1477,1000
2026-06-26 16:57:11,144,B+6.5,21,True,False,False,,-1,28.1919,1000
2026-06-26 16:57:42,121,B+2.5,16,True,False,False,,-1,28.2014,1000
2026-06-26 16:58:14,125,B+0.5,20,True,False,False,,-1,28.2373,1000
2026-06-26 16:58:40,95,W+2.5,10,True,False,False,,-1,28.1786,1000
2026-06-26 16:59:14,129,W+1.5,20,True,False,False,,-1,28.2177,1000
2026-06-26 16:59:41,107,B+0.5,17,True,False,False,,-1,28.1764,1000
2026-06-26 17:00:07,102,W+2.5,14,True,False,False,,-1,28.0879,1000
2026-06-26 17:00:43,141,B+3.5,14,True,False,False,,-1,28.1371,1000
2026-06-26 17:01:03,71,B+6.5,4,True,False,False,,-1,27.9906,1000
2026-06-26 17:01:28,92,B+1.5,6,True,False,False,,-1,27.9186,1000
2026-06-26 17:02:06,150,W+0.5,18,True,False,False,,-1,28.0983,1000
2026-06-26 17:02:37,115,B+2.5,15,True,False,False,,-1,28.0892,1000
2026-06-26 17:03:04,100,B+1.5,10,True,False,False,,-1,28.1562,1000
2026-06-26 17:03:38,120,B+3.5,16,True,False,False,,-1,28.2228,1000
2026-06-26 17:04:15,150,B+5.5,33,True,False,False,,-1,28.3224,1000
2026-06-26 17:04:43,99,W+0.5,5,True,False,False,,-1,28.2799,1000
2026-06-26 17:05:14,112,W+0.5,14,True,False,False,,-1,28.2225,1000
2026-06-26 17:05:36,79,B+2.5,3,True,False,False,,-1,28.08,1000
2026-06-26 17:06:00,85,B+1.5,4,True,False,False,,-1,27.9439,1000
2026-06-26 17:06:26,101,W+0.5,11,True,False,False,,-1,28.0834,1000
2026-06-26 17:06:53,101,W+0.5,6,True,False,False,,-1,27.9327,1000
2026-06-26 17:07:04,40,W+10.5,2,True,False,False,,-1,27.7627,1000
2026-06-26 17:07:33,105,W+2.5,10,True,False,False,,-1,27.8425,1000
2026-06-26 17:08:00,101,B+1.5,7,True,False,False,,-1,27.8612,1000
2026-06-26 17:08:28,116,B+3.5,23,True,False,False,,-1,27.8645,1000
2026-06-26 17:08:58,109,W+0.5,11,True,False,False,,-1,27.878,1000
2026-06-26 17:09:33,122,B+0.5,12,True,False,False,,-1,27.9816,1000
2026-06-26 17:09:47,52,W+0.5,3,True,False,False,,-1,27.8358,1000
2026-06-26 17:10:04,67,B+1.5,4,True,False,False,,-1,27.7529,1000
2026-06-26 17:10:28,89,W+1.5,7,True,False,False,,-1,27.7036,1000
2026-06-26 17:10:43,62,W+8.5,3,True,False,False,,-1,27.5479,1000
2026-06-26 17:11:22,135,W+1.5,16,True,False,False,,-1,27.6729,1000
2026-06-26 17:11:54,115,W+0.5,17,True,False,False,,-1,27.5957,1000
2026-06-26 17:12:25,112,B+1.5,9,True,False,False,,-1,27.6043,1000
2026-06-26 17:12:33,28,W+7.5,2,True,False,False,,-1,27.3986,1000
2026-06-26 17:13:03,102,B+6.5,7,True,False,False,,-1,27.4059,1000
2026-06-26 17:13:42,143,W+0.5,16,True,False,False,,-1,27.4457,1000
2026-06-26 17:14:15,119,W+2.5,15,True,False,False,,-1,27.4625,1000
2026-06-26 17:14:46,115,W+1.5,14,True,False,False,,-1,27.6917,1000
2026-06-26 17:15:17,123,W+0.5,17,True,False,False,,-1,27.8859,1000
2026-06-26 17:15:31,52,W+7.5,2,True,False,False,,-1,27.7715,1000
2026-06-26 17:16:16,161,W+4.5,30,True,False,False,,-1,27.9274,1000
2026-06-26 17:16:45,107,W+1.5,12,True,False,False,,-1,27.982,1000
2026-06-26 17:17:16,107,W+0.5,14,True,False,False,,-1,27.9524,1000
2026-06-26 17:17:36,73,B+0.5,3,True,False,False,,-1,27.8042,1000
2026-06-26 17:17:48,40,W+6.5,2,True,False,False,,-1,27.8191,1000
2026-06-26 17:18:17,104,B+1.5,11,True,False,False,,-1,27.9423,1000
2026-06-26 17:18:49,109,B+6.5,5,True,False,False,,-1,27.9496,1000
2026-06-26 17:19:24,127,W+1.5,11,True,False,False,,-1,27.9935,1000
2026-06-26 17:19:36,46,W+7.5,2,True,False,False,,-1,27.8144,1000
2026-06-26 17:20:09,114,B+2.5,12,True,False,False,,-1,27.7505,1000
2026-06-26 17:20:36,106,B+7.5,15,True,False,False,,-1,27.7803,1000
2026-06-26 17:21:06,121,W+2.5,18,True,False,False,,-1,27.9001,1000
2026-06-26 17:21:41,127,B+1.5,13,True,False,False,,-1,27.9647,1000
2026-06-26 17:22:12,109,W+3.5,11,True,False,False,,-1,28.0107,1000
2026-06-26 17:22:45,127,B+10.5,20,True,False,False,,-1,28.0497,1000
2026-06-26 17:23:16,118,B+0.5,17,True,False,False,,-1,28.1038,1000
2026-06-26 17:23:43,105,W+0.5,15,True,False,False,,-1,28.1212,1000
2026-06-26 17:24:14,114,B+0.5,9,True,False,False,,-1,28.2807,1000
2026-06-26 17:24:42,99,B+1.5,9,True,False,False,,-1,28.2615,1000
2026-06-26 17:25:11,115,B+2.5,21,True,False,False,,-1,28.4467,1000
2026-06-26 17:25:45,119,W+2.5,14,True,False,False,,-1,28.5508,1000
2026-06-26 17:26:16,103,W+1.5,7,True,False,False,,-1,28.5395,1000
2026-06-26 17:26:46,111,W+0.5,14,True,False,False,,-1,28.5721,1000
2026-06-26 17:27:13,102,B+15.5,10,True,False,False,,-1,28.5629,1000
2026-06-26 17:27:46,125,W+1.5,16,True,False,False,,-1,28.5943,1000
2026-06-26 17:28:10,94,B+3.5,7,True,False,False,,-1,28.6025,1000
2026-06-26 17:28:39,113,W+1.5,11,True,False,False,,-1,28.5745,1000
2026-06-26 17:29:06,93,B+7.5,3,True,False,False,,-1,28.5509,1000
2026-06-26 17:29:39,115,W+3.5,17,True,False,False,,-1,28.7867,1000
2026-06-26 17:30:09,111,W+0.5,12,True,False,False,,-1,28.7801,1000
2026-06-26 17:30:39,106,B+5.5,14,True,False,False,,-1,28.7862,1000
2026-06-26 17:31:10,111,W+1.5,11,True,False,False,,-1,28.8049,1000
2026-06-26 17:31:39,103,W+5.5,11,True,False,False,,-1,28.9967,1000
2026-06-26 17:32:04,94,B+0.5,9,True,False,False,,-1,28.9843,1000
2026-06-26 17:32:30,101,B+2.5,7,True,False,False,,-1,28.9732,1000
2026-06-26 17:32:59,115,B+9.5,15,True,False,False,,-1,28.9301,1000
2026-06-26 17:33:28,106,W+0.5,10,True,False,False,,-1,28.9107,1000
2026-06-26 17:33:53,89,W+1.5,8,True,False,False,,-1,28.8811,1000
2026-06-26 17:34:22,107,W+1.5,12,True,False,False,,-1,28.7372,1000
2026-06-26 17:34:53,115,W+1.5,13,True,False,False,,-1,28.7353,1000
2026-06-26 17:35:28,146,W+10.5,30,True,False,False,,-1,28.7421,1000
2026-06-26 17:36:00,117,W+3.5,11,True,False,False,,-1,28.73,1000
2026-06-26 17:36:32,113,W+0.5,12,True,False,False,,-1,28.7518,1000
2026-06-26 17:36:56,83,B+12.5,5,True,False,False,,-1,28.7255,1000
2026-06-26 17:37:10,54,W+2.5,2,True,False,False,,-1,28.5579,1000
2026-06-26 17:37:41,109,W+2.5,17,True,False,False,,-1,28.622,1000
2026-06-26 17:37:54,48,W+6.5,3,True,False,False,,-1,28.4589,1000
2026-06-26 17:38:29,131,B+1.5,20,True,False,False,,-1,28.5005,1000
2026-06-26 17:38:56,105,W+2.5,14,True,False,False,,-1,28.3978,1000
2026-06-26 17:39:20,96,B+2.5,8,True,False,False,,-1,28.381,1000
2026-06-26 17:39:52,121,W+2.5,20,True,False,False,,-1,28.368,1000
2026-06-26 17:40:27,148,B+8.5,25,True,False,False,,-1,28.386,1000
2026-06-26 17:40:58,112,B+8.5,11,True,False,False,,-1,28.3444,1000
2026-06-26 17:41:26,118,B+1.5,20,True,False,False,,-1,28.3286,1000
2026-06-26 17:41:52,102,B+8.5,15,True,False,False,,-1,28.3269,1000
2026-06-26 17:42:24,118,B+5.5,12,True,False,False,,-1,28.4494,1000
2026-06-26 17:42:49,97,W+2.5,12,True,False,False,,-1,28.3493,1000
2026-06-26 17:43:16,99,W+1.5,10,True,False,False,,-1,28.3121,1000
2026-06-26 17:43:48,112,B+0.5,13,True,False,False,,-1,28.3439,1000
2026-06-26 17:44:17,108,B+0.5,14,True,False,False,,-1,28.2598,1000
2026-06-26 17:44:47,119,B+0.5,11,True,False,False,,-1,28.2502,1000
2026-06-26 17:45:13,100,B+1.5,7,True,False,False,,-1,28.1897,1000
2026-06-26 17:45:41,105,W+2.5,16,True,False,False,,-1,28.2104,1000
2026-06-26 17:46:23,156,B+1.5,17,True,False,False,,-1,28.2851,1000
2026-06-26 17:46:50,100,W+2.5,16,True,False,False,,-1,28.2871,1000
2026-06-26 17:47:18,108,B+1.5,13,True,False,False,,-1,28.3108,1000
2026-06-26 17:47:38,68,W+2.5,3,True,False,False,,-1,28.1474,1000
2026-06-26 17:48:03,95,W+0.5,13,True,False,False,,-1,28.1948,1000
2026-06-26 17:48:28,102,B+1.5,11,True,False,False,,-1,28.1976,1000
2026-06-26 17:48:48,69,B+4.5,2,True,False,False,,-1,28.0193,1000
2026-06-26 17:49:21,117,W+0.5,14,True,False,False,,-1,28.031,1000
2026-06-26 17:49:55,130,B+3.5,13,True,False,False,,-1,28.1166,1000
2026-06-26 17:50:30,120,B+3.5,8,True,False,False,,-1,28.1226,1000
2026-06-26 17:51:08,133,W+4.5,21,True,False,False,,-1,28.1231,1000
2026-06-26 17:51:53,157,W+0.5,21,True,False,False,,-1,28.2981,1000
2026-06-26 17:52:09,62,W+10.5,4,True,False,False,,-1,28.1505,1000
2026-06-26 17:52:46,135,W+4.5,12,True,False,False,,-1,28.2927,1000
2026-06-26 17:53:12,100,B+2.5,7,True,False,False,,-1,28.3174,1000
2026-06-26 17:53:23,42,W+8.5,2,True,False,False,,-1,28.1632,1000
2026-06-26 17:53:52,104,B+0.5,4,True,False,False,,-1,28.1819,1000
2026-06-26 17:54:24,119,W+0.5,13,True,False,False,,-1,28.3966,1000
2026-06-26 17:55:04,162,B+21.5,22,True,False,False,,-1,28.5048,1000
2026-06-26 17:55:34,101,W+0.5,9,True,False,False,,-1,28.5395,1000
2026-06-26 17:56:06,111,W+2.5,12,True,False,False,,-1,28.5799,1000
2026-06-26 17:56:41,133,B+3.5,17,True,False,False,,-1,28.6297,1000
2026-06-26 17:57:15,128,B+2.5,18,True,False,False,,-1,28.6154,1000
2026-06-26 17:57:44,104,B+10.5,11,True,False,False,,-1,28.7676,1000
2026-06-26 17:57:56,42,W+9.5,2,True,False,False,,-1,28.7145,1000
2026-06-26 17:58:12,54,W+6.5,2,True,False,False,,-1,28.6427,1000
2026-06-26 17:58:37,90,B+2.5,10,True,False,False,,-1,28.7375,1000
2026-06-26 17:58:54,56,W+12.5,2,True,False,False,,-1,28.5143,1000
2026-06-26 17:59:23,121,B+1.5,17,True,False,False,,-1,28.4848,1000
2026-06-26 17:59:53,117,W+8.5,15,True,False,False,,-1,28.4838,1000
2026-06-26 18:00:06,46,W+7.5,2,True,False,False,,-1,28.5186,1000
2026-06-26 18:00:42,135,W+1.5,17,True,False,False,,-1,28.5893,1000
2026-06-26 18:01:13,116,B+1.5,15,True,False,False,,-1,28.511,1000
2026-06-26 18:01:36,87,W+9.5,7,True,False,False,,-1,28.4131,1000
2026-06-26 18:02:08,110,B+0.5,13,True,False,False,,-1,28.4198,1000
2026-06-26 18:02:36,107,W+2.5,14,True,False,False,,-1,28.3888,1000
2026-06-26 18:03:01,88,B+1.5,4,True,False,False,,-1,28.4972,1000
2026-06-26 18:03:28,107,B+2.5,16,True,False,False,,-1,28.319,1000
2026-06-26 18:03:54,96,B+5.5,9,True,False,False,,-1,28.2936,1000
2026-06-26 18:04:12,62,W+10.5,2,True,False,False,,-1,28.1596,1000
2026-06-26 18:04:21,33,B+5.5,2,True,False,False,,-1,28.0456,1000
2026-06-26 18:04:52,111,W+1.5,16,True,False,False,,-1,28.2343,1000
2026-06-26 18:05:21,107,W+0.5,17,True,False,False,,-1,28.2308,1000
2026-06-26 18:05:56,117,W+0.5,7,True,False,False,,-1,28.2683,1000
2026-06-26 18:06:21,95,W+2.5,11,True,False,False,,-1,28.1631,1000
2026-06-26 18:06:52,115,W+0.5,15,True,False,False,,-1,28.3568,1000
2026-06-26 18:07:21,110,B+2.5,18,True,False,False,,-1,28.3233,1000
2026-06-26 18:07:48,103,W+2.5,12,True,False,False,,-1,28.3204,1000
2026-06-26 18:08:10,79,B+0.5,5,True,False,False,,-1,28.2346,1000
2026-06-26 18:08:39,110,B+0.5,12,True,False,False,,-1,28.1821,1000
2026-06-26 18:09:10,121,W+2.5,17,True,False,False,,-1,28.1716,1000
2026-06-26 18:09:36,91,B+1.5,6,True,False,False,,-1,28.1097,1000
2026-06-26 18:10:07,120,B+2.5,15,True,False,False,,-1,28.106,1000
2026-06-26 18:10:30,86,B+1.5,5,True,False,False,,-1,28.0599,1000
2026-06-26 18:11:06,137,B+1.5,21,True,False,False,,-1,28.1153,1000
2026-06-26 18:11:42,131,W+1.5,14,True,False,False,,-1,28.1945,1000
2026-06-26 18:12:14,111,W+1.5,14,True,False,False,,-1,28.2195,1000
2026-06-26 18:12:47,121,B+8.5,9,True,False,False,,-1,28.2173,1000
2026-06-26 18:13:15,98,B+24.5,5,True,False,False,,-1,28.1906,1000
2026-06-26 18:13:44,108,B+6.5,9,True,False,False,,-1,28.1801,1000
2026-06-26 18:14:12,114,B+3.5,17,True,False,False,,-1,28.1889,1000
2026-06-26 18:14:35,77,B+15.5,4,True,False,False,,-1,28.0885,1000
2026-06-26 18:15:07,113,W+5.5,12,True,False,False,,-1,28.1624,1000
2026-06-26 18:15:47,161,W+20.5,23,True,False,False,,-1,28.2775,1000
2026-06-26 18:16:15,101,W+1.5,11,True,False,False,,-1,28.286,1000
2026-06-26 18:16:38,79,B+2.5,5,True,False,False,,-1,28.1903,1000
2026-06-26 18:17:07,107,W+1.5,14,True,False,False,,-1,28.1777,1000
2026-06-26 18:17:37,111,W+0.5,17,True,False,False,,-1,28.1776,1000
2026-06-26 18:18:14,143,W+3.5,23,True,False,False,,-1,28.2319,1000
2026-06-26 18:18:40,99,W+3.5,11,True,False,False,,-1,28.2082,1000
2026-06-26 18:19:20,162,W+28.5,27,True,False,False,,-1,28.362,1000
2026-06-26 18:20:03,153,W+0.5,23,True,False,False,,-1,28.5233,1000
2026-06-26 18:20:18,52,W+9.5,2,True,False,False,,-1,28.3884,1000
2026-06-26 18:20:54,131,B+2.5,18,True,False,False,,-1,28.4575,1000
2026-06-26 18:21:29,115,W+1.5,11,True,False,False,,-1,28.549,1000
2026-06-26 18:21:59,117,W+1.5,12,True,False,False,,-1,28.5648,1000
2026-06-26 18:22:35,140,B+4.5,25,True,False,False,,-1,28.6202,1000
2026-06-26 18:23:08,124,B+0.5,17,True,False,False,,-1,28.5969,1000
2026-06-26 18:23:28,73,B+0.5,4,True,False,False,,-1,28.4863,1000
2026-06-26 18:23:34,20,W+7.5,2,True,False,False,,-1,28.2249,1000
2026-06-26 18:24:00,98,B+2.5,7,True,False,False,,-1,28.2404,1000
2026-06-26 18:24:28,106,B+2.5,15,True,False,False,,-1,28.3687,1000
2026-06-26 18:24:57,109,W+0.5,16,True,False,False,,-1,28.3546,1000
2026-06-26 18:25:39,143,W+4.5,19,True,False,False,,-1,28.6493,1000
2026-06-26 18:26:13,118,B+1.5,11,True,False,False,,-1,28.6401,1000
2026-06-26 18:26:40,97,B+1.5,11,True,False,False,,-1,28.64,1000
2026-06-26 18:27:16,135,B+2.5,18,True,False,False,,-1,28.7531,1000
2026-06-26 18:27:25,30,W+6.5,2,True,False,False,,-1,28.5296,1000
2026-06-26 18:27:55,109,W+2.5,13,True,False,False,,-1,28.4773,1000
2026-06-26 18:28:29,120,B+1.5,19,True,False,False,,-1,28.5068,1000
2026-06-26 18:29:02,121,W+0.5,12,True,False,False,,-1,28.5515,1000
2026-06-26 18:29:26,97,W+4.5,9,True,False,False,,-1,28.5424,1000
2026-06-26 18:29:55,102,B+0.5,10,True,False,False,,-1,28.5081,1000
2026-06-26 18:30:06,38,W+7.5,2,True,False,False,,-1,28.3631,1000
2026-06-26 18:30:36,112,B+2.5,16,True,False,False,,-1,28.3933,1000
2026-06-26 18:31:06,115,B+3.5,11,True,False,False,,-1,28.3722,1000
2026-06-26 18:31:40,126,B+4.5,15,True,False,False,,-1,28.4331,1000
2026-06-26 18:32:07,103,W+2.5,11,True,False,False,,-1,28.3937,1000
2026-06-26 18:32:39,124,B+1.5,15,True,False,False,,-1,28.4518,1000
2026-06-26 18:33:14,133,B+10.5,22,True,False,False,,-1,28.5303,1000
2026-06-26 18:33:53,150,B+19.5,22,True,False,False,,-1,28.4938,1000
2026-06-26 18:34:22,97,W+2.5,7,True,False,False,,-1,28.5185,1000
2026-06-26 18:34:55,122,B+0.5,16,True,False,False,,-1,28.5726,1000
2026-06-26 18:35:24,109,W+1.5,11,True,False,False,,-1,28.6563,1000
2026-06-26 18:35:54,108,B+14.5,12,True,False,False,,-1,28.7099,1000
2026-06-26 18:36:22,108,B+3.5,14,True,False,False,,-1,28.744,1000
2026-06-26 18:36:54,117,W+3.5,16,True,False,False,,-1,28.8538,1000
2026-06-26 18:37:24,104,B+0.5,10,True,False,False,,-1,28.833,1000
2026-06-26 18:38:00,136,B+1.5,25,True,False,False,,-1,28.8401,1000
2026-06-26 18:38:27,101,W+6.5,15,True,False,False,,-1,28.7688,1000
2026-06-26 18:39:04,129,W+2.5,7,True,False,False,,-1,28.7549,1000
2026-06-26 18:39:34,108,B+0.5,9,True,False,False,,-1,28.6044,1000
2026-06-26 18:40:09,132,B+4.5,18,True,False,False,,-1,28.7942,1000
2026-06-26 18:40:39,113,W+5.5,19,True,False,False,,-1,28.7355,1000
2026-06-26 18:41:24,156,B+1.5,23,True,False,False,,-1,28.9129,1000
2026-06-26 18:41:54,108,B+1.5,12,True,False,False,,-1,29.1115,1000
2026-06-26 18:42:22,96,B+0.5,6,True,False,False,,-1,29.0977,1000
2026-06-26 18:42:52,106,B+3.5,9,True,False,False,,-1,29.0832,1000
2026-06-26 18:43:22,110,B+2.5,10,True,False,False,,-1,28.9804,1000
2026-06-26 18:43:49,108,B+0.5,11,True,False,False,,-1,28.9464,1000
2026-06-26 18:44:17,106,B+0.5,8,True,False,False,,-1,28.909,1000
2026-06-26 18:44:44,99,W+2.5,8,True,False,False,,-1,28.8284,1000
2026-06-26 18:45:17,109,B+2.5,11,True,False,False,,-1,28.8131,1000
2026-06-26 18:45:52,134,B+13.5,18,True,False,False,,-1,28.8752,1000
2026-06-26 18:46:25,113,W+3.5,11,True,False,False,,-1,29.0911,1000
2026-06-26 18:46:48,86,W+9.5,4,True,False,False,,-1,29.1568,1000
2026-06-26 18:47:22,127,W+1.5,16,True,False,False,,-1,29.2457,1000
2026-06-26 18:48:02,151,W+36.5,19,True,False,False,,-1,29.4789,1000
2026-06-26 18:48:33,120,B+1.5,17,True,False,False,,-1,29.5063,1000
2026-06-26 18:48:49,54,W+4.5,3,True,False,False,,-1,29.3578,1000
2026-06-26 18:49:12,92,B+3.5,6,True,False,False,,-1,29.4648,1000
2026-06-26 18:49:44,118,B+1.5,13,True,False,False,,-1,29.4112,1000
2026-06-26 18:50:17,112,B+0.5,12,True,False,False,,-1,29.4346,1000
2026-06-26 18:50:46,106,B+0.5,8,True,False,False,,-1,29.4933,1000
2026-06-26 18:51:17,121,B+0.5,13,True,False,False,,-1,29.4915,1000
2026-06-26 18:51:54,137,W+0.5,20,True,False,False,,-1,29.5808,1000
2026-06-26 18:52:32,145,W+2.5,18,True,False,False,,-1,29.7124,1000
2026-06-26 18:52:59,97,W+7.5,7,True,False,False,,-1,29.7066,1000
2026-06-26 18:53:31,121,W+0.5,12,True,False,False,,-1,29.769,1000
2026-06-26 18:54:05,119,W+1.5,17,True,False,False,,-1,29.9232,1000
2026-06-26 18:54:37,114,B+1.5,14,True,False,False,,-1,30.1598,1000
2026-06-26 18:55:07,116,B+1.5,13,True,False,False,,-1,30.1464,1000
2026-06-26 18:55:46,155,B+3.5,30,True,False,False,,-1,30.2467,1000
2026-06-26 18:56:19,116,B+1.5,5,True,False,False,,-1,30.2286,1000
2026-06-26 18:56:50,104,B+0.5,10,True,False,False,,-1,30.2836,1000
2026-06-26 18:57:18,111,W+1.5,12,True,False,False,,-1,30.2552,1000
2026-06-26 18:57:51,130,B+3.5,23,True,False,False,,-1,30.2991,1000
2026-06-26 18:58:25,121,W+6.5,15,True,False,False,,-1,30.3652,1000
2026-06-26 18:59:01,136,B+0.5,24,True,False,False,,-1,30.5065,1000
2026-06-26 18:59:30,105,W+0.5,7,True,False,False,,-1,30.5007,1000
2026-06-26 19:00:03,117,W+2.5,12,True,False,False,,-1,30.527,1000
2026-06-26 19:00:08,20,W+7.5,2,True,False,False,,-1,30.3124,1000
2026-06-26 19:00:39,117,W+2.5,6,True,False,False,,-1,30.3176,1000
2026-06-26 19:01:08,105,W+3.5,14,True,False,False,,-1,30.3794,1000
2026-06-26 19:01:50,161,B+2.5,26,True,False,False,,-1,30.437,1000
2026-06-26 19:02:25,123,W+2.5,12,True,False,False,,-1,30.4265,1000
2026-06-26 19:03:04,143,W+0.5,19,True,False,False,,-1,30.5034,1000
2026-06-26 19:03:31,102,B+4.5,8,True,False,False,,-1,30.4397,1000
2026-06-26 19:04:06,127,W+2.5,8,True,False,False,,-1,30.5084,1000
2026-06-26 19:04:36,118,B+5.5,14,True,False,False,,-1,30.5152,1000
2026-06-26 19:05:06,105,W+3.5,9,True,False,False,,-1,30.535,1000
2026-06-26 19:05:48,161,W+2.5,29,True,False,False,,-1,30.7247,1000
2026-06-26 19:06:31,162,W+0.5,17,True,False,False,,-1,30.8383,1000
2026-06-26 19:06:58,98,B+1.5,8,True,False,False,,-1,30.7128,1000
2026-06-26 19:07:04,24,W+7.5,2,True,False,False,,-1,30.4852,1000
2026-06-26 19:07:39,130,B+0.5,19,True,False,False,,-1,30.6081,1000
2026-06-26 19:08:07,96,B+4.5,8,True,False,False,,-1,30.5919,1000
2026-06-26 19:08:35,113,W+0.5,15,True,False,False,,-1,30.5819,1000
2026-06-26 19:09:05,112,B+1.5,12,True,False,False,,-1,30.5085,1000
2026-06-26 19:09:33,97,W+0.5,14,True,False,False,,-1,30.5239,1000
2026-06-26 19:10:03,114,W+0.5,10,True,False,False,,-1,30.4229,1000
2026-06-26 19:10:33,110,W+7.5,10,True,False,False,,-1,30.2937,1000
2026-06-26 19:10:59,111,B+1.5,15,True,False,False,,-1,30.414,1000
2026-06-26 19:11:33,114,B+3.5,13,True,False,False,,-1,30.3867,1000
2026-06-26 19:11:40,30,W+7.5,2,True,False,False,,-1,30.1081,1000
2026-06-26 19:12:10,113,W+2.5,16,True,False,False,,-1,30.1036,1000
2026-06-26 19:12:47,141,W+2.5,11,True,False,False,,-1,30.1208,1000
2026-06-26 19:12:57,36,W+7.5,2,True,False,False,,-1,29.8794,1000
2026-06-26 19:13:04,26,W+7.5,2,True,False,False,,-1,29.756,1000
2026-06-26 19:13:35,108,B+3.5,10,True,False,False,,-1,30.0032,1000
2026-06-26 19:14:09,133,W+0.5,18,True,False,False,,-1,30.0846,1000
2026-06-26 19:14:41,121,W+2.5,17,True,False,False,,-1,30.1335,1000
2026-06-26 19:15:15,124,B+4.5,20,True,False,False,,-1,30.1729,1000
2026-06-26 19:15:55,146,B+14.5,19,True,False,False,,-1,30.1593,1000
2026-06-26 19:16:25,106,B+1.5,10,True,False,False,,-1,30.1218,1000
2026-06-26 19:16:41,56,W+5.5,4,True,False,False,,-1,30.0084,1000
2026-06-26 19:17:09,109,W+0.5,8,True,False,False,,-1,29.9242,1000
2026-06-26 19:17:34,96,B+0.5,13,True,False,False,,-1,30.0883,1000
2026-06-26 19:18:16,162,B+19.5,37,True,False,False,,-1,30.2014,1000
2026-06-26 19:18:49,131,W+19.5,14,True,False,False,,-1,30.1974,1000
2026-06-26 19:19:17,97,W+7.5,12,True,False,False,,-1,30.1454,1000
2026-06-26 19:19:56,134,B+9.5,17,True,False,False,,-1,30.2945,1000
2026-06-26 19:20:24,97,W+0.5,10,True,False,False,,-1,30.2878,1000
2026-06-26 19:21:03,154,B+8.5,31,True,False,False,,-1,30.5652,1000
2026-06-26 19:21:18,57,B+5.5,2,True,False,False,,-1,30.4181,1000
2026-06-26 19:21:44,91,W+0.5,7,True,False,False,,-1,30.38,1000
2026-06-26 19:22:17,121,W+1.5,15,True,False,False,,-1,30.3626,1000
2026-06-26 19:22:48,117,W+5.5,16,True,False,False,,-1,30.4049,1000
2026-06-26 19:23:13,104,B+2.5,14,True,False,False,,-1,30.3387,1000
2026-06-26 19:23:43,110,B+4.5,8,True,False,False,,-1,30.2835,1000
2026-06-26 19:24:13,107,B+16.5,10,True,False,False,,-1,30.1952,1000
2026-06-26 19:24:40,99,W+2.5,9,True,False,False,,-1,30.1815,1000
2026-06-26 19:25:08,107,B+0.5,11,True,False,False,,-1,30.1246,1000
2026-06-26 19:25:42,135,W+0.5,24,True,False,False,,-1,30.1831,1000
2026-06-26 19:26:10,100,W+4.5,10,True,False,False,,-1,30.1613,1000
2026-06-26 19:26:50,162,B+12.5,23,True,False,False,,-1,30.2685,1000
2026-06-26 19:27:20,121,W+1.5,22,True,False,False,,-1,30.2598,1000
2026-06-26 19:27:54,123,W+2.5,18,True,False,False,,-1,30.3012,1000
2026-06-26 19:28:20,98,B+3.5,14,True,False,False,,-1,30.2045,1000
2026-06-26 19:28:52,110,B+0.5,9,True,False,False,,-1,30.2474,1000
2026-06-26 19:29:23,125,W+0.5,17,True,False,False,,-1,30.19,1000
2026-06-26 19:29:56,120,B+1.5,8,True,False,False,,-1,30.2141,1000
2026-06-26 19:30:10,52,W+12.5,2,True,False,False,,-1,30.0131,1000
2026-06-26 19:30:38,119,B+0.5,13,True,False,False,,-1,29.987,1000
2026-06-26 19:31:03,95,B+4.5,7,True,False,False,,-1,29.7917,1000
2026-06-26 19:31:33,103,W+3.5,12,True,False,False,,-1,29.7827,1000
2026-06-26 19:31:52,65,B+3.5,2,True,False,False,,-1,29.7044,1000
2026-06-26 19:32:18,102,B+0.5,8,True,False,False,,-1,29.6571,1000
2026-06-26 19:32:45,99,B+2.5,7,True,False,False,,-1,29.6298,1000
2026-06-26 19:33:13,102,B+0.5,9,True,False,False,,-1,29.6388,1000
2026-06-26 19:33:50,129,W+2.5,13,True,False,False,,-1,29.726,1000
2026-06-26 19:34:23,120,W+1.5,15,True,False,False,,-1,29.7834,1000
2026-06-26 19:34:56,122,B+1.5,19,True,False,False,,-1,29.7892,1000
2026-06-26 19:35:30,143,B+1.5,29,True,False,False,,-1,29.7821,1000
2026-06-26 19:36:00,108,B+4.5,12,True,False,False,,-1,29.7465,1000
2026-06-26 19:36:08,28,W+7.5,2,True,False,False,,-1,29.5984,1000
2026-06-26 19:36:25,61,B+0.5,3,True,False,False,,-1,29.4257,1000
2026-06-26 19:36:49,92,W+2.5,12,True,False,False,,-1,29.2628,1000
2026-06-26 19:37:07,60,W+9.5,2,True,False,False,,-1,29.1288,1000
2026-06-26 19:37:37,111,W+3.5,15,True,False,False,,-1,29.2777,1000
2026-06-26 19:38:07,116,W+2.5,11,True,False,False,,-1,29.3479,1000
2026-06-26 19:38:43,141,W+3.5,18,True,False,False,,-1,29.3949,1000
2026-06-26 19:39:19,139,W+1.5,20,True,False,False,,-1,29.4168,1000
2026-06-26 19:39:41,76,W+3.5,8,True,False,False,,-1,29.3464,1000
2026-06-26 19:40:06,96,B+1.5,10,True,False,False,,-1,29.2897,1000
2026-06-26 19:40:37,117,B+0.5,17,True,False,False,,-1,29.227,1000
2026-06-26 19:41:09,119,W+1.5,17,True,False,False,,-1,29.164,1000
2026-06-26 19:41:33,89,B+2.5,6,True,False,False,,-1,29.138,1000
2026-06-26 19:41:45,40,W+7.5,2,True,False,False,,-1,28.9369,1000
2026-06-26 19:42:06,75,B+5.5,4,True,False,False,,-1,28.8076,1000
2026-06-26 19:42:37,118,B+2.5,15,True,False,False,,-1,28.7928,1000
2026-06-26 19:43:07,119,B+4.5,23,True,False,False,,-1,28.8007,1000
2026-06-26 19:43:18,40,W+5.5,2,True,False,False,,-1,28.5209,1000
2026-06-26 19:43:47,108,B+2.5,13,True,False,False,,-1,28.4792,1000
2026-06-26 19:44:22,127,W+0.5,16,True,False,False,,-1,28.5182,1000
2026-06-26 19:44:48,100,B+2.5,15,True,False,False,,-1,28.4969,1000
2026-06-26 19:45:02,52,W+6.5,2,True,False,False,,-1,28.3077,1000
2026-06-26 19:45:32,104,B+3.5,12,True,False,False,,-1,28.2687,1000
2026-06-26 19:46:05,117,W+0.5,13,True,False,False,,-1,28.2446,1000
2026-06-26 19:46:35,113,W+1.5,16,True,False,False,,-1,28.2533,1000
2026-06-26 19:47:13,146,W+10.5,25,True,False,False,,-1,28.295,1000
2026-06-26 19:49:58,159,W+1.5,34,True,False,False,,-1,28.6842,2000
2026-06-26 19:50:26,96,B+3.5,7,True,False,False,,-1,28.6704,2000
2026-06-26 19:50:55,94,B+1.5,10,True,False,False,,-1,28.5446,2000
2026-06-26 19:51:24,110,B+3.5,19,True,False,False,,-1,28.4922,2000
2026-06-26 19:52:03,160,W+3.5,25,True,False,False,,-1,28.4791,2000
2026-06-26 19:52:31,110,B+0.5,7,True,False,False,,-1,28.4932,2000
2026-06-26 19:53:02,126,B+1.5,17,True,False,False,,-1,28.4567,2000
2026-06-26 19:53:21,63,B+0.5,6,True,False,False,,-1,28.3416,2000
2026-06-26 19:53:47,101,B+2.5,10,True,False,False,,-1,28.3026,2000
2026-06-26 19:54:16,112,W+2.5,14,True,False,False,,-1,28.1714,2000
2026-06-26 19:54:48,135,W+4.5,18,True,False,False,,-1,28.0657,2000
2026-06-26 19:55:21,123,B+3.5,23,True,False,False,,-1,28.1273,2000
2026-06-26 19:55:47,94,B+3.5,3,True,False,False,,-1,28.3207,2000
2026-06-26 19:56:16,106,W+0.5,13,True,False,False,,-1,28.2599,2000
2026-06-26 19:56:40,95,B+4.5,11,True,False,False,,-1,28.2235,2000
2026-06-26 19:57:21,162,W+3.5,32,True,False,False,,-1,28.3546,2000
2026-06-26 19:57:50,102,B+0.5,13,True,False,False,,-1,28.3425,2000
2026-06-26 19:58:13,90,B+2.5,9,True,False,False,,-1,28.2986,2000
2026-06-26 19:58:42,108,B+1.5,10,True,False,False,,-1,28.286,2000
2026-06-26 19:59:15,135,B+1.5,17,True,False,False,,-1,28.3168,2000
2026-06-26 19:59:41,100,W+2.5,11,True,False,False,,-1,28.3121,2000
2026-06-26 20:00:19,134,B+2.5,24,True,False,False,,-1,28.3514,2000
2026-06-26 20:00:52,136,W+0.5,23,True,False,False,,-1,28.6197,2000
2026-06-26 20:01:18,104,B+0.5,16,True,False,False,,-1,28.5811,2000
2026-06-26 20:01:47,114,B+2.5,14,True,False,False,,-1,28.4874,2000
2026-06-26 20:02:18,126,B+3.5,13,True,False,False,,-1,28.7105,2000
2026-06-26 20:02:44,109,B+1.5,9,True,False,False,,-1,28.8944,2000
2026-06-26 20:03:14,119,B+8.5,14,True,False,False,,-1,28.8884,2000
2026-06-26 20:03:40,94,B+0.5,11,True,False,False,,-1,28.811,2000
2026-06-26 20:04:20,148,W+2.5,33,True,False,False,,-1,28.878,2000
2026-06-26 20:04:46,107,W+1.5,11,True,False,False,,-1,28.8047,2000
2026-06-26 20:05:13,106,B+1.5,14,True,False,False,,-1,28.6696,2000
2026-06-26 20:05:44,122,B+0.5,17,True,False,False,,-1,28.6857,2000
2026-06-26 20:06:17,124,B+0.5,18,True,False,False,,-1,28.855,2000
2026-06-26 20:06:45,110,B+2.5,17,True,False,False,,-1,28.8527,2000
2026-06-26 20:07:13,104,B+2.5,9,True,False,False,,-1,28.8802,2000
2026-06-26 20:07:39,94,B+5.5,17,True,False,False,,-1,28.7234,2000
2026-06-26 20:08:07,115,W+4.5,11,True,False,False,,-1,28.6766,2000
2026-06-26 20:08:36,106,B+0.5,17,True,False,False,,-1,28.6881,2000
2026-06-26 20:09:09,136,B+0.5,24,True,False,False,,-1,28.6182,2000
2026-06-26 20:09:32,98,B+2.5,11,True,False,False,,-1,28.5759,2000
2026-06-26 20:10:11,162,W+3.5,37,True,False,False,,-1,28.58,2000
2026-06-26 20:10:45,134,B+3.5,22,True,False,False,,-1,28.7636,2000
2026-06-26 20:11:22,157,W+0.5,31,True,False,False,,-1,28.8726,2000
2026-06-26 20:11:46,95,B+3.5,9,True,False,False,,-1,28.7856,2000
2026-06-26 20:12:22,128,B+0.5,17,True,False,False,,-1,28.8361,2000
2026-06-26 20:12:58,145,W+5.5,26,True,False,False,,-1,28.946,2000
2026-06-26 20:13:25,100,B+2.5,8,True,False,False,,-1,28.918,2000
2026-06-26 20:13:50,99,W+1.5,13,True,False,False,,-1,28.8657,2000
2026-06-26 20:14:24,147,B+2.5,20,True,False,False,,-1,28.9342,2000
2026-06-26 20:14:46,89,B+1.5,11,True,False,False,,-1,28.8716,2000
2026-06-26 20:15:15,107,W+0.5,15,True,False,False,,-1,28.8166,2000
2026-06-26 20:15:46,116,B+1.5,18,True,False,False,,-1,28.8478,2000
2026-06-26 20:16:15,108,B+1.5,12,True,False,False,,-1,28.7436,2000
2026-06-26 20:16:43,105,W+1.5,15,True,False,False,,-1,28.7195,2000
2026-06-26 20:17:13,122,B+5.5,18,True,False,False,,-1,28.6816,2000
2026-06-26 20:17:45,127,B+1.5,12,True,False,False,,-1,28.7346,2000
2026-06-26 20:18:26,162,W+0.5,24,True,False,False,,-1,28.8291,2000
2026-06-26 20:19:04,154,B+7.5,22,True,False,False,,-1,28.9039,2000
2026-06-26 20:19:28,105,B+3.5,15,True,False,False,,-1,28.816,2000
2026-06-26 20:19:52,87,B+3.5,7,True,False,False,,-1,28.9078,2000
2026-06-26 20:20:23,131,B+7.5,29,True,False,False,,-1,28.9418,2000
2026-06-26 20:20:44,79,B+3.5,11,True,False,False,,-1,28.8997,2000
2026-06-26 20:21:11,106,B+0.5,19,True,False,False,,-1,28.8771,2000
2026-06-26 20:21:47,139,W+3.5,21,True,False,False,,-1,29.0393,2000
2026-06-26 20:22:17,120,W+2.5,20,True,False,False,,-1,29.0778,2000
2026-06-26 20:22:49,121,W+1.5,15,True,False,False,,-1,29.1337,2000
2026-06-26 20:23:17,109,W+2.5,14,True,False,False,,-1,29.1298,2000
2026-06-26 20:23:44,104,B+1.5,10,True,False,False,,-1,29.029,2000
2026-06-26 20:24:09,103,W+1.5,14,True,False,False,,-1,28.9604,2000
2026-06-26 20:24:36,98,B+3.5,8,True,False,False,,-1,28.8939,2000
2026-06-26 20:25:14,156,W+2.5,20,True,False,False,,-1,28.9326,2000
2026-06-26 20:25:47,132,W+4.5,24,True,False,False,,-1,28.9672,2000
2026-06-26 20:26:23,131,W+6.5,20,True,False,False,,-1,29.2417,2000
2026-06-26 20:26:50,100,W+0.5,9,True,False,False,,-1,29.3473,2000
2026-06-26 20:27:17,109,W+0.5,6,True,False,False,,-1,29.3726,2000
2026-06-26 20:27:57,152,W+0.5,25,True,False,False,,-1,29.5968,2000
2026-06-26 20:28:24,108,B+0.5,18,True,False,False,,-1,29.5629,2000
2026-06-26 20:28:55,114,B+0.5,10,True,False,False,,-1,29.5689,2000
2026-06-26 20:29:27,115,B+3.5,10,True,False,False,,-1,29.5257,2000
2026-06-26 20:29:50,87,B+0.5,8,True,False,False,,-1,29.4024,2000
2026-06-26 20:30:06,60,W+7.5,6,True,False,False,,-1,29.3467,2000
2026-06-26 20:30:34,108,B+2.5,15,True,False,False,,-1,29.3688,2000
2026-06-26 20:31:00,106,B+4.5,9,True,False,False,,-1,29.3177,2000
2026-06-26 20:31:19,66,W+0.5,5,True,False,False,,-1,29.1988,2000
2026-06-26 20:31:50,134,B+6.5,18,True,False,False,,-1,29.2618,2000
2026-06-26 20:32:13,98,B+2.5,10,True,False,False,,-1,29.3666,2000
2026-06-26 20:32:42,120,W+1.5,20,True,False,False,,-1,29.4556,2000
2026-06-26 20:33:08,104,B+4.5,12,True,False,False,,-1,29.406,2000
2026-06-26 20:33:15,26,W+7.5,2,True,False,False,,-1,29.1749,2000
2026-06-26 20:33:47,127,W+7.5,23,True,False,False,,-1,29.3878,2000
2026-06-26 20:34:20,124,B+1.5,20,True,False,False,,-1,29.4193,2000
2026-06-26 20:34:48,112,B+3.5,17,True,False,False,,-1,29.3615,2000
2026-06-26 20:35:17,108,W+3.5,13,True,False,False,,-1,29.3785,2000
2026-06-26 20:35:52,143,B+1.5,17,True,False,False,,-1,29.5929,2000
2026-06-26 20:36:21,109,B+5.5,19,True,False,False,,-1,29.5867,2000
2026-06-26 20:36:47,100,W+0.5,10,True,False,False,,-1,29.5083,2000
2026-06-26 20:37:18,121,W+0.5,15,True,False,False,,-1,29.5216,2000
2026-06-26 20:37:45,107,W+4.5,15,True,False,False,,-1,29.4135,2000
2026-06-26 20:38:14,113,B+0.5,13,True,False,False,,-1,29.4011,2000
2026-06-26 20:38:42,110,B+3.5,14,True,False,False,,-1,29.2443,2000
2026-06-26 20:39:07,94,B+2.5,10,True,False,False,,-1,29.2106,2000
2026-06-26 20:39:37,115,B+4.5,16,True,False,False,,-1,29.215,2000
2026-06-26 20:40:01,93,B+3.5,12,True,False,False,,-1,29.1639,2000
2026-06-26 20:40:12,40,W+5.5,4,True,False,False,,-1,28.8876,2000
2026-06-26 20:40:41,106,B+2.5,15,True,False,False,,-1,28.8939,2000
2026-06-26 20:41:20,162,W+8.5,24,True,False,False,,-1,28.9761,2000
2026-06-26 20:41:47,107,B+2.5,16,True,False,False,,-1,29.0639,2000
2026-06-26 20:42:22,135,W+1.5,26,True,False,False,,-1,29.1513,2000
2026-06-26 20:42:58,137,W+0.5,19,True,False,False,,-1,29.2221,2000
2026-06-26 20:43:25,101,W+0.5,8,True,False,False,,-1,29.1675,2000
2026-06-26 20:44:03,138,B+9.5,23,True,False,False,,-1,29.2136,2000
2026-06-26 20:44:31,109,B+7.5,12,True,False,False,,-1,29.2461,2000
2026-06-26 20:45:02,115,W+2.5,13,True,False,False,,-1,29.2561,2000
2026-06-26 20:45:34,116,B+0.5,9,True,False,False,,-1,29.3393,2000
2026-06-26 20:46:08,135,W+5.5,29,True,False,False,,-1,29.2668,2000
2026-06-26 20:46:47,162,B+1.5,32,True,False,False,,-1,29.3679,2000
2026-06-26 20:47:13,112,B+0.5,17,True,False,False,,-1,29.3961,2000
2026-06-26 20:47:39,102,B+3.5,12,True,False,False,,-1,29.3709,2000
2026-06-26 20:48:12,126,W+3.5,12,True,False,False,,-1,29.3693,2000
2026-06-26 20:48:41,114,B+4.5,14,True,False,False,,-1,29.4013,2000
2026-06-26 20:49:05,96,W+7.5,12,True,False,False,,-1,29.2659,2000
2026-06-26 20:49:35,113,B+0.5,16,True,False,False,,-1,29.2259,2000
2026-06-26 20:50:01,107,B+3.5,9,True,False,False,,-1,29.2256,2000
2026-06-26 20:50:33,120,W+4.5,13,True,False,False,,-1,29.2645,2000
2026-06-26 20:51:07,146,B+9.5,16,True,False,False,,-1,29.2838,2000
2026-06-26 20:51:33,101,W+6.5,8,True,False,False,,-1,29.2882,2000
2026-06-26 20:52:08,130,B+1.5,14,True,False,False,,-1,29.3327,2000
2026-06-26 20:52:34,99,B+1.5,9,True,False,False,,-1,29.3312,2000
2026-06-26 20:53:05,122,B+0.5,19,True,False,False,,-1,29.2561,2000
2026-06-26 20:53:32,107,W+1.5,15,True,False,False,,-1,29.2649,2000
2026-06-26 20:54:01,108,B+1.5,11,True,False,False,,-1,29.2745,2000
2026-06-26 20:54:17,61,B+1.5,5,True,False,False,,-1,29.1207,2000
2026-06-26 20:54:46,119,B+3.5,21,True,False,False,,-1,29.086,2000
2026-06-26 20:55:28,161,W+2.5,26,True,False,False,,-1,29.2269,2000
2026-06-26 20:55:50,88,B+3.5,7,True,False,False,,-1,29.1653,2000
2026-06-26 20:56:33,157,W+0.5,36,True,False,False,,-1,29.3358,2000
2026-06-26 20:57:02,114,B+0.5,12,True,False,False,,-1,29.344,2000
2026-06-26 20:57:32,112,B+2.5,19,True,False,False,,-1,29.3617,2000
2026-06-26 20:58:06,162,W+2.5,14,True,False,False,,-1,29.3749,2000
2026-06-26 20:58:41,122,B+1.5,11,True,False,False,,-1,29.4861,2000
2026-06-26 20:59:06,95,B+4.5,11,True,False,False,,-1,29.3431,2000
2026-06-26 20:59:32,104,B+5.5,8,True,False,False,,-1,29.2636,2000
2026-06-26 21:00:01,114,B+4.5,12,True,False,False,,-1,29.1845,2000
2026-06-26 21:00:27,106,B+2.5,12,True,False,False,,-1,29.2114,2000
2026-06-26 21:00:58,115,W+2.5,21,True,False,False,,-1,29.159,2000
2026-06-26 21:01:27,117,W+2.5,11,True,False,False,,-1,29.0815,2000
2026-06-26 21:02:02,139,W+2.5,28,True,False,False,,-1,29.1681,2000
2026-06-26 21:02:35,147,W+2.5,28,True,False,False,,-1,29.2509,2000
2026-06-26 21:02:53,71,B+0.5,7,True,False,False,,-1,29.0844,2000
2026-06-26 21:03:20,113,W+0.5,20,True,False,False,,-1,29.1344,2000
2026-06-26 21:03:49,115,W+5.5,16,True,False,False,,-1,29.1446,2000
2026-06-26 21:04:17,112,W+2.5,16,True,False,False,,-1,29.1094,2000
2026-06-26 21:04:26,36,W+6.5,2,True,False,False,,-1,28.916,2000
2026-06-26 21:04:54,98,B+3.5,10,True,False,False,,-1,28.9074,2000
2026-06-26 21:05:19,97,W+2.5,6,True,False,False,,-1,28.8586,2000
2026-06-26 21:05:53,145,B+3.5,26,True,False,False,,-1,28.8795,2000
2026-06-26 21:06:14,79,B+3.5,8,True,False,False,,-1,28.6798,2000
2026-06-26 21:06:33,63,B+1.5,2,True,False,False,,-1,28.4882,2000
2026-06-26 21:07:12,162,B+4.5,31,True,False,False,,-1,28.639,2000
2026-06-26 21:07:42,117,B+5.5,10,True,False,False,,-1,28.7061,2000
2026-06-26 21:08:08,97,W+1.5,11,True,False,False,,-1,28.6462,2000
2026-06-26 21:08:15,28,W+7.5,2,True,False,False,,-1,28.507,2000
2026-06-26 21:08:45,119,W+1.5,19,True,False,False,,-1,28.5337,2000
2026-06-26 21:09:12,107,W+1.5,15,True,False,False,,-1,28.444,2000
2026-06-26 21:09:27,53,B+0.5,2,True,False,False,,-1,28.2985,2000
2026-06-26 21:09:58,130,W+4.5,16,True,False,False,,-1,28.2844,2000
2026-06-26 21:10:24,98,B+2.5,11,True,False,False,,-1,28.2647,2000
2026-06-26 21:11:00,149,B+38.5,25,True,False,False,,-1,28.3619,2000
2026-06-26 21:11:25,96,B+0.5,10,True,False,False,,-1,28.356,2000
2026-06-26 21:12:04,145,B+2.5,22,True,False,False,,-1,28.4762,2000
2026-06-26 21:12:30,99,B+0.5,8,True,False,False,,-1,28.3505,2000
2026-06-26 21:12:59,103,W+2.5,8,True,False,False,,-1,28.3193,2000
2026-06-26 21:13:08,34,W+7.5,2,True,False,False,,-1,28.0511,2000
2026-06-26 21:13:47,158,B+5.5,35,True,False,False,,-1,28.1651,2000
2026-06-26 21:14:19,118,W+3.5,10,True,False,False,,-1,28.2187,2000
2026-06-26 21:14:44,98,B+1.5,12,True,False,False,,-1,28.073,2000
2026-06-26 21:15:12,107,W+0.5,12,True,False,False,,-1,28.0764,2000
2026-06-26 21:15:42,113,W+2.5,12,True,False,False,,-1,28.0737,2000
2026-06-26 21:16:13,123,W+9.5,25,True,False,False,,-1,28.0573,2000
2026-06-26 21:16:51,151,W+1.5,29,True,False,False,,-1,28.2117,2000
2026-06-26 21:17:24,124,W+1.5,23,True,False,False,,-1,28.3798,2000
2026-06-26 21:17:56,123,B+0.5,22,True,False,False,,-1,28.4198,2000
2026-06-26 21:18:30,139,W+1.5,28,True,False,False,,-1,28.5045,2000
2026-06-26 21:18:56,102,B+2.5,13,True,False,False,,-1,28.5656,2000
2026-06-26 21:19:22,101,B+4.5,14,True,False,False,,-1,28.5159,2000
2026-06-26 21:19:46,95,W+0.5,7,True,False,False,,-1,28.5275,2000
2026-06-26 21:20:22,147,W+2.5,38,True,False,False,,-1,28.5975,2000
2026-06-26 21:20:56,118,W+0.5,16,True,False,False,,-1,28.6713,2000
2026-06-26 21:21:02,22,W+6.5,3,True,False,False,,-1,28.6689,2000
2026-06-26 21:21:26,98,B+1.5,12,True,False,False,,-1,28.5797,2000
2026-06-26 21:21:46,69,B+2.5,4,True,False,False,,-1,28.4571,2000
2026-06-26 21:22:12,102,B+1.5,13,True,False,False,,-1,28.4361,2000
2026-06-26 21:22:43,116,B+2.5,12,True,False,False,,-1,28.4647,2000
2026-06-26 21:23:13,119,W+0.5,22,True,False,False,,-1,28.4085,2000
2026-06-26 21:23:41,111,W+0.5,17,True,False,False,,-1,28.4001,2000
2026-06-26 21:24:20,158,W+0.5,27,True,False,False,,-1,28.5342,2000
2026-06-26 21:24:51,115,W+0.5,17,True,False,False,,-1,28.5262,2000
2026-06-26 21:25:19,97,W+3.5,10,True,False,False,,-1,28.5378,2000
2026-06-26 21:25:58,140,B+1.5,25,True,False,False,,-1,28.638,2000
2026-06-26 21:26:39,160,B+5.5,34,True,False,False,,-1,28.7639,2000
2026-06-26 21:27:08,108,W+0.5,6,True,False,False,,-1,28.8067,2000
2026-06-26 21:27:40,115,W+3.5,17,True,False,False,,-1,28.8362,2000
2026-06-26 21:28:10,115,W+1.5,15,True,False,False,,-1,28.8907,2000
2026-06-26 21:28:42,114,B+0.5,22,True,False,False,,-1,29.0982,2000
2026-06-26 21:29:15,125,W+0.5,18,True,False,False,,-1,29.1389,2000
2026-06-26 21:29:56,162,W+3.5,36,True,False,False,,-1,29.1616,2000
2026-06-26 21:30:35,151,W+0.5,28,True,False,False,,-1,29.277,2000
2026-06-26 21:31:14,162,W+5.5,37,True,False,False,,-1,29.3125,2000
2026-06-26 21:31:46,122,B+2.5,15,True,False,False,,-1,29.2796,2000
2026-06-26 21:32:22,138,B+3.5,24,True,False,False,,-1,29.371,2000
2026-06-26 21:32:50,108,B+4.5,15,True,False,False,,-1,29.265,2000
2026-06-26 21:33:22,122,W+3.5,19,True,False,False,,-1,29.3026,2000
2026-06-26 21:33:59,159,W+6.5,20,True,False,False,,-1,29.3704,2000
2026-06-26 21:34:30,112,B+4.5,10,True,False,False,,-1,29.3555,2000
2026-06-26 21:34:55,100,W+1.5,9,True,False,False,,-1,29.2631,2000
2026-06-26 21:35:19,94,B+2.5,8,True,False,False,,-1,29.1167,2000
2026-06-26 21:35:41,86,B+4.5,6,True,False,False,,-1,29.0747,2000
2026-06-26 21:36:10,104,B+3.5,14,True,False,False,,-1,29.0999,2000
2026-06-26 21:36:35,94,B+1.5,6,True,False,False,,-1,29.0298,2000
2026-06-26 21:37:06,123,W+2.5,15,True,False,False,,-1,29.0474,2000
2026-06-26 21:37:47,162,B+4.5,37,True,False,False,,-1,29.2093,2000
2026-06-26 21:38:16,116,B+2.5,13,True,False,False,,-1,29.2063,2000
2026-06-26 21:38:40,90,B+4.5,6,True,False,False,,-1,29.1896,2000
2026-06-26 21:39:17,162,W+6.5,30,True,False,False,,-1,29.2359,2000
2026-06-26 21:39:51,127,B+5.5,15,True,False,False,,-1,29.2354,2000
2026-06-26 21:40:17,98,B+7.5,14,True,False,False,,-1,29.232,2000
2026-06-26 21:40:40,83,B+0.5,7,True,False,False,,-1,29.1195,2000
2026-06-26 21:41:06,98,B+2.5,8,True,False,False,,-1,29.1223,2000
2026-06-26 21:41:46,147,W+0.5,23,True,False,False,,-1,29.2044,2000
2026-06-26 21:42:11,96,B+2.5,15,True,False,False,,-1,29.1844,2000
2026-06-26 21:42:38,97,B+2.5,14,True,False,False,,-1,29.1708,2000
2026-06-26 21:43:15,127,W+1.5,21,True,False,False,,-1,29.3755,2000
2026-06-26 21:43:52,162,B+10.5,40,True,False,False,,-1,29.463,2000
2026-06-26 21:44:14,86,B+0.5,9,True,False,False,,-1,29.2623,2000
2026-06-26 21:44:41,108,B+1.5,12,True,False,False,,-1,29.3056,2000
2026-06-26 21:45:12,124,B+3.5,18,True,False,False,,-1,29.1935,2000
2026-06-26 21:45:45,123,B+3.5,20,True,False,False,,-1,29.2241,2000
2026-06-26 21:46:15,104,B+0.5,14,True,False,False,,-1,29.2244,2000
2026-06-26 21:46:42,102,B+3.5,12,True,False,False,,-1,29.1493,2000
2026-06-26 21:47:15,126,B+0.5,16,True,False,False,,-1,29.1442,2000
2026-06-26 21:47:47,122,W+1.5,20,True,False,False,,-1,29.205,2000
2026-06-26 21:48:23,127,W+1.5,15,True,False,False,,-1,29.3084,2000
2026-06-26 21:48:47,90,W+3.5,8,True,False,False,,-1,29.2564,2000
2026-06-26 21:49:18,117,B+3.5,16,True,False,False,,-1,29.2994,2000
2026-06-26 21:49:45,104,B+1.5,15,True,False,False,,-1,29.2642,2000
2026-06-26 21:50:25,162,W+0.5,32,True,False,False,,-1,29.383,2000
2026-06-26 21:50:56,124,B+2.5,21,True,False,False,,-1,29.3394,2000
2026-06-26 21:51:28,126,B+2.5,19,True,False,False,,-1,29.3307,2000
2026-06-26 21:51:52,96,B+2.5,9,True,False,False,,-1,29.3909,2000
2026-06-26 21:52:16,95,B+1.5,11,True,False,False,,-1,29.3649,2000
2026-06-26 21:52:54,162,B+3.5,30,True,False,False,,-1,29.4427,2000
2026-06-26 21:53:19,101,B+2.5,12,True,False,False,,-1,29.419,2000
2026-06-26 21:53:40,79,B+3.5,7,True,False,False,,-1,29.5348,2000
2026-06-26 21:54:17,142,B+2.5,23,True,False,False,,-1,29.6264,2000
2026-06-26 21:54:33,59,B+3.5,2,True,False,False,,-1,29.5363,2000
2026-06-26 21:54:43,34,W+8.5,2,True,False,False,,-1,29.2972,2000
2026-06-26 21:55:17,140,B+4.5,34,True,False,False,,-1,29.4268,2000
2026-06-26 21:55:44,98,W+3.5,12,True,False,False,,-1,29.5064,2000
2026-06-26 21:56:06,89,W+1.5,9,True,False,False,,-1,29.3397,2000
2026-06-26 21:56:31,95,B+0.5,12,True,False,False,,-1,29.2872,2000
2026-06-26 21:57:04,133,W+2.5,25,True,False,False,,-1,29.3624,2000
2026-06-26 21:57:31,99,W+6.5,7,True,False,False,,-1,29.5628,2000
2026-06-26 21:58:07,140,B+7.5,29,True,False,False,,-1,29.6228,2000
2026-06-26 21:58:38,112,B+3.5,14,True,False,False,,-1,29.6644,2000
2026-06-26 21:59:11,125,W+0.5,13,True,False,False,,-1,29.8415,2000
2026-06-26 21:59:26,55,B+0.5,7,True,False,False,,-1,29.6786,2000
2026-06-26 21:59:56,119,W+0.5,19,True,False,False,,-1,29.7151,2000
2026-06-26 22:00:27,127,W+0.5,21,True,False,False,,-1,29.665,2000
2026-06-26 22:00:57,114,B+2.5,20,True,False,False,,-1,29.7153,2000
2026-06-26 22:01:24,104,W+2.5,12,True,False,False,,-1,29.597,2000
2026-06-26 22:01:47,88,B+2.5,11,True,False,False,,-1,29.5734,2000
2026-06-26 22:02:18,113,B+2.5,15,True,False,False,,-1,29.5829,2000
2026-06-26 22:02:45,100,W+2.5,12,True,False,False,,-1,29.7601,2000
2026-06-26 22:03:24,154,W+0.5,26,True,False,False,,-1,29.7689,2000
2026-06-26 22:03:48,91,B+0.5,4,True,False,False,,-1,29.6925,2000
2026-06-26 22:04:20,127,B+1.5,14,True,False,False,,-1,29.75,2000
2026-06-26 22:04:44,101,B+2.5,10,True,False,False,,-1,29.7129,2000
2026-06-26 22:05:17,134,W+2.5,15,True,False,False,,-1,29.7415,2000
2026-06-26 22:05:48,126,W+0.5,21,True,False,False,,-1,29.7511,2000
2026-06-26 22:06:27,161,W+4.5,36,True,False,False,,-1,29.7542,2000
2026-06-26 22:07:07,161,W+7.5,26,True,False,False,,-1,29.8234,2000
2026-06-26 22:07:41,133,B+3.5,26,True,False,False,,-1,29.8512,2000
2026-06-26 22:08:11,110,B+0.5,13,True,False,False,,-1,29.804,2000
2026-06-26 22:08:39,126,B+1.5,23,True,False,False,,-1,29.8306,2000
2026-06-26 22:09:10,121,W+1.5,17,True,False,False,,-1,29.8847,2000
2026-06-26 22:09:45,132,B+0.5,15,True,False,False,,-1,29.9928,2000
2026-06-26 22:10:15,127,B+3.5,18,True,False,False,,-1,29.9331,2000
2026-06-26 22:10:54,162,W+3.5,27,True,False,False,,-1,29.9851,2000
2026-06-26 22:11:32,152,W+0.5,25,True,False,False,,-1,30.2924,2000
2026-06-26 22:11:41,36,W+6.5,3,True,False,False,,-1,30.1519,2000
2026-06-26 22:12:13,119,W+2.5,12,True,False,False,,-1,30.2687,2000
2026-06-26 22:12:19,22,W+7.5,2,True,False,False,,-1,30.0641,2000
2026-06-26 22:12:48,114,W+0.5,13,True,False,False,,-1,30.0438,2000
2026-06-26 22:13:10,87,B+1.5,8,True,False,False,,-1,29.9682,2000
2026-06-26 22:13:39,104,B+0.5,6,True,False,False,,-1,29.9708,2000
2026-06-26 22:14:08,109,B+1.5,14,True,False,False,,-1,29.8703,2000
2026-06-26 22:14:37,120,B+8.5,12,True,False,False,,-1,29.8614,2000
2026-06-26 22:15:05,114,B+0.5,18,True,False,False,,-1,29.866,2000
2026-06-26 22:15:36,121,W+2.5,13,True,False,False,,-1,29.7789,2000
2026-06-26 22:16:05,116,B+8.5,19,True,False,False,,-1,29.6551,2000
2026-06-26 22:16:33,110,W+0.5,14,True,False,False,,-1,29.6534,2000
2026-06-26 22:16:41,28,W+7.5,2,True,False,False,,-1,29.4035,2000
2026-06-26 22:17:14,130,W+0.5,20,True,False,False,,-1,29.4305,2000
2026-06-26 22:17:55,162,W+1.5,12,True,False,False,,-1,29.5333,2000
2026-06-26 22:18:22,96,B+3.5,13,True,False,False,,-1,29.4616,2000
2026-06-26 22:19:00,153,W+0.5,22,True,False,False,,-1,29.4351,2000
2026-06-26 22:19:41,162,B+3.5,39,True,False,False,,-1,29.4546,2000
2026-06-26 22:20:06,97,B+7.5,7,True,False,False,,-1,29.3219,2000
2026-06-26 22:20:33,106,B+2.5,18,True,False,False,,-1,29.2692,2000
2026-06-26 22:20:59,96,B+10.5,8,True,False,False,,-1,29.1623,2000
2026-06-26 22:21:32,127,B+2.5,27,True,False,False,,-1,29.2153,2000
2026-06-26 22:21:57,102,B+1.5,14,True,False,False,,-1,29.1522,2000
2026-06-26 22:22:24,98,B+2.5,9,True,False,False,,-1,29.0488,2000
2026-06-26 22:22:59,135,W+2.5,24,True,False,False,,-1,29.0884,2000
2026-06-26 22:23:30,125,W+2.5,20,True,False,False,,-1,29.1469,2000
2026-06-26 22:24:06,133,W+0.5,24,True,False,False,,-1,29.2676,2000
2026-06-26 22:24:33,100,B+1.5,9,True,False,False,,-1,29.316,2000
2026-06-26 22:25:00,104,W+4.5,16,True,False,False,,-1,29.2984,2000
2026-06-26 22:25:29,114,W+2.5,19,True,False,False,,-1,29.3358,2000
2026-06-26 22:26:00,122,W+0.5,13,True,False,False,,-1,29.3311,2000
2026-06-26 22:26:06,22,W+9.5,2,True,False,False,,-1,28.9909,2000
2026-06-26 22:26:36,110,B+2.5,9,True,False,False,,-1,28.9974,2000
2026-06-26 22:27:09,120,B+7.5,15,True,False,False,,-1,29.0806,2000
2026-06-26 22:27:33,96,W+4.5,8,True,False,False,,-1,28.9578,2000
2026-06-26 22:28:09,127,B+4.5,19,True,False,False,,-1,28.9766,2000
2026-06-26 22:28:34,96,W+1.5,10,True,False,False,,-1,28.9655,2000
2026-06-26 22:29:04,112,B+0.5,13,True,False,False,,-1,29.0362,2000
2026-06-26 22:29:36,126,B+7.5,18,True,False,False,,-1,29.098,2000
2026-06-26 22:30:02,93,B+2.5,5,True,False,False,,-1,28.9546,2000
2026-06-26 22:30:32,117,B+1.5,24,True,False,False,,-1,29.0062,2000
2026-06-26 22:31:02,117,W+0.5,19,True,False,False,,-1,29.0414,2000
2026-06-26 22:31:16,50,W+1.5,3,True,False,False,,-1,28.8099,2000
2026-06-26 22:31:47,131,W+3.5,16,True,False,False,,-1,28.7426,2000
2026-06-26 22:32:20,128,B+1.5,21,True,False,False,,-1,28.8615,2000
2026-06-26 22:32:36,57,B+1.5,4,True,False,False,,-1,28.7475,2000
2026-06-26 22:33:09,128,B+1.5,20,True,False,False,,-1,28.77,2000
2026-06-26 22:33:32,93,B+2.5,15,True,False,False,,-1,28.6753,2000
2026-06-26 22:34:02,107,W+6.5,10,True,False,False,,-1,28.6642,2000
2026-06-26 22:34:40,162,B+8.5,39,True,False,False,,-1,28.7795,2000
2026-06-26 22:35:13,120,B+0.5,13,True,False,False,,-1,28.7716,2000
2026-06-26 22:35:36,89,B+1.5,7,True,False,False,,-1,28.6962,2000
2026-06-26 22:36:02,100,W+0.5,14,True,False,False,,-1,28.5893,2000
2026-06-26 22:36:32,118,B+9.5,13,True,False,False,,-1,28.6524,2000
2026-06-26 22:37:08,123,B+1.5,11,True,False,False,,-1,28.6995,2000
2026-06-26 22:37:39,124,W+0.5,13,True,False,False,,-1,28.7449,2000
2026-06-26 22:38:16,143,B+0.5,24,True,False,False,,-1,28.7072,2000
2026-06-26 22:38:53,139,B+0.5,21,True,False,False,,-1,28.7601,2000
2026-06-26 22:39:17,97,B+0.5,8,True,False,False,,-1,28.6858,2000
2026-06-26 22:39:47,114,B+3.5,13,True,False,False,,-1,28.7466,2000
2026-06-26 22:40:12,91,W+1.5,10,True,False,False,,-1,28.751,2000
2026-06-26 22:40:44,121,B+2.5,17,True,False,False,,-1,28.6985,2000
2026-06-26 22:41:13,106,B+1.5,9,True,False,False,,-1,28.7364,2000
2026-06-26 22:41:50,162,B+4.5,20,True,False,False,,-1,28.8954,2000
2026-06-26 22:41:58,28,W+6.5,3,True,False,False,,-1,28.6132,2000
2026-06-26 22:42:31,123,B+2.5,21,True,False,False,,-1,28.7748,2000
2026-06-26 22:43:05,133,W+1.5,19,True,False,False,,-1,29.0241,2000
2026-06-26 22:43:40,130,B+1.5,22,True,False,False,,-1,29.0272,2000
2026-06-26 22:44:12,132,B+15.5,24,True,False,False,,-1,29.0799,2000
2026-06-26 22:44:43,115,B+0.5,11,True,False,False,,-1,29.1689,2000
2026-06-26 22:45:14,114,B+1.5,16,True,False,False,,-1,29.2255,2000
2026-06-26 22:45:48,133,B+1.5,19,True,False,False,,-1,29.2296,2000
2026-06-26 22:46:13,102,B+5.5,19,True,False,False,,-1,29.2146,2000
2026-06-26 22:46:51,154,W+0.5,31,True,False,False,,-1,29.2362,2000
2026-06-26 22:47:14,84,W+2.5,7,True,False,False,,-1,29.1545,2000
2026-06-26 22:47:43,116,B+7.5,18,True,False,False,,-1,29.121,2000
2026-06-26 22:48:11,107,W+1.5,16,True,False,False,,-1,29.2481,2000
2026-06-26 22:48:37,98,B+1.5,13,True,False,False,,-1,29.2073,2000
2026-06-26 22:49:05,104,W+6.5,14,True,False,False,,-1,29.1761,2000
2026-06-26 22:49:29,87,B+1.5,9,True,False,False,,-1,29.1149,2000
2026-06-26 22:49:53,102,B+0.5,14,True,False,False,,-1,29.0949,2000
2026-06-26 22:50:21,105,B+3.5,11,True,False,False,,-1,29.1313,2000
2026-06-26 22:50:53,124,B+5.5,22,True,False,False,,-1,29.1504,2000
2026-06-26 22:51:27,111,W+1.5,13,True,False,False,,-1,29.2197,2000
2026-06-26 22:51:58,121,W+1.5,19,True,False,False,,-1,29.1381,2000
2026-06-26 22:52:37,156,B+7.5,27,True,False,False,,-1,29.2829,2000
2026-06-26 22:53:05,100,B+0.5,12,True,False,False,,-1,29.2493,2000
2026-06-26 22:53:36,109,W+2.5,11,True,False,False,,-1,29.3168,2000
2026-06-26 22:54:05,117,B+1.5,15,True,False,False,,-1,29.2792,2000
2026-06-26 22:54:33,115,B+5.5,14,True,False,False,,-1,29.2496,2000
2026-06-26 22:55:00,96,B+1.5,13,True,False,False,,-1,29.1237,2000
2026-06-26 22:55:09,30,W+7.5,3,True,False,False,,-1,28.8168,2000
2026-06-26 22:55:37,117,W+0.5,15,True,False,False,,-1,28.7522,2000
2026-06-26 22:56:19,162,B+4.5,28,True,False,False,,-1,28.8746,2000
2026-06-26 22:56:39,71,B+3.5,4,True,False,False,,-1,28.7934,2000
2026-06-26 22:57:12,128,B+4.5,14,True,False,False,,-1,28.813,2000
2026-06-26 22:57:35,95,B+2.5,12,True,False,False,,-1,28.6968,2000
2026-06-26 22:58:07,121,W+0.5,23,True,False,False,,-1,28.7147,2000
2026-06-26 22:58:38,116,B+1.5,13,True,False,False,,-1,28.6322,2000
2026-06-26 22:59:06,105,W+0.5,12,True,False,False,,-1,28.5417,2000
2026-06-26 22:59:45,162,B+26.5,26,True,False,False,,-1,28.8395,2000
2026-06-26 23:00:12,103,W+2.5,10,True,False,False,,-1,28.7942,2000
2026-06-26 23:00:43,120,B+9.5,18,True,False,False,,-1,29.0431,2000
2026-06-26 23:01:22,162,B+5.5,32,True,False,False,,-1,29.1342,2000
2026-06-26 23:01:47,89,B+7.5,6,True,False,False,,-1,29.1672,2000
2026-06-26 23:02:17,116,B+1.5,17,True,False,False,,-1,29.1767,2000
2026-06-26 23:02:30,44,W+8.5,2,True,False,False,,-1,29.0192,2000
2026-06-26 23:02:43,51,B+6.5,2,True,False,False,,-1,28.8492,2000
2026-06-26 23:03:12,110,B+3.5,11,True,False,False,,-1,28.8624,2000
2026-06-26 23:03:41,105,W+0.5,11,True,False,False,,-1,28.8505,2000
2026-06-26 23:04:13,122,B+1.5,12,True,False,False,,-1,28.879,2000
2026-06-26 23:04:30,72,W+0.5,6,True,False,False,,-1,28.7651,2000
2026-06-26 23:05:00,120,B+2.5,9,True,False,False,,-1,28.9904,2000
2026-06-26 23:05:26,88,B+3.5,10,True,False,False,,-1,28.9153,2000
2026-06-26 23:05:59,129,W+1.5,20,True,False,False,,-1,28.8331,2000
2026-06-26 23:06:32,132,B+2.5,19,True,False,False,,-1,28.9031,2000
2026-06-26 23:07:05,121,B+0.5,17,True,False,False,,-1,28.8484,2000
2026-06-26 23:07:11,22,W+7.5,2,True,False,False,,-1,28.5042,2000
2026-06-26 23:07:46,162,B+3.5,33,True,False,False,,-1,28.5963,2000
2026-06-26 23:08:16,118,W+1.5,14,True,False,False,,-1,28.619,2000
2026-06-26 23:08:45,113,W+3.5,15,True,False,False,,-1,28.6598,2000
2026-06-26 23:09:08,92,B+1.5,7,True,False,False,,-1,28.565,2000
2026-06-26 23:09:37,113,W+5.5,12,True,False,False,,-1,28.5886,2000
2026-06-26 23:10:17,156,W+0.5,34,True,False,False,,-1,28.7288,2000
2026-06-26 23:10:42,99,W+5.5,9,True,False,False,,-1,28.6347,2000
2026-06-26 23:11:16,134,B+1.5,20,True,False,False,,-1,28.6597,2000
2026-06-26 23:11:42,90,W+3.5,11,True,False,False,,-1,28.5586,2000
2026-06-26 23:12:10,111,W+6.5,14,True,False,False,,-1,28.5646,2000
2026-06-26 23:12:38,118,B+1.5,18,True,False,False,,-1,28.5837,2000
2026-06-26 23:13:21,162,B+7.5,27,True,False,False,,-1,28.7139,2000
2026-06-26 23:13:49,99,W+7.5,13,True,False,False,,-1,28.6863,2000
2026-06-26 23:14:16,111,B+0.5,15,True,False,False,,-1,28.8983,2000
2026-06-26 23:14:46,118,B+2.5,18,True,False,False,,-1,28.8968,2000
2026-06-26 23:15:20,120,B+3.5,17,True,False,False,,-1,28.9049,2000
2026-06-26 23:15:43,99,B+1.5,12,True,False,False,,-1,28.8977,2000
2026-06-26 23:16:17,128,B+1.5,21,True,False,False,,-1,28.8782,2000
2026-06-26 23:16:46,104,B+2.5,15,True,False,False,,-1,28.9195,2000
2026-06-26 23:17:09,92,W+0.5,9,True,False,False,,-1,28.8464,2000
2026-06-26 23:17:46,152,B+2.5,25,True,False,False,,-1,28.8987,2000
2026-06-26 23:18:28,162,B+14.5,36,True,False,False,,-1,29.0629,2000
2026-06-26 23:18:58,112,B+4.5,9,True,False,False,,-1,29.0564,2000
2026-06-26 23:19:22,93,B+0.5,10,True,False,False,,-1,28.9989,2000
2026-06-26 23:19:49,100,B+2.5,10,True,False,False,,-1,29.1322,2000
2026-06-26 23:20:15,115,W+2.5,16,True,False,False,,-1,29.0775,2000
2026-06-26 23:20:48,130,B+3.5,21,True,False,False,,-1,29.0707,2000
2026-06-26 23:21:18,119,B+1.5,20,True,False,False,,-1,29.2232,2000
2026-06-26 23:21:46,117,W+0.5,17,True,False,False,,-1,29.1632,2000
2026-06-26 23:22:17,116,B+1.5,13,True,False,False,,-1,29.2425,2000
2026-06-26 23:22:48,118,B+4.5,14,True,False,False,,-1,29.2611,2000
2026-06-26 23:23:17,107,W+2.5,12,True,False,False,,-1,29.1731,2000
2026-06-26 23:23:44,101,B+2.5,9,True,False,False,,-1,29.1086,2000
2026-06-26 23:24:13,121,W+1.5,13,True,False,False,,-1,29.1663,2000
2026-06-26 23:24:41,107,B+4.5,8,True,False,False,,-1,29.1918,2000
2026-06-26 23:25:08,104,B+0.5,14,True,False,False,,-1,29.1534,2000
2026-06-26 23:25:37,104,W+1.5,10,True,False,False,,-1,29.0924,2000
2026-06-26 23:26:06,121,W+3.5,15,True,False,False,,-1,29.0618,2000
2026-06-26 23:26:42,136,B+7.5,23,True,False,False,,-1,29.0531,2000
2026-06-26 23:27:07,106,W+2.5,18,True,False,False,,-1,28.9417,2000
2026-06-26 23:27:12,22,W+7.5,2,True,False,False,,-1,28.7499,2000
2026-06-26 23:27:46,137,W+0.5,19,True,False,False,,-1,28.7869,2000
2026-06-26 23:28:14,116,B+0.5,16,True,False,False,,-1,28.8246,2000
2026-06-26 23:28:47,162,W+2.5,24,True,False,False,,-1,28.8283,2000
2026-06-26 23:29:26,152,B+5.5,28,True,False,False,,-1,28.9326,2000
2026-06-26 23:29:55,113,W+3.5,21,True,False,False,,-1,28.8472,2000
2026-06-26 23:30:27,123,B+4.5,21,True,False,False,,-1,29.0868,2000
2026-06-26 23:30:57,123,B+4.5,24,True,False,False,,-1,29.0538,2000
2026-06-26 23:31:33,149,W+2.5,18,True,False,False,,-1,29.0777,2000
2026-06-26 23:32:02,114,B+1.5,18,True,False,False,,-1,29.0135,2000
2026-06-26 23:32:29,111,B+1.5,20,True,False,False,,-1,28.9673,2000
2026-06-26 23:32:56,116,W+0.5,21,True,False,False,,-1,28.9286,2000
2026-06-26 23:33:34,149,B+3.5,22,True,False,False,,-1,28.9931,2000
2026-06-26 23:34:07,129,W+6.5,20,True,False,False,,-1,28.9923,2000
2026-06-26 23:34:34,102,B+1.5,6,True,False,False,,-1,29.001,2000
2026-06-26 23:35:11,162,W+10.5,36,True,False,False,,-1,28.9944,2000
2026-06-26 23:35:31,89,B+0.5,11,True,False,False,,-1,28.9687,2000
2026-06-26 23:36:04,119,W+0.5,19,True,False,False,,-1,29.0003,2000
2026-06-26 23:36:26,86,B+4.5,8,True,False,False,,-1,28.9406,2000
2026-06-26 23:36:47,71,B+4.5,11,True,False,False,,-1,28.9058,2000
2026-06-26 23:37:13,103,B+3.5,10,True,False,False,,-1,28.8779,2000
2026-06-26 23:37:40,103,W+2.5,10,True,False,False,,-1,28.9056,2000
2026-06-26 23:38:09,117,B+7.5,18,True,False,False,,-1,28.9546,2000
2026-06-26 23:38:37,111,B+3.5,15,True,False,False,,-1,28.9669,2000
2026-06-26 23:39:10,112,B+1.5,13,True,False,False,,-1,28.962,2000
2026-06-26 23:39:38,99,W+3.5,15,True,False,False,,-1,28.9109,2000
2026-06-26 23:40:05,102,B+5.5,11,True,False,False,,-1,28.8708,2000
2026-06-26 23:40:28,91,B+2.5,8,True,False,False,,-1,28.7117,2000
2026-06-26 23:40:55,105,W+0.5,11,True,False,False,,-1,28.6965,2000
2026-06-26 23:41:21,99,B+2.5,11,True,False,False,,-1,28.6453,2000
2026-06-26 23:41:25,20,W+7.5,2,True,False,False,,-1,28.4002,2000
2026-06-26 23:42:02,147,W+0.5,23,True,False,False,,-1,28.4814,2000
2026-06-26 23:42:32,107,B+2.5,14,True,False,False,,-1,28.5268,2000
2026-06-26 23:43:06,124,B+6.5,16,True,False,False,,-1,28.7729,2000
2026-06-26 23:43:33,102,B+0.5,16,True,False,False,,-1,28.762,2000
2026-06-26 23:44:07,127,W+2.5,17,True,False,False,,-1,28.6792,2000
2026-06-26 23:44:41,133,W+0.5,21,True,False,False,,-1,28.8162,2000
2026-06-26 23:45:09,109,B+3.5,15,True,False,False,,-1,28.7736,2000
2026-06-26 23:45:38,104,B+0.5,14,True,False,False,,-1,28.8253,2000
2026-06-26 23:46:03,109,W+1.5,11,True,False,False,,-1,28.7593,2000
2026-06-26 23:46:46,161,W+6.5,27,True,False,False,,-1,28.8768,2000
2026-06-26 23:47:27,161,W+4.5,36,True,False,False,,-1,29.0007,2000
2026-06-26 23:48:08,160,B+2.5,26,True,False,False,,-1,29.0215,2000
2026-06-26 23:48:49,150,B+1.5,24,True,False,False,,-1,29.1593,2000
2026-06-26 23:49:17,108,B+0.5,20,True,False,False,,-1,29.1328,2000
2026-06-26 23:49:46,107,B+1.5,16,True,False,False,,-1,29.0432,2000
2026-06-26 23:50:18,123,W+2.5,20,True,False,False,,-1,29.1047,2000
2026-06-26 23:50:52,134,B+2.5,31,True,False,False,,-1,29.1488,2000
2026-06-26 23:51:00,30,W+7.5,2,True,False,False,,-1,29.0955,2000
2026-06-26 23:51:30,121,B+2.5,17,True,False,False,,-1,29.2678,2000
2026-06-26 23:51:58,111,W+2.5,12,True,False,False,,-1,29.2629,2000
2026-06-26 23:52:27,107,B+2.5,16,True,False,False,,-1,29.2567,2000
2026-06-26 23:53:07,162,B+1.5,35,True,False,False,,-1,29.3384,2000
2026-06-26 23:53:33,99,B+2.5,13,True,False,False,,-1,29.425,2000
2026-06-26 23:54:10,133,B+2.5,21,True,False,False,,-1,29.493,2000
2026-06-26 23:54:42,125,B+2.5,21,True,False,False,,-1,29.5642,2000
2026-06-26 23:55:10,106,B+0.5,13,True,False,False,,-1,29.5101,2000
2026-06-26 23:55:50,162,B+11.5,34,True,False,False,,-1,29.5765,2000
2026-06-26 23:56:16,100,W+1.5,14,True,False,False,,-1,29.5069,2000
2026-06-26 23:56:41,95,W+1.5,11,True,False,False,,-1,29.6911,2000
2026-06-26 23:57:07,103,W+0.5,13,True,False,False,,-1,29.6069,2000
2026-06-26 23:57:44,154,W+0.5,14,True,False,False,,-1,29.6799,2000
2026-06-26 23:58:11,99,B+5.5,9,True,False,False,,-1,29.6538,2000
2026-06-26 23:58:54,162,W+1.5,36,True,False,False,,-1,29.8523,2000
2026-06-26 23:59:30,162,B+27.5,32,True,False,False,,-1,29.9337,2000
2026-06-27 00:00:08,161,W+1.5,23,True,False,False,,-1,29.9039,2000
2026-06-27 00:00:38,114,B+4.5,13,True,False,False,,-1,29.9556,2000
2026-06-27 00:01:00,77,B+8.5,8,True,False,False,,-1,29.8415,2000
2026-06-27 00:01:25,99,W+0.5,10,True,False,False,,-1,29.834,2000
2026-06-27 00:02:09,162,B+10.5,31,True,False,False,,-1,29.99,2000
2026-06-27 00:02:46,147,B+0.5,27,True,False,False,,-1,30.0697,2000
2026-06-27 00:03:23,141,B+0.5,17,True,False,False,,-1,30.0147,2000
2026-06-27 00:03:53,118,B+4.5,21,True,False,False,,-1,30.0453,2000
2026-06-27 00:04:26,120,B+1.5,14,True,False,False,,-1,30.0953,2000
2026-06-27 00:04:55,107,W+3.5,12,True,False,False,,-1,30.0901,2000
2026-06-27 00:05:30,134,B+6.5,16,True,False,False,,-1,30.1004,2000
2026-06-27 00:06:08,147,W+0.5,22,True,False,False,,-1,30.2494,2000
2026-06-27 00:06:44,132,B+1.5,23,True,False,False,,-1,30.2687,2000
2026-06-27 00:07:26,162,B+26.5,37,True,False,False,,-1,30.3991,2000
2026-06-27 00:07:52,102,B+2.5,13,True,False,False,,-1,30.4323,2000
2026-06-27 00:08:31,162,B+10.5,32,True,False,False,,-1,30.4401,2000
2026-06-27 00:08:48,65,B+0.5,8,True,False,False,,-1,30.1938,2000
2026-06-27 00:09:12,97,W+2.5,13,True,False,False,,-1,30.1342,2000
2026-06-27 00:09:49,146,B+0.5,24,True,False,False,,-1,30.2595,2000
2026-06-27 00:10:16,112,B+2.5,21,True,False,False,,-1,30.2626,2000
2026-06-27 00:10:52,138,W+1.5,17,True,False,False,,-1,30.3667,2000
2026-06-27 00:11:22,123,B+4.5,24,True,False,False,,-1,30.3441,2000
2026-06-27 00:11:56,132,B+2.5,20,True,False,False,,-1,30.3747,2000
2026-06-27 00:12:23,97,W+1.5,8,True,False,False,,-1,30.3656,2000
2026-06-27 00:12:53,118,W+0.5,16,True,False,False,,-1,30.3602,2000
2026-06-27 00:13:22,104,B+9.5,11,True,False,False,,-1,30.3382,2000
2026-06-27 00:13:44,93,B+1.5,8,True,False,False,,-1,30.2685,2000
2026-06-27 00:14:22,143,W+5.5,17,True,False,False,,-1,30.3802,2000
2026-06-27 00:14:49,101,W+0.5,10,True,False,False,,-1,30.3505,2000
2026-06-27 00:15:16,114,W+0.5,15,True,False,False,,-1,30.3462,2000
2026-06-27 00:15:27,44,W+8.5,2,True,False,False,,-1,30.1892,2000
2026-06-27 00:15:50,91,B+2.5,8,True,False,False,,-1,30.1281,2000
2026-06-27 00:16:30,161,W+3.5,32,True,False,False,,-1,30.2437,2000
2026-06-27 00:16:56,108,B+1.5,13,True,False,False,,-1,30.143,2000
2026-06-27 00:17:33,135,W+0.5,20,True,False,False,,-1,30.2522,2000
2026-06-27 00:17:59,109,W+0.5,17,True,False,False,,-1,30.4668,2000
2026-06-27 00:18:35,137,W+1.5,22,True,False,False,,-1,30.4875,2000
2026-06-27 00:18:55,77,B+8.5,8,True,False,False,,-1,30.4045,2000
2026-06-27 00:19:23,114,B+10.5,16,True,False,False,,-1,30.3555,2000
2026-06-27 00:19:59,137,W+2.5,24,True,False,False,,-1,30.3221,2000
2026-06-27 00:20:30,120,W+0.5,13,True,False,False,,-1,30.3464,2000
2026-06-27 00:21:04,133,W+2.5,19,True,False,False,,-1,30.3664,2000
2026-06-27 00:21:46,160,B+5.5,35,True,False,False,,-1,30.4908,2000
2026-06-27 00:22:13,100,W+1.5,14,True,False,False,,-1,30.3898,2000
2026-06-27 00:22:47,135,W+0.5,26,True,False,False,,-1,30.45,2000
2026-06-27 00:23:11,99,W+0.5,14,True,False,False,,-1,30.4181,2000
2026-06-27 00:23:41,112,W+2.5,16,True,False,False,,-1,30.4412,2000
2026-06-27 00:24:08,100,B+4.5,16,True,False,False,,-1,30.3422,2000
2026-06-27 00:24:40,115,W+0.5,13,True,False,False,,-1,30.3265,2000
2026-06-27 00:25:12,126,B+5.5,15,True,False,False,,-1,30.3854,2000
2026-06-27 00:25:42,110,W+6.5,15,True,False,False,,-1,30.3059,2000
2026-06-27 00:26:11,122,B+0.5,14,True,False,False,,-1,30.3952,2000
2026-06-27 00:26:38,99,W+4.5,8,True,False,False,,-1,30.3396,2000
2026-06-27 00:27:06,114,W+0.5,12,True,False,False,,-1,30.4039,2000
2026-06-27 00:27:33,98,B+2.5,8,True,False,False,,-1,30.4553,2000
2026-06-27 00:28:07,122,B+3.5,21,True,False,False,,-1,30.5383,2000
2026-06-27 00:28:33,100,B+1.5,12,True,False,False,,-1,30.5269,2000
2026-06-27 00:28:58,107,B+1.5,13,True,False,False,,-1,30.4889,2000
2026-06-27 00:29:30,113,W+0.5,14,True,False,False,,-1,30.5216,2000
2026-06-27 00:30:03,129,W+2.5,15,True,False,False,,-1,30.5308,2000
2026-06-27 00:30:13,39,B+0.5,2,True,False,False,,-1,30.3484,2000
2026-06-27 00:30:37,89,W+3.5,8,True,False,False,,-1,30.3114,2000
2026-06-27 00:31:05,107,W+3.5,14,True,False,False,,-1,30.3607,2000
2026-06-27 00:31:29,93,B+2.5,9,True,False,False,,-1,30.3396,2000
2026-06-27 00:31:53,88,W+2.5,9,True,False,False,,-1,30.3211,2000
2026-06-27 00:32:34,162,B+6.5,29,True,False,False,,-1,30.6835,2000
2026-06-27 00:32:57,95,B+0.5,9,True,False,False,,-1,30.5563,2000
2026-06-27 00:33:33,148,B+0.5,27,True,False,False,,-1,30.6047,2000
2026-06-27 00:34:09,136,B+0.5,23,True,False,False,,-1,30.6244,2000
2026-06-27 00:34:41,116,B+0.5,15,True,False,False,,-1,30.6749,2000
2026-06-27 00:35:17,134,B+1.5,23,True,False,False,,-1,30.6971,2000
2026-06-27 00:35:48,118,B+4.5,10,True,False,False,,-1,30.6737,2000
2026-06-27 00:36:21,129,W+5.5,22,True,False,False,,-1,30.7078,2000
2026-06-27 00:36:53,114,B+5.5,8,True,False,False,,-1,30.7475,2000
2026-06-27 00:37:20,106,W+0.5,16,True,False,False,,-1,30.7669,2000
2026-06-27 00:37:58,146,B+4.5,22,True,False,False,,-1,30.7208,2000
2026-06-27 00:38:27,109,W+1.5,16,True,False,False,,-1,30.5985,2000
2026-06-27 00:38:52,97,W+5.5,9,True,False,False,,-1,30.4457,2000
2026-06-27 00:39:35,162,W+3.5,30,True,False,False,,-1,30.4628,2000
2026-06-27 00:40:03,125,B+2.5,20,True,False,False,,-1,30.4612,2000
2026-06-27 00:40:21,63,B+0.5,9,True,False,False,,-1,30.3438,2000
2026-06-27 00:40:48,96,W+1.5,9,True,False,False,,-1,30.2988,2000
2026-06-27 00:41:12,85,B+4.5,5,True,False,False,,-1,30.1991,2000
2026-06-27 00:41:35,94,B+0.5,12,True,False,False,,-1,30.3497,2000
2026-06-27 00:41:57,81,B+1.5,8,True,False,False,,-1,30.273,2000
2026-06-27 00:42:36,160,B+12.5,33,True,False,False,,-1,30.3712,2000
2026-06-27 00:43:12,153,W+1.5,31,True,False,False,,-1,30.4438,2000
2026-06-27 00:43:38,97,B+1.5,9,True,False,False,,-1,30.3106,2000
2026-06-27 00:44:03,102,W+3.5,11,True,False,False,,-1,30.3005,2000
2026-06-27 00:44:32,111,W+1.5,12,True,False,False,,-1,30.2175,2000
2026-06-27 00:45:13,162,B+5.5,35,True,False,False,,-1,30.3088,2000
2026-06-27 00:45:40,99,B+0.5,13,True,False,False,,-1,30.2927,2000
2026-06-27 00:46:07,110,W+0.5,16,True,False,False,,-1,30.1653,2000
2026-06-27 00:46:49,159,W+3.5,26,True,False,False,,-1,30.3201,2000
2026-06-27 00:47:26,162,B+1.5,35,True,False,False,,-1,30.4479,2000
2026-06-27 00:47:51,98,B+2.5,13,True,False,False,,-1,30.4369,2000
2026-06-27 00:48:20,105,B+4.5,13,True,False,False,,-1,30.3603,2000
2026-06-27 00:48:55,134,W+0.5,21,True,False,False,,-1,30.4427,2000
2026-06-27 00:49:19,102,W+0.5,17,True,False,False,,-1,30.2486,2000
2026-06-27 00:49:46,102,W+0.5,16,True,False,False,,-1,30.1505,2000
2026-06-27 00:50:26,162,B+8.5,30,True,False,False,,-1,30.1721,2000
2026-06-27 00:50:53,111,B+0.5,11,True,False,False,,-1,30.1499,2000
2026-06-27 00:51:30,125,W+0.5,14,True,False,False,,-1,30.293,2000
2026-06-27 00:51:55,95,W+0.5,14,True,False,False,,-1,30.2925,2000
2026-06-27 00:52:26,114,B+0.5,20,True,False,False,,-1,30.1717,2000
2026-06-27 00:55:02,110,B+1.5,19,True,False,False,,-1,30.0179,3000
2026-06-27 00:55:34,120,B+6.5,23,True,False,False,,-1,30.0288,3000
2026-06-27 00:55:59,88,B+6.5,8,True,False,False,,-1,29.9567,3000
2026-06-27 00:56:32,121,W+2.5,21,True,False,False,,-1,29.9868,3000
2026-06-27 00:56:59,104,B+2.5,20,True,False,False,,-1,29.9147,3000
2026-06-27 00:57:27,102,B+1.5,14,True,False,False,,-1,29.8024,3000
2026-06-27 00:57:52,104,B+1.5,12,True,False,False,,-1,29.7017,3000
2026-06-27 00:58:20,111,W+2.5,17,True,False,False,,-1,29.5609,3000
2026-06-27 00:58:51,113,W+0.5,15,True,False,False,,-1,29.6062,3000
2026-06-27 00:59:09,72,B+2.5,3,True,False,False,,-1,29.401,3000
2026-06-27 00:59:33,93,B+1.5,9,True,False,False,,-1,29.4663,3000
2026-06-27 01:00:04,123,B+1.5,22,True,False,False,,-1,29.5438,3000
2026-06-27 01:00:33,110,B+0.5,14,True,False,False,,-1,29.4654,3000
2026-06-27 01:01:14,160,B+5.5,32,True,False,False,,-1,29.6001,3000
2026-06-27 01:01:44,121,B+3.5,15,True,False,False,,-1,29.5425,3000
2026-06-27 01:02:05,84,B+2.5,5,True,False,False,,-1,29.4437,3000
2026-06-27 01:02:19,61,B+0.5,3,True,False,False,,-1,29.257,3000
2026-06-27 01:02:37,65,B+0.5,9,True,False,False,,-1,29.1596,3000
2026-06-27 01:02:53,61,B+4.5,9,True,False,False,,-1,29.0161,3000
2026-06-27 01:03:33,151,W+1.5,35,True,False,False,,-1,29.1345,3000
2026-06-27 01:04:01,110,B+2.5,19,True,False,False,,-1,29.1904,3000
2026-06-27 01:04:29,105,W+0.5,13,True,False,False,,-1,29.0864,3000
2026-06-27 01:04:58,116,B+1.5,19,True,False,False,,-1,29.1157,3000
2026-06-27 01:05:25,116,B+1.5,22,True,False,False,,-1,29.1142,3000
2026-06-27 01:05:52,115,W+2.5,10,True,False,False,,-1,29.27,3000
2026-06-27 01:06:24,125,W+0.5,17,True,False,False,,-1,29.3607,3000
2026-06-27 01:06:47,95,W+1.5,12,True,False,False,,-1,29.1848,3000
2026-06-27 01:07:05,69,B+0.5,4,True,False,False,,-1,29.114,3000
2026-06-27 01:07:35,117,W+1.5,22,True,False,False,,-1,29.0426,3000
2026-06-27 01:08:06,120,B+4.5,20,True,False,False,,-1,29.0891,3000
2026-06-27 01:08:30,101,W+2.5,17,True,False,False,,-1,28.9724,3000
2026-06-27 01:09:01,121,W+0.5,20,True,False,False,,-1,29.0782,3000
2026-06-27 01:09:18,69,B+6.5,11,True,False,False,,-1,28.9688,3000
2026-06-27 01:09:49,125,W+2.5,22,True,False,False,,-1,28.9232,3000
2026-06-27 01:10:13,92,B+0.5,10,True,False,False,,-1,28.8577,3000
2026-06-27 01:10:38,95,B+2.5,13,True,False,False,,-1,28.7646,3000
2026-06-27 01:11:06,116,B+5.5,19,True,False,False,,-1,28.623,3000
2026-06-27 01:11:31,97,B+2.5,12,True,False,False,,-1,28.6004,3000
2026-06-27 01:11:57,108,B+1.5,12,True,False,False,,-1,28.5238,3000
2026-06-27 01:12:36,161,W+2.5,36,True,False,False,,-1,28.6668,3000
2026-06-27 01:12:57,77,B+3.5,3,True,False,False,,-1,28.5814,3000
2026-06-27 01:13:23,102,B+3.5,20,True,False,False,,-1,28.5648,3000
2026-06-27 01:13:54,132,B+2.5,19,True,False,False,,-1,28.5567,3000
2026-06-27 01:14:11,63,B+3.5,7,True,False,False,,-1,28.4039,3000
2026-06-27 01:14:37,113,B+1.5,17,True,False,False,,-1,28.3704,3000
2026-06-27 01:15:09,148,W+2.5,34,True,False,False,,-1,28.4055,3000
2026-06-27 01:15:51,162,B+31.5,32,True,False,False,,-1,28.5512,3000
2026-06-27 01:16:23,123,B+4.5,17,True,False,False,,-1,28.5846,3000
2026-06-27 01:16:49,102,B+2.5,13,True,False,False,,-1,28.5824,3000
2026-06-27 01:17:11,95,B+3.5,17,True,False,False,,-1,28.4647,3000
2026-06-27 01:17:35,100,B+2.5,12,True,False,False,,-1,28.4481,3000
2026-06-27 01:18:18,162,B+10.5,22,True,False,False,,-1,28.6157,3000
2026-06-27 01:18:46,125,B+1.5,12,True,False,False,,-1,28.5849,3000
2026-06-27 01:19:13,107,W+1.5,12,True,False,False,,-1,28.5222,3000
2026-06-27 01:19:43,113,B+2.5,18,True,False,False,,-1,28.7238,3000
2026-06-27 01:20:21,143,B+1.5,23,True,False,False,,-1,28.8663,3000
2026-06-27 01:20:44,107,W+1.5,19,True,False,False,,-1,28.8163,3000
2026-06-27 01:21:06,93,B+1.5,10,True,False,False,,-1,28.7957,3000
2026-06-27 01:21:47,162,B+4.5,27,True,False,False,,-1,28.9616,3000
2026-06-27 01:21:58,38,W+8.5,3,True,False,False,,-1,28.6592,3000
2026-06-27 01:22:26,106,B+1.5,14,True,False,False,,-1,28.7085,3000
2026-06-27 01:22:55,106,B+0.5,20,True,False,False,,-1,28.638,3000
2026-06-27 01:23:25,117,W+2.5,15,True,False,False,,-1,28.5781,3000
2026-06-27 01:24:04,162,B+7.5,33,True,False,False,,-1,28.6509,3000
2026-06-27 01:24:28,91,B+2.5,12,True,False,False,,-1,28.5378,3000
2026-06-27 01:25:04,133,W+3.5,26,True,False,False,,-1,28.576,3000
2026-06-27 01:25:28,95,B+0.5,18,True,False,False,,-1,28.493,3000
2026-06-27 01:25:56,115,B+0.5,15,True,False,False,,-1,28.4536,3000
2026-06-27 01:26:38,162,W+23.5,29,True,False,False,,-1,28.5966,3000
2026-06-27 01:27:18,162,B+5.5,27,True,False,False,,-1,28.6215,3000
2026-06-27 01:27:48,124,W+0.5,16,True,False,False,,-1,28.6389,3000
2026-06-27 01:28:11,94,B+7.5,16,True,False,False,,-1,28.6076,3000
2026-06-27 01:28:37,98,B+1.5,7,True,False,False,,-1,28.4388,3000
2026-06-27 01:29:06,107,B+2.5,9,True,False,False,,-1,28.4466,3000
2026-06-27 01:29:31,103,B+0.5,18,True,False,False,,-1,28.5184,3000
2026-06-27 01:29:59,105,W+2.5,14,True,False,False,,-1,28.5312,3000
2026-06-27 01:30:26,107,B+5.5,7,True,False,False,,-1,28.5602,3000
2026-06-27 01:30:53,107,W+2.5,19,True,False,False,,-1,28.598,3000
2026-06-27 01:31:15,85,B+0.5,7,True,False,False,,-1,28.6006,3000
2026-06-27 01:31:41,97,B+2.5,11,True,False,False,,-1,28.4759,3000
2026-06-27 01:32:15,129,W+2.5,25,True,False,False,,-1,28.4508,3000
2026-06-27 01:32:38,96,B+6.5,14,True,False,False,,-1,28.4133,3000
2026-06-27 01:32:48,41,B+0.5,3,True,False,False,,-1,28.2673,3000
2026-06-27 01:33:13,96,B+2.5,10,True,False,False,,-1,28.2273,3000
2026-06-27 01:33:33,77,B+0.5,10,True,False,False,,-1,28.0129,3000
2026-06-27 01:33:50,67,B+4.5,9,True,False,False,,-1,27.9188,3000
2026-06-27 01:34:21,131,W+2.5,24,True,False,False,,-1,27.963,3000
2026-06-27 01:34:45,93,B+2.5,9,True,False,False,,-1,27.7876,3000
2026-06-27 01:35:04,77,B+3.5,9,True,False,False,,-1,27.6045,3000
2026-06-27 01:35:26,77,B+0.5,12,True,False,False,,-1,27.5721,3000
2026-06-27 01:35:48,85,B+2.5,10,True,False,False,,-1,27.4962,3000
2026-06-27 01:36:02,57,B+2.5,13,True,False,False,,-1,27.2912,3000
2026-06-27 01:36:26,105,W+0.5,13,True,False,False,,-1,27.2924,3000
2026-06-27 01:36:46,78,B+4.5,5,True,False,False,,-1,27.2304,3000
2026-06-27 01:37:13,99,B+0.5,14,True,False,False,,-1,27.0919,3000
2026-06-27 01:37:52,153,W+4.5,32,True,False,False,,-1,27.2037,3000
2026-06-27 01:38:15,99,B+3.5,19,True,False,False,,-1,27.0748,3000
2026-06-27 01:38:45,114,W+3.5,16,True,False,False,,-1,27.1254,3000
2026-06-27 01:39:09,102,B+2.5,16,True,False,False,,-1,27.0511,3000
2026-06-27 01:39:22,55,B+1.5,5,True,False,False,,-1,26.9267,3000
2026-06-27 01:39:45,95,B+2.5,6,True,False,False,,-1,26.8293,3000
2026-06-27 01:40:01,61,B+5.5,5,True,False,False,,-1,26.6661,3000
2026-06-27 01:40:26,103,W+0.5,17,True,False,False,,-1,26.6687,3000
2026-06-27 01:40:42,65,B+0.5,7,True,False,False,,-1,26.5008,3000
2026-06-27 01:41:14,131,W+0.5,16,True,False,False,,-1,26.5457,3000
2026-06-27 01:41:54,162,B+4.5,35,True,False,False,,-1,26.6703,3000
2026-06-27 01:42:20,93,B+0.5,10,True,False,False,,-1,26.6827,3000
2026-06-27 01:42:46,108,B+0.5,16,True,False,False,,-1,26.6593,3000
2026-06-27 01:43:14,117,B+2.5,11,True,False,False,,-1,26.6303,3000
2026-06-27 01:43:50,142,B+8.5,17,True,False,False,,-1,26.8065,3000
2026-06-27 01:44:10,71,B+2.5,6,True,False,False,,-1,26.7729,3000
2026-06-27 01:44:45,140,B+2.5,27,True,False,False,,-1,26.8105,3000
2026-06-27 01:45:10,97,B+2.5,13,True,False,False,,-1,26.7646,3000
2026-06-27 01:45:19,34,W+7.5,2,True,False,False,,-1,26.4512,3000
2026-06-27 01:45:46,105,B+2.5,13,True,False,False,,-1,26.4181,3000
2026-06-27 01:46:11,103,B+2.5,20,True,False,False,,-1,26.4588,3000
2026-06-27 01:46:42,138,B+11.5,30,True,False,False,,-1,26.626,3000
2026-06-27 01:47:09,123,B+5.5,22,True,False,False,,-1,26.7226,3000
2026-06-27 01:47:34,92,B+3.5,7,True,False,False,,-1,26.8135,3000
2026-06-27 01:48:10,162,W+13.5,36,True,False,False,,-1,26.7617,3000
2026-06-27 01:48:46,133,W+1.5,23,True,False,False,,-1,26.8425,3000
2026-06-27 01:49:16,105,B+2.5,8,True,False,False,,-1,26.8729,3000
2026-06-27 01:49:43,103,B+2.5,12,True,False,False,,-1,26.8447,3000
2026-06-27 01:50:12,121,W+1.5,21,True,False,False,,-1,26.8613,3000
2026-06-27 01:50:37,112,W+0.5,15,True,False,False,,-1,26.8532,3000
2026-06-27 01:50:50,49,B+1.5,4,True,False,False,,-1,26.6513,3000
2026-06-27 01:51:10,73,B+0.5,9,True,False,False,,-1,26.6318,3000
2026-06-27 01:51:35,101,W+0.5,10,True,False,False,,-1,26.6961,3000
2026-06-27 01:51:56,79,B+6.5,9,True,False,False,,-1,26.6059,3000
2026-06-27 01:52:21,99,B+3.5,10,True,False,False,,-1,26.5484,3000
2026-06-27 01:52:48,107,B+0.5,21,True,False,False,,-1,26.5787,3000
2026-06-27 01:53:24,158,B+1.5,32,True,False,False,,-1,26.6251,3000
2026-06-27 01:53:59,137,B+0.5,15,True,False,False,,-1,26.8079,3000
2026-06-27 01:54:24,110,B+2.5,15,True,False,False,,-1,26.7475,3000
2026-06-27 01:54:50,109,W+0.5,20,True,False,False,,-1,26.7653,3000
2026-06-27 01:55:11,77,B+1.5,14,True,False,False,,-1,26.7221,3000
2026-06-27 01:55:43,125,B+1.5,26,True,False,False,,-1,26.7665,3000
2026-06-27 01:56:25,162,W+4.5,18,True,False,False,,-1,26.9384,3000
2026-06-27 01:56:48,94,B+2.5,11,True,False,False,,-1,26.9079,3000
2026-06-27 01:57:11,93,W+2.5,7,True,False,False,,-1,26.7487,3000
2026-06-27 01:57:40,115,B+3.5,22,True,False,False,,-1,26.8242,3000
2026-06-27 01:58:02,83,B+1.5,9,True,False,False,,-1,26.7934,3000
2026-06-27 01:58:37,127,W+1.5,27,True,False,False,,-1,26.8292,3000
2026-06-27 01:59:12,131,W+3.5,23,True,False,False,,-1,27.0112,3000
2026-06-27 01:59:38,102,B+2.5,21,True,False,False,,-1,27.0068,3000
2026-06-27 02:00:09,134,B+1.5,23,True,False,False,,-1,26.996,3000
2026-06-27 02:00:47,162,B+2.5,35,True,False,False,,-1,26.961,3000
2026-06-27 02:01:09,87,B+1.5,11,True,False,False,,-1,26.8594,3000
2026-06-27 02:01:32,99,B+2.5,14,True,False,False,,-1,26.8208,3000
2026-06-27 02:02:03,129,W+1.5,30,True,False,False,,-1,26.9152,3000
2026-06-27 02:02:40,162,W+2.5,34,True,False,False,,-1,27.0465,3000
2026-06-27 02:03:18,148,B+1.5,25,True,False,False,,-1,26.9984,3000
2026-06-27 02:03:36,72,B+2.5,6,True,False,False,,-1,26.8902,3000
2026-06-27 02:03:58,96,B+0.5,10,True,False,False,,-1,26.8486,3000
2026-06-27 02:04:25,115,B+0.5,17,True,False,False,,-1,26.8171,3000
2026-06-27 02:04:40,59,B+8.5,9,True,False,False,,-1,26.5882,3000
2026-06-27 02:05:21,162,W+3.5,36,True,False,False,,-1,26.7691,3000
2026-06-27 02:05:56,145,W+0.5,21,True,False,False,,-1,26.8959,3000
2026-06-27 02:06:22,98,W+2.5,11,True,False,False,,-1,26.7474,3000
2026-06-27 02:06:45,94,B+2.5,14,True,False,False,,-1,26.8659,3000
2026-06-27 02:07:15,119,W+1.5,13,True,False,False,,-1,26.8845,3000
2026-06-27 02:07:40,94,B+0.5,6,True,False,False,,-1,26.8458,3000
2026-06-27 02:08:22,162,B+3.5,33,True,False,False,,-1,26.9678,3000
2026-06-27 02:08:44,96,B+1.5,14,True,False,False,,-1,26.7973,3000
2026-06-27 02:09:12,119,B+4.5,21,True,False,False,,-1,26.8366,3000
2026-06-27 02:09:52,153,W+3.5,31,True,False,False,,-1,26.8795,3000
2026-06-27 02:10:21,110,B+3.5,17,True,False,False,,-1,26.9336,3000
2026-06-27 02:10:47,103,B+0.5,19,True,False,False,,-1,26.9025,3000
2026-06-27 02:11:17,115,B+0.5,21,True,False,False,,-1,26.7878,3000
2026-06-27 02:11:52,162,B+3.5,28,True,False,False,,-1,26.7344,3000
2026-06-27 02:12:21,119,W+7.5,24,True,False,False,,-1,26.7247,3000
2026-06-27 02:12:42,86,B+2.5,12,True,False,False,,-1,26.7069,3000
2026-06-27 02:12:58,67,B+0.5,8,True,False,False,,-1,26.61,3000
2026-06-27 02:13:30,133,B+1.5,17,True,False,False,,-1,26.6351,3000
2026-06-27 02:13:54,98,B+1.5,12,True,False,False,,-1,26.6325,3000
2026-06-27 02:14:29,139,W+3.5,25,True,False,False,,-1,26.6978,3000
2026-06-27 02:14:42,57,B+2.5,4,True,False,False,,-1,26.5628,3000
2026-06-27 02:15:15,120,B+0.5,13,True,False,False,,-1,26.6238,3000
2026-06-27 02:15:38,98,W+0.5,16,True,False,False,,-1,26.6286,3000
2026-06-27 02:16:03,97,W+0.5,17,True,False,False,,-1,26.6174,3000
2026-06-27 02:16:34,116,B+0.5,14,True,False,False,,-1,26.5901,3000
2026-06-27 02:16:56,89,B+2.5,12,True,False,False,,-1,26.5785,3000
2026-06-27 02:17:25,113,B+0.5,20,True,False,False,,-1,26.7689,3000
2026-06-27 02:17:50,110,B+5.5,24,True,False,False,,-1,26.7696,3000
2026-06-27 02:18:16,108,B+4.5,23,True,False,False,,-1,26.834,3000
2026-06-27 02:18:42,109,B+2.5,13,True,False,False,,-1,26.919,3000
2026-06-27 02:19:13,125,W+0.5,22,True,False,False,,-1,26.9159,3000
2026-06-27 02:19:42,110,B+1.5,20,True,False,False,,-1,26.9632,3000
2026-06-27 02:20:16,153,B+3.5,23,True,False,False,,-1,27.1171,3000
2026-06-27 02:20:30,53,B+0.5,7,True,False,False,,-1,27.0344,3000
2026-06-27 02:20:53,93,B+2.5,9,True,False,False,,-1,27.0567,3000
2026-06-27 02:21:25,127,W+2.5,25,True,False,False,,-1,27.2275,3000
2026-06-27 02:21:51,114,B+0.5,17,True,False,False,,-1,27.2506,3000
2026-06-27 02:22:17,107,W+1.5,16,True,False,False,,-1,27.304,3000
2026-06-27 02:22:40,94,B+3.5,11,True,False,False,,-1,27.2737,3000
2026-06-27 02:23:08,105,W+0.5,20,True,False,False,,-1,27.1566,3000
2026-06-27 02:23:41,141,W+2.5,26,True,False,False,,-1,27.2502,3000
2026-06-27 02:23:55,55,B+0.5,10,True,False,False,,-1,27.0906,3000
2026-06-27 02:24:29,133,W+0.5,23,True,False,False,,-1,27.1977,3000
2026-06-27 02:24:53,89,B+3.5,8,True,False,False,,-1,27.2997,3000
2026-06-27 02:25:24,127,W+1.5,25,True,False,False,,-1,27.3801,3000
2026-06-27 02:25:53,112,W+0.5,14,True,False,False,,-1,27.5123,3000
2026-06-27 02:26:16,94,B+3.5,16,True,False,False,,-1,27.4969,3000
2026-06-27 02:26:47,117,W+2.5,19,True,False,False,,-1,27.6449,3000
2026-06-27 02:27:16,112,B+2.5,12,True,False,False,,-1,27.6177,3000
2026-06-27 02:27:31,61,B+1.5,5,True,False,False,,-1,27.3733,3000
2026-06-27 02:28:08,162,B+1.5,38,True,False,False,,-1,27.4763,3000
2026-06-27 02:28:33,104,B+1.5,17,True,False,False,,-1,27.4623,3000
2026-06-27 02:29:07,147,W+4.5,34,True,False,False,,-1,27.5219,3000
2026-06-27 02:29:41,148,W+2.5,29,True,False,False,,-1,27.5164,3000
2026-06-27 02:30:14,123,W+1.5,20,True,False,False,,-1,27.6336,3000
2026-06-27 02:30:52,161,W+1.5,30,True,False,False,,-1,27.6655,3000
2026-06-27 02:31:20,109,B+3.5,17,True,False,False,,-1,27.7025,3000
2026-06-27 02:31:37,73,B+1.5,8,True,False,False,,-1,27.7819,3000
2026-06-27 02:32:12,139,B+0.5,35,True,False,False,,-1,27.8604,3000
2026-06-27 02:32:40,110,B+0.5,16,True,False,False,,-1,27.8915,3000
2026-06-27 02:33:11,124,B+1.5,18,True,False,False,,-1,27.8853,3000
2026-06-27 02:33:40,127,W+4.5,23,True,False,False,,-1,27.9086,3000
2026-06-27 02:33:53,43,B+2.5,2,True,False,False,,-1,27.7905,3000
2026-06-27 02:34:27,129,B+1.5,19,True,False,False,,-1,27.7703,3000
2026-06-27 02:35:00,133,W+0.5,25,True,False,False,,-1,27.7351,3000
2026-06-27 02:35:27,109,B+2.5,16,True,False,False,,-1,27.7061,3000
2026-06-27 02:35:52,99,B+1.5,8,True,False,False,,-1,27.6879,3000
2026-06-27 02:36:17,99,W+0.5,15,True,False,False,,-1,27.6542,3000
2026-06-27 02:36:42,111,W+0.5,16,True,False,False,,-1,27.6468,3000
2026-06-27 02:37:03,79,B+9.5,11,True,False,False,,-1,27.7285,3000
2026-06-27 02:37:24,85,B+6.5,13,True,False,False,,-1,27.7381,3000
2026-06-27 02:37:52,122,B+1.5,21,True,False,False,,-1,27.7619,3000
2026-06-27 02:38:20,118,B+2.5,16,True,False,False,,-1,27.8459,3000
2026-06-27 02:38:42,84,B+3.5,15,True,False,False,,-1,27.8007,3000
2026-06-27 02:39:04,81,B+3.5,10,True,False,False,,-1,27.7585,3000
2026-06-27 02:39:43,155,B+0.5,34,True,False,False,,-1,27.7901,3000
2026-06-27 02:39:58,59,B+0.5,3,True,False,False,,-1,27.5902,3000
2026-06-27 02:40:23,100,B+8.5,11,True,False,False,,-1,27.5869,3000
2026-06-27 02:40:48,92,B+1.5,9,True,False,False,,-1,27.5739,3000
2026-06-27 02:41:11,95,B+2.5,15,True,False,False,,-1,27.5999,3000
2026-06-27 02:41:44,140,W+0.5,28,True,False,False,,-1,27.6091,3000
2026-06-27 02:42:11,106,B+1.5,16,True,False,False,,-1,27.4612,3000
2026-06-27 02:42:42,127,W+2.5,21,True,False,False,,-1,27.5377,3000
2026-06-27 02:43:19,148,B+1.5,31,True,False,False,,-1,27.676,3000
2026-06-27 02:43:54,141,B+2.5,29,True,False,False,,-1,27.7376,3000
2026-06-27 02:44:34,160,B+3.5,36,True,False,False,,-1,27.9194,3000
2026-06-27 02:44:49,61,B+0.5,8,True,False,False,,-1,27.7212,3000
2026-06-27 02:45:25,143,W+9.5,25,True,False,False,,-1,27.7292,3000
2026-06-27 02:45:49,98,B+2.5,12,True,False,False,,-1,27.7147,3000
2026-06-27 02:46:22,131,B+2.5,24,True,False,False,,-1,27.7244,3000
2026-06-27 02:46:51,115,B+2.5,26,True,False,False,,-1,27.6318,3000
2026-06-27 02:47:22,137,B+1.5,36,True,False,False,,-1,27.7318,3000
2026-06-27 02:47:57,137,W+0.5,24,True,False,False,,-1,27.8558,3000
2026-06-27 02:48:23,107,W+3.5,15,True,False,False,,-1,27.7992,3000
2026-06-27 02:48:49,119,B+3.5,22,True,False,False,,-1,27.687,3000
2026-06-27 02:49:23,136,B+2.5,14,True,False,False,,-1,27.6515,3000
2026-06-27 02:49:48,94,B+1.5,11,True,False,False,,-1,27.7239,3000
2026-06-27 02:50:13,96,W+1.5,7,True,False,False,,-1,27.7425,3000
2026-06-27 02:50:37,98,B+6.5,14,True,False,False,,-1,27.7143,3000
2026-06-27 02:50:49,57,B+1.5,10,True,False,False,,-1,27.6895,3000
2026-06-27 02:51:18,116,B+10.5,19,True,False,False,,-1,27.5626,3000
2026-06-27 02:51:50,135,W+0.5,29,True,False,False,,-1,27.5386,3000
2026-06-27 02:52:08,75,B+0.5,9,True,False,False,,-1,27.4576,3000
2026-06-27 02:52:47,148,B+4.5,24,True,False,False,,-1,27.6243,3000
2026-06-27 02:53:28,162,W+16.5,38,True,False,False,,-1,27.7325,3000
2026-06-27 02:54:08,154,B+0.5,33,True,False,False,,-1,27.8815,3000
2026-06-27 02:54:33,99,B+2.5,15,True,False,False,,-1,27.7078,3000
2026-06-27 02:55:07,137,W+6.5,14,True,False,False,,-1,27.8257,3000
2026-06-27 02:55:27,77,B+2.5,6,True,False,False,,-1,27.7443,3000
2026-06-27 02:55:58,123,B+1.5,22,True,False,False,,-1,27.6611,3000
2026-06-27 02:56:33,147,B+9.5,31,True,False,False,,-1,27.7143,3000
2026-06-27 02:56:56,95,W+1.5,13,True,False,False,,-1,27.6925,3000
2026-06-27 02:57:33,147,W+0.5,28,True,False,False,,-1,27.7642,3000
2026-06-27 02:58:00,119,W+0.5,26,True,False,False,,-1,27.6831,3000
2026-06-27 02:58:25,100,B+3.5,16,True,False,False,,-1,27.6378,3000
2026-06-27 02:58:54,110,B+1.5,10,True,False,False,,-1,27.7165,3000
2026-06-27 02:59:20,102,B+1.5,13,True,False,False,,-1,27.8179,3000
2026-06-27 02:59:57,144,B+1.5,24,True,False,False,,-1,27.8711,3000
2026-06-27 03:00:23,109,W+5.5,13,True,False,False,,-1,27.8854,3000
2026-06-27 03:00:51,120,B+1.5,16,True,False,False,,-1,27.8154,3000
2026-06-27 03:01:11,90,B+2.5,15,True,False,False,,-1,27.8826,3000
2026-06-27 03:01:35,92,B+3.5,9,True,False,False,,-1,27.7966,3000
2026-06-27 03:02:09,130,B+3.5,24,True,False,False,,-1,27.9028,3000
2026-06-27 03:02:35,102,B+2.5,12,True,False,False,,-1,27.9118,3000
2026-06-27 03:03:09,134,B+3.5,24,True,False,False,,-1,27.9492,3000
2026-06-27 03:03:45,162,B+3.5,31,True,False,False,,-1,28.0888,3000
2026-06-27 03:04:13,108,B+4.5,19,True,False,False,,-1,28.0801,3000
2026-06-27 03:04:35,89,B+0.5,9,True,False,False,,-1,28.0537,3000
2026-06-27 03:05:10,139,B+2.5,17,True,False,False,,-1,28.1332,3000
2026-06-27 03:05:39,112,B+1.5,20,True,False,False,,-1,28.1699,3000
2026-06-27 03:06:01,91,W+0.5,8,True,False,False,,-1,28.0836,3000
2026-06-27 03:06:17,57,B+0.5,5,True,False,False,,-1,27.9493,3000
2026-06-27 03:06:55,154,W+9.5,34,True,False,False,,-1,27.9887,3000
2026-06-27 03:07:21,98,B+1.5,11,True,False,False,,-1,28.107,3000
2026-06-27 03:07:49,115,B+0.5,17,True,False,False,,-1,28.1513,3000
2026-06-27 03:08:05,59,B+0.5,7,True,False,False,,-1,28.0022,3000
2026-06-27 03:08:30,102,B+3.5,13,True,False,False,,-1,27.9888,3000
2026-06-27 03:09:09,162,B+8.5,36,True,False,False,,-1,28.1186,3000
2026-06-27 03:09:38,109,W+2.5,12,True,False,False,,-1,28.1714,3000
2026-06-27 03:09:49,51,B+2.5,6,True,False,False,,-1,28.0138,3000
2026-06-27 03:10:13,96,B+5.5,10,True,False,False,,-1,27.9207,3000
2026-06-27 03:10:54,160,B+1.5,25,True,False,False,,-1,28.1938,3000
2026-06-27 03:11:28,135,W+1.5,29,True,False,False,,-1,28.1796,3000
2026-06-27 03:11:53,99,B+1.5,9,True,False,False,,-1,28.1961,3000
2026-06-27 03:12:18,105,B+2.5,13,True,False,False,,-1,28.1435,3000
2026-06-27 03:12:57,161,W+5.5,35,True,False,False,,-1,28.2372,3000
2026-06-27 03:13:23,107,B+0.5,19,True,False,False,,-1,28.2613,3000
2026-06-27 03:13:47,93,W+0.5,7,True,False,False,,-1,28.196,3000
2026-06-27 03:14:14,108,B+1.5,14,True,False,False,,-1,28.1783,3000
2026-06-27 03:14:31,71,B+0.5,12,True,False,False,,-1,28.1962,3000
2026-06-27 03:14:55,88,B+1.5,9,True,False,False,,-1,28.0627,3000
2026-06-27 03:15:22,96,B+1.5,17,True,False,False,,-1,28.092,3000
2026-06-27 03:15:58,135,W+6.5,28,True,False,False,,-1,28.1169,3000
2026-06-27 03:16:29,129,W+0.5,24,True,False,False,,-1,28.0762,3000
2026-06-27 03:17:02,135,W+2.5,22,True,False,False,,-1,28.0845,3000
2026-06-27 03:17:32,129,B+1.5,25,True,False,False,,-1,27.9994,3000
2026-06-27 03:17:46,53,B+0.5,7,True,False,False,,-1,27.8578,3000
2026-06-27 03:18:16,113,W+0.5,9,True,False,False,,-1,27.9801,3000
2026-06-27 03:18:48,141,W+0.5,28,True,False,False,,-1,27.9572,3000
2026-06-27 03:19:20,132,B+2.5,26,True,False,False,,-1,27.9954,3000
2026-06-27 03:19:32,49,B+0.5,4,True,False,False,,-1,27.8077,3000
2026-06-27 03:19:54,92,B+4.5,10,True,False,False,,-1,27.7325,3000
2026-06-27 03:20:26,162,B+2.5,21,True,False,False,,-1,27.9245,3000
2026-06-27 03:20:40,51,B+0.5,6,True,False,False,,-1,27.7221,3000
2026-06-27 03:20:57,63,B+2.5,7,True,False,False,,-1,27.5698,3000
2026-06-27 03:21:27,117,W+0.5,22,True,False,False,,-1,27.5981,3000
2026-06-27 03:21:51,91,B+1.5,10,True,False,False,,-1,27.5928,3000
2026-06-27 03:22:16,93,W+0.5,7,True,False,False,,-1,27.5841,3000
2026-06-27 03:22:55,162,B+2.5,26,True,False,False,,-1,27.7243,3000
2026-06-27 03:23:24,123,W+0.5,21,True,False,False,,-1,27.8108,3000
2026-06-27 03:23:55,119,W+5.5,16,True,False,False,,-1,27.9094,3000
2026-06-27 03:24:13,75,B+0.5,10,True,False,False,,-1,27.806,3000
2026-06-27 03:24:43,119,W+2.5,23,True,False,False,,-1,27.8217,3000
2026-06-27 03:25:16,162,W+4.5,39,True,False,False,,-1,27.9448,3000
2026-06-27 03:25:47,126,B+2.5,22,True,False,False,,-1,28.0229,3000
2026-06-27 03:26:11,96,B+0.5,14,True,False,False,,-1,27.8757,3000
2026-06-27 03:26:51,151,W+0.5,32,True,False,False,,-1,28.1307,3000
2026-06-27 03:27:15,100,B+5.5,9,True,False,False,,-1,28.118,3000
2026-06-27 03:27:52,162,B+0.5,24,True,False,False,,-1,28.2383,3000
2026-06-27 03:28:17,96,B+1.5,15,True,False,False,,-1,28.2599,3000
2026-06-27 03:28:50,130,B+9.5,25,True,False,False,,-1,28.2577,3000
2026-06-27 03:29:29,162,B+3.5,32,True,False,False,,-1,28.3827,3000
2026-06-27 03:30:05,158,W+1.5,30,True,False,False,,-1,28.4208,3000
2026-06-27 03:30:36,125,W+0.5,25,True,False,False,,-1,28.3696,3000
2026-06-27 03:31:05,125,B+6.5,19,True,False,False,,-1,28.3097,3000
2026-06-27 03:31:31,98,B+1.5,11,True,False,False,,-1,28.1688,3000
2026-06-27 03:31:56,96,B+2.5,6,True,False,False,,-1,28.2714,3000
2026-06-27 03:32:23,115,W+0.5,18,True,False,False,,-1,28.1716,3000
2026-06-27 03:32:45,94,B+2.5,10,True,False,False,,-1,28.1565,3000
2026-06-27 03:32:59,51,B+0.5,9,True,False,False,,-1,27.9717,3000
2026-06-27 03:33:16,65,B+0.5,6,True,False,False,,-1,27.8475,3000
2026-06-27 03:33:30,53,B+1.5,8,True,False,False,,-1,27.6797,3000
2026-06-27 03:33:58,103,W+0.5,12,True,False,False,,-1,27.6032,3000
2026-06-27 03:34:26,111,W+2.5,16,True,False,False,,-1,27.6251,3000
2026-06-27 03:35:09,162,W+2.5,30,True,False,False,,-1,27.7967,3000
2026-06-27 03:35:32,95,W+1.5,11,True,False,False,,-1,27.6897,3000
2026-06-27 03:36:02,110,B+0.5,16,True,False,False,,-1,27.7332,3000
2026-06-27 03:36:30,115,W+0.5,21,True,False,False,,-1,27.7681,3000
2026-06-27 03:36:57,115,W+0.5,18,True,False,False,,-1,27.7947,3000
2026-06-27 03:37:31,135,B+1.5,21,True,False,False,,-1,28.0133,3000
2026-06-27 03:37:44,57,B+1.5,8,True,False,False,,-1,27.8615,3000
2026-06-27 03:38:09,96,B+0.5,14,True,False,False,,-1,27.7788,3000
2026-06-27 03:38:37,119,B+0.5,16,True,False,False,,-1,27.8855,3000
2026-06-27 03:39:05,111,W+0.5,14,True,False,False,,-1,27.7743,3000
2026-06-27 03:39:43,162,W+0.5,35,True,False,False,,-1,27.7424,3000
2026-06-27 03:40:05,89,B+2.5,8,True,False,False,,-1,27.5714,3000
2026-06-27 03:40:36,125,B+2.5,19,True,False,False,,-1,27.6344,3000
2026-06-27 03:41:06,111,W+1.5,17,True,False,False,,-1,27.5932,3000
2026-06-27 03:41:46,160,W+0.5,35,True,False,False,,-1,27.783,3000
2026-06-27 03:41:57,43,B+4.5,3,True,False,False,,-1,27.5858,3000
2026-06-27 03:42:19,84,B+1.5,11,True,False,False,,-1,27.4611,3000
2026-06-27 03:42:39,79,B+3.5,8,True,False,False,,-1,27.4279,3000
2026-06-27 03:43:15,131,W+2.5,26,True,False,False,,-1,27.4094,3000
2026-06-27 03:43:45,118,B+1.5,26,True,False,False,,-1,27.4406,3000
2026-06-27 03:44:19,126,B+1.5,22,True,False,False,,-1,27.5401,3000
2026-06-27 03:44:32,47,B+0.5,2,True,False,False,,-1,27.3761,3000
2026-06-27 03:45:00,119,W+1.5,19,True,False,False,,-1,27.3989,3000
2026-06-27 03:45:22,95,B+2.5,15,True,False,False,,-1,27.2513,3000
2026-06-27 03:46:04,162,W+1.5,36,True,False,False,,-1,27.4045,3000
2026-06-27 03:46:19,61,B+1.5,3,True,False,False,,-1,27.281,3000
2026-06-27 03:46:43,88,B+5.5,14,True,False,False,,-1,27.3133,3000
2026-06-27 03:46:56,53,B+2.5,7,True,False,False,,-1,27.2117,3000
2026-06-27 03:47:10,53,B+0.5,8,True,False,False,,-1,27.0122,3000
2026-06-27 03:47:53,162,W+8.5,37,True,False,False,,-1,27.177,3000
2026-06-27 03:48:19,104,B+1.5,17,True,False,False,,-1,27.0955,3000
2026-06-27 03:48:35,59,B+7.5,7,True,False,False,,-1,26.899,3000
2026-06-27 03:49:04,121,W+0.5,27,True,False,False,,-1,26.9038,3000
2026-06-27 03:49:40,162,B+13.5,36,True,False,False,,-1,27.0449,3000
2026-06-27 03:50:13,132,B+3.5,23,True,False,False,,-1,27.0345,3000
2026-06-27 03:50:43,107,W+1.5,16,True,False,False,,-1,27.0345,3000
2026-06-27 03:51:14,119,W+0.5,26,True,False,False,,-1,27.1206,3000
2026-06-27 03:51:43,110,B+7.5,16,True,False,False,,-1,27.261,3000
2026-06-27 03:52:06,95,B+1.5,21,True,False,False,,-1,27.1015,3000
2026-06-27 03:52:23,65,B+0.5,9,True,False,False,,-1,27.0191,3000
2026-06-27 03:52:49,109,B+0.5,20,True,False,False,,-1,26.996,3000
2026-06-27 03:53:28,162,B+3.5,28,True,False,False,,-1,27.2236,3000
2026-06-27 03:54:00,122,B+0.5,20,True,False,False,,-1,27.2891,3000
2026-06-27 03:54:39,162,B+3.5,27,True,False,False,,-1,27.2972,3000
2026-06-27 03:54:53,55,B+4.5,8,True,False,False,,-1,27.1529,3000
2026-06-27 03:55:25,125,W+1.5,21,True,False,False,,-1,27.3523,3000
2026-06-27 03:55:37,53,B+0.5,7,True,False,False,,-1,27.2395,3000
2026-06-27 03:56:01,100,W+0.5,11,True,False,False,,-1,27.0649,3000
2026-06-27 03:56:39,162,W+7.5,26,True,False,False,,-1,27.116,3000
2026-06-27 03:57:07,117,B+0.5,21,True,False,False,,-1,27.1435,3000
2026-06-27 03:57:38,122,B+0.5,17,True,False,False,,-1,27.1974,3000
2026-06-27 03:57:54,57,B+1.5,8,True,False,False,,-1,26.9739,3000
2026-06-27 03:58:14,84,B+4.5,11,True,False,False,,-1,26.9131,3000
2026-06-27 03:58:43,113,W+2.5,15,True,False,False,,-1,26.9662,3000
2026-06-27 03:58:59,57,B+0.5,7,True,False,False,,-1,26.8442,3000
2026-06-27 03:59:21,92,B+1.5,13,True,False,False,,-1,26.8994,3000
2026-06-27 03:59:48,100,B+1.5,9,True,False,False,,-1,26.9345,3000
2026-06-27 04:00:20,116,B+5.5,19,True,False,False,,-1,26.9746,3000
2026-06-27 04:00:43,101,B+2.5,6,True,False,False,,-1,26.8438,3000
2026-06-27 04:01:10,105,B+0.5,15,True,False,False,,-1,26.8051,3000
2026-06-27 04:01:37,112,B+3.5,14,True,False,False,,-1,26.74,3000
2026-06-27 04:02:20,162,B+2.5,31,True,False,False,,-1,26.8791,3000
2026-06-27 04:02:55,140,B+0.5,21,True,False,False,,-1,27.0894,3000
2026-06-27 04:03:38,161,W+0.5,28,True,False,False,,-1,27.2211,3000
2026-06-27 04:04:04,105,B+0.5,14,True,False,False,,-1,27.1512,3000
2026-06-27 04:04:35,129,B+1.5,22,True,False,False,,-1,27.1516,3000
2026-06-27 04:05:17,162,W+0.5,35,True,False,False,,-1,27.445,3000
2026-06-27 04:05:35,87,B+3.5,12,True,False,False,,-1,27.4072,3000
2026-06-27 04:06:00,103,W+0.5,19,True,False,False,,-1,27.3326,3000
2026-06-27 04:06:15,55,B+0.5,3,True,False,False,,-1,27.3469,3000
2026-06-27 04:06:46,162,W+4.5,28,True,False,False,,-1,27.4935,3000
2026-06-27 04:07:18,131,B+1.5,23,True,False,False,,-1,27.511,3000
2026-06-27 04:07:55,158,W+1.5,28,True,False,False,,-1,27.6303,3000
2026-06-27 04:08:19,95,W+0.5,8,True,False,False,,-1,27.6242,3000
2026-06-27 04:08:40,75,B+1.5,7,True,False,False,,-1,27.446,3000
2026-06-27 04:09:09,117,B+0.5,19,True,False,False,,-1,27.4415,3000
2026-06-27 04:09:34,99,W+8.5,7,True,False,False,,-1,27.3791,3000
2026-06-27 04:09:58,101,W+0.5,8,True,False,False,,-1,27.4542,3000
2026-06-27 04:10:24,107,B+3.5,21,True,False,False,,-1,27.4111,3000
2026-06-27 04:10:55,126,B+1.5,20,True,False,False,,-1,27.379,3000
2026-06-27 04:11:22,105,B+3.5,14,True,False,False,,-1,27.3491,3000
2026-06-27 04:11:50,114,B+1.5,21,True,False,False,,-1,27.3922,3000
2026-06-27 04:12:15,100,B+1.5,7,True,False,False,,-1,27.2389,3000
2026-06-27 04:12:26,45,B+1.5,6,True,False,False,,-1,27.1089,3000
2026-06-27 04:12:57,109,W+2.5,20,True,False,False,,-1,27.0457,3000
2026-06-27 04:13:28,120,B+0.5,21,True,False,False,,-1,27.1033,3000
2026-06-27 04:14:02,137,W+2.5,26,True,False,False,,-1,27.1203,3000
2026-06-27 04:14:29,103,B+1.5,12,True,False,False,,-1,26.9962,3000
2026-06-27 04:15:09,153,B+0.5,25,True,False,False,,-1,27.0375,3000
2026-06-27 04:15:35,91,B+1.5,8,True,False,False,,-1,26.9905,3000
2026-06-27 04:15:59,90,B+0.5,7,True,False,False,,-1,26.9364,3000
2026-06-27 04:16:27,113,B+2.5,19,True,False,False,,-1,26.9567,3000
2026-06-27 04:16:41,59,B+2.5,9,True,False,False,,-1,26.8466,3000
2026-06-27 04:17:12,121,W+1.5,25,True,False,False,,-1,26.8953,3000
2026-06-27 04:17:36,96,B+1.5,11,True,False,False,,-1,26.9084,3000
2026-06-27 04:18:06,114,W+2.5,15,True,False,False,,-1,27.0606,3000
2026-06-27 04:18:30,103,W+1.5,16,True,False,False,,-1,27.1352,3000
2026-06-27 04:18:46,67,B+2.5,7,True,False,False,,-1,27.154,3000
2026-06-27 04:19:18,132,B+4.5,28,True,False,False,,-1,27.2009,3000
2026-06-27 04:19:54,139,B+0.5,25,True,False,False,,-1,27.2806,3000
2026-06-27 04:20:28,131,W+1.5,23,True,False,False,,-1,27.1882,3000
2026-06-27 04:20:42,51,B+6.5,5,True,False,False,,-1,27.0945,3000
2026-06-27 04:21:14,132,B+2.5,23,True,False,False,,-1,27.1162,3000
2026-06-27 04:21:40,107,W+2.5,17,True,False,False,,-1,27.1053,3000
2026-06-27 04:22:10,119,W+7.5,19,True,False,False,,-1,27.1331,3000
2026-06-27 04:22:35,89,B+2.5,12,True,False,False,,-1,27.038,3000
2026-06-27 04:23:01,97,W+1.5,10,True,False,False,,-1,27.1695,3000
2026-06-27 04:23:15,57,B+3.5,9,True,False,False,,-1,27.0585,3000
2026-06-27 04:23:41,121,W+2.5,26,True,False,False,,-1,27.0429,3000
2026-06-27 04:24:10,112,W+3.5,15,True,False,False,,-1,27.0479,3000
2026-06-27 04:24:34,94,B+3.5,8,True,False,False,,-1,26.9047,3000
2026-06-27 04:25:06,146,B+2.5,20,True,False,False,,-1,27.0073,3000
2026-06-27 04:25:32,97,W+4.5,13,True,False,False,,-1,26.9553,3000
2026-06-27 04:25:53,86,B+2.5,10,True,False,False,,-1,26.8649,3000
2026-06-27 04:26:05,53,B+1.5,2,True,False,False,,-1,26.5901,3000
2026-06-27 04:26:32,104,B+1.5,16,True,False,False,,-1,26.7435,3000
2026-06-27 04:26:56,97,B+2.5,4,True,False,False,,-1,26.7685,3000
2026-06-27 04:27:28,126,B+2.5,31,True,False,False,,-1,26.8823,3000
2026-06-27 04:28:04,142,B+1.5,22,True,False,False,,-1,26.8861,3000
2026-06-27 04:28:32,114,B+4.5,14,True,False,False,,-1,26.8753,3000
2026-06-27 04:29:00,93,B+0.5,11,True,False,False,,-1,26.7984,3000
2026-06-27 04:29:28,122,B+2.5,24,True,False,False,,-1,26.9601,3000
2026-06-27 04:29:54,96,B+0.5,11,True,False,False,,-1,26.9341,3000
2026-06-27 04:30:22,115,B+0.5,22,True,False,False,,-1,26.9964,3000
2026-06-27 04:30:39,69,B+4.5,6,True,False,False,,-1,26.7542,3000
2026-06-27 04:31:07,112,B+7.5,19,True,False,False,,-1,26.8754,3000
2026-06-27 04:31:33,105,W+2.5,13,True,False,False,,-1,26.9045,3000
2026-06-27 04:31:50,65,B+0.5,11,True,False,False,,-1,26.9294,3000
2026-06-27 04:32:04,53,B+0.5,3,True,False,False,,-1,26.9402,3000
2026-06-27 04:32:32,111,W+0.5,17,True,False,False,,-1,26.788,3000
2026-06-27 04:33:02,123,B+5.5,23,True,False,False,,-1,26.8286,3000
2026-06-27 04:33:27,101,W+0.5,13,True,False,False,,-1,26.9169,3000
2026-06-27 04:33:52,99,W+0.5,11,True,False,False,,-1,26.8782,3000
2026-06-27 04:34:22,107,B+1.5,10,True,False,False,,-1,26.8167,3000
2026-06-27 04:34:39,77,B+0.5,12,True,False,False,,-1,26.6555,3000
2026-06-27 04:35:06,100,B+1.5,15,True,False,False,,-1,26.6341,3000
2026-06-27 04:35:35,112,B+1.5,17,True,False,False,,-1,26.6139,3000
2026-06-27 04:36:02,111,B+3.5,12,True,False,False,,-1,26.5879,3000
2026-06-27 04:36:30,108,B+0.5,14,True,False,False,,-1,26.6373,3000
2026-06-27 04:36:55,97,W+3.5,10,True,False,False,,-1,26.7189,3000
2026-06-27 04:37:20,102,B+1.5,14,True,False,False,,-1,26.7107,3000
2026-06-27 04:37:53,126,B+2.5,26,True,False,False,,-1,26.6459,3000
2026-06-27 04:38:22,107,W+1.5,12,True,False,False,,-1,26.6194,3000
2026-06-27 04:39:02,159,W+0.5,32,True,False,False,,-1,26.6266,3000
2026-06-27 04:39:34,129,W+0.5,18,True,False,False,,-1,26.8067,3000
2026-06-27 04:40:05,117,B+0.5,19,True,False,False,,-1,26.8048,3000
2026-06-27 04:40:31,91,B+0.5,7,True,False,False,,-1,26.9363,3000
2026-06-27 04:40:56,97,B+3.5,14,True,False,False,,-1,26.948,3000
2026-06-27 04:41:11,55,B+0.5,5,True,False,False,,-1,26.715,3000
2026-06-27 04:41:41,118,B+4.5,13,True,False,False,,-1,26.7326,3000
2026-06-27 04:42:07,107,W+2.5,16,True,False,False,,-1,26.6819,3000
2026-06-27 04:42:30,90,B+2.5,15,True,False,False,,-1,26.7507,3000
2026-06-27 04:43:01,116,B+0.5,15,True,False,False,,-1,26.8637,3000
2026-06-27 04:43:16,59,B+0.5,7,True,False,False,,-1,26.7223,3000
2026-06-27 04:43:35,75,B+0.5,14,True,False,False,,-1,26.7583,3000
2026-06-27 04:44:02,108,B+0.5,15,True,False,False,,-1,26.7983,3000
2026-06-27 04:44:33,127,W+0.5,20,True,False,False,,-1,26.8432,3000
2026-06-27 04:45:13,162,W+3.5,30,True,False,False,,-1,26.9328,3000
2026-06-27 04:45:34,83,B+4.5,10,True,False,False,,-1,26.9021,3000
2026-06-27 04:45:56,89,B+4.5,10,True,False,False,,-1,26.8523,3000
2026-06-27 04:46:19,97,B+1.5,8,True,False,False,,-1,26.826,3000
2026-06-27 04:46:44,99,W+5.5,11,True,False,False,,-1,26.6358,3000
2026-06-27 04:47:19,134,B+2.5,23,True,False,False,,-1,26.6307,3000
2026-06-27 04:47:58,162,B+7.5,36,True,False,False,,-1,26.5961,3000
2026-06-27 04:48:18,84,B+6.5,13,True,False,False,,-1,26.5407,3000
2026-06-27 04:48:37,71,B+0.5,8,True,False,False,,-1,26.4121,3000
2026-06-27 04:49:03,94,B+3.5,10,True,False,False,,-1,26.2579,3000
2026-06-27 04:49:24,87,B+5.5,14,True,False,False,,-1,26.2843,3000
2026-06-27 04:49:35,47,B+2.5,8,True,False,False,,-1,26.1531,3000
2026-06-27 04:49:58,93,B+2.5,15,True,False,False,,-1,26.2323,3000
2026-06-27 04:50:25,108,B+6.5,15,True,False,False,,-1,26.1798,3000
2026-06-27 04:50:54,116,B+7.5,14,True,False,False,,-1,26.1537,3000
2026-06-27 04:51:09,59,B+1.5,8,True,False,False,,-1,25.9403,3000
2026-06-27 04:51:35,98,B+1.5,14,True,False,False,,-1,25.9569,3000
2026-06-27 04:52:01,113,B+2.5,18,True,False,False,,-1,26.0116,3000
2026-06-27 04:52:34,133,W+2.5,30,True,False,False,,-1,26.0556,3000
2026-06-27 04:52:59,95,B+3.5,16,True,False,False,,-1,26.0486,3000
2026-06-27 04:53:12,49,B+0.5,5,True,False,False,,-1,25.9334,3000
2026-06-27 04:53:34,92,W+2.5,13,True,False,False,,-1,25.8925,3000
2026-06-27 04:53:59,99,W+2.5,17,True,False,False,,-1,25.8466,3000
2026-06-27 04:54:31,135,W+0.5,21,True,False,False,,-1,25.8819,3000
2026-06-27 04:54:52,83,B+2.5,8,True,False,False,,-1,25.8124,3000
2026-06-27 04:55:29,139,W+1.5,23,True,False,False,,-1,25.9378,3000
2026-06-27 04:56:02,128,B+2.5,25,True,False,False,,-1,26.1581,3000
2026-06-27 04:56:18,59,B+0.5,5,True,False,False,,-1,26.0089,3000
2026-06-27 04:56:49,113,W+2.5,13,True,False,False,,-1,26.0081,3000
2026-06-27 04:57:23,138,B+1.5,28,True,False,False,,-1,26.0057,3000
2026-06-27 04:57:55,122,B+0.5,26,True,False,False,,-1,26.0491,3000
2026-06-27 04:58:13,79,B+0.5,12,True,False,False,,-1,25.8386,3000
2026-06-27 04:58:47,149,B+0.5,31,True,False,False,,-1,25.9144,3000
2026-06-27 04:59:13,99,W+0.5,14,True,False,False,,-1,25.9438,3000
2026-06-27 04:59:28,59,B+5.5,6,True,False,False,,-1,25.8063,3000
2026-06-27 04:59:55,107,W+0.5,12,True,False,False,,-1,25.9337,3000
2026-06-27 05:00:22,109,W+0.5,17,True,False,False,,-1,25.8948,3000
2026-06-27 05:00:42,91,B+0.5,14,True,False,False,,-1,25.8517,3000
2026-06-27 05:01:13,121,W+0.5,24,True,False,False,,-1,25.8681,3000
2026-06-27 05:01:44,129,W+0.5,24,True,False,False,,-1,25.9394,3000
2026-06-27 05:02:14,117,W+2.5,11,True,False,False,,-1,26.0779,3000
2026-06-27 05:02:42,104,B+3.5,17,True,False,False,,-1,26.0299,3000
2026-06-27 05:03:14,126,B+0.5,15,True,False,False,,-1,25.9995,3000
2026-06-27 05:03:41,118,B+2.5,24,True,False,False,,-1,25.9306,3000
2026-06-27 05:04:11,107,W+0.5,19,True,False,False,,-1,26.0848,3000
2026-06-27 05:04:25,55,B+0.5,7,True,False,False,,-1,25.9073,3000
2026-06-27 05:05:04,149,W+2.5,26,True,False,False,,-1,26.0325,3000
2026-06-27 05:05:42,154,B+6.5,30,True,False,False,,-1,26.1101,3000
2026-06-27 05:06:04,83,B+0.5,11,True,False,False,,-1,26.0908,3000
2026-06-27 05:06:27,90,B+1.5,11,True,False,False,,-1,26.0563,3000
2026-06-27 05:06:55,101,B+0.5,15,True,False,False,,-1,26.2002,3000
2026-06-27 05:07:21,97,B+0.5,17,True,False,False,,-1,26.1898,3000
2026-06-27 05:07:56,148,W+5.5,24,True,False,False,,-1,26.2574,3000
2026-06-27 05:08:31,132,B+3.5,26,True,False,False,,-1,26.3693,3000
2026-06-27 05:09:07,162,B+3.5,24,True,False,False,,-1,26.3994,3000
2026-06-27 05:09:45,162,W+0.5,35,True,False,False,,-1,26.5269,3000
2026-06-27 05:10:16,137,B+1.5,25,True,False,False,,-1,26.6211,3000
2026-06-27 05:10:37,88,B+1.5,8,True,False,False,,-1,26.7215,3000
2026-06-27 05:11:05,110,B+7.5,19,True,False,False,,-1,26.7299,3000
2026-06-27 05:11:38,133,B+1.5,27,True,False,False,,-1,26.818,3000
2026-06-27 05:12:10,122,B+5.5,9,True,False,False,,-1,26.8214,3000
2026-06-27 05:12:42,123,B+5.5,25,True,False,False,,-1,26.7784,3000
2026-06-27 05:13:22,148,B+5.5,22,True,False,False,,-1,26.8917,3000
2026-06-27 05:13:54,132,W+4.5,20,True,False,False,,-1,26.9392,3000
2026-06-27 05:14:06,53,B+0.5,5,True,False,False,,-1,26.7747,3000
2026-06-27 05:14:41,147,W+0.5,33,True,False,False,,-1,26.8632,3000
2026-06-27 05:15:21,158,B+3.5,28,True,False,False,,-1,26.981,3000
2026-06-27 05:15:49,126,B+0.5,24,True,False,False,,-1,27.0968,3000
2026-06-27 05:16:12,98,B+0.5,16,True,False,False,,-1,27.0421,3000
2026-06-27 05:16:40,110,B+1.5,21,True,False,False,,-1,27.0629,3000
2026-06-27 05:17:17,143,W+2.5,14,True,False,False,,-1,27.2716,3000
2026-06-27 05:17:24,26,W+7.5,2,True,False,False,,-1,27.1935,3000
2026-06-27 05:17:52,106,B+1.5,9,True,False,False,,-1,27.1961,3000
2026-06-27 05:18:13,85,B+1.5,14,True,False,False,,-1,27.108,3000
2026-06-27 05:18:37,88,B+0.5,10,True,False,False,,-1,27.098,3000
2026-06-27 05:19:18,162,W+7.5,37,True,False,False,,-1,27.2587,3000
2026-06-27 05:19:43,99,W+0.5,12,True,False,False,,-1,27.2111,3000
2026-06-27 05:20:12,107,B+4.5,18,True,False,False,,-1,27.3239,3000
2026-06-27 05:20:42,115,W+0.5,19,True,False,False,,-1,27.3534,3000
2026-06-27 05:21:08,101,W+0.5,16,True,False,False,,-1,27.324,3000
2026-06-27 05:21:36,112,B+3.5,14,True,False,False,,-1,27.3304,3000
2026-06-27 05:22:07,126,W+0.5,24,True,False,False,,-1,27.3746,3000
2026-06-27 05:22:31,91,B+0.5,10,True,False,False,,-1,27.3563,3000
2026-06-27 05:22:44,53,B+0.5,7,True,False,False,,-1,27.2406,3000
2026-06-27 05:23:18,162,B+3.5,29,True,False,False,,-1,27.248,3000
2026-06-27 05:23:42,97,B+3.5,16,True,False,False,,-1,27.2005,3000
2026-06-27 05:24:09,106,B+7.5,12,True,False,False,,-1,27.0642,3000
2026-06-27 05:24:26,71,B+1.5,13,True,False,False,,-1,26.9211,3000
2026-06-27 05:24:55,119,B+3.5,25,True,False,False,,-1,26.8888,3000
2026-06-27 05:25:16,79,B+3.5,7,True,False,False,,-1,26.8475,3000
2026-06-27 05:25:56,162,W+4.5,35,True,False,False,,-1,26.9989,3000
2026-06-27 05:26:26,120,B+2.5,21,True,False,False,,-1,27.1474,3000
2026-06-27 05:26:50,93,W+4.5,9,True,False,False,,-1,27.0935,3000
2026-06-27 05:27:13,95,B+0.5,7,True,False,False,,-1,27.0629,3000
2026-06-27 05:27:38,104,B+3.5,13,True,False,False,,-1,27.0825,3000
2026-06-27 05:27:52,57,B+0.5,5,True,False,False,,-1,26.9106,3000
2026-06-27 05:28:07,55,B+1.5,8,True,False,False,,-1,26.9051,3000
2026-06-27 05:28:49,162,W+0.5,36,True,False,False,,-1,27.1409,3000
2026-06-27 05:29:12,91,B+1.5,8,True,False,False,,-1,27.1066,3000
2026-06-27 05:29:51,158,B+1.5,38,True,False,False,,-1,27.1798,3000
2026-06-27 05:30:05,55,B+1.5,3,True,False,False,,-1,26.9111,3000
2026-06-27 05:30:18,53,B+1.5,3,True,False,False,,-1,26.8427,3000
2026-06-27 05:30:31,53,B+4.5,5,True,False,False,,-1,26.7494,3000
2026-06-27 05:31:00,120,B+1.5,16,True,False,False,,-1,26.7983,3000
2026-06-27 05:31:24,95,W+1.5,17,True,False,False,,-1,26.7983,3000
2026-06-27 05:31:38,55,B+0.5,6,True,False,False,,-1,26.5875,3000
2026-06-27 05:34:12,109,W+0.5,12,True,False,False,,-1,26.5971,4000
2026-06-27 05:34:46,112,B+6.5,15,True,False,False,,-1,26.7469,4000
2026-06-27 05:35:18,109,B+4.5,15,True,False,False,,-1,26.8089,4000
2026-06-27 05:35:53,112,B+2.5,14,True,False,False,,-1,26.9477,4000
2026-06-27 05:36:07,55,B+5.5,13,True,False,False,,-1,26.9678,4000
2026-06-27 05:36:42,135,W+2.5,21,True,False,False,,-1,27.089,4000
2026-06-27 05:37:14,113,W+1.5,18,True,False,False,,-1,27.1466,4000
2026-06-27 05:37:33,71,B+5.5,5,True,False,False,,-1,27.0419,4000
2026-06-27 05:38:02,103,B+4.5,6,True,False,False,,-1,27.1843,4000
2026-06-27 05:38:33,112,B+4.5,7,True,False,False,,-1,27.2368,4000
2026-06-27 05:38:51,73,B+1.5,14,True,False,False,,-1,27.151,4000
2026-06-27 05:39:10,69,B+2.5,4,True,False,False,,-1,27.0136,4000
2026-06-27 05:39:51,162,B+7.5,10,True,False,False,,-1,27.1767,4000
2026-06-27 05:40:19,93,W+2.5,11,True,False,False,,-1,27.3198,4000
2026-06-27 05:40:56,136,B+1.5,25,True,False,False,,-1,27.4722,4000
2026-06-27 05:41:22,103,B+1.5,15,True,False,False,,-1,27.4769,4000
2026-06-27 05:41:46,99,B+5.5,17,True,False,False,,-1,27.4118,4000
2026-06-27 05:42:01,57,B+2.5,6,True,False,False,,-1,27.345,4000
2026-06-27 05:42:17,65,B+3.5,10,True,False,False,,-1,27.1268,4000
2026-06-27 05:42:44,97,W+0.5,8,True,False,False,,-1,27.0725,4000
2026-06-27 05:43:15,113,B+5.5,21,True,False,False,,-1,27.2235,4000
2026-06-27 05:43:47,120,B+3.5,21,True,False,False,,-1,27.2343,4000
2026-06-27 05:44:15,106,B+2.5,19,True,False,False,,-1,27.1724,4000
2026-06-27 05:44:42,101,B+2.5,9,True,False,False,,-1,27.1258,4000
2026-06-27 05:45:06,95,B+2.5,14,True,False,False,,-1,27.1899,4000
2026-06-27 05:45:23,63,B+0.5,10,True,False,False,,-1,27.0102,4000
2026-06-27 05:45:58,129,W+2.5,24,True,False,False,,-1,27.1025,4000
2026-06-27 05:46:24,98,B+2.5,7,True,False,False,,-1,27.2149,4000
2026-06-27 05:47:08,146,B+4.5,19,True,False,False,,-1,27.3858,4000
2026-06-27 05:47:34,100,B+3.5,5,True,False,False,,-1,27.3765,4000
2026-06-27 05:48:03,102,W+2.5,13,True,False,False,,-1,27.465,4000
2026-06-27 05:48:20,71,B+7.5,5,True,False,False,,-1,27.3297,4000
2026-06-27 05:48:51,104,B+0.5,11,True,False,False,,-1,27.3292,4000
2026-06-27 05:49:33,136,B+1.5,23,True,False,False,,-1,27.4385,4000
2026-06-27 05:50:01,99,B+4.5,11,True,False,False,,-1,27.4425,4000
2026-06-27 05:50:36,130,B+10.5,20,True,False,False,,-1,27.4738,4000
2026-06-27 05:50:52,59,B+3.5,4,True,False,False,,-1,27.3628,4000
2026-06-27 05:51:26,122,B+2.5,13,True,False,False,,-1,27.4003,4000
2026-06-27 05:51:49,88,W+1.5,12,True,False,False,,-1,27.4938,4000
2026-06-27 05:52:18,103,B+3.5,9,True,False,False,,-1,27.3895,4000
2026-06-27 05:52:43,91,W+7.5,5,True,False,False,,-1,27.2655,4000
2026-06-27 05:53:18,121,W+1.5,22,True,False,False,,-1,27.3919,4000
2026-06-27 05:53:49,104,B+6.5,6,True,False,False,,-1,27.473,4000
2026-06-27 05:54:18,113,W+2.5,18,True,False,False,,-1,27.4876,4000
2026-06-27 05:54:34,65,B+7.5,10,True,False,False,,-1,27.3895,4000
2026-06-27 05:54:58,93,W+1.5,5,True,False,False,,-1,27.276,4000
2026-06-27 05:55:35,137,W+0.5,18,True,False,False,,-1,27.2979,4000
2026-06-27 05:56:01,97,B+6.5,14,True,False,False,,-1,27.199,4000
2026-06-27 05:56:27,95,B+6.5,10,True,False,False,,-1,27.0717,4000
2026-06-27 05:56:52,92,B+1.5,8,True,False,False,,-1,27.0187,4000
2026-06-27 05:57:19,93,B+2.5,11,True,False,False,,-1,27.0675,4000
2026-06-27 05:57:53,126,B+9.5,20,True,False,False,,-1,27.137,4000
2026-06-27 05:58:31,126,B+1.5,18,True,False,False,,-1,27.1773,4000
2026-06-27 05:59:09,138,B+0.5,28,True,False,False,,-1,27.2446,4000
2026-06-27 05:59:51,162,B+4.5,21,True,False,False,,-1,27.3469,4000
2026-06-27 06:00:25,123,W+2.5,22,True,False,False,,-1,27.2885,4000
2026-06-27 06:01:04,142,B+2.5,22,True,False,False,,-1,27.3584,4000
2026-06-27 06:01:36,121,W+1.5,14,True,False,False,,-1,27.5526,4000
2026-06-27 06:02:03,107,W+2.5,14,True,False,False,,-1,27.4799,4000
2026-06-27 06:02:33,114,B+0.5,13,True,False,False,,-1,27.3805,4000
2026-06-27 06:03:13,142,B+3.5,25,True,False,False,,-1,27.495,4000
2026-06-27 06:03:46,120,B+3.5,21,True,False,False,,-1,27.5946,4000
2026-06-27 06:04:12,98,B+1.5,10,True,False,False,,-1,27.5755,4000
2026-06-27 06:04:43,113,W+2.5,16,True,False,False,,-1,27.5118,4000
2026-06-27 06:05:13,114,B+28.5,3,True,False,False,,-1,27.7473,4000
2026-06-27 06:05:47,128,B+4.5,18,True,False,False,,-1,27.8085,4000
2026-06-27 06:06:10,79,B+1.5,9,True,False,False,,-1,27.8204,4000
2026-06-27 06:06:50,150,B+11.5,26,True,False,False,,-1,27.9826,4000
2026-06-27 06:07:33,159,W+0.5,29,True,False,False,,-1,28.0,4000
2026-06-27 06:08:12,138,B+6.5,26,True,False,False,,-1,28.1411,4000
2026-06-27 06:08:41,107,B+3.5,15,True,False,False,,-1,28.1492,4000
2026-06-27 06:09:05,89,B+3.5,10,True,False,False,,-1,28.085,4000
2026-06-27 06:09:31,97,W+2.5,16,True,False,False,,-1,28.0827,4000
2026-06-27 06:09:38,22,W+6.5,2,True,False,False,,-1,27.8764,4000
2026-06-27 06:10:02,89,B+0.5,17,True,False,False,,-1,27.8021,4000
2026-06-27 06:10:37,122,B+0.5,18,True,False,False,,-1,27.9154,4000
2026-06-27 06:11:05,97,W+4.5,11,True,False,False,,-1,28.0639,4000
2026-06-27 06:11:40,124,W+1.5,22,True,False,False,,-1,28.0728,4000
2026-06-27 06:11:56,63,B+5.5,5,True,False,False,,-1,27.9918,4000
2026-06-27 06:12:34,137,B+22.5,13,True,False,False,,-1,28.1023,4000
2026-06-27 06:13:08,124,B+2.5,23,True,False,False,,-1,28.2709,4000
2026-06-27 06:13:46,162,W+3.5,32,True,False,False,,-1,28.3714,4000
2026-06-27 06:14:12,87,B+9.5,4,True,False,False,,-1,28.4092,4000
2026-06-27 06:14:41,105,W+0.5,16,True,False,False,,-1,28.2994,4000
2026-06-27 06:15:08,96,B+2.5,8,True,False,False,,-1,28.2674,4000
2026-06-27 06:15:23,59,B+0.5,9,True,False,False,,-1,28.1802,4000
2026-06-27 06:15:51,101,W+1.5,15,True,False,False,,-1,28.2265,4000
2026-06-27 06:16:10,73,B+1.5,5,True,False,False,,-1,28.1716,4000
2026-06-27 06:16:36,99,B+5.5,16,True,False,False,,-1,28.2888,4000
2026-06-27 06:17:04,101,W+2.5,5,True,False,False,,-1,28.4306,4000
2026-06-27 06:17:31,95,W+0.5,13,True,False,False,,-1,28.2709,4000
2026-06-27 06:18:07,140,B+3.5,22,True,False,False,,-1,28.4004,4000
2026-06-27 06:18:22,53,B+0.5,6,True,False,False,,-1,28.1587,4000
2026-06-27 06:18:56,116,B+7.5,11,True,False,False,,-1,28.3692,4000
2026-06-27 06:19:22,91,W+8.5,11,True,False,False,,-1,28.4878,4000
2026-06-27 06:19:37,57,B+0.5,5,True,False,False,,-1,28.5126,4000
2026-06-27 06:20:13,129,W+5.5,25,True,False,False,,-1,28.5878,4000
2026-06-27 06:20:43,105,B+7.5,8,True,False,False,,-1,28.6398,4000
2026-06-27 06:21:12,99,W+4.5,11,True,False,False,,-1,28.7976,4000
2026-06-27 06:21:44,113,B+5.5,18,True,False,False,,-1,28.8298,4000
2026-06-27 06:22:01,73,B+0.5,6,True,False,False,,-1,28.6841,4000
2026-06-27 06:22:42,136,B+4.5,15,True,False,False,,-1,28.7559,4000
2026-06-27 06:23:11,108,B+3.5,21,True,False,False,,-1,28.7277,4000
2026-06-27 06:23:40,106,B+1.5,13,True,False,False,,-1,28.6632,4000
2026-06-27 06:24:08,101,W+1.5,9,True,False,False,,-1,28.8063,4000
2026-06-27 06:24:33,94,B+7.5,9,True,False,False,,-1,28.7157,4000
2026-06-27 06:25:02,106,W+1.5,14,True,False,False,,-1,28.6796,4000
2026-06-27 06:25:34,119,W+1.5,17,True,False,False,,-1,28.8082,4000
2026-06-27 06:26:09,134,B+8.5,20,True,False,False,,-1,28.8624,4000
2026-06-27 06:26:38,103,W+2.5,18,True,False,False,,-1,28.8464,4000
2026-06-27 06:27:22,162,W+1.5,27,True,False,False,,-1,29.1033,4000
2026-06-27 06:27:39,63,B+4.5,8,True,False,False,,-1,29.0856,4000
2026-06-27 06:28:12,126,B+6.5,19,True,False,False,,-1,29.0117,4000
2026-06-27 06:28:30,67,B+5.5,9,True,False,False,,-1,28.9102,4000
2026-06-27 06:29:04,118,B+1.5,16,True,False,False,,-1,28.8778,4000
2026-06-27 06:29:30,98,B+9.5,8,True,False,False,,-1,28.8825,4000
2026-06-27 06:30:01,106,B+0.5,17,True,False,False,,-1,28.9425,4000
2026-06-27 06:30:34,121,B+0.5,16,True,False,False,,-1,29.1343,4000
2026-06-27 06:31:13,142,B+0.5,23,True,False,False,,-1,29.3623,4000
2026-06-27 06:31:59,158,B+11.5,31,True,False,False,,-1,29.5503,4000
2026-06-27 06:32:41,150,B+6.5,20,True,False,False,,-1,29.6623,4000
2026-06-27 06:33:12,113,W+0.5,11,True,False,False,,-1,29.6485,4000
2026-06-27 06:33:45,124,B+2.5,24,True,False,False,,-1,29.6981,4000
2026-06-27 06:34:21,126,B+10.5,23,True,False,False,,-1,29.7878,4000
2026-06-27 06:34:54,118,B+1.5,14,True,False,False,,-1,29.8722,4000
2026-06-27 06:35:26,113,B+0.5,9,True,False,False,,-1,30.0302,4000
2026-06-27 06:35:52,91,B+6.5,6,True,False,False,,-1,29.9392,4000
2026-06-27 06:36:29,158,B+1.5,42,True,False,False,,-1,30.0457,4000
2026-06-27 06:36:45,57,B+6.5,4,True,False,False,,-1,29.7619,4000
2026-06-27 06:37:19,130,B+1.5,21,True,False,False,,-1,29.8486,4000
2026-06-27 06:37:44,94,W+3.5,12,True,False,False,,-1,29.8125,4000
2026-06-27 06:38:09,97,W+0.5,12,True,False,False,,-1,29.8843,4000
2026-06-27 06:38:39,107,B+2.5,20,True,False,False,,-1,29.8716,4000
2026-06-27 06:39:06,95,B+1.5,13,True,False,False,,-1,29.7302,4000
2026-06-27 06:39:20,55,B+0.5,5,True,False,False,,-1,29.5956,4000
2026-06-27 06:39:52,120,B+0.5,22,True,False,False,,-1,29.5558,4000
2026-06-27 06:40:17,90,B+1.5,10,True,False,False,,-1,29.6415,4000
2026-06-27 06:40:34,67,B+2.5,6,True,False,False,,-1,29.4857,4000
2026-06-27 06:41:08,121,B+0.5,17,True,False,False,,-1,29.5897,4000
2026-06-27 06:41:34,101,B+11.5,5,True,False,False,,-1,29.559,4000
2026-06-27 06:41:50,63,B+0.5,6,True,False,False,,-1,29.465,4000
2026-06-27 06:42:25,141,B+8.5,26,True,False,False,,-1,29.4659,4000
2026-06-27 06:42:53,100,B+2.5,9,True,False,False,,-1,29.4343,4000
2026-06-27 06:43:20,99,B+4.5,8,True,False,False,,-1,29.4142,4000
2026-06-27 06:44:02,144,B+4.5,28,True,False,False,,-1,29.6754,4000
2026-06-27 06:44:35,132,B+4.5,26,True,False,False,,-1,29.7683,4000
2026-06-27 06:45:04,117,B+6.5,23,True,False,False,,-1,29.6902,4000
2026-06-27 06:45:31,99,W+2.5,16,True,False,False,,-1,29.6987,4000
2026-06-27 06:45:57,93,B+6.5,4,True,False,False,,-1,29.6992,4000
2026-06-27 06:46:27,115,B+5.5,20,True,False,False,,-1,29.7449,4000
2026-06-27 06:46:52,93,B+7.5,5,True,False,False,,-1,29.731,4000
2026-06-27 06:47:04,49,B+3.5,7,True,False,False,,-1,29.5005,4000
2026-06-27 06:47:33,102,B+11.5,9,True,False,False,,-1,29.4223,4000
2026-06-27 06:47:59,86,W+0.5,9,True,False,False,,-1,29.295,4000
2026-06-27 06:48:31,116,B+0.5,17,True,False,False,,-1,29.2007,4000
2026-06-27 06:49:00,104,B+0.5,13,True,False,False,,-1,29.1425,4000
2026-06-27 06:49:33,111,B+1.5,16,True,False,False,,-1,29.0884,4000
2026-06-27 06:49:59,100,B+0.5,13,True,False,False,,-1,29.0339,4000
2026-06-27 06:50:27,103,W+0.5,9,True,False,False,,-1,29.0325,4000
2026-06-27 06:51:01,114,B+0.5,19,True,False,False,,-1,29.0791,4000
2026-06-27 06:51:33,104,W+3.5,12,True,False,False,,-1,28.991,4000
2026-06-27 06:52:15,155,B+2.5,23,True,False,False,,-1,29.0917,4000
2026-06-27 06:52:53,129,W+8.5,3,True,False,False,,-1,29.208,4000
2026-06-27 06:53:20,87,B+4.5,4,True,False,False,,-1,29.1634,4000
2026-06-27 06:53:51,110,B+3.5,12,True,False,False,,-1,29.1694,4000
2026-06-27 06:54:18,112,W+1.5,24,True,False,False,,-1,29.1068,4000
2026-06-27 06:55:03,160,B+4.5,44,True,False,False,,-1,29.3273,4000
2026-06-27 06:55:31,109,W+0.5,13,True,False,False,,-1,29.2066,4000
2026-06-27 06:56:03,125,W+5.5,25,True,False,False,,-1,29.0982,4000
2026-06-27 06:56:37,134,B+4.5,29,True,False,False,,-1,29.0463,4000
2026-06-27 06:57:07,112,B+1.5,17,True,False,False,,-1,29.0501,4000
2026-06-27 06:57:33,100,B+1.5,12,True,False,False,,-1,29.0794,4000
2026-06-27 06:58:09,128,B+5.5,12,True,False,False,,-1,29.1767,4000
2026-06-27 06:58:34,101,B+10.5,15,True,False,False,,-1,29.3623,4000
2026-06-27 06:59:03,99,W+0.5,14,True,False,False,,-1,29.4009,4000
2026-06-27 06:59:37,119,W+5.5,8,True,False,False,,-1,29.3946,4000
2026-06-27 07:00:02,99,B+2.5,16,True,False,False,,-1,29.3676,4000
2026-06-27 07:00:31,100,B+0.5,19,True,False,False,,-1,29.3034,4000
2026-06-27 07:00:57,102,B+1.5,12,True,False,False,,-1,29.4115,4000
2026-06-27 07:01:22,91,B+1.5,12,True,False,False,,-1,29.284,4000
2026-06-27 07:02:03,136,B+5.5,16,True,False,False,,-1,29.3465,4000
2026-06-27 07:02:30,99,B+4.5,10,True,False,False,,-1,29.2381,4000
2026-06-27 07:03:02,113,B+3.5,18,True,False,False,,-1,29.3032,4000
2026-06-27 07:03:31,109,W+3.5,17,True,False,False,,-1,29.3001,4000
2026-06-27 07:03:59,111,W+0.5,11,True,False,False,,-1,29.3157,4000
2026-06-27 07:04:21,89,B+9.5,11,True,False,False,,-1,29.3784,4000
2026-06-27 07:04:53,121,W+0.5,17,True,False,False,,-1,29.417,4000
2026-06-27 07:05:20,104,B+2.5,26,True,False,False,,-1,29.4982,4000
2026-06-27 07:05:55,127,B+3.5,17,True,False,False,,-1,29.5904,4000
2026-06-27 07:06:26,109,B+7.5,16,True,False,False,,-1,29.608,4000
2026-06-27 07:06:53,106,B+0.5,9,True,False,False,,-1,29.6224,4000
2026-06-27 07:07:25,119,B+1.5,14,True,False,False,,-1,29.5793,4000
2026-06-27 07:07:41,59,B+1.5,11,True,False,False,,-1,29.5926,4000
2026-06-27 07:08:15,129,B+6.5,22,True,False,False,,-1,29.5857,4000
2026-06-27 07:08:51,128,B+0.5,19,True,False,False,,-1,29.6958,4000
2026-06-27 07:09:25,115,W+0.5,16,True,False,False,,-1,29.879,4000
2026-06-27 07:09:55,116,B+0.5,19,True,False,False,,-1,29.8151,4000
2026-06-27 07:10:27,116,B+7.5,24,True,False,False,,-1,29.8367,4000
2026-06-27 07:11:00,121,W+0.5,10,True,False,False,,-1,29.8761,4000
2026-06-27 07:11:39,136,B+9.5,14,True,False,False,,-1,29.9471,4000
2026-06-27 07:12:10,117,B+1.5,12,True,False,False,,-1,30.0856,4000
2026-06-27 07:12:28,61,B+1.5,9,True,False,False,,-1,29.8557,4000
2026-06-27 07:12:53,97,W+3.5,10,True,False,False,,-1,29.8087,4000
2026-06-27 07:13:33,141,B+13.5,19,True,False,False,,-1,29.9295,4000
2026-06-27 07:14:08,122,B+8.5,19,True,False,False,,-1,29.9991,4000
2026-06-27 07:14:39,113,B+8.5,18,True,False,False,,-1,30.0509,4000
2026-06-27 07:15:07,110,B+0.5,17,True,False,False,,-1,30.0418,4000
2026-06-27 07:15:44,125,W+0.5,11,True,False,False,,-1,30.0988,4000
2026-06-27 07:16:18,122,B+1.5,23,True,False,False,,-1,30.0905,4000
2026-06-27 07:16:48,113,W+5.5,18,True,False,False,,-1,30.0936,4000
2026-06-27 07:17:17,118,B+7.5,16,True,False,False,,-1,29.9551,4000
2026-06-27 07:17:47,109,W+1.5,17,True,False,False,,-1,30.0742,4000
2026-06-27 07:18:12,89,B+6.5,2,True,False,False,,-1,29.991,4000
2026-06-27 07:18:41,104,B+0.5,17,True,False,False,,-1,30.1123,4000
2026-06-27 07:19:15,125,W+2.5,21,True,False,False,,-1,30.1121,4000
2026-06-27 07:19:30,61,B+6.5,13,True,False,False,,-1,29.9907,4000
2026-06-27 07:20:05,120,W+3.5,13,True,False,False,,-1,30.0349,4000
2026-06-27 07:20:21,61,B+1.5,10,True,False,False,,-1,29.8638,4000
2026-06-27 07:20:48,113,W+3.5,20,True,False,False,,-1,29.7413,4000
2026-06-27 07:21:19,102,B+1.5,18,True,False,False,,-1,29.5916,4000
2026-06-27 07:21:54,130,B+7.5,21,True,False,False,,-1,29.5269,4000
2026-06-27 07:22:27,120,B+9.5,8,True,False,False,,-1,29.542,4000
2026-06-27 07:22:56,103,B+2.5,13,True,False,False,,-1,29.5036,4000
2026-06-27 07:23:28,112,B+4.5,20,True,False,False,,-1,29.4694,4000
2026-06-27 07:24:03,130,B+1.5,18,True,False,False,,-1,29.4936,4000
2026-06-27 07:24:29,95,W+0.5,7,True,False,False,,-1,29.425,4000
2026-06-27 07:24:57,109,W+0.5,15,True,False,False,,-1,29.4453,4000
2026-06-27 07:25:19,87,B+4.5,9,True,False,False,,-1,29.2977,4000
2026-06-27 07:25:43,85,B+4.5,3,True,False,False,,-1,29.3777,4000
2026-06-27 07:26:08,94,B+5.5,18,True,False,False,,-1,29.2838,4000
2026-06-27 07:26:42,118,B+11.5,18,True,False,False,,-1,29.3743,4000
2026-06-27 07:27:05,91,B+9.5,6,True,False,False,,-1,29.3626,4000
2026-06-27 07:27:33,108,B+6.5,21,True,False,False,,-1,29.3452,4000
2026-06-27 07:28:07,118,B+1.5,18,True,False,False,,-1,29.4104,4000
2026-06-27 07:28:37,102,B+10.5,14,True,False,False,,-1,29.563,4000
2026-06-27 07:29:20,162,B+9.5,21,True,False,False,,-1,29.6789,4000
2026-06-27 07:29:39,67,B+1.5,7,True,False,False,,-1,29.6192,4000
2026-06-27 07:30:06,97,B+2.5,11,True,False,False,,-1,29.7113,4000
2026-06-27 07:30:37,120,B+6.5,17,True,False,False,,-1,29.6897,4000
2026-06-27 07:31:04,104,B+0.5,21,True,False,False,,-1,29.6956,4000
2026-06-27 07:31:37,120,B+5.5,16,True,False,False,,-1,29.869,4000
2026-06-27 07:32:16,133,B+18.5,16,True,False,False,,-1,29.9054,4000
2026-06-27 07:32:53,134,B+11.5,22,True,False,False,,-1,30.0009,4000
2026-06-27 07:33:17,82,W+6.5,7,True,False,False,,-1,29.9633,4000
2026-06-27 07:33:45,107,W+0.5,15,True,False,False,,-1,29.8254,4000
2026-06-27 07:34:12,95,B+9.5,8,True,False,False,,-1,29.7621,4000
2026-06-27 07:34:27,60,W+4.5,4,True,False,False,,-1,29.6274,4000
2026-06-27 07:34:55,109,W+0.5,13,True,False,False,,-1,29.6389,4000
2026-06-27 07:35:38,141,W+0.5,20,True,False,False,,-1,29.8041,4000
2026-06-27 07:36:03,93,W+1.5,14,True,False,False,,-1,29.7564,4000
2026-06-27 07:36:42,142,B+11.5,29,True,False,False,,-1,29.8979,4000
2026-06-27 07:37:08,101,W+4.5,13,True,False,False,,-1,30.0399,4000
2026-06-27 07:37:43,126,B+0.5,21,True,False,False,,-1,30.0953,4000
2026-06-27 07:38:06,84,W+0.5,5,True,False,False,,-1,30.0679,4000
2026-06-27 07:38:34,109,W+4.5,14,True,False,False,,-1,30.0224,4000
2026-06-27 07:39:08,124,B+0.5,17,True,False,False,,-1,30.0823,4000
2026-06-27 07:39:38,107,W+1.5,15,True,False,False,,-1,30.0396,4000
2026-06-27 07:40:01,97,B+0.5,8,True,False,False,,-1,30.0162,4000
2026-06-27 07:40:27,93,B+2.5,8,True,False,False,,-1,29.9998,4000
2026-06-27 07:40:50,87,B+1.5,7,True,False,False,,-1,29.8821,4000
2026-06-27 07:41:20,109,W+1.5,17,True,False,False,,-1,29.867,4000
2026-06-27 07:41:44,83,B+0.5,4,True,False,False,,-1,29.6857,4000
2026-06-27 07:42:21,146,W+12.5,24,True,False,False,,-1,29.6744,4000
2026-06-27 07:42:50,105,B+4.5,18,True,False,False,,-1,29.7056,4000
2026-06-27 07:43:19,97,B+6.5,5,True,False,False,,-1,29.6777,4000
2026-06-27 07:43:45,88,B+0.5,6,True,False,False,,-1,29.6692,4000
2026-06-27 07:44:10,98,B+6.5,7,True,False,False,,-1,29.4748,4000
2026-06-27 07:44:44,124,B+4.5,16,True,False,False,,-1,29.5253,4000
2026-06-27 07:45:15,116,B+1.5,10,True,False,False,,-1,29.5193,4000
2026-06-27 07:45:45,113,W+0.5,17,True,False,False,,-1,29.4724,4000
2026-06-27 07:46:22,124,B+3.5,16,True,False,False,,-1,29.5492,4000
2026-06-27 07:46:54,112,B+0.5,15,True,False,False,,-1,29.6036,4000
2026-06-27 07:47:24,109,B+2.5,8,True,False,False,,-1,29.5442,4000
2026-06-27 07:47:53,100,B+2.5,9,True,False,False,,-1,29.5793,4000
2026-06-27 07:48:25,116,B+4.5,15,True,False,False,,-1,29.6177,4000
2026-06-27 07:48:42,65,B+0.5,3,True,False,False,,-1,29.4542,4000
2026-06-27 07:49:23,162,B+9.5,26,True,False,False,,-1,29.6,4000
2026-06-27 07:49:49,99,W+4.5,8,True,False,False,,-1,29.5849,4000
2026-06-27 07:50:08,69,B+2.5,7,True,False,False,,-1,29.5047,4000
2026-06-27 07:50:44,126,W+5.5,12,True,False,False,,-1,29.6157,4000
2026-06-27 07:51:14,106,B+1.5,12,True,False,False,,-1,29.5058,4000
2026-06-27 07:51:41,95,B+0.5,11,True,False,False,,-1,29.507,4000
2026-06-27 07:52:02,79,B+0.5,5,True,False,False,,-1,29.3921,4000
2026-06-27 07:52:37,124,B+0.5,12,True,False,False,,-1,29.4578,4000
2026-06-27 07:53:10,113,B+3.5,16,True,False,False,,-1,29.5035,4000
2026-06-27 07:53:30,69,B+3.5,3,True,False,False,,-1,29.4856,4000
2026-06-27 07:53:59,109,W+6.5,15,True,False,False,,-1,29.4668,4000
2026-06-27 07:54:22,83,B+1.5,5,True,False,False,,-1,29.4178,4000
2026-06-27 07:54:48,101,B+5.5,17,True,False,False,,-1,29.3233,4000
2026-06-27 07:55:25,162,W+2.5,32,True,False,False,,-1,29.3928,4000
2026-06-27 07:55:56,120,B+9.5,24,True,False,False,,-1,29.4268,4000
2026-06-27 07:56:24,99,B+8.5,14,True,False,False,,-1,29.3876,4000
2026-06-27 07:56:52,105,B+1.5,10,True,False,False,,-1,29.5003,4000
2026-06-27 07:57:15,91,W+2.5,12,True,False,False,,-1,29.3982,4000
2026-06-27 07:57:34,85,W+3.5,7,True,False,False,,-1,29.2281,4000
2026-06-27 07:58:13,150,B+6.5,25,True,False,False,,-1,29.2836,4000
2026-06-27 07:58:26,59,B+2.5,9,True,False,False,,-1,29.1076,4000
2026-06-27 07:59:08,136,B+3.5,16,True,False,False,,-1,29.2081,4000
2026-06-27 07:59:37,107,B+4.5,21,True,False,False,,-1,29.1645,4000
2026-06-27 07:59:51,55,B+1.5,8,True,False,False,,-1,28.9182,4000
2026-06-27 08:00:17,90,B+1.5,7,True,False,False,,-1,28.8647,4000
2026-06-27 08:00:50,124,B+8.5,24,True,False,False,,-1,29.0172,4000
2026-06-27 08:01:34,162,B+4.5,39,True,False,False,,-1,29.2157,4000
2026-06-27 08:02:07,125,W+0.5,19,True,False,False,,-1,29.1394,4000
2026-06-27 08:02:43,124,B+0.5,16,True,False,False,,-1,29.1486,4000
2026-06-27 08:03:11,105,W+3.5,18,True,False,False,,-1,29.1155,4000
2026-06-27 08:03:44,123,W+0.5,14,True,False,False,,-1,29.1743,4000
2026-06-27 08:04:28,162,B+6.5,31,True,False,False,,-1,29.2392,4000
2026-06-27 08:04:58,110,B+1.5,15,True,False,False,,-1,29.1989,4000
2026-06-27 08:05:40,148,B+2.5,29,True,False,False,,-1,29.3221,4000
2026-06-27 08:06:07,98,B+0.5,11,True,False,False,,-1,29.294,4000
2026-06-27 08:06:38,119,B+3.5,33,True,False,False,,-1,29.3048,4000
2026-06-27 08:07:17,162,W+0.5,26,True,False,False,,-1,29.4482,4000
2026-06-27 08:07:44,100,W+7.5,6,True,False,False,,-1,29.4272,4000
2026-06-27 08:08:08,98,B+1.5,18,True,False,False,,-1,29.3298,4000
2026-06-27 08:08:36,104,B+3.5,11,True,False,False,,-1,29.4663,4000
2026-06-27 08:08:55,71,B+0.5,9,True,False,False,,-1,29.2962,4000
2026-06-27 08:09:34,144,B+2.5,16,True,False,False,,-1,29.5273,4000
2026-06-27 08:09:57,86,W+3.5,8,True,False,False,,-1,29.4899,4000
2026-06-27 08:10:21,91,W+8.5,5,True,False,False,,-1,29.4211,4000
2026-06-27 08:11:05,146,B+2.5,21,True,False,False,,-1,29.5041,4000
2026-06-27 08:11:36,109,W+1.5,17,True,False,False,,-1,29.4874,4000
2026-06-27 08:12:06,114,B+2.5,19,True,False,False,,-1,29.5021,4000
2026-06-27 08:12:20,55,B+0.5,9,True,False,False,,-1,29.3138,4000
2026-06-27 08:12:49,106,B+1.5,12,True,False,False,,-1,29.2525,4000
2026-06-27 08:13:23,124,B+3.5,24,True,False,False,,-1,29.3445,4000
2026-06-27 08:13:41,65,B+2.5,11,True,False,False,,-1,29.232,4000
2026-06-27 08:14:22,152,B+6.5,34,True,False,False,,-1,29.4229,4000
2026-06-27 08:14:50,107,W+1.5,9,True,False,False,,-1,29.4739,4000
2026-06-27 08:15:24,120,B+1.5,15,True,False,False,,-1,29.5574,4000
2026-06-27 08:15:57,112,B+0.5,10,True,False,False,,-1,29.5509,4000
2026-06-27 08:16:26,95,W+4.5,5,True,False,False,,-1,29.5996,4000
2026-06-27 08:16:58,117,B+8.5,12,True,False,False,,-1,29.6474,4000
2026-06-27 08:17:26,92,B+5.5,2,True,False,False,,-1,29.5821,4000
2026-06-27 08:17:59,122,B+6.5,20,True,False,False,,-1,29.6198,4000
2026-06-27 08:18:35,135,B+8.5,17,True,False,False,,-1,29.5484,4000
2026-06-27 08:19:03,107,W+4.5,14,True,False,False,,-1,29.6383,4000
2026-06-27 08:19:39,124,B+2.5,14,True,False,False,,-1,29.7257,4000
2026-06-27 08:20:07,98,B+0.5,12,True,False,False,,-1,29.7014,4000
2026-06-27 08:20:37,98,B+0.5,13,True,False,False,,-1,29.7275,4000
2026-06-27 08:21:01,95,W+4.5,11,True,False,False,,-1,29.6447,4000
2026-06-27 08:21:36,132,B+0.5,22,True,False,False,,-1,29.595,4000
2026-06-27 08:21:54,73,B+0.5,8,True,False,False,,-1,29.4097,4000
2026-06-27 08:22:16,76,W+4.5,5,True,False,False,,-1,29.3895,4000
2026-06-27 08:22:38,83,B+0.5,6,True,False,False,,-1,29.3276,4000
2026-06-27 08:23:04,96,B+8.5,11,True,False,False,,-1,29.3213,4000
2026-06-27 08:23:54,162,B+10.5,26,True,False,False,,-1,29.6604,4000
2026-06-27 08:24:10,69,B+0.5,10,True,False,False,,-1,29.5448,4000
2026-06-27 08:24:45,123,W+1.5,24,True,False,False,,-1,29.4698,4000
2026-06-27 08:25:11,93,W+7.5,5,True,False,False,,-1,29.4791,4000
2026-06-27 08:25:34,96,B+1.5,4,True,False,False,,-1,29.3174,4000
2026-06-27 08:26:05,108,B+1.5,14,True,False,False,,-1,29.3636,4000
2026-06-27 08:26:35,123,W+1.5,23,True,False,False,,-1,29.3198,4000
2026-06-27 08:27:03,107,W+0.5,15,True,False,False,,-1,29.3716,4000
2026-06-27 08:27:46,149,B+7.5,23,True,False,False,,-1,29.5245,4000
2026-06-27 08:28:18,124,W+10.5,19,True,False,False,,-1,29.4891,4000
2026-06-27 08:28:51,117,W+3.5,14,True,False,False,,-1,29.5323,4000
2026-06-27 08:29:09,67,B+0.5,3,True,False,False,,-1,29.4733,4000
2026-06-27 08:29:37,99,B+11.5,13,True,False,False,,-1,29.5006,4000
2026-06-27 08:30:10,109,W+3.5,14,True,False,False,,-1,29.6021,4000
2026-06-27 08:30:42,110,B+9.5,12,True,False,False,,-1,29.6179,4000
2026-06-27 08:31:08,93,B+0.5,6,True,False,False,,-1,29.6405,4000
2026-06-27 08:31:40,120,B+4.5,21,True,False,False,,-1,29.5876,4000
2026-06-27 08:32:03,85,B+0.5,5,True,False,False,,-1,29.5214,4000
2026-06-27 08:32:46,158,B+8.5,23,True,False,False,,-1,29.6743,4000
2026-06-27 08:33:09,85,W+7.5,6,True,False,False,,-1,29.6362,4000
2026-06-27 08:33:40,108,B+2.5,21,True,False,False,,-1,29.6987,4000
2026-06-27 08:34:06,95,W+7.5,13,True,False,False,,-1,29.6171,4000
2026-06-27 08:34:35,111,W+1.5,18,True,False,False,,-1,29.6005,4000
2026-06-27 08:35:14,136,B+0.5,19,True,False,False,,-1,29.6893,4000
2026-06-27 08:35:44,112,B+6.5,10,True,False,False,,-1,29.6144,4000
2026-06-27 08:36:10,98,B+0.5,10,True,False,False,,-1,29.5581,4000
2026-06-27 08:36:43,126,B+1.5,20,True,False,False,,-1,29.5937,4000
2026-06-27 08:37:13,104,B+2.5,5,True,False,False,,-1,29.6006,4000
2026-06-27 08:37:50,127,W+40.5,7,True,False,False,,-1,29.6502,4000
2026-06-27 08:38:20,107,W+2.5,11,True,False,False,,-1,29.7755,4000
2026-06-27 08:38:53,121,B+8.5,18,True,False,False,,-1,29.6979,4000
2026-06-27 08:39:28,128,B+4.5,12,True,False,False,,-1,29.7814,4000
2026-06-27 08:39:57,100,B+3.5,16,True,False,False,,-1,29.888,4000
2026-06-27 08:40:31,125,B+1.5,12,True,False,False,,-1,29.8679,4000
2026-06-27 08:41:07,130,B+3.5,22,True,False,False,,-1,29.9295,4000
2026-06-27 08:41:44,131,W+2.5,10,True,False,False,,-1,30.0208,4000
2026-06-27 08:42:02,69,B+0.5,9,True,False,False,,-1,30.0041,4000
2026-06-27 08:42:19,69,B+2.5,12,True,False,False,,-1,29.8187,4000
2026-06-27 08:42:46,93,B+1.5,10,True,False,False,,-1,29.7535,4000
2026-06-27 08:43:19,124,B+5.5,14,True,False,False,,-1,29.8896,4000
2026-06-27 08:43:54,131,W+2.5,8,True,False,False,,-1,29.9439,4000
2026-06-27 08:44:09,59,B+0.5,8,True,False,False,,-1,29.867,4000
2026-06-27 08:44:43,128,B+7.5,31,True,False,False,,-1,29.9527,4000
2026-06-27 08:45:10,103,W+0.5,8,True,False,False,,-1,29.8503,4000
2026-06-27 08:45:38,98,B+1.5,7,True,False,False,,-1,29.8185,4000
2026-06-27 08:45:54,59,B+3.5,7,True,False,False,,-1,29.6943,4000
2026-06-27 08:46:37,162,W+24.5,28,True,False,False,,-1,29.8563,4000
2026-06-27 08:47:08,124,B+8.5,22,True,False,False,,-1,29.9254,4000
2026-06-27 08:47:46,140,B+9.5,15,True,False,False,,-1,30.1111,4000
2026-06-27 08:48:16,115,B+5.5,21,True,False,False,,-1,30.0249,4000
2026-06-27 08:48:36,75,B+3.5,10,True,False,False,,-1,30.0987,4000
2026-06-27 08:49:00,96,W+2.5,14,True,False,False,,-1,29.9172,4000
2026-06-27 08:49:30,110,B+11.5,15,True,False,False,,-1,29.9347,4000
2026-06-27 08:50:06,120,B+1.5,15,True,False,False,,-1,30.1506,4000
2026-06-27 08:50:47,141,W+0.5,21,True,False,False,,-1,30.3053,4000
2026-06-27 08:51:26,138,B+1.5,18,True,False,False,,-1,30.3584,4000
2026-06-27 08:52:01,162,W+16.5,31,True,False,False,,-1,30.2676,4000
2026-06-27 08:52:28,96,B+3.5,12,True,False,False,,-1,30.2078,4000
2026-06-27 08:53:05,138,B+3.5,19,True,False,False,,-1,30.2186,4000
2026-06-27 08:53:38,113,W+7.5,6,True,False,False,,-1,30.269,4000
2026-06-27 08:54:14,118,B+2.5,10,True,False,False,,-1,30.2905,4000
2026-06-27 08:54:34,81,B+11.5,7,True,False,False,,-1,30.0514,4000
2026-06-27 08:54:57,90,B+2.5,7,True,False,False,,-1,29.9834,4000
2026-06-27 08:55:18,75,B+1.5,4,True,False,False,,-1,29.7738,4000
2026-06-27 08:55:51,119,B+5.5,10,True,False,False,,-1,29.8342,4000
2026-06-27 08:56:16,103,W+0.5,21,True,False,False,,-1,29.7818,4000
2026-06-27 08:56:45,99,B+2.5,19,True,False,False,,-1,29.6752,4000
2026-06-27 08:57:03,74,W+0.5,11,True,False,False,,-1,29.583,4000
2026-06-27 08:57:33,116,B+9.5,16,True,False,False,,-1,29.6401,4000
2026-06-27 08:58:01,97,W+2.5,8,True,False,False,,-1,29.6451,4000
2026-06-27 08:58:26,90,B+0.5,3,True,False,False,,-1,29.7158,4000
2026-06-27 08:58:58,109,W+0.5,15,True,False,False,,-1,29.6392,4000
2026-06-27 08:59:20,77,B+0.5,10,True,False,False,,-1,29.6256,4000
2026-06-27 08:59:38,63,B+1.5,6,True,False,False,,-1,29.5625,4000
2026-06-27 09:00:09,107,W+1.5,12,True,False,False,,-1,29.4369,4000
2026-06-27 09:00:48,132,B+1.5,15,True,False,False,,-1,29.5178,4000
2026-06-27 09:01:27,162,B+0.5,32,True,False,False,,-1,29.6054,4000
2026-06-27 09:01:57,111,B+0.5,18,True,False,False,,-1,29.77,4000
2026-06-27 09:02:26,111,B+2.5,8,True,False,False,,-1,29.7693,4000
2026-06-27 09:03:01,124,B+2.5,18,True,False,False,,-1,29.7713,4000
2026-06-27 09:03:37,129,B+3.5,14,True,False,False,,-1,29.9661,4000
2026-06-27 09:04:12,127,B+3.5,24,True,False,False,,-1,29.8976,4000
2026-06-27 09:04:39,100,B+1.5,13,True,False,False,,-1,29.8817,4000
2026-06-27 09:05:08,110,B+0.5,17,True,False,False,,-1,29.8332,4000
2026-06-27 09:05:32,89,B+4.5,10,True,False,False,,-1,29.7387,4000
2026-06-27 09:06:04,107,W+0.5,12,True,False,False,,-1,29.7798,4000
2026-06-27 09:06:36,114,B+1.5,12,True,False,False,,-1,29.7697,4000
2026-06-27 09:06:53,79,B+2.5,13,True,False,False,,-1,29.6694,4000
2026-06-27 09:07:20,89,B+1.5,8,True,False,False,,-1,29.6044,4000
2026-06-27 09:07:47,106,B+4.5,20,True,False,False,,-1,29.511,4000
2026-06-27 09:08:18,117,W+1.5,15,True,False,False,,-1,29.5527,4000
2026-06-27 09:08:50,111,B+7.5,14,True,False,False,,-1,29.509,4000
2026-06-27 09:09:18,101,W+0.5,13,True,False,False,,-1,29.5039,4000
2026-06-27 09:09:59,162,W+14.5,28,True,False,False,,-1,29.6251,4000
2026-06-27 09:10:25,97,B+4.5,7,True,False,False,,-1,29.6356,4000
2026-06-27 09:10:53,103,B+9.5,16,True,False,False,,-1,29.5767,4000
2026-06-27 09:11:21,101,W+3.5,14,True,False,False,,-1,29.6629,4000
2026-06-27 09:12:00,132,B+5.5,26,True,False,False,,-1,29.8374,4000
2026-06-27 09:12:26,102,B+1.5,11,True,False,False,,-1,29.8761,4000
2026-06-27 09:12:41,55,B+4.5,7,True,False,False,,-1,29.7677,4000
2026-06-27 09:13:17,139,B+6.5,25,True,False,False,,-1,29.6321,4000
2026-06-27 09:13:32,63,B+8.5,11,True,False,False,,-1,29.615,4000
2026-06-27 09:13:57,88,B+3.5,7,True,False,False,,-1,29.518,4000
2026-06-27 09:14:27,120,B+3.5,18,True,False,False,,-1,29.5589,4000
2026-06-27 09:14:52,96,B+5.5,8,True,False,False,,-1,29.5754,4000
2026-06-27 09:15:32,144,B+5.5,26,True,False,False,,-1,29.6727,4000
2026-06-27 09:16:05,116,B+2.5,12,True,False,False,,-1,29.6891,4000
2026-06-27 09:16:48,162,B+1.5,24,True,False,False,,-1,29.8478,4000
2026-06-27 09:17:18,100,B+0.5,11,True,False,False,,-1,29.7145,4000
