datetime,game_length,game_result,num_passes,is_resign_disabled,is_marked_for_resign,is_could_won,marked_resign_player,resign_threshold,time_per_game,training_steps
2026-06-18 19:19:43,157,W+69.5,5,True,False,False,,-1,38.9415,0
2026-06-18 19:20:02,86,W+6.5,3,True,False,False,,-1,28.9045,0
2026-06-18 19:20:31,141,B+36.5,5,True,False,False,,-1,29.0055,0
2026-06-18 19:20:56,123,B+38.5,2,True,False,False,,-1,27.9713,0
2026-06-18 19:21:13,78,W+15.5,2,True,False,False,,-1,25.6505,0
2026-06-18 19:21:46,162,B+53.5,1,True,False,False,,-1,26.9935,0
2026-06-18 19:22:09,106,W+5.5,2,True,False,False,,-1,26.3466,0
2026-06-18 19:22:35,115,B+29.5,2,True,False,False,,-1,26.3138,0
2026-06-18 19:23:02,135,B+41.5,4,True,False,False,,-1,26.4257,0
2026-06-18 19:23:34,162,B+14.5,1,True,False,False,,-1,26.9799,0
2026-06-18 19:24:12,162,W+56.5,1,True,False,False,,-1,27.9677,0
2026-06-18 19:24:24,58,W+10.5,2,True,False,False,,-1,26.658,0
2026-06-18 19:24:51,132,W+53.5,3,True,False,False,,-1,26.705,0
2026-06-18 19:25:27,162,B+35.5,2,True,False,False,,-1,27.3545,0
2026-06-18 19:25:52,120,W+51.5,2,True,False,False,,-1,27.1998,0
2026-06-18 19:26:10,77,B+1.5,2,True,False,False,,-1,26.634,0
2026-06-18 19:26:38,126,B+34.5,2,True,False,False,,-1,26.673,0
2026-06-18 19:26:59,109,W+9.5,5,True,False,False,,-1,26.3652,0
2026-06-18 19:27:25,124,B+41.5,3,True,False,False,,-1,26.3329,0
2026-06-18 19:27:55,145,B+38.5,3,True,False,False,,-1,26.5543,0
2026-06-18 19:28:19,124,B+38.5,2,True,False,False,,-1,26.405,0
2026-06-18 19:28:46,137,B+29.5,3,True,False,False,,-1,26.4319,0
2026-06-18 19:29:09,114,W+24.5,2,True,False,False,,-1,26.2932,0
2026-06-18 19:29:27,95,B+4.5,4,True,False,False,,-1,25.9352,0
2026-06-18 19:29:56,135,B+47.5,2,True,False,False,,-1,26.0794,0
2026-06-18 19:30:14,85,B+1.5,2,True,False,False,,-1,25.7419,0
2026-06-18 19:30:21,34,W+5.5,2,True,False,False,,-1,25.0751,0
2026-06-18 19:30:52,161,B+37.5,5,True,False,False,,-1,25.2713,0
2026-06-18 19:31:11,92,W+13.5,2,True,False,False,,-1,25.0713,0
2026-06-18 19:31:47,162,W+53.5,6,True,False,False,,-1,25.4057,0
2026-06-18 19:32:18,157,W+46.5,7,True,False,False,,-1,25.5989,0
2026-06-18 19:32:45,125,W+54.5,2,True,False,False,,-1,25.6316,0
2026-06-18 19:33:05,105,B+12.5,2,True,False,False,,-1,25.4797,0
2026-06-18 19:33:28,117,B+3.5,5,True,False,False,,-1,25.3917,0
2026-06-18 19:33:50,109,B+14.5,2,True,False,False,,-1,25.2995,0
2026-06-18 19:34:26,162,W+72.5,1,True,False,False,,-1,25.5904,0
2026-06-18 19:34:48,100,B+14.5,2,True,False,False,,-1,25.4978,0
2026-06-18 19:35:18,143,B+60.5,4,True,False,False,,-1,25.6101,0
2026-06-18 19:35:31,63,B+4.5,2,True,False,False,,-1,25.3106,0
2026-06-18 19:35:51,93,B+2.5,4,True,False,False,,-1,25.1611,0
2026-06-18 19:36:14,113,W+17.5,4,True,False,False,,-1,25.1141,0
2026-06-18 19:36:38,121,B+21.5,3,True,False,False,,-1,25.0829,0
2026-06-18 19:37:00,108,B+2.5,6,True,False,False,,-1,25.0238,0
2026-06-18 19:37:22,110,W+9.5,3,True,False,False,,-1,24.9399,0
2026-06-18 19:37:52,148,W+51.5,4,True,False,False,,-1,25.0664,0
2026-06-18 19:38:21,149,B+54.5,4,True,False,False,,-1,25.1504,0
2026-06-18 19:38:41,100,W+25.5,2,True,False,False,,-1,25.0439,0
2026-06-18 19:39:14,147,B+56.5,4,True,False,False,,-1,25.1899,0
2026-06-18 19:39:31,88,W+11.5,2,True,False,False,,-1,25.028,0
2026-06-18 19:39:51,95,B+6.5,2,True,False,False,,-1,24.9237,0
2026-06-18 19:40:08,77,B+12.5,2,True,False,False,,-1,24.7715,0
2026-06-18 19:40:35,133,B+35.5,4,True,False,False,,-1,24.8204,0
2026-06-18 19:41:10,162,W+74.5,3,True,False,False,,-1,25.0066,0
2026-06-18 19:41:40,139,W+47.5,3,True,False,False,,-1,25.0957,0
2026-06-18 19:42:07,132,W+43.5,2,True,False,False,,-1,25.1351,0
2026-06-18 19:42:28,107,B+1.5,2,True,False,False,,-1,25.0673,0
2026-06-18 19:42:57,144,B+52.5,4,True,False,False,,-1,25.1341,0
2026-06-18 19:43:15,88,W+6.5,3,True,False,False,,-1,25.0053,0
2026-06-18 19:43:46,148,W+57.5,2,True,False,False,,-1,25.1189,0
2026-06-18 19:44:16,162,W+82.5,2,True,False,False,,-1,25.1988,0
2026-06-18 19:44:38,101,B+0.5,3,True,False,False,,-1,25.1477,0
2026-06-18 19:45:01,109,B+1.5,6,True,False,False,,-1,25.1093,0
2026-06-18 19:45:35,162,B+21.5,2,True,False,False,,-1,25.2414,0
2026-06-18 19:46:05,162,B+59.5,3,True,False,False,,-1,25.3289,0
2026-06-18 19:46:28,115,B+32.5,5,True,False,False,,-1,25.2892,0
2026-06-18 19:46:48,91,B+17.5,3,True,False,False,,-1,25.205,0
2026-06-18 19:47:17,147,B+44.5,6,True,False,False,,-1,25.2687,0
2026-06-18 19:47:48,149,B+39.5,4,True,False,False,,-1,25.3493,0
2026-06-18 19:48:19,162,W+71.5,3,True,False,False,,-1,25.4328,0
2026-06-18 19:48:47,137,W+38.5,3,True,False,False,,-1,25.4603,0
2026-06-18 19:49:02,78,W+8.5,2,True,False,False,,-1,25.3195,0
2026-06-18 19:49:25,118,B+2.5,3,True,False,False,,-1,25.2847,0
2026-06-18 19:49:52,131,W+27.5,4,True,False,False,,-1,25.3041,0
2026-06-18 19:50:13,93,B+26.5,4,True,False,False,,-1,25.2491,0
2026-06-18 19:50:41,141,B+60.5,3,True,False,False,,-1,25.2848,0
2026-06-18 19:51:05,109,B+15.5,4,True,False,False,,-1,25.2712,0
2026-06-18 19:51:27,105,B+1.5,2,True,False,False,,-1,25.2287,0
2026-06-18 19:51:52,136,W+49.5,4,True,False,False,,-1,25.2305,0
2026-06-18 19:52:13,98,W+14.5,2,True,False,False,,-1,25.1766,0
2026-06-18 19:52:44,144,W+45.5,5,True,False,False,,-1,25.2412,0
2026-06-18 19:53:18,162,B+7.5,1,True,False,False,,-1,25.3464,0
2026-06-18 19:53:51,162,W+60.5,1,True,False,False,,-1,25.4421,0
2026-06-18 19:54:11,101,B+4.5,2,True,False,False,,-1,25.3823,0
2026-06-18 19:54:39,132,B+29.5,2,True,False,False,,-1,25.4166,0
2026-06-18 19:54:46,28,W+7.5,2,True,False,False,,-1,25.1951,0
2026-06-18 19:55:14,141,B+44.5,3,True,False,False,,-1,25.231,0
2026-06-18 19:55:36,105,W+10.5,3,True,False,False,,-1,25.1897,0
2026-06-18 19:55:55,85,B+4.5,3,True,False,False,,-1,25.118,0
2026-06-18 19:56:15,98,W+23.5,2,True,False,False,,-1,25.0647,0
2026-06-18 19:56:41,126,B+13.5,3,True,False,False,,-1,25.0727,0
2026-06-18 19:57:01,99,W+5.5,3,True,False,False,,-1,25.0116,0
2026-06-18 19:57:13,61,B+0.5,2,True,False,False,,-1,24.8797,0
2026-06-18 19:57:34,93,B+3.5,4,True,False,False,,-1,24.8349,0
2026-06-18 19:57:56,109,B+11.5,3,True,False,False,,-1,24.8058,0
2026-06-18 19:58:19,117,W+30.5,3,True,False,False,,-1,24.7888,0
2026-06-18 19:58:51,161,B+62.5,4,True,False,False,,-1,24.8549,0
2026-06-18 19:59:19,125,W+15.5,2,True,False,False,,-1,24.8866,0
2026-06-18 19:59:37,90,W+7.5,4,True,False,False,,-1,24.8207,0
2026-06-18 19:59:55,88,W+12.5,2,True,False,False,,-1,24.7571,0
2026-06-18 20:00:19,113,B+10.5,3,True,False,False,,-1,24.7407,0
2026-06-18 20:00:41,115,B+16.5,4,True,False,False,,-1,24.5788,0
2026-06-18 20:01:03,107,W+14.5,4,True,False,False,,-1,24.6022,0
2026-06-18 20:01:36,153,B+47.5,4,True,False,False,,-1,24.648,0
2026-06-18 20:01:57,93,B+6.5,2,True,False,False,,-1,24.6053,0
2026-06-18 20:02:23,135,B+42.5,2,True,False,False,,-1,24.7017,0
2026-06-18 20:02:44,104,W+2.5,3,True,False,False,,-1,24.5746,0
2026-06-18 20:03:18,162,B+61.5,1,True,False,False,,-1,24.6915,0
2026-06-18 20:03:41,101,B+14.5,2,True,False,False,,-1,24.6556,0
2026-06-18 20:04:14,162,W+57.5,0,True,False,False,,-1,24.7202,0
2026-06-18 20:04:35,109,B+0.5,3,True,False,False,,-1,24.6061,0
2026-06-18 20:05:06,150,W+63.5,7,True,False,False,,-1,24.5351,0
2026-06-18 20:05:36,141,B+55.5,2,True,False,False,,-1,24.7155,0
2026-06-18 20:06:01,129,B+29.5,4,True,False,False,,-1,24.6915,0
2026-06-18 20:06:32,160,W+68.5,2,True,False,False,,-1,24.6421,0
2026-06-18 20:06:59,145,B+48.5,3,True,False,False,,-1,24.6648,0
2026-06-18 20:07:25,139,B+48.5,4,True,False,False,,-1,24.7445,0
2026-06-18 20:07:42,73,B+8.5,2,True,False,False,,-1,24.6379,0
2026-06-18 20:08:03,110,W+8.5,2,True,False,False,,-1,24.6338,0
2026-06-18 20:08:29,139,B+44.5,4,True,False,False,,-1,24.6441,0
2026-06-18 20:08:52,116,B+4.5,5,True,False,False,,-1,24.5673,0
2026-06-18 20:09:28,162,B+43.5,1,True,False,False,,-1,24.6937,0
2026-06-18 20:09:52,118,W+18.5,3,True,False,False,,-1,24.6627,0
2026-06-18 20:10:28,162,W+37.5,1,True,False,False,,-1,24.7867,0
2026-06-18 20:10:57,137,B+22.5,3,True,False,False,,-1,24.8967,0
2026-06-18 20:11:27,162,W+58.5,4,True,False,False,,-1,24.9091,0
2026-06-18 20:11:58,157,B+58.5,5,True,False,False,,-1,25.0392,0
2026-06-18 20:12:17,89,B+6.5,2,True,False,False,,-1,25.1492,0
2026-06-18 20:12:37,103,B+12.5,4,True,False,False,,-1,25.0523,0
2026-06-18 20:13:08,143,W+64.5,3,True,False,False,,-1,25.1598,0
2026-06-18 20:13:27,98,W+12.5,5,True,False,False,,-1,25.0005,0
2026-06-18 20:14:01,162,B+38.5,2,True,False,False,,-1,25.0255,0
2026-06-18 20:14:26,123,B+50.5,4,True,False,False,,-1,25.0146,0
2026-06-18 20:14:49,117,B+34.5,2,True,False,False,,-1,25.0362,0
2026-06-18 20:15:16,117,B+17.5,2,True,False,False,,-1,25.08,0
2026-06-18 20:15:46,162,W+22.5,4,True,False,False,,-1,25.1581,0
2026-06-18 20:16:10,123,B+45.5,2,True,False,False,,-1,25.0448,0
2026-06-18 20:16:32,100,B+7.5,3,True,False,False,,-1,25.0391,0
2026-06-18 20:17:05,161,B+53.5,6,True,False,False,,-1,25.0706,0
2026-06-18 20:17:31,122,W+22.5,4,True,False,False,,-1,25.1886,0
2026-06-18 20:17:58,134,W+48.5,2,True,False,False,,-1,25.271,0
2026-06-18 20:18:17,94,B+3.5,3,True,False,False,,-1,25.2226,0
2026-06-18 20:18:37,103,W+7.5,5,True,False,False,,-1,25.1878,0
2026-06-18 20:19:11,160,W+34.5,4,True,False,False,,-1,25.306,0
2026-06-18 20:19:38,132,B+42.5,4,True,False,False,,-1,25.3646,0
2026-06-18 20:20:07,133,B+40.5,5,True,False,False,,-1,25.3467,0
2026-06-18 20:20:33,125,B+50.5,5,True,False,False,,-1,25.3141,0
2026-06-18 20:20:57,131,B+31.5,5,True,False,False,,-1,25.3509,0
2026-06-18 20:21:25,145,B+31.5,3,True,False,False,,-1,25.3131,0
2026-06-18 20:21:54,146,W+44.5,5,True,False,False,,-1,25.4331,0
2026-06-18 20:22:18,105,B+26.5,2,True,False,False,,-1,25.4748,0
2026-06-18 20:22:48,162,B+41.5,0,True,False,False,,-1,25.6038,0
2026-06-18 20:23:18,132,W+69.5,2,True,False,False,,-1,25.632,0
2026-06-18 20:23:41,106,B+22.5,4,True,False,False,,-1,25.5135,0
2026-06-18 20:24:11,138,W+71.5,4,True,False,False,,-1,25.5115,0
2026-06-18 20:24:32,99,W+1.5,4,True,False,False,,-1,25.4503,0
2026-06-18 20:24:38,32,W+6.5,3,True,False,False,,-1,25.2977,0
2026-06-18 20:24:57,97,W+15.5,2,True,False,False,,-1,25.194,0
2026-06-18 20:25:18,104,B+17.5,3,True,False,False,,-1,25.2287,0
2026-06-18 20:25:45,143,B+51.5,5,True,False,False,,-1,25.1872,0
2026-06-18 20:26:09,118,W+4.5,3,True,False,False,,-1,25.1202,0
2026-06-18 20:26:26,87,B+0.5,2,True,False,False,,-1,25.0758,0
2026-06-18 20:26:56,154,B+35.5,3,True,False,False,,-1,25.1483,0
2026-06-18 20:27:15,92,W+23.5,2,True,False,False,,-1,24.9984,0
2026-06-18 20:27:38,115,W+2.5,3,True,False,False,,-1,24.9211,0
2026-06-18 20:28:01,102,B+21.5,2,True,False,False,,-1,24.9229,0
2026-06-18 20:28:20,90,W+12.5,2,True,False,False,,-1,24.9224,0
2026-06-18 20:28:40,99,W+7.5,6,True,False,False,,-1,24.8219,0
2026-06-18 20:28:43,20,W+7.5,2,True,False,False,,-1,24.5509,0
2026-06-18 20:29:15,157,W+67.5,3,True,False,False,,-1,24.555,0
2026-06-18 20:29:37,109,W+4.5,3,True,False,False,,-1,24.5053,0
2026-06-18 20:29:54,78,W+0.5,2,True,False,False,,-1,24.52,0
2026-06-18 20:30:16,99,B+8.5,2,True,False,False,,-1,24.5045,0
2026-06-18 20:30:40,121,B+49.5,4,True,False,False,,-1,24.4861,0
2026-06-18 20:31:11,157,B+58.5,4,True,False,False,,-1,24.5771,0
2026-06-18 20:31:40,161,B+55.5,3,True,False,False,,-1,24.5905,0
2026-06-18 20:32:04,115,B+5.5,5,True,False,False,,-1,24.5847,0
2026-06-18 20:32:32,141,B+55.5,6,True,False,False,,-1,24.6485,0
2026-06-18 20:32:52,91,B+2.5,3,True,False,False,,-1,24.5897,0
2026-06-18 20:33:20,135,W+21.5,2,True,False,False,,-1,24.6658,0
2026-06-18 20:33:50,162,B+11.5,1,True,False,False,,-1,24.664,0
2026-06-18 20:34:19,139,B+32.5,4,True,False,False,,-1,24.6094,0
2026-06-18 20:34:48,140,B+49.5,2,True,False,False,,-1,24.5669,0
2026-06-18 20:35:08,109,B+1.5,5,True,False,False,,-1,24.5667,0
2026-06-18 20:35:32,124,W+34.5,2,True,False,False,,-1,24.5244,0
2026-06-18 20:36:01,159,B+62.5,6,True,False,False,,-1,24.7505,0
2026-06-18 20:36:21,104,W+6.5,4,True,False,False,,-1,24.6605,0
2026-06-18 20:36:48,135,B+26.5,4,True,False,False,,-1,24.7204,0
2026-06-18 20:37:14,113,B+53.5,5,True,False,False,,-1,24.7854,0
2026-06-18 20:37:41,150,B+37.5,6,True,False,False,,-1,24.8594,0
2026-06-18 20:38:04,103,B+13.5,3,True,False,False,,-1,24.8287,0
2026-06-18 20:38:37,160,W+36.5,8,True,False,False,,-1,24.9622,0
2026-06-18 20:38:59,109,B+8.5,6,True,False,False,,-1,25.0507,0
2026-06-18 20:39:16,70,W+8.5,2,True,False,False,,-1,25.016,0
2026-06-18 20:39:34,100,B+2.5,2,True,False,False,,-1,24.9758,0
2026-06-18 20:39:56,112,W+17.5,3,True,False,False,,-1,24.9651,0
2026-06-18 20:40:14,91,B+8.5,2,True,False,False,,-1,24.8319,0
2026-06-18 20:40:48,151,B+30.5,2,True,False,False,,-1,24.8921,0
2026-06-18 20:41:10,101,W+13.5,4,True,False,False,,-1,24.9247,0
2026-06-18 20:41:43,162,B+46.5,1,True,False,False,,-1,25.0689,0
2026-06-18 20:42:03,102,W+24.5,3,True,False,False,,-1,25.0406,0
2026-06-18 20:42:31,125,B+33.5,3,True,False,False,,-1,25.0932,0
2026-06-18 20:42:51,96,W+32.5,2,True,False,False,,-1,25.0806,0
2026-06-18 20:43:14,123,B+7.5,4,True,False,False,,-1,24.9748,0
2026-06-18 20:43:42,129,W+25.5,3,True,False,False,,-1,25.0442,0
2026-06-18 20:44:16,162,W+68.5,3,True,False,False,,-1,25.1264,0
2026-06-18 20:44:38,109,W+3.5,4,True,False,False,,-1,25.1369,0
2026-06-18 20:44:58,95,B+21.5,3,True,False,False,,-1,25.0011,0
2026-06-18 20:45:25,122,W+52.5,2,True,False,False,,-1,25.0453,0
2026-06-18 20:45:54,147,B+34.5,5,True,False,False,,-1,24.9943,0
2026-06-18 20:46:19,131,W+21.5,7,True,False,False,,-1,25.0339,0
2026-06-18 20:46:50,162,W+67.5,2,True,False,False,,-1,25.0429,0
2026-06-18 20:47:20,151,B+50.5,5,True,False,False,,-1,25.0351,0
2026-06-18 20:47:52,162,B+38.5,3,True,False,False,,-1,25.1048,0
2026-06-18 20:48:26,162,W+67.5,1,True,False,False,,-1,25.1381,0
2026-06-18 20:48:49,97,B+18.5,2,True,False,False,,-1,25.1018,0
2026-06-18 20:49:18,123,B+25.5,2,True,False,False,,-1,25.1307,0
2026-06-18 20:49:40,115,B+21.5,6,True,False,False,,-1,25.1835,0
2026-06-18 20:50:02,109,B+7.5,2,True,False,False,,-1,25.1951,0
2026-06-18 20:50:35,162,W+30.5,4,True,False,False,,-1,25.2591,0
2026-06-18 20:50:50,64,W+12.5,2,True,False,False,,-1,25.1693,0
2026-06-18 20:51:14,121,B+27.5,4,True,False,False,,-1,25.0549,0
2026-06-18 20:51:36,109,B+18.5,3,True,False,False,,-1,25.0355,0
2026-06-18 20:52:09,162,W+80.5,1,True,False,False,,-1,25.0102,0
2026-06-18 20:52:31,117,B+28.5,7,True,False,False,,-1,24.9363,0
2026-06-18 20:53:01,152,W+71.5,2,True,False,False,,-1,24.9298,0
2026-06-18 20:53:30,140,W+54.5,5,True,False,False,,-1,24.9226,0
2026-06-18 20:54:03,144,W+53.5,3,True,False,False,,-1,25.0585,0
2026-06-18 20:54:24,93,B+12.5,2,True,False,False,,-1,25.0661,0
2026-06-18 20:54:47,123,B+27.5,4,True,False,False,,-1,24.9957,0
2026-06-18 20:55:20,162,W+28.5,2,True,False,False,,-1,25.133,0
2026-06-18 20:55:46,130,W+45.5,4,True,False,False,,-1,25.0558,0
2026-06-18 20:56:16,137,B+37.5,4,True,False,False,,-1,25.0954,0
2026-06-18 20:56:46,142,W+60.5,3,True,False,False,,-1,25.1628,0
2026-06-18 20:57:07,109,B+20.5,3,True,False,False,,-1,25.1103,0
2026-06-18 20:57:42,162,W+61.5,0,True,False,False,,-1,25.157,0
2026-06-18 20:58:13,152,B+44.5,6,True,False,False,,-1,25.2286,0
2026-06-18 20:58:42,132,W+69.5,4,True,False,False,,-1,25.3013,0
2026-06-18 20:59:13,148,W+65.5,4,True,False,False,,-1,25.2814,0
2026-06-18 20:59:46,161,W+68.5,3,True,False,False,,-1,25.3565,0
2026-06-18 21:00:20,154,W+70.5,2,True,False,False,,-1,25.4156,0
2026-06-18 21:00:40,100,B+4.5,2,True,False,False,,-1,25.4337,0
2026-06-18 21:01:00,102,W+12.5,5,True,False,False,,-1,25.4278,0
2026-06-18 21:01:28,145,B+45.5,2,True,False,False,,-1,25.3632,0
2026-06-18 21:01:52,123,W+2.5,5,True,False,False,,-1,25.3315,0
2026-06-18 21:02:15,106,W+33.5,2,True,False,False,,-1,25.2767,0
2026-06-18 21:02:50,162,W+70.5,1,True,False,False,,-1,25.3672,0
2026-06-18 21:03:24,161,B+61.5,3,True,False,False,,-1,25.4664,0
2026-06-18 21:03:58,162,B+60.5,3,True,False,False,,-1,25.524,0
2026-06-18 21:04:18,87,B+5.5,3,True,False,False,,-1,25.4317,0
2026-06-18 21:04:35,76,W+5.5,2,True,False,False,,-1,25.3679,0
2026-06-18 21:05:09,162,B+68.5,3,True,False,False,,-1,25.4021,0
2026-06-18 21:05:40,162,B+46.5,3,True,False,False,,-1,25.4097,0
2026-06-18 21:06:03,114,W+35.5,2,True,False,False,,-1,25.4194,0
2026-06-18 21:06:38,162,W+35.5,5,True,False,False,,-1,25.4656,0
2026-06-18 21:06:57,97,B+3.5,5,True,False,False,,-1,25.4471,0
2026-06-18 21:07:32,162,W+44.5,3,True,False,False,,-1,25.741,0
2026-06-18 21:08:04,162,B+50.5,7,True,False,False,,-1,25.8699,0
2026-06-18 21:08:27,115,W+1.5,4,True,False,False,,-1,25.8859,0
2026-06-18 21:08:49,103,B+12.5,2,True,False,False,,-1,25.8301,0
2026-06-18 21:09:10,104,W+24.5,2,True,False,False,,-1,25.8151,0
2026-06-18 21:09:43,160,W+66.5,3,True,False,False,,-1,25.9665,0
2026-06-18 21:10:16,162,W+48.5,3,True,False,False,,-1,25.9935,0
2026-06-18 21:10:32,79,B+0.5,2,True,False,False,,-1,25.9724,0
2026-06-18 21:10:51,99,W+16.5,2,True,False,False,,-1,25.9311,0
2026-06-18 21:11:14,111,B+8.5,5,True,False,False,,-1,25.9349,0
2026-06-18 21:11:43,136,W+49.5,5,True,False,False,,-1,26.0281,0
2026-06-18 21:12:11,123,B+42.5,2,True,False,False,,-1,26.1083,0
2026-06-18 21:12:43,148,W+64.5,3,True,False,False,,-1,26.3928,0
2026-06-18 21:13:15,162,B+52.5,1,True,False,False,,-1,26.3989,0
2026-06-18 21:13:45,144,B+33.5,4,True,False,False,,-1,26.4714,0
2026-06-18 21:14:12,139,B+56.5,2,True,False,False,,-1,26.5713,0
2026-06-18 21:14:34,111,B+16.5,4,True,False,False,,-1,26.5832,0
2026-06-18 21:15:00,126,B+19.5,3,True,False,False,,-1,26.5887,0
2026-06-18 21:15:32,155,B+43.5,4,True,False,False,,-1,26.6051,0
2026-06-18 21:16:06,162,W+74.5,3,True,False,False,,-1,26.6528,0
2026-06-18 21:16:35,139,B+58.5,4,True,False,False,,-1,26.7069,0
2026-06-18 21:16:56,111,B+17.5,5,True,False,False,,-1,26.6342,0
2026-06-18 21:17:20,122,B+33.5,2,True,False,False,,-1,26.6859,0
2026-06-18 21:17:42,112,W+20.5,3,True,False,False,,-1,26.6119,0
2026-06-18 21:18:04,93,B+14.5,2,True,False,False,,-1,26.5307,0
2026-06-18 21:18:37,162,W+57.5,3,True,False,False,,-1,26.5858,0
2026-06-18 21:18:55,91,W+3.5,3,True,False,False,,-1,26.4669,0
2026-06-18 21:19:21,129,W+26.5,3,True,False,False,,-1,26.5262,0
2026-06-18 21:19:42,107,B+0.5,4,True,False,False,,-1,26.4981,0
2026-06-18 21:20:02,95,B+9.5,2,True,False,False,,-1,26.4035,0
2026-06-18 21:20:34,162,W+69.5,2,True,False,False,,-1,26.5341,0
2026-06-18 21:21:09,162,W+63.5,1,True,False,False,,-1,26.6029,0
2026-06-18 21:21:44,162,W+34.5,3,True,False,False,,-1,26.7019,0
2026-06-18 21:22:08,111,B+26.5,3,True,False,False,,-1,26.6609,0
2026-06-18 21:22:12,20,W+7.5,2,True,False,False,,-1,26.4771,0
2026-06-18 21:22:43,162,W+74.5,1,True,False,False,,-1,26.4554,0
2026-06-18 21:22:57,65,B+0.5,2,True,False,False,,-1,26.3816,0
2026-06-18 21:23:19,107,B+11.5,2,True,False,False,,-1,26.4278,0
2026-06-18 21:23:38,96,W+23.5,3,True,False,False,,-1,26.4346,0
2026-06-18 21:24:08,162,B+57.5,6,True,False,False,,-1,26.5158,0
2026-06-18 21:24:39,160,W+62.5,3,True,False,False,,-1,26.6462,0
2026-06-18 21:25:17,162,W+42.5,2,True,False,False,,-1,26.6921,0
2026-06-18 21:25:47,148,W+59.5,5,True,False,False,,-1,26.776,0
2026-06-18 21:26:18,149,B+29.5,3,True,False,False,,-1,26.7473,0
2026-06-18 21:26:40,91,B+15.5,2,True,False,False,,-1,26.7661,0
2026-06-18 21:27:00,100,W+0.5,2,True,False,False,,-1,26.6883,0
2026-06-18 21:27:19,81,B+1.5,3,True,False,False,,-1,26.677,0
2026-06-18 21:27:37,85,B+3.5,3,True,False,False,,-1,26.6307,0
2026-06-18 21:28:12,162,B+10.5,1,True,False,False,,-1,26.7003,0
2026-06-18 21:28:41,149,W+59.5,3,True,False,False,,-1,26.6543,0
2026-06-18 21:29:00,93,B+8.5,3,True,False,False,,-1,26.6183,0
2026-06-18 21:29:34,159,W+39.5,6,True,False,False,,-1,26.7548,0
2026-06-18 21:30:06,148,W+62.5,3,True,False,False,,-1,26.8011,0
2026-06-18 21:30:37,162,B+60.5,1,True,False,False,,-1,26.8244,0
2026-06-18 21:30:57,101,B+1.5,2,True,False,False,,-1,26.7775,0
2026-06-18 21:31:28,162,W+61.5,2,True,False,False,,-1,26.7804,0
2026-06-18 21:31:56,136,W+50.5,3,True,False,False,,-1,26.7597,0
2026-06-18 21:32:28,157,B+40.5,2,True,False,False,,-1,26.7593,0
2026-06-18 21:32:55,136,W+48.5,2,True,False,False,,-1,26.6932,0
2026-06-18 21:33:26,155,B+62.5,4,True,False,False,,-1,26.7589,0
2026-06-18 21:33:53,130,W+47.5,2,True,False,False,,-1,26.7486,0
2026-06-18 21:34:14,108,W+5.5,7,True,False,False,,-1,26.7392,0
2026-06-18 21:34:47,154,W+64.5,3,True,False,False,,-1,26.8461,0
2026-06-18 21:35:06,92,W+7.5,2,True,False,False,,-1,26.7062,0
2026-06-18 21:35:38,152,W+80.5,2,True,False,False,,-1,26.8833,0
2026-06-18 21:36:12,161,B+52.5,3,True,False,False,,-1,26.9724,0
2026-06-18 21:36:40,135,B+49.5,3,True,False,False,,-1,27.0357,0
2026-06-18 21:37:02,104,B+17.5,3,True,False,False,,-1,26.9283,0
2026-06-18 21:37:28,116,W+35.5,2,True,False,False,,-1,26.9713,0
2026-06-18 21:37:59,162,W+45.5,4,True,False,False,,-1,26.9847,0
2026-06-18 21:38:23,131,B+34.5,7,True,False,False,,-1,26.9299,0
2026-06-18 21:38:56,157,W+64.5,3,True,False,False,,-1,26.9362,0
2026-06-18 21:39:26,135,W+44.5,3,True,False,False,,-1,27.014,0
2026-06-18 21:39:44,80,W+16.5,2,True,False,False,,-1,26.9591,0
2026-06-18 21:40:11,141,B+48.5,2,True,False,False,,-1,26.902,0
2026-06-18 21:40:40,142,B+34.5,3,True,False,False,,-1,26.931,0
2026-06-18 21:41:08,126,B+38.5,2,True,False,False,,-1,26.9173,0
2026-06-18 21:41:30,107,B+6.5,4,True,False,False,,-1,26.8393,0
2026-06-18 21:41:54,125,W+18.5,6,True,False,False,,-1,26.8706,0
2026-06-18 21:42:16,93,B+3.5,3,True,False,False,,-1,26.7419,0
2026-06-18 21:42:43,126,W+53.5,3,True,False,False,,-1,26.6935,0
2026-06-18 21:43:14,155,B+44.5,5,True,False,False,,-1,26.712,0
2026-06-18 21:43:37,118,B+11.5,4,True,False,False,,-1,26.6359,0
2026-06-18 21:44:02,123,B+39.5,2,True,False,False,,-1,26.5582,0
2026-06-18 21:44:34,140,B+54.5,3,True,False,False,,-1,26.5367,0
2026-06-18 21:44:55,101,B+6.5,3,True,False,False,,-1,26.5434,0
2026-06-18 21:45:29,162,B+53.5,2,True,False,False,,-1,26.6845,0
2026-06-18 21:45:57,139,B+51.5,2,True,False,False,,-1,26.6892,0
2026-06-18 21:46:22,117,B+44.5,2,True,False,False,,-1,26.7045,0
2026-06-18 21:46:48,119,B+47.5,3,True,False,False,,-1,26.729,0
2026-06-18 21:47:08,83,B+16.5,2,True,False,False,,-1,26.5776,0
2026-06-18 21:47:28,98,W+14.5,2,True,False,False,,-1,26.4458,0
2026-06-18 21:47:49,99,B+11.5,2,True,False,False,,-1,26.3099,0
2026-06-18 21:48:18,140,B+48.5,3,True,False,False,,-1,26.3997,0
2026-06-18 21:48:48,139,B+38.5,5,True,False,False,,-1,26.5216,0
2026-06-18 21:49:19,146,W+38.5,3,True,False,False,,-1,26.4978,0
2026-06-18 21:49:47,131,B+34.5,2,True,False,False,,-1,26.4683,0
2026-06-18 21:50:08,107,W+2.5,2,True,False,False,,-1,26.4393,0
2026-06-18 21:50:34,131,B+49.5,2,True,False,False,,-1,26.3582,0
2026-06-18 21:50:49,67,B+1.5,2,True,False,False,,-1,26.3141,0
2026-06-18 21:51:16,114,W+38.5,2,True,False,False,,-1,26.2307,0
2026-06-18 21:51:33,79,B+3.5,2,True,False,False,,-1,26.0869,0
2026-06-18 21:51:52,87,B+5.5,2,True,False,False,,-1,26.0534,0
2026-06-18 21:52:18,140,B+35.5,4,True,False,False,,-1,26.0908,0
2026-06-18 21:52:40,110,W+6.5,6,True,False,False,,-1,26.0913,0
2026-06-18 21:53:03,112,W+37.5,3,True,False,False,,-1,25.9925,0
2026-06-18 21:53:25,109,B+12.5,2,True,False,False,,-1,25.8887,0
2026-06-18 21:53:47,99,B+26.5,3,True,False,False,,-1,25.9468,0
2026-06-18 21:54:22,161,B+41.5,2,True,False,False,,-1,26.1096,0
2026-06-18 21:54:50,131,B+41.5,3,True,False,False,,-1,26.1551,0
2026-06-18 21:55:10,85,B+17.5,2,True,False,False,,-1,26.0643,0
2026-06-18 21:55:31,91,B+14.5,2,True,False,False,,-1,25.9951,0
2026-06-18 21:56:01,144,B+50.5,2,True,False,False,,-1,25.9734,0
2026-06-18 21:56:31,159,W+60.5,3,True,False,False,,-1,25.958,0
2026-06-18 21:56:54,108,B+7.5,4,True,False,False,,-1,25.8867,0
2026-06-18 21:57:25,162,B+23.5,2,True,False,False,,-1,25.9325,0
2026-06-18 21:57:51,122,W+38.5,2,True,False,False,,-1,25.9691,0
2026-06-18 21:58:14,102,W+28.5,2,True,False,False,,-1,25.9397,0
2026-06-18 21:58:45,160,B+61.5,4,True,False,False,,-1,25.9287,0
2026-06-18 21:59:16,149,W+70.5,3,True,False,False,,-1,25.9005,0
2026-06-18 21:59:44,125,B+36.5,3,True,False,False,,-1,25.8883,0
2026-06-18 22:00:17,162,W+69.5,2,True,False,False,,-1,26.007,0
2026-06-18 22:00:43,131,B+34.5,4,True,False,False,,-1,26.0202,0
2026-06-18 22:01:03,98,W+11.5,2,True,False,False,,-1,26.0074,0
2026-06-18 22:01:33,162,W+60.5,1,True,False,False,,-1,26.0935,0
2026-06-18 22:02:02,143,W+48.5,5,True,False,False,,-1,26.0416,0
2026-06-18 22:02:18,83,B+0.5,3,True,False,False,,-1,26.0348,0
2026-06-18 22:02:51,162,W+55.5,1,True,False,False,,-1,26.0944,0
2026-06-18 22:03:20,143,B+35.5,8,True,False,False,,-1,26.173,0
2026-06-18 22:03:54,162,W+47.5,2,True,False,False,,-1,26.3167,0
2026-06-18 22:04:17,102,B+3.5,3,True,False,False,,-1,26.2261,0
2026-06-18 22:04:45,131,B+48.5,4,True,False,False,,-1,26.1573,0
2026-06-18 22:05:14,162,B+49.5,4,True,False,False,,-1,26.099,0
2026-06-18 22:05:47,162,W+62.5,2,True,False,False,,-1,26.1911,0
2026-06-18 22:06:15,124,W+63.5,3,True,False,False,,-1,26.4311,0
2026-06-18 22:06:45,146,B+50.5,3,True,False,False,,-1,26.4193,0
2026-06-18 22:07:16,143,W+66.5,3,True,False,False,,-1,26.5853,0
2026-06-18 22:07:40,118,B+1.5,4,True,False,False,,-1,26.6036,0
2026-06-18 22:08:08,135,B+32.5,3,True,False,False,,-1,26.6971,0
2026-06-18 22:08:29,97,B+0.5,2,True,False,False,,-1,26.6038,0
2026-06-18 22:09:03,155,W+48.5,5,True,False,False,,-1,26.6373,0
2026-06-18 22:09:24,107,B+3.5,3,True,False,False,,-1,26.4652,0
2026-06-18 22:09:51,145,B+51.5,2,True,False,False,,-1,26.4369,0
2026-06-18 22:10:16,121,B+35.5,2,True,False,False,,-1,26.3866,0
2026-06-18 22:10:49,154,W+61.5,4,True,False,False,,-1,26.4873,0
2026-06-18 22:10:54,28,W+7.5,2,True,False,False,,-1,26.3401,0
2026-06-18 22:11:20,127,B+52.5,2,True,False,False,,-1,26.4119,0
2026-06-18 22:11:51,153,B+48.5,4,True,False,False,,-1,26.5307,0
2026-06-18 22:12:09,87,B+4.5,3,True,False,False,,-1,26.3737,0
2026-06-18 22:12:43,162,B+48.5,1,True,False,False,,-1,26.4117,0
2026-06-18 22:13:14,157,W+61.5,5,True,False,False,,-1,26.5422,0
2026-06-18 22:13:42,131,B+38.5,2,True,False,False,,-1,26.4735,0
2026-06-18 22:14:07,131,B+34.5,4,True,False,False,,-1,26.4101,0
2026-06-18 22:14:31,113,B+18.5,3,True,False,False,,-1,26.3381,0
2026-06-18 22:15:03,162,B+32.5,1,True,False,False,,-1,26.4649,0
2026-06-18 22:15:31,145,W+71.5,2,True,False,False,,-1,26.425,0
2026-06-18 22:15:57,127,B+37.5,4,True,False,False,,-1,26.4136,0
2026-06-18 22:16:13,69,B+5.5,2,True,False,False,,-1,26.2505,0
2026-06-18 22:16:32,93,B+4.5,3,True,False,False,,-1,26.1627,0
2026-06-18 22:17:06,162,W+65.5,0,True,False,False,,-1,26.2015,0
2026-06-18 22:17:37,159,B+35.5,6,True,False,False,,-1,26.2327,0
2026-06-18 22:18:10,162,B+46.5,2,True,False,False,,-1,26.3514,0
2026-06-18 22:18:28,98,W+13.5,5,True,False,False,,-1,26.2075,0
2026-06-18 22:18:56,148,W+68.5,4,True,False,False,,-1,26.2943,0
2026-06-18 22:19:15,86,W+6.5,3,True,False,False,,-1,26.1681,0
2026-06-18 22:19:49,162,B+12.5,1,True,False,False,,-1,26.1741,0
2026-06-18 22:20:16,139,B+50.5,2,True,False,False,,-1,26.1608,0
2026-06-18 22:20:40,120,W+40.5,2,True,False,False,,-1,26.1711,0
2026-06-18 22:21:10,143,W+58.5,3,True,False,False,,-1,26.2146,0
2026-06-18 22:21:35,113,B+27.5,2,True,False,False,,-1,26.1574,0
2026-06-18 22:22:00,121,B+29.5,3,True,False,False,,-1,26.1613,0
2026-06-18 22:22:34,162,B+16.5,0,True,False,False,,-1,26.1723,0
2026-06-18 22:22:58,113,B+29.5,3,True,False,False,,-1,26.1147,0
2026-06-18 22:23:24,125,B+31.5,4,True,False,False,,-1,26.2072,0
2026-06-18 22:23:57,150,W+72.5,4,True,False,False,,-1,26.2583,0
2026-06-18 22:24:27,151,B+39.5,3,True,False,False,,-1,26.2687,0
2026-06-18 22:24:53,129,B+32.5,3,True,False,False,,-1,26.2485,0
2026-06-18 22:25:20,134,B+41.5,4,True,False,False,,-1,26.3037,0
2026-06-18 22:25:49,141,B+52.5,3,True,False,False,,-1,26.3448,0
2026-06-18 22:26:14,110,B+24.5,3,True,False,False,,-1,26.3724,0
2026-06-18 22:26:37,111,B+32.5,2,True,False,False,,-1,26.337,0
2026-06-18 22:26:55,93,W+6.5,4,True,False,False,,-1,26.2117,0
2026-06-18 22:27:18,111,B+20.5,2,True,False,False,,-1,26.2076,0
2026-06-18 22:27:26,38,W+7.5,2,True,False,False,,-1,26.0295,0
2026-06-18 22:27:57,154,W+54.5,3,True,False,False,,-1,26.0296,0
2026-06-18 22:28:30,155,W+77.5,3,True,False,False,,-1,26.1538,0
2026-06-18 22:29:02,162,W+34.5,5,True,False,False,,-1,26.1276,0
2026-06-18 22:29:23,99,B+20.5,3,True,False,False,,-1,26.0579,0
2026-06-18 22:29:50,136,B+40.5,4,True,False,False,,-1,26.0718,0
2026-06-18 22:30:16,127,B+45.5,2,True,False,False,,-1,26.0784,0
2026-06-18 22:30:45,138,W+53.5,2,True,False,False,,-1,26.1655,0
2026-06-18 22:31:09,126,W+25.5,2,True,False,False,,-1,26.2051,0
2026-06-18 22:31:32,114,B+15.5,2,True,False,False,,-1,26.2284,0
2026-06-18 22:32:00,149,B+39.5,3,True,False,False,,-1,26.2187,0
2026-06-18 22:32:29,140,W+40.5,4,True,False,False,,-1,26.2148,0
2026-06-18 22:33:02,160,W+63.5,6,True,False,False,,-1,26.2304,0
2026-06-18 22:33:33,162,W+69.5,1,True,False,False,,-1,26.2631,0
2026-06-18 22:34:03,151,W+61.5,3,True,False,False,,-1,26.3563,0
2026-06-18 22:34:38,162,B+38.5,0,True,False,False,,-1,26.4421,0
2026-06-18 22:35:00,109,B+26.5,2,True,False,False,,-1,26.5153,0
2026-06-18 22:35:21,109,B+1.5,4,True,False,False,,-1,26.4505,0
2026-06-18 22:35:44,119,W+19.5,5,True,False,False,,-1,26.5144,0
2026-06-18 22:36:17,160,W+50.5,7,True,False,False,,-1,26.6476,0
2026-06-18 22:36:47,136,W+58.5,2,True,False,False,,-1,26.6883,0
2026-06-18 22:36:52,24,W+7.5,2,True,False,False,,-1,26.5168,0
2026-06-18 22:37:24,162,W+28.5,6,True,False,False,,-1,26.6107,0
2026-06-18 22:37:57,162,B+36.5,2,True,False,False,,-1,26.7193,0
2026-06-18 22:38:19,103,B+29.5,2,True,False,False,,-1,26.7128,0
2026-06-18 22:38:39,94,W+0.5,3,True,False,False,,-1,26.5615,0
2026-06-18 22:38:56,88,W+11.5,3,True,False,False,,-1,26.458,0
2026-06-18 22:39:27,150,W+60.5,3,True,False,False,,-1,26.5636,0
2026-06-18 22:39:46,93,B+2.5,2,True,False,False,,-1,26.5515,0
2026-06-18 22:40:12,127,W+46.5,5,True,False,False,,-1,26.5087,0
2026-06-18 22:40:32,97,B+0.5,5,True,False,False,,-1,26.4014,0
2026-06-18 22:40:55,103,B+30.5,3,True,False,False,,-1,26.4101,0
2026-06-18 22:41:25,143,B+55.5,3,True,False,False,,-1,26.3939,0
2026-06-18 22:41:30,26,W+7.5,2,True,False,False,,-1,26.1887,0
2026-06-18 22:41:58,128,W+47.5,3,True,False,False,,-1,26.2427,0
2026-06-18 22:42:19,101,B+15.5,2,True,False,False,,-1,26.1373,0
2026-06-18 22:42:38,89,B+5.5,2,True,False,False,,-1,26.0197,0
2026-06-18 22:43:06,145,B+50.5,3,True,False,False,,-1,26.0197,0
2026-06-18 22:43:33,137,W+71.5,2,True,False,False,,-1,25.9614,0
2026-06-18 22:43:56,110,B+15.5,3,True,False,False,,-1,25.9352,0
2026-06-18 22:44:18,106,W+32.5,2,True,False,False,,-1,25.9509,0
2026-06-18 22:44:40,113,W+23.5,3,True,False,False,,-1,25.8619,0
2026-06-18 22:44:59,114,B+2.5,3,True,False,False,,-1,25.7729,0
2026-06-18 22:45:27,133,B+49.5,3,True,False,False,,-1,25.8853,0
2026-06-18 22:45:54,137,B+38.5,4,True,False,False,,-1,25.8358,0
2026-06-18 22:46:20,129,B+19.5,3,True,False,False,,-1,25.8035,0
2026-06-18 22:46:43,113,B+7.5,3,True,False,False,,-1,25.6889,0
2026-06-18 22:47:09,122,W+39.5,4,True,False,False,,-1,25.7189,0
2026-06-18 22:47:28,103,W+20.5,3,True,False,False,,-1,25.6288,0
2026-06-18 22:47:49,97,B+18.5,2,True,False,False,,-1,25.5473,0
2026-06-18 22:48:13,116,W+44.5,2,True,False,False,,-1,25.4578,0
2026-06-18 22:48:35,109,W+13.5,3,True,False,False,,-1,25.3944,0
2026-06-18 22:48:55,87,B+4.5,2,True,False,False,,-1,25.2944,0
2026-06-18 22:49:24,140,W+56.5,2,True,False,False,,-1,25.2779,0
2026-06-18 22:49:49,129,B+40.5,3,True,False,False,,-1,25.2966,0
2026-06-18 22:49:55,28,W+5.5,2,True,False,False,,-1,25.0761,0
2026-06-18 22:50:16,105,B+8.5,3,True,False,False,,-1,25.0769,0
2026-06-18 22:50:35,80,W+13.5,2,True,False,False,,-1,24.9184,0
2026-06-18 22:50:54,98,B+8.5,4,True,False,False,,-1,24.8995,0
2026-06-18 22:51:30,162,W+24.5,3,True,False,False,,-1,24.9858,0
2026-06-18 22:52:03,162,W+61.5,5,True,False,False,,-1,25.0623,0
2026-06-18 22:52:35,162,B+49.5,5,True,False,False,,-1,25.0638,0
2026-06-18 22:53:00,113,B+19.5,2,True,False,False,,-1,25.2536,0
2026-06-18 22:53:33,162,W+49.5,3,True,False,False,,-1,25.3254,0
2026-06-18 22:53:54,100,W+16.5,2,True,False,False,,-1,25.2314,0
2026-06-18 22:54:18,125,B+22.5,3,True,False,False,,-1,25.288,0
2026-06-18 22:54:47,133,B+43.5,5,True,False,False,,-1,25.2435,0
2026-06-18 22:55:19,162,W+75.5,2,True,False,False,,-1,25.249,0
2026-06-18 22:55:48,149,W+58.5,6,True,False,False,,-1,25.2641,0
2026-06-18 22:56:06,86,W+7.5,3,True,False,False,,-1,25.1909,0
2026-06-18 22:56:27,103,B+8.5,3,True,False,False,,-1,25.161,0
2026-06-18 22:56:45,91,B+7.5,2,True,False,False,,-1,25.0151,0
2026-06-18 22:57:08,108,W+29.5,2,True,False,False,,-1,24.966,0
2026-06-18 22:57:43,162,W+25.5,1,True,False,False,,-1,25.0491,0
2026-06-18 22:58:09,128,B+42.5,3,True,False,False,,-1,25.1626,0
2026-06-18 22:58:43,162,B+22.5,2,True,False,False,,-1,25.3145,0
2026-06-18 22:59:01,86,W+8.5,2,True,False,False,,-1,25.152,0
2026-06-18 22:59:37,162,B+18.5,2,True,False,False,,-1,25.196,0
2026-06-18 23:00:06,150,W+72.5,3,True,False,False,,-1,25.1639,0
2026-06-18 23:00:36,144,W+80.5,3,True,False,False,,-1,25.2731,0
2026-06-18 23:01:03,140,B+38.5,3,True,False,False,,-1,25.2726,0
2026-06-18 23:01:30,129,B+41.5,2,True,False,False,,-1,25.3504,0
2026-06-18 23:01:59,139,B+32.5,5,True,False,False,,-1,25.2914,0
2026-06-18 23:02:28,156,B+39.5,6,True,False,False,,-1,25.3173,0
2026-06-18 23:03:00,162,W+52.5,2,True,False,False,,-1,25.4045,0
2026-06-18 23:03:25,114,W+33.5,4,True,False,False,,-1,25.3516,0
2026-06-18 23:03:54,137,B+34.5,5,True,False,False,,-1,25.3822,0
2026-06-18 23:04:16,110,W+22.5,3,True,False,False,,-1,25.3589,0
2026-06-18 23:04:46,139,B+48.5,3,True,False,False,,-1,25.3194,0
2026-06-18 23:05:02,68,W+9.5,2,True,False,False,,-1,25.2397,0
2026-06-18 23:05:34,148,W+56.5,4,True,False,False,,-1,25.2931,0
2026-06-18 23:05:58,109,B+10.5,2,True,False,False,,-1,25.2114,0
2026-06-18 23:06:29,146,W+54.5,6,True,False,False,,-1,25.2229,0
2026-06-18 23:07:04,155,B+65.5,2,True,False,False,,-1,25.3053,0
2026-06-18 23:07:32,141,B+40.5,4,True,False,False,,-1,25.3121,0
2026-06-18 23:08:08,162,W+21.5,0,True,False,False,,-1,25.3909,0
2026-06-18 23:08:32,106,B+3.5,5,True,False,False,,-1,25.3788,0
2026-06-18 23:09:07,162,B+52.5,2,True,False,False,,-1,25.4988,0
2026-06-18 23:09:39,162,B+46.5,1,True,False,False,,-1,25.6397,0
2026-06-18 23:10:02,112,B+7.5,4,True,False,False,,-1,25.6348,0
2026-06-18 23:10:36,162,W+45.5,1,True,False,False,,-1,25.8988,0
2026-06-18 23:11:05,150,B+55.5,3,True,False,False,,-1,25.8797,0
2026-06-18 23:11:37,146,B+42.5,6,True,False,False,,-1,25.863,0
2026-06-18 23:12:06,129,B+53.5,2,True,False,False,,-1,25.8471,0
2026-06-18 23:12:21,70,W+4.5,2,True,False,False,,-1,25.7802,0
2026-06-18 23:12:49,141,W+69.5,2,True,False,False,,-1,25.7868,0
2026-06-18 23:13:17,141,B+48.5,4,True,False,False,,-1,25.8039,0
2026-06-18 23:13:52,158,W+69.5,3,True,False,False,,-1,25.8709,0
2026-06-18 23:13:59,36,W+5.5,2,True,False,False,,-1,25.6934,0
2026-06-18 23:14:29,162,B+62.5,8,True,False,False,,-1,25.7674,0
2026-06-18 23:14:48,93,B+2.5,2,True,False,False,,-1,25.6791,0
2026-06-18 23:15:16,145,B+37.5,6,True,False,False,,-1,25.6687,0
2026-06-18 23:15:39,109,B+25.5,3,True,False,False,,-1,25.5639,0
2026-06-18 23:16:03,125,B+40.5,3,True,False,False,,-1,25.4934,0
2026-06-18 23:16:29,133,B+45.5,6,True,False,False,,-1,25.4517,0
2026-06-18 23:16:55,139,W+37.5,4,True,False,False,,-1,25.3651,0
2026-06-18 23:17:21,119,B+28.5,3,True,False,False,,-1,25.403,0
2026-06-18 23:17:38,82,W+8.5,3,True,False,False,,-1,25.3646,0
2026-06-18 23:17:56,89,B+3.5,3,True,False,False,,-1,25.3168,0
2026-06-18 23:18:17,100,W+11.5,2,True,False,False,,-1,25.1985,0
2026-06-18 23:18:43,119,B+39.5,2,True,False,False,,-1,25.1536,0
2026-06-18 23:19:15,158,W+55.5,3,True,False,False,,-1,25.4313,0
2026-06-18 23:19:48,157,B+62.5,4,True,False,False,,-1,25.4378,0
2026-06-18 23:20:12,127,B+24.5,4,True,False,False,,-1,25.3483,0
2026-06-18 23:20:40,133,B+56.5,2,True,False,False,,-1,25.416,0
2026-06-18 23:21:11,142,W+59.5,3,True,False,False,,-1,25.5207,0
2026-06-18 23:21:42,162,B+19.5,7,True,False,False,,-1,25.6571,0
2026-06-18 23:22:04,99,B+0.5,6,True,False,False,,-1,25.5758,0
2026-06-18 23:22:27,118,W+28.5,4,True,False,False,,-1,25.6038,0
2026-06-18 23:22:44,89,B+7.5,3,True,False,False,,-1,25.5164,0
2026-06-18 23:23:09,125,B+28.5,3,True,False,False,,-1,25.568,0
2026-06-18 23:23:37,132,W+60.5,3,True,False,False,,-1,25.6227,0
2026-06-18 23:24:05,143,B+40.5,2,True,False,False,,-1,25.6014,0
2026-06-18 23:24:37,162,W+63.5,3,True,False,False,,-1,25.86,0
2026-06-18 23:24:56,102,W+19.5,3,True,False,False,,-1,25.7753,0
2026-06-18 23:25:25,147,B+40.5,6,True,False,False,,-1,25.8581,0
2026-06-18 23:25:53,135,B+52.5,3,True,False,False,,-1,25.9465,0
2026-06-18 23:26:22,145,B+40.5,3,True,False,False,,-1,25.9543,0
2026-06-18 23:26:46,115,B+12.5,2,True,False,False,,-1,25.9247,0
2026-06-18 23:27:15,138,W+51.5,2,True,False,False,,-1,25.9848,0
2026-06-18 23:27:36,99,B+14.5,2,True,False,False,,-1,25.9824,0
2026-06-18 23:28:06,146,B+38.5,3,True,False,False,,-1,26.0657,0
2026-06-18 23:28:34,130,W+58.5,3,True,False,False,,-1,26.1487,0
2026-06-18 23:29:05,158,B+58.5,5,True,False,False,,-1,26.1758,0
2026-06-18 23:29:26,97,B+4.5,3,True,False,False,,-1,26.1148,0
2026-06-18 23:29:48,101,B+2.5,2,True,False,False,,-1,26.0786,0
2026-06-18 23:30:16,139,W+47.5,5,True,False,False,,-1,26.1269,0
2026-06-18 23:30:33,82,W+5.5,3,True,False,False,,-1,26.0338,0
2026-06-18 23:31:06,162,B+22.5,1,True,False,False,,-1,26.1847,0
2026-06-18 23:31:40,156,B+60.5,5,True,False,False,,-1,26.3061,0
2026-06-18 23:32:11,162,B+60.5,3,True,False,False,,-1,26.3817,0
2026-06-18 23:32:32,100,W+6.5,5,True,False,False,,-1,26.3707,0
2026-06-18 23:33:02,135,B+49.5,3,True,False,False,,-1,26.4724,0
2026-06-18 23:33:31,136,W+45.5,2,True,False,False,,-1,26.4658,0
2026-06-18 23:33:49,81,B+3.5,2,True,False,False,,-1,26.396,0
2026-06-18 23:34:17,138,B+39.5,3,True,False,False,,-1,26.6083,0
2026-06-18 23:34:44,140,B+38.5,3,True,False,False,,-1,26.6771,0
2026-06-18 23:35:04,103,W+6.5,2,True,False,False,,-1,26.6939,0
2026-06-18 23:35:33,143,B+54.5,5,True,False,False,,-1,26.7861,0
2026-06-18 23:35:54,108,B+12.5,4,True,False,False,,-1,26.6362,0
2026-06-18 23:36:16,105,B+1.5,4,True,False,False,,-1,26.5287,0
2026-06-18 23:36:37,98,W+1.5,3,True,False,False,,-1,26.4174,0
2026-06-18 23:37:09,150,W+61.5,3,True,False,False,,-1,26.4908,0
2026-06-18 23:37:32,107,B+23.5,3,True,False,False,,-1,26.3907,0
2026-06-18 23:37:57,129,B+4.5,5,True,False,False,,-1,26.4256,0
2026-06-18 23:38:18,101,B+7.5,3,True,False,False,,-1,26.3887,0
2026-06-18 23:38:50,154,W+44.5,5,True,False,False,,-1,26.4189,0
2026-06-18 23:39:17,131,B+29.5,2,True,False,False,,-1,26.3735,0
2026-06-18 23:39:46,135,B+37.5,5,True,False,False,,-1,26.3727,0
2026-06-18 23:40:12,129,B+28.5,4,True,False,False,,-1,26.4546,0
2026-06-18 23:40:37,116,W+29.5,2,True,False,False,,-1,26.4928,0
2026-06-18 23:41:06,147,W+72.5,5,True,False,False,,-1,26.6132,0
2026-06-18 23:41:26,100,W+21.5,2,True,False,False,,-1,26.5773,0
2026-06-18 23:41:49,109,W+17.5,2,True,False,False,,-1,26.4637,0
2026-06-18 23:42:18,133,B+47.5,4,True,False,False,,-1,26.4871,0
2026-06-18 23:42:45,125,B+10.5,3,True,False,False,,-1,26.414,0
2026-06-18 23:43:03,92,W+19.5,2,True,False,False,,-1,26.4119,0
2026-06-18 23:43:34,134,W+52.5,3,True,False,False,,-1,26.3684,0
2026-06-18 23:44:03,162,W+71.5,3,True,False,False,,-1,26.3676,0
2026-06-18 23:44:38,162,B+47.5,3,True,False,False,,-1,26.4198,0
2026-06-18 23:45:06,150,W+20.5,6,True,False,False,,-1,26.4225,0
2026-06-18 23:45:38,157,B+30.5,5,True,False,False,,-1,26.4754,0
2026-06-18 23:46:10,140,W+58.5,2,True,False,False,,-1,26.5086,0
2026-06-18 23:46:40,148,W+48.5,3,True,False,False,,-1,26.5208,0
2026-06-18 23:47:03,112,B+0.5,5,True,False,False,,-1,26.4224,0
2026-06-18 23:47:29,125,B+48.5,2,True,False,False,,-1,26.4374,0
2026-06-18 23:47:53,128,W+42.5,5,True,False,False,,-1,26.3946,0
2026-06-18 23:48:16,114,W+2.5,7,True,False,False,,-1,26.4027,0
2026-06-18 23:48:46,135,B+25.5,3,True,False,False,,-1,26.3945,0
2026-06-18 23:49:00,65,B+15.5,2,True,False,False,,-1,26.3854,0
2026-06-18 23:49:29,138,B+42.5,3,True,False,False,,-1,26.3452,0
2026-06-18 23:50:02,160,B+43.5,8,True,False,False,,-1,26.4405,0
2026-06-18 23:50:32,130,B+15.5,4,True,False,False,,-1,26.4209,0
2026-06-18 23:51:04,162,B+55.5,5,True,False,False,,-1,26.4038,0
2026-06-18 23:51:28,125,B+38.5,4,True,False,False,,-1,26.3622,0
2026-06-18 23:51:49,93,W+23.5,2,True,False,False,,-1,26.1987,0
2026-06-18 23:52:20,149,B+38.5,3,True,False,False,,-1,26.2836,0
2026-06-18 23:52:47,131,B+47.5,3,True,False,False,,-1,26.1969,0
2026-06-18 23:53:18,150,W+64.5,6,True,False,False,,-1,26.1864,0
2026-06-18 23:53:44,140,B+50.5,4,True,False,False,,-1,26.226,0
2026-06-18 23:54:20,162,W+76.5,3,True,False,False,,-1,26.242,0
2026-06-18 23:54:47,140,B+33.5,3,True,False,False,,-1,26.2176,0
2026-06-18 23:55:03,78,W+15.5,2,True,False,False,,-1,26.0586,0
2026-06-18 23:55:31,151,B+65.5,4,True,False,False,,-1,26.0463,0
2026-06-18 23:56:01,145,W+60.5,4,True,False,False,,-1,26.1922,0
2026-06-18 23:56:25,110,B+10.5,2,True,False,False,,-1,26.1647,0
2026-06-18 23:56:59,162,B+44.5,1,True,False,False,,-1,26.2227,0
2026-06-18 23:57:21,106,B+23.5,2,True,False,False,,-1,26.0924,0
2026-06-18 23:57:40,92,W+5.5,3,True,False,False,,-1,26.2069,0
2026-06-18 23:58:10,150,W+72.5,2,True,False,False,,-1,26.2131,0
2026-06-18 23:58:43,147,W+67.5,3,True,False,False,,-1,26.3443,0
2026-06-18 23:58:47,24,W+7.5,2,True,False,False,,-1,26.1057,0
2026-06-18 23:59:11,106,W+20.5,3,True,False,False,,-1,26.1178,0
2026-06-18 23:59:34,117,B+49.5,2,True,False,False,,-1,26.1089,0
2026-06-18 23:59:52,81,B+2.5,2,True,False,False,,-1,26.0302,0
2026-06-19 00:00:23,142,W+64.5,2,True,False,False,,-1,26.0832,0
2026-06-19 00:00:45,104,W+14.5,3,True,False,False,,-1,26.0417,0
2026-06-19 00:01:06,95,B+7.5,3,True,False,False,,-1,26.0807,0
2026-06-19 00:01:25,88,W+6.5,2,True,False,False,,-1,26.08,0
2026-06-19 00:01:57,162,W+49.5,4,True,False,False,,-1,26.1972,0
2026-06-19 00:02:26,136,W+58.5,2,True,False,False,,-1,26.2361,0
2026-06-19 00:02:53,119,B+42.5,3,True,False,False,,-1,26.1812,0
2026-06-19 00:03:11,76,W+9.5,2,True,False,False,,-1,26.0252,0
2026-06-19 00:03:34,106,W+25.5,2,True,False,False,,-1,26.0139,0
2026-06-19 00:03:56,117,B+13.5,2,True,False,False,,-1,25.9565,0
2026-06-19 00:04:17,105,B+10.5,3,True,False,False,,-1,25.8546,0
2026-06-19 00:04:42,127,B+42.5,3,True,False,False,,-1,25.7984,0
2026-06-19 00:05:05,121,W+7.5,9,True,False,False,,-1,25.802,0
2026-06-19 00:05:23,93,B+11.5,3,True,False,False,,-1,25.7654,0
2026-06-19 00:05:41,82,W+13.5,2,True,False,False,,-1,25.7722,0
2026-06-19 00:06:05,107,B+21.5,2,True,False,False,,-1,25.7639,0
2026-06-19 00:06:29,115,B+27.5,2,True,False,False,,-1,25.7117,0
2026-06-19 00:07:03,162,W+64.5,4,True,False,False,,-1,25.7763,0
2026-06-19 00:07:31,135,B+35.5,2,True,False,False,,-1,25.7411,0
2026-06-19 00:07:55,111,B+0.5,3,True,False,False,,-1,25.7834,0
2026-06-19 00:08:22,135,B+28.5,4,True,False,False,,-1,25.7744,0
2026-06-19 00:08:53,162,W+20.5,0,True,False,False,,-1,25.7945,0
2026-06-19 00:09:20,130,W+62.5,3,True,False,False,,-1,25.7806,0
2026-06-19 00:09:49,149,B+36.5,5,True,False,False,,-1,25.8342,0
2026-06-19 00:10:17,135,B+48.5,4,True,False,False,,-1,25.8187,0
2026-06-19 00:10:48,160,W+57.5,4,True,False,False,,-1,25.9181,0
2026-06-19 00:11:07,88,W+0.5,5,True,False,False,,-1,25.799,0
2026-06-19 00:11:33,131,B+28.5,5,True,False,False,,-1,25.78,0
2026-06-19 00:12:00,145,B+44.5,5,True,False,False,,-1,25.752,0
2026-06-19 00:12:23,113,B+5.5,5,True,False,False,,-1,25.7696,0
2026-06-19 00:12:53,155,B+49.5,3,True,False,False,,-1,25.8404,0
2026-06-19 00:13:20,137,W+51.5,3,True,False,False,,-1,25.8394,0
2026-06-19 00:13:49,145,B+37.5,6,True,False,False,,-1,25.9584,0
2026-06-19 00:14:12,102,W+8.5,2,True,False,False,,-1,25.8505,0
2026-06-19 00:14:48,162,W+50.5,1,True,False,False,,-1,25.8809,0
2026-06-19 00:15:16,131,B+34.5,2,True,False,False,,-1,25.8448,0
2026-06-19 00:15:37,102,W+2.5,2,True,False,False,,-1,25.8427,0
2026-06-19 00:16:09,152,W+71.5,2,True,False,False,,-1,25.8635,0
2026-06-19 00:16:32,108,B+4.5,5,True,False,False,,-1,25.8091,0
2026-06-19 00:17:06,162,W+27.5,3,True,False,False,,-1,25.9614,0
2026-06-19 00:17:40,162,W+50.5,4,True,False,False,,-1,26.0325,0
2026-06-19 00:18:07,128,B+6.5,9,True,False,False,,-1,26.0277,0
2026-06-19 00:18:13,26,W+7.5,2,True,False,False,,-1,25.8807,0
2026-06-19 00:18:43,139,B+34.5,3,True,False,False,,-1,25.896,0
2026-06-19 00:19:04,108,B+0.5,3,True,False,False,,-1,25.8967,0
2026-06-19 00:19:38,157,B+35.5,4,True,False,False,,-1,26.0234,0
2026-06-19 00:20:13,162,W+54.5,1,True,False,False,,-1,26.1546,0
2026-06-19 00:20:31,88,W+13.5,2,True,False,False,,-1,26.0177,0
2026-06-19 00:20:52,95,B+19.5,2,True,False,False,,-1,25.991,0
2026-06-19 00:21:24,162,B+40.5,6,True,False,False,,-1,26.066,0
2026-06-19 00:21:46,115,B+26.5,3,True,False,False,,-1,26.0873,0
2026-06-19 00:22:17,146,W+66.5,2,True,False,False,,-1,26.0748,0
2026-06-19 00:22:38,108,W+6.5,2,True,False,False,,-1,26.0085,0
2026-06-19 00:23:08,139,B+41.5,2,True,False,False,,-1,26.0202,0
2026-06-19 00:23:39,155,B+41.5,4,True,False,False,,-1,26.0665,0
2026-06-19 00:24:00,101,B+0.5,3,True,False,False,,-1,26.0355,0
2026-06-19 00:24:26,125,W+36.5,2,True,False,False,,-1,25.997,0
2026-06-19 00:24:53,126,W+52.5,4,True,False,False,,-1,26.0723,0
2026-06-19 00:25:25,162,W+72.5,1,True,False,False,,-1,26.1573,0
2026-06-19 00:25:44,90,W+5.5,4,True,False,False,,-1,26.05,0
2026-06-19 00:26:02,81,B+9.5,2,True,False,False,,-1,25.9646,0
2026-06-19 00:26:22,98,W+14.5,2,True,False,False,,-1,25.9947,0
2026-06-19 00:26:42,103,B+8.5,3,True,False,False,,-1,25.8812,0
2026-06-19 00:27:08,123,B+45.5,2,True,False,False,,-1,25.8464,0
2026-06-19 00:27:28,100,B+3.5,4,True,False,False,,-1,25.6994,0
2026-06-19 00:27:49,109,B+1.5,5,True,False,False,,-1,25.6252,0
2026-06-19 00:28:13,127,B+7.5,3,True,False,False,,-1,25.5473,0
2026-06-19 00:28:43,142,W+67.5,2,True,False,False,,-1,25.5294,0
2026-06-19 00:29:06,104,B+15.5,4,True,False,False,,-1,25.4516,0
2026-06-19 00:29:39,162,W+62.5,1,True,False,False,,-1,25.5654,0
2026-06-19 00:30:14,162,W+70.5,1,True,False,False,,-1,25.6466,0
2026-06-19 00:30:47,162,B+19.5,1,True,False,False,,-1,25.7291,0
2026-06-19 00:31:03,72,W+11.5,2,True,False,False,,-1,25.663,0
2026-06-19 00:31:21,79,B+7.5,3,True,False,False,,-1,25.547,0
2026-06-19 00:31:40,93,W+3.5,4,True,False,False,,-1,25.5931,0
2026-06-19 00:32:00,83,B+0.5,2,True,False,False,,-1,25.5098,0
2026-06-19 00:32:32,156,W+71.5,4,True,False,False,,-1,25.4964,0
2026-06-19 00:33:03,144,W+67.5,2,True,False,False,,-1,25.5151,0
2026-06-19 00:33:27,121,B+5.5,6,True,False,False,,-1,25.4196,0
2026-06-19 00:33:53,129,B+35.5,5,True,False,False,,-1,25.4422,0
2026-06-19 00:34:21,123,B+42.5,2,True,False,False,,-1,25.519,0
2026-06-19 00:34:44,105,B+28.5,3,True,False,False,,-1,25.4325,0
2026-06-19 00:35:16,162,B+54.5,3,True,False,False,,-1,25.4844,0
2026-06-19 00:35:36,107,B+8.5,3,True,False,False,,-1,25.3808,0
2026-06-19 00:36:09,147,B+28.5,2,True,False,False,,-1,25.4418,0
2026-06-19 00:36:38,161,B+51.5,3,True,False,False,,-1,25.3723,0
2026-06-19 00:37:07,143,B+51.5,4,True,False,False,,-1,25.3923,0
2026-06-19 00:37:36,137,W+54.5,2,True,False,False,,-1,25.5297,0
2026-06-19 00:38:11,160,W+73.5,5,True,False,False,,-1,25.5952,0
2026-06-19 00:38:31,100,W+21.5,2,True,False,False,,-1,25.4986,0
2026-06-19 00:39:02,131,B+44.5,3,True,False,False,,-1,25.5609,0
2026-06-19 00:39:25,116,B+13.5,5,True,False,False,,-1,25.4545,0
2026-06-19 00:41:37,115,W+4.5,10,True,False,False,,-1,25.6618,1000
2026-06-19 00:42:12,108,B+0.5,8,True,False,False,,-1,25.703,1000
2026-06-19 00:42:46,121,B+0.5,12,True,False,False,,-1,25.7188,1000
2026-06-19 00:43:20,118,B+4.5,13,True,False,False,,-1,26.0227,1000
2026-06-19 00:43:50,113,B+15.5,11,True,False,False,,-1,26.0863,1000
2026-06-19 00:44:23,128,W+0.5,10,True,False,False,,-1,26.1824,1000
2026-06-19 00:44:54,121,W+0.5,19,True,False,False,,-1,26.3096,1000
2026-06-19 00:45:29,133,W+1.5,16,True,False,False,,-1,26.3498,1000
2026-06-19 00:46:04,120,B+2.5,10,True,False,False,,-1,26.4816,1000
2026-06-19 00:46:33,97,B+10.5,5,True,False,False,,-1,26.5597,1000
2026-06-19 00:47:00,101,W+1.5,7,True,False,False,,-1,26.6491,1000
2026-06-19 00:47:39,131,W+0.5,13,True,False,False,,-1,26.7094,1000
2026-06-19 00:48:11,115,W+0.5,7,True,False,False,,-1,26.7397,1000
2026-06-19 00:48:41,109,W+2.5,15,True,False,False,,-1,26.7686,1000
2026-06-19 00:49:12,113,W+0.5,13,True,False,False,,-1,26.9012,1000
2026-06-19 00:49:42,116,B+3.5,14,True,False,False,,-1,26.9749,1000
2026-06-19 00:50:09,91,W+12.5,4,True,False,False,,-1,27.0186,1000
2026-06-19 00:50:39,116,B+1.5,11,True,False,False,,-1,27.1173,1000
2026-06-19 00:50:49,36,W+6.5,2,True,False,False,,-1,26.9601,1000
2026-06-19 00:51:21,103,W+1.5,7,True,False,False,,-1,27.0475,1000
2026-06-19 00:51:54,122,B+5.5,9,True,False,False,,-1,27.2003,1000
2026-06-19 00:52:24,116,B+2.5,10,True,False,False,,-1,27.3205,1000
2026-06-19 00:52:48,84,W+17.5,2,True,False,False,,-1,27.3193,1000
2026-06-19 00:53:17,110,B+0.5,14,True,False,False,,-1,27.37,1000
2026-06-19 00:53:49,125,W+9.5,14,True,False,False,,-1,27.355,1000
2026-06-19 00:54:27,142,B+1.5,18,True,False,False,,-1,27.4567,1000
2026-06-19 00:54:36,32,W+8.5,2,True,False,False,,-1,27.303,1000
2026-06-19 00:55:05,94,W+23.5,2,True,False,False,,-1,27.3192,1000
2026-06-19 00:55:11,20,W+7.5,2,True,False,False,,-1,27.0748,1000
2026-06-19 00:55:42,105,W+2.5,7,True,False,False,,-1,27.1151,1000
2026-06-19 00:55:53,42,W+4.5,2,True,False,False,,-1,26.9286,1000
2026-06-19 00:56:03,38,W+9.5,2,True,False,False,,-1,26.7513,1000
2026-06-19 00:56:34,109,B+19.5,10,True,False,False,,-1,26.7499,1000
2026-06-19 00:57:04,110,B+1.5,12,True,False,False,,-1,26.8644,1000
2026-06-19 00:57:38,120,B+2.5,10,True,False,False,,-1,26.9455,1000
2026-06-19 00:58:10,121,W+0.5,18,True,False,False,,-1,26.9914,1000
2026-06-19 00:58:40,107,W+7.5,10,True,False,False,,-1,27.0624,1000
2026-06-19 00:59:21,149,B+2.5,19,True,False,False,,-1,27.1783,1000
2026-06-19 00:59:45,95,W+0.5,7,True,False,False,,-1,27.1437,1000
2026-06-19 01:00:27,153,W+38.5,14,True,False,False,,-1,27.2743,1000
2026-06-19 01:00:51,83,B+6.5,4,True,False,False,,-1,27.2848,1000
2026-06-19 01:01:27,127,W+2.5,9,True,False,False,,-1,27.2813,1000
2026-06-19 01:01:57,111,W+0.5,9,True,False,False,,-1,27.2972,1000
2026-06-19 01:02:20,92,B+1.5,6,True,False,False,,-1,27.3259,1000
2026-06-19 01:02:48,108,B+0.5,10,True,False,False,,-1,27.2802,1000
2026-06-19 01:03:14,103,W+9.5,14,True,False,False,,-1,27.3151,1000
2026-06-19 01:03:48,134,B+12.5,14,True,False,False,,-1,27.3132,1000
2026-06-19 01:04:20,130,B+9.5,15,True,False,False,,-1,27.2887,1000
2026-06-19 01:04:49,116,B+20.5,5,True,False,False,,-1,27.3079,1000
2026-06-19 01:05:30,151,W+38.5,24,True,False,False,,-1,27.6647,1000
2026-06-19 01:06:04,121,W+2.5,11,True,False,False,,-1,27.7068,1000
2026-06-19 01:06:33,110,B+1.5,7,True,False,False,,-1,27.7844,1000
2026-06-19 01:07:13,160,B+16.5,31,True,False,False,,-1,27.8398,1000
2026-06-19 01:07:46,120,B+5.5,13,True,False,False,,-1,27.8187,1000
2026-06-19 01:08:11,94,B+2.5,6,True,False,False,,-1,27.8869,1000
2026-06-19 01:08:28,60,W+11.5,2,True,False,False,,-1,27.8608,1000
2026-06-19 01:08:58,110,B+11.5,13,True,False,False,,-1,27.8333,1000
2026-06-19 01:09:23,102,B+0.5,8,True,False,False,,-1,27.86,1000
2026-06-19 01:09:55,117,W+0.5,7,True,False,False,,-1,27.8715,1000
2026-06-19 01:10:17,74,W+15.5,3,True,False,False,,-1,27.8799,1000
2026-06-19 01:10:51,132,B+1.5,14,True,False,False,,-1,27.9241,1000
2026-06-19 01:11:22,119,B+12.5,13,True,False,False,,-1,27.9203,1000
2026-06-19 01:11:59,121,W+1.5,12,True,False,False,,-1,28.0752,1000
2026-06-19 01:12:16,64,W+7.5,3,True,False,False,,-1,27.9855,1000
2026-06-19 01:12:43,95,B+2.5,5,True,False,False,,-1,27.9878,1000
2026-06-19 01:13:13,105,W+1.5,7,True,False,False,,-1,27.9663,1000
2026-06-19 01:13:44,113,W+0.5,9,True,False,False,,-1,28.0907,1000
2026-06-19 01:14:26,162,W+18.5,29,True,False,False,,-1,28.338,1000
2026-06-19 01:14:56,108,B+0.5,12,True,False,False,,-1,28.4287,1000
2026-06-19 01:15:33,130,W+1.5,10,True,False,False,,-1,28.6033,1000
2026-06-19 01:16:05,125,W+0.5,11,True,False,False,,-1,28.6589,1000
2026-06-19 01:16:38,118,W+27.5,16,True,False,False,,-1,28.7886,1000
2026-06-19 01:17:02,88,B+1.5,4,True,False,False,,-1,28.821,1000
2026-06-19 01:17:42,148,B+15.5,10,True,False,False,,-1,28.9794,1000
2026-06-19 01:18:11,113,W+0.5,10,True,False,False,,-1,28.9685,1000
2026-06-19 01:18:35,95,W+11.5,9,True,False,False,,-1,28.9859,1000
2026-06-19 01:18:53,62,W+9.5,2,True,False,False,,-1,28.8283,1000
2026-06-19 01:19:20,91,W+11.5,6,True,False,False,,-1,28.7531,1000
2026-06-19 01:19:51,121,W+0.5,12,True,False,False,,-1,28.7366,1000
2026-06-19 01:20:21,101,W+1.5,10,True,False,False,,-1,28.8714,1000
2026-06-19 01:20:50,110,B+3.5,11,True,False,False,,-1,28.987,1000
2026-06-19 01:21:32,162,W+18.5,20,True,False,False,,-1,29.2068,1000
2026-06-19 01:22:12,150,B+5.5,23,True,False,False,,-1,29.4076,1000
2026-06-19 01:22:51,133,B+1.5,5,True,False,False,,-1,29.4754,1000
2026-06-19 01:23:22,116,B+6.5,13,True,False,False,,-1,29.4792,1000
2026-06-19 01:23:55,126,B+0.5,15,True,False,False,,-1,29.5749,1000
2026-06-19 01:24:30,129,W+0.5,19,True,False,False,,-1,29.6644,1000
2026-06-19 01:24:59,109,W+13.5,11,True,False,False,,-1,29.6765,1000
2026-06-19 01:25:35,134,B+1.5,16,True,False,False,,-1,29.8036,1000
2026-06-19 01:26:09,129,W+42.5,10,True,False,False,,-1,29.8211,1000
2026-06-19 01:26:41,118,B+1.5,17,True,False,False,,-1,29.939,1000
2026-06-19 01:27:18,139,W+16.5,20,True,False,False,,-1,29.978,1000
2026-06-19 01:27:23,20,W+5.5,2,True,False,False,,-1,29.7434,1000
2026-06-19 01:27:34,44,W+9.5,2,True,False,False,,-1,29.5636,1000
2026-06-19 01:28:07,116,B+2.5,11,True,False,False,,-1,29.6005,1000
2026-06-19 01:28:41,119,W+0.5,8,True,False,False,,-1,29.5892,1000
2026-06-19 01:29:16,132,B+4.5,16,True,False,False,,-1,29.7411,1000
2026-06-19 01:29:52,149,B+19.5,22,True,False,False,,-1,29.7961,1000
2026-06-19 01:30:30,145,B+3.5,17,True,False,False,,-1,29.9381,1000
2026-06-19 01:31:02,118,W+1.5,11,True,False,False,,-1,29.9974,1000
2026-06-19 01:31:35,122,B+0.5,18,True,False,False,,-1,29.9784,1000
2026-06-19 01:32:07,112,B+1.5,11,True,False,False,,-1,29.9482,1000
2026-06-19 01:32:39,124,B+1.5,9,True,False,False,,-1,29.9307,1000
2026-06-19 01:33:07,107,W+0.5,10,True,False,False,,-1,29.8605,1000
2026-06-19 01:33:34,98,B+3.5,5,True,False,False,,-1,29.8315,1000
2026-06-19 01:34:04,106,B+7.5,5,True,False,False,,-1,29.8056,1000
2026-06-19 01:34:30,89,B+14.5,4,True,False,False,,-1,29.7596,1000
2026-06-19 01:34:55,92,B+0.5,4,True,False,False,,-1,29.6558,1000
2026-06-19 01:35:36,160,B+7.5,25,True,False,False,,-1,29.7147,1000
2026-06-19 01:36:11,133,W+4.5,16,True,False,False,,-1,29.7767,1000
2026-06-19 01:36:39,105,W+6.5,10,True,False,False,,-1,29.7816,1000
2026-06-19 01:37:07,107,W+5.5,13,True,False,False,,-1,29.6773,1000
2026-06-19 01:37:36,109,B+2.5,9,True,False,False,,-1,29.6451,1000
2026-06-19 01:38:09,120,B+4.5,7,True,False,False,,-1,29.6787,1000
2026-06-19 01:38:41,109,B+13.5,7,True,False,False,,-1,29.6889,1000
2026-06-19 01:39:10,101,W+11.5,7,True,False,False,,-1,29.6802,1000
2026-06-19 01:39:49,129,W+5.5,11,True,False,False,,-1,29.7936,1000
2026-06-19 01:40:23,126,B+2.5,13,True,False,False,,-1,29.8369,1000
2026-06-19 01:40:55,111,W+2.5,10,True,False,False,,-1,30.0552,1000
2026-06-19 01:41:20,97,B+1.5,4,True,False,False,,-1,29.9877,1000
2026-06-19 01:41:54,130,B+0.5,12,True,False,False,,-1,29.9923,1000
2026-06-19 01:42:18,93,W+2.5,11,True,False,False,,-1,29.9379,1000
2026-06-19 01:42:44,105,W+0.5,9,True,False,False,,-1,29.9603,1000
2026-06-19 01:43:13,107,W+6.5,7,True,False,False,,-1,29.9577,1000
2026-06-19 01:43:46,123,W+8.5,15,True,False,False,,-1,29.9596,1000
2026-06-19 01:44:13,105,W+4.5,15,True,False,False,,-1,29.8499,1000
2026-06-19 01:44:38,99,W+8.5,8,True,False,False,,-1,30.0179,1000
2026-06-19 01:45:12,124,B+1.5,10,True,False,False,,-1,30.0688,1000
2026-06-19 01:45:47,113,W+2.5,10,True,False,False,,-1,30.3548,1000
2026-06-19 01:46:19,110,B+3.5,8,True,False,False,,-1,30.3617,1000
2026-06-19 01:46:42,85,B+6.5,3,True,False,False,,-1,30.4841,1000
2026-06-19 01:47:18,127,W+2.5,10,True,False,False,,-1,30.7455,1000
2026-06-19 01:47:49,116,B+5.5,9,True,False,False,,-1,30.7428,1000
2026-06-19 01:48:13,95,W+0.5,8,True,False,False,,-1,30.6872,1000
2026-06-19 01:48:39,100,B+5.5,7,True,False,False,,-1,30.6094,1000
2026-06-19 01:49:16,133,W+2.5,17,True,False,False,,-1,30.6551,1000
2026-06-19 01:49:44,104,B+11.5,6,True,False,False,,-1,30.6305,1000
2026-06-19 01:49:54,38,W+7.5,2,True,False,False,,-1,30.3283,1000
2026-06-19 01:50:25,113,W+0.5,10,True,False,False,,-1,30.3938,1000
2026-06-19 01:50:56,111,W+8.5,12,True,False,False,,-1,30.2838,1000
2026-06-19 01:51:28,115,W+0.5,5,True,False,False,,-1,30.3639,1000
2026-06-19 01:51:52,90,B+6.5,5,True,False,False,,-1,30.2484,1000
2026-06-19 01:52:25,120,B+2.5,17,True,False,False,,-1,30.2788,1000
2026-06-19 01:52:52,97,W+2.5,7,True,False,False,,-1,30.3146,1000
2026-06-19 01:53:22,108,B+4.5,11,True,False,False,,-1,30.3381,1000
2026-06-19 01:53:50,100,B+0.5,10,True,False,False,,-1,30.3572,1000
2026-06-19 01:54:23,123,W+1.5,20,True,False,False,,-1,30.3479,1000
2026-06-19 01:54:52,115,W+1.5,14,True,False,False,,-1,30.3155,1000
2026-06-19 01:55:27,120,B+0.5,15,True,False,False,,-1,30.3752,1000
2026-06-19 01:55:53,97,B+2.5,7,True,False,False,,-1,30.2258,1000
2026-06-19 01:56:27,129,W+4.5,21,True,False,False,,-1,30.2256,1000
2026-06-19 01:56:59,122,B+1.5,10,True,False,False,,-1,30.2526,1000
2026-06-19 01:57:31,118,B+3.5,7,True,False,False,,-1,30.177,1000
2026-06-19 01:58:08,138,W+5.5,16,True,False,False,,-1,30.2191,1000
2026-06-19 01:58:36,105,W+10.5,14,True,False,False,,-1,30.2566,1000
2026-06-19 01:59:06,108,B+8.5,10,True,False,False,,-1,30.3728,1000
2026-06-19 01:59:35,111,B+2.5,17,True,False,False,,-1,30.3718,1000
2026-06-19 02:00:09,130,B+5.5,19,True,False,False,,-1,30.4533,1000
2026-06-19 02:00:37,110,B+5.5,12,True,False,False,,-1,30.4132,1000
2026-06-19 02:01:02,87,B+7.5,3,True,False,False,,-1,30.445,1000
2026-06-19 02:01:32,112,B+19.5,3,True,False,False,,-1,30.4008,1000
2026-06-19 02:02:03,115,W+0.5,9,True,False,False,,-1,30.4091,1000
2026-06-19 02:02:33,110,B+1.5,8,True,False,False,,-1,30.3393,1000
2026-06-19 02:03:03,108,W+8.5,11,True,False,False,,-1,30.4644,1000
2026-06-19 02:03:14,38,W+12.5,2,True,False,False,,-1,30.3044,1000
2026-06-19 02:03:42,107,W+2.5,10,True,False,False,,-1,30.2937,1000
2026-06-19 02:03:58,52,W+5.5,2,True,False,False,,-1,30.144,1000
2026-06-19 02:04:31,134,W+3.5,24,True,False,False,,-1,30.0388,1000
2026-06-19 02:05:02,112,B+13.5,11,True,False,False,,-1,30.0608,1000
2026-06-19 02:05:08,20,W+7.5,2,True,False,False,,-1,29.7411,1000
2026-06-19 02:05:45,129,W+1.5,23,True,False,False,,-1,29.7923,1000
2026-06-19 02:06:15,107,W+9.5,9,True,False,False,,-1,29.771,1000
2026-06-19 02:06:24,34,W+5.5,2,True,False,False,,-1,29.6182,1000
2026-06-19 02:06:54,110,B+1.5,7,True,False,False,,-1,29.5238,1000
2026-06-19 02:07:30,135,B+4.5,15,True,False,False,,-1,29.5953,1000
2026-06-19 02:08:08,142,B+3.5,21,True,False,False,,-1,29.7291,1000
2026-06-19 02:08:42,129,B+2.5,17,True,False,False,,-1,29.8814,1000
2026-06-19 02:09:12,107,W+4.5,11,True,False,False,,-1,29.9173,1000
2026-06-19 02:09:34,76,W+14.5,2,True,False,False,,-1,29.8279,1000
2026-06-19 02:10:07,123,W+1.5,12,True,False,False,,-1,29.8545,1000
2026-06-19 02:10:31,95,B+2.5,7,True,False,False,,-1,29.8061,1000
2026-06-19 02:11:00,102,B+5.5,9,True,False,False,,-1,29.6844,1000
2026-06-19 02:11:32,110,B+3.5,8,True,False,False,,-1,29.6029,1000
2026-06-19 02:12:04,124,B+2.5,23,True,False,False,,-1,29.5275,1000
2026-06-19 02:12:43,160,B+1.5,29,True,False,False,,-1,29.6054,1000
2026-06-19 02:13:09,104,B+6.5,8,True,False,False,,-1,29.539,1000
2026-06-19 02:13:41,118,B+1.5,10,True,False,False,,-1,29.5095,1000
2026-06-19 02:14:11,111,W+4.5,7,True,False,False,,-1,29.5141,1000
2026-06-19 02:14:34,80,W+11.5,2,True,False,False,,-1,29.3919,1000
2026-06-19 02:14:47,44,W+0.5,2,True,False,False,,-1,29.1807,1000
2026-06-19 02:15:16,111,W+1.5,8,True,False,False,,-1,29.149,1000
2026-06-19 02:15:44,105,W+8.5,11,True,False,False,,-1,29.0589,1000
2026-06-19 02:16:11,103,W+1.5,10,True,False,False,,-1,29.2768,1000
2026-06-19 02:16:50,141,W+0.5,20,True,False,False,,-1,29.5572,1000
2026-06-19 02:17:19,113,W+5.5,15,True,False,False,,-1,29.5191,1000
2026-06-19 02:17:49,110,B+3.5,11,True,False,False,,-1,29.4835,1000
2026-06-19 02:18:12,78,W+18.5,2,True,False,False,,-1,29.3596,1000
2026-06-19 02:18:39,99,W+19.5,3,True,False,False,,-1,29.2602,1000
2026-06-19 02:18:45,22,W+7.5,2,True,False,False,,-1,28.9502,1000
2026-06-19 02:19:16,116,B+3.5,7,True,False,False,,-1,28.9459,1000
2026-06-19 02:19:45,103,W+0.5,10,True,False,False,,-1,28.8996,1000
2026-06-19 02:20:26,146,B+1.5,18,True,False,False,,-1,28.9913,1000
2026-06-19 02:20:55,111,W+0.5,15,True,False,False,,-1,28.9621,1000
2026-06-19 02:21:21,102,B+1.5,4,True,False,False,,-1,28.9427,1000
2026-06-19 02:21:54,115,W+0.5,11,True,False,False,,-1,29.0067,1000
2026-06-19 02:22:27,110,B+2.5,8,True,False,False,,-1,29.0248,1000
2026-06-19 02:23:11,162,W+46.5,11,True,False,False,,-1,29.2045,1000
2026-06-19 02:23:34,86,W+13.5,5,True,False,False,,-1,29.1909,1000
2026-06-19 02:24:05,117,B+2.5,13,True,False,False,,-1,29.0873,1000
2026-06-19 02:24:30,102,B+2.5,9,True,False,False,,-1,28.9932,1000
2026-06-19 02:25:03,117,W+1.5,10,True,False,False,,-1,29.0359,1000
2026-06-19 02:25:32,105,W+10.5,7,True,False,False,,-1,29.0494,1000
2026-06-19 02:26:01,111,W+7.5,18,True,False,False,,-1,29.0495,1000
2026-06-19 02:26:36,119,W+2.5,5,True,False,False,,-1,29.0648,1000
2026-06-19 02:27:04,114,B+1.5,10,True,False,False,,-1,29.0339,1000
2026-06-19 02:27:33,98,W+17.5,5,True,False,False,,-1,29.0276,1000
2026-06-19 02:27:58,97,W+10.5,7,True,False,False,,-1,28.8914,1000
2026-06-19 02:28:43,156,B+21.5,24,True,False,False,,-1,28.9973,1000
2026-06-19 02:29:10,102,W+20.5,4,True,False,False,,-1,28.9456,1000
2026-06-19 02:29:35,93,B+0.5,3,True,False,False,,-1,28.9553,1000
2026-06-19 02:29:58,84,W+10.5,3,True,False,False,,-1,28.8418,1000
2026-06-19 02:30:35,139,W+6.5,13,True,False,False,,-1,28.9669,1000
2026-06-19 02:31:04,112,B+1.5,6,True,False,False,,-1,28.9962,1000
2026-06-19 02:31:38,126,B+1.5,12,True,False,False,,-1,29.0485,1000
2026-06-19 02:32:07,104,B+1.5,10,True,False,False,,-1,29.01,1000
2026-06-19 02:32:33,102,B+2.5,11,True,False,False,,-1,28.9961,1000
2026-06-19 02:33:05,105,W+14.5,7,True,False,False,,-1,29.0668,1000
2026-06-19 02:33:40,122,B+2.5,12,True,False,False,,-1,29.0804,1000
2026-06-19 02:34:10,106,B+1.5,8,True,False,False,,-1,29.0262,1000
2026-06-19 02:34:41,113,B+4.5,6,True,False,False,,-1,29.0195,1000
2026-06-19 02:35:18,140,B+3.5,6,True,False,False,,-1,29.1586,1000
2026-06-19 02:35:42,90,W+22.5,2,True,False,False,,-1,29.0379,1000
2026-06-19 02:36:09,100,B+1.5,11,True,False,False,,-1,28.9963,1000
2026-06-19 02:36:39,111,B+1.5,9,True,False,False,,-1,29.0607,1000
2026-06-19 02:37:08,112,W+8.5,6,True,False,False,,-1,29.0836,1000
2026-06-19 02:37:37,114,B+15.5,10,True,False,False,,-1,29.0032,1000
2026-06-19 02:38:07,111,W+10.5,12,True,False,False,,-1,29.0351,1000
2026-06-19 02:38:34,90,W+15.5,5,True,False,False,,-1,29.1914,1000
2026-06-19 02:39:03,106,B+4.5,8,True,False,False,,-1,29.1814,1000
2026-06-19 02:39:40,125,W+2.5,8,True,False,False,,-1,29.237,1000
2026-06-19 02:40:11,132,B+15.5,17,True,False,False,,-1,29.2349,1000
2026-06-19 02:40:36,87,W+16.5,4,True,False,False,,-1,29.2381,1000
2026-06-19 02:41:20,162,W+38.5,12,True,False,False,,-1,29.3462,1000
2026-06-19 02:41:58,131,W+0.5,11,True,False,False,,-1,29.46,1000
2026-06-19 02:42:32,128,B+2.5,16,True,False,False,,-1,29.5014,1000
2026-06-19 02:43:12,155,W+4.5,26,True,False,False,,-1,29.6125,1000
2026-06-19 02:43:50,134,B+1.5,9,True,False,False,,-1,29.6647,1000
2026-06-19 02:44:31,160,B+34.5,20,True,False,False,,-1,29.7959,1000
2026-06-19 02:45:06,129,W+24.5,16,True,False,False,,-1,29.7934,1000
2026-06-19 02:45:41,127,B+0.5,9,True,False,False,,-1,29.8808,1000
2026-06-19 02:46:03,76,W+13.5,4,True,False,False,,-1,29.7583,1000
2026-06-19 02:46:38,131,W+1.5,21,True,False,False,,-1,29.7952,1000
2026-06-19 02:47:05,101,W+4.5,12,True,False,False,,-1,29.734,1000
2026-06-19 02:47:33,101,W+2.5,7,True,False,False,,-1,29.6483,1000
2026-06-19 02:47:45,40,W+10.5,2,True,False,False,,-1,29.4829,1000
2026-06-19 02:48:13,110,B+2.5,12,True,False,False,,-1,29.4695,1000
2026-06-19 02:48:45,118,B+2.5,7,True,False,False,,-1,29.4995,1000
2026-06-19 02:49:17,118,B+1.5,10,True,False,False,,-1,29.4782,1000
2026-06-19 02:49:48,115,W+4.5,9,True,False,False,,-1,29.511,1000
2026-06-19 02:50:12,84,W+22.5,2,True,False,False,,-1,29.5017,1000
2026-06-19 02:50:42,103,W+2.5,9,True,False,False,,-1,29.502,1000
2026-06-19 02:51:07,97,W+2.5,10,True,False,False,,-1,29.4408,1000
2026-06-19 02:51:26,70,W+14.5,2,True,False,False,,-1,29.3298,1000
2026-06-19 02:51:55,102,B+3.5,4,True,False,False,,-1,29.3237,1000
2026-06-19 02:52:24,115,W+29.5,5,True,False,False,,-1,29.4973,1000
2026-06-19 02:52:57,119,W+1.5,14,True,False,False,,-1,29.5432,1000
2026-06-19 02:53:19,80,W+23.5,2,True,False,False,,-1,29.6029,1000
2026-06-19 02:53:54,126,B+1.5,9,True,False,False,,-1,29.633,1000
2026-06-19 02:54:25,122,B+33.5,9,True,False,False,,-1,29.6247,1000
2026-06-19 02:54:54,101,W+3.5,5,True,False,False,,-1,29.864,1000
2026-06-19 02:55:30,137,B+8.5,16,True,False,False,,-1,29.8556,1000
2026-06-19 02:56:12,144,B+5.5,8,True,False,False,,-1,29.9679,1000
2026-06-19 02:56:42,115,W+0.5,14,True,False,False,,-1,30.1829,1000
2026-06-19 02:57:15,122,B+2.5,11,True,False,False,,-1,30.2007,1000
2026-06-19 02:57:46,119,B+18.5,16,True,False,False,,-1,30.1591,1000
2026-06-19 02:58:24,125,B+11.5,12,True,False,False,,-1,30.154,1000
2026-06-19 02:58:48,80,W+18.5,2,True,False,False,,-1,30.0599,1000
2026-06-19 02:59:11,80,W+23.5,2,True,False,False,,-1,29.9882,1000
2026-06-19 02:59:43,122,B+2.5,15,True,False,False,,-1,30.0815,1000
2026-06-19 03:00:12,105,W+2.5,11,True,False,False,,-1,30.0521,1000
2026-06-19 03:00:37,90,B+1.5,6,True,False,False,,-1,30.0616,1000
2026-06-19 03:01:03,101,W+3.5,10,True,False,False,,-1,30.023,1000
2026-06-19 03:01:30,96,B+1.5,5,True,False,False,,-1,29.9727,1000
2026-06-19 03:02:00,109,W+0.5,8,True,False,False,,-1,29.9589,1000
2026-06-19 03:02:27,97,B+19.5,4,True,False,False,,-1,29.8421,1000
2026-06-19 03:03:07,143,W+2.5,12,True,False,False,,-1,29.977,1000
2026-06-19 03:03:33,97,W+3.5,11,True,False,False,,-1,29.917,1000
2026-06-19 03:04:10,139,B+4.5,14,True,False,False,,-1,29.9874,1000
2026-06-19 03:04:33,93,W+10.5,9,True,False,False,,-1,29.9811,1000
2026-06-19 03:05:00,97,W+2.5,6,True,False,False,,-1,30.126,1000
2026-06-19 03:05:28,110,W+4.5,11,True,False,False,,-1,30.1151,1000
2026-06-19 03:06:06,137,W+12.5,17,True,False,False,,-1,30.2176,1000
2026-06-19 03:06:35,112,B+1.5,6,True,False,False,,-1,30.242,1000
2026-06-19 03:07:09,118,B+1.5,10,True,False,False,,-1,30.1942,1000
2026-06-19 03:07:44,140,B+11.5,18,True,False,False,,-1,30.2427,1000
2026-06-19 03:08:16,113,B+2.5,5,True,False,False,,-1,30.2611,1000
2026-06-19 03:08:39,82,W+12.5,5,True,False,False,,-1,30.2714,1000
2026-06-19 03:09:20,158,B+14.5,22,True,False,False,,-1,30.4154,1000
2026-06-19 03:09:49,105,W+6.5,11,True,False,False,,-1,30.6411,1000
2026-06-19 03:10:10,75,B+1.5,4,True,False,False,,-1,30.5374,1000
2026-06-19 03:10:36,100,B+2.5,6,True,False,False,,-1,30.5057,1000
2026-06-19 03:10:42,26,W+7.5,2,True,False,False,,-1,30.1564,1000
2026-06-19 03:11:15,127,W+0.5,17,True,False,False,,-1,30.1982,1000
2026-06-19 03:11:46,117,W+4.5,13,True,False,False,,-1,30.2472,1000
2026-06-19 03:12:24,127,W+4.5,12,True,False,False,,-1,30.2944,1000
2026-06-19 03:12:58,115,W+10.5,10,True,False,False,,-1,30.3148,1000
2026-06-19 03:13:31,126,B+26.5,16,True,False,False,,-1,30.1987,1000
2026-06-19 03:13:55,91,W+8.5,9,True,False,False,,-1,30.2027,1000
2026-06-19 03:14:24,113,W+12.5,15,True,False,False,,-1,30.1843,1000
2026-06-19 03:14:52,95,B+8.5,5,True,False,False,,-1,30.2162,1000
2026-06-19 03:15:21,99,W+2.5,11,True,False,False,,-1,30.1768,1000
2026-06-19 03:15:51,116,B+8.5,16,True,False,False,,-1,30.1838,1000
2026-06-19 03:15:59,30,W+7.5,2,True,False,False,,-1,29.9805,1000
2026-06-19 03:16:30,101,W+0.5,8,True,False,False,,-1,29.9387,1000
2026-06-19 03:17:04,119,W+0.5,11,True,False,False,,-1,29.9919,1000
2026-06-19 03:17:18,52,W+9.5,2,True,False,False,,-1,29.8418,1000
2026-06-19 03:17:45,100,B+2.5,7,True,False,False,,-1,29.8681,1000
2026-06-19 03:18:17,123,W+2.5,8,True,False,False,,-1,29.7378,1000
2026-06-19 03:18:45,104,B+0.5,8,True,False,False,,-1,29.7528,1000
2026-06-19 03:19:17,117,W+1.5,9,True,False,False,,-1,29.8123,1000
2026-06-19 03:19:52,121,W+2.5,6,True,False,False,,-1,29.9315,1000
2026-06-19 03:20:00,32,W+7.5,2,True,False,False,,-1,29.6482,1000
2026-06-19 03:20:17,63,B+4.5,2,True,False,False,,-1,29.5223,1000
2026-06-19 03:20:50,133,W+1.5,26,True,False,False,,-1,29.5157,1000
2026-06-19 03:21:27,136,B+1.5,18,True,False,False,,-1,29.6044,1000
2026-06-19 03:22:02,109,W+13.5,7,True,False,False,,-1,29.6889,1000
2026-06-19 03:22:33,117,W+2.5,9,True,False,False,,-1,29.6815,1000
2026-06-19 03:22:41,30,W+8.5,2,True,False,False,,-1,29.4075,1000
2026-06-19 03:23:09,106,B+3.5,11,True,False,False,,-1,29.3902,1000
2026-06-19 03:23:48,162,B+14.5,27,True,False,False,,-1,29.465,1000
2026-06-19 03:24:22,121,B+7.5,10,True,False,False,,-1,29.4392,1000
2026-06-19 03:25:03,144,B+17.5,14,True,False,False,,-1,29.6111,1000
2026-06-19 03:25:37,123,W+0.5,16,True,False,False,,-1,29.6798,1000
2026-06-19 03:26:10,127,W+2.5,11,True,False,False,,-1,29.7073,1000
2026-06-19 03:26:36,102,B+1.5,13,True,False,False,,-1,29.6748,1000
2026-06-19 03:27:10,123,W+24.5,13,True,False,False,,-1,29.7285,1000
2026-06-19 03:27:38,115,W+6.5,18,True,False,False,,-1,29.7057,1000
2026-06-19 03:28:14,134,B+1.5,13,True,False,False,,-1,29.8022,1000
2026-06-19 03:28:39,82,W+22.5,3,True,False,False,,-1,29.7553,1000
2026-06-19 03:29:18,139,W+0.5,15,True,False,False,,-1,29.781,1000
2026-06-19 03:29:33,54,W+0.5,2,True,False,False,,-1,29.6161,1000
2026-06-19 03:30:03,114,B+1.5,11,True,False,False,,-1,29.667,1000
2026-06-19 03:30:32,104,B+11.5,8,True,False,False,,-1,29.5214,1000
2026-06-19 03:31:04,117,W+10.5,11,True,False,False,,-1,29.4531,1000
2026-06-19 03:31:39,124,B+5.5,8,True,False,False,,-1,29.469,1000
2026-06-19 03:32:04,93,W+2.5,8,True,False,False,,-1,29.3243,1000
2026-06-19 03:32:30,88,W+11.5,6,True,False,False,,-1,29.2029,1000
2026-06-19 03:32:55,95,W+3.5,9,True,False,False,,-1,29.0359,1000
2026-06-19 03:33:25,113,W+0.5,16,True,False,False,,-1,28.9827,1000
2026-06-19 03:34:00,131,W+13.5,14,True,False,False,,-1,28.9898,1000
2026-06-19 03:34:37,129,W+9.5,15,True,False,False,,-1,29.1353,1000
2026-06-19 03:35:06,107,W+1.5,8,True,False,False,,-1,29.0761,1000
2026-06-19 03:35:32,104,B+0.5,3,True,False,False,,-1,29.0699,1000
2026-06-19 03:36:13,160,B+2.5,20,True,False,False,,-1,29.1943,1000
2026-06-19 03:36:40,94,W+27.5,5,True,False,False,,-1,29.3454,1000
2026-06-19 03:37:09,105,W+1.5,9,True,False,False,,-1,29.3552,1000
2026-06-19 03:37:36,98,B+1.5,9,True,False,False,,-1,29.3087,1000
2026-06-19 03:38:01,92,B+7.5,6,True,False,False,,-1,29.2331,1000
2026-06-19 03:38:29,100,B+2.5,4,True,False,False,,-1,29.2017,1000
2026-06-19 03:38:56,98,B+0.5,10,True,False,False,,-1,29.238,1000
2026-06-19 03:39:24,98,B+1.5,8,True,False,False,,-1,29.213,1000
2026-06-19 03:39:47,87,B+2.5,3,True,False,False,,-1,29.1999,1000
2026-06-19 03:40:20,115,W+3.5,13,True,False,False,,-1,29.3416,1000
2026-06-19 03:40:49,98,B+0.5,7,True,False,False,,-1,29.3344,1000
2026-06-19 03:41:21,120,B+2.5,14,True,False,False,,-1,29.3685,1000
2026-06-19 03:41:46,97,W+15.5,7,True,False,False,,-1,29.2932,1000
2026-06-19 03:42:15,106,B+6.5,12,True,False,False,,-1,29.3566,1000
2026-06-19 03:42:45,109,W+0.5,13,True,False,False,,-1,29.3071,1000
2026-06-19 03:43:28,153,W+26.5,24,True,False,False,,-1,29.4252,1000
2026-06-19 03:43:45,64,W+11.5,2,True,False,False,,-1,29.2995,1000
2026-06-19 03:44:15,111,W+4.5,16,True,False,False,,-1,29.2407,1000
2026-06-19 03:44:46,115,B+0.5,11,True,False,False,,-1,29.138,1000
2026-06-19 03:45:15,102,B+4.5,6,True,False,False,,-1,29.1269,1000
2026-06-19 03:45:45,110,B+1.5,12,True,False,False,,-1,29.0957,1000
2026-06-19 03:46:08,89,W+16.5,5,True,False,False,,-1,29.0148,1000
2026-06-19 03:46:36,102,B+9.5,6,True,False,False,,-1,28.9137,1000
2026-06-19 03:47:14,162,B+6.5,25,True,False,False,,-1,29.0639,1000
2026-06-19 03:47:40,95,W+7.5,10,True,False,False,,-1,29.0921,1000
2026-06-19 03:48:09,109,B+1.5,7,True,False,False,,-1,29.058,1000
2026-06-19 03:48:37,101,W+2.5,5,True,False,False,,-1,29.0511,1000
2026-06-19 03:49:06,116,B+2.5,10,True,False,False,,-1,29.0851,1000
2026-06-19 03:49:43,124,B+0.5,10,True,False,False,,-1,29.1974,1000
2026-06-19 03:50:15,115,W+3.5,9,True,False,False,,-1,29.2479,1000
2026-06-19 03:50:45,106,B+0.5,6,True,False,False,,-1,29.2517,1000
2026-06-19 03:51:12,102,B+0.5,6,True,False,False,,-1,29.2394,1000
2026-06-19 03:51:41,100,B+4.5,7,True,False,False,,-1,29.1366,1000
2026-06-19 03:52:18,132,B+1.5,15,True,False,False,,-1,29.252,1000
2026-06-19 03:52:49,116,B+1.5,6,True,False,False,,-1,29.1925,1000
2026-06-19 03:53:21,112,B+13.5,7,True,False,False,,-1,29.2762,1000
2026-06-19 03:53:49,103,W+12.5,6,True,False,False,,-1,29.2925,1000
2026-06-19 03:54:28,162,B+17.5,18,True,False,False,,-1,29.3979,1000
2026-06-19 03:54:56,110,B+2.5,13,True,False,False,,-1,29.3047,1000
2026-06-19 03:55:33,131,W+1.5,17,True,False,False,,-1,29.3758,1000
2026-06-19 03:56:04,111,W+1.5,15,True,False,False,,-1,29.3463,1000
2026-06-19 03:56:39,119,W+3.5,12,True,False,False,,-1,29.3479,1000
2026-06-19 03:57:05,101,W+0.5,11,True,False,False,,-1,29.2932,1000
2026-06-19 03:57:47,150,B+1.5,14,True,False,False,,-1,29.4792,1000
2026-06-19 03:58:14,96,B+4.5,7,True,False,False,,-1,29.3311,1000
2026-06-19 03:58:44,112,B+2.5,9,True,False,False,,-1,29.3453,1000
2026-06-19 03:59:15,108,B+3.5,8,True,False,False,,-1,29.4432,1000
2026-06-19 03:59:22,30,W+7.5,2,True,False,False,,-1,29.2643,1000
2026-06-19 03:59:43,74,W+14.5,2,True,False,False,,-1,29.4132,1000
2026-06-19 04:00:16,125,B+0.5,11,True,False,False,,-1,29.4049,1000
2026-06-19 04:00:43,101,W+2.5,8,True,False,False,,-1,29.3697,1000
2026-06-19 04:01:13,107,W+2.5,12,True,False,False,,-1,29.2886,1000
2026-06-19 04:01:55,161,W+7.5,19,True,False,False,,-1,29.3701,1000
2026-06-19 04:02:33,161,B+12.5,29,True,False,False,,-1,29.4157,1000
2026-06-19 04:03:07,136,B+1.5,12,True,False,False,,-1,29.5141,1000
2026-06-19 04:03:38,118,B+0.5,8,True,False,False,,-1,29.5426,1000
2026-06-19 04:04:09,118,B+3.5,8,True,False,False,,-1,29.568,1000
2026-06-19 04:04:38,120,B+1.5,8,True,False,False,,-1,29.5748,1000
2026-06-19 04:05:09,108,B+8.5,8,True,False,False,,-1,29.5781,1000
2026-06-19 04:05:51,162,B+16.5,34,True,False,False,,-1,29.9113,1000
2026-06-19 04:06:23,119,W+2.5,14,True,False,False,,-1,29.9324,1000
2026-06-19 04:06:56,115,W+2.5,8,True,False,False,,-1,29.9177,1000
2026-06-19 04:07:08,46,W+7.5,2,True,False,False,,-1,29.9014,1000
2026-06-19 04:07:36,103,W+0.5,12,True,False,False,,-1,29.9036,1000
2026-06-19 04:08:05,113,W+9.5,8,True,False,False,,-1,29.8804,1000
2026-06-19 04:08:32,99,B+9.5,5,True,False,False,,-1,29.8625,1000
2026-06-19 04:09:14,162,B+25.5,21,True,False,False,,-1,29.9681,1000
2026-06-19 04:09:41,112,B+2.5,9,True,False,False,,-1,29.8936,1000
2026-06-19 04:10:10,115,B+8.5,10,True,False,False,,-1,30.1025,1000
2026-06-19 04:10:38,105,W+0.5,11,True,False,False,,-1,30.2116,1000
2026-06-19 04:11:17,133,W+0.5,13,True,False,False,,-1,30.2692,1000
2026-06-19 04:11:50,118,B+16.5,8,True,False,False,,-1,30.2226,1000
2026-06-19 04:12:14,95,W+0.5,4,True,False,False,,-1,30.1189,1000
2026-06-19 04:12:48,129,W+0.5,12,True,False,False,,-1,30.1445,1000
2026-06-19 04:13:21,118,B+4.5,9,True,False,False,,-1,30.3957,1000
2026-06-19 04:13:48,95,W+14.5,8,True,False,False,,-1,30.3867,1000
2026-06-19 04:14:33,162,W+24.5,21,True,False,False,,-1,30.4495,1000
2026-06-19 04:15:07,121,W+0.5,9,True,False,False,,-1,30.4489,1000
2026-06-19 04:15:33,91,W+14.5,4,True,False,False,,-1,30.2939,1000
2026-06-19 04:16:03,109,W+0.5,9,True,False,False,,-1,30.2632,1000
2026-06-19 04:16:35,118,B+1.5,9,True,False,False,,-1,30.2449,1000
2026-06-19 04:17:04,112,B+16.5,7,True,False,False,,-1,30.2781,1000
2026-06-19 04:17:39,127,W+2.5,17,True,False,False,,-1,30.2899,1000
2026-06-19 04:18:11,132,B+1.5,14,True,False,False,,-1,30.3219,1000
2026-06-19 04:18:44,116,B+2.5,11,True,False,False,,-1,30.2952,1000
2026-06-19 04:19:17,115,W+7.5,6,True,False,False,,-1,30.3754,1000
2026-06-19 04:19:45,108,B+1.5,9,True,False,False,,-1,30.2716,1000
2026-06-19 04:20:18,111,W+0.5,9,True,False,False,,-1,30.4398,1000
2026-06-19 04:20:38,68,W+13.5,3,True,False,False,,-1,30.344,1000
2026-06-19 04:21:05,105,W+0.5,11,True,False,False,,-1,30.3277,1000
2026-06-19 04:21:38,118,B+8.5,15,True,False,False,,-1,30.3359,1000
2026-06-19 04:22:11,114,B+2.5,14,True,False,False,,-1,30.3164,1000
2026-06-19 04:22:42,115,B+0.5,10,True,False,False,,-1,30.3781,1000
2026-06-19 04:23:12,111,B+2.5,7,True,False,False,,-1,30.4217,1000
2026-06-19 04:23:44,111,B+0.5,10,True,False,False,,-1,30.4858,1000
2026-06-19 04:23:53,38,W+8.5,2,True,False,False,,-1,30.283,1000
2026-06-19 04:24:24,111,W+1.5,10,True,False,False,,-1,30.2323,1000
2026-06-19 04:25:08,161,W+20.5,29,True,False,False,,-1,30.3067,1000
2026-06-19 04:25:36,101,W+7.5,13,True,False,False,,-1,30.2972,1000
2026-06-19 04:26:03,104,B+2.5,5,True,False,False,,-1,30.3084,1000
2026-06-19 04:26:31,100,B+1.5,7,True,False,False,,-1,30.1841,1000
2026-06-19 04:27:03,112,B+0.5,9,True,False,False,,-1,30.2349,1000
2026-06-19 04:27:35,111,W+18.5,10,True,False,False,,-1,30.2633,1000
2026-06-19 04:28:03,102,B+2.5,6,True,False,False,,-1,30.2628,1000
2026-06-19 04:28:34,114,B+1.5,10,True,False,False,,-1,30.335,1000
2026-06-19 04:29:04,99,B+0.5,4,True,False,False,,-1,30.349,1000
2026-06-19 04:29:38,123,W+17.5,18,True,False,False,,-1,30.4155,1000
2026-06-19 04:30:06,90,W+15.5,4,True,False,False,,-1,30.4199,1000
2026-06-19 04:30:39,124,W+7.5,11,True,False,False,,-1,30.5131,1000
2026-06-19 04:30:50,40,W+6.5,2,True,False,False,,-1,30.2912,1000
2026-06-19 04:31:18,108,B+2.5,10,True,False,False,,-1,30.2926,1000
2026-06-19 04:31:47,101,W+3.5,9,True,False,False,,-1,30.2596,1000
2026-06-19 04:32:12,97,W+0.5,10,True,False,False,,-1,30.2537,1000
2026-06-19 04:32:50,129,W+15.5,10,True,False,False,,-1,30.347,1000
2026-06-19 04:33:31,162,B+8.5,28,True,False,False,,-1,30.4568,1000
2026-06-19 04:34:02,111,W+30.5,5,True,False,False,,-1,30.3425,1000
2026-06-19 04:34:30,102,B+5.5,5,True,False,False,,-1,30.4475,1000
2026-06-19 04:34:39,36,W+11.5,2,True,False,False,,-1,30.2368,1000
2026-06-19 04:35:07,109,W+4.5,16,True,False,False,,-1,30.2068,1000
2026-06-19 04:35:37,115,W+4.5,13,True,False,False,,-1,30.2189,1000
2026-06-19 04:36:02,89,B+3.5,4,True,False,False,,-1,30.1742,1000
2026-06-19 04:36:33,108,B+9.5,10,True,False,False,,-1,30.2426,1000
2026-06-19 04:37:08,132,W+6.5,7,True,False,False,,-1,30.3167,1000
2026-06-19 04:37:37,117,W+2.5,15,True,False,False,,-1,30.2188,1000
2026-06-19 04:37:43,22,W+7.5,2,True,False,False,,-1,30.02,1000
2026-06-19 04:38:20,127,W+2.5,27,True,False,False,,-1,30.1095,1000
2026-06-19 04:38:47,106,W+4.5,6,True,False,False,,-1,30.0984,1000
2026-06-19 04:39:17,122,B+11.5,11,True,False,False,,-1,30.1065,1000
2026-06-19 04:39:45,97,B+6.5,3,True,False,False,,-1,30.0247,1000
2026-06-19 04:40:17,107,W+1.5,9,True,False,False,,-1,30.0185,1000
2026-06-19 04:40:50,111,W+0.5,6,True,False,False,,-1,30.0451,1000
2026-06-19 04:41:19,107,W+1.5,13,True,False,False,,-1,30.0743,1000
2026-06-19 04:41:54,138,B+4.5,18,True,False,False,,-1,30.128,1000
2026-06-19 04:42:25,110,B+13.5,8,True,False,False,,-1,30.0673,1000
2026-06-19 04:42:58,108,B+1.5,9,True,False,False,,-1,30.0868,1000
2026-06-19 04:43:31,125,W+0.5,9,True,False,False,,-1,30.1001,1000
2026-06-19 04:44:06,131,W+0.5,11,True,False,False,,-1,30.1697,1000
2026-06-19 04:44:39,122,B+1.5,8,True,False,False,,-1,30.1027,1000
2026-06-19 04:45:16,146,B+2.5,21,True,False,False,,-1,30.1935,1000
2026-06-19 04:45:50,125,W+6.5,15,True,False,False,,-1,30.1654,1000
2026-06-19 04:46:29,143,W+16.5,16,True,False,False,,-1,30.247,1000
2026-06-19 04:46:57,91,B+10.5,4,True,False,False,,-1,30.1819,1000
2026-06-19 04:47:30,123,W+15.5,10,True,False,False,,-1,30.2466,1000
2026-06-19 04:48:01,120,B+2.5,13,True,False,False,,-1,30.1366,1000
2026-06-19 04:48:30,102,B+0.5,8,True,False,False,,-1,30.1659,1000
2026-06-19 04:49:04,131,W+0.5,13,True,False,False,,-1,30.1935,1000
2026-06-19 04:49:37,127,W+4.5,13,True,False,False,,-1,30.2217,1000
2026-06-19 04:50:04,107,W+4.5,12,True,False,False,,-1,30.4159,1000
2026-06-19 04:50:28,81,B+0.5,2,True,False,False,,-1,30.4405,1000
2026-06-19 04:50:56,101,W+2.5,8,True,False,False,,-1,30.3967,1000
2026-06-19 04:51:28,116,B+0.5,18,True,False,False,,-1,30.4461,1000
2026-06-19 04:52:06,146,B+1.5,19,True,False,False,,-1,30.5289,1000
2026-06-19 04:52:42,131,W+6.5,11,True,False,False,,-1,30.4614,1000
2026-06-19 04:53:17,129,W+3.5,13,True,False,False,,-1,30.441,1000
2026-06-19 04:53:49,117,W+1.5,7,True,False,False,,-1,30.419,1000
2026-06-19 04:54:25,140,B+3.5,13,True,False,False,,-1,30.4707,1000
2026-06-19 04:54:57,113,W+1.5,11,True,False,False,,-1,30.472,1000
2026-06-19 04:55:26,111,W+5.5,10,True,False,False,,-1,30.4801,1000
2026-06-19 04:55:54,106,B+9.5,10,True,False,False,,-1,30.4466,1000
2026-06-19 04:56:22,107,B+4.5,12,True,False,False,,-1,30.3075,1000
2026-06-19 04:56:49,97,W+0.5,5,True,False,False,,-1,30.2498,1000
2026-06-19 04:57:22,114,B+0.5,9,True,False,False,,-1,30.2555,1000
2026-06-19 04:57:56,129,B+21.5,12,True,False,False,,-1,30.4746,1000
2026-06-19 04:58:32,125,W+0.5,11,True,False,False,,-1,30.5654,1000
2026-06-19 04:59:05,123,W+21.5,15,True,False,False,,-1,30.5918,1000
2026-06-19 04:59:36,113,W+13.5,11,True,False,False,,-1,30.6391,1000
2026-06-19 05:00:13,131,W+19.5,9,True,False,False,,-1,30.5943,1000
2026-06-19 05:00:45,119,W+6.5,17,True,False,False,,-1,30.6329,1000
2026-06-19 05:01:26,153,W+17.5,20,True,False,False,,-1,30.7535,1000
2026-06-19 05:02:05,139,W+22.5,16,True,False,False,,-1,30.8641,1000
2026-06-19 05:02:39,121,W+2.5,11,True,False,False,,-1,30.8259,1000
2026-06-19 05:03:07,103,W+19.5,13,True,False,False,,-1,30.7643,1000
2026-06-19 05:03:41,127,W+6.5,18,True,False,False,,-1,30.872,1000
2026-06-19 05:04:08,102,B+2.5,5,True,False,False,,-1,30.8002,1000
2026-06-19 05:04:37,107,W+9.5,6,True,False,False,,-1,30.7563,1000
2026-06-19 05:05:05,103,B+0.5,4,True,False,False,,-1,30.7711,1000
2026-06-19 05:05:34,101,W+8.5,5,True,False,False,,-1,30.6142,1000
2026-06-19 05:06:09,130,W+0.5,11,True,False,False,,-1,30.6192,1000
2026-06-19 05:06:42,121,W+9.5,14,True,False,False,,-1,30.6896,1000
2026-06-19 05:06:55,44,W+5.5,2,True,False,False,,-1,30.5099,1000
2026-06-19 05:07:34,153,B+2.5,23,True,False,False,,-1,30.5848,1000
2026-06-19 05:08:07,120,B+10.5,14,True,False,False,,-1,30.6284,1000
2026-06-19 05:08:15,32,W+7.5,2,True,False,False,,-1,30.3616,1000
2026-06-19 05:08:39,90,B+1.5,3,True,False,False,,-1,30.2792,1000
2026-06-19 05:09:04,97,W+0.5,11,True,False,False,,-1,30.2017,1000
2026-06-19 05:09:19,54,W+15.5,2,True,False,False,,-1,30.0211,1000
2026-06-19 05:09:25,24,W+7.5,2,True,False,False,,-1,29.7951,1000
2026-06-19 05:09:38,42,W+10.5,2,True,False,False,,-1,29.6052,1000
2026-06-19 05:09:50,48,W+7.5,2,True,False,False,,-1,29.5184,1000
2026-06-19 05:10:16,102,B+2.5,6,True,False,False,,-1,29.5032,1000
2026-06-19 05:10:45,112,B+1.5,12,True,False,False,,-1,29.4683,1000
2026-06-19 05:11:12,109,W+7.5,13,True,False,False,,-1,29.4135,1000
2026-06-19 05:11:42,108,B+2.5,10,True,False,False,,-1,29.3981,1000
2026-06-19 05:12:20,140,B+1.5,19,True,False,False,,-1,29.4752,1000
2026-06-19 05:12:51,108,B+0.5,9,True,False,False,,-1,29.4665,1000
2026-06-19 05:13:17,93,W+2.5,9,True,False,False,,-1,29.6297,1000
2026-06-19 05:13:43,109,W+6.5,12,True,False,False,,-1,29.5911,1000
2026-06-19 05:14:19,130,B+2.5,12,True,False,False,,-1,29.5123,1000
2026-06-19 05:14:54,120,B+0.5,11,True,False,False,,-1,29.5704,1000
2026-06-19 05:15:27,123,W+5.5,9,True,False,False,,-1,29.633,1000
2026-06-19 05:15:55,96,W+13.5,3,True,False,False,,-1,29.6347,1000
2026-06-19 05:16:11,56,W+10.5,2,True,False,False,,-1,29.4686,1000
2026-06-19 05:16:38,103,W+15.5,7,True,False,False,,-1,29.4215,1000
2026-06-19 05:17:10,107,W+2.5,7,True,False,False,,-1,29.4632,1000
2026-06-19 05:17:41,117,W+2.5,5,True,False,False,,-1,29.4682,1000
2026-06-19 05:18:14,121,W+1.5,14,True,False,False,,-1,29.5037,1000
2026-06-19 05:18:47,119,W+25.5,6,True,False,False,,-1,29.4911,1000
2026-06-19 05:19:17,100,B+2.5,7,True,False,False,,-1,29.5073,1000
2026-06-19 05:19:45,97,W+0.5,9,True,False,False,,-1,29.4548,1000
2026-06-19 05:20:17,127,B+1.5,20,True,False,False,,-1,29.6652,1000
2026-06-19 05:20:43,101,W+10.5,8,True,False,False,,-1,29.6402,1000
2026-06-19 05:21:16,117,W+1.5,11,True,False,False,,-1,29.6906,1000
2026-06-19 05:21:47,109,W+0.5,9,True,False,False,,-1,29.746,1000
2026-06-19 05:22:16,108,B+1.5,10,True,False,False,,-1,29.6604,1000
2026-06-19 05:22:45,104,B+2.5,6,True,False,False,,-1,29.5384,1000
2026-06-19 05:22:58,46,W+0.5,2,True,False,False,,-1,29.3547,1000
2026-06-19 05:23:04,20,W+8.5,2,True,False,False,,-1,29.1383,1000
2026-06-19 05:23:38,125,W+0.5,17,True,False,False,,-1,29.389,1000
2026-06-19 05:23:43,24,W+7.5,2,True,False,False,,-1,29.1627,1000
2026-06-19 05:24:06,83,B+3.5,2,True,False,False,,-1,29.0865,1000
2026-06-19 05:24:37,110,B+0.5,7,True,False,False,,-1,29.1475,1000
2026-06-19 05:24:47,38,W+2.5,2,True,False,False,,-1,28.9396,1000
2026-06-19 05:25:09,81,B+1.5,3,True,False,False,,-1,28.8138,1000
2026-06-19 05:25:23,48,W+4.5,2,True,False,False,,-1,28.664,1000
2026-06-19 05:25:46,86,W+1.5,4,True,False,False,,-1,28.8347,1000
2026-06-19 05:26:14,99,W+4.5,10,True,False,False,,-1,28.7362,1000
2026-06-19 05:26:41,98,B+2.5,8,True,False,False,,-1,28.7345,1000
2026-06-19 05:27:09,101,W+21.5,8,True,False,False,,-1,28.7193,1000
2026-06-19 05:27:41,116,B+0.5,9,True,False,False,,-1,28.758,1000
2026-06-19 05:28:16,116,B+1.5,9,True,False,False,,-1,28.7941,1000
2026-06-19 05:28:52,139,W+27.5,16,True,False,False,,-1,28.8185,1000
2026-06-19 05:29:22,108,B+1.5,6,True,False,False,,-1,28.8257,1000
2026-06-19 05:29:49,95,W+0.5,7,True,False,False,,-1,28.7486,1000
2026-06-19 05:30:23,116,B+0.5,9,True,False,False,,-1,28.771,1000
2026-06-19 05:30:57,121,W+1.5,23,True,False,False,,-1,28.7811,1000
2026-06-19 05:31:25,102,B+2.5,4,True,False,False,,-1,28.7412,1000
2026-06-19 05:32:00,123,W+5.5,14,True,False,False,,-1,28.739,1000
2026-06-19 05:32:31,106,B+2.5,7,True,False,False,,-1,28.7198,1000
2026-06-19 05:32:57,97,W+7.5,8,True,False,False,,-1,28.6044,1000
2026-06-19 05:33:25,92,W+26.5,5,True,False,False,,-1,28.548,1000
2026-06-19 05:33:54,109,W+9.5,3,True,False,False,,-1,28.4493,1000
2026-06-19 05:34:28,125,W+3.5,12,True,False,False,,-1,28.5097,1000
2026-06-19 05:35:11,162,B+4.5,33,True,False,False,,-1,28.6045,1000
2026-06-19 05:35:38,95,W+2.5,7,True,False,False,,-1,28.561,1000
2026-06-19 05:36:13,126,B+4.5,17,True,False,False,,-1,28.6188,1000
2026-06-19 05:36:43,107,W+1.5,12,True,False,False,,-1,28.5915,1000
2026-06-19 05:37:21,144,B+5.5,15,True,False,False,,-1,28.6379,1000
2026-06-19 05:37:47,100,B+1.5,8,True,False,False,,-1,28.6295,1000
2026-06-19 05:38:15,97,W+3.5,11,True,False,False,,-1,28.6696,1000
2026-06-19 05:38:42,95,W+16.5,3,True,False,False,,-1,28.6558,1000
2026-06-19 05:39:14,123,W+2.5,11,True,False,False,,-1,28.6601,1000
2026-06-19 05:39:45,115,W+0.5,11,True,False,False,,-1,28.5858,1000
2026-06-19 05:40:16,115,W+4.5,7,True,False,False,,-1,28.5374,1000
2026-06-19 05:40:43,104,B+0.5,8,True,False,False,,-1,28.4595,1000
2026-06-19 05:41:12,103,W+9.5,5,True,False,False,,-1,28.429,1000
2026-06-19 05:41:37,92,B+3.5,4,True,False,False,,-1,28.3161,1000
2026-06-19 05:42:02,92,B+5.5,4,True,False,False,,-1,28.25,1000
2026-06-19 05:42:31,101,W+7.5,8,True,False,False,,-1,28.2449,1000
2026-06-19 05:42:37,24,W+7.5,2,True,False,False,,-1,28.0291,1000
2026-06-19 05:43:04,100,B+1.5,7,True,False,False,,-1,28.0248,1000
2026-06-19 05:43:34,99,W+0.5,8,True,False,False,,-1,28.0476,1000
2026-06-19 05:44:08,126,B+3.5,18,True,False,False,,-1,28.0621,1000
2026-06-19 05:44:41,161,W+3.5,22,True,False,False,,-1,28.0511,1000
2026-06-19 05:45:07,102,B+1.5,12,True,False,False,,-1,27.9466,1000
2026-06-19 05:45:38,118,B+1.5,9,True,False,False,,-1,27.9286,1000
2026-06-19 05:46:17,162,B+7.5,24,True,False,False,,-1,28.0101,1000
2026-06-19 05:46:49,119,W+2.5,10,True,False,False,,-1,27.9561,1000
2026-06-19 05:47:22,135,W+7.5,17,True,False,False,,-1,27.9725,1000
2026-06-19 05:47:51,107,W+0.5,12,True,False,False,,-1,27.8515,1000
2026-06-19 05:48:24,119,W+0.5,8,True,False,False,,-1,27.7931,1000
2026-06-19 05:48:55,111,W+0.5,10,True,False,False,,-1,27.753,1000
2026-06-19 05:49:23,106,B+5.5,6,True,False,False,,-1,27.7628,1000
2026-06-19 05:49:51,107,W+8.5,13,True,False,False,,-1,27.6913,1000
2026-06-19 05:52:24,129,W+2.5,14,True,False,False,,-1,27.7911,2000
2026-06-19 05:52:59,109,W+2.5,7,True,False,False,,-1,27.8611,2000
2026-06-19 05:53:29,92,B+0.5,4,True,False,False,,-1,27.869,2000
2026-06-19 05:54:02,104,B+1.5,9,True,False,False,,-1,27.8475,2000
2026-06-19 05:54:38,124,B+2.5,15,True,False,False,,-1,27.8828,2000
2026-06-19 05:54:53,54,W+7.5,3,True,False,False,,-1,27.907,2000
2026-06-19 05:55:26,125,W+1.5,17,True,False,False,,-1,27.8446,2000
2026-06-19 05:55:56,111,W+0.5,9,True,False,False,,-1,27.8157,2000
2026-06-19 05:56:32,123,W+0.5,15,True,False,False,,-1,28.0882,2000
2026-06-19 05:57:04,117,W+1.5,17,True,False,False,,-1,28.1753,2000
2026-06-19 05:57:34,119,W+2.5,11,True,False,False,,-1,28.2231,2000
2026-06-19 05:58:04,115,W+2.5,12,True,False,False,,-1,28.3682,2000
2026-06-19 05:58:32,96,B+2.5,8,True,False,False,,-1,28.588,2000
2026-06-19 05:59:06,126,B+3.5,15,True,False,False,,-1,28.7983,2000
2026-06-19 05:59:39,121,W+0.5,13,True,False,False,,-1,29.0108,2000
2026-06-19 06:00:13,120,B+1.5,11,True,False,False,,-1,29.0988,2000
2026-06-19 06:00:57,159,W+7.5,28,True,False,False,,-1,29.2462,2000
2026-06-19 06:01:08,44,W+9.5,2,True,False,False,,-1,29.0813,2000
2026-06-19 06:01:28,68,W+4.5,2,True,False,False,,-1,28.977,2000
2026-06-19 06:01:55,103,W+4.5,15,True,False,False,,-1,28.8735,2000
2026-06-19 06:02:24,110,B+10.5,6,True,False,False,,-1,28.8554,2000
2026-06-19 06:02:55,105,W+0.5,11,True,False,False,,-1,28.9092,2000
2026-06-19 06:03:24,108,B+0.5,13,True,False,False,,-1,28.9315,2000
2026-06-19 06:03:56,113,W+1.5,8,True,False,False,,-1,28.8883,2000
2026-06-19 06:04:29,115,W+2.5,13,True,False,False,,-1,28.8741,2000
2026-06-19 06:04:58,107,W+1.5,14,True,False,False,,-1,28.8327,2000
2026-06-19 06:05:18,79,B+9.5,6,True,False,False,,-1,28.7547,2000
2026-06-19 06:05:34,58,W+13.5,2,True,False,False,,-1,28.7579,2000
2026-06-19 06:06:06,122,B+3.5,15,True,False,False,,-1,28.8077,2000
2026-06-19 06:06:38,120,B+1.5,14,True,False,False,,-1,28.8038,2000
2026-06-19 06:07:17,141,W+2.5,16,True,False,False,,-1,28.8819,2000
2026-06-19 06:07:45,107,W+0.5,10,True,False,False,,-1,28.8332,2000
2026-06-19 06:08:14,103,W+2.5,14,True,False,False,,-1,28.7932,2000
2026-06-19 06:08:41,99,B+1.5,8,True,False,False,,-1,28.7685,2000
2026-06-19 06:09:07,100,B+7.5,6,True,False,False,,-1,28.7487,2000
2026-06-19 06:09:37,109,W+2.5,19,True,False,False,,-1,28.7248,2000
2026-06-19 06:09:59,74,W+15.5,2,True,False,False,,-1,28.6869,2000
2026-06-19 06:10:37,131,W+1.5,21,True,False,False,,-1,28.7265,2000
2026-06-19 06:11:04,100,B+0.5,4,True,False,False,,-1,28.699,2000
2026-06-19 06:11:50,161,W+5.5,26,True,False,False,,-1,28.864,2000
2026-06-19 06:12:19,110,B+1.5,10,True,False,False,,-1,28.866,2000
2026-06-19 06:12:59,131,W+8.5,15,True,False,False,,-1,29.1317,2000
2026-06-19 06:13:17,63,B+3.5,2,True,False,False,,-1,29.2522,2000
2026-06-19 06:14:04,162,B+11.5,28,True,False,False,,-1,29.3859,2000
2026-06-19 06:14:33,110,B+2.5,9,True,False,False,,-1,29.6204,2000
2026-06-19 06:15:15,146,B+0.5,26,True,False,False,,-1,29.8146,2000
2026-06-19 06:15:56,143,W+1.5,21,True,False,False,,-1,29.9089,2000
2026-06-19 06:16:21,93,W+8.5,6,True,False,False,,-1,30.0593,2000
2026-06-19 06:16:49,101,B+2.5,4,True,False,False,,-1,30.1259,2000
2026-06-19 06:17:27,119,B+22.5,2,True,False,False,,-1,30.3655,2000
2026-06-19 06:17:35,28,W+7.5,2,True,False,False,,-1,30.2084,2000
2026-06-19 06:17:58,93,W+3.5,13,True,False,False,,-1,30.1704,2000
2026-06-19 06:18:31,109,B+6.5,5,True,False,False,,-1,30.2252,2000
2026-06-19 06:19:08,122,B+4.5,9,True,False,False,,-1,30.3124,2000
2026-06-19 06:19:36,101,B+1.5,9,True,False,False,,-1,30.2696,2000
2026-06-19 06:20:13,124,B+5.5,13,True,False,False,,-1,30.2916,2000
2026-06-19 06:20:49,126,B+2.5,16,True,False,False,,-1,30.2924,2000
2026-06-19 06:21:21,132,B+1.5,19,True,False,False,,-1,30.3121,2000
2026-06-19 06:21:52,111,B+13.5,6,True,False,False,,-1,30.349,2000
2026-06-19 06:22:34,144,B+13.5,27,True,False,False,,-1,30.4355,2000
2026-06-19 06:23:09,121,W+1.5,12,True,False,False,,-1,30.4489,2000
2026-06-19 06:23:41,110,B+1.5,10,True,False,False,,-1,30.4827,2000
2026-06-19 06:24:14,115,W+1.5,13,True,False,False,,-1,30.4625,2000
2026-06-19 06:24:59,154,B+1.5,15,True,False,False,,-1,30.6052,2000
2026-06-19 06:25:26,103,B+0.5,9,True,False,False,,-1,30.6206,2000
2026-06-19 06:25:56,105,B+2.5,9,True,False,False,,-1,30.6351,2000
2026-06-19 06:26:24,103,W+3.5,14,True,False,False,,-1,30.6193,2000
2026-06-19 06:26:58,113,W+1.5,12,True,False,False,,-1,30.6178,2000
2026-06-19 06:27:25,100,B+7.5,6,True,False,False,,-1,30.4632,2000
2026-06-19 06:27:50,92,B+0.5,3,True,False,False,,-1,30.4433,2000
2026-06-19 06:28:23,119,B+3.5,7,True,False,False,,-1,30.4294,2000
2026-06-19 06:28:54,110,B+0.5,16,True,False,False,,-1,30.43,2000
2026-06-19 06:29:22,109,W+2.5,16,True,False,False,,-1,30.331,2000
2026-06-19 06:29:54,123,W+0.5,17,True,False,False,,-1,30.3871,2000
2026-06-19 06:30:29,115,W+2.5,12,True,False,False,,-1,30.461,2000
2026-06-19 06:31:04,127,W+2.5,20,True,False,False,,-1,30.5422,2000
2026-06-19 06:31:40,131,W+2.5,16,True,False,False,,-1,30.5764,2000
2026-06-19 06:31:45,22,W+7.5,2,True,False,False,,-1,30.3251,2000
2026-06-19 06:32:14,103,W+0.5,7,True,False,False,,-1,30.3047,2000
2026-06-19 06:32:46,117,B+0.5,9,True,False,False,,-1,30.3549,2000
2026-06-19 06:33:16,123,B+7.5,22,True,False,False,,-1,30.3685,2000
2026-06-19 06:33:50,115,W+2.5,11,True,False,False,,-1,30.4452,2000
2026-06-19 06:34:17,98,B+1.5,7,True,False,False,,-1,30.47,2000
2026-06-19 06:34:46,109,B+1.5,8,True,False,False,,-1,30.4698,2000
2026-06-19 06:35:18,122,B+26.5,13,True,False,False,,-1,30.7382,2000
2026-06-19 06:35:48,118,W+2.5,16,True,False,False,,-1,30.7631,2000
2026-06-19 06:36:19,127,W+1.5,20,True,False,False,,-1,30.7804,2000
2026-06-19 06:36:47,100,W+3.5,12,True,False,False,,-1,30.7172,2000
2026-06-19 06:37:26,131,W+2.5,18,True,False,False,,-1,30.7745,2000
2026-06-19 06:37:57,104,B+2.5,11,True,False,False,,-1,30.8169,2000
2026-06-19 06:38:31,124,B+2.5,16,True,False,False,,-1,30.8563,2000
2026-06-19 06:39:06,128,B+5.5,20,True,False,False,,-1,30.8118,2000
2026-06-19 06:39:40,109,W+12.5,8,True,False,False,,-1,30.8338,2000
2026-06-19 06:40:10,103,W+1.5,8,True,False,False,,-1,30.8048,2000
2026-06-19 06:40:45,112,B+0.5,11,True,False,False,,-1,30.8557,2000
2026-06-19 06:41:22,142,B+7.5,22,True,False,False,,-1,30.9045,2000
2026-06-19 06:41:28,26,W+7.5,2,True,False,False,,-1,30.6556,2000
2026-06-19 06:42:02,125,W+14.5,14,True,False,False,,-1,30.715,2000
2026-06-19 06:42:31,101,W+0.5,6,True,False,False,,-1,30.7232,2000
2026-06-19 06:43:05,125,W+6.5,21,True,False,False,,-1,30.8182,2000
2026-06-19 06:43:29,92,B+0.5,6,True,False,False,,-1,30.6434,2000
2026-06-19 06:43:58,99,B+3.5,3,True,False,False,,-1,30.5877,2000
2026-06-19 06:44:32,116,B+2.5,13,True,False,False,,-1,30.6261,2000
2026-06-19 06:45:05,125,W+15.5,17,True,False,False,,-1,30.6312,2000
2026-06-19 06:45:35,104,B+6.5,6,True,False,False,,-1,30.5615,2000
2026-06-19 06:46:06,103,B+5.5,6,True,False,False,,-1,30.7272,2000
2026-06-19 06:46:47,137,W+0.5,15,True,False,False,,-1,30.8076,2000
2026-06-19 06:47:20,119,W+10.5,23,True,False,False,,-1,30.8393,2000
2026-06-19 06:47:58,137,W+2.5,11,True,False,False,,-1,30.8562,2000
2026-06-19 06:48:30,126,W+5.5,22,True,False,False,,-1,30.8581,2000
2026-06-19 06:49:03,124,B+5.5,20,True,False,False,,-1,30.883,2000
2026-06-19 06:49:28,90,B+2.5,6,True,False,False,,-1,30.8443,2000
2026-06-19 06:50:03,122,B+2.5,8,True,False,False,,-1,30.9148,2000
2026-06-19 06:50:23,70,W+9.5,2,True,False,False,,-1,30.7666,2000
2026-06-19 06:50:52,113,W+2.5,19,True,False,False,,-1,30.7293,2000
2026-06-19 06:51:23,116,B+7.5,16,True,False,False,,-1,30.696,2000
2026-06-19 06:51:52,101,W+1.5,6,True,False,False,,-1,30.5471,2000
2026-06-19 06:52:17,92,W+0.5,2,True,False,False,,-1,30.6828,2000
2026-06-19 06:52:51,106,B+1.5,6,True,False,False,,-1,30.825,2000
2026-06-19 06:53:19,99,W+7.5,9,True,False,False,,-1,30.8323,2000
2026-06-19 06:53:33,48,W+5.5,2,True,False,False,,-1,30.6841,2000
2026-06-19 06:53:51,64,W+6.5,2,True,False,False,,-1,30.5537,2000
2026-06-19 06:54:22,101,B+5.5,7,True,False,False,,-1,30.5777,2000
2026-06-19 06:54:53,119,W+2.5,16,True,False,False,,-1,30.5669,2000
2026-06-19 06:55:19,111,W+5.5,18,True,False,False,,-1,30.5036,2000
2026-06-19 06:55:28,30,W+7.5,2,True,False,False,,-1,30.3002,2000
2026-06-19 06:55:43,52,W+11.5,2,True,False,False,,-1,30.246,2000
2026-06-19 06:56:14,121,W+6.5,10,True,False,False,,-1,30.3981,2000
2026-06-19 06:56:26,42,W+9.5,2,True,False,False,,-1,30.1937,2000
2026-06-19 06:57:03,131,B+0.5,16,True,False,False,,-1,30.2532,2000
2026-06-19 06:57:38,116,B+0.5,7,True,False,False,,-1,30.2046,2000
2026-06-19 06:58:07,114,W+5.5,14,True,False,False,,-1,30.2187,2000
2026-06-19 06:58:23,58,W+5.5,2,True,False,False,,-1,30.0804,2000
2026-06-19 06:58:54,107,W+0.5,16,True,False,False,,-1,30.1246,2000
2026-06-19 06:59:28,125,W+2.5,16,True,False,False,,-1,30.2078,2000
2026-06-19 06:59:53,97,W+0.5,15,True,False,False,,-1,30.1604,2000
2026-06-19 07:00:21,99,W+0.5,14,True,False,False,,-1,30.2148,2000
2026-06-19 07:00:49,98,B+1.5,5,True,False,False,,-1,30.1164,2000
2026-06-19 07:01:18,107,B+9.5,5,True,False,False,,-1,30.1319,2000
2026-06-19 07:01:52,119,W+1.5,13,True,False,False,,-1,30.0192,2000
2026-06-19 07:02:25,112,B+0.5,10,True,False,False,,-1,30.0501,2000
2026-06-19 07:03:06,162,W+8.5,35,True,False,False,,-1,30.0634,2000
2026-06-19 07:03:35,102,B+10.5,7,True,False,False,,-1,30.1862,2000
2026-06-19 07:04:04,109,W+2.5,13,True,False,False,,-1,29.9943,2000
2026-06-19 07:04:41,141,W+2.5,16,True,False,False,,-1,30.0731,2000
2026-06-19 07:05:07,100,B+1.5,9,True,False,False,,-1,29.9172,2000
2026-06-19 07:05:45,125,W+0.5,13,True,False,False,,-1,29.8866,2000
2026-06-19 07:06:14,103,W+0.5,10,True,False,False,,-1,29.9351,2000
2026-06-19 07:06:50,128,B+0.5,7,True,False,False,,-1,30.0012,2000
2026-06-19 07:07:16,103,B+2.5,11,True,False,False,,-1,29.8878,2000
2026-06-19 07:07:48,111,W+3.5,8,True,False,False,,-1,30.132,2000
2026-06-19 07:08:16,89,B+2.5,3,True,False,False,,-1,30.1694,2000
2026-06-19 07:08:41,88,W+10.5,4,True,False,False,,-1,30.0932,2000
2026-06-19 07:09:10,107,B+1.5,10,True,False,False,,-1,30.0185,2000
2026-06-19 07:09:29,72,W+11.5,2,True,False,False,,-1,29.927,2000
2026-06-19 07:09:59,105,W+11.5,11,True,False,False,,-1,29.857,2000
2026-06-19 07:10:23,97,W+2.5,10,True,False,False,,-1,29.7377,2000
2026-06-19 07:11:05,139,W+4.5,10,True,False,False,,-1,29.8412,2000
2026-06-19 07:11:30,91,W+10.5,6,True,False,False,,-1,29.781,2000
2026-06-19 07:11:43,52,W+7.5,2,True,False,False,,-1,29.4918,2000
2026-06-19 07:12:29,154,B+5.5,18,True,False,False,,-1,29.5947,2000
2026-06-19 07:12:39,34,W+5.5,2,True,False,False,,-1,29.3714,2000
2026-06-19 07:13:08,102,B+1.5,10,True,False,False,,-1,29.3306,2000
2026-06-19 07:13:29,79,B+4.5,2,True,False,False,,-1,29.0979,2000
2026-06-19 07:13:35,20,W+7.5,2,True,False,False,,-1,28.8866,2000
2026-06-19 07:14:13,137,W+1.5,15,True,False,False,,-1,28.9678,2000
2026-06-19 07:14:43,103,B+3.5,5,True,False,False,,-1,28.9824,2000
2026-06-19 07:15:05,88,W+4.5,2,True,False,False,,-1,28.867,2000
2026-06-19 07:15:29,98,B+3.5,4,True,False,False,,-1,28.8428,2000
2026-06-19 07:15:56,101,W+8.5,15,True,False,False,,-1,28.8605,2000
2026-06-19 07:16:33,132,B+1.5,14,True,False,False,,-1,28.8983,2000
2026-06-19 07:17:01,102,W+4.5,10,True,False,False,,-1,28.8729,2000
2026-06-19 07:17:28,95,B+1.5,9,True,False,False,,-1,28.8574,2000
2026-06-19 07:17:58,101,W+4.5,9,True,False,False,,-1,28.8349,2000
2026-06-19 07:18:41,155,W+1.5,25,True,False,False,,-1,28.9244,2000
2026-06-19 07:19:06,99,W+6.5,9,True,False,False,,-1,28.8174,2000
2026-06-19 07:19:36,101,B+2.5,5,True,False,False,,-1,28.7591,2000
2026-06-19 07:20:00,90,B+10.5,8,True,False,False,,-1,28.9408,2000
2026-06-19 07:20:27,98,B+2.5,5,True,False,False,,-1,28.9306,2000
2026-06-19 07:20:57,106,B+1.5,8,True,False,False,,-1,28.9004,2000
2026-06-19 07:21:29,109,W+0.5,11,True,False,False,,-1,28.9255,2000
2026-06-19 07:22:09,132,B+0.5,10,True,False,False,,-1,28.9937,2000
2026-06-19 07:22:36,104,B+0.5,9,True,False,False,,-1,28.9905,2000
2026-06-19 07:23:02,104,W+1.5,12,True,False,False,,-1,28.9608,2000
2026-06-19 07:23:32,112,B+6.5,11,True,False,False,,-1,28.935,2000
2026-06-19 07:24:01,103,B+0.5,9,True,False,False,,-1,28.9258,2000
2026-06-19 07:24:27,88,B+1.5,5,True,False,False,,-1,28.8773,2000
2026-06-19 07:24:55,110,B+8.5,16,True,False,False,,-1,28.8783,2000
2026-06-19 07:25:24,112,B+5.5,6,True,False,False,,-1,28.7783,2000
2026-06-19 07:25:49,91,W+1.5,10,True,False,False,,-1,28.7185,2000
2026-06-19 07:26:20,112,B+2.5,12,True,False,False,,-1,28.6817,2000
2026-06-19 07:26:39,74,W+11.5,2,True,False,False,,-1,28.5292,2000
2026-06-19 07:27:17,141,W+0.5,22,True,False,False,,-1,28.5605,2000
2026-06-19 07:27:44,97,W+0.5,11,True,False,False,,-1,28.5378,2000
2026-06-19 07:28:17,118,B+4.5,13,True,False,False,,-1,28.5239,2000
2026-06-19 07:28:46,102,B+3.5,10,True,False,False,,-1,28.4374,2000
2026-06-19 07:29:14,98,B+2.5,9,True,False,False,,-1,28.6534,2000
2026-06-19 07:29:49,123,W+0.5,10,True,False,False,,-1,28.6644,2000
2026-06-19 07:30:20,123,W+1.5,20,True,False,False,,-1,28.6953,2000
2026-06-19 07:30:59,132,B+5.5,18,True,False,False,,-1,28.7402,2000
2026-06-19 07:31:10,40,W+3.5,2,True,False,False,,-1,28.6125,2000
2026-06-19 07:31:39,106,W+2.5,10,True,False,False,,-1,28.6055,2000
2026-06-19 07:32:08,109,W+0.5,8,True,False,False,,-1,28.5623,2000
2026-06-19 07:32:41,111,B+2.5,10,True,False,False,,-1,28.554,2000
2026-06-19 07:33:12,114,B+0.5,10,True,False,False,,-1,28.5763,2000
2026-06-19 07:33:44,127,W+0.5,17,True,False,False,,-1,28.5784,2000
2026-06-19 07:34:10,98,B+0.5,5,True,False,False,,-1,28.4314,2000
2026-06-19 07:34:36,94,B+2.5,13,True,False,False,,-1,28.3549,2000
2026-06-19 07:34:59,89,W+13.5,7,True,False,False,,-1,28.2137,2000
2026-06-19 07:35:34,119,W+12.5,14,True,False,False,,-1,28.2369,2000
2026-06-19 07:35:42,28,W+7.5,2,True,False,False,,-1,27.9902,2000
2026-06-19 07:36:06,82,W+9.5,3,True,False,False,,-1,27.9766,2000
2026-06-19 07:36:32,95,W+10.5,9,True,False,False,,-1,27.8881,2000
2026-06-19 07:37:06,118,B+1.5,13,True,False,False,,-1,28.0269,2000
2026-06-19 07:37:36,111,B+2.5,4,True,False,False,,-1,28.0347,2000
2026-06-19 07:38:08,112,B+2.5,10,True,False,False,,-1,28.0452,2000
2026-06-19 07:38:43,124,B+8.5,11,True,False,False,,-1,28.1048,2000
2026-06-19 07:39:24,133,W+20.5,19,True,False,False,,-1,28.2691,2000
2026-06-19 07:39:36,40,W+9.5,2,True,False,False,,-1,28.0489,2000
2026-06-19 07:40:17,146,W+5.5,16,True,False,False,,-1,28.18,2000
2026-06-19 07:40:44,103,W+0.5,8,True,False,False,,-1,28.306,2000
2026-06-19 07:41:19,123,W+8.5,19,True,False,False,,-1,28.478,2000
2026-06-19 07:41:48,103,W+1.5,16,True,False,False,,-1,28.4605,2000
2026-06-19 07:42:19,109,W+1.5,8,True,False,False,,-1,28.4596,2000
2026-06-19 07:43:04,150,B+14.5,19,True,False,False,,-1,28.6432,2000
2026-06-19 07:43:31,98,B+2.5,3,True,False,False,,-1,28.8256,2000
2026-06-19 07:44:08,129,W+0.5,11,True,False,False,,-1,29.0519,2000
2026-06-19 07:44:15,22,W+7.5,2,True,False,False,,-1,28.8063,2000
2026-06-19 07:44:46,114,W+2.5,16,True,False,False,,-1,29.0003,2000
2026-06-19 07:45:14,106,W+1.5,14,True,False,False,,-1,28.9054,2000
2026-06-19 07:45:43,102,B+0.5,4,True,False,False,,-1,28.8457,2000
2026-06-19 07:46:07,89,W+2.5,8,True,False,False,,-1,28.7983,2000
2026-06-19 07:46:39,113,W+0.5,9,True,False,False,,-1,28.9607,2000
2026-06-19 07:46:44,22,W+7.5,2,True,False,False,,-1,28.6995,2000
2026-06-19 07:47:15,121,W+4.5,17,True,False,False,,-1,28.663,2000
2026-06-19 07:47:42,108,B+5.5,9,True,False,False,,-1,28.6833,2000
2026-06-19 07:48:11,106,B+1.5,10,True,False,False,,-1,28.6963,2000
2026-06-19 07:48:18,24,W+7.5,2,True,False,False,,-1,28.488,2000
2026-06-19 07:48:52,113,W+1.5,9,True,False,False,,-1,28.54,2000
2026-06-19 07:49:20,95,W+3.5,7,True,False,False,,-1,28.4741,2000
2026-06-19 07:49:58,129,W+4.5,15,True,False,False,,-1,28.5302,2000
2026-06-19 07:50:28,117,W+7.5,14,True,False,False,,-1,28.4243,2000
2026-06-19 07:50:59,105,W+7.5,9,True,False,False,,-1,28.4322,2000
2026-06-19 07:51:29,115,W+2.5,16,True,False,False,,-1,28.4519,2000
2026-06-19 07:52:08,133,W+0.5,10,True,False,False,,-1,28.4692,2000
2026-06-19 07:52:40,109,B+3.5,9,True,False,False,,-1,28.5231,2000
2026-06-19 07:53:10,119,W+1.5,16,True,False,False,,-1,28.4519,2000
2026-06-19 07:53:54,153,W+1.5,18,True,False,False,,-1,28.5939,2000
2026-06-19 07:54:04,34,W+7.5,2,True,False,False,,-1,28.3369,2000
2026-06-19 07:54:37,113,W+2.5,14,True,False,False,,-1,28.4003,2000
2026-06-19 07:55:04,101,W+1.5,6,True,False,False,,-1,28.3527,2000
2026-06-19 07:55:40,126,B+0.5,6,True,False,False,,-1,28.4457,2000
2026-06-19 07:56:08,102,B+0.5,13,True,False,False,,-1,28.463,2000
2026-06-19 07:56:33,81,B+5.5,4,True,False,False,,-1,28.4209,2000
2026-06-19 07:57:02,108,B+1.5,15,True,False,False,,-1,28.5283,2000
2026-06-19 07:57:21,64,W+5.5,3,True,False,False,,-1,28.4166,2000
2026-06-19 07:57:53,119,W+0.5,11,True,False,False,,-1,28.4994,2000
2026-06-19 07:58:28,129,W+1.5,12,True,False,False,,-1,28.427,2000
2026-06-19 07:59:01,113,W+2.5,12,True,False,False,,-1,28.5103,2000
2026-06-19 07:59:30,102,B+2.5,9,True,False,False,,-1,28.663,2000
2026-06-19 08:00:11,143,W+1.5,15,True,False,False,,-1,28.62,2000
2026-06-19 08:00:41,106,W+2.5,16,True,False,False,,-1,28.8228,2000
2026-06-19 08:01:26,152,W+5.5,19,True,False,False,,-1,28.9752,2000
2026-06-19 08:01:55,107,W+1.5,12,True,False,False,,-1,29.0609,2000
2026-06-19 08:02:22,91,W+0.5,8,True,False,False,,-1,29.2603,2000
2026-06-19 08:02:47,85,B+8.5,2,True,False,False,,-1,29.1393,2000
2026-06-19 08:02:58,42,W+8.5,2,True,False,False,,-1,28.956,2000
2026-06-19 08:03:29,103,W+0.5,7,True,False,False,,-1,29.036,2000
2026-06-19 08:04:09,162,W+47.5,18,True,False,False,,-1,29.1924,2000
2026-06-19 08:04:44,142,W+6.5,23,True,False,False,,-1,29.2735,2000
2026-06-19 08:05:13,105,W+1.5,6,True,False,False,,-1,29.1925,2000
2026-06-19 08:05:44,103,W+1.5,7,True,False,False,,-1,29.2264,2000
2026-06-19 08:06:17,119,W+2.5,7,True,False,False,,-1,29.284,2000
2026-06-19 08:06:41,102,W+1.5,14,True,False,False,,-1,29.2356,2000
2026-06-19 08:07:06,84,B+1.5,3,True,False,False,,-1,29.0464,2000
2026-06-19 08:07:40,146,B+7.5,27,True,False,False,,-1,29.1422,2000
2026-06-19 08:08:06,94,B+0.5,7,True,False,False,,-1,29.1006,2000
2026-06-19 08:08:39,119,W+0.5,13,True,False,False,,-1,29.1953,2000
2026-06-19 08:09:07,103,B+3.5,4,True,False,False,,-1,29.1912,2000
2026-06-19 08:09:33,98,B+1.5,7,True,False,False,,-1,29.1652,2000
2026-06-19 08:10:07,110,W+1.5,9,True,False,False,,-1,29.1734,2000
2026-06-19 08:10:35,103,W+0.5,14,True,False,False,,-1,29.0545,2000
2026-06-19 08:11:04,106,B+9.5,14,True,False,False,,-1,29.0797,2000
2026-06-19 08:11:30,91,B+3.5,4,True,False,False,,-1,29.0787,2000
2026-06-19 08:11:56,93,W+7.5,9,True,False,False,,-1,29.0365,2000
2026-06-19 08:12:42,158,B+6.5,22,True,False,False,,-1,29.2068,2000
2026-06-19 08:13:15,114,B+1.5,9,True,False,False,,-1,29.273,2000
2026-06-19 08:13:45,103,W+3.5,13,True,False,False,,-1,29.2914,2000
2026-06-19 08:14:18,122,B+1.5,17,True,False,False,,-1,29.3373,2000
2026-06-19 08:14:46,102,B+0.5,11,True,False,False,,-1,29.3714,2000
2026-06-19 08:15:15,96,B+2.5,8,True,False,False,,-1,29.3469,2000
2026-06-19 08:15:51,132,B+4.5,14,True,False,False,,-1,29.5125,2000
2026-06-19 08:16:16,99,W+0.5,9,True,False,False,,-1,29.3936,2000
2026-06-19 08:16:42,102,B+1.5,9,True,False,False,,-1,29.3735,2000
2026-06-19 08:17:06,99,B+3.5,8,True,False,False,,-1,29.284,2000
2026-06-19 08:17:40,130,W+3.5,19,True,False,False,,-1,29.3389,2000
2026-06-19 08:18:04,78,W+3.5,2,True,False,False,,-1,29.2994,2000
2026-06-19 08:18:32,95,W+25.5,3,True,False,False,,-1,29.2289,2000
2026-06-19 08:18:58,99,W+0.5,6,True,False,False,,-1,29.174,2000
2026-06-19 08:19:24,104,W+7.5,9,True,False,False,,-1,29.0447,2000
2026-06-19 08:20:01,141,W+1.5,23,True,False,False,,-1,29.3082,2000
2026-06-19 08:20:34,112,B+3.5,12,True,False,False,,-1,29.3492,2000
2026-06-19 08:21:06,119,W+1.5,11,True,False,False,,-1,29.3784,2000
2026-06-19 08:21:40,119,W+2.5,11,True,False,False,,-1,29.3901,2000
2026-06-19 08:22:17,162,W+2.5,24,True,False,False,,-1,29.4448,2000
2026-06-19 08:22:58,151,W+0.5,27,True,False,False,,-1,29.5387,2000
2026-06-19 08:23:23,104,W+0.5,16,True,False,False,,-1,29.5308,2000
2026-06-19 08:23:47,79,B+4.5,5,True,False,False,,-1,29.5098,2000
2026-06-19 08:24:20,106,B+8.5,8,True,False,False,,-1,29.609,2000
2026-06-19 08:24:55,117,W+1.5,9,True,False,False,,-1,29.6036,2000
2026-06-19 08:25:24,107,W+5.5,11,True,False,False,,-1,29.8138,2000
2026-06-19 08:25:46,78,W+4.5,3,True,False,False,,-1,29.7943,2000
2026-06-19 08:26:32,151,W+0.5,18,True,False,False,,-1,29.994,2000
2026-06-19 08:26:59,103,W+0.5,13,True,False,False,,-1,29.9289,2000
2026-06-19 08:27:29,117,W+0.5,9,True,False,False,,-1,29.9352,2000
2026-06-19 08:28:03,115,W+1.5,20,True,False,False,,-1,29.9457,2000
2026-06-19 08:28:31,106,B+0.5,10,True,False,False,,-1,29.8802,2000
2026-06-19 08:29:08,130,B+11.5,14,True,False,False,,-1,29.8406,2000
2026-06-19 08:29:40,113,W+0.5,12,True,False,False,,-1,30.0443,2000
2026-06-19 08:30:10,113,W+0.5,8,True,False,False,,-1,29.9324,2000
2026-06-19 08:30:46,124,B+1.5,12,True,False,False,,-1,30.023,2000
2026-06-19 08:31:20,135,W+0.5,24,True,False,False,,-1,30.0071,2000
2026-06-19 08:31:26,20,W+7.5,2,True,False,False,,-1,29.7728,2000
2026-06-19 08:31:54,92,B+3.5,3,True,False,False,,-1,29.7432,2000
2026-06-19 08:32:22,102,W+8.5,10,True,False,False,,-1,29.5833,2000
2026-06-19 08:33:07,152,B+0.5,25,True,False,False,,-1,29.7592,2000
2026-06-19 08:33:33,98,B+9.5,4,True,False,False,,-1,29.6487,2000
2026-06-19 08:34:01,102,B+13.5,8,True,False,False,,-1,29.8555,2000
2026-06-19 08:34:46,162,W+3.5,31,True,False,False,,-1,29.9979,2000
2026-06-26 09:18:44,157,W+69.5,5,True,False,False,,-1,39.662,0
2026-06-26 09:19:03,86,W+6.5,3,True,False,False,,-1,29.2187,0
2026-06-26 09:19:32,141,B+36.5,5,True,False,False,,-1,29.0663,0
2026-06-26 09:19:57,123,B+38.5,2,True,False,False,,-1,27.9812,0
2026-06-26 09:20:13,78,W+15.5,2,True,False,False,,-1,25.6015,0
2026-06-26 09:20:46,162,B+53.5,1,True,False,False,,-1,26.9526,0
2026-06-26 09:21:09,106,W+5.5,2,True,False,False,,-1,26.3053,0
2026-06-26 09:21:35,115,B+29.5,2,True,False,False,,-1,26.2681,0
2026-06-26 09:22:03,135,B+41.5,4,True,False,False,,-1,26.4553,0
2026-06-26 09:22:35,162,B+14.5,1,True,False,False,,-1,26.9801,0
2026-06-26 09:23:12,162,W+56.5,1,True,False,False,,-1,27.9655,0
2026-06-26 09:23:25,58,W+10.5,2,True,False,False,,-1,26.651,0
2026-06-26 09:23:52,132,W+53.5,3,True,False,False,,-1,26.7034,0
2026-06-26 09:24:28,162,B+35.5,2,True,False,False,,-1,27.3806,0
2026-06-26 09:24:53,120,W+51.5,2,True,False,False,,-1,27.195,0
2026-06-26 09:25:11,77,B+1.5,2,True,False,False,,-1,26.6146,0
2026-06-26 09:25:38,126,B+34.5,2,True,False,False,,-1,26.6421,0
2026-06-26 09:25:59,109,W+9.5,5,True,False,False,,-1,26.3249,0
2026-06-26 09:26:25,124,B+41.5,3,True,False,False,,-1,26.3158,0
2026-06-26 09:26:55,145,B+38.5,3,True,False,False,,-1,26.5074,0
2026-06-26 09:27:18,124,B+38.5,2,True,False,False,,-1,26.3644,0
2026-06-26 09:27:45,137,B+29.5,3,True,False,False,,-1,26.3684,0
2026-06-26 09:28:08,114,W+24.5,2,True,False,False,,-1,26.2144,0
2026-06-26 09:28:26,95,B+4.5,4,True,False,False,,-1,25.8728,0
2026-06-26 09:28:56,135,B+47.5,2,True,False,False,,-1,26.0346,0
2026-06-26 09:29:13,85,B+1.5,2,True,False,False,,-1,25.6869,0
2026-06-26 09:29:20,34,W+5.5,2,True,False,False,,-1,25.0216,0
2026-06-26 09:29:51,161,B+37.5,5,True,False,False,,-1,25.2365,0
2026-06-26 09:30:11,92,W+13.5,2,True,False,False,,-1,25.0474,0
2026-06-26 09:30:46,162,W+53.5,6,True,False,False,,-1,25.371,0
2026-06-26 09:31:19,157,W+46.5,7,True,False,False,,-1,25.6056,0
2026-06-26 09:31:45,125,W+54.5,2,True,False,False,,-1,25.6268,0
2026-06-26 09:32:06,105,B+12.5,2,True,False,False,,-1,25.478,0
2026-06-26 09:32:28,117,B+3.5,5,True,False,False,,-1,25.392,0
2026-06-26 09:32:50,109,B+14.5,2,True,False,False,,-1,25.3048,0
2026-06-26 09:33:25,162,W+72.5,1,True,False,False,,-1,25.5629,0
2026-06-26 09:33:47,100,B+14.5,2,True,False,False,,-1,25.4762,0
2026-06-26 09:34:16,143,B+60.5,4,True,False,False,,-1,25.5614,0
2026-06-26 09:34:31,63,B+4.5,2,True,False,False,,-1,25.2812,0
2026-06-26 09:34:50,93,B+2.5,4,True,False,False,,-1,25.1208,0
2026-06-26 09:35:13,113,W+17.5,4,True,False,False,,-1,25.0879,0
2026-06-26 09:35:37,121,B+21.5,3,True,False,False,,-1,25.0579,0
2026-06-26 09:35:59,108,B+2.5,6,True,False,False,,-1,24.9778,0
2026-06-26 09:36:20,110,W+9.5,3,True,False,False,,-1,24.8861,0
2026-06-26 09:36:50,148,W+51.5,4,True,False,False,,-1,25.0012,0
2026-06-26 09:37:19,149,B+54.5,4,True,False,False,,-1,25.099,0
2026-06-26 09:37:39,100,W+25.5,2,True,False,False,,-1,24.9783,0
2026-06-26 09:38:11,147,B+56.5,4,True,False,False,,-1,25.1229,0
2026-06-26 09:38:28,88,W+11.5,2,True,False,False,,-1,24.9597,0
2026-06-26 09:38:48,95,B+6.5,2,True,False,False,,-1,24.8592,0
2026-06-26 09:39:06,77,B+12.5,2,True,False,False,,-1,24.7258,0
2026-06-26 09:39:32,133,B+35.5,4,True,False,False,,-1,24.762,0
2026-06-26 09:40:08,162,W+74.5,3,True,False,False,,-1,24.966,0
2026-06-26 09:40:37,139,W+47.5,3,True,False,False,,-1,25.0376,0
2026-06-26 09:41:05,132,W+43.5,2,True,False,False,,-1,25.09,0
2026-06-26 09:41:26,107,B+1.5,2,True,False,False,,-1,25.0274,0
2026-06-26 09:41:55,144,B+52.5,4,True,False,False,,-1,25.0859,0
2026-06-26 09:42:13,88,W+6.5,3,True,False,False,,-1,24.9674,0
2026-06-26 09:42:45,148,W+57.5,2,True,False,False,,-1,25.0944,0
2026-06-26 09:43:15,162,W+82.5,2,True,False,False,,-1,25.1613,0
2026-06-26 09:43:36,101,B+0.5,3,True,False,False,,-1,25.0962,0
2026-06-26 09:43:58,109,B+1.5,6,True,False,False,,-1,25.0563,0
2026-06-26 09:44:32,162,B+21.5,2,True,False,False,,-1,25.1952,0
2026-06-26 09:45:04,162,B+59.5,3,True,False,False,,-1,25.2958,0
2026-06-26 09:45:26,115,B+32.5,5,True,False,False,,-1,25.2472,0
2026-06-26 09:45:46,91,B+17.5,3,True,False,False,,-1,25.163,0
2026-06-26 09:46:16,147,B+44.5,6,True,False,False,,-1,25.2343,0
2026-06-26 09:46:46,149,B+39.5,4,True,False,False,,-1,25.3082,0
2026-06-26 09:47:17,162,W+71.5,3,True,False,False,,-1,25.3997,0
2026-06-26 09:47:45,137,W+38.5,3,True,False,False,,-1,25.4344,0
2026-06-26 09:48:01,78,W+8.5,2,True,False,False,,-1,25.3008,0
2026-06-26 09:48:23,118,B+2.5,3,True,False,False,,-1,25.2537,0
2026-06-26 09:48:50,131,W+27.5,4,True,False,False,,-1,25.2752,0
2026-06-26 09:49:11,93,B+26.5,4,True,False,False,,-1,25.214,0
2026-06-26 09:49:40,141,B+60.5,3,True,False,False,,-1,25.2718,0
2026-06-26 09:50:05,109,B+15.5,4,True,False,False,,-1,25.2671,0
2026-06-26 09:50:27,105,B+1.5,2,True,False,False,,-1,25.2196,0
2026-06-26 09:50:53,136,W+49.5,4,True,False,False,,-1,25.2277,0
2026-06-26 09:51:14,98,W+14.5,2,True,False,False,,-1,25.1728,0
2026-06-26 09:51:43,144,W+45.5,5,True,False,False,,-1,25.2259,0
2026-06-26 09:52:16,162,B+7.5,1,True,False,False,,-1,25.3225,0
2026-06-26 09:52:50,162,W+60.5,1,True,False,False,,-1,25.4288,0
2026-06-26 09:53:11,101,B+4.5,2,True,False,False,,-1,25.3709,0
2026-06-26 09:53:39,132,B+29.5,2,True,False,False,,-1,25.4037,0
2026-06-26 09:53:45,28,W+7.5,2,True,False,False,,-1,25.1731,0
2026-06-26 09:54:13,141,B+44.5,3,True,False,False,,-1,25.2134,0
2026-06-26 09:54:36,105,W+10.5,3,True,False,False,,-1,25.1878,0
2026-06-26 09:54:55,85,B+4.5,3,True,False,False,,-1,25.1162,0
2026-06-26 09:55:15,98,W+23.5,2,True,False,False,,-1,25.0591,0
2026-06-26 09:55:41,126,B+13.5,3,True,False,False,,-1,25.0655,0
2026-06-26 09:56:00,99,W+5.5,3,True,False,False,,-1,24.996,0
2026-06-26 09:56:13,61,B+0.5,2,True,False,False,,-1,24.8683,0
2026-06-26 09:56:34,93,B+3.5,4,True,False,False,,-1,24.8315,0
2026-06-26 09:56:56,109,B+11.5,3,True,False,False,,-1,24.7939,0
2026-06-26 09:57:18,117,W+30.5,3,True,False,False,,-1,24.7719,0
2026-06-26 09:57:48,161,B+62.5,4,True,False,False,,-1,24.8247,0
2026-06-26 09:58:15,125,W+15.5,2,True,False,False,,-1,24.849,0
2026-06-26 09:58:35,90,W+7.5,4,True,False,False,,-1,24.7937,0
2026-06-26 09:58:54,88,W+12.5,2,True,False,False,,-1,24.7359,0
2026-06-26 09:59:16,113,B+10.5,3,True,False,False,,-1,24.7147,0
2026-06-26 09:59:41,115,B+16.5,4,True,False,False,,-1,24.5649,0
2026-06-26 10:00:02,107,W+14.5,4,True,False,False,,-1,24.5914,0
2026-06-26 10:00:36,153,B+47.5,4,True,False,False,,-1,24.6376,0
2026-06-26 10:00:56,93,B+6.5,2,True,False,False,,-1,24.5927,0
2026-06-26 10:01:21,135,B+42.5,2,True,False,False,,-1,24.6838,0
2026-06-26 10:01:43,104,W+2.5,3,True,False,False,,-1,24.5632,0
2026-06-26 10:02:16,162,B+61.5,1,True,False,False,,-1,24.671,0
2026-06-26 10:02:39,101,B+14.5,2,True,False,False,,-1,24.6373,0
2026-06-26 10:03:12,162,W+57.5,0,True,False,False,,-1,24.6925,0
2026-06-26 10:03:34,109,B+0.5,3,True,False,False,,-1,24.5946,0
2026-06-26 10:04:04,150,W+63.5,7,True,False,False,,-1,24.5156,0
2026-06-26 10:04:34,141,B+55.5,2,True,False,False,,-1,24.6906,0
2026-06-26 10:05:00,129,B+29.5,4,True,False,False,,-1,24.683,0
2026-06-26 10:05:31,160,W+68.5,2,True,False,False,,-1,24.63,0
2026-06-26 10:06:00,145,B+48.5,3,True,False,False,,-1,24.6683,0
2026-06-26 10:06:26,139,B+48.5,4,True,False,False,,-1,24.7562,0
2026-06-26 10:06:43,73,B+8.5,2,True,False,False,,-1,24.6531,0
2026-06-26 10:07:04,110,W+8.5,2,True,False,False,,-1,24.6494,0
2026-06-26 10:07:31,139,B+44.5,4,True,False,False,,-1,24.6567,0
2026-06-26 10:07:54,116,B+4.5,5,True,False,False,,-1,24.5879,0
2026-06-26 10:08:30,162,B+43.5,1,True,False,False,,-1,24.7134,0
2026-06-26 10:08:54,118,W+18.5,3,True,False,False,,-1,24.6922,0
2026-06-26 10:09:30,162,W+37.5,1,True,False,False,,-1,24.823,0
2026-06-26 10:09:59,137,B+22.5,3,True,False,False,,-1,24.9267,0
2026-06-26 10:10:30,162,W+58.5,4,True,False,False,,-1,24.9439,0
2026-06-26 10:11:00,157,B+58.5,5,True,False,False,,-1,25.0714,0
2026-06-26 10:11:19,89,B+6.5,2,True,False,False,,-1,25.1847,0
2026-06-26 10:11:40,103,B+12.5,4,True,False,False,,-1,25.0889,0
2026-06-26 10:12:09,143,W+64.5,3,True,False,False,,-1,25.1798,0
2026-06-26 10:12:29,98,W+12.5,5,True,False,False,,-1,25.028,0
2026-06-26 10:13:03,162,B+38.5,2,True,False,False,,-1,25.0466,0
2026-06-26 10:13:30,123,B+50.5,4,True,False,False,,-1,25.0453,0
2026-06-26 10:13:53,117,B+34.5,2,True,False,False,,-1,25.0684,0
2026-06-26 10:14:19,117,B+17.5,2,True,False,False,,-1,25.1028,0
2026-06-26 10:14:49,162,W+22.5,4,True,False,False,,-1,25.18,0
2026-06-26 10:15:14,123,B+45.5,2,True,False,False,,-1,25.0842,0
2026-06-26 10:15:36,100,B+7.5,3,True,False,False,,-1,25.0857,0
2026-06-26 10:16:09,161,B+53.5,6,True,False,False,,-1,25.1248,0
2026-06-26 10:16:35,122,W+22.5,4,True,False,False,,-1,25.2394,0
2026-06-26 10:17:02,134,W+48.5,2,True,False,False,,-1,25.3265,0
2026-06-26 10:17:21,94,B+3.5,3,True,False,False,,-1,25.2717,0
2026-06-26 10:17:41,103,W+7.5,5,True,False,False,,-1,25.237,0
2026-06-26 10:18:15,160,W+34.5,4,True,False,False,,-1,25.3624,0
2026-06-26 10:18:42,132,B+42.5,4,True,False,False,,-1,25.4248,0
2026-06-26 10:19:12,133,B+40.5,5,True,False,False,,-1,25.416,0
2026-06-26 10:19:38,125,B+50.5,5,True,False,False,,-1,25.38,0
2026-06-26 10:20:02,131,B+31.5,5,True,False,False,,-1,25.4279,0
2026-06-26 10:20:29,145,B+31.5,3,True,False,False,,-1,25.3851,0
2026-06-26 10:20:59,146,W+44.5,5,True,False,False,,-1,25.5056,0
2026-06-26 10:21:21,105,B+26.5,2,True,False,False,,-1,25.5331,0
2026-06-26 10:21:52,162,B+41.5,0,True,False,False,,-1,25.6599,0
2026-06-26 10:22:22,132,W+69.5,2,True,False,False,,-1,25.6897,0
2026-06-26 10:22:45,106,B+22.5,4,True,False,False,,-1,25.5701,0
2026-06-26 10:23:16,138,W+71.5,4,True,False,False,,-1,25.586,0
2026-06-26 10:23:37,99,W+1.5,4,True,False,False,,-1,25.516,0
2026-06-26 10:23:43,32,W+6.5,3,True,False,False,,-1,25.3656,0
2026-06-26 10:24:03,97,W+15.5,2,True,False,False,,-1,25.2768,0
2026-06-26 10:24:22,104,B+17.5,3,True,False,False,,-1,25.2905,0
2026-06-26 10:24:51,143,B+51.5,5,True,False,False,,-1,25.2501,0
2026-06-26 10:25:13,118,W+4.5,3,True,False,False,,-1,25.1843,0
2026-06-26 10:25:32,87,B+0.5,2,True,False,False,,-1,25.1636,0
2026-06-26 10:26:02,154,B+35.5,3,True,False,False,,-1,25.2302,0
2026-06-26 10:26:20,92,W+23.5,2,True,False,False,,-1,25.0739,0
2026-06-26 10:26:43,115,W+2.5,3,True,False,False,,-1,24.9881,0
2026-06-26 10:27:05,102,B+21.5,2,True,False,False,,-1,24.9908,0
2026-06-26 10:27:25,90,W+12.5,2,True,False,False,,-1,24.9866,0
2026-06-26 10:27:44,99,W+7.5,6,True,False,False,,-1,24.887,0
2026-06-26 10:27:48,20,W+7.5,2,True,False,False,,-1,24.6242,0
2026-06-26 10:28:19,157,W+67.5,3,True,False,False,,-1,24.6155,0
2026-06-26 10:28:41,109,W+4.5,3,True,False,False,,-1,24.5595,0
2026-06-26 10:28:58,78,W+0.5,2,True,False,False,,-1,24.566,0
2026-06-26 10:29:20,99,B+8.5,2,True,False,False,,-1,24.5645,0
2026-06-26 10:29:46,121,B+49.5,4,True,False,False,,-1,24.554,0
2026-06-26 10:30:15,157,B+58.5,4,True,False,False,,-1,24.6439,0
2026-06-26 10:30:45,161,B+55.5,3,True,False,False,,-1,24.6447,0
2026-06-26 10:31:09,115,B+5.5,5,True,False,False,,-1,24.6406,0
2026-06-26 10:31:37,141,B+55.5,6,True,False,False,,-1,24.7044,0
2026-06-26 10:31:57,91,B+2.5,3,True,False,False,,-1,24.6405,0
2026-06-26 10:32:26,135,W+21.5,2,True,False,False,,-1,24.7202,0
2026-06-26 10:32:56,162,B+11.5,1,True,False,False,,-1,24.7273,0
2026-06-26 10:33:25,139,B+32.5,4,True,False,False,,-1,24.6918,0
2026-06-26 10:33:55,140,B+49.5,2,True,False,False,,-1,24.6427,0
2026-06-26 10:34:18,109,B+1.5,5,True,False,False,,-1,24.6676,0
2026-06-26 10:34:41,124,W+34.5,2,True,False,False,,-1,24.6195,0
2026-06-26 10:35:10,159,B+62.5,6,True,False,False,,-1,24.8565,0
2026-06-26 10:35:30,104,W+6.5,4,True,False,False,,-1,24.7632,0
2026-06-26 10:35:57,135,B+26.5,4,True,False,False,,-1,24.8078,0
2026-06-26 10:36:22,113,B+53.5,5,True,False,False,,-1,24.8693,0
2026-06-26 10:36:51,150,B+37.5,6,True,False,False,,-1,24.9534,0
2026-06-26 10:37:12,103,B+13.5,3,True,False,False,,-1,24.9102,0
2026-06-26 10:37:46,160,W+36.5,8,True,False,False,,-1,25.0617,0
2026-06-26 10:38:08,109,B+8.5,6,True,False,False,,-1,25.1473,0
2026-06-26 10:38:23,70,W+8.5,2,True,False,False,,-1,25.0887,0
2026-06-26 10:38:42,100,B+2.5,2,True,False,False,,-1,25.0636,0
2026-06-26 10:39:05,112,W+17.5,3,True,False,False,,-1,25.0611,0
2026-06-26 10:39:23,91,B+8.5,2,True,False,False,,-1,24.9451,0
2026-06-26 10:39:56,151,B+30.5,2,True,False,False,,-1,25.0034,0
2026-06-26 10:40:17,101,W+13.5,4,True,False,False,,-1,25.025,0
2026-06-26 10:40:50,162,B+46.5,1,True,False,False,,-1,25.1604,0
2026-06-26 10:41:11,102,W+24.5,3,True,False,False,,-1,25.1423,0
2026-06-26 10:41:38,125,B+33.5,3,True,False,False,,-1,25.1656,0
2026-06-26 10:41:59,96,W+32.5,2,True,False,False,,-1,25.1588,0
2026-06-26 10:42:21,123,B+7.5,4,True,False,False,,-1,25.0505,0
2026-06-26 10:42:48,129,W+25.5,3,True,False,False,,-1,25.1143,0
2026-06-26 10:43:23,162,W+68.5,3,True,False,False,,-1,25.2148,0
2026-06-26 10:43:45,109,W+3.5,4,True,False,False,,-1,25.2174,0
2026-06-26 10:44:07,95,B+21.5,3,True,False,False,,-1,25.1026,0
2026-06-26 10:44:34,122,W+52.5,2,True,False,False,,-1,25.1446,0
2026-06-26 10:45:02,147,B+34.5,5,True,False,False,,-1,25.0931,0
2026-06-26 10:45:26,131,W+21.5,7,True,False,False,,-1,25.113,0
2026-06-26 10:45:59,162,W+67.5,2,True,False,False,,-1,25.1508,0
2026-06-26 10:46:29,151,B+50.5,5,True,False,False,,-1,25.1459,0
2026-06-26 10:47:00,162,B+38.5,3,True,False,False,,-1,25.1888,0
2026-06-26 10:47:34,162,W+67.5,1,True,False,False,,-1,25.228,0
2026-06-26 10:47:58,97,B+18.5,2,True,False,False,,-1,25.1829,0
2026-06-26 10:48:27,123,B+25.5,2,True,False,False,,-1,25.1993,0
2026-06-26 10:48:48,115,B+21.5,6,True,False,False,,-1,25.2445,0
2026-06-26 10:49:10,109,B+7.5,2,True,False,False,,-1,25.2565,0
2026-06-26 10:49:43,162,W+30.5,4,True,False,False,,-1,25.3171,0
2026-06-26 10:49:57,64,W+12.5,2,True,False,False,,-1,25.2252,0
2026-06-26 10:50:23,121,B+27.5,4,True,False,False,,-1,25.1286,0
2026-06-26 10:50:45,109,B+18.5,3,True,False,False,,-1,25.1055,0
2026-06-26 10:51:19,162,W+80.5,1,True,False,False,,-1,25.0884,0
2026-06-26 10:51:41,117,B+28.5,7,True,False,False,,-1,25.0184,0
2026-06-26 10:52:11,152,W+71.5,2,True,False,False,,-1,25.0072,0
2026-06-26 10:52:41,140,W+54.5,5,True,False,False,,-1,25.0063,0
2026-06-26 10:53:12,144,W+53.5,3,True,False,False,,-1,25.1301,0
2026-06-26 10:53:34,93,B+12.5,2,True,False,False,,-1,25.1335,0
2026-06-26 10:53:58,123,B+27.5,4,True,False,False,,-1,25.0858,0
2026-06-26 10:54:32,162,W+28.5,2,True,False,False,,-1,25.2262,0
2026-06-26 10:54:57,130,W+45.5,4,True,False,False,,-1,25.1367,0
2026-06-26 10:55:26,137,B+37.5,4,True,False,False,,-1,25.1667,0
2026-06-26 10:55:57,142,W+60.5,3,True,False,False,,-1,25.2419,0
2026-06-26 10:56:17,109,B+20.5,3,True,False,False,,-1,25.1854,0
2026-06-26 10:56:53,162,W+61.5,0,True,False,False,,-1,25.2404,0
2026-06-26 10:57:24,152,B+44.5,6,True,False,False,,-1,25.2998,0
2026-06-26 10:57:53,132,W+69.5,4,True,False,False,,-1,25.3655,0
2026-06-26 10:58:24,148,W+65.5,4,True,False,False,,-1,25.3476,0
2026-06-26 10:58:57,161,W+68.5,3,True,False,False,,-1,25.4197,0
2026-06-26 10:59:30,154,W+70.5,2,True,False,False,,-1,25.4695,0
2026-06-26 10:59:50,100,B+4.5,2,True,False,False,,-1,25.4934,0
2026-06-26 11:00:11,102,W+12.5,5,True,False,False,,-1,25.4973,0
2026-06-26 11:00:38,145,B+45.5,2,True,False,False,,-1,25.4235,0
2026-06-26 11:01:04,123,W+2.5,5,True,False,False,,-1,25.4107,0
2026-06-26 11:01:27,106,W+33.5,2,True,False,False,,-1,25.3489,0
2026-06-26 11:02:01,162,W+70.5,1,True,False,False,,-1,25.4313,0
2026-06-26 11:02:34,161,B+61.5,3,True,False,False,,-1,25.5221,0
2026-06-26 11:03:08,162,B+60.5,3,True,False,False,,-1,25.5862,0
2026-06-26 11:03:27,87,B+5.5,3,True,False,False,,-1,25.4814,0
2026-06-26 11:03:46,76,W+5.5,2,True,False,False,,-1,25.4412,0
2026-06-26 11:04:19,162,B+68.5,3,True,False,False,,-1,25.4691,0
2026-06-26 11:04:51,162,B+46.5,3,True,False,False,,-1,25.4901,0
2026-06-26 11:05:15,114,W+35.5,2,True,False,False,,-1,25.4901,0
2026-06-26 11:05:49,162,W+35.5,5,True,False,False,,-1,25.5299,0
2026-06-26 11:06:09,97,B+3.5,5,True,False,False,,-1,25.5177,0
2026-06-26 11:06:43,162,W+44.5,3,True,False,False,,-1,25.7944,0
2026-06-26 11:07:14,162,B+50.5,7,True,False,False,,-1,25.9094,0
2026-06-26 11:07:37,115,W+1.5,4,True,False,False,,-1,25.9438,0
2026-06-26 11:07:58,103,B+12.5,2,True,False,False,,-1,25.8719,0
2026-06-26 11:08:21,104,W+24.5,2,True,False,False,,-1,25.874,0
2026-06-26 11:08:53,160,W+66.5,3,True,False,False,,-1,26.0042,0
2026-06-26 11:09:26,162,W+48.5,3,True,False,False,,-1,26.0403,0
2026-06-26 11:09:42,79,B+0.5,2,True,False,False,,-1,26.0178,0
2026-06-26 11:10:02,99,W+16.5,2,True,False,False,,-1,25.9851,0
2026-06-26 11:10:24,111,B+8.5,5,True,False,False,,-1,25.985,0
2026-06-26 11:10:54,136,W+49.5,5,True,False,False,,-1,26.0944,0
2026-06-26 11:11:22,123,B+42.5,2,True,False,False,,-1,26.1746,0
2026-06-26 11:11:54,148,W+64.5,3,True,False,False,,-1,26.4578,0
2026-06-26 11:12:28,162,B+52.5,1,True,False,False,,-1,26.4812,0
2026-06-26 11:12:57,144,B+33.5,4,True,False,False,,-1,26.5576,0
2026-06-26 11:13:25,139,B+56.5,2,True,False,False,,-1,26.6632,0
2026-06-26 11:13:47,111,B+16.5,4,True,False,False,,-1,26.6717,0
2026-06-26 11:14:12,126,B+19.5,3,True,False,False,,-1,26.6613,0
2026-06-26 11:14:44,155,B+43.5,4,True,False,False,,-1,26.684,0
2026-06-26 11:15:17,162,W+74.5,3,True,False,False,,-1,26.7173,0
2026-06-26 11:15:46,139,B+58.5,4,True,False,False,,-1,26.7661,0
2026-06-26 11:16:06,111,B+17.5,5,True,False,False,,-1,26.6876,0
2026-06-26 11:16:33,122,B+33.5,2,True,False,False,,-1,26.7587,0
2026-06-26 11:16:55,112,W+20.5,3,True,False,False,,-1,26.6922,0
2026-06-26 11:17:17,93,B+14.5,2,True,False,False,,-1,26.608,0
2026-06-26 11:17:51,162,W+57.5,3,True,False,False,,-1,26.6519,0
2026-06-26 11:18:08,91,W+3.5,3,True,False,False,,-1,26.5367,0
2026-06-26 11:18:34,129,W+26.5,3,True,False,False,,-1,26.5634,0
2026-06-26 11:18:55,107,B+0.5,4,True,False,False,,-1,26.5421,0
2026-06-26 11:19:15,95,B+9.5,2,True,False,False,,-1,26.4416,0
2026-06-26 11:19:48,162,W+69.5,2,True,False,False,,-1,26.5805,0
2026-06-26 11:20:23,162,W+63.5,1,True,False,False,,-1,26.6517,0
2026-06-26 11:20:59,162,W+34.5,3,True,False,False,,-1,26.76,0
2026-06-26 11:21:21,111,B+26.5,3,True,False,False,,-1,26.7036,0
2026-06-26 11:21:25,20,W+7.5,2,True,False,False,,-1,26.5318,0
2026-06-26 11:21:55,162,W+74.5,1,True,False,False,,-1,26.4881,0
2026-06-26 11:22:09,65,B+0.5,2,True,False,False,,-1,26.4104,0
2026-06-26 11:22:32,107,B+11.5,2,True,False,False,,-1,26.4851,0
2026-06-26 11:22:50,96,W+23.5,3,True,False,False,,-1,26.478,0
2026-06-26 11:23:22,162,B+57.5,6,True,False,False,,-1,26.5759,0
2026-06-26 11:23:53,160,W+62.5,3,True,False,False,,-1,26.6961,0
2026-06-26 11:24:28,162,W+42.5,2,True,False,False,,-1,26.7181,0
2026-06-26 11:24:59,148,W+59.5,5,True,False,False,,-1,26.8132,0
2026-06-26 11:25:29,149,B+29.5,3,True,False,False,,-1,26.7914,0
2026-06-26 11:25:51,91,B+15.5,2,True,False,False,,-1,26.7986,0
2026-06-26 11:26:12,100,W+0.5,2,True,False,False,,-1,26.7388,0
2026-06-26 11:26:32,81,B+1.5,3,True,False,False,,-1,26.7266,0
2026-06-26 11:26:49,85,B+3.5,3,True,False,False,,-1,26.6797,0
2026-06-26 11:27:24,162,B+10.5,1,True,False,False,,-1,26.7577,0
2026-06-26 11:27:54,149,W+59.5,3,True,False,False,,-1,26.7091,0
2026-06-26 11:28:12,93,B+8.5,3,True,False,False,,-1,26.6693,0
2026-06-26 11:28:45,159,W+39.5,6,True,False,False,,-1,26.7789,0
2026-06-26 11:29:18,148,W+62.5,3,True,False,False,,-1,26.8401,0
2026-06-26 11:29:48,162,B+60.5,1,True,False,False,,-1,26.8604,0
2026-06-26 11:30:08,101,B+1.5,2,True,False,False,,-1,26.8218,0
2026-06-26 11:30:40,162,W+61.5,2,True,False,False,,-1,26.8064,0
2026-06-26 11:31:07,136,W+50.5,3,True,False,False,,-1,26.7843,0
2026-06-26 11:31:39,157,B+40.5,2,True,False,False,,-1,26.7952,0
2026-06-26 11:32:05,136,W+48.5,2,True,False,False,,-1,26.7065,0
2026-06-26 11:32:36,155,B+62.5,4,True,False,False,,-1,26.7796,0
2026-06-26 11:33:04,130,W+47.5,2,True,False,False,,-1,26.7703,0
2026-06-26 11:33:24,108,W+5.5,7,True,False,False,,-1,26.7616,0
2026-06-26 11:33:57,154,W+64.5,3,True,False,False,,-1,26.8717,0
2026-06-26 11:34:17,92,W+7.5,2,True,False,False,,-1,26.7405,0
2026-06-26 11:34:49,152,W+80.5,2,True,False,False,,-1,26.9237,0
2026-06-26 11:35:23,161,B+52.5,3,True,False,False,,-1,26.9934,0
2026-06-26 11:35:51,135,B+49.5,3,True,False,False,,-1,27.0585,0
2026-06-26 11:36:15,104,B+17.5,3,True,False,False,,-1,26.9529,0
2026-06-26 11:36:40,116,W+35.5,2,True,False,False,,-1,26.9909,0
2026-06-26 11:37:12,162,W+45.5,4,True,False,False,,-1,27.0068,0
2026-06-26 11:37:36,131,B+34.5,7,True,False,False,,-1,26.9535,0
2026-06-26 11:38:12,157,W+64.5,3,True,False,False,,-1,26.9917,0
2026-06-26 11:38:41,135,W+44.5,3,True,False,False,,-1,27.0644,0
2026-06-26 11:38:59,80,W+16.5,2,True,False,False,,-1,27.0079,0
2026-06-26 11:39:27,141,B+48.5,2,True,False,False,,-1,26.9529,0
2026-06-26 11:39:55,142,B+34.5,3,True,False,False,,-1,26.9787,0
2026-06-26 11:40:23,126,B+38.5,2,True,False,False,,-1,26.9658,0
2026-06-26 11:40:45,107,B+6.5,4,True,False,False,,-1,26.8774,0
2026-06-26 11:41:10,125,W+18.5,6,True,False,False,,-1,26.9187,0
2026-06-26 11:41:31,93,B+3.5,3,True,False,False,,-1,26.7761,0
2026-06-26 11:41:57,126,W+53.5,3,True,False,False,,-1,26.7293,0
2026-06-26 11:42:29,155,B+44.5,5,True,False,False,,-1,26.7577,0
2026-06-26 11:42:52,118,B+11.5,4,True,False,False,,-1,26.6795,0
2026-06-26 11:43:19,123,B+39.5,2,True,False,False,,-1,26.6176,0
2026-06-26 11:43:49,140,B+54.5,3,True,False,False,,-1,26.587,0
2026-06-26 11:44:11,101,B+6.5,3,True,False,False,,-1,26.6049,0
2026-06-26 11:44:44,162,B+53.5,2,True,False,False,,-1,26.7249,0
2026-06-26 11:45:12,139,B+51.5,2,True,False,False,,-1,26.7421,0
2026-06-26 11:45:38,117,B+44.5,2,True,False,False,,-1,26.7406,0
2026-06-26 11:46:06,119,B+47.5,3,True,False,False,,-1,26.7873,0
2026-06-26 11:46:25,83,B+16.5,2,True,False,False,,-1,26.6341,0
2026-06-26 11:46:44,98,W+14.5,2,True,False,False,,-1,26.498,0
2026-06-26 11:47:05,99,B+11.5,2,True,False,False,,-1,26.3629,0
2026-06-26 11:47:34,140,B+48.5,3,True,False,False,,-1,26.4711,0
2026-06-26 11:48:03,139,B+38.5,5,True,False,False,,-1,26.5709,0
2026-06-26 11:48:33,146,W+38.5,3,True,False,False,,-1,26.5376,0
2026-06-26 11:49:02,131,B+34.5,2,True,False,False,,-1,26.5056,0
2026-06-26 11:49:24,107,W+2.5,2,True,False,False,,-1,26.4886,0
2026-06-26 11:49:51,131,B+49.5,2,True,False,False,,-1,26.4175,0
2026-06-26 11:50:06,67,B+1.5,2,True,False,False,,-1,26.3717,0
2026-06-26 11:50:32,114,W+38.5,2,True,False,False,,-1,26.2876,0
2026-06-26 11:50:49,79,B+3.5,2,True,False,False,,-1,26.153,0
2026-06-26 11:51:09,87,B+5.5,2,True,False,False,,-1,26.1164,0
2026-06-26 11:51:34,140,B+35.5,4,True,False,False,,-1,26.16,0
2026-06-26 11:51:56,110,W+6.5,6,True,False,False,,-1,26.1451,0
2026-06-26 11:52:18,112,W+37.5,3,True,False,False,,-1,26.0513,0
2026-06-26 11:52:42,109,B+12.5,2,True,False,False,,-1,25.9553,0
2026-06-26 11:53:04,99,B+26.5,3,True,False,False,,-1,26.0151,0
2026-06-26 11:53:39,161,B+41.5,2,True,False,False,,-1,26.1675,0
2026-06-26 11:54:06,131,B+41.5,3,True,False,False,,-1,26.2223,0
2026-06-26 11:54:27,85,B+17.5,2,True,False,False,,-1,26.1301,0
2026-06-26 11:54:47,91,B+14.5,2,True,False,False,,-1,26.0497,0
2026-06-26 11:55:17,144,B+50.5,2,True,False,False,,-1,26.0273,0
2026-06-26 11:55:50,159,W+60.5,3,True,False,False,,-1,26.0198,0
2026-06-26 11:56:12,108,B+7.5,4,True,False,False,,-1,25.9461,0
2026-06-26 11:56:44,162,B+23.5,2,True,False,False,,-1,25.995,0
2026-06-26 11:57:10,122,W+38.5,2,True,False,False,,-1,26.0254,0
2026-06-26 11:57:32,102,W+28.5,2,True,False,False,,-1,26.0001,0
2026-06-26 11:58:03,160,B+61.5,4,True,False,False,,-1,25.9865,0
2026-06-26 11:58:34,149,W+70.5,3,True,False,False,,-1,25.9712,0
2026-06-26 11:59:02,125,B+36.5,3,True,False,False,,-1,25.95,0
2026-06-26 11:59:33,162,W+69.5,2,True,False,False,,-1,26.0664,0
2026-06-26 11:59:59,131,B+34.5,4,True,False,False,,-1,26.0598,0
2026-06-26 12:00:18,98,W+11.5,2,True,False,False,,-1,26.0259,0
2026-06-26 12:00:50,162,W+60.5,1,True,False,False,,-1,26.1261,0
2026-06-26 12:01:19,143,W+48.5,5,True,False,False,,-1,26.0783,0
2026-06-26 12:01:35,83,B+0.5,3,True,False,False,,-1,26.0644,0
2026-06-26 12:02:09,162,W+55.5,1,True,False,False,,-1,26.1416,0
2026-06-26 12:02:38,143,B+35.5,8,True,False,False,,-1,26.2277,0
2026-06-26 12:03:14,162,W+47.5,2,True,False,False,,-1,26.3843,0
2026-06-26 12:03:36,102,B+3.5,3,True,False,False,,-1,26.2725,0
2026-06-26 12:04:06,131,B+48.5,4,True,False,False,,-1,26.2264,0
2026-06-26 12:04:35,162,B+49.5,4,True,False,False,,-1,26.167,0
2026-06-26 12:05:10,162,W+62.5,2,True,False,False,,-1,26.2873,0
2026-06-26 12:05:38,124,W+63.5,3,True,False,False,,-1,26.5207,0
2026-06-26 12:06:08,146,B+50.5,3,True,False,False,,-1,26.5252,0
2026-06-26 12:06:39,143,W+66.5,3,True,False,False,,-1,26.6984,0
2026-06-26 12:07:02,118,B+1.5,4,True,False,False,,-1,26.6995,0
2026-06-26 12:07:31,135,B+32.5,3,True,False,False,,-1,26.8098,0
2026-06-26 12:07:50,97,B+0.5,2,True,False,False,,-1,26.6774,0
2026-06-26 12:08:24,155,W+48.5,5,True,False,False,,-1,26.7085,0
2026-06-26 12:08:45,107,B+3.5,3,True,False,False,,-1,26.5705,0
2026-06-26 12:09:12,145,B+51.5,2,True,False,False,,-1,26.5318,0
2026-06-26 12:09:38,121,B+35.5,2,True,False,False,,-1,26.4817,0
2026-06-26 12:10:11,154,W+61.5,4,True,False,False,,-1,26.5935,0
2026-06-26 12:10:16,28,W+7.5,2,True,False,False,,-1,26.4385,0
2026-06-26 12:10:42,127,B+52.5,2,True,False,False,,-1,26.5054,0
2026-06-26 12:11:13,153,B+48.5,4,True,False,False,,-1,26.6289,0
2026-06-26 12:11:30,87,B+4.5,3,True,False,False,,-1,26.4644,0
2026-06-26 12:12:05,162,B+48.5,1,True,False,False,,-1,26.5025,0
2026-06-26 12:12:38,157,W+61.5,5,True,False,False,,-1,26.6539,0
2026-06-26 12:13:05,131,B+38.5,2,True,False,False,,-1,26.6023,0
2026-06-26 12:13:31,131,B+34.5,4,True,False,False,,-1,26.5304,0
2026-06-26 12:13:54,113,B+18.5,3,True,False,False,,-1,26.4522,0
2026-06-26 12:14:27,162,B+32.5,1,True,False,False,,-1,26.5831,0
2026-06-26 12:14:56,145,W+71.5,2,True,False,False,,-1,26.5575,0
2026-06-26 12:15:22,127,B+37.5,4,True,False,False,,-1,26.5447,0
2026-06-26 12:15:38,69,B+5.5,2,True,False,False,,-1,26.3889,0
2026-06-26 12:15:57,93,B+4.5,3,True,False,False,,-1,26.3139,0
2026-06-26 12:16:31,162,W+65.5,0,True,False,False,,-1,26.3435,0
2026-06-26 12:17:03,159,B+35.5,6,True,False,False,,-1,26.3891,0
2026-06-26 12:17:36,162,B+46.5,2,True,False,False,,-1,26.5123,0
2026-06-26 12:17:53,98,W+13.5,5,True,False,False,,-1,26.3602,0
2026-06-26 12:18:24,148,W+68.5,4,True,False,False,,-1,26.4688,0
2026-06-26 12:18:42,86,W+6.5,3,True,False,False,,-1,26.3295,0
2026-06-26 12:19:16,162,B+12.5,1,True,False,False,,-1,26.3295,0
2026-06-26 12:19:42,139,B+50.5,2,True,False,False,,-1,26.3038,0
2026-06-26 12:20:05,120,W+40.5,2,True,False,False,,-1,26.3033,0
2026-06-26 12:20:36,143,W+58.5,3,True,False,False,,-1,26.3551,0
2026-06-26 12:21:01,113,B+27.5,2,True,False,False,,-1,26.291,0
2026-06-26 12:21:25,121,B+29.5,3,True,False,False,,-1,26.2875,0
2026-06-26 12:22:00,162,B+16.5,0,True,False,False,,-1,26.284,0
2026-06-26 12:22:24,113,B+29.5,3,True,False,False,,-1,26.229,0
2026-06-26 12:22:53,125,B+31.5,4,True,False,False,,-1,26.3396,0
2026-06-26 12:23:25,150,W+72.5,4,True,False,False,,-1,26.3752,0
2026-06-26 12:23:56,151,B+39.5,3,True,False,False,,-1,26.4036,0
2026-06-26 12:24:21,129,B+32.5,3,True,False,False,,-1,26.3794,0
2026-06-26 12:24:50,134,B+41.5,4,True,False,False,,-1,26.4497,0
2026-06-26 12:25:18,141,B+52.5,3,True,False,False,,-1,26.4841,0
2026-06-26 12:25:43,110,B+24.5,3,True,False,False,,-1,26.5226,0
2026-06-26 12:26:06,111,B+32.5,2,True,False,False,,-1,26.4887,0
2026-06-26 12:26:24,93,W+6.5,4,True,False,False,,-1,26.3524,0
2026-06-26 12:26:49,111,B+20.5,2,True,False,False,,-1,26.3655,0
2026-06-26 12:26:56,38,W+7.5,2,True,False,False,,-1,26.1653,0
2026-06-26 12:27:28,154,W+54.5,3,True,False,False,,-1,26.1919,0
2026-06-26 12:28:00,155,W+77.5,3,True,False,False,,-1,26.283,0
2026-06-26 12:28:31,162,W+34.5,5,True,False,False,,-1,26.2731,0
2026-06-26 12:28:52,99,B+20.5,3,True,False,False,,-1,26.1949,0
2026-06-26 12:29:19,136,B+40.5,4,True,False,False,,-1,26.206,0
2026-06-26 12:29:46,127,B+45.5,2,True,False,False,,-1,26.1992,0
2026-06-26 12:30:15,138,W+53.5,2,True,False,False,,-1,26.2988,0
2026-06-26 12:30:39,126,W+25.5,2,True,False,False,,-1,26.3485,0
2026-06-26 12:31:01,114,B+15.5,2,True,False,False,,-1,26.3568,0
2026-06-26 12:31:30,149,B+39.5,3,True,False,False,,-1,26.3527,0
2026-06-26 12:32:00,140,W+40.5,4,True,False,False,,-1,26.3704,0
2026-06-26 12:32:33,160,W+63.5,6,True,False,False,,-1,26.397,0
2026-06-26 12:33:05,162,W+69.5,1,True,False,False,,-1,26.4347,0
2026-06-26 12:33:36,151,W+61.5,3,True,False,False,,-1,26.5203,0
2026-06-26 12:34:10,162,B+38.5,0,True,False,False,,-1,26.5899,0
2026-06-26 12:34:34,109,B+26.5,2,True,False,False,,-1,26.6733,0
2026-06-26 12:34:54,109,B+1.5,4,True,False,False,,-1,26.6221,0
2026-06-26 12:35:18,119,W+19.5,5,True,False,False,,-1,26.6889,0
2026-06-26 12:35:51,160,W+50.5,7,True,False,False,,-1,26.822,0
2026-06-26 12:36:22,136,W+58.5,2,True,False,False,,-1,26.8721,0
2026-06-26 12:36:27,24,W+7.5,2,True,False,False,,-1,26.7113,0
2026-06-26 12:37:00,162,W+28.5,6,True,False,False,,-1,26.811,0
2026-06-26 12:37:34,162,B+36.5,2,True,False,False,,-1,26.9199,0
2026-06-26 12:37:56,103,B+29.5,2,True,False,False,,-1,26.9254,0
2026-06-26 12:38:16,94,W+0.5,3,True,False,False,,-1,26.7685,0
2026-06-26 12:38:35,88,W+11.5,3,True,False,False,,-1,26.6788,0
2026-06-26 12:39:04,150,W+60.5,3,True,False,False,,-1,26.7649,0
2026-06-26 12:39:23,93,B+2.5,2,True,False,False,,-1,26.7562,0
2026-06-26 12:39:50,127,W+46.5,5,True,False,False,,-1,26.7276,0
2026-06-26 12:40:10,97,B+0.5,5,True,False,False,,-1,26.5984,0
2026-06-26 12:40:35,103,B+30.5,3,True,False,False,,-1,26.6277,0
2026-06-26 12:41:06,143,B+55.5,3,True,False,False,,-1,26.6098,0
2026-06-26 12:41:11,26,W+7.5,2,True,False,False,,-1,26.4064,0
2026-06-26 12:41:37,128,W+47.5,3,True,False,False,,-1,26.4451,0
2026-06-26 12:41:59,101,B+15.5,2,True,False,False,,-1,26.3577,0
2026-06-26 12:42:18,89,B+5.5,2,True,False,False,,-1,26.2391,0
2026-06-26 12:42:46,145,B+50.5,3,True,False,False,,-1,26.2411,0
2026-06-26 12:43:14,137,W+71.5,2,True,False,False,,-1,26.1999,0
2026-06-26 12:43:37,110,B+15.5,3,True,False,False,,-1,26.176,0
2026-06-26 12:43:59,106,W+32.5,2,True,False,False,,-1,26.2077,0
2026-06-26 12:44:20,113,W+23.5,3,True,False,False,,-1,26.1044,0
2026-06-26 12:44:41,114,B+2.5,3,True,False,False,,-1,26.0178,0
2026-06-26 12:45:10,133,B+49.5,3,True,False,False,,-1,26.1426,0
2026-06-26 12:45:37,137,B+38.5,4,True,False,False,,-1,26.0783,0
2026-06-26 12:46:02,129,B+19.5,3,True,False,False,,-1,26.0366,0
2026-06-26 12:46:25,113,B+7.5,3,True,False,False,,-1,25.9082,0
2026-06-26 12:46:51,122,W+39.5,4,True,False,False,,-1,25.9514,0
2026-06-26 12:47:10,103,W+20.5,3,True,False,False,,-1,25.8409,0
2026-06-26 12:47:32,97,B+18.5,2,True,False,False,,-1,25.7597,0
2026-06-26 12:47:55,116,W+44.5,2,True,False,False,,-1,25.6476,0
2026-06-26 12:48:17,109,W+13.5,3,True,False,False,,-1,25.5868,0
2026-06-26 12:48:37,87,B+4.5,2,True,False,False,,-1,25.4922,0
2026-06-26 12:49:06,140,W+56.5,2,True,False,False,,-1,25.471,0
2026-06-26 12:49:32,129,B+40.5,3,True,False,False,,-1,25.4995,0
2026-06-26 12:49:38,28,W+5.5,2,True,False,False,,-1,25.2653,0
2026-06-26 12:49:59,105,B+8.5,3,True,False,False,,-1,25.2841,0
2026-06-26 12:50:18,80,W+13.5,2,True,False,False,,-1,25.1375,0
2026-06-26 12:50:36,98,B+8.5,4,True,False,False,,-1,25.1094,0
2026-06-26 12:51:11,162,W+24.5,3,True,False,False,,-1,25.1809,0
2026-06-26 12:51:43,162,W+61.5,5,True,False,False,,-1,25.2512,0
2026-06-26 12:52:17,162,B+49.5,5,True,False,False,,-1,25.2588,0
2026-06-26 12:52:43,113,B+19.5,2,True,False,False,,-1,25.4621,0
2026-06-26 12:53:17,162,W+49.5,3,True,False,False,,-1,25.5429,0
2026-06-26 12:53:38,100,W+16.5,2,True,False,False,,-1,25.4501,0
2026-06-26 12:54:03,125,B+22.5,3,True,False,False,,-1,25.5255,0
2026-06-26 12:54:31,133,B+43.5,5,True,False,False,,-1,25.4578,0
2026-06-26 12:55:03,162,W+75.5,2,True,False,False,,-1,25.447,0
2026-06-26 12:55:31,149,W+58.5,6,True,False,False,,-1,25.4578,0
2026-06-26 12:55:49,86,W+7.5,3,True,False,False,,-1,25.3759,0
2026-06-26 12:56:09,103,B+8.5,3,True,False,False,,-1,25.3559,0
2026-06-26 12:56:28,91,B+7.5,2,True,False,False,,-1,25.2131,0
2026-06-26 12:56:51,108,W+29.5,2,True,False,False,,-1,25.1489,0
2026-06-26 12:57:25,162,W+25.5,1,True,False,False,,-1,25.232,0
2026-06-26 12:57:52,128,B+42.5,3,True,False,False,,-1,25.3286,0
2026-06-26 12:58:26,162,B+22.5,2,True,False,False,,-1,25.4911,0
2026-06-26 12:58:45,86,W+8.5,2,True,False,False,,-1,25.3341,0
2026-06-26 12:59:22,162,B+18.5,2,True,False,False,,-1,25.3914,0
2026-06-26 12:59:52,150,W+72.5,3,True,False,False,,-1,25.3564,0
2026-06-26 13:00:20,144,W+80.5,3,True,False,False,,-1,25.4665,0
2026-06-26 13:00:48,140,B+38.5,3,True,False,False,,-1,25.4404,0
2026-06-26 13:01:15,129,B+41.5,2,True,False,False,,-1,25.526,0
2026-06-26 13:01:44,139,B+32.5,5,True,False,False,,-1,25.4829,0
2026-06-26 13:02:13,156,B+39.5,6,True,False,False,,-1,25.5142,0
2026-06-26 13:02:46,162,W+52.5,2,True,False,False,,-1,25.6081,0
2026-06-26 13:03:12,114,W+33.5,4,True,False,False,,-1,25.5558,0
2026-06-26 13:03:41,137,B+34.5,5,True,False,False,,-1,25.5906,0
2026-06-26 13:04:05,110,W+22.5,3,True,False,False,,-1,25.5916,0
2026-06-26 13:04:34,139,B+48.5,3,True,False,False,,-1,25.5357,0
2026-06-26 13:04:52,68,W+9.5,2,True,False,False,,-1,25.4737,0
2026-06-26 13:05:22,148,W+56.5,4,True,False,False,,-1,25.4803,0
2026-06-26 13:05:44,109,B+10.5,2,True,False,False,,-1,25.3871,0
2026-06-26 13:06:14,146,W+54.5,6,True,False,False,,-1,25.3813,0
2026-06-26 13:06:49,155,B+65.5,2,True,False,False,,-1,25.4695,0
2026-06-26 13:07:18,141,B+40.5,4,True,False,False,,-1,25.4751,0
2026-06-26 13:07:56,162,W+21.5,0,True,False,False,,-1,25.5723,0
2026-06-26 13:08:19,106,B+3.5,5,True,False,False,,-1,25.5568,0
2026-06-26 13:08:53,162,B+52.5,2,True,False,False,,-1,25.6638,0
2026-06-26 13:09:26,162,B+46.5,1,True,False,False,,-1,25.8074,0
2026-06-26 13:09:48,112,B+7.5,4,True,False,False,,-1,25.7939,0
2026-06-26 13:10:23,162,W+45.5,1,True,False,False,,-1,26.0711,0
2026-06-26 13:10:53,150,B+55.5,3,True,False,False,,-1,26.0487,0
2026-06-26 13:11:24,146,B+42.5,6,True,False,False,,-1,26.04,0
2026-06-26 13:11:54,129,B+53.5,2,True,False,False,,-1,26.0194,0
2026-06-26 13:12:08,70,W+4.5,2,True,False,False,,-1,25.9593,0
2026-06-26 13:12:36,141,W+69.5,2,True,False,False,,-1,25.9705,0
2026-06-26 13:13:04,141,B+48.5,4,True,False,False,,-1,25.9795,0
2026-06-26 13:13:39,158,W+69.5,3,True,False,False,,-1,26.0374,0
2026-06-26 13:13:46,36,W+5.5,2,True,False,False,,-1,25.859,0
2026-06-26 13:14:16,162,B+62.5,8,True,False,False,,-1,25.9535,0
2026-06-26 13:14:35,93,B+2.5,2,True,False,False,,-1,25.8532,0
2026-06-26 13:15:05,145,B+37.5,6,True,False,False,,-1,25.8411,0
2026-06-26 13:15:26,109,B+25.5,3,True,False,False,,-1,25.7297,0
2026-06-26 13:15:51,125,B+40.5,3,True,False,False,,-1,25.6496,0
2026-06-26 13:16:17,133,B+45.5,6,True,False,False,,-1,25.6131,0
2026-06-26 13:16:44,139,W+37.5,4,True,False,False,,-1,25.5339,0
2026-06-26 13:17:09,119,B+28.5,3,True,False,False,,-1,25.5513,0
2026-06-26 13:17:27,82,W+8.5,3,True,False,False,,-1,25.5278,0
2026-06-26 13:17:46,89,B+3.5,3,True,False,False,,-1,25.473,0
2026-06-26 13:18:07,100,W+11.5,2,True,False,False,,-1,25.355,0
2026-06-26 13:18:33,119,B+39.5,2,True,False,False,,-1,25.3053,0
2026-06-26 13:19:06,158,W+55.5,3,True,False,False,,-1,25.5848,0
2026-06-26 13:19:38,157,B+62.5,4,True,False,False,,-1,25.5843,0
2026-06-26 13:20:02,127,B+24.5,4,True,False,False,,-1,25.4836,0
2026-06-26 13:20:31,133,B+56.5,2,True,False,False,,-1,25.5435,0
2026-06-26 13:21:01,142,W+59.5,3,True,False,False,,-1,25.6533,0
2026-06-26 13:21:32,162,B+19.5,7,True,False,False,,-1,25.7715,0
2026-06-26 13:21:55,99,B+0.5,6,True,False,False,,-1,25.7032,0
2026-06-26 13:22:17,118,W+28.5,4,True,False,False,,-1,25.7357,0
2026-06-26 13:22:36,89,B+7.5,3,True,False,False,,-1,25.6488,0
2026-06-26 13:22:59,125,B+28.5,3,True,False,False,,-1,25.6889,0
2026-06-26 13:23:29,132,W+60.5,3,True,False,False,,-1,25.7301,0
2026-06-26 13:23:57,143,B+40.5,2,True,False,False,,-1,25.7136,0
2026-06-26 13:24:30,162,W+63.5,3,True,False,False,,-1,25.9867,0
2026-06-26 13:24:50,102,W+19.5,3,True,False,False,,-1,25.9261,0
2026-06-26 13:25:20,147,B+40.5,6,True,False,False,,-1,26.0099,0
2026-06-26 13:25:48,135,B+52.5,3,True,False,False,,-1,26.0959,0
2026-06-26 13:26:16,145,B+40.5,3,True,False,False,,-1,26.1029,0
2026-06-26 13:26:40,115,B+12.5,2,True,False,False,,-1,26.066,0
2026-06-26 13:27:10,138,W+51.5,2,True,False,False,,-1,26.1266,0
2026-06-26 13:27:32,99,B+14.5,2,True,False,False,,-1,26.1259,0
2026-06-26 13:28:03,146,B+38.5,3,True,False,False,,-1,26.2189,0
2026-06-26 13:28:30,130,W+58.5,3,True,False,False,,-1,26.2918,0
2026-06-26 13:29:00,158,B+58.5,5,True,False,False,,-1,26.305,0
2026-06-26 13:29:22,97,B+4.5,3,True,False,False,,-1,26.2511,0
2026-06-26 13:29:44,101,B+2.5,2,True,False,False,,-1,26.2137,0
2026-06-26 13:30:11,139,W+47.5,5,True,False,False,,-1,26.2661,0
2026-06-26 13:30:30,82,W+5.5,3,True,False,False,,-1,26.1915,0
2026-06-26 13:31:04,162,B+22.5,1,True,False,False,,-1,26.3349,0
2026-06-26 13:31:38,156,B+60.5,5,True,False,False,,-1,26.4569,0
2026-06-26 13:32:09,162,B+60.5,3,True,False,False,,-1,26.5369,0
2026-06-26 13:32:29,100,W+6.5,5,True,False,False,,-1,26.5218,0
2026-06-26 13:32:59,135,B+49.5,3,True,False,False,,-1,26.6173,0
2026-06-26 13:33:27,136,W+45.5,2,True,False,False,,-1,26.6038,0
2026-06-26 13:33:46,81,B+3.5,2,True,False,False,,-1,26.5329,0
2026-06-26 13:34:14,138,B+39.5,3,True,False,False,,-1,26.7538,0
2026-06-26 13:34:43,140,B+38.5,3,True,False,False,,-1,26.8328,0
2026-06-26 13:35:03,103,W+6.5,2,True,False,False,,-1,26.8515,0
2026-06-26 13:35:33,143,B+54.5,5,True,False,False,,-1,26.9618,0
2026-06-26 13:35:55,108,B+12.5,4,True,False,False,,-1,26.8377,0
2026-06-26 13:36:16,105,B+1.5,4,True,False,False,,-1,26.7214,0
2026-06-26 13:36:36,98,W+1.5,3,True,False,False,,-1,26.5941,0
2026-06-26 13:37:09,150,W+61.5,3,True,False,False,,-1,26.6647,0
2026-06-26 13:37:33,107,B+23.5,3,True,False,False,,-1,26.5554,0
2026-06-26 13:37:57,129,B+4.5,5,True,False,False,,-1,26.5915,0
2026-06-26 13:38:17,101,B+7.5,3,True,False,False,,-1,26.5327,0
2026-06-26 13:38:48,154,W+44.5,5,True,False,False,,-1,26.5704,0
2026-06-26 13:39:17,131,B+29.5,2,True,False,False,,-1,26.5385,0
2026-06-26 13:39:46,135,B+37.5,5,True,False,False,,-1,26.5473,0
2026-06-26 13:40:13,129,B+28.5,4,True,False,False,,-1,26.6359,0
2026-06-26 13:40:37,116,W+29.5,2,True,False,False,,-1,26.6718,0
2026-06-26 13:41:08,147,W+72.5,5,True,False,False,,-1,26.7899,0
2026-06-26 13:41:27,100,W+21.5,2,True,False,False,,-1,26.7551,0
2026-06-26 13:41:49,109,W+17.5,2,True,False,False,,-1,26.6362,0
2026-06-26 13:42:20,133,B+47.5,4,True,False,False,,-1,26.6809,0
2026-06-26 13:42:47,125,B+10.5,3,True,False,False,,-1,26.6033,0
2026-06-26 13:43:06,92,W+19.5,2,True,False,False,,-1,26.6063,0
2026-06-26 13:43:37,134,W+52.5,3,True,False,False,,-1,26.5416,0
2026-06-26 13:44:08,162,W+71.5,3,True,False,False,,-1,26.5576,0
2026-06-26 13:44:42,162,B+47.5,3,True,False,False,,-1,26.6196,0
2026-06-26 13:45:10,150,W+20.5,6,True,False,False,,-1,26.6122,0
2026-06-26 13:45:42,157,B+30.5,5,True,False,False,,-1,26.6681,0
2026-06-26 13:46:12,140,W+58.5,2,True,False,False,,-1,26.6746,0
2026-06-26 13:46:44,148,W+48.5,3,True,False,False,,-1,26.7002,0
2026-06-26 13:47:06,112,B+0.5,5,True,False,False,,-1,26.5929,0
2026-06-26 13:47:33,125,B+48.5,2,True,False,False,,-1,26.6101,0
2026-06-26 13:47:59,128,W+42.5,5,True,False,False,,-1,26.5754,0
2026-06-26 13:48:21,114,W+2.5,7,True,False,False,,-1,26.5626,0
2026-06-26 13:48:51,135,B+25.5,3,True,False,False,,-1,26.5705,0
2026-06-26 13:49:07,65,B+15.5,2,True,False,False,,-1,26.5558,0
2026-06-26 13:49:35,138,B+42.5,3,True,False,False,,-1,26.5311,0
2026-06-26 13:50:08,160,B+43.5,8,True,False,False,,-1,26.6399,0
2026-06-26 13:50:37,130,B+15.5,4,True,False,False,,-1,26.6247,0
2026-06-26 13:51:12,162,B+55.5,5,True,False,False,,-1,26.6277,0
2026-06-26 13:51:36,125,B+38.5,4,True,False,False,,-1,26.5806,0
2026-06-26 13:51:57,93,W+23.5,2,True,False,False,,-1,26.4066,0
2026-06-26 13:52:29,149,B+38.5,3,True,False,False,,-1,26.4916,0
2026-06-26 13:52:55,131,B+47.5,3,True,False,False,,-1,26.4235,0
2026-06-26 13:53:25,150,W+64.5,6,True,False,False,,-1,26.3953,0
2026-06-26 13:53:52,140,B+50.5,4,True,False,False,,-1,26.4353,0
2026-06-26 13:54:27,162,W+76.5,3,True,False,False,,-1,26.4297,0
2026-06-26 13:54:54,140,B+33.5,3,True,False,False,,-1,26.4035,0
2026-06-26 13:55:09,78,W+15.5,2,True,False,False,,-1,26.253,0
2026-06-26 13:55:39,151,B+65.5,4,True,False,False,,-1,26.2478,0
2026-06-26 13:56:08,145,W+60.5,4,True,False,False,,-1,26.392,0
2026-06-26 13:56:33,110,B+10.5,2,True,False,False,,-1,26.362,0
2026-06-26 13:57:06,162,B+44.5,1,True,False,False,,-1,26.4124,0
2026-06-26 13:57:28,106,B+23.5,2,True,False,False,,-1,26.2946,0
2026-06-26 13:57:47,92,W+5.5,3,True,False,False,,-1,26.4097,0
2026-06-26 13:58:17,150,W+72.5,2,True,False,False,,-1,26.4,0
2026-06-26 13:58:50,147,W+67.5,3,True,False,False,,-1,26.5418,0
2026-06-26 13:58:54,24,W+7.5,2,True,False,False,,-1,26.2943,0
2026-06-26 13:59:17,106,W+20.5,3,True,False,False,,-1,26.3066,0
2026-06-26 13:59:40,117,B+49.5,2,True,False,False,,-1,26.2948,0
2026-06-26 13:59:59,81,B+2.5,2,True,False,False,,-1,26.2121,0
2026-06-26 14:00:30,142,W+64.5,2,True,False,False,,-1,26.2606,0
2026-06-26 14:00:53,104,W+14.5,3,True,False,False,,-1,26.2332,0
2026-06-26 14:01:14,95,B+7.5,3,True,False,False,,-1,26.2652,0
2026-06-26 14:01:33,88,W+6.5,2,True,False,False,,-1,26.2647,0
2026-06-26 14:02:06,162,W+49.5,4,True,False,False,,-1,26.3838,0
2026-06-26 14:02:34,136,W+58.5,2,True,False,False,,-1,26.4147,0
2026-06-26 14:03:01,119,B+42.5,3,True,False,False,,-1,26.351,0
2026-06-26 14:03:19,76,W+9.5,2,True,False,False,,-1,26.201,0
2026-06-26 14:03:41,106,W+25.5,2,True,False,False,,-1,26.187,0
2026-06-26 14:04:06,117,B+13.5,2,True,False,False,,-1,26.1483,0
2026-06-26 14:04:27,105,B+10.5,3,True,False,False,,-1,26.0521,0
2026-06-26 14:04:52,127,B+42.5,3,True,False,False,,-1,26.0007,0
2026-06-26 14:05:17,121,W+7.5,9,True,False,False,,-1,26.0194,0
2026-06-26 14:05:38,93,B+11.5,3,True,False,False,,-1,26.0029,0
2026-06-26 14:05:53,82,W+13.5,2,True,False,False,,-1,25.9727,0
2026-06-26 14:06:17,107,B+21.5,2,True,False,False,,-1,25.9796,0
2026-06-26 14:06:42,115,B+27.5,2,True,False,False,,-1,25.9299,0
2026-06-26 14:07:17,162,W+64.5,4,True,False,False,,-1,25.992,0
2026-06-26 14:07:46,135,B+35.5,2,True,False,False,,-1,25.9605,0
2026-06-26 14:08:10,111,B+0.5,3,True,False,False,,-1,25.9983,0
2026-06-26 14:08:37,135,B+28.5,4,True,False,False,,-1,25.9662,0
2026-06-26 14:09:07,162,W+20.5,0,True,False,False,,-1,25.9891,0
2026-06-26 14:09:34,130,W+62.5,3,True,False,False,,-1,25.9701,0
2026-06-26 14:10:04,149,B+36.5,5,True,False,False,,-1,26.0367,0
2026-06-26 14:10:32,135,B+48.5,4,True,False,False,,-1,26.0186,0
2026-06-26 14:11:04,160,W+57.5,4,True,False,False,,-1,26.1136,0
2026-06-26 14:11:22,88,W+0.5,5,True,False,False,,-1,25.9869,0
2026-06-26 14:11:48,131,B+28.5,5,True,False,False,,-1,25.9764,0
2026-06-26 14:12:16,145,B+44.5,5,True,False,False,,-1,25.9517,0
2026-06-26 14:12:38,113,B+5.5,5,True,False,False,,-1,25.9593,0
2026-06-26 14:13:08,155,B+49.5,3,True,False,False,,-1,26.0388,0
2026-06-26 14:13:36,137,W+51.5,3,True,False,False,,-1,26.0451,0
2026-06-26 14:14:06,145,B+37.5,6,True,False,False,,-1,26.1492,0
2026-06-26 14:14:28,102,W+8.5,2,True,False,False,,-1,26.0437,0
2026-06-26 14:15:02,162,W+50.5,1,True,False,False,,-1,26.0437,0
2026-06-26 14:15:29,131,B+34.5,2,True,False,False,,-1,25.9939,0
2026-06-26 14:15:51,102,W+2.5,2,True,False,False,,-1,26.0159,0
2026-06-26 14:16:22,152,W+71.5,2,True,False,False,,-1,26.0283,0
2026-06-26 14:16:45,108,B+4.5,5,True,False,False,,-1,25.9754,0
2026-06-26 14:17:20,162,W+27.5,3,True,False,False,,-1,26.1403,0
2026-06-26 14:17:54,162,W+50.5,4,True,False,False,,-1,26.2015,0
2026-06-26 14:18:20,128,B+6.5,9,True,False,False,,-1,26.1744,0
2026-06-26 14:18:25,26,W+7.5,2,True,False,False,,-1,26.0166,0
2026-06-26 14:18:55,139,B+34.5,3,True,False,False,,-1,26.0191,0
2026-06-26 14:19:16,108,B+0.5,3,True,False,False,,-1,26.0134,0
2026-06-26 14:19:50,157,B+35.5,4,True,False,False,,-1,26.1427,0
2026-06-26 14:20:25,162,W+54.5,1,True,False,False,,-1,26.2859,0
2026-06-26 14:20:45,88,W+13.5,2,True,False,False,,-1,26.1526,0
2026-06-26 14:21:05,95,B+19.5,2,True,False,False,,-1,26.1182,0
2026-06-26 14:21:37,162,B+40.5,6,True,False,False,,-1,26.1999,0
2026-06-26 14:22:00,115,B+26.5,3,True,False,False,,-1,26.2295,0
2026-06-26 14:22:31,146,W+66.5,2,True,False,False,,-1,26.2249,0
2026-06-26 14:22:52,108,W+6.5,2,True,False,False,,-1,26.1467,0
2026-06-26 14:23:21,139,B+41.5,2,True,False,False,,-1,26.1442,0
2026-06-26 14:23:51,155,B+41.5,4,True,False,False,,-1,26.1793,0
2026-06-26 14:24:13,101,B+0.5,3,True,False,False,,-1,26.1543,0
2026-06-26 14:24:39,125,W+36.5,2,True,False,False,,-1,26.1162,0
2026-06-26 14:25:06,126,W+52.5,4,True,False,False,,-1,26.1848,0
2026-06-26 14:25:37,162,W+72.5,1,True,False,False,,-1,26.2786,0
2026-06-26 14:25:56,90,W+5.5,4,True,False,False,,-1,26.1607,0
2026-06-26 14:26:15,81,B+9.5,2,True,False,False,,-1,26.0838,0
2026-06-26 14:26:37,98,W+14.5,2,True,False,False,,-1,26.1119,0
2026-06-26 14:26:57,103,B+8.5,3,True,False,False,,-1,26.0039,0
2026-06-26 14:27:25,123,B+45.5,2,True,False,False,,-1,25.9667,0
2026-06-26 14:27:45,100,B+3.5,4,True,False,False,,-1,25.8191,0
2026-06-26 14:28:06,109,B+1.5,5,True,False,False,,-1,25.7592,0
2026-06-26 14:28:30,127,B+7.5,3,True,False,False,,-1,25.6762,0
2026-06-26 14:29:00,142,W+67.5,2,True,False,False,,-1,25.6778,0
2026-06-26 14:29:22,104,B+15.5,4,True,False,False,,-1,25.5784,0
2026-06-26 14:29:57,162,W+62.5,1,True,False,False,,-1,25.7085,0
2026-06-26 14:30:31,162,W+70.5,1,True,False,False,,-1,25.7787,0
2026-06-26 14:31:04,162,B+19.5,1,True,False,False,,-1,25.8485,0
2026-06-26 14:31:20,72,W+11.5,2,True,False,False,,-1,25.7815,0
2026-06-26 14:31:38,79,B+7.5,3,True,False,False,,-1,25.664,0
2026-06-26 14:31:58,93,W+3.5,4,True,False,False,,-1,25.702,0
2026-06-26 14:32:16,83,B+0.5,2,True,False,False,,-1,25.6064,0
2026-06-26 14:32:48,156,W+71.5,4,True,False,False,,-1,25.5924,0
2026-06-26 14:33:19,144,W+67.5,2,True,False,False,,-1,25.6134,0
2026-06-26 14:33:42,121,B+5.5,6,True,False,False,,-1,25.5021,0
2026-06-26 14:34:08,129,B+35.5,5,True,False,False,,-1,25.5133,0
2026-06-26 14:34:38,123,B+42.5,2,True,False,False,,-1,25.6085,0
2026-06-26 14:34:59,105,B+28.5,3,True,False,False,,-1,25.5055,0
2026-06-26 14:35:32,162,B+54.5,3,True,False,False,,-1,25.5648,0
2026-06-26 14:35:54,107,B+8.5,3,True,False,False,,-1,25.4833,0
2026-06-26 14:36:27,147,B+28.5,2,True,False,False,,-1,25.5489,0
2026-06-26 14:36:58,161,B+51.5,3,True,False,False,,-1,25.5089,0
2026-06-26 14:37:29,143,B+51.5,4,True,False,False,,-1,25.5462,0
2026-06-26 14:37:57,137,W+54.5,2,True,False,False,,-1,25.6729,0
2026-06-26 14:38:30,160,W+73.5,5,True,False,False,,-1,25.7112,0
2026-06-26 14:38:49,100,W+21.5,2,True,False,False,,-1,25.6139,0
2026-06-26 14:41:39,127,W+0.5,17,True,False,False,,-1,25.6769,1000
2026-06-26 14:42:19,128,B+0.5,15,True,False,False,,-1,25.8531,1000
2026-06-26 14:42:52,107,W+0.5,11,True,False,False,,-1,26.0005,1000
2026-06-26 14:43:27,117,W+0.5,14,True,False,False,,-1,26.0521,1000
2026-06-26 14:43:58,110,B+1.5,9,True,False,False,,-1,26.0268,1000
2026-06-26 14:44:31,113,W+2.5,13,True,False,False,,-1,26.3124,1000
2026-06-26 14:45:02,110,B+2.5,12,True,False,False,,-1,26.3976,1000
2026-06-26 14:45:08,24,W+7.5,2,True,False,False,,-1,26.2293,1000
2026-06-26 14:45:35,106,B+0.5,15,True,False,False,,-1,26.308,1000
2026-06-26 14:46:06,115,W+4.5,15,True,False,False,,-1,26.3066,1000
2026-06-26 14:46:17,42,W+6.5,3,True,False,False,,-1,26.1945,1000
2026-06-26 14:46:50,124,B+17.5,13,True,False,False,,-1,26.3083,1000
2026-06-26 14:47:27,128,B+0.5,19,True,False,False,,-1,26.4881,1000
2026-06-26 14:47:59,143,W+2.5,14,True,False,False,,-1,26.4786,1000
2026-06-26 14:48:25,95,B+0.5,9,True,False,False,,-1,26.4514,1000
2026-06-26 14:48:54,106,B+3.5,11,True,False,False,,-1,26.481,1000
2026-06-26 14:49:23,105,W+1.5,12,True,False,False,,-1,26.5871,1000
2026-06-26 14:50:01,141,W+1.5,22,True,False,False,,-1,26.7417,1000
2026-06-26 14:50:41,139,W+0.5,26,True,False,False,,-1,26.8936,1000
2026-06-26 14:51:12,115,W+12.5,15,True,False,False,,-1,27.0058,1000
2026-06-26 14:51:48,138,B+10.5,19,True,False,False,,-1,27.1049,1000
2026-06-26 14:52:15,104,B+15.5,13,True,False,False,,-1,27.1294,1000
2026-06-26 14:52:43,104,B+5.5,16,True,False,False,,-1,27.2004,1000
2026-06-26 14:53:10,95,W+2.5,9,True,False,False,,-1,27.3122,1000
2026-06-26 14:53:18,30,W+7.5,2,True,False,False,,-1,27.1546,1000
2026-06-26 14:53:51,117,W+1.5,17,True,False,False,,-1,27.2402,1000
2026-06-26 14:53:58,28,W+2.5,2,True,False,False,,-1,26.9599,1000
2026-06-26 14:54:31,127,W+5.5,22,True,False,False,,-1,26.9998,1000
2026-06-26 14:55:05,116,B+1.5,10,True,False,False,,-1,27.0941,1000
2026-06-26 14:55:36,112,W+2.5,10,True,False,False,,-1,27.1402,1000
2026-06-26 14:56:06,107,W+1.5,12,True,False,False,,-1,27.1349,1000
2026-06-26 14:56:35,112,B+8.5,6,True,False,False,,-1,27.1563,1000
2026-06-26 14:57:14,150,B+0.5,26,True,False,False,,-1,27.2454,1000
2026-06-26 14:57:46,125,W+1.5,23,True,False,False,,-1,27.2891,1000
2026-06-26 14:58:22,129,W+0.5,15,True,False,False,,-1,27.3313,1000
2026-06-26 14:58:52,113,W+0.5,10,True,False,False,,-1,27.4507,1000
2026-06-26 14:59:20,105,W+3.5,13,True,False,False,,-1,27.4657,1000
2026-06-26 14:59:49,106,B+2.5,8,True,False,False,,-1,27.475,1000
2026-06-26 15:00:15,109,W+2.5,15,True,False,False,,-1,27.5191,1000
2026-06-26 15:00:44,107,W+0.5,10,True,False,False,,-1,27.5113,1000
2026-06-26 15:01:15,115,B+0.5,16,True,False,False,,-1,27.5309,1000
2026-06-26 15:01:41,101,W+0.5,10,True,False,False,,-1,27.5066,1000
2026-06-26 15:01:48,28,W+8.5,2,True,False,False,,-1,27.3457,1000
2026-06-26 15:02:18,113,W+0.5,12,True,False,False,,-1,27.301,1000
2026-06-26 15:02:56,160,W+0.5,31,True,False,False,,-1,27.4187,1000
2026-06-26 15:03:26,110,B+3.5,13,True,False,False,,-1,27.5024,1000
2026-06-26 15:03:42,62,W+4.5,5,True,False,False,,-1,27.3501,1000
2026-06-26 15:04:15,126,B+1.5,19,True,False,False,,-1,27.4448,1000
2026-06-26 15:04:46,119,B+0.5,15,True,False,False,,-1,27.4036,1000
2026-06-26 15:05:13,101,B+9.5,9,True,False,False,,-1,27.3321,1000
2026-06-26 15:05:44,119,W+0.5,9,True,False,False,,-1,27.3887,1000
2026-06-26 15:06:10,94,B+5.5,9,True,False,False,,-1,27.5939,1000
2026-06-26 15:06:46,145,B+7.5,30,True,False,False,,-1,27.6572,1000
2026-06-26 15:06:56,32,W+7.5,2,True,False,False,,-1,27.5402,1000
2026-06-26 15:07:26,117,W+0.5,19,True,False,False,,-1,27.5095,1000
2026-06-26 15:07:57,109,W+7.5,14,True,False,False,,-1,27.4682,1000
2026-06-26 15:08:09,48,W+5.5,3,True,False,False,,-1,27.3888,1000
2026-06-26 15:08:55,161,W+13.5,30,True,False,False,,-1,27.6499,1000
2026-06-26 15:09:16,75,B+2.5,2,True,False,False,,-1,27.5321,1000
2026-06-26 15:09:45,114,B+1.5,14,True,False,False,,-1,27.5965,1000
2026-06-26 15:10:13,102,B+4.5,12,True,False,False,,-1,27.5665,1000
2026-06-26 15:10:41,100,B+0.5,8,True,False,False,,-1,27.6371,1000
2026-06-26 15:11:10,109,W+2.5,14,True,False,False,,-1,27.6384,1000
2026-06-26 15:11:41,117,W+2.5,11,True,False,False,,-1,27.6445,1000
2026-06-26 15:12:22,147,B+10.5,20,True,False,False,,-1,27.8424,1000
2026-06-26 15:12:55,114,B+1.5,12,True,False,False,,-1,27.9007,1000
2026-06-26 15:13:28,128,B+1.5,17,True,False,False,,-1,27.9725,1000
2026-06-26 15:13:41,42,W+7.5,2,True,False,False,,-1,27.781,1000
2026-06-26 15:13:55,48,W+8.5,2,True,False,False,,-1,27.7394,1000
2026-06-26 15:14:20,90,B+0.5,6,True,False,False,,-1,27.7895,1000
2026-06-26 15:14:52,124,B+0.5,19,True,False,False,,-1,27.8966,1000
2026-06-26 15:15:22,118,B+4.5,16,True,False,False,,-1,27.9939,1000
2026-06-26 15:15:52,114,B+5.5,15,True,False,False,,-1,28.0256,1000
2026-06-26 15:16:22,118,B+3.5,11,True,False,False,,-1,28.1265,1000
2026-06-26 15:16:55,125,W+7.5,23,True,False,False,,-1,28.2367,1000
2026-06-26 15:17:29,120,B+2.5,18,True,False,False,,-1,28.3322,1000
2026-06-26 15:18:04,133,W+2.5,23,True,False,False,,-1,28.3863,1000
2026-06-26 15:18:42,142,B+3.5,23,True,False,False,,-1,28.5455,1000
2026-06-26 15:19:07,92,W+10.5,8,True,False,False,,-1,28.4515,1000
2026-06-26 15:19:36,102,B+1.5,4,True,False,False,,-1,28.3978,1000
2026-06-26 15:20:10,123,W+2.5,14,True,False,False,,-1,28.4072,1000
2026-06-26 15:20:34,87,B+0.5,4,True,False,False,,-1,28.4871,1000
2026-06-26 15:21:01,98,B+1.5,7,True,False,False,,-1,28.5739,1000
2026-06-26 15:21:44,157,W+6.5,24,True,False,False,,-1,28.8055,1000
2026-06-26 15:22:15,113,B+2.5,13,True,False,False,,-1,28.9377,1000
2026-06-26 15:22:51,130,B+0.5,19,True,False,False,,-1,28.9765,1000
2026-06-26 15:23:31,161,B+13.5,34,True,False,False,,-1,29.0675,1000
2026-06-26 15:24:07,141,B+3.5,19,True,False,False,,-1,29.2004,1000
2026-06-26 15:24:49,155,W+0.5,25,True,False,False,,-1,29.3593,1000
2026-06-26 15:25:15,95,B+9.5,8,True,False,False,,-1,29.3233,1000
2026-06-26 15:25:48,131,W+0.5,21,True,False,False,,-1,29.4299,1000
2026-06-26 15:26:00,46,W+3.5,2,True,False,False,,-1,29.2259,1000
2026-06-26 15:26:24,93,W+0.5,8,True,False,False,,-1,29.2535,1000
2026-06-26 15:27:04,147,W+4.5,19,True,False,False,,-1,29.3133,1000
2026-06-26 15:27:14,42,W+7.5,2,True,False,False,,-1,29.1132,1000
2026-06-26 15:27:42,103,B+2.5,12,True,False,False,,-1,29.0846,1000
2026-06-26 15:28:12,109,W+2.5,10,True,False,False,,-1,29.102,1000
2026-06-26 15:28:29,62,W+7.5,3,True,False,False,,-1,28.9349,1000
2026-06-26 15:29:02,128,B+3.5,20,True,False,False,,-1,29.0777,1000
2026-06-26 15:29:09,24,W+7.5,2,True,False,False,,-1,28.8477,1000
2026-06-26 15:29:38,91,B+6.5,3,True,False,False,,-1,28.7878,1000
2026-06-26 15:30:18,157,W+0.5,24,True,False,False,,-1,28.7916,1000
2026-06-26 15:30:33,48,W+6.5,3,True,False,False,,-1,28.6039,1000
2026-06-26 15:30:59,95,B+3.5,8,True,False,False,,-1,28.5136,1000
2026-06-26 15:31:28,106,B+1.5,11,True,False,False,,-1,28.4958,1000
2026-06-26 15:32:10,154,B+0.5,13,True,False,False,,-1,28.5859,1000
2026-06-26 15:32:41,119,W+1.5,15,True,False,False,,-1,28.5888,1000
2026-06-26 15:32:51,38,W+6.5,3,True,False,False,,-1,28.6206,1000
2026-06-26 15:33:19,104,B+2.5,14,True,False,False,,-1,28.6435,1000
2026-06-26 15:33:50,124,W+0.5,11,True,False,False,,-1,28.6398,1000
2026-06-26 15:34:10,69,B+3.5,3,True,False,False,,-1,28.726,1000
2026-06-26 15:34:47,142,B+7.5,27,True,False,False,,-1,28.7704,1000
2026-06-26 15:35:15,95,W+5.5,10,True,False,False,,-1,28.6806,1000
2026-06-26 15:35:24,34,W+5.5,2,True,False,False,,-1,28.4525,1000
2026-06-26 15:35:48,90,B+0.5,5,True,False,False,,-1,28.4364,1000
2026-06-26 15:36:16,105,W+3.5,9,True,False,False,,-1,28.4155,1000
2026-06-26 15:36:48,127,W+2.5,23,True,False,False,,-1,28.451,1000
2026-06-26 15:37:24,124,B+2.5,14,True,False,False,,-1,28.4332,1000
2026-06-26 15:37:52,98,B+5.5,14,True,False,False,,-1,28.3153,1000
2026-06-26 15:38:18,96,B+0.5,8,True,False,False,,-1,28.256,1000
2026-06-26 15:38:52,143,B+1.5,25,True,False,False,,-1,28.2425,1000
2026-06-26 15:39:24,111,W+0.5,15,True,False,False,,-1,28.2859,1000
2026-06-26 15:39:33,38,W+7.5,2,True,False,False,,-1,28.1039,1000
2026-06-26 15:39:59,89,W+0.5,7,True,False,False,,-1,28.0955,1000
2026-06-26 15:40:30,116,W+1.5,16,True,False,False,,-1,28.3171,1000
2026-06-26 15:40:58,101,W+0.5,15,True,False,False,,-1,28.2677,1000
2026-06-26 15:41:29,126,W+2.5,18,True,False,False,,-1,28.5071,1000
2026-06-26 15:42:03,124,B+0.5,18,True,False,False,,-1,28.5104,1000
2026-06-26 15:42:38,134,B+2.5,17,True,False,False,,-1,28.5294,1000
2026-06-26 15:43:14,143,B+3.5,21,True,False,False,,-1,28.5733,1000
2026-06-26 15:43:30,60,W+6.5,2,True,False,False,,-1,28.4377,1000
2026-06-26 15:44:03,121,W+2.5,17,True,False,False,,-1,28.487,1000
2026-06-26 15:44:30,102,W+19.5,14,True,False,False,,-1,28.3534,1000
2026-06-26 15:44:38,32,W+6.5,3,True,False,False,,-1,28.1181,1000
2026-06-26 15:45:21,160,B+18.5,23,True,False,False,,-1,28.1879,1000
2026-06-26 15:45:30,30,W+6.5,2,True,False,False,,-1,27.9765,1000
2026-06-26 15:46:04,118,B+3.5,10,True,False,False,,-1,28.0419,1000
2026-06-26 15:46:33,110,B+1.5,10,True,False,False,,-1,28.0471,1000
2026-06-26 15:47:04,118,B+0.5,16,True,False,False,,-1,28.0852,1000
2026-06-26 15:47:32,102,B+1.5,5,True,False,False,,-1,28.0717,1000
2026-06-26 15:48:00,100,B+4.5,10,True,False,False,,-1,28.0509,1000
2026-06-26 15:48:29,107,W+0.5,11,True,False,False,,-1,28.0777,1000
2026-06-26 15:48:54,90,W+11.5,6,True,False,False,,-1,28.2602,1000
2026-06-26 15:49:27,113,W+2.5,8,True,False,False,,-1,28.2895,1000
2026-06-26 15:49:59,127,W+1.5,15,True,False,False,,-1,28.2253,1000
2026-06-26 15:50:34,136,B+4.5,22,True,False,False,,-1,28.2757,1000
2026-06-26 15:51:08,131,W+1.5,13,True,False,False,,-1,28.4533,1000
2026-06-26 15:51:20,44,W+7.5,2,True,False,False,,-1,28.2557,1000
2026-06-26 15:51:45,92,B+1.5,8,True,False,False,,-1,28.1922,1000
2026-06-26 15:52:14,119,W+1.5,19,True,False,False,,-1,28.2104,1000
2026-06-26 15:52:40,102,B+15.5,8,True,False,False,,-1,28.1518,1000
2026-06-26 15:53:15,136,B+6.5,14,True,False,False,,-1,28.2525,1000
2026-06-26 15:53:52,129,W+1.5,18,True,False,False,,-1,28.2561,1000
2026-06-26 15:54:14,77,B+2.5,2,True,False,False,,-1,28.3789,1000
2026-06-26 15:54:49,133,W+11.5,23,True,False,False,,-1,28.4242,1000
2026-06-26 15:55:20,129,W+4.5,14,True,False,False,,-1,28.4303,1000
2026-06-26 15:55:50,113,B+5.5,19,True,False,False,,-1,28.6138,1000
2026-06-26 15:56:24,121,W+6.5,16,True,False,False,,-1,28.4863,1000
2026-06-26 15:56:50,103,W+0.5,10,True,False,False,,-1,28.5391,1000
2026-06-26 15:57:21,111,W+2.5,11,True,False,False,,-1,28.5637,1000
2026-06-26 15:57:52,106,B+1.5,15,True,False,False,,-1,28.591,1000
2026-06-26 15:58:22,115,B+3.5,13,True,False,False,,-1,28.6145,1000
2026-06-26 15:59:01,139,W+0.5,13,True,False,False,,-1,28.7081,1000
2026-06-26 15:59:32,114,B+1.5,10,True,False,False,,-1,28.7138,1000
2026-06-26 16:00:03,113,B+3.5,15,True,False,False,,-1,28.6077,1000
2026-06-26 16:00:31,109,W+0.5,13,True,False,False,,-1,28.564,1000
2026-06-26 16:01:00,107,W+3.5,10,True,False,False,,-1,28.5131,1000
2026-06-26 16:01:31,115,W+0.5,9,True,False,False,,-1,28.7002,1000
2026-06-26 16:02:00,115,W+0.5,12,True,False,False,,-1,28.8422,1000
2026-06-26 16:02:30,108,B+4.5,14,True,False,False,,-1,28.9051,1000
2026-06-26 16:02:54,86,B+3.5,4,True,False,False,,-1,28.8184,1000
2026-06-26 16:03:21,97,B+3.5,11,True,False,False,,-1,28.7909,1000
2026-06-26 16:03:51,115,B+8.5,16,True,False,False,,-1,28.7863,1000
2026-06-26 16:04:19,96,B+1.5,7,True,False,False,,-1,28.7635,1000
2026-06-26 16:04:46,96,B+1.5,7,True,False,False,,-1,28.7109,1000
2026-06-26 16:05:29,162,W+29.5,26,True,False,False,,-1,28.8043,1000
2026-06-26 16:05:57,101,W+0.5,8,True,False,False,,-1,28.73,1000
2026-06-26 16:06:34,128,B+2.5,15,True,False,False,,-1,28.721,1000
2026-06-26 16:07:08,123,W+0.5,13,True,False,False,,-1,28.7992,1000
2026-06-26 16:07:20,47,B+0.5,2,True,False,False,,-1,28.6344,1000
2026-06-26 16:07:46,97,B+2.5,10,True,False,False,,-1,28.5637,1000
2026-06-26 16:08:15,111,W+1.5,14,True,False,False,,-1,28.6144,1000
2026-06-26 16:08:44,114,B+1.5,13,True,False,False,,-1,28.6268,1000
2026-06-26 16:09:22,160,B+2.5,31,True,False,False,,-1,28.5811,1000
2026-06-26 16:09:51,110,W+12.5,11,True,False,False,,-1,28.5593,1000
2026-06-26 16:10:21,109,B+1.5,14,True,False,False,,-1,28.4981,1000
2026-06-26 16:10:49,108,B+2.5,14,True,False,False,,-1,28.386,1000
2026-06-26 16:11:22,119,W+0.5,10,True,False,False,,-1,28.3453,1000
2026-06-26 16:11:53,115,W+1.5,18,True,False,False,,-1,28.2398,1000
2026-06-26 16:12:25,105,W+0.5,12,True,False,False,,-1,28.2948,1000
2026-06-26 16:12:51,93,B+16.5,9,True,False,False,,-1,28.2315,1000
2026-06-26 16:13:19,100,B+3.5,9,True,False,False,,-1,28.3863,1000
2026-06-26 16:13:46,99,W+2.5,3,True,False,False,,-1,28.4129,1000
2026-06-26 16:14:09,90,W+15.5,5,True,False,False,,-1,28.2484,1000
2026-06-26 16:14:19,40,W+7.5,2,True,False,False,,-1,28.2494,1000
2026-06-26 16:14:51,108,B+1.5,10,True,False,False,,-1,28.28,1000
2026-06-26 16:15:23,110,B+14.5,8,True,False,False,,-1,28.3086,1000
2026-06-26 16:15:58,121,W+0.5,12,True,False,False,,-1,28.4914,1000
2026-06-26 16:16:34,137,B+1.5,17,True,False,False,,-1,28.5131,1000
2026-06-26 16:17:02,104,B+1.5,10,True,False,False,,-1,28.7318,1000
2026-06-26 16:17:34,112,B+2.5,20,True,False,False,,-1,28.7622,1000
2026-06-26 16:18:08,128,B+2.5,15,True,False,False,,-1,28.6991,1000
2026-06-26 16:18:33,86,B+1.5,4,True,False,False,,-1,28.8058,1000
2026-06-26 16:19:02,102,B+2.5,10,True,False,False,,-1,28.8267,1000
2026-06-26 16:19:46,162,W+16.5,33,True,False,False,,-1,28.9817,1000
2026-06-26 16:20:12,95,B+16.5,5,True,False,False,,-1,28.8197,1000
2026-06-26 16:20:51,162,B+1.5,24,True,False,False,,-1,28.8905,1000
2026-06-26 16:21:18,95,B+6.5,6,True,False,False,,-1,29.0733,1000
2026-06-26 16:21:49,110,B+1.5,10,True,False,False,,-1,29.0916,1000
2026-06-26 16:22:22,130,B+2.5,25,True,False,False,,-1,29.1206,1000
2026-06-26 16:22:50,107,W+0.5,9,True,False,False,,-1,29.1977,1000
2026-06-26 16:23:20,111,W+7.5,12,True,False,False,,-1,29.1228,1000
2026-06-26 16:23:52,133,B+21.5,16,True,False,False,,-1,29.1658,1000
2026-06-26 16:24:30,150,B+0.5,27,True,False,False,,-1,29.4585,1000
2026-06-26 16:25:02,108,B+7.5,14,True,False,False,,-1,29.5301,1000
2026-06-26 16:25:19,58,W+15.5,2,True,False,False,,-1,29.4248,1000
2026-06-26 16:25:46,104,B+0.5,14,True,False,False,,-1,29.383,1000
2026-06-26 16:26:18,115,W+0.5,11,True,False,False,,-1,29.3298,1000
2026-06-26 16:26:48,111,W+0.5,14,True,False,False,,-1,29.3503,1000
2026-06-26 16:27:20,114,B+1.5,15,True,False,False,,-1,29.413,1000
2026-06-26 16:27:45,93,B+2.5,7,True,False,False,,-1,29.3249,1000
2026-06-26 16:28:11,101,B+2.5,10,True,False,False,,-1,29.2707,1000
2026-06-26 16:28:54,149,W+1.5,21,True,False,False,,-1,29.5982,1000
2026-06-26 16:29:24,108,B+2.5,12,True,False,False,,-1,29.6416,1000
2026-06-26 16:29:56,109,B+7.5,9,True,False,False,,-1,29.6549,1000
2026-06-26 16:30:21,93,W+0.5,4,True,False,False,,-1,29.6222,1000
2026-06-26 16:30:49,107,W+3.5,12,True,False,False,,-1,29.602,1000
2026-06-26 16:31:32,162,W+9.5,28,True,False,False,,-1,29.6913,1000
2026-06-26 16:32:07,131,W+6.5,24,True,False,False,,-1,29.6921,1000
2026-06-26 16:32:34,107,W+0.5,12,True,False,False,,-1,29.6043,1000
2026-06-26 16:33:00,94,B+2.5,8,True,False,False,,-1,29.7002,1000
2026-06-26 16:33:31,105,B+3.5,7,True,False,False,,-1,29.6712,1000
2026-06-26 16:33:58,104,B+0.5,5,True,False,False,,-1,29.6762,1000
2026-06-26 16:34:28,113,B+1.5,13,True,False,False,,-1,29.8924,1000
2026-06-26 16:35:06,132,B+0.5,13,True,False,False,,-1,29.85,1000
2026-06-26 16:35:28,82,W+7.5,7,True,False,False,,-1,29.9837,1000
2026-06-26 16:36:05,135,W+0.5,17,True,False,False,,-1,30.0033,1000
2026-06-26 16:36:39,136,B+1.5,24,True,False,False,,-1,30.0538,1000
2026-06-26 16:37:13,120,B+0.5,19,True,False,False,,-1,30.0819,1000
2026-06-26 16:37:41,105,W+1.5,8,True,False,False,,-1,30.0882,1000
2026-06-26 16:38:10,109,B+2.5,10,True,False,False,,-1,30.0971,1000
2026-06-26 16:38:41,110,B+1.5,10,True,False,False,,-1,30.1181,1000
2026-06-26 16:39:07,89,B+13.5,8,True,False,False,,-1,30.1281,1000
2026-06-26 16:39:42,125,B+4.5,16,True,False,False,,-1,30.1491,1000
2026-06-26 16:40:13,116,B+0.5,20,True,False,False,,-1,30.1385,1000
2026-06-26 16:40:38,100,B+1.5,11,True,False,False,,-1,30.0404,1000
2026-06-26 16:41:07,105,W+0.5,14,True,False,False,,-1,29.984,1000
2026-06-26 16:41:38,108,B+8.5,9,True,False,False,,-1,30.1751,1000
2026-06-26 16:42:13,127,W+0.5,12,True,False,False,,-1,30.2741,1000
2026-06-26 16:42:41,111,W+0.5,7,True,False,False,,-1,30.2715,1000
2026-06-26 16:42:52,42,W+5.5,3,True,False,False,,-1,30.1193,1000
2026-06-26 16:43:29,137,B+12.5,24,True,False,False,,-1,30.141,1000
2026-06-26 16:44:15,162,W+0.5,31,True,False,False,,-1,30.2338,1000
2026-06-26 16:44:43,107,W+2.5,8,True,False,False,,-1,30.2919,1000
2026-06-26 16:45:17,128,W+8.5,9,True,False,False,,-1,30.2831,1000
2026-06-26 16:45:54,143,B+3.5,18,True,False,False,,-1,30.3358,1000
2026-06-26 16:46:25,126,B+0.5,21,True,False,False,,-1,30.3446,1000
2026-06-26 16:46:58,123,W+1.5,18,True,False,False,,-1,30.341,1000
2026-06-26 16:47:30,121,W+1.5,22,True,False,False,,-1,30.3948,1000
2026-06-26 16:48:03,127,B+1.5,25,True,False,False,,-1,30.4147,1000
2026-06-26 16:48:38,118,B+1.5,12,True,False,False,,-1,30.4561,1000
2026-06-26 16:49:10,115,W+0.5,11,True,False,False,,-1,30.4756,1000
2026-06-26 16:49:47,135,B+3.5,21,True,False,False,,-1,30.4575,1000
2026-06-26 16:50:15,101,W+1.5,13,True,False,False,,-1,30.4227,1000
2026-06-26 16:50:26,46,W+6.5,2,True,False,False,,-1,30.2281,1000
2026-06-26 16:50:59,115,W+4.5,13,True,False,False,,-1,30.2702,1000
2026-06-26 16:51:29,113,W+2.5,22,True,False,False,,-1,30.2897,1000
2026-06-26 16:52:08,141,W+2.5,17,True,False,False,,-1,30.3628,1000
2026-06-26 16:52:41,122,B+0.5,14,True,False,False,,-1,30.4058,1000
2026-06-26 16:53:15,131,B+3.5,15,True,False,False,,-1,30.4458,1000
2026-06-26 16:53:42,100,B+5.5,9,True,False,False,,-1,30.4759,1000
2026-06-26 16:54:17,144,B+5.5,28,True,False,False,,-1,30.5535,1000
2026-06-26 16:54:46,98,B+0.5,12,True,False,False,,-1,30.5436,1000
2026-06-26 16:55:19,125,W+1.5,18,True,False,False,,-1,30.5977,1000
2026-06-26 16:55:32,52,W+9.5,2,True,False,False,,-1,30.4559,1000
2026-06-26 16:56:02,116,B+0.5,13,True,False,False,,-1,30.3209,1000
2026-06-26 16:56:35,119,W+6.5,17,True,False,False,,-1,30.3788,1000
2026-06-26 16:57:15,162,B+1.5,22,True,False,False,,-1,30.4082,1000
2026-06-26 16:57:43,104,B+0.5,12,True,False,False,,-1,30.3518,1000
2026-06-26 16:58:14,109,B+0.5,6,True,False,False,,-1,30.54,1000
2026-06-26 16:58:54,145,W+2.5,27,True,False,False,,-1,30.6729,1000
2026-06-26 16:59:22,110,B+0.5,14,True,False,False,,-1,30.6671,1000
2026-06-26 16:59:54,124,B+4.5,17,True,False,False,,-1,30.6992,1000
2026-06-26 17:00:25,123,W+2.5,25,True,False,False,,-1,30.6317,1000
2026-06-26 17:00:53,99,W+14.5,8,True,False,False,,-1,30.6218,1000
2026-06-26 17:01:32,145,W+0.5,22,True,False,False,,-1,30.713,1000
2026-06-26 17:02:01,103,W+2.5,11,True,False,False,,-1,30.7132,1000
2026-06-26 17:02:35,119,W+3.5,13,True,False,False,,-1,30.7213,1000
2026-06-26 17:03:05,118,W+1.5,9,True,False,False,,-1,30.7155,1000
2026-06-26 17:03:36,110,B+2.5,10,True,False,False,,-1,30.7076,1000
2026-06-26 17:04:06,102,W+2.5,16,True,False,False,,-1,30.7422,1000
2026-06-26 17:04:43,146,B+2.5,22,True,False,False,,-1,30.8376,1000
2026-06-26 17:05:15,119,W+0.5,11,True,False,False,,-1,30.8858,1000
2026-06-26 17:05:44,106,B+1.5,5,True,False,False,,-1,30.9492,1000
2026-06-26 17:06:13,113,W+1.5,18,True,False,False,,-1,31.1384,1000
2026-06-26 17:06:51,131,W+0.5,10,True,False,False,,-1,31.1984,1000
2026-06-26 17:07:31,146,B+3.5,22,True,False,False,,-1,31.27,1000
2026-06-26 17:07:51,71,B+9.5,3,True,False,False,,-1,31.127,1000
2026-06-26 17:08:25,124,B+0.5,9,True,False,False,,-1,31.1109,1000
2026-06-26 17:08:55,120,B+0.5,8,True,False,False,,-1,31.1259,1000
2026-06-26 17:09:02,24,W+7.5,2,True,False,False,,-1,30.8741,1000
2026-06-26 17:09:30,105,W+2.5,9,True,False,False,,-1,30.8168,1000
2026-06-26 17:10:05,140,W+25.5,28,True,False,False,,-1,30.9146,1000
2026-06-26 17:10:38,124,B+1.5,13,True,False,False,,-1,30.9663,1000
2026-06-26 17:11:10,118,B+9.5,13,True,False,False,,-1,30.8373,1000
2026-06-26 17:11:41,117,W+1.5,15,True,False,False,,-1,30.8869,1000
2026-06-26 17:12:07,102,B+6.5,12,True,False,False,,-1,30.7634,1000
2026-06-26 17:12:38,109,W+2.5,14,True,False,False,,-1,30.7977,1000
2026-06-26 17:13:21,161,W+10.5,38,True,False,False,,-1,30.9145,1000
2026-06-26 17:13:42,73,B+6.5,3,True,False,False,,-1,30.7884,1000
2026-06-26 17:14:16,136,B+5.5,25,True,False,False,,-1,30.8586,1000
2026-06-26 17:14:56,145,W+2.5,23,True,False,False,,-1,30.9531,1000
2026-06-26 17:15:25,111,W+1.5,19,True,False,False,,-1,30.933,1000
2026-06-26 17:15:55,110,B+5.5,14,True,False,False,,-1,30.8415,1000
2026-06-26 17:16:22,104,B+7.5,12,True,False,False,,-1,30.7999,1000
2026-06-26 17:16:45,77,B+5.5,3,True,False,False,,-1,30.8586,1000
2026-06-26 17:17:10,92,B+10.5,8,True,False,False,,-1,30.8327,1000
2026-06-26 17:17:38,103,W+2.5,11,True,False,False,,-1,30.8038,1000
2026-06-26 17:18:14,122,B+1.5,17,True,False,False,,-1,30.8616,1000
2026-06-26 17:18:42,102,B+8.5,7,True,False,False,,-1,30.8155,1000
2026-06-26 17:19:01,67,B+1.5,2,True,False,False,,-1,30.7529,1000
2026-06-26 17:19:37,131,W+0.5,18,True,False,False,,-1,30.8598,1000
2026-06-26 17:20:05,103,W+2.5,13,True,False,False,,-1,30.7109,1000
2026-06-26 17:20:33,108,B+4.5,12,True,False,False,,-1,30.6916,1000
2026-06-26 17:21:14,162,W+2.5,21,True,False,False,,-1,30.7831,1000
2026-06-26 17:21:41,96,B+7.5,6,True,False,False,,-1,30.7981,1000
2026-06-26 17:22:08,100,B+6.5,11,True,False,False,,-1,30.7817,1000
2026-06-26 17:22:40,112,B+0.5,12,True,False,False,,-1,30.6733,1000
2026-06-26 17:23:17,130,B+1.5,13,True,False,False,,-1,30.6928,1000
2026-06-26 17:23:49,111,W+3.5,9,True,False,False,,-1,30.7453,1000
2026-06-26 17:24:01,45,B+1.5,4,True,False,False,,-1,30.608,1000
2026-06-26 17:24:07,20,W+7.5,2,True,False,False,,-1,30.3578,1000
2026-06-26 17:24:34,94,B+3.5,7,True,False,False,,-1,30.3632,1000
2026-06-26 17:25:12,139,W+3.5,21,True,False,False,,-1,30.4397,1000
2026-06-26 17:25:45,117,W+0.5,15,True,False,False,,-1,30.3832,1000
2026-06-26 17:26:21,136,W+3.5,18,True,False,False,,-1,30.5226,1000
2026-06-26 17:26:44,77,B+3.5,3,True,False,False,,-1,30.3863,1000
2026-06-26 17:27:14,113,B+2.5,11,True,False,False,,-1,30.3469,1000
2026-06-26 17:27:45,115,W+2.5,11,True,False,False,,-1,30.3256,1000
2026-06-26 17:28:22,131,W+10.5,17,True,False,False,,-1,30.4069,1000
2026-06-26 17:28:53,118,B+1.5,8,True,False,False,,-1,30.4254,1000
2026-06-26 17:29:19,98,B+8.5,4,True,False,False,,-1,30.3688,1000
2026-06-26 17:29:49,113,B+1.5,12,True,False,False,,-1,30.4167,1000
2026-06-26 17:30:21,124,B+1.5,11,True,False,False,,-1,30.3917,1000
2026-06-26 17:30:54,114,B+1.5,14,True,False,False,,-1,30.4071,1000
2026-06-26 17:31:27,118,B+3.5,12,True,False,False,,-1,30.4804,1000
2026-06-26 17:31:43,59,B+2.5,3,True,False,False,,-1,30.356,1000
2026-06-26 17:32:10,111,W+1.5,13,True,False,False,,-1,30.3145,1000
2026-06-26 17:32:43,115,W+1.5,16,True,False,False,,-1,30.2938,1000
2026-06-26 17:33:22,155,B+7.5,21,True,False,False,,-1,30.402,1000
2026-06-26 17:33:48,92,W+19.5,4,True,False,False,,-1,30.5584,1000
2026-06-26 17:34:24,136,B+1.5,30,True,False,False,,-1,30.5392,1000
2026-06-26 17:35:00,139,B+3.5,19,True,False,False,,-1,30.4483,1000
2026-06-26 17:35:30,112,B+0.5,12,True,False,False,,-1,30.4671,1000
2026-06-26 17:36:05,129,W+9.5,20,True,False,False,,-1,30.4744,1000
2026-06-26 17:36:33,97,W+1.5,11,True,False,False,,-1,30.387,1000
2026-06-26 17:37:10,125,W+1.5,18,True,False,False,,-1,30.4418,1000
2026-06-26 17:37:40,117,B+3.5,11,True,False,False,,-1,30.4174,1000
2026-06-26 17:38:19,136,B+2.5,18,True,False,False,,-1,30.4922,1000
2026-06-26 17:38:50,117,W+0.5,14,True,False,False,,-1,30.461,1000
2026-06-26 17:39:27,142,B+26.5,23,True,False,False,,-1,30.489,1000
2026-06-26 17:39:52,95,W+0.5,11,True,False,False,,-1,30.4204,1000
2026-06-26 17:40:24,120,B+6.5,13,True,False,False,,-1,30.3703,1000
2026-06-26 17:41:01,131,W+2.5,22,True,False,False,,-1,30.4578,1000
2026-06-26 17:41:28,100,B+2.5,6,True,False,False,,-1,30.6163,1000
2026-06-26 17:41:56,106,B+1.5,15,True,False,False,,-1,30.5749,1000
2026-06-26 17:42:08,42,W+5.5,2,True,False,False,,-1,30.3824,1000
2026-06-26 17:42:39,110,B+11.5,13,True,False,False,,-1,30.3145,1000
2026-06-26 17:43:18,139,W+29.5,18,True,False,False,,-1,30.3665,1000
2026-06-26 17:43:59,162,W+12.5,25,True,False,False,,-1,30.4337,1000
2026-06-26 17:44:27,108,B+2.5,12,True,False,False,,-1,30.448,1000
2026-06-26 17:45:02,125,W+2.5,11,True,False,False,,-1,30.4458,1000
2026-06-26 17:45:26,94,B+4.5,8,True,False,False,,-1,30.4004,1000
2026-06-26 17:45:55,101,W+0.5,9,True,False,False,,-1,30.3573,1000
2026-06-26 17:46:24,107,W+7.5,18,True,False,False,,-1,30.5208,1000
2026-06-26 17:46:42,59,B+0.5,3,True,False,False,,-1,30.3969,1000
2026-06-26 17:47:14,109,W+2.5,18,True,False,False,,-1,30.3804,1000
2026-06-26 17:47:25,38,W+7.5,2,True,False,False,,-1,30.0945,1000
2026-06-26 17:47:51,96,B+0.5,7,True,False,False,,-1,30.0743,1000
2026-06-26 17:48:31,161,W+2.5,24,True,False,False,,-1,30.1651,1000
2026-06-26 17:48:38,22,W+7.5,2,True,False,False,,-1,29.8354,1000
2026-06-26 17:49:05,103,W+2.5,9,True,False,False,,-1,29.8284,1000
2026-06-26 17:49:22,61,B+1.5,3,True,False,False,,-1,29.6769,1000
2026-06-26 17:49:58,139,W+2.5,22,True,False,False,,-1,29.7213,1000
2026-06-26 17:50:26,101,B+0.5,13,True,False,False,,-1,29.7186,1000
2026-06-26 17:50:59,124,B+4.5,20,True,False,False,,-1,29.6682,1000
2026-06-26 17:51:45,160,B+4.5,25,True,False,False,,-1,29.8324,1000
2026-06-26 17:52:17,118,B+1.5,16,True,False,False,,-1,29.8253,1000
2026-06-26 17:52:46,104,B+1.5,7,True,False,False,,-1,29.8032,1000
2026-06-26 17:53:14,107,W+6.5,10,True,False,False,,-1,29.7761,1000
2026-06-26 17:53:37,93,W+0.5,7,True,False,False,,-1,29.7171,1000
2026-06-26 17:54:07,105,W+9.5,12,True,False,False,,-1,29.64,1000
2026-06-26 17:54:37,110,B+2.5,13,True,False,False,,-1,29.6207,1000
2026-06-26 17:55:09,111,B+3.5,10,True,False,False,,-1,29.6507,1000
2026-06-26 17:55:39,104,B+3.5,7,True,False,False,,-1,29.6515,1000
2026-06-26 17:56:14,127,W+2.5,21,True,False,False,,-1,29.6333,1000
2026-06-26 17:56:40,103,W+0.5,10,True,False,False,,-1,29.4896,1000
2026-06-26 17:57:14,106,B+2.5,10,True,False,False,,-1,29.6224,1000
2026-06-26 17:57:34,71,B+5.5,2,True,False,False,,-1,29.4839,1000
2026-06-26 17:57:58,91,B+11.5,8,True,False,False,,-1,29.4276,1000
2026-06-26 17:58:26,101,W+0.5,9,True,False,False,,-1,29.644,1000
2026-06-26 17:58:56,113,W+2.5,11,True,False,False,,-1,29.6545,1000
2026-06-26 17:59:27,110,B+4.5,14,True,False,False,,-1,29.6172,1000
2026-06-26 17:59:53,103,W+0.5,10,True,False,False,,-1,29.5402,1000
2026-06-26 18:00:22,112,B+3.5,8,True,False,False,,-1,29.5187,1000
2026-06-26 18:00:51,105,W+8.5,10,True,False,False,,-1,29.4986,1000
2026-06-26 18:01:16,101,W+1.5,12,True,False,False,,-1,29.4877,1000
2026-06-26 18:01:51,124,W+4.5,19,True,False,False,,-1,29.5285,1000
2026-06-26 18:02:23,105,W+0.5,12,True,False,False,,-1,29.4165,1000
2026-06-26 18:02:55,125,W+0.5,15,True,False,False,,-1,29.5338,1000
2026-06-26 18:03:25,99,W+1.5,6,True,False,False,,-1,29.4819,1000
2026-06-26 18:03:56,114,W+1.5,10,True,False,False,,-1,29.404,1000
2026-06-26 18:04:28,113,W+0.5,12,True,False,False,,-1,29.4222,1000
2026-06-26 18:04:48,68,W+2.5,4,True,False,False,,-1,29.3336,1000
2026-06-26 18:05:23,146,B+6.5,23,True,False,False,,-1,29.4029,1000
2026-06-26 18:06:04,151,W+18.5,27,True,False,False,,-1,29.5916,1000
2026-06-26 18:06:16,40,W+9.5,2,True,False,False,,-1,29.4585,1000
2026-06-26 18:06:44,104,B+0.5,13,True,False,False,,-1,29.4561,1000
2026-06-26 18:07:17,116,B+2.5,13,True,False,False,,-1,29.4273,1000
2026-06-26 18:07:46,107,W+4.5,9,True,False,False,,-1,29.4395,1000
2026-06-26 18:08:13,99,W+2.5,14,True,False,False,,-1,29.5248,1000
2026-06-26 18:08:47,118,B+4.5,15,True,False,False,,-1,29.4899,1000
2026-06-26 18:08:55,28,W+7.5,2,True,False,False,,-1,29.2943,1000
2026-06-26 18:09:29,123,W+2.5,14,True,False,False,,-1,29.3548,1000
2026-06-26 18:10:10,141,W+6.5,18,True,False,False,,-1,29.3514,1000
2026-06-26 18:10:37,111,W+1.5,12,True,False,False,,-1,29.3655,1000
2026-06-26 18:10:56,66,W+3.5,4,True,False,False,,-1,29.2808,1000
2026-06-26 18:11:24,106,B+2.5,12,True,False,False,,-1,29.2436,1000
2026-06-26 18:11:58,125,W+2.5,12,True,False,False,,-1,29.2154,1000
2026-06-26 18:12:32,120,B+4.5,15,True,False,False,,-1,29.2234,1000
2026-06-26 18:13:01,116,B+0.5,14,True,False,False,,-1,29.3968,1000
2026-06-26 18:13:30,111,W+3.5,13,True,False,False,,-1,29.6261,1000
2026-06-26 18:14:02,115,W+0.5,19,True,False,False,,-1,29.6736,1000
2026-06-26 18:14:30,105,W+5.5,10,True,False,False,,-1,29.5781,1000
2026-06-26 18:15:11,161,W+10.5,29,True,False,False,,-1,29.6596,1000
2026-06-26 18:15:45,134,B+8.5,28,True,False,False,,-1,29.6425,1000
2026-06-26 18:16:00,50,W+12.5,2,True,False,False,,-1,29.5536,1000
2026-06-26 18:16:29,113,W+1.5,15,True,False,False,,-1,29.5488,1000
2026-06-26 18:16:48,69,B+3.5,4,True,False,False,,-1,29.4191,1000
2026-06-26 18:17:20,127,W+0.5,15,True,False,False,,-1,29.3777,1000
2026-06-26 18:17:43,79,B+2.5,2,True,False,False,,-1,29.3046,1000
2026-06-26 18:18:19,144,B+9.5,18,True,False,False,,-1,29.4007,1000
2026-06-26 18:18:51,124,B+7.5,17,True,False,False,,-1,29.4181,1000
2026-06-26 18:19:31,162,B+0.5,32,True,False,False,,-1,29.4909,1000
2026-06-26 18:19:50,75,B+4.5,5,True,False,False,,-1,29.3636,1000
2026-06-26 18:20:17,95,B+2.5,5,True,False,False,,-1,29.2956,1000
2026-06-26 18:20:57,150,B+0.5,29,True,False,False,,-1,29.5392,1000
2026-06-26 18:21:30,122,B+1.5,8,True,False,False,,-1,29.6029,1000
2026-06-26 18:22:04,123,W+2.5,15,True,False,False,,-1,29.6125,1000
2026-06-26 18:22:21,63,B+1.5,3,True,False,False,,-1,29.3891,1000
2026-06-26 18:22:45,91,W+2.5,6,True,False,False,,-1,29.3626,1000
2026-06-26 18:23:16,114,B+2.5,11,True,False,False,,-1,29.3254,1000
2026-06-26 18:23:46,103,W+1.5,13,True,False,False,,-1,29.2499,1000
2026-06-26 18:24:12,97,W+0.5,11,True,False,False,,-1,29.2167,1000
2026-06-26 18:24:18,22,W+7.5,2,True,False,False,,-1,28.9299,1000
2026-06-26 18:24:28,38,W+11.5,2,True,False,False,,-1,28.7449,1000
2026-06-26 18:24:57,107,W+2.5,8,True,False,False,,-1,28.6728,1000
2026-06-26 18:25:31,125,B+2.5,15,True,False,False,,-1,28.7048,1000
2026-06-26 18:25:59,103,W+4.5,9,True,False,False,,-1,28.5965,1000
2026-06-26 18:26:34,130,B+5.5,14,True,False,False,,-1,28.6427,1000
2026-06-26 18:27:06,127,W+0.5,18,True,False,False,,-1,28.5926,1000
2026-06-26 18:27:35,109,W+0.5,16,True,False,False,,-1,28.6238,1000
2026-06-26 18:28:04,108,B+7.5,13,True,False,False,,-1,28.5919,1000
2026-06-26 18:28:34,118,B+2.5,15,True,False,False,,-1,28.5304,1000
2026-06-26 18:29:09,133,W+2.5,20,True,False,False,,-1,28.6108,1000
2026-06-26 18:29:40,119,W+3.5,19,True,False,False,,-1,28.6376,1000
2026-06-26 18:30:09,115,B+3.5,12,True,False,False,,-1,28.8064,1000
2026-06-26 18:30:20,44,W+9.5,3,True,False,False,,-1,28.5999,1000
2026-06-26 18:30:47,103,W+4.5,11,True,False,False,,-1,28.4956,1000
2026-06-26 18:31:22,121,W+1.5,16,True,False,False,,-1,28.4263,1000
2026-06-26 18:31:49,97,B+4.5,8,True,False,False,,-1,28.4142,1000
2026-06-26 18:32:22,128,B+16.5,18,True,False,False,,-1,28.399,1000
2026-06-26 18:32:53,118,B+1.5,9,True,False,False,,-1,28.4618,1000
2026-06-26 18:33:27,125,W+0.5,16,True,False,False,,-1,28.5164,1000
2026-06-26 18:33:46,69,B+8.5,3,True,False,False,,-1,28.4133,1000
2026-06-26 18:34:13,93,B+17.5,7,True,False,False,,-1,28.5127,1000
2026-06-26 18:34:43,109,W+0.5,11,True,False,False,,-1,28.4888,1000
2026-06-26 18:35:13,114,B+0.5,13,True,False,False,,-1,28.6793,1000
2026-06-26 18:35:31,65,B+3.5,2,True,False,False,,-1,28.6004,1000
2026-06-26 18:36:09,135,W+0.5,20,True,False,False,,-1,28.5816,1000
2026-06-26 18:36:43,126,B+2.5,10,True,False,False,,-1,28.8575,1000
2026-06-26 18:37:16,116,B+0.5,19,True,False,False,,-1,28.9079,1000
2026-06-26 18:37:26,34,W+7.5,2,True,False,False,,-1,28.8436,1000
2026-06-26 18:37:56,113,W+2.5,16,True,False,False,,-1,28.784,1000
2026-06-26 18:38:25,111,W+0.5,10,True,False,False,,-1,28.7889,1000
2026-06-26 18:39:02,148,B+22.5,26,True,False,False,,-1,28.8241,1000
2026-06-26 18:39:30,108,B+0.5,12,True,False,False,,-1,28.6529,1000
2026-06-26 18:39:35,20,W+8.5,2,True,False,False,,-1,28.371,1000
2026-06-26 18:40:11,128,B+2.5,17,True,False,False,,-1,28.4474,1000
2026-06-26 18:40:40,113,W+0.5,8,True,False,False,,-1,28.4604,1000
2026-06-26 18:41:11,114,B+2.5,7,True,False,False,,-1,28.5326,1000
2026-06-26 18:41:42,109,W+9.5,14,True,False,False,,-1,28.5443,1000
2026-06-26 18:42:07,92,B+1.5,6,True,False,False,,-1,28.5013,1000
2026-06-26 18:42:21,54,W+7.5,3,True,False,False,,-1,28.3177,1000
2026-06-26 18:42:53,121,W+3.5,20,True,False,False,,-1,28.343,1000
2026-06-26 18:43:27,122,W+2.5,10,True,False,False,,-1,28.3237,1000
2026-06-26 18:43:55,114,B+2.5,15,True,False,False,,-1,28.3443,1000
2026-06-26 18:44:29,126,B+1.5,16,True,False,False,,-1,28.357,1000
2026-06-26 18:44:58,97,W+0.5,12,True,False,False,,-1,28.439,1000
2026-06-26 18:45:26,105,W+0.5,12,True,False,False,,-1,28.47,1000
2026-06-26 18:45:52,97,B+6.5,9,True,False,False,,-1,28.4552,1000
2026-06-26 18:46:19,93,B+0.5,7,True,False,False,,-1,28.4275,1000
2026-06-26 18:46:56,137,W+1.5,25,True,False,False,,-1,28.4821,1000
2026-06-26 18:47:30,121,W+0.5,9,True,False,False,,-1,28.5668,1000
2026-06-26 18:47:51,81,B+1.5,7,True,False,False,,-1,28.4861,1000
2026-06-26 18:48:25,121,W+0.5,21,True,False,False,,-1,28.5373,1000
2026-06-26 18:49:02,129,W+3.5,18,True,False,False,,-1,28.6578,1000
2026-06-26 18:49:30,98,B+3.5,6,True,False,False,,-1,28.5841,1000
2026-06-26 18:49:49,70,W+13.5,2,True,False,False,,-1,28.4605,1000
2026-06-26 18:50:23,114,B+2.5,13,True,False,False,,-1,28.4719,1000
2026-06-26 18:50:58,144,W+7.5,25,True,False,False,,-1,28.5349,1000
2026-06-26 18:51:36,133,W+4.5,20,True,False,False,,-1,28.5915,1000
2026-06-26 18:52:03,96,B+0.5,7,True,False,False,,-1,28.5475,1000
2026-06-26 18:52:14,36,W+6.5,2,True,False,False,,-1,28.456,1000
2026-06-26 18:52:41,97,W+0.5,13,True,False,False,,-1,28.3809,1000
2026-06-26 18:53:11,115,W+0.5,14,True,False,False,,-1,28.2653,1000
2026-06-26 18:53:42,109,W+2.5,8,True,False,False,,-1,28.453,1000
2026-06-26 18:54:09,88,B+0.5,8,True,False,False,,-1,28.4518,1000
2026-06-26 18:54:38,106,B+3.5,8,True,False,False,,-1,28.4063,1000
2026-06-26 18:54:45,24,W+8.5,2,True,False,False,,-1,28.1891,1000
2026-06-26 18:55:14,107,B+4.5,12,True,False,False,,-1,28.2073,1000
2026-06-26 18:55:42,105,W+0.5,14,True,False,False,,-1,28.155,1000
2026-06-26 18:56:17,140,W+0.5,16,True,False,False,,-1,28.419,1000
2026-06-26 18:56:58,161,W+30.5,27,True,False,False,,-1,28.4909,1000
2026-06-26 18:57:35,129,W+0.5,15,True,False,False,,-1,28.4515,1000
2026-06-26 18:58:02,99,W+0.5,10,True,False,False,,-1,28.4422,1000
2026-06-26 18:58:42,162,B+17.5,28,True,False,False,,-1,28.6569,1000
2026-06-26 18:59:04,73,B+5.5,2,True,False,False,,-1,28.5964,1000
2026-06-26 18:59:34,117,W+4.5,18,True,False,False,,-1,28.5478,1000
2026-06-26 19:00:07,117,W+2.5,10,True,False,False,,-1,28.5501,1000
2026-06-26 19:00:17,38,W+7.5,2,True,False,False,,-1,28.353,1000
2026-06-26 19:00:40,93,B+2.5,8,True,False,False,,-1,28.3004,1000
2026-06-26 19:01:14,127,B+3.5,14,True,False,False,,-1,28.3252,1000
2026-06-26 19:01:45,113,W+1.5,15,True,False,False,,-1,28.3463,1000
2026-06-26 19:02:17,123,W+1.5,14,True,False,False,,-1,28.257,1000
2026-06-26 19:02:48,114,B+2.5,14,True,False,False,,-1,28.2216,1000
2026-06-26 19:03:16,101,W+2.5,9,True,False,False,,-1,28.3587,1000
2026-06-26 19:03:42,96,B+2.5,10,True,False,False,,-1,28.3253,1000
2026-06-26 19:03:58,62,W+1.5,3,True,False,False,,-1,28.302,1000
2026-06-26 19:04:37,148,B+0.5,27,True,False,False,,-1,28.3671,1000
2026-06-26 19:05:13,127,W+7.5,21,True,False,False,,-1,28.4917,1000
2026-06-26 19:05:29,58,W+10.5,3,True,False,False,,-1,28.3008,1000
2026-06-26 19:05:59,108,B+4.5,10,True,False,False,,-1,28.2758,1000
2026-06-26 19:06:27,101,B+2.5,4,True,False,False,,-1,28.1571,1000
2026-06-26 19:07:09,162,W+2.5,24,True,False,False,,-1,28.3845,1000
2026-06-26 19:07:46,126,B+3.5,16,True,False,False,,-1,28.4963,1000
2026-06-26 19:08:11,94,B+6.5,6,True,False,False,,-1,28.3389,1000
2026-06-26 19:08:41,115,W+0.5,14,True,False,False,,-1,28.3082,1000
2026-06-26 19:09:13,112,B+7.5,19,True,False,False,,-1,28.2888,1000
2026-06-26 19:09:48,126,B+2.5,9,True,False,False,,-1,28.4653,1000
2026-06-26 19:10:06,60,W+3.5,2,True,False,False,,-1,28.4085,1000
2026-06-26 19:10:38,117,W+1.5,14,True,False,False,,-1,28.4083,1000
2026-06-26 19:11:07,116,B+0.5,17,True,False,False,,-1,28.4135,1000
2026-06-26 19:11:38,111,W+0.5,11,True,False,False,,-1,28.4568,1000
2026-06-26 19:12:01,94,B+0.5,6,True,False,False,,-1,28.6194,1000
2026-06-26 19:12:34,122,B+2.5,16,True,False,False,,-1,28.8626,1000
2026-06-26 19:13:06,126,B+0.5,19,True,False,False,,-1,28.8885,1000
2026-06-26 19:13:38,114,B+4.5,14,True,False,False,,-1,28.8707,1000
2026-06-26 19:13:59,77,B+1.5,6,True,False,False,,-1,28.7921,1000
2026-06-26 19:14:31,116,B+0.5,17,True,False,False,,-1,28.7692,1000
2026-06-26 19:15:05,119,W+1.5,12,True,False,False,,-1,28.7821,1000
2026-06-26 19:15:30,92,B+0.5,8,True,False,False,,-1,28.7505,1000
2026-06-26 19:15:53,81,B+2.5,3,True,False,False,,-1,28.6883,1000
2026-06-26 19:16:19,97,W+2.5,16,True,False,False,,-1,28.6519,1000
2026-06-26 19:16:49,113,B+4.5,19,True,False,False,,-1,28.5946,1000
2026-06-26 19:17:09,73,B+4.5,5,True,False,False,,-1,28.4806,1000
2026-06-26 19:17:38,104,B+0.5,11,True,False,False,,-1,28.491,1000
2026-06-26 19:18:10,112,B+0.5,18,True,False,False,,-1,28.7065,1000
2026-06-26 19:18:40,112,B+1.5,4,True,False,False,,-1,28.7226,1000
2026-06-26 19:19:09,109,W+1.5,16,True,False,False,,-1,28.6678,1000
2026-06-26 19:19:46,138,B+4.5,15,True,False,False,,-1,28.7755,1000
2026-06-26 19:20:24,145,W+10.5,12,True,False,False,,-1,28.8134,1000
2026-06-26 19:20:53,105,W+4.5,6,True,False,False,,-1,28.7991,1000
2026-06-26 19:21:18,104,B+6.5,14,True,False,False,,-1,28.709,1000
2026-06-26 19:21:47,113,W+0.5,13,True,False,False,,-1,28.8126,1000
2026-06-26 19:22:16,102,W+1.5,12,True,False,False,,-1,28.8286,1000
2026-06-26 19:22:54,148,B+3.5,17,True,False,False,,-1,28.9077,1000
2026-06-26 19:23:30,137,W+2.5,14,True,False,False,,-1,28.9655,1000
2026-06-26 19:24:00,111,W+0.5,12,True,False,False,,-1,29.0889,1000
2026-06-26 19:24:31,115,B+1.5,13,True,False,False,,-1,29.0205,1000
2026-06-26 19:24:59,96,B+1.5,5,True,False,False,,-1,28.9532,1000
2026-06-26 19:25:11,38,W+7.5,2,True,False,False,,-1,28.7408,1000
2026-06-26 19:25:43,119,W+6.5,11,True,False,False,,-1,28.9627,1000
2026-06-26 19:25:54,42,W+7.5,2,True,False,False,,-1,28.7696,1000
2026-06-26 19:26:24,109,B+4.5,14,True,False,False,,-1,28.7952,1000
2026-06-26 19:26:30,24,W+7.5,2,True,False,False,,-1,28.4798,1000
2026-06-26 19:27:04,122,B+1.5,12,True,False,False,,-1,28.5324,1000
2026-06-26 19:27:22,69,B+2.5,5,True,False,False,,-1,28.6745,1000
2026-06-26 19:27:59,146,W+0.5,21,True,False,False,,-1,28.6856,1000
2026-06-26 19:28:31,107,W+0.5,13,True,False,False,,-1,28.7059,1000
2026-06-26 19:29:01,113,W+0.5,16,True,False,False,,-1,28.7024,1000
2026-06-26 19:29:25,92,B+3.5,14,True,False,False,,-1,28.6291,1000
2026-06-26 19:29:57,110,B+2.5,13,True,False,False,,-1,28.6934,1000
2026-06-26 19:30:27,100,B+13.5,8,True,False,False,,-1,28.8488,1000
2026-06-26 19:30:56,112,W+8.5,13,True,False,False,,-1,28.8233,1000
2026-06-26 19:31:29,123,W+0.5,12,True,False,False,,-1,28.816,1000
2026-06-26 19:31:44,58,W+7.5,2,True,False,False,,-1,28.6889,1000
2026-06-26 19:32:00,60,W+10.5,2,True,False,False,,-1,28.5032,1000
2026-06-26 19:32:36,126,B+4.5,17,True,False,False,,-1,28.576,1000
2026-06-26 19:32:58,81,B+11.5,7,True,False,False,,-1,28.5248,1000
2026-06-26 19:33:35,129,W+1.5,11,True,False,False,,-1,28.6241,1000
2026-06-26 19:34:06,113,W+2.5,12,True,False,False,,-1,28.665,1000
2026-06-26 19:34:34,102,B+2.5,7,True,False,False,,-1,28.5848,1000
2026-06-26 19:34:58,101,W+2.5,15,True,False,False,,-1,28.4845,1000
2026-06-26 19:35:29,111,W+0.5,13,True,False,False,,-1,28.5741,1000
2026-06-26 19:36:08,141,B+15.5,15,True,False,False,,-1,28.632,1000
2026-06-26 19:36:37,103,W+3.5,7,True,False,False,,-1,28.5408,1000
2026-06-26 19:37:07,127,B+3.5,13,True,False,False,,-1,28.5686,1000
2026-06-26 19:37:42,130,B+5.5,20,True,False,False,,-1,28.7326,1000
2026-06-26 19:38:13,111,W+5.5,15,True,False,False,,-1,28.7024,1000
2026-06-26 19:38:45,106,W+6.5,7,True,False,False,,-1,28.663,1000
2026-06-26 19:39:15,112,B+5.5,14,True,False,False,,-1,28.5947,1000
2026-06-26 19:39:48,130,B+2.5,19,True,False,False,,-1,28.6462,1000
2026-06-26 19:40:15,94,B+1.5,5,True,False,False,,-1,28.8056,1000
2026-06-26 19:40:25,36,W+10.5,2,True,False,False,,-1,28.6361,1000
2026-06-26 19:40:56,112,B+3.5,14,True,False,False,,-1,28.6438,1000
2026-06-26 19:41:24,102,B+4.5,12,True,False,False,,-1,28.6244,1000
2026-06-26 19:41:56,119,W+0.5,14,True,False,False,,-1,28.658,1000
2026-06-26 19:42:24,111,W+0.5,11,True,False,False,,-1,28.6639,1000
2026-06-26 19:42:49,100,B+1.5,9,True,False,False,,-1,28.8412,1000
2026-06-26 19:43:20,122,B+1.5,8,True,False,False,,-1,28.8538,1000
2026-06-26 19:43:48,102,B+1.5,8,True,False,False,,-1,28.8498,1000
2026-06-26 19:44:20,123,W+2.5,21,True,False,False,,-1,28.8275,1000
2026-06-26 19:44:51,116,B+0.5,17,True,False,False,,-1,28.7268,1000
2026-06-26 19:45:24,122,B+4.5,16,True,False,False,,-1,28.6927,1000
2026-06-26 19:46:00,137,W+3.5,23,True,False,False,,-1,28.7744,1000
2026-06-26 19:46:19,70,W+4.5,5,True,False,False,,-1,28.5683,1000
2026-06-26 19:46:50,121,B+15.5,15,True,False,False,,-1,28.662,1000
2026-06-26 19:47:17,108,B+0.5,16,True,False,False,,-1,28.6341,1000
2026-06-26 19:49:44,106,B+1.5,12,True,False,False,,-1,28.8299,2000
2026-06-26 19:50:23,146,B+3.5,30,True,False,False,,-1,28.9894,2000
2026-06-26 19:51:09,162,B+1.5,34,True,False,False,,-1,29.1027,2000
2026-06-26 19:51:47,138,W+2.5,19,True,False,False,,-1,29.1726,2000
2026-06-26 19:52:25,162,B+8.5,41,True,False,False,,-1,29.2381,2000
2026-06-26 19:52:51,102,W+1.5,13,True,False,False,,-1,29.1882,2000
2026-06-26 19:53:18,112,B+5.5,15,True,False,False,,-1,29.1755,2000
2026-06-26 19:53:49,129,B+2.5,16,True,False,False,,-1,29.2248,2000
2026-06-26 19:54:16,108,W+2.5,8,True,False,False,,-1,29.3374,2000
2026-06-26 19:54:45,125,B+3.5,18,True,False,False,,-1,29.2404,2000
2026-06-26 19:55:09,92,B+3.5,11,True,False,False,,-1,29.1195,2000
2026-06-26 19:55:42,127,W+4.5,20,True,False,False,,-1,29.2882,2000
2026-06-26 19:56:07,93,B+3.5,7,True,False,False,,-1,29.2395,2000
2026-06-26 19:56:37,111,W+6.5,15,True,False,False,,-1,29.2615,2000
2026-06-26 19:57:01,94,W+0.5,10,True,False,False,,-1,29.0755,2000
2026-06-26 19:57:30,125,W+6.5,16,True,False,False,,-1,28.9937,2000
2026-06-26 19:57:58,116,B+1.5,13,True,False,False,,-1,29.028,2000
2026-06-26 19:58:19,77,B+3.5,6,True,False,False,,-1,28.9271,2000
2026-06-26 19:58:59,162,B+18.5,33,True,False,False,,-1,29.013,2000
2026-06-26 19:59:13,53,B+2.5,3,True,False,False,,-1,28.8066,2000
2026-06-26 19:59:40,113,B+2.5,18,True,False,False,,-1,28.9017,2000
2026-06-26 20:00:23,141,B+3.5,18,True,False,False,,-1,29.0108,2000
2026-06-26 20:00:56,132,B+5.5,25,True,False,False,,-1,29.0403,2000
2026-06-26 20:01:26,112,B+1.5,11,True,False,False,,-1,29.0327,2000
2026-06-26 20:01:55,111,W+2.5,10,True,False,False,,-1,29.0958,2000
2026-06-26 20:02:23,100,B+0.5,8,True,False,False,,-1,29.0412,2000
2026-06-26 20:02:55,139,B+2.5,28,True,False,False,,-1,29.044,2000
2026-06-26 20:03:26,114,W+2.5,11,True,False,False,,-1,29.0311,2000
2026-06-26 20:03:53,105,W+0.5,15,True,False,False,,-1,29.0986,2000
2026-06-26 20:04:22,117,W+0.5,16,True,False,False,,-1,29.0633,2000
2026-06-26 20:04:47,103,B+2.5,13,True,False,False,,-1,28.9766,2000
2026-06-26 20:05:20,126,B+8.5,15,True,False,False,,-1,29.0539,2000
2026-06-26 20:05:47,103,B+2.5,10,True,False,False,,-1,29.1018,2000
2026-06-26 20:06:26,162,B+10.5,28,True,False,False,,-1,29.2205,2000
2026-06-26 20:07:02,147,B+7.5,24,True,False,False,,-1,29.2831,2000
2026-06-26 20:07:38,162,W+3.5,32,True,False,False,,-1,29.4541,2000
2026-06-26 20:08:11,135,W+1.5,25,True,False,False,,-1,29.4898,2000
2026-06-26 20:08:37,100,B+4.5,8,True,False,False,,-1,29.4209,2000
2026-06-26 20:09:06,114,B+3.5,11,True,False,False,,-1,29.4206,2000
2026-06-26 20:09:29,96,W+0.5,13,True,False,False,,-1,29.3557,2000
2026-06-26 20:09:58,114,B+0.5,16,True,False,False,,-1,29.2765,2000
2026-06-26 20:10:27,116,W+5.5,18,True,False,False,,-1,29.1873,2000
2026-06-26 20:10:41,50,W+15.5,3,True,False,False,,-1,29.0351,2000
2026-06-26 20:11:14,134,B+5.5,27,True,False,False,,-1,29.1194,2000
2026-06-26 20:11:42,102,B+0.5,8,True,False,False,,-1,29.0973,2000
2026-06-26 20:12:05,92,B+0.5,9,True,False,False,,-1,29.0457,2000
2026-06-26 20:12:37,121,B+1.5,18,True,False,False,,-1,28.9862,2000
2026-06-26 20:13:03,106,W+1.5,12,True,False,False,,-1,28.8943,2000
2026-06-26 20:13:37,131,W+2.5,17,True,False,False,,-1,28.9248,2000
2026-06-26 20:14:06,108,W+2.5,16,True,False,False,,-1,28.899,2000
2026-06-26 20:14:37,122,B+4.5,21,True,False,False,,-1,28.9393,2000
2026-06-26 20:15:11,130,B+6.5,20,True,False,False,,-1,29.1631,2000
2026-06-26 20:15:37,100,B+2.5,7,True,False,False,,-1,29.0961,2000
2026-06-26 20:16:02,95,W+1.5,14,True,False,False,,-1,29.2408,2000
2026-06-26 20:16:25,86,W+3.5,10,True,False,False,,-1,29.1565,2000
2026-06-26 20:16:54,113,B+3.5,8,True,False,False,,-1,29.3955,2000
2026-06-26 20:17:19,99,W+3.5,11,True,False,False,,-1,29.3059,2000
2026-06-26 20:17:46,103,W+7.5,9,True,False,False,,-1,29.3937,2000
2026-06-26 20:18:12,103,B+1.5,12,True,False,False,,-1,29.2857,2000
2026-06-26 20:18:41,112,B+0.5,14,True,False,False,,-1,29.2542,2000
2026-06-26 20:19:22,162,B+14.5,35,True,False,False,,-1,29.3573,2000
2026-06-26 20:19:54,123,B+3.5,14,True,False,False,,-1,29.4435,2000
2026-06-26 20:20:33,162,B+2.5,13,True,False,False,,-1,29.5145,2000
2026-06-26 20:21:13,145,W+1.5,22,True,False,False,,-1,29.6165,2000
2026-06-26 20:21:36,90,B+0.5,12,True,False,False,,-1,29.5591,2000
2026-06-26 20:22:01,95,W+0.5,7,True,False,False,,-1,29.4808,2000
2026-06-26 20:22:28,108,B+0.5,15,True,False,False,,-1,29.594,2000
2026-06-26 20:22:47,79,B+1.5,9,True,False,False,,-1,29.6249,2000
2026-06-26 20:23:25,146,W+0.5,28,True,False,False,,-1,29.6459,2000
2026-06-26 20:24:05,148,B+4.5,27,True,False,False,,-1,29.8225,2000
2026-06-26 20:24:41,162,B+31.5,10,True,False,False,,-1,29.8145,2000
2026-06-26 20:25:15,125,W+1.5,22,True,False,False,,-1,29.8461,2000
2026-06-26 20:25:42,104,W+3.5,15,True,False,False,,-1,29.8374,2000
2026-06-26 20:26:22,160,B+10.5,30,True,False,False,,-1,29.9938,2000
2026-06-26 20:26:58,146,B+2.5,32,True,False,False,,-1,30.0494,2000
2026-06-26 20:27:25,111,W+0.5,18,True,False,False,,-1,29.928,2000
2026-06-26 20:27:51,107,B+2.5,14,True,False,False,,-1,29.9,2000
2026-06-26 20:28:25,137,W+0.5,21,True,False,False,,-1,29.9305,2000
2026-06-26 20:29:02,134,B+2.5,21,True,False,False,,-1,29.9541,2000
2026-06-26 20:29:39,130,B+0.5,25,True,False,False,,-1,30.019,2000
2026-06-26 20:30:08,115,W+0.5,15,True,False,False,,-1,29.9845,2000
2026-06-26 20:30:41,124,B+4.5,14,True,False,False,,-1,30.0129,2000
2026-06-26 20:31:14,131,W+0.5,20,True,False,False,,-1,30.0222,2000
2026-06-26 20:31:47,128,B+0.5,17,True,False,False,,-1,30.0759,2000
2026-06-26 20:32:07,78,B+4.5,4,True,False,False,,-1,30.1809,2000
2026-06-26 20:32:48,162,W+0.5,33,True,False,False,,-1,30.2763,2000
2026-06-26 20:33:18,119,B+1.5,20,True,False,False,,-1,30.2937,2000
2026-06-26 20:33:49,114,B+1.5,10,True,False,False,,-1,30.2951,2000
2026-06-26 20:34:24,148,B+5.5,33,True,False,False,,-1,30.3553,2000
2026-06-26 20:34:51,96,B+4.5,9,True,False,False,,-1,30.3762,2000
2026-06-26 20:35:28,139,W+2.5,20,True,False,False,,-1,30.4368,2000
2026-06-26 20:36:03,129,W+1.5,16,True,False,False,,-1,30.509,2000
2026-06-26 20:36:37,135,B+1.5,12,True,False,False,,-1,30.5296,2000
2026-06-26 20:37:03,102,B+2.5,17,True,False,False,,-1,30.4785,2000
2026-06-26 20:37:31,104,B+3.5,14,True,False,False,,-1,30.4231,2000
2026-06-26 20:38:01,109,W+1.5,11,True,False,False,,-1,30.3658,2000
2026-06-26 20:38:24,88,B+2.5,7,True,False,False,,-1,30.4103,2000
2026-06-26 20:39:05,162,B+9.5,36,True,False,False,,-1,30.5009,2000
2026-06-26 20:39:34,109,W+2.5,12,True,False,False,,-1,30.5291,2000
2026-06-26 20:40:04,107,W+1.5,16,True,False,False,,-1,30.5093,2000
2026-06-26 20:40:35,111,W+5.5,14,True,False,False,,-1,30.5053,2000
2026-06-26 20:41:01,95,W+1.5,14,True,False,False,,-1,30.369,2000
2026-06-26 20:41:34,122,B+2.5,11,True,False,False,,-1,30.2501,2000
2026-06-26 20:42:02,97,B+2.5,10,True,False,False,,-1,30.1493,2000
2026-06-26 20:42:26,90,B+3.5,9,True,False,False,,-1,30.009,2000
2026-06-26 20:42:52,104,B+1.5,15,True,False,False,,-1,30.0099,2000
2026-06-26 20:43:26,123,W+2.5,13,True,False,False,,-1,30.0803,2000
2026-06-26 20:43:56,114,B+0.5,17,True,False,False,,-1,30.0677,2000
2026-06-26 20:44:25,112,B+0.5,18,True,False,False,,-1,30.0826,2000
2026-06-26 20:44:47,80,B+2.5,2,True,False,False,,-1,30.0179,2000
2026-06-26 20:45:14,96,B+10.5,8,True,False,False,,-1,30.0497,2000
2026-06-26 20:45:54,162,W+5.5,25,True,False,False,,-1,30.1102,2000
2026-06-26 20:46:15,80,W+10.5,5,True,False,False,,-1,30.0764,2000
2026-06-26 20:46:36,74,W+8.5,9,True,False,False,,-1,29.9864,2000
2026-06-26 20:47:17,162,W+5.5,33,True,False,False,,-1,30.1572,2000
2026-06-26 20:47:23,20,W+7.5,2,True,False,False,,-1,29.9229,2000
2026-06-26 20:47:55,126,B+1.5,20,True,False,False,,-1,29.9653,2000
2026-06-26 20:48:20,99,B+0.5,9,True,False,False,,-1,30.0123,2000
2026-06-26 20:48:54,133,W+0.5,25,True,False,False,,-1,29.9504,2000
2026-06-26 20:49:21,112,B+1.5,10,True,False,False,,-1,30.0816,2000
2026-06-26 20:49:49,110,W+2.5,7,True,False,False,,-1,30.0831,2000
2026-06-26 20:50:21,121,W+1.5,14,True,False,False,,-1,29.9766,2000
2026-06-26 20:50:55,130,B+0.5,20,True,False,False,,-1,29.9917,2000
2026-06-26 20:51:30,142,B+9.5,21,True,False,False,,-1,30.0397,2000
2026-06-26 20:51:58,107,W+0.5,14,True,False,False,,-1,30.0362,2000
2026-06-26 20:52:05,28,W+7.5,2,True,False,False,,-1,29.8196,2000
2026-06-26 20:52:40,139,W+0.5,32,True,False,False,,-1,29.8477,2000
2026-06-26 20:53:13,130,W+6.5,14,True,False,False,,-1,29.8699,2000
2026-06-26 20:53:39,104,B+1.5,11,True,False,False,,-1,29.8562,2000
2026-06-26 20:54:08,113,B+0.5,20,True,False,False,,-1,29.855,2000
2026-06-26 20:54:47,162,W+6.5,33,True,False,False,,-1,29.9956,2000
2026-06-26 20:55:11,96,B+2.5,13,True,False,False,,-1,29.9108,2000
2026-06-26 20:55:37,102,W+0.5,10,True,False,False,,-1,29.8944,2000
2026-06-26 20:56:07,123,B+0.5,11,True,False,False,,-1,29.812,2000
2026-06-26 20:56:31,105,B+3.5,12,True,False,False,,-1,29.6954,2000
2026-06-26 20:57:02,116,B+4.5,19,True,False,False,,-1,29.6325,2000
2026-06-26 20:57:30,112,W+0.5,17,True,False,False,,-1,29.5845,2000
2026-06-26 20:58:01,129,B+1.5,15,True,False,False,,-1,29.6428,2000
2026-06-26 20:58:33,132,B+0.5,13,True,False,False,,-1,29.664,2000
2026-06-26 20:59:05,130,B+3.5,17,True,False,False,,-1,29.7592,2000
2026-06-26 20:59:37,129,W+0.5,22,True,False,False,,-1,29.7836,2000
2026-06-26 21:00:02,97,B+3.5,7,True,False,False,,-1,29.7559,2000
2026-06-26 21:00:31,112,B+8.5,16,True,False,False,,-1,29.9053,2000
2026-06-26 21:01:05,131,B+2.5,22,True,False,False,,-1,29.8995,2000
2026-06-26 21:01:32,107,B+3.5,14,True,False,False,,-1,29.898,2000
2026-06-26 21:02:08,162,B+6.5,21,True,False,False,,-1,30.026,2000
2026-06-26 21:02:49,156,B+3.5,29,True,False,False,,-1,30.1196,2000
2026-06-26 21:03:15,98,B+3.5,10,True,False,False,,-1,30.1109,2000
2026-06-26 21:03:47,134,B+0.5,35,True,False,False,,-1,30.0946,2000
2026-06-26 21:04:15,112,B+2.5,11,True,False,False,,-1,30.0947,2000
2026-06-26 21:04:45,115,W+2.5,14,True,False,False,,-1,30.0736,2000
2026-06-26 21:05:13,102,B+2.5,11,True,False,False,,-1,30.0133,2000
2026-06-26 21:05:37,95,B+2.5,11,True,False,False,,-1,30.0029,2000
2026-06-26 21:06:03,97,B+1.5,8,True,False,False,,-1,30.0098,2000
2026-06-26 21:06:30,104,B+2.5,16,True,False,False,,-1,30.0531,2000
2026-06-26 21:07:02,131,W+4.5,20,True,False,False,,-1,30.0724,2000
2026-06-26 21:07:31,118,B+2.5,19,True,False,False,,-1,30.123,2000
2026-06-26 21:08:05,119,W+5.5,19,True,False,False,,-1,30.1857,2000
2026-06-26 21:08:34,115,B+7.5,8,True,False,False,,-1,30.2176,2000
2026-06-26 21:09:11,143,W+1.5,25,True,False,False,,-1,30.3041,2000
2026-06-26 21:09:43,112,B+4.5,16,True,False,False,,-1,30.2137,2000
2026-06-26 21:10:00,63,B+1.5,5,True,False,False,,-1,30.0653,2000
2026-06-26 21:10:28,107,B+11.5,11,True,False,False,,-1,29.9485,2000
2026-06-26 21:10:54,109,W+1.5,13,True,False,False,,-1,29.8127,2000
2026-06-26 21:11:29,138,B+8.5,24,True,False,False,,-1,29.9223,2000
2026-06-26 21:11:52,100,B+2.5,12,True,False,False,,-1,29.9027,2000
2026-06-26 21:12:19,109,W+2.5,12,True,False,False,,-1,29.9117,2000
2026-06-26 21:12:37,63,B+3.5,2,True,False,False,,-1,29.8988,2000
2026-06-26 21:13:08,116,B+6.5,18,True,False,False,,-1,29.8332,2000
2026-06-26 21:13:33,94,B+4.5,8,True,False,False,,-1,29.6789,2000
2026-06-26 21:14:09,141,W+0.5,21,True,False,False,,-1,29.6764,2000
2026-06-26 21:14:39,109,W+1.5,15,True,False,False,,-1,29.6344,2000
2026-06-26 21:15:11,128,B+5.5,23,True,False,False,,-1,29.686,2000
2026-06-26 21:15:35,87,B+4.5,9,True,False,False,,-1,29.522,2000
2026-06-26 21:16:02,105,W+0.5,16,True,False,False,,-1,29.4346,2000
2026-06-26 21:16:34,120,B+2.5,14,True,False,False,,-1,29.4791,2000
2026-06-26 21:17:12,162,B+4.5,29,True,False,False,,-1,29.6113,2000
2026-06-26 21:17:43,121,W+0.5,21,True,False,False,,-1,29.5841,2000
2026-06-26 21:18:13,112,B+2.5,15,True,False,False,,-1,29.5078,2000
2026-06-26 21:18:40,102,W+0.5,7,True,False,False,,-1,29.4027,2000
2026-06-26 21:19:11,114,B+1.5,14,True,False,False,,-1,29.4268,2000
2026-06-26 21:19:45,133,W+2.5,23,True,False,False,,-1,29.4354,2000
2026-06-26 21:20:19,143,W+2.5,25,True,False,False,,-1,29.44,2000
2026-06-26 21:20:52,120,W+4.5,13,True,False,False,,-1,29.4476,2000
2026-06-26 21:21:19,97,B+1.5,7,True,False,False,,-1,29.5148,2000
2026-06-26 21:21:49,118,B+1.5,20,True,False,False,,-1,29.4114,2000
2026-06-26 21:22:16,113,W+2.5,14,True,False,False,,-1,29.3785,2000
2026-06-26 21:22:57,162,W+5.5,26,True,False,False,,-1,29.4709,2000
2026-06-26 21:23:31,136,W+3.5,19,True,False,False,,-1,29.461,2000
2026-06-26 21:24:00,102,B+2.5,9,True,False,False,,-1,29.4855,2000
2026-06-26 21:24:38,141,W+2.5,24,True,False,False,,-1,29.493,2000
2026-06-26 21:25:03,106,B+1.5,12,True,False,False,,-1,29.3967,2000
2026-06-26 21:25:29,95,W+6.5,12,True,False,False,,-1,29.315,2000
2026-06-26 21:25:56,115,W+1.5,24,True,False,False,,-1,29.3241,2000
2026-06-26 21:26:19,89,B+6.5,9,True,False,False,,-1,29.2786,2000
2026-06-26 21:26:59,162,W+0.5,29,True,False,False,,-1,29.3791,2000
2026-06-26 21:27:24,93,W+4.5,16,True,False,False,,-1,29.3895,2000
2026-06-26 21:28:01,140,B+0.5,18,True,False,False,,-1,29.353,2000
2026-06-26 21:28:33,125,W+2.5,14,True,False,False,,-1,29.3844,2000
2026-06-26 21:29:13,162,B+10.5,33,True,False,False,,-1,29.4808,2000
2026-06-26 21:29:45,132,B+0.5,24,True,False,False,,-1,29.4959,2000
2026-06-26 21:30:10,94,B+3.5,8,True,False,False,,-1,29.4936,2000
2026-06-26 21:30:41,124,B+1.5,23,True,False,False,,-1,29.4659,2000
2026-06-26 21:31:11,118,W+2.5,13,True,False,False,,-1,29.49,2000
2026-06-26 21:31:36,95,B+2.5,7,True,False,False,,-1,29.4912,2000
2026-06-26 21:31:59,102,B+0.5,14,True,False,False,,-1,29.4612,2000
2026-06-26 21:32:10,44,W+3.5,3,True,False,False,,-1,29.2417,2000
2026-06-26 21:32:36,97,W+1.5,15,True,False,False,,-1,29.1964,2000
2026-06-26 21:33:05,103,B+3.5,11,True,False,False,,-1,29.1999,2000
2026-06-26 21:33:34,125,W+2.5,24,True,False,False,,-1,29.267,2000
2026-06-26 21:34:10,134,B+3.5,20,True,False,False,,-1,29.3499,2000
2026-06-26 21:34:38,107,W+3.5,8,True,False,False,,-1,29.2355,2000
2026-06-26 21:35:12,132,W+1.5,13,True,False,False,,-1,29.3622,2000
2026-06-26 21:35:35,89,B+0.5,3,True,False,False,,-1,29.3864,2000
2026-06-26 21:36:08,124,B+1.5,16,True,False,False,,-1,29.3086,2000
2026-06-26 21:36:39,119,B+2.5,17,True,False,False,,-1,29.5634,2000
2026-06-26 21:37:11,130,B+1.5,15,True,False,False,,-1,29.5595,2000
2026-06-26 21:37:39,109,B+1.5,13,True,False,False,,-1,29.592,2000
2026-06-26 21:38:01,89,B+2.5,5,True,False,False,,-1,29.4702,2000
2026-06-26 21:38:34,125,W+3.5,11,True,False,False,,-1,29.529,2000
2026-06-26 21:39:02,104,B+3.5,16,True,False,False,,-1,29.5264,2000
2026-06-26 21:39:27,99,W+2.5,12,True,False,False,,-1,29.4539,2000
2026-06-26 21:39:53,107,W+1.5,14,True,False,False,,-1,29.3788,2000
2026-06-26 21:40:19,93,B+2.5,10,True,False,False,,-1,29.287,2000
2026-06-26 21:40:56,132,B+0.5,20,True,False,False,,-1,29.3741,2000
2026-06-26 21:41:27,121,W+3.5,16,True,False,False,,-1,29.6135,2000
2026-06-26 21:41:59,129,W+4.5,17,True,False,False,,-1,29.5863,2000
2026-06-26 21:42:29,116,W+3.5,14,True,False,False,,-1,29.561,2000
2026-06-26 21:42:55,103,B+4.5,12,True,False,False,,-1,29.5623,2000
2026-06-26 21:43:29,128,B+2.5,18,True,False,False,,-1,29.6143,2000
2026-06-26 21:44:00,123,W+1.5,18,True,False,False,,-1,29.5316,2000
2026-06-26 21:44:27,98,B+4.5,7,True,False,False,,-1,29.5488,2000
2026-06-26 21:45:01,132,B+2.5,19,True,False,False,,-1,29.6327,2000
2026-06-26 21:45:31,112,B+3.5,16,True,False,False,,-1,29.6297,2000
2026-06-26 21:46:02,110,B+0.5,13,True,False,False,,-1,29.7019,2000
2026-06-26 21:46:29,111,B+1.5,17,True,False,False,,-1,29.6642,2000
2026-06-26 21:46:59,114,B+0.5,19,True,False,False,,-1,29.6921,2000
2026-06-26 21:47:25,95,B+5.5,10,True,False,False,,-1,29.6294,2000
2026-06-26 21:47:56,118,B+1.5,18,True,False,False,,-1,29.6265,2000
2026-06-26 21:48:24,103,W+3.5,12,True,False,False,,-1,29.5849,2000
2026-06-26 21:48:58,129,B+0.5,17,True,False,False,,-1,29.6105,2000
2026-06-26 21:49:29,118,W+2.5,17,True,False,False,,-1,29.6653,2000
2026-06-26 21:49:55,101,B+0.5,9,True,False,False,,-1,29.6378,2000
2026-06-26 21:50:31,142,B+0.5,22,True,False,False,,-1,29.6595,2000
2026-06-26 21:50:59,116,B+6.5,14,True,False,False,,-1,29.6695,2000
2026-06-26 21:51:29,122,B+3.5,10,True,False,False,,-1,29.6042,2000
2026-06-26 21:51:55,105,W+2.5,16,True,False,False,,-1,29.4551,2000
2026-06-26 21:52:27,128,B+1.5,29,True,False,False,,-1,29.5148,2000
2026-06-26 21:53:09,162,B+6.5,29,True,False,False,,-1,29.6214,2000
2026-06-26 21:53:36,97,W+2.5,7,True,False,False,,-1,29.599,2000
2026-06-26 21:54:13,147,W+4.5,25,True,False,False,,-1,29.6754,2000
2026-06-26 21:54:40,104,B+5.5,14,True,False,False,,-1,29.67,2000
2026-06-26 21:55:12,119,B+3.5,18,True,False,False,,-1,29.7436,2000
2026-06-26 21:55:42,120,W+1.5,13,True,False,False,,-1,29.7848,2000
2026-06-26 21:56:05,92,W+7.5,9,True,False,False,,-1,29.7484,2000
2026-06-26 21:56:35,112,B+3.5,10,True,False,False,,-1,29.7301,2000
2026-06-26 21:57:02,109,W+0.5,15,True,False,False,,-1,29.7096,2000
2026-06-26 21:57:34,145,B+1.5,27,True,False,False,,-1,29.6886,2000
2026-06-26 21:58:01,102,B+1.5,11,True,False,False,,-1,29.6616,2000
2026-06-26 21:58:19,65,B+1.5,3,True,False,False,,-1,29.4734,2000
2026-06-26 21:58:57,161,W+3.5,34,True,False,False,,-1,29.5386,2000
2026-06-26 21:59:33,162,B+3.5,36,True,False,False,,-1,29.7256,2000
2026-06-26 22:00:02,114,W+7.5,15,True,False,False,,-1,29.74,2000
2026-06-26 22:00:21,69,B+1.5,3,True,False,False,,-1,29.6626,2000
2026-06-26 22:00:45,96,W+3.5,11,True,False,False,,-1,29.5589,2000
2026-06-26 22:01:13,103,W+7.5,13,True,False,False,,-1,29.61,2000
2026-06-26 22:01:40,99,W+1.5,9,True,False,False,,-1,29.6061,2000
2026-06-26 22:02:09,114,B+1.5,14,True,False,False,,-1,29.719,2000
2026-06-26 22:02:32,95,B+1.5,9,True,False,False,,-1,29.6298,2000
2026-06-26 22:02:59,108,B+2.5,9,True,False,False,,-1,29.6571,2000
2026-06-26 22:03:26,114,B+3.5,17,True,False,False,,-1,29.572,2000
2026-06-26 22:03:52,104,B+3.5,15,True,False,False,,-1,29.5297,2000
2026-06-26 22:04:26,131,W+0.5,21,True,False,False,,-1,29.5424,2000
2026-06-26 22:05:06,162,W+9.5,28,True,False,False,,-1,29.7078,2000
2026-06-26 22:05:32,109,W+1.5,21,True,False,False,,-1,29.705,2000
2026-06-26 22:06:12,153,W+9.5,25,True,False,False,,-1,29.7856,2000
2026-06-26 22:06:37,98,B+2.5,15,True,False,False,,-1,29.6458,2000
2026-06-26 22:06:46,28,W+7.5,2,True,False,False,,-1,29.4219,2000
2026-06-26 22:07:20,127,W+2.5,23,True,False,False,,-1,29.4621,2000
2026-06-26 22:08:01,147,B+5.5,29,True,False,False,,-1,29.6073,2000
2026-06-26 22:08:32,105,B+4.5,16,True,False,False,,-1,29.6095,2000
2026-06-26 22:09:05,143,B+2.5,25,True,False,False,,-1,29.5967,2000
2026-06-26 22:09:40,145,B+2.5,19,True,False,False,,-1,29.6099,2000
2026-06-26 22:10:19,161,W+7.5,34,True,False,False,,-1,29.6725,2000
2026-06-26 22:10:31,46,W+5.5,4,True,False,False,,-1,29.5166,2000
2026-06-26 22:11:09,147,W+1.5,28,True,False,False,,-1,29.5954,2000
2026-06-26 22:11:37,113,W+5.5,15,True,False,False,,-1,29.6034,2000
2026-06-26 22:12:05,98,B+6.5,11,True,False,False,,-1,29.4808,2000
2026-06-26 22:12:43,139,W+0.5,21,True,False,False,,-1,29.5161,2000
2026-06-26 22:13:01,71,B+3.5,5,True,False,False,,-1,29.4027,2000
2026-06-26 22:13:32,111,W+2.5,15,True,False,False,,-1,29.3371,2000
2026-06-26 22:14:02,122,B+0.5,11,True,False,False,,-1,29.3887,2000
2026-06-26 22:14:09,28,W+9.5,2,True,False,False,,-1,29.1997,2000
2026-06-26 22:14:39,116,B+5.5,15,True,False,False,,-1,29.2286,2000
2026-06-26 22:15:15,131,W+1.5,21,True,False,False,,-1,29.3513,2000
2026-06-26 22:15:43,108,B+2.5,16,True,False,False,,-1,29.2361,2000
2026-06-26 22:16:18,131,B+1.5,14,True,False,False,,-1,29.3377,2000
2026-06-26 22:16:52,134,B+11.5,24,True,False,False,,-1,29.3083,2000
2026-06-26 22:17:32,162,B+8.5,28,True,False,False,,-1,29.3829,2000
2026-06-26 22:18:05,128,B+5.5,20,True,False,False,,-1,29.3211,2000
2026-06-26 22:18:13,32,W+7.5,3,True,False,False,,-1,29.0799,2000
2026-06-26 22:18:52,162,W+4.5,28,True,False,False,,-1,29.2165,2000
2026-06-26 22:19:29,148,B+1.5,29,True,False,False,,-1,29.2767,2000
2026-06-26 22:19:44,53,B+0.5,5,True,False,False,,-1,29.1272,2000
2026-06-26 22:20:21,140,B+4.5,17,True,False,False,,-1,29.2491,2000
2026-06-26 22:20:46,104,B+9.5,11,True,False,False,,-1,29.2683,2000
2026-06-26 22:21:21,137,B+7.5,17,True,False,False,,-1,29.5069,2000
2026-06-26 22:21:50,106,B+0.5,16,True,False,False,,-1,29.5393,2000
2026-06-26 22:22:18,112,B+3.5,14,True,False,False,,-1,29.527,2000
2026-06-26 22:22:51,136,B+4.5,23,True,False,False,,-1,29.5683,2000
2026-06-26 22:23:18,99,B+2.5,15,True,False,False,,-1,29.4823,2000
2026-06-26 22:23:42,98,B+1.5,9,True,False,False,,-1,29.4427,2000
2026-06-26 22:24:14,124,B+4.5,21,True,False,False,,-1,29.4187,2000
2026-06-26 22:24:45,112,B+1.5,11,True,False,False,,-1,29.4937,2000
2026-06-26 22:25:10,103,B+1.5,9,True,False,False,,-1,29.419,2000
2026-06-26 22:25:42,118,B+0.5,12,True,False,False,,-1,29.4199,2000
2026-06-26 22:26:08,94,B+2.5,13,True,False,False,,-1,29.3621,2000
2026-06-26 22:26:39,124,B+7.5,17,True,False,False,,-1,29.3923,2000
2026-06-26 22:27:10,122,W+0.5,21,True,False,False,,-1,29.4826,2000
2026-06-26 22:27:29,73,B+2.5,5,True,False,False,,-1,29.3467,2000
2026-06-26 22:27:57,101,B+1.5,10,True,False,False,,-1,29.3468,2000
2026-06-26 22:28:30,126,W+0.5,19,True,False,False,,-1,29.4353,2000
2026-06-26 22:29:04,136,B+0.5,18,True,False,False,,-1,29.4999,2000
2026-06-26 22:29:34,116,B+3.5,12,True,False,False,,-1,29.5538,2000
2026-06-26 22:30:10,134,B+7.5,23,True,False,False,,-1,29.5345,2000
2026-06-26 22:30:34,92,B+1.5,10,True,False,False,,-1,29.4684,2000
2026-06-26 22:31:02,114,B+12.5,23,True,False,False,,-1,29.4287,2000
2026-06-26 22:31:34,120,B+1.5,18,True,False,False,,-1,29.4458,2000
2026-06-26 22:31:42,34,W+6.5,3,True,False,False,,-1,29.269,2000
2026-06-26 22:32:11,113,B+0.5,18,True,False,False,,-1,29.218,2000
2026-06-26 22:32:51,162,W+3.5,29,True,False,False,,-1,29.3101,2000
2026-06-26 22:33:24,137,W+1.5,19,True,False,False,,-1,29.3699,2000
2026-06-26 22:33:49,100,B+6.5,15,True,False,False,,-1,29.2796,2000
2026-06-26 22:34:12,91,W+4.5,9,True,False,False,,-1,29.2136,2000
2026-06-26 22:34:54,162,B+11.5,31,True,False,False,,-1,29.316,2000
2026-06-26 22:35:27,124,B+1.5,21,True,False,False,,-1,29.3795,2000
2026-06-26 22:35:52,108,B+8.5,13,True,False,False,,-1,29.3263,2000
2026-06-26 22:36:23,122,W+2.5,14,True,False,False,,-1,29.3848,2000
2026-06-26 22:36:53,121,W+0.5,17,True,False,False,,-1,29.3694,2000
2026-06-26 22:37:27,124,B+3.5,20,True,False,False,,-1,29.4359,2000
2026-06-26 22:37:58,122,W+0.5,9,True,False,False,,-1,29.3922,2000
2026-06-26 22:38:32,142,B+5.5,20,True,False,False,,-1,29.4275,2000
2026-06-26 22:39:01,111,B+1.5,13,True,False,False,,-1,29.452,2000
2026-06-26 22:39:30,113,B+6.5,17,True,False,False,,-1,29.3904,2000
2026-06-26 22:39:55,95,B+2.5,8,True,False,False,,-1,29.3613,2000
2026-06-26 22:40:25,109,W+5.5,15,True,False,False,,-1,29.3577,2000
2026-06-26 22:40:52,101,W+1.5,18,True,False,False,,-1,29.3691,2000
2026-06-26 22:41:20,106,B+1.5,13,True,False,False,,-1,29.3314,2000
2026-06-26 22:41:48,108,B+2.5,17,True,False,False,,-1,29.1875,2000
2026-06-26 22:42:18,117,B+0.5,11,True,False,False,,-1,29.2249,2000
2026-06-26 22:42:45,102,B+2.5,9,True,False,False,,-1,29.1184,2000
2026-06-26 22:43:13,112,W+1.5,16,True,False,False,,-1,29.1271,2000
2026-06-26 22:43:44,114,B+1.5,13,True,False,False,,-1,29.1173,2000
2026-06-26 22:44:07,83,B+4.5,9,True,False,False,,-1,29.052,2000
2026-06-26 22:44:36,117,W+2.5,18,True,False,False,,-1,29.1015,2000
2026-06-26 22:44:58,84,W+4.5,7,True,False,False,,-1,29.0243,2000
2026-06-26 22:45:22,91,W+1.5,12,True,False,False,,-1,28.9976,2000
2026-06-26 22:45:49,108,B+2.5,11,True,False,False,,-1,28.95,2000
2026-06-26 22:46:25,147,W+5.5,30,True,False,False,,-1,29.0398,2000
2026-06-26 22:46:49,90,B+2.5,5,True,False,False,,-1,29.0947,2000
2026-06-26 22:47:10,81,B+7.5,8,True,False,False,,-1,28.9248,2000
2026-06-26 22:47:38,117,W+0.5,16,True,False,False,,-1,28.8453,2000
2026-06-26 22:48:03,88,B+0.5,5,True,False,False,,-1,28.8019,2000
2026-06-26 22:48:28,100,B+2.5,10,True,False,False,,-1,28.8699,2000
2026-06-26 22:48:54,102,B+1.5,10,True,False,False,,-1,28.8842,2000
2026-06-26 22:49:21,103,W+1.5,13,True,False,False,,-1,28.874,2000
2026-06-26 22:49:45,98,B+6.5,12,True,False,False,,-1,28.8512,2000
2026-06-26 22:50:17,132,B+1.5,20,True,False,False,,-1,28.8722,2000
2026-06-26 22:50:36,74,B+3.5,5,True,False,False,,-1,28.8396,2000
2026-06-26 22:51:00,91,W+4.5,11,True,False,False,,-1,28.8046,2000
2026-06-26 22:51:34,133,B+1.5,18,True,False,False,,-1,28.8798,2000
2026-06-26 22:52:05,121,W+1.5,18,True,False,False,,-1,28.934,2000
2026-06-26 22:52:37,116,B+1.5,19,True,False,False,,-1,28.9083,2000
2026-06-26 22:53:10,127,W+2.5,26,True,False,False,,-1,28.8387,2000
2026-06-26 22:53:42,124,B+1.5,21,True,False,False,,-1,28.891,2000
2026-06-26 22:54:15,143,W+0.5,28,True,False,False,,-1,28.8205,2000
2026-06-26 22:54:47,134,B+4.5,25,True,False,False,,-1,28.8905,2000
2026-06-26 22:55:24,162,B+1.5,31,True,False,False,,-1,29.1746,2000
2026-06-26 22:55:55,118,B+0.5,19,True,False,False,,-1,29.1505,2000
2026-06-26 22:56:18,80,B+4.5,9,True,False,False,,-1,28.9716,2000
2026-06-26 22:56:52,124,B+2.5,14,True,False,False,,-1,29.001,2000
2026-06-26 22:57:20,104,B+4.5,9,True,False,False,,-1,28.9483,2000
2026-06-26 22:57:50,125,B+1.5,25,True,False,False,,-1,28.8955,2000
2026-06-26 22:58:18,103,B+4.5,8,True,False,False,,-1,28.7831,2000
2026-06-26 22:58:43,99,B+3.5,9,True,False,False,,-1,28.9238,2000
2026-06-26 22:59:14,120,B+2.5,17,True,False,False,,-1,28.8444,2000
2026-06-26 22:59:43,103,B+3.5,13,True,False,False,,-1,28.8551,2000
2026-06-26 23:00:08,96,B+7.5,8,True,False,False,,-1,28.831,2000
2026-06-26 23:00:34,95,B+2.5,12,True,False,False,,-1,28.7088,2000
2026-06-26 23:01:06,127,W+2.5,18,True,False,False,,-1,28.8504,2000
2026-06-26 23:01:45,162,B+2.5,28,True,False,False,,-1,28.9305,2000
2026-06-26 23:02:10,99,W+4.5,9,True,False,False,,-1,28.8819,2000
2026-06-26 23:02:43,121,W+2.5,14,True,False,False,,-1,29.1324,2000
2026-06-26 23:03:11,107,W+2.5,15,True,False,False,,-1,29.1149,2000
2026-06-26 23:03:45,133,B+3.5,18,True,False,False,,-1,29.0982,2000
2026-06-26 23:04:24,162,B+4.5,35,True,False,False,,-1,29.2165,2000
2026-06-26 23:04:52,117,W+0.5,19,True,False,False,,-1,29.1459,2000
2026-06-26 23:05:22,113,W+0.5,15,True,False,False,,-1,29.1011,2000
2026-06-26 23:05:49,113,W+3.5,18,True,False,False,,-1,28.9731,2000
2026-06-26 23:06:20,124,B+1.5,18,True,False,False,,-1,28.9497,2000
2026-06-26 23:06:49,111,W+4.5,18,True,False,False,,-1,29.155,2000
2026-06-26 23:07:15,102,W+2.5,8,True,False,False,,-1,29.031,2000
2026-06-26 23:07:48,118,B+2.5,22,True,False,False,,-1,28.9817,2000
2026-06-26 23:08:15,106,B+2.5,13,True,False,False,,-1,29.1119,2000
2026-06-26 23:08:56,159,W+6.5,28,True,False,False,,-1,29.151,2000
2026-06-26 23:09:29,133,B+0.5,24,True,False,False,,-1,29.2342,2000
2026-06-26 23:10:01,129,W+2.5,19,True,False,False,,-1,29.1908,2000
2026-06-26 23:10:34,125,W+0.5,19,True,False,False,,-1,29.2361,2000
2026-06-26 23:11:13,153,W+2.5,34,True,False,False,,-1,29.3532,2000
2026-06-26 23:11:34,84,W+2.5,9,True,False,False,,-1,29.2251,2000
2026-06-26 23:12:14,162,B+6.5,30,True,False,False,,-1,29.3576,2000
2026-06-26 23:12:42,108,B+4.5,14,True,False,False,,-1,29.3966,2000
2026-06-26 23:13:06,100,B+4.5,10,True,False,False,,-1,29.3206,2000
2026-06-26 23:13:36,117,W+4.5,9,True,False,False,,-1,29.3086,2000
2026-06-26 23:14:05,119,W+1.5,15,True,False,False,,-1,29.3433,2000
2026-06-26 23:14:17,44,W+9.5,2,True,False,False,,-1,29.1512,2000
2026-06-26 23:14:50,129,W+1.5,17,True,False,False,,-1,29.2204,2000
2026-06-26 23:15:19,109,B+0.5,10,True,False,False,,-1,29.1941,2000
2026-06-26 23:15:49,120,B+2.5,19,True,False,False,,-1,29.187,2000
2026-06-26 23:16:25,128,B+1.5,15,True,False,False,,-1,29.3545,2000
2026-06-26 23:17:02,153,W+1.5,31,True,False,False,,-1,29.4483,2000
2026-06-26 23:17:24,88,B+8.5,6,True,False,False,,-1,29.3297,2000
2026-06-26 23:17:51,104,B+2.5,13,True,False,False,,-1,29.2715,2000
2026-06-26 23:18:16,92,B+1.5,14,True,False,False,,-1,29.2125,2000
2026-06-26 23:18:55,155,W+1.5,21,True,False,False,,-1,29.2452,2000
2026-06-26 23:19:20,100,W+1.5,13,True,False,False,,-1,29.2602,2000
2026-06-26 23:19:53,121,W+1.5,17,True,False,False,,-1,29.3039,2000
2026-06-26 23:20:11,70,W+3.5,2,True,False,False,,-1,29.166,2000
2026-06-26 23:20:43,121,B+1.5,18,True,False,False,,-1,29.4034,2000
2026-06-26 23:20:52,36,W+7.5,2,True,False,False,,-1,29.1998,2000
2026-06-26 23:21:23,122,B+0.5,20,True,False,False,,-1,29.1149,2000
2026-06-26 23:21:52,103,W+0.5,12,True,False,False,,-1,29.0746,2000
2026-06-26 23:22:21,100,B+2.5,12,True,False,False,,-1,29.1165,2000
2026-06-26 23:22:44,89,B+3.5,8,True,False,False,,-1,29.1202,2000
2026-06-26 23:23:14,121,W+3.5,20,True,False,False,,-1,28.9986,2000
2026-06-26 23:23:54,162,W+6.5,39,True,False,False,,-1,29.0644,2000
2026-06-26 23:24:16,82,W+4.5,6,True,False,False,,-1,29.037,2000
2026-06-26 23:24:41,89,B+1.5,9,True,False,False,,-1,28.9773,2000
2026-06-26 23:25:16,131,W+0.5,19,True,False,False,,-1,29.0235,2000
2026-06-26 23:25:42,102,B+2.5,16,True,False,False,,-1,28.9387,2000
2026-06-26 23:26:15,135,W+0.5,18,True,False,False,,-1,28.9721,2000
2026-06-26 23:26:38,91,B+1.5,8,True,False,False,,-1,28.8595,2000
2026-06-26 23:27:04,100,B+1.5,13,True,False,False,,-1,28.8332,2000
2026-06-26 23:27:32,115,W+1.5,18,True,False,False,,-1,28.8207,2000
2026-06-26 23:28:06,133,W+5.5,25,True,False,False,,-1,28.905,2000
2026-06-26 23:28:33,101,B+1.5,13,True,False,False,,-1,28.8764,2000
2026-06-26 23:28:45,52,W+5.5,2,True,False,False,,-1,28.73,2000
2026-06-26 23:29:25,162,W+12.5,25,True,False,False,,-1,28.846,2000
2026-06-26 23:30:04,162,B+4.5,31,True,False,False,,-1,28.955,2000
2026-06-26 23:30:13,38,W+8.5,2,True,False,False,,-1,28.7437,2000
2026-06-26 23:30:40,104,W+0.5,16,True,False,False,,-1,28.7499,2000
2026-06-26 23:31:07,100,B+7.5,5,True,False,False,,-1,28.7361,2000
2026-06-26 23:31:44,130,W+0.5,23,True,False,False,,-1,28.7954,2000
2026-06-26 23:32:12,114,B+1.5,14,True,False,False,,-1,28.8458,2000
2026-06-26 23:32:43,120,B+5.5,24,True,False,False,,-1,28.869,2000
2026-06-26 23:33:12,112,B+1.5,12,True,False,False,,-1,28.9409,2000
2026-06-26 23:33:39,108,W+0.5,16,True,False,False,,-1,28.9597,2000
2026-06-26 23:34:14,144,B+5.5,27,True,False,False,,-1,29.041,2000
2026-06-26 23:34:40,96,B+6.5,11,True,False,False,,-1,28.9517,2000
2026-06-26 23:35:22,162,B+7.5,29,True,False,False,,-1,29.1304,2000
2026-06-26 23:35:53,114,W+0.5,16,True,False,False,,-1,29.2231,2000
2026-06-26 23:36:17,95,W+2.5,12,True,False,False,,-1,29.1902,2000
2026-06-26 23:36:46,110,B+1.5,14,True,False,False,,-1,29.2313,2000
2026-06-26 23:37:13,104,B+0.5,13,True,False,False,,-1,29.2528,2000
2026-06-26 23:37:22,32,W+7.5,2,True,False,False,,-1,29.0842,2000
2026-06-26 23:38:04,162,B+20.5,29,True,False,False,,-1,29.2285,2000
2026-06-26 23:38:33,113,B+1.5,12,True,False,False,,-1,29.2772,2000
2026-06-26 23:38:59,98,B+1.5,9,True,False,False,,-1,29.2233,2000
2026-06-26 23:39:26,103,W+4.5,13,True,False,False,,-1,29.2944,2000
2026-06-26 23:39:57,123,W+5.5,22,True,False,False,,-1,29.3702,2000
2026-06-26 23:40:36,161,W+1.5,40,True,False,False,,-1,29.4122,2000
2026-06-26 23:41:04,113,B+4.5,20,True,False,False,,-1,29.3815,2000
2026-06-26 23:41:39,134,B+4.5,29,True,False,False,,-1,29.4191,2000
2026-06-26 23:42:07,105,W+2.5,17,True,False,False,,-1,29.3675,2000
2026-06-26 23:42:26,65,B+1.5,5,True,False,False,,-1,29.2362,2000
2026-06-26 23:42:56,117,B+7.5,15,True,False,False,,-1,29.2076,2000
2026-06-26 23:43:21,101,W+1.5,14,True,False,False,,-1,29.1424,2000
2026-06-26 23:43:48,105,B+2.5,8,True,False,False,,-1,29.0461,2000
2026-06-26 23:44:05,67,B+2.5,4,True,False,False,,-1,28.8996,2000
2026-06-26 23:44:32,105,W+0.5,11,True,False,False,,-1,28.9339,2000
2026-06-26 23:45:14,162,W+8.5,30,True,False,False,,-1,29.0113,2000
2026-06-26 23:45:40,99,B+4.5,12,True,False,False,,-1,29.0016,2000
2026-06-26 23:46:13,125,W+0.5,18,True,False,False,,-1,29.0319,2000
2026-06-26 23:46:44,112,B+3.5,16,True,False,False,,-1,29.0606,2000
2026-06-26 23:47:09,106,B+2.5,10,True,False,False,,-1,29.0572,2000
2026-06-26 23:47:15,20,W+7.5,2,True,False,False,,-1,28.8066,2000
2026-06-26 23:47:46,125,W+2.5,21,True,False,False,,-1,28.8306,2000
2026-06-26 23:48:14,102,B+4.5,13,True,False,False,,-1,28.8561,2000
2026-06-26 23:48:44,107,W+1.5,14,True,False,False,,-1,28.8968,2000
2026-06-26 23:49:12,121,W+0.5,21,True,False,False,,-1,28.8582,2000
2026-06-26 23:49:56,162,W+2.5,43,True,False,False,,-1,28.9044,2000
2026-06-26 23:50:38,162,B+9.5,30,True,False,False,,-1,29.0727,2000
2026-06-26 23:50:46,26,W+7.5,2,True,False,False,,-1,28.832,2000
2026-06-26 23:51:20,129,W+1.5,19,True,False,False,,-1,28.8906,2000
2026-06-26 23:51:53,122,W+3.5,19,True,False,False,,-1,28.8763,2000
2026-06-26 23:52:26,120,B+3.5,17,True,False,False,,-1,28.8092,2000
2026-06-26 23:52:54,105,B+1.5,9,True,False,False,,-1,28.8152,2000
2026-06-26 23:53:37,161,W+1.5,30,True,False,False,,-1,28.9448,2000
2026-06-26 23:54:02,101,B+2.5,15,True,False,False,,-1,28.9225,2000
2026-06-26 23:54:26,86,B+3.5,8,True,False,False,,-1,28.8576,2000
2026-06-26 23:54:56,118,W+0.5,16,True,False,False,,-1,28.8711,2000
2026-06-26 23:55:06,39,B+5.5,2,True,False,False,,-1,28.7075,2000
2026-06-26 23:55:37,119,W+0.5,16,True,False,False,,-1,28.6921,2000
2026-06-26 23:55:53,63,B+2.5,4,True,False,False,,-1,28.5717,2000
2026-06-26 23:56:25,117,W+1.5,10,True,False,False,,-1,28.4863,2000
2026-06-26 23:56:50,86,W+1.5,11,True,False,False,,-1,28.4001,2000
2026-06-26 23:57:23,129,W+1.5,23,True,False,False,,-1,28.4217,2000
2026-06-26 23:57:52,112,B+1.5,19,True,False,False,,-1,28.3802,2000
2026-06-26 23:58:23,121,W+5.5,17,True,False,False,,-1,28.2973,2000
2026-06-26 23:58:49,95,B+1.5,8,True,False,False,,-1,28.3493,2000
2026-06-26 23:59:23,121,B+1.5,12,True,False,False,,-1,28.2823,2000
2026-06-26 23:59:49,95,B+3.5,8,True,False,False,,-1,28.2665,2000
2026-06-27 00:00:11,83,B+3.5,9,True,False,False,,-1,28.2399,2000
2026-06-27 00:00:35,90,B+2.5,11,True,False,False,,-1,28.1943,2000
2026-06-27 00:01:08,124,B+3.5,17,True,False,False,,-1,28.2327,2000
2026-06-27 00:01:24,59,B+0.5,3,True,False,False,,-1,28.2703,2000
2026-06-27 00:01:59,135,W+1.5,22,True,False,False,,-1,28.2851,2000
2026-06-27 00:02:19,69,B+1.5,3,True,False,False,,-1,28.2002,2000
2026-06-27 00:02:50,119,W+3.5,16,True,False,False,,-1,28.2077,2000
2026-06-27 00:03:20,111,B+1.5,15,True,False,False,,-1,28.1485,2000
2026-06-27 00:03:48,103,W+1.5,13,True,False,False,,-1,28.061,2000
2026-06-27 00:04:14,100,B+2.5,13,True,False,False,,-1,28.0968,2000
2026-06-27 00:04:19,20,W+7.5,2,True,False,False,,-1,27.8757,2000
2026-06-27 00:04:47,117,W+0.5,16,True,False,False,,-1,27.9072,2000
2026-06-27 00:05:14,101,W+3.5,10,True,False,False,,-1,27.7891,2000
2026-06-27 00:05:45,123,B+3.5,17,True,False,False,,-1,27.8422,2000
2026-06-27 00:06:10,94,B+2.5,4,True,False,False,,-1,27.7701,2000
2026-06-27 00:06:40,112,B+0.5,7,True,False,False,,-1,27.8878,2000
2026-06-27 00:07:06,102,B+3.5,14,True,False,False,,-1,27.8292,2000
2026-06-27 00:07:34,107,W+0.5,12,True,False,False,,-1,28.0223,2000
2026-06-27 00:08:07,126,B+0.5,22,True,False,False,,-1,28.0317,2000
2026-06-27 00:08:43,125,W+3.5,15,True,False,False,,-1,28.1095,2000
2026-06-27 00:09:15,120,B+0.5,18,True,False,False,,-1,28.1418,2000
2026-06-27 00:09:50,142,B+0.5,26,True,False,False,,-1,28.2516,2000
2026-06-27 00:10:20,127,W+2.5,22,True,False,False,,-1,28.2572,2000
2026-06-27 00:10:47,98,B+1.5,8,True,False,False,,-1,28.1362,2000
2026-06-27 00:11:17,109,W+0.5,20,True,False,False,,-1,28.2031,2000
2026-06-27 00:11:41,99,W+1.5,14,True,False,False,,-1,28.1975,2000
2026-06-27 00:11:55,53,B+2.5,2,True,False,False,,-1,27.991,2000
2026-06-27 00:12:28,118,B+8.5,15,True,False,False,,-1,28.0616,2000
2026-06-27 00:12:53,93,B+1.5,12,True,False,False,,-1,27.9724,2000
2026-06-27 00:13:29,135,W+1.5,20,True,False,False,,-1,28.1075,2000
2026-06-27 00:14:00,118,B+0.5,15,True,False,False,,-1,28.1571,2000
2026-06-27 00:14:22,94,B+0.5,9,True,False,False,,-1,28.0956,2000
2026-06-27 00:14:50,108,B+1.5,12,True,False,False,,-1,28.0352,2000
2026-06-27 00:15:24,133,B+0.5,22,True,False,False,,-1,28.1081,2000
2026-06-27 00:15:53,118,B+3.5,14,True,False,False,,-1,28.2804,2000
2026-06-27 00:16:20,99,W+0.5,7,True,False,False,,-1,28.1476,2000
2026-06-27 00:16:52,130,B+4.5,20,True,False,False,,-1,28.0799,2000
2026-06-27 00:17:30,145,W+2.5,22,True,False,False,,-1,28.3707,2000
2026-06-27 00:18:04,139,W+1.5,25,True,False,False,,-1,28.4328,2000
2026-06-27 00:18:38,137,W+2.5,24,True,False,False,,-1,28.5038,2000
2026-06-27 00:19:01,89,W+2.5,8,True,False,False,,-1,28.3695,2000
2026-06-27 00:19:31,122,B+1.5,16,True,False,False,,-1,28.3867,2000
2026-06-27 00:20:04,119,W+1.5,16,True,False,False,,-1,28.4126,2000
2026-06-27 00:20:28,95,B+0.5,11,True,False,False,,-1,28.3572,2000
2026-06-27 00:20:35,24,W+7.5,2,True,False,False,,-1,28.1659,2000
2026-06-27 00:21:03,105,B+1.5,16,True,False,False,,-1,28.0952,2000
2026-06-27 00:21:33,119,B+2.5,20,True,False,False,,-1,28.1276,2000
2026-06-27 00:22:10,162,W+3.5,9,True,False,False,,-1,28.0793,2000
2026-06-27 00:22:47,151,W+5.5,28,True,False,False,,-1,28.1383,2000
2026-06-27 00:23:14,103,B+4.5,13,True,False,False,,-1,28.1602,2000
2026-06-27 00:23:41,100,B+0.5,12,True,False,False,,-1,28.1439,2000
2026-06-27 00:24:09,100,B+0.5,10,True,False,False,,-1,28.1518,2000
2026-06-27 00:24:40,117,B+0.5,17,True,False,False,,-1,28.3774,2000
2026-06-27 00:25:22,162,B+8.5,27,True,False,False,,-1,28.3843,2000
2026-06-27 00:25:48,97,W+0.5,10,True,False,False,,-1,28.3435,2000
2026-06-27 00:26:19,115,B+4.5,13,True,False,False,,-1,28.3959,2000
2026-06-27 00:26:50,115,W+1.5,18,True,False,False,,-1,28.4424,2000
2026-06-27 00:27:18,99,W+2.5,9,True,False,False,,-1,28.4044,2000
2026-06-27 00:27:46,110,B+2.5,15,True,False,False,,-1,28.297,2000
2026-06-27 00:27:59,48,W+11.5,2,True,False,False,,-1,28.1484,2000
2026-06-27 00:28:29,122,B+7.5,20,True,False,False,,-1,28.1017,2000
2026-06-27 00:28:52,93,B+1.5,12,True,False,False,,-1,28.0509,2000
2026-06-27 00:29:21,102,B+1.5,12,True,False,False,,-1,28.1476,2000
2026-06-27 00:29:47,96,B+2.5,7,True,False,False,,-1,28.1084,2000
2026-06-27 00:30:20,130,W+0.5,20,True,False,False,,-1,28.1831,2000
2026-06-27 00:30:54,132,B+1.5,17,True,False,False,,-1,28.2511,2000
2026-06-27 00:31:21,106,B+5.5,11,True,False,False,,-1,28.3568,2000
2026-06-27 00:31:47,98,B+1.5,8,True,False,False,,-1,28.3458,2000
2026-06-27 00:32:24,141,B+1.5,19,True,False,False,,-1,28.2995,2000
2026-06-27 00:32:57,134,B+1.5,16,True,False,False,,-1,28.3644,2000
2026-06-27 00:33:27,119,W+1.5,16,True,False,False,,-1,28.3363,2000
2026-06-27 00:33:57,110,B+1.5,8,True,False,False,,-1,28.324,2000
2026-06-27 00:34:25,117,W+2.5,10,True,False,False,,-1,28.3575,2000
2026-06-27 00:34:52,94,B+0.5,8,True,False,False,,-1,28.5672,2000
2026-06-27 00:35:20,100,B+2.5,15,True,False,False,,-1,28.5392,2000
2026-06-27 00:35:54,127,B+2.5,21,True,False,False,,-1,28.5931,2000
2026-06-27 00:36:26,123,W+2.5,21,True,False,False,,-1,28.6177,2000
2026-06-27 00:36:58,121,W+5.5,14,True,False,False,,-1,28.6567,2000
2026-06-27 00:37:06,28,W+7.5,2,True,False,False,,-1,28.3013,2000
2026-06-27 00:37:35,117,W+1.5,21,True,False,False,,-1,28.1724,2000
2026-06-27 00:38:07,120,B+9.5,15,True,False,False,,-1,28.404,2000
2026-06-27 00:38:33,98,W+3.5,14,True,False,False,,-1,28.3253,2000
2026-06-27 00:39:03,109,B+2.5,18,True,False,False,,-1,28.3057,2000
2026-06-27 00:39:33,115,W+0.5,17,True,False,False,,-1,28.2751,2000
2026-06-27 00:40:06,123,B+1.5,11,True,False,False,,-1,28.3108,2000
2026-06-27 00:40:38,125,B+2.5,17,True,False,False,,-1,28.2145,2000
2026-06-27 00:41:10,125,B+1.5,23,True,False,False,,-1,28.2775,2000
2026-06-27 00:41:37,102,B+6.5,13,True,False,False,,-1,28.3044,2000
2026-06-27 00:42:11,123,W+1.5,17,True,False,False,,-1,28.3455,2000
2026-06-27 00:42:37,101,W+3.5,16,True,False,False,,-1,28.5021,2000
2026-06-27 00:43:04,107,B+0.5,12,True,False,False,,-1,28.4659,2000
2026-06-27 00:43:39,143,B+0.5,23,True,False,False,,-1,28.6559,2000
2026-06-27 00:44:07,107,W+0.5,11,True,False,False,,-1,28.6171,2000
2026-06-27 00:44:12,24,W+7.5,2,True,False,False,,-1,28.4254,2000
2026-06-27 00:44:40,109,B+0.5,19,True,False,False,,-1,28.3715,2000
2026-06-27 00:45:11,120,W+0.5,16,True,False,False,,-1,28.3893,2000
2026-06-27 00:45:37,101,W+2.5,16,True,False,False,,-1,28.3356,2000
2026-06-27 00:46:17,162,B+3.5,25,True,False,False,,-1,28.4794,2000
2026-06-27 00:46:54,132,B+2.5,23,True,False,False,,-1,28.5079,2000
2026-06-27 00:47:19,98,B+4.5,17,True,False,False,,-1,28.4995,2000
2026-06-27 00:47:49,117,W+3.5,18,True,False,False,,-1,28.5778,2000
2026-06-27 00:48:14,99,B+0.5,7,True,False,False,,-1,28.5792,2000
2026-06-27 00:48:26,44,W+4.5,2,True,False,False,,-1,28.3723,2000
2026-06-27 00:48:57,127,W+2.5,23,True,False,False,,-1,28.5202,2000
2026-06-27 00:49:22,105,B+1.5,13,True,False,False,,-1,28.4289,2000
2026-06-27 00:49:32,34,W+7.5,2,True,False,False,,-1,28.3271,2000
2026-06-27 00:50:06,131,W+2.5,23,True,False,False,,-1,28.3564,2000
2026-06-27 00:50:34,112,B+4.5,14,True,False,False,,-1,28.3413,2000
2026-06-27 00:51:01,99,B+2.5,7,True,False,False,,-1,28.3228,2000
2026-06-27 00:51:32,117,B+0.5,15,True,False,False,,-1,28.3865,2000
2026-06-27 00:52:04,129,W+1.5,22,True,False,False,,-1,28.6495,2000
2026-06-27 00:52:41,137,W+2.5,26,True,False,False,,-1,28.7347,2000
2026-06-27 00:55:02,111,B+2.5,12,True,False,False,,-1,28.8013,3000
2026-06-27 00:55:24,65,B+0.5,10,True,False,False,,-1,28.7603,3000
2026-06-27 00:55:45,84,B+3.5,14,True,False,False,,-1,28.673,3000
2026-06-27 00:56:19,114,B+4.5,11,True,False,False,,-1,28.7524,3000
2026-06-27 00:56:51,117,B+6.5,22,True,False,False,,-1,28.7902,3000
2026-06-27 00:57:05,57,B+0.5,2,True,False,False,,-1,28.6077,3000
2026-06-27 00:57:37,130,B+1.5,27,True,False,False,,-1,28.5624,3000
2026-06-27 00:58:18,155,W+7.5,29,True,False,False,,-1,28.6507,3000
2026-06-27 00:58:53,132,B+1.5,23,True,False,False,,-1,28.6524,3000
2026-06-27 00:59:07,59,B+0.5,7,True,False,False,,-1,28.4943,3000
2026-06-27 00:59:31,89,W+2.5,8,True,False,False,,-1,28.4631,3000
2026-06-27 00:59:58,104,B+2.5,12,True,False,False,,-1,28.4369,3000
2026-06-27 01:00:24,97,B+1.5,9,True,False,False,,-1,28.4452,3000
2026-06-27 01:00:47,87,B+1.5,10,True,False,False,,-1,28.5444,3000
2026-06-27 01:01:24,151,B+3.5,32,True,False,False,,-1,28.5793,3000
2026-06-27 01:01:55,124,B+1.5,18,True,False,False,,-1,28.6416,3000
2026-06-27 01:02:29,136,B+3.5,28,True,False,False,,-1,28.618,3000
2026-06-27 01:02:42,51,B+0.5,6,True,False,False,,-1,28.4351,3000
2026-06-27 01:03:11,120,B+5.5,22,True,False,False,,-1,28.5087,3000
2026-06-27 01:03:35,102,B+3.5,15,True,False,False,,-1,28.4798,3000
2026-06-27 01:04:12,134,B+2.5,24,True,False,False,,-1,28.5055,3000
2026-06-27 01:04:38,100,B+2.5,15,True,False,False,,-1,28.4728,3000
2026-06-27 01:05:11,135,B+4.5,32,True,False,False,,-1,28.5376,3000
2026-06-27 01:05:35,94,B+5.5,11,True,False,False,,-1,28.4533,3000
2026-06-27 01:06:01,103,B+1.5,14,True,False,False,,-1,28.334,3000
2026-06-27 01:06:30,105,B+0.5,17,True,False,False,,-1,28.2873,3000
2026-06-27 01:06:45,57,B+2.5,13,True,False,False,,-1,28.097,3000
2026-06-27 01:07:23,150,B+1.5,29,True,False,False,,-1,28.2472,3000
2026-06-27 01:07:50,107,W+2.5,11,True,False,False,,-1,28.2087,3000
2026-06-27 01:08:20,117,B+3.5,17,True,False,False,,-1,28.1827,3000
2026-06-27 01:08:48,109,W+1.5,22,True,False,False,,-1,28.2256,3000
2026-06-27 01:09:12,99,B+1.5,17,True,False,False,,-1,28.3906,3000
2026-06-27 01:09:36,95,B+0.5,11,True,False,False,,-1,28.3445,3000
2026-06-27 01:09:47,43,B+0.5,6,True,False,False,,-1,28.1591,3000
2026-06-27 01:10:10,94,B+4.5,4,True,False,False,,-1,28.0186,3000
2026-06-27 01:10:41,123,W+0.5,24,True,False,False,,-1,27.9653,3000
2026-06-27 01:11:03,92,B+1.5,13,True,False,False,,-1,27.9148,3000
2026-06-27 01:11:17,57,B+0.5,7,True,False,False,,-1,27.7825,3000
2026-06-27 01:11:31,57,B+1.5,7,True,False,False,,-1,27.6447,3000
2026-06-27 01:12:08,154,B+1.5,30,True,False,False,,-1,27.6993,3000
2026-06-27 01:12:28,91,W+0.5,7,True,False,False,,-1,27.4846,3000
2026-06-27 01:12:43,61,B+0.5,8,True,False,False,,-1,27.3761,3000
2026-06-27 01:13:20,150,B+1.5,27,True,False,False,,-1,27.4294,3000
2026-06-27 01:13:48,114,B+3.5,20,True,False,False,,-1,27.4017,3000
2026-06-27 01:14:20,112,B+3.5,12,True,False,False,,-1,27.4472,3000
2026-06-27 01:14:39,83,B+2.5,10,True,False,False,,-1,27.3608,3000
2026-06-27 01:15:05,109,B+2.5,18,True,False,False,,-1,27.482,3000
2026-06-27 01:15:15,43,B+3.5,3,True,False,False,,-1,27.2752,3000
2026-06-27 01:15:37,93,W+0.5,9,True,False,False,,-1,27.2754,3000
2026-06-27 01:16:03,106,B+2.5,17,True,False,False,,-1,27.25,3000
2026-06-27 01:16:23,85,B+3.5,14,True,False,False,,-1,27.1899,3000
2026-06-27 01:16:58,136,B+0.5,22,True,False,False,,-1,27.2057,3000
2026-06-27 01:17:11,47,B+0.5,4,True,False,False,,-1,26.9922,3000
2026-06-27 01:17:38,115,B+1.5,19,True,False,False,,-1,26.9969,3000
2026-06-27 01:18:04,94,B+3.5,13,True,False,False,,-1,26.9958,3000
2026-06-27 01:18:20,69,B+0.5,11,True,False,False,,-1,26.7864,3000
2026-06-27 01:18:48,103,B+4.5,12,True,False,False,,-1,26.7337,3000
2026-06-27 01:19:13,95,B+1.5,11,True,False,False,,-1,26.6794,3000
2026-06-27 01:19:43,119,B+3.5,20,True,False,False,,-1,26.6805,3000
2026-06-27 01:20:20,158,B+6.5,37,True,False,False,,-1,26.7656,3000
2026-06-27 01:20:48,125,B+2.5,18,True,False,False,,-1,26.7906,3000
2026-06-27 01:21:19,125,W+0.5,21,True,False,False,,-1,26.8156,3000
2026-06-27 01:21:45,99,W+0.5,8,True,False,False,,-1,26.7312,3000
2026-06-27 01:22:23,162,B+5.5,27,True,False,False,,-1,26.7972,3000
2026-06-27 01:22:49,107,B+2.5,16,True,False,False,,-1,26.7378,3000
2026-06-27 01:23:19,112,B+4.5,15,True,False,False,,-1,26.9517,3000
2026-06-27 01:23:41,90,B+6.5,10,True,False,False,,-1,26.8791,3000
2026-06-27 01:24:02,87,B+2.5,7,True,False,False,,-1,26.7797,3000
2026-06-27 01:24:29,107,B+3.5,18,True,False,False,,-1,26.7879,3000
2026-06-27 01:25:00,119,B+5.5,15,True,False,False,,-1,26.7872,3000
2026-06-27 01:25:14,57,B+3.5,7,True,False,False,,-1,26.6328,3000
2026-06-27 01:25:37,87,B+2.5,11,True,False,False,,-1,26.5347,3000
2026-06-27 01:26:03,101,B+1.5,11,True,False,False,,-1,26.4678,3000
2026-06-27 01:26:25,96,B+4.5,16,True,False,False,,-1,26.3784,3000
2026-06-27 01:26:52,104,B+1.5,13,True,False,False,,-1,26.3714,3000
2026-06-27 01:27:16,96,B+3.5,13,True,False,False,,-1,26.2688,3000
2026-06-27 01:27:45,118,B+3.5,15,True,False,False,,-1,26.3033,3000
2026-06-27 01:28:00,59,B+1.5,13,True,False,False,,-1,26.1798,3000
2026-06-27 01:28:34,129,B+2.5,22,True,False,False,,-1,26.177,3000
2026-06-27 01:29:09,139,W+0.5,27,True,False,False,,-1,26.2419,3000
2026-06-27 01:29:43,120,B+2.5,21,True,False,False,,-1,26.5251,3000
2026-06-27 01:30:12,120,B+7.5,23,True,False,False,,-1,26.5426,3000
2026-06-27 01:30:32,79,B+3.5,5,True,False,False,,-1,26.4327,3000
2026-06-27 01:31:04,112,B+0.5,13,True,False,False,,-1,26.4905,3000
2026-06-27 01:31:23,84,B+3.5,12,True,False,False,,-1,26.283,3000
2026-06-27 01:32:00,140,W+2.5,26,True,False,False,,-1,26.2912,3000
2026-06-27 01:32:27,115,B+0.5,22,True,False,False,,-1,26.2992,3000
2026-06-27 01:33:00,126,B+4.5,18,True,False,False,,-1,26.3369,3000
2026-06-27 01:33:18,79,B+3.5,16,True,False,False,,-1,26.2682,3000
2026-06-27 01:33:43,98,W+5.5,11,True,False,False,,-1,26.399,3000
2026-06-27 01:34:11,123,W+0.5,13,True,False,False,,-1,26.3663,3000
2026-06-27 01:34:35,93,W+0.5,9,True,False,False,,-1,26.3596,3000
2026-06-27 01:35:00,96,B+1.5,12,True,False,False,,-1,26.5044,3000
2026-06-27 01:35:27,111,B+2.5,15,True,False,False,,-1,26.4329,3000
2026-06-27 01:35:55,113,B+1.5,10,True,False,False,,-1,26.4294,3000
2026-06-27 01:36:28,141,B+0.5,26,True,False,False,,-1,26.4976,3000
2026-06-27 01:37:03,139,B+5.5,20,True,False,False,,-1,26.5295,3000
2026-06-27 01:37:15,53,B+0.5,4,True,False,False,,-1,26.3363,3000
2026-06-27 01:38:00,162,W+3.5,29,True,False,False,,-1,26.4193,3000
2026-06-27 01:38:32,128,B+2.5,26,True,False,False,,-1,26.4195,3000
2026-06-27 01:39:00,117,B+1.5,21,True,False,False,,-1,26.3718,3000
2026-06-27 01:39:25,103,B+0.5,16,True,False,False,,-1,26.4086,3000
2026-06-27 01:39:45,79,B+0.5,8,True,False,False,,-1,26.4026,3000
2026-06-27 01:40:23,162,W+0.5,37,True,False,False,,-1,26.4367,3000
2026-06-27 01:41:03,158,B+2.5,36,True,False,False,,-1,26.5175,3000
2026-06-27 01:41:42,162,B+6.5,35,True,False,False,,-1,26.7675,3000
2026-06-27 01:42:09,115,W+1.5,21,True,False,False,,-1,26.7221,3000
2026-06-27 01:42:37,114,W+4.5,18,True,False,False,,-1,26.5877,3000
2026-06-27 01:43:11,124,B+4.5,27,True,False,False,,-1,26.5774,3000
2026-06-27 01:43:34,99,B+3.5,14,True,False,False,,-1,26.6687,3000
2026-06-27 01:44:12,159,W+2.5,25,True,False,False,,-1,26.8087,3000
2026-06-27 01:44:35,83,B+1.5,11,True,False,False,,-1,26.7619,3000
2026-06-27 01:45:03,110,B+0.5,17,True,False,False,,-1,26.7878,3000
2026-06-27 01:45:21,65,B+0.5,10,True,False,False,,-1,26.7366,3000
2026-06-27 01:45:54,125,W+1.5,19,True,False,False,,-1,26.7006,3000
2026-06-27 01:46:19,106,B+0.5,15,True,False,False,,-1,26.6455,3000
2026-06-27 01:46:48,107,W+0.5,15,True,False,False,,-1,26.589,3000
2026-06-27 01:47:20,129,W+0.5,22,True,False,False,,-1,26.7804,3000
2026-06-27 01:47:58,142,B+1.5,22,True,False,False,,-1,26.8711,3000
2026-06-27 01:48:27,119,B+4.5,19,True,False,False,,-1,26.9121,3000
2026-06-27 01:48:47,73,B+1.5,12,True,False,False,,-1,26.7474,3000
2026-06-27 01:49:10,91,B+4.5,9,True,False,False,,-1,26.7179,3000
2026-06-27 01:49:24,55,B+1.5,3,True,False,False,,-1,26.5253,3000
2026-06-27 01:49:56,123,W+2.5,23,True,False,False,,-1,26.6041,3000
2026-06-27 01:50:25,109,W+2.5,19,True,False,False,,-1,26.6382,3000
2026-06-27 01:50:51,109,B+1.5,9,True,False,False,,-1,26.6118,3000
2026-06-27 01:51:23,118,B+0.5,20,True,False,False,,-1,26.7725,3000
2026-06-27 01:52:03,162,W+2.5,35,True,False,False,,-1,26.7974,3000
2026-06-27 01:52:25,96,B+6.5,19,True,False,False,,-1,26.7535,3000
2026-06-27 01:53:04,162,B+10.5,35,True,False,False,,-1,26.8334,3000
2026-06-27 01:53:25,91,B+2.5,14,True,False,False,,-1,26.7712,3000
2026-06-27 01:54:04,162,B+2.5,39,True,False,False,,-1,26.9197,3000
2026-06-27 01:54:35,123,B+1.5,16,True,False,False,,-1,26.989,3000
2026-06-27 01:55:02,109,B+0.5,18,True,False,False,,-1,27.1496,3000
2026-06-27 01:55:30,118,B+3.5,12,True,False,False,,-1,27.1973,3000
2026-06-27 01:55:53,108,B+5.5,17,True,False,False,,-1,27.1225,3000
2026-06-27 01:56:10,61,B+0.5,6,True,False,False,,-1,27.0689,3000
2026-06-27 01:56:25,61,B+0.5,2,True,False,False,,-1,27.0837,3000
2026-06-27 01:56:51,112,B+1.5,9,True,False,False,,-1,27.2,3000
2026-06-27 01:57:03,49,B+1.5,4,True,False,False,,-1,26.95,3000
2026-06-27 01:57:31,109,B+1.5,15,True,False,False,,-1,27.0197,3000
2026-06-27 01:57:58,116,B+1.5,16,True,False,False,,-1,27.1513,3000
2026-06-27 01:58:21,87,B+3.5,10,True,False,False,,-1,27.0068,3000
2026-06-27 01:58:50,121,B+3.5,28,True,False,False,,-1,27.0152,3000
2026-06-27 01:59:12,91,B+8.5,13,True,False,False,,-1,26.9126,3000
2026-06-27 01:59:38,101,W+4.5,15,True,False,False,,-1,26.9861,3000
2026-06-27 02:00:01,97,B+0.5,14,True,False,False,,-1,26.9564,3000
2026-06-27 02:00:26,101,W+1.5,12,True,False,False,,-1,27.1122,3000
2026-06-27 02:00:37,45,B+3.5,4,True,False,False,,-1,26.9938,3000
2026-06-27 02:00:51,57,B+2.5,8,True,False,False,,-1,26.878,3000
2026-06-27 02:01:31,151,W+4.5,29,True,False,False,,-1,27.0748,3000
2026-06-27 02:02:03,124,B+3.5,19,True,False,False,,-1,27.0523,3000
2026-06-27 02:02:18,55,B+0.5,4,True,False,False,,-1,27.0711,3000
2026-06-27 02:02:50,130,B+4.5,23,True,False,False,,-1,27.1142,3000
2026-06-27 02:03:16,103,B+1.5,14,True,False,False,,-1,27.1167,3000
2026-06-27 02:03:43,113,B+0.5,22,True,False,False,,-1,27.2242,3000
2026-06-27 02:03:54,47,B+13.5,5,True,False,False,,-1,27.0636,3000
2026-06-27 02:04:21,107,W+1.5,19,True,False,False,,-1,27.082,3000
2026-06-27 02:04:45,94,B+3.5,13,True,False,False,,-1,27.0235,3000
2026-06-27 02:05:00,63,B+1.5,8,True,False,False,,-1,26.7989,3000
2026-06-27 02:05:26,109,B+0.5,18,True,False,False,,-1,26.7743,3000
2026-06-27 02:06:04,148,B+1.5,20,True,False,False,,-1,26.8418,3000
2026-06-27 02:06:27,89,B+0.5,9,True,False,False,,-1,26.8197,3000
2026-06-27 02:06:41,51,B+0.5,6,True,False,False,,-1,26.5745,3000
2026-06-27 02:06:55,61,B+0.5,2,True,False,False,,-1,26.4526,3000
2026-06-27 02:07:09,57,B+2.5,8,True,False,False,,-1,26.2985,3000
2026-06-27 02:07:39,112,B+1.5,17,True,False,False,,-1,26.3729,3000
2026-06-27 02:08:05,109,B+2.5,16,True,False,False,,-1,26.427,3000
2026-06-27 02:08:36,124,B+1.5,25,True,False,False,,-1,26.4673,3000
2026-06-27 02:08:52,61,B+3.5,5,True,False,False,,-1,26.316,3000
2026-06-27 02:09:21,124,B+5.5,24,True,False,False,,-1,26.4655,3000
2026-06-27 02:09:49,117,W+0.5,13,True,False,False,,-1,26.5206,3000
2026-06-27 02:10:19,121,B+3.5,18,True,False,False,,-1,26.5626,3000
2026-06-27 02:10:44,91,B+0.5,15,True,False,False,,-1,26.5872,3000
2026-06-27 02:11:19,129,B+6.5,16,True,False,False,,-1,26.6739,3000
2026-06-27 02:11:48,115,W+1.5,17,True,False,False,,-1,26.7244,3000
2026-06-27 02:12:13,101,B+0.5,14,True,False,False,,-1,26.6804,3000
2026-06-27 02:12:42,111,W+0.5,20,True,False,False,,-1,26.8273,3000
2026-06-27 02:13:14,120,B+7.5,23,True,False,False,,-1,26.7973,3000
2026-06-27 02:13:37,95,B+1.5,15,True,False,False,,-1,26.6811,3000
2026-06-27 02:14:15,151,W+2.5,25,True,False,False,,-1,26.7209,3000
2026-06-27 02:14:44,127,B+1.5,21,True,False,False,,-1,26.7167,3000
2026-06-27 02:15:01,67,B+1.5,5,True,False,False,,-1,26.6817,3000
2026-06-27 02:15:28,98,B+6.5,16,True,False,False,,-1,26.6417,3000
2026-06-27 02:15:59,112,B+3.5,14,True,False,False,,-1,26.7506,3000
2026-06-27 02:16:27,101,W+3.5,9,True,False,False,,-1,26.6642,3000
2026-06-27 02:17:02,162,B+1.5,32,True,False,False,,-1,26.7466,3000
2026-06-27 02:17:34,135,W+1.5,32,True,False,False,,-1,26.7377,3000
2026-06-27 02:18:08,128,B+1.5,18,True,False,False,,-1,26.899,3000
2026-06-27 02:18:32,94,B+1.5,11,True,False,False,,-1,26.8864,3000
2026-06-27 02:18:48,65,B+2.5,5,True,False,False,,-1,26.773,3000
2026-06-27 02:19:23,134,B+2.5,24,True,False,False,,-1,26.8726,3000
2026-06-27 02:19:40,67,B+1.5,9,True,False,False,,-1,26.797,3000
2026-06-27 02:20:17,152,B+2.5,26,True,False,False,,-1,26.9028,3000
2026-06-27 02:20:44,95,W+5.5,8,True,False,False,,-1,26.8901,3000
2026-06-27 02:21:22,144,B+1.5,28,True,False,False,,-1,26.9353,3000
2026-06-27 02:21:50,114,B+0.5,17,True,False,False,,-1,26.8696,3000
2026-06-27 02:22:26,162,W+4.5,36,True,False,False,,-1,27.1093,3000
2026-06-27 02:22:54,110,B+0.5,19,True,False,False,,-1,26.939,3000
2026-06-27 02:23:11,71,B+0.5,9,True,False,False,,-1,26.7906,3000
2026-06-27 02:23:41,121,W+0.5,22,True,False,False,,-1,26.8093,3000
2026-06-27 02:24:04,101,W+0.5,18,True,False,False,,-1,26.7916,3000
2026-06-27 02:24:34,115,B+2.5,18,True,False,False,,-1,26.8786,3000
2026-06-27 02:25:09,138,B+1.5,24,True,False,False,,-1,26.8571,3000
2026-06-27 02:25:26,69,B+0.5,9,True,False,False,,-1,26.626,3000
2026-06-27 02:25:52,100,B+2.5,10,True,False,False,,-1,26.4988,3000
2026-06-27 02:26:21,110,B+4.5,17,True,False,False,,-1,26.516,3000
2026-06-27 02:26:53,111,W+0.5,22,True,False,False,,-1,26.554,3000
2026-06-27 02:27:25,123,B+2.5,18,True,False,False,,-1,26.5357,3000
2026-06-27 02:28:03,147,B+3.5,22,True,False,False,,-1,26.688,3000
2026-06-27 02:28:18,59,B+0.5,8,True,False,False,,-1,26.4484,3000
2026-06-27 02:28:38,83,B+1.5,13,True,False,False,,-1,26.4314,3000
2026-06-27 02:29:14,155,B+3.5,33,True,False,False,,-1,26.5142,3000
2026-06-27 02:29:41,109,W+0.5,16,True,False,False,,-1,26.5957,3000
2026-06-27 02:30:18,162,B+5.5,40,True,False,False,,-1,26.6352,3000
2026-06-27 02:30:35,67,B+0.5,8,True,False,False,,-1,26.5564,3000
2026-06-27 02:30:50,55,B+1.5,7,True,False,False,,-1,26.4129,3000
2026-06-27 02:31:11,87,B+0.5,7,True,False,False,,-1,26.3072,3000
2026-06-27 02:31:33,93,B+1.5,13,True,False,False,,-1,26.1446,3000
2026-06-27 02:32:00,103,W+1.5,16,True,False,False,,-1,26.1315,3000
2026-06-27 02:32:37,154,B+3.5,34,True,False,False,,-1,26.3016,3000
2026-06-27 02:33:02,100,B+11.5,16,True,False,False,,-1,26.3098,3000
2026-06-27 02:33:25,99,W+1.5,11,True,False,False,,-1,26.4101,3000
2026-06-27 02:33:39,57,B+2.5,6,True,False,False,,-1,26.2257,3000
2026-06-27 02:34:11,128,B+4.5,25,True,False,False,,-1,26.2545,3000
2026-06-27 02:34:41,123,B+0.5,16,True,False,False,,-1,26.2916,3000
2026-06-27 02:35:09,111,B+1.5,15,True,False,False,,-1,26.2629,3000
2026-06-27 02:35:37,106,B+0.5,12,True,False,False,,-1,26.1312,3000
2026-06-27 02:36:09,119,W+0.5,18,True,False,False,,-1,26.2308,3000
2026-06-27 02:36:35,103,B+13.5,16,True,False,False,,-1,26.1126,3000
2026-06-27 02:36:58,89,B+2.5,10,True,False,False,,-1,26.1195,3000
2026-06-27 02:37:29,114,B+2.5,20,True,False,False,,-1,26.0407,3000
2026-06-27 02:37:52,96,B+2.5,13,True,False,False,,-1,25.9732,3000
2026-06-27 02:38:22,126,W+5.5,26,True,False,False,,-1,25.9995,3000
2026-06-27 02:39:08,162,W+0.5,27,True,False,False,,-1,26.1821,3000
2026-06-27 02:39:34,106,B+3.5,15,True,False,False,,-1,26.2027,3000
2026-06-27 02:40:10,162,W+6.5,34,True,False,False,,-1,26.3995,3000
2026-06-27 02:40:39,118,B+1.5,16,True,False,False,,-1,26.5313,3000
2026-06-27 02:41:12,138,B+4.5,21,True,False,False,,-1,26.6063,3000
2026-06-27 02:41:40,114,B+5.5,15,True,False,False,,-1,26.7651,3000
2026-06-27 02:42:02,95,B+1.5,12,True,False,False,,-1,26.712,3000
2026-06-27 02:42:16,55,B+0.5,4,True,False,False,,-1,26.5751,3000
2026-06-27 02:42:37,82,B+4.5,10,True,False,False,,-1,26.5587,3000
2026-06-27 02:43:05,106,B+1.5,14,True,False,False,,-1,26.5519,3000
2026-06-27 02:43:30,98,B+11.5,18,True,False,False,,-1,26.5798,3000
2026-06-27 02:43:54,91,B+1.5,10,True,False,False,,-1,26.5568,3000
2026-06-27 02:44:10,57,B+1.5,7,True,False,False,,-1,26.4942,3000
2026-06-27 02:44:23,49,B+0.5,5,True,False,False,,-1,26.3705,3000
2026-06-27 02:44:48,107,B+1.5,13,True,False,False,,-1,26.5072,3000
2026-06-27 02:45:14,95,B+0.5,14,True,False,False,,-1,26.6201,3000
2026-06-27 02:45:50,147,W+0.5,35,True,False,False,,-1,26.5825,3000
2026-06-27 02:46:20,130,B+3.5,25,True,False,False,,-1,26.563,3000
2026-06-27 02:46:59,162,W+1.5,41,True,False,False,,-1,26.8068,3000
2026-06-27 02:47:29,117,W+2.5,25,True,False,False,,-1,26.7907,3000
2026-06-27 02:47:59,107,W+1.5,13,True,False,False,,-1,26.8245,3000
2026-06-27 02:48:28,114,B+3.5,16,True,False,False,,-1,26.8463,3000
2026-06-27 02:48:55,102,B+5.5,15,True,False,False,,-1,27.0031,3000
2026-06-27 02:49:18,83,B+0.5,16,True,False,False,,-1,26.967,3000
2026-06-27 02:49:58,162,W+4.5,37,True,False,False,,-1,27.1285,3000
2026-06-27 02:50:31,145,B+5.5,29,True,False,False,,-1,27.3066,3000
2026-06-27 02:50:57,108,B+6.5,18,True,False,False,,-1,27.306,3000
2026-06-27 02:51:24,107,W+2.5,12,True,False,False,,-1,27.2042,3000
2026-06-27 02:51:52,113,W+1.5,22,True,False,False,,-1,27.2512,3000
2026-06-27 02:52:19,114,B+0.5,15,True,False,False,,-1,27.3758,3000
2026-06-27 02:52:43,93,W+0.5,8,True,False,False,,-1,27.4758,3000
2026-06-27 02:53:09,108,B+3.5,23,True,False,False,,-1,27.5939,3000
2026-06-27 02:53:46,144,W+3.5,28,True,False,False,,-1,27.6723,3000
2026-06-27 02:54:20,134,B+3.5,24,True,False,False,,-1,27.7471,3000
2026-06-27 02:54:35,59,B+2.5,6,True,False,False,,-1,27.5839,3000
2026-06-27 02:54:57,96,B+1.5,13,True,False,False,,-1,27.6555,3000
2026-06-27 02:55:23,102,B+3.5,12,True,False,False,,-1,27.6136,3000
2026-06-27 02:55:34,47,B+0.5,6,True,False,False,,-1,27.4522,3000
2026-06-27 02:56:03,113,W+1.5,17,True,False,False,,-1,27.4395,3000
2026-06-27 02:56:32,116,B+4.5,21,True,False,False,,-1,27.4766,3000
2026-06-27 02:56:58,115,B+2.5,19,True,False,False,,-1,27.3834,3000
2026-06-27 02:57:23,101,B+1.5,6,True,False,False,,-1,27.3398,3000
2026-06-27 02:57:55,143,B+1.5,31,True,False,False,,-1,27.4181,3000
2026-06-27 02:58:25,127,B+3.5,26,True,False,False,,-1,27.423,3000
2026-06-27 02:58:55,112,B+10.5,19,True,False,False,,-1,27.4103,3000
2026-06-27 02:59:16,79,B+4.5,10,True,False,False,,-1,27.3853,3000
2026-06-27 02:59:29,53,B+4.5,6,True,False,False,,-1,27.1405,3000
2026-06-27 03:00:04,137,W+1.5,27,True,False,False,,-1,27.1955,3000
2026-06-27 03:00:35,124,B+2.5,32,True,False,False,,-1,27.3402,3000
2026-06-27 03:01:01,98,B+0.5,17,True,False,False,,-1,27.3257,3000
2026-06-27 03:01:37,145,B+4.5,22,True,False,False,,-1,27.3805,3000
2026-06-27 03:01:50,51,B+11.5,4,True,False,False,,-1,27.2263,3000
2026-06-27 03:02:18,112,B+1.5,18,True,False,False,,-1,27.1617,3000
2026-06-27 03:02:43,98,B+1.5,12,True,False,False,,-1,27.0917,3000
2026-06-27 03:03:04,91,B+1.5,9,True,False,False,,-1,26.9607,3000
2026-06-27 03:03:20,57,B+0.5,5,True,False,False,,-1,26.8748,3000
2026-06-27 03:03:55,141,W+2.5,30,True,False,False,,-1,27.0623,3000
2026-06-27 03:04:14,75,B+0.5,9,True,False,False,,-1,26.9102,3000
2026-06-27 03:04:37,99,W+2.5,12,True,False,False,,-1,26.97,3000
2026-06-27 03:04:53,57,B+2.5,3,True,False,False,,-1,26.7565,3000
2026-06-27 03:05:21,115,W+0.5,18,True,False,False,,-1,26.7629,3000
2026-06-27 03:05:52,130,B+1.5,16,True,False,False,,-1,26.7032,3000
2026-06-27 03:06:11,83,B+3.5,10,True,False,False,,-1,26.6101,3000
2026-06-27 03:06:51,162,B+4.5,38,True,False,False,,-1,26.6466,3000
2026-06-27 03:07:11,79,B+4.5,4,True,False,False,,-1,26.5683,3000
2026-06-27 03:07:26,53,B+0.5,6,True,False,False,,-1,26.546,3000
2026-06-27 03:08:04,162,B+28.5,28,True,False,False,,-1,26.6319,3000
2026-06-27 03:08:28,102,B+5.5,14,True,False,False,,-1,26.6326,3000
2026-06-27 03:08:54,103,W+0.5,16,True,False,False,,-1,26.6034,3000
2026-06-27 03:09:20,105,B+0.5,17,True,False,False,,-1,26.509,3000
2026-06-27 03:09:54,134,W+0.5,32,True,False,False,,-1,26.6845,3000
2026-06-27 03:10:22,119,B+3.5,20,True,False,False,,-1,26.6995,3000
2026-06-27 03:11:03,157,W+7.5,38,True,False,False,,-1,26.8153,3000
2026-06-27 03:11:26,104,B+1.5,22,True,False,False,,-1,26.7347,3000
2026-06-27 03:11:51,96,W+2.5,9,True,False,False,,-1,26.6574,3000
2026-06-27 03:12:04,57,B+2.5,9,True,False,False,,-1,26.4082,3000
2026-06-27 03:12:18,51,B+0.5,3,True,False,False,,-1,26.4011,3000
2026-06-27 03:12:51,115,W+0.5,22,True,False,False,,-1,26.5249,3000
2026-06-27 03:13:21,131,W+6.5,17,True,False,False,,-1,26.4697,3000
2026-06-27 03:13:38,65,B+3.5,6,True,False,False,,-1,26.3743,3000
2026-06-27 03:14:05,101,B+1.5,19,True,False,False,,-1,26.2751,3000
2026-06-27 03:14:19,57,B+2.5,8,True,False,False,,-1,26.2374,3000
2026-06-27 03:14:48,103,W+1.5,9,True,False,False,,-1,26.3858,3000
2026-06-27 03:15:20,112,B+1.5,13,True,False,False,,-1,26.4898,3000
2026-06-27 03:15:45,100,B+1.5,17,True,False,False,,-1,26.5238,3000
2026-06-27 03:16:18,127,B+1.5,14,True,False,False,,-1,26.5794,3000
2026-06-27 03:16:54,162,B+6.5,38,True,False,False,,-1,26.5624,3000
2026-06-27 03:17:26,130,B+1.5,26,True,False,False,,-1,26.6375,3000
2026-06-27 03:17:58,119,B+1.5,19,True,False,False,,-1,26.7249,3000
2026-06-27 03:18:33,139,W+6.5,31,True,False,False,,-1,26.9418,3000
2026-06-27 03:19:07,128,B+2.5,18,True,False,False,,-1,26.9594,3000
2026-06-27 03:19:34,105,W+1.5,17,True,False,False,,-1,26.9296,3000
2026-06-27 03:20:03,110,B+0.5,18,True,False,False,,-1,26.9339,3000
2026-06-27 03:20:28,103,B+1.5,10,True,False,False,,-1,26.9089,3000
2026-06-27 03:20:40,49,B+0.5,3,True,False,False,,-1,26.7102,3000
2026-06-27 03:21:11,121,W+2.5,18,True,False,False,,-1,26.7536,3000
2026-06-27 03:21:52,161,W+1.5,37,True,False,False,,-1,26.9444,3000
2026-06-27 03:22:07,59,B+1.5,9,True,False,False,,-1,26.7776,3000
2026-06-27 03:22:30,102,B+1.5,15,True,False,False,,-1,26.7753,3000
2026-06-27 03:22:57,106,B+3.5,15,True,False,False,,-1,26.7404,3000
2026-06-27 03:23:21,97,W+2.5,11,True,False,False,,-1,26.5255,3000
2026-06-27 03:23:33,49,B+0.5,5,True,False,False,,-1,26.3914,3000
2026-06-27 03:23:50,59,B+4.5,7,True,False,False,,-1,26.195,3000
2026-06-27 03:24:08,75,B+3.5,10,True,False,False,,-1,26.0942,3000
2026-06-27 03:24:43,121,W+0.5,19,True,False,False,,-1,26.1016,3000
2026-06-27 03:25:14,127,W+2.5,19,True,False,False,,-1,26.141,3000
2026-06-27 03:25:38,97,W+4.5,12,True,False,False,,-1,26.1611,3000
2026-06-27 03:26:13,136,B+1.5,20,True,False,False,,-1,26.3703,3000
2026-06-27 03:26:36,83,B+1.5,14,True,False,False,,-1,26.3894,3000
2026-06-27 03:27:09,162,B+1.5,24,True,False,False,,-1,26.4366,3000
2026-06-27 03:27:35,109,W+1.5,20,True,False,False,,-1,26.4481,3000
2026-06-27 03:27:59,91,B+2.5,12,True,False,False,,-1,26.4427,3000
2026-06-27 03:28:23,102,B+5.5,12,True,False,False,,-1,26.5257,3000
2026-06-27 03:28:54,125,W+1.5,27,True,False,False,,-1,26.6989,3000
2026-06-27 03:29:21,101,W+0.5,10,True,False,False,,-1,26.7249,3000
2026-06-27 03:29:47,105,W+1.5,17,True,False,False,,-1,26.7304,3000
2026-06-27 03:30:12,107,B+1.5,19,True,False,False,,-1,26.6252,3000
2026-06-27 03:30:38,103,B+0.5,14,True,False,False,,-1,26.5811,3000
2026-06-27 03:31:04,94,B+1.5,6,True,False,False,,-1,26.4454,3000
2026-06-27 03:31:33,108,B+6.5,11,True,False,False,,-1,26.4329,3000
2026-06-27 03:32:02,129,B+0.5,34,True,False,False,,-1,26.4323,3000
2026-06-27 03:32:31,110,B+3.5,18,True,False,False,,-1,26.4289,3000
2026-06-27 03:33:03,126,B+1.5,26,True,False,False,,-1,26.4759,3000
2026-06-27 03:33:37,139,W+5.5,25,True,False,False,,-1,26.5857,3000
2026-06-27 03:34:11,139,W+0.5,27,True,False,False,,-1,26.5296,3000
2026-06-27 03:34:45,128,B+4.5,24,True,False,False,,-1,26.5454,3000
2026-06-27 03:35:15,129,B+2.5,21,True,False,False,,-1,26.5837,3000
2026-06-27 03:35:57,162,W+2.5,27,True,False,False,,-1,26.7216,3000
2026-06-27 03:36:11,55,B+0.5,5,True,False,False,,-1,26.5886,3000
2026-06-27 03:36:42,131,W+2.5,18,True,False,False,,-1,26.6305,3000
2026-06-27 03:37:13,123,W+0.5,16,True,False,False,,-1,26.7034,3000
2026-06-27 03:37:41,121,W+2.5,16,True,False,False,,-1,26.7239,3000
2026-06-27 03:38:16,144,W+1.5,22,True,False,False,,-1,26.6994,3000
2026-06-27 03:38:45,111,W+0.5,14,True,False,False,,-1,26.6414,3000
2026-06-27 03:39:07,84,B+1.5,6,True,False,False,,-1,26.7147,3000
2026-06-27 03:39:33,97,B+1.5,7,True,False,False,,-1,26.7504,3000
2026-06-27 03:40:01,113,W+2.5,13,True,False,False,,-1,26.7788,3000
2026-06-27 03:40:13,55,B+0.5,8,True,False,False,,-1,26.7845,3000
2026-06-27 03:40:44,117,B+1.5,11,True,False,False,,-1,26.8008,3000
2026-06-27 03:41:13,116,B+0.5,20,True,False,False,,-1,26.8042,3000
2026-06-27 03:41:44,125,B+0.5,17,True,False,False,,-1,26.8545,3000
2026-06-27 03:42:15,115,W+2.5,23,True,False,False,,-1,26.9236,3000
2026-06-27 03:42:31,65,B+1.5,7,True,False,False,,-1,26.7586,3000
2026-06-27 03:43:07,138,B+1.5,26,True,False,False,,-1,26.8165,3000
2026-06-27 03:43:33,108,B+1.5,19,True,False,False,,-1,26.7764,3000
2026-06-27 03:43:44,51,B+1.5,9,True,False,False,,-1,26.6791,3000
2026-06-27 03:44:24,141,W+1.5,18,True,False,False,,-1,26.9426,3000
2026-06-27 03:44:59,145,B+0.5,27,True,False,False,,-1,26.947,3000
2026-06-27 03:45:29,127,B+2.5,18,True,False,False,,-1,26.9418,3000
2026-06-27 03:46:03,145,W+1.5,28,True,False,False,,-1,27.0206,3000
2026-06-27 03:46:32,100,B+3.5,10,True,False,False,,-1,26.9463,3000
2026-06-27 03:46:59,109,B+0.5,13,True,False,False,,-1,27.0919,3000
2026-06-27 03:47:26,115,B+2.5,17,True,False,False,,-1,27.0787,3000
2026-06-27 03:47:52,102,B+8.5,24,True,False,False,,-1,27.0813,3000
2026-06-27 03:48:20,108,B+1.5,18,True,False,False,,-1,27.1497,3000
2026-06-27 03:48:56,138,W+0.5,25,True,False,False,,-1,27.3535,3000
2026-06-27 03:49:21,100,B+2.5,11,True,False,False,,-1,27.2561,3000
2026-06-27 03:49:54,146,W+5.5,26,True,False,False,,-1,27.3991,3000
2026-06-27 03:50:23,119,B+4.5,16,True,False,False,,-1,27.4556,3000
2026-06-27 03:50:44,91,B+1.5,12,True,False,False,,-1,27.5069,3000
2026-06-27 03:51:10,99,B+3.5,15,True,False,False,,-1,27.4853,3000
2026-06-27 03:51:42,127,B+0.5,23,True,False,False,,-1,27.4956,3000
2026-06-27 03:52:14,132,B+0.5,21,True,False,False,,-1,27.6194,3000
2026-06-27 03:52:54,161,W+1.5,34,True,False,False,,-1,27.6206,3000
2026-06-27 03:53:24,120,B+2.5,18,True,False,False,,-1,27.727,3000
2026-06-27 03:53:49,99,B+3.5,18,True,False,False,,-1,27.824,3000
2026-06-27 03:54:05,69,B+5.5,6,True,False,False,,-1,27.6058,3000
2026-06-27 03:54:40,130,W+0.5,23,True,False,False,,-1,27.7212,3000
2026-06-27 03:54:55,63,B+4.5,9,True,False,False,,-1,27.607,3000
2026-06-27 03:55:20,101,B+1.5,18,True,False,False,,-1,27.5951,3000
2026-06-27 03:55:47,105,W+2.5,18,True,False,False,,-1,27.52,3000
2026-06-27 03:56:17,117,W+2.5,21,True,False,False,,-1,27.5471,3000
2026-06-27 03:56:30,49,B+2.5,5,True,False,False,,-1,27.2704,3000
2026-06-27 03:57:01,126,B+3.5,18,True,False,False,,-1,27.3409,3000
2026-06-27 03:57:22,90,B+0.5,8,True,False,False,,-1,27.3151,3000
2026-06-27 03:57:50,102,B+2.5,14,True,False,False,,-1,27.4558,3000
2026-06-27 03:58:21,131,W+2.5,17,True,False,False,,-1,27.6302,3000
2026-06-27 03:58:42,86,B+7.5,9,True,False,False,,-1,27.5087,3000
2026-06-27 03:58:56,55,B+3.5,7,True,False,False,,-1,27.3476,3000
2026-06-27 03:59:24,107,W+4.5,15,True,False,False,,-1,27.4539,3000
2026-06-27 03:59:48,98,B+3.5,15,True,False,False,,-1,27.423,3000
2026-06-27 04:00:16,99,B+0.5,9,True,False,False,,-1,27.5622,3000
2026-06-27 04:00:39,95,B+3.5,12,True,False,False,,-1,27.5021,3000
2026-06-27 04:01:08,119,B+0.5,23,True,False,False,,-1,27.479,3000
2026-06-27 04:01:39,134,B+6.5,21,True,False,False,,-1,27.5375,3000
2026-06-27 04:01:57,71,B+4.5,10,True,False,False,,-1,27.3798,3000
2026-06-27 04:02:37,161,B+8.5,26,True,False,False,,-1,27.429,3000
2026-06-27 04:03:11,128,B+1.5,19,True,False,False,,-1,27.4525,3000
2026-06-27 04:03:38,116,B+2.5,18,True,False,False,,-1,27.4017,3000
2026-06-27 04:04:06,100,B+1.5,16,True,False,False,,-1,27.3277,3000
2026-06-27 04:04:33,99,W+4.5,13,True,False,False,,-1,27.255,3000
2026-06-27 04:04:59,99,B+2.5,18,True,False,False,,-1,27.2453,3000
2026-06-27 04:05:23,101,B+1.5,16,True,False,False,,-1,27.2046,3000
2026-06-27 04:05:51,109,W+2.5,16,True,False,False,,-1,27.2254,3000
2026-06-27 04:06:28,162,W+0.5,36,True,False,False,,-1,27.4736,3000
2026-06-27 04:07:01,131,W+0.5,23,True,False,False,,-1,27.4999,3000
2026-06-27 04:07:28,101,B+1.5,17,True,False,False,,-1,27.3561,3000
2026-06-27 04:07:55,101,B+3.5,7,True,False,False,,-1,27.4762,3000
2026-06-27 04:08:22,115,B+2.5,20,True,False,False,,-1,27.5167,3000
2026-06-27 04:08:51,111,B+2.5,16,True,False,False,,-1,27.5425,3000
2026-06-27 04:09:17,101,B+1.5,13,True,False,False,,-1,27.562,3000
2026-06-27 04:09:46,127,B+1.5,12,True,False,False,,-1,27.7212,3000
2026-06-27 04:10:17,129,W+0.5,25,True,False,False,,-1,27.8664,3000
2026-06-27 04:10:33,67,B+1.5,10,True,False,False,,-1,27.8418,3000
2026-06-27 04:10:49,61,B+0.5,10,True,False,False,,-1,27.665,3000
2026-06-27 04:11:02,59,B+0.5,7,True,False,False,,-1,27.4806,3000
2026-06-27 04:11:32,110,B+2.5,16,True,False,False,,-1,27.5329,3000
2026-06-27 04:12:00,110,B+5.5,15,True,False,False,,-1,27.4676,3000
2026-06-27 04:12:24,97,B+1.5,14,True,False,False,,-1,27.4764,3000
2026-06-27 04:12:49,97,B+2.5,7,True,False,False,,-1,27.4022,3000
2026-06-27 04:13:04,59,B+0.5,9,True,False,False,,-1,27.287,3000
2026-06-27 04:13:39,137,W+5.5,26,True,False,False,,-1,27.4011,3000
2026-06-27 04:14:08,128,B+0.5,26,True,False,False,,-1,27.4451,3000
2026-06-27 04:14:42,121,W+2.5,21,True,False,False,,-1,27.4869,3000
2026-06-27 04:14:57,57,B+3.5,8,True,False,False,,-1,27.3651,3000
2026-06-27 04:15:10,51,B+1.5,4,True,False,False,,-1,27.2302,3000
2026-06-27 04:15:19,32,W+7.5,2,True,False,False,,-1,27.0659,3000
2026-06-27 04:15:42,98,B+7.5,15,True,False,False,,-1,27.0404,3000
2026-06-27 04:16:06,88,B+3.5,9,True,False,False,,-1,27.0229,3000
2026-06-27 04:16:36,119,B+1.5,14,True,False,False,,-1,27.0328,3000
2026-06-27 04:17:02,101,B+0.5,18,True,False,False,,-1,26.9935,3000
2026-06-27 04:17:34,135,W+0.5,27,True,False,False,,-1,27.0259,3000
2026-06-27 04:18:04,119,W+0.5,20,True,False,False,,-1,27.0062,3000
2026-06-27 04:18:39,143,B+1.5,24,True,False,False,,-1,27.0196,3000
2026-06-27 04:19:08,104,B+7.5,11,True,False,False,,-1,26.9632,3000
2026-06-27 04:19:21,49,B+1.5,10,True,False,False,,-1,26.7503,3000
2026-06-27 04:19:48,112,B+3.5,21,True,False,False,,-1,26.7212,3000
2026-06-27 04:20:14,110,B+2.5,16,True,False,False,,-1,26.5743,3000
2026-06-27 04:20:35,85,B+2.5,7,True,False,False,,-1,26.6359,3000
2026-06-27 04:20:59,93,B+3.5,13,True,False,False,,-1,26.5658,3000
2026-06-27 04:21:19,86,B+2.5,9,True,False,False,,-1,26.4584,3000
2026-06-27 04:21:54,141,B+0.5,24,True,False,False,,-1,26.5254,3000
2026-06-27 04:22:18,91,W+1.5,7,True,False,False,,-1,26.4194,3000
2026-06-27 04:22:33,53,B+0.5,2,True,False,False,,-1,26.286,3000
2026-06-27 04:23:00,106,B+0.5,14,True,False,False,,-1,26.3252,3000
2026-06-27 04:23:21,92,B+3.5,14,True,False,False,,-1,26.2757,3000
2026-06-27 04:23:53,137,B+0.5,24,True,False,False,,-1,26.3193,3000
2026-06-27 04:24:07,51,B+8.5,6,True,False,False,,-1,26.3353,3000
2026-06-27 04:24:38,115,B+2.5,14,True,False,False,,-1,26.3382,3000
2026-06-27 04:25:00,81,B+2.5,11,True,False,False,,-1,26.2657,3000
2026-06-27 04:25:30,116,B+1.5,19,True,False,False,,-1,26.26,3000
2026-06-27 04:25:58,121,B+5.5,22,True,False,False,,-1,26.2296,3000
2026-06-27 04:26:23,96,B+3.5,15,True,False,False,,-1,26.3183,3000
2026-06-27 04:27:01,162,W+9.5,32,True,False,False,,-1,26.3389,3000
2026-06-27 04:27:22,87,W+0.5,12,True,False,False,,-1,26.2856,3000
2026-06-27 04:27:39,63,B+0.5,11,True,False,False,,-1,26.3446,3000
2026-06-27 04:28:05,100,W+3.5,14,True,False,False,,-1,26.2088,3000
2026-06-27 04:28:21,59,B+1.5,8,True,False,False,,-1,26.013,3000
2026-06-27 04:28:51,127,W+2.5,30,True,False,False,,-1,26.0149,3000
2026-06-27 04:29:25,141,B+1.5,24,True,False,False,,-1,26.0175,3000
2026-06-27 04:29:40,61,B+0.5,7,True,False,False,,-1,25.8815,3000
2026-06-27 04:30:17,162,B+3.5,27,True,False,False,,-1,25.9774,3000
2026-06-27 04:30:46,113,B+2.5,23,True,False,False,,-1,25.9991,3000
2026-06-27 04:31:14,104,B+1.5,16,True,False,False,,-1,26.017,3000
2026-06-27 04:31:46,115,B+1.5,21,True,False,False,,-1,26.0605,3000
2026-06-27 04:32:21,141,B+0.5,25,True,False,False,,-1,26.0513,3000
2026-06-27 04:32:49,107,B+0.5,8,True,False,False,,-1,26.0815,3000
2026-06-27 04:33:12,94,B+3.5,15,True,False,False,,-1,25.9797,3000
2026-06-27 04:33:49,139,B+2.5,23,True,False,False,,-1,26.0536,3000
2026-06-27 04:34:11,88,B+4.5,11,True,False,False,,-1,26.0621,3000
2026-06-27 04:34:36,100,B+6.5,10,True,False,False,,-1,26.0593,3000
2026-06-27 04:35:04,122,B+2.5,25,True,False,False,,-1,26.0183,3000
2026-06-27 04:35:19,55,B+0.5,6,True,False,False,,-1,25.8471,3000
2026-06-27 04:35:51,126,B+1.5,20,True,False,False,,-1,25.7712,3000
2026-06-27 04:36:25,129,W+2.5,19,True,False,False,,-1,25.8018,3000
2026-06-27 04:36:50,108,B+8.5,15,True,False,False,,-1,25.8143,3000
2026-06-27 04:37:13,91,B+3.5,12,True,False,False,,-1,25.8705,3000
2026-06-27 04:37:48,162,W+2.5,11,True,False,False,,-1,25.8777,3000
2026-06-27 04:38:18,125,W+6.5,20,True,False,False,,-1,26.0231,3000
2026-06-27 04:38:41,92,B+2.5,16,True,False,False,,-1,26.0065,3000
2026-06-27 04:39:02,91,B+2.5,9,True,False,False,,-1,25.9561,3000
2026-06-27 04:39:29,109,W+0.5,10,True,False,False,,-1,25.9104,3000
2026-06-27 04:39:56,111,B+1.5,16,True,False,False,,-1,26.0564,3000
2026-06-27 04:40:24,112,B+1.5,20,True,False,False,,-1,26.0271,3000
2026-06-27 04:40:50,105,W+0.5,15,True,False,False,,-1,26.075,3000
2026-06-27 04:41:03,51,B+1.5,4,True,False,False,,-1,25.9271,3000
2026-06-27 04:41:29,101,B+2.5,19,True,False,False,,-1,25.8718,3000
2026-06-27 04:41:56,113,B+1.5,15,True,False,False,,-1,25.9401,3000
2026-06-27 04:42:23,104,B+3.5,13,True,False,False,,-1,26.0594,3000
2026-06-27 04:42:44,88,B+2.5,10,True,False,False,,-1,25.9969,3000
2026-06-27 04:43:14,118,W+2.5,19,True,False,False,,-1,26.06,3000
2026-06-27 04:43:31,71,B+2.5,12,True,False,False,,-1,25.9539,3000
2026-06-27 04:43:58,110,B+0.5,18,True,False,False,,-1,25.9918,3000
2026-06-27 04:44:24,103,B+1.5,15,True,False,False,,-1,25.957,3000
2026-06-27 04:44:53,116,B+4.5,15,True,False,False,,-1,25.9297,3000
2026-06-27 04:45:10,71,B+0.5,6,True,False,False,,-1,25.9284,3000
2026-06-27 04:45:22,55,B+1.5,7,True,False,False,,-1,25.6527,3000
2026-06-27 04:45:48,108,B+3.5,13,True,False,False,,-1,25.5642,3000
2026-06-27 04:46:22,141,B+0.5,28,True,False,False,,-1,25.6324,3000
2026-06-27 04:46:55,133,B+0.5,27,True,False,False,,-1,25.6824,3000
2026-06-27 04:47:07,51,B+1.5,3,True,False,False,,-1,25.5384,3000
2026-06-27 04:47:27,77,B+1.5,8,True,False,False,,-1,25.4744,3000
2026-06-27 04:47:53,101,B+0.5,17,True,False,False,,-1,25.4956,3000
2026-06-27 04:48:21,107,B+1.5,15,True,False,False,,-1,25.5012,3000
2026-06-27 04:48:36,55,B+4.5,9,True,False,False,,-1,25.2807,3000
2026-06-27 04:49:03,109,W+4.5,17,True,False,False,,-1,25.2124,3000
2026-06-27 04:49:35,124,B+0.5,21,True,False,False,,-1,25.2654,3000
2026-06-27 04:50:00,101,B+3.5,13,True,False,False,,-1,25.2545,3000
2026-06-27 04:50:24,100,B+1.5,12,True,False,False,,-1,25.2187,3000
2026-06-27 04:50:53,131,W+2.5,28,True,False,False,,-1,25.2149,3000
2026-06-27 04:51:26,133,B+5.5,25,True,False,False,,-1,25.284,3000
2026-06-27 04:51:53,109,B+1.5,12,True,False,False,,-1,25.2714,3000
2026-06-27 04:52:23,124,B+3.5,16,True,False,False,,-1,25.2632,3000
2026-06-27 04:52:49,105,B+0.5,17,True,False,False,,-1,25.3558,3000
2026-06-27 04:53:05,59,B+5.5,6,True,False,False,,-1,25.35,3000
2026-06-27 04:53:30,101,B+1.5,13,True,False,False,,-1,25.4705,3000
2026-06-27 04:53:46,65,B+2.5,4,True,False,False,,-1,25.3408,3000
2026-06-27 04:54:12,85,B+1.5,6,True,False,False,,-1,25.3082,3000
2026-06-27 04:54:45,141,B+1.5,23,True,False,False,,-1,25.4051,3000
2026-06-27 04:55:20,134,W+0.5,12,True,False,False,,-1,25.5031,3000
2026-06-27 04:55:48,114,B+1.5,22,True,False,False,,-1,25.6432,3000
2026-06-27 04:56:03,55,B+3.5,9,True,False,False,,-1,25.4393,3000
2026-06-27 04:56:41,152,B+0.5,29,True,False,False,,-1,25.5293,3000
2026-06-27 04:56:57,59,B+0.5,8,True,False,False,,-1,25.3416,3000
2026-06-27 04:57:14,71,B+0.5,6,True,False,False,,-1,25.3644,3000
2026-06-27 04:57:41,107,B+2.5,13,True,False,False,,-1,25.5044,3000
2026-06-27 04:58:22,162,B+4.5,31,True,False,False,,-1,25.8218,3000
2026-06-27 04:58:33,51,B+0.5,7,True,False,False,,-1,25.7053,3000
2026-06-27 04:59:02,124,W+3.5,22,True,False,False,,-1,25.7572,3000
2026-06-27 04:59:17,57,B+1.5,9,True,False,False,,-1,25.6019,3000
2026-06-27 04:59:45,109,W+1.5,13,True,False,False,,-1,25.6292,3000
2026-06-27 05:00:17,162,B+2.5,29,True,False,False,,-1,25.6336,3000
2026-06-27 05:00:28,51,B+1.5,7,True,False,False,,-1,25.4443,3000
2026-06-27 05:00:46,67,B+0.5,6,True,False,False,,-1,25.2669,3000
2026-06-27 05:01:08,93,B+0.5,10,True,False,False,,-1,25.2008,3000
2026-06-27 05:01:33,91,B+1.5,7,True,False,False,,-1,25.3203,3000
2026-06-27 05:01:55,93,B+2.5,9,True,False,False,,-1,25.2738,3000
2026-06-27 05:02:14,69,B+0.5,7,True,False,False,,-1,25.1886,3000
2026-06-27 05:02:49,134,B+0.5,23,True,False,False,,-1,25.3388,3000
2026-06-27 05:03:06,67,B+1.5,6,True,False,False,,-1,25.2723,3000
2026-06-27 05:03:32,96,B+1.5,13,True,False,False,,-1,25.3184,3000
2026-06-27 05:04:01,118,B+2.5,17,True,False,False,,-1,25.2702,3000
2026-06-27 05:04:25,101,B+4.5,9,True,False,False,,-1,25.2613,3000
2026-06-27 05:05:00,149,W+0.5,24,True,False,False,,-1,25.4684,3000
2026-06-27 05:05:41,161,W+2.5,25,True,False,False,,-1,25.6087,3000
2026-06-27 05:06:12,129,W+0.5,19,True,False,False,,-1,25.716,3000
2026-06-27 05:06:30,77,B+5.5,13,True,False,False,,-1,25.5692,3000
2026-06-27 05:06:59,112,B+2.5,19,True,False,False,,-1,25.716,3000
2026-06-27 05:07:21,91,W+1.5,9,True,False,False,,-1,25.6261,3000
2026-06-27 05:07:47,102,B+5.5,18,True,False,False,,-1,25.6716,3000
2026-06-27 05:08:18,119,B+4.5,22,True,False,False,,-1,25.6755,3000
2026-06-27 05:08:47,118,B+0.5,18,True,False,False,,-1,25.682,3000
2026-06-27 05:09:12,98,B+2.5,13,True,False,False,,-1,25.6875,3000
2026-06-27 05:09:36,89,B+1.5,12,True,False,False,,-1,25.5423,3000
2026-06-27 05:10:04,128,B+0.5,24,True,False,False,,-1,25.6158,3000
2026-06-27 05:10:32,111,W+1.5,17,True,False,False,,-1,25.7304,3000
2026-06-27 05:11:08,162,B+1.5,38,True,False,False,,-1,25.8276,3000
2026-06-27 05:11:33,107,W+0.5,11,True,False,False,,-1,25.9201,3000
2026-06-27 05:11:55,94,B+3.5,13,True,False,False,,-1,25.8425,3000
2026-06-27 05:12:20,97,B+0.5,13,True,False,False,,-1,25.7458,3000
2026-06-27 05:12:44,105,W+2.5,12,True,False,False,,-1,25.8384,3000
2026-06-27 05:13:15,125,B+2.5,21,True,False,False,,-1,25.7755,3000
2026-06-27 05:13:42,109,B+5.5,17,True,False,False,,-1,25.7514,3000
2026-06-27 05:14:09,110,B+0.5,12,True,False,False,,-1,25.7542,3000
2026-06-27 05:14:49,162,B+1.5,21,True,False,False,,-1,25.8241,3000
2026-06-27 05:15:14,104,B+3.5,14,True,False,False,,-1,25.7297,3000
2026-06-27 05:15:29,63,B+0.5,6,True,False,False,,-1,25.5984,3000
2026-06-27 05:16:08,162,B+5.5,28,True,False,False,,-1,25.7548,3000
2026-06-27 05:16:34,96,B+4.5,8,True,False,False,,-1,25.6547,3000
2026-06-27 05:17:00,121,B+1.5,18,True,False,False,,-1,25.6962,3000
2026-06-27 05:17:35,162,W+1.5,30,True,False,False,,-1,25.792,3000
2026-06-27 05:18:05,119,W+2.5,18,True,False,False,,-1,25.8061,3000
2026-06-27 05:18:32,105,W+1.5,13,True,False,False,,-1,25.9354,3000
2026-06-27 05:18:57,98,B+0.5,11,True,False,False,,-1,25.8592,3000
2026-06-27 05:19:25,109,W+0.5,14,True,False,False,,-1,25.7996,3000
2026-06-27 05:19:49,97,B+1.5,15,True,False,False,,-1,25.7855,3000
2026-06-27 05:20:24,136,B+0.5,23,True,False,False,,-1,25.9164,3000
2026-06-27 05:20:51,110,B+13.5,14,True,False,False,,-1,25.8241,3000
2026-06-27 05:21:18,110,B+0.5,15,True,False,False,,-1,25.8029,3000
2026-06-27 05:21:31,47,B+2.5,2,True,False,False,,-1,25.7007,3000
2026-06-27 05:21:52,85,B+1.5,7,True,False,False,,-1,25.6899,3000
2026-06-27 05:22:24,125,W+3.5,26,True,False,False,,-1,25.7522,3000
2026-06-27 05:23:04,162,W+3.5,37,True,False,False,,-1,25.877,3000
2026-06-27 05:23:31,112,B+1.5,16,True,False,False,,-1,25.8741,3000
2026-06-27 05:23:56,101,B+1.5,18,True,False,False,,-1,25.8542,3000
2026-06-27 05:24:07,47,B+1.5,3,True,False,False,,-1,25.8408,3000
2026-06-27 05:24:40,144,B+9.5,32,True,False,False,,-1,25.9153,3000
2026-06-27 05:25:22,162,B+6.5,26,True,False,False,,-1,26.0553,3000
2026-06-27 05:25:35,53,B+1.5,2,True,False,False,,-1,25.9252,3000
2026-06-27 05:25:59,104,B+1.5,16,True,False,False,,-1,25.9484,3000
2026-06-27 05:26:20,87,B+0.5,15,True,False,False,,-1,25.8606,3000
2026-06-27 05:26:45,103,B+0.5,17,True,False,False,,-1,25.9304,3000
2026-06-27 05:27:23,162,W+0.5,40,True,False,False,,-1,26.0411,3000
2026-06-27 05:27:56,115,B+0.5,23,True,False,False,,-1,26.1129,3000
2026-06-27 05:28:26,119,B+2.5,19,True,False,False,,-1,26.1294,3000
2026-06-27 05:28:31,22,W+7.5,2,True,False,False,,-1,26.0129,3000
2026-06-27 05:28:53,83,B+4.5,10,True,False,False,,-1,26.0991,3000
2026-06-27 05:29:26,126,W+0.5,20,True,False,False,,-1,26.1796,3000
2026-06-27 05:29:56,123,B+2.5,25,True,False,False,,-1,26.1414,3000
2026-06-27 05:30:33,160,B+1.5,34,True,False,False,,-1,26.1848,3000
2026-06-27 05:31:13,162,B+10.5,40,True,False,False,,-1,26.4601,3000
2026-06-27 05:31:45,125,W+0.5,19,True,False,False,,-1,26.5828,3000
2026-06-27 05:34:10,102,B+2.5,16,True,False,False,,-1,26.4924,4000
2026-06-27 05:34:39,100,B+5.5,18,True,False,False,,-1,26.6331,4000
2026-06-27 05:35:15,123,B+1.5,13,True,False,False,,-1,26.7258,4000
2026-06-27 05:35:58,149,W+5.5,23,True,False,False,,-1,26.8353,4000
2026-06-27 05:36:22,95,B+3.5,15,True,False,False,,-1,26.8284,4000
2026-06-27 05:37:00,138,B+2.5,22,True,False,False,,-1,26.9662,4000
2026-06-27 05:37:18,65,B+2.5,8,True,False,False,,-1,26.8573,4000
2026-06-27 05:37:41,90,B+1.5,19,True,False,False,,-1,26.7568,4000
2026-06-27 05:38:12,111,W+1.5,7,True,False,False,,-1,26.7942,4000
2026-06-27 05:38:44,116,B+2.5,17,True,False,False,,-1,26.8169,4000
2026-06-27 05:39:03,69,B+5.5,3,True,False,False,,-1,26.7486,4000
2026-06-27 05:39:31,105,B+4.5,7,True,False,False,,-1,26.872,4000
2026-06-27 05:40:03,116,B+2.5,14,True,False,False,,-1,26.9414,4000
2026-06-27 05:40:29,91,B+5.5,17,True,False,False,,-1,27.0275,4000
2026-06-27 05:40:55,85,B+2.5,13,True,False,False,,-1,27.0358,4000
2026-06-27 05:41:26,108,W+2.5,5,True,False,False,,-1,27.0238,4000
2026-06-27 05:42:02,127,B+1.5,17,True,False,False,,-1,27.0225,4000
2026-06-27 05:42:35,125,B+6.5,20,True,False,False,,-1,27.0743,4000
2026-06-27 05:43:02,99,B+7.5,11,True,False,False,,-1,27.1929,4000
2026-06-27 05:43:40,154,B+10.5,23,True,False,False,,-1,27.1989,4000
2026-06-27 05:44:11,118,B+3.5,12,True,False,False,,-1,27.3493,4000
2026-06-27 05:44:38,93,B+2.5,11,True,False,False,,-1,27.4416,4000
2026-06-27 05:45:09,120,B+5.5,11,True,False,False,,-1,27.4831,4000
2026-06-27 05:45:31,88,B+3.5,6,True,False,False,,-1,27.3,4000
2026-06-27 05:46:05,118,B+5.5,20,True,False,False,,-1,27.5218,4000
2026-06-27 05:46:40,121,W+2.5,12,True,False,False,,-1,27.5803,4000
2026-06-27 05:46:54,55,B+4.5,11,True,False,False,,-1,27.5804,4000
2026-06-27 05:47:19,93,W+5.5,17,True,False,False,,-1,27.5431,4000
2026-06-27 05:47:56,142,B+2.5,23,True,False,False,,-1,27.5938,4000
2026-06-27 05:48:14,73,B+3.5,7,True,False,False,,-1,27.6655,4000
2026-06-27 05:48:48,120,B+1.5,11,True,False,False,,-1,27.8297,4000
2026-06-27 05:49:27,162,B+9.5,3,True,False,False,,-1,27.9885,4000
2026-06-27 05:50:02,122,B+1.5,19,True,False,False,,-1,28.0915,4000
2026-06-27 05:50:23,77,B+1.5,7,True,False,False,,-1,28.0858,4000
2026-06-27 05:51:05,162,B+0.5,25,True,False,False,,-1,28.3234,4000
2026-06-27 05:51:36,112,B+2.5,13,True,False,False,,-1,28.2684,4000
2026-06-27 05:51:53,71,B+4.5,10,True,False,False,,-1,28.2748,4000
2026-06-27 05:52:22,97,W+0.5,6,True,False,False,,-1,28.3108,4000
2026-06-27 05:53:00,130,W+1.5,19,True,False,False,,-1,28.3941,4000
2026-06-27 05:53:26,102,B+10.5,14,True,False,False,,-1,28.4151,4000
2026-06-27 05:53:59,124,B+4.5,16,True,False,False,,-1,28.3881,4000
2026-06-27 05:54:27,106,B+0.5,21,True,False,False,,-1,28.265,4000
2026-06-27 05:55:07,162,W+6.5,31,True,False,False,,-1,28.3473,4000
2026-06-27 05:55:34,98,B+0.5,15,True,False,False,,-1,28.4462,4000
2026-06-27 05:56:08,124,B+1.5,5,True,False,False,,-1,28.4948,4000
2026-06-27 05:56:41,126,B+0.5,9,True,False,False,,-1,28.6087,4000
2026-06-27 05:57:22,135,B+3.5,22,True,False,False,,-1,28.7519,4000
2026-06-27 05:57:45,83,B+2.5,8,True,False,False,,-1,28.6768,4000
2026-06-27 05:58:09,93,B+8.5,15,True,False,False,,-1,28.624,4000
2026-06-27 05:58:29,73,B+6.5,2,True,False,False,,-1,28.5751,4000
2026-06-27 05:58:59,106,B+6.5,17,True,False,False,,-1,28.6412,4000
2026-06-27 05:59:25,92,B+1.5,14,True,False,False,,-1,28.6197,4000
2026-06-27 05:59:54,101,W+1.5,7,True,False,False,,-1,28.6205,4000
2026-06-27 06:00:19,92,B+2.5,7,True,False,False,,-1,28.5207,4000
2026-06-27 06:00:50,106,B+4.5,9,True,False,False,,-1,28.5794,4000
2026-06-27 06:01:08,69,B+6.5,11,True,False,False,,-1,28.5325,4000
2026-06-27 06:01:32,90,B+5.5,13,True,False,False,,-1,28.5279,4000
2026-06-27 06:01:57,97,B+9.5,18,True,False,False,,-1,28.5272,4000
2026-06-27 06:02:35,138,B+13.5,29,True,False,False,,-1,28.6038,4000
2026-06-27 06:03:04,105,W+0.5,13,True,False,False,,-1,28.628,4000
2026-06-27 06:03:31,101,W+1.5,14,True,False,False,,-1,28.626,4000
2026-06-27 06:03:48,59,B+0.5,5,True,False,False,,-1,28.4013,4000
2026-06-27 06:04:13,99,W+0.5,19,True,False,False,,-1,28.3964,4000
2026-06-27 06:04:42,91,W+0.5,7,True,False,False,,-1,28.5294,4000
2026-06-27 06:05:13,120,B+2.5,24,True,False,False,,-1,28.4523,4000
2026-06-27 06:05:42,110,B+0.5,11,True,False,False,,-1,28.4803,4000
2026-06-27 06:06:10,108,B+2.5,14,True,False,False,,-1,28.4993,4000
2026-06-27 06:06:29,71,B+0.5,9,True,False,False,,-1,28.3433,4000
2026-06-27 06:06:44,63,B+5.5,9,True,False,False,,-1,28.194,4000
2026-06-27 06:07:13,110,B+5.5,21,True,False,False,,-1,28.2104,4000
2026-06-27 06:07:24,49,B+0.5,5,True,False,False,,-1,28.075,4000
2026-06-27 06:07:49,96,B+8.5,5,True,False,False,,-1,28.0418,4000
2026-06-27 06:08:14,102,B+12.5,15,True,False,False,,-1,28.0608,4000
2026-06-27 06:08:46,126,W+4.5,21,True,False,False,,-1,28.0196,4000
2026-06-27 06:09:31,162,W+51.5,11,True,False,False,,-1,28.2052,4000
2026-06-27 06:09:47,61,B+7.5,15,True,False,False,,-1,28.0917,4000
2026-06-27 06:10:18,105,W+7.5,12,True,False,False,,-1,28.2714,4000
2026-06-27 06:10:48,105,B+1.5,9,True,False,False,,-1,28.3723,4000
2026-06-27 06:11:08,73,B+7.5,8,True,False,False,,-1,28.2469,4000
2026-06-27 06:11:35,94,B+0.5,9,True,False,False,,-1,28.1134,4000
2026-06-27 06:12:03,98,B+3.5,10,True,False,False,,-1,28.1271,4000
2026-06-27 06:12:45,138,B+7.5,23,True,False,False,,-1,28.3027,4000
2026-06-27 06:13:01,65,B+1.5,9,True,False,False,,-1,28.3423,4000
2026-06-27 06:13:26,89,B+1.5,7,True,False,False,,-1,28.2599,4000
2026-06-27 06:13:55,107,B+5.5,15,True,False,False,,-1,28.1407,4000
2026-06-27 06:14:33,147,B+4.5,23,True,False,False,,-1,28.3774,4000
2026-06-27 06:14:50,67,B+4.5,12,True,False,False,,-1,28.317,4000
2026-06-27 06:15:20,108,B+2.5,24,True,False,False,,-1,28.4024,4000
2026-06-27 06:15:55,118,B+6.5,10,True,False,False,,-1,28.5094,4000
2026-06-27 06:16:20,99,W+1.5,16,True,False,False,,-1,28.3747,4000
2026-06-27 06:16:38,69,B+1.5,12,True,False,False,,-1,28.2244,4000
2026-06-27 06:16:52,51,B+0.5,6,True,False,False,,-1,28.066,4000
2026-06-27 06:17:30,139,W+2.5,30,True,False,False,,-1,28.3981,4000
2026-06-27 06:18:09,140,B+1.5,25,True,False,False,,-1,28.5697,4000
2026-06-27 06:18:46,123,B+3.5,22,True,False,False,,-1,28.6088,4000
2026-06-27 06:19:17,101,B+0.5,9,True,False,False,,-1,28.6159,4000
2026-06-27 06:19:43,110,B+6.5,16,True,False,False,,-1,28.5057,4000
2026-06-27 06:20:12,99,B+2.5,10,True,False,False,,-1,28.3913,4000
2026-06-27 06:20:37,98,W+7.5,12,True,False,False,,-1,28.3266,4000
2026-06-27 06:21:07,97,B+6.5,12,True,False,False,,-1,28.461,4000
2026-06-27 06:21:33,99,W+5.5,7,True,False,False,,-1,28.4295,4000
2026-06-27 06:22:12,151,W+15.5,29,True,False,False,,-1,28.5325,4000
2026-06-27 06:22:39,97,B+0.5,10,True,False,False,,-1,28.4443,4000
2026-06-27 06:23:15,131,B+0.5,22,True,False,False,,-1,28.373,4000
2026-06-27 06:23:37,85,B+3.5,8,True,False,False,,-1,28.3429,4000
2026-06-27 06:24:07,110,B+2.5,8,True,False,False,,-1,28.2659,4000
2026-06-27 06:24:43,136,B+2.5,23,True,False,False,,-1,28.4446,4000
2026-06-27 06:25:13,109,B+2.5,15,True,False,False,,-1,28.515,4000
2026-06-27 06:25:45,121,B+3.5,13,True,False,False,,-1,28.533,4000
2026-06-27 06:26:14,104,B+8.5,14,True,False,False,,-1,28.4985,4000
2026-06-27 06:26:45,109,B+2.5,18,True,False,False,,-1,28.6223,4000
2026-06-27 06:27:16,108,B+6.5,8,True,False,False,,-1,28.6466,4000
2026-06-27 06:27:43,93,B+1.5,8,True,False,False,,-1,28.5926,4000
2026-06-27 06:27:59,63,B+0.5,5,True,False,False,,-1,28.5011,4000
2026-06-27 06:28:23,91,B+3.5,8,True,False,False,,-1,28.4843,4000
2026-06-27 06:28:41,73,B+7.5,10,True,False,False,,-1,28.3401,4000
2026-06-27 06:29:17,132,B+9.5,28,True,False,False,,-1,28.3523,4000
2026-06-27 06:29:32,61,B+3.5,12,True,False,False,,-1,28.1623,4000
2026-06-27 06:30:03,114,B+8.5,19,True,False,False,,-1,28.2096,4000
2026-06-27 06:30:35,118,B+0.5,17,True,False,False,,-1,28.1431,4000
2026-06-27 06:31:02,99,B+6.5,15,True,False,False,,-1,28.1048,4000
2026-06-27 06:31:30,106,B+2.5,11,True,False,False,,-1,28.1173,4000
2026-06-27 06:32:00,116,B+0.5,15,True,False,False,,-1,28.1104,4000
2026-06-27 06:32:27,99,B+2.5,10,True,False,False,,-1,28.1563,4000
2026-06-27 06:33:00,136,W+10.5,22,True,False,False,,-1,28.1534,4000
2026-06-27 06:33:21,78,W+3.5,4,True,False,False,,-1,28.0146,4000
2026-06-27 06:33:49,114,B+3.5,11,True,False,False,,-1,28.1421,4000
2026-06-27 06:34:21,107,B+16.5,11,True,False,False,,-1,28.2238,4000
2026-06-27 06:34:50,105,W+1.5,15,True,False,False,,-1,28.1347,4000
2026-06-27 06:35:19,111,W+2.5,17,True,False,False,,-1,28.2433,4000
2026-06-27 06:35:53,122,B+7.5,26,True,False,False,,-1,28.2435,4000
2026-06-27 06:36:23,113,W+1.5,19,True,False,False,,-1,28.1588,4000
2026-06-27 06:36:44,92,B+5.5,14,True,False,False,,-1,28.0225,4000
2026-06-27 06:37:09,91,B+8.5,9,True,False,False,,-1,28.0549,4000
2026-06-27 06:37:50,145,W+3.5,33,True,False,False,,-1,28.0405,4000
2026-06-27 06:38:16,99,W+8.5,13,True,False,False,,-1,27.9973,4000
2026-06-27 06:38:47,112,B+5.5,9,True,False,False,,-1,28.1355,4000
2026-06-27 06:39:16,102,W+3.5,13,True,False,False,,-1,28.1366,4000
2026-06-27 06:39:51,123,W+0.5,15,True,False,False,,-1,28.1026,4000
2026-06-27 06:40:16,97,W+0.5,12,True,False,False,,-1,28.0989,4000
2026-06-27 06:40:35,71,B+0.5,6,True,False,False,,-1,27.9635,4000
2026-06-27 06:40:52,61,B+10.5,5,True,False,False,,-1,27.8519,4000
2026-06-27 06:41:17,89,B+2.5,4,True,False,False,,-1,27.6985,4000
2026-06-27 06:41:44,102,B+1.5,6,True,False,False,,-1,27.6966,4000
2026-06-27 06:42:14,109,B+11.5,10,True,False,False,,-1,27.6586,4000
2026-06-27 06:42:35,83,B+5.5,10,True,False,False,,-1,27.5343,4000
2026-06-27 06:43:13,134,B+2.5,19,True,False,False,,-1,27.5098,4000
2026-06-27 06:43:45,117,W+0.5,16,True,False,False,,-1,27.5989,4000
2026-06-27 06:44:24,140,B+1.5,25,True,False,False,,-1,27.7526,4000
2026-06-27 06:44:49,95,W+2.5,10,True,False,False,,-1,27.7993,4000
2026-06-27 06:45:19,113,B+4.5,12,True,False,False,,-1,27.7997,4000
2026-06-27 06:45:52,128,B+8.5,19,True,False,False,,-1,27.8615,4000
2026-06-27 06:46:08,65,B+2.5,9,True,False,False,,-1,27.7395,4000
2026-06-27 06:46:32,87,W+1.5,6,True,False,False,,-1,27.7265,4000
2026-06-27 06:47:07,162,W+8.5,20,True,False,False,,-1,27.7621,4000
2026-06-27 06:47:35,108,B+1.5,20,True,False,False,,-1,27.8621,4000
2026-06-27 06:48:03,103,W+2.5,9,True,False,False,,-1,27.9031,4000
2026-06-27 06:48:31,112,B+0.5,18,True,False,False,,-1,27.9459,4000
2026-06-27 06:49:01,101,B+0.5,8,True,False,False,,-1,27.859,4000
2026-06-27 06:49:31,106,B+6.5,18,True,False,False,,-1,27.8656,4000
2026-06-27 06:50:04,122,W+0.5,14,True,False,False,,-1,27.9289,4000
2026-06-27 06:50:34,115,W+1.5,18,True,False,False,,-1,28.0534,4000
2026-06-27 06:51:05,109,B+3.5,9,True,False,False,,-1,28.1115,4000
2026-06-27 06:51:37,117,W+4.5,19,True,False,False,,-1,28.1562,4000
2026-06-27 06:52:04,98,W+3.5,11,True,False,False,,-1,28.1136,4000
2026-06-27 06:52:20,59,B+2.5,7,True,False,False,,-1,27.9769,4000
2026-06-27 06:52:48,104,B+6.5,23,True,False,False,,-1,27.9789,4000
2026-06-27 06:53:29,152,B+2.5,25,True,False,False,,-1,28.1939,4000
2026-06-27 06:53:56,105,W+3.5,9,True,False,False,,-1,28.3232,4000
2026-06-27 06:54:11,59,B+5.5,10,True,False,False,,-1,28.1768,4000
2026-06-27 06:54:49,135,B+0.5,24,True,False,False,,-1,28.4502,4000
2026-06-27 06:55:20,111,W+1.5,9,True,False,False,,-1,28.5131,4000
2026-06-27 06:55:43,85,B+3.5,8,True,False,False,,-1,28.4809,4000
2026-06-27 06:56:18,132,B+3.5,16,True,False,False,,-1,28.5206,4000
2026-06-27 06:56:46,93,B+2.5,8,True,False,False,,-1,28.3565,4000
2026-06-27 06:57:12,87,B+2.5,4,True,False,False,,-1,28.4534,4000
2026-06-27 06:57:40,99,B+1.5,6,True,False,False,,-1,28.4269,4000
2026-06-27 06:58:15,124,B+0.5,22,True,False,False,,-1,28.4695,4000
2026-06-27 06:58:49,127,W+0.5,15,True,False,False,,-1,28.6065,4000
2026-06-27 06:59:11,87,B+0.5,10,True,False,False,,-1,28.558,4000
2026-06-27 06:59:44,121,W+1.5,18,True,False,False,,-1,28.6047,4000
2026-06-27 07:00:11,96,B+1.5,11,True,False,False,,-1,28.4546,4000
2026-06-27 07:00:42,106,B+3.5,14,True,False,False,,-1,28.6054,4000
2026-06-27 07:01:16,122,B+2.5,24,True,False,False,,-1,28.7006,4000
2026-06-27 07:01:44,102,B+2.5,14,True,False,False,,-1,28.6843,4000
2026-06-27 07:02:13,99,B+0.5,12,True,False,False,,-1,28.6026,4000
2026-06-27 07:02:31,65,B+8.5,11,True,False,False,,-1,28.6032,4000
2026-06-27 07:02:59,107,B+0.5,12,True,False,False,,-1,28.5866,4000
2026-06-27 07:03:25,93,B+2.5,9,True,False,False,,-1,28.4985,4000
2026-06-27 07:03:50,97,B+1.5,10,True,False,False,,-1,28.4977,4000
2026-06-27 07:04:21,110,B+4.5,19,True,False,False,,-1,28.6326,4000
2026-06-27 07:04:49,104,B+1.5,10,True,False,False,,-1,28.7669,4000
2026-06-27 07:05:24,134,B+2.5,23,True,False,False,,-1,28.7343,4000
2026-06-27 07:05:54,115,B+18.5,16,True,False,False,,-1,28.6526,4000
2026-06-27 07:06:22,112,B+4.5,24,True,False,False,,-1,28.5536,4000
2026-06-27 07:06:55,119,B+0.5,17,True,False,False,,-1,28.5761,4000
2026-06-27 07:07:09,55,B+1.5,7,True,False,False,,-1,28.4522,4000
2026-06-27 07:07:43,129,B+12.5,19,True,False,False,,-1,28.5124,4000
2026-06-27 07:08:08,97,W+1.5,9,True,False,False,,-1,28.5098,4000
2026-06-27 07:08:21,57,B+3.5,8,True,False,False,,-1,28.3441,4000
2026-06-27 07:08:49,105,B+4.5,14,True,False,False,,-1,28.3567,4000
2026-06-27 07:09:13,94,B+6.5,6,True,False,False,,-1,28.21,4000
2026-06-27 07:09:42,109,B+2.5,10,True,False,False,,-1,28.2262,4000
2026-06-27 07:10:24,148,B+8.5,26,True,False,False,,-1,28.2793,4000
2026-06-27 07:10:43,79,B+11.5,9,True,False,False,,-1,28.254,4000
2026-06-27 07:11:09,97,B+1.5,5,True,False,False,,-1,28.2231,4000
2026-06-27 07:11:46,133,W+0.5,25,True,False,False,,-1,28.2266,4000
2026-06-27 07:11:59,57,B+1.5,10,True,False,False,,-1,28.0617,4000
2026-06-27 07:12:29,114,W+0.5,10,True,False,False,,-1,28.0315,4000
2026-06-27 07:13:01,122,B+2.5,25,True,False,False,,-1,28.0671,4000
2026-06-27 07:13:33,125,B+3.5,21,True,False,False,,-1,28.0723,4000
2026-06-27 07:14:01,99,W+1.5,11,True,False,False,,-1,28.045,4000
2026-06-27 07:14:26,94,B+0.5,7,True,False,False,,-1,28.0286,4000
2026-06-27 07:14:53,97,W+3.5,7,True,False,False,,-1,28.1352,4000
2026-06-27 07:15:24,110,B+0.5,9,True,False,False,,-1,28.2037,4000
2026-06-27 07:15:54,109,B+2.5,13,True,False,False,,-1,28.3316,4000
2026-06-27 07:16:27,128,B+0.5,22,True,False,False,,-1,28.3008,4000
2026-06-27 07:16:51,87,W+5.5,3,True,False,False,,-1,28.3891,4000
2026-06-27 07:17:17,102,B+2.5,15,True,False,False,,-1,28.3336,4000
2026-06-27 07:17:45,106,B+3.5,16,True,False,False,,-1,28.303,4000
2026-06-27 07:18:17,114,B+1.5,20,True,False,False,,-1,28.3477,4000
2026-06-27 07:18:43,93,W+7.5,3,True,False,False,,-1,28.3362,4000
2026-06-27 07:19:15,114,B+0.5,15,True,False,False,,-1,28.3496,4000
2026-06-27 07:19:44,108,B+12.5,12,True,False,False,,-1,28.3665,4000
2026-06-27 07:20:05,85,B+6.5,13,True,False,False,,-1,28.2404,4000
2026-06-27 07:20:35,113,B+6.5,7,True,False,False,,-1,28.3395,4000
2026-06-27 07:21:13,162,B+5.5,28,True,False,False,,-1,28.4437,4000
2026-06-27 07:21:41,92,B+6.5,7,True,False,False,,-1,28.3927,4000
2026-06-27 07:22:09,104,B+0.5,17,True,False,False,,-1,28.3867,4000
2026-06-27 07:22:38,105,B+2.5,15,True,False,False,,-1,28.384,4000
2026-06-27 07:23:06,100,B+1.5,15,True,False,False,,-1,28.3263,4000
2026-06-27 07:23:41,131,W+4.5,17,True,False,False,,-1,28.38,4000
2026-06-27 07:24:11,103,W+3.5,10,True,False,False,,-1,28.4628,4000
2026-06-27 07:24:39,104,B+3.5,9,True,False,False,,-1,28.4967,4000
2026-06-27 07:25:07,97,B+9.5,10,True,False,False,,-1,28.3679,4000
2026-06-27 07:25:31,93,W+2.5,10,True,False,False,,-1,28.3472,4000
2026-06-27 07:26:05,118,B+0.5,12,True,False,False,,-1,28.3784,4000
2026-06-27 07:26:40,131,B+10.5,21,True,False,False,,-1,28.4397,4000
2026-06-27 07:27:04,97,W+2.5,9,True,False,False,,-1,28.3338,4000
2026-06-27 07:27:39,126,B+3.5,22,True,False,False,,-1,28.4297,4000
2026-06-27 07:28:06,98,B+5.5,5,True,False,False,,-1,28.5077,4000
2026-06-27 07:28:28,81,W+3.5,8,True,False,False,,-1,28.5617,4000
2026-06-27 07:28:54,100,W+0.5,7,True,False,False,,-1,28.57,4000
2026-06-27 07:29:18,94,W+9.5,5,True,False,False,,-1,28.538,4000
2026-06-27 07:29:49,112,B+1.5,10,True,False,False,,-1,28.5533,4000
2026-06-27 07:30:20,114,B+4.5,14,True,False,False,,-1,28.6522,4000
2026-06-27 07:30:50,111,B+0.5,15,True,False,False,,-1,28.5657,4000
2026-06-27 07:31:20,105,B+6.5,14,True,False,False,,-1,28.5512,4000
2026-06-27 07:31:36,57,B+1.5,10,True,False,False,,-1,28.3121,4000
2026-06-27 07:32:06,121,B+2.5,20,True,False,False,,-1,28.359,4000
2026-06-27 07:32:32,103,B+3.5,10,True,False,False,,-1,28.3285,4000
2026-06-27 07:33:09,130,B+15.5,20,True,False,False,,-1,28.3675,4000
2026-06-27 07:33:39,114,B+7.5,14,True,False,False,,-1,28.5148,4000
2026-06-27 07:34:24,154,W+0.5,30,True,False,False,,-1,28.7164,4000
2026-06-27 07:34:52,110,B+1.5,15,True,False,False,,-1,28.656,4000
2026-06-27 07:35:29,123,W+3.5,16,True,False,False,,-1,28.7374,4000
2026-06-27 07:36:00,113,W+2.5,15,True,False,False,,-1,28.7648,4000
2026-06-27 07:36:13,57,B+3.5,11,True,False,False,,-1,28.6137,4000
2026-06-27 07:36:52,137,B+0.5,22,True,False,False,,-1,28.7067,4000
2026-06-27 07:37:34,146,B+5.5,21,True,False,False,,-1,28.8324,4000
2026-06-27 07:37:50,63,B+6.5,6,True,False,False,,-1,28.6525,4000
2026-06-27 07:38:26,126,B+1.5,17,True,False,False,,-1,28.7229,4000
2026-06-27 07:39:03,120,B+3.5,18,True,False,False,,-1,28.7789,4000
2026-06-27 07:39:31,104,B+4.5,14,True,False,False,,-1,28.7383,4000
2026-06-27 07:40:11,146,B+1.5,25,True,False,False,,-1,28.8657,4000
2026-06-27 07:40:34,83,B+8.5,10,True,False,False,,-1,28.9396,4000
2026-06-27 07:41:00,104,B+8.5,24,True,False,False,,-1,28.9148,4000
2026-06-27 07:41:43,155,B+5.5,23,True,False,False,,-1,28.9438,4000
2026-06-27 07:42:17,121,W+1.5,13,True,False,False,,-1,29.005,4000
2026-06-27 07:42:31,55,B+0.5,5,True,False,False,,-1,29.001,4000
2026-06-27 07:43:04,122,B+2.5,21,True,False,False,,-1,28.9425,4000
2026-06-27 07:43:25,84,W+3.5,3,True,False,False,,-1,28.8469,4000
2026-06-27 07:43:51,95,B+5.5,8,True,False,False,,-1,28.8841,4000
2026-06-27 07:44:23,114,B+3.5,19,True,False,False,,-1,28.8453,4000
2026-06-27 07:44:49,100,B+6.5,18,True,False,False,,-1,28.8237,4000
2026-06-27 07:45:20,116,B+7.5,14,True,False,False,,-1,28.8697,4000
2026-06-27 07:45:53,126,B+7.5,27,True,False,False,,-1,28.9279,4000
2026-06-27 07:46:09,59,B+2.5,14,True,False,False,,-1,28.7322,4000
2026-06-27 07:46:45,126,B+0.5,16,True,False,False,,-1,28.7601,4000
2026-06-27 07:47:09,95,B+8.5,13,True,False,False,,-1,28.7778,4000
2026-06-27 07:47:34,90,B+2.5,4,True,False,False,,-1,28.6923,4000
2026-06-27 07:47:59,93,B+0.5,9,True,False,False,,-1,28.6779,4000
2026-06-27 07:48:28,102,B+3.5,7,True,False,False,,-1,28.6633,4000
2026-06-27 07:48:57,111,B+1.5,13,True,False,False,,-1,28.6035,4000
2026-06-27 07:49:34,132,B+5.5,27,True,False,False,,-1,28.6974,4000
2026-06-27 07:50:04,101,W+3.5,8,True,False,False,,-1,28.7042,4000
2026-06-27 07:50:34,112,W+6.5,10,True,False,False,,-1,28.8277,4000
2026-06-27 07:51:14,153,B+7.5,34,True,False,False,,-1,28.9441,4000
2026-06-27 07:51:39,98,B+2.5,6,True,False,False,,-1,28.9412,4000
2026-06-27 07:52:02,90,B+0.5,10,True,False,False,,-1,28.9236,4000
2026-06-27 07:52:35,162,W+8.5,33,True,False,False,,-1,28.9392,4000
2026-06-27 07:52:59,83,B+1.5,5,True,False,False,,-1,28.9026,4000
2026-06-27 07:53:35,129,W+2.5,19,True,False,False,,-1,28.9084,4000
2026-06-27 07:54:00,85,W+4.5,9,True,False,False,,-1,28.8497,4000
2026-06-27 07:54:24,91,B+0.5,7,True,False,False,,-1,28.8213,4000
2026-06-27 07:54:40,67,B+1.5,12,True,False,False,,-1,28.6499,4000
2026-06-27 07:55:16,130,B+1.5,18,True,False,False,,-1,28.8662,4000
2026-06-27 07:55:27,47,B+0.5,8,True,False,False,,-1,28.6359,4000
2026-06-27 07:56:00,109,B+5.5,12,True,False,False,,-1,28.7123,4000
2026-06-27 07:56:16,62,W+0.5,7,True,False,False,,-1,28.7428,4000
2026-06-27 07:56:30,59,B+2.5,11,True,False,False,,-1,28.6089,4000
2026-06-27 07:56:57,96,B+4.5,6,True,False,False,,-1,28.6306,4000
2026-06-27 07:57:43,155,B+4.5,27,True,False,False,,-1,28.8054,4000
2026-06-27 07:58:06,90,W+2.5,2,True,False,False,,-1,28.6258,4000
2026-06-27 07:58:39,118,B+3.5,19,True,False,False,,-1,28.7628,4000
2026-06-27 07:59:17,145,W+1.5,21,True,False,False,,-1,28.8744,4000
2026-06-27 07:59:42,102,B+6.5,21,True,False,False,,-1,28.7594,4000
2026-06-27 08:00:14,129,B+1.5,23,True,False,False,,-1,28.942,4000
2026-06-27 08:00:53,134,B+2.5,23,True,False,False,,-1,29.0404,4000
2026-06-27 08:01:22,110,B+2.5,18,True,False,False,,-1,29.008,4000
2026-06-27 08:01:59,132,B+13.5,21,True,False,False,,-1,29.0576,4000
2026-06-27 08:02:24,97,W+2.5,14,True,False,False,,-1,29.0276,4000
2026-06-27 08:02:57,108,B+5.5,15,True,False,False,,-1,29.1042,4000
2026-06-27 08:03:29,109,W+2.5,16,True,False,False,,-1,29.1567,4000
2026-06-27 08:03:43,55,B+4.5,7,True,False,False,,-1,28.9925,4000
2026-06-27 08:04:16,120,B+0.5,17,True,False,False,,-1,29.0184,4000
2026-06-27 08:04:43,103,W+5.5,13,True,False,False,,-1,28.9576,4000
2026-06-27 08:05:18,129,B+1.5,22,True,False,False,,-1,29.0716,4000
2026-06-27 08:05:41,87,B+8.5,10,True,False,False,,-1,29.0428,4000
2026-06-27 08:06:12,104,B+5.5,7,True,False,False,,-1,29.0676,4000
2026-06-27 08:06:41,105,B+5.5,5,True,False,False,,-1,29.0367,4000
2026-06-27 08:07:23,162,W+1.5,10,True,False,False,,-1,29.1944,4000
2026-06-27 08:07:52,105,W+2.5,17,True,False,False,,-1,29.1635,4000
2026-06-27 08:08:22,104,B+6.5,8,True,False,False,,-1,29.1764,4000
2026-06-27 08:08:50,103,B+9.5,14,True,False,False,,-1,29.2477,4000
2026-06-27 08:09:19,107,W+9.5,13,True,False,False,,-1,29.2302,4000
2026-06-27 08:09:44,99,W+10.5,17,True,False,False,,-1,29.105,4000
2026-06-27 08:10:18,123,B+4.5,17,True,False,False,,-1,29.1731,4000
2026-06-27 08:10:50,110,B+2.5,14,True,False,False,,-1,29.2074,4000
2026-06-27 08:11:30,162,B+4.5,27,True,False,False,,-1,29.3179,4000
2026-06-27 08:12:03,114,B+2.5,14,True,False,False,,-1,29.3702,4000
2026-06-27 08:12:33,110,B+1.5,18,True,False,False,,-1,29.3181,4000
2026-06-27 08:12:47,53,B+0.5,9,True,False,False,,-1,29.1665,4000
2026-06-27 08:13:18,115,W+4.5,15,True,False,False,,-1,29.1867,4000
2026-06-27 08:13:47,102,W+2.5,13,True,False,False,,-1,29.206,4000
2026-06-27 08:14:16,110,B+1.5,12,True,False,False,,-1,29.2552,4000
2026-06-27 08:14:42,103,B+2.5,16,True,False,False,,-1,29.1673,4000
2026-06-27 08:15:10,103,B+13.5,13,True,False,False,,-1,29.0977,4000
2026-06-27 08:15:39,99,W+5.5,14,True,False,False,,-1,29.1414,4000
2026-06-27 08:15:57,77,B+4.5,13,True,False,False,,-1,28.9755,4000
2026-06-27 08:16:23,93,W+4.5,5,True,False,False,,-1,28.9598,4000
2026-06-27 08:16:50,103,B+0.5,15,True,False,False,,-1,29.01,4000
2026-06-27 08:17:25,122,B+5.5,19,True,False,False,,-1,29.1054,4000
2026-06-27 08:17:54,111,W+2.5,14,True,False,False,,-1,29.1584,4000
2026-06-27 08:18:10,59,B+3.5,11,True,False,False,,-1,29.0064,4000
2026-06-27 08:18:46,136,W+3.5,27,True,False,False,,-1,29.0599,4000
2026-06-27 08:19:07,79,B+2.5,13,True,False,False,,-1,28.9746,4000
2026-06-27 08:19:31,94,W+3.5,12,True,False,False,,-1,28.91,4000
2026-06-27 08:19:48,55,B+0.5,7,True,False,False,,-1,28.9217,4000
2026-06-27 08:20:18,115,B+5.5,8,True,False,False,,-1,28.9175,4000
2026-06-27 08:20:43,89,B+7.5,13,True,False,False,,-1,28.9023,4000
2026-06-27 08:21:01,69,B+0.5,8,True,False,False,,-1,28.7202,4000
2026-06-27 08:21:29,107,B+0.5,9,True,False,False,,-1,28.6899,4000
2026-06-27 08:21:54,100,B+2.5,16,True,False,False,,-1,28.4984,4000
2026-06-27 08:22:22,100,B+13.5,10,True,False,False,,-1,28.4934,4000
2026-06-27 08:22:46,91,B+0.5,16,True,False,False,,-1,28.3717,4000
2026-06-27 08:23:28,147,B+2.5,22,True,False,False,,-1,28.4781,4000
2026-06-27 08:24:05,162,B+6.5,29,True,False,False,,-1,28.7157,4000
2026-06-27 08:24:43,141,B+1.5,25,True,False,False,,-1,28.7116,4000
2026-06-27 08:25:24,152,B+3.5,33,True,False,False,,-1,28.7006,4000
2026-06-27 08:26:02,130,B+3.5,20,True,False,False,,-1,28.915,4000
2026-06-27 08:26:39,134,W+4.5,19,True,False,False,,-1,28.9273,4000
2026-06-27 08:27:23,158,B+4.5,33,True,False,False,,-1,28.9966,4000
2026-06-27 08:27:54,120,B+1.5,12,True,False,False,,-1,29.0261,4000
2026-06-27 08:28:36,155,W+6.5,39,True,False,False,,-1,29.0426,4000
2026-06-27 08:28:59,89,B+2.5,3,True,False,False,,-1,29.0516,4000
2026-06-27 08:29:44,161,W+2.5,35,True,False,False,,-1,29.2382,4000
2026-06-27 08:30:09,97,B+3.5,19,True,False,False,,-1,29.0541,4000
2026-06-27 08:30:43,125,B+1.5,18,True,False,False,,-1,29.0604,4000
2026-06-27 08:31:13,109,B+1.5,23,True,False,False,,-1,29.2137,4000
2026-06-27 08:31:44,115,W+0.5,15,True,False,False,,-1,29.1984,4000
2026-06-27 08:32:10,102,B+5.5,16,True,False,False,,-1,29.2482,4000
2026-06-27 08:32:39,104,B+1.5,13,True,False,False,,-1,29.2756,4000
2026-06-27 08:33:16,135,B+1.5,20,True,False,False,,-1,29.3273,4000
2026-06-27 08:33:40,91,B+1.5,11,True,False,False,,-1,29.3076,4000
2026-06-27 08:34:15,124,B+11.5,12,True,False,False,,-1,29.3471,4000
2026-06-27 08:34:43,112,B+0.5,16,True,False,False,,-1,29.2904,4000
2026-06-27 08:35:14,110,B+8.5,17,True,False,False,,-1,29.4492,4000
2026-06-27 08:35:54,142,B+1.5,22,True,False,False,,-1,29.4804,4000
2026-06-27 08:36:32,132,B+10.5,27,True,False,False,,-1,29.6293,4000
2026-06-27 08:37:02,113,B+7.5,16,True,False,False,,-1,29.6821,4000
2026-06-27 08:37:31,109,B+1.5,12,True,False,False,,-1,29.7132,4000
2026-06-27 08:38:06,118,W+2.5,9,True,False,False,,-1,29.7752,4000
2026-06-27 08:38:35,106,B+4.5,17,True,False,False,,-1,29.7827,4000
2026-06-27 08:39:00,93,B+1.5,8,True,False,False,,-1,29.6617,4000
2026-06-27 08:39:39,140,B+1.5,29,True,False,False,,-1,29.7492,4000
2026-06-27 08:39:55,57,B+3.5,7,True,False,False,,-1,29.6072,4000
2026-06-27 08:40:26,118,B+2.5,11,True,False,False,,-1,29.5236,4000
2026-06-27 08:40:54,107,W+0.5,9,True,False,False,,-1,29.5422,4000
2026-06-27 08:41:19,94,B+1.5,5,True,False,False,,-1,29.5652,4000
2026-06-27 08:41:36,66,W+5.5,9,True,False,False,,-1,29.4034,4000
2026-06-27 08:42:02,89,B+3.5,5,True,False,False,,-1,29.4208,4000
2026-06-27 08:42:19,67,B+7.5,13,True,False,False,,-1,29.2319,4000
2026-06-27 08:42:46,111,B+2.5,22,True,False,False,,-1,29.2623,4000
2026-06-27 08:43:10,86,B+2.5,6,True,False,False,,-1,29.2527,4000
2026-06-27 08:43:38,107,W+8.5,10,True,False,False,,-1,29.3745,4000
2026-06-27 08:44:00,87,B+0.5,9,True,False,False,,-1,29.2452,4000
2026-06-27 08:44:30,106,B+6.5,7,True,False,False,,-1,29.426,4000
2026-06-27 08:44:48,65,B+4.5,4,True,False,False,,-1,29.2771,4000
2026-06-27 08:45:21,112,B+9.5,11,True,False,False,,-1,29.448,4000
2026-06-27 08:45:44,89,W+5.5,6,True,False,False,,-1,29.5427,4000
2026-06-27 08:46:16,117,B+4.5,25,True,False,False,,-1,29.5955,4000
2026-06-27 08:46:47,107,B+3.5,14,True,False,False,,-1,29.4391,4000
2026-06-27 08:47:14,97,W+2.5,8,True,False,False,,-1,29.4709,4000
2026-06-27 08:47:52,141,W+21.5,31,True,False,False,,-1,29.5214,4000
2026-06-27 08:48:21,109,B+10.5,14,True,False,False,,-1,29.4337,4000
2026-06-27 08:48:46,90,W+7.5,11,True,False,False,,-1,29.4356,4000
2026-06-27 08:49:21,123,W+1.5,16,True,False,False,,-1,29.472,4000
2026-06-27 08:50:00,150,W+8.5,25,True,False,False,,-1,29.4681,4000
2026-06-27 08:50:39,142,B+7.5,21,True,False,False,,-1,29.5665,4000
2026-06-27 08:51:12,125,B+5.5,19,True,False,False,,-1,29.5276,4000
2026-06-27 08:51:49,134,B+8.5,18,True,False,False,,-1,29.6501,4000
2026-06-27 08:52:17,105,B+1.5,20,True,False,False,,-1,29.6045,4000
2026-06-27 08:52:44,96,B+0.5,13,True,False,False,,-1,29.5489,4000
2026-06-27 08:53:23,162,W+0.5,35,True,False,False,,-1,29.7924,4000
2026-06-27 08:54:08,162,W+1.5,30,True,False,False,,-1,29.9207,4000
2026-06-27 08:54:35,103,B+4.5,11,True,False,False,,-1,29.9166,4000
2026-06-27 08:55:00,87,B+3.5,13,True,False,False,,-1,29.8121,4000
2026-06-27 08:55:26,93,W+2.5,13,True,False,False,,-1,29.8426,4000
2026-06-27 08:56:08,148,B+4.5,29,True,False,False,,-1,29.955,4000
2026-06-27 08:56:42,129,B+5.5,20,True,False,False,,-1,30.0133,4000
2026-06-27 08:57:07,103,W+9.5,14,True,False,False,,-1,29.8407,4000
2026-06-27 08:57:36,106,B+3.5,16,True,False,False,,-1,29.8383,4000
2026-06-27 08:58:00,95,B+7.5,6,True,False,False,,-1,29.7808,4000
2026-06-27 08:58:24,90,W+2.5,9,True,False,False,,-1,29.7442,4000
2026-06-27 08:58:47,85,B+0.5,8,True,False,False,,-1,29.6782,4000
2026-06-27 08:59:18,113,W+9.5,12,True,False,False,,-1,29.7345,4000
2026-06-27 08:59:45,95,B+4.5,7,True,False,False,,-1,29.6608,4000
2026-06-27 09:00:29,153,B+5.5,20,True,False,False,,-1,29.7902,4000
2026-06-27 09:01:02,124,B+1.5,24,True,False,False,,-1,29.717,4000
2026-06-27 09:01:37,131,B+1.5,18,True,False,False,,-1,29.7356,4000
2026-06-27 09:02:02,89,B+1.5,10,True,False,False,,-1,29.6908,4000
2026-06-27 09:02:26,96,B+11.5,13,True,False,False,,-1,29.7802,4000
2026-06-27 09:02:44,66,W+1.5,4,True,False,False,,-1,29.6575,4000
2026-06-27 09:03:11,99,B+6.5,14,True,False,False,,-1,29.6352,4000
2026-06-27 09:03:40,113,B+2.5,18,True,False,False,,-1,29.6381,4000
2026-06-27 09:04:19,162,B+3.5,28,True,False,False,,-1,29.7688,4000
2026-06-27 09:04:35,65,B+6.5,9,True,False,False,,-1,29.65,4000
2026-06-27 09:05:22,162,B+0.5,32,True,False,False,,-1,29.8319,4000
2026-06-27 09:05:37,61,B+0.5,7,True,False,False,,-1,29.8013,4000
2026-06-27 09:06:04,99,W+4.5,10,True,False,False,,-1,29.8099,4000
2026-06-27 09:06:34,111,B+8.5,9,True,False,False,,-1,29.842,4000
2026-06-27 09:06:56,92,W+4.5,15,True,False,False,,-1,29.706,4000
2026-06-27 09:07:25,108,B+0.5,23,True,False,False,,-1,29.7037,4000
2026-06-27 09:07:57,117,W+8.5,8,True,False,False,,-1,29.8637,4000
2026-06-27 09:08:41,162,B+9.5,33,True,False,False,,-1,29.9442,4000
2026-06-27 09:09:11,101,W+0.5,10,True,False,False,,-1,30.0318,4000
2026-06-27 09:09:34,91,B+6.5,10,True,False,False,,-1,30.0208,4000
2026-06-27 09:09:59,93,W+3.5,11,True,False,False,,-1,30.1057,4000
2026-06-27 09:10:15,75,B+6.5,15,True,False,False,,-1,29.9739,4000
2026-06-27 09:10:52,126,W+1.5,15,True,False,False,,-1,30.0883,4000
2026-06-27 09:11:23,110,B+1.5,15,True,False,False,,-1,30.219,4000
2026-06-27 09:12:05,151,B+2.5,33,True,False,False,,-1,30.3641,4000
2026-06-27 09:12:33,108,B+4.5,11,True,False,False,,-1,30.3839,4000
2026-06-27 09:13:08,124,B+3.5,21,True,False,False,,-1,30.4558,4000
2026-06-27 09:13:37,100,B+0.5,8,True,False,False,,-1,30.5038,4000
2026-06-27 09:14:05,103,B+0.5,4,True,False,False,,-1,30.3712,4000
2026-06-27 09:14:30,91,B+7.5,7,True,False,False,,-1,30.245,4000
2026-06-27 09:14:57,95,W+1.5,15,True,False,False,,-1,30.1313,4000
2026-06-27 09:15:25,106,B+2.5,16,True,False,False,,-1,30.0055,4000
2026-06-27 09:15:51,94,B+4.5,7,True,False,False,,-1,29.886,4000
2026-06-27 09:16:19,103,W+0.5,14,True,False,False,,-1,29.796,4000
2026-06-27 09:16:52,113,B+5.5,9,True,False,False,,-1,29.6922,4000
2026-06-27 09:17:25,121,W+0.5,11,True,False,False,,-1,29.7073,4000
