datetime,game_length,game_result,game_simulations,num_passes,is_resign_disabled,is_marked_for_resign,is_could_won,marked_resign_player,resign_threshold,time_per_game,training_steps
2026-06-26 19:56:10,136,B+35.5,28631,3,True,False,False,,-1,29.6712,0
2026-06-26 19:57:22,154,W+39.5,32375,2,True,False,False,,-1,50.466,0
2026-06-26 19:57:54,64,W+8.5,13655,2,True,False,False,,-1,44.4536,0
2026-06-26 19:58:57,162,B+42.5,34039,2,True,False,False,,-1,49.0285,0
2026-06-26 20:00:06,162,B+8.5,34039,0,True,False,False,,-1,53.0991,0
2026-06-26 20:00:56,115,B+21.5,24263,3,True,False,False,,-1,52.4877,0
2026-06-26 20:01:50,121,B+39.5,25511,2,True,False,False,,-1,52.7077,0
2026-06-26 20:03:01,162,W+38.5,34039,0,True,False,False,,-1,55.0631,0
2026-06-26 20:03:49,115,B+16.5,24263,3,True,False,False,,-1,54.2297,0
2026-06-26 20:04:49,162,B+42.5,34039,3,True,False,False,,-1,54.7964,0
2026-06-26 20:05:54,161,B+26.5,33831,5,True,False,False,,-1,55.7505,0
2026-06-26 20:07:04,162,W+45.5,34039,0,True,False,False,,-1,56.9434,0
2026-06-26 20:08:17,162,W+25.5,34039,0,True,False,False,,-1,58.1878,0
2026-06-26 20:09:30,162,B+16.5,34039,0,True,False,False,,-1,59.2318,0
2026-06-26 20:09:40,20,W+7.5,4503,2,True,False,False,,-1,55.9739,0
2026-06-26 20:09:57,32,W+6.5,6999,2,True,False,False,,-1,53.54,0
2026-06-26 20:10:57,154,W+27.5,32375,2,True,False,False,,-1,53.9031,0
2026-06-26 20:11:38,81,B+24.5,17191,2,True,False,False,,-1,53.1832,0
2026-06-26 20:12:46,162,W+40.5,34039,0,True,False,False,,-1,53.9472,0
2026-06-26 20:13:44,157,B+65.5,32999,2,True,False,False,,-1,54.148,0
2026-06-26 20:14:30,105,B+18.5,22183,3,True,False,False,,-1,53.7678,0
2026-06-26 20:15:44,162,B+33.5,34039,1,True,False,False,,-1,54.6896,0
2026-06-26 20:16:49,162,B+12.5,34039,1,True,False,False,,-1,55.123,0
2026-06-26 20:18:02,162,W+28.5,34039,0,True,False,False,,-1,55.8737,0
2026-06-26 20:19:04,159,B+59.5,33415,2,True,False,False,,-1,56.1337,0
2026-06-26 20:20:04,162,W+76.5,34039,0,True,False,False,,-1,56.2878,0
2026-06-26 20:21:13,162,W+61.5,34039,0,True,False,False,,-1,56.7529,0
2026-06-26 20:22:23,162,W+9.5,34039,0,True,False,False,,-1,57.229,0
2026-06-26 20:23:39,162,W+3.5,34039,0,True,False,False,,-1,57.8677,0
2026-06-26 20:24:35,159,B+56.5,33415,2,True,False,False,,-1,57.7928,0
2026-06-26 20:25:38,162,W+69.5,34039,0,True,False,False,,-1,57.9601,0
2026-06-26 20:26:41,162,B+52.5,34039,0,True,False,False,,-1,58.1197,0
2026-06-26 20:27:14,68,W+22.5,14487,2,True,False,False,,-1,57.3674,0
2026-06-26 20:28:23,162,B+24.5,34039,1,True,False,False,,-1,57.7211,0
2026-06-26 20:29:33,162,B+11.5,34039,0,True,False,False,,-1,58.0709,0
2026-06-26 20:30:31,162,W+26.5,34039,0,True,False,False,,-1,58.0657,0
2026-06-26 20:31:38,162,B+11.5,34039,0,True,False,False,,-1,58.292,0
2026-06-26 20:32:40,148,B+30.5,31127,2,True,False,False,,-1,58.4014,0
2026-06-26 20:33:34,149,B+42.5,31335,2,True,False,False,,-1,58.2858,0
2026-06-26 20:34:51,162,B+21.5,34039,0,True,False,False,,-1,58.7583,0
2026-06-26 20:35:30,78,W+12.5,16567,2,True,False,False,,-1,58.2653,0
2026-06-26 20:36:31,159,B+53.5,33415,2,True,False,False,,-1,58.3367,0
2026-06-26 20:37:35,162,W+27.5,34039,0,True,False,False,,-1,58.4751,0
2026-06-26 20:38:44,162,W+50.5,34039,1,True,False,False,,-1,58.7077,0
2026-06-26 20:39:13,58,W+7.5,12407,2,True,False,False,,-1,58.0422,0
2026-06-26 20:40:04,120,W+24.5,25303,2,True,False,False,,-1,57.8917,0
2026-06-26 20:41:08,162,B+35.5,34039,0,True,False,False,,-1,58.023,0
2026-06-26 20:42:19,162,B+38.5,34039,1,True,False,False,,-1,58.3042,0
2026-06-26 20:43:29,162,B+30.5,34039,0,True,False,False,,-1,58.53,0
2026-06-26 20:44:38,162,B+9.5,34039,0,True,False,False,,-1,58.7342,0
2026-06-26 20:45:42,162,W+59.5,34039,0,True,False,False,,-1,58.8534,0
2026-06-26 20:46:49,162,B+39.5,34039,0,True,False,False,,-1,59.006,0
2026-06-26 20:47:49,162,B+45.5,34039,0,True,False,False,,-1,59.0238,0
2026-06-26 20:48:05,28,W+7.5,6167,2,True,False,False,,-1,58.2214,0
2026-06-26 20:48:22,32,W+7.5,6999,2,True,False,False,,-1,57.4715,0
2026-06-26 20:49:31,162,B+21.5,34039,0,True,False,False,,-1,57.6829,0
2026-06-26 20:49:56,48,W+6.5,10327,2,True,False,False,,-1,57.1032,0
2026-06-26 20:51:02,162,B+21.5,34039,0,True,False,False,,-1,57.2633,0
2026-06-26 20:51:59,162,W+76.5,34039,0,True,False,False,,-1,57.2492,0
2026-06-26 20:53:05,162,W+22.5,34039,2,True,False,False,,-1,57.4096,0
2026-06-26 20:54:07,162,W+78.5,34039,0,True,False,False,,-1,57.4803,0
2026-06-26 20:55:09,162,B+50.5,34039,0,True,False,False,,-1,57.548,0
2026-06-26 20:56:19,162,W+30.5,34039,1,True,False,False,,-1,57.742,0
2026-06-26 20:57:16,151,B+51.5,31751,3,True,False,False,,-1,57.7286,0
2026-06-26 20:58:28,162,W+51.5,34039,0,True,False,False,,-1,57.9476,0
2026-06-26 20:59:33,162,W+66.5,34039,0,True,False,False,,-1,58.0548,0
2026-06-26 21:00:39,162,B+38.5,34039,2,True,False,False,,-1,58.1848,0
2026-06-26 21:01:47,162,W+44.5,34039,0,True,False,False,,-1,58.3255,0
2026-06-26 21:02:48,162,B+47.5,34039,0,True,False,False,,-1,58.3672,0
2026-06-26 21:03:55,162,B+8.5,34039,1,True,False,False,,-1,58.4799,0
2026-06-26 21:04:50,156,W+69.5,32791,2,True,False,False,,-1,58.4386,0
2026-06-26 21:05:43,153,B+49.5,32167,3,True,False,False,,-1,58.3581,0
2026-06-26 21:06:10,51,B+2.5,10951,2,True,False,False,,-1,57.937,0
2026-06-26 21:07:10,162,B+60.5,34039,0,True,False,False,,-1,57.966,0
2026-06-26 21:08:11,157,B+59.5,32999,3,True,False,False,,-1,57.9961,0
2026-06-26 21:09:25,162,B+11.5,34039,0,True,False,False,,-1,58.2064,0
2026-06-26 21:10:28,162,W+56.5,34039,0,True,False,False,,-1,58.2723,0
2026-06-26 21:11:25,162,W+17.5,34039,0,True,False,False,,-1,58.2624,0
2026-06-26 21:12:10,116,W+22.5,24471,2,True,False,False,,-1,58.0913,0
2026-06-26 21:13:19,162,B+8.5,34039,0,True,False,False,,-1,58.2308,0
2026-06-26 21:13:32,22,W+7.5,4919,2,True,False,False,,-1,57.6626,0
2026-06-26 21:14:33,162,W+38.5,34039,0,True,False,False,,-1,57.7039,0
2026-06-26 21:15:31,162,W+82.5,34039,0,True,False,False,,-1,57.7125,0
2026-06-26 21:16:36,162,W+40.5,34039,3,True,False,False,,-1,57.8015,0
2026-06-26 21:17:48,162,B+37.5,34039,1,True,False,False,,-1,57.9597,0
2026-06-26 21:18:51,162,B+45.5,34039,2,True,False,False,,-1,58.02,0
2026-06-26 21:19:10,36,W+11.5,7831,2,True,False,False,,-1,57.5759,0
2026-06-26 21:20:18,162,B+16.5,34039,1,True,False,False,,-1,57.6983,0
2026-06-26 21:21:24,162,B+14.5,34039,1,True,False,False,,-1,57.7843,0
2026-06-26 21:22:31,162,W+12.5,34039,0,True,False,False,,-1,57.8875,0
2026-06-26 21:23:37,162,W+63.5,34039,0,True,False,False,,-1,57.9745,0
2026-06-26 21:24:44,162,B+52.5,34039,0,True,False,False,,-1,58.0779,0
2026-06-26 21:25:52,162,W+39.5,34039,0,True,False,False,,-1,58.1778,0
2026-06-26 21:26:23,60,W+31.5,12823,2,True,False,False,,-1,57.8919,0
2026-06-26 21:27:07,118,W+13.5,24887,2,True,False,False,,-1,57.7482,0
2026-06-26 21:28:15,162,W+18.5,34039,1,True,False,False,,-1,57.8542,0
2026-06-26 21:29:16,162,B+45.5,34039,2,True,False,False,,-1,57.887,0
2026-06-26 21:30:24,162,W+1.5,34039,0,True,False,False,,-1,57.9939,0
2026-06-26 21:31:22,145,B+31.5,30503,2,True,False,False,,-1,57.9934,0
2026-06-26 21:32:16,134,W+51.5,28215,2,True,False,False,,-1,57.9524,0
2026-06-26 21:33:18,162,B+58.5,34039,0,True,False,False,,-1,58.2765,0
2026-06-26 21:34:31,159,B+21.5,33415,2,True,False,False,,-1,58.289,0
2026-06-26 21:35:36,162,B+25.5,34039,1,True,False,False,,-1,58.6176,0
2026-06-26 21:36:38,160,W+19.5,33623,2,True,False,False,,-1,58.6079,0
2026-06-26 21:37:01,42,W+5.5,9079,2,True,False,False,,-1,58.1409,0
2026-06-26 21:38:03,162,W+52.5,34039,0,True,False,False,,-1,58.2717,0
2026-06-26 21:39:01,148,W+51.5,31127,2,True,False,False,,-1,58.3089,0
2026-06-26 21:40:02,162,W+74.5,34039,0,True,False,False,,-1,58.2084,0
2026-06-26 21:41:08,162,W+41.5,34039,0,True,False,False,,-1,58.3843,0
2026-06-26 21:42:19,162,W+6.5,34039,0,True,False,False,,-1,58.5035,0
2026-06-26 21:43:14,162,W+77.5,34039,0,True,False,False,,-1,58.3957,0
2026-06-26 21:44:21,162,W+27.5,34039,0,True,False,False,,-1,58.3658,0
2026-06-26 21:45:18,127,B+12.5,26759,2,True,False,False,,-1,58.2041,0
2026-06-26 21:46:17,162,B+48.5,34039,0,True,False,False,,-1,58.068,0
2026-06-26 21:47:15,143,B+47.5,30087,3,True,False,False,,-1,58.5381,0
2026-06-26 21:48:19,162,W+29.5,34039,2,True,False,False,,-1,59.017,0
2026-06-26 21:49:19,157,B+59.5,32999,3,True,False,False,,-1,59.0106,0
2026-06-26 21:50:29,162,W+38.5,34039,0,True,False,False,,-1,59.3029,0
2026-06-26 21:51:35,162,B+27.5,34039,2,True,False,False,,-1,59.2874,0
2026-06-26 21:52:24,103,B+21.5,21767,2,True,False,False,,-1,59.1968,0
2026-06-26 21:53:25,159,B+59.5,33415,2,True,False,False,,-1,59.3467,0
2026-06-26 21:54:32,162,W+37.5,34039,0,True,False,False,,-1,59.2737,0
2026-06-26 21:55:40,162,W+5.5,34039,0,True,False,False,,-1,59.3072,0
2026-06-26 21:56:47,162,W+88.5,34039,0,True,False,False,,-1,59.2483,0
2026-06-26 21:57:55,162,W+40.5,34039,1,True,False,False,,-1,59.3055,0
2026-06-26 21:59:01,162,W+34.5,34039,1,True,False,False,,-1,59.3615,0
2026-06-26 22:00:02,156,W+70.5,32791,3,True,False,False,,-1,59.2797,0
2026-06-26 22:00:21,36,W+11.5,7831,2,True,False,False,,-1,58.7704,0
2026-06-26 22:01:27,162,B+16.5,34039,1,True,False,False,,-1,58.6761,0
2026-06-26 22:02:31,162,W+31.5,34039,5,True,False,False,,-1,58.7576,0
2026-06-26 22:03:28,159,B+56.5,33415,2,True,False,False,,-1,58.7035,0
2026-06-26 22:04:42,162,W+24.5,34039,0,True,False,False,,-1,58.8138,0
2026-06-26 22:05:48,162,W+48.5,34039,0,True,False,False,,-1,59.1387,0
2026-06-26 22:06:54,162,W+22.5,34039,1,True,False,False,,-1,59.0983,0
2026-06-26 22:08:02,162,W+27.5,34039,1,True,False,False,,-1,59.0862,0
2026-06-26 22:09:01,143,B+48.5,30087,3,True,False,False,,-1,59.0906,0
2026-06-26 22:09:57,162,W+73.5,34039,1,True,False,False,,-1,58.9903,0
2026-06-26 22:11:07,162,B+30.5,34039,0,True,False,False,,-1,59.0643,0
2026-06-26 22:12:14,162,W+33.5,34039,2,True,False,False,,-1,59.194,0
2026-06-26 22:13:22,162,B+44.5,34039,1,True,False,False,,-1,59.1064,0
2026-06-26 22:14:32,162,W+44.5,34039,0,True,False,False,,-1,59.4159,0
2026-06-26 22:15:10,90,W+4.5,19063,2,True,False,False,,-1,59.1819,0
2026-06-26 22:15:21,22,W+7.5,4919,2,True,False,False,,-1,58.6534,0
2026-06-26 22:16:14,162,B+69.5,34039,0,True,False,False,,-1,58.4948,0
2026-06-26 22:17:18,162,B+61.5,34039,0,True,False,False,,-1,58.8491,0
2026-06-26 22:18:17,162,B+51.5,34039,0,True,False,False,,-1,58.9231,0
2026-06-26 22:19:29,162,W+37.5,34039,0,True,False,False,,-1,59.0087,0
2026-06-26 22:20:01,62,W+25.5,13239,2,True,False,False,,-1,58.6091,0
2026-06-26 22:21:00,162,W+72.5,34039,0,True,False,False,,-1,58.5089,0
2026-06-26 22:22:00,162,B+52.5,34039,1,True,False,False,,-1,58.4223,0
2026-06-26 22:23:03,162,W+77.5,34039,0,True,False,False,,-1,58.3987,0
2026-06-26 22:24:02,162,B+56.5,34039,2,True,False,False,,-1,58.3252,0
2026-06-26 22:24:41,78,W+20.5,16567,2,True,False,False,,-1,58.1109,0
2026-06-26 22:25:38,154,W+72.5,32375,2,True,False,False,,-1,58.5266,0
2026-06-26 22:26:53,162,B+17.5,34039,0,True,False,False,,-1,59.106,0
2026-06-26 22:27:51,162,B+60.5,34039,0,True,False,False,,-1,58.9908,0
2026-06-26 22:28:51,162,W+73.5,34039,0,True,False,False,,-1,59.3474,0
2026-06-26 22:29:51,162,B+43.5,34039,2,True,False,False,,-1,59.279,0
2026-06-26 22:30:58,162,W+46.5,34039,4,True,False,False,,-1,59.3932,0
2026-06-26 22:31:13,26,W+7.5,5751,2,True,False,False,,-1,58.8697,0
2026-06-26 22:32:18,162,B+45.5,34039,0,True,False,False,,-1,58.9027,0
2026-06-26 22:33:19,151,B+39.5,31751,2,True,False,False,,-1,58.8957,0
2026-06-26 22:34:36,162,B+31.5,34039,0,True,False,False,,-1,58.9658,0
2026-06-26 22:35:46,162,B+37.5,34039,0,True,False,False,,-1,59.0949,0
2026-06-26 22:36:48,162,B+7.5,34039,1,True,False,False,,-1,59.0038,0
2026-06-26 22:37:40,120,W+44.5,25303,2,True,False,False,,-1,58.8697,0
2026-06-26 22:38:36,151,B+55.5,31751,2,True,False,False,,-1,58.7655,0
2026-06-26 22:38:47,22,W+5.5,4919,2,True,False,False,,-1,58.1975,0
2026-06-26 22:39:45,162,W+80.5,34039,0,True,False,False,,-1,58.1629,0
2026-06-26 22:40:50,162,W+31.5,34039,0,True,False,False,,-1,58.1536,0
2026-06-26 22:41:44,115,B+17.5,24263,2,True,False,False,,-1,58.1351,0
2026-06-26 22:42:48,162,W+62.5,34039,0,True,False,False,,-1,58.2434,0
2026-06-26 22:43:33,93,B+2.5,19687,2,True,False,False,,-1,58.4171,0
2026-06-26 22:44:31,162,B+55.5,34039,0,True,False,False,,-1,58.4037,0
2026-06-26 22:45:35,162,W+59.5,34039,0,True,False,False,,-1,58.4382,0
2026-06-26 22:46:48,162,B+27.5,34039,0,True,False,False,,-1,58.433,0
2026-06-26 22:47:31,111,B+12.5,23431,2,True,False,False,,-1,58.2213,0
2026-06-26 22:48:32,162,B+53.5,34039,0,True,False,False,,-1,58.2588,0
2026-06-26 22:49:44,162,W+33.5,34039,0,True,False,False,,-1,58.5323,0
2026-06-26 22:50:52,162,W+30.5,34039,0,True,False,False,,-1,58.5241,0
2026-06-26 22:51:57,162,B+41.5,34039,0,True,False,False,,-1,59.0475,0
2026-06-26 22:53:03,162,W+65.5,34039,0,True,False,False,,-1,59.0988,0
2026-06-26 22:54:08,162,B+53.5,34039,0,True,False,False,,-1,59.1637,0
2026-06-26 22:55:16,162,W+37.5,34039,0,True,False,False,,-1,59.195,0
2026-06-26 22:56:11,142,W+24.5,29879,2,True,False,False,,-1,59.0266,0
2026-06-26 22:57:20,162,W+46.5,34039,0,True,False,False,,-1,59.0883,0
2026-06-26 22:58:24,162,W+33.5,34039,0,True,False,False,,-1,59.5332,0
2026-06-26 22:59:15,116,W+22.5,24471,3,True,False,False,,-1,59.3634,0
2026-06-26 23:00:17,162,B+66.5,34039,0,True,False,False,,-1,59.3258,0
2026-06-26 23:01:08,137,B+43.5,28839,2,True,False,False,,-1,59.1645,0
2026-06-26 23:02:10,162,B+65.5,34039,0,True,False,False,,-1,59.1326,0
2026-06-26 23:02:35,50,W+10.5,10743,2,True,False,False,,-1,58.7078,0
2026-06-26 23:03:46,162,B+10.5,34039,0,True,False,False,,-1,58.7386,0
2026-06-26 23:04:12,50,W+8.5,10743,3,True,False,False,,-1,58.6907,0
2026-06-26 23:05:00,110,W+2.5,23223,2,True,False,False,,-1,58.7241,0
2026-06-26 23:05:55,131,B+28.5,27591,3,True,False,False,,-1,58.5896,0
2026-06-26 23:06:56,162,B+35.5,34039,3,True,False,False,,-1,58.5961,0
2026-06-26 23:08:01,162,W+26.5,34039,0,True,False,False,,-1,58.5651,0
2026-06-26 23:08:48,98,W+17.5,20727,3,True,False,False,,-1,58.4502,0
2026-06-26 23:09:55,162,B+50.5,34039,1,True,False,False,,-1,58.581,0
2026-06-26 23:10:57,162,B+47.5,34039,3,True,False,False,,-1,58.5846,0
2026-06-26 23:11:10,22,W+7.5,4919,2,True,False,False,,-1,57.9829,0
2026-06-26 23:12:11,162,B+51.5,34039,1,True,False,False,,-1,57.945,0
2026-06-26 23:13:10,158,W+56.5,33207,2,True,False,False,,-1,57.9195,0
2026-06-26 23:14:15,162,W+75.5,34039,0,True,False,False,,-1,58.3393,0
2026-06-26 23:15:00,118,W+30.5,24887,2,True,False,False,,-1,58.1619,0
2026-06-26 23:16:04,162,W+66.5,34039,0,True,False,False,,-1,58.221,0
2026-06-26 23:17:16,162,W+26.5,34039,0,True,False,False,,-1,58.3292,0
2026-06-26 23:17:40,46,W+5.5,9911,2,True,False,False,,-1,57.9211,0
2026-06-26 23:18:38,162,B+52.5,34039,0,True,False,False,,-1,57.7796,0
2026-06-26 23:19:40,155,B+61.5,32583,2,True,False,False,,-1,57.8507,0
2026-06-26 23:20:40,162,W+74.5,34039,0,True,False,False,,-1,57.7841,0
2026-06-26 23:21:46,162,W+54.5,34039,0,True,False,False,,-1,57.8786,0
2026-06-26 23:21:59,22,W+8.5,4919,2,True,False,False,,-1,57.4101,0
2026-06-26 23:23:08,162,B+16.5,34039,0,True,False,False,,-1,57.5335,0
2026-06-26 23:24:08,162,W+85.5,34039,1,True,False,False,,-1,57.4847,0
2026-06-26 23:25:08,159,B+60.5,33415,2,True,False,False,,-1,57.493,0
2026-06-26 23:26:17,162,W+37.5,34039,0,True,False,False,,-1,57.4728,0
2026-06-26 23:27:30,162,B+42.5,34039,1,True,False,False,,-1,57.5453,0
2026-06-26 23:28:42,162,W+2.5,34039,0,True,False,False,,-1,57.7767,0
2026-06-26 23:29:42,149,B+49.5,31335,2,True,False,False,,-1,57.768,0
2026-06-26 23:30:52,162,B+13.5,34039,1,True,False,False,,-1,57.8004,0
2026-06-26 23:31:59,162,W+60.5,34039,1,True,False,False,,-1,57.7923,0
2026-06-26 23:33:04,162,W+51.5,34039,0,True,False,False,,-1,57.7676,0
2026-06-26 23:33:46,100,W+24.5,21143,2,True,False,False,,-1,57.4998,0
2026-06-26 23:34:50,162,B+62.5,34039,0,True,False,False,,-1,57.4884,0
2026-06-26 23:35:55,162,B+60.5,34039,0,True,False,False,,-1,57.5266,0
2026-06-26 23:37:04,162,B+45.5,34039,0,True,False,False,,-1,58.0286,0
2026-06-26 23:38:17,162,B+14.5,34039,0,True,False,False,,-1,58.0992,0
2026-06-26 23:39:19,162,W+60.5,34039,0,True,False,False,,-1,58.0798,0
2026-06-26 23:40:23,162,W+78.5,34039,0,True,False,False,,-1,58.1444,0
2026-06-26 23:41:13,128,W+49.5,26967,2,True,False,False,,-1,57.8973,0
2026-06-26 23:41:26,24,W+9.5,5335,2,True,False,False,,-1,57.3724,0
2026-06-26 23:42:38,162,W+39.5,34039,0,True,False,False,,-1,57.4376,0
2026-06-26 23:43:25,129,B+25.5,27175,2,True,False,False,,-1,57.2243,0
2026-06-26 23:44:30,162,W+60.5,34039,1,True,False,False,,-1,57.2837,0
2026-06-26 23:45:41,162,B+39.5,34039,0,True,False,False,,-1,57.4322,0
2026-06-26 23:46:50,162,B+16.5,34039,1,True,False,False,,-1,57.4208,0
2026-06-26 23:48:01,162,W+22.5,34039,0,True,False,False,,-1,57.4665,0
2026-06-26 23:48:42,89,B+6.5,18855,2,True,False,False,,-1,57.1916,0
2026-06-26 23:49:56,162,B+10.5,34039,1,True,False,False,,-1,57.2346,0
2026-06-26 23:51:04,162,W+25.5,34039,1,True,False,False,,-1,57.5419,0
2026-06-26 23:52:10,162,B+7.5,34039,0,True,False,False,,-1,58.0863,0
2026-06-26 23:53:20,162,B+22.5,34039,0,True,False,False,,-1,58.253,0
2026-06-26 23:54:22,162,W+23.5,34039,1,True,False,False,,-1,58.2327,0
2026-06-26 23:55:23,161,B+63.5,33831,2,True,False,False,,-1,58.2553,0
2026-06-26 23:56:11,99,B+3.5,20935,2,True,False,False,,-1,58.0156,0
2026-06-26 23:57:01,128,W+21.5,26967,2,True,False,False,,-1,58.1941,0
2026-06-26 23:57:57,155,B+57.5,32583,3,True,False,False,,-1,58.1611,0
2026-06-26 23:58:59,162,B+57.5,34039,1,True,False,False,,-1,58.1816,0
2026-06-26 23:59:59,161,B+57.5,33831,2,True,False,False,,-1,58.1601,0
2026-06-27 00:01:03,162,W+75.5,34039,0,True,False,False,,-1,58.2083,0
2026-06-27 00:01:49,124,W+6.5,26135,2,True,False,False,,-1,58.2765,0
2026-06-27 00:02:34,113,B+9.5,23847,2,True,False,False,,-1,58.1587,0
2026-06-27 00:03:40,162,B+54.5,34039,0,True,False,False,,-1,58.0702,0
2026-06-27 00:04:00,36,W+7.5,7831,2,True,False,False,,-1,57.6923,0
2026-06-27 00:05:10,162,B+14.5,34039,4,True,False,False,,-1,57.7817,0
2026-06-27 00:06:14,162,B+56.5,34039,2,True,False,False,,-1,57.8282,0
2026-06-27 00:06:56,87,B+12.5,18439,2,True,False,False,,-1,57.572,0
2026-06-27 00:07:53,151,B+52.5,31751,2,True,False,False,,-1,57.9933,0
2026-06-27 00:08:54,162,B+51.5,34039,0,True,False,False,,-1,57.9595,0
2026-06-27 00:10:01,162,W+22.5,34039,0,True,False,False,,-1,58.0115,0
2026-06-27 00:11:01,162,B+42.5,34039,0,True,False,False,,-1,57.8445,0
2026-06-27 00:12:03,162,W+33.5,34039,0,True,False,False,,-1,57.766,0
2026-06-27 00:13:15,162,W+39.5,34039,0,True,False,False,,-1,57.864,0
2026-06-27 00:14:20,162,B+22.5,34039,0,True,False,False,,-1,57.9958,0
2026-06-27 00:15:27,162,B+15.5,34039,0,True,False,False,,-1,58.1062,0
2026-06-27 00:16:28,162,B+6.5,34039,1,True,False,False,,-1,58.6069,0
2026-06-27 00:17:32,162,B+57.5,34039,0,True,False,False,,-1,58.6657,0
2026-06-27 00:18:40,162,B+14.5,34039,0,True,False,False,,-1,58.6923,0
2026-06-27 00:19:48,162,B+9.5,34039,0,True,False,False,,-1,58.8371,0
2026-06-27 00:20:48,162,B+31.5,34039,0,True,False,False,,-1,58.8035,0
2026-06-27 00:21:52,153,B+5.5,32167,2,True,False,False,,-1,58.9899,0
2026-06-27 00:22:47,162,B+63.5,34039,2,True,False,False,,-1,58.9475,0
2026-06-27 00:23:40,151,B+59.5,31751,2,True,False,False,,-1,58.8472,0
2026-06-27 00:24:39,162,B+58.5,34039,0,True,False,False,,-1,58.6999,0
2026-06-27 00:25:26,97,B+15.5,20519,2,True,False,False,,-1,58.7535,0
2026-06-27 00:26:33,162,W+51.5,34039,0,True,False,False,,-1,58.8024,0
2026-06-27 00:27:36,162,W+75.5,34039,1,True,False,False,,-1,58.7116,0
2026-06-27 00:28:45,162,W+18.5,34039,0,True,False,False,,-1,58.723,0
2026-06-27 00:29:47,156,W+53.5,32791,2,True,False,False,,-1,58.6976,0
2026-06-27 00:30:54,162,W+27.5,34039,0,True,False,False,,-1,58.7082,0
2026-06-27 00:32:05,162,W+31.5,34039,0,True,False,False,,-1,58.7618,0
2026-06-27 00:32:47,103,B+1.5,21767,2,True,False,False,,-1,58.5049,0
2026-06-27 00:33:59,162,W+37.5,34039,0,True,False,False,,-1,58.6742,0
2026-06-27 00:35:03,162,W+3.5,34039,1,True,False,False,,-1,58.6234,0
2026-06-27 00:35:30,54,W+10.5,11575,3,True,False,False,,-1,58.259,0
2026-06-27 00:36:42,162,B+24.5,34039,0,True,False,False,,-1,58.4632,0
2026-06-27 00:37:56,162,B+20.5,34039,0,True,False,False,,-1,58.5821,0
2026-06-27 00:39:08,162,W+31.5,34039,0,True,False,False,,-1,58.7941,0
2026-06-27 00:39:47,82,W+0.5,17399,2,True,False,False,,-1,58.5575,0
2026-06-27 00:40:50,162,B+47.5,34039,0,True,False,False,,-1,58.9375,0
2026-06-27 00:41:49,162,W+35.5,34039,1,True,False,False,,-1,58.8272,0
2026-06-27 00:42:45,162,B+58.5,34039,0,True,False,False,,-1,59.1177,0
2026-06-27 00:43:48,162,B+11.5,34039,1,True,False,False,,-1,59.2763,0
2026-06-27 00:44:38,140,W+24.5,29463,2,True,False,False,,-1,59.2323,0
2026-06-27 00:44:49,20,W+7.5,4503,2,True,False,False,,-1,58.7259,0
2026-06-27 00:45:47,147,B+57.5,30919,2,True,False,False,,-1,58.6483,0
2026-06-27 00:46:57,162,W+26.5,34039,1,True,False,False,,-1,58.8875,0
2026-06-27 00:47:11,28,W+6.5,6167,3,True,False,False,,-1,58.3602,0
2026-06-27 00:48:18,162,W+68.5,34039,0,True,False,False,,-1,58.3969,0
2026-06-27 00:49:21,162,W+82.5,34039,1,True,False,False,,-1,58.9068,0
2026-06-27 00:50:26,162,W+56.5,34039,0,True,False,False,,-1,58.9414,0
2026-06-27 00:51:33,162,W+44.5,34039,0,True,False,False,,-1,59.0251,0
2026-06-27 00:52:39,153,W+44.5,32167,2,True,False,False,,-1,59.0358,0
2026-06-27 00:53:07,54,W+5.5,11575,2,True,False,False,,-1,58.863,0
2026-06-27 00:54:19,162,B+28.5,34039,0,True,False,False,,-1,58.9487,0
2026-06-27 00:54:42,44,W+6.5,9495,2,True,False,False,,-1,58.4593,0
2026-06-27 00:55:44,162,B+53.5,34039,0,True,False,False,,-1,58.8285,0
2026-06-27 00:56:58,162,W+33.5,34039,0,True,False,False,,-1,59.0005,0
2026-06-27 00:58:05,162,W+72.5,34039,0,True,False,False,,-1,59.0476,0
2026-06-27 00:59:04,155,B+53.5,32583,2,True,False,False,,-1,59.0358,0
2026-06-27 01:00:09,162,W+26.5,34039,0,True,False,False,,-1,59.0249,0
2026-06-27 01:00:20,20,W+7.5,4503,2,True,False,False,,-1,59.0092,0
2026-06-27 01:01:23,162,B+47.5,34039,0,True,False,False,,-1,58.9447,0
2026-06-27 01:02:16,162,B+2.5,34039,0,True,False,False,,-1,58.871,0
2026-06-27 01:03:15,143,W+60.5,30087,2,True,False,False,,-1,58.8595,0
2026-06-27 01:04:17,162,W+62.5,34039,0,True,False,False,,-1,58.8043,0
2026-06-27 01:05:28,162,W+54.5,34039,0,True,False,False,,-1,58.7783,0
2026-06-27 01:06:41,162,W+21.5,34039,0,True,False,False,,-1,58.7878,0
2026-06-27 01:07:13,66,W+1.5,14071,2,True,False,False,,-1,58.5024,0
2026-06-27 01:08:08,144,W+58.5,30295,2,True,False,False,,-1,58.3533,0
2026-06-27 01:09:10,162,W+45.5,34039,1,True,False,False,,-1,58.3035,0
2026-06-27 01:10:14,162,B+38.5,34039,0,True,False,False,,-1,58.293,0
2026-06-27 01:11:21,162,W+19.5,34039,0,True,False,False,,-1,58.5488,0
2026-06-27 01:11:59,77,B+13.5,16359,2,True,False,False,,-1,58.2847,0
2026-06-27 01:13:09,162,B+6.5,34039,1,True,False,False,,-1,58.3392,0
2026-06-27 01:14:19,162,W+27.5,34039,1,True,False,False,,-1,58.3467,0
2026-06-27 01:15:13,123,B+19.5,25927,2,True,False,False,,-1,58.1516,0
2026-06-27 01:16:19,162,B+14.5,34039,0,True,False,False,,-1,58.1931,0
2026-06-27 01:17:30,162,B+28.5,34039,0,True,False,False,,-1,58.2644,0
2026-06-27 01:18:36,152,W+23.5,31959,3,True,False,False,,-1,58.431,0
2026-06-27 01:19:40,162,B+26.5,34039,0,True,False,False,,-1,58.9392,0
2026-06-27 01:19:56,28,W+5.5,6167,2,True,False,False,,-1,58.3723,0
2026-06-27 01:21:00,162,W+80.5,34039,0,True,False,False,,-1,58.5382,0
2026-06-27 01:21:53,112,W+42.5,23639,2,True,False,False,,-1,58.4274,0
2026-06-27 01:22:05,22,W+7.5,4919,2,True,False,False,,-1,57.8332,0
2026-06-27 01:23:11,147,B+25.5,30919,2,True,False,False,,-1,57.8103,0
2026-06-27 01:24:16,162,W+24.5,34039,0,True,False,False,,-1,57.7502,0
2026-06-27 01:25:22,162,B+13.5,34039,0,True,False,False,,-1,57.9919,0
2026-06-27 01:26:25,162,B+50.5,34039,0,True,False,False,,-1,57.8928,0
2026-06-27 01:27:35,162,B+17.5,34039,0,True,False,False,,-1,57.9052,0
2026-06-27 01:28:41,157,B+12.5,32999,2,True,False,False,,-1,57.9038,0
2026-06-27 01:28:58,32,W+5.5,6999,2,True,False,False,,-1,57.3773,0
2026-06-27 01:29:55,162,W+63.5,34039,1,True,False,False,,-1,57.331,0
2026-06-27 01:31:03,162,W+36.5,34039,2,True,False,False,,-1,57.3979,0
2026-06-27 01:31:26,42,W+10.5,9079,2,True,False,False,,-1,57.1427,0
2026-06-27 01:32:19,133,B+18.5,28007,2,True,False,False,,-1,57.1753,0
2026-06-27 01:32:32,26,W+7.5,5751,2,True,False,False,,-1,56.7509,0
2026-06-27 01:33:29,162,B+56.5,34039,0,True,False,False,,-1,56.6929,0
2026-06-27 01:34:17,116,B+10.5,24471,2,True,False,False,,-1,56.5694,0
2026-06-27 01:34:57,102,W+19.5,21559,3,True,False,False,,-1,56.3268,0
2026-06-27 01:36:04,162,B+38.5,34039,3,True,False,False,,-1,56.5473,0
2026-06-27 01:37:13,162,W+48.5,34039,0,True,False,False,,-1,56.7847,0
2026-06-27 01:38:17,162,B+56.5,34039,1,True,False,False,,-1,56.7598,0
2026-06-27 01:39:26,162,B+16.5,34039,0,True,False,False,,-1,57.2547,0
2026-06-27 01:40:15,100,W+39.5,21143,2,True,False,False,,-1,57.0517,0
2026-06-27 01:41:18,162,B+49.5,34039,1,True,False,False,,-1,57.0349,0
2026-06-27 01:42:28,162,W+31.5,34039,0,True,False,False,,-1,57.3127,0
2026-06-27 01:43:40,162,W+20.5,34039,1,True,False,False,,-1,57.4634,0
2026-06-27 01:44:39,162,W+67.5,34039,0,True,False,False,,-1,57.444,0
2026-06-27 01:45:09,56,W+6.5,11991,3,True,False,False,,-1,57.0788,0
2026-06-27 01:46:10,162,B+53.5,34039,1,True,False,False,,-1,57.0888,0
2026-06-27 01:47:16,162,W+65.5,34039,0,True,False,False,,-1,57.127,0
2026-06-27 01:47:58,110,W+29.5,23223,3,True,False,False,,-1,56.822,0
2026-06-27 01:48:54,158,W+65.5,33207,2,True,False,False,,-1,56.7345,0
2026-06-27 01:49:48,115,B+28.5,24263,2,True,False,False,,-1,56.6041,0
2026-06-27 01:50:57,162,W+44.5,34039,0,True,False,False,,-1,56.6824,0
2026-06-27 01:51:58,162,B+53.5,34039,1,True,False,False,,-1,56.6532,0
2026-06-27 01:53:00,162,B+15.5,34039,1,True,False,False,,-1,56.5908,0
2026-06-27 01:53:53,123,B+23.5,25927,2,True,False,False,,-1,56.4401,0
2026-06-27 01:55:02,162,W+2.5,34039,0,True,False,False,,-1,56.5329,0
2026-06-27 01:56:05,158,W+68.5,33207,3,True,False,False,,-1,56.5251,0
2026-06-27 01:56:18,24,W+9.5,5335,2,True,False,False,,-1,56.1104,0
2026-06-27 01:57:31,162,B+32.5,34039,0,True,False,False,,-1,56.3014,0
2026-06-27 01:58:25,144,W+51.5,30295,2,True,False,False,,-1,56.2569,0
2026-06-27 01:59:17,140,W+58.5,29463,2,True,False,False,,-1,56.3005,0
2026-06-27 02:00:29,162,W+37.5,34039,0,True,False,False,,-1,56.3583,0
2026-06-27 02:01:01,64,W+2.5,13655,2,True,False,False,,-1,56.0526,0
2026-06-27 02:01:56,157,B+37.5,32999,2,True,False,False,,-1,55.9014,0
2026-06-27 02:03:10,162,B+17.5,34039,0,True,False,False,,-1,56.0273,0
2026-06-27 02:04:15,162,B+44.5,34039,0,True,False,False,,-1,56.0004,0
2026-06-27 02:05:23,162,W+85.5,34039,1,True,False,False,,-1,55.9836,0
2026-06-27 02:06:24,162,B+58.5,34039,0,True,False,False,,-1,56.1645,0
2026-06-27 02:07:34,162,W+56.5,34039,0,True,False,False,,-1,56.1439,0
2026-06-27 02:08:20,120,W+8.5,25303,2,True,False,False,,-1,55.9678,0
2026-06-27 02:08:43,42,W+6.5,9079,2,True,False,False,,-1,55.9263,0
2026-06-27 02:09:38,162,W+80.5,34039,0,True,False,False,,-1,55.7545,0
2026-06-27 02:09:57,36,W+6.5,7831,2,True,False,False,,-1,55.2085,0
2026-06-27 02:11:06,162,W+43.5,34039,0,True,False,False,,-1,55.1792,0
2026-06-27 02:12:10,162,W+53.5,34039,0,True,False,False,,-1,55.4262,0
2026-06-27 02:12:34,46,W+8.5,9911,2,True,False,False,,-1,55.0381,0
2026-06-27 02:13:44,162,B+38.5,34039,0,True,False,False,,-1,55.1472,0
2026-06-27 02:14:37,153,B+62.5,32167,2,True,False,False,,-1,55.1232,0
2026-06-27 02:14:51,28,W+11.5,6167,2,True,False,False,,-1,54.6268,0
2026-06-27 02:15:58,162,W+0.5,34039,0,True,False,False,,-1,54.7912,0
2026-06-27 02:17:04,162,B+43.5,34039,0,True,False,False,,-1,55.3438,0
2026-06-27 02:18:07,162,W+82.5,34039,0,True,False,False,,-1,55.4009,0
2026-06-27 02:19:03,150,W+75.5,31543,3,True,False,False,,-1,55.2533,0
2026-06-27 02:20:09,162,W+38.5,34039,0,True,False,False,,-1,55.7693,0
2026-06-27 02:21:19,162,W+53.5,34039,0,True,False,False,,-1,55.8099,0
2026-06-27 02:22:15,161,B+63.5,33831,2,True,False,False,,-1,55.7357,0
2026-06-27 02:23:10,147,B+55.5,30919,2,True,False,False,,-1,55.6322,0
2026-06-27 02:24:12,162,B+67.5,34039,0,True,False,False,,-1,55.5838,0
2026-06-27 02:25:17,162,B+40.5,34039,0,True,False,False,,-1,55.5721,0
2026-06-27 02:26:31,162,W+38.5,34039,1,True,False,False,,-1,56.0385,0
2026-06-27 02:27:35,162,W+39.5,34039,1,True,False,False,,-1,55.9541,0
2026-06-27 02:28:35,162,B+54.5,34039,1,True,False,False,,-1,56.3182,0
2026-06-27 02:29:46,162,B+0.5,34039,1,True,False,False,,-1,56.4203,0
2026-06-27 02:30:58,162,W+45.5,34039,0,True,False,False,,-1,56.3925,0
2026-06-27 02:32:04,162,W+44.5,34039,2,True,False,False,,-1,56.3917,0
2026-06-27 02:33:05,162,B+53.5,34039,0,True,False,False,,-1,56.4024,0
2026-06-27 02:34:04,162,B+56.5,34039,4,True,False,False,,-1,56.3437,0
2026-06-27 02:35:06,160,W+63.5,33623,2,True,False,False,,-1,56.853,0
2026-06-27 02:36:11,162,B+24.5,34039,0,True,False,False,,-1,56.8752,0
2026-06-27 02:37:12,141,B+38.5,29671,3,True,False,False,,-1,56.9523,0
2026-06-27 02:38:13,162,B+47.5,34039,1,True,False,False,,-1,56.9815,0
2026-06-27 02:39:30,162,W+10.5,34039,0,True,False,False,,-1,57.119,0
2026-06-27 02:40:42,162,W+43.5,34039,1,True,False,False,,-1,57.1293,0
2026-06-27 02:41:46,162,B+29.5,34039,0,True,False,False,,-1,57.0414,0
2026-06-27 02:42:57,162,W+24.5,34039,0,True,False,False,,-1,57.4319,0
2026-06-27 02:44:03,162,B+56.5,34039,0,True,False,False,,-1,57.5429,0
2026-06-27 02:45:11,162,B+13.5,34039,0,True,False,False,,-1,57.6002,0
2026-06-27 02:45:33,42,W+11.5,9079,2,True,False,False,,-1,57.1817,0
2026-06-27 02:46:35,162,W+53.5,34039,0,True,False,False,,-1,57.1373,0
2026-06-27 02:47:38,162,W+48.5,34039,4,True,False,False,,-1,57.3808,0
2026-06-27 02:48:43,162,B+18.5,34039,0,True,False,False,,-1,57.3334,0
2026-06-27 02:49:46,162,W+69.5,34039,1,True,False,False,,-1,57.2626,0
2026-06-27 02:50:02,28,W+7.5,6167,2,True,False,False,,-1,56.8808,0
2026-06-27 02:50:55,122,W+48.5,25719,3,True,False,False,,-1,56.7557,0
2026-06-27 02:51:55,162,B+60.5,34039,0,True,False,False,,-1,56.6387,0
2026-06-27 02:52:46,162,W+68.5,34039,0,True,False,False,,-1,56.4936,0
2026-06-27 02:53:54,162,B+49.5,34039,0,True,False,False,,-1,56.5317,0
2026-06-27 02:54:57,162,W+72.5,34039,1,True,False,False,,-1,57.0131,0
2026-06-27 02:56:04,162,B+21.5,34039,1,True,False,False,,-1,57.0445,0
2026-06-27 02:56:50,120,W+20.5,25303,3,True,False,False,,-1,56.9694,0
2026-06-27 02:57:54,162,B+31.5,34039,1,True,False,False,,-1,57.4937,0
2026-06-27 02:59:05,162,W+31.5,34039,1,True,False,False,,-1,57.5347,0
2026-06-27 03:00:17,162,B+26.5,34039,0,True,False,False,,-1,57.597,0
2026-06-27 03:01:11,123,B+31.5,25927,2,True,False,False,,-1,57.4938,0
2026-06-27 03:01:59,131,B+44.5,27591,2,True,False,False,,-1,57.3351,0
2026-06-27 03:03:01,162,W+88.5,34039,2,True,False,False,,-1,57.2512,0
2026-06-27 03:04:14,162,W+24.5,34039,0,True,False,False,,-1,57.3211,0
2026-06-27 03:04:58,131,B+14.5,27591,2,True,False,False,,-1,57.5985,0
2026-06-27 03:06:00,139,B+16.5,29255,2,True,False,False,,-1,57.6424,0
2026-06-27 03:07:02,162,W+81.5,34039,1,True,False,False,,-1,57.5838,0
2026-06-27 03:08:12,162,W+21.5,34039,1,True,False,False,,-1,58.053,0
2026-06-27 03:09:13,162,W+43.5,34039,0,True,False,False,,-1,58.135,0
2026-06-27 03:10:26,162,W+28.5,34039,0,True,False,False,,-1,58.732,0
2026-06-27 03:11:37,162,B+24.5,34039,0,True,False,False,,-1,58.8773,0
2026-06-27 03:12:45,162,W+32.5,34039,0,True,False,False,,-1,59.0753,0
2026-06-27 03:13:52,162,W+51.5,34039,0,True,False,False,,-1,59.3527,0
2026-06-27 03:14:54,162,B+68.5,34039,0,True,False,False,,-1,59.2965,0
2026-06-27 03:16:05,162,W+43.5,34039,1,True,False,False,,-1,59.3135,0
2026-06-27 03:17:06,162,W+73.5,34039,0,True,False,False,,-1,59.2827,0
2026-06-27 03:18:14,162,B+41.5,34039,0,True,False,False,,-1,59.2708,0
2026-06-27 03:18:54,105,B+12.5,22183,2,True,False,False,,-1,59.1821,0
2026-06-27 03:20:01,162,B+28.5,34039,0,True,False,False,,-1,59.2279,0
2026-06-27 03:21:17,162,B+33.5,34039,0,True,False,False,,-1,59.2859,0
2026-06-27 03:22:25,162,W+9.5,34039,0,True,False,False,,-1,59.2447,0
2026-06-27 03:23:32,162,B+29.5,34039,0,True,False,False,,-1,59.3179,0
2026-06-27 03:24:21,121,B+20.5,25511,2,True,False,False,,-1,59.5187,0
2026-06-27 03:25:26,162,W+34.5,34039,1,True,False,False,,-1,59.5587,0
2026-06-27 03:26:30,162,W+5.5,34039,3,True,False,False,,-1,59.5421,0
2026-06-27 03:27:20,128,W+3.5,26967,2,True,False,False,,-1,59.6162,0
2026-06-27 03:28:28,162,B+45.5,34039,0,True,False,False,,-1,59.7304,0
2026-06-27 03:29:35,162,W+10.5,34039,0,True,False,False,,-1,59.8625,0
2026-06-27 03:30:41,162,B+19.5,34039,0,True,False,False,,-1,59.8334,0
2026-06-27 03:31:31,136,B+9.5,28631,2,True,False,False,,-1,59.7306,0
2026-06-27 03:32:41,162,W+24.5,34039,0,True,False,False,,-1,59.8078,0
2026-06-27 03:33:45,162,B+57.5,34039,0,True,False,False,,-1,59.9165,0
2026-06-27 03:34:45,162,W+71.5,34039,0,True,False,False,,-1,59.8226,0
2026-06-27 03:35:43,162,W+76.5,34039,0,True,False,False,,-1,59.7794,0
2026-06-27 03:36:06,42,W+7.5,9079,2,True,False,False,,-1,59.8707,0
2026-06-27 03:37:10,162,W+66.5,34039,0,True,False,False,,-1,59.7856,0
2026-06-27 03:38:17,162,W+58.5,34039,0,True,False,False,,-1,59.9152,0
2026-06-27 03:39:23,162,W+28.5,34039,0,True,False,False,,-1,60.0554,0
2026-06-27 03:40:27,162,W+32.5,34039,1,True,False,False,,-1,59.9725,0
2026-06-27 03:41:30,162,W+28.5,34039,2,True,False,False,,-1,60.2798,0
2026-06-27 03:42:35,148,W+33.5,31127,2,True,False,False,,-1,60.3849,0
2026-06-27 03:43:25,125,B+31.5,26343,2,True,False,False,,-1,60.1452,0
2026-06-27 03:44:26,153,B+50.5,32167,2,True,False,False,,-1,60.1095,0
2026-06-27 03:45:01,71,B+5.5,15111,2,True,False,False,,-1,59.7748,0
2026-06-27 03:45:34,66,W+12.5,14071,2,True,False,False,,-1,59.4918,0
2026-06-27 03:46:28,144,W+68.5,30295,2,True,False,False,,-1,59.3415,0
2026-06-27 03:47:34,162,B+22.5,34039,0,True,False,False,,-1,59.5312,0
2026-06-27 03:48:26,143,B+41.5,30087,2,True,False,False,,-1,59.8235,0
2026-06-27 03:49:36,162,B+15.5,34039,0,True,False,False,,-1,59.9746,0
2026-06-27 03:49:54,34,W+7.5,7415,2,True,False,False,,-1,59.9681,0
2026-06-27 03:50:44,110,W+30.5,23223,2,True,False,False,,-1,59.7719,0
2026-06-27 03:51:42,151,B+51.5,31751,2,True,False,False,,-1,59.7182,0
2026-06-27 03:51:56,26,W+6.5,5751,2,True,False,False,,-1,59.617,0
2026-06-27 03:52:07,20,W+7.5,4503,2,True,False,False,,-1,59.0217,0
2026-06-27 03:53:22,162,W+10.5,34039,0,True,False,False,,-1,59.2416,0
2026-06-27 03:54:27,162,W+34.5,34039,0,True,False,False,,-1,59.7543,0
2026-06-27 03:55:36,162,W+29.5,34039,0,True,False,False,,-1,59.7759,0
2026-06-27 03:56:47,162,W+40.5,34039,0,True,False,False,,-1,59.8211,0
2026-06-27 03:57:54,162,B+35.5,34039,0,True,False,False,,-1,59.8595,0
2026-06-27 03:58:57,162,B+0.5,34039,0,True,False,False,,-1,59.9381,0
2026-06-27 04:00:01,162,B+8.5,34039,0,True,False,False,,-1,59.9132,0
2026-06-27 04:01:06,162,B+4.5,34039,0,True,False,False,,-1,59.8656,0
2026-06-27 04:02:13,162,W+66.5,34039,0,True,False,False,,-1,59.9805,0
2026-06-27 04:02:34,39,B+0.5,8455,2,True,False,False,,-1,59.6383,0
2026-06-27 04:03:42,162,W+22.5,34039,0,True,False,False,,-1,59.6905,0
2026-06-27 04:04:49,162,B+15.5,34039,0,True,False,False,,-1,59.7139,0
2026-06-27 04:05:53,162,B+42.5,34039,0,True,False,False,,-1,59.6154,0
2026-06-27 04:06:57,162,W+39.5,34039,1,True,False,False,,-1,59.6193,0
2026-06-27 04:08:07,162,W+51.5,34039,0,True,False,False,,-1,59.7165,0
2026-06-27 04:09:18,162,B+18.5,34039,0,True,False,False,,-1,59.7133,0
2026-06-27 04:10:12,148,W+64.5,31127,3,True,False,False,,-1,59.5329,0
2026-06-27 04:11:12,162,W+75.5,34039,0,True,False,False,,-1,59.4659,0
2026-06-27 04:12:20,162,B+18.5,34039,2,True,False,False,,-1,59.5493,0
2026-06-27 04:13:33,162,B+11.5,34039,0,True,False,False,,-1,59.679,0
2026-06-27 04:14:23,116,W+47.5,24471,3,True,False,False,,-1,59.5702,0
2026-06-27 04:15:29,162,B+55.5,34039,1,True,False,False,,-1,59.5687,0
2026-06-27 04:16:32,162,B+15.5,34039,0,True,False,False,,-1,59.6006,0
2026-06-27 04:17:16,98,W+0.5,20727,2,True,False,False,,-1,59.4249,0
2026-06-27 04:18:28,162,W+18.5,34039,1,True,False,False,,-1,59.3782,0
2026-06-27 04:19:34,162,B+60.5,34039,1,True,False,False,,-1,59.3136,0
2026-06-27 04:20:28,131,B+16.5,27591,2,True,False,False,,-1,59.2204,0
2026-06-27 04:21:32,162,W+35.5,34039,4,True,False,False,,-1,59.1524,0
2026-06-27 04:22:26,136,W+47.5,28631,2,True,False,False,,-1,59.0216,0
2026-06-27 04:23:20,159,B+51.5,33415,4,True,False,False,,-1,58.8911,0
2026-06-27 04:24:30,162,W+37.5,34039,0,True,False,False,,-1,59.3692,0
2026-06-27 04:25:33,150,W+26.5,31543,3,True,False,False,,-1,59.374,0
2026-06-27 04:26:20,112,W+21.5,23639,2,True,False,False,,-1,59.2177,0
2026-06-27 04:27:29,162,W+49.5,34039,1,True,False,False,,-1,59.259,0
2026-06-27 04:28:43,162,W+32.5,34039,0,True,False,False,,-1,59.3697,0
2026-06-27 04:29:41,162,W+79.5,34039,0,True,False,False,,-1,59.7918,0
2026-06-27 04:33:45,135,W+1.5,28196,29,True,False,False,,-1,59.8331,1000
2026-06-27 04:34:43,147,W+0.5,30692,30,True,False,False,,-1,59.8945,1000
2026-06-27 04:35:50,155,W+2.5,32356,32,True,False,False,,-1,59.8861,1000
2026-06-27 04:36:55,148,B+1.5,30900,26,True,False,False,,-1,59.9021,1000
2026-06-27 04:37:59,162,B+3.5,33812,26,True,False,False,,-1,59.869,1000
2026-06-27 04:39:00,162,B+6.5,33812,35,True,False,False,,-1,60.0251,1000
2026-06-27 04:40:06,162,B+5.5,33812,22,True,False,False,,-1,60.0457,1000
2026-06-27 04:41:09,148,B+1.5,30900,25,True,False,False,,-1,59.9643,1000
2026-06-27 04:42:05,161,W+5.5,33604,37,True,False,False,,-1,59.8148,1000
2026-06-27 04:43:10,147,W+1.5,30692,25,True,False,False,,-1,59.9107,1000
2026-06-27 04:44:16,162,B+18.5,33812,32,True,False,False,,-1,60.093,1000
2026-06-27 04:45:16,137,W+0.5,28612,20,True,False,False,,-1,60.0814,1000
2026-06-27 04:46:15,128,B+1.5,26740,18,True,False,False,,-1,59.9429,1000
2026-06-27 04:47:10,134,B+2.5,27988,24,True,False,False,,-1,60.0419,1000
2026-06-27 04:48:16,161,W+6.5,33604,33,True,False,False,,-1,60.0826,1000
2026-06-27 04:49:12,126,B+0.5,26324,19,True,False,False,,-1,60.0335,1000
2026-06-27 04:50:09,132,B+0.5,27572,25,True,False,False,,-1,59.8939,1000
2026-06-27 04:51:13,153,W+14.5,31940,31,True,False,False,,-1,59.9288,1000
2026-06-27 04:52:05,119,W+0.5,24868,25,True,False,False,,-1,59.7209,1000
2026-06-27 04:53:05,136,B+1.5,28404,23,True,False,False,,-1,59.6075,1000
2026-06-27 04:54:10,162,W+27.5,33812,32,True,False,False,,-1,59.5768,1000
2026-06-27 04:55:00,102,B+1.5,21332,14,True,False,False,,-1,59.398,1000
2026-06-27 04:55:48,110,B+1.5,22996,16,True,False,False,,-1,59.2683,1000
2026-06-27 04:56:33,96,B+2.5,20084,12,True,False,False,,-1,59.011,1000
2026-06-27 04:57:27,123,W+1.5,25700,20,True,False,False,,-1,58.9392,1000
2026-06-27 04:58:33,162,B+8.5,33812,17,True,False,False,,-1,58.9145,1000
2026-06-27 04:59:36,161,W+2.5,33604,29,True,False,False,,-1,59.1437,1000
2026-06-27 05:00:33,140,B+0.5,29236,26,True,False,False,,-1,59.0498,1000
2026-06-27 05:01:28,126,B+1.5,26324,21,True,False,False,,-1,58.8425,1000
2026-06-27 05:02:30,143,W+2.5,29860,27,True,False,False,,-1,58.7818,1000
2026-06-27 05:03:31,143,W+0.5,29860,34,True,False,False,,-1,58.7238,1000
2026-06-27 05:04:40,162,B+13.5,33812,35,True,False,False,,-1,58.9122,1000
2026-06-27 05:05:30,115,W+0.5,24036,19,True,False,False,,-1,58.7617,1000
2026-06-27 05:06:27,130,B+0.5,27156,21,True,False,False,,-1,58.693,1000
2026-06-27 05:07:27,149,W+2.5,31108,33,True,False,False,,-1,58.7958,1000
2026-06-27 05:08:28,141,W+2.5,29444,19,True,False,False,,-1,58.729,1000
2026-06-27 05:09:31,147,W+0.5,30692,21,True,False,False,,-1,58.6874,1000
2026-06-27 05:10:21,118,B+0.5,24660,22,True,False,False,,-1,58.5253,1000
2026-06-27 05:11:17,128,B+2.5,26740,18,True,False,False,,-1,58.5827,1000
2026-06-27 05:12:08,113,W+1.5,23620,19,True,False,False,,-1,58.3932,1000
2026-06-27 05:13:09,151,W+3.5,31524,27,True,False,False,,-1,58.3709,1000
2026-06-27 05:14:13,160,B+5.5,33396,28,True,False,False,,-1,58.4111,1000
2026-06-27 05:15:09,133,W+2.5,27780,25,True,False,False,,-1,58.3851,1000
2026-06-27 05:16:02,121,W+7.5,25284,16,True,False,False,,-1,58.6932,1000
2026-06-27 05:16:52,106,B+0.5,22164,10,True,False,False,,-1,58.546,1000
2026-06-27 05:17:44,115,W+3.5,24036,18,True,False,False,,-1,58.3964,1000
2026-06-27 05:18:47,144,B+1.5,30068,23,True,False,False,,-1,58.3707,1000
2026-06-27 05:19:57,162,B+16.5,33812,32,True,False,False,,-1,58.4312,1000
2026-06-27 05:20:57,151,B+0.5,31524,30,True,False,False,,-1,58.3951,1000
2026-06-27 05:22:03,162,B+4.5,33812,30,True,False,False,,-1,58.4105,1000
2026-06-27 05:23:08,161,W+5.5,33604,31,True,False,False,,-1,58.5559,1000
2026-06-27 05:24:01,117,W+2.5,24452,16,True,False,False,,-1,58.476,1000
2026-06-27 05:25:07,162,B+11.5,33812,30,True,False,False,,-1,58.7843,1000
2026-06-27 05:25:54,98,B+3.5,20500,14,True,False,False,,-1,58.9256,1000
2026-06-27 05:26:48,137,W+3.5,28612,30,True,False,False,,-1,58.9304,1000
2026-06-27 05:27:48,130,B+0.5,27156,19,True,False,False,,-1,58.8743,1000
2026-06-27 05:28:43,132,B+0.5,27572,27,True,False,False,,-1,58.894,1000
2026-06-27 05:29:43,126,B+4.5,26324,24,True,False,False,,-1,58.7923,1000
2026-06-27 05:30:37,114,B+0.5,23828,14,True,False,False,,-1,59.1571,1000
2026-06-27 05:31:43,149,W+3.5,31108,25,True,False,False,,-1,59.3218,1000
2026-06-27 05:32:39,123,W+0.5,25700,23,True,False,False,,-1,59.2927,1000
2026-06-27 05:33:33,124,B+5.5,25908,21,True,False,False,,-1,59.695,1000
2026-06-27 05:34:28,131,W+6.5,27364,28,True,False,False,,-1,60.1382,1000
2026-06-27 05:35:30,161,W+9.5,33604,31,True,False,False,,-1,60.0061,1000
2026-06-27 05:36:37,160,B+6.5,33396,32,True,False,False,,-1,60.0258,1000
2026-06-27 05:37:29,112,B+1.5,23412,11,True,False,False,,-1,59.8591,1000
2026-06-27 05:38:32,161,W+8.5,33604,35,True,False,False,,-1,59.7758,1000
2026-06-27 05:39:24,114,W+46.5,23828,12,True,False,False,,-1,59.6328,1000
2026-06-27 05:40:22,136,B+0.5,28404,16,True,False,False,,-1,59.5771,1000
2026-06-27 05:41:07,100,B+1.5,20916,16,True,False,False,,-1,59.3939,1000
2026-06-27 05:42:10,161,W+2.5,33604,25,True,False,False,,-1,59.365,1000
2026-06-27 05:42:59,116,B+2.5,24244,18,True,False,False,,-1,59.1871,1000
2026-06-27 05:43:55,121,B+2.5,25284,19,True,False,False,,-1,59.5341,1000
2026-06-27 05:44:54,147,W+0.5,30692,28,True,False,False,,-1,59.4523,1000
2026-06-27 05:45:54,155,B+5.5,32356,32,True,False,False,,-1,59.3831,1000
2026-06-27 05:47:02,161,W+6.5,33604,32,True,False,False,,-1,59.4188,1000
2026-06-27 05:47:59,129,W+1.5,26948,22,True,False,False,,-1,59.3463,1000
2026-06-27 05:48:53,133,W+0.5,27780,15,True,False,False,,-1,59.1886,1000
2026-06-27 05:49:55,161,W+4.5,33604,35,True,False,False,,-1,59.1015,1000
2026-06-27 05:50:44,118,W+0.5,24660,24,True,False,False,,-1,59.0502,1000
2026-06-27 05:51:46,161,B+7.5,33604,35,True,False,False,,-1,59.0726,1000
2026-06-27 05:52:32,98,B+2.5,20500,13,True,False,False,,-1,58.8438,1000
2026-06-27 05:53:32,136,B+1.5,28404,13,True,False,False,,-1,58.7168,1000
2026-06-27 05:54:17,98,B+1.5,20500,17,True,False,False,,-1,58.666,1000
2026-06-27 05:55:14,147,W+2.5,30692,36,True,False,False,,-1,58.5847,1000
2026-06-27 05:56:03,112,B+1.5,23412,18,True,False,False,,-1,58.4358,1000
2026-06-27 05:57:03,144,B+3.5,30068,33,True,False,False,,-1,58.5923,1000
2026-06-27 05:57:52,110,B+1.5,22996,19,True,False,False,,-1,58.3672,1000
2026-06-27 05:58:49,140,B+1.5,29236,19,True,False,False,,-1,58.2854,1000
2026-06-27 05:59:39,108,B+3.5,22580,14,True,False,False,,-1,58.2326,1000
2026-06-27 06:00:29,118,B+0.5,24660,15,True,False,False,,-1,58.0979,1000
2026-06-27 06:01:31,155,W+0.5,32356,36,True,False,False,,-1,58.1784,1000
2026-06-27 06:02:38,162,W+2.5,33812,33,True,False,False,,-1,58.3047,1000
2026-06-27 06:03:29,115,W+0.5,24036,18,True,False,False,,-1,58.1132,1000
2026-06-27 06:04:23,121,W+3.5,25284,11,True,False,False,,-1,58.0251,1000
2026-06-27 06:05:15,120,B+0.5,25076,20,True,False,False,,-1,58.0757,1000
2026-06-27 06:06:08,114,B+0.5,23828,15,True,False,False,,-1,57.9186,1000
2026-06-27 06:07:17,162,W+0.5,33812,33,True,False,False,,-1,57.8648,1000
2026-06-27 06:08:03,107,W+6.5,22372,16,True,False,False,,-1,57.7494,1000
2026-06-27 06:08:51,105,B+37.5,21956,11,True,False,False,,-1,57.6398,1000
2026-06-27 06:09:51,140,B+1.5,29236,17,True,False,False,,-1,57.6553,1000
2026-06-27 06:10:54,161,B+1.5,33604,34,True,False,False,,-1,57.7038,1000
2026-06-27 06:11:49,137,W+0.5,28612,33,True,False,False,,-1,57.5818,1000
2026-06-27 06:12:51,161,W+1.5,33604,34,True,False,False,,-1,57.5596,1000
2026-06-27 06:13:53,161,W+2.5,33604,36,True,False,False,,-1,57.5427,1000
2026-06-27 06:14:43,115,W+1.5,24036,18,True,False,False,,-1,57.4228,1000
2026-06-27 06:15:38,136,B+0.5,28404,22,True,False,False,,-1,57.3124,1000
2026-06-27 06:16:30,127,W+2.5,26532,25,True,False,False,,-1,57.2074,1000
2026-06-27 06:17:26,134,B+1.5,27988,16,True,False,False,,-1,57.1977,1000
2026-06-27 06:18:24,151,B+35.5,31524,28,True,False,False,,-1,57.1371,1000
2026-06-27 06:19:10,103,W+0.5,21540,15,True,False,False,,-1,56.9324,1000
2026-06-27 06:20:00,115,W+2.5,24036,15,True,False,False,,-1,56.8279,1000
2026-06-27 06:20:49,113,W+1.5,23620,15,True,False,False,,-1,56.7309,1000
2026-06-27 06:21:37,111,W+0.5,23204,18,True,False,False,,-1,56.6712,1000
2026-06-27 06:22:25,110,B+1.5,22996,19,True,False,False,,-1,56.4929,1000
2026-06-27 06:23:24,128,B+0.5,26740,16,True,False,False,,-1,56.5066,1000
2026-06-27 06:24:11,117,W+7.5,24452,16,True,False,False,,-1,56.4175,1000
2026-06-27 06:25:04,117,W+0.5,24452,16,True,False,False,,-1,56.3115,1000
2026-06-27 06:25:54,100,B+0.5,20916,12,True,False,False,,-1,56.2798,1000
2026-06-27 06:26:47,120,B+3.5,25076,17,True,False,False,,-1,56.215,1000
2026-06-27 06:27:38,109,W+1.5,22788,15,True,False,False,,-1,56.0787,1000
2026-06-27 06:28:37,134,B+1.5,27988,22,True,False,False,,-1,56.1656,1000
2026-06-27 06:29:41,150,B+2.5,31316,29,True,False,False,,-1,56.3208,1000
2026-06-27 06:30:28,100,B+1.5,20916,11,True,False,False,,-1,56.3387,1000
2026-06-27 06:31:18,116,B+0.5,24244,17,True,False,False,,-1,56.3094,1000
2026-06-27 06:32:25,162,W+23.5,33812,32,True,False,False,,-1,56.3148,1000
2026-06-27 06:33:23,132,B+1.5,27572,18,True,False,False,,-1,56.2673,1000
2026-06-27 06:34:25,148,B+2.5,30900,29,True,False,False,,-1,56.3162,1000
2026-06-27 06:35:24,119,B+23.5,24868,12,True,False,False,,-1,56.3525,1000
2026-06-27 06:36:18,115,W+1.5,24036,18,True,False,False,,-1,56.279,1000
2026-06-27 06:37:23,162,B+14.5,33812,38,True,False,False,,-1,56.3107,1000
2026-06-27 06:38:15,112,B+1.5,23412,10,True,False,False,,-1,56.1433,1000
2026-06-27 06:39:16,152,B+2.5,31732,34,True,False,False,,-1,56.2622,1000
2026-06-27 06:40:07,110,B+0.5,22996,15,True,False,False,,-1,56.197,1000
2026-06-27 06:40:58,114,B+2.5,23828,15,True,False,False,,-1,56.103,1000
2026-06-27 06:41:52,122,B+3.5,25492,22,True,False,False,,-1,56.0363,1000
2026-06-27 06:42:37,101,W+0.5,21124,11,True,False,False,,-1,55.8579,1000
2026-06-27 06:43:31,140,B+1.5,29236,29,True,False,False,,-1,55.8994,1000
2026-06-27 06:44:27,140,B+0.5,29236,26,True,False,False,,-1,55.897,1000
2026-06-27 06:45:19,117,W+9.5,24452,20,True,False,False,,-1,55.9127,1000
2026-06-27 06:46:07,114,B+0.5,23828,15,True,False,False,,-1,55.7763,1000
2026-06-27 06:47:01,133,W+0.5,27780,23,True,False,False,,-1,55.6751,1000
2026-06-27 06:47:46,99,B+1.5,20708,13,True,False,False,,-1,55.5679,1000
2026-06-27 06:48:49,162,W+23.5,33812,32,True,False,False,,-1,55.6685,1000
2026-06-27 06:49:49,143,B+0.5,29860,25,True,False,False,,-1,55.7682,1000
2026-06-27 06:50:33,103,W+2.5,21540,12,True,False,False,,-1,55.6847,1000
2026-06-27 06:51:34,139,W+2.5,29028,18,True,False,False,,-1,55.6611,1000
2026-06-27 06:52:29,128,B+0.5,26740,15,True,False,False,,-1,55.5166,1000
2026-06-27 06:53:24,129,W+2.5,26948,25,True,False,False,,-1,55.4689,1000
2026-06-27 06:54:31,162,B+1.5,33812,33,True,False,False,,-1,55.4737,1000
2026-06-27 06:55:29,136,B+0.5,28404,24,True,False,False,,-1,55.4047,1000
2026-06-27 06:56:21,116,B+1.5,24244,19,True,False,False,,-1,55.3923,1000
2026-06-27 06:57:25,153,W+0.5,31940,27,True,False,False,,-1,55.3763,1000
2026-06-27 06:58:27,158,B+4.5,32980,33,True,False,False,,-1,55.5254,1000
2026-06-27 06:59:15,116,B+6.5,24244,20,True,False,False,,-1,55.466,1000
2026-06-27 07:00:08,121,W+0.5,25284,13,True,False,False,,-1,55.3897,1000
2026-06-27 07:01:13,161,W+7.5,33604,39,True,False,False,,-1,55.4937,1000
2026-06-27 07:02:11,127,B+1.5,26532,13,True,False,False,,-1,55.4802,1000
2026-06-27 07:03:07,139,W+0.5,29028,27,True,False,False,,-1,55.4962,1000
2026-06-27 07:03:59,118,B+0.5,24660,17,True,False,False,,-1,55.3504,1000
2026-06-27 07:05:04,162,W+2.5,33812,19,True,False,False,,-1,55.4492,1000
2026-06-27 07:05:55,110,B+2.5,22996,13,True,False,False,,-1,55.4179,1000
2026-06-27 07:06:49,130,B+0.5,27156,17,True,False,False,,-1,55.4015,1000
2026-06-27 07:07:49,148,B+1.5,30900,28,True,False,False,,-1,55.3831,1000
2026-06-27 07:08:51,162,B+29.5,33812,33,True,False,False,,-1,55.3367,1000
2026-06-27 07:09:46,114,B+0.5,23828,15,True,False,False,,-1,55.3653,1000
2026-06-27 07:10:37,118,B+1.5,24660,23,True,False,False,,-1,55.2454,1000
2026-06-27 07:11:34,144,B+4.5,30068,34,True,False,False,,-1,55.2887,1000
2026-06-27 07:12:34,148,B+0.5,30900,32,True,False,False,,-1,55.3156,1000
2026-06-27 07:13:28,117,W+7.5,24452,16,True,False,False,,-1,55.4064,1000
2026-06-27 07:14:33,150,B+1.5,31316,27,True,False,False,,-1,55.4253,1000
2026-06-27 07:15:20,118,B+0.5,24660,20,True,False,False,,-1,55.4031,1000
2026-06-27 07:16:14,110,B+1.5,22996,12,True,False,False,,-1,55.3865,1000
2026-06-27 07:17:11,131,W+2.5,27364,18,True,False,False,,-1,55.3608,1000
2026-06-27 07:18:03,131,W+0.5,27364,28,True,False,False,,-1,55.2854,1000
2026-06-27 07:18:59,129,W+2.5,26948,21,True,False,False,,-1,55.1621,1000
2026-06-27 07:19:57,136,B+1.5,28404,22,True,False,False,,-1,55.1751,1000
2026-06-27 07:20:57,131,W+2.5,27364,16,True,False,False,,-1,55.2333,1000
2026-06-27 07:21:49,118,B+1.5,24660,20,True,False,False,,-1,55.1305,1000
2026-06-27 07:25:53,129,W+1.5,26940,27,True,False,False,,-1,55.1476,2000
2026-06-27 07:26:38,96,B+0.5,20076,13,True,False,False,,-1,55.1453,2000
2026-06-27 07:27:33,117,W+1.5,24444,20,True,False,False,,-1,55.0924,2000
2026-06-27 07:28:23,101,B+4.5,21116,12,True,False,False,,-1,55.1384,2000
2026-06-27 07:29:14,103,W+0.5,21532,14,True,False,False,,-1,55.0767,2000
2026-06-27 07:30:17,143,B+3.5,29852,25,True,False,False,,-1,55.2156,2000
2026-06-27 07:31:09,120,B+7.5,25068,16,True,False,False,,-1,55.1404,2000
2026-06-27 07:31:59,117,W+1.5,24444,17,True,False,False,,-1,55.1456,2000
2026-06-27 07:33:03,132,B+0.5,27564,24,True,False,False,,-1,55.2146,2000
2026-06-27 07:33:55,124,B+2.5,25900,16,True,False,False,,-1,55.238,2000
2026-06-27 07:34:43,103,B+4.5,21532,19,True,False,False,,-1,55.2171,2000
2026-06-27 07:35:37,127,B+1.5,26524,24,True,False,False,,-1,55.1425,2000
2026-06-27 07:36:32,145,B+0.5,30268,23,True,False,False,,-1,55.0153,2000
2026-06-27 07:37:20,112,B+0.5,23404,14,True,False,False,,-1,54.9942,2000
2026-06-27 07:38:09,105,W+0.5,21948,14,True,False,False,,-1,54.9398,2000
2026-06-27 07:38:31,39,B+0.5,8220,7,True,False,False,,-1,54.6404,2000
2026-06-27 07:39:23,116,B+6.5,24236,20,True,False,False,,-1,54.6269,2000
2026-06-27 07:40:14,116,B+6.5,24236,18,True,False,False,,-1,54.4483,2000
2026-06-27 07:41:03,105,B+2.5,21948,15,True,False,False,,-1,54.4787,2000
2026-06-27 07:42:04,162,W+0.5,33804,33,True,False,False,,-1,54.6109,2000
2026-06-27 07:43:02,130,B+1.5,27148,22,True,False,False,,-1,54.5932,2000
2026-06-27 07:43:55,116,W+1.5,24236,13,True,False,False,,-1,54.4912,2000
2026-06-27 07:44:43,103,W+0.5,21532,16,True,False,False,,-1,54.4244,2000
2026-06-27 07:45:36,113,W+4.5,23612,16,True,False,False,,-1,54.3303,2000
2026-06-27 07:46:35,124,B+1.5,25900,15,True,False,False,,-1,54.298,2000
2026-06-27 07:47:24,104,B+2.5,21740,14,True,False,False,,-1,54.297,2000
2026-06-27 07:48:11,105,W+0.5,21948,17,True,False,False,,-1,54.2151,2000
2026-06-27 07:48:58,97,W+0.5,20284,12,True,False,False,,-1,54.1582,2000
2026-06-27 07:49:47,111,W+0.5,23196,16,True,False,False,,-1,54.0952,2000
2026-06-27 07:50:43,127,B+2.5,26524,15,True,False,False,,-1,54.067,2000
2026-06-27 07:51:02,33,B+0.5,6972,9,True,False,False,,-1,53.8084,2000
2026-06-27 07:51:53,111,B+0.5,23196,13,True,False,False,,-1,53.8155,2000
2026-06-27 07:52:50,139,W+0.5,29020,16,True,False,False,,-1,53.8909,2000
2026-06-27 07:53:44,141,B+5.5,29436,25,True,False,False,,-1,53.9533,2000
2026-06-27 07:54:45,148,B+1.5,30892,32,True,False,False,,-1,54.0749,2000
2026-06-27 07:55:52,162,B+4.5,33804,31,True,False,False,,-1,54.1711,2000
2026-06-27 07:56:46,115,W+0.5,24028,15,True,False,False,,-1,54.2369,2000
2026-06-27 07:57:39,124,B+2.5,25900,20,True,False,False,,-1,54.2299,2000
2026-06-27 07:58:31,118,B+1.5,24652,22,True,False,False,,-1,54.2563,2000
2026-06-27 07:59:22,115,W+1.5,24028,11,True,False,False,,-1,54.2346,2000
2026-06-27 08:00:22,135,W+2.5,28188,19,True,False,False,,-1,54.3179,2000
2026-06-27 08:01:11,106,B+0.5,22156,16,True,False,False,,-1,54.2258,2000
2026-06-27 08:02:04,117,W+1.5,24444,15,True,False,False,,-1,54.1088,2000
2026-06-27 08:03:00,143,B+0.5,29852,27,True,False,False,,-1,54.205,2000
2026-06-27 08:04:05,145,W+0.5,30268,18,True,False,False,,-1,54.3512,2000
2026-06-27 08:05:11,162,W+5.5,33804,27,True,False,False,,-1,54.3423,2000
2026-06-27 08:06:03,115,W+2.5,24028,14,True,False,False,,-1,54.2852,2000
2026-06-27 08:07:00,162,W+2.5,33804,10,True,False,False,,-1,54.2262,2000
2026-06-27 08:07:59,133,W+0.5,27772,18,True,False,False,,-1,54.2314,2000
2026-06-27 08:08:52,110,B+0.5,22988,15,True,False,False,,-1,54.2226,2000
2026-06-27 08:09:41,113,W+2.5,23612,13,True,False,False,,-1,54.0682,2000
2026-06-27 08:10:31,107,W+1.5,22364,16,True,False,False,,-1,54.045,2000
2026-06-27 08:11:16,91,B+1.5,19036,14,True,False,False,,-1,53.8786,2000
2026-06-27 08:12:06,110,B+0.5,22988,14,True,False,False,,-1,53.8739,2000
2026-06-27 08:13:00,123,W+3.5,25692,16,True,False,False,,-1,53.9035,2000
2026-06-27 08:14:01,162,B+4.5,33804,18,True,False,False,,-1,53.9755,2000
2026-06-27 08:14:58,129,B+0.5,26940,17,True,False,False,,-1,54.0854,2000
2026-06-27 08:15:52,123,W+1.5,25692,13,True,False,False,,-1,54.0937,2000
2026-06-27 08:16:56,162,B+2.5,33804,39,True,False,False,,-1,54.1662,2000
2026-06-27 08:17:48,113,W+0.5,23612,14,True,False,False,,-1,54.1677,2000
2026-06-27 08:18:32,109,B+1.5,22780,16,True,False,False,,-1,54.1269,2000
2026-06-27 08:19:24,118,B+0.5,24652,19,True,False,False,,-1,54.1131,2000
2026-06-27 08:19:53,49,B+0.5,10300,5,True,False,False,,-1,53.9493,2000
2026-06-27 08:20:36,89,W+1.5,18620,10,True,False,False,,-1,53.7506,2000
2026-06-27 08:21:34,132,B+1.5,27564,16,True,False,False,,-1,53.7341,2000
2026-06-27 08:22:32,151,W+4.5,31516,36,True,False,False,,-1,53.8748,2000
2026-06-27 08:22:52,33,B+0.5,6972,9,True,False,False,,-1,53.4614,2000
2026-06-27 08:23:18,47,B+1.5,9884,8,True,False,False,,-1,53.1745,2000
2026-06-27 08:24:10,110,W+0.5,22988,13,True,False,False,,-1,53.1437,2000
2026-06-27 08:25:00,116,B+1.5,24236,18,True,False,False,,-1,52.9682,2000
2026-06-27 08:25:49,107,B+2.5,22364,12,True,False,False,,-1,52.8826,2000
2026-06-27 08:26:40,115,W+0.5,24028,14,True,False,False,,-1,52.8758,2000
2026-06-27 08:27:40,129,W+2.5,26940,18,True,False,False,,-1,52.8329,2000
2026-06-27 08:28:31,119,W+0.5,24860,21,True,False,False,,-1,52.7274,2000
2026-06-27 08:29:01,51,B+2.5,10716,9,True,False,False,,-1,52.5332,2000
2026-06-27 08:29:55,130,B+4.5,27148,26,True,False,False,,-1,52.5524,2000
2026-06-27 08:30:41,97,B+5.5,20284,9,True,False,False,,-1,52.3635,2000
2026-06-27 08:31:03,37,B+0.5,7804,5,True,False,False,,-1,52.0055,2000
2026-06-27 08:31:46,93,W+2.5,19452,10,True,False,False,,-1,51.8641,2000
2026-06-27 08:32:40,124,B+2.5,25900,25,True,False,False,,-1,51.8922,2000
2026-06-27 08:33:34,121,B+3.5,25276,16,True,False,False,,-1,51.7796,2000
2026-06-27 08:34:22,109,B+2.5,22780,21,True,False,False,,-1,51.75,2000
2026-06-27 08:34:46,43,B+2.5,9052,8,True,False,False,,-1,51.4585,2000
2026-06-27 08:35:37,116,B+7.5,24236,16,True,False,False,,-1,51.3589,2000
2026-06-27 08:36:38,144,B+1.5,30060,25,True,False,False,,-1,51.3461,2000
2026-06-27 08:37:41,149,B+1.5,31100,22,True,False,False,,-1,51.4266,2000
2026-06-27 08:38:30,113,B+5.5,23612,15,True,False,False,,-1,51.418,2000
2026-06-27 08:39:22,126,B+5.5,26316,21,True,False,False,,-1,51.3661,2000
2026-06-27 08:40:17,125,W+1.5,26108,17,True,False,False,,-1,51.3041,2000
2026-06-27 08:41:09,114,B+1.5,23820,11,True,False,False,,-1,51.2897,2000
2026-06-27 08:42:08,162,W+0.5,33804,27,True,False,False,,-1,51.2289,2000
2026-06-27 08:42:55,120,B+5.5,25068,18,True,False,False,,-1,51.2317,2000
2026-06-27 08:43:54,162,W+2.5,33804,33,True,False,False,,-1,51.2849,2000
2026-06-27 08:44:51,121,W+0.5,25276,21,True,False,False,,-1,51.2809,2000
2026-06-27 08:45:50,135,W+0.5,28188,28,True,False,False,,-1,51.3463,2000
2026-06-27 08:46:48,144,B+1.5,30060,21,True,False,False,,-1,51.3709,2000
2026-06-27 08:47:37,108,B+4.5,22572,15,True,False,False,,-1,51.2859,2000
2026-06-27 08:48:36,162,B+5.5,33804,29,True,False,False,,-1,51.2792,2000
2026-06-27 08:49:40,143,W+3.5,29852,29,True,False,False,,-1,51.3912,2000
2026-06-27 08:50:27,97,B+2.5,20284,11,True,False,False,,-1,51.3408,2000
2026-06-27 08:51:23,133,W+2.5,27772,20,True,False,False,,-1,51.3006,2000
2026-06-27 08:52:22,136,B+5.5,28396,23,True,False,False,,-1,51.4343,2000
2026-06-27 08:53:23,154,W+0.5,32140,23,True,False,False,,-1,51.5012,2000
2026-06-27 08:54:26,162,W+2.5,33804,11,True,False,False,,-1,51.631,2000
2026-06-27 08:55:16,106,B+0.5,22156,7,True,False,False,,-1,51.6148,2000
2026-06-27 08:56:13,139,B+0.5,29020,14,True,False,False,,-1,51.5626,2000
2026-06-27 08:56:55,88,B+3.5,18412,13,True,False,False,,-1,51.4625,2000
2026-06-27 08:57:47,111,W+0.5,23196,15,True,False,False,,-1,51.4768,2000
2026-06-27 08:58:40,120,B+0.5,25068,19,True,False,False,,-1,51.3745,2000
2026-06-27 08:59:31,110,B+3.5,22988,18,True,False,False,,-1,51.3557,2000
2026-06-27 09:00:22,114,B+4.5,23820,17,True,False,False,,-1,51.3868,2000
2026-06-27 09:01:09,105,W+0.5,21948,8,True,False,False,,-1,51.3174,2000
2026-06-27 09:02:04,132,B+2.5,27564,15,True,False,False,,-1,51.3254,2000
2026-06-27 09:03:09,147,W+3.5,30684,18,True,False,False,,-1,51.4908,2000
2026-06-27 09:04:04,131,W+2.5,27356,20,True,False,False,,-1,51.5472,2000
2026-06-27 09:04:54,117,W+0.5,24444,19,True,False,False,,-1,51.8278,2000
2026-06-27 09:05:42,98,B+3.5,20492,10,True,False,False,,-1,51.7858,2000
2026-06-27 09:06:39,134,B+2.5,27980,26,True,False,False,,-1,51.8444,2000
2026-06-27 09:07:31,113,W+5.5,23612,19,True,False,False,,-1,51.8712,2000
2026-06-27 09:08:23,123,W+0.5,25692,8,True,False,False,,-1,51.7868,2000
2026-06-27 09:09:11,105,B+2.5,21948,17,True,False,False,,-1,51.6785,2000
2026-06-27 09:10:11,139,B+3.5,29020,22,True,False,False,,-1,51.7552,2000
2026-06-27 09:11:03,110,B+0.5,22988,12,True,False,False,,-1,51.7944,2000
2026-06-27 09:11:58,129,B+2.5,26940,18,True,False,False,,-1,51.8183,2000
2026-06-27 09:12:51,120,B+1.5,25068,15,True,False,False,,-1,51.7578,2000
2026-06-27 09:13:36,92,B+1.5,19244,7,True,False,False,,-1,51.7116,2000
2026-06-27 09:14:26,134,W+0.5,27980,24,True,False,False,,-1,51.7425,2000
2026-06-27 09:15:20,123,B+2.5,25692,14,True,False,False,,-1,51.8159,2000
2026-06-27 09:16:09,112,B+0.5,23404,15,True,False,False,,-1,51.8127,2000
2026-06-27 09:17:13,152,B+0.5,31724,34,True,False,False,,-1,51.9042,2000
2026-06-27 09:17:59,114,B+3.5,23820,20,True,False,False,,-1,52.1573,2000
2026-06-27 09:18:52,119,W+0.5,24860,15,True,False,False,,-1,52.1813,2000
2026-06-27 09:19:47,132,B+10.5,27564,26,True,False,False,,-1,52.168,2000
2026-06-27 09:20:09,39,B+1.5,8220,7,True,False,False,,-1,51.8389,2000
2026-06-27 09:20:53,93,W+0.5,19452,15,True,False,False,,-1,51.6754,2000
2026-06-27 09:21:42,101,W+0.5,21116,14,True,False,False,,-1,51.4861,2000
2026-06-27 09:22:32,110,B+2.5,22988,13,True,False,False,,-1,51.4518,2000
2026-06-27 09:23:21,106,B+3.5,22156,17,True,False,False,,-1,51.4097,2000
2026-06-27 09:24:16,135,W+4.5,28188,19,True,False,False,,-1,51.4414,2000
2026-06-27 09:25:10,133,B+1.5,27772,24,True,False,False,,-1,51.4702,2000
2026-06-27 09:26:06,149,B+0.5,31100,27,True,False,False,,-1,51.4435,2000
2026-06-27 09:27:06,143,W+2.5,29852,22,True,False,False,,-1,51.5428,2000
2026-06-27 09:27:34,47,B+2.5,9884,9,True,False,False,,-1,51.2972,2000
2026-06-27 09:28:25,122,B+0.5,25484,25,True,False,False,,-1,51.2447,2000
2026-06-27 09:29:18,122,B+1.5,25484,18,True,False,False,,-1,51.126,2000
2026-06-27 09:30:01,92,B+0.5,19244,9,True,False,False,,-1,50.9007,2000
2026-06-27 09:30:57,128,B+1.5,26732,20,True,False,False,,-1,50.93,2000
2026-06-27 09:31:56,160,B+4.5,33388,34,True,False,False,,-1,50.9617,2000
2026-06-27 09:32:14,29,B+0.5,6140,7,True,False,False,,-1,50.5426,2000
2026-06-27 09:33:02,103,W+2.5,21532,8,True,False,False,,-1,50.4878,2000
2026-06-27 09:33:59,121,W+0.5,25276,19,True,False,False,,-1,50.5707,2000
2026-06-27 09:34:50,117,B+1.5,24444,14,True,False,False,,-1,50.5818,2000
2026-06-27 09:35:39,119,W+0.5,24860,18,True,False,False,,-1,50.6237,2000
2026-06-27 09:36:25,101,W+0.5,21116,8,True,False,False,,-1,50.5848,2000
2026-06-27 09:37:15,101,B+2.5,21116,13,True,False,False,,-1,50.5521,2000
2026-06-27 09:38:07,108,W+1.5,22572,12,True,False,False,,-1,50.458,2000
2026-06-27 09:39:02,127,B+1.5,26524,21,True,False,False,,-1,50.4381,2000
2026-06-27 09:39:53,117,W+0.5,24444,20,True,False,False,,-1,50.401,2000
2026-06-27 09:40:54,139,W+0.5,29020,25,True,False,False,,-1,50.3821,2000
2026-06-27 09:41:49,123,W+3.5,25692,18,True,False,False,,-1,50.4052,2000
2026-06-27 09:42:38,103,W+1.5,21532,17,True,False,False,,-1,50.4599,2000
2026-06-27 09:43:22,95,B+6.5,19868,12,True,False,False,,-1,50.3752,2000
2026-06-27 09:44:19,121,B+1.5,25276,17,True,False,False,,-1,50.6522,2000
2026-06-27 09:45:11,117,W+0.5,24444,13,True,False,False,,-1,50.7412,2000
2026-06-27 09:46:01,107,W+1.5,22364,17,True,False,False,,-1,50.6629,2000
2026-06-27 09:47:09,162,B+1.5,33804,32,True,False,False,,-1,50.7586,2000
2026-06-27 09:48:10,160,B+0.5,33388,28,True,False,False,,-1,51.178,2000
2026-06-27 09:49:01,114,B+7.5,23820,16,True,False,False,,-1,51.4234,2000
2026-06-27 09:49:35,63,B+0.5,13212,6,True,False,False,,-1,51.2444,2000
2026-06-27 09:50:18,95,B+2.5,19868,15,True,False,False,,-1,51.1793,2000
2026-06-27 09:51:04,108,B+2.5,22572,15,True,False,False,,-1,51.1421,2000
2026-06-27 09:51:53,110,B+4.5,22988,21,True,False,False,,-1,51.1264,2000
2026-06-27 09:52:53,147,W+0.5,30684,25,True,False,False,,-1,51.1256,2000
2026-06-27 09:53:45,124,B+2.5,25900,16,True,False,False,,-1,51.1372,2000
2026-06-27 09:54:36,115,B+5.5,24028,17,True,False,False,,-1,51.3482,2000
2026-06-27 09:55:26,113,B+0.5,23612,22,True,False,False,,-1,51.3028,2000
2026-06-27 09:56:15,113,B+1.5,23612,14,True,False,False,,-1,51.3361,2000
2026-06-27 09:57:07,128,W+0.5,26732,18,True,False,False,,-1,51.6315,2000
2026-06-27 09:59:49,37,B+0.5,7804,9,True,False,False,,-1,51.1107,3000
2026-06-27 10:00:49,125,W+2.5,26108,21,True,False,False,,-1,51.1687,3000
2026-06-27 10:01:07,31,B+1.5,6556,8,True,False,False,,-1,50.8749,3000
2026-06-27 10:02:00,125,W+4.5,26108,21,True,False,False,,-1,51.1617,3000
2026-06-27 10:02:22,35,B+0.5,7388,9,True,False,False,,-1,50.8716,3000
2026-06-27 10:03:18,126,B+6.5,26316,15,True,False,False,,-1,50.8278,3000
2026-06-27 10:03:39,35,B+0.5,7388,9,True,False,False,,-1,50.4039,3000
2026-06-27 10:03:58,35,B+1.5,7388,9,True,False,False,,-1,50.1018,3000
2026-06-27 10:04:53,143,W+1.5,29852,28,True,False,False,,-1,50.1327,3000
2026-06-27 10:05:45,110,B+1.5,22988,17,True,False,False,,-1,50.1081,3000
2026-06-27 10:06:30,100,W+1.5,20908,16,True,False,False,,-1,50.0264,3000
2026-06-27 10:07:01,57,B+1.5,11964,9,True,False,False,,-1,49.7527,3000
2026-06-27 10:07:24,39,B+0.5,8220,8,True,False,False,,-1,49.505,3000
2026-06-27 10:08:09,102,B+1.5,21324,21,True,False,False,,-1,49.374,3000
2026-06-27 10:08:31,41,B+3.5,8636,10,True,False,False,,-1,49.022,3000
2026-06-27 10:08:49,35,B+1.5,7388,10,True,False,False,,-1,48.6091,3000
2026-06-27 10:09:48,139,B+4.5,29020,20,True,False,False,,-1,48.6201,3000
2026-06-27 10:10:28,73,B+6.5,15292,7,True,False,False,,-1,48.5239,3000
2026-06-27 10:11:13,98,B+0.5,20492,12,True,False,False,,-1,48.3892,3000
2026-06-27 10:11:35,37,B+2.5,7804,9,True,False,False,,-1,47.9721,3000
2026-06-27 10:12:36,149,W+2.5,31100,31,True,False,False,,-1,48.1093,3000
2026-06-27 10:13:24,95,B+0.5,19868,11,True,False,False,,-1,48.0345,3000
2026-06-27 10:14:20,123,B+4.5,25692,16,True,False,False,,-1,48.0027,3000
2026-06-27 10:14:39,33,B+11.5,6972,8,True,False,False,,-1,47.58,3000
2026-06-27 10:15:13,69,B+4.5,14460,15,True,False,False,,-1,47.2817,3000
2026-06-27 10:15:48,69,B+0.5,14460,11,True,False,False,,-1,47.1381,3000
2026-06-27 10:16:41,108,W+1.5,22572,15,True,False,False,,-1,47.1003,3000
2026-06-27 10:17:03,39,B+2.5,8220,7,True,False,False,,-1,46.8951,3000
2026-06-27 10:17:32,51,B+0.5,10716,10,True,False,False,,-1,46.6773,3000
2026-06-27 10:18:04,59,B+2.5,12380,9,True,False,False,,-1,46.4534,3000
2026-06-27 10:18:54,110,B+2.5,22988,21,True,False,False,,-1,46.4596,3000
2026-06-27 10:19:49,116,B+2.5,24236,16,True,False,False,,-1,46.4931,3000
2026-06-27 10:20:09,35,B+1.5,7388,8,True,False,False,,-1,46.2236,3000
2026-06-27 10:20:54,102,B+7.5,21324,19,True,False,False,,-1,46.1127,3000
2026-06-27 10:21:40,97,W+2.5,20284,10,True,False,False,,-1,45.9299,3000
2026-06-27 10:22:34,146,B+6.5,30476,30,True,False,False,,-1,45.9238,3000
2026-06-27 10:23:06,57,B+0.5,11964,8,True,False,False,,-1,45.741,3000
2026-06-27 10:23:46,83,B+0.5,17372,8,True,False,False,,-1,45.6611,3000
2026-06-27 10:24:03,29,B+1.5,6140,5,True,False,False,,-1,45.2675,3000
2026-06-27 10:24:57,131,W+0.5,27356,19,True,False,False,,-1,45.2868,3000
2026-06-27 10:25:52,127,W+2.5,26524,23,True,False,False,,-1,45.3115,3000
2026-06-27 10:26:11,37,B+2.5,7804,11,True,False,False,,-1,45.0282,3000
2026-06-27 10:26:30,33,B+0.5,6972,8,True,False,False,,-1,44.6202,3000
2026-06-27 10:26:55,45,B+0.5,9468,11,True,False,False,,-1,44.3443,3000
2026-06-27 10:27:37,98,B+1.5,20492,17,True,False,False,,-1,44.2103,3000
2026-06-27 10:28:06,51,B+9.5,10716,7,True,False,False,,-1,43.9643,3000
2026-06-27 10:28:51,109,B+0.5,22780,26,True,False,False,,-1,43.9774,3000
2026-06-27 10:29:31,86,B+8.5,17996,13,True,False,False,,-1,43.8702,3000
2026-06-27 10:30:16,95,B+0.5,19868,12,True,False,False,,-1,43.7889,3000
2026-06-27 10:31:10,129,W+3.5,26940,21,True,False,False,,-1,43.839,3000
2026-06-27 10:31:41,60,B+5.5,12588,13,True,False,False,,-1,43.4942,3000
2026-06-27 10:32:26,103,B+2.5,21532,20,True,False,False,,-1,43.4968,3000
2026-06-27 10:33:16,106,B+1.5,22156,19,True,False,False,,-1,43.4616,3000
2026-06-27 10:33:35,35,B+1.5,7388,10,True,False,False,,-1,43.0985,3000
2026-06-27 10:34:35,146,W+2.5,30476,27,True,False,False,,-1,43.4883,3000
2026-06-27 10:35:39,160,W+1.5,33388,27,True,False,False,,-1,43.6833,3000
2026-06-27 10:36:22,105,B+2.5,21948,14,True,False,False,,-1,43.6273,3000
2026-06-27 10:37:15,123,B+2.5,25692,9,True,False,False,,-1,43.6563,3000
2026-06-27 10:37:38,39,B+1.5,8220,7,True,False,False,,-1,43.3959,3000
2026-06-27 10:38:20,97,B+2.5,20284,15,True,False,False,,-1,43.2647,3000
2026-06-27 10:39:11,133,W+3.5,27772,34,True,False,False,,-1,43.2382,3000
2026-06-27 10:40:03,126,B+4.5,26316,22,True,False,False,,-1,43.1923,3000
2026-06-27 10:40:50,108,W+1.5,22572,9,True,False,False,,-1,43.0656,3000
2026-06-27 10:41:53,142,B+4.5,29644,28,True,False,False,,-1,43.4156,3000
2026-06-27 10:42:48,130,B+1.5,27148,20,True,False,False,,-1,43.4519,3000
2026-06-27 10:43:33,102,B+1.5,21324,14,True,False,False,,-1,43.3705,3000
2026-06-27 10:44:23,103,W+2.5,21532,15,True,False,False,,-1,43.4393,3000
2026-06-27 10:45:29,153,W+1.5,31932,37,True,False,False,,-1,43.5486,3000
2026-06-27 10:46:13,112,B+3.5,23404,20,True,False,False,,-1,43.3899,3000
2026-06-27 10:46:54,81,B+6.5,16956,13,True,False,False,,-1,43.6205,3000
2026-06-27 10:47:42,125,B+0.5,26108,21,True,False,False,,-1,43.6273,3000
2026-06-27 10:47:59,33,B+1.5,6972,9,True,False,False,,-1,43.2247,3000
2026-06-27 10:48:23,47,B+2.5,9884,13,True,False,False,,-1,42.9569,3000
2026-06-27 10:49:10,110,B+3.5,22988,19,True,False,False,,-1,42.9367,3000
2026-06-27 10:49:28,29,B+0.5,6140,5,True,False,False,,-1,42.6469,3000
2026-06-27 10:50:14,111,W+0.5,23196,21,True,False,False,,-1,42.6027,3000
2026-06-27 10:50:37,43,B+1.5,9052,9,True,False,False,,-1,42.3164,3000
2026-06-27 10:51:40,162,B+1.5,33804,25,True,False,False,,-1,42.4049,3000
2026-06-27 10:52:36,144,B+2.5,30060,38,True,False,False,,-1,42.4493,3000
2026-06-27 10:53:23,111,B+1.5,23196,18,True,False,False,,-1,42.3136,3000
2026-06-27 10:53:58,57,B+3.5,11964,11,True,False,False,,-1,42.1097,3000
2026-06-27 10:54:41,94,B+2.5,19660,17,True,False,False,,-1,42.0504,3000
2026-06-27 10:55:09,53,B+0.5,11132,11,True,False,False,,-1,41.8878,3000
2026-06-27 10:55:32,45,B+1.5,9468,10,True,False,False,,-1,41.5541,3000
2026-06-27 10:55:57,47,B+2.5,9884,12,True,False,False,,-1,41.2837,3000
2026-06-27 10:56:20,39,B+1.5,8220,9,True,False,False,,-1,41.0104,3000
2026-06-27 10:57:10,118,B+2.5,24652,22,True,False,False,,-1,40.8313,3000
2026-06-27 10:57:56,106,B+10.5,22156,14,True,False,False,,-1,40.6834,3000
2026-06-27 10:58:38,91,B+3.5,19036,14,True,False,False,,-1,40.5875,3000
2026-06-27 10:58:58,37,B+1.5,7804,8,True,False,False,,-1,40.4488,3000
2026-06-27 10:59:41,83,B+0.5,17372,11,True,False,False,,-1,40.4558,3000
2026-06-27 11:00:31,136,B+1.5,28396,32,True,False,False,,-1,40.4945,3000
2026-06-27 11:01:31,138,W+3.5,28812,22,True,False,False,,-1,40.5986,3000
2026-06-27 11:02:20,104,B+4.5,21740,18,True,False,False,,-1,40.4836,3000
2026-06-27 11:03:05,100,B+3.5,20908,8,True,False,False,,-1,40.4215,3000
2026-06-27 11:03:45,73,B+1.5,15292,13,True,False,False,,-1,40.3098,3000
2026-06-27 11:04:05,33,B+0.5,6972,7,True,False,False,,-1,40.0105,3000
2026-06-27 11:04:52,105,B+1.5,21948,18,True,False,False,,-1,39.991,3000
2026-06-27 11:05:15,41,B+1.5,8636,10,True,False,False,,-1,39.7021,3000
2026-06-27 11:05:59,94,B+1.5,19660,17,True,False,False,,-1,39.909,3000
2026-06-27 11:06:26,51,B+0.5,10716,10,True,False,False,,-1,39.969,3000
2026-06-27 11:07:10,96,B+1.5,20076,19,True,False,False,,-1,39.8138,3000
2026-06-27 11:08:03,118,B+0.5,24652,26,True,False,False,,-1,40.1486,3000
2026-06-27 11:08:36,59,B+0.5,12380,9,True,False,False,,-1,39.9552,3000
2026-06-27 11:08:59,41,B+4.5,8636,9,True,False,False,,-1,39.9661,3000
2026-06-27 11:09:54,115,B+2.5,24028,20,True,False,False,,-1,39.9571,3000
2026-06-27 11:10:47,129,B+3.5,26940,29,True,False,False,,-1,40.2802,3000
2026-06-27 11:11:05,33,B+0.5,6972,8,True,False,False,,-1,40.2648,3000
2026-06-27 11:11:41,71,B+4.5,14876,11,True,False,False,,-1,40.0724,3000
2026-06-27 11:12:15,65,B+2.5,13628,13,True,False,False,,-1,39.8971,3000
2026-06-27 11:13:12,124,B+3.5,25900,26,True,False,False,,-1,40.0148,3000
2026-06-27 11:13:33,35,B+0.5,7388,5,True,False,False,,-1,39.9149,3000
2026-06-27 11:13:52,37,B+0.5,7804,9,True,False,False,,-1,39.8786,3000
2026-06-27 11:14:16,41,B+1.5,8636,8,True,False,False,,-1,39.6641,3000
2026-06-27 11:14:42,45,B+2.5,9468,11,True,False,False,,-1,39.7065,3000
2026-06-27 11:15:09,45,B+0.5,9468,9,True,False,False,,-1,39.8008,3000
2026-06-27 11:15:47,76,W+0.5,15916,6,True,False,False,,-1,39.5915,3000
2026-06-27 11:16:06,33,B+1.5,6972,6,True,False,False,,-1,39.3743,3000
2026-06-27 11:16:59,122,B+5.5,25484,20,True,False,False,,-1,39.454,3000
2026-06-27 11:17:18,33,B+0.5,6972,9,True,False,False,,-1,39.4254,3000
2026-06-27 11:18:00,89,B+4.5,18620,14,True,False,False,,-1,39.2327,3000
2026-06-27 11:19:00,148,B+8.5,30892,31,True,False,False,,-1,39.3472,3000
2026-06-27 11:19:58,151,B+2.5,31516,38,True,False,False,,-1,39.3793,3000
2026-06-27 11:20:20,39,B+2.5,8220,8,True,False,False,,-1,39.4096,3000
2026-06-27 11:21:03,97,B+1.5,20284,17,True,False,False,,-1,39.498,3000
2026-06-27 11:21:51,101,B+2.5,21116,16,True,False,False,,-1,39.6293,3000
2026-06-27 11:22:31,92,B+2.5,19244,16,True,False,False,,-1,39.4967,3000
2026-06-27 11:23:19,119,B+0.5,24860,14,True,False,False,,-1,39.7623,3000
2026-06-27 11:23:57,85,B+0.5,17788,14,True,False,False,,-1,39.8483,3000
2026-06-27 11:24:15,31,B+0.5,6556,7,True,False,False,,-1,39.7109,3000
2026-06-27 11:25:11,130,W+2.5,27148,25,True,False,False,,-1,39.7653,3000
2026-06-27 11:25:56,98,B+0.5,20492,15,True,False,False,,-1,39.6644,3000
2026-06-27 11:26:38,83,B+0.5,17372,11,True,False,False,,-1,39.8812,3000
2026-06-27 11:27:01,43,B+3.5,9052,11,True,False,False,,-1,39.6688,3000
2026-06-27 11:27:54,136,B+1.5,28396,30,True,False,False,,-1,39.7333,3000
2026-06-27 11:28:43,111,B+3.5,23196,23,True,False,False,,-1,39.6833,3000
2026-06-27 11:29:42,154,B+2.5,32140,36,True,False,False,,-1,39.9562,3000
2026-06-27 11:30:32,119,W+2.5,24860,21,True,False,False,,-1,40.0607,3000
2026-06-27 11:30:51,31,B+0.5,6556,8,True,False,False,,-1,40.0716,3000
2026-06-27 11:31:40,104,W+4.5,21740,13,True,False,False,,-1,40.0247,3000
2026-06-27 11:32:29,110,W+1.5,22988,20,True,False,False,,-1,39.971,3000
2026-06-27 11:33:15,112,B+2.5,23404,23,True,False,False,,-1,40.2364,3000
2026-06-27 11:34:07,117,W+0.5,24444,23,True,False,False,,-1,40.5609,3000
2026-06-27 11:35:06,143,W+2.5,29852,24,True,False,False,,-1,40.9039,3000
2026-06-27 11:35:29,41,B+2.5,8636,9,True,False,False,,-1,40.713,3000
2026-06-27 11:36:16,105,B+0.5,21948,16,True,False,False,,-1,40.9018,3000
2026-06-27 11:36:36,35,B+0.5,7388,9,True,False,False,,-1,40.6466,3000
2026-06-27 11:37:37,153,W+7.5,31932,28,True,False,False,,-1,40.8538,3000
2026-06-27 11:38:20,103,B+1.5,21532,19,True,False,False,,-1,40.836,3000
2026-06-27 11:39:09,102,W+2.5,21324,12,True,False,False,,-1,40.7811,3000
2026-06-27 11:39:28,35,B+1.5,7388,10,True,False,False,,-1,40.6713,3000
2026-06-27 11:40:15,91,B+1.5,19036,7,True,False,False,,-1,40.6832,3000
2026-06-27 11:41:02,119,B+2.5,24860,24,True,False,False,,-1,40.6623,3000
2026-06-27 11:41:43,85,B+1.5,17788,13,True,False,False,,-1,40.88,3000
2026-06-27 11:42:30,103,B+1.5,21532,20,True,False,False,,-1,40.7429,3000
2026-06-27 11:43:17,95,B+2.5,19868,12,True,False,False,,-1,40.5806,3000
2026-06-27 11:44:02,86,B+11.5,17996,9,True,False,False,,-1,40.5993,3000
2026-06-27 11:44:50,120,B+7.5,25068,21,True,False,False,,-1,40.5452,3000
2026-06-27 11:45:37,105,W+0.5,21948,19,True,False,False,,-1,40.7867,3000
2026-06-27 11:46:38,156,W+2.5,32556,32,True,False,False,,-1,40.9725,3000
2026-06-27 11:47:09,61,B+0.5,12796,11,True,False,False,,-1,40.7734,3000
2026-06-27 11:48:04,124,B+1.5,25900,18,True,False,False,,-1,40.7981,3000
2026-06-27 11:48:45,81,B+0.5,16956,10,True,False,False,,-1,40.7431,3000
2026-06-27 11:49:06,39,B+0.5,8220,9,True,False,False,,-1,40.3274,3000
2026-06-27 11:49:52,104,W+2.5,21740,15,True,False,False,,-1,40.232,3000
2026-06-27 11:50:11,33,B+0.5,6972,9,True,False,False,,-1,39.9777,3000
2026-06-27 11:50:54,95,B+2.5,19868,13,True,False,False,,-1,39.91,3000
2026-06-27 11:51:49,135,W+0.5,28188,17,True,False,False,,-1,39.7926,3000
2026-06-27 11:52:09,35,B+1.5,7388,9,True,False,False,,-1,39.5499,3000
2026-06-27 11:53:09,144,B+1.5,30060,28,True,False,False,,-1,39.7481,3000
2026-06-27 11:53:28,39,B+1.5,8220,10,True,False,False,,-1,39.4589,3000
2026-06-27 11:54:24,151,B+3.5,31516,28,True,False,False,,-1,39.8467,3000
2026-06-27 11:54:52,49,B+1.5,10300,8,True,False,False,,-1,39.8836,3000
2026-06-27 11:55:34,100,B+4.5,20908,16,True,False,False,,-1,39.8358,3000
2026-06-27 11:56:30,124,W+0.5,25900,16,True,False,False,,-1,40.2141,3000
2026-06-27 11:57:14,98,B+5.5,20492,14,True,False,False,,-1,40.2028,3000
2026-06-27 11:58:14,139,B+4.5,29020,22,True,False,False,,-1,40.5649,3000
2026-06-27 11:59:00,101,B+3.5,21116,13,True,False,False,,-1,40.3913,3000
2026-06-27 11:59:51,117,B+1.5,24444,20,True,False,False,,-1,40.3463,3000
2026-06-27 12:00:35,95,W+2.5,19868,15,True,False,False,,-1,40.3091,3000
2026-06-27 12:04:05,153,B+2.5,31948,34,True,False,False,,-1,40.6543,4000
2026-06-27 12:04:21,29,B+0.5,6156,7,True,False,False,,-1,40.541,4000
2026-06-27 12:05:07,107,B+1.5,22380,18,True,False,False,,-1,40.7698,4000
2026-06-27 12:06:20,162,B+3.5,33820,35,True,False,False,,-1,41.2454,4000
2026-06-27 12:07:15,144,B+0.5,30076,33,True,False,False,,-1,41.5669,4000
2026-06-27 12:07:31,33,B+2.5,6988,9,True,False,False,,-1,41.2358,4000
2026-06-27 12:07:48,31,B+4.5,6572,7,True,False,False,,-1,40.9377,4000
2026-06-27 12:08:05,37,B+2.5,7820,11,True,False,False,,-1,40.6916,4000
2026-06-27 12:09:09,162,W+2.5,33820,41,True,False,False,,-1,41.1311,4000
2026-06-27 12:09:49,87,B+0.5,18220,19,True,False,False,,-1,41.0981,4000
2026-06-27 12:10:47,134,B+1.5,27996,22,True,False,False,,-1,41.1737,4000
2026-06-27 12:11:34,115,W+1.5,24044,19,True,False,False,,-1,41.0435,4000
2026-06-27 12:12:13,87,B+0.5,18220,15,True,False,False,,-1,40.9527,4000
2026-06-27 12:12:32,37,B+2.5,7820,10,True,False,False,,-1,40.6798,4000
2026-06-27 12:12:46,29,B+0.5,6156,7,True,False,False,,-1,40.433,4000
2026-06-27 12:13:01,33,B+2.5,6988,9,True,False,False,,-1,40.3833,4000
2026-06-27 12:13:59,162,W+4.5,33820,38,True,False,False,,-1,40.4929,4000
2026-06-27 12:15:00,142,B+2.5,29660,31,True,False,False,,-1,40.867,4000
2026-06-27 12:15:19,37,B+2.5,7820,11,True,False,False,,-1,40.6148,4000
2026-06-27 12:15:38,41,B+0.5,8652,10,True,False,False,,-1,40.5325,4000
2026-06-27 12:16:05,59,B+3.5,12396,10,True,False,False,,-1,40.3665,4000
2026-06-27 12:16:23,35,B+0.5,7404,9,True,False,False,,-1,40.0252,4000
2026-06-27 12:16:41,41,B+4.5,8652,13,True,False,False,,-1,39.8664,4000
2026-06-27 12:17:34,125,B+3.5,26124,14,True,False,False,,-1,40.1711,4000
2026-06-27 12:18:30,142,B+1.5,29660,25,True,False,False,,-1,40.1764,4000
2026-06-27 12:19:30,134,B+2.5,27996,22,True,False,False,,-1,40.247,4000
2026-06-27 12:19:46,33,B+2.5,6988,8,True,False,False,,-1,40.2287,4000
2026-06-27 12:20:48,160,B+4.5,33404,26,True,False,False,,-1,40.4916,4000
2026-06-27 12:21:34,111,W+1.5,23212,12,True,False,False,,-1,40.6082,4000
2026-06-27 12:22:18,98,B+2.5,20508,18,True,False,False,,-1,40.4831,4000
2026-06-27 12:22:33,33,B+5.5,6988,9,True,False,False,,-1,40.4258,4000
2026-06-27 12:22:55,41,B+1.5,8652,10,True,False,False,,-1,40.4516,4000
2026-06-27 12:23:12,37,B+2.5,7820,11,True,False,False,,-1,40.3795,4000
2026-06-27 12:23:30,37,B+1.5,7820,10,True,False,False,,-1,40.2981,4000
2026-06-27 12:23:48,37,B+0.5,7820,9,True,False,False,,-1,40.2031,4000
2026-06-27 12:24:08,37,B+0.5,7820,5,True,False,False,,-1,40.0234,4000
2026-06-27 12:24:27,37,B+1.5,7820,6,True,False,False,,-1,40.0372,4000
2026-06-27 12:25:26,140,B+2.5,29244,23,True,False,False,,-1,40.0845,4000
2026-06-27 12:26:15,110,B+4.5,23004,22,True,False,False,,-1,40.3942,4000
2026-06-27 12:26:55,97,B+2.5,20300,17,True,False,False,,-1,40.3659,4000
2026-06-27 12:27:47,127,B+0.5,26540,31,True,False,False,,-1,40.2878,4000
2026-06-27 12:28:03,33,B+0.5,6988,9,True,False,False,,-1,39.8585,4000
2026-06-27 12:28:24,41,B+0.5,8652,7,True,False,False,,-1,39.8549,4000
2026-06-27 12:29:28,162,B+1.5,33820,31,True,False,False,,-1,40.0679,4000
2026-06-27 12:30:24,126,B+5.5,26332,23,True,False,False,,-1,40.1515,4000
2026-06-27 12:31:26,162,W+3.5,33820,32,True,False,False,,-1,40.3639,4000
2026-06-27 12:31:44,37,B+1.5,7820,10,True,False,False,,-1,40.0616,4000
2026-06-27 12:31:59,31,B+2.5,6572,8,True,False,False,,-1,39.8306,4000
2026-06-27 12:32:14,29,B+0.5,6156,6,True,False,False,,-1,39.807,4000
2026-06-27 12:32:34,37,B+0.5,7820,9,True,False,False,,-1,39.4455,4000
2026-06-27 12:33:24,104,B+1.5,21756,11,True,False,False,,-1,39.492,4000
2026-06-27 12:34:34,162,B+3.5,33820,30,True,False,False,,-1,39.78,4000
2026-06-27 12:35:19,99,B+0.5,20716,19,True,False,False,,-1,39.9967,4000
2026-06-27 12:35:36,37,B+5.5,7820,10,True,False,False,,-1,39.6376,4000
2026-06-27 12:36:26,116,B+0.5,24252,15,True,False,False,,-1,39.6549,4000
2026-06-27 12:36:46,39,B+4.5,8236,11,True,False,False,,-1,39.2588,4000
2026-06-27 12:37:35,117,W+0.5,24460,21,True,False,False,,-1,39.2407,4000
2026-06-27 12:37:55,41,B+2.5,8652,11,True,False,False,,-1,39.2591,4000
2026-06-27 12:38:21,49,B+0.5,10316,7,True,False,False,,-1,39.0274,4000
2026-06-27 12:39:18,152,B+3.5,31740,29,True,False,False,,-1,39.1074,4000
2026-06-27 12:40:10,127,B+2.5,26540,28,True,False,False,,-1,39.1675,4000
2026-06-27 12:41:17,162,B+3.5,33820,39,True,False,False,,-1,39.3154,4000
2026-06-27 12:41:36,37,B+0.5,7820,7,True,False,False,,-1,38.9156,4000
2026-06-27 12:41:55,37,B+0.5,7820,9,True,False,False,,-1,38.8827,4000
2026-06-27 12:42:13,31,B+0.5,6572,7,True,False,False,,-1,38.5846,4000
2026-06-27 12:42:59,107,W+0.5,22380,16,True,False,False,,-1,38.8463,4000
2026-06-27 12:43:19,43,B+4.5,9068,13,True,False,False,,-1,38.4407,4000
2026-06-27 12:43:35,27,B+11.5,5740,6,True,False,False,,-1,38.1622,4000
2026-06-27 12:43:51,37,B+1.5,7820,10,True,False,False,,-1,37.8396,4000
2026-06-27 12:44:44,131,W+2.5,27372,27,True,False,False,,-1,38.1724,4000
2026-06-27 12:45:28,95,B+1.5,19884,16,True,False,False,,-1,38.1496,4000
2026-06-27 12:46:17,129,W+1.5,26956,29,True,False,False,,-1,38.165,4000
2026-06-27 12:46:34,33,B+1.5,6988,8,True,False,False,,-1,37.932,4000
2026-06-27 12:46:56,49,B+0.5,10316,13,True,False,False,,-1,37.6769,4000
2026-06-27 12:47:11,31,B+2.5,6572,8,True,False,False,,-1,37.3531,4000
2026-06-27 12:47:33,45,B+1.5,9484,7,True,False,False,,-1,37.1287,4000
2026-06-27 12:47:55,39,B+0.5,8236,7,True,False,False,,-1,36.865,4000
2026-06-27 12:48:50,137,B+0.5,28620,33,True,False,False,,-1,36.9498,4000
2026-06-27 12:49:47,162,B+4.5,33820,37,True,False,False,,-1,36.907,4000
2026-06-27 12:50:03,35,B+1.5,7404,9,True,False,False,,-1,36.7555,4000
2026-06-27 12:50:22,37,B+0.5,7820,7,True,False,False,,-1,36.3995,4000
2026-06-27 12:51:16,122,B+1.5,25500,17,True,False,False,,-1,36.528,4000
2026-06-27 12:52:09,131,B+0.5,27372,23,True,False,False,,-1,36.8483,4000
2026-06-27 12:52:30,39,B+4.5,8236,9,True,False,False,,-1,36.6032,4000
2026-06-27 12:53:30,149,W+2.5,31116,30,True,False,False,,-1,37.0054,4000
2026-06-27 12:53:46,31,B+1.5,6572,8,True,False,False,,-1,36.7308,4000
2026-06-27 12:54:09,43,B+0.5,9068,8,True,False,False,,-1,36.4215,4000
2026-06-27 12:54:26,35,B+0.5,7404,9,True,False,False,,-1,36.3866,4000
2026-06-27 12:54:44,39,B+2.5,8236,10,True,False,False,,-1,35.9707,4000
2026-06-27 12:55:44,154,B+2.5,32156,28,True,False,False,,-1,36.3734,4000
2026-06-27 12:56:21,77,B+0.5,16140,16,True,False,False,,-1,36.184,4000
2026-06-27 12:56:36,35,B+4.5,7404,9,True,False,False,,-1,36.063,4000
2026-06-27 12:57:37,159,B+0.5,33196,29,True,False,False,,-1,36.2431,4000
2026-06-27 12:58:09,69,B+3.5,14476,14,True,False,False,,-1,36.0142,4000
2026-06-27 12:58:50,104,B+1.5,21756,14,True,False,False,,-1,35.9803,4000
2026-06-27 12:59:47,138,B+1.5,28828,28,True,False,False,,-1,35.9551,4000
2026-06-27 13:00:27,85,B+2.5,17804,17,True,False,False,,-1,35.8923,4000
2026-06-27 13:00:47,39,B+3.5,8236,8,True,False,False,,-1,35.5804,4000
2026-06-27 13:01:02,29,B+1.5,6156,7,True,False,False,,-1,35.288,4000
2026-06-27 13:02:03,161,W+1.5,33612,34,True,False,False,,-1,35.4283,4000
2026-06-27 13:02:19,33,B+2.5,6988,9,True,False,False,,-1,34.9423,4000
2026-06-27 13:02:54,71,B+0.5,14892,11,True,False,False,,-1,35.1225,4000
2026-06-27 13:03:10,31,B+0.5,6572,8,True,False,False,,-1,34.8253,4000
2026-06-27 13:04:13,144,B+8.5,30076,23,True,False,False,,-1,34.7318,4000
2026-06-27 13:04:56,98,B+0.5,20508,15,True,False,False,,-1,34.6088,4000
2026-06-27 13:05:48,124,B+1.5,25916,22,True,False,False,,-1,34.9673,4000
2026-06-27 13:06:06,39,B+3.5,8236,11,True,False,False,,-1,34.9742,4000
2026-06-27 13:06:24,37,B+2.5,7820,11,True,False,False,,-1,34.9863,4000
2026-06-27 13:07:25,151,W+0.5,31532,36,True,False,False,,-1,34.9614,4000
2026-06-27 13:07:42,35,B+2.5,7404,10,True,False,False,,-1,34.7188,4000
2026-06-27 13:07:57,33,B+3.5,6988,9,True,False,False,,-1,34.2989,4000
2026-06-27 13:08:45,110,B+0.5,23004,24,True,False,False,,-1,34.3125,4000
2026-06-27 13:09:31,108,B+2.5,22588,20,True,False,False,,-1,34.3786,4000
2026-06-27 13:10:14,96,B+0.5,20092,14,True,False,False,,-1,34.6185,4000
2026-06-27 13:10:42,63,B+0.5,13228,17,True,False,False,,-1,34.7549,4000
2026-06-27 13:10:58,37,B+4.5,7820,11,True,False,False,,-1,34.7707,4000
2026-06-27 13:11:14,31,B+3.5,6572,7,True,False,False,,-1,34.3418,4000
2026-06-27 13:11:30,33,B+2.5,6988,8,True,False,False,,-1,33.8988,4000
2026-06-27 13:11:48,37,B+1.5,7820,9,True,False,False,,-1,33.8881,4000
2026-06-27 13:12:41,133,W+0.5,27788,28,True,False,False,,-1,34.2269,4000
2026-06-27 13:13:40,150,B+0.5,31324,31,True,False,False,,-1,34.5473,4000
2026-06-27 13:13:55,33,B+2.5,6988,9,True,False,False,,-1,34.5164,4000
2026-06-27 13:14:14,39,B+5.5,8236,11,True,False,False,,-1,34.5238,4000
2026-06-27 13:15:16,154,B+7.5,32156,21,True,False,False,,-1,34.6153,4000
2026-06-27 13:15:33,37,B+1.5,7820,10,True,False,False,,-1,34.2268,4000
2026-06-27 13:15:55,41,B+2.5,8652,6,True,False,False,,-1,33.85,4000
2026-06-27 13:16:43,117,W+2.5,24460,14,True,False,False,,-1,34.169,4000
2026-06-27 13:17:42,162,B+4.5,33820,36,True,False,False,,-1,34.1358,4000
2026-06-27 13:18:33,118,B+5.5,24668,20,True,False,False,,-1,34.18,4000
2026-06-27 13:19:26,127,B+12.5,26540,25,True,False,False,,-1,34.2785,4000
2026-06-27 13:19:44,35,B+1.5,7404,10,True,False,False,,-1,34.303,4000
2026-06-27 13:20:37,142,B+1.5,29660,31,True,False,False,,-1,34.6199,4000
2026-06-27 13:21:35,160,B+0.5,33404,33,True,False,False,,-1,35.0212,4000
2026-06-27 13:22:09,75,B+0.5,15724,9,True,False,False,,-1,35.1927,4000
2026-06-27 13:22:25,33,B+0.5,6988,9,True,False,False,,-1,35.1699,4000
2026-06-27 13:22:42,37,B+3.5,7820,11,True,False,False,,-1,35.141,4000
2026-06-27 13:23:39,162,B+6.5,33820,34,True,False,False,,-1,35.5081,4000
2026-06-27 13:23:53,31,B+1.5,6572,8,True,False,False,,-1,35.0752,4000
2026-06-27 13:24:43,115,B+0.5,24044,27,True,False,False,,-1,35.0694,4000
2026-06-27 13:25:38,137,B+0.5,28620,33,True,False,False,,-1,35.2352,4000
2026-06-27 13:26:25,114,B+1.5,23836,19,True,False,False,,-1,35.1812,4000
2026-06-27 13:26:49,47,B+6.5,9900,10,True,False,False,,-1,35.2649,4000
2026-06-27 13:27:39,117,W+0.5,24460,17,True,False,False,,-1,35.545,4000
2026-06-27 13:28:00,39,B+2.5,8236,8,True,False,False,,-1,35.1158,4000
2026-06-27 13:28:20,39,B+1.5,8236,9,True,False,False,,-1,34.7515,4000
2026-06-27 13:29:18,147,W+0.5,30700,30,True,False,False,,-1,34.7227,4000
2026-06-27 13:29:40,41,B+3.5,8652,12,True,False,False,,-1,34.7539,4000
2026-06-27 13:30:40,162,B+1.5,33820,43,True,False,False,,-1,35.21,4000
2026-06-27 13:31:42,162,B+18.5,33820,35,True,False,False,,-1,35.6726,4000
2026-06-27 13:32:18,79,B+0.5,16556,14,True,False,False,,-1,35.8336,4000
2026-06-27 13:33:16,148,B+1.5,30908,33,True,False,False,,-1,35.9253,4000
2026-06-27 13:34:10,137,W+0.5,28620,28,True,False,False,,-1,35.7555,4000
2026-06-27 13:34:30,39,B+4.5,8236,10,True,False,False,,-1,35.505,4000
2026-06-27 13:34:47,35,B+0.5,7404,7,True,False,False,,-1,35.5122,4000
2026-06-27 13:35:37,121,B+4.5,25292,22,True,False,False,,-1,35.5077,4000
2026-06-27 13:36:22,106,B+7.5,22172,25,True,False,False,,-1,35.7599,4000
2026-06-27 13:37:08,102,B+0.5,21340,15,True,False,False,,-1,35.7332,4000
2026-06-27 13:37:23,33,B+1.5,6988,9,True,False,False,,-1,35.6737,4000
2026-06-27 13:38:13,126,B+1.5,26332,26,True,False,False,,-1,35.9193,4000
2026-06-27 13:38:30,37,B+2.5,7820,11,True,False,False,,-1,35.5117,4000
2026-06-27 13:38:58,57,B+2.5,11980,10,True,False,False,,-1,35.2731,4000
2026-06-27 13:40:05,162,B+2.5,33820,44,True,False,False,,-1,35.2828,4000
2026-06-27 13:40:35,55,B+0.5,11564,10,True,False,False,,-1,35.3908,4000
2026-06-27 13:40:51,35,B+2.5,7404,9,True,False,False,,-1,35.353,4000
2026-06-27 13:41:08,35,B+2.5,7404,8,True,False,False,,-1,35.3543,4000
2026-06-27 13:42:09,162,B+8.5,33820,39,True,False,False,,-1,35.4968,4000
2026-06-27 13:42:25,33,B+2.5,6988,8,True,False,False,,-1,35.4576,4000
2026-06-27 13:42:44,43,B+4.5,9068,13,True,False,False,,-1,35.4881,4000
2026-06-27 13:43:21,79,B+1.5,16556,15,True,False,False,,-1,35.6932,4000
2026-06-27 13:44:22,157,W+2.5,32780,30,True,False,False,,-1,35.7792,4000
2026-06-27 13:44:39,35,B+0.5,7404,8,True,False,False,,-1,35.507,4000
2026-06-27 13:45:04,53,B+2.5,11148,9,True,False,False,,-1,35.2718,4000
2026-06-27 13:45:52,125,W+2.5,26124,20,True,False,False,,-1,35.5736,4000
2026-06-27 13:46:18,49,B+0.5,10316,5,True,False,False,,-1,35.6134,4000
2026-06-27 13:46:34,33,B+2.5,6988,9,True,False,False,,-1,35.629,4000
2026-06-27 13:47:35,160,B+2.5,33404,39,True,False,False,,-1,36.0168,4000
2026-06-27 13:48:41,162,B+4.5,33820,35,True,False,False,,-1,36.4575,4000
2026-06-27 13:51:22,27,B+1.5,5731,6,True,False,False,,-1,35.6339,5000
2026-06-27 13:52:06,106,B+2.5,22163,18,True,False,False,,-1,35.9133,5000
2026-06-27 13:52:20,29,B+0.5,6147,7,True,False,False,,-1,35.8711,5000
2026-06-27 13:52:36,33,B+2.5,6979,9,True,False,False,,-1,35.4877,5000
2026-06-27 13:52:52,31,B+1.5,6563,8,True,False,False,,-1,35.1085,5000
2026-06-27 13:53:04,25,B+1.5,5315,5,True,False,False,,-1,35.0275,5000
2026-06-27 13:53:20,35,B+2.5,7395,10,True,False,False,,-1,34.5869,5000
2026-06-27 13:53:36,33,B+2.5,6979,8,True,False,False,,-1,34.591,5000
2026-06-27 13:53:51,33,B+0.5,6979,9,True,False,False,,-1,34.5007,5000
2026-06-27 13:54:04,27,B+0.5,5731,6,True,False,False,,-1,34.4733,5000
2026-06-27 13:54:19,33,B+0.5,6979,9,True,False,False,,-1,34.4366,5000
2026-06-27 13:54:34,35,B+2.5,7395,10,True,False,False,,-1,33.9799,5000
2026-06-27 13:54:49,37,B+3.5,7811,10,True,False,False,,-1,33.7628,5000
2026-06-27 13:55:05,35,B+1.5,7395,10,True,False,False,,-1,33.7712,5000
2026-06-27 13:55:20,33,B+0.5,6979,9,True,False,False,,-1,33.3106,5000
2026-06-27 13:55:33,27,B+0.5,5731,6,True,False,False,,-1,33.1243,5000
2026-06-27 13:55:48,33,B+1.5,6979,8,True,False,False,,-1,32.8641,5000
2026-06-27 13:56:03,35,B+2.5,7395,9,True,False,False,,-1,32.44,5000
2026-06-27 13:56:18,35,B+2.5,7395,10,True,False,False,,-1,32.1921,5000
2026-06-27 13:56:34,33,B+0.5,6979,8,True,False,False,,-1,32.159,5000
2026-06-27 13:56:48,31,B+0.5,6563,8,True,False,False,,-1,32.152,5000
2026-06-27 13:57:02,27,B+1.5,5731,6,True,False,False,,-1,31.675,5000
2026-06-27 13:57:17,33,B+1.5,6979,9,True,False,False,,-1,31.6647,5000
2026-06-27 13:57:32,31,B+1.5,6563,7,True,False,False,,-1,31.4649,5000
2026-06-27 13:57:45,31,B+0.5,6563,8,True,False,False,,-1,31.4356,5000
2026-06-27 13:58:01,35,B+4.5,7395,9,True,False,False,,-1,30.9573,5000
2026-06-27 13:58:15,31,B+0.5,6563,8,True,False,False,,-1,30.6768,5000
2026-06-27 13:59:16,162,B+2.5,33811,40,True,False,False,,-1,30.7661,5000
2026-06-27 13:59:31,33,B+1.5,6979,9,True,False,False,,-1,30.7362,5000
2026-06-27 13:59:45,33,B+0.5,6979,9,True,False,False,,-1,30.6969,5000
2026-06-27 13:59:59,31,B+2.5,6563,8,True,False,False,,-1,30.2199,5000
2026-06-27 14:00:12,29,B+0.5,6147,7,True,False,False,,-1,30.194,5000
2026-06-27 14:00:26,31,B+0.5,6563,8,True,False,False,,-1,30.1784,5000
2026-06-27 14:01:15,109,W+2.5,22787,17,True,False,False,,-1,30.186,5000
2026-06-27 14:01:30,35,B+2.5,7395,10,True,False,False,,-1,29.8758,5000
2026-06-27 14:01:48,39,B+1.5,8227,10,True,False,False,,-1,29.6301,5000
2026-06-27 14:02:04,35,B+2.5,7395,10,True,False,False,,-1,29.5036,5000
2026-06-27 14:02:17,25,B+0.5,5315,5,True,False,False,,-1,29.4669,5000
2026-06-27 14:02:32,35,B+1.5,7395,10,True,False,False,,-1,29.468,5000
2026-06-27 14:02:46,35,B+2.5,7395,10,True,False,False,,-1,29.4476,5000
2026-06-27 14:03:02,31,B+0.5,6563,7,True,False,False,,-1,29.4239,5000
2026-06-27 14:03:15,33,B+0.5,6979,9,True,False,False,,-1,29.0314,5000
2026-06-27 14:03:30,35,B+4.5,7395,10,True,False,False,,-1,28.5795,5000
2026-06-27 14:03:44,31,B+0.5,6563,7,True,False,False,,-1,28.5758,5000
2026-06-27 14:04:00,35,B+4.5,7395,9,True,False,False,,-1,28.5441,5000
2026-06-27 14:04:13,29,B+0.5,6147,7,True,False,False,,-1,28.061,5000
2026-06-27 14:04:27,31,B+1.5,6563,8,True,False,False,,-1,28.0222,5000
2026-06-27 14:04:41,25,B+0.5,5315,5,True,False,False,,-1,27.9377,5000
2026-06-27 14:04:58,38,B+2.5,8019,9,True,False,False,,-1,27.6266,5000
2026-06-27 14:05:13,31,B+1.5,6563,8,True,False,False,,-1,27.193,5000
2026-06-27 14:05:33,45,B+1.5,9475,10,True,False,False,,-1,26.8926,5000
2026-06-27 14:05:48,31,B+1.5,6563,8,True,False,False,,-1,26.5007,5000
2026-06-27 14:06:45,143,B+1.5,29859,20,True,False,False,,-1,26.8986,5000
2026-06-27 14:07:01,35,B+1.5,7395,10,True,False,False,,-1,26.5155,5000
2026-06-27 14:07:44,94,B+6.5,19667,15,True,False,False,,-1,26.3809,5000
2026-06-27 14:07:59,35,B+2.5,7395,10,True,False,False,,-1,26.1812,5000
2026-06-27 14:08:13,33,B+0.5,6979,9,True,False,False,,-1,26.168,5000
2026-06-27 14:08:27,33,B+0.5,6979,9,True,False,False,,-1,26.1351,5000
2026-06-27 14:09:15,125,W+1.5,26115,27,True,False,False,,-1,26.0499,5000
2026-06-27 14:10:03,119,W+0.5,24867,20,True,False,False,,-1,26.3817,5000
2026-06-27 14:10:17,31,B+0.5,6563,8,True,False,False,,-1,26.0251,5000
2026-06-27 14:10:32,33,B+1.5,6979,9,True,False,False,,-1,25.6256,5000
2026-06-27 14:10:48,37,B+2.5,7811,11,True,False,False,,-1,25.316,5000
2026-06-27 14:11:03,35,B+2.5,7395,10,True,False,False,,-1,25.2186,5000
2026-06-27 14:11:16,33,B+0.5,6979,9,True,False,False,,-1,24.8597,5000
2026-06-27 14:11:31,33,B+1.5,6979,8,True,False,False,,-1,24.7999,5000
2026-06-27 14:11:47,37,B+2.5,7811,11,True,False,False,,-1,24.7596,5000
2026-06-27 14:12:02,35,B+0.5,7395,9,True,False,False,,-1,24.3255,5000
2026-06-27 14:12:17,35,B+2.5,7395,9,True,False,False,,-1,24.2589,5000
2026-06-27 14:12:32,33,B+4.5,6979,9,True,False,False,,-1,23.8047,5000
2026-06-27 14:13:19,114,B+3.5,23827,20,True,False,False,,-1,23.6556,5000
2026-06-27 14:13:32,29,B+1.5,6147,7,True,False,False,,-1,23.4292,5000
2026-06-27 14:13:46,29,B+0.5,6147,7,True,False,False,,-1,22.9782,5000
2026-06-27 14:14:00,33,B+2.5,6979,9,True,False,False,,-1,22.5917,5000
2026-06-27 14:14:15,35,B+1.5,7395,10,True,False,False,,-1,22.5368,5000
2026-06-27 14:14:27,29,B+0.5,6147,7,True,False,False,,-1,22.4778,5000
2026-06-27 14:14:41,29,B+0.5,6147,7,True,False,False,,-1,22.1243,5000
2026-06-27 14:14:55,33,B+0.5,6979,9,True,False,False,,-1,21.8124,5000
2026-06-27 14:15:09,35,B+1.5,7395,10,True,False,False,,-1,21.4971,5000
2026-06-27 14:15:25,37,B+2.5,7811,11,True,False,False,,-1,21.5111,5000
2026-06-27 14:15:40,33,B+3.5,6979,9,True,False,False,,-1,21.1519,5000
2026-06-27 14:15:56,35,B+1.5,7395,9,True,False,False,,-1,21.1513,5000
2026-06-27 14:16:09,25,B+0.5,5315,5,True,False,False,,-1,20.9922,5000
2026-06-27 14:16:23,33,B+2.5,6979,9,True,False,False,,-1,20.4595,5000
2026-06-27 14:16:39,37,B+2.5,7811,10,True,False,False,,-1,20.3279,5000
2026-06-27 14:16:54,31,B+1.5,6563,8,True,False,False,,-1,20.3118,5000
2026-06-27 14:17:09,35,B+1.5,7395,9,True,False,False,,-1,20.2927,5000
2026-06-27 14:17:24,31,B+1.5,6563,8,True,False,False,,-1,19.8356,5000
2026-06-27 14:17:38,31,B+1.5,6563,8,True,False,False,,-1,19.8152,5000
2026-06-27 14:17:54,35,B+1.5,7395,10,True,False,False,,-1,19.7844,5000
2026-06-27 14:18:09,33,B+1.5,6979,9,True,False,False,,-1,19.5713,5000
2026-06-27 14:18:24,35,B+1.5,7395,10,True,False,False,,-1,19.1102,5000
2026-06-27 14:18:38,27,B+0.5,5731,6,True,False,False,,-1,19.0742,5000
2026-06-27 14:18:54,35,B+1.5,7395,9,True,False,False,,-1,18.9874,5000
2026-06-27 14:19:10,33,B+3.5,6979,9,True,False,False,,-1,18.6613,5000
2026-06-27 14:19:23,31,B+0.5,6563,8,True,False,False,,-1,18.5409,5000
2026-06-27 14:19:38,35,B+1.5,7395,10,True,False,False,,-1,18.5267,5000
2026-06-27 14:20:29,122,W+3.5,25491,23,True,False,False,,-1,18.4227,5000
2026-06-27 14:20:43,33,B+0.5,6979,9,True,False,False,,-1,17.9039,5000
2026-06-27 14:20:56,27,B+0.5,5731,6,True,False,False,,-1,17.8713,5000
2026-06-27 14:21:10,31,B+0.5,6563,8,True,False,False,,-1,17.8804,5000
2026-06-27 14:21:24,33,B+2.5,6979,9,True,False,False,,-1,17.5811,5000
2026-06-27 14:21:39,33,B+0.5,6979,9,True,False,False,,-1,17.5798,5000
2026-06-27 14:21:55,35,B+3.5,7395,9,True,False,False,,-1,17.5842,5000
2026-06-27 14:22:10,33,B+1.5,6979,8,True,False,False,,-1,17.5866,5000
2026-06-27 14:22:25,33,B+1.5,6979,9,True,False,False,,-1,17.6089,5000
2026-06-27 14:22:40,35,B+2.5,7395,10,True,False,False,,-1,17.5979,5000
2026-06-27 14:22:53,31,B+1.5,6563,8,True,False,False,,-1,17.5689,5000
2026-06-27 14:23:08,33,B+1.5,6979,9,True,False,False,,-1,17.565,5000
2026-06-27 14:23:21,31,B+1.5,6563,8,True,False,False,,-1,17.5639,5000
2026-06-27 14:23:38,37,B+1.5,7811,10,True,False,False,,-1,17.5824,5000
2026-06-27 14:23:52,31,B+0.5,6563,8,True,False,False,,-1,17.5867,5000
2026-06-27 14:24:07,33,B+0.5,6979,9,True,False,False,,-1,17.5777,5000
2026-06-27 14:24:21,31,B+0.5,6563,8,True,False,False,,-1,17.56,5000
2026-06-27 14:24:35,33,B+2.5,6979,8,True,False,False,,-1,17.5552,5000
2026-06-27 14:24:50,35,B+2.5,7395,10,True,False,False,,-1,17.5642,5000
2026-06-27 14:25:05,33,B+2.5,6979,9,True,False,False,,-1,17.5649,5000
2026-06-27 14:25:20,31,B+1.5,6563,7,True,False,False,,-1,17.5709,5000
2026-06-27 14:25:36,35,B+5.5,7395,10,True,False,False,,-1,17.5777,5000
2026-06-27 14:25:49,27,B+1.5,5731,6,True,False,False,,-1,17.5444,5000
2026-06-27 14:26:05,37,B+1.5,7811,10,True,False,False,,-1,17.5621,5000
2026-06-27 14:26:23,39,B+0.5,8227,8,True,False,False,,-1,17.61,5000
2026-06-27 14:26:37,33,B+3.5,6979,8,True,False,False,,-1,17.5976,5000
2026-06-27 14:26:50,25,B+0.5,5315,5,True,False,False,,-1,17.5778,5000
2026-06-27 14:27:04,33,B+2.5,6979,9,True,False,False,,-1,17.5898,5000
2026-06-27 14:27:17,29,B+0.5,6147,6,True,False,False,,-1,17.5626,5000
2026-06-27 14:27:34,39,B+1.5,8227,9,True,False,False,,-1,17.5837,5000
2026-06-27 14:27:48,33,B+2.5,6979,9,True,False,False,,-1,17.1132,5000
2026-06-27 14:28:03,33,B+1.5,6979,9,True,False,False,,-1,17.1161,5000
2026-06-27 14:28:16,27,B+1.5,5731,6,True,False,False,,-1,17.1034,5000
2026-06-27 14:28:30,33,B+1.5,6979,9,True,False,False,,-1,17.1058,5000
2026-06-27 14:28:42,27,B+1.5,5731,6,True,False,False,,-1,17.0969,5000
2026-06-27 14:28:56,35,B+0.5,7395,10,True,False,False,,-1,17.0999,5000
2026-06-27 14:29:12,33,B+0.5,6979,9,True,False,False,,-1,16.7654,5000
2026-06-27 14:29:27,35,B+3.5,7395,10,True,False,False,,-1,16.7614,5000
2026-06-27 14:29:42,35,B+1.5,7395,10,True,False,False,,-1,16.7394,5000
2026-06-27 14:29:57,35,B+1.5,7395,10,True,False,False,,-1,16.7319,5000
2026-06-27 14:30:12,33,B+1.5,6979,9,True,False,False,,-1,16.7543,5000
2026-06-27 14:30:27,31,B+1.5,6563,8,True,False,False,,-1,16.7424,5000
2026-06-27 14:30:40,31,B+2.5,6563,8,True,False,False,,-1,16.7338,5000
2026-06-27 14:30:54,31,B+0.5,6563,8,True,False,False,,-1,16.7223,5000
2026-06-27 14:31:09,37,B+1.5,7811,11,True,False,False,,-1,16.7356,5000
2026-06-27 14:31:25,33,B+0.5,6979,9,True,False,False,,-1,16.7467,5000
2026-06-27 14:31:39,33,B+0.5,6979,9,True,False,False,,-1,16.7424,5000
2026-06-27 14:31:53,33,B+1.5,6979,9,True,False,False,,-1,16.7334,5000
2026-06-27 14:32:13,39,B+1.5,8227,9,True,False,False,,-1,16.7936,5000
2026-06-27 14:32:25,27,B+0.5,5731,6,True,False,False,,-1,16.7831,5000
2026-06-27 14:32:40,33,B+0.5,6979,8,True,False,False,,-1,16.7949,5000
2026-06-27 14:32:55,33,B+0.5,6979,9,True,False,False,,-1,16.7702,5000
2026-06-27 14:33:09,31,B+0.5,6563,8,True,False,False,,-1,16.7617,5000
2026-06-27 14:33:22,33,B+1.5,6979,9,True,False,False,,-1,16.6856,5000
2026-06-27 14:33:37,35,B+1.5,7395,10,True,False,False,,-1,16.6876,5000
2026-06-27 14:33:51,35,B+1.5,7395,10,True,False,False,,-1,16.2535,5000
2026-06-27 14:34:05,35,B+1.5,7395,10,True,False,False,,-1,16.2462,5000
2026-06-27 14:34:23,39,B+2.5,8227,8,True,False,False,,-1,15.9888,5000
2026-06-27 14:34:37,29,B+0.5,6147,7,True,False,False,,-1,15.973,5000
2026-06-27 14:34:51,29,B+1.5,6147,6,True,False,False,,-1,15.9732,5000
2026-06-27 14:35:03,25,B+0.5,5315,5,True,False,False,,-1,15.9545,5000
2026-06-27 14:35:17,35,B+2.5,7395,10,True,False,False,,-1,15.614,5000
2026-06-27 14:35:30,31,B+2.5,6563,8,True,False,False,,-1,15.2627,5000
2026-06-27 14:35:43,31,B+0.5,6563,8,True,False,False,,-1,15.2647,5000
2026-06-27 14:35:59,35,B+2.5,7395,9,True,False,False,,-1,15.2646,5000
2026-06-27 14:36:14,35,B+2.5,7395,10,True,False,False,,-1,15.257,5000
2026-06-27 14:36:29,35,B+1.5,7395,10,True,False,False,,-1,15.2628,5000
2026-06-27 14:37:21,115,B+12.5,24035,14,True,False,False,,-1,15.6467,5000
2026-06-27 14:37:35,33,B+0.5,6979,9,True,False,False,,-1,15.6367,5000
2026-06-27 14:37:49,31,B+1.5,6563,8,True,False,False,,-1,15.6173,5000
2026-06-27 14:38:05,33,B+1.5,6979,9,True,False,False,,-1,15.6207,5000
2026-06-27 14:38:18,35,B+0.5,7395,9,True,False,False,,-1,15.613,5000
2026-06-27 14:38:33,33,B+0.5,6979,9,True,False,False,,-1,15.6046,5000
2026-06-27 14:38:48,35,B+1.5,7395,10,True,False,False,,-1,15.293,5000
2026-06-27 14:39:02,33,B+0.5,6979,9,True,False,False,,-1,15.3019,5000
2026-06-27 14:39:19,33,B+0.5,6979,7,True,False,False,,-1,15.3345,5000
2026-06-27 14:39:35,33,B+1.5,6979,9,True,False,False,,-1,15.3438,5000
2026-06-27 14:39:48,33,B+3.5,6979,9,True,False,False,,-1,15.3299,5000
2026-06-27 14:40:01,33,B+1.5,6979,9,True,False,False,,-1,15.3455,5000
2026-06-27 14:40:19,38,B+1.5,8019,9,True,False,False,,-1,15.3754,5000
2026-06-27 14:40:33,31,B+1.5,6563,7,True,False,False,,-1,15.384,5000
2026-06-27 14:40:47,33,B+0.5,6979,9,True,False,False,,-1,15.3782,5000
2026-06-27 14:43:15,33,B+0.5,6989,9,True,False,False,,-1,15.342,6000
2026-06-27 14:43:29,33,B+0.5,6989,9,True,False,False,,-1,15.3165,6000
2026-06-27 14:43:44,31,B+0.5,6573,8,True,False,False,,-1,15.3368,6000
2026-06-27 14:44:01,37,B+0.5,7821,8,True,False,False,,-1,15.3745,6000
2026-06-27 14:44:14,29,B+1.5,6157,7,True,False,False,,-1,15.3388,6000
2026-06-27 14:44:28,27,B+0.5,5741,6,True,False,False,,-1,15.328,6000
2026-06-27 14:44:43,33,B+0.5,6989,9,True,False,False,,-1,15.3288,6000
2026-06-27 14:44:59,33,B+0.5,6989,9,True,False,False,,-1,15.3336,6000
2026-06-27 14:45:12,29,B+2.5,6157,7,True,False,False,,-1,15.3294,6000
2026-06-27 14:45:28,33,B+0.5,6989,9,True,False,False,,-1,15.3303,6000
2026-06-27 14:45:41,25,B+0.5,5325,5,True,False,False,,-1,15.3074,6000
2026-06-27 14:45:56,31,B+0.5,6573,8,True,False,False,,-1,15.3075,6000
2026-06-27 14:46:11,33,B+0.5,6989,9,True,False,False,,-1,15.3198,6000
2026-06-27 14:46:24,29,B+0.5,6157,7,True,False,False,,-1,15.2851,6000
2026-06-27 14:46:37,31,B+0.5,6573,8,True,False,False,,-1,15.2655,6000
2026-06-27 14:46:51,27,B+2.5,5741,6,True,False,False,,-1,15.2693,6000
2026-06-27 14:47:04,31,B+0.5,6573,8,True,False,False,,-1,15.2484,6000
2026-06-27 14:47:18,33,B+0.5,6989,9,True,False,False,,-1,14.8741,6000
2026-06-27 14:47:32,33,B+0.5,6989,9,True,False,False,,-1,14.876,6000
2026-06-27 14:47:46,31,B+0.5,6573,8,True,False,False,,-1,14.8832,6000
2026-06-27 14:48:02,33,B+0.5,6989,8,True,False,False,,-1,14.9057,6000
2026-06-27 14:48:16,33,B+0.5,6989,9,True,False,False,,-1,14.9072,6000
2026-06-27 14:48:29,33,B+0.5,6989,9,True,False,False,,-1,14.8934,6000
2026-06-27 14:48:42,31,B+0.5,6573,8,True,False,False,,-1,14.8598,6000
2026-06-27 14:48:56,33,B+0.5,6989,9,True,False,False,,-1,14.8454,6000
2026-06-27 14:49:10,29,B+0.5,6157,7,True,False,False,,-1,14.8353,6000
2026-06-27 14:49:23,27,B+0.5,5741,6,True,False,False,,-1,14.8154,6000
2026-06-27 14:49:36,31,B+2.5,6573,8,True,False,False,,-1,14.8166,6000
2026-06-27 14:49:49,33,B+0.5,6989,9,True,False,False,,-1,14.8036,6000
2026-06-27 14:50:02,29,B+0.5,6157,7,True,False,False,,-1,14.7927,6000
2026-06-27 14:50:16,31,B+0.5,6573,8,True,False,False,,-1,14.7687,6000
2026-06-27 14:50:28,29,B+0.5,6157,7,True,False,False,,-1,14.7468,6000
2026-06-27 14:50:41,31,B+0.5,6573,8,True,False,False,,-1,14.7264,6000
2026-06-27 14:50:54,31,B+0.5,6573,8,True,False,False,,-1,14.7191,6000
2026-06-27 14:51:10,33,B+2.5,6989,9,True,False,False,,-1,14.7352,6000
2026-06-27 14:51:23,29,B+0.5,6157,6,True,False,False,,-1,14.7234,6000
2026-06-27 14:51:36,33,B+0.5,6989,9,True,False,False,,-1,14.6944,6000
2026-06-27 14:51:48,27,B+0.5,5741,6,True,False,False,,-1,14.6624,6000
2026-06-27 14:52:02,31,B+0.5,6573,8,True,False,False,,-1,14.6449,6000
2026-06-27 14:52:15,29,B+1.5,6157,7,True,False,False,,-1,14.6494,6000
2026-06-27 14:52:28,29,B+0.5,6157,7,True,False,False,,-1,14.6193,6000
2026-06-27 14:52:41,29,B+2.5,6157,6,True,False,False,,-1,14.567,6000
2026-06-27 14:52:56,33,B+0.5,6989,9,True,False,False,,-1,14.5731,6000
2026-06-27 14:53:10,31,B+4.5,6573,7,True,False,False,,-1,14.5928,6000
2026-06-27 14:53:24,33,B+0.5,6989,9,True,False,False,,-1,14.5873,6000
2026-06-27 14:53:38,33,B+0.5,6989,9,True,False,False,,-1,14.5982,6000
2026-06-27 14:53:52,31,B+2.5,6573,8,True,False,False,,-1,14.5703,6000
2026-06-27 14:54:05,27,B+0.5,5741,6,True,False,False,,-1,14.556,6000
2026-06-27 14:54:16,25,B+0.5,5325,5,True,False,False,,-1,14.523,6000
2026-06-27 14:54:30,29,B+0.5,6157,7,True,False,False,,-1,14.5291,6000
2026-06-27 14:54:44,31,B+0.5,6573,8,True,False,False,,-1,14.529,6000
2026-06-27 14:54:59,33,B+2.5,6989,8,True,False,False,,-1,14.5574,6000
2026-06-27 14:55:11,27,B+0.5,5741,6,True,False,False,,-1,14.5369,6000
2026-06-27 14:55:25,31,B+0.5,6573,8,True,False,False,,-1,14.5186,6000
2026-06-27 14:55:38,27,B+0.5,5741,6,True,False,False,,-1,14.5032,6000
2026-06-27 14:55:52,31,B+1.5,6573,8,True,False,False,,-1,14.4832,6000
2026-06-27 14:56:06,33,B+0.5,6989,9,True,False,False,,-1,14.4791,6000
2026-06-27 14:56:19,29,B+0.5,6157,7,True,False,False,,-1,14.4541,6000
2026-06-27 14:56:32,31,B+0.5,6573,8,True,False,False,,-1,14.4456,6000
2026-06-27 14:56:46,29,B+0.5,6157,7,True,False,False,,-1,14.448,6000
2026-06-27 14:56:59,27,B+1.5,5741,6,True,False,False,,-1,14.4374,6000
2026-06-27 14:57:12,31,B+2.5,6573,8,True,False,False,,-1,14.4187,6000
2026-06-27 14:57:26,33,B+0.5,6989,9,True,False,False,,-1,14.4033,6000
2026-06-27 14:57:38,31,B+0.5,6573,8,True,False,False,,-1,14.3821,6000
2026-06-27 14:57:52,31,B+1.5,6573,8,True,False,False,,-1,14.3769,6000
2026-06-27 14:58:06,29,B+0.5,6157,7,True,False,False,,-1,14.3168,6000
2026-06-27 14:58:20,33,B+0.5,6989,9,True,False,False,,-1,14.3325,6000
2026-06-27 14:58:32,25,B+0.5,5325,5,True,False,False,,-1,14.2993,6000
2026-06-27 14:58:47,33,B+0.5,6989,9,True,False,False,,-1,14.3065,6000
2026-06-27 14:59:01,33,B+0.5,6989,9,True,False,False,,-1,14.3055,6000
2026-06-27 14:59:14,31,B+0.5,6573,8,True,False,False,,-1,14.3078,6000
2026-06-27 14:59:28,31,B+0.5,6573,8,True,False,False,,-1,14.3001,6000
2026-06-27 14:59:42,29,B+1.5,6157,7,True,False,False,,-1,14.2944,6000
2026-06-27 14:59:54,31,B+0.5,6573,8,True,False,False,,-1,14.2781,6000
2026-06-27 15:00:09,33,B+0.5,6989,9,True,False,False,,-1,14.241,6000
2026-06-27 15:00:23,29,B+1.5,6157,7,True,False,False,,-1,14.2483,6000
2026-06-27 15:00:36,29,B+0.5,6157,7,True,False,False,,-1,14.2424,6000
2026-06-27 15:00:50,29,B+0.5,6157,7,True,False,False,,-1,14.2607,6000
2026-06-27 15:01:04,31,B+0.5,6573,8,True,False,False,,-1,14.258,6000
2026-06-27 15:01:17,31,B+0.5,6573,8,True,False,False,,-1,14.2589,6000
2026-06-27 15:01:30,31,B+0.5,6573,8,True,False,False,,-1,14.2593,6000
2026-06-27 15:01:46,33,B+0.5,6989,9,True,False,False,,-1,14.2562,6000
2026-06-27 15:02:00,33,B+0.5,6989,9,True,False,False,,-1,14.2496,6000
2026-06-27 15:02:15,31,B+0.5,6573,8,True,False,False,,-1,14.2417,6000
2026-06-27 15:02:28,33,B+0.5,6989,9,True,False,False,,-1,13.8588,6000
2026-06-27 15:02:43,31,B+0.5,6573,8,True,False,False,,-1,13.8717,6000
2026-06-27 15:02:57,31,B+0.5,6573,8,True,False,False,,-1,13.8671,6000
2026-06-27 15:03:11,29,B+0.5,6157,7,True,False,False,,-1,13.8468,6000
2026-06-27 15:03:22,25,B+0.5,5325,5,True,False,False,,-1,13.8246,6000
2026-06-27 15:03:35,31,B+0.5,6573,8,True,False,False,,-1,13.8138,6000
2026-06-27 15:03:48,29,B+0.5,6157,7,True,False,False,,-1,13.7891,6000
2026-06-27 15:04:02,33,B+0.5,6989,9,True,False,False,,-1,13.7795,6000
2026-06-27 15:04:17,35,B+0.5,7405,9,True,False,False,,-1,13.7611,6000
2026-06-27 15:04:29,25,B+0.5,5325,5,True,False,False,,-1,13.7316,6000
2026-06-27 15:04:42,27,B+1.5,5741,6,True,False,False,,-1,13.7272,6000
2026-06-27 15:04:55,31,B+0.5,6573,8,True,False,False,,-1,13.7223,6000
2026-06-27 15:05:10,33,B+0.5,6989,9,True,False,False,,-1,13.6945,6000
2026-06-27 15:05:22,27,B+1.5,5741,6,True,False,False,,-1,13.6694,6000
2026-06-27 15:05:35,29,B+0.5,6157,6,True,False,False,,-1,13.6652,6000
2026-06-27 15:05:49,31,B+1.5,6573,8,True,False,False,,-1,13.6675,6000
2026-06-27 15:06:03,33,B+0.5,6989,9,True,False,False,,-1,13.6759,6000
2026-06-27 15:06:16,29,B+0.5,6157,7,True,False,False,,-1,13.6663,6000
2026-06-27 15:06:28,27,B+0.5,5741,6,True,False,False,,-1,13.647,6000
2026-06-27 15:06:42,29,B+0.5,6157,7,True,False,False,,-1,13.6006,6000
2026-06-27 15:06:55,31,B+0.5,6573,8,True,False,False,,-1,13.6033,6000
2026-06-27 15:07:09,29,B+0.5,6157,7,True,False,False,,-1,13.6084,6000
2026-06-27 15:07:23,33,B+0.5,6989,9,True,False,False,,-1,13.5945,6000
2026-06-27 15:07:36,33,B+2.5,6989,9,True,False,False,,-1,13.5704,6000
2026-06-27 15:07:50,31,B+0.5,6573,8,True,False,False,,-1,13.5757,6000
2026-06-27 15:08:04,33,B+2.5,6989,9,True,False,False,,-1,13.5556,6000
2026-06-27 15:08:17,33,B+0.5,6989,9,True,False,False,,-1,13.5583,6000
2026-06-27 15:08:32,33,B+0.5,6989,9,True,False,False,,-1,13.5586,6000
2026-06-27 15:08:46,31,B+0.5,6573,8,True,False,False,,-1,13.5484,6000
2026-06-27 15:09:02,31,B+0.5,6573,6,True,False,False,,-1,13.5769,6000
2026-06-27 15:09:15,31,B+0.5,6573,8,True,False,False,,-1,13.5751,6000
2026-06-27 15:09:30,31,B+0.5,6573,8,True,False,False,,-1,13.5814,6000
2026-06-27 15:09:44,29,B+0.5,6157,7,True,False,False,,-1,13.5913,6000
2026-06-27 15:09:58,27,B+1.5,5741,6,True,False,False,,-1,13.5952,6000
2026-06-27 15:10:12,31,B+0.5,6573,8,True,False,False,,-1,13.5966,6000
2026-06-27 15:10:26,33,B+0.5,6989,9,True,False,False,,-1,13.6056,6000
2026-06-27 15:10:41,31,B+2.5,6573,8,True,False,False,,-1,13.5943,6000
2026-06-27 15:10:55,29,B+0.5,6157,7,True,False,False,,-1,13.5866,6000
2026-06-27 15:11:08,29,B+0.5,6157,7,True,False,False,,-1,13.5852,6000
2026-06-27 15:11:21,29,B+0.5,6157,7,True,False,False,,-1,13.591,6000
2026-06-27 15:11:36,35,B+0.5,7405,9,True,False,False,,-1,13.5913,6000
2026-06-27 15:11:51,33,B+0.5,6989,9,True,False,False,,-1,13.6027,6000
2026-06-27 15:12:05,31,B+0.5,6573,8,True,False,False,,-1,13.6179,6000
2026-06-27 15:12:18,31,B+0.5,6573,8,True,False,False,,-1,13.6152,6000
2026-06-27 15:12:31,31,B+0.5,6573,8,True,False,False,,-1,13.6176,6000
2026-06-27 15:12:45,33,B+0.5,6989,9,True,False,False,,-1,13.6314,6000
2026-06-27 15:12:59,31,B+0.5,6573,8,True,False,False,,-1,13.6262,6000
2026-06-27 15:13:12,31,B+0.5,6573,8,True,False,False,,-1,13.6398,6000
2026-06-27 15:13:26,29,B+0.5,6157,7,True,False,False,,-1,13.6535,6000
2026-06-27 15:13:41,33,B+0.5,6989,9,True,False,False,,-1,13.6643,6000
2026-06-27 15:13:54,29,B+0.5,6157,7,True,False,False,,-1,13.6345,6000
2026-06-27 15:14:05,27,B+0.5,5741,6,True,False,False,,-1,13.6176,6000
2026-06-27 15:14:18,29,B+0.5,6157,7,True,False,False,,-1,13.6249,6000
2026-06-27 15:14:31,31,B+2.5,6573,8,True,False,False,,-1,13.6353,6000
2026-06-27 15:14:46,31,B+0.5,6573,8,True,False,False,,-1,13.6372,6000
2026-06-27 15:14:59,29,B+0.5,6157,7,True,False,False,,-1,13.6333,6000
2026-06-27 15:15:13,29,B+0.5,6157,7,True,False,False,,-1,13.6462,6000
2026-06-27 15:15:27,35,B+0.5,7405,10,True,False,False,,-1,13.6554,6000
2026-06-27 15:15:41,29,B+0.5,6157,7,True,False,False,,-1,13.6537,6000
2026-06-27 15:15:56,33,B+0.5,6989,9,True,False,False,,-1,13.6523,6000
2026-06-27 15:16:10,31,B+0.5,6573,8,True,False,False,,-1,13.6518,6000
2026-06-27 15:16:22,31,B+0.5,6573,8,True,False,False,,-1,13.6374,6000
2026-06-27 15:16:37,33,B+0.5,6989,9,True,False,False,,-1,13.6498,6000
2026-06-27 15:16:52,31,B+0.5,6573,8,True,False,False,,-1,13.667,6000
2026-06-27 15:17:06,31,B+0.5,6573,8,True,False,False,,-1,13.6929,6000
2026-06-27 15:17:20,29,B+2.5,6157,7,True,False,False,,-1,13.696,6000
2026-06-27 15:17:34,31,B+0.5,6573,8,True,False,False,,-1,13.7035,6000
2026-06-27 15:17:48,29,B+0.5,6157,7,True,False,False,,-1,13.681,6000
2026-06-27 15:18:01,29,B+3.5,6157,7,True,False,False,,-1,13.6948,6000
2026-06-27 15:18:14,27,B+1.5,5741,6,True,False,False,,-1,13.688,6000
2026-06-27 15:18:28,31,B+0.5,6573,8,True,False,False,,-1,13.7,6000
2026-06-27 15:18:41,29,B+0.5,6157,7,True,False,False,,-1,13.6884,6000
2026-06-27 15:18:57,37,B+0.5,7821,9,True,False,False,,-1,13.7001,6000
2026-06-27 15:19:11,33,B+0.5,6989,9,True,False,False,,-1,13.716,6000
2026-06-27 15:19:24,29,B+0.5,6157,7,True,False,False,,-1,13.7145,6000
2026-06-27 15:19:38,31,B+0.5,6573,8,True,False,False,,-1,13.7148,6000
2026-06-27 15:19:52,33,B+2.5,6989,9,True,False,False,,-1,13.7268,6000
2026-06-27 15:20:06,31,B+0.5,6573,8,True,False,False,,-1,13.7375,6000
2026-06-27 15:20:19,27,B+1.5,5741,6,True,False,False,,-1,13.7275,6000
2026-06-27 15:20:33,31,B+1.5,6573,8,True,False,False,,-1,13.7459,6000
2026-06-27 15:20:50,31,B+0.5,6573,4,True,False,False,,-1,13.7743,6000
2026-06-27 15:21:04,33,B+0.5,6989,9,True,False,False,,-1,13.7847,6000
2026-06-27 15:21:19,33,B+0.5,6989,9,True,False,False,,-1,13.7921,6000
2026-06-27 15:21:31,25,B+0.5,5325,5,True,False,False,,-1,13.791,6000
2026-06-27 15:21:45,31,B+0.5,6573,8,True,False,False,,-1,13.7856,6000
2026-06-27 15:22:00,31,B+1.5,6573,8,True,False,False,,-1,13.7858,6000
2026-06-27 15:22:14,31,B+0.5,6573,8,True,False,False,,-1,13.7967,6000
2026-06-27 15:22:27,29,B+0.5,6157,7,True,False,False,,-1,13.79,6000
2026-06-27 15:22:38,25,B+0.5,5325,5,True,False,False,,-1,13.7634,6000
2026-06-27 15:22:51,25,B+1.5,5325,5,True,False,False,,-1,13.7609,6000
2026-06-27 15:23:05,33,B+0.5,6989,9,True,False,False,,-1,13.7666,6000
2026-06-27 15:23:21,31,B+0.5,6573,8,True,False,False,,-1,13.7781,6000
2026-06-27 15:23:34,29,B+0.5,6157,7,True,False,False,,-1,13.7771,6000
2026-06-27 15:23:48,29,B+0.5,6157,7,True,False,False,,-1,13.7747,6000
2026-06-27 15:24:04,35,B+2.5,7405,9,True,False,False,,-1,13.7983,6000
2026-06-27 15:24:18,33,B+0.5,6989,9,True,False,False,,-1,13.8112,6000
2026-06-27 15:26:28,31,B+0.5,6575,8,False,False,False,,-0.88,13.7454,7000
2026-06-27 15:26:42,29,B+0.5,6159,7,True,False,False,,-0.88,13.7401,7000
2026-06-27 15:26:56,31,B+0.5,6575,8,False,False,False,,-0.88,13.7369,7000
2026-06-27 15:27:12,33,B+0.5,6991,9,False,False,False,,-0.88,13.7534,7000
2026-06-27 15:27:25,27,B+0.5,5743,6,False,False,False,,-0.88,13.7415,7000
2026-06-27 15:27:41,33,B+0.5,6991,9,False,False,False,,-0.88,13.763,7000
2026-06-27 15:27:56,31,B+0.5,6575,8,False,False,False,,-0.88,13.7764,7000
2026-06-27 15:28:12,33,B+0.5,6991,9,False,False,False,,-0.88,13.8229,7000
2026-06-27 15:28:24,27,B+0.5,5743,6,False,False,False,,-0.88,13.8082,7000
2026-06-27 15:28:38,31,B+3.5,6575,8,False,False,False,,-0.88,13.8139,7000
2026-06-27 15:28:54,33,B+0.5,6991,9,False,False,False,,-0.88,13.839,7000
2026-06-27 15:29:09,33,B+1.5,6991,9,False,False,False,,-0.88,13.8471,7000
2026-06-27 15:29:24,33,B+0.5,6991,9,False,False,False,,-0.88,13.8639,7000
2026-06-27 15:29:40,33,B+0.5,6991,9,False,False,False,,-0.88,13.9,7000
2026-06-27 15:29:53,29,B+0.5,6159,7,False,False,False,,-0.88,13.9009,7000
2026-06-27 15:30:08,35,B+0.5,7407,10,False,False,False,,-0.88,13.9019,7000
2026-06-27 15:30:23,33,B+0.5,6991,9,False,False,False,,-0.88,13.9336,7000
2026-06-27 15:30:38,35,B+0.5,7407,10,False,False,False,,-0.88,13.946,7000
2026-06-27 15:30:54,33,B+2.5,6991,9,False,False,False,,-0.88,13.97,7000
2026-06-27 15:31:09,33,B+1.5,6991,8,True,False,False,,-0.88,13.9777,7000
2026-06-27 15:31:21,25,B+0.5,5327,5,False,False,False,,-0.88,13.9722,7000
2026-06-27 15:31:36,33,B+0.5,6991,9,False,False,False,,-0.88,13.996,7000
2026-06-27 15:31:53,39,B+6.5,8239,12,False,False,False,,-0.88,14.03,7000
2026-06-27 15:32:09,33,B+0.5,6991,9,False,False,False,,-0.88,14.0579,7000
2026-06-27 15:32:23,29,B+0.5,6159,7,False,False,False,,-0.88,14.0624,7000
2026-06-27 15:32:37,31,B+0.5,6575,8,False,False,False,,-0.88,14.0652,7000
2026-06-27 15:32:51,33,B+0.5,6991,9,False,False,False,,-0.88,14.0693,7000
2026-06-27 15:33:05,31,B+0.5,6575,8,False,False,False,,-0.88,14.0668,7000
2026-06-27 15:33:19,31,B+0.5,6575,8,False,False,False,,-0.88,14.0716,7000
2026-06-27 15:33:32,31,B+0.5,6575,8,False,False,False,,-0.88,14.0693,7000
2026-06-27 15:33:45,31,B+2.5,6575,8,False,False,False,,-0.88,14.0525,7000
2026-06-27 15:33:59,29,B+0.5,6159,7,False,False,False,,-0.88,14.0548,7000
2026-06-27 15:34:13,31,B+1.5,6575,8,False,False,False,,-0.88,14.0258,7000
2026-06-27 15:34:28,33,B+0.5,6991,9,False,False,False,,-0.88,14.0461,7000
2026-06-27 15:34:42,33,B+0.5,6991,9,False,False,False,,-0.88,14.0443,7000
2026-06-27 15:34:56,33,B+0.5,6991,9,False,False,False,,-0.88,14.049,7000
2026-06-27 15:35:11,33,B+0.5,6991,9,False,False,False,,-0.88,14.0569,7000
2026-06-27 15:35:25,31,B+0.5,6575,8,False,False,False,,-0.88,14.055,7000
2026-06-27 15:35:39,31,B+0.5,6575,8,False,False,False,,-0.88,14.0524,7000
2026-06-27 15:35:53,29,B+0.5,6159,7,False,False,False,,-0.88,14.0421,7000
2026-06-27 15:36:08,31,B+0.5,6575,8,False,False,False,,-0.88,14.0483,7000
2026-06-27 15:36:21,31,B+0.5,6575,8,False,False,False,,-0.88,14.0473,7000
2026-06-27 15:36:35,33,B+0.5,6991,9,False,False,False,,-0.88,14.0562,7000
2026-06-27 15:36:49,33,B+0.5,6991,9,False,False,False,,-0.88,14.0507,7000
2026-06-27 15:37:01,29,B+0.5,6159,7,False,False,False,,-0.88,14.0242,7000
2026-06-27 15:37:14,31,B+1.5,6575,8,False,False,False,,-0.88,14.0154,7000
2026-06-27 15:37:29,33,B+0.5,6991,9,False,False,False,,-0.88,14.031,7000
2026-06-27 15:37:43,31,B+1.5,6575,8,True,False,False,,-0.88,14.0351,7000
2026-06-27 15:37:56,35,B+1.5,7407,10,False,False,False,,-0.88,14.0348,7000
2026-06-27 15:38:10,29,B+0.5,6159,7,False,False,False,,-0.88,14.0313,7000
2026-06-27 15:38:24,33,B+0.5,6991,9,False,False,False,,-0.88,14.0337,7000
2026-06-27 15:38:36,27,B+0.5,5743,6,False,False,False,,-0.88,14.0202,7000
2026-06-27 15:38:49,27,B+0.5,5743,6,False,False,False,,-0.88,14.0016,7000
2026-06-27 15:39:04,33,B+0.5,6991,9,False,False,False,,-0.88,14.0262,7000
2026-06-27 15:39:18,31,B+0.5,6575,6,False,False,False,,-0.88,14.044,7000
2026-06-27 15:39:30,25,B+0.5,5327,4,False,False,False,,-0.88,14.0364,7000
2026-06-27 15:39:42,29,B+1.5,6159,7,False,False,False,,-0.88,14.0244,7000
2026-06-27 15:39:56,33,B+0.5,6991,9,False,False,False,,-0.88,14.0257,7000
2026-06-27 15:40:11,33,B+0.5,6991,9,False,False,False,,-0.88,14.0447,7000
2026-06-27 15:40:26,31,B+3.5,6575,8,False,False,False,,-0.88,14.0545,7000
2026-06-27 15:40:40,31,B+0.5,6575,8,False,False,False,,-0.88,14.0548,7000
2026-06-27 15:40:54,29,B+1.5,6159,7,False,False,False,,-0.88,14.048,7000
2026-06-27 15:41:08,29,B+0.5,6159,7,False,False,False,,-0.88,14.0439,7000
2026-06-27 15:41:22,33,B+0.5,6991,9,False,False,False,,-0.88,14.0406,7000
2026-06-27 15:41:33,27,B+1.5,5743,6,True,False,False,,-0.88,14.0294,7000
2026-06-27 15:41:44,25,B+0.5,5327,5,False,False,False,,-0.88,13.9893,7000
2026-06-27 15:41:58,33,B+0.5,6991,9,False,False,False,,-0.88,13.9801,7000
2026-06-27 15:42:12,33,B+0.5,6991,9,False,False,False,,-0.88,13.9794,7000
2026-06-27 15:42:24,29,B+0.5,6159,7,True,False,False,,-0.88,13.9662,7000
2026-06-27 15:42:36,25,B+0.5,5327,5,False,False,False,,-0.88,13.9408,7000
2026-06-27 15:42:52,33,B+0.5,6991,9,False,False,False,,-0.88,13.9625,7000
2026-06-27 15:43:04,27,B+1.5,5743,6,False,False,False,,-0.88,13.9457,7000
2026-06-27 15:43:18,33,B+0.5,6991,9,False,False,False,,-0.88,13.9606,7000
2026-06-27 15:43:31,27,B+1.5,5743,6,False,False,False,,-0.88,13.9424,7000
2026-06-27 15:43:44,29,B+0.5,6159,7,False,False,False,,-0.88,13.9507,7000
2026-06-27 15:43:58,31,B+0.5,6575,8,False,False,False,,-0.88,13.9308,7000
2026-06-27 15:44:11,31,B+1.5,6575,8,False,False,False,,-0.88,13.9212,7000
2026-06-27 15:44:24,29,B+0.5,6159,7,False,False,False,,-0.88,13.9208,7000
2026-06-27 15:44:38,31,B+0.5,6575,8,False,False,False,,-0.88,13.9212,7000
2026-06-27 15:44:50,29,B+2.5,6159,6,False,False,False,,-0.88,13.9013,7000
2026-06-27 15:45:03,31,B+0.5,6575,8,False,False,False,,-0.88,13.8935,7000
2026-06-27 15:45:19,33,B+0.5,6991,9,True,False,False,,-0.88,13.9251,7000
2026-06-27 15:45:32,29,B+0.5,6159,7,True,False,False,,-0.88,13.9143,7000
2026-06-27 15:45:45,27,B+0.5,5743,6,True,False,False,,-0.88,13.8764,7000
2026-06-27 15:45:58,29,B+0.5,6159,7,False,False,False,,-0.88,13.857,7000
2026-06-27 15:46:12,33,B+0.5,6991,9,False,False,False,,-0.88,13.8482,7000
2026-06-27 15:46:24,31,B+2.5,6575,8,False,False,False,,-0.88,13.8505,7000
2026-06-27 15:46:36,31,B+0.5,6575,8,True,False,False,,-0.88,13.8305,7000
2026-06-27 15:46:51,33,B+1.5,6991,9,False,False,False,,-0.88,13.8366,7000
2026-06-27 15:47:05,33,B+0.5,6991,9,False,False,False,,-0.88,13.835,7000
2026-06-27 15:47:19,33,B+0.5,6991,9,False,False,False,,-0.88,13.8384,7000
2026-06-27 15:47:30,25,B+0.5,5327,5,False,False,False,,-0.88,13.8438,7000
2026-06-27 15:47:46,33,B+0.5,6991,9,False,False,False,,-0.88,13.8762,7000
2026-06-27 15:48:00,29,B+0.5,6159,7,False,False,False,,-0.88,13.8654,7000
2026-06-27 15:48:14,29,B+0.5,6159,7,False,False,False,,-0.88,13.8502,7000
2026-06-27 15:48:29,37,B+0.5,7823,11,True,False,False,,-0.88,13.8751,7000
2026-06-27 15:48:41,27,B+3.5,5743,6,False,False,False,,-0.88,13.8539,7000
2026-06-27 15:48:56,31,B+0.5,6575,8,False,False,False,,-0.88,13.8462,7000
2026-06-27 15:49:09,27,B+0.5,5743,6,False,False,False,,-0.88,13.8271,7000
2026-06-27 15:49:23,33,B+0.5,6991,9,False,False,False,,-0.88,13.8789,7000
2026-06-27 15:49:36,33,B+0.5,6991,9,False,False,False,,-0.88,13.8786,7000
2026-06-27 15:49:51,31,B+0.5,6575,8,False,False,False,,-0.88,13.8899,7000
2026-06-27 15:50:06,33,B+2.5,6991,9,False,False,False,,-0.88,13.8926,7000
2026-06-27 15:50:19,31,B+0.5,6575,8,False,False,False,,-0.88,13.8722,7000
2026-06-27 15:50:31,29,B+0.5,6159,7,True,False,False,,-0.88,13.8578,7000
2026-06-27 15:50:46,33,B+0.5,6991,9,False,False,False,,-0.88,13.8449,7000
2026-06-27 15:50:58,27,B+0.5,5743,6,True,False,False,,-0.88,13.8189,7000
2026-06-27 15:51:12,33,B+0.5,6991,9,False,False,False,,-0.88,13.7945,7000
2026-06-27 15:51:26,31,B+0.5,6575,8,False,False,False,,-0.88,13.8161,7000
2026-06-27 15:51:40,31,B+0.5,6575,8,False,False,False,,-0.88,13.8192,7000
2026-06-27 15:51:53,31,B+0.5,6575,8,False,False,False,,-0.88,13.7959,7000
2026-06-27 15:52:09,29,B+0.5,6159,7,False,False,False,,-0.88,13.7922,7000
2026-06-27 15:52:22,31,B+1.5,6575,8,True,False,False,,-0.88,13.7819,7000
2026-06-27 15:52:36,31,B+0.5,6575,8,False,False,False,,-0.88,13.7576,7000
2026-06-27 15:52:50,33,B+0.5,6991,9,False,False,False,,-0.88,13.7679,7000
2026-06-27 15:53:03,29,B+0.5,6159,7,False,False,False,,-0.88,13.7464,7000
2026-06-27 15:53:16,33,B+0.5,6991,9,False,False,False,,-0.88,13.7319,7000
2026-06-27 15:53:30,31,B+0.5,6575,8,False,False,False,,-0.88,13.7237,7000
2026-06-27 15:53:46,31,B+0.5,6575,8,False,False,False,,-0.88,13.7179,7000
2026-06-27 15:53:58,29,B+0.5,6159,7,False,False,False,,-0.88,13.6876,7000
2026-06-27 15:54:12,33,B+0.5,6991,9,False,False,False,,-0.88,13.7075,7000
2026-06-27 15:54:24,31,B+0.5,6575,8,False,False,False,,-0.88,13.6814,7000
2026-06-27 15:54:39,33,B+0.5,6991,9,False,False,False,,-0.88,13.6613,7000
2026-06-27 15:54:52,35,B+0.5,7407,10,False,False,False,,-0.88,13.6377,7000
2026-06-27 15:55:05,27,B+1.5,5743,6,False,False,False,,-0.88,13.6213,7000
2026-06-27 15:55:19,33,B+0.5,6991,9,False,False,False,,-0.88,13.6119,7000
2026-06-27 15:55:31,31,B+0.5,6575,8,False,False,False,,-0.88,13.6031,7000
2026-06-27 15:55:45,33,B+0.5,6991,9,False,False,False,,-0.88,13.6055,7000
2026-06-27 15:55:58,33,B+0.5,6991,9,False,False,False,,-0.88,13.5896,7000
2026-06-27 15:56:11,25,B+0.5,5327,5,False,False,False,,-0.88,13.5882,7000
2026-06-27 15:56:24,31,B+0.5,6575,8,False,False,False,,-0.88,13.5846,7000
2026-06-27 15:56:36,27,B+0.5,5743,6,True,False,False,,-0.88,13.56,7000
2026-06-27 15:56:48,29,B+0.5,6159,7,False,False,False,,-0.88,13.5485,7000
2026-06-27 15:57:03,33,B+0.5,6991,9,False,False,False,,-0.88,13.5472,7000
2026-06-27 15:57:17,31,B+1.5,6575,8,False,False,False,,-0.88,13.5484,7000
2026-06-27 15:57:31,33,B+1.5,6991,9,False,False,False,,-0.88,13.5467,7000
2026-06-27 15:57:44,31,B+1.5,6575,8,False,False,False,,-0.88,13.5295,7000
2026-06-27 15:57:58,31,B+0.5,6575,8,False,False,False,,-0.88,13.5309,7000
2026-06-27 15:58:10,25,B+0.5,5327,5,True,False,False,,-0.88,13.5093,7000
2026-06-27 15:58:23,33,B+0.5,6991,9,False,False,False,,-0.88,13.4954,7000
2026-06-27 15:58:38,35,B+1.5,7407,10,False,False,False,,-0.88,13.501,7000
2026-06-27 15:58:53,31,B+0.5,6575,8,False,False,False,,-0.88,13.5206,7000
2026-06-27 15:59:07,33,B+0.5,6991,9,False,False,False,,-0.88,13.5226,7000
2026-06-27 15:59:21,31,B+0.5,6575,8,False,False,False,,-0.88,13.5265,7000
2026-06-27 15:59:36,33,B+0.5,6991,9,False,False,False,,-0.88,13.5455,7000
2026-06-27 15:59:50,29,B+0.5,6159,7,False,False,False,,-0.88,13.5585,7000
2026-06-27 16:00:01,25,B+1.5,5327,5,False,False,False,,-0.88,13.5188,7000
2026-06-27 16:00:14,31,B+0.5,6575,8,True,False,False,,-0.88,13.513,7000
2026-06-27 16:00:27,31,B+0.5,6575,8,True,False,False,,-0.88,13.5036,7000
2026-06-27 16:00:41,31,B+0.5,6575,8,False,False,False,,-0.88,13.5103,7000
2026-06-27 16:00:55,31,B+0.5,6575,8,False,False,False,,-0.88,13.509,7000
2026-06-27 16:01:11,33,B+2.5,6991,9,False,False,False,,-0.88,13.5459,7000
2026-06-27 16:01:25,33,B+0.5,6991,9,False,False,False,,-0.88,13.5557,7000
2026-06-27 16:01:40,33,B+0.5,6991,8,False,False,False,,-0.88,13.5585,7000
2026-06-27 16:01:53,29,B+0.5,6159,7,False,False,False,,-0.88,13.5545,7000
2026-06-27 16:02:06,25,B+0.5,5327,5,True,False,False,,-0.88,13.5553,7000
2026-06-27 16:02:21,31,B+0.5,6575,8,True,False,False,,-0.88,13.5917,7000
2026-06-27 16:02:33,29,B+0.5,6159,7,False,False,False,,-0.88,13.5665,7000
2026-06-27 16:02:46,29,B+1.5,6159,7,False,False,False,,-0.88,13.5466,7000
2026-06-27 16:03:01,33,B+0.5,6991,9,False,False,False,,-0.88,13.542,7000
2026-06-27 16:03:15,33,B+4.5,6991,9,False,False,False,,-0.88,13.5406,7000
2026-06-27 16:03:30,33,B+0.5,6991,9,False,False,False,,-0.88,13.5529,7000
2026-06-27 16:03:43,27,B+0.5,5743,6,False,False,False,,-0.88,13.5432,7000
2026-06-27 16:03:56,31,B+0.5,6575,8,False,False,False,,-0.88,13.5456,7000
2026-06-27 16:04:09,29,B+0.5,6159,7,False,False,False,,-0.88,13.5555,7000
2026-06-27 16:04:23,31,B+0.5,6575,8,False,False,False,,-0.88,13.5912,7000
2026-06-27 16:04:39,33,B+0.5,6991,9,False,False,False,,-0.88,13.6082,7000
2026-06-27 16:04:52,31,B+0.5,6575,8,False,False,False,,-0.88,13.6046,7000
2026-06-27 16:05:06,31,B+1.5,6575,8,False,False,False,,-0.88,13.6134,7000
2026-06-27 16:05:21,33,B+2.5,6991,9,False,False,False,,-0.88,13.6415,7000
2026-06-27 16:05:34,33,B+0.5,6991,9,False,False,False,,-0.88,13.6235,7000
2026-06-27 16:05:46,29,B+0.5,6159,7,False,False,False,,-0.88,13.625,7000
2026-06-27 16:05:59,29,B+0.5,6159,7,False,False,False,,-0.88,13.6038,7000
2026-06-27 16:06:13,33,B+0.5,6991,9,False,False,False,,-0.88,13.6207,7000
2026-06-27 16:06:26,33,B+2.5,6991,9,True,False,False,,-0.88,13.6189,7000
2026-06-27 16:06:40,33,B+0.5,6991,9,False,False,False,,-0.88,13.6198,7000
2026-06-27 16:06:54,33,B+0.5,6991,8,False,False,False,,-0.88,13.6351,7000
2026-06-27 16:07:09,33,B+0.5,6991,9,True,False,False,,-0.88,13.643,7000
2026-06-27 16:07:23,31,B+0.5,6575,8,False,False,False,,-0.88,13.6471,7000
2026-06-27 16:07:35,29,B+0.5,6159,7,False,False,False,,-0.88,13.6541,7000
2026-06-27 16:07:49,33,B+2.5,6991,9,False,False,False,,-0.88,13.6599,7000
2026-06-27 16:10:04,31,B+0.5,6570,8,False,False,False,,-0.88,13.6011,8000
2026-06-27 16:10:18,33,B+0.5,6986,9,False,False,False,,-0.88,13.6134,8000
2026-06-27 16:10:32,33,B+2.5,6986,9,False,False,False,,-0.88,13.6293,8000
2026-06-27 16:10:47,33,B+0.5,6986,9,False,False,False,,-0.88,13.6376,8000
2026-06-27 16:11:00,27,B+1.5,5738,6,False,False,False,,-0.88,13.6497,8000
2026-06-27 16:11:14,33,B+0.5,6986,9,True,False,False,,-0.88,13.6599,8000
2026-06-27 16:11:28,31,B+0.5,6570,8,False,False,False,,-0.88,13.6567,8000
2026-06-27 16:11:43,29,B+0.5,6154,7,True,False,False,,-0.88,13.6578,8000
2026-06-27 16:11:57,33,B+0.5,6986,9,False,False,False,,-0.88,13.6676,8000
2026-06-27 16:12:10,29,B+0.5,6154,7,False,False,False,,-0.88,13.679,8000
2026-06-27 16:12:24,33,B+0.5,6986,9,False,False,False,,-0.88,13.6622,8000
2026-06-27 16:12:38,31,B+0.5,6570,8,False,False,False,,-0.88,13.669,8000
2026-06-27 16:12:52,31,B+1.5,6570,8,False,False,False,,-0.88,13.6739,8000
2026-06-27 16:13:08,33,B+0.5,6986,9,False,False,False,,-0.88,13.6743,8000
2026-06-27 16:13:22,33,B+0.5,6986,9,False,False,False,,-0.88,13.698,8000
2026-06-27 16:13:37,31,B+0.5,6570,8,False,False,False,,-0.88,13.696,8000
2026-06-27 16:13:50,29,B+2.5,6154,7,False,False,False,,-0.88,13.702,8000
2026-06-27 16:14:04,27,B+0.5,5738,6,False,False,False,,-0.88,13.6944,8000
2026-06-27 16:14:20,33,B+0.5,6986,9,False,False,False,,-0.88,13.7179,8000
2026-06-27 16:14:34,33,B+0.5,6986,9,False,False,False,,-0.88,13.7188,8000
2026-06-27 16:14:47,29,B+0.5,6154,7,False,False,False,,-0.88,13.7046,8000
2026-06-27 16:15:00,31,B+0.5,6570,8,False,False,False,,-0.88,13.6978,8000
2026-06-27 16:15:15,29,B+0.5,6154,7,False,False,False,,-0.88,13.7185,8000
2026-06-27 16:15:28,33,B+0.5,6986,9,False,False,False,,-0.88,13.7104,8000
2026-06-27 16:15:42,31,B+0.5,6570,8,False,False,False,,-0.88,13.723,8000
2026-06-27 16:15:57,33,B+0.5,6986,9,False,False,False,,-0.88,13.7348,8000
2026-06-27 16:16:10,31,B+0.5,6570,8,False,False,False,,-0.88,13.7242,8000
2026-06-27 16:16:22,31,B+0.5,6570,8,False,False,False,,-0.88,13.714,8000
2026-06-27 16:16:35,29,B+1.5,6154,7,False,False,False,,-0.88,13.7028,8000
2026-06-27 16:16:47,29,B+0.5,6154,7,False,False,False,,-0.88,13.6727,8000
2026-06-27 16:17:02,33,B+0.5,6986,9,False,False,False,,-0.88,13.683,8000
2026-06-27 16:17:14,29,B+0.5,6154,7,False,False,False,,-0.88,13.674,8000
2026-06-27 16:17:27,31,B+0.5,6570,8,False,False,False,,-0.88,13.6551,8000
2026-06-27 16:17:41,31,B+0.5,6570,8,False,False,False,,-0.88,13.6684,8000
2026-06-27 16:17:53,29,B+0.5,6154,7,True,False,False,,-0.88,13.6519,8000
2026-06-27 16:18:08,33,B+0.5,6986,9,False,False,False,,-0.88,13.6599,8000
2026-06-27 16:18:21,33,B+1.5,6986,9,False,False,False,,-0.88,13.6429,8000
2026-06-27 16:18:35,31,B+0.5,6570,8,False,False,False,,-0.88,13.6624,8000
2026-06-27 16:18:48,31,B+0.5,6570,8,False,False,False,,-0.88,13.6515,8000
2026-06-27 16:19:02,31,B+0.5,6570,8,False,False,False,,-0.88,13.6633,8000
2026-06-27 16:19:16,33,B+0.5,6986,9,False,False,False,,-0.88,13.6584,8000
2026-06-27 16:19:30,33,B+0.5,6986,9,False,False,False,,-0.88,13.6608,8000
2026-06-27 16:19:43,31,B+2.5,6570,8,False,False,False,,-0.88,13.6656,8000
2026-06-27 16:19:57,33,B+0.5,6986,9,False,False,False,,-0.88,13.6665,8000
2026-06-27 16:20:10,33,B+0.5,6986,9,False,False,False,,-0.88,13.6744,8000
2026-06-27 16:20:23,29,B+0.5,6154,7,False,False,False,,-0.88,13.6665,8000
2026-06-27 16:20:37,33,B+0.5,6986,9,False,False,False,,-0.88,13.6741,8000
2026-06-27 16:20:50,33,B+0.5,6986,9,False,False,False,,-0.88,13.6761,8000
2026-06-27 16:21:04,31,B+0.5,6570,8,False,False,False,,-0.88,13.6882,8000
2026-06-27 16:21:17,29,B+5.5,6154,7,False,False,False,,-0.88,13.6969,8000
2026-06-27 16:21:28,27,B+0.5,5738,6,False,False,False,,-0.88,13.6883,8000
2026-06-27 16:21:42,35,B+0.5,7402,10,False,False,False,,-0.88,13.6822,8000
2026-06-27 16:21:56,31,B+0.5,6570,8,False,False,False,,-0.88,13.6738,8000
2026-06-27 16:22:08,25,B+0.5,5322,5,False,False,False,,-0.88,13.6522,8000
2026-06-27 16:22:21,33,B+0.5,6986,9,False,False,False,,-0.88,13.6585,8000
2026-06-27 16:22:35,33,B+0.5,6986,9,False,False,False,,-0.88,13.6507,8000
2026-06-27 16:22:48,33,B+0.5,6986,9,False,False,False,,-0.88,13.6659,8000
2026-06-27 16:23:02,33,B+0.5,6986,9,True,False,False,,-0.88,13.6785,8000
2026-06-27 16:23:16,33,B+0.5,6986,9,False,False,False,,-0.88,13.6666,8000
2026-06-27 16:23:30,33,B+0.5,6986,9,False,False,False,,-0.88,13.6602,8000
2026-06-27 16:23:44,33,B+0.5,6986,9,False,False,False,,-0.88,13.6578,8000
2026-06-27 16:23:59,33,B+0.5,6986,9,False,False,False,,-0.88,13.6667,8000
2026-06-27 16:24:13,31,B+0.5,6570,7,False,False,False,,-0.88,13.6575,8000
2026-06-27 16:24:28,33,B+0.5,6986,9,False,False,False,,-0.88,13.662,8000
2026-06-27 16:24:42,31,B+0.5,6570,8,False,False,False,,-0.88,13.6934,8000
2026-06-27 16:24:56,31,B+1.5,6570,8,False,False,False,,-0.88,13.7023,8000
2026-06-27 16:25:10,33,B+0.5,6986,9,False,False,False,,-0.88,13.7165,8000
2026-06-27 16:25:22,29,B+0.5,6154,7,True,False,False,,-0.88,13.6993,8000
2026-06-27 16:25:35,33,B+0.5,6986,9,False,False,False,,-0.88,13.6906,8000
2026-06-27 16:25:48,31,B+3.5,6570,8,False,False,False,,-0.88,13.6615,8000
2026-06-27 16:26:01,31,B+1.5,6570,8,False,False,False,,-0.88,13.6538,8000
2026-06-27 16:26:15,31,B+1.5,6570,8,False,False,False,,-0.88,13.6313,8000
2026-06-27 16:26:28,29,B+0.5,6154,7,False,False,False,,-0.88,13.6299,8000
2026-06-27 16:26:42,33,B+0.5,6986,9,False,False,False,,-0.88,13.6536,8000
2026-06-27 16:26:55,31,B+0.5,6570,8,False,False,False,,-0.88,13.629,8000
2026-06-27 16:27:10,31,B+0.5,6570,8,False,False,False,,-0.88,13.6535,8000
2026-06-27 16:27:23,31,B+0.5,6570,8,True,False,False,,-0.88,13.6572,8000
2026-06-27 16:27:37,29,B+0.5,6154,7,False,False,False,,-0.88,13.6515,8000
2026-06-27 16:27:50,31,B+0.5,6570,8,False,False,False,,-0.88,13.638,8000
2026-06-27 16:28:04,31,B+0.5,6570,8,False,False,False,,-0.88,13.6282,8000
2026-06-27 16:28:19,33,B+0.5,6986,9,False,False,False,,-0.88,13.6496,8000
2026-06-27 16:28:32,33,B+0.5,6986,9,False,False,False,,-0.88,13.6447,8000
2026-06-27 16:28:44,29,B+0.5,6154,7,False,False,False,,-0.88,13.6402,8000
2026-06-27 16:28:57,33,B+0.5,6986,9,False,False,False,,-0.88,13.6285,8000
2026-06-27 16:29:11,33,B+0.5,6986,9,False,False,False,,-0.88,13.608,8000
2026-06-27 16:29:24,33,B+0.5,6986,9,False,False,False,,-0.88,13.6068,8000
2026-06-27 16:29:39,33,B+0.5,6986,9,False,False,False,,-0.88,13.6143,8000
2026-06-27 16:29:52,33,B+0.5,6986,9,False,False,False,,-0.88,13.6002,8000
2026-06-27 16:30:06,33,B+0.5,6986,9,False,False,False,,-0.88,13.5999,8000
2026-06-27 16:30:17,27,B+2.5,5738,6,False,False,False,,-0.88,13.5927,8000
2026-06-27 16:30:30,29,B+0.5,6154,7,False,False,False,,-0.88,13.599,8000
2026-06-27 16:30:44,31,B+0.5,6570,8,False,False,False,,-0.88,13.6034,8000
2026-06-27 16:30:56,27,B+0.5,5738,6,True,False,False,,-0.88,13.5843,8000
2026-06-27 16:31:09,31,B+0.5,6570,8,True,False,False,,-0.88,13.5835,8000
2026-06-27 16:31:23,31,B+1.5,6570,8,False,False,False,,-0.88,13.5729,8000
2026-06-27 16:31:34,29,B+0.5,6154,7,False,False,False,,-0.88,13.541,8000
2026-06-27 16:31:49,33,B+1.5,6986,9,False,False,False,,-0.88,13.5468,8000
2026-06-27 16:32:03,33,B+0.5,6986,9,False,False,False,,-0.88,13.5627,8000
2026-06-27 16:32:17,29,B+0.5,6154,7,False,False,False,,-0.88,13.5586,8000
2026-06-27 16:32:29,33,B+1.5,6986,9,False,False,False,,-0.88,13.5827,8000
2026-06-27 16:32:43,31,B+1.5,6570,8,False,False,False,,-0.88,13.5869,8000
2026-06-27 16:32:58,33,B+2.5,6986,9,False,False,False,,-0.88,13.5946,8000
2026-06-27 16:33:14,35,B+0.5,7402,9,True,False,False,,-0.88,13.6141,8000
2026-06-27 16:33:27,31,B+0.5,6570,8,True,False,False,,-0.88,13.5924,8000
2026-06-27 16:33:40,33,B+0.5,6986,9,False,False,False,,-0.88,13.5959,8000
2026-06-27 16:33:53,33,B+0.5,6986,9,False,False,False,,-0.88,13.5916,8000
2026-06-27 16:34:08,33,B+0.5,6986,9,False,False,False,,-0.88,13.5901,8000
2026-06-27 16:34:20,29,B+0.5,6154,7,False,False,False,,-0.88,13.5713,8000
2026-06-27 16:34:32,29,B+0.5,6154,7,False,False,False,,-0.88,13.5508,8000
2026-06-27 16:34:46,31,B+0.5,6570,8,False,False,False,,-0.88,13.5602,8000
2026-06-27 16:34:59,31,B+0.5,6570,8,False,False,False,,-0.88,13.5555,8000
2026-06-27 16:35:13,31,B+0.5,6570,8,False,False,False,,-0.88,13.5434,8000
2026-06-27 16:35:26,31,B+1.5,6570,8,False,False,False,,-0.88,13.5388,8000
2026-06-27 16:35:40,31,B+0.5,6570,8,False,False,False,,-0.88,13.512,8000
2026-06-27 16:35:53,33,B+0.5,6986,9,False,False,False,,-0.88,13.5093,8000
2026-06-27 16:36:07,33,B+0.5,6986,9,False,False,False,,-0.88,13.496,8000
2026-06-27 16:36:19,25,B+0.5,5322,5,False,False,False,,-0.88,13.4891,8000
2026-06-27 16:36:32,29,B+0.5,6154,7,False,False,False,,-0.88,13.4797,8000
2026-06-27 16:36:46,33,B+1.5,6986,9,False,False,False,,-0.88,13.4648,8000
2026-06-27 16:37:00,31,B+1.5,6570,8,False,False,False,,-0.88,13.4549,8000
2026-06-27 16:37:14,33,B+0.5,6986,9,False,False,False,,-0.88,13.4632,8000
2026-06-27 16:37:27,33,B+0.5,6986,9,False,False,False,,-0.88,13.4712,8000
2026-06-27 16:37:40,29,B+0.5,6154,7,False,False,False,,-0.88,13.454,8000
2026-06-27 16:37:52,27,B+0.5,5738,6,True,False,False,,-0.88,13.4394,8000
2026-06-27 16:38:05,29,B+0.5,6154,7,False,False,False,,-0.88,13.428,8000
2026-06-27 16:38:19,29,B+1.5,6154,7,False,False,False,,-0.88,13.4204,8000
2026-06-27 16:38:32,33,B+0.5,6986,9,False,False,False,,-0.88,13.4225,8000
2026-06-27 16:38:46,33,B+0.5,6986,9,False,False,False,,-0.88,13.4336,8000
2026-06-27 16:38:59,31,B+0.5,6570,8,False,False,False,,-0.88,13.4444,8000
2026-06-27 16:39:12,27,B+0.5,5738,6,False,False,False,,-0.88,13.4419,8000
2026-06-27 16:39:25,29,B+4.5,6154,7,False,False,False,,-0.88,13.4352,8000
2026-06-27 16:39:37,27,B+0.5,5738,6,False,False,False,,-0.88,13.4294,8000
2026-06-27 16:39:51,31,B+1.5,6570,8,False,False,False,,-0.88,13.4436,8000
2026-06-27 16:40:05,29,B+0.5,6154,7,True,False,False,,-0.88,13.4348,8000
2026-06-27 16:40:19,33,B+2.5,6986,9,False,False,False,,-0.88,13.461,8000
2026-06-27 16:40:32,29,B+0.5,6154,7,False,False,False,,-0.88,13.4439,8000
2026-06-27 16:40:46,33,B+2.5,6986,9,False,False,False,,-0.88,13.4438,8000
2026-06-27 16:41:00,29,B+0.5,6154,7,False,False,False,,-0.88,13.4429,8000
2026-06-27 16:41:15,31,B+0.5,6570,8,False,False,False,,-0.88,13.462,8000
2026-06-27 16:41:29,33,B+0.5,6986,9,False,False,False,,-0.88,13.4734,8000
2026-06-27 16:41:42,29,B+0.5,6154,7,False,False,False,,-0.88,13.457,8000
2026-06-27 16:41:54,31,B+1.5,6570,8,True,False,False,,-0.88,13.4431,8000
2026-06-27 16:42:07,31,B+0.5,6570,8,True,False,False,,-0.88,13.4386,8000
2026-06-27 16:42:20,29,B+0.5,6154,7,False,False,False,,-0.88,13.4292,8000
2026-06-27 16:42:34,29,B+0.5,6154,7,False,False,False,,-0.88,13.4324,8000
2026-06-27 16:42:46,31,B+3.5,6570,8,False,False,False,,-0.88,13.4245,8000
2026-06-27 16:42:59,33,B+0.5,6986,9,False,False,False,,-0.88,13.4224,8000
2026-06-27 16:43:12,31,B+0.5,6570,8,False,False,False,,-0.88,13.4162,8000
2026-06-27 16:43:25,33,B+0.5,6986,9,False,False,False,,-0.88,13.4087,8000
2026-06-27 16:43:39,33,B+0.5,6986,9,False,False,False,,-0.88,13.4174,8000
2026-06-27 16:43:52,29,B+1.5,6154,7,False,False,False,,-0.88,13.4387,8000
2026-06-27 16:44:06,33,B+4.5,6986,9,False,False,False,,-0.88,13.4378,8000
2026-06-27 16:44:20,29,B+0.5,6154,7,False,False,False,,-0.88,13.4398,8000
2026-06-27 16:44:35,33,B+0.5,6986,9,False,False,False,,-0.88,13.4704,8000
2026-06-27 16:44:47,29,B+0.5,6154,7,False,False,False,,-0.88,13.4564,8000
2026-06-27 16:45:01,33,B+0.5,6986,9,False,False,False,,-0.88,13.4652,8000
2026-06-27 16:45:13,29,B+0.5,6154,7,False,False,False,,-0.88,13.4461,8000
2026-06-27 16:45:26,31,B+1.5,6570,8,False,False,False,,-0.88,13.437,8000
2026-06-27 16:45:39,33,B+1.5,6986,9,False,False,False,,-0.88,13.4358,8000
2026-06-27 16:45:53,31,B+1.5,6570,8,False,False,False,,-0.88,13.4297,8000
2026-06-27 16:46:05,31,B+0.5,6570,8,False,False,False,,-0.88,13.4026,8000
2026-06-27 16:46:18,33,B+0.5,6986,9,False,False,False,,-0.88,13.3836,8000
2026-06-27 16:46:31,31,B+1.5,6570,8,False,False,False,,-0.88,13.3818,8000
2026-06-27 16:46:44,31,B+1.5,6570,8,True,False,False,,-0.88,13.361,8000
2026-06-27 16:46:59,33,B+0.5,6986,9,True,False,False,,-0.88,13.3728,8000
2026-06-27 16:47:15,35,B+2.5,7402,10,False,False,False,,-0.88,13.3879,8000
2026-06-27 16:47:30,33,B+2.5,6986,9,False,False,False,,-0.88,13.3995,8000
2026-06-27 16:47:43,31,B+1.5,6570,8,False,False,False,,-0.88,13.4097,8000
2026-06-27 16:47:57,33,B+0.5,6986,9,False,False,False,,-0.88,13.4151,8000
2026-06-27 16:48:11,31,B+0.5,6570,8,False,False,False,,-0.88,13.4258,8000
2026-06-27 16:48:25,33,B+0.5,6986,9,False,False,False,,-0.88,13.4337,8000
2026-06-27 16:48:39,33,B+0.5,6986,9,False,False,False,,-0.88,13.4381,8000
2026-06-27 16:48:54,33,B+0.5,6986,9,False,False,False,,-0.88,13.4606,8000
2026-06-27 16:49:07,31,B+0.5,6570,8,False,False,False,,-0.88,13.4494,8000
2026-06-27 16:49:20,33,B+0.5,6986,9,False,False,False,,-0.88,13.4481,8000
2026-06-27 16:49:34,31,B+0.5,6570,8,True,False,False,,-0.88,13.4426,8000
2026-06-27 16:49:48,31,B+0.5,6570,8,False,False,False,,-0.88,13.4514,8000
2026-06-27 16:50:03,33,B+0.5,6986,9,False,False,False,,-0.88,13.4554,8000
2026-06-27 16:50:17,31,B+1.5,6570,8,False,False,False,,-0.88,13.4671,8000
2026-06-27 16:50:31,33,B+0.5,6986,9,False,False,False,,-0.88,13.4713,8000
2026-06-27 16:52:39,27,B+0.5,5738,6,False,False,False,,-0.88,13.4022,9000
2026-06-27 16:52:52,29,B+0.5,6154,7,False,False,False,,-0.88,13.4097,9000
2026-06-27 16:53:06,33,B+0.5,6986,9,False,False,False,,-0.88,13.4205,9000
2026-06-27 16:53:23,33,B+1.5,6986,8,False,False,False,,-0.88,13.4488,9000
2026-06-27 16:53:35,27,B+0.5,5738,6,False,False,False,,-0.88,13.4393,9000
2026-06-27 16:53:49,31,B+0.5,6570,8,True,False,False,,-0.88,13.4396,9000
2026-06-27 16:54:05,33,B+0.5,6986,9,False,False,False,,-0.88,13.4637,9000
2026-06-27 16:54:19,31,B+0.5,6570,8,False,False,False,,-0.88,13.4648,9000
2026-06-27 16:54:33,27,B+3.5,5738,6,False,False,False,,-0.88,13.4906,9000
2026-06-27 16:54:47,33,B+4.5,6986,9,False,False,False,,-0.88,13.4977,9000
2026-06-27 16:55:01,31,B+0.5,6570,8,False,False,False,,-0.88,13.4925,9000
2026-06-27 16:55:17,33,B+0.5,6986,9,False,False,False,,-0.88,13.5381,9000
2026-06-27 16:55:31,33,B+0.5,6986,9,False,False,False,,-0.88,13.5449,9000
2026-06-27 16:55:45,31,B+0.5,6570,8,False,False,False,,-0.88,13.5489,9000
2026-06-27 16:55:59,31,B+0.5,6570,8,False,False,False,,-0.88,13.5805,9000
2026-06-27 16:56:11,31,B+4.5,6570,8,False,False,False,,-0.88,13.5579,9000
2026-06-27 16:56:24,31,B+1.5,6570,8,False,False,False,,-0.88,13.5434,9000
2026-06-27 16:56:35,27,B+0.5,5738,6,False,False,False,,-0.88,13.5149,9000
2026-06-27 16:56:48,29,B+0.5,6154,7,False,False,False,,-0.88,13.5131,9000
2026-06-27 16:57:02,33,B+0.5,6986,9,True,False,False,,-0.88,13.5221,9000
2026-06-27 16:57:15,31,B+0.5,6570,8,False,False,False,,-0.88,13.5076,9000
2026-06-27 16:57:28,31,B+0.5,6570,8,False,False,False,,-0.88,13.474,9000
2026-06-27 16:57:43,33,B+0.5,6986,9,False,False,False,,-0.88,13.4909,9000
2026-06-27 16:57:57,29,B+0.5,6154,6,False,False,False,,-0.88,13.5039,9000
2026-06-27 16:58:11,33,B+0.5,6986,9,True,False,False,,-0.88,13.513,9000
2026-06-27 16:58:24,29,B+0.5,6154,7,False,False,False,,-0.88,13.4946,9000
2026-06-27 16:58:37,31,B+2.5,6570,8,False,False,False,,-0.88,13.5045,9000
2026-06-27 16:58:52,33,B+0.5,6986,9,False,False,False,,-0.88,13.5237,9000
2026-06-27 16:59:04,33,B+0.5,6986,9,False,False,False,,-0.88,13.5134,9000
2026-06-27 16:59:19,35,B+0.5,7402,10,False,False,False,,-0.88,13.5287,9000
2026-06-27 16:59:33,31,B+0.5,6570,8,False,False,False,,-0.88,13.5296,9000
2026-06-27 16:59:47,33,B+0.5,6986,9,False,False,False,,-0.88,13.5348,9000
2026-06-27 17:00:02,33,B+0.5,6986,9,False,False,False,,-0.88,13.5547,9000
2026-06-27 17:00:15,33,B+0.5,6986,9,False,False,False,,-0.88,13.5496,9000
2026-06-27 17:00:29,29,B+0.5,6154,7,False,False,False,,-0.88,13.5476,9000
2026-06-27 17:00:43,33,B+0.5,6986,9,False,False,False,,-0.88,13.5717,9000
2026-06-27 17:00:55,27,B+0.5,5738,6,False,False,False,,-0.88,13.5659,9000
2026-06-27 17:01:10,31,B+0.5,6570,8,False,False,False,,-0.88,13.5636,9000
2026-06-27 17:01:23,31,B+0.5,6570,8,False,False,False,,-0.88,13.5564,9000
2026-06-27 17:01:36,31,B+0.5,6570,8,False,False,False,,-0.88,13.5484,9000
2026-06-27 17:01:50,33,B+0.5,6986,9,False,False,False,,-0.88,13.5554,9000
2026-06-27 17:02:02,27,B+1.5,5738,6,False,False,False,,-0.88,13.5483,9000
2026-06-27 17:02:15,29,B+0.5,6154,7,False,False,False,,-0.88,13.5544,9000
2026-06-27 17:02:30,33,B+0.5,6986,8,False,False,False,,-0.88,13.5801,9000
2026-06-27 17:02:41,23,B+1.5,4906,4,False,False,False,,-0.88,13.5545,9000
2026-06-27 17:02:55,31,B+0.5,6570,8,True,False,False,,-0.88,13.5663,9000
2026-06-27 17:03:10,31,B+0.5,6570,8,True,False,False,,-0.88,13.5664,9000
2026-06-27 17:03:24,33,B+0.5,6986,9,False,False,False,,-0.88,13.5743,9000
2026-06-27 17:03:38,31,B+1.5,6570,8,False,False,False,,-0.88,13.5968,9000
2026-06-27 17:03:51,31,B+0.5,6570,8,False,False,False,,-0.88,13.5908,9000
2026-06-27 17:04:04,29,B+0.5,6154,7,False,False,False,,-0.88,13.5923,9000
2026-06-27 17:04:17,29,B+0.5,6154,7,False,False,False,,-0.88,13.585,9000
2026-06-27 17:04:30,33,B+2.5,6986,9,False,False,False,,-0.88,13.5833,9000
2026-06-27 17:04:44,31,B+0.5,6570,8,False,False,False,,-0.88,13.5808,9000
2026-06-27 17:05:31,114,B+R,23834,12,False,False,False,W,-0.88,13.9213,9000
2026-06-27 17:05:44,31,B+1.5,6570,8,True,False,False,,-0.88,13.9119,9000
2026-06-27 17:05:58,31,B+0.5,6570,8,False,False,False,,-0.88,13.9111,9000
2026-06-27 17:06:10,25,B+0.5,5322,5,False,False,False,,-0.88,13.887,9000
2026-06-27 17:06:25,33,B+0.5,6986,9,False,False,False,,-0.88,13.8844,9000
2026-06-27 17:06:40,31,B+0.5,6570,8,False,False,False,,-0.88,13.9106,9000
2026-06-27 17:06:53,25,B+0.5,5322,5,False,False,False,,-0.88,13.9183,9000
2026-06-27 17:07:08,33,B+0.5,6986,9,False,False,False,,-0.88,13.9349,9000
2026-06-27 17:07:21,29,B+0.5,6154,7,False,False,False,,-0.88,13.9384,9000
2026-06-27 17:07:35,33,B+0.5,6986,9,False,False,False,,-0.88,13.9406,9000
2026-06-27 17:07:48,29,B+2.5,6154,7,False,False,False,,-0.88,13.9489,9000
2026-06-27 17:08:02,31,B+0.5,6570,8,False,False,False,,-0.88,13.961,9000
2026-06-27 17:08:15,31,B+1.5,6570,8,False,False,False,,-0.88,13.9659,9000
2026-06-27 17:08:30,33,B+0.5,6986,9,False,False,False,,-0.88,13.9769,9000
2026-06-27 17:08:45,33,B+0.5,6986,9,False,False,False,,-0.88,13.9915,9000
2026-06-27 17:08:58,29,B+0.5,6154,7,False,False,False,,-0.88,13.992,9000
2026-06-27 17:09:12,33,B+0.5,6986,9,False,False,False,,-0.88,13.9953,9000
2026-06-27 17:09:24,29,B+0.5,6154,7,False,False,False,,-0.88,13.9736,9000
2026-06-27 17:09:38,31,B+0.5,6570,8,False,False,False,,-0.88,13.9559,9000
2026-06-27 17:09:50,33,B+0.5,6986,9,False,False,False,,-0.88,13.9631,9000
2026-06-27 17:10:04,33,B+0.5,6986,9,False,False,False,,-0.88,13.9599,9000
2026-06-27 17:10:18,29,B+2.5,6154,7,True,False,False,,-0.88,13.9759,9000
2026-06-27 17:10:31,29,B+0.5,6154,7,False,False,False,,-0.88,13.9772,9000
2026-06-27 17:10:43,29,B+0.5,6154,7,False,False,False,,-0.88,13.9667,9000
2026-06-27 17:10:56,29,B+3.5,6154,7,False,False,False,,-0.88,13.956,9000
2026-06-27 17:11:09,31,B+0.5,6570,8,False,False,False,,-0.88,13.9742,9000
2026-06-27 17:11:23,33,B+0.5,6986,9,False,False,False,,-0.88,13.9804,9000
2026-06-27 17:11:35,29,B+0.5,6154,7,False,False,False,,-0.88,13.9672,9000
2026-06-27 17:11:49,31,B+0.5,6570,8,False,False,False,,-0.88,13.9765,9000
2026-06-27 17:12:02,33,B+0.5,6986,9,False,False,False,,-0.88,13.9629,9000
2026-06-27 17:12:17,35,B+1.5,7402,10,False,False,False,,-0.88,13.9569,9000
2026-06-27 17:12:30,33,B+2.5,6986,9,False,False,False,,-0.88,13.9342,9000
2026-06-27 17:12:44,31,B+0.5,6570,8,False,False,False,,-0.88,13.9412,9000
2026-06-27 17:12:58,33,B+0.5,6986,9,False,False,False,,-0.88,13.9416,9000
2026-06-27 17:13:11,29,B+0.5,6154,7,False,False,False,,-0.88,13.9305,9000
2026-06-27 17:13:26,33,B+0.5,6986,9,False,False,False,,-0.88,13.9382,9000
2026-06-27 17:13:40,31,B+0.5,6570,8,False,False,False,,-0.88,13.9469,9000
2026-06-27 17:13:53,29,B+0.5,6154,7,False,False,False,,-0.88,13.9263,9000
2026-06-27 17:14:08,33,B+0.5,6986,9,False,False,False,,-0.88,13.9377,9000
2026-06-27 17:14:23,33,B+0.5,6986,9,False,False,False,,-0.88,13.9564,9000
2026-06-27 17:14:36,33,B+0.5,6986,9,False,False,False,,-0.88,13.9558,9000
2026-06-27 17:14:50,31,B+2.5,6570,8,False,False,False,,-0.88,13.9496,9000
2026-06-27 17:15:03,31,B+0.5,6570,8,False,False,False,,-0.88,13.938,9000
2026-06-27 17:15:20,37,B+1.5,7818,9,False,False,False,,-0.88,13.9595,9000
2026-06-27 17:15:33,33,B+0.5,6986,9,False,False,False,,-0.88,13.9518,9000
2026-06-27 17:15:47,31,B+0.5,6570,8,False,False,False,,-0.88,13.9887,9000
2026-06-27 17:15:59,29,B+1.5,6154,7,False,False,False,,-0.88,13.9987,9000
2026-06-27 17:16:13,31,B+0.5,6570,8,False,False,False,,-0.88,14.0127,9000
2026-06-27 17:16:27,31,B+0.5,6570,8,False,False,False,,-0.88,14.0019,9000
2026-06-27 17:16:39,31,B+0.5,6570,8,False,False,False,,-0.88,13.9668,9000
2026-06-27 17:16:52,27,B+0.5,5738,6,False,False,False,,-0.88,13.9616,9000
2026-06-27 17:17:04,31,B+0.5,6570,8,False,False,False,,-0.88,13.9469,9000
2026-06-27 17:17:19,33,B+0.5,6986,9,False,False,False,,-0.88,13.9382,9000
2026-06-27 17:17:31,29,B+2.5,6154,7,False,False,False,,-0.88,13.9185,9000
2026-06-27 17:17:45,35,B+1.5,7402,10,False,False,False,,-0.88,13.9179,9000
2026-06-27 17:17:57,29,B+1.5,6154,7,False,False,False,,-0.88,13.9032,9000
2026-06-27 17:18:09,25,B+0.5,5322,5,False,False,False,,-0.88,13.8784,9000
2026-06-27 17:18:22,31,B+1.5,6570,8,True,False,False,,-0.88,13.8519,9000
2026-06-27 17:18:34,29,B+0.5,6154,7,False,False,False,,-0.88,13.8254,9000
2026-06-27 17:18:46,31,B+2.5,6570,8,False,False,False,,-0.88,13.8077,9000
2026-06-27 17:19:00,31,B+0.5,6570,7,False,False,False,,-0.88,13.8132,9000
2026-06-27 17:19:14,33,B+0.5,6986,9,False,False,False,,-0.88,13.8262,9000
2026-06-27 17:19:28,33,B+1.5,6986,9,False,False,False,,-0.88,13.8302,9000
2026-06-27 17:19:41,33,B+4.5,6986,9,False,False,False,,-0.88,13.8593,9000
2026-06-27 17:19:56,35,B+0.5,7402,10,False,False,False,,-0.88,13.8833,9000
2026-06-27 17:20:08,29,B+0.5,6154,7,False,False,False,,-0.88,13.8637,9000
2026-06-27 17:20:20,29,B+0.5,6154,7,False,False,False,,-0.88,13.8443,9000
2026-06-27 17:20:35,33,B+0.5,6986,9,False,False,False,,-0.88,13.8619,9000
2026-06-27 17:20:49,35,B+1.5,7402,10,False,False,False,,-0.88,13.8601,9000
2026-06-27 17:21:01,29,B+0.5,6154,7,False,False,False,,-0.88,13.8414,9000
2026-06-27 17:21:14,31,B+1.5,6570,8,False,False,False,,-0.88,13.8224,9000
2026-06-27 17:21:26,29,B+0.5,6154,7,True,False,False,,-0.88,13.815,9000
2026-06-27 17:21:40,31,B+1.5,6570,8,False,False,False,,-0.88,13.8244,9000
2026-06-27 17:21:51,25,B+0.5,5322,5,False,False,False,,-0.88,13.7905,9000
2026-06-27 17:22:04,31,B+0.5,6570,8,False,False,False,,-0.88,13.7999,9000
2026-06-27 17:22:18,33,B+0.5,6986,9,False,False,False,,-0.88,13.7825,9000
2026-06-27 17:22:32,35,B+0.5,7402,10,True,False,False,,-0.88,13.7912,9000
2026-06-27 17:22:45,31,B+0.5,6570,8,False,False,False,,-0.88,13.7804,9000
2026-06-27 17:22:58,31,B+1.5,6570,8,False,False,False,,-0.88,13.7562,9000
2026-06-27 17:23:11,31,B+0.5,6570,8,True,False,False,,-0.88,13.7571,9000
2026-06-27 17:23:24,31,B+0.5,6570,8,True,False,False,,-0.88,13.7553,9000
2026-06-27 17:23:40,37,B+2.5,7818,11,False,False,False,,-0.88,13.7666,9000
2026-06-27 17:23:52,31,B+2.5,6570,8,False,False,False,,-0.88,13.7691,9000
2026-06-27 17:24:05,29,B+0.5,6154,7,True,False,False,,-0.88,13.7553,9000
2026-06-27 17:24:19,31,B+0.5,6570,8,False,False,False,,-0.88,13.76,9000
2026-06-27 17:24:32,31,B+1.5,6570,8,True,False,False,,-0.88,13.7638,9000
2026-06-27 17:24:47,31,B+2.5,6570,8,True,False,False,,-0.88,13.7669,9000
2026-06-27 17:25:00,31,B+0.5,6570,8,False,False,False,,-0.88,13.7771,9000
2026-06-27 17:25:13,33,B+0.5,6986,9,False,False,False,,-0.88,13.7859,9000
2026-06-27 17:25:27,33,B+0.5,6986,9,False,False,False,,-0.88,13.7665,9000
2026-06-27 17:25:41,31,B+0.5,6570,8,False,False,False,,-0.88,13.7922,9000
2026-06-27 17:25:54,29,B+2.5,6154,7,False,False,False,,-0.88,13.7786,9000
2026-06-27 17:26:07,31,B+0.5,6570,8,False,False,False,,-0.88,13.7742,9000
2026-06-27 17:26:21,31,B+0.5,6570,8,False,False,False,,-0.88,13.7655,9000
2026-06-27 17:26:33,31,B+0.5,6570,8,False,False,False,,-0.88,13.7498,9000
2026-06-27 17:26:47,31,B+0.5,6570,8,False,False,False,,-0.88,13.7523,9000
2026-06-27 17:26:59,29,B+0.5,6154,7,True,False,False,,-0.88,13.7516,9000
2026-06-27 17:27:12,29,B+0.5,6154,7,False,False,False,,-0.88,13.7549,9000
2026-06-27 17:27:25,29,B+2.5,6154,7,False,False,False,,-0.88,13.7554,9000
2026-06-27 17:27:39,31,B+0.5,6570,8,False,False,False,,-0.88,13.7458,9000
2026-06-27 17:27:52,33,B+0.5,6986,9,True,False,False,,-0.88,13.4038,9000
2026-06-27 17:28:04,31,B+0.5,6570,8,False,False,False,,-0.88,13.4001,9000
2026-06-27 17:28:17,29,B+0.5,6154,7,False,False,False,,-0.88,13.3906,9000
2026-06-27 17:28:31,33,B+0.5,6986,9,False,False,False,,-0.88,13.4089,9000
2026-06-27 17:28:43,25,B+0.5,5322,5,False,False,False,,-0.88,13.3772,9000
2026-06-27 17:28:54,27,B+1.5,5738,6,False,False,False,,-0.88,13.3409,9000
2026-06-27 17:29:10,33,B+0.5,6986,9,False,False,False,,-0.88,13.3651,9000
2026-06-27 17:29:23,31,B+0.5,6570,8,True,False,False,,-0.88,13.3525,9000
2026-06-27 17:29:35,31,B+0.5,6570,8,False,False,False,,-0.88,13.3456,9000
2026-06-27 17:29:48,33,B+0.5,6986,9,True,False,False,,-0.88,13.3363,9000
2026-06-27 17:30:03,31,B+1.5,6570,8,False,False,False,,-0.88,13.3469,9000
2026-06-27 17:30:14,29,B+2.5,6154,7,False,False,False,,-0.88,13.3196,9000
2026-06-27 17:30:27,27,B+0.5,5738,6,False,False,False,,-0.88,13.3117,9000
2026-06-27 17:30:40,31,B+0.5,6570,8,False,False,False,,-0.88,13.2988,9000
2026-06-27 17:30:54,29,B+1.5,6154,7,False,False,False,,-0.88,13.2898,9000
2026-06-27 17:31:09,35,B+0.5,7402,10,False,False,False,,-0.88,13.3106,9000
2026-06-27 17:31:22,33,B+2.5,6986,9,False,False,False,,-0.88,13.2968,9000
2026-06-27 17:31:34,29,B+0.5,6154,7,False,False,False,,-0.88,13.2997,9000
2026-06-27 17:31:47,31,B+0.5,6570,8,False,False,False,,-0.88,13.2914,9000
2026-06-27 17:32:02,33,B+1.5,6986,9,False,False,False,,-0.88,13.3152,9000
2026-06-27 17:32:16,33,B+0.5,6986,9,False,False,False,,-0.88,13.3182,9000
2026-06-27 17:32:29,29,B+0.5,6154,7,False,False,False,,-0.88,13.3163,9000
2026-06-27 17:32:43,31,B+0.5,6570,8,False,False,False,,-0.88,13.3195,9000
2026-06-27 17:32:57,31,B+0.5,6570,8,True,False,False,,-0.88,13.3358,9000
2026-06-27 17:33:10,31,B+0.5,6570,8,False,False,False,,-0.88,13.342,9000
2026-06-27 17:35:19,29,B+1.5,6146,7,False,False,False,,-0.88,13.3092,10000
2026-06-27 17:35:33,31,B+3.5,6562,8,False,False,False,,-0.88,13.3344,10000
2026-06-27 17:35:46,27,B+0.5,5730,6,False,False,False,,-0.88,13.3243,10000
2026-06-27 17:36:00,31,B+0.5,6562,8,False,False,False,,-0.88,13.3274,10000
2026-06-27 17:36:16,35,B+5.5,7394,10,False,False,False,,-0.88,13.3382,10000
2026-06-27 17:36:31,33,B+0.5,6978,8,False,False,False,,-0.88,13.3581,10000
2026-06-27 17:36:46,33,B+0.5,6978,9,True,False,False,,-0.88,13.3626,10000
2026-06-27 17:37:00,31,B+1.5,6562,8,False,False,False,,-0.88,13.374,10000
2026-06-27 17:37:13,29,B+1.5,6146,7,False,False,False,,-0.88,13.3722,10000
2026-06-27 17:37:28,33,B+0.5,6978,9,False,False,False,,-0.88,13.3754,10000
2026-06-27 17:37:44,33,B+0.5,6978,8,False,False,False,,-0.88,13.3899,10000
2026-06-27 17:37:58,33,B+0.5,6978,9,False,False,False,,-0.88,13.3974,10000
2026-06-27 17:38:12,31,B+0.5,6562,8,False,False,False,,-0.88,13.3941,10000
2026-06-27 17:38:25,33,B+0.5,6978,9,False,False,False,,-0.88,13.371,10000
2026-06-27 17:38:39,33,B+0.5,6978,9,False,False,False,,-0.88,13.3808,10000
2026-06-27 17:38:54,33,B+0.5,6978,9,True,False,False,,-0.88,13.3877,10000
2026-06-27 17:39:06,29,B+0.5,6146,7,False,False,False,,-0.88,13.3724,10000
2026-06-27 17:39:20,33,B+0.5,6978,9,True,False,False,,-0.88,13.3585,10000
2026-06-27 17:39:34,33,B+1.5,6978,9,False,False,False,,-0.88,13.3576,10000
2026-06-27 17:39:48,31,B+0.5,6562,8,False,False,False,,-0.88,13.3607,10000
2026-06-27 17:40:01,33,B+0.5,6978,9,False,False,False,,-0.88,13.3691,10000
2026-06-27 17:40:15,31,B+1.5,6562,8,False,False,False,,-0.88,13.3634,10000
2026-06-27 17:40:29,33,B+0.5,6978,9,False,False,False,,-0.88,13.3682,10000
2026-06-27 17:40:41,33,B+0.5,6978,9,False,False,False,,-0.88,13.3696,10000
2026-06-27 17:40:56,33,B+1.5,6978,9,False,False,False,,-0.88,13.3903,10000
2026-06-27 17:41:09,29,B+0.5,6146,7,False,False,False,,-0.88,13.3993,10000
2026-06-27 17:41:23,33,B+0.5,6978,9,False,False,False,,-0.88,13.3843,10000
2026-06-27 17:41:37,33,B+0.5,6978,9,True,False,False,,-0.88,13.4064,10000
2026-06-27 17:41:49,33,B+2.5,6978,8,False,False,False,,-0.88,13.3976,10000
2026-06-27 17:42:04,33,B+0.5,6978,9,True,False,False,,-0.88,13.4166,10000
2026-06-27 17:42:17,33,B+0.5,6978,9,False,False,False,,-0.88,13.4339,10000
2026-06-27 17:42:30,31,B+0.5,6562,8,True,False,False,,-0.88,13.4311,10000
2026-06-27 17:42:44,31,B+0.5,6562,8,True,False,False,,-0.88,13.4529,10000
2026-06-27 17:42:58,31,B+0.5,6562,8,False,False,False,,-0.88,13.4772,10000
2026-06-27 17:43:12,31,B+0.5,6562,8,False,False,False,,-0.88,13.463,10000
2026-06-27 17:43:25,33,B+0.5,6978,9,False,False,False,,-0.88,13.4637,10000
2026-06-27 17:43:38,31,B+0.5,6562,8,False,False,False,,-0.88,13.4567,10000
2026-06-27 17:43:51,33,B+1.5,6978,9,False,False,False,,-0.88,13.4464,10000
2026-06-27 17:44:04,33,B+0.5,6978,9,False,False,False,,-0.88,13.4321,10000
2026-06-27 17:44:19,33,B+1.5,6978,9,False,False,False,,-0.88,13.4535,10000
2026-06-27 17:44:32,31,B+0.5,6562,8,True,False,False,,-0.88,13.4688,10000
2026-06-27 17:44:46,33,B+0.5,6978,9,False,False,False,,-0.88,13.4621,10000
2026-06-27 17:44:59,33,B+0.5,6978,9,False,False,False,,-0.88,13.4548,10000
2026-06-27 17:45:13,33,B+0.5,6978,9,False,False,False,,-0.88,13.469,10000
2026-06-27 17:45:27,31,B+0.5,6562,8,False,False,False,,-0.88,13.4862,10000
2026-06-27 17:45:40,31,B+2.5,6562,8,False,False,False,,-0.88,13.4949,10000
2026-06-27 17:45:55,33,B+0.5,6978,9,False,False,False,,-0.88,13.5021,10000
2026-06-27 17:46:08,31,B+0.5,6562,8,False,False,False,,-0.88,13.5245,10000
2026-06-27 17:46:21,31,B+0.5,6562,8,False,False,False,,-0.88,13.5171,10000
2026-06-27 17:46:34,33,B+0.5,6978,9,False,False,False,,-0.88,13.5173,10000
2026-06-27 17:46:49,33,B+0.5,6978,9,False,False,False,,-0.88,13.5198,10000
2026-06-27 17:47:03,31,B+0.5,6562,8,False,False,False,,-0.88,13.5281,10000
2026-06-27 17:47:18,33,B+0.5,6978,9,False,False,False,,-0.88,13.5501,10000
2026-06-27 17:47:33,33,B+1.5,6978,9,False,False,False,,-0.88,13.5678,10000
2026-06-27 17:47:47,31,B+0.5,6562,8,False,False,False,,-0.88,13.5732,10000
2026-06-27 17:48:00,33,B+2.5,6978,9,False,False,False,,-0.88,13.5542,10000
2026-06-27 17:48:12,29,B+1.5,6146,7,False,False,False,,-0.88,13.5484,10000
2026-06-27 17:48:26,29,B+0.5,6146,7,False,False,False,,-0.88,13.5546,10000
2026-06-27 17:48:42,33,B+0.5,6978,9,False,False,False,,-0.88,13.5805,10000
2026-06-27 17:48:56,33,B+0.5,6978,9,False,False,False,,-0.88,13.5884,10000
2026-06-27 17:49:11,31,B+0.5,6562,8,False,False,False,,-0.88,13.5899,10000
2026-06-27 17:49:24,31,B+0.5,6562,8,False,False,False,,-0.88,13.5938,10000
2026-06-27 17:49:38,35,B+0.5,7394,10,False,False,False,,-0.88,13.5976,10000
2026-06-27 17:49:54,35,B+0.5,7394,9,False,False,False,,-0.88,13.621,10000
2026-06-27 17:50:08,33,B+0.5,6978,9,False,False,False,,-0.88,13.6197,10000
2026-06-27 17:50:22,33,B+0.5,6978,9,False,False,False,,-0.88,13.6349,10000
2026-06-27 17:50:35,33,B+1.5,6978,9,False,False,False,,-0.88,13.6303,10000
2026-06-27 17:50:48,31,B+0.5,6562,8,True,False,False,,-0.88,13.6268,10000
2026-06-27 17:51:02,35,B+0.5,7394,9,False,False,False,,-0.88,13.6421,10000
2026-06-27 17:51:17,31,B+0.5,6562,8,False,False,False,,-0.88,13.65,10000
2026-06-27 17:51:29,31,B+1.5,6562,8,True,False,False,,-0.88,13.6529,10000
2026-06-27 17:51:42,33,B+0.5,6978,9,False,False,False,,-0.88,13.6443,10000
2026-06-27 17:51:54,29,B+0.5,6146,7,False,False,False,,-0.88,13.6332,10000
2026-06-27 17:52:07,31,B+1.5,6562,8,False,False,False,,-0.88,13.6356,10000
2026-06-27 17:52:23,33,B+1.5,6978,9,False,False,False,,-0.88,13.6594,10000
2026-06-27 17:52:36,29,B+0.5,6146,7,True,False,False,,-0.88,13.6706,10000
2026-06-27 17:52:49,31,B+1.5,6562,8,False,False,False,,-0.88,13.6672,10000
2026-06-27 17:53:03,31,B+0.5,6562,7,False,False,False,,-0.88,13.6649,10000
2026-06-27 17:53:16,29,B+2.5,6146,7,False,False,False,,-0.88,13.688,10000
2026-06-27 17:53:29,29,B+0.5,6146,7,False,False,False,,-0.88,13.7002,10000
2026-06-27 17:53:43,37,B+2.5,7810,11,False,False,False,,-0.88,13.6815,10000
2026-06-27 17:53:56,31,B+0.5,6562,8,False,False,False,,-0.88,13.6862,10000
2026-06-27 17:54:09,27,B+1.5,5730,6,False,False,False,,-0.88,13.6846,10000
2026-06-27 17:54:21,31,B+0.5,6562,8,True,False,False,,-0.88,13.6799,10000
2026-06-27 17:54:35,33,B+0.5,6978,9,False,False,False,,-0.88,13.6721,10000
2026-06-27 17:54:50,35,B+0.5,7394,10,False,False,False,,-0.88,13.7078,10000
2026-06-27 17:55:02,33,B+0.5,6978,9,False,False,False,,-0.88,13.7087,10000
2026-06-27 17:55:15,27,B+0.5,5730,6,False,False,False,,-0.88,13.7058,10000
2026-06-27 17:55:28,31,B+1.5,6562,8,False,False,False,,-0.88,13.6926,10000
2026-06-27 17:55:40,29,B+2.5,6146,7,False,False,False,,-0.88,13.6634,10000
2026-06-27 17:55:55,33,B+0.5,6978,9,False,False,False,,-0.88,13.6779,10000
2026-06-27 17:56:11,33,B+0.5,6978,9,True,False,False,,-0.88,13.7168,10000
2026-06-27 17:56:26,33,B+0.5,6978,9,False,False,False,,-0.88,13.7419,10000
2026-06-27 17:56:40,35,B+1.5,7394,10,False,False,False,,-0.88,13.7251,10000
2026-06-27 17:56:52,27,B+1.5,5730,6,False,False,False,,-0.88,13.7115,10000
2026-06-27 17:57:05,31,B+0.5,6562,8,True,False,False,,-0.88,13.7033,10000
2026-06-27 17:57:21,33,B+0.5,6978,9,False,False,False,,-0.88,13.727,10000
2026-06-27 17:57:34,33,B+1.5,6978,9,False,False,False,,-0.88,13.7202,10000
2026-06-27 17:57:47,33,B+0.5,6978,9,False,False,False,,-0.88,13.722,10000
2026-06-27 17:58:00,33,B+0.5,6978,9,False,False,False,,-0.88,13.7285,10000
2026-06-27 17:58:14,33,B+1.5,6978,9,False,False,False,,-0.88,13.7475,10000
2026-06-27 17:58:26,31,B+0.5,6562,8,False,False,False,,-0.88,13.7236,10000
2026-06-27 17:58:39,29,B+0.5,6146,7,False,False,False,,-0.88,13.7308,10000
2026-06-27 17:58:52,29,B+0.5,6146,7,False,False,False,,-0.88,13.7174,10000
2026-06-27 17:59:05,27,B+3.5,5730,6,False,False,False,,-0.88,13.6865,10000
2026-06-27 17:59:18,31,B+0.5,6562,8,True,False,False,,-0.88,13.6741,10000
2026-06-27 17:59:34,33,B+0.5,6978,9,False,False,False,,-0.88,13.6808,10000
2026-06-27 17:59:47,33,B+0.5,6978,9,False,False,False,,-0.88,13.6652,10000
2026-06-27 18:00:01,33,B+0.5,6978,9,False,False,False,,-0.88,13.679,10000
2026-06-27 18:00:15,33,B+0.5,6978,9,False,False,False,,-0.88,13.6649,10000
2026-06-27 18:00:28,33,B+1.5,6978,9,True,False,False,,-0.88,13.6377,10000
2026-06-27 18:00:41,33,B+0.5,6978,9,False,False,False,,-0.88,13.6322,10000
2026-06-27 18:00:54,29,B+0.5,6146,7,False,False,False,,-0.88,13.6131,10000
2026-06-27 18:01:07,31,B+0.5,6562,8,False,False,False,,-0.88,13.6171,10000
2026-06-27 18:01:20,31,B+1.5,6562,8,True,False,False,,-0.88,13.6011,10000
2026-06-27 18:01:31,31,B+2.5,6562,8,False,False,False,,-0.88,13.5735,10000
2026-06-27 18:01:45,31,B+0.5,6562,8,False,False,False,,-0.88,13.5879,10000
2026-06-27 18:01:57,33,B+0.5,6978,9,False,False,False,,-0.88,13.5677,10000
2026-06-27 18:02:09,33,B+1.5,6978,9,True,False,False,,-0.88,13.5543,10000
2026-06-27 18:02:24,33,B+0.5,6978,9,False,False,False,,-0.88,13.5669,10000
2026-06-27 18:02:38,29,B+0.5,6146,7,False,False,False,,-0.88,13.5607,10000
2026-06-27 18:02:51,33,B+2.5,6978,9,True,False,False,,-0.88,13.5577,10000
2026-06-27 18:03:06,33,B+0.5,6978,8,False,False,False,,-0.88,13.5771,10000
2026-06-27 18:03:18,25,B+0.5,5314,5,False,False,False,,-0.88,13.5679,10000
2026-06-27 18:03:32,33,B+0.5,6978,9,True,False,False,,-0.88,13.5673,10000
2026-06-27 18:03:48,35,B+2.5,7394,10,False,False,False,,-0.88,13.5915,10000
2026-06-27 18:04:03,31,B+1.5,6562,8,False,False,False,,-0.88,13.5987,10000
2026-06-27 18:04:17,33,B+0.5,6978,9,False,False,False,,-0.88,13.6,10000
2026-06-27 18:04:30,31,B+0.5,6562,8,False,False,False,,-0.88,13.6004,10000
2026-06-27 18:04:44,33,B+0.5,6978,9,True,False,False,,-0.88,13.6063,10000
2026-06-27 18:04:59,33,B+0.5,6978,9,False,False,False,,-0.88,13.6186,10000
2026-06-27 18:05:12,31,B+0.5,6562,8,False,False,False,,-0.88,13.6177,10000
2026-06-27 18:05:27,31,B+0.5,6562,8,False,False,False,,-0.88,13.6294,10000
2026-06-27 18:05:45,42,B+R,8850,9,False,False,False,W,-0.88,13.661,10000
2026-06-27 18:05:58,27,B+1.5,5730,6,False,False,False,,-0.88,13.6648,10000
2026-06-27 18:06:12,31,B+0.5,6562,8,False,False,False,,-0.88,13.6633,10000
2026-06-27 18:06:25,31,B+0.5,6562,8,False,False,False,,-0.88,13.6629,10000
2026-06-27 18:06:37,29,B+2.5,6146,7,False,False,False,,-0.88,13.6617,10000
2026-06-27 18:06:51,31,B+1.5,6562,8,False,False,False,,-0.88,13.6615,10000
2026-06-27 18:07:04,33,B+0.5,6978,9,True,False,False,,-0.88,13.6557,10000
2026-06-27 18:07:18,31,B+0.5,6562,8,False,False,False,,-0.88,13.6651,10000
2026-06-27 18:07:34,33,B+0.5,6978,9,False,False,False,,-0.88,13.68,10000
2026-06-27 18:07:47,29,B+0.5,6146,7,False,False,False,,-0.88,13.6775,10000
2026-06-27 18:08:01,33,B+0.5,6978,9,True,False,False,,-0.88,13.6708,10000
2026-06-27 18:08:14,31,B+0.5,6562,8,False,False,False,,-0.88,13.6652,10000
2026-06-27 18:08:28,33,B+0.5,6978,9,False,False,False,,-0.88,13.6825,10000
2026-06-27 18:08:43,33,B+0.5,6978,9,False,False,False,,-0.88,13.6755,10000
2026-06-27 18:08:57,31,B+0.5,6562,8,False,False,False,,-0.88,13.6818,10000
2026-06-27 18:09:10,33,B+0.5,6978,9,False,False,False,,-0.88,13.6912,10000
2026-06-27 18:09:25,35,B+0.5,7394,10,False,False,False,,-0.88,13.7054,10000
2026-06-27 18:09:38,33,B+1.5,6978,9,False,False,False,,-0.88,13.6948,10000
2026-06-27 18:09:52,29,B+0.5,6146,7,False,False,False,,-0.88,13.6909,10000
2026-06-27 18:10:03,27,B+1.5,5730,6,False,False,False,,-0.88,13.6527,10000
2026-06-27 18:10:16,27,B+0.5,5730,6,False,False,False,,-0.88,13.6271,10000
2026-06-27 18:10:28,29,B+4.5,6146,7,True,False,False,,-0.88,13.6174,10000
2026-06-27 18:10:42,33,B+0.5,6978,9,False,False,False,,-0.88,13.6145,10000
2026-06-27 18:10:55,31,B+0.5,6562,8,False,False,False,,-0.88,13.6272,10000
2026-06-27 18:11:09,31,B+1.5,6562,8,False,False,False,,-0.88,13.6302,10000
2026-06-27 18:11:22,35,B+0.5,7394,9,False,False,False,,-0.88,13.6037,10000
2026-06-27 18:11:35,29,B+0.5,6146,7,False,False,False,,-0.88,13.589,10000
2026-06-27 18:11:47,29,B+0.5,6146,7,True,False,False,,-0.88,13.5664,10000
2026-06-27 18:12:03,37,B+0.5,7810,11,False,False,False,,-0.88,13.5882,10000
2026-06-27 18:12:17,33,B+0.5,6978,9,False,False,False,,-0.88,13.5853,10000
2026-06-27 18:12:31,31,B+0.5,6562,8,False,False,False,,-0.88,13.5707,10000
2026-06-27 18:12:45,33,B+0.5,6978,8,True,False,False,,-0.88,13.5754,10000
2026-06-27 18:12:59,31,B+0.5,6562,8,False,False,False,,-0.88,13.5731,10000
2026-06-27 18:13:12,31,B+0.5,6562,8,True,False,False,,-0.88,13.5657,10000
2026-06-27 18:13:25,31,B+2.5,6562,8,False,False,False,,-0.88,13.5703,10000
2026-06-27 18:13:38,29,B+0.5,6146,7,False,False,False,,-0.88,13.5583,10000
2026-06-27 18:13:51,29,B+0.5,6146,7,False,False,False,,-0.88,13.5441,10000
2026-06-27 18:14:05,33,B+0.5,6978,9,False,False,False,,-0.88,13.5591,10000
2026-06-27 18:14:19,33,B+0.5,6978,9,False,False,False,,-0.88,13.5747,10000
2026-06-27 18:14:33,33,B+1.5,6978,9,False,False,False,,-0.88,13.5908,10000
2026-06-27 18:14:46,31,B+1.5,6562,8,False,False,False,,-0.88,13.5882,10000
2026-06-27 18:14:59,29,B+1.5,6146,7,False,False,False,,-0.88,13.5593,10000
2026-06-27 18:15:11,31,B+1.5,6562,8,False,False,False,,-0.88,13.5488,10000
2026-06-27 18:15:24,31,B+0.5,6562,8,False,False,False,,-0.88,13.5493,10000
2026-06-27 18:15:37,31,B+0.5,6562,8,False,False,False,,-0.88,13.5406,10000
2026-06-27 18:15:50,31,B+0.5,6562,8,True,False,False,,-0.88,13.5383,10000
2026-06-27 18:18:06,31,B+0.5,6564,8,False,False,False,,-0.88,13.5401,11000
2026-06-27 18:18:20,35,B+1.5,7396,10,False,False,False,,-0.88,13.5435,11000
2026-06-27 18:18:36,33,B+0.5,6980,9,False,False,False,,-0.88,13.5784,11000
2026-06-27 18:18:50,31,B+0.5,6564,8,False,False,False,,-0.88,13.5889,11000
2026-06-27 18:19:03,33,B+1.5,6980,9,False,False,False,,-0.88,13.5927,11000
2026-06-27 18:19:16,27,B+1.5,5732,6,False,False,False,,-0.88,13.5706,11000
2026-06-27 18:19:32,35,B+2.5,7396,10,False,False,False,,-0.88,13.6017,11000
2026-06-27 18:19:46,35,B+1.5,7396,10,False,False,False,,-0.88,13.6149,11000
2026-06-27 18:20:01,33,B+0.5,6980,9,False,False,False,,-0.88,13.6364,11000
2026-06-27 18:20:15,33,B+0.5,6980,9,False,False,False,,-0.88,13.652,11000
2026-06-27 18:20:30,35,B+1.5,7396,10,False,False,False,,-0.88,13.6608,11000
2026-06-27 18:20:43,27,B+0.5,5732,6,True,False,False,,-0.88,13.6255,11000
2026-06-27 18:20:57,33,B+0.5,6980,9,False,False,False,,-0.88,13.6167,11000
2026-06-27 18:21:12,35,B+2.5,7396,10,False,False,False,,-0.88,13.6289,11000
2026-06-27 18:21:27,35,B+3.5,7396,10,False,False,False,,-0.88,13.6564,11000
2026-06-27 18:21:43,31,B+0.5,6564,8,False,False,False,,-0.88,13.6905,11000
2026-06-27 18:21:58,37,B+2.5,7812,11,False,False,False,,-0.88,13.6823,11000
2026-06-27 18:22:12,33,B+0.5,6980,9,False,False,False,,-0.88,13.6942,11000
2026-06-27 18:22:27,33,B+0.5,6980,9,True,False,False,,-0.88,13.7031,11000
2026-06-27 18:22:40,35,B+1.5,7396,10,False,False,False,,-0.88,13.7141,11000
2026-06-27 18:22:55,35,B+0.5,7396,10,False,False,False,,-0.88,13.7205,11000
2026-06-27 18:23:08,33,B+0.5,6980,9,False,False,False,,-0.88,13.7338,11000
2026-06-27 18:23:23,33,B+1.5,6980,9,False,False,False,,-0.88,13.7418,11000
2026-06-27 18:23:37,35,B+1.5,7396,10,True,False,False,,-0.88,13.7595,11000
2026-06-27 18:23:51,29,B+0.5,6148,7,False,False,False,,-0.88,13.7682,11000
2026-06-27 18:24:04,33,B+2.5,6980,9,False,False,False,,-0.88,13.7662,11000
2026-06-27 18:24:19,33,B+1.5,6980,9,False,False,False,,-0.88,13.7584,11000
2026-06-27 18:24:34,33,B+2.5,6980,9,False,False,False,,-0.88,13.7739,11000
2026-06-27 18:24:46,29,B+1.5,6148,7,False,False,False,,-0.88,13.7598,11000
2026-06-27 18:25:00,33,B+1.5,6980,9,False,False,False,,-0.88,13.7592,11000
2026-06-27 18:25:13,35,B+4.5,7396,10,False,False,False,,-0.88,13.7587,11000
2026-06-27 18:25:27,31,B+2.5,6564,8,False,False,False,,-0.88,13.7676,11000
2026-06-27 18:25:39,33,B+3.5,6980,9,False,False,False,,-0.88,13.7613,11000
2026-06-27 18:25:52,31,B+1.5,6564,8,False,False,False,,-0.88,13.7612,11000
2026-06-27 18:26:05,33,B+2.5,6980,9,False,False,False,,-0.88,13.7595,11000
2026-06-27 18:26:17,31,B+0.5,6564,8,False,False,False,,-0.88,13.7668,11000
2026-06-27 18:26:34,35,B+1.5,7396,10,False,False,False,,-0.88,13.8006,11000
2026-06-27 18:26:48,37,B+4.5,7812,11,False,False,False,,-0.88,13.8108,11000
2026-06-27 18:27:01,33,B+1.5,6980,9,False,False,False,,-0.88,13.8219,11000
2026-06-27 18:27:13,33,B+4.5,6980,9,False,False,False,,-0.88,13.7909,11000
2026-06-27 18:27:25,27,B+1.5,5732,6,False,False,False,,-0.88,13.7775,11000
2026-06-27 18:27:39,31,B+0.5,6564,8,False,False,False,,-0.88,13.7878,11000
2026-06-27 18:27:52,33,B+0.5,6980,9,False,False,False,,-0.88,13.7671,11000
2026-06-27 18:28:05,31,B+1.5,6564,8,False,False,False,,-0.88,13.7778,11000
2026-06-27 18:28:19,33,B+0.5,6980,9,True,False,False,,-0.88,13.7766,11000
2026-06-27 18:28:32,31,B+0.5,6564,8,False,False,False,,-0.88,13.7451,11000
2026-06-27 18:28:46,37,B+2.5,7812,11,False,False,False,,-0.88,13.7427,11000
2026-06-27 18:28:59,31,B+1.5,6564,8,False,False,False,,-0.88,13.7328,11000
2026-06-27 18:29:13,31,B+0.5,6564,8,False,False,False,,-0.88,13.738,11000
2026-06-27 18:29:27,33,B+1.5,6980,9,False,False,False,,-0.88,13.7315,11000
2026-06-27 18:29:40,31,B+0.5,6564,8,False,False,False,,-0.88,13.7151,11000
2026-06-27 18:29:53,31,B+0.5,6564,8,False,False,False,,-0.88,13.7195,11000
2026-06-27 18:30:07,29,B+1.5,6148,7,False,False,False,,-0.88,13.7044,11000
2026-06-27 18:30:21,37,B+4.5,7812,11,False,False,False,,-0.88,13.6684,11000
2026-06-27 18:30:35,33,B+0.5,6980,9,False,False,False,,-0.88,13.6713,11000
2026-06-27 18:30:49,33,B+1.5,6980,9,False,False,False,,-0.88,13.6807,11000
2026-06-27 18:31:03,33,B+2.5,6980,9,False,False,False,,-0.88,13.6885,11000
2026-06-27 18:31:16,31,B+1.5,6564,8,False,False,False,,-0.88,13.7011,11000
2026-06-27 18:31:31,33,B+1.5,6980,9,True,False,False,,-0.88,13.7081,11000
2026-06-27 18:31:44,31,B+1.5,6564,8,False,False,False,,-0.88,13.7029,11000
2026-06-27 18:31:58,33,B+0.5,6980,9,False,False,False,,-0.88,13.7064,11000
2026-06-27 18:32:13,33,B+1.5,6980,9,False,False,False,,-0.88,13.7014,11000
2026-06-27 18:32:26,25,B+0.5,5316,5,False,False,False,,-0.88,13.692,11000
2026-06-27 18:32:40,33,B+1.5,6980,9,False,False,False,,-0.88,13.6973,11000
2026-06-27 18:32:53,31,B+0.5,6564,8,False,False,False,,-0.88,13.6988,11000
2026-06-27 18:33:08,35,B+1.5,7396,10,False,False,False,,-0.88,13.7038,11000
2026-06-27 18:33:23,31,B+0.5,6564,8,False,False,False,,-0.88,13.7117,11000
2026-06-27 18:33:37,35,B+2.5,7396,10,True,False,False,,-0.88,13.7139,11000
2026-06-27 18:33:52,31,B+1.5,6564,8,False,False,False,,-0.88,13.7241,11000
2026-06-27 18:34:06,33,B+0.5,6980,9,False,False,False,,-0.88,13.7169,11000
2026-06-27 18:34:19,35,B+2.5,7396,10,False,False,False,,-0.88,13.7156,11000
2026-06-27 18:34:33,35,B+2.5,7396,10,False,False,False,,-0.88,13.7181,11000
2026-06-27 18:34:47,33,B+1.5,6980,9,False,False,False,,-0.88,13.7442,11000
2026-06-27 18:35:01,33,B+4.5,6980,9,False,False,False,,-0.88,13.7597,11000
2026-06-27 18:35:14,31,B+0.5,6564,8,False,False,False,,-0.88,13.7592,11000
2026-06-27 18:35:26,31,B+0.5,6564,8,False,False,False,,-0.88,13.7497,11000
2026-06-27 18:35:42,37,B+2.5,7812,11,False,False,False,,-0.88,13.7767,11000
2026-06-27 18:35:55,31,B+1.5,6564,8,False,False,False,,-0.88,13.766,11000
2026-06-27 18:36:08,29,B+2.5,6148,7,False,False,False,,-0.88,13.7624,11000
2026-06-27 18:36:19,29,B+2.5,6148,7,False,False,False,,-0.88,13.7511,11000
2026-06-27 18:36:33,33,B+1.5,6980,9,False,False,False,,-0.88,13.7625,11000
2026-06-27 18:36:47,35,B+0.5,7396,10,False,False,False,,-0.88,13.7468,11000
2026-06-27 18:37:01,35,B+2.5,7396,10,False,False,False,,-0.88,13.7506,11000
2026-06-27 18:37:15,29,B+0.5,6148,6,False,False,False,,-0.88,13.7474,11000
2026-06-27 18:37:29,31,B+0.5,6564,8,False,False,False,,-0.88,13.7483,11000
2026-06-27 18:37:45,33,B+0.5,6980,9,True,False,False,,-0.88,13.7634,11000
2026-06-27 18:37:58,35,B+2.5,7396,10,True,False,False,,-0.88,13.7706,11000
2026-06-27 18:38:12,27,B+0.5,5732,6,False,False,False,,-0.88,13.771,11000
2026-06-27 18:38:26,37,B+4.5,7812,11,False,False,False,,-0.88,13.7859,11000
2026-06-27 18:38:39,31,B+0.5,6564,8,False,False,False,,-0.88,13.7911,11000
2026-06-27 18:38:54,35,B+3.5,7396,10,False,False,False,,-0.88,13.7965,11000
2026-06-27 18:39:10,33,B+0.5,6980,9,False,False,False,,-0.88,13.8094,11000
2026-06-27 18:39:23,33,B+1.5,6980,9,False,False,False,,-0.88,13.8077,11000
2026-06-27 18:39:36,33,B+1.5,6980,9,False,False,False,,-0.88,13.8034,11000
2026-06-27 18:39:50,33,B+1.5,6980,9,False,False,False,,-0.88,13.8196,11000
2026-06-27 18:40:03,29,B+1.5,6148,7,False,False,False,,-0.88,13.823,11000
2026-06-27 18:40:18,37,B+2.5,7812,11,False,False,False,,-0.88,13.8465,11000
2026-06-27 18:40:30,29,B+1.5,6148,7,False,False,False,,-0.88,13.8384,11000
2026-06-27 18:40:44,31,B+1.5,6564,8,False,False,False,,-0.88,13.8433,11000
2026-06-27 18:40:58,31,B+0.5,6564,8,False,False,False,,-0.88,13.8413,11000
2026-06-27 18:41:11,33,B+1.5,6980,9,False,False,False,,-0.88,13.8448,11000
2026-06-27 18:41:25,31,B+0.5,6564,8,False,False,False,,-0.88,13.8451,11000
2026-06-27 18:41:38,33,B+0.5,6980,9,False,False,False,,-0.88,13.8241,11000
2026-06-27 18:41:52,33,B+0.5,6980,9,False,False,False,,-0.88,13.8234,11000
2026-06-27 18:42:05,33,B+0.5,6980,9,False,False,False,,-0.88,13.813,11000
2026-06-27 18:42:18,33,B+3.5,6980,9,False,False,False,,-0.88,13.8156,11000
2026-06-27 18:42:32,33,B+1.5,6980,9,True,False,False,,-0.88,13.8005,11000
2026-06-27 18:42:46,33,B+1.5,6980,9,False,False,False,,-0.88,13.7926,11000
2026-06-27 18:42:58,31,B+0.5,6564,8,False,False,False,,-0.88,13.7717,11000
2026-06-27 18:43:13,33,B+0.5,6980,9,True,False,False,,-0.88,13.7765,11000
2026-06-27 18:43:26,33,B+0.5,6980,9,False,False,False,,-0.88,13.7526,11000
2026-06-27 18:43:42,35,B+2.5,7396,9,False,False,False,,-0.88,13.7928,11000
2026-06-27 18:43:55,29,B+0.5,6148,7,False,False,False,,-0.88,13.7842,11000
2026-06-27 18:44:09,31,B+0.5,6564,8,False,False,False,,-0.88,13.7666,11000
2026-06-27 18:44:22,27,B+1.5,5732,6,False,False,False,,-0.88,13.7458,11000
2026-06-27 18:44:35,33,B+0.5,6980,9,False,False,False,,-0.88,13.7194,11000
2026-06-27 18:44:48,31,B+0.5,6564,8,False,False,False,,-0.88,13.6978,11000
2026-06-27 18:45:01,33,B+1.5,6980,9,False,False,False,,-0.88,13.6869,11000
2026-06-27 18:45:15,31,B+0.5,6564,8,False,False,False,,-0.88,13.6836,11000
2026-06-27 18:45:28,31,B+3.5,6564,8,False,False,False,,-0.88,13.6792,11000
2026-06-27 18:45:42,31,B+0.5,6564,8,False,False,False,,-0.88,13.6692,11000
2026-06-27 18:45:55,35,B+2.5,7396,10,False,False,False,,-0.88,13.669,11000
2026-06-27 18:46:08,27,B+1.5,5732,6,False,False,False,,-0.88,13.6521,11000
2026-06-27 18:46:21,29,B+1.5,6148,7,True,False,False,,-0.88,13.6404,11000
2026-06-27 18:46:35,33,B+1.5,6980,9,False,False,False,,-0.88,13.6432,11000
2026-06-27 18:46:49,35,B+1.5,7396,10,False,False,False,,-0.88,13.6476,11000
2026-06-27 18:47:04,33,B+0.5,6980,9,False,False,False,,-0.88,13.6453,11000
2026-06-27 18:47:18,33,B+0.5,6980,9,False,False,False,,-0.88,13.6386,11000
2026-06-27 18:47:33,33,B+1.5,6980,9,False,False,False,,-0.88,13.6689,11000
2026-06-27 18:47:47,33,B+0.5,6980,9,False,False,False,,-0.88,13.6708,11000
2026-06-27 18:48:01,37,B+1.5,7812,11,False,False,False,,-0.88,13.6725,11000
2026-06-27 18:48:13,33,B+1.5,6980,9,False,False,False,,-0.88,13.6577,11000
2026-06-27 18:48:27,33,B+1.5,6980,9,False,False,False,,-0.88,13.6748,11000
2026-06-27 18:48:40,29,B+0.5,6148,7,False,False,False,,-0.88,13.6767,11000
2026-06-27 18:48:54,33,B+2.5,6980,9,False,False,False,,-0.88,13.6891,11000
2026-06-27 18:49:10,35,B+0.5,7396,10,False,False,False,,-0.88,13.7302,11000
2026-06-27 18:49:25,33,B+0.5,6980,9,False,False,False,,-0.88,13.7088,11000
2026-06-27 18:49:40,33,B+0.5,6980,9,False,False,False,,-0.88,13.7195,11000
2026-06-27 18:49:53,33,B+1.5,6980,9,False,False,False,,-0.88,13.7184,11000
2026-06-27 18:50:06,33,B+1.5,6980,9,False,False,False,,-0.88,13.7297,11000
2026-06-27 18:50:20,31,B+1.5,6564,8,False,False,False,,-0.88,13.7502,11000
2026-06-27 18:50:34,33,B+1.5,6980,9,False,False,False,,-0.88,13.7508,11000
2026-06-27 18:50:48,33,B+0.5,6980,9,False,False,False,,-0.88,13.758,11000
2026-06-27 18:51:03,31,B+5.5,6564,8,False,False,False,,-0.88,13.771,11000
2026-06-27 18:51:16,33,B+2.5,6980,9,False,False,False,,-0.88,13.7631,11000
2026-06-27 18:51:27,29,B+1.5,6148,7,False,False,False,,-0.88,13.7485,11000
2026-06-27 18:51:39,31,B+0.5,6564,8,False,False,False,,-0.88,13.7296,11000
2026-06-27 18:51:53,31,B+0.5,6564,8,True,False,False,,-0.88,13.7395,11000
2026-06-27 18:52:06,31,B+0.5,6564,8,False,False,False,,-0.88,13.7326,11000
2026-06-27 18:52:21,33,B+0.5,6980,9,False,False,False,,-0.88,13.7363,11000
2026-06-27 18:52:34,31,B+0.5,6564,8,False,False,False,,-0.88,13.7427,11000
2026-06-27 18:52:47,33,B+0.5,6980,9,False,False,False,,-0.88,13.7405,11000
2026-06-27 18:53:04,37,B+2.5,7812,11,False,False,False,,-0.88,13.7702,11000
2026-06-27 18:53:20,37,B+2.5,7812,11,True,False,False,,-0.88,13.7865,11000
2026-06-27 18:53:33,33,B+0.5,6980,9,False,False,False,,-0.88,13.7846,11000
2026-06-27 18:53:46,31,B+1.5,6564,8,False,False,False,,-0.88,13.7695,11000
2026-06-27 18:54:00,35,B+1.5,7396,10,False,False,False,,-0.88,13.7733,11000
2026-06-27 18:54:14,31,B+0.5,6564,8,False,False,False,,-0.88,13.7787,11000
2026-06-27 18:54:28,33,B+0.5,6980,9,False,False,False,,-0.88,13.7742,11000
2026-06-27 18:54:41,31,B+1.5,6564,8,False,False,False,,-0.88,13.7674,11000
2026-06-27 18:54:56,35,B+1.5,7396,10,True,False,False,,-0.88,13.7759,11000
2026-06-27 18:55:11,33,B+1.5,6980,9,True,False,False,,-0.88,13.7726,11000
2026-06-27 18:55:24,33,B+0.5,6980,9,False,False,False,,-0.88,13.7836,11000
2026-06-27 18:55:38,33,B+0.5,6980,9,False,False,False,,-0.88,13.7806,11000
2026-06-27 18:55:52,33,B+0.5,6980,9,False,False,False,,-0.88,13.7833,11000
2026-06-27 18:56:06,33,B+0.5,6980,9,False,False,False,,-0.88,13.7752,11000
2026-06-27 18:56:21,35,B+1.5,7396,10,False,False,False,,-0.88,13.778,11000
2026-06-27 18:56:34,33,B+1.5,6980,9,False,False,False,,-0.88,13.7665,11000
2026-06-27 18:56:48,35,B+1.5,7396,10,False,False,False,,-0.88,13.7623,11000
2026-06-27 18:57:01,31,B+0.5,6564,8,False,False,False,,-0.88,13.7534,11000
2026-06-27 18:57:15,33,B+0.5,6980,9,False,False,False,,-0.88,13.7568,11000
2026-06-27 18:57:29,33,B+2.5,6980,9,False,False,False,,-0.88,13.7596,11000
2026-06-27 18:57:42,31,B+1.5,6564,8,False,False,False,,-0.88,13.7467,11000
2026-06-27 18:57:56,39,B+3.5,8228,12,False,False,False,,-0.88,13.7547,11000
2026-06-27 18:58:09,31,B+0.5,6564,8,False,False,False,,-0.88,13.7525,11000
2026-06-27 18:58:23,33,B+0.5,6980,9,False,False,False,,-0.88,13.7677,11000
2026-06-27 18:58:37,33,B+0.5,6980,9,False,False,False,,-0.88,13.7434,11000
2026-06-27 18:58:50,33,B+0.5,6980,9,False,False,False,,-0.88,13.7508,11000
2026-06-27 18:59:04,33,B+1.5,6980,9,False,False,False,,-0.88,13.759,11000
2026-06-27 19:01:18,35,B+2.5,7406,10,False,False,False,,-0.88,13.782,12000
2026-06-27 19:01:32,29,B+1.5,6158,7,True,False,False,,-0.88,13.7783,12000
2026-06-27 19:01:46,33,B+0.5,6990,9,False,False,False,,-0.88,13.7758,12000
2026-06-27 19:02:01,35,B+3.5,7406,10,False,False,False,,-0.88,13.7924,12000
2026-06-27 19:02:17,33,B+1.5,6990,9,True,False,False,,-0.88,13.7983,12000
2026-06-27 19:02:31,33,B+0.5,6990,9,False,False,False,,-0.88,13.789,12000
2026-06-27 19:02:44,29,B+1.5,6158,7,False,False,False,,-0.88,13.7854,12000
2026-06-27 19:02:57,31,B+0.5,6574,8,True,False,False,,-0.88,13.7816,12000
2026-06-27 19:03:11,33,B+0.5,6990,9,False,False,False,,-0.88,13.7779,12000
2026-06-27 19:03:27,35,B+0.5,7406,10,False,False,False,,-0.88,13.8022,12000
2026-06-27 19:03:41,33,B+0.5,6990,9,False,False,False,,-0.88,13.7997,12000
2026-06-27 19:03:56,31,B+1.5,6574,8,False,False,False,,-0.88,13.7893,12000
2026-06-27 19:04:10,33,B+0.5,6990,9,False,False,False,,-0.88,13.8016,12000
2026-06-27 19:04:25,31,B+2.5,6574,8,False,False,False,,-0.88,13.8143,12000
2026-06-27 19:04:40,33,B+0.5,6990,9,False,False,False,,-0.88,13.8267,12000
2026-06-27 19:04:54,35,B+1.5,7406,10,False,False,False,,-0.88,13.8448,12000
2026-06-27 19:05:08,33,B+0.5,6990,9,False,False,False,,-0.88,13.8273,12000
2026-06-27 19:05:22,31,B+0.5,6574,8,False,False,False,,-0.88,13.8464,12000
2026-06-27 19:05:36,33,B+0.5,6990,9,False,False,False,,-0.88,13.8471,12000
2026-06-27 19:05:50,35,B+1.5,7406,10,False,False,False,,-0.88,13.8502,12000
2026-06-27 19:06:03,35,B+1.5,7406,10,False,False,False,,-0.88,13.8491,12000
2026-06-27 19:06:16,29,B+0.5,6158,7,True,False,False,,-0.88,13.8424,12000
2026-06-27 19:06:30,33,B+0.5,6990,9,False,False,False,,-0.88,13.8461,12000
2026-06-27 19:06:45,35,B+1.5,7406,10,False,False,False,,-0.88,13.8561,12000
2026-06-27 19:06:57,27,B+0.5,5742,6,False,False,False,,-0.88,13.8503,12000
2026-06-27 19:07:11,35,B+1.5,7406,10,False,False,False,,-0.88,13.8547,12000
2026-06-27 19:07:24,33,B+0.5,6990,9,False,False,False,,-0.88,13.8471,12000
2026-06-27 19:07:37,27,B+0.5,5742,6,False,False,False,,-0.88,13.8399,12000
2026-06-27 19:07:49,29,B+0.5,6158,7,False,False,False,,-0.88,13.8313,12000
2026-06-27 19:08:03,31,B+0.5,6574,8,True,False,False,,-0.88,13.8295,12000
2026-06-27 19:08:15,27,B+0.5,5742,6,True,False,False,,-0.88,13.8201,12000
2026-06-27 19:08:28,35,B+3.5,7406,10,False,False,False,,-0.88,13.7893,12000
2026-06-27 19:08:41,29,B+0.5,6158,7,False,False,False,,-0.88,13.7775,12000
2026-06-27 19:08:55,33,B+0.5,6990,9,False,False,False,,-0.88,13.7917,12000
2026-06-27 19:09:09,33,B+0.5,6990,9,False,False,False,,-0.88,13.7947,12000
2026-06-27 19:09:22,31,B+1.5,6574,8,False,False,False,,-0.88,13.8,12000
2026-06-27 19:09:36,33,B+0.5,6990,9,False,False,False,,-0.88,13.8074,12000
2026-06-27 19:09:50,33,B+1.5,6990,9,False,False,False,,-0.88,13.8118,12000
2026-06-27 19:10:04,33,B+2.5,6990,9,False,False,False,,-0.88,13.8111,12000
2026-06-27 19:10:17,33,B+0.5,6990,9,False,False,False,,-0.88,13.8162,12000
2026-06-27 19:10:31,31,B+0.5,6574,8,False,False,False,,-0.88,13.8153,12000
2026-06-27 19:10:45,33,B+1.5,6990,9,False,False,False,,-0.88,13.8248,12000
2026-06-27 19:10:58,25,B+0.5,5326,3,False,False,False,,-0.88,13.8272,12000
2026-06-27 19:11:12,31,B+0.5,6574,8,False,False,False,,-0.88,13.8328,12000
2026-06-27 19:11:25,33,B+3.5,6990,9,False,False,False,,-0.88,13.8274,12000
2026-06-27 19:11:41,35,B+1.5,7406,10,False,False,False,,-0.88,13.8394,12000
2026-06-27 19:11:54,33,B+0.5,6990,9,False,False,False,,-0.88,13.8272,12000
2026-06-27 19:12:07,35,B+1.5,7406,10,False,False,False,,-0.88,13.8229,12000
2026-06-27 19:12:21,33,B+1.5,6990,9,False,False,False,,-0.88,13.8041,12000
2026-06-27 19:12:36,35,B+1.5,7406,10,False,False,False,,-0.88,13.8119,12000
2026-06-27 19:12:49,31,B+2.5,6574,8,False,False,False,,-0.88,13.8092,12000
2026-06-27 19:13:02,31,B+0.5,6574,8,False,False,False,,-0.88,13.8117,12000
2026-06-27 19:13:18,37,B+2.5,7822,11,False,False,False,,-0.88,13.8321,12000
2026-06-27 19:13:32,33,B+0.5,6990,9,True,False,False,,-0.88,13.8439,12000
2026-06-27 19:13:46,33,B+3.5,6990,8,False,False,False,,-0.88,13.8449,12000
2026-06-27 19:14:00,31,B+0.5,6574,8,False,False,False,,-0.88,13.8191,12000
2026-06-27 19:14:13,33,B+2.5,6990,9,False,False,False,,-0.88,13.8072,12000
2026-06-27 19:14:28,33,B+2.5,6990,9,True,False,False,,-0.88,13.8066,12000
2026-06-27 19:14:41,35,B+1.5,7406,10,False,False,False,,-0.88,13.8128,12000
2026-06-27 19:14:53,25,B+2.5,5326,5,True,False,False,,-0.88,13.8014,12000
2026-06-27 19:15:05,31,B+0.5,6574,8,False,False,False,,-0.88,13.782,12000
2026-06-27 19:15:18,31,B+0.5,6574,8,False,False,False,,-0.88,13.7717,12000
2026-06-27 19:15:32,31,B+0.5,6574,8,False,False,False,,-0.88,13.7616,12000
2026-06-27 19:15:45,31,B+0.5,6574,6,True,False,False,,-0.88,13.7525,12000
2026-06-27 19:15:59,31,B+0.5,6574,8,False,False,False,,-0.88,13.7622,12000
2026-06-27 19:16:14,33,B+1.5,6990,9,False,False,False,,-0.88,13.7973,12000
2026-06-27 19:16:29,35,B+1.5,7406,10,False,False,False,,-0.88,13.8252,12000
2026-06-27 19:16:43,31,B+1.5,6574,8,False,False,False,,-0.88,13.8247,12000
2026-06-27 19:16:57,33,B+0.5,6990,9,False,False,False,,-0.88,13.8392,12000
2026-06-27 19:17:12,35,B+1.5,7406,10,False,False,False,,-0.88,13.8394,12000
2026-06-27 19:17:25,33,B+0.5,6990,9,False,False,False,,-0.88,13.8305,12000
2026-06-27 19:17:37,33,B+1.5,6990,9,False,False,False,,-0.88,13.819,12000
2026-06-27 19:17:52,37,B+2.5,7822,11,False,False,False,,-0.88,13.8085,12000
2026-06-27 19:18:04,31,B+0.5,6574,8,False,False,False,,-0.88,13.7755,12000
2026-06-27 19:18:19,35,B+1.5,7406,10,False,False,False,,-0.88,13.7826,12000
2026-06-27 19:18:33,35,B+2.5,7406,10,False,False,False,,-0.88,13.7933,12000
2026-06-27 19:18:46,31,B+0.5,6574,8,False,False,False,,-0.88,13.7865,12000
2026-06-27 19:19:00,33,B+0.5,6990,9,False,False,False,,-0.88,13.7833,12000
2026-06-27 19:19:13,29,B+0.5,6158,7,False,False,False,,-0.88,13.7737,12000
2026-06-27 19:19:27,35,B+1.5,7406,10,False,False,False,,-0.88,13.7898,12000
2026-06-27 19:19:42,31,B+0.5,6574,8,False,False,False,,-0.88,13.7852,12000
2026-06-27 19:19:55,33,B+0.5,6990,9,False,False,False,,-0.88,13.7717,12000
2026-06-27 19:20:10,33,B+0.5,6990,9,False,False,False,,-0.88,13.7862,12000
2026-06-27 19:20:23,31,B+3.5,6574,8,False,False,False,,-0.88,13.7806,12000
2026-06-27 19:20:37,35,B+0.5,7406,10,False,False,False,,-0.88,13.7853,12000
2026-06-27 19:20:51,27,B+0.5,5742,6,False,False,False,,-0.88,13.7743,12000
2026-06-27 19:21:07,37,B+1.5,7822,10,False,False,False,,-0.88,13.7855,12000
2026-06-27 19:21:21,33,B+1.5,6990,9,False,False,False,,-0.88,13.7967,12000
2026-06-27 19:21:35,31,B+0.5,6574,8,False,False,False,,-0.88,13.7927,12000
2026-06-27 19:21:47,31,B+1.5,6574,8,False,False,False,,-0.88,13.7863,12000
2026-06-27 19:22:00,31,B+0.5,6574,8,False,False,False,,-0.88,13.7779,12000
2026-06-27 19:22:14,33,B+4.5,6990,9,False,False,False,,-0.88,13.7762,12000
2026-06-27 19:22:28,33,B+0.5,6990,9,False,False,False,,-0.88,13.79,12000
2026-06-27 19:22:42,31,B+1.5,6574,8,False,False,False,,-0.88,13.7814,12000
2026-06-27 19:22:54,29,B+0.5,6158,7,False,False,False,,-0.88,13.7752,12000
2026-06-27 19:23:07,33,B+0.5,6990,9,False,False,False,,-0.88,13.7631,12000
2026-06-27 19:23:24,42,B+R,8862,9,False,False,False,W,-0.88,13.802,12000
2026-06-27 19:23:35,31,B+0.5,6574,8,True,False,False,,-0.88,13.7799,12000
2026-06-27 19:23:47,29,B+1.5,6158,7,False,False,False,,-0.88,13.7616,12000
2026-06-27 19:24:02,35,B+1.5,7406,10,False,False,False,,-0.88,13.7768,12000
2026-06-27 19:24:16,29,B+0.5,6158,7,False,False,False,,-0.88,13.7742,12000
2026-06-27 19:24:30,35,B+1.5,7406,10,False,False,False,,-0.88,13.781,12000
2026-06-27 19:24:42,29,B+0.5,6158,7,False,False,False,,-0.88,13.7573,12000
2026-06-27 19:24:55,31,B+0.5,6574,8,False,False,False,,-0.88,13.7348,12000
2026-06-27 19:25:11,33,B+1.5,6990,9,False,False,False,,-0.88,13.7399,12000
2026-06-27 19:25:25,33,B+1.5,6990,9,False,False,False,,-0.88,13.7349,12000
2026-06-27 19:25:39,37,B+3.5,7822,11,False,False,False,,-0.88,13.7499,12000
2026-06-27 19:25:54,33,B+1.5,6990,9,False,False,False,,-0.88,13.7682,12000
2026-06-27 19:26:10,37,B+2.5,7822,11,False,False,False,,-0.88,13.784,12000
2026-06-27 19:26:23,31,B+0.5,6574,8,False,False,False,,-0.88,13.7537,12000
2026-06-27 19:26:37,31,B+0.5,6574,8,False,False,False,,-0.88,13.7528,12000
2026-06-27 19:26:50,31,B+0.5,6574,8,False,False,False,,-0.88,13.7399,12000
2026-06-27 19:27:03,35,B+1.5,7406,10,False,False,False,,-0.88,13.7275,12000
2026-06-27 19:27:19,35,B+2.5,7406,10,False,False,False,,-0.88,13.7415,12000
2026-06-27 19:27:33,33,B+0.5,6990,9,True,False,False,,-0.88,13.7309,12000
2026-06-27 19:27:45,25,B+0.5,5326,5,False,False,False,,-0.88,13.7014,12000
2026-06-27 19:27:59,33,B+0.5,6990,9,False,False,False,,-0.88,13.7075,12000
2026-06-27 19:28:12,33,B+1.5,6990,9,False,False,False,,-0.88,13.702,12000
2026-06-27 19:28:27,37,B+1.5,7822,11,False,False,False,,-0.88,13.7105,12000
2026-06-27 19:28:41,35,B+0.5,7406,10,False,False,False,,-0.88,13.7039,12000
2026-06-27 19:28:55,29,B+0.5,6158,7,False,False,False,,-0.88,13.7145,12000
2026-06-27 19:29:09,31,B+1.5,6574,8,False,False,False,,-0.88,13.7218,12000
2026-06-27 19:29:22,33,B+2.5,6990,9,False,False,False,,-0.88,13.7165,12000
2026-06-27 19:29:35,31,B+1.5,6574,8,False,False,False,,-0.88,13.704,12000
2026-06-27 19:29:50,35,B+4.5,7406,10,False,False,False,,-0.88,13.7285,12000
2026-06-27 19:30:05,33,B+0.5,6990,9,True,False,False,,-0.88,13.7375,12000
2026-06-27 19:30:18,31,B+0.5,6574,8,False,False,False,,-0.88,13.7392,12000
2026-06-27 19:30:33,37,B+4.5,7822,11,False,False,False,,-0.88,13.7569,12000
2026-06-27 19:30:46,31,B+0.5,6574,8,False,False,False,,-0.88,13.7674,12000
2026-06-27 19:30:59,33,B+0.5,6990,9,False,False,False,,-0.88,13.7619,12000
2026-06-27 19:31:14,31,B+1.5,6574,8,False,False,False,,-0.88,13.7895,12000
2026-06-27 19:31:28,33,B+0.5,6990,9,True,False,False,,-0.88,13.7952,12000
2026-06-27 19:31:43,35,B+0.5,7406,10,False,False,False,,-0.88,13.8237,12000
2026-06-27 19:31:56,31,B+0.5,6574,8,False,False,False,,-0.88,13.8108,12000
2026-06-27 19:32:09,31,B+1.5,6574,8,False,False,False,,-0.88,13.8017,12000
2026-06-27 19:32:54,101,W+R,21134,14,False,False,False,B,-0.88,14.1189,12000
2026-06-27 19:33:08,31,B+1.5,6574,8,False,False,False,,-0.88,14.1148,12000
2026-06-27 19:33:21,31,B+0.5,6574,8,False,False,False,,-0.88,14.1077,12000
2026-06-27 19:33:35,37,B+2.5,7822,11,False,False,False,,-0.88,14.1117,12000
2026-06-27 19:33:50,33,B+0.5,6990,9,False,False,False,,-0.88,14.1244,12000
2026-06-27 19:34:04,33,B+0.5,6990,9,False,False,False,,-0.88,14.1333,12000
2026-06-27 19:34:18,33,B+0.5,6990,9,False,False,False,,-0.88,14.1273,12000
2026-06-27 19:34:30,35,B+2.5,7406,10,False,False,False,,-0.88,14.1186,12000
2026-06-27 19:34:44,31,B+0.5,6574,8,False,False,False,,-0.88,14.1187,12000
2026-06-27 19:34:58,33,B+0.5,6990,9,False,False,False,,-0.88,14.1204,12000
2026-06-27 19:35:11,35,B+1.5,7406,10,False,False,False,,-0.88,14.107,12000
2026-06-27 19:35:25,31,B+1.5,6574,8,True,False,False,,-0.88,14.1093,12000
2026-06-27 19:35:40,33,B+0.5,6990,9,False,False,False,,-0.88,14.1266,12000
2026-06-27 19:35:54,31,B+0.5,6574,8,False,False,False,,-0.88,14.1252,12000
2026-06-27 19:36:10,35,B+0.5,7406,9,False,False,False,,-0.88,14.1411,12000
2026-06-27 19:36:23,33,B+0.5,6990,9,True,False,False,,-0.88,14.1434,12000
2026-06-27 19:36:38,37,B+2.5,7822,11,False,False,False,,-0.88,14.1594,12000
2026-06-27 19:36:51,31,B+2.5,6574,8,False,False,False,,-0.88,14.1303,12000
2026-06-27 19:37:06,35,B+1.5,7406,10,True,False,False,,-0.88,14.1421,12000
2026-06-27 19:37:18,29,B+0.5,6158,7,False,False,False,,-0.88,14.1213,12000
2026-06-27 19:37:32,33,B+1.5,6990,9,False,False,False,,-0.88,14.1249,12000
2026-06-27 19:37:46,31,B+0.5,6574,8,False,False,False,,-0.88,14.1262,12000
2026-06-27 19:37:59,29,B+0.5,6158,7,False,False,False,,-0.88,14.1103,12000
2026-06-27 19:38:13,33,B+0.5,6990,9,False,False,False,,-0.88,14.1159,12000
2026-06-27 19:38:28,33,B+0.5,6990,9,False,False,False,,-0.88,14.1403,12000
2026-06-27 19:38:41,31,B+0.5,6574,8,False,False,False,,-0.88,14.1579,12000
2026-06-27 19:38:57,35,B+3.5,7406,10,False,False,False,,-0.88,14.1808,12000
2026-06-27 19:39:09,31,B+0.5,6574,8,False,False,False,,-0.88,14.167,12000
2026-06-27 19:39:22,33,B+1.5,6990,9,False,False,False,,-0.88,14.1677,12000
2026-06-27 19:39:35,31,B+1.5,6574,8,False,False,False,,-0.88,14.157,12000
2026-06-27 19:39:50,35,B+1.5,7406,10,False,False,False,,-0.88,14.1597,12000
2026-06-27 19:40:06,35,B+0.5,7406,10,True,False,False,,-0.88,14.1661,12000
2026-06-27 19:40:18,31,B+3.5,6574,8,False,False,False,,-0.88,14.1515,12000
2026-06-27 19:40:34,33,B+2.5,6990,9,False,False,False,,-0.88,14.1621,12000
2026-06-27 19:40:47,33,B+2.5,6990,9,True,False,False,,-0.88,14.1496,12000
2026-06-27 19:41:01,31,B+0.5,6574,8,False,False,False,,-0.88,14.1628,12000
2026-06-27 19:41:13,31,B+0.5,6574,8,False,False,False,,-0.88,14.1645,12000
2026-06-27 19:41:28,33,B+0.5,6990,9,False,False,False,,-0.88,14.1554,12000
2026-06-27 19:41:41,31,B+0.5,6574,8,False,False,False,,-0.88,14.1666,12000
2026-06-27 19:41:54,35,B+1.5,7406,10,False,False,False,,-0.88,14.1493,12000
2026-06-27 19:42:07,33,B+0.5,6990,9,True,False,False,,-0.88,14.1403,12000
2026-06-27 19:42:21,29,B+0.5,6158,7,False,False,False,,-0.88,14.1442,12000
2026-06-27 19:44:34,29,B+3.5,6160,7,False,False,False,,-0.88,14.1362,13000
2026-06-27 19:44:48,33,B+1.5,6992,9,False,False,False,,-0.88,14.1342,13000
2026-06-27 19:45:02,33,B+0.5,6992,9,False,False,False,,-0.88,14.1274,13000
2026-06-27 19:45:17,33,B+1.5,6992,9,False,False,False,,-0.88,14.1419,13000
2026-06-27 19:45:31,33,B+0.5,6992,9,False,False,False,,-0.88,14.1373,13000
2026-06-27 19:45:45,31,B+0.5,6576,8,False,False,False,,-0.88,14.1445,13000
2026-06-27 19:46:00,31,B+0.5,6576,8,False,False,False,,-0.88,14.1491,13000
2026-06-27 19:46:13,27,B+3.5,5744,6,False,False,False,,-0.88,14.1464,13000
2026-06-27 19:46:24,27,B+0.5,5744,6,True,False,False,,-0.88,14.0992,13000
2026-06-27 19:46:37,31,B+0.5,6576,8,False,False,False,,-0.88,14.0846,13000
2026-06-27 19:46:51,33,B+0.5,6992,9,False,False,False,,-0.88,14.0863,13000
2026-06-27 19:47:06,33,B+0.5,6992,9,False,False,False,,-0.88,14.1121,13000
2026-06-27 19:47:21,33,B+0.5,6992,9,False,False,False,,-0.88,14.1363,13000
2026-06-27 19:47:35,33,B+3.5,6992,9,True,False,False,,-0.88,14.1381,13000
2026-06-27 19:47:50,33,B+1.5,6992,9,False,False,False,,-0.88,14.1506,13000
2026-06-27 19:48:04,31,B+0.5,6576,8,False,False,False,,-0.88,14.1428,13000
2026-06-27 19:48:18,33,B+2.5,6992,9,False,False,False,,-0.88,14.1631,13000
2026-06-27 19:48:31,29,B+0.5,6160,7,False,False,False,,-0.88,14.1637,13000
2026-06-27 19:48:43,33,B+0.5,6992,9,False,False,False,,-0.88,14.1177,13000
2026-06-27 19:48:58,33,B+0.5,6992,9,False,False,False,,-0.88,14.1511,13000
2026-06-27 19:49:10,33,B+1.5,6992,9,False,False,False,,-0.88,14.1546,13000
2026-06-27 19:49:24,33,B+0.5,6992,9,False,False,False,,-0.88,14.1458,13000
2026-06-27 19:49:36,31,B+0.5,6576,8,False,False,False,,-0.88,14.1267,13000
2026-06-27 19:49:49,31,B+1.5,6576,8,False,False,False,,-0.88,14.1093,13000
2026-06-27 19:50:03,33,B+0.5,6992,9,True,False,False,,-0.88,14.1345,13000
2026-06-27 19:50:15,29,B+0.5,6160,7,False,False,False,,-0.88,14.1241,13000
2026-06-27 19:50:28,33,B+0.5,6992,9,False,False,False,,-0.88,14.1038,13000
2026-06-27 19:50:42,31,B+1.5,6576,8,False,False,False,,-0.88,14.0994,13000
2026-06-27 19:50:56,31,B+0.5,6576,8,False,False,False,,-0.88,14.0938,13000
2026-06-27 19:51:09,31,B+0.5,6576,8,False,False,False,,-0.88,14.0726,13000
2026-06-27 19:51:22,31,B+1.5,6576,8,False,False,False,,-0.88,14.0443,13000
2026-06-27 19:51:34,29,B+1.5,6160,7,False,False,False,,-0.88,14.0405,13000
2026-06-27 19:51:48,31,B+0.5,6576,8,False,False,False,,-0.88,14.034,13000
2026-06-27 19:52:00,29,B+2.5,6160,7,False,False,False,,-0.88,14.0271,13000
2026-06-27 19:52:14,33,B+0.5,6992,9,False,False,False,,-0.88,14.0324,13000
2026-06-27 19:52:28,31,B+2.5,6576,8,False,False,False,,-0.88,14.0146,13000
2026-06-27 19:52:42,33,B+1.5,6992,9,False,False,False,,-0.88,14.0175,13000
2026-06-27 19:52:56,31,B+0.5,6576,8,False,False,False,,-0.88,14.0361,13000
2026-06-27 19:53:09,35,B+1.5,7408,10,False,False,False,,-0.88,14.0294,13000
2026-06-27 19:53:23,29,B+0.5,6160,7,False,False,False,,-0.88,14.0311,13000
2026-06-27 19:53:36,31,B+0.5,6576,8,False,False,False,,-0.88,14.0119,13000
2026-06-27 19:53:49,31,B+0.5,6576,8,False,False,False,,-0.88,14.0128,13000
2026-06-27 19:54:04,33,B+0.5,6992,9,False,False,False,,-0.88,14.0213,13000
2026-06-27 19:54:18,31,B+0.5,6576,8,False,False,False,,-0.88,14.0184,13000
2026-06-27 19:54:32,31,B+0.5,6576,8,False,False,False,,-0.88,14.0248,13000
2026-06-27 19:54:46,33,B+1.5,6992,9,False,False,False,,-0.88,14.0292,13000
