datetime,game_length,game_result,game_simulations,num_passes,is_resign_disabled,is_marked_for_resign,is_could_won,marked_resign_player,resign_threshold,time_per_game,training_steps
2026-06-26 19:56:18,35,B+0.5,7280,9,True,False,False,,-1,28.4533,0
2026-06-26 19:56:29,20,W+7.5,4160,2,True,False,False,,-1,19.2876,0
2026-06-26 19:56:42,30,W+6.5,6240,3,True,False,False,,-1,17.3474,0
2026-06-26 19:57:03,43,B+0.5,8944,4,True,False,False,,-1,18.1941,0
2026-06-26 19:57:21,39,B+0.5,8112,7,True,False,False,,-1,18.1435,0
2026-06-26 19:57:33,25,W+7.5,5200,2,True,False,False,,-1,17.2375,0
2026-06-26 19:57:46,25,W+5.5,5200,3,True,False,False,,-1,16.5839,0
2026-06-26 19:57:55,21,W+5.5,4368,3,True,False,False,,-1,15.657,0
2026-06-26 19:58:09,29,W+5.5,6032,3,True,False,False,,-1,15.4053,0
2026-06-26 19:58:19,22,W+7.5,4576,2,True,False,False,,-1,14.9038,0
2026-06-26 19:58:38,38,W+9.5,7904,2,True,False,False,,-1,15.3028,0
2026-06-26 19:59:03,51,B+2.5,10608,7,True,False,False,,-1,16.0728,0
2026-06-26 19:59:27,53,B+0.5,11024,10,True,False,False,,-1,16.6638,0
2026-06-26 19:59:47,45,B+0.5,9360,9,True,False,False,,-1,16.9438,0
2026-06-26 20:00:27,91,W+28.5,18928,7,True,False,False,,-1,18.4712,0
2026-06-26 20:00:39,23,W+5.5,4784,3,True,False,False,,-1,18.081,0
2026-06-26 20:01:20,91,B+22.5,18928,5,True,False,False,,-1,19.4052,0
2026-06-26 20:01:38,37,W+5.5,7696,4,True,False,False,,-1,19.304,0
2026-06-26 20:01:50,25,W+6.5,5200,2,True,False,False,,-1,18.9187,0
2026-06-26 20:02:49,135,W+26.5,28080,6,True,False,False,,-1,20.9424,0
2026-06-26 20:03:11,44,W+5.5,9152,2,True,False,False,,-1,20.9861,0
2026-06-26 20:03:38,60,W+18.5,12480,2,True,False,False,,-1,21.276,0
2026-06-26 20:04:07,61,B+0.5,12688,10,True,False,False,,-1,21.6025,0
2026-06-26 20:04:25,38,W+2.5,7904,4,True,False,False,,-1,21.4668,0
2026-06-26 20:04:44,37,W+1.5,7696,7,True,False,False,,-1,21.3577,0
2026-06-26 20:04:54,20,W+7.5,4160,2,True,False,False,,-1,20.9116,0
2026-06-26 20:05:06,25,W+5.5,5200,3,True,False,False,,-1,20.5927,0
2026-06-26 20:05:19,28,W+6.5,5824,3,True,False,False,,-1,20.3352,0
2026-06-26 20:05:36,36,W+5.5,7488,4,True,False,False,,-1,20.1972,0
2026-06-26 20:05:56,41,W+10.5,8528,2,True,False,False,,-1,20.2109,0
2026-06-26 20:06:10,27,W+5.5,5616,3,True,False,False,,-1,20.0073,0
2026-06-26 20:06:20,19,W+6.5,3952,2,True,False,False,,-1,19.6848,0
2026-06-26 20:06:39,43,B+2.5,8944,9,True,False,False,,-1,19.6766,0
2026-06-26 20:07:01,47,B+1.5,9776,9,True,False,False,,-1,19.7275,0
2026-06-26 20:07:13,27,W+5.5,5616,3,True,False,False,,-1,19.5207,0
2026-06-26 20:07:28,31,W+4.5,6448,4,True,False,False,,-1,19.3726,0
2026-06-26 20:07:39,21,W+5.5,4368,3,True,False,False,,-1,19.1488,0
2026-06-26 20:07:53,31,W+6.5,6448,2,True,False,False,,-1,19.0267,0
2026-06-26 20:08:14,42,W+6.5,8736,4,True,False,False,,-1,19.0718,0
2026-06-26 20:08:28,27,W+8.5,5616,2,True,False,False,,-1,18.9489,0
2026-06-26 20:08:42,30,W+4.5,6240,5,True,False,False,,-1,18.8163,0
2026-06-26 20:08:54,26,W+7.5,5408,2,True,False,False,,-1,18.6715,0
2026-06-26 20:09:05,21,W+6.5,4368,2,True,False,False,,-1,18.4968,0
2026-06-26 20:09:18,27,W+4.5,5616,4,True,False,False,,-1,18.3627,0
2026-06-26 20:09:28,21,W+6.5,4368,2,True,False,False,,-1,18.1844,0
2026-06-26 20:09:53,53,B+0.5,11024,8,True,False,False,,-1,18.3272,0
2026-06-26 20:10:08,33,W+5.5,6864,5,True,False,False,,-1,18.2606,0
2026-06-26 20:10:20,27,W+4.5,5616,6,True,False,False,,-1,18.1284,0
2026-06-26 20:10:30,20,W+7.5,4160,2,True,False,False,,-1,17.9495,0
2026-06-26 20:10:42,27,W+2.5,5616,5,True,False,False,,-1,17.8425,0
2026-06-26 20:10:51,19,W+6.5,3952,2,True,False,False,,-1,17.6563,0
2026-06-26 20:11:10,37,W+5.5,7696,3,True,False,False,,-1,17.6834,0
2026-06-26 20:11:22,25,W+5.5,5200,3,True,False,False,,-1,17.5789,0
2026-06-26 20:11:36,34,W+2.5,7072,7,True,False,False,,-1,17.5084,0
2026-06-26 20:11:49,27,W+3.5,5616,5,True,False,False,,-1,17.4292,0
2026-06-26 20:11:58,19,W+6.5,3952,2,True,False,False,,-1,17.2884,0
2026-06-26 20:12:12,29,W+3.5,6032,3,True,False,False,,-1,17.2277,0
2026-06-26 20:12:27,31,W+3.5,6448,5,True,False,False,,-1,17.1855,0
2026-06-26 20:13:32,162,W+40.5,33696,15,True,False,False,,-1,17.9978,0
2026-06-26 20:13:45,27,W+6.5,5616,3,True,False,False,,-1,17.9176,0
2026-06-26 20:13:56,21,W+5.5,4368,3,True,False,False,,-1,17.8016,0
2026-06-26 20:14:07,25,W+7.5,5200,3,True,False,False,,-1,17.6968,0
2026-06-26 20:14:19,25,W+4.5,5200,4,True,False,False,,-1,17.5994,0
2026-06-26 20:14:50,64,W+8.5,13312,3,True,False,False,,-1,17.8071,0
2026-06-26 20:15:17,55,W+14.5,11440,4,True,False,False,,-1,17.9564,0
2026-06-26 20:15:32,31,W+3.5,6448,5,True,False,False,,-1,17.9127,0
2026-06-26 20:15:53,43,B+0.5,8944,8,True,False,False,,-1,17.9475,0
2026-06-26 20:16:06,27,W+5.5,5616,3,True,False,False,,-1,17.8742,0
2026-06-26 20:16:17,23,W+5.5,4784,3,True,False,False,,-1,17.784,0
2026-06-26 20:16:30,26,W+6.5,5408,3,True,False,False,,-1,17.7049,0
2026-06-26 20:16:40,20,W+7.5,4160,2,True,False,False,,-1,17.5979,0
2026-06-26 20:16:54,27,W+5.5,5616,2,True,False,False,,-1,17.5467,0
2026-06-26 20:17:07,27,W+4.5,5616,4,True,False,False,,-1,17.484,0
2026-06-26 20:17:33,57,B+5.5,11856,9,True,False,False,,-1,17.6046,0
2026-06-26 20:17:44,22,W+7.5,4576,2,True,False,False,,-1,17.5233,0
2026-06-26 20:17:59,29,W+5.5,6032,3,True,False,False,,-1,17.4809,0
2026-06-26 20:18:10,23,W+5.5,4784,4,True,False,False,,-1,17.4,0
2026-06-26 20:18:35,53,B+0.5,11024,6,True,False,False,,-1,17.5026,0
2026-06-26 20:19:02,56,W+4.5,11648,9,True,False,False,,-1,17.6159,0
2026-06-26 20:19:16,29,W+6.5,6032,3,True,False,False,,-1,17.5777,0
2026-06-26 20:19:29,29,W+2.5,6032,6,True,False,False,,-1,17.5153,0
2026-06-26 20:19:43,29,W+5.5,6032,3,True,False,False,,-1,17.474,0
2026-06-26 20:19:57,28,W+9.5,5824,2,True,False,False,,-1,17.4339,0
2026-06-26 20:20:11,29,W+6.5,6032,2,True,False,False,,-1,17.3963,0
2026-06-26 20:20:23,23,W+5.5,4784,3,True,False,False,,-1,17.3286,0
2026-06-26 20:20:38,32,W+2.5,6656,7,True,False,False,,-1,17.3045,0
2026-06-26 20:20:54,32,W+5.5,6656,4,True,False,False,,-1,17.2884,0
2026-06-26 20:21:05,23,W+6.5,4784,3,True,False,False,,-1,17.2091,0
2026-06-26 20:21:24,41,W+3.5,8528,4,True,False,False,,-1,17.2362,0
2026-06-26 20:21:36,23,W+5.5,4784,2,True,False,False,,-1,17.1733,0
2026-06-26 20:21:46,19,W+6.5,3952,2,True,False,False,,-1,17.097,0
2026-06-26 20:21:59,27,W+1.5,5616,5,True,False,False,,-1,17.0487,0
2026-06-26 20:22:17,36,W+6.5,7488,2,True,False,False,,-1,17.0667,0
2026-06-26 20:22:57,82,W+25.5,17056,7,True,False,False,,-1,17.3081,0
2026-06-26 20:23:10,25,W+6.5,5200,2,True,False,False,,-1,17.2576,0
2026-06-26 20:24:06,162,W+60.5,33696,5,True,False,False,,-1,17.6676,0
2026-06-26 20:24:20,29,W+5.5,6032,3,True,False,False,,-1,17.6305,0
2026-06-26 20:24:33,27,W+4.5,5616,4,True,False,False,,-1,17.5835,0
2026-06-26 20:25:15,98,W+53.5,20384,2,True,False,False,,-1,17.8299,0
2026-06-26 20:25:42,53,B+0.5,11024,6,True,False,False,,-1,17.9132,0
2026-06-26 20:25:52,23,W+5.5,4784,3,True,False,False,,-1,17.7319,0
2026-06-26 20:26:03,23,W+5.5,4784,3,True,False,False,,-1,17.7456,0
2026-06-26 20:26:23,41,B+0.5,8528,5,True,False,False,,-1,17.8105,0
2026-06-26 20:26:37,30,W+6.5,6240,3,True,False,False,,-1,17.7433,0
2026-06-26 20:26:59,49,B+0.5,10192,10,True,False,False,,-1,17.7837,0
2026-06-26 20:27:14,31,W+2.5,6448,6,True,False,False,,-1,17.8059,0
2026-06-26 20:27:29,29,W+4.5,6032,4,True,False,False,,-1,17.8239,0
2026-06-26 20:28:15,100,W+26.5,20800,5,True,False,False,,-1,18.1947,0
2026-06-26 20:28:25,19,W+6.5,3952,2,True,False,False,,-1,18.1569,0
2026-06-26 20:29:25,139,B+9.5,28912,17,True,False,False,,-1,18.6606,0
2026-06-26 20:29:37,25,W+5.5,5200,3,True,False,False,,-1,18.5819,0
2026-06-26 20:29:50,26,W+7.5,5408,2,True,False,False,,-1,18.4665,0
2026-06-26 20:30:30,93,B+14.5,19344,6,True,False,False,,-1,18.6356,0
2026-06-26 20:31:01,64,W+10.5,13312,6,True,False,False,,-1,18.7346,0
2026-06-26 20:31:18,34,W+7.5,7072,2,True,False,False,,-1,18.5071,0
2026-06-26 20:31:34,34,W+6.5,7072,3,True,False,False,,-1,18.5482,0
2026-06-26 20:31:50,32,W+7.5,6656,2,True,False,False,,-1,18.2974,0
2026-06-26 20:32:28,83,B+0.5,17264,15,True,False,False,,-1,18.4984,0
2026-06-26 20:33:02,69,B+1.5,14352,3,True,False,False,,-1,18.7193,0
2026-06-26 20:33:17,31,W+4.5,6448,4,True,False,False,,-1,18.2773,0
2026-06-26 20:33:43,56,W+6.5,11648,2,True,False,False,,-1,18.3175,0
2026-06-26 20:33:55,26,W+8.5,5408,2,True,False,False,,-1,18.1648,0
2026-06-26 20:34:05,20,W+7.5,4160,2,True,False,False,,-1,17.9803,0
2026-06-26 20:34:22,34,W+7.5,7072,2,True,False,False,,-1,17.97,0
2026-06-26 20:34:35,27,W+4.5,5616,4,True,False,False,,-1,17.9091,0
2026-06-26 20:34:53,39,W+0.5,8112,6,True,False,False,,-1,17.988,0
2026-06-26 20:35:03,21,W+6.5,4368,2,True,False,False,,-1,17.9659,0
2026-06-26 20:35:19,34,W+7.5,7072,3,True,False,False,,-1,17.9973,0
2026-06-26 20:35:34,31,W+5.5,6448,3,True,False,False,,-1,17.9805,0
2026-06-26 20:35:48,29,W+4.5,6032,4,True,False,False,,-1,17.9125,0
2026-06-26 20:36:31,95,B+15.5,19760,2,True,False,False,,-1,18.2092,0
2026-06-26 20:36:45,27,W+4.5,5616,4,True,False,False,,-1,18.2437,0
2026-06-26 20:37:02,39,B+0.5,8112,7,True,False,False,,-1,18.2208,0
2026-06-26 20:37:48,120,W+56.5,24960,2,True,False,False,,-1,18.4663,0
2026-06-26 20:38:46,143,B+27.5,29744,15,True,False,False,,-1,18.9275,0
2026-06-26 20:39:01,29,W+3.5,6032,5,True,False,False,,-1,18.9301,0
2026-06-26 20:39:13,27,W+4.5,5616,4,True,False,False,,-1,18.9453,0
2026-06-26 20:39:27,27,W+6.5,5616,2,True,False,False,,-1,18.9331,0
2026-06-26 20:39:58,69,B+0.5,14352,15,True,False,False,,-1,19.0363,0
2026-06-26 20:40:08,21,W+6.5,4368,2,True,False,False,,-1,18.9975,0
2026-06-26 20:40:20,23,W+6.5,4784,2,True,False,False,,-1,18.9811,0
2026-06-26 20:40:33,27,W+6.5,5616,3,True,False,False,,-1,18.9877,0
2026-06-26 20:40:48,29,W+3.5,6032,4,True,False,False,,-1,19.0202,0
2026-06-26 20:41:11,49,B+0.5,10192,7,True,False,False,,-1,19.1261,0
2026-06-26 20:41:24,29,W+5.5,6032,4,True,False,False,,-1,19.1519,0
2026-06-26 20:41:45,43,W+3.5,8944,5,True,False,False,,-1,19.121,0
2026-06-26 20:42:09,48,W+7.5,9984,2,True,False,False,,-1,19.1996,0
2026-06-26 20:42:20,25,W+3.5,5200,5,True,False,False,,-1,19.1916,0
2026-06-26 20:43:21,132,W+33.5,27456,5,True,False,False,,-1,19.7156,0
2026-06-26 20:43:47,53,B+1.5,11024,6,True,False,False,,-1,19.8424,0
2026-06-26 20:43:58,25,W+5.5,5200,3,True,False,False,,-1,19.8713,0
2026-06-26 20:44:10,26,W+6.5,5408,3,True,False,False,,-1,19.8041,0
2026-06-26 20:44:19,19,W+6.5,3952,2,True,False,False,,-1,19.7681,0
2026-06-26 20:44:33,30,W+3.5,6240,4,True,False,False,,-1,19.7754,0
2026-06-26 20:44:48,29,W+6.5,6032,2,True,False,False,,-1,19.7862,0
2026-06-26 20:45:05,33,W+6.5,6864,2,True,False,False,,-1,19.8605,0
2026-06-26 20:45:18,29,W+6.5,6032,2,True,False,False,,-1,19.8564,0
2026-06-26 20:45:32,30,W+7.5,6240,2,True,False,False,,-1,19.8463,0
2026-06-26 20:46:13,102,B+9.5,21216,10,True,False,False,,-1,19.6091,0
2026-06-26 20:46:30,33,W+2.5,6864,4,True,False,False,,-1,19.6444,0
2026-06-26 20:46:57,56,W+22.5,11648,3,True,False,False,,-1,19.8122,0
2026-06-26 20:47:10,25,W+6.5,5200,3,True,False,False,,-1,19.8196,0
2026-06-26 20:47:26,32,W+8.5,6656,2,True,False,False,,-1,19.8655,0
2026-06-26 20:48:08,111,B+37.5,23088,3,True,False,False,,-1,19.983,0
2026-06-26 20:48:17,19,W+6.5,3952,2,True,False,False,,-1,19.7994,0
2026-06-26 20:48:49,68,W+1.5,14144,7,True,False,False,,-1,19.9677,0
2026-06-26 20:49:09,42,W+3.5,8736,4,True,False,False,,-1,19.9645,0
2026-06-26 20:49:29,42,W+4.5,8736,3,True,False,False,,-1,20.0351,0
2026-06-26 20:49:48,37,B+0.5,7696,6,True,False,False,,-1,20.1011,0
2026-06-26 20:50:18,67,B+0.5,13936,8,True,False,False,,-1,20.2869,0
2026-06-26 20:50:38,40,W+4.5,8320,4,True,False,False,,-1,20.3802,0
2026-06-26 20:50:51,27,W+6.5,5616,2,True,False,False,,-1,20.3731,0
2026-06-26 20:51:07,33,W+6.5,6864,3,True,False,False,,-1,20.4004,0
2026-06-26 20:51:28,45,B+0.5,9360,9,True,False,False,,-1,20.3509,0
2026-06-26 20:51:51,50,W+5.5,10400,4,True,False,False,,-1,20.4664,0
2026-06-26 20:52:01,21,W+5.5,4368,3,True,False,False,,-1,20.4217,0
2026-06-26 20:52:13,27,W+6.5,5616,2,True,False,False,,-1,20.4326,0
2026-06-26 20:52:24,20,W+7.5,4160,2,True,False,False,,-1,20.2823,0
2026-06-26 20:52:34,21,W+5.5,4368,3,True,False,False,,-1,20.1181,0
2026-06-26 20:53:07,70,W+10.5,14560,6,True,False,False,,-1,20.3041,0
2026-06-26 20:53:21,29,W+4.5,6032,4,True,False,False,,-1,20.3198,0
2026-06-26 20:53:41,43,B+0.5,8944,9,True,False,False,,-1,20.3734,0
2026-06-26 20:53:54,25,W+4.5,5200,4,True,False,False,,-1,20.3638,0
2026-06-26 20:54:04,21,W+6.5,4368,2,True,False,False,,-1,20.321,0
2026-06-26 20:54:18,30,W+7.5,6240,3,True,False,False,,-1,20.3514,0
2026-06-26 20:54:34,31,W+6.5,6448,3,True,False,False,,-1,20.3559,0
2026-06-26 20:54:47,25,W+5.5,5200,3,True,False,False,,-1,20.3204,0
2026-06-26 20:55:51,138,W+60.5,28704,4,True,False,False,,-1,20.8664,0
2026-06-26 20:56:11,40,W+2.5,8320,7,True,False,False,,-1,20.8649,0
2026-06-26 20:57:01,108,W+2.5,22464,10,True,False,False,,-1,21.2491,0
2026-06-26 20:57:15,27,W+6.5,5616,2,True,False,False,,-1,21.2874,0
2026-06-26 20:57:26,21,W+5.5,4368,3,True,False,False,,-1,21.27,0
2026-06-26 20:57:40,29,W+6.5,6032,2,True,False,False,,-1,21.2261,0
2026-06-26 20:57:58,34,W+7.5,7072,2,True,False,False,,-1,21.005,0
2026-06-26 20:58:10,23,W+5.5,4784,2,True,False,False,,-1,21.0017,0
2026-06-26 20:58:22,27,W+3.5,5616,5,True,False,False,,-1,20.5514,0
2026-06-26 20:58:37,31,W+3.5,6448,2,True,False,False,,-1,20.5608,0
2026-06-26 20:58:55,41,B+0.5,8528,9,True,False,False,,-1,20.6159,0
2026-06-26 20:59:08,29,W+2.5,6032,6,True,False,False,,-1,20.3243,0
2026-06-26 20:59:35,55,B+3.5,11440,7,True,False,False,,-1,20.3276,0
2026-06-26 20:59:47,25,W+6.5,5200,2,True,False,False,,-1,20.3475,0
2026-06-26 20:59:58,22,W+7.5,4576,2,True,False,False,,-1,20.3428,0
2026-06-26 21:00:25,57,B+0.5,11856,7,True,False,False,,-1,20.413,0
2026-06-26 21:00:39,31,W+3.5,6448,6,True,False,False,,-1,20.4122,0
2026-06-26 21:00:57,39,B+0.5,8112,9,True,False,False,,-1,20.3713,0
2026-06-26 21:01:16,40,W+2.5,8320,5,True,False,False,,-1,20.4139,0
2026-06-26 21:01:26,20,W+7.5,4160,2,True,False,False,,-1,20.3686,0
2026-06-26 21:01:57,62,W+0.5,12896,6,True,False,False,,-1,20.2133,0
2026-06-26 21:02:09,25,W+6.5,5200,2,True,False,False,,-1,20.2396,0
2026-06-26 21:02:19,21,W+5.5,4368,3,True,False,False,,-1,19.7309,0
2026-06-26 21:02:31,25,W+6.5,5200,2,True,False,False,,-1,19.7374,0
2026-06-26 21:02:48,38,W+3.5,7904,5,True,False,False,,-1,19.7833,0
2026-06-26 21:03:13,51,B+0.5,10608,5,True,False,False,,-1,19.6267,0
2026-06-26 21:03:37,49,B+1.5,10192,9,True,False,False,,-1,19.5553,0
2026-06-26 21:03:51,29,W+5.5,6032,2,True,False,False,,-1,19.525,0
2026-06-26 21:04:45,145,B+50.5,30160,9,True,False,False,,-1,19.9079,0
2026-06-26 21:04:55,19,W+6.5,3952,2,True,False,False,,-1,19.8459,0
2026-06-26 21:05:11,31,W+5.5,6448,3,True,False,False,,-1,19.6278,0
2026-06-26 21:05:35,53,B+1.5,11024,6,True,False,False,,-1,19.5344,0
2026-06-26 21:05:50,32,W+3.5,6656,4,True,False,False,,-1,19.5263,0
2026-06-26 21:06:05,33,B+0.5,6864,8,True,False,False,,-1,19.4237,0
2026-06-26 21:06:15,19,W+6.5,3952,2,True,False,False,,-1,19.4023,0
2026-06-26 21:06:28,29,W+1.5,6032,7,True,False,False,,-1,19.4288,0
2026-06-26 21:06:50,47,B+2.5,9776,9,True,False,False,,-1,19.4728,0
2026-06-26 21:07:43,124,B+8.5,25792,11,True,False,False,,-1,19.8772,0
2026-06-26 21:07:58,32,W+0.5,6656,6,True,False,False,,-1,19.85,0
2026-06-26 21:08:16,35,W+0.5,7280,5,True,False,False,,-1,19.9256,0
2026-06-26 21:08:30,29,W+6.5,6032,3,True,False,False,,-1,19.8994,0
2026-06-26 21:08:47,39,W+0.5,8112,7,True,False,False,,-1,19.9237,0
2026-06-26 21:09:00,26,W+8.5,5408,2,True,False,False,,-1,19.9147,0
2026-06-26 21:09:17,38,W+8.5,7904,2,True,False,False,,-1,19.6532,0
2026-06-26 21:09:49,67,B+0.5,13936,7,True,False,False,,-1,19.8381,0
2026-06-26 21:10:06,37,W+5.5,7696,3,True,False,False,,-1,19.844,0
2026-06-26 21:10:20,29,W+4.5,6032,3,True,False,False,,-1,19.5256,0
2026-06-26 21:10:35,30,W+5.5,6240,4,True,False,False,,-1,19.0823,0
2026-06-26 21:10:45,23,W+5.5,4784,3,True,False,False,,-1,19.0453,0
2026-06-26 21:11:01,31,W+2.5,6448,6,True,False,False,,-1,19.0698,0
2026-06-26 21:11:10,20,W+7.5,4160,2,True,False,False,,-1,19.0311,0
2026-06-26 21:11:20,19,W+6.5,3952,2,True,False,False,,-1,18.8179,0
2026-06-26 21:11:44,49,B+0.5,10192,9,True,False,False,,-1,18.9551,0
2026-06-26 21:12:11,56,W+1.5,11648,3,True,False,False,,-1,19.1139,0
2026-06-26 21:12:25,27,W+6.5,5616,2,True,False,False,,-1,19.1173,0
2026-06-26 21:12:41,31,W+3.5,6448,5,True,False,False,,-1,19.1265,0
2026-06-26 21:12:51,19,W+6.5,3952,2,True,False,False,,-1,18.9945,0
2026-06-26 21:13:04,29,W+4.5,6032,2,True,False,False,,-1,19.0019,0
2026-06-26 21:13:20,33,W+5.5,6864,3,True,False,False,,-1,18.9398,0
2026-06-26 21:13:49,63,B+4.5,13104,8,True,False,False,,-1,19.0046,0
2026-06-26 21:14:09,41,W+2.5,8528,6,True,False,False,,-1,19.0919,0
2026-06-26 21:14:23,28,W+5.5,5824,3,True,False,False,,-1,18.6163,0
2026-06-26 21:14:39,31,W+5.5,6448,3,True,False,False,,-1,18.5225,0
2026-06-26 21:14:54,37,B+0.5,7696,8,True,False,False,,-1,18.5631,0
2026-06-26 21:15:08,27,W+5.5,5616,2,True,False,False,,-1,18.5784,0
2026-06-26 21:15:29,44,W+6.5,9152,3,True,False,False,,-1,18.7016,0
2026-06-26 21:15:53,51,B+0.5,10608,7,True,False,False,,-1,18.799,0
2026-06-26 21:16:20,55,B+0.5,11440,10,True,False,False,,-1,18.925,0
2026-06-26 21:16:36,32,W+6.5,6656,3,True,False,False,,-1,18.9151,0
2026-06-26 21:16:50,29,W+5.5,6032,3,True,False,False,,-1,18.9176,0
2026-06-26 21:17:03,26,W+5.5,5408,4,True,False,False,,-1,18.915,0
2026-06-26 21:17:20,37,W+2.5,7696,5,True,False,False,,-1,18.6699,0
2026-06-26 21:17:31,21,W+6.5,4368,2,True,False,False,,-1,18.6097,0
2026-06-26 21:17:44,27,W+6.5,5616,2,True,False,False,,-1,18.4667,0
2026-06-26 21:18:02,39,B+2.5,8112,6,True,False,False,,-1,18.527,0
2026-06-26 21:18:20,36,W+8.5,7488,2,True,False,False,,-1,18.5393,0
2026-06-26 21:18:31,21,W+6.5,4368,2,True,False,False,,-1,18.2211,0
2026-06-26 21:18:47,40,W+0.5,8320,9,True,False,False,,-1,18.291,0
2026-06-26 21:19:00,26,B+0.5,5408,4,True,False,False,,-1,18.1015,0
2026-06-26 21:19:12,25,W+5.5,5200,3,True,False,False,,-1,18.0202,0
2026-06-26 21:19:21,20,W+7.5,4160,2,True,False,False,,-1,17.9109,0
2026-06-26 21:19:29,19,W+6.5,3952,2,True,False,False,,-1,17.8167,0
2026-06-26 21:19:48,37,B+0.5,7696,9,True,False,False,,-1,17.6931,0
2026-06-26 21:20:10,48,W+7.5,9984,3,True,False,False,,-1,17.7231,0
2026-06-26 21:20:22,25,W+5.5,5200,3,True,False,False,,-1,17.7122,0
2026-06-26 21:20:32,21,W+6.5,4368,2,True,False,False,,-1,17.6481,0
2026-06-26 21:21:03,66,W+16.5,13728,3,True,False,False,,-1,17.7496,0
2026-06-26 21:21:15,25,W+5.5,5200,3,True,False,False,,-1,17.6357,0
2026-06-26 21:21:28,27,W+4.5,5616,4,True,False,False,,-1,17.6637,0
2026-06-26 21:21:40,25,W+6.5,5200,2,True,False,False,,-1,17.6683,0
2026-06-26 21:21:55,30,W+8.5,6240,2,True,False,False,,-1,17.7144,0
2026-06-26 21:22:16,46,W+1.5,9568,7,True,False,False,,-1,17.823,0
2026-06-26 21:22:31,30,W+6.5,6240,3,True,False,False,,-1,17.6352,0
2026-06-26 21:22:43,25,W+6.5,5200,2,True,False,False,,-1,17.6175,0
2026-06-26 21:22:56,29,W+3.5,6032,6,True,False,False,,-1,17.5546,0
2026-06-26 21:23:14,37,W+2.5,7696,5,True,False,False,,-1,17.5967,0
2026-06-26 21:23:26,24,W+7.5,4992,2,True,False,False,,-1,17.6154,0
2026-06-26 21:23:35,19,W+6.5,3952,2,True,False,False,,-1,17.5585,0
2026-06-26 21:23:50,33,W+4.5,6864,4,True,False,False,,-1,17.5584,0
2026-06-26 21:24:02,24,W+6.5,4992,3,True,False,False,,-1,17.5521,0
2026-06-26 21:24:56,112,W+25.5,23296,7,True,False,False,,-1,17.4438,0
2026-06-26 21:25:19,50,W+0.5,10400,4,True,False,False,,-1,17.4749,0
2026-06-26 21:25:35,33,W+4.5,6864,2,True,False,False,,-1,17.1387,0
2026-06-26 21:25:48,26,W+5.5,5408,3,True,False,False,,-1,17.1248,0
2026-06-26 21:26:17,63,W+8.5,13104,7,True,False,False,,-1,17.3097,0
2026-06-26 21:26:28,21,W+5.5,4368,3,True,False,False,,-1,17.2716,0
2026-06-26 21:26:44,32,W+4.5,6656,2,True,False,False,,-1,17.2544,0
2026-06-26 21:26:55,24,W+7.5,4992,2,True,False,False,,-1,17.2501,0
2026-06-26 21:27:07,23,W+6.5,4784,2,True,False,False,,-1,17.2548,0
2026-06-26 21:27:20,27,W+6.5,5616,2,True,False,False,,-1,17.2344,0
2026-06-26 21:27:39,42,W+3.5,8736,6,True,False,False,,-1,17.2371,0
2026-06-26 21:27:53,29,W+5.5,6032,2,True,False,False,,-1,17.2524,0
2026-06-26 21:28:17,47,B+0.5,9776,7,True,False,False,,-1,17.2187,0
2026-06-26 21:28:29,24,W+7.5,4992,2,True,False,False,,-1,17.2189,0
2026-06-26 21:28:41,25,W+7.5,5200,2,True,False,False,,-1,17.2289,0
2026-06-26 21:29:31,121,B+26.5,25168,12,True,False,False,,-1,17.458,0
2026-06-26 21:29:54,46,W+5.5,9568,5,True,False,False,,-1,17.546,0
2026-06-26 21:30:06,29,W+6.5,6032,2,True,False,False,,-1,17.4937,0
2026-06-26 21:30:29,50,W+2.5,10400,6,True,False,False,,-1,17.5338,0
2026-06-26 21:30:42,27,W+1.5,5616,6,True,False,False,,-1,17.5573,0
2026-06-26 21:31:13,68,W+19.5,14144,7,True,False,False,,-1,17.5665,0
2026-06-26 21:31:24,25,W+6.5,5200,4,True,False,False,,-1,17.5528,0
2026-06-26 21:31:42,35,W+5.5,7280,3,True,False,False,,-1,17.6328,0
2026-06-26 21:32:01,38,W+5.5,7904,4,True,False,False,,-1,17.6963,0
2026-06-26 21:32:40,88,W+25.5,18304,5,True,False,False,,-1,17.9177,0
2026-06-26 21:32:56,32,W+6.5,6656,4,True,False,False,,-1,17.8254,0
2026-06-26 21:33:07,22,W+7.5,4576,2,True,False,False,,-1,17.7006,0
2026-06-26 21:33:31,51,B+7.5,10608,8,True,False,False,,-1,17.8017,0
2026-06-26 21:33:46,29,W+6.5,6032,2,True,False,False,,-1,17.3999,0
2026-06-26 21:34:00,31,W+4.5,6448,4,True,False,False,,-1,17.4525,0
2026-06-26 21:34:13,28,W+5.5,5824,4,True,False,False,,-1,17.4263,0
2026-06-26 21:34:35,43,B+0.5,8944,7,True,False,False,,-1,17.3922,0
2026-06-26 21:34:48,27,W+8.5,5616,2,True,False,False,,-1,17.3821,0
2026-06-26 21:34:58,21,W+5.5,4368,3,True,False,False,,-1,17.3271,0
2026-06-26 21:35:27,59,B+3.5,12272,6,True,False,False,,-1,17.5137,0
2026-06-26 21:35:54,56,W+4.5,11648,6,True,False,False,,-1,17.6517,0
2026-06-26 21:36:18,55,B+0.5,11440,5,True,False,False,,-1,17.6827,0
2026-06-26 21:36:34,31,W+6.5,6448,3,True,False,False,,-1,17.3045,0
2026-06-26 21:36:50,33,W+5.5,6864,3,True,False,False,,-1,17.317,0
2026-06-26 21:37:42,139,B+56.5,28912,9,True,False,False,,-1,17.6654,0
2026-06-26 21:37:58,34,W+5.5,7072,4,True,False,False,,-1,17.6861,0
2026-06-26 21:38:08,19,W+7.5,3952,2,True,False,False,,-1,17.6086,0
2026-06-26 21:38:20,27,W+3.5,5616,5,True,False,False,,-1,17.6034,0
2026-06-26 21:38:34,30,W+6.5,6240,3,True,False,False,,-1,17.5658,0
2026-06-26 21:38:52,39,B+0.5,8112,9,True,False,False,,-1,17.4278,0
2026-06-26 21:39:03,25,W+5.5,5200,3,True,False,False,,-1,17.3683,0
2026-06-26 21:39:19,31,W+4.5,6448,4,True,False,False,,-1,17.3794,0
2026-06-26 21:39:30,21,W+6.5,4368,2,True,False,False,,-1,17.3474,0
2026-06-26 21:40:19,101,W+10.5,21008,14,True,False,False,,-1,17.732,0
2026-06-26 21:40:36,36,W+3.5,7488,6,True,False,False,,-1,17.7536,0
2026-06-26 21:40:49,27,W+5.5,5616,3,True,False,False,,-1,17.7872,0
2026-06-26 21:41:05,35,W+1.5,7280,7,True,False,False,,-1,17.8539,0
2026-06-26 21:41:17,25,W+4.5,5200,4,True,False,False,,-1,17.7294,0
2026-06-26 21:41:32,33,W+4.5,6864,4,True,False,False,,-1,17.6024,0
2026-06-26 21:41:44,28,W+6.5,5824,3,True,False,False,,-1,17.5823,0
2026-06-26 21:42:05,45,B+1.5,9360,10,True,False,False,,-1,17.6397,0
2026-06-26 21:42:15,21,W+6.5,4368,3,True,False,False,,-1,17.6405,0
2026-06-26 21:42:26,23,W+5.5,4784,3,True,False,False,,-1,17.6199,0
2026-06-26 21:42:54,56,W+4.5,11648,3,True,False,False,,-1,17.7403,0
2026-06-26 21:43:09,32,W+8.5,6656,2,True,False,False,,-1,17.5991,0
2026-06-26 21:43:19,19,W+6.5,3952,2,True,False,False,,-1,17.497,0
2026-06-26 21:43:41,46,W+7.5,9568,2,True,False,False,,-1,17.5729,0
2026-06-26 21:43:51,24,W+7.5,4992,2,True,False,False,,-1,17.5185,0
2026-06-26 21:44:19,60,W+10.5,12480,3,True,False,False,,-1,17.6404,0
2026-06-26 21:44:34,33,W+1.5,6864,7,True,False,False,,-1,17.65,0
2026-06-26 21:44:52,36,W+6.5,7488,3,True,False,False,,-1,17.6214,0
2026-06-26 21:45:16,52,W+11.5,10816,5,True,False,False,,-1,17.6253,0
2026-06-26 21:45:32,35,B+0.5,7280,4,True,False,False,,-1,17.5185,0
2026-06-26 21:45:55,49,B+1.5,10192,6,True,False,False,,-1,17.5859,0
2026-06-26 21:46:04,19,W+6.5,3952,2,True,False,False,,-1,17.5428,0
2026-06-26 21:46:15,21,W+5.5,4368,2,True,False,False,,-1,17.5087,0
2026-06-26 21:46:27,27,W+5.5,5616,3,True,False,False,,-1,17.4658,0
2026-06-26 21:47:05,83,B+3.5,17264,9,True,False,False,,-1,17.7404,0
2026-06-26 21:47:18,25,W+5.5,5200,3,True,False,False,,-1,17.7316,0
2026-06-26 21:47:36,38,W+4.5,7904,5,True,False,False,,-1,17.7314,0
2026-06-26 21:47:52,37,B+0.5,7696,7,True,False,False,,-1,17.7218,0
2026-06-26 21:48:12,43,B+0.5,8944,8,True,False,False,,-1,17.8079,0
2026-06-26 21:48:36,48,B+0.5,9984,7,True,False,False,,-1,17.8913,0
2026-06-26 21:48:54,38,W+6.5,7904,3,True,False,False,,-1,17.9367,0
2026-06-26 21:49:49,162,W+24.5,33696,28,True,False,False,,-1,18.3766,0
2026-06-26 21:50:02,27,W+5.5,5616,3,True,False,False,,-1,18.4096,0
2026-06-26 21:50:18,33,W+4.5,6864,4,True,False,False,,-1,18.4832,0
2026-06-26 21:50:29,23,W+6.5,4784,2,True,False,False,,-1,18.4122,0
2026-06-26 21:50:45,33,W+4.5,6864,4,True,False,False,,-1,18.341,0
2026-06-26 21:51:10,53,B+0.5,11024,5,True,False,False,,-1,18.4766,0
2026-06-26 21:51:37,56,W+9.5,11648,4,True,False,False,,-1,18.6534,0
2026-06-26 21:51:48,23,W+6.5,4784,3,True,False,False,,-1,18.4416,0
2026-06-26 21:52:05,35,W+5.5,7280,3,True,False,False,,-1,18.4967,0
2026-06-26 21:52:20,31,W+3.5,6448,5,True,False,False,,-1,18.5167,0
2026-06-26 21:52:36,36,W+3.5,7488,6,True,False,False,,-1,18.5499,0
2026-06-26 21:52:46,23,W+5.5,4784,4,True,False,False,,-1,18.5056,0
2026-06-26 21:53:05,40,W+8.5,8320,2,True,False,False,,-1,18.4856,0
2026-06-26 21:53:16,23,W+5.5,4784,3,True,False,False,,-1,18.4479,0
2026-06-26 21:53:27,26,W+12.5,5408,3,True,False,False,,-1,18.4379,0
2026-06-26 21:53:46,43,B+0.5,8944,10,True,False,False,,-1,18.4931,0
2026-06-26 21:53:57,23,W+5.5,4784,3,True,False,False,,-1,18.4332,0
2026-06-26 21:54:12,31,W+4.5,6448,4,True,False,False,,-1,18.4587,0
2026-06-26 21:54:32,42,W+5.5,8736,4,True,False,False,,-1,18.5719,0
2026-06-26 21:54:45,28,W+7.5,5824,2,True,False,False,,-1,18.5508,0
2026-06-26 21:55:39,114,B+11.5,23712,8,True,False,False,,-1,18.9721,0
2026-06-26 21:55:54,31,W+6.5,6448,2,True,False,False,,-1,18.5814,0
2026-06-26 21:56:13,38,W+5.5,7904,3,True,False,False,,-1,18.5457,0
2026-06-26 21:56:27,29,W+4.5,6032,4,True,False,False,,-1,18.5161,0
2026-06-26 21:56:39,25,W+5.5,5200,3,True,False,False,,-1,18.5075,0
2026-06-26 21:56:55,35,W+3.5,7280,3,True,False,False,,-1,18.3744,0
2026-06-26 21:57:44,146,W+53.5,30368,8,True,False,False,,-1,18.7651,0
2026-06-26 21:57:59,30,W+5.5,6240,4,True,False,False,,-1,18.7543,0
2026-06-26 21:58:12,25,W+6.5,5200,2,True,False,False,,-1,18.7616,0
2026-06-26 21:58:23,23,W+6.5,4784,2,True,False,False,,-1,18.7558,0
2026-06-26 21:58:40,35,W+6.5,7280,3,True,False,False,,-1,18.7966,0
2026-06-26 21:59:00,41,W+4.5,8528,4,True,False,False,,-1,18.8109,0
2026-06-26 21:59:16,32,W+2.5,6656,5,True,False,False,,-1,18.8257,0
2026-06-26 21:59:36,44,W+2.5,9152,7,True,False,False,,-1,18.7951,0
2026-06-26 21:59:49,25,W+5.5,5200,3,True,False,False,,-1,18.7956,0
2026-06-26 22:00:03,28,W+7.5,5824,2,True,False,False,,-1,18.8145,0
2026-06-26 22:00:12,22,W+7.5,4576,2,True,False,False,,-1,18.4086,0
2026-06-26 22:00:38,58,W+0.5,12064,6,True,False,False,,-1,18.4457,0
2026-06-26 22:00:59,43,B+0.5,8944,8,True,False,False,,-1,18.5302,0
2026-06-26 22:01:34,76,W+0.5,15808,8,True,False,False,,-1,18.6465,0
2026-06-26 22:01:59,52,W+4.5,10816,3,True,False,False,,-1,18.7716,0
2026-06-26 22:02:11,25,W+6.5,5200,2,True,False,False,,-1,18.5794,0
2026-06-26 22:02:51,86,W+16.5,17888,10,True,False,False,,-1,18.8702,0
2026-06-26 22:03:14,46,W+5.5,9568,4,True,False,False,,-1,18.912,0
2026-06-26 22:03:23,21,W+6.5,4368,3,True,False,False,,-1,18.825,0
2026-06-26 22:03:34,23,W+5.5,4784,4,True,False,False,,-1,18.5342,0
2026-06-26 22:03:47,26,W+7.5,5408,2,True,False,False,,-1,18.5111,0
2026-06-26 22:04:06,38,W+7.5,7904,2,True,False,False,,-1,18.5903,0
2026-06-26 22:04:28,48,W+7.5,9984,5,True,False,False,,-1,18.5683,0
2026-06-26 22:04:45,34,W+5.5,7072,4,True,False,False,,-1,18.5955,0
2026-06-26 22:05:04,41,B+0.5,8528,8,True,False,False,,-1,18.6337,0
2026-06-26 22:05:17,28,W+8.5,5824,2,True,False,False,,-1,18.6359,0
2026-06-26 22:05:33,33,W+4.5,6864,4,True,False,False,,-1,18.5775,0
2026-06-26 22:06:06,67,B+2.5,13936,6,True,False,False,,-1,18.7754,0
2026-06-26 22:06:20,31,W+3.5,6448,5,True,False,False,,-1,18.8135,0
2026-06-26 22:06:36,31,W+5.5,6448,3,True,False,False,,-1,18.6929,0
2026-06-26 22:06:52,35,W+2.5,7280,6,True,False,False,,-1,18.5847,0
2026-06-26 22:07:06,27,W+4.5,5616,2,True,False,False,,-1,18.4719,0
2026-06-26 22:07:18,25,W+6.5,5200,2,True,False,False,,-1,18.4417,0
2026-06-26 22:07:30,23,W+6.5,4784,2,True,False,False,,-1,18.3986,0
2026-06-26 22:07:47,35,W+3.5,7280,4,True,False,False,,-1,18.0425,0
2026-06-26 22:07:58,25,W+5.5,5200,3,True,False,False,,-1,17.9994,0
2026-06-26 22:08:10,27,W+3.5,5616,5,True,False,False,,-1,18.0255,0
2026-06-26 22:08:27,34,W+7.5,7072,2,True,False,False,,-1,18.0681,0
2026-06-26 22:08:39,25,W+6.5,5200,2,True,False,False,,-1,18.0513,0
2026-06-26 22:08:55,33,W+2.5,6864,6,True,False,False,,-1,18.0291,0
2026-06-26 22:09:13,41,B+2.5,8528,9,True,False,False,,-1,18.0942,0
2026-06-26 22:09:26,27,W+4.5,5616,4,True,False,False,,-1,18.0695,0
2026-06-26 22:10:26,146,W+59.5,30368,6,True,False,False,,-1,18.5644,0
2026-06-26 22:10:40,27,W+6.5,5616,2,True,False,False,,-1,18.2129,0
2026-06-26 22:10:53,25,W+6.5,5200,2,True,False,False,,-1,18.1705,0
2026-06-26 22:11:04,23,W+6.5,4784,2,True,False,False,,-1,18.153,0
2026-06-26 22:11:24,43,B+0.5,8944,9,True,False,False,,-1,18.1899,0
2026-06-26 22:11:35,23,W+4.5,4784,4,True,False,False,,-1,18.1776,0
2026-06-26 22:12:23,124,W+42.5,25792,6,True,False,False,,-1,18.5129,0
2026-06-26 22:13:00,79,B+7.5,16432,7,True,False,False,,-1,18.7601,0
2026-06-26 22:13:12,25,W+5.5,5200,3,True,False,False,,-1,18.6662,0
2026-06-26 22:14:17,162,B+38.5,33696,3,True,False,False,,-1,19.2197,0
2026-06-26 22:15:15,124,W+0.5,25792,11,True,False,False,,-1,19.6825,0
2026-06-26 22:15:31,34,W+3.5,7072,3,True,False,False,,-1,19.5739,0
2026-06-26 22:15:47,33,W+5.5,6864,3,True,False,False,,-1,19.5746,0
2026-06-26 22:16:02,29,W+4.5,6032,2,True,False,False,,-1,19.6259,0
2026-06-26 22:16:12,21,W+6.5,4368,2,True,False,False,,-1,19.5064,0
2026-06-26 22:16:27,30,W+7.5,6240,2,True,False,False,,-1,19.5529,0
2026-06-26 22:16:41,31,W+4.5,6448,4,True,False,False,,-1,19.4227,0
2026-06-26 22:17:02,45,B+0.5,9360,8,True,False,False,,-1,19.4837,0
2026-06-26 22:17:26,52,W+0.5,10816,8,True,False,False,,-1,19.541,0
2026-06-26 22:17:35,20,W+7.5,4160,2,True,False,False,,-1,19.3843,0
2026-06-26 22:17:55,39,B+0.5,8112,9,True,False,False,,-1,19.422,0
2026-06-26 22:18:11,33,W+4.5,6864,4,True,False,False,,-1,19.3556,0
2026-06-26 22:18:26,35,W+0.5,7280,7,True,False,False,,-1,19.4188,0
2026-06-26 22:18:39,26,W+7.5,5408,2,True,False,False,,-1,19.4419,0
2026-06-26 22:19:05,57,B+0.5,11856,10,True,False,False,,-1,19.5789,0
2026-06-26 22:19:19,27,W+6.5,5616,2,True,False,False,,-1,19.3358,0
2026-06-26 22:19:29,21,W+5.5,4368,3,True,False,False,,-1,19.3136,0
2026-06-26 22:19:43,29,W+5.5,6032,3,True,False,False,,-1,19.2712,0
2026-06-26 22:19:53,23,W+4.5,4784,4,True,False,False,,-1,19.2112,0
2026-06-26 22:20:13,42,W+8.5,8736,3,True,False,False,,-1,19.2108,0
2026-06-26 22:20:52,80,W+9.5,16640,2,True,False,False,,-1,19.3526,0
2026-06-26 22:21:20,63,B+3.5,13104,8,True,False,False,,-1,19.4656,0
2026-06-26 22:22:10,129,B+39.5,26832,9,True,False,False,,-1,19.4087,0
2026-06-26 22:22:28,37,W+4.5,7696,3,True,False,False,,-1,19.4565,0
2026-06-26 22:22:53,53,B+0.5,11024,9,True,False,False,,-1,19.5439,0
2026-06-26 22:23:07,33,W+0.5,6864,6,True,False,False,,-1,19.574,0
2026-06-26 22:23:21,29,W+4.5,6032,4,True,False,False,,-1,19.5611,0
2026-06-26 22:23:33,25,W+5.5,5200,3,True,False,False,,-1,19.4218,0
2026-06-26 22:23:51,37,W+0.5,7696,7,True,False,False,,-1,19.3345,0
2026-06-26 22:24:04,27,W+6.5,5616,2,True,False,False,,-1,19.3653,0
2026-06-26 22:24:13,19,W+6.5,3952,2,True,False,False,,-1,19.28,0
2026-06-26 22:24:25,25,W+6.5,5200,2,True,False,False,,-1,19.2513,0
2026-06-26 22:25:16,122,B+16.5,25376,3,True,False,False,,-1,19.6005,0
2026-06-26 22:25:28,25,W+5.5,5200,3,True,False,False,,-1,19.6198,0
2026-06-26 22:25:52,45,W+5.5,9360,4,True,False,False,,-1,19.662,0
2026-06-26 22:26:03,23,W+5.5,4784,3,True,False,False,,-1,19.6701,0
2026-06-26 22:26:33,63,B+10.5,13104,6,True,False,False,,-1,19.8577,0
2026-06-26 22:26:44,23,W+4.5,4784,4,True,False,False,,-1,19.7756,0
2026-06-26 22:26:55,23,W+6.5,4784,2,True,False,False,,-1,19.7725,0
2026-06-26 22:27:11,33,W+3.5,6864,5,True,False,False,,-1,19.7944,0
2026-06-26 22:28:01,114,W+45.5,23712,2,True,False,False,,-1,20.089,0
2026-06-26 22:28:14,25,W+5.5,5200,3,True,False,False,,-1,20.0806,0
2026-06-26 22:28:26,27,W+3.5,5616,4,True,False,False,,-1,19.6662,0
2026-06-26 22:28:40,30,W+5.5,6240,4,True,False,False,,-1,19.6515,0
2026-06-26 22:28:50,21,W+6.5,4368,2,True,False,False,,-1,19.5605,0
2026-06-26 22:29:02,25,W+6.5,5200,2,True,False,False,,-1,19.5507,0
2026-06-26 22:29:12,21,W+7.5,4368,2,True,False,False,,-1,19.5335,0
2026-06-26 22:29:29,35,W+3.5,7280,5,True,False,False,,-1,19.5391,0
2026-06-26 22:29:46,36,W+3.5,7488,6,True,False,False,,-1,19.2195,0
2026-06-26 22:30:02,33,W+4.5,6864,4,True,False,False,,-1,19.2296,0
2026-06-26 22:30:28,55,B+2.5,11440,10,True,False,False,,-1,19.3665,0
2026-06-26 22:30:44,30,W+6.5,6240,2,True,False,False,,-1,19.4026,0
2026-06-26 22:31:47,162,B+5.5,33696,8,True,False,False,,-1,19.8652,0
2026-06-26 22:31:58,21,W+4.5,4368,3,True,False,False,,-1,19.7717,0
2026-06-26 22:33:08,162,B+7.5,33696,8,True,False,False,,-1,20.3184,0
2026-06-26 22:33:23,30,W+5.5,6240,4,True,False,False,,-1,20.2631,0
2026-06-26 22:33:36,27,W+5.5,5616,3,True,False,False,,-1,20.2708,0
2026-06-26 22:33:48,23,W+5.5,4784,3,True,False,False,,-1,20.2501,0
2026-06-26 22:34:05,37,W+2.5,7696,6,True,False,False,,-1,20.3326,0
2026-06-26 22:34:17,24,W+10.5,4992,2,True,False,False,,-1,20.1889,0
2026-06-26 22:34:37,41,W+3.5,8528,5,True,False,False,,-1,20.175,0
2026-06-26 22:34:53,31,W+6.5,6448,2,True,False,False,,-1,19.9838,0
2026-06-26 22:35:03,19,W+5.5,3952,2,True,False,False,,-1,19.8356,0
2026-06-26 22:35:18,39,B+0.5,8112,9,True,False,False,,-1,19.8668,0
2026-06-26 22:35:43,51,B+0.5,10608,9,True,False,False,,-1,19.7085,0
2026-06-26 22:36:35,116,W+0.5,24128,3,True,False,False,,-1,20.0106,0
2026-06-26 22:36:58,47,B+4.5,9776,8,True,False,False,,-1,20.1464,0
2026-06-26 22:37:08,21,W+6.5,4368,2,True,False,False,,-1,20.1363,0
2026-06-26 22:37:23,31,W+4.5,6448,4,True,False,False,,-1,20.1586,0
2026-06-26 22:37:34,22,W+7.5,4576,2,True,False,False,,-1,20.076,0
2026-06-26 22:37:46,25,W+6.5,5200,2,True,False,False,,-1,19.9812,0
2026-06-26 22:37:57,22,W+7.5,4576,2,True,False,False,,-1,19.9169,0
2026-06-26 22:38:11,31,W+3.5,6448,5,True,False,False,,-1,19.873,0
2026-06-26 22:38:29,37,B+0.5,7696,9,True,False,False,,-1,19.9173,0
2026-06-26 22:38:43,28,W+5.5,5824,4,True,False,False,,-1,19.8968,0
2026-06-26 22:38:57,30,W+8.5,6240,2,True,False,False,,-1,19.7089,0
2026-06-26 22:39:17,39,B+0.5,8112,5,True,False,False,,-1,19.7661,0
2026-06-26 22:39:41,50,W+0.5,10400,4,True,False,False,,-1,19.8497,0
2026-06-26 22:39:53,25,W+4.5,5200,4,True,False,False,,-1,19.8031,0
2026-06-26 22:40:03,23,W+4.5,4784,4,True,False,False,,-1,19.7707,0
2026-06-26 22:40:17,26,W+7.5,5408,2,True,False,False,,-1,19.7836,0
2026-06-26 22:40:29,25,W+6.5,5200,2,True,False,False,,-1,19.7838,0
2026-06-26 22:40:47,39,W+0.5,8112,7,True,False,False,,-1,19.8023,0
2026-06-26 22:41:07,43,W+4.5,8944,6,True,False,False,,-1,19.8849,0
2026-06-26 22:41:36,60,W+4.5,12480,5,True,False,False,,-1,20.0564,0
2026-06-26 22:41:49,27,W+6.5,5616,2,True,False,False,,-1,20.0218,0
2026-06-26 22:42:03,29,W+2.5,6032,5,True,False,False,,-1,20.0387,0
2026-06-26 22:42:14,23,W+6.5,4784,2,True,False,False,,-1,19.9939,0
2026-06-26 22:42:25,23,W+6.5,4784,3,True,False,False,,-1,19.922,0
2026-06-26 22:42:38,27,W+0.5,5616,4,True,False,False,,-1,19.9179,0
2026-06-26 22:43:07,64,W+22.5,13312,6,True,False,False,,-1,19.6014,0
2026-06-26 22:43:50,94,W+0.5,19552,8,True,False,False,,-1,19.8909,0
2026-06-26 22:44:03,28,W+6.5,5824,3,True,False,False,,-1,19.8969,0
2026-06-26 22:44:29,53,B+0.5,11024,7,True,False,False,,-1,20.041,0
2026-06-26 22:44:42,30,W+4.5,6240,5,True,False,False,,-1,19.9774,0
2026-06-26 22:44:53,20,W+7.5,4160,2,True,False,False,,-1,19.9829,0
2026-06-26 22:45:45,112,B+6.5,23296,4,True,False,False,,-1,20.0168,0
2026-06-26 22:45:56,21,W+6.5,4368,2,True,False,False,,-1,19.759,0
2026-06-26 22:46:16,43,B+1.5,8944,6,True,False,False,,-1,19.8444,0
2026-06-26 22:46:32,30,W+6.5,6240,2,True,False,False,,-1,19.3478,0
2026-06-26 22:46:47,29,W+5.5,6032,2,True,False,False,,-1,18.9175,0
2026-06-26 22:47:07,45,B+0.5,9360,8,True,False,False,,-1,18.9538,0
2026-06-26 22:47:23,33,W+4.5,6864,4,True,False,False,,-1,18.9621,0
2026-06-26 22:47:39,31,W+4.5,6448,4,True,False,False,,-1,18.9732,0
2026-06-26 22:48:01,43,B+1.5,8944,7,True,False,False,,-1,19.0911,0
2026-06-26 22:48:22,46,W+4.5,9568,4,True,False,False,,-1,19.1556,0
2026-06-26 22:48:33,19,W+6.5,3952,2,True,False,False,,-1,19.1115,0
2026-06-26 22:48:53,42,W+6.5,8736,4,True,False,False,,-1,19.1075,0
2026-06-26 22:49:03,19,W+6.5,3952,2,True,False,False,,-1,18.9662,0
2026-06-26 22:49:21,39,B+0.5,8112,4,True,False,False,,-1,19.0573,0
2026-06-26 22:49:39,38,W+9.5,7904,2,True,False,False,,-1,19.0433,0
2026-06-26 22:50:31,112,W+38.5,23296,9,True,False,False,,-1,19.3971,0
2026-06-26 22:50:43,27,W+3.5,5616,5,True,False,False,,-1,19.366,0
2026-06-26 22:50:52,20,W+7.5,4160,2,True,False,False,,-1,19.3264,0
2026-06-26 22:51:24,67,B+2.5,13936,6,True,False,False,,-1,19.3859,0
2026-06-26 22:52:01,84,W+9.5,17472,8,True,False,False,,-1,19.6161,0
2026-06-26 22:52:15,27,W+6.5,5616,2,True,False,False,,-1,19.6525,0
2026-06-26 22:53:16,162,W+38.5,33696,23,True,False,False,,-1,20.1297,0
2026-06-26 22:53:36,45,B+0.5,9360,9,True,False,False,,-1,20.2246,0
2026-06-26 22:53:49,27,W+3.5,5616,5,True,False,False,,-1,20.1549,0
2026-06-26 22:54:10,47,B+0.5,9776,9,True,False,False,,-1,19.9831,0
2026-06-26 22:54:40,61,W+8.5,12688,2,True,False,False,,-1,19.9959,0
2026-06-26 22:54:52,23,W+5.5,4784,2,True,False,False,,-1,19.6114,0
2026-06-26 22:55:07,32,W+7.5,6656,2,True,False,False,,-1,19.5946,0
2026-06-26 22:55:19,26,W+5.5,5408,4,True,False,False,,-1,19.4611,0
2026-06-26 22:55:40,47,B+2.5,9776,7,True,False,False,,-1,19.5317,0
2026-06-26 22:55:55,29,W+6.5,6032,2,True,False,False,,-1,19.5424,0
2026-06-26 22:56:13,35,W+2.5,7280,4,True,False,False,,-1,19.5971,0
2026-06-26 22:56:30,33,W+4.5,6864,4,True,False,False,,-1,19.5885,0
2026-06-26 22:56:46,33,W+9.5,6864,2,True,False,False,,-1,19.6127,0
2026-06-26 22:57:04,37,W+3.5,7696,5,True,False,False,,-1,19.709,0
2026-06-26 22:57:35,64,W+11.5,13312,2,True,False,False,,-1,19.9038,0
2026-06-26 22:57:49,26,W+7.5,5408,2,True,False,False,,-1,19.5267,0
2026-06-26 22:58:03,31,W+3.5,6448,4,True,False,False,,-1,19.5478,0
2026-06-26 22:58:14,21,W+6.5,4368,2,True,False,False,,-1,19.426,0
2026-06-26 22:58:59,111,B+0.5,23088,18,True,False,False,,-1,19.7616,0
2026-06-26 22:59:23,49,B+0.5,10192,6,True,False,False,,-1,19.7017,0
2026-06-26 22:59:54,63,B+3.5,13104,8,True,False,False,,-1,19.8985,0
2026-06-26 23:00:07,31,W+0.5,6448,8,True,False,False,,-1,19.9167,0
2026-06-26 23:00:20,31,W+3.5,6448,4,True,False,False,,-1,19.8896,0
2026-06-26 23:01:08,105,B+28.5,21840,4,True,False,False,,-1,19.8641,0
2026-06-26 23:01:26,41,B+0.5,8528,8,True,False,False,,-1,19.9232,0
2026-06-26 23:01:43,34,W+5.5,7072,3,True,False,False,,-1,19.9622,0
2026-06-26 23:02:02,44,W+7.5,9152,2,True,False,False,,-1,20.0258,0
2026-06-26 23:02:24,45,B+1.5,9360,7,True,False,False,,-1,20.1458,0
2026-06-26 23:02:47,46,W+9.5,9568,3,True,False,False,,-1,20.2437,0
2026-06-26 23:02:56,20,W+7.5,4160,2,True,False,False,,-1,20.2388,0
2026-06-26 23:03:07,23,W+4.5,4784,4,True,False,False,,-1,20.1838,0
2026-06-26 23:03:23,34,W+4.5,7072,5,True,False,False,,-1,20.1638,0
2026-06-26 23:03:56,67,B+2.5,13936,4,True,False,False,,-1,20.3317,0
2026-06-26 23:04:08,25,W+6.5,5200,2,True,False,False,,-1,20.1952,0
2026-06-26 23:04:19,22,W+7.5,4576,2,True,False,False,,-1,20.1501,0
2026-06-26 23:04:31,27,W+4.5,5616,4,True,False,False,,-1,19.6374,0
2026-06-26 23:04:58,55,B+4.5,11440,5,True,False,False,,-1,19.8028,0
2026-06-26 23:05:58,141,B+9.5,29328,9,True,False,False,,-1,19.6957,0
2026-06-26 23:06:15,33,W+5.5,6864,4,True,False,False,,-1,19.716,0
2026-06-26 23:06:28,27,W+5.5,5616,3,True,False,False,,-1,19.7143,0
2026-06-26 23:06:39,22,W+10.5,4576,2,True,False,False,,-1,19.707,0
2026-06-26 23:06:59,43,W+1.5,8944,7,True,False,False,,-1,19.7345,0
2026-06-26 23:07:11,25,W+8.5,5200,2,True,False,False,,-1,19.7351,0
2026-06-26 23:07:25,31,W+2.5,6448,5,True,False,False,,-1,19.68,0
2026-06-26 23:07:36,23,W+5.5,4784,3,True,False,False,,-1,19.6328,0
2026-06-26 23:08:02,57,B+12.5,11856,8,True,False,False,,-1,19.7925,0
2026-06-26 23:08:47,97,B+24.5,20176,2,True,False,False,,-1,20.0847,0
2026-06-26 23:08:58,23,W+6.5,4784,2,True,False,False,,-1,19.9576,0
2026-06-26 23:09:21,44,W+5.5,9152,4,True,False,False,,-1,19.6563,0
2026-06-26 23:09:37,31,W+2.5,6448,3,True,False,False,,-1,19.5836,0
2026-06-26 23:09:54,39,B+0.5,8112,9,True,False,False,,-1,19.6622,0
2026-06-26 23:10:13,39,W+3.5,8112,5,True,False,False,,-1,19.6975,0
2026-06-26 23:10:29,32,W+6.5,6656,3,True,False,False,,-1,19.7525,0
2026-06-26 23:10:40,23,W+6.5,4784,2,True,False,False,,-1,19.735,0
2026-06-26 23:11:00,41,B+0.5,8528,9,True,False,False,,-1,19.8291,0
2026-06-26 23:11:11,23,W+4.5,4784,4,True,False,False,,-1,19.7914,0
2026-06-26 23:11:34,49,B+1.5,10192,8,True,False,False,,-1,19.8426,0
2026-06-26 23:11:44,25,W+5.5,5200,3,True,False,False,,-1,19.8162,0
2026-06-26 23:11:58,31,W+4.5,6448,4,True,False,False,,-1,19.8127,0
2026-06-26 23:12:13,31,W+6.5,6448,2,True,False,False,,-1,19.762,0
2026-06-26 23:12:26,29,W+5.5,6032,3,True,False,False,,-1,19.6436,0
2026-06-26 23:12:39,29,W+6.5,6032,2,True,False,False,,-1,19.6637,0
2026-06-26 23:13:01,46,W+2.5,9568,6,True,False,False,,-1,19.7788,0
2026-06-26 23:13:13,25,W+5.5,5200,2,True,False,False,,-1,19.7632,0
2026-06-26 23:13:29,35,B+0.5,7280,7,True,False,False,,-1,19.8022,0
2026-06-26 23:13:47,38,B+0.5,7904,8,True,False,False,,-1,19.7904,0
2026-06-26 23:14:29,89,B+11.5,18512,6,True,False,False,,-1,20.0158,0
2026-06-26 23:14:43,29,W+3.5,6032,5,True,False,False,,-1,19.8647,0
2026-06-26 23:15:02,39,W+4.5,8112,5,True,False,False,,-1,19.9229,0
2026-06-26 23:15:20,37,B+0.5,7696,7,True,False,False,,-1,19.9622,0
2026-06-26 23:15:32,25,W+5.5,5200,2,True,False,False,,-1,19.9776,0
2026-06-26 23:15:57,51,B+4.5,10608,5,True,False,False,,-1,20.119,0
2026-06-26 23:16:10,26,W+7.5,5408,2,True,False,False,,-1,20.1233,0
2026-06-26 23:16:37,55,B+2.5,11440,6,True,False,False,,-1,20.1035,0
2026-06-26 23:16:49,25,W+4.5,5200,5,True,False,False,,-1,19.7865,0
2026-06-26 23:17:03,27,W+5.5,5616,3,True,False,False,,-1,19.7925,0
2026-06-26 23:17:16,29,W+3.5,6032,5,True,False,False,,-1,19.6707,0
2026-06-26 23:17:29,27,W+3.5,5616,4,True,False,False,,-1,19.6637,0
2026-06-26 23:17:49,44,W+0.5,9152,8,True,False,False,,-1,19.7562,0
2026-06-26 23:17:59,19,W+6.5,3952,2,True,False,False,,-1,19.3356,0
2026-06-26 23:18:16,34,W+4.5,7072,4,True,False,False,,-1,19.4017,0
2026-06-26 23:19:18,140,W+29.5,29120,4,True,False,False,,-1,19.8139,0
2026-06-26 23:19:42,53,B+1.5,11024,8,True,False,False,,-1,19.8957,0
2026-06-26 23:19:59,35,W+2.5,7280,4,True,False,False,,-1,19.9186,0
2026-06-26 23:20:29,62,W+7.5,12896,4,True,False,False,,-1,20.0193,0
2026-06-26 23:20:43,27,W+5.5,5616,3,True,False,False,,-1,19.9898,0
2026-06-26 23:20:52,20,W+7.5,4160,2,True,False,False,,-1,19.929,0
2026-06-26 23:21:03,23,W+5.5,4784,2,True,False,False,,-1,19.8222,0
2026-06-26 23:21:18,31,W+4.5,6448,4,True,False,False,,-1,19.7555,0
2026-06-26 23:21:28,19,W+5.5,3952,2,True,False,False,,-1,19.7485,0
2026-06-26 23:21:38,23,W+5.5,4784,4,True,False,False,,-1,19.6431,0
2026-06-26 23:21:49,27,W+4.5,5616,3,True,False,False,,-1,19.6655,0
2026-06-26 23:22:05,31,W+5.5,6448,2,True,False,False,,-1,19.6374,0
2026-06-26 23:23:10,152,W+0.5,31616,6,True,False,False,,-1,20.1041,0
2026-06-26 23:23:27,35,B+0.5,7280,6,True,False,False,,-1,19.7599,0
2026-06-26 23:23:38,23,W+5.5,4784,2,True,False,False,,-1,19.7492,0
2026-06-26 23:24:03,52,W+7.5,10816,2,True,False,False,,-1,19.9097,0
2026-06-26 23:24:16,27,W+2.5,5616,5,True,False,False,,-1,19.7229,0
2026-06-26 23:25:26,162,W+31.5,33696,25,True,False,False,,-1,20.0479,0
2026-06-26 23:25:58,70,W+4.5,14560,3,True,False,False,,-1,20.2306,0
2026-06-26 23:26:09,23,W+5.5,4784,3,True,False,False,,-1,19.7268,0
2026-06-26 23:26:25,34,W+2.5,7072,5,True,False,False,,-1,19.6902,0
2026-06-26 23:26:36,22,W+7.5,4576,2,True,False,False,,-1,19.6743,0
2026-06-26 23:26:51,31,W+4.5,6448,4,True,False,False,,-1,19.6033,0
2026-06-26 23:27:09,36,W+6.5,7488,3,True,False,False,,-1,19.4867,0
2026-06-26 23:27:23,27,W+5.5,5616,3,True,False,False,,-1,19.5085,0
2026-06-26 23:27:37,30,W+3.5,6240,6,True,False,False,,-1,19.4974,0
2026-06-26 23:27:51,29,W+6.5,6032,2,True,False,False,,-1,19.5182,0
2026-06-26 23:28:00,19,W+6.5,3952,2,True,False,False,,-1,19.3919,0
2026-06-26 23:28:12,23,W+6.5,4784,2,True,False,False,,-1,19.3599,0
2026-06-26 23:28:26,32,W+0.5,6656,5,True,False,False,,-1,19.3344,0
2026-06-26 23:28:46,40,W+6.5,8320,2,True,False,False,,-1,19.3541,0
2026-06-26 23:29:00,33,B+0.5,6864,7,True,False,False,,-1,19.3397,0
2026-06-26 23:29:10,21,W+6.5,4368,2,True,False,False,,-1,19.2596,0
2026-06-26 23:29:33,49,B+4.5,10192,9,True,False,False,,-1,19.1756,0
2026-06-26 23:29:48,32,W+5.5,6656,4,True,False,False,,-1,19.1941,0
2026-06-26 23:30:38,107,B+14.5,22256,3,True,False,False,,-1,19.5449,0
2026-06-26 23:30:51,29,W+3.5,6032,3,True,False,False,,-1,19.5687,0
2026-06-26 23:31:04,27,W+3.5,5616,5,True,False,False,,-1,19.2449,0
2026-06-26 23:31:25,45,W+5.5,9360,2,True,False,False,,-1,19.2157,0
2026-06-26 23:31:56,63,B+7.5,13104,8,True,False,False,,-1,19.219,0
2026-06-26 23:32:05,19,W+6.5,3952,2,True,False,False,,-1,19.1857,0
2026-06-26 23:32:34,59,B+3.5,12272,8,True,False,False,,-1,19.3302,0
2026-06-26 23:32:46,25,W+6.5,5200,2,True,False,False,,-1,18.9862,0
2026-06-26 23:32:57,21,W+6.5,4368,2,True,False,False,,-1,18.9021,0
2026-06-26 23:33:09,27,W+5.5,5616,3,True,False,False,,-1,18.8666,0
2026-06-26 23:33:31,46,W+1.5,9568,6,True,False,False,,-1,18.8822,0
2026-06-26 23:33:52,47,B+0.5,9776,9,True,False,False,,-1,18.8714,0
2026-06-26 23:34:07,32,W+7.5,6656,2,True,False,False,,-1,18.8035,0
2026-06-26 23:34:27,43,B+2.5,8944,9,True,False,False,,-1,18.9084,0
2026-06-26 23:34:39,27,W+3.5,5616,5,True,False,False,,-1,18.9185,0
2026-06-26 23:34:51,23,W+6.5,4784,2,True,False,False,,-1,18.8797,0
2026-06-26 23:35:12,41,W+1.5,8528,7,True,False,False,,-1,18.7574,0
2026-06-26 23:35:25,25,W+6.5,5200,2,True,False,False,,-1,18.7619,0
2026-06-26 23:35:39,30,W+5.5,6240,3,True,False,False,,-1,18.7976,0
2026-06-26 23:35:53,31,W+1.5,6448,5,True,False,False,,-1,18.8176,0
2026-06-26 23:36:07,29,W+3.5,6032,5,True,False,False,,-1,18.6823,0
2026-06-26 23:36:21,31,W+3.5,6448,4,True,False,False,,-1,18.2267,0
2026-06-26 23:36:36,34,W+0.5,7072,7,True,False,False,,-1,18.2152,0
2026-06-26 23:36:47,22,W+6.5,4576,3,True,False,False,,-1,18.1894,0
2026-06-26 23:36:59,27,W+4.5,5616,4,True,False,False,,-1,18.2016,0
2026-06-26 23:37:20,43,B+0.5,8944,9,True,False,False,,-1,18.2065,0
2026-06-26 23:38:19,128,W+0.5,26624,5,True,False,False,,-1,18.6759,0
2026-06-26 23:38:33,31,W+7.5,6448,4,True,False,False,,-1,18.6757,0
2026-06-26 23:38:46,29,W+3.5,6032,5,True,False,False,,-1,18.6915,0
2026-06-26 23:39:10,48,W+2.5,9984,4,True,False,False,,-1,18.6705,0
2026-06-26 23:40:11,140,W+43.5,29120,8,True,False,False,,-1,18.8364,0
2026-06-26 23:40:26,31,W+5.5,6448,3,True,False,False,,-1,18.8771,0
2026-06-26 23:40:42,31,W+6.5,6448,2,True,False,False,,-1,18.8105,0
2026-06-26 23:40:56,27,W+5.5,5616,3,True,False,False,,-1,18.7898,0
2026-06-26 23:41:17,45,B+0.5,9360,9,True,False,False,,-1,18.827,0
2026-06-26 23:41:54,79,B+15.5,16432,8,True,False,False,,-1,19.009,0
2026-06-26 23:42:04,20,W+7.5,4160,2,True,False,False,,-1,18.9461,0
2026-06-26 23:42:17,27,W+5.5,5616,2,True,False,False,,-1,18.9709,0
2026-06-26 23:42:28,21,W+6.5,4368,2,True,False,False,,-1,18.8698,0
2026-06-26 23:42:39,25,W+4.5,5200,4,True,False,False,,-1,18.8834,0
2026-06-26 23:42:57,37,B+0.5,7696,4,True,False,False,,-1,18.832,0
2026-06-26 23:43:09,23,W+5.5,4784,3,True,False,False,,-1,18.8405,0
2026-06-26 23:43:18,21,W+6.5,4368,2,True,False,False,,-1,18.7974,0
2026-06-26 23:43:31,27,W+3.5,5616,5,True,False,False,,-1,18.7782,0
2026-06-26 23:44:07,76,W+17.5,15808,2,True,False,False,,-1,19.0024,0
2026-06-26 23:44:39,69,B+0.5,14352,10,True,False,False,,-1,19.1978,0
2026-06-26 23:44:56,33,W+0.5,6864,3,True,False,False,,-1,19.1481,0
2026-06-26 23:45:09,25,W+6.5,5200,3,True,False,False,,-1,19.1556,0
2026-06-26 23:45:23,29,W+3.5,6032,5,True,False,False,,-1,19.1396,0
2026-06-26 23:45:39,31,W+6.5,6448,2,True,False,False,,-1,19.123,0
2026-06-26 23:45:48,19,W+6.5,3952,2,True,False,False,,-1,18.7867,0
2026-06-26 23:46:01,25,W+5.5,5200,2,True,False,False,,-1,18.7734,0
2026-06-26 23:46:12,23,W+6.5,4784,2,True,False,False,,-1,18.7013,0
2026-06-26 23:46:28,31,W+6.5,6448,2,True,False,False,,-1,18.6844,0
2026-06-26 23:46:39,23,W+5.5,4784,3,True,False,False,,-1,18.6691,0
2026-06-26 23:46:56,33,W+5.5,6864,2,True,False,False,,-1,18.5826,0
2026-06-26 23:47:06,21,W+6.5,4368,2,True,False,False,,-1,18.5599,0
2026-06-26 23:47:22,31,W+5.5,6448,3,True,False,False,,-1,18.4468,0
2026-06-26 23:48:20,162,W+51.5,33696,4,True,False,False,,-1,18.9107,0
2026-06-26 23:48:42,47,B+0.5,9776,8,True,False,False,,-1,18.9949,0
2026-06-26 23:49:00,35,W+5.5,7280,3,True,False,False,,-1,19.0362,0
2026-06-26 23:49:14,31,W+0.5,6448,5,True,False,False,,-1,19.0521,0
2026-06-26 23:49:28,25,W+5.5,5200,3,True,False,False,,-1,18.984,0
2026-06-26 23:49:45,38,W+4.5,7904,4,True,False,False,,-1,19.0589,0
2026-06-26 23:50:00,32,W+5.5,6656,4,True,False,False,,-1,19.0391,0
2026-06-26 23:50:15,31,W+5.5,6448,3,True,False,False,,-1,18.5741,0
2026-06-26 23:50:27,28,W+5.5,5824,4,True,False,False,,-1,18.4501,0
2026-06-26 23:50:44,40,W+1.5,8320,8,True,False,False,,-1,18.4517,0
2026-06-26 23:51:47,162,W+67.5,33696,8,True,False,False,,-1,18.774,0
2026-06-26 23:51:59,29,W+3.5,6032,5,True,False,False,,-1,18.7644,0
2026-06-26 23:52:18,38,W+6.5,7904,2,True,False,False,,-1,18.8588,0
2026-06-26 23:52:39,42,W+7.5,8736,2,True,False,False,,-1,18.9546,0
2026-06-26 23:52:52,25,W+5.5,5200,2,True,False,False,,-1,18.9326,0
2026-06-26 23:53:09,35,W+2.5,7280,5,True,False,False,,-1,19.0099,0
2026-06-26 23:53:33,50,W+2.5,10400,5,True,False,False,,-1,19.1518,0
2026-06-26 23:53:45,25,W+5.5,5200,2,True,False,False,,-1,19.155,0
2026-06-26 23:53:54,20,W+7.5,4160,2,True,False,False,,-1,19.0959,0
2026-06-26 23:54:10,31,W+4.5,6448,4,True,False,False,,-1,18.5983,0
2026-06-26 23:54:29,39,B+0.5,8112,6,True,False,False,,-1,18.6183,0
2026-06-26 23:54:57,57,W+4.5,11856,7,True,False,False,,-1,18.7797,0
2026-06-26 23:55:31,72,W+10.5,14976,6,True,False,False,,-1,18.874,0
2026-06-26 23:55:49,39,B+1.5,8112,8,True,False,False,,-1,18.9191,0
2026-06-26 23:56:01,27,W+5.5,5616,4,True,False,False,,-1,18.3515,0
2026-06-26 23:56:14,27,W+4.5,5616,4,True,False,False,,-1,18.1602,0
2026-06-26 23:56:25,21,W+5.5,4368,3,True,False,False,,-1,18.1551,0
2026-06-26 23:56:38,29,W+6.5,6032,2,True,False,False,,-1,18.1253,0
2026-06-26 23:56:51,25,W+5.5,5200,3,True,False,False,,-1,18.1432,0
2026-06-26 23:57:02,25,W+5.5,5200,3,True,False,False,,-1,18.1115,0
2026-06-26 23:57:14,23,W+5.5,4784,3,True,False,False,,-1,18.0485,0
2026-06-26 23:57:31,36,W+3.5,7488,4,True,False,False,,-1,18.0782,0
2026-06-26 23:57:54,48,W+3.5,9984,3,True,False,False,,-1,18.1636,0
2026-06-26 23:58:06,26,W+6.5,5408,3,True,False,False,,-1,18.1532,0
2026-06-26 23:58:23,35,W+4.5,7280,6,True,False,False,,-1,18.2337,0
2026-06-26 23:58:38,29,W+7.5,6032,4,True,False,False,,-1,18.2644,0
2026-06-26 23:58:51,27,W+6.5,5616,2,True,False,False,,-1,18.2499,0
2026-06-26 23:59:04,25,W+5.5,5200,3,True,False,False,,-1,18.177,0
2026-06-26 23:59:14,21,W+4.5,4368,3,True,False,False,,-1,18.1373,0
2026-06-26 23:59:31,35,W+5.5,7280,3,True,False,False,,-1,18.2002,0
2026-06-26 23:59:41,21,W+6.5,4368,2,True,False,False,,-1,18.0711,0
2026-06-26 23:59:50,20,W+7.5,4160,2,True,False,False,,-1,18.0157,0
2026-06-27 00:00:08,38,W+6.5,7904,3,True,False,False,,-1,17.7017,0
2026-06-27 00:00:21,25,W+5.5,5200,2,True,False,False,,-1,17.6908,0
2026-06-27 00:00:33,25,W+6.5,5200,2,True,False,False,,-1,17.6885,0
2026-06-27 00:00:47,30,W+0.5,6240,4,True,False,False,,-1,17.6153,0
2026-06-27 00:01:10,46,W+9.5,9568,2,True,False,False,,-1,17.5372,0
2026-06-27 00:01:55,122,W+19.5,25376,3,True,False,False,,-1,17.8976,0
2026-06-27 00:02:44,112,W+30.5,23296,8,True,False,False,,-1,18.0992,0
2026-06-27 00:02:59,29,W+7.5,6032,2,True,False,False,,-1,18.1206,0
2026-06-27 00:03:17,40,W+5.5,8320,2,True,False,False,,-1,18.2038,0
2026-06-27 00:03:27,20,W+8.5,4160,2,True,False,False,,-1,18.1731,0
2026-06-27 00:03:42,29,W+0.5,6032,6,True,False,False,,-1,18.1063,0
2026-06-27 00:04:36,116,W+1.5,24128,8,True,False,False,,-1,18.437,0
2026-06-27 00:04:47,23,W+6.5,4784,2,True,False,False,,-1,18.3923,0
2026-06-27 00:05:00,27,W+5.5,5616,4,True,False,False,,-1,18.323,0
2026-06-27 00:05:17,33,W+2.5,6864,2,True,False,False,,-1,18.3762,0
2026-06-27 00:05:29,26,W+7.5,5408,2,True,False,False,,-1,18.3806,0
2026-06-27 00:05:49,45,B+0.5,9360,9,True,False,False,,-1,18.3749,0
2026-06-27 00:06:03,27,W+6.5,5616,3,True,False,False,,-1,18.3783,0
2026-06-27 00:06:13,21,W+5.5,4368,3,True,False,False,,-1,18.3356,0
2026-06-27 00:06:24,25,W+7.5,5200,2,True,False,False,,-1,18.3126,0
2026-06-27 00:06:51,55,B+1.5,11440,9,True,False,False,,-1,18.4392,0
2026-06-27 00:07:02,21,W+6.5,4368,2,True,False,False,,-1,18.4077,0
2026-06-27 00:07:19,34,W+5.5,7072,3,True,False,False,,-1,18.4226,0
2026-06-27 00:08:06,115,W+36.5,23920,8,True,False,False,,-1,18.7886,0
2026-06-27 00:08:20,29,W+2.5,6032,2,True,False,False,,-1,18.8066,0
2026-06-27 00:08:34,29,W+3.5,6032,5,True,False,False,,-1,18.7347,0
2026-06-27 00:08:46,26,W+7.5,5408,2,True,False,False,,-1,18.2692,0
2026-06-27 00:09:06,41,W+1.5,8528,4,True,False,False,,-1,18.3237,0
2026-06-27 00:09:16,21,W+6.5,4368,2,True,False,False,,-1,18.3002,0
2026-06-27 00:09:32,33,W+5.5,6864,3,True,False,False,,-1,18.218,0
2026-06-27 00:09:56,51,B+1.5,10608,7,True,False,False,,-1,17.8524,0
2026-06-27 00:10:12,33,W+7.5,6864,3,True,False,False,,-1,17.8578,0
2026-06-27 00:11:08,148,W+25.5,30784,12,True,False,False,,-1,18.2597,0
2026-06-27 00:11:32,51,W+6.5,10608,6,True,False,False,,-1,18.3622,0
2026-06-27 00:11:45,25,W+4.5,5200,4,True,False,False,,-1,18.274,0
2026-06-27 00:11:58,27,W+3.5,5616,4,True,False,False,,-1,18.0324,0
2026-06-27 00:12:08,21,W+6.5,4368,2,True,False,False,,-1,18.0407,0
2026-06-27 00:12:21,23,W+6.5,4784,2,True,False,False,,-1,18.0329,0
2026-06-27 00:12:33,24,W+7.5,4992,3,True,False,False,,-1,18.0516,0
2026-06-27 00:12:51,38,W+6.5,7904,3,True,False,False,,-1,18.1201,0
2026-06-27 00:13:37,106,W+0.5,22048,11,True,False,False,,-1,18.3953,0
2026-06-27 00:13:56,42,W+7.5,8736,2,True,False,False,,-1,18.4688,0
2026-06-27 00:14:22,52,W+5.5,10816,5,True,False,False,,-1,18.633,0
2026-06-27 00:14:33,25,W+5.5,5200,3,True,False,False,,-1,18.6173,0
2026-06-27 00:15:26,115,B+18.5,23920,14,True,False,False,,-1,18.7884,0
2026-06-27 00:15:36,23,W+6.5,4784,2,True,False,False,,-1,18.5675,0
2026-06-27 00:15:50,31,W+6.5,6448,2,True,False,False,,-1,18.5398,0
2026-06-27 00:16:11,45,B+0.5,9360,9,True,False,False,,-1,18.6196,0
2026-06-27 00:16:32,47,B+2.5,9776,8,True,False,False,,-1,18.6881,0
2026-06-27 00:16:46,30,W+3.5,6240,6,True,False,False,,-1,18.6711,0
2026-06-27 00:16:59,27,W+6.5,5616,2,True,False,False,,-1,18.7142,0
2026-06-27 00:18:08,162,W+48.5,33696,8,True,False,False,,-1,19.2713,0
2026-06-27 00:18:22,27,W+5.5,5616,2,True,False,False,,-1,19.2901,0
2026-06-27 00:18:39,37,W+5.5,7696,3,True,False,False,,-1,19.3085,0
2026-06-27 00:18:54,33,W+5.5,6864,3,True,False,False,,-1,19.3484,0
2026-06-27 00:19:37,104,B+15.5,21632,2,True,False,False,,-1,19.6127,0
2026-06-27 00:19:50,27,W+4.5,5616,3,True,False,False,,-1,19.6357,0
2026-06-27 00:20:05,33,W+3.5,6864,5,True,False,False,,-1,19.6316,0
2026-06-27 00:20:27,42,W+4.5,8736,5,True,False,False,,-1,19.2657,0
2026-06-27 00:20:37,21,W+5.5,4368,3,True,False,False,,-1,19.1425,0
2026-06-27 00:20:53,35,W+5.5,7280,4,True,False,False,,-1,19.1322,0
2026-06-27 00:21:05,23,W+4.5,4784,4,True,False,False,,-1,19.1023,0
2026-06-27 00:21:27,48,W+1.5,9984,7,True,False,False,,-1,19.1943,0
2026-06-27 00:21:40,27,W+4.5,5616,4,True,False,False,,-1,19.1512,0
2026-06-27 00:22:03,47,B+1.5,9776,9,True,False,False,,-1,19.2185,0
2026-06-27 00:22:15,25,W+6.5,5200,2,True,False,False,,-1,19.1926,0
2026-06-27 00:22:27,25,W+4.5,5200,4,True,False,False,,-1,19.1991,0
2026-06-27 00:22:41,27,W+6.5,5616,2,True,False,False,,-1,19.1665,0
2026-06-27 00:22:58,36,W+6.5,7488,2,True,False,False,,-1,18.7062,0
2026-06-27 00:23:11,28,W+6.5,5824,3,True,False,False,,-1,18.7169,0
2026-06-27 00:23:24,26,W+7.5,5408,2,True,False,False,,-1,18.6503,0
2026-06-27 00:24:21,124,W+41.5,25792,10,True,False,False,,-1,19.0189,0
2026-06-27 00:24:31,21,W+6.5,4368,2,True,False,False,,-1,18.9946,0
2026-06-27 00:24:44,25,W+5.5,5200,3,True,False,False,,-1,18.9514,0
2026-06-27 00:25:01,33,W+5.5,6864,3,True,False,False,,-1,18.8788,0
2026-06-27 00:25:12,24,W+6.5,4992,3,True,False,False,,-1,18.8649,0
2026-06-27 00:25:23,23,W+5.5,4784,3,True,False,False,,-1,18.8869,0
2026-06-27 00:25:39,32,W+6.5,6656,2,True,False,False,,-1,18.893,0
2026-06-27 00:25:50,20,W+7.5,4160,2,True,False,False,,-1,18.8043,0
2026-06-27 00:25:59,20,W+7.5,4160,2,True,False,False,,-1,18.6217,0
2026-06-27 00:26:13,29,W+5.5,6032,4,True,False,False,,-1,18.4272,0
2026-06-27 00:26:32,42,W+3.5,8736,5,True,False,False,,-1,18.4369,0
2026-06-27 00:26:50,35,W+5.5,7280,3,True,False,False,,-1,18.4865,0
2026-06-27 00:27:02,25,W+5.5,5200,3,True,False,False,,-1,18.4807,0
2026-06-27 00:27:15,26,W+5.5,5408,4,True,False,False,,-1,18.4992,0
2026-06-27 00:27:39,53,B+2.5,11024,8,True,False,False,,-1,18.6019,0
2026-06-27 00:27:57,40,W+3.5,8320,7,True,False,False,,-1,18.6655,0
2026-06-27 00:28:14,32,W+6.5,6656,3,True,False,False,,-1,18.7173,0
2026-06-27 00:28:28,29,W+4.5,6032,3,True,False,False,,-1,18.742,0
2026-06-27 00:28:40,23,W+5.5,4784,2,True,False,False,,-1,18.687,0
2026-06-27 00:28:56,37,B+0.5,7696,6,True,False,False,,-1,18.6242,0
2026-06-27 00:29:56,142,W+52.5,29536,4,True,False,False,,-1,19.0918,0
2026-06-27 00:30:31,71,B+0.5,14768,5,True,False,False,,-1,19.2765,0
2026-06-27 00:30:44,25,W+7.5,5200,2,True,False,False,,-1,19.2566,0
2026-06-27 00:31:24,91,B+19.5,18928,8,True,False,False,,-1,19.5254,0
2026-06-27 00:31:48,53,B+0.5,11024,7,True,False,False,,-1,19.6454,0
2026-06-27 00:32:06,38,W+8.5,7904,4,True,False,False,,-1,19.7176,0
2026-06-27 00:32:53,102,W+33.5,21216,4,True,False,False,,-1,20.0173,0
2026-06-27 00:33:04,23,W+6.5,4784,2,True,False,False,,-1,20.0346,0
2026-06-27 00:33:22,37,W+2.5,7696,6,True,False,False,,-1,20.1166,0
2026-06-27 00:33:32,23,W+5.5,4784,3,True,False,False,,-1,20.0319,0
2026-06-27 00:33:46,29,W+5.5,6032,3,True,False,False,,-1,20.0489,0
2026-06-27 00:34:00,29,W+4.5,6032,2,True,False,False,,-1,20.0692,0
2026-06-27 00:34:10,22,W+7.5,4576,2,True,False,False,,-1,20.0307,0
2026-06-27 00:34:27,36,W+2.5,7488,5,True,False,False,,-1,19.9731,0
2026-06-27 00:34:41,27,W+4.5,5616,4,True,False,False,,-1,19.6593,0
2026-06-27 00:34:55,29,W+4.5,6032,4,True,False,False,,-1,19.3103,0
2026-06-27 00:35:26,63,B+5.5,13104,9,True,False,False,,-1,19.4649,0
2026-06-27 00:35:48,47,W+1.5,9776,7,True,False,False,,-1,19.5019,0
2026-06-27 00:35:59,23,W+6.5,4784,2,True,False,False,,-1,19.5199,0
2026-06-27 00:36:13,27,W+5.5,5616,2,True,False,False,,-1,19.511,0
2026-06-27 00:36:35,44,W+5.5,9152,2,True,False,False,,-1,19.1862,0
2026-06-27 00:36:48,26,W+6.5,5408,2,True,False,False,,-1,19.2134,0
2026-06-27 00:37:02,30,W+7.5,6240,2,True,False,False,,-1,19.2182,0
2026-06-27 00:37:11,20,W+7.5,4160,2,True,False,False,,-1,19.1374,0
2026-06-27 00:38:03,113,B+13.5,23504,4,True,False,False,,-1,19.5286,0
2026-06-27 00:38:15,27,W+5.5,5616,4,True,False,False,,-1,19.4577,0
2026-06-27 00:38:30,31,W+1.5,6448,7,True,False,False,,-1,19.4718,0
2026-06-27 00:38:39,20,W+7.5,4160,2,True,False,False,,-1,19.4641,0
2026-06-27 00:38:55,33,W+1.5,6864,6,True,False,False,,-1,19.5017,0
2026-06-27 00:39:05,22,W+6.5,4576,3,True,False,False,,-1,19.3385,0
2026-06-27 00:39:16,23,W+6.5,4784,2,True,False,False,,-1,19.3423,0
2026-06-27 00:39:30,25,W+7.5,5200,2,True,False,False,,-1,19.3058,0
2026-06-27 00:39:48,38,W+5.5,7904,3,True,False,False,,-1,19.015,0
2026-06-27 00:40:05,35,W+4.5,7280,6,True,False,False,,-1,19.0474,0
2026-06-27 00:40:21,33,W+4.5,6864,4,True,False,False,,-1,19.076,0
2026-06-27 00:40:48,55,B+5.5,11440,8,True,False,False,,-1,19.214,0
2026-06-27 00:40:59,25,W+4.5,5200,4,True,False,False,,-1,19.1333,0
2026-06-27 00:41:22,47,W+6.5,9776,6,True,False,False,,-1,19.26,0
2026-06-27 00:42:00,85,B+5.5,17680,8,True,False,False,,-1,19.4819,0
2026-06-27 00:42:17,34,W+3.5,7072,6,True,False,False,,-1,19.407,0
2026-06-27 00:42:27,19,W+6.5,3952,2,True,False,False,,-1,19.3405,0
2026-06-27 00:42:50,49,B+1.5,10192,7,True,False,False,,-1,19.0148,0
2026-06-27 00:43:44,142,W+45.5,29536,3,True,False,False,,-1,19.3122,0
2026-06-27 00:44:02,37,W+4.5,7696,3,True,False,False,,-1,19.3669,0
2026-06-27 00:44:13,25,W+6.5,5200,2,True,False,False,,-1,19.352,0
2026-06-27 00:44:25,23,W+6.5,4784,2,True,False,False,,-1,19.3595,0
2026-06-27 00:44:40,29,W+1.5,6032,3,True,False,False,,-1,19.3861,0
2026-06-27 00:45:10,69,B+4.5,14352,9,True,False,False,,-1,19.5716,0
2026-06-27 00:45:21,22,W+7.5,4576,2,True,False,False,,-1,19.4932,0
2026-06-27 00:45:52,64,W+17.5,13312,5,True,False,False,,-1,19.3498,0
2026-06-27 00:46:36,114,W+37.5,23712,10,True,False,False,,-1,19.5956,0
2026-06-27 00:46:54,38,W+6.5,7904,4,True,False,False,,-1,19.5165,0
2026-06-27 00:47:14,39,W+3.5,8112,5,True,False,False,,-1,19.6036,0
2026-06-27 00:47:25,23,W+6.5,4784,2,True,False,False,,-1,19.1955,0
2026-06-27 00:47:36,21,W+6.5,4368,2,True,False,False,,-1,19.1927,0
2026-06-27 00:47:48,23,W+6.5,4784,2,True,False,False,,-1,19.1691,0
2026-06-27 00:48:00,23,W+6.5,4784,2,True,False,False,,-1,19.0816,0
2026-06-27 00:48:10,23,W+6.5,4784,2,True,False,False,,-1,18.9807,0
2026-06-27 00:48:25,29,W+5.5,6032,3,True,False,False,,-1,18.9797,0
2026-06-27 00:48:35,21,W+6.5,4368,2,True,False,False,,-1,18.9484,0
2026-06-27 00:48:48,27,W+3.5,5616,3,True,False,False,,-1,18.3978,0
2026-06-27 00:48:59,23,W+5.5,4784,3,True,False,False,,-1,18.3745,0
2026-06-27 00:49:08,20,W+7.5,4160,2,True,False,False,,-1,18.2844,0
2026-06-27 00:49:29,45,B+0.5,9360,8,True,False,False,,-1,18.3405,0
2026-06-27 00:49:51,46,W+6.5,9568,3,True,False,False,,-1,18.134,0
2026-06-27 00:50:05,33,W+2.5,6864,6,True,False,False,,-1,18.1418,0
2026-06-27 00:50:19,27,W+8.5,5616,2,True,False,False,,-1,18.1279,0
2026-06-27 00:50:31,23,W+5.5,4784,3,True,False,False,,-1,18.0384,0
2026-06-27 00:51:30,129,B+5.5,26832,8,True,False,False,,-1,18.5294,0
2026-06-27 00:51:58,59,B+5.5,12272,8,True,False,False,,-1,18.6496,0
2026-06-27 00:52:53,118,W+40.5,24544,12,True,False,False,,-1,19.0796,0
2026-06-27 00:53:10,35,B+1.5,7280,8,True,False,False,,-1,19.0188,0
2026-06-27 00:53:39,65,B+5.5,13520,8,True,False,False,,-1,19.1859,0
2026-06-27 00:53:52,27,W+2.5,5616,6,True,False,False,,-1,19.0875,0
2026-06-27 00:54:04,24,W+9.5,4992,2,True,False,False,,-1,19.0854,0
2026-06-27 00:54:22,42,W+0.5,8736,7,True,False,False,,-1,19.1508,0
2026-06-27 00:54:51,59,B+7.5,12272,7,True,False,False,,-1,19.2949,0
2026-06-27 00:55:14,49,B+1.5,10192,9,True,False,False,,-1,19.3568,0
2026-06-27 00:55:43,63,B+1.5,13104,8,True,False,False,,-1,19.5208,0
2026-06-27 00:56:31,115,B+30.5,23920,14,True,False,False,,-1,19.8666,0
2026-06-27 00:56:42,23,W+5.5,4784,3,True,False,False,,-1,19.4072,0
2026-06-27 00:56:55,27,W+3.5,5616,4,True,False,False,,-1,19.429,0
2026-06-27 00:57:06,25,W+5.5,5200,5,True,False,False,,-1,19.412,0
2026-06-27 00:57:18,26,W+7.5,5408,2,True,False,False,,-1,19.3704,0
2026-06-27 00:57:31,27,W+4.5,5616,4,True,False,False,,-1,19.3901,0
2026-06-27 00:57:55,47,B+0.5,9776,8,True,False,False,,-1,19.5096,0
2026-06-27 00:58:10,32,W+5.5,6656,3,True,False,False,,-1,19.5076,0
2026-06-27 00:58:22,22,W+7.5,4576,2,True,False,False,,-1,19.5169,0
2026-06-27 00:58:36,27,W+5.5,5616,3,True,False,False,,-1,19.5664,0
2026-06-27 00:58:57,47,B+0.5,9776,8,True,False,False,,-1,19.6362,0
2026-06-27 00:59:21,48,W+5.5,9984,4,True,False,False,,-1,19.6778,0
2026-06-27 00:59:31,23,W+4.5,4784,4,True,False,False,,-1,19.6032,0
2026-06-27 01:00:02,67,B+0.5,13936,8,True,False,False,,-1,19.7928,0
2026-06-27 01:00:44,87,B+13.5,18096,4,True,False,False,,-1,20.0861,0
2026-06-27 01:00:56,23,W+7.5,4784,2,True,False,False,,-1,19.967,0
2026-06-27 01:01:06,23,W+4.5,4784,4,True,False,False,,-1,19.8804,0
2026-06-27 01:01:35,61,B+6.5,12688,7,True,False,False,,-1,20.011,0
2026-06-27 01:02:37,162,W+53.5,33696,9,True,False,False,,-1,20.4856,0
2026-06-27 01:02:55,36,W+5.5,7488,2,True,False,False,,-1,20.5541,0
2026-06-27 01:03:08,25,W+6.5,5200,2,True,False,False,,-1,20.51,0
2026-06-27 01:03:21,29,W+2.5,6032,6,True,False,False,,-1,20.0512,0
2026-06-27 01:03:35,29,W+5.5,6032,3,True,False,False,,-1,19.8383,0
2026-06-27 01:03:46,23,W+6.5,4784,2,True,False,False,,-1,19.82,0
2026-06-27 01:04:11,51,B+0.5,10608,5,True,False,False,,-1,19.6679,0
2026-06-27 01:04:26,31,W+2.5,6448,6,True,False,False,,-1,19.5718,0
2026-06-27 01:04:38,25,W+6.5,5200,2,True,False,False,,-1,19.5182,0
2026-06-27 01:05:02,52,W+4.5,10816,5,True,False,False,,-1,19.2921,0
2026-06-27 01:05:24,51,B+2.5,10608,10,True,False,False,,-1,19.3971,0
2026-06-27 01:05:35,20,W+5.5,4160,2,True,False,False,,-1,19.3241,0
2026-06-27 01:05:49,31,B+0.5,6448,7,True,False,False,,-1,19.3645,0
2026-06-27 01:06:12,50,W+5.5,10400,6,True,False,False,,-1,19.4625,0
2026-06-27 01:06:34,45,B+0.5,9360,6,True,False,False,,-1,19.5337,0
2026-06-27 01:06:48,29,W+4.5,6032,4,True,False,False,,-1,19.5718,0
2026-06-27 01:07:28,90,W+11.5,18720,12,True,False,False,,-1,19.8088,0
2026-06-27 01:07:40,27,W+3.5,5616,5,True,False,False,,-1,19.787,0
2026-06-27 01:08:05,55,B+2.5,11440,9,True,False,False,,-1,19.9009,0
2026-06-27 01:08:16,21,W+5.5,4368,3,True,False,False,,-1,19.6981,0
2026-06-27 01:08:36,43,W+5.5,8944,4,True,False,False,,-1,19.6847,0
2026-06-27 01:09:03,55,B+0.5,11440,5,True,False,False,,-1,19.8356,0
2026-06-27 01:09:14,23,W+6.5,4784,2,True,False,False,,-1,19.8108,0
2026-06-27 01:09:25,21,W+8.5,4368,2,True,False,False,,-1,19.6973,0
2026-06-27 01:09:34,19,W+6.5,3952,2,True,False,False,,-1,19.6542,0
2026-06-27 01:09:43,20,W+8.5,4160,2,True,False,False,,-1,19.6132,0
2026-06-27 01:10:06,46,W+0.5,9568,6,True,False,False,,-1,19.7456,0
2026-06-27 01:10:22,33,W+4.5,6864,4,True,False,False,,-1,19.3886,0
2026-06-27 01:10:32,21,W+5.5,4368,2,True,False,False,,-1,19.3626,0
2026-06-27 01:10:44,25,W+4.5,5200,4,True,False,False,,-1,19.3339,0
2026-06-27 01:10:57,27,W+4.5,5616,4,True,False,False,,-1,19.3742,0
2026-06-27 01:11:10,28,W+1.5,5824,4,True,False,False,,-1,19.353,0
2026-06-27 01:11:23,25,W+5.5,5200,3,True,False,False,,-1,19.3803,0
2026-06-27 01:11:36,25,W+6.5,5200,3,True,False,False,,-1,19.3956,0
2026-06-27 01:11:48,25,W+6.5,5200,2,True,False,False,,-1,19.3829,0
2026-06-27 01:12:06,41,B+0.5,8528,7,True,False,False,,-1,19.3804,0
2026-06-27 01:12:20,29,W+6.5,6032,2,True,False,False,,-1,19.3471,0
2026-06-27 01:12:34,31,W+4.5,6448,4,True,False,False,,-1,19.3266,0
2026-06-27 01:12:45,21,W+5.5,4368,3,True,False,False,,-1,19.1675,0
2026-06-27 01:13:00,33,W+2.5,6864,6,True,False,False,,-1,19.2013,0
2026-06-27 01:13:12,27,W+5.5,5616,3,True,False,False,,-1,19.1,0
2026-06-27 01:13:26,33,W+1.5,6864,7,True,False,False,,-1,18.8531,0
2026-06-27 01:13:44,39,B+0.5,8112,7,True,False,False,,-1,18.8627,0
2026-06-27 01:13:59,32,W+5.5,6656,4,True,False,False,,-1,18.9175,0
2026-06-27 01:14:11,25,W+6.5,5200,2,True,False,False,,-1,18.8101,0
2026-06-27 01:14:25,29,W+5.5,6032,3,True,False,False,,-1,18.4105,0
2026-06-27 01:14:41,36,W+1.5,7488,6,True,False,False,,-1,18.391,0
2026-06-27 01:14:55,27,W+6.5,5616,2,True,False,False,,-1,18.4114,0
2026-06-27 01:15:17,45,W+1.5,9360,7,True,False,False,,-1,18.522,0
2026-06-27 01:15:58,85,B+11.5,17680,10,True,False,False,,-1,18.7817,0
2026-06-27 01:16:09,23,W+6.5,4784,2,True,False,False,,-1,18.589,0
2026-06-27 01:16:23,32,W+2.5,6656,7,True,False,False,,-1,18.6219,0
2026-06-27 01:16:43,41,B+0.5,8528,8,True,False,False,,-1,18.5084,0
2026-06-27 01:17:11,60,W+0.5,12480,9,True,False,False,,-1,18.3557,0
2026-06-27 01:17:38,58,W+5.5,12064,7,True,False,False,,-1,18.4382,0
2026-06-27 01:17:51,27,W+5.5,5616,3,True,False,False,,-1,18.3717,0
2026-06-27 01:18:13,47,B+2.5,9776,8,True,False,False,,-1,18.4773,0
2026-06-27 01:18:24,23,W+5.5,4784,3,True,False,False,,-1,18.477,0
2026-06-27 01:18:37,25,W+7.5,5200,2,True,False,False,,-1,18.4917,0
2026-06-27 01:18:56,39,W+1.5,8112,7,True,False,False,,-1,18.563,0
2026-06-27 01:19:29,69,B+0.5,14352,9,True,False,False,,-1,18.7863,0
2026-06-27 01:19:44,31,W+3.5,6448,4,True,False,False,,-1,18.7933,0
2026-06-27 01:19:58,31,W+5.5,6448,4,True,False,False,,-1,18.8355,0
2026-06-27 01:20:09,21,W+6.5,4368,2,True,False,False,,-1,18.8067,0
2026-06-27 01:20:21,25,W+5.5,5200,3,True,False,False,,-1,18.8158,0
2026-06-27 01:20:39,36,W+8.5,7488,2,True,False,False,,-1,18.9061,0
2026-06-27 01:20:56,39,B+0.5,8112,8,True,False,False,,-1,18.8735,0
2026-06-27 01:21:39,90,W+26.5,18720,9,True,False,False,,-1,19.0763,0
2026-06-27 01:21:58,40,W+4.5,8320,6,True,False,False,,-1,19.1312,0
2026-06-27 01:22:39,88,W+23.5,18304,5,True,False,False,,-1,19.4022,0
2026-06-27 01:22:53,31,W+1.5,6448,7,True,False,False,,-1,19.4228,0
2026-06-27 01:23:04,23,W+5.5,4784,3,True,False,False,,-1,18.9381,0
2026-06-27 01:23:20,33,W+3.5,6864,5,True,False,False,,-1,18.8182,0
2026-06-27 01:23:33,25,W+5.5,5200,3,True,False,False,,-1,18.392,0
2026-06-27 01:23:54,44,W+7.5,9152,6,True,False,False,,-1,18.4386,0
2026-06-27 01:24:30,79,B+5.5,16432,4,True,False,False,,-1,18.5072,0
2026-06-27 01:24:49,41,W+6.5,8528,3,True,False,False,,-1,18.5699,0
2026-06-27 01:25:01,24,W+6.5,4992,2,True,False,False,,-1,18.5676,0
2026-06-27 01:25:15,27,W+5.5,5616,3,True,False,False,,-1,18.5202,0
2026-06-27 01:25:38,49,W+2.5,10192,7,True,False,False,,-1,18.4678,0
2026-06-27 01:25:53,34,W+10.5,7072,3,True,False,False,,-1,18.3963,0
2026-06-27 01:26:06,27,W+6.5,5616,2,True,False,False,,-1,18.2259,0
2026-06-27 01:26:19,26,W+6.5,5408,2,True,False,False,,-1,17.8834,0
2026-06-27 01:26:28,21,W+6.5,4368,3,True,False,False,,-1,17.859,0
2026-06-27 01:26:41,26,W+7.5,5408,2,True,False,False,,-1,17.8662,0
2026-06-27 01:26:56,31,W+6.5,6448,2,True,False,False,,-1,17.9036,0
2026-06-27 01:27:11,31,W+4.5,6448,4,True,False,False,,-1,17.927,0
2026-06-27 01:27:21,19,W+6.5,3952,2,True,False,False,,-1,17.8956,0
2026-06-27 01:27:36,29,W+5.5,6032,3,True,False,False,,-1,17.8085,0
2026-06-27 01:27:48,25,W+6.5,5200,2,True,False,False,,-1,17.7763,0
2026-06-27 01:28:14,53,B+0.5,11024,9,True,False,False,,-1,17.9231,0
2026-06-27 01:28:30,33,W+7.5,6864,3,True,False,False,,-1,17.9358,0
2026-06-27 01:28:39,19,W+6.5,3952,2,True,False,False,,-1,17.8186,0
2026-06-27 01:28:57,39,B+2.5,8112,8,True,False,False,,-1,17.765,0
2026-06-27 01:29:08,23,W+6.5,4784,2,True,False,False,,-1,17.7732,0
2026-06-27 01:29:31,47,B+2.5,9776,7,True,False,False,,-1,17.6847,0
2026-06-27 01:29:47,32,W+9.5,6656,2,True,False,False,,-1,17.4263,0
2026-06-27 01:30:02,32,W+7.5,6656,2,True,False,False,,-1,17.4658,0
2026-06-27 01:30:31,61,B+3.5,12688,7,True,False,False,,-1,17.6482,0
2026-06-27 01:30:46,34,W+6.5,7072,3,True,False,False,,-1,17.5099,0
2026-06-27 01:31:09,47,B+0.5,9776,9,True,False,False,,-1,17.1112,0
2026-06-27 01:31:35,57,B+0.5,11856,8,True,False,False,,-1,17.19,0
2026-06-27 01:31:51,33,W+5.5,6864,3,True,False,False,,-1,17.2263,0
2026-06-27 01:32:02,25,W+4.5,5200,3,True,False,False,,-1,17.2083,0
2026-06-27 01:32:18,33,W+7.5,6864,3,True,False,False,,-1,17.2279,0
2026-06-27 01:32:48,64,B+9.5,13312,8,True,False,False,,-1,17.4109,0
2026-06-27 01:33:01,27,W+4.5,5616,3,True,False,False,,-1,17.2927,0
2026-06-27 01:33:10,19,W+6.5,3952,2,True,False,False,,-1,17.24,0
2026-06-27 01:33:20,23,W+4.5,4784,4,True,False,False,,-1,17.2184,0
2026-06-27 01:33:39,37,W+4.5,7696,3,True,False,False,,-1,17.1666,0
2026-06-27 01:33:51,24,W+7.5,4992,2,True,False,False,,-1,17.0614,0
2026-06-27 01:34:15,49,B+0.5,10192,6,True,False,False,,-1,17.1998,0
2026-06-27 01:34:28,26,W+7.5,5408,2,True,False,False,,-1,17.1883,0
2026-06-27 01:34:41,27,W+4.5,5616,4,True,False,False,,-1,17.0805,0
2026-06-27 01:35:00,40,W+5.5,8320,3,True,False,False,,-1,17.0635,0
2026-06-27 01:35:12,25,W+3.5,5200,5,True,False,False,,-1,17.0405,0
2026-06-27 01:35:28,32,W+5.5,6656,4,True,False,False,,-1,16.791,0
2026-06-27 01:35:41,25,W+6.5,5200,2,True,False,False,,-1,16.8006,0
2026-06-27 01:36:05,51,B+3.5,10608,5,True,False,False,,-1,16.796,0
2026-06-27 01:36:18,27,W+5.5,5616,3,True,False,False,,-1,16.8243,0
2026-06-27 01:36:41,47,B+0.5,9776,5,True,False,False,,-1,16.8449,0
2026-06-27 01:37:29,111,B+20.5,23088,11,True,False,False,,-1,17.0544,0
2026-06-27 01:37:39,21,W+6.5,4368,2,True,False,False,,-1,17.0461,0
2026-06-27 01:37:53,27,W+4.5,5616,4,True,False,False,,-1,17.0798,0
2026-06-27 01:38:11,39,W+1.5,8112,8,True,False,False,,-1,17.1665,0
2026-06-27 01:38:39,59,B+1.5,12272,6,True,False,False,,-1,17.354,0
2026-06-27 01:39:09,65,B+1.5,13520,8,True,False,False,,-1,17.4286,0
2026-06-27 01:39:30,45,B+0.5,9360,8,True,False,False,,-1,17.4792,0
2026-06-27 01:40:21,112,W+40.5,23296,5,True,False,False,,-1,17.8937,0
2026-06-27 01:40:31,21,W+6.5,4368,2,True,False,False,,-1,17.8756,0
2026-06-27 01:40:43,25,W+4.5,5200,4,True,False,False,,-1,17.862,0
2026-06-27 01:40:53,19,W+6.5,3952,2,True,False,False,,-1,17.8217,0
2026-06-27 01:41:08,32,W+2.5,6656,7,True,False,False,,-1,17.8487,0
2026-06-27 01:41:38,63,B+1.5,13104,6,True,False,False,,-1,18.0164,0
2026-06-27 01:41:49,23,W+5.5,4784,3,True,False,False,,-1,18.0043,0
2026-06-27 01:42:01,24,W+7.5,4992,2,True,False,False,,-1,17.9461,0
2026-06-27 01:42:12,23,W+5.5,4784,3,True,False,False,,-1,17.9186,0
2026-06-27 01:42:28,33,W+4.5,6864,4,True,False,False,,-1,17.9374,0
2026-06-27 01:42:41,25,W+5.5,5200,2,True,False,False,,-1,17.9622,0
2026-06-27 01:43:09,57,B+1.5,11856,7,True,False,False,,-1,18.0882,0
2026-06-27 01:43:34,51,B+0.5,10608,5,True,False,False,,-1,18.2163,0
2026-06-27 01:43:48,27,W+4.5,5616,4,True,False,False,,-1,18.2218,0
2026-06-27 01:44:01,28,W+5.5,5824,3,True,False,False,,-1,18.1716,0
2026-06-27 01:44:13,27,W+5.5,5616,3,True,False,False,,-1,18.1424,0
2026-06-27 01:44:24,23,W+6.5,4784,2,True,False,False,,-1,18.1329,0
2026-06-27 01:44:36,23,W+6.5,4784,2,True,False,False,,-1,18.1102,0
2026-06-27 01:44:48,26,W+6.5,5408,3,True,False,False,,-1,18.0731,0
2026-06-27 01:45:01,28,W+6.5,5824,3,True,False,False,,-1,18.0582,0
2026-06-27 01:45:32,64,W+1.5,13312,5,True,False,False,,-1,18.1451,0
2026-06-27 01:45:48,36,W+6.5,7488,2,True,False,False,,-1,17.8986,0
2026-06-27 01:45:57,19,W+6.5,3952,2,True,False,False,,-1,17.8777,0
2026-06-27 01:46:11,29,W+3.5,6032,5,True,False,False,,-1,17.8795,0
2026-06-27 01:46:35,49,B+0.5,10192,10,True,False,False,,-1,17.9167,0
2026-06-27 01:47:10,73,W+20.5,15184,9,True,False,False,,-1,17.9821,0
2026-06-27 01:47:21,25,W+6.5,5200,3,True,False,False,,-1,17.8306,0
2026-06-27 01:47:38,35,W+1.5,7280,4,True,False,False,,-1,17.8702,0
2026-06-27 01:47:49,21,W+6.5,4368,2,True,False,False,,-1,17.7557,0
2026-06-27 01:48:08,39,W+0.5,8112,7,True,False,False,,-1,17.8407,0
2026-06-27 01:48:23,31,W+5.5,6448,3,True,False,False,,-1,17.8567,0
2026-06-27 01:48:39,35,W+0.5,7280,6,True,False,False,,-1,17.8311,0
2026-06-27 01:48:50,22,W+7.5,4576,2,True,False,False,,-1,17.6064,0
2026-06-27 01:49:05,31,W+3.5,6448,3,True,False,False,,-1,17.6097,0
2026-06-27 01:49:19,29,W+3.5,6032,4,True,False,False,,-1,17.6069,0
2026-06-27 01:49:29,21,W+6.5,4368,2,True,False,False,,-1,17.6053,0
2026-06-27 01:49:55,51,B+1.5,10608,8,True,False,False,,-1,17.7345,0
2026-06-27 01:50:11,34,W+7.5,7072,3,True,False,False,,-1,17.7201,0
2026-06-27 01:50:53,90,W+17.5,18720,3,True,False,False,,-1,17.9621,0
2026-06-27 01:51:14,44,W+5.5,9152,4,True,False,False,,-1,17.7498,0
2026-06-27 01:51:27,28,W+1.5,5824,4,True,False,False,,-1,17.6901,0
2026-06-27 01:51:55,61,B+4.5,12688,8,True,False,False,,-1,17.5585,0
2026-06-27 01:52:09,28,W+7.5,5824,2,True,False,False,,-1,17.5582,0
2026-06-27 01:52:23,27,W+3.5,5616,3,True,False,False,,-1,17.5862,0
2026-06-27 01:52:38,29,W+6.5,6032,2,True,False,False,,-1,17.5717,0
2026-06-27 01:53:05,59,B+2.5,12272,5,True,False,False,,-1,17.7252,0
2026-06-27 01:53:19,27,W+6.5,5616,2,True,False,False,,-1,17.6475,0
2026-06-27 01:53:30,21,W+6.5,4368,2,True,False,False,,-1,17.3915,0
2026-06-27 01:53:44,30,W+1.5,6240,4,True,False,False,,-1,17.351,0
2026-06-27 01:54:04,43,W+0.5,8944,5,True,False,False,,-1,17.4326,0
2026-06-27 01:54:14,23,W+4.5,4784,3,True,False,False,,-1,17.396,0
2026-06-27 01:54:27,25,W+5.5,5200,4,True,False,False,,-1,17.2875,0
2026-06-27 01:54:36,21,W+5.5,4368,2,True,False,False,,-1,17.229,0
2026-06-27 01:54:48,23,W+6.5,4784,2,True,False,False,,-1,17.2169,0
2026-06-27 01:54:59,25,W+2.5,5200,4,True,False,False,,-1,17.1939,0
2026-06-27 01:55:10,24,W+6.5,4992,3,True,False,False,,-1,17.219,0
2026-06-27 01:55:22,27,W+3.5,5616,5,True,False,False,,-1,17.21,0
2026-06-27 01:55:37,31,W+2.5,6448,5,True,False,False,,-1,17.2026,0
2026-06-27 01:55:48,26,W+7.5,5408,2,True,False,False,,-1,17.1706,0
2026-06-27 01:55:58,19,W+6.5,3952,2,True,False,False,,-1,17.1696,0
2026-06-27 01:56:09,21,W+6.5,4368,2,True,False,False,,-1,17.1295,0
2026-06-27 01:56:22,26,W+7.5,5408,2,True,False,False,,-1,17.1322,0
2026-06-27 01:56:38,33,W+7.5,6864,2,True,False,False,,-1,17.0428,0
2026-06-27 01:56:51,25,W+6.5,5200,2,True,False,False,,-1,17.0126,0
2026-06-27 01:57:07,31,W+5.5,6448,3,True,False,False,,-1,17.0703,0
2026-06-27 01:57:21,30,W+8.5,6240,2,True,False,False,,-1,17.0344,0
2026-06-27 01:58:25,152,W+2.5,31616,14,True,False,False,,-1,17.5698,0
2026-06-27 01:58:44,38,W+7.5,7904,2,True,False,False,,-1,17.5303,0
2026-06-27 01:59:09,50,W+11.5,10400,2,True,False,False,,-1,17.6216,0
2026-06-27 01:59:28,39,B+0.5,8112,8,True,False,False,,-1,17.6548,0
2026-06-27 01:59:54,52,W+6.5,10816,3,True,False,False,,-1,17.6333,0
2026-06-27 02:00:41,100,W+24.5,20800,2,True,False,False,,-1,17.9479,0
2026-06-27 02:00:57,31,W+2.5,6448,6,True,False,False,,-1,17.8784,0
2026-06-27 02:01:12,34,W+6.5,7072,3,True,False,False,,-1,17.7756,0
2026-06-27 02:01:29,32,W+6.5,6656,2,True,False,False,,-1,17.7784,0
2026-06-27 02:01:42,27,W+4.5,5616,4,True,False,False,,-1,17.7928,0
2026-06-27 02:02:04,48,W+10.5,9984,2,True,False,False,,-1,17.855,0
2026-06-27 02:02:31,55,B+1.5,11440,7,True,False,False,,-1,17.8267,0
2026-06-27 02:03:11,94,W+6.5,19552,7,True,False,False,,-1,18.1031,0
2026-06-27 02:03:24,25,W+6.5,5200,2,True,False,False,,-1,18.1344,0
2026-06-27 02:04:06,92,B+5.5,19136,7,True,False,False,,-1,18.4568,0
2026-06-27 02:04:20,28,W+7.5,5824,2,True,False,False,,-1,18.409,0
2026-06-27 02:04:48,57,B+2.5,11856,8,True,False,False,,-1,18.5725,0
2026-06-27 02:04:57,20,W+7.5,4160,2,True,False,False,,-1,18.4228,0
2026-06-27 02:05:30,67,B+0.5,13936,9,True,False,False,,-1,18.6195,0
2026-06-27 02:05:48,39,W+0.5,8112,7,True,False,False,,-1,18.6734,0
2026-06-27 02:06:00,23,W+6.5,4784,2,True,False,False,,-1,18.5953,0
2026-06-27 02:06:11,23,W+5.5,4784,3,True,False,False,,-1,18.5881,0
2026-06-27 02:06:35,49,B+1.5,10192,7,True,False,False,,-1,18.6685,0
2026-06-27 02:06:52,38,W+0.5,7904,2,True,False,False,,-1,18.7151,0
2026-06-27 02:07:08,31,W+4.5,6448,4,True,False,False,,-1,18.6233,0
2026-06-27 02:07:23,32,W+7.5,6656,3,True,False,False,,-1,18.6494,0
2026-06-27 02:07:35,23,W+5.5,4784,3,True,False,False,,-1,18.5327,0
2026-06-27 02:07:49,31,W+5.5,6448,3,True,False,False,,-1,18.2053,0
2026-06-27 02:08:57,162,W+16.5,33696,4,True,False,False,,-1,18.7758,0
2026-06-27 02:09:48,119,B+27.5,24752,7,True,False,False,,-1,19.1536,0
2026-06-27 02:09:59,21,W+6.5,4368,2,True,False,False,,-1,19.0828,0
2026-06-27 02:10:16,34,W+4.5,7072,3,True,False,False,,-1,18.9633,0
2026-06-27 02:10:34,37,W+3.5,7696,4,True,False,False,,-1,18.8427,0
2026-06-27 02:10:59,53,B+0.5,11024,10,True,False,False,,-1,18.8927,0
2026-06-27 02:11:14,30,W+7.5,6240,2,True,False,False,,-1,18.523,0
2026-06-27 02:11:24,21,W+6.5,4368,2,True,False,False,,-1,18.524,0
2026-06-27 02:11:39,29,W+8.5,6032,2,True,False,False,,-1,18.5532,0
2026-06-27 02:11:55,33,W+4.5,6864,4,True,False,False,,-1,18.6274,0
2026-06-27 02:12:09,28,W+6.5,5824,3,True,False,False,,-1,18.6044,0
2026-06-27 02:12:30,44,W+7.5,9152,2,True,False,False,,-1,18.519,0
2026-06-27 02:13:18,129,B+47.5,26832,4,True,False,False,,-1,18.8904,0
2026-06-27 02:14:10,131,B+40.5,27248,11,True,False,False,,-1,19.2915,0
2026-06-27 02:14:25,33,W+4.5,6864,4,True,False,False,,-1,19.3315,0
2026-06-27 02:14:52,59,B+0.5,12272,8,True,False,False,,-1,19.4368,0
2026-06-27 02:15:02,21,W+6.5,4368,2,True,False,False,,-1,19.4072,0
2026-06-27 02:15:17,31,W+5.5,6448,3,True,False,False,,-1,19.2788,0
2026-06-27 02:15:26,19,W+6.5,3952,2,True,False,False,,-1,19.1162,0
2026-06-27 02:16:09,94,W+21.5,19552,8,True,False,False,,-1,19.4123,0
2026-06-27 02:16:22,27,W+6.5,5616,2,True,False,False,,-1,19.4064,0
2026-06-27 02:16:36,29,W+5.5,6032,2,True,False,False,,-1,19.4269,0
2026-06-27 02:16:51,31,W+6.5,6448,2,True,False,False,,-1,19.4652,0
2026-06-27 02:17:02,21,W+6.5,4368,2,True,False,False,,-1,19.4529,0
2026-06-27 02:17:20,38,W+4.5,7904,3,True,False,False,,-1,19.5143,0
2026-06-27 02:17:33,27,W+8.5,5616,3,True,False,False,,-1,19.5226,0
2026-06-27 02:17:49,33,W+3.5,6864,5,True,False,False,,-1,19.3701,0
2026-06-27 02:18:02,25,W+4.5,5200,3,True,False,False,,-1,19.3318,0
2026-06-27 02:18:14,28,W+6.5,5824,3,True,False,False,,-1,19.3678,0
2026-06-27 02:18:37,47,B+0.5,9776,5,True,False,False,,-1,19.4567,0
2026-06-27 02:18:55,37,W+5.5,7696,3,True,False,False,,-1,19.3994,0
2026-06-27 02:19:10,31,W+3.5,6448,4,True,False,False,,-1,19.2013,0
2026-06-27 02:19:24,29,W+3.5,6032,5,True,False,False,,-1,19.2291,0
2026-06-27 02:19:45,47,B+0.5,9776,9,True,False,False,,-1,19.2621,0
2026-06-27 02:20:38,137,W+21.5,28496,10,True,False,False,,-1,19.6893,0
2026-06-27 02:20:52,28,W+7.5,5824,2,True,False,False,,-1,19.6418,0
2026-06-27 02:21:07,29,W+5.5,6032,4,True,False,False,,-1,19.6369,0
2026-06-27 02:21:27,42,W+7.5,8736,2,True,False,False,,-1,19.6758,0
2026-06-27 02:21:49,47,B+0.5,9776,9,True,False,False,,-1,19.7912,0
2026-06-27 02:22:09,45,B+2.5,9360,7,True,False,False,,-1,19.8365,0
2026-06-27 02:22:19,21,W+5.5,4368,3,True,False,False,,-1,19.8005,0
2026-06-27 02:22:34,31,W+6.5,6448,3,True,False,False,,-1,19.8478,0
2026-06-27 02:22:57,47,W+2.5,9776,5,True,False,False,,-1,19.8235,0
2026-06-27 02:23:38,90,W+17.5,18720,4,True,False,False,,-1,20.0709,0
2026-06-27 02:23:51,27,W+4.5,5616,4,True,False,False,,-1,19.7826,0
2026-06-27 02:24:04,27,W+3.5,5616,5,True,False,False,,-1,19.6968,0
2026-06-27 02:24:22,39,B+3.5,8112,6,True,False,False,,-1,19.7468,0
2026-06-27 02:24:54,67,B+0.5,13936,4,True,False,False,,-1,19.7934,0
2026-06-27 02:25:08,27,W+7.5,5616,2,True,False,False,,-1,19.7873,0
2026-06-27 02:26:07,150,W+21.5,31200,8,True,False,False,,-1,20.2349,0
2026-06-27 02:26:27,43,W+5.5,8944,6,True,False,False,,-1,20.2918,0
2026-06-27 02:26:39,25,W+5.5,5200,3,True,False,False,,-1,20.1375,0
2026-06-27 02:26:53,31,W+2.5,6448,6,True,False,False,,-1,20.147,0
2026-06-27 02:27:15,47,B+0.5,9776,5,True,False,False,,-1,20.257,0
2026-06-27 02:27:33,36,W+3.5,7488,6,True,False,False,,-1,20.2854,0
2026-06-27 02:27:46,27,W+3.5,5616,4,True,False,False,,-1,20.2177,0
2026-06-27 02:28:43,144,W+62.5,29952,8,True,False,False,,-1,20.6875,0
2026-06-27 02:29:08,51,B+1.5,10608,7,True,False,False,,-1,20.8142,0
2026-06-27 02:29:25,34,W+8.5,7072,2,True,False,False,,-1,20.8862,0
2026-06-27 02:29:35,21,W+6.5,4368,2,True,False,False,,-1,20.8717,0
2026-06-27 02:29:54,40,W+6.5,8320,3,True,False,False,,-1,20.9557,0
2026-06-27 02:30:32,85,B+0.5,17680,17,True,False,False,,-1,21.2186,0
2026-06-27 02:31:22,112,W+33.5,23296,6,True,False,False,,-1,21.5958,0
2026-06-27 02:31:35,27,W+4.5,5616,3,True,False,False,,-1,21.5865,0
2026-06-27 02:31:48,27,W+5.5,5616,3,True,False,False,,-1,21.5965,0
2026-06-27 02:32:02,27,W+3.5,5616,3,True,False,False,,-1,21.635,0
2026-06-27 02:32:16,29,W+3.5,6032,3,True,False,False,,-1,21.6706,0
2026-06-27 02:32:28,23,W+6.5,4784,2,True,False,False,,-1,21.6566,0
2026-06-27 02:32:44,33,W+7.5,6864,2,True,False,False,,-1,21.6578,0
2026-06-27 02:33:07,47,B+0.5,9776,8,True,False,False,,-1,21.7528,0
2026-06-27 02:33:19,25,W+6.5,5200,2,True,False,False,,-1,21.7252,0
2026-06-27 02:33:29,21,W+6.5,4368,2,True,False,False,,-1,21.6811,0
2026-06-27 02:33:40,22,W+5.5,4576,2,True,False,False,,-1,21.1442,0
2026-06-27 02:33:53,29,W+3.5,6032,5,True,False,False,,-1,21.0919,0
2026-06-27 02:34:07,29,W+4.5,6032,4,True,False,False,,-1,20.982,0
2026-06-27 02:34:23,33,W+5.5,6864,3,True,False,False,,-1,20.9488,0
2026-06-27 02:34:35,25,W+6.5,5200,2,True,False,False,,-1,20.808,0
2026-06-27 02:34:57,43,W+3.5,8944,5,True,False,False,,-1,20.5494,0
2026-06-27 02:35:10,27,W+5.5,5616,3,True,False,False,,-1,20.5283,0
2026-06-27 02:35:24,29,W+5.5,6032,4,True,False,False,,-1,20.5194,0
2026-06-27 02:35:40,31,W+6.5,6448,2,True,False,False,,-1,20.5085,0
2026-06-27 02:36:15,75,B+0.5,15600,8,True,False,False,,-1,20.7316,0
2026-06-27 02:36:27,25,W+4.5,5200,2,True,False,False,,-1,20.6319,0
2026-06-27 02:36:43,32,W+6.5,6656,3,True,False,False,,-1,20.5205,0
2026-06-27 02:36:55,26,W+6.5,5408,2,True,False,False,,-1,20.2386,0
2026-06-27 02:37:07,24,W+8.5,4992,2,True,False,False,,-1,20.2309,0
2026-06-27 02:37:16,19,W+6.5,3952,2,True,False,False,,-1,19.9028,0
2026-06-27 02:37:41,51,B+1.5,10608,6,True,False,False,,-1,20.0039,0
2026-06-27 02:37:52,23,W+6.5,4784,2,True,False,False,,-1,19.8356,0
2026-06-27 02:38:12,43,B+0.5,8944,9,True,False,False,,-1,19.9463,0
2026-06-27 02:38:28,29,W+5.5,6032,3,True,False,False,,-1,19.7763,0
2026-06-27 02:38:44,35,W+4.5,7280,5,True,False,False,,-1,19.7594,0
2026-06-27 02:39:48,162,B+58.5,33696,4,True,False,False,,-1,20.2816,0
2026-06-27 02:40:03,31,W+4.5,6448,4,True,False,False,,-1,20.3182,0
2026-06-27 02:40:55,113,B+0.5,23504,10,True,False,False,,-1,20.5972,0
2026-06-27 02:41:43,107,W+31.5,22256,8,True,False,False,,-1,20.9004,0
2026-06-27 02:42:06,51,B+0.5,10608,9,True,False,False,,-1,20.985,0
2026-06-27 02:42:27,42,W+4.5,8736,5,True,False,False,,-1,21.0337,0
2026-06-27 02:42:40,27,W+6.5,5616,2,True,False,False,,-1,21.0569,0
2026-06-27 02:42:54,31,W+6.5,6448,2,True,False,False,,-1,21.0465,0
2026-06-27 02:43:08,29,W+4.5,6032,4,True,False,False,,-1,20.5096,0
2026-06-27 02:43:25,35,W+1.5,7280,6,True,False,False,,-1,20.1658,0
2026-06-27 02:43:40,32,W+1.5,6656,5,True,False,False,,-1,20.207,0
2026-06-27 02:44:19,85,B+0.5,17680,9,True,False,False,,-1,20.4288,0
2026-06-27 02:44:29,21,W+6.5,4368,2,True,False,False,,-1,20.3488,0
2026-06-27 02:44:43,31,W+2.5,6448,5,True,False,False,,-1,20.2326,0
2026-06-27 02:44:53,23,W+4.5,4784,4,True,False,False,,-1,20.1898,0
2026-06-27 02:45:09,34,W+7.5,7072,2,True,False,False,,-1,20.2461,0
2026-06-27 02:45:24,33,W+2.5,6864,6,True,False,False,,-1,20.2473,0
2026-06-27 02:45:49,55,B+0.5,11440,3,True,False,False,,-1,20.3358,0
2026-06-27 02:46:08,39,B+0.5,8112,9,True,False,False,,-1,20.389,0
2026-06-27 02:46:17,20,W+7.5,4160,2,True,False,False,,-1,20.2696,0
2026-06-27 02:46:28,23,W+5.5,4784,3,True,False,False,,-1,19.8956,0
2026-06-27 02:46:47,44,W+8.5,9152,2,True,False,False,,-1,19.5731,0
2026-06-27 02:47:18,65,B+9.5,13520,9,True,False,False,,-1,19.728,0
2026-06-27 02:47:30,26,W+6.5,5408,2,True,False,False,,-1,19.5813,0
2026-06-27 02:47:42,23,W+6.5,4784,3,True,False,False,,-1,19.599,0
2026-06-27 02:47:56,29,W+4.5,6032,3,True,False,False,,-1,19.5913,0
2026-06-27 02:48:20,47,W+0.5,9776,7,True,False,False,,-1,19.7349,0
2026-06-27 02:49:04,98,B+14.5,20384,3,True,False,False,,-1,19.7443,0
2026-06-27 02:49:21,33,W+5.5,6864,3,True,False,False,,-1,19.7898,0
2026-06-27 02:49:34,27,W+4.5,5616,4,True,False,False,,-1,19.7747,0
2026-06-27 02:50:22,128,W+50.5,26624,12,True,False,False,,-1,20.1071,0
2026-06-27 02:50:41,41,B+0.5,8528,9,True,False,False,,-1,20.1887,0
2026-06-27 02:50:54,27,W+5.5,5616,3,True,False,False,,-1,20.1411,0
2026-06-27 02:51:10,33,W+3.5,6864,5,True,False,False,,-1,20.1662,0
2026-06-27 02:52:14,162,W+41.5,33696,8,True,False,False,,-1,20.6432,0
2026-06-27 02:52:35,46,W+6.5,9568,5,True,False,False,,-1,20.7339,0
2026-06-27 02:52:46,23,W+4.5,4784,4,True,False,False,,-1,20.7101,0
2026-06-27 02:52:59,30,W+5.5,6240,4,True,False,False,,-1,20.6113,0
2026-06-27 02:53:19,42,W+2.5,8736,4,True,False,False,,-1,20.6418,0
2026-06-27 02:53:47,58,B+3.5,12064,7,True,False,False,,-1,20.7668,0
2026-06-27 02:54:07,41,B+2.5,8528,5,True,False,False,,-1,20.8304,0
2026-06-27 02:54:41,71,B+0.5,14768,11,True,False,False,,-1,20.9608,0
2026-06-27 02:54:57,34,W+9.5,7072,2,True,False,False,,-1,20.5879,0
2026-06-27 02:55:07,21,W+5.5,4368,3,True,False,False,,-1,20.5454,0
2026-06-27 02:55:22,33,W+4.5,6864,4,True,False,False,,-1,20.5543,0
2026-06-27 02:55:33,23,W+6.5,4784,2,True,False,False,,-1,20.4557,0
2026-06-27 02:55:45,23,W+6.5,4784,2,True,False,False,,-1,20.3537,0
2026-06-27 02:55:58,27,W+6.5,5616,2,True,False,False,,-1,20.2898,0
2026-06-27 02:56:08,19,W+6.5,3952,2,True,False,False,,-1,20.2844,0
2026-06-27 02:56:21,27,W+5.5,5616,2,True,False,False,,-1,20.2675,0
2026-06-27 02:56:35,27,W+6.5,5616,2,True,False,False,,-1,20.1732,0
2026-06-27 02:57:20,114,W+0.5,23712,15,True,False,False,,-1,20.2152,0
2026-06-27 02:57:37,35,W+1.5,7280,7,True,False,False,,-1,20.2586,0
2026-06-27 02:57:51,28,W+6.5,5824,3,True,False,False,,-1,20.2648,0
2026-06-27 02:58:11,40,W+7.5,8320,2,True,False,False,,-1,20.283,0
2026-06-27 02:58:33,47,B+3.5,9776,8,True,False,False,,-1,20.1804,0
2026-06-27 02:58:45,25,W+6.5,5200,2,True,False,False,,-1,20.1639,0
2026-06-27 02:58:59,31,W+3.5,6448,5,True,False,False,,-1,19.7211,0
2026-06-27 02:59:17,38,W+7.5,7904,2,True,False,False,,-1,19.7015,0
2026-06-27 02:59:37,39,B+1.5,8112,5,True,False,False,,-1,19.773,0
2026-06-27 03:00:32,120,W+54.5,24960,4,True,False,False,,-1,20.1807,0
2026-06-27 03:00:43,24,W+7.5,4992,2,True,False,False,,-1,20.0763,0
2026-06-27 03:01:01,36,W+6.5,7488,2,True,False,False,,-1,20.0787,0
2026-06-27 03:01:12,23,W+5.5,4784,3,True,False,False,,-1,20.0536,0
2026-06-27 03:01:24,25,W+5.5,5200,3,True,False,False,,-1,19.6058,0
2026-06-27 03:02:34,161,B+6.5,33488,7,True,False,False,,-1,20.0538,0
2026-06-27 03:02:44,19,W+6.5,3952,2,True,False,False,,-1,19.989,0
2026-06-27 03:03:09,53,B+0.5,11024,8,True,False,False,,-1,20.1349,0
2026-06-27 03:03:50,87,B+5.5,18096,6,True,False,False,,-1,20.3504,0
2026-06-27 03:04:12,47,B+2.5,9776,9,True,False,False,,-1,20.1988,0
2026-06-27 03:04:26,28,W+6.5,5824,3,True,False,False,,-1,19.8387,0
2026-06-27 03:04:42,35,W+1.5,7280,5,True,False,False,,-1,19.864,0
2026-06-27 03:04:56,30,W+5.5,6240,4,True,False,False,,-1,19.8753,0
2026-06-27 03:05:18,45,B+0.5,9360,6,True,False,False,,-1,19.9577,0
2026-06-27 03:05:30,29,W+1.5,6032,6,True,False,False,,-1,19.9426,0
2026-06-27 03:05:38,19,W+6.5,3952,2,True,False,False,,-1,19.9056,0
2026-06-27 03:05:51,25,W+5.5,5200,3,True,False,False,,-1,19.8599,0
2026-06-27 03:06:15,52,W+1.5,10816,11,True,False,False,,-1,19.8796,0
2026-06-27 03:06:26,23,W+6.5,4784,2,True,False,False,,-1,19.8673,0
2026-06-27 03:06:57,67,B+10.5,13936,7,True,False,False,,-1,20.0802,0
2026-06-27 03:07:11,27,W+5.5,5616,3,True,False,False,,-1,20.1046,0
2026-06-27 03:07:22,24,W+7.5,4992,2,True,False,False,,-1,20.0873,0
2026-06-27 03:07:35,34,W+0.5,7072,9,True,False,False,,-1,20.0745,0
2026-06-27 03:07:51,33,W+4.5,6864,5,True,False,False,,-1,20.0768,0
2026-06-27 03:08:07,29,W+5.5,6032,3,True,False,False,,-1,20.1103,0
2026-06-27 03:08:20,29,W+5.5,6032,3,True,False,False,,-1,20.0352,0
2026-06-27 03:08:35,31,W+3.5,6448,5,True,False,False,,-1,20.0486,0
2026-06-27 03:08:54,39,B+1.5,8112,6,True,False,False,,-1,20.0908,0
2026-06-27 03:09:24,65,B+5.5,13520,9,True,False,False,,-1,20.2426,0
2026-06-27 03:09:39,33,W+3.5,6864,5,True,False,False,,-1,20.0411,0
2026-06-27 03:10:36,134,B+10.5,27872,13,True,False,False,,-1,20.4843,0
2026-06-27 03:10:52,31,W+6.5,6448,2,True,False,False,,-1,20.4855,0
2026-06-27 03:11:09,41,B+2.5,8528,9,True,False,False,,-1,20.5358,0
2026-06-27 03:11:21,23,W+4.5,4784,3,True,False,False,,-1,20.5369,0
2026-06-27 03:11:37,38,B+0.5,7904,7,True,False,False,,-1,20.5999,0
2026-06-27 03:11:52,33,W+5.5,6864,4,True,False,False,,-1,20.516,0
2026-06-27 03:12:02,19,W+6.5,3952,2,True,False,False,,-1,20.5032,0
2026-06-27 03:12:12,22,W+7.5,4576,2,True,False,False,,-1,20.3953,0
2026-06-27 03:12:26,31,W+0.5,6448,6,True,False,False,,-1,20.3814,0
2026-06-27 03:12:46,45,B+0.5,9360,9,True,False,False,,-1,20.4179,0
2026-06-27 03:13:09,47,B+0.5,9776,5,True,False,False,,-1,20.0022,0
2026-06-27 03:13:22,29,W+4.5,6032,4,True,False,False,,-1,19.9925,0
2026-06-27 03:13:35,25,W+3.5,5200,5,True,False,False,,-1,19.5989,0
2026-06-27 03:13:54,40,W+6.5,8320,3,True,False,False,,-1,19.3169,0
2026-06-27 03:14:23,63,B+8.5,13104,10,True,False,False,,-1,19.3603,0
2026-06-27 03:14:56,69,B+1.5,14352,8,True,False,False,,-1,19.4872,0
2026-06-27 03:15:23,59,B+0.5,12272,7,True,False,False,,-1,19.6271,0
2026-06-27 03:15:35,24,W+7.5,4992,2,True,False,False,,-1,19.6061,0
2026-06-27 03:16:02,58,W+3.5,12064,10,True,False,False,,-1,19.7403,0
2026-06-27 03:16:25,47,B+2.5,9776,7,True,False,False,,-1,19.7954,0
2026-06-27 03:16:56,66,W+4.5,13728,6,True,False,False,,-1,19.959,0
2026-06-27 03:17:14,35,W+3.5,7280,5,True,False,False,,-1,19.7489,0
2026-06-27 03:17:25,23,W+5.5,4784,3,True,False,False,,-1,19.7643,0
2026-06-27 03:17:38,24,W+7.5,4992,2,True,False,False,,-1,19.7489,0
2026-06-27 03:18:01,48,W+9.5,9984,2,True,False,False,,-1,19.8793,0
2026-06-27 03:18:12,23,W+6.5,4784,2,True,False,False,,-1,19.8303,0
2026-06-27 03:18:31,40,W+7.5,8320,2,True,False,False,,-1,19.8745,0
2026-06-27 03:18:42,22,W+8.5,4576,2,True,False,False,,-1,19.7265,0
2026-06-27 03:18:55,27,W+5.5,5616,3,True,False,False,,-1,19.6736,0
2026-06-27 03:19:08,25,W+6.5,5200,2,True,False,False,,-1,19.7065,0
2026-06-27 03:19:25,34,W+7.5,7072,3,True,False,False,,-1,19.7754,0
2026-06-27 03:19:40,31,W+6.5,6448,3,True,False,False,,-1,19.7224,0
2026-06-27 03:20:05,55,B+1.5,11440,6,True,False,False,,-1,19.6686,0
2026-06-27 03:20:15,19,W+6.5,3952,2,True,False,False,,-1,19.6402,0
2026-06-27 03:20:27,25,W+7.5,5200,2,True,False,False,,-1,19.6484,0
2026-06-27 03:20:43,32,W+6.5,6656,3,True,False,False,,-1,19.6684,0
2026-06-27 03:20:55,26,W+2.5,5408,3,True,False,False,,-1,19.5549,0
2026-06-27 03:21:09,29,W+3.5,6032,5,True,False,False,,-1,19.2506,0
2026-06-27 03:21:21,24,W+7.5,4992,2,True,False,False,,-1,19.1968,0
2026-06-27 03:21:33,25,W+5.5,5200,2,True,False,False,,-1,19.1926,0
2026-06-27 03:21:58,53,B+0.5,11024,8,True,False,False,,-1,18.9527,0
2026-06-27 03:22:56,139,B+42.5,28912,4,True,False,False,,-1,19.3537,0
2026-06-27 03:23:11,31,W+4.5,6448,4,True,False,False,,-1,19.3665,0
2026-06-27 03:23:24,26,W+7.5,5408,2,True,False,False,,-1,19.3379,0
2026-06-27 03:23:34,21,W+5.5,4368,3,True,False,False,,-1,18.8011,0
2026-06-27 03:24:34,162,W+70.5,33696,6,True,False,False,,-1,19.1845,0
2026-06-27 03:24:48,29,W+3.5,6032,5,True,False,False,,-1,19.228,0
2026-06-27 03:25:01,24,W+7.5,4992,2,True,False,False,,-1,19.2211,0
2026-06-27 03:25:16,29,W+3.5,6032,2,True,False,False,,-1,19.162,0
2026-06-27 03:25:28,25,W+0.5,5200,2,True,False,False,,-1,19.0052,0
2026-06-27 03:25:45,41,B+0.5,8528,10,True,False,False,,-1,18.9794,0
2026-06-27 03:25:57,23,W+6.5,4784,2,True,False,False,,-1,18.7571,0
2026-06-27 03:26:07,20,W+7.5,4160,2,True,False,False,,-1,18.6923,0
2026-06-27 03:26:19,25,W+6.5,5200,2,True,False,False,,-1,18.714,0
2026-06-27 03:26:47,59,B+3.5,12272,6,True,False,False,,-1,18.844,0
2026-06-27 03:27:03,33,W+3.5,6864,4,True,False,False,,-1,18.8959,0
2026-06-27 03:27:17,29,W+5.5,6032,3,True,False,False,,-1,18.9199,0
2026-06-27 03:27:28,23,W+7.5,4784,2,True,False,False,,-1,18.8967,0
2026-06-27 03:27:50,48,W+0.5,9984,6,True,False,False,,-1,19.0218,0
2026-06-27 03:28:01,21,W+6.5,4368,2,True,False,False,,-1,18.9896,0
2026-06-27 03:28:15,31,W+3.5,6448,5,True,False,False,,-1,19.0056,0
2026-06-27 03:28:32,33,W+4.5,6864,4,True,False,False,,-1,18.7219,0
2026-06-27 03:28:48,31,W+5.5,6448,3,True,False,False,,-1,18.7083,0
2026-06-27 03:29:00,24,W+6.5,4992,3,True,False,False,,-1,18.688,0
2026-06-27 03:29:12,29,W+2.5,6032,4,True,False,False,,-1,18.6154,0
2026-06-27 03:29:25,26,W+7.5,5408,2,True,False,False,,-1,18.5244,0
2026-06-27 03:29:38,23,W+5.5,4784,3,True,False,False,,-1,18.5294,0
2026-06-27 03:29:56,39,W+5.5,8112,5,True,False,False,,-1,18.5707,0
2026-06-27 03:30:09,27,W+4.5,5616,4,True,False,False,,-1,18.5104,0
2026-06-27 03:30:20,23,W+6.5,4784,2,True,False,False,,-1,18.4294,0
2026-06-27 03:31:12,115,W+36.5,23920,4,True,False,False,,-1,18.4044,0
2026-06-27 03:31:29,34,W+4.5,7072,5,True,False,False,,-1,18.4565,0
2026-06-27 03:31:39,19,W+6.5,3952,2,True,False,False,,-1,18.3827,0
2026-06-27 03:31:59,40,W+6.5,8320,2,True,False,False,,-1,18.4734,0
2026-06-27 03:32:18,39,W+0.5,8112,7,True,False,False,,-1,18.5394,0
2026-06-27 03:33:04,117,B+17.5,24336,4,True,False,False,,-1,18.3033,0
2026-06-27 03:33:14,21,W+6.5,4368,2,True,False,False,,-1,18.2931,0
2026-06-27 03:33:37,51,B+1.5,10608,9,True,False,False,,-1,18.2731,0
2026-06-27 03:33:55,38,W+7.5,7904,2,True,False,False,,-1,18.0541,0
2026-06-27 03:34:07,25,W+5.5,5200,3,True,False,False,,-1,17.9478,0
2026-06-27 03:34:20,25,W+5.5,5200,2,True,False,False,,-1,17.9364,0
2026-06-27 03:34:43,47,B+3.5,9776,8,True,False,False,,-1,18.0118,0
2026-06-27 03:34:53,21,W+5.5,4368,3,True,False,False,,-1,17.9719,0
2026-06-27 03:35:04,23,W+5.5,4784,3,True,False,False,,-1,17.8661,0
2026-06-27 03:35:22,36,W+6.5,7488,4,True,False,False,,-1,17.9104,0
2026-06-27 03:35:35,28,W+12.5,5824,2,True,False,False,,-1,17.9698,0
2026-06-27 03:36:03,57,B+1.5,11856,9,True,False,False,,-1,18.1169,0
2026-06-27 03:36:23,41,B+0.5,8528,9,True,False,False,,-1,18.084,0
2026-06-27 03:36:40,33,W+3.5,6864,3,True,False,False,,-1,18.1337,0
2026-06-27 03:36:50,21,W+5.5,4368,3,True,False,False,,-1,17.9212,0
2026-06-27 03:37:11,44,W+4.5,9152,3,True,False,False,,-1,18.0077,0
2026-06-27 03:37:21,21,W+6.5,4368,3,True,False,False,,-1,17.9854,0
2026-06-27 03:37:37,31,W+5.5,6448,3,True,False,False,,-1,18.0139,0
2026-06-27 03:38:18,88,W+38.5,18304,6,True,False,False,,-1,18.2649,0
2026-06-27 03:38:36,39,W+3.5,8112,5,True,False,False,,-1,18.2909,0
2026-06-27 03:38:47,23,W+7.5,4784,3,True,False,False,,-1,18.2659,0
2026-06-27 03:39:00,27,W+2.5,5616,5,True,False,False,,-1,18.253,0
2026-06-27 03:39:10,21,W+6.5,4368,2,True,False,False,,-1,18.1598,0
2026-06-27 03:39:46,80,W+8.5,16640,4,True,False,False,,-1,18.2196,0
2026-06-27 03:40:01,29,W+5.5,6032,3,True,False,False,,-1,18.2172,0
2026-06-27 03:40:11,23,W+5.5,4784,3,True,False,False,,-1,17.7527,0
2026-06-27 03:40:23,23,W+5.5,4784,2,True,False,False,,-1,17.7171,0
2026-06-27 03:40:36,27,W+4.5,5616,4,True,False,False,,-1,17.6632,0
2026-06-27 03:40:48,26,W+5.5,5408,3,True,False,False,,-1,17.6708,0
2026-06-27 03:41:21,71,B+1.5,14768,5,True,False,False,,-1,17.8378,0
2026-06-27 03:41:32,24,W+7.5,4992,2,True,False,False,,-1,17.7995,0
2026-06-27 03:41:46,27,W+6.5,5616,3,True,False,False,,-1,17.8356,0
2026-06-27 03:41:57,21,W+6.5,4368,2,True,False,False,,-1,17.8446,0
2026-06-27 03:42:11,29,W+5.5,6032,3,True,False,False,,-1,17.8464,0
2026-06-27 03:42:25,30,W+6.5,6240,3,True,False,False,,-1,17.782,0
2026-06-27 03:42:46,43,B+1.5,8944,8,True,False,False,,-1,17.7687,0
2026-06-27 03:42:58,27,W+5.5,5616,3,True,False,False,,-1,17.7575,0
2026-06-27 03:43:50,133,W+30.5,27664,9,True,False,False,,-1,18.1548,0
2026-06-27 03:44:06,31,W+5.5,6448,3,True,False,False,,-1,18.1115,0
2026-06-27 03:44:21,28,W+5.5,5824,2,True,False,False,,-1,17.981,0
2026-06-27 03:44:41,42,W+5.5,8736,4,True,False,False,,-1,17.8511,0
2026-06-27 03:44:59,37,B+0.5,7696,6,True,False,False,,-1,17.7546,0
2026-06-27 03:45:11,25,W+6.5,5200,2,True,False,False,,-1,17.7572,0
2026-06-27 03:45:33,47,B+0.5,9776,9,True,False,False,,-1,17.7001,0
2026-06-27 03:45:47,29,W+6.5,6032,2,True,False,False,,-1,17.6236,0
2026-06-27 03:46:05,39,B+0.5,8112,7,True,False,False,,-1,17.4856,0
2026-06-27 03:46:29,48,W+4.5,9984,2,True,False,False,,-1,17.5562,0
2026-06-27 03:46:49,42,W+3.5,8736,6,True,False,False,,-1,17.6336,0
2026-06-27 03:47:00,22,W+7.5,4576,2,True,False,False,,-1,17.6256,0
2026-06-27 03:47:17,37,B+1.5,7696,8,True,False,False,,-1,17.5519,0
2026-06-27 03:47:44,58,W+4.5,12064,3,True,False,False,,-1,17.7173,0
2026-06-27 03:48:02,38,W+4.5,7904,2,True,False,False,,-1,17.7093,0
2026-06-27 03:48:15,27,W+5.5,5616,3,True,False,False,,-1,17.7271,0
2026-06-27 03:48:37,49,B+0.5,10192,9,True,False,False,,-1,17.8167,0
2026-06-27 03:49:06,61,B+0.5,12688,8,True,False,False,,-1,17.9799,0
2026-06-27 03:49:18,23,W+8.5,4784,2,True,False,False,,-1,17.9187,0
2026-06-27 03:49:27,21,W+6.5,4368,2,True,False,False,,-1,17.8696,0
2026-06-27 03:49:38,27,W+6.5,5616,2,True,False,False,,-1,17.7287,0
2026-06-27 03:49:52,28,W+7.5,5824,2,True,False,False,,-1,17.7723,0
2026-06-27 03:50:02,19,W+6.5,3952,2,True,False,False,,-1,17.746,0
2026-06-27 03:50:17,31,W+5.5,6448,3,True,False,False,,-1,17.7335,0
2026-06-27 03:50:59,93,B+0.5,19344,16,True,False,False,,-1,18.0299,0
2026-06-27 03:51:21,46,W+1.5,9568,6,True,False,False,,-1,18.1165,0
2026-06-27 03:51:35,31,B+0.5,6448,8,True,False,False,,-1,18.1417,0
2026-06-27 03:52:26,122,W+36.5,25376,8,True,False,False,,-1,18.5319,0
2026-06-27 03:53:22,129,W+21.5,26832,2,True,False,False,,-1,18.8475,0
2026-06-27 03:53:41,40,W+0.5,8320,5,True,False,False,,-1,18.4478,0
2026-06-27 03:54:02,43,W+3.5,8944,4,True,False,False,,-1,18.5051,0
2026-06-27 03:54:12,21,W+6.5,4368,2,True,False,False,,-1,18.4817,0
2026-06-27 03:54:27,32,W+3.5,6656,3,True,False,False,,-1,18.5326,0
2026-06-27 03:54:41,26,W+6.5,5408,3,True,False,False,,-1,18.0688,0
2026-06-27 03:55:01,43,B+0.5,8944,7,True,False,False,,-1,18.1272,0
2026-06-27 03:55:31,61,B+1.5,12688,4,True,False,False,,-1,18.3024,0
2026-06-27 03:55:41,19,W+6.5,3952,2,True,False,False,,-1,18.2553,0
2026-06-27 03:55:56,29,W+4.5,6032,4,True,False,False,,-1,18.279,0
2026-06-27 03:56:23,56,W+7.5,11648,4,True,False,False,,-1,18.3749,0
2026-06-27 03:56:35,23,W+6.5,4784,3,True,False,False,,-1,18.3765,0
2026-06-27 03:57:45,162,W+13.5,33696,9,True,False,False,,-1,18.9829,0
2026-06-27 03:58:00,31,W+4.5,6448,4,True,False,False,,-1,19.016,0
2026-06-27 03:58:19,37,W+8.5,7696,2,True,False,False,,-1,18.9224,0
2026-06-27 03:58:56,77,B+8.5,16016,8,True,False,False,,-1,19.1284,0
2026-06-27 03:59:30,71,B+6.5,14768,5,True,False,False,,-1,19.3264,0
2026-06-27 04:00:05,73,B+18.5,15184,3,True,False,False,,-1,19.5638,0
2026-06-27 04:00:15,23,W+4.5,4784,4,True,False,False,,-1,19.4394,0
2026-06-27 04:00:27,25,W+5.5,5200,3,True,False,False,,-1,19.4607,0
2026-06-27 04:00:43,33,W+2.5,6864,6,True,False,False,,-1,19.478,0
2026-06-27 04:00:59,34,W+7.5,7072,2,True,False,False,,-1,19.4654,0
2026-06-27 04:01:09,21,W+5.5,4368,3,True,False,False,,-1,19.4103,0
2026-06-27 04:01:49,82,W+27.5,17056,2,True,False,False,,-1,19.69,0
2026-06-27 04:02:10,46,W+2.5,9568,7,True,False,False,,-1,19.7806,0
2026-06-27 04:02:21,21,W+6.5,4368,2,True,False,False,,-1,19.7575,0
2026-06-27 04:02:37,33,W+5.5,6864,3,True,False,False,,-1,19.7931,0
2026-06-27 04:02:48,21,W+6.5,4368,2,True,False,False,,-1,19.7185,0
2026-06-27 04:03:04,35,W+4.5,7280,4,True,False,False,,-1,19.7529,0
2026-06-27 04:03:19,29,W+6.5,6032,2,True,False,False,,-1,19.7919,0
2026-06-27 04:03:33,29,W+4.5,6032,4,True,False,False,,-1,19.4032,0
2026-06-27 04:03:43,19,W+5.5,3952,2,True,False,False,,-1,19.3358,0
2026-06-27 04:04:38,124,B+7.5,25792,6,True,False,False,,-1,19.7867,0
2026-06-27 04:04:49,23,W+4.5,4784,4,True,False,False,,-1,19.6945,0
2026-06-27 04:05:02,27,W+4.5,5616,4,True,False,False,,-1,19.6342,0
2026-06-27 04:05:11,21,W+5.5,4368,3,True,False,False,,-1,19.268,0
2026-06-27 04:05:23,22,W+7.5,4576,2,True,False,False,,-1,19.2849,0
2026-06-27 04:05:45,47,B+0.5,9776,6,True,False,False,,-1,19.2807,0
2026-06-27 04:05:57,25,W+4.5,5200,4,True,False,False,,-1,19.2195,0
2026-06-27 04:06:10,27,W+5.5,5616,3,True,False,False,,-1,19.2218,0
2026-06-27 04:06:30,42,W+8.5,8736,3,True,False,False,,-1,19.3016,0
2026-06-27 04:06:47,35,B+0.5,7280,9,True,False,False,,-1,19.2302,0
2026-06-27 04:06:59,26,W+6.5,5408,3,True,False,False,,-1,19.2573,0
2026-06-27 04:07:12,28,W+5.5,5824,4,True,False,False,,-1,19.275,0
2026-06-27 04:07:25,27,W+4.5,5616,2,True,False,False,,-1,19.2353,0
2026-06-27 04:07:40,29,W+4.5,6032,4,True,False,False,,-1,19.2393,0
2026-06-27 04:07:54,29,W+5.5,6032,3,True,False,False,,-1,19.1146,0
2026-06-27 04:08:06,25,W+6.5,5200,3,True,False,False,,-1,19.0266,0
2026-06-27 04:08:58,129,W+34.5,26832,8,True,False,False,,-1,19.3781,0
2026-06-27 04:09:20,47,B+1.5,9776,6,True,False,False,,-1,19.5063,0
2026-06-27 04:09:29,19,W+6.5,3952,2,True,False,False,,-1,19.3763,0
2026-06-27 04:09:44,35,W+1.5,7280,7,True,False,False,,-1,19.4326,0
2026-06-27 04:10:01,33,W+5.5,6864,3,True,False,False,,-1,19.4381,0
2026-06-27 04:10:22,43,B+2.5,8944,7,True,False,False,,-1,19.2419,0
2026-06-27 04:10:48,57,B+3.5,11856,8,True,False,False,,-1,19.324,0
2026-06-27 04:11:01,27,W+3.5,5616,5,True,False,False,,-1,19.3409,0
2026-06-27 04:11:18,37,W+0.5,7696,8,True,False,False,,-1,19.3764,0
2026-06-27 04:11:38,43,B+0.5,8944,9,True,False,False,,-1,19.477,0
2026-06-27 04:12:06,58,W+19.5,12064,2,True,False,False,,-1,19.3931,0
2026-06-27 04:12:17,23,W+5.5,4784,3,True,False,False,,-1,19.3562,0
2026-06-27 04:12:37,39,W+1.5,8112,5,True,False,False,,-1,19.4503,0
2026-06-27 04:12:54,41,B+0.5,8528,9,True,False,False,,-1,19.5067,0
2026-06-27 04:13:09,29,W+2.5,6032,4,True,False,False,,-1,19.5285,0
2026-06-27 04:13:20,23,W+6.5,4784,2,True,False,False,,-1,19.5173,0
2026-06-27 04:13:37,34,W+6.5,7072,2,True,False,False,,-1,19.3635,0
2026-06-27 04:13:50,26,W+7.5,5408,2,True,False,False,,-1,19.3768,0
2026-06-27 04:14:03,25,W+5.5,5200,3,True,False,False,,-1,19.3681,0
2026-06-27 04:14:17,29,W+4.5,6032,4,True,False,False,,-1,19.4072,0
2026-06-27 04:14:33,31,W+5.5,6448,3,True,False,False,,-1,19.4226,0
2026-06-27 04:14:57,48,W+4.5,9984,6,True,False,False,,-1,19.52,0
2026-06-27 04:15:14,35,B+1.5,7280,6,True,False,False,,-1,19.4767,0
2026-06-27 04:15:26,31,B+1.5,6448,6,True,False,False,,-1,19.479,0
2026-06-27 04:15:46,38,W+10.5,7904,2,True,False,False,,-1,19.1544,0
2026-06-27 04:16:16,62,W+3.5,12896,2,True,False,False,,-1,19.2983,0
2026-06-27 04:16:25,21,W+6.5,4368,2,True,False,False,,-1,19.2446,0
2026-06-27 04:16:41,33,W+3.5,6864,5,True,False,False,,-1,19.1984,0
2026-06-27 04:16:52,22,W+7.5,4576,2,True,False,False,,-1,19.1327,0
2026-06-27 04:17:18,52,W+9.5,10816,5,True,False,False,,-1,19.265,0
2026-06-27 04:17:44,55,B+0.5,11440,4,True,False,False,,-1,19.3112,0
2026-06-27 04:17:55,23,W+6.5,4784,2,True,False,False,,-1,19.2757,0
2026-06-27 04:18:08,27,W+5.5,5616,3,True,False,False,,-1,19.2252,0
2026-06-27 04:18:37,61,B+6.5,12688,6,True,False,False,,-1,19.2716,0
2026-06-27 04:18:50,28,W+6.5,5824,4,True,False,False,,-1,19.2131,0
2026-06-27 04:19:12,44,W+6.5,9152,3,True,False,False,,-1,19.3142,0
2026-06-27 04:19:28,33,W+6.5,6864,3,True,False,False,,-1,19.312,0
2026-06-27 04:19:41,25,W+7.5,5200,2,True,False,False,,-1,19.1679,0
2026-06-27 04:19:56,31,W+7.5,6448,2,True,False,False,,-1,19.1378,0
2026-06-27 04:20:18,48,W+4.5,9984,6,True,False,False,,-1,19.2314,0
2026-06-27 04:20:45,55,B+1.5,11440,9,True,False,False,,-1,19.2792,0
2026-06-27 04:20:57,27,W+4.5,5616,4,True,False,False,,-1,19.1068,0
2026-06-27 04:21:10,27,W+6.5,5616,2,True,False,False,,-1,19.1273,0
2026-06-27 04:21:33,45,B+0.5,9360,8,True,False,False,,-1,19.259,0
2026-06-27 04:21:46,27,W+5.5,5616,3,True,False,False,,-1,19.2792,0
2026-06-27 04:22:06,40,W+6.5,8320,2,True,False,False,,-1,19.3425,0
2026-06-27 04:22:38,69,B+2.5,14352,7,True,False,False,,-1,19.5548,0
2026-06-27 04:23:01,49,B+1.5,10192,7,True,False,False,,-1,19.6465,0
2026-06-27 04:23:21,42,W+3.5,8736,6,True,False,False,,-1,19.4244,0
2026-06-27 04:23:41,43,B+0.5,8944,8,True,False,False,,-1,19.3954,0
2026-06-27 04:23:52,21,W+6.5,4368,2,True,False,False,,-1,19.3614,0
2026-06-27 04:24:08,40,W+0.5,8320,10,True,False,False,,-1,19.0179,0
2026-06-27 04:24:23,29,W+6.5,6032,2,True,False,False,,-1,18.5998,0
2026-06-27 04:25:07,111,B+28.5,23088,7,True,False,False,,-1,18.8598,0
2026-06-27 04:25:22,27,W+5.5,5616,3,True,False,False,,-1,18.7972,0
2026-06-27 04:25:35,30,W+5.5,6240,4,True,False,False,,-1,18.8268,0
2026-06-27 04:25:52,35,W+6.5,7280,2,True,False,False,,-1,18.8416,0
2026-06-27 04:26:08,36,B+0.5,7488,7,True,False,False,,-1,18.8645,0
2026-06-27 04:26:21,27,W+5.5,5616,3,True,False,False,,-1,18.7909,0
2026-06-27 04:26:30,20,W+7.5,4160,2,True,False,False,,-1,18.5898,0
2026-06-27 04:26:49,38,W+1.5,7904,6,True,False,False,,-1,18.6769,0
2026-06-27 04:27:08,39,W+2.5,8112,6,True,False,False,,-1,18.72,0
2026-06-27 04:27:30,45,B+1.5,9360,8,True,False,False,,-1,18.6663,0
2026-06-27 04:28:08,83,B+9.5,17264,11,True,False,False,,-1,18.9356,0
2026-06-27 04:28:17,20,W+7.5,4160,2,True,False,False,,-1,18.3186,0
2026-06-27 04:28:31,27,W+5.5,5616,3,True,False,False,,-1,18.2991,0
2026-06-27 04:28:55,51,B+2.5,10608,9,True,False,False,,-1,18.3527,0
2026-06-27 04:29:08,31,W+2.5,6448,6,True,False,False,,-1,18.1189,0
2026-06-27 04:29:18,23,W+5.5,4784,3,True,False,False,,-1,17.8781,0
2026-06-27 04:29:28,19,W+6.5,3952,2,True,False,False,,-1,17.629,0
2026-06-27 04:29:44,35,W+6.5,7280,2,True,False,False,,-1,17.6943,0
2026-06-27 04:29:53,19,W+5.5,3952,2,True,False,False,,-1,17.6632,0
2026-06-27 04:30:18,53,B+0.5,11024,9,True,False,False,,-1,17.74,0
2026-06-27 04:30:33,29,W+6.5,6032,2,True,False,False,,-1,17.7335,0
2026-06-27 04:33:43,157,W+5.5,32772,37,True,False,False,,-1,17.8858,1000
2026-06-27 04:34:36,115,W+2.5,24036,16,True,False,False,,-1,18.2026,1000
2026-06-27 04:35:32,114,B+2.5,23828,19,True,False,False,,-1,18.6487,1000
2026-06-27 04:36:34,141,W+0.5,29444,30,True,False,False,,-1,19.1114,1000
2026-06-27 04:37:43,162,W+7.5,33812,45,True,False,False,,-1,19.6908,1000
2026-06-27 04:38:48,150,B+0.5,31316,21,True,False,False,,-1,20.1858,1000
2026-06-27 04:39:40,122,B+0.5,25492,21,True,False,False,,-1,20.5568,1000
2026-06-27 04:40:43,155,W+1.5,32356,27,True,False,False,,-1,21.045,1000
2026-06-27 04:41:51,162,W+1.5,33812,30,True,False,False,,-1,21.6232,1000
2026-06-27 04:42:41,113,W+0.5,23620,16,True,False,False,,-1,21.5734,1000
2026-06-27 04:43:41,140,B+2.5,29236,20,True,False,False,,-1,22.0646,1000
2026-06-27 04:44:31,126,B+10.5,26324,22,True,False,False,,-1,22.4371,1000
2026-06-27 04:45:33,162,B+1.5,33812,40,True,False,False,,-1,22.9584,1000
2026-06-27 04:46:25,121,W+0.5,25284,18,True,False,False,,-1,23.3651,1000
2026-06-27 04:47:13,122,B+2.5,25492,17,True,False,False,,-1,23.629,1000
2026-06-27 04:48:05,133,B+7.5,27780,25,True,False,False,,-1,24.0241,1000
2026-06-27 04:48:52,113,B+17.5,23620,21,True,False,False,,-1,24.3684,1000
2026-06-27 04:49:48,136,B+1.5,28404,25,True,False,False,,-1,24.7182,1000
2026-06-27 04:50:44,134,B+1.5,27988,25,True,False,False,,-1,25.1231,1000
2026-06-27 04:51:51,153,B+15.5,31940,25,True,False,False,,-1,25.6641,1000
2026-06-27 04:52:41,108,B+0.5,22580,13,True,False,False,,-1,26.0359,1000
2026-06-27 04:53:41,140,B+1.5,29236,23,True,False,False,,-1,26.5018,1000
2026-06-27 04:54:33,116,B+0.5,24244,25,True,False,False,,-1,26.8747,1000
2026-06-27 04:55:24,116,B+2.5,24244,19,True,False,False,,-1,27.2469,1000
2026-06-27 04:56:21,132,B+1.5,27572,20,True,False,False,,-1,27.6916,1000
2026-06-27 04:57:10,106,B+2.5,22164,16,True,False,False,,-1,27.6693,1000
2026-06-27 04:58:01,123,W+4.5,25700,22,True,False,False,,-1,27.9501,1000
2026-06-27 04:58:54,131,W+1.5,27364,22,True,False,False,,-1,28.39,1000
2026-06-27 04:59:43,112,B+5.5,23412,15,True,False,False,,-1,28.7361,1000
2026-06-27 05:00:40,125,W+4.5,26116,29,True,False,False,,-1,29.1396,1000
2026-06-27 05:01:32,116,B+0.5,24244,18,True,False,False,,-1,29.4411,1000
2026-06-27 05:02:28,135,W+1.5,28196,23,True,False,False,,-1,29.7447,1000
2026-06-27 05:03:24,133,W+0.5,27780,27,True,False,False,,-1,30.1748,1000
2026-06-27 05:04:32,162,B+26.5,33812,24,True,False,False,,-1,30.6867,1000
2026-06-27 05:05:27,124,B+1.5,25908,20,True,False,False,,-1,31.0349,1000
2026-06-27 05:06:28,162,B+15.5,33812,37,True,False,False,,-1,31.3695,1000
2026-06-27 05:07:21,122,W+4.5,25492,21,True,False,False,,-1,31.7881,1000
2026-06-27 05:08:12,126,B+0.5,26324,22,True,False,False,,-1,32.1039,1000
2026-06-27 05:09:09,162,B+1.5,33812,34,True,False,False,,-1,32.4942,1000
2026-06-27 05:10:17,162,B+24.5,33812,34,True,False,False,,-1,33.0322,1000
2026-06-27 05:11:04,105,W+1.5,21956,9,True,False,False,,-1,33.3888,1000
2026-06-27 05:12:08,161,W+6.5,33604,40,True,False,False,,-1,33.8503,1000
2026-06-27 05:13:12,162,W+3.5,33812,31,True,False,False,,-1,34.3642,1000
2026-06-27 05:14:11,139,W+1.5,29028,27,True,False,False,,-1,34.8245,1000
2026-06-27 05:15:14,159,W+2.5,33188,36,True,False,False,,-1,35.3148,1000
2026-06-27 05:16:13,134,B+0.5,27988,25,True,False,False,,-1,35.7443,1000
2026-06-27 05:17:20,162,W+2.5,33812,27,True,False,False,,-1,36.1737,1000
2026-06-27 05:18:21,162,W+2.5,33812,39,True,False,False,,-1,36.6218,1000
2026-06-27 05:19:24,152,B+2.5,31732,30,True,False,False,,-1,37.1175,1000
2026-06-27 05:20:14,112,B+2.5,23412,16,True,False,False,,-1,37.4226,1000
2026-06-27 05:21:06,131,B+2.5,27364,21,True,False,False,,-1,37.6482,1000
2026-06-27 05:21:51,96,W+28.5,20084,13,True,False,False,,-1,38.0045,1000
2026-06-27 05:22:40,99,B+2.5,20708,6,True,False,False,,-1,38.3327,1000
2026-06-27 05:23:39,160,B+10.5,33396,36,True,False,False,,-1,38.8125,1000
2026-06-27 05:24:35,135,W+0.5,28196,16,True,False,False,,-1,39.1167,1000
2026-06-27 05:25:27,118,B+1.5,24660,22,True,False,False,,-1,39.372,1000
2026-06-27 05:26:37,162,W+0.5,33812,31,True,False,False,,-1,39.9674,1000
2026-06-27 05:27:35,148,B+1.5,30900,24,True,False,False,,-1,40.4198,1000
2026-06-27 05:28:29,130,B+1.5,27156,23,True,False,False,,-1,40.6626,1000
2026-06-27 05:29:22,122,B+0.5,25492,18,True,False,False,,-1,41.0663,1000
2026-06-27 05:30:25,162,W+18.5,33812,34,True,False,False,,-1,41.4737,1000
2026-06-27 05:31:26,153,B+17.5,31940,27,True,False,False,,-1,41.9222,1000
2026-06-27 05:32:30,158,B+1.5,32980,32,True,False,False,,-1,42.4345,1000
2026-06-27 05:33:29,133,W+2.5,27780,19,True,False,False,,-1,42.8725,1000
2026-06-27 05:34:19,117,W+0.5,24452,22,True,False,False,,-1,43.1523,1000
2026-06-27 05:35:10,111,W+2.5,23204,17,True,False,False,,-1,43.3859,1000
2026-06-27 05:36:03,136,B+1.5,28404,28,True,False,False,,-1,43.7995,1000
2026-06-27 05:37:10,162,B+4.5,33812,38,True,False,False,,-1,44.3377,1000
2026-06-27 05:38:12,161,W+12.5,33604,32,True,False,False,,-1,44.7288,1000
2026-06-27 05:39:01,111,W+2.5,23204,11,True,False,False,,-1,45.087,1000
2026-06-27 05:40:03,162,B+31.5,33812,35,True,False,False,,-1,45.513,1000
2026-06-27 05:41:05,143,W+1.5,29860,28,True,False,False,,-1,45.816,1000
2026-06-27 05:42:10,162,W+29.5,33812,28,True,False,False,,-1,46.228,1000
2026-06-27 05:43:07,140,B+1.5,29236,29,True,False,False,,-1,46.598,1000
2026-06-27 05:43:55,114,B+34.5,23828,9,True,False,False,,-1,46.8908,1000
2026-06-27 05:45:04,161,W+8.5,33604,29,True,False,False,,-1,47.4647,1000
2026-06-27 05:45:57,117,W+0.5,24452,16,True,False,False,,-1,47.8346,1000
2026-06-27 05:46:46,114,B+1.5,23828,17,True,False,False,,-1,48.1742,1000
2026-06-27 05:47:36,114,B+0.5,23828,20,True,False,False,,-1,48.2272,1000
2026-06-27 05:48:29,128,B+7.5,26740,20,True,False,False,,-1,48.6148,1000
2026-06-27 05:49:35,162,B+1.5,33812,24,True,False,False,,-1,49.137,1000
2026-06-27 05:50:41,153,W+2.5,31940,32,True,False,False,,-1,49.6341,1000
2026-06-27 05:51:31,120,B+3.5,25076,20,True,False,False,,-1,49.9736,1000
2026-06-27 05:52:29,137,W+0.5,28612,27,True,False,False,,-1,50.4304,1000
2026-06-27 05:53:24,124,B+0.5,25908,17,True,False,False,,-1,50.8778,1000
2026-06-27 05:54:24,162,B+12.5,33812,39,True,False,False,,-1,51.2862,1000
2026-06-27 05:55:14,122,B+1.5,25492,19,True,False,False,,-1,51.6025,1000
2026-06-27 05:56:18,162,W+28.5,33812,38,True,False,False,,-1,52.0249,1000
2026-06-27 05:57:09,126,B+3.5,26324,27,True,False,False,,-1,52.1495,1000
2026-06-27 05:57:55,98,B+0.5,20500,15,True,False,False,,-1,52.5196,1000
2026-06-27 05:58:56,160,B+7.5,33396,34,True,False,False,,-1,52.9954,1000
2026-06-27 05:59:56,150,B+3.5,31316,29,True,False,False,,-1,53.3588,1000
2026-06-27 06:00:51,136,B+0.5,28404,24,True,False,False,,-1,53.7718,1000
2026-06-27 06:01:40,97,B+5.5,20292,12,True,False,False,,-1,54.1665,1000
2026-06-27 06:02:46,159,W+2.5,33188,30,True,False,False,,-1,54.7286,1000
2026-06-27 06:03:31,100,B+0.5,20916,18,True,False,False,,-1,55.0127,1000
2026-06-27 06:04:16,103,W+3.5,21540,14,True,False,False,,-1,55.3657,1000
2026-06-27 06:05:13,120,B+2.5,25076,20,True,False,False,,-1,55.6964,1000
2026-06-27 06:06:01,100,B+1.5,20916,8,True,False,False,,-1,56.0255,1000
2026-06-27 06:06:46,112,B+0.5,23412,19,True,False,False,,-1,56.3975,1000
2026-06-27 06:07:50,156,B+1.5,32564,31,True,False,False,,-1,56.4682,1000
2026-06-27 06:08:48,135,W+9.5,28196,19,True,False,False,,-1,56.5155,1000
2026-06-27 06:09:40,130,B+4.5,27156,19,True,False,False,,-1,56.4794,1000
2026-06-27 06:10:35,128,B+3.5,26740,18,True,False,False,,-1,56.4039,1000
2026-06-27 06:11:27,110,B+3.5,22996,15,True,False,False,,-1,56.2416,1000
2026-06-27 06:12:24,139,W+2.5,29028,24,True,False,False,,-1,56.155,1000
2026-06-27 06:13:26,161,W+14.5,33604,32,True,False,False,,-1,56.2513,1000
2026-06-27 06:14:19,125,W+4.5,26116,20,True,False,False,,-1,56.1625,1000
2026-06-27 06:15:15,136,B+4.5,28404,30,True,False,False,,-1,56.0411,1000
2026-06-27 06:16:14,141,W+3.5,29444,26,True,False,False,,-1,56.1295,1000
2026-06-27 06:17:21,162,B+10.5,33812,33,True,False,False,,-1,56.1988,1000
2026-06-27 06:18:20,138,B+0.5,28820,23,True,False,False,,-1,56.284,1000
2026-06-27 06:19:23,160,B+7.5,33396,33,True,False,False,,-1,56.299,1000
2026-06-27 06:20:22,152,W+4.5,31732,31,True,False,False,,-1,56.3708,1000
2026-06-27 06:21:25,162,W+49.5,33812,25,True,False,False,,-1,56.5153,1000
2026-06-27 06:22:23,136,B+2.5,28404,26,True,False,False,,-1,56.5751,1000
2026-06-27 06:23:27,149,W+0.5,31108,24,True,False,False,,-1,56.7451,1000
2026-06-27 06:24:33,162,W+20.5,33812,31,True,False,False,,-1,56.8435,1000
2026-06-27 06:25:24,107,W+6.5,22372,18,True,False,False,,-1,56.7887,1000
2026-06-27 06:26:15,130,B+4.5,27156,23,True,False,False,,-1,56.6372,1000
2026-06-27 06:27:10,129,W+2.5,26948,19,True,False,False,,-1,56.6811,1000
2026-06-27 06:28:03,122,B+0.5,25492,23,True,False,False,,-1,56.6184,1000
2026-06-27 06:28:54,114,B+0.5,23828,19,True,False,False,,-1,56.6155,1000
2026-06-27 06:29:49,126,B+0.5,26324,21,True,False,False,,-1,56.6384,1000
2026-06-27 06:30:45,129,W+0.5,26948,22,True,False,False,,-1,56.6419,1000
2026-06-27 06:31:37,107,W+1.5,22372,9,True,False,False,,-1,56.6593,1000
2026-06-27 06:32:17,90,B+0.5,18836,11,True,False,False,,-1,56.5602,1000
2026-06-27 06:33:12,123,W+0.5,25700,12,True,False,False,,-1,56.5736,1000
2026-06-27 06:34:14,162,B+17.5,33812,32,True,False,False,,-1,56.7028,1000
2026-06-27 06:35:15,154,B+1.5,32148,28,True,False,False,,-1,56.7446,1000
2026-06-27 06:36:23,162,B+5.5,33812,33,True,False,False,,-1,56.9073,1000
2026-06-27 06:37:21,139,W+2.5,29028,13,True,False,False,,-1,56.9259,1000
2026-06-27 06:38:20,136,B+6.5,28404,18,True,False,False,,-1,56.9515,1000
2026-06-27 06:39:09,118,B+2.5,24660,11,True,False,False,,-1,56.7677,1000
2026-06-27 06:40:05,126,B+1.5,26324,23,True,False,False,,-1,56.777,1000
2026-06-27 06:41:04,134,B+3.5,27988,24,True,False,False,,-1,56.7521,1000
2026-06-27 06:42:07,154,B+3.5,32148,34,True,False,False,,-1,56.8527,1000
2026-06-27 06:43:12,160,W+7.5,33396,32,True,False,False,,-1,56.9863,1000
2026-06-27 06:44:10,133,W+3.5,27780,18,True,False,False,,-1,56.9993,1000
2026-06-27 06:44:56,98,B+2.5,20500,12,True,False,False,,-1,56.7786,1000
2026-06-27 06:46:03,157,W+7.5,32772,27,True,False,False,,-1,56.9789,1000
2026-06-27 06:46:52,112,B+3.5,23412,16,True,False,False,,-1,56.8411,1000
2026-06-27 06:47:48,125,W+0.5,26116,19,True,False,False,,-1,56.7519,1000
2026-06-27 06:48:44,133,W+1.5,27780,22,True,False,False,,-1,56.7226,1000
2026-06-27 06:49:38,128,B+1.5,26740,16,True,False,False,,-1,56.6293,1000
2026-06-27 06:50:32,128,B+7.5,26740,17,True,False,False,,-1,56.5831,1000
2026-06-27 06:51:28,131,W+8.5,27364,22,True,False,False,,-1,56.479,1000
2026-06-27 06:52:16,103,W+5.5,21540,10,True,False,False,,-1,56.34,1000
2026-06-27 06:53:08,121,W+2.5,25284,21,True,False,False,,-1,56.2389,1000
2026-06-27 06:54:03,126,B+1.5,26324,25,True,False,False,,-1,56.2853,1000
2026-06-27 06:54:49,108,B+7.5,22580,15,True,False,False,,-1,56.2241,1000
2026-06-27 06:55:37,102,B+0.5,21332,15,True,False,False,,-1,56.2492,1000
2026-06-27 06:56:33,121,W+0.5,25284,15,True,False,False,,-1,56.3323,1000
2026-06-27 06:57:29,128,B+2.5,26740,26,True,False,False,,-1,56.2934,1000
2026-06-27 06:58:23,115,W+0.5,24036,18,True,False,False,,-1,56.2788,1000
2026-06-27 06:59:31,162,B+36.5,33812,25,True,False,False,,-1,56.4366,1000
2026-06-27 07:00:31,162,W+0.5,33812,28,True,False,False,,-1,56.3309,1000
2026-06-27 07:01:23,120,B+1.5,25076,18,True,False,False,,-1,56.2697,1000
2026-06-27 07:02:18,124,B+0.5,25908,19,True,False,False,,-1,56.2849,1000
2026-06-27 07:03:11,122,B+1.5,25492,22,True,False,False,,-1,56.2809,1000
2026-06-27 07:04:05,126,B+2.5,26324,15,True,False,False,,-1,56.1972,1000
2026-06-27 07:04:54,114,B+0.5,23828,18,True,False,False,,-1,56.0804,1000
2026-06-27 07:05:52,129,W+1.5,26948,21,True,False,False,,-1,56.0157,1000
2026-06-27 07:06:45,122,B+5.5,25492,18,True,False,False,,-1,55.9589,1000
2026-06-27 07:07:47,138,B+2.5,28820,20,True,False,False,,-1,56.0763,1000
2026-06-27 07:08:48,149,W+3.5,31108,29,True,False,False,,-1,56.1795,1000
2026-06-27 07:09:43,129,W+0.5,26948,24,True,False,False,,-1,56.1989,1000
2026-06-27 07:10:33,113,W+3.5,23620,16,True,False,False,,-1,56.033,1000
2026-06-27 07:11:39,162,B+3.5,33812,36,True,False,False,,-1,56.0695,1000
2026-06-27 07:12:49,160,B+1.5,33396,29,True,False,False,,-1,56.2753,1000
2026-06-27 07:13:42,123,W+2.5,25700,18,True,False,False,,-1,56.1836,1000
2026-06-27 07:14:27,101,W+0.5,21124,15,True,False,False,,-1,56.0209,1000
2026-06-27 07:15:23,126,B+7.5,26324,25,True,False,False,,-1,55.9267,1000
2026-06-27 07:16:20,126,B+0.5,26324,16,True,False,False,,-1,55.9327,1000
2026-06-27 07:17:25,161,W+9.5,33604,38,True,False,False,,-1,56.091,1000
2026-06-27 07:18:23,136,B+1.5,28404,26,True,False,False,,-1,55.9918,1000
2026-06-27 07:19:20,143,W+2.5,29860,23,True,False,False,,-1,56.0189,1000
2026-06-27 07:20:14,125,W+2.5,26116,18,True,False,False,,-1,56.079,1000
2026-06-27 07:21:02,105,B+23.5,21956,15,True,False,False,,-1,56.0566,1000
2026-06-27 07:22:07,160,B+0.5,33396,32,True,False,False,,-1,56.1738,1000
2026-06-27 07:25:51,127,B+1.5,26524,21,True,False,False,,-1,56.014,2000
2026-06-27 07:26:44,120,B+0.5,25068,19,True,False,False,,-1,56.043,2000
2026-06-27 07:27:37,117,B+0.5,24444,18,True,False,False,,-1,55.9824,2000
2026-06-27 07:28:34,135,B+2.5,28188,35,True,False,False,,-1,56.0097,2000
2026-06-27 07:28:57,37,B+1.5,7804,8,True,False,False,,-1,55.6415,2000
2026-06-27 07:29:44,105,W+2.5,21948,16,True,False,False,,-1,55.6115,2000
2026-06-27 07:30:10,41,B+1.5,8636,9,True,False,False,,-1,55.2282,2000
2026-06-27 07:31:02,113,B+0.5,23612,11,True,False,False,,-1,55.2418,2000
2026-06-27 07:31:47,107,W+0.5,22364,20,True,False,False,,-1,55.2331,2000
2026-06-27 07:32:42,132,B+2.5,27564,28,True,False,False,,-1,55.1663,2000
2026-06-27 07:33:34,103,B+2.5,21532,7,True,False,False,,-1,55.0815,2000
2026-06-27 07:34:38,140,B+0.5,29228,25,True,False,False,,-1,55.1792,2000
2026-06-27 07:35:32,137,B+3.5,28604,23,True,False,False,,-1,55.2289,2000
2026-06-27 07:36:23,98,B+6.5,20492,15,True,False,False,,-1,55.0731,2000
2026-06-27 07:37:07,97,B+2.5,20284,19,True,False,False,,-1,55.0705,2000
2026-06-27 07:37:57,110,B+2.5,22988,13,True,False,False,,-1,55.1259,2000
2026-06-27 07:38:59,138,B+0.5,28812,26,True,False,False,,-1,55.167,2000
2026-06-27 07:39:52,135,W+4.5,28188,30,True,False,False,,-1,55.2161,2000
2026-06-27 07:40:53,143,W+1.5,29852,30,True,False,False,,-1,55.3737,2000
2026-06-27 07:41:44,115,B+1.5,24028,13,True,False,False,,-1,55.2499,2000
2026-06-27 07:42:19,60,W+0.5,12588,8,True,False,False,,-1,55.015,2000
2026-06-27 07:43:14,140,B+7.5,29228,29,True,False,False,,-1,55.0492,2000
2026-06-27 07:44:14,136,B+2.5,28396,27,True,False,False,,-1,55.0982,2000
2026-06-27 07:45:20,162,W+3.5,33804,35,True,False,False,,-1,55.2388,2000
2026-06-27 07:46:18,135,W+4.5,28188,20,True,False,False,,-1,55.2487,2000
2026-06-27 07:47:11,129,W+0.5,26940,19,True,False,False,,-1,55.1628,2000
2026-06-27 07:47:28,27,B+0.5,5724,5,True,False,False,,-1,54.7913,2000
2026-06-27 07:48:21,126,B+0.5,26316,18,True,False,False,,-1,54.7697,2000
2026-06-27 07:49:11,102,B+0.5,21324,18,True,False,False,,-1,54.671,2000
2026-06-27 07:50:02,125,W+1.5,26108,16,True,False,False,,-1,54.5208,2000
2026-06-27 07:51:05,162,B+1.5,33804,30,True,False,False,,-1,54.5634,2000
2026-06-27 07:51:58,109,W+2.5,22780,13,True,False,False,,-1,54.4592,2000
2026-06-27 07:52:53,128,B+1.5,26732,17,True,False,False,,-1,54.4214,2000
2026-06-27 07:53:50,123,W+2.5,25692,21,True,False,False,,-1,54.3516,2000
2026-06-27 07:54:36,103,W+2.5,21532,12,True,False,False,,-1,54.2385,2000
2026-06-27 07:55:25,104,W+3.5,21740,16,True,False,False,,-1,54.0897,2000
2026-06-27 07:56:19,115,W+3.5,24028,11,True,False,False,,-1,53.9698,2000
2026-06-27 07:57:04,101,B+0.5,21116,13,True,False,False,,-1,53.9105,2000
2026-06-27 07:58:09,162,B+10.5,33804,30,True,False,False,,-1,54.048,2000
2026-06-27 07:59:00,119,W+0.5,24860,21,True,False,False,,-1,54.0117,2000
2026-06-27 07:59:46,98,B+1.5,20492,16,True,False,False,,-1,53.9359,2000
2026-06-27 08:00:35,109,B+1.5,22780,13,True,False,False,,-1,53.9167,2000
2026-06-27 08:01:31,130,B+3.5,27148,26,True,False,False,,-1,53.9331,2000
2026-06-27 08:02:24,113,W+2.5,23612,21,True,False,False,,-1,53.8893,2000
2026-06-27 08:03:13,111,W+0.5,23196,15,True,False,False,,-1,53.8756,2000
2026-06-27 08:04:02,105,W+0.5,21948,14,True,False,False,,-1,53.9549,2000
2026-06-27 08:04:49,102,B+2.5,21324,13,True,False,False,,-1,53.8864,2000
2026-06-27 08:05:44,121,W+3.5,25276,17,True,False,False,,-1,53.8066,2000
2026-06-27 08:06:31,104,B+5.5,21740,15,True,False,False,,-1,53.6673,2000
2026-06-27 08:07:36,162,W+12.5,33804,36,True,False,False,,-1,53.642,2000
2026-06-27 08:08:32,127,W+1.5,26524,25,True,False,False,,-1,53.6174,2000
2026-06-27 08:09:20,105,B+5.5,21948,11,True,False,False,,-1,53.5131,2000
2026-06-27 08:10:14,115,B+3.5,24028,17,True,False,False,,-1,53.5526,2000
2026-06-27 08:10:36,37,B+3.5,7804,6,True,False,False,,-1,53.2201,2000
2026-06-27 08:11:25,109,B+1.5,22780,15,True,False,False,,-1,53.1179,2000
2026-06-27 08:12:20,132,B+1.5,27564,20,True,False,False,,-1,53.0393,2000
2026-06-27 08:13:19,133,W+2.5,27772,23,True,False,False,,-1,52.9825,2000
2026-06-27 08:13:51,55,B+1.5,11548,6,True,False,False,,-1,52.7197,2000
2026-06-27 08:14:50,135,W+0.5,28188,21,True,False,False,,-1,52.8497,2000
2026-06-27 08:15:48,139,W+2.5,29020,25,True,False,False,,-1,52.761,2000
2026-06-27 08:16:47,145,B+2.5,30268,32,True,False,False,,-1,52.8568,2000
2026-06-27 08:17:57,161,W+4.5,33596,22,True,False,False,,-1,52.9989,2000
2026-06-27 08:18:46,100,B+1.5,20908,8,True,False,False,,-1,52.9277,2000
2026-06-27 08:19:31,92,B+1.5,19244,11,True,False,False,,-1,52.838,2000
2026-06-27 08:19:55,43,B+0.5,9052,6,True,False,False,,-1,52.5394,2000
2026-06-27 08:20:46,113,B+4.5,23612,15,True,False,False,,-1,52.4835,2000
2026-06-27 08:21:50,162,B+0.5,33804,22,True,False,False,,-1,52.6444,2000
2026-06-27 08:22:35,108,B+2.5,22572,15,True,False,False,,-1,52.5829,2000
2026-06-27 08:23:08,57,B+0.5,11964,6,True,False,False,,-1,52.3597,2000
2026-06-27 08:23:30,37,B+0.5,7804,8,True,False,False,,-1,52.1146,2000
2026-06-27 08:24:20,121,W+7.5,25276,25,True,False,False,,-1,52.1382,2000
2026-06-27 08:25:10,114,B+1.5,23820,15,True,False,False,,-1,52.0767,2000
2026-06-27 08:26:14,154,B+7.5,32140,26,True,False,False,,-1,52.155,2000
2026-06-27 08:27:06,122,B+5.5,25484,27,True,False,False,,-1,52.1353,2000
2026-06-27 08:28:01,126,W+3.5,26316,16,True,False,False,,-1,52.0066,2000
2026-06-27 08:28:22,37,B+0.5,7804,9,True,False,False,,-1,51.6223,2000
2026-06-27 08:29:07,100,B+5.5,20908,17,True,False,False,,-1,51.5565,2000
2026-06-27 08:30:06,131,W+3.5,27356,14,True,False,False,,-1,51.5915,2000
2026-06-27 08:30:56,109,B+0.5,22780,12,True,False,False,,-1,51.5556,2000
2026-06-27 08:31:52,124,B+0.5,25900,14,True,False,False,,-1,51.5792,2000
2026-06-27 08:32:57,162,W+6.5,33804,31,True,False,False,,-1,51.7383,2000
2026-06-27 08:33:38,92,B+1.5,19244,16,True,False,False,,-1,51.5652,2000
2026-06-27 08:34:26,119,W+0.5,24860,21,True,False,False,,-1,51.5103,2000
2026-06-27 08:35:15,114,B+4.5,23820,13,True,False,False,,-1,51.3856,2000
2026-06-27 08:36:05,111,B+1.5,23196,14,True,False,False,,-1,51.2799,2000
2026-06-27 08:37:13,162,W+3.5,33804,34,True,False,False,,-1,51.4095,2000
2026-06-27 08:38:05,116,B+3.5,24236,13,True,False,False,,-1,51.4255,2000
2026-06-27 08:39:09,162,W+4.5,33804,28,True,False,False,,-1,51.4112,2000
2026-06-27 08:40:01,114,W+0.5,23820,16,True,False,False,,-1,51.2354,2000
2026-06-27 08:41:03,127,W+4.5,26524,25,True,False,False,,-1,51.3158,2000
2026-06-27 08:41:56,119,W+2.5,24860,18,True,False,False,,-1,51.3928,2000
2026-06-27 08:42:43,103,B+3.5,21532,13,True,False,False,,-1,51.304,2000
2026-06-27 08:43:38,134,B+1.5,27980,25,True,False,False,,-1,51.2827,2000
2026-06-27 08:44:24,113,W+0.5,23612,16,True,False,False,,-1,51.0952,2000
2026-06-27 08:45:21,144,B+6.5,30060,23,True,False,False,,-1,51.0873,2000
2026-06-27 08:45:47,47,B+0.5,9884,9,True,False,False,,-1,50.7836,2000
2026-06-27 08:46:44,137,B+0.5,28604,25,True,False,False,,-1,50.811,2000
2026-06-27 08:47:37,113,W+1.5,23612,12,True,False,False,,-1,50.8634,2000
2026-06-27 08:48:25,106,B+0.5,22156,13,True,False,False,,-1,50.6935,2000
2026-06-27 08:49:17,126,B+0.5,26316,18,True,False,False,,-1,50.6398,2000
2026-06-27 08:50:14,130,B+9.5,27148,15,True,False,False,,-1,50.6244,2000
2026-06-27 08:51:10,134,B+1.5,27980,20,True,False,False,,-1,50.6597,2000
2026-06-27 08:52:12,147,W+0.5,30684,19,True,False,False,,-1,50.7511,2000
2026-06-27 08:52:54,101,B+0.5,21116,15,True,False,False,,-1,50.5977,2000
2026-06-27 08:53:42,112,B+1.5,23404,21,True,False,False,,-1,50.8492,2000
2026-06-27 08:54:41,138,B+3.5,28812,29,True,False,False,,-1,50.9603,2000
2026-06-27 08:55:40,162,W+8.5,33804,26,True,False,False,,-1,51.2978,2000
2026-06-27 08:55:58,31,B+0.5,6556,7,True,False,False,,-1,50.9498,2000
2026-06-27 08:56:55,126,B+2.5,26316,16,True,False,False,,-1,51.0771,2000
2026-06-27 08:57:52,128,B+2.5,26732,24,True,False,False,,-1,51.0952,2000
2026-06-27 08:58:50,131,W+4.5,27356,17,True,False,False,,-1,51.1621,2000
2026-06-27 08:59:38,101,B+2.5,21116,11,True,False,False,,-1,51.0028,2000
2026-06-27 09:00:39,132,B+2.5,27564,21,True,False,False,,-1,51.0613,2000
2026-06-27 09:00:57,31,B+0.5,6556,6,True,False,False,,-1,50.7397,2000
2026-06-27 09:01:47,106,B+2.5,22156,19,True,False,False,,-1,50.7894,2000
2026-06-27 09:02:47,143,W+2.5,29852,23,True,False,False,,-1,50.8978,2000
2026-06-27 09:03:36,116,W+2.5,24236,15,True,False,False,,-1,50.7666,2000
2026-06-27 09:04:24,103,W+6.5,21532,11,True,False,False,,-1,50.7222,2000
2026-06-27 09:04:43,31,B+0.5,6556,6,True,False,False,,-1,50.2992,2000
2026-06-27 09:05:42,129,W+1.5,26940,24,True,False,False,,-1,50.3736,2000
2026-06-27 09:06:28,106,B+5.5,22156,21,True,False,False,,-1,50.4908,2000
2026-06-27 09:07:22,120,B+1.5,25068,18,True,False,False,,-1,50.4767,2000
2026-06-27 09:08:13,115,W+2.5,24028,13,True,False,False,,-1,50.392,2000
2026-06-27 09:09:05,115,W+0.5,24028,17,True,False,False,,-1,50.2437,2000
2026-06-27 09:10:04,133,W+1.5,27772,29,True,False,False,,-1,50.2516,2000
2026-06-27 09:10:54,109,W+2.5,22780,18,True,False,False,,-1,50.2203,2000
2026-06-27 09:11:44,112,B+1.5,23404,16,True,False,False,,-1,50.5535,2000
2026-06-27 09:12:07,39,B+0.5,8220,9,True,False,False,,-1,50.2474,2000
2026-06-27 09:13:16,162,W+2.5,33804,24,True,False,False,,-1,50.4496,2000
2026-06-27 09:14:04,112,B+1.5,23404,12,True,False,False,,-1,50.4143,2000
2026-06-27 09:15:01,139,W+4.5,29020,32,True,False,False,,-1,50.3569,2000
2026-06-27 09:15:57,136,B+10.5,28396,17,True,False,False,,-1,50.3889,2000
2026-06-27 09:16:43,95,B+0.5,19868,13,True,False,False,,-1,50.296,2000
2026-06-27 09:17:27,96,B+3.5,20076,10,True,False,False,,-1,50.1699,2000
2026-06-27 09:17:47,35,B+0.5,7388,9,True,False,False,,-1,49.9067,2000
2026-06-27 09:18:40,110,B+1.5,22988,15,True,False,False,,-1,49.9429,2000
2026-06-27 09:19:37,137,W+0.5,28604,26,True,False,False,,-1,49.9771,2000
2026-06-27 09:20:28,113,W+1.5,23612,19,True,False,False,,-1,50.0358,2000
2026-06-27 09:21:15,105,W+2.5,21948,15,True,False,False,,-1,49.85,2000
2026-06-27 09:22:06,112,B+0.5,23404,10,True,False,False,,-1,49.852,2000
2026-06-27 09:22:53,107,B+1.5,22364,16,True,False,False,,-1,49.865,2000
2026-06-27 09:23:43,125,B+0.5,26108,20,True,False,False,,-1,49.8685,2000
2026-06-27 09:24:31,102,B+1.5,21324,11,True,False,False,,-1,49.7988,2000
2026-06-27 09:25:28,124,B+0.5,25900,20,True,False,False,,-1,49.8423,2000
2026-06-27 09:26:20,132,W+1.5,27564,16,True,False,False,,-1,49.8621,2000
2026-06-27 09:27:06,100,B+2.5,20908,15,True,False,False,,-1,49.8374,2000
2026-06-27 09:27:53,106,B+2.5,22156,20,True,False,False,,-1,49.8267,2000
2026-06-27 09:28:45,116,B+1.5,24236,22,True,False,False,,-1,49.8099,2000
2026-06-27 09:29:32,100,B+1.5,20908,14,True,False,False,,-1,49.8109,2000
2026-06-27 09:30:23,124,B+5.5,25900,15,True,False,False,,-1,49.6682,2000
2026-06-27 09:31:28,161,W+0.5,33596,38,True,False,False,,-1,49.7557,2000
2026-06-27 09:32:13,97,B+3.5,20284,15,True,False,False,,-1,49.7201,2000
2026-06-27 09:33:07,121,B+0.5,25276,14,True,False,False,,-1,49.7306,2000
2026-06-27 09:34:04,131,B+1.5,27356,23,True,False,False,,-1,50.0791,2000
2026-06-27 09:34:53,103,B+0.5,21532,13,True,False,False,,-1,50.0774,2000
2026-06-27 09:35:45,122,B+3.5,25484,23,True,False,False,,-1,50.0414,2000
2026-06-27 09:36:38,113,W+0.5,23612,9,True,False,False,,-1,49.9824,2000
2026-06-27 09:37:25,102,B+1.5,21324,15,True,False,False,,-1,50.142,2000
2026-06-27 09:38:17,117,W+0.5,24444,18,True,False,False,,-1,50.0637,2000
2026-06-27 09:39:19,159,W+1.5,33180,33,True,False,False,,-1,50.1069,2000
2026-06-27 09:40:23,151,B+1.5,31516,26,True,False,False,,-1,50.1576,2000
2026-06-27 09:40:54,50,W+6.5,10508,6,True,False,False,,-1,49.7613,2000
2026-06-27 09:42:00,162,B+4.5,33804,33,True,False,False,,-1,49.9425,2000
2026-06-27 09:42:52,117,W+0.5,24444,16,True,False,False,,-1,50.0034,2000
2026-06-27 09:43:39,104,B+2.5,21740,15,True,False,False,,-1,50.2413,2000
2026-06-27 09:44:35,125,W+0.5,26108,22,True,False,False,,-1,50.2913,2000
2026-06-27 09:45:25,113,B+0.5,23612,16,True,False,False,,-1,50.1499,2000
2026-06-27 09:45:50,41,B+0.5,8636,9,True,False,False,,-1,49.9431,2000
2026-06-27 09:46:52,162,W+0.5,33804,39,True,False,False,,-1,50.2373,2000
2026-06-27 09:47:48,123,W+0.5,25692,13,True,False,False,,-1,50.5848,2000
2026-06-27 09:48:40,109,W+4.5,22780,14,True,False,False,,-1,50.6013,2000
2026-06-27 09:49:45,162,W+2.5,33804,29,True,False,False,,-1,50.7419,2000
2026-06-27 09:50:50,162,W+0.5,33804,29,True,False,False,,-1,50.761,2000
2026-06-27 09:51:41,111,W+0.5,23196,14,True,False,False,,-1,50.7453,2000
2026-06-27 09:52:25,99,W+0.5,20700,13,True,False,False,,-1,50.6372,2000
2026-06-27 09:53:16,113,B+0.5,23612,17,True,False,False,,-1,50.9363,2000
2026-06-27 09:54:17,138,B+0.5,28812,20,True,False,False,,-1,51.0953,2000
2026-06-27 09:55:13,130,B+1.5,27148,22,True,False,False,,-1,51.0698,2000
2026-06-27 09:56:05,114,B+1.5,23820,15,True,False,False,,-1,51.0859,2000
2026-06-27 09:56:54,107,B+7.5,22364,15,True,False,False,,-1,51.0114,2000
2026-06-27 10:00:22,112,B+9.5,23404,21,True,False,False,,-1,50.9142,3000
2026-06-27 10:01:11,117,B+3.5,24444,27,True,False,False,,-1,50.9182,3000
2026-06-27 10:02:05,130,W+2.5,27148,29,True,False,False,,-1,50.9692,3000
2026-06-27 10:02:26,35,B+0.5,7388,8,True,False,False,,-1,50.6797,3000
2026-06-27 10:02:43,29,B+0.5,6140,7,True,False,False,,-1,50.163,3000
2026-06-27 10:03:38,125,B+4.5,26108,14,True,False,False,,-1,50.1954,3000
2026-06-27 10:04:25,101,B+2.5,21116,14,True,False,False,,-1,50.0226,3000
2026-06-27 10:05:21,116,W+0.5,24236,12,True,False,False,,-1,50.0637,3000
2026-06-27 10:05:58,71,B+2.5,14876,19,True,False,False,,-1,49.8212,3000
2026-06-27 10:06:45,104,B+1.5,21740,13,True,False,False,,-1,49.7561,3000
2026-06-27 10:07:13,57,B+0.5,11964,12,True,False,False,,-1,49.5709,3000
2026-06-27 10:07:45,74,B+6.5,15500,15,True,False,False,,-1,49.3463,3000
2026-06-27 10:08:40,114,B+4.5,23820,11,True,False,False,,-1,49.4314,3000
2026-06-27 10:08:59,35,B+0.5,7388,7,True,False,False,,-1,49.0492,3000
2026-06-27 10:09:41,91,B+1.5,19036,19,True,False,False,,-1,49.2096,3000
2026-06-27 10:10:24,103,B+3.5,21532,18,True,False,False,,-1,49.0651,3000
2026-06-27 10:10:44,37,B+1.5,7804,10,True,False,False,,-1,48.732,3000
2026-06-27 10:11:08,45,B+2.5,9468,9,True,False,False,,-1,48.4977,3000
2026-06-27 10:11:55,104,W+0.5,21740,10,True,False,False,,-1,48.4512,3000
2026-06-27 10:12:44,110,B+1.5,22988,13,True,False,False,,-1,48.3714,3000
2026-06-27 10:13:37,133,B+2.5,27772,22,True,False,False,,-1,48.3388,3000
2026-06-27 10:14:07,51,B+1.5,10716,6,True,False,False,,-1,48.0141,3000
2026-06-27 10:14:49,83,B+2.5,17372,11,True,False,False,,-1,48.0142,3000
2026-06-27 10:15:25,75,B+1.5,15708,14,True,False,False,,-1,47.8915,3000
2026-06-27 10:16:11,103,B+1.5,21532,22,True,False,False,,-1,47.7722,3000
2026-06-27 10:17:04,118,B+2.5,24652,22,True,False,False,,-1,47.7031,3000
2026-06-27 10:17:53,113,B+1.5,23612,26,True,False,False,,-1,48.0265,3000
2026-06-27 10:18:14,37,B+0.5,7804,8,True,False,False,,-1,47.6517,3000
2026-06-27 10:19:18,159,W+3.5,33180,38,True,False,False,,-1,47.7372,3000
2026-06-27 10:19:39,35,B+0.5,7388,8,True,False,False,,-1,47.3532,3000
2026-06-27 10:20:22,89,B+3.5,18620,14,True,False,False,,-1,47.3023,3000
2026-06-27 10:20:49,47,B+1.5,9884,10,True,False,False,,-1,46.9705,3000
2026-06-27 10:21:51,148,B+1.5,30892,19,True,False,False,,-1,47.4054,3000
2026-06-27 10:22:45,133,B+0.5,27772,26,True,False,False,,-1,47.4521,3000
2026-06-27 10:23:32,113,B+5.5,23612,11,True,False,False,,-1,47.3169,3000
2026-06-27 10:24:17,83,B+1.5,17372,9,True,False,False,,-1,47.2755,3000
2026-06-27 10:25:02,105,W+3.5,21948,18,True,False,False,,-1,47.2503,3000
2026-06-27 10:25:46,105,B+4.5,21948,19,True,False,False,,-1,47.4946,3000
2026-06-27 10:26:40,121,B+1.5,25276,20,True,False,False,,-1,47.4525,3000
2026-06-27 10:27:39,131,W+0.5,27356,12,True,False,False,,-1,47.5774,3000
2026-06-27 10:28:02,39,B+0.5,8220,7,True,False,False,,-1,47.2648,3000
2026-06-27 10:28:59,140,W+2.5,29228,23,True,False,False,,-1,47.3279,3000
2026-06-27 10:29:58,137,B+0.5,28604,29,True,False,False,,-1,47.3939,3000
2026-06-27 10:30:50,126,B+1.5,26316,28,True,False,False,,-1,47.3268,3000
2026-06-27 10:31:18,51,B+0.5,10716,9,True,False,False,,-1,47.112,3000
2026-06-27 10:32:08,124,W+2.5,25900,27,True,False,False,,-1,47.1094,3000
2026-06-27 10:32:57,111,B+0.5,23196,16,True,False,False,,-1,47.3692,3000
2026-06-27 10:33:36,89,B+2.5,18620,16,True,False,False,,-1,47.0677,3000
2026-06-27 10:33:54,35,B+1.5,7388,9,True,False,False,,-1,46.7727,3000
2026-06-27 10:34:15,37,B+0.5,7804,8,True,False,False,,-1,46.4024,3000
2026-06-27 10:34:34,33,B+1.5,6972,9,True,False,False,,-1,46.0324,3000
2026-06-27 10:35:26,125,W+4.5,26108,23,True,False,False,,-1,46.0976,3000
2026-06-27 10:35:46,33,B+0.5,6972,9,True,False,False,,-1,45.8588,3000
2026-06-27 10:36:47,162,B+6.5,33804,37,True,False,False,,-1,46.2655,3000
2026-06-27 10:37:31,107,B+2.5,22364,15,True,False,False,,-1,46.1776,3000
2026-06-27 10:38:16,95,B+4.5,19868,11,True,False,False,,-1,46.0625,3000
2026-06-27 10:38:36,37,B+0.5,7804,9,True,False,False,,-1,45.7472,3000
2026-06-27 10:38:57,41,B+1.5,8636,10,True,False,False,,-1,45.4928,3000
2026-06-27 10:39:41,107,B+0.5,22364,20,True,False,False,,-1,45.4221,3000
2026-06-27 10:40:04,43,B+1.5,9052,11,True,False,False,,-1,45.1812,3000
2026-06-27 10:40:51,98,B+1.5,20492,13,True,False,False,,-1,45.1554,3000
2026-06-27 10:41:38,94,B+1.5,19660,11,True,False,False,,-1,45.1378,3000
2026-06-27 10:42:00,41,B+2.5,8636,10,True,False,False,,-1,44.7842,3000
2026-06-27 10:43:01,162,W+2.5,33804,35,True,False,False,,-1,44.8843,3000
2026-06-27 10:43:54,115,W+1.5,24028,17,True,False,False,,-1,44.9508,3000
2026-06-27 10:44:42,113,B+5.5,23612,25,True,False,False,,-1,44.9622,3000
2026-06-27 10:45:40,140,B+9.5,29228,27,True,False,False,,-1,45.0155,3000
2026-06-27 10:46:29,110,W+3.5,22988,19,True,False,False,,-1,45.0361,3000
2026-06-27 10:46:50,37,B+5.5,7804,7,True,False,False,,-1,44.733,3000
2026-06-27 10:47:45,117,B+5.5,24444,17,True,False,False,,-1,44.6325,3000
2026-06-27 10:48:04,35,B+0.5,7388,8,True,False,False,,-1,44.3842,3000
2026-06-27 10:48:48,107,B+2.5,22364,19,True,False,False,,-1,44.2784,3000
2026-06-27 10:49:36,109,W+0.5,22780,17,True,False,False,,-1,44.1867,3000
2026-06-27 10:50:20,87,B+3.5,18204,9,True,False,False,,-1,44.1421,3000
2026-06-27 10:51:17,162,W+1.5,33804,36,True,False,False,,-1,44.1946,3000
2026-06-27 10:52:04,94,B+2.5,19660,10,True,False,False,,-1,44.1286,3000
2026-06-27 10:52:29,43,B+0.5,9052,9,True,False,False,,-1,43.9023,3000
2026-06-27 10:53:20,115,W+3.5,24028,18,True,False,False,,-1,43.9006,3000
2026-06-27 10:54:08,96,B+1.5,20076,11,True,False,False,,-1,43.7575,3000
2026-06-27 10:55:01,128,B+1.5,26732,24,True,False,False,,-1,43.6489,3000
2026-06-27 10:55:48,103,B+3.5,21532,16,True,False,False,,-1,43.8154,3000
2026-06-27 10:56:40,127,B+2.5,26524,26,True,False,False,,-1,43.6689,3000
2026-06-27 10:57:00,35,B+0.5,7388,8,True,False,False,,-1,43.3532,3000
2026-06-27 10:57:46,107,B+2.5,22364,18,True,False,False,,-1,43.3301,3000
2026-06-27 10:58:27,88,B+2.5,18412,8,True,False,False,,-1,43.1845,3000
2026-06-27 10:59:20,136,B+7.5,28396,32,True,False,False,,-1,43.222,3000
2026-06-27 10:59:39,35,B+1.5,7388,10,True,False,False,,-1,43.1558,3000
2026-06-27 11:00:25,100,B+7.5,20908,16,True,False,False,,-1,43.0018,3000
2026-06-27 11:01:15,110,W+2.5,22988,13,True,False,False,,-1,42.9313,3000
2026-06-27 11:02:09,126,W+0.5,26316,26,True,False,False,,-1,42.9552,3000
2026-06-27 11:02:53,112,W+1.5,23404,17,True,False,False,,-1,42.7524,3000
2026-06-27 11:03:43,115,B+2.5,24028,23,True,False,False,,-1,42.5931,3000
2026-06-27 11:04:31,107,W+2.5,22364,21,True,False,False,,-1,42.5719,3000
2026-06-27 11:05:21,114,W+0.5,23820,15,True,False,False,,-1,42.6321,3000
2026-06-27 11:05:42,35,B+0.5,7388,9,True,False,False,,-1,42.3252,3000
2026-06-27 11:06:23,77,B+1.5,16124,10,True,False,False,,-1,42.1295,3000
2026-06-27 11:06:41,31,B+1.5,6556,7,True,False,False,,-1,41.7447,3000
2026-06-27 11:07:34,123,B+0.5,25692,22,True,False,False,,-1,41.762,3000
2026-06-27 11:08:22,111,B+2.5,23196,17,True,False,False,,-1,41.754,3000
2026-06-27 11:08:37,27,B+0.5,5724,6,True,False,False,,-1,41.4895,3000
2026-06-27 11:09:11,63,B+0.5,13212,6,True,False,False,,-1,41.2848,3000
2026-06-27 11:10:02,111,W+3.5,23196,18,True,False,False,,-1,41.3096,3000
2026-06-27 11:10:23,39,B+2.5,8220,11,True,False,False,,-1,40.9783,3000
2026-06-27 11:10:47,41,B+0.5,8636,9,True,False,False,,-1,41.0016,3000
2026-06-27 11:11:36,111,B+2.5,23196,19,True,False,False,,-1,41.3264,3000
2026-06-27 11:12:24,107,B+0.5,22364,13,True,False,False,,-1,41.2548,3000
2026-06-27 11:13:11,113,W+0.5,23612,23,True,False,False,,-1,41.2552,3000
2026-06-27 11:13:29,33,B+1.5,6972,8,True,False,False,,-1,40.8774,3000
2026-06-27 11:14:19,115,W+2.5,24028,18,True,False,False,,-1,41.0008,3000
2026-06-27 11:15:10,114,W+2.5,23820,22,True,False,False,,-1,41.0522,3000
2026-06-27 11:15:58,101,B+8.5,21116,15,True,False,False,,-1,41.2482,3000
2026-06-27 11:16:43,95,W+2.5,19868,13,True,False,False,,-1,41.3738,3000
2026-06-27 11:17:41,127,B+1.5,26524,16,True,False,False,,-1,41.4108,3000
2026-06-27 11:18:04,41,B+0.5,8636,9,True,False,False,,-1,41.4425,3000
2026-06-27 11:18:47,86,B+3.5,17996,14,True,False,False,,-1,41.4504,3000
2026-06-27 11:19:06,37,B+2.5,7804,11,True,False,False,,-1,41.2127,3000
2026-06-27 11:19:54,114,B+6.5,23820,21,True,False,False,,-1,41.5012,3000
2026-06-27 11:20:47,119,W+1.5,24860,19,True,False,False,,-1,41.7879,3000
2026-06-27 11:21:41,127,B+0.5,26524,21,True,False,False,,-1,41.8548,3000
2026-06-27 11:22:23,97,B+2.5,20284,13,True,False,False,,-1,41.7806,3000
2026-06-27 11:22:41,33,B+0.5,6972,7,True,False,False,,-1,41.435,3000
2026-06-27 11:23:22,100,B+1.5,20908,22,True,False,False,,-1,41.552,3000
2026-06-27 11:24:07,100,B+1.5,20908,14,True,False,False,,-1,41.5798,3000
2026-06-27 11:24:44,79,B+1.5,16540,11,True,False,False,,-1,41.5944,3000
2026-06-27 11:25:04,35,B+0.5,7388,9,True,False,False,,-1,41.3306,3000
2026-06-27 11:25:27,37,B+0.5,7804,6,True,False,False,,-1,41.0255,3000
2026-06-27 11:25:54,45,B+0.5,9468,6,True,False,False,,-1,40.7986,3000
2026-06-27 11:26:16,41,B+0.5,8636,9,True,False,False,,-1,40.8201,3000
2026-06-27 11:26:38,37,B+0.5,7804,9,True,False,False,,-1,40.3889,3000
2026-06-27 11:27:24,113,B+1.5,23612,23,True,False,False,,-1,40.6547,3000
2026-06-27 11:28:15,101,B+1.5,21116,12,True,False,False,,-1,40.7341,3000
2026-06-27 11:28:35,39,B+1.5,8220,10,True,False,False,,-1,40.6597,3000
2026-06-27 11:29:27,105,B+4.5,21948,15,True,False,False,,-1,40.5553,3000
2026-06-27 11:30:27,145,B+3.5,30268,30,True,False,False,,-1,40.62,3000
2026-06-27 11:31:18,118,B+1.5,24652,24,True,False,False,,-1,40.6497,3000
2026-06-27 11:32:10,129,B+2.5,26940,24,True,False,False,,-1,40.7306,3000
2026-06-27 11:32:36,45,B+1.5,9468,9,True,False,False,,-1,40.5322,3000
2026-06-27 11:33:19,98,B+3.5,20492,21,True,False,False,,-1,40.5297,3000
2026-06-27 11:34:06,100,B+4.5,20908,17,True,False,False,,-1,40.4491,3000
2026-06-27 11:34:48,85,B+4.5,17788,13,True,False,False,,-1,40.281,3000
2026-06-27 11:35:09,41,B+2.5,8636,9,True,False,False,,-1,40.2667,3000
2026-06-27 11:35:53,93,B+3.5,19452,26,True,False,False,,-1,40.1388,3000
2026-06-27 11:36:14,35,B+0.5,7388,7,True,False,False,,-1,39.761,3000
2026-06-27 11:37:01,93,B+0.5,19452,13,True,False,False,,-1,39.7096,3000
2026-06-27 11:37:48,108,B+1.5,22572,17,True,False,False,,-1,39.9012,3000
2026-06-27 11:38:44,138,B+17.5,28812,22,True,False,False,,-1,39.9617,3000
2026-06-27 11:39:15,57,B+2.5,11964,9,True,False,False,,-1,39.7846,3000
2026-06-27 11:39:59,85,B+1.5,17788,12,True,False,False,,-1,39.8285,3000
2026-06-27 11:40:46,108,B+6.5,22572,19,True,False,False,,-1,40.1164,3000
2026-06-27 11:41:10,43,B+0.5,9052,11,True,False,False,,-1,40.1508,3000
2026-06-27 11:41:34,45,B+0.5,9468,9,True,False,False,,-1,40.2011,3000
2026-06-27 11:42:20,98,B+1.5,20492,16,True,False,False,,-1,40.1371,3000
2026-06-27 11:43:14,115,B+2.5,24028,17,True,False,False,,-1,40.4774,3000
2026-06-27 11:44:03,115,W+1.5,24028,21,True,False,False,,-1,40.3518,3000
2026-06-27 11:44:21,33,B+2.5,6972,8,True,False,False,,-1,40.1,3000
2026-06-27 11:45:27,156,W+2.5,32556,34,True,False,False,,-1,40.3,3000
2026-06-27 11:45:52,43,B+0.5,9052,6,True,False,False,,-1,40.3617,3000
2026-06-27 11:46:55,149,B+1.5,31100,25,True,False,False,,-1,40.7784,3000
2026-06-27 11:47:40,95,B+3.5,19868,19,True,False,False,,-1,40.7883,3000
2026-06-27 11:48:31,118,B+5.5,24652,21,True,False,False,,-1,41.0661,3000
2026-06-27 11:49:20,118,W+0.5,24652,18,True,False,False,,-1,41.0817,3000
2026-06-27 11:50:03,99,B+2.5,20700,20,True,False,False,,-1,41.0486,3000
2026-06-27 11:50:53,121,B+3.5,25276,17,True,False,False,,-1,41.3277,3000
2026-06-27 11:51:45,111,B+6.5,23196,13,True,False,False,,-1,41.2344,3000
2026-06-27 11:52:42,130,B+0.5,27148,22,True,False,False,,-1,41.2701,3000
2026-06-27 11:53:42,162,B+3.5,33804,31,True,False,False,,-1,41.4002,3000
2026-06-27 11:54:28,105,B+3.5,21948,16,True,False,False,,-1,41.2802,3000
2026-06-27 11:55:14,102,W+2.5,21324,15,True,False,False,,-1,41.2408,3000
2026-06-27 11:55:34,35,B+0.5,7388,8,True,False,False,,-1,41.2417,3000
2026-06-27 11:56:17,101,B+1.5,21116,21,True,False,False,,-1,41.1179,3000
2026-06-27 11:57:03,116,B+2.5,24236,24,True,False,False,,-1,41.3869,3000
2026-06-27 11:57:52,98,B+2.5,20492,12,True,False,False,,-1,41.4365,3000
2026-06-27 11:58:51,126,B+1.5,26316,13,True,False,False,,-1,41.5421,3000
2026-06-27 11:59:33,87,B+2.5,18204,16,True,False,False,,-1,41.5246,3000
2026-06-27 11:59:52,35,B+0.5,7388,8,True,False,False,,-1,41.1435,3000
2026-06-27 12:00:16,43,B+0.5,9052,9,True,False,False,,-1,40.9202,3000
2026-06-27 12:03:20,41,B+0.5,8652,9,True,False,False,,-1,40.9102,4000
2026-06-27 12:03:35,31,B+1.5,6572,8,True,False,False,,-1,40.575,4000
2026-06-27 12:04:30,126,B+1.5,26332,13,True,False,False,,-1,40.5894,4000
2026-06-27 12:04:49,43,B+3.5,9068,12,True,False,False,,-1,40.3193,4000
2026-06-27 12:05:07,35,B+3.5,7404,10,True,False,False,,-1,39.969,4000
2026-06-27 12:05:55,110,B+1.5,23004,19,True,False,False,,-1,40.2563,4000
2026-06-27 12:07:00,150,B+2.5,31324,15,True,False,False,,-1,40.4522,4000
2026-06-27 12:07:58,162,B+4.5,33820,34,True,False,False,,-1,40.6247,4000
2026-06-27 12:08:16,37,B+0.5,7820,9,True,False,False,,-1,40.2594,4000
2026-06-27 12:09:08,135,W+0.5,28204,31,True,False,False,,-1,40.5946,4000
2026-06-27 12:10:12,160,B+1.5,33404,26,True,False,False,,-1,40.7731,4000
2026-06-27 12:10:27,29,B+2.5,6156,7,True,False,False,,-1,40.4337,4000
2026-06-27 12:10:44,33,B+0.5,6988,9,True,False,False,,-1,40.0611,4000
2026-06-27 12:11:32,117,W+2.5,24460,23,True,False,False,,-1,40.098,4000
2026-06-27 12:11:48,33,B+0.5,6988,9,True,False,False,,-1,39.758,4000
2026-06-27 12:12:37,106,B+15.5,22172,11,True,False,False,,-1,39.7635,4000
2026-06-27 12:12:54,35,B+4.5,7404,10,True,False,False,,-1,39.4318,4000
2026-06-27 12:13:52,131,W+0.5,27372,25,True,False,False,,-1,39.8041,4000
2026-06-27 12:14:54,158,B+1.5,32988,30,True,False,False,,-1,40.0157,4000
2026-06-27 12:15:11,39,B+3.5,8236,12,True,False,False,,-1,40.0125,4000
2026-06-27 12:15:29,37,B+0.5,7820,9,True,False,False,,-1,39.6552,4000
2026-06-27 12:16:21,147,W+2.5,30700,40,True,False,False,,-1,39.6977,4000
2026-06-27 12:16:40,41,B+0.5,8652,11,True,False,False,,-1,39.7302,4000
2026-06-27 12:17:41,156,B+0.5,32572,36,True,False,False,,-1,40.0053,4000
2026-06-27 12:17:58,35,B+4.5,7404,9,True,False,False,,-1,39.6707,4000
2026-06-27 12:18:13,35,B+1.5,7404,10,True,False,False,,-1,39.607,4000
2026-06-27 12:19:07,121,B+0.5,25292,20,True,False,False,,-1,39.9042,4000
2026-06-27 12:19:22,31,B+1.5,6572,8,True,False,False,,-1,39.572,4000
2026-06-27 12:19:54,68,W+0.5,14268,10,True,False,False,,-1,39.4104,4000
2026-06-27 12:20:47,131,W+0.5,27372,23,True,False,False,,-1,39.4712,4000
2026-06-27 12:21:41,147,W+2.5,30700,30,True,False,False,,-1,39.8216,4000
2026-06-27 12:22:42,152,B+1.5,31740,33,True,False,False,,-1,39.9399,4000
2026-06-27 12:23:45,158,B+2.5,32988,39,True,False,False,,-1,40.0515,4000
2026-06-27 12:24:06,37,B+0.5,7820,7,True,False,False,,-1,39.7843,4000
2026-06-27 12:25:07,162,B+10.5,33820,38,True,False,False,,-1,39.9426,4000
2026-06-27 12:26:00,162,B+1.5,33820,24,True,False,False,,-1,39.8896,4000
2026-06-27 12:26:15,33,B+0.5,6988,9,True,False,False,,-1,39.8213,4000
2026-06-27 12:26:32,37,B+2.5,7820,11,True,False,False,,-1,39.5615,4000
2026-06-27 12:26:48,33,B+1.5,6988,9,True,False,False,,-1,39.5296,4000
2026-06-27 12:27:53,162,B+5.5,33820,25,True,False,False,,-1,39.6968,4000
2026-06-27 12:28:10,35,B+4.5,7404,10,True,False,False,,-1,39.329,4000
2026-06-27 12:28:25,31,B+0.5,6572,8,True,False,False,,-1,38.9416,4000
2026-06-27 12:29:14,117,W+2.5,24460,20,True,False,False,,-1,39.0172,4000
2026-06-27 12:29:30,33,B+0.5,6988,9,True,False,False,,-1,38.998,4000
2026-06-27 12:30:28,148,B+0.5,30908,35,True,False,False,,-1,39.1621,4000
2026-06-27 12:31:27,151,W+2.5,31532,26,True,False,False,,-1,39.3076,4000
2026-06-27 12:31:51,47,B+1.5,9900,8,True,False,False,,-1,39.1729,4000
2026-06-27 12:32:09,39,B+5.5,8236,11,True,False,False,,-1,39.1497,4000
2026-06-27 12:32:24,31,B+3.5,6572,8,True,False,False,,-1,39.0787,4000
2026-06-27 12:33:11,109,B+1.5,22796,12,True,False,False,,-1,39.2766,4000
2026-06-27 12:34:18,162,B+2.5,33820,33,True,False,False,,-1,39.7223,4000
2026-06-27 12:35:12,148,B+0.5,30908,23,True,False,False,,-1,40.0529,4000
2026-06-27 12:36:15,162,B+13.5,33820,41,True,False,False,,-1,40.2112,4000
2026-06-27 12:37:08,128,B+0.5,26748,23,True,False,False,,-1,40.2303,4000
2026-06-27 12:37:26,33,B+2.5,6988,9,True,False,False,,-1,40.2077,4000
2026-06-27 12:37:41,33,B+3.5,6988,9,True,False,False,,-1,39.8539,4000
2026-06-27 12:38:03,41,B+0.5,8652,7,True,False,False,,-1,39.4633,4000
2026-06-27 12:38:21,37,B+2.5,7820,8,True,False,False,,-1,39.1439,4000
2026-06-27 12:39:17,136,B+1.5,28412,32,True,False,False,,-1,39.1761,4000
2026-06-27 12:39:33,33,B+0.5,6988,8,True,False,False,,-1,39.0774,4000
2026-06-27 12:40:35,150,B+6.5,31324,34,True,False,False,,-1,39.2638,4000
2026-06-27 12:40:54,41,B+4.5,8652,13,True,False,False,,-1,38.9854,4000
2026-06-27 12:41:49,148,B+0.5,30908,28,True,False,False,,-1,39.1176,4000
2026-06-27 12:42:45,134,B+3.5,27996,32,True,False,False,,-1,39.4718,4000
2026-06-27 12:43:34,109,B+1.5,22796,23,True,False,False,,-1,39.5088,4000
2026-06-27 12:44:15,95,B+0.5,19884,15,True,False,False,,-1,39.715,4000
2026-06-27 12:45:02,101,B+3.5,21132,8,True,False,False,,-1,39.7143,4000
2026-06-27 12:45:45,100,B+2.5,20924,19,True,False,False,,-1,39.6688,4000
2026-06-27 12:46:37,141,W+0.5,29452,30,True,False,False,,-1,39.6307,4000
2026-06-27 12:47:44,162,W+0.5,33820,34,True,False,False,,-1,39.9947,4000
2026-06-27 12:48:18,61,B+0.5,12812,10,True,False,False,,-1,39.8921,4000
2026-06-27 12:49:20,158,B+1.5,32988,35,True,False,False,,-1,40.0384,4000
2026-06-27 12:49:40,39,B+2.5,8236,8,True,False,False,,-1,40.0007,4000
2026-06-27 12:50:36,162,B+1.5,33820,39,True,False,False,,-1,40.3277,4000
2026-06-27 12:50:55,41,B+1.5,8652,8,True,False,False,,-1,40.0567,4000
2026-06-27 12:51:10,33,B+1.5,6988,9,True,False,False,,-1,39.6628,4000
2026-06-27 12:52:12,157,W+3.5,32780,39,True,False,False,,-1,39.8016,4000
2026-06-27 12:52:32,39,B+1.5,8236,8,True,False,False,,-1,39.8194,4000
2026-06-27 12:53:35,162,B+1.5,33820,32,True,False,False,,-1,39.7861,4000
2026-06-27 12:54:24,114,B+5.5,23836,22,True,False,False,,-1,40.0268,4000
2026-06-27 12:54:45,41,B+1.5,8652,10,True,False,False,,-1,39.598,4000
2026-06-27 12:55:02,35,B+0.5,7404,8,True,False,False,,-1,39.3239,4000
2026-06-27 12:55:55,124,B+0.5,25916,22,True,False,False,,-1,39.341,4000
2026-06-27 12:56:13,39,B+1.5,8236,10,True,False,False,,-1,39.0403,4000
2026-06-27 12:56:27,31,B+2.5,6572,8,True,False,False,,-1,38.7449,4000
2026-06-27 12:57:24,129,B+3.5,26956,23,True,False,False,,-1,38.814,4000
2026-06-27 12:58:12,128,B+4.5,26748,32,True,False,False,,-1,38.7761,4000
2026-06-27 12:59:07,156,B+0.5,32572,37,True,False,False,,-1,38.7534,4000
2026-06-27 12:59:54,110,B+2.5,23004,13,True,False,False,,-1,38.6226,4000
2026-06-27 13:01:00,162,W+14.5,33820,37,True,False,False,,-1,38.8226,4000
2026-06-27 13:01:42,94,B+1.5,19676,17,True,False,False,,-1,38.788,4000
2026-06-27 13:02:00,41,B+6.5,8652,13,True,False,False,,-1,38.7602,4000
2026-06-27 13:02:17,35,B+2.5,7404,9,True,False,False,,-1,38.5048,4000
2026-06-27 13:03:19,151,W+0.5,31532,28,True,False,False,,-1,38.6659,4000
2026-06-27 13:04:16,153,W+0.5,31948,36,True,False,False,,-1,38.7447,4000
2026-06-27 13:05:17,144,B+1.5,30076,33,True,False,False,,-1,38.7688,4000
2026-06-27 13:06:14,122,B+5.5,25500,14,True,False,False,,-1,38.9136,4000
2026-06-27 13:07:06,132,B+2.5,27580,29,True,False,False,,-1,39.2477,4000
2026-06-27 13:07:22,31,B+0.5,6572,7,True,False,False,,-1,39.1686,4000
2026-06-27 13:08:11,114,B+1.5,23836,8,True,False,False,,-1,39.1103,4000
2026-06-27 13:09:00,116,B+1.5,24252,24,True,False,False,,-1,39.4004,4000
2026-06-27 13:09:17,37,B+3.5,7820,11,True,False,False,,-1,39.4152,4000
2026-06-27 13:10:05,116,B+0.5,24252,26,True,False,False,,-1,39.3545,4000
2026-06-27 13:10:22,33,B+3.5,6988,9,True,False,False,,-1,39.3176,4000
2026-06-27 13:11:09,111,W+0.5,23212,21,True,False,False,,-1,39.6174,4000
2026-06-27 13:12:11,161,W+2.5,33612,27,True,False,False,,-1,39.7569,4000
2026-06-27 13:13:03,140,B+6.5,29244,29,True,False,False,,-1,39.6209,4000
2026-06-27 13:13:18,33,B+1.5,6988,7,True,False,False,,-1,39.1959,4000
2026-06-27 13:13:37,37,B+2.5,7820,8,True,False,False,,-1,39.2106,4000
2026-06-27 13:14:33,138,B+2.5,28828,29,True,False,False,,-1,39.2499,4000
2026-06-27 13:14:48,35,B+1.5,7404,10,True,False,False,,-1,38.7609,4000
2026-06-27 13:15:05,35,B+3.5,7404,10,True,False,False,,-1,38.7706,4000
2026-06-27 13:15:20,33,B+1.5,6988,8,True,False,False,,-1,38.7542,4000
2026-06-27 13:16:13,131,W+0.5,27372,22,True,False,False,,-1,38.8032,4000
2026-06-27 13:17:11,162,W+4.5,33820,24,True,False,False,,-1,39.2242,4000
2026-06-27 13:18:16,145,B+2.5,30284,24,True,False,False,,-1,39.3886,4000
2026-06-27 13:18:32,39,B+3.5,8236,11,True,False,False,,-1,39.3837,4000
2026-06-27 13:19:18,115,W+0.5,24044,29,True,False,False,,-1,39.256,4000
2026-06-27 13:19:34,35,B+0.5,7404,9,True,False,False,,-1,38.7904,4000
2026-06-27 13:19:51,35,B+1.5,7404,10,True,False,False,,-1,38.7915,4000
2026-06-27 13:20:10,41,B+4.5,8652,11,True,False,False,,-1,38.8101,4000
2026-06-27 13:20:26,31,B+1.5,6572,8,True,False,False,,-1,38.4378,4000
2026-06-27 13:20:44,41,B+4.5,8652,11,True,False,False,,-1,38.4453,4000
2026-06-27 13:21:33,128,B+1.5,26748,28,True,False,False,,-1,38.3181,4000
2026-06-27 13:22:20,113,W+0.5,23628,24,True,False,False,,-1,38.6116,4000
2026-06-27 13:22:36,33,B+1.5,6988,9,True,False,False,,-1,38.6211,4000
2026-06-27 13:23:26,131,W+0.5,27372,26,True,False,False,,-1,38.5924,4000
2026-06-27 13:24:19,129,B+1.5,26956,25,True,False,False,,-1,38.9671,4000
2026-06-27 13:25:17,140,B+0.5,29244,31,True,False,False,,-1,39.2233,4000
2026-06-27 13:26:18,162,W+1.5,33820,39,True,False,False,,-1,39.3112,4000
2026-06-27 13:27:12,134,B+3.5,27996,31,True,False,False,,-1,39.3103,4000
2026-06-27 13:27:59,106,B+1.5,22172,21,True,False,False,,-1,39.1663,4000
2026-06-27 13:28:13,31,B+3.5,6572,8,True,False,False,,-1,38.682,4000
2026-06-27 13:28:51,75,B+0.5,15724,11,True,False,False,,-1,38.8449,4000
2026-06-27 13:29:09,39,B+0.5,8236,10,True,False,False,,-1,38.418,4000
2026-06-27 13:29:54,99,B+1.5,20716,15,True,False,False,,-1,38.3448,4000
2026-06-27 13:30:30,69,B+0.5,14476,10,True,False,False,,-1,38.5468,4000
2026-06-27 13:30:47,35,B+0.5,7404,9,True,False,False,,-1,38.5451,4000
2026-06-27 13:31:10,43,B+0.5,9068,9,True,False,False,,-1,38.6207,4000
2026-06-27 13:31:26,31,B+1.5,6572,6,True,False,False,,-1,38.1255,4000
2026-06-27 13:31:46,43,B+4.5,9068,12,True,False,False,,-1,38.1632,4000
2026-06-27 13:32:51,162,B+6.5,33820,29,True,False,False,,-1,38.6603,4000
2026-06-27 13:33:07,29,B+0.5,6156,7,True,False,False,,-1,38.3287,4000
2026-06-27 13:34:14,162,B+7.5,33820,37,True,False,False,,-1,38.832,4000
2026-06-27 13:34:31,33,B+0.5,6988,8,True,False,False,,-1,38.4279,4000
2026-06-27 13:35:29,140,B+0.5,29244,18,True,False,False,,-1,38.4132,4000
2026-06-27 13:36:30,158,B+0.5,32988,31,True,False,False,,-1,38.7907,4000
2026-06-27 13:36:48,33,B+0.5,6988,7,True,False,False,,-1,38.7858,4000
2026-06-27 13:37:30,98,B+0.5,20508,11,True,False,False,,-1,39.06,4000
2026-06-27 13:38:24,124,B+3.5,25916,27,True,False,False,,-1,39.1264,4000
2026-06-27 13:39:11,112,B+0.5,23420,18,True,False,False,,-1,38.9265,4000
2026-06-27 13:39:25,29,B+1.5,6156,7,True,False,False,,-1,38.5291,4000
2026-06-27 13:40:01,73,B+1.5,15308,16,True,False,False,,-1,38.261,4000
2026-06-27 13:40:17,35,B+1.5,7404,10,True,False,False,,-1,37.8917,4000
2026-06-27 13:40:35,35,B+2.5,7404,10,True,False,False,,-1,37.8886,4000
2026-06-27 13:40:49,31,B+1.5,6572,8,True,False,False,,-1,37.8764,4000
2026-06-27 13:41:46,162,B+4.5,33820,38,True,False,False,,-1,38.2218,4000
2026-06-27 13:42:10,45,B+1.5,9484,10,True,False,False,,-1,38.2812,4000
2026-06-27 13:43:04,139,B+0.5,29036,27,True,False,False,,-1,38.2664,4000
2026-06-27 13:43:20,33,B+5.5,6988,9,True,False,False,,-1,38.2692,4000
2026-06-27 13:44:14,132,B+2.5,27580,22,True,False,False,,-1,38.1931,4000
2026-06-27 13:44:35,45,B+1.5,9484,11,True,False,False,,-1,38.2149,4000
2026-06-27 13:44:51,33,B+1.5,6988,9,True,False,False,,-1,37.8212,4000
2026-06-27 13:45:08,33,B+3.5,6988,7,True,False,False,,-1,37.4218,4000
2026-06-27 13:45:24,33,B+0.5,6988,8,True,False,False,,-1,37.0975,4000
2026-06-27 13:45:41,39,B+7.5,8236,12,True,False,False,,-1,36.86,4000
2026-06-27 13:46:38,122,B+1.5,25500,25,True,False,False,,-1,36.9574,4000
2026-06-27 13:47:25,107,B+0.5,22380,18,True,False,False,,-1,36.9953,4000
2026-06-27 13:47:40,35,B+1.5,7404,9,True,False,False,,-1,36.6358,4000
2026-06-27 13:48:03,45,B+4.5,9484,12,True,False,False,,-1,36.1838,4000
2026-06-27 13:48:22,37,B+0.5,7820,9,True,False,False,,-1,36.0423,4000
2026-06-27 13:48:43,39,B+2.5,8236,11,True,False,False,,-1,35.6285,4000
2026-06-27 13:51:23,29,B+0.5,6147,7,True,False,False,,-1,35.145,5000
2026-06-27 13:51:37,31,B+0.5,6563,8,True,False,False,,-1,35.0982,5000
2026-06-27 13:51:56,41,B+1.5,8643,10,True,False,False,,-1,35.1494,5000
2026-06-27 13:52:10,33,B+4.5,6979,9,True,False,False,,-1,34.6608,5000
2026-06-27 13:52:30,40,B+4.5,8435,10,True,False,False,,-1,34.6578,5000
2026-06-27 13:52:45,31,B+1.5,6563,8,True,False,False,,-1,34.1909,5000
2026-06-27 13:53:01,30,B+0.5,6355,7,True,False,False,,-1,33.8531,5000
2026-06-27 13:53:16,35,B+5.5,7395,10,True,False,False,,-1,33.7999,5000
2026-06-27 13:53:32,31,B+0.5,6563,8,True,False,False,,-1,33.7799,5000
2026-06-27 13:53:47,27,B+1.5,5731,6,True,False,False,,-1,33.4046,5000
2026-06-27 13:54:03,35,B+1.5,7395,10,True,False,False,,-1,33.3795,5000
2026-06-27 13:54:17,29,B+0.5,6147,7,True,False,False,,-1,33.385,5000
2026-06-27 13:54:33,33,B+0.5,6979,9,True,False,False,,-1,32.9786,5000
2026-06-27 13:54:48,37,B+2.5,7811,11,True,False,False,,-1,32.6397,5000
2026-06-27 13:55:03,31,B+2.5,6563,8,True,False,False,,-1,32.2469,5000
2026-06-27 13:55:16,29,B+0.5,6147,7,True,False,False,,-1,31.9097,5000
2026-06-27 13:55:31,33,B+1.5,6979,9,True,False,False,,-1,31.3982,5000
2026-06-27 13:55:45,31,B+4.5,6563,8,True,False,False,,-1,31.1209,5000
2026-06-27 13:56:00,31,B+3.5,6563,8,True,False,False,,-1,31.0914,5000
2026-06-27 13:56:14,35,B+3.5,7395,10,True,False,False,,-1,31.0607,5000
2026-06-27 13:56:29,33,B+0.5,6979,9,True,False,False,,-1,30.5806,5000
2026-06-27 13:56:42,33,B+2.5,6979,9,True,False,False,,-1,30.1474,5000
2026-06-27 13:57:00,39,B+2.5,8227,11,True,False,False,,-1,29.7137,5000
2026-06-27 13:57:16,33,B+2.5,6979,9,True,False,False,,-1,29.3042,5000
2026-06-27 13:57:33,39,B+1.5,8227,8,True,False,False,,-1,28.9543,5000
2026-06-27 13:57:48,35,B+1.5,7395,10,True,False,False,,-1,28.9431,5000
2026-06-27 13:58:03,33,B+2.5,6979,9,True,False,False,,-1,28.6,5000
2026-06-27 13:58:17,35,B+2.5,7395,10,True,False,False,,-1,28.251,5000
2026-06-27 13:58:31,31,B+1.5,6563,8,True,False,False,,-1,28.227,5000
2026-06-27 13:58:47,33,B+1.5,6979,9,True,False,False,,-1,27.8973,5000
2026-06-27 13:59:01,31,B+1.5,6563,8,True,False,False,,-1,27.8784,5000
2026-06-27 13:59:15,33,B+0.5,6979,9,True,False,False,,-1,27.5486,5000
2026-06-27 13:59:30,31,B+1.5,6563,8,True,False,False,,-1,27.0713,5000
2026-06-27 13:59:48,39,B+1.5,8227,5,True,False,False,,-1,26.7336,5000
2026-06-27 14:00:02,33,B+1.5,6979,9,True,False,False,,-1,26.7208,5000
2026-06-27 14:01:07,162,W+0.5,33811,31,True,False,False,,-1,27.1873,5000
2026-06-27 14:01:20,29,B+3.5,6147,7,True,False,False,,-1,26.7518,5000
2026-06-27 14:01:34,33,B+1.5,6979,9,True,False,False,,-1,26.7399,5000
2026-06-27 14:01:50,33,B+0.5,6979,8,True,False,False,,-1,26.7361,5000
2026-06-27 14:02:05,33,B+0.5,6979,9,True,False,False,,-1,26.7347,5000
2026-06-27 14:02:21,37,B+3.5,7811,11,True,False,False,,-1,26.3604,5000
2026-06-27 14:02:36,35,B+0.5,7395,9,True,False,False,,-1,25.9412,5000
2026-06-27 14:02:49,29,B+1.5,6147,7,True,False,False,,-1,25.4102,5000
2026-06-27 14:03:03,31,B+0.5,6563,6,True,False,False,,-1,25.3957,5000
2026-06-27 14:03:19,33,B+0.5,6979,9,True,False,False,,-1,25.0952,5000
2026-06-27 14:03:35,36,B+1.5,7603,9,True,False,False,,-1,25.0985,5000
2026-06-27 14:03:50,33,B+1.5,6979,9,True,False,False,,-1,25.0719,5000
2026-06-27 14:04:03,29,B+4.5,6147,7,True,False,False,,-1,25.0107,5000
2026-06-27 14:04:19,35,B+2.5,7395,10,True,False,False,,-1,25.0151,5000
2026-06-27 14:04:32,29,B+0.5,6147,7,True,False,False,,-1,24.9565,5000
2026-06-27 14:04:46,33,B+0.5,6979,9,True,False,False,,-1,24.6105,5000
2026-06-27 14:05:02,35,B+2.5,7395,10,True,False,False,,-1,24.3021,5000
2026-06-27 14:05:16,35,B+1.5,7395,10,True,False,False,,-1,24.2912,5000
2026-06-27 14:05:31,33,B+1.5,6979,9,True,False,False,,-1,23.9378,5000
2026-06-27 14:05:45,33,B+1.5,6979,9,True,False,False,,-1,23.5448,5000
2026-06-27 14:06:01,39,B+3.5,8227,12,True,False,False,,-1,23.1258,5000
2026-06-27 14:06:16,35,B+1.5,7395,9,True,False,False,,-1,22.6639,5000
2026-06-27 14:06:31,33,B+0.5,6979,9,True,False,False,,-1,22.2719,5000
2026-06-27 14:06:45,31,B+0.5,6563,8,True,False,False,,-1,21.9498,5000
2026-06-27 14:06:59,35,B+3.5,7395,10,True,False,False,,-1,21.9456,5000
2026-06-27 14:07:14,33,B+1.5,6979,8,True,False,False,,-1,21.7193,5000
2026-06-27 14:07:27,31,B+1.5,6563,8,True,False,False,,-1,21.6657,5000
2026-06-27 14:07:42,33,B+2.5,6979,9,True,False,False,,-1,21.358,5000
2026-06-27 14:07:56,35,B+3.5,7395,10,True,False,False,,-1,21.1433,5000
2026-06-27 14:08:12,37,B+2.5,7811,11,True,False,False,,-1,21.1347,5000
2026-06-27 14:08:26,31,B+2.5,6563,8,True,False,False,,-1,21.0453,5000
2026-06-27 14:08:40,29,B+0.5,6147,7,True,False,False,,-1,21.0274,5000
2026-06-27 14:08:53,29,B+0.5,6147,7,True,False,False,,-1,20.9501,5000
2026-06-27 14:09:08,35,B+1.5,7395,10,True,False,False,,-1,20.4532,5000
2026-06-27 14:09:28,39,B+2.5,8227,8,True,False,False,,-1,20.4971,5000
2026-06-27 14:09:43,31,B+1.5,6563,8,True,False,False,,-1,19.9712,5000
2026-06-27 14:10:02,41,B+1.5,8643,10,True,False,False,,-1,19.9985,5000
2026-06-27 14:10:17,29,B+0.5,6147,7,True,False,False,,-1,19.5631,5000
2026-06-27 14:10:32,35,B+1.5,7395,9,True,False,False,,-1,19.1037,5000
2026-06-27 14:10:47,31,B+0.5,6563,8,True,False,False,,-1,19.0788,5000
2026-06-27 14:11:02,33,B+0.5,6979,8,True,False,False,,-1,18.805,5000
2026-06-27 14:11:17,34,B+1.5,7187,8,True,False,False,,-1,18.4145,5000
2026-06-27 14:11:32,33,B+1.5,6979,9,True,False,False,,-1,18.1016,5000
2026-06-27 14:11:45,29,B+0.5,6147,6,True,False,False,,-1,18.0817,5000
2026-06-27 14:11:59,27,B+1.5,5731,6,True,False,False,,-1,17.8577,5000
2026-06-27 14:12:12,31,B+0.5,6563,8,True,False,False,,-1,17.8341,5000
2026-06-27 14:12:27,31,B+1.5,6563,8,True,False,False,,-1,17.8098,5000
2026-06-27 14:13:13,106,B+1.5,22163,21,True,False,False,,-1,18.1244,5000
2026-06-27 14:13:26,29,B+1.5,6147,7,True,False,False,,-1,17.6902,5000
2026-06-27 14:14:31,161,W+0.5,33603,32,True,False,False,,-1,18.1012,5000
2026-06-27 14:14:46,33,B+2.5,6979,9,True,False,False,,-1,17.7111,5000
2026-06-27 14:15:02,35,B+2.5,7395,10,True,False,False,,-1,17.6986,5000
2026-06-27 14:15:16,33,B+1.5,6979,9,True,False,False,,-1,17.3015,5000
2026-06-27 14:15:30,33,B+1.5,6979,9,True,False,False,,-1,17.2297,5000
2026-06-27 14:15:43,33,B+0.5,6979,9,True,False,False,,-1,17.2059,5000
2026-06-27 14:15:58,33,B+1.5,6979,9,True,False,False,,-1,17.1918,5000
2026-06-27 14:16:14,35,B+2.5,7395,10,True,False,False,,-1,17.1837,5000
2026-06-27 14:16:29,35,B+3.5,7395,10,True,False,False,,-1,17.1618,5000
2026-06-27 14:16:46,37,B+2.5,7811,11,True,False,False,,-1,16.7669,5000
2026-06-27 14:16:58,31,B+3.5,6563,8,True,False,False,,-1,16.4237,5000
2026-06-27 14:17:12,33,B+0.5,6979,9,True,False,False,,-1,16.3974,5000
2026-06-27 14:17:25,31,B+1.5,6563,8,True,False,False,,-1,16.311,5000
2026-06-27 14:17:44,41,B+2.5,8643,10,True,False,False,,-1,16.3064,5000
2026-06-27 14:18:02,39,B+3.5,8227,12,True,False,False,,-1,16.2723,5000
2026-06-27 14:18:50,114,B+0.5,23827,9,True,False,False,,-1,16.6166,5000
2026-06-27 14:19:06,35,B+1.5,7395,9,True,False,False,,-1,16.638,5000
2026-06-27 14:19:19,29,B+0.5,6147,7,True,False,False,,-1,16.6243,5000
2026-06-27 14:19:33,33,B+0.5,6979,9,True,False,False,,-1,16.5615,5000
2026-06-27 14:19:46,31,B+1.5,6563,8,True,False,False,,-1,16.5618,5000
2026-06-27 14:20:03,35,B+3.5,7395,10,True,False,False,,-1,16.5297,5000
2026-06-27 14:20:17,33,B+3.5,6979,9,True,False,False,,-1,16.5133,5000
2026-06-27 14:20:30,33,B+0.5,6979,9,True,False,False,,-1,16.4864,5000
2026-06-27 14:20:46,35,B+1.5,7395,10,True,False,False,,-1,16.4969,5000
2026-06-27 14:21:00,35,B+1.5,7395,10,True,False,False,,-1,16.4823,5000
2026-06-27 14:21:15,33,B+1.5,6979,9,True,False,False,,-1,16.4845,5000
2026-06-27 14:21:28,25,B+0.5,5315,5,True,False,False,,-1,16.4519,5000
2026-06-27 14:21:43,29,B+0.5,6147,7,True,False,False,,-1,16.4519,5000
2026-06-27 14:21:58,31,B+4.5,6563,8,True,False,False,,-1,16.4497,5000
2026-06-27 14:22:13,33,B+2.5,6979,9,True,False,False,,-1,16.4512,5000
2026-06-27 14:22:27,33,B+3.5,6979,9,True,False,False,,-1,16.4388,5000
2026-06-27 14:22:40,31,B+0.5,6563,8,True,False,False,,-1,16.439,5000
2026-06-27 14:22:56,35,B+3.5,7395,10,True,False,False,,-1,16.4422,5000
2026-06-27 14:23:13,35,B+3.5,7395,8,True,False,False,,-1,16.4704,5000
2026-06-27 14:23:28,31,B+1.5,6563,8,True,False,False,,-1,16.4718,5000
2026-06-27 14:23:41,31,B+2.5,6563,8,True,False,False,,-1,16.4661,5000
2026-06-27 14:23:59,35,B+0.5,7395,7,True,False,False,,-1,16.5006,5000
2026-06-27 14:24:13,33,B+1.5,6979,8,True,False,False,,-1,16.5085,5000
2026-06-27 14:24:28,33,B+1.5,6979,9,True,False,False,,-1,16.4747,5000
2026-06-27 14:24:41,29,B+0.5,6147,7,True,False,False,,-1,16.4538,5000
2026-06-27 14:25:40,147,W+2.5,30691,26,True,False,False,,-1,16.8645,5000
2026-06-27 14:25:54,31,B+2.5,6563,8,True,False,False,,-1,16.8538,5000
2026-06-27 14:26:07,25,B+0.5,5315,4,True,False,False,,-1,16.8362,5000
2026-06-27 14:26:21,33,B+0.5,6979,9,True,False,False,,-1,16.8366,5000
2026-06-27 14:26:36,33,B+4.5,6979,9,True,False,False,,-1,16.8474,5000
2026-06-27 14:26:51,35,B+3.5,7395,10,True,False,False,,-1,16.8444,5000
2026-06-27 14:27:05,29,B+1.5,6147,7,True,False,False,,-1,16.8348,5000
2026-06-27 14:27:20,35,B+2.5,7395,9,True,False,False,,-1,16.8492,5000
2026-06-27 14:27:35,33,B+2.5,6979,9,True,False,False,,-1,16.848,5000
2026-06-27 14:27:50,31,B+0.5,6563,8,True,False,False,,-1,16.8209,5000
2026-06-27 14:28:05,35,B+3.5,7395,10,True,False,False,,-1,16.831,5000
2026-06-27 14:28:21,37,B+4.5,7811,10,True,False,False,,-1,16.335,5000
2026-06-27 14:28:36,33,B+3.5,6979,9,True,False,False,,-1,16.3566,5000
2026-06-27 14:28:51,31,B+1.5,6563,8,True,False,False,,-1,16.3697,5000
2026-06-27 14:29:04,27,B+0.5,5731,6,True,False,False,,-1,16.3353,5000
2026-06-27 14:29:18,27,B+0.5,5731,6,True,False,False,,-1,16.3252,5000
2026-06-27 14:30:24,162,W+22.5,33811,33,True,False,False,,-1,16.8277,5000
2026-06-27 14:30:38,31,B+5.5,6563,8,True,False,False,,-1,16.8163,5000
2026-06-27 14:30:52,29,B+1.5,6147,5,True,False,False,,-1,16.8367,5000
2026-06-27 14:31:08,37,B+5.5,7811,11,True,False,False,,-1,16.8418,5000
2026-06-27 14:31:23,35,B+1.5,7395,10,True,False,False,,-1,16.8459,5000
2026-06-27 14:32:26,162,B+2.5,33811,34,True,False,False,,-1,17.304,5000
2026-06-27 14:32:51,53,B+2.5,11139,11,True,False,False,,-1,17.4083,5000
2026-06-27 14:33:05,35,B+2.5,7395,10,True,False,False,,-1,17.4185,5000
2026-06-27 14:33:21,37,B+2.5,7811,11,True,False,False,,-1,17.4204,5000
2026-06-27 14:33:36,35,B+1.5,7395,10,True,False,False,,-1,17.4431,5000
2026-06-27 14:33:53,37,B+1.5,7811,10,True,False,False,,-1,17.4699,5000
2026-06-27 14:34:07,31,B+0.5,6563,8,True,False,False,,-1,17.4538,5000
2026-06-27 14:34:22,33,B+2.5,6979,9,True,False,False,,-1,17.4528,5000
2026-06-27 14:34:37,35,B+1.5,7395,10,True,False,False,,-1,17.454,5000
2026-06-27 14:34:51,29,B+1.5,6147,7,True,False,False,,-1,17.4533,5000
2026-06-27 14:35:05,33,B+2.5,6979,9,True,False,False,,-1,17.4428,5000
2026-06-27 14:35:20,33,B+1.5,6979,9,True,False,False,,-1,17.4329,5000
2026-06-27 14:35:34,35,B+3.5,7395,10,True,False,False,,-1,17.4354,5000
2026-06-27 14:35:49,37,B+5.5,7811,11,True,False,False,,-1,17.4318,5000
2026-06-27 14:36:01,27,B+0.5,5731,6,True,False,False,,-1,17.4177,5000
2026-06-27 14:36:18,37,B+3.5,7811,10,True,False,False,,-1,17.4357,5000
2026-06-27 14:36:34,33,B+1.5,6979,8,True,False,False,,-1,17.4625,5000
2026-06-27 14:36:49,33,B+0.5,6979,9,True,False,False,,-1,17.4663,5000
2026-06-27 14:37:44,136,B+5.5,28403,26,True,False,False,,-1,17.8712,5000
2026-06-27 14:37:57,29,B+0.5,6147,7,True,False,False,,-1,17.8477,5000
2026-06-27 14:38:10,27,B+2.5,5731,6,True,False,False,,-1,17.8333,5000
2026-06-27 14:38:24,33,B+1.5,6979,9,True,False,False,,-1,17.839,5000
2026-06-27 14:38:42,33,B+0.5,6979,6,True,False,False,,-1,17.8883,5000
2026-06-27 14:38:56,33,B+1.5,6979,8,True,False,False,,-1,17.8777,5000
2026-06-27 14:39:12,33,B+2.5,6979,9,True,False,False,,-1,17.8368,5000
2026-06-27 14:39:28,37,B+4.5,7811,10,True,False,False,,-1,17.852,5000
2026-06-27 14:39:41,31,B+3.5,6563,8,True,False,False,,-1,17.7821,5000
2026-06-27 14:39:55,27,B+0.5,5731,6,True,False,False,,-1,17.7771,5000
2026-06-27 14:40:08,31,B+2.5,6563,8,True,False,False,,-1,17.756,5000
2026-06-27 14:40:23,35,B+2.5,7395,10,True,False,False,,-1,17.7544,5000
2026-06-27 14:40:37,33,B+2.5,6979,9,True,False,False,,-1,17.7458,5000
2026-06-27 14:40:53,35,B+2.5,7395,10,True,False,False,,-1,17.7609,5000
2026-06-27 14:43:15,25,B+0.5,5325,5,True,False,False,,-1,17.7354,6000
2026-06-27 14:43:30,31,B+0.5,6573,8,True,False,False,,-1,17.7508,6000
2026-06-27 14:43:42,23,B+0.5,4909,4,True,False,False,,-1,17.7389,6000
2026-06-27 14:43:57,33,B+0.5,6989,9,True,False,False,,-1,17.7338,6000
2026-06-27 14:44:11,31,B+0.5,6573,8,True,False,False,,-1,17.4153,6000
2026-06-27 14:44:25,31,B+1.5,6573,8,True,False,False,,-1,17.4248,6000
2026-06-27 14:44:40,31,B+0.5,6573,8,True,False,False,,-1,16.9193,6000
2026-06-27 14:44:54,27,B+0.5,5741,6,True,False,False,,-1,16.9085,6000
2026-06-27 14:45:08,31,B+0.5,6573,7,True,False,False,,-1,16.9008,6000
2026-06-27 14:45:24,33,B+0.5,6989,8,True,False,False,,-1,16.9182,6000
2026-06-27 14:45:38,31,B+0.5,6573,8,True,False,False,,-1,16.917,6000
2026-06-27 14:45:53,33,B+0.5,6989,9,True,False,False,,-1,16.9356,6000
2026-06-27 14:46:08,29,B+0.5,6157,7,True,False,False,,-1,16.9333,6000
2026-06-27 14:46:22,31,B+0.5,6573,8,True,False,False,,-1,16.9218,6000
2026-06-27 14:46:37,31,B+0.5,6573,8,True,False,False,,-1,16.9142,6000
2026-06-27 14:46:51,31,B+0.5,6573,8,True,False,False,,-1,16.8916,6000
2026-06-27 14:47:04,27,B+0.5,5741,6,True,False,False,,-1,16.8956,6000
2026-06-27 14:47:18,31,B+0.5,6573,7,True,False,False,,-1,16.9003,6000
2026-06-27 14:47:32,33,B+0.5,6989,9,True,False,False,,-1,16.9048,6000
2026-06-27 14:47:48,35,B+0.5,7405,9,True,False,False,,-1,16.8741,6000
2026-06-27 14:48:02,33,B+0.5,6989,9,True,False,False,,-1,16.8428,6000
2026-06-27 14:48:16,33,B+0.5,6989,9,True,False,False,,-1,16.4917,6000
2026-06-27 14:48:29,31,B+0.5,6573,8,True,False,False,,-1,16.4635,6000
2026-06-27 14:48:43,33,B+0.5,6989,9,True,False,False,,-1,16.4784,6000
2026-06-27 14:48:57,31,B+0.5,6573,8,True,False,False,,-1,16.4853,6000
2026-06-27 14:49:11,31,B+0.5,6573,8,True,False,False,,-1,16.4871,6000
2026-06-27 14:49:24,29,B+0.5,6157,7,True,False,False,,-1,16.446,6000
2026-06-27 14:49:37,31,B+0.5,6573,8,True,False,False,,-1,16.4428,6000
2026-06-27 14:49:50,31,B+0.5,6573,8,True,False,False,,-1,16.442,6000
2026-06-27 14:50:04,31,B+0.5,6573,8,True,False,False,,-1,16.4203,6000
2026-06-27 14:50:18,29,B+0.5,6157,7,True,False,False,,-1,16.4134,6000
2026-06-27 14:50:30,27,B+0.5,5741,6,True,False,False,,-1,16.3812,6000
2026-06-27 14:50:44,33,B+0.5,6989,9,True,False,False,,-1,16.3979,6000
2026-06-27 14:50:59,31,B+0.5,6573,8,True,False,False,,-1,16.3966,6000
2026-06-27 14:51:12,29,B+1.5,6157,7,True,False,False,,-1,16.376,6000
2026-06-27 14:51:26,31,B+0.5,6573,8,True,False,False,,-1,16.3642,6000
2026-06-27 14:51:39,29,B+2.5,6157,7,True,False,False,,-1,16.356,6000
2026-06-27 14:51:52,33,B+0.5,6989,9,True,False,False,,-1,16.3536,6000
2026-06-27 14:52:06,33,B+0.5,6989,9,True,False,False,,-1,16.3359,6000
2026-06-27 14:52:19,31,B+0.5,6573,8,True,False,False,,-1,16.3003,6000
2026-06-27 14:52:59,102,W+1.5,21341,21,True,False,False,,-1,16.546,6000
2026-06-27 14:53:13,33,B+0.5,6989,8,True,False,False,,-1,16.5619,6000
2026-06-27 14:53:28,33,B+0.5,6989,9,True,False,False,,-1,16.526,6000
2026-06-27 14:53:41,31,B+0.5,6573,8,True,False,False,,-1,16.5158,6000
2026-06-27 14:53:54,29,B+0.5,6157,7,True,False,False,,-1,16.505,6000
2026-06-27 14:54:08,33,B+0.5,6989,9,True,False,False,,-1,16.509,6000
2026-06-27 14:54:21,29,B+6.5,6157,7,True,False,False,,-1,16.0485,6000
2026-06-27 14:54:37,33,B+1.5,6989,8,True,False,False,,-1,16.0716,6000
2026-06-27 14:54:51,31,B+0.5,6573,8,True,False,False,,-1,16.0789,6000
2026-06-27 14:55:05,33,B+0.5,6989,9,True,False,False,,-1,16.0812,6000
2026-06-27 14:55:19,33,B+0.5,6989,9,True,False,False,,-1,16.0748,6000
2026-06-27 14:55:34,33,B+0.5,6989,9,True,False,False,,-1,16.0608,6000
2026-06-27 14:55:47,29,B+0.5,6157,7,True,False,False,,-1,16.0629,6000
2026-06-27 14:56:02,33,B+0.5,6989,9,True,False,False,,-1,16.0613,6000
2026-06-27 14:56:16,33,B+0.5,6989,9,True,False,False,,-1,16.0522,6000
2026-06-27 14:56:30,31,B+0.5,6573,8,True,False,False,,-1,16.0419,6000
2026-06-27 14:56:42,31,B+0.5,6573,8,True,False,False,,-1,16.0075,6000
2026-06-27 14:56:56,29,B+1.5,6157,7,True,False,False,,-1,15.9875,6000
2026-06-27 14:57:09,27,B+0.5,5741,6,True,False,False,,-1,15.9733,6000
2026-06-27 14:57:23,29,B+0.5,6157,7,True,False,False,,-1,15.9564,6000
2026-06-27 14:57:37,31,B+0.5,6573,8,True,False,False,,-1,15.9732,6000
2026-06-27 14:57:50,29,B+0.5,6157,7,True,False,False,,-1,15.9563,6000
2026-06-27 14:58:04,33,B+0.5,6989,9,True,False,False,,-1,15.4418,6000
2026-06-27 14:58:19,33,B+0.5,6989,9,True,False,False,,-1,15.4463,6000
2026-06-27 14:58:32,29,B+1.5,6157,7,True,False,False,,-1,15.437,6000
2026-06-27 14:58:46,29,B+1.5,6157,7,True,False,False,,-1,15.419,6000
2026-06-27 14:58:59,29,B+0.5,6157,7,True,False,False,,-1,15.3895,6000
2026-06-27 14:59:13,31,B+0.5,6573,8,True,False,False,,-1,14.9152,6000
2026-06-27 14:59:27,31,B+1.5,6573,8,True,False,False,,-1,14.803,6000
2026-06-27 14:59:41,31,B+0.5,6573,8,True,False,False,,-1,14.8008,6000
2026-06-27 14:59:54,27,B+1.5,5741,6,True,False,False,,-1,14.7719,6000
2026-06-27 15:00:06,25,B+0.5,5325,5,True,False,False,,-1,14.7407,6000
2026-06-27 15:00:20,29,B+0.5,6157,7,True,False,False,,-1,14.7141,6000
2026-06-27 15:00:34,31,B+0.5,6573,8,True,False,False,,-1,14.7072,6000
2026-06-27 15:00:50,35,B+0.5,7405,9,True,False,False,,-1,14.7161,6000
2026-06-27 15:01:03,27,B+1.5,5741,6,True,False,False,,-1,14.6989,6000
2026-06-27 15:01:14,25,B+0.5,5325,5,True,False,False,,-1,14.6744,6000
2026-06-27 15:01:27,29,B+0.5,6157,7,True,False,False,,-1,14.654,6000
2026-06-27 15:01:42,33,B+2.5,6989,9,True,False,False,,-1,14.6549,6000
2026-06-27 15:01:57,33,B+0.5,6989,9,True,False,False,,-1,14.6655,6000
2026-06-27 15:02:11,33,B+0.5,6989,9,True,False,False,,-1,14.6617,6000
2026-06-27 15:02:27,31,B+0.5,6573,7,True,False,False,,-1,14.693,6000
2026-06-27 15:02:39,29,B+0.5,6157,7,True,False,False,,-1,14.6537,6000
2026-06-27 15:02:52,31,B+0.5,6573,8,True,False,False,,-1,14.6273,6000
2026-06-27 15:03:07,33,B+0.5,6989,9,True,False,False,,-1,14.6192,6000
2026-06-27 15:03:21,29,B+0.5,6157,7,True,False,False,,-1,14.2074,6000
2026-06-27 15:03:35,33,B+0.5,6989,9,True,False,False,,-1,14.2197,6000
2026-06-27 15:03:49,29,B+0.5,6157,7,True,False,False,,-1,14.2319,6000
2026-06-27 15:04:04,35,B+0.5,7405,10,True,False,False,,-1,14.2302,6000
2026-06-27 15:04:18,33,B+0.5,6989,9,True,False,False,,-1,14.2004,6000
2026-06-27 15:04:32,33,B+0.5,6989,9,True,False,False,,-1,14.2032,6000
2026-06-27 15:04:45,29,B+0.5,6157,7,True,False,False,,-1,14.1713,6000
2026-06-27 15:04:58,29,B+0.5,6157,7,True,False,False,,-1,14.1367,6000
2026-06-27 15:05:12,33,B+0.5,6989,9,True,False,False,,-1,14.1521,6000
2026-06-27 15:05:26,29,B+1.5,6157,7,True,False,False,,-1,14.1536,6000
2026-06-27 15:05:39,31,B+0.5,6573,8,True,False,False,,-1,14.1506,6000
2026-06-27 15:05:55,35,B+0.5,7405,9,True,False,False,,-1,14.1636,6000
2026-06-27 15:06:09,33,B+0.5,6989,9,True,False,False,,-1,14.1581,6000
2026-06-27 15:06:22,33,B+0.5,6989,9,True,False,False,,-1,14.1314,6000
2026-06-27 15:06:36,33,B+0.5,6989,9,True,False,False,,-1,14.1422,6000
2026-06-27 15:06:51,29,B+2.5,6157,7,True,False,False,,-1,14.1555,6000
2026-06-27 15:07:06,33,B+0.5,6989,9,True,False,False,,-1,14.1536,6000
2026-06-27 15:07:20,33,B+0.5,6989,9,True,False,False,,-1,14.1723,6000
2026-06-27 15:07:34,29,B+1.5,6157,7,True,False,False,,-1,14.1709,6000
2026-06-27 15:07:48,31,B+0.5,6573,8,True,False,False,,-1,14.1674,6000
2026-06-27 15:08:03,33,B+4.5,6989,9,True,False,False,,-1,14.18,6000
2026-06-27 15:08:16,31,B+0.5,6573,8,True,False,False,,-1,14.1636,6000
2026-06-27 15:08:31,33,B+0.5,6989,9,True,False,False,,-1,14.1749,6000
2026-06-27 15:08:45,29,B+0.5,6157,7,True,False,False,,-1,14.1702,6000
2026-06-27 15:08:59,33,B+0.5,6989,9,True,False,False,,-1,14.1516,6000
2026-06-27 15:09:16,33,B+0.5,6989,9,True,False,False,,-1,14.1771,6000
2026-06-27 15:09:31,33,B+0.5,6989,8,True,False,False,,-1,14.174,6000
2026-06-27 15:09:44,31,B+1.5,6573,8,True,False,False,,-1,14.1607,6000
2026-06-27 15:09:58,31,B+2.5,6573,8,True,False,False,,-1,14.159,6000
2026-06-27 15:10:13,33,B+0.5,6989,9,True,False,False,,-1,14.163,6000
2026-06-27 15:10:27,35,B+0.5,7405,10,True,False,False,,-1,14.1597,6000
2026-06-27 15:10:42,33,B+1.5,6989,9,True,False,False,,-1,14.1779,6000
2026-06-27 15:10:56,29,B+0.5,6157,7,True,False,False,,-1,14.1812,6000
2026-06-27 15:11:09,29,B+0.5,6157,7,True,False,False,,-1,14.1636,6000
2026-06-27 15:11:22,31,B+0.5,6573,8,True,False,False,,-1,14.1371,6000
2026-06-27 15:11:33,29,B+0.5,6157,7,True,False,False,,-1,14.1098,6000
2026-06-27 15:11:47,27,B+1.5,5741,6,True,False,False,,-1,14.113,6000
2026-06-27 15:12:02,33,B+0.5,6989,9,True,False,False,,-1,14.1297,6000
2026-06-27 15:12:16,31,B+0.5,6573,8,True,False,False,,-1,14.1229,6000
2026-06-27 15:12:30,31,B+0.5,6573,8,True,False,False,,-1,14.1202,6000
2026-06-27 15:12:44,33,B+0.5,6989,8,True,False,False,,-1,14.1242,6000
2026-06-27 15:12:57,29,B+2.5,6157,7,True,False,False,,-1,14.1283,6000
2026-06-27 15:13:10,29,B+0.5,6157,7,True,False,False,,-1,14.1211,6000
2026-06-27 15:13:23,31,B+0.5,6573,8,True,False,False,,-1,14.1271,6000
2026-06-27 15:13:36,29,B+0.5,6157,7,True,False,False,,-1,14.1174,6000
2026-06-27 15:13:49,29,B+0.5,6157,7,True,False,False,,-1,14.1157,6000
2026-06-27 15:14:03,27,B+0.5,5741,6,True,False,False,,-1,14.1277,6000
2026-06-27 15:14:15,27,B+0.5,5741,6,True,False,False,,-1,14.1113,6000
2026-06-27 15:14:28,29,B+0.5,6157,7,True,False,False,,-1,14.088,6000
2026-06-27 15:14:43,33,B+0.5,6989,9,True,False,False,,-1,14.1054,6000
2026-06-27 15:14:56,29,B+0.5,6157,7,True,False,False,,-1,14.1014,6000
2026-06-27 15:15:10,33,B+0.5,6989,9,True,False,False,,-1,14.1067,6000
2026-06-27 15:15:23,33,B+0.5,6989,9,True,False,False,,-1,14.1126,6000
2026-06-27 15:15:37,29,B+2.5,6157,7,True,False,False,,-1,14.1101,6000
2026-06-27 15:15:50,29,B+0.5,6157,7,True,False,False,,-1,14.1052,6000
2026-06-27 15:16:03,31,B+0.5,6573,8,True,False,False,,-1,13.8449,6000
2026-06-27 15:16:17,33,B+0.5,6989,9,True,False,False,,-1,13.8367,6000
2026-06-27 15:16:32,33,B+0.5,6989,9,True,False,False,,-1,13.8434,6000
2026-06-27 15:16:48,33,B+2.5,6989,9,True,False,False,,-1,13.8649,6000
2026-06-27 15:17:02,33,B+0.5,6989,9,True,False,False,,-1,13.877,6000
2026-06-27 15:17:16,29,B+2.5,6157,7,True,False,False,,-1,13.8764,6000
2026-06-27 15:17:30,33,B+0.5,6989,9,True,False,False,,-1,13.8906,6000
2026-06-27 15:17:45,33,B+1.5,6989,8,True,False,False,,-1,13.8781,6000
2026-06-27 15:17:58,31,B+0.5,6573,8,True,False,False,,-1,13.8667,6000
2026-06-27 15:18:12,31,B+0.5,6573,8,True,False,False,,-1,13.8612,6000
2026-06-27 15:18:24,31,B+0.5,6573,8,True,False,False,,-1,13.8428,6000
2026-06-27 15:18:38,31,B+0.5,6573,8,True,False,False,,-1,13.8406,6000
2026-06-27 15:18:51,29,B+0.5,6157,7,True,False,False,,-1,13.8389,6000
2026-06-27 15:19:04,33,B+0.5,6989,9,True,False,False,,-1,13.8166,6000
2026-06-27 15:19:19,33,B+0.5,6989,9,True,False,False,,-1,13.8246,6000
2026-06-27 15:19:31,29,B+0.5,6157,7,True,False,False,,-1,13.81,6000
2026-06-27 15:19:47,31,B+0.5,6573,7,True,False,False,,-1,13.8482,6000
2026-06-27 15:20:00,33,B+1.5,6989,9,True,False,False,,-1,13.8436,6000
2026-06-27 15:20:15,31,B+0.5,6573,8,True,False,False,,-1,13.8609,6000
2026-06-27 15:20:29,29,B+0.5,6157,7,True,False,False,,-1,13.8578,6000
2026-06-27 15:20:43,31,B+1.5,6573,8,True,False,False,,-1,13.8553,6000
2026-06-27 15:20:57,29,B+2.5,6157,7,True,False,False,,-1,13.867,6000
2026-06-27 15:21:10,29,B+0.5,6157,7,True,False,False,,-1,13.8599,6000
2026-06-27 15:21:24,33,B+0.5,6989,9,True,False,False,,-1,13.8509,6000
2026-06-27 15:21:38,31,B+1.5,6573,8,True,False,False,,-1,13.8533,6000
2026-06-27 15:21:52,31,B+0.5,6573,7,True,False,False,,-1,13.8594,6000
2026-06-27 15:22:06,33,B+0.5,6989,9,True,False,False,,-1,13.873,6000
2026-06-27 15:22:19,31,B+0.5,6573,8,True,False,False,,-1,13.8576,6000
2026-06-27 15:22:33,31,B+0.5,6573,8,True,False,False,,-1,13.8518,6000
2026-06-27 15:22:46,29,B+0.5,6157,7,True,False,False,,-1,13.845,6000
2026-06-27 15:23:00,31,B+1.5,6573,8,True,False,False,,-1,13.8553,6000
2026-06-27 15:23:14,33,B+0.5,6989,8,True,False,False,,-1,13.879,6000
2026-06-27 15:23:29,31,B+0.5,6573,8,True,False,False,,-1,13.8786,6000
2026-06-27 15:23:40,25,B+0.5,5325,5,True,False,False,,-1,13.8615,6000
2026-06-27 15:23:54,31,B+0.5,6573,8,True,False,False,,-1,13.843,6000
2026-06-27 15:24:07,29,B+2.5,6157,7,True,False,False,,-1,13.836,6000
2026-06-27 15:26:29,31,B+0.5,6575,8,False,False,False,,-0.88,13.8906,7000
2026-06-27 15:26:42,29,B+0.5,6159,7,False,False,False,,-0.88,13.8767,7000
2026-06-27 15:26:58,31,B+0.5,6575,8,False,False,False,,-0.88,13.8726,7000
2026-06-27 15:27:13,31,B+0.5,6575,8,False,False,False,,-0.88,13.8826,7000
2026-06-27 15:27:28,33,B+0.5,6991,9,False,False,False,,-0.88,13.8836,7000
2026-06-27 15:27:41,29,B+1.5,6159,7,True,False,False,,-0.88,13.8798,7000
2026-06-27 15:27:56,29,B+2.5,6159,7,False,False,False,,-0.88,13.8993,7000
2026-06-27 15:28:09,31,B+0.5,6575,7,False,False,False,,-0.88,13.8932,7000
2026-06-27 15:28:24,31,B+0.5,6575,8,True,False,False,,-0.88,13.8998,7000
2026-06-27 15:28:37,31,B+0.5,6575,8,False,False,False,,-0.88,13.8887,7000
2026-06-27 15:28:53,33,B+0.5,6991,9,False,False,False,,-0.88,13.9036,7000
2026-06-27 15:29:07,27,B+0.5,5743,6,False,False,False,,-0.88,13.9,7000
2026-06-27 15:29:21,33,B+0.5,6991,9,False,False,False,,-0.88,13.8997,7000
2026-06-27 15:29:35,31,B+0.5,6575,8,False,False,False,,-0.88,13.8902,7000
2026-06-27 15:29:49,31,B+0.5,6575,8,False,False,False,,-0.88,13.9057,7000
2026-06-27 15:30:04,35,B+0.5,7407,10,False,False,False,,-0.88,13.932,7000
2026-06-27 15:30:17,31,B+1.5,6575,8,False,False,False,,-0.88,13.9137,7000
2026-06-27 15:30:32,33,B+0.5,6991,9,True,False,False,,-0.88,13.9286,7000
2026-06-27 15:30:46,31,B+0.5,6575,8,False,False,False,,-0.88,13.9324,7000
2026-06-27 15:31:02,35,B+1.5,7407,10,False,False,False,,-0.88,13.9402,7000
2026-06-27 15:31:17,33,B+0.5,6991,9,False,False,False,,-0.88,13.9461,7000
2026-06-27 15:31:29,29,B+0.5,6159,7,False,False,False,,-0.88,13.9382,7000
2026-06-27 15:31:43,29,B+0.5,6159,7,False,False,False,,-0.88,13.9362,7000
2026-06-27 15:31:56,31,B+0.5,6575,8,False,False,False,,-0.88,13.9222,7000
2026-06-27 15:32:10,31,B+2.5,6575,8,False,False,False,,-0.88,13.911,7000
2026-06-27 15:32:23,31,B+0.5,6575,8,False,False,False,,-0.88,13.8987,7000
2026-06-27 15:32:37,33,B+0.5,6991,9,False,False,False,,-0.88,13.9013,7000
2026-06-27 15:32:51,29,B+0.5,6159,7,False,False,False,,-0.88,13.8925,7000
2026-06-27 15:33:05,33,B+2.5,6991,9,False,False,False,,-0.88,13.8849,7000
2026-06-27 15:33:20,33,B+0.5,6991,9,False,False,False,,-0.88,13.9075,7000
2026-06-27 15:33:33,31,B+0.5,6575,8,True,False,False,,-0.88,13.8884,7000
2026-06-27 15:33:48,31,B+0.5,6575,8,False,False,False,,-0.88,13.8948,7000
2026-06-27 15:34:02,33,B+0.5,6991,9,False,False,False,,-0.88,13.8908,7000
2026-06-27 15:34:15,33,B+0.5,6991,9,False,False,False,,-0.88,13.866,7000
2026-06-27 15:34:28,29,B+0.5,6159,7,False,False,False,,-0.88,13.8388,7000
2026-06-27 15:34:41,27,B+1.5,5743,6,False,False,False,,-0.88,13.8346,7000
2026-06-27 15:34:55,31,B+0.5,6575,8,False,False,False,,-0.88,13.8414,7000
2026-06-27 15:35:09,33,B+0.5,6991,9,False,False,False,,-0.88,13.8271,7000
2026-06-27 15:35:21,27,B+1.5,5743,6,False,False,False,,-0.88,13.8062,7000
2026-06-27 15:35:35,33,B+0.5,6991,9,False,False,False,,-0.88,13.7983,7000
2026-06-27 15:35:50,33,B+0.5,6991,9,False,False,False,,-0.88,13.8037,7000
2026-06-27 15:36:04,33,B+4.5,6991,9,False,False,False,,-0.88,13.8185,7000
2026-06-27 15:36:19,33,B+0.5,6991,9,False,False,False,,-0.88,13.8393,7000
2026-06-27 15:36:33,31,B+1.5,6575,8,False,False,False,,-0.88,13.8615,7000
2026-06-27 15:36:46,29,B+0.5,6159,7,False,False,False,,-0.88,13.8504,7000
2026-06-27 15:37:00,33,B+0.5,6991,9,False,False,False,,-0.88,13.8437,7000
2026-06-27 15:37:13,31,B+0.5,6575,8,False,False,False,,-0.88,13.8356,7000
2026-06-27 15:37:24,25,B+0.5,5327,5,False,False,False,,-0.88,13.8081,7000
2026-06-27 15:37:38,33,B+0.5,6991,9,False,False,False,,-0.88,13.8063,7000
2026-06-27 15:37:51,31,B+0.5,6575,8,False,False,False,,-0.88,13.8079,7000
2026-06-27 15:38:05,35,B+1.5,7407,10,False,False,False,,-0.88,13.8274,7000
2026-06-27 15:38:19,31,B+0.5,6575,8,False,False,False,,-0.88,13.8211,7000
2026-06-27 15:38:32,33,B+0.5,6991,9,False,False,False,,-0.88,13.8311,7000
2026-06-27 15:38:45,31,B+1.5,6575,8,False,False,False,,-0.88,13.8291,7000
2026-06-27 15:39:01,33,B+0.5,6991,9,True,False,False,,-0.88,13.8471,7000
2026-06-27 15:39:14,33,B+0.5,6991,9,False,False,False,,-0.88,13.857,7000
2026-06-27 15:39:28,29,B+0.5,6159,7,False,False,False,,-0.88,13.8686,7000
2026-06-27 15:39:41,29,B+0.5,6159,7,False,False,False,,-0.88,13.8532,7000
2026-06-27 15:39:56,33,B+0.5,6991,9,False,False,False,,-0.88,13.8647,7000
2026-06-27 15:40:08,31,B+0.5,6575,8,True,False,False,,-0.88,13.8539,7000
2026-06-27 15:40:23,31,B+0.5,6575,8,False,False,False,,-0.88,13.8581,7000
2026-06-27 15:40:37,37,B+0.5,7823,11,False,False,False,,-0.88,13.8735,7000
2026-06-27 15:40:52,33,B+0.5,6991,9,False,False,False,,-0.88,13.8937,7000
2026-06-27 15:41:08,35,B+2.5,7407,9,False,False,False,,-0.88,13.913,7000
2026-06-27 15:41:22,33,B+0.5,6991,9,False,False,False,,-0.88,13.91,7000
2026-06-27 15:41:35,31,B+0.5,6575,8,False,False,False,,-0.88,13.895,7000
2026-06-27 15:41:48,27,B+0.5,5743,6,False,False,False,,-0.88,13.8711,7000
2026-06-27 15:42:03,31,B+0.5,6575,8,False,False,False,,-0.88,13.8783,7000
2026-06-27 15:42:18,33,B+0.5,6991,9,False,False,False,,-0.88,13.8888,7000
2026-06-27 15:42:34,35,B+0.5,7407,10,False,False,False,,-0.88,13.9102,7000
2026-06-27 15:42:48,29,B+1.5,6159,7,False,False,False,,-0.88,13.8975,7000
2026-06-27 15:43:01,31,B+0.5,6575,8,False,False,False,,-0.88,13.9014,7000
2026-06-27 15:43:15,31,B+0.5,6575,8,False,False,False,,-0.88,13.8988,7000
2026-06-27 15:43:29,31,B+1.5,6575,8,False,False,False,,-0.88,13.9154,7000
2026-06-27 15:43:43,33,B+0.5,6991,9,False,False,False,,-0.88,13.9164,7000
2026-06-27 15:43:55,27,B+0.5,5743,6,False,False,False,,-0.88,13.9087,7000
2026-06-27 15:44:11,35,B+1.5,7407,10,False,False,False,,-0.88,13.9326,7000
2026-06-27 15:44:25,33,B+1.5,6991,9,False,False,False,,-0.88,13.9313,7000
2026-06-27 15:44:39,33,B+0.5,6991,9,False,False,False,,-0.88,13.9448,7000
2026-06-27 15:44:54,35,B+1.5,7407,10,False,False,False,,-0.88,13.9358,7000
2026-06-27 15:45:07,29,B+0.5,6159,7,False,False,False,,-0.88,13.9358,7000
2026-06-27 15:45:21,33,B+0.5,6991,9,False,False,False,,-0.88,13.9273,7000
2026-06-27 15:45:37,33,B+0.5,6991,9,False,False,False,,-0.88,13.9456,7000
2026-06-27 15:45:50,29,B+0.5,6159,7,True,False,False,,-0.88,13.942,7000
2026-06-27 15:46:04,35,B+0.5,7407,10,False,False,False,,-0.88,13.944,7000
2026-06-27 15:46:18,31,B+2.5,6575,8,False,False,False,,-0.88,13.9406,7000
2026-06-27 15:46:31,29,B+0.5,6159,7,False,False,False,,-0.88,13.9385,7000
2026-06-27 15:46:46,33,B+0.5,6991,9,False,False,False,,-0.88,13.9527,7000
2026-06-27 15:47:01,33,B+0.5,6991,9,False,False,False,,-0.88,13.9543,7000
2026-06-27 15:47:14,29,B+0.5,6159,7,False,False,False,,-0.88,13.9479,7000
2026-06-27 15:47:29,33,B+0.5,6991,9,True,False,False,,-0.88,13.9631,7000
2026-06-27 15:47:42,31,B+0.5,6575,8,False,False,False,,-0.88,13.9618,7000
2026-06-27 15:47:56,29,B+1.5,6159,7,False,False,False,,-0.88,13.9646,7000
2026-06-27 15:48:10,31,B+0.5,6575,8,False,False,False,,-0.88,13.967,7000
2026-06-27 15:48:23,31,B+0.5,6575,8,False,False,False,,-0.88,13.9552,7000
2026-06-27 15:48:38,33,B+1.5,6991,9,False,False,False,,-0.88,13.9592,7000
2026-06-27 15:48:51,33,B+1.5,6991,9,False,False,False,,-0.88,13.975,7000
2026-06-27 15:49:06,33,B+0.5,6991,9,False,False,False,,-0.88,13.9853,7000
2026-06-27 15:49:20,33,B+0.5,6991,9,False,False,False,,-0.88,13.9939,7000
2026-06-27 15:49:32,25,B+0.5,5327,5,False,False,False,,-0.88,13.9684,7000
2026-06-27 15:49:46,33,B+0.5,6991,8,False,False,False,,-0.88,13.961,7000
2026-06-27 15:50:00,33,B+0.5,6991,9,False,False,False,,-0.88,13.9738,7000
2026-06-27 15:50:14,33,B+0.5,6991,9,False,False,False,,-0.88,13.959,7000
2026-06-27 15:50:28,33,B+3.5,6991,9,False,False,False,,-0.88,13.9539,7000
2026-06-27 15:50:42,31,B+0.5,6575,8,False,False,False,,-0.88,13.931,7000
2026-06-27 15:50:56,31,B+0.5,6575,8,True,False,False,,-0.88,13.9555,7000
2026-06-27 15:51:08,29,B+3.5,6159,7,False,False,False,,-0.88,13.9248,7000
2026-06-27 15:51:22,31,B+0.5,6575,8,False,False,False,,-0.88,13.9213,7000
2026-06-27 15:51:37,31,B+0.5,6575,8,False,False,False,,-0.88,13.9269,7000
2026-06-27 15:51:50,31,B+0.5,6575,7,False,False,False,,-0.88,13.9262,7000
2026-06-27 15:52:03,27,B+0.5,5743,6,False,False,False,,-0.88,13.9,7000
2026-06-27 15:52:16,29,B+0.5,6159,7,False,False,False,,-0.88,13.8891,7000
2026-06-27 15:52:30,29,B+2.5,6159,7,False,False,False,,-0.88,13.8902,7000
2026-06-27 15:52:45,33,B+0.5,6991,9,False,False,False,,-0.88,13.8979,7000
2026-06-27 15:53:01,35,B+0.5,7407,9,False,False,False,,-0.88,13.9142,7000
2026-06-27 15:53:13,31,B+1.5,6575,8,False,False,False,,-0.88,13.8879,7000
2026-06-27 15:53:26,31,B+0.5,6575,8,False,False,False,,-0.88,13.8921,7000
2026-06-27 15:53:38,27,B+0.5,5743,6,False,False,False,,-0.88,13.8551,7000
2026-06-27 15:53:53,35,B+1.5,7407,10,False,False,False,,-0.88,13.8658,7000
2026-06-27 15:54:06,31,B+0.5,6575,8,False,False,False,,-0.88,13.8354,7000
2026-06-27 15:54:20,33,B+0.5,6991,9,False,False,False,,-0.88,13.8304,7000
2026-06-27 15:54:30,25,B+1.5,5327,5,False,False,False,,-0.88,13.8086,7000
2026-06-27 15:54:43,31,B+0.5,6575,8,False,False,False,,-0.88,13.8006,7000
2026-06-27 15:54:56,29,B+0.5,6159,7,False,False,False,,-0.88,13.8015,7000
2026-06-27 15:55:11,33,B+0.5,6991,9,False,False,False,,-0.88,13.8124,7000
2026-06-27 15:55:26,33,B+0.5,6991,9,True,False,False,,-0.88,13.8283,7000
2026-06-27 15:55:38,29,B+0.5,6159,7,False,False,False,,-0.88,13.8008,7000
2026-06-27 15:55:52,33,B+0.5,6991,9,False,False,False,,-0.88,13.818,7000
2026-06-27 15:56:06,31,B+0.5,6575,8,False,False,False,,-0.88,13.8121,7000
2026-06-27 15:56:20,31,B+3.5,6575,8,False,False,False,,-0.88,13.8001,7000
2026-06-27 15:56:35,31,B+1.5,6575,8,False,False,False,,-0.88,13.8131,7000
2026-06-27 15:56:49,33,B+0.5,6991,9,False,False,False,,-0.88,13.8122,7000
2026-06-27 15:57:04,31,B+0.5,6575,8,False,False,False,,-0.88,13.8175,7000
2026-06-27 15:57:18,33,B+0.5,6991,9,False,False,False,,-0.88,13.8216,7000
2026-06-27 15:57:31,31,B+0.5,6575,8,False,False,False,,-0.88,13.8296,7000
2026-06-27 15:57:45,31,B+0.5,6575,8,False,False,False,,-0.88,13.8416,7000
2026-06-27 15:57:59,31,B+0.5,6575,8,False,False,False,,-0.88,13.8337,7000
2026-06-27 15:58:13,29,B+0.5,6159,6,False,False,False,,-0.88,13.8372,7000
2026-06-27 15:58:27,33,B+0.5,6991,9,False,False,False,,-0.88,13.8529,7000
2026-06-27 15:58:40,33,B+0.5,6991,9,False,False,False,,-0.88,13.8488,7000
2026-06-27 15:58:55,31,B+0.5,6575,7,False,False,False,,-0.88,13.8454,7000
2026-06-27 15:59:09,33,B+2.5,6991,9,False,False,False,,-0.88,13.8474,7000
2026-06-27 15:59:23,33,B+0.5,6991,9,True,False,False,,-0.88,13.8377,7000
2026-06-27 15:59:36,31,B+0.5,6575,8,False,False,False,,-0.88,13.835,7000
2026-06-27 15:59:50,33,B+1.5,6991,9,False,False,False,,-0.88,13.8451,7000
2026-06-27 16:00:05,33,B+0.5,6991,9,False,False,False,,-0.88,13.8472,7000
2026-06-27 16:00:19,33,B+0.5,6991,9,False,False,False,,-0.88,13.8573,7000
2026-06-27 16:00:32,33,B+0.5,6991,9,False,False,False,,-0.88,13.8866,7000
2026-06-27 16:00:47,33,B+0.5,6991,9,False,False,False,,-0.88,13.8941,7000
2026-06-27 16:00:59,29,B+1.5,6159,7,False,False,False,,-0.88,13.8838,7000
2026-06-27 16:01:14,31,B+0.5,6575,8,False,False,False,,-0.88,13.8796,7000
2026-06-27 16:01:28,33,B+0.5,6991,9,False,False,False,,-0.88,13.8903,7000
2026-06-27 16:01:42,33,B+0.5,6991,9,False,False,False,,-0.88,13.895,7000
2026-06-27 16:01:56,33,B+0.5,6991,9,False,False,False,,-0.88,13.9089,7000
2026-06-27 16:02:08,27,B+0.5,5743,6,False,False,False,,-0.88,13.8732,7000
2026-06-27 16:02:24,35,B+1.5,7407,10,True,False,False,,-0.88,13.8923,7000
2026-06-27 16:02:38,33,B+1.5,6991,9,True,False,False,,-0.88,13.9039,7000
2026-06-27 16:02:53,31,B+0.5,6575,8,False,False,False,,-0.88,13.9117,7000
2026-06-27 16:03:08,33,B+0.5,6991,9,False,False,False,,-0.88,13.9161,7000
2026-06-27 16:03:20,29,B+0.5,6159,7,True,False,False,,-0.88,13.9197,7000
2026-06-27 16:03:35,33,B+0.5,6991,9,False,False,False,,-0.88,13.9202,7000
2026-06-27 16:03:48,29,B+0.5,6159,7,False,False,False,,-0.88,13.9069,7000
2026-06-27 16:04:02,33,B+0.5,6991,9,True,False,False,,-0.88,13.9014,7000
2026-06-27 16:04:16,31,B+1.5,6575,8,False,False,False,,-0.88,13.8819,7000
2026-06-27 16:04:30,31,B+1.5,6575,8,False,False,False,,-0.88,13.8813,7000
2026-06-27 16:04:43,31,B+2.5,6575,8,False,False,False,,-0.88,13.8771,7000
2026-06-27 16:04:57,31,B+3.5,6575,8,True,False,False,,-0.88,13.8879,7000
2026-06-27 16:05:12,31,B+0.5,6575,8,False,False,False,,-0.88,13.8857,7000
2026-06-27 16:05:27,31,B+0.5,6575,8,False,False,False,,-0.88,13.882,7000
2026-06-27 16:05:41,31,B+0.5,6575,8,False,False,False,,-0.88,13.8626,7000
2026-06-27 16:05:53,29,B+0.5,6159,7,False,False,False,,-0.88,13.8471,7000
2026-06-27 16:06:08,35,B+0.5,7407,9,False,False,False,,-0.88,13.8705,7000
2026-06-27 16:06:23,33,B+2.5,6991,9,False,False,False,,-0.88,13.8786,7000
2026-06-27 16:06:37,31,B+0.5,6575,8,False,False,False,,-0.88,13.8834,7000
2026-06-27 16:06:51,33,B+0.5,6991,9,False,False,False,,-0.88,13.879,7000
2026-06-27 16:07:05,31,B+0.5,6575,8,False,False,False,,-0.88,13.8985,7000
2026-06-27 16:07:20,33,B+2.5,6991,9,False,False,False,,-0.88,13.8898,7000
2026-06-27 16:07:33,29,B+0.5,6159,7,False,False,False,,-0.88,13.8807,7000
2026-06-27 16:07:48,33,B+0.5,6991,9,True,False,False,,-0.88,13.8851,7000
2026-06-27 16:10:03,27,B+1.5,5738,6,False,False,False,,-0.88,13.8531,8000
2026-06-27 16:10:16,33,B+0.5,6986,9,True,False,False,,-0.88,13.8471,8000
2026-06-27 16:10:28,29,B+0.5,6154,7,False,False,False,,-0.88,13.8134,8000
2026-06-27 16:10:42,33,B+0.5,6986,9,False,False,False,,-0.88,13.8153,8000
2026-06-27 16:10:57,33,B+0.5,6986,9,False,False,False,,-0.88,13.8282,8000
2026-06-27 16:11:11,33,B+0.5,6986,9,False,False,False,,-0.88,13.8343,8000
2026-06-27 16:11:24,29,B+1.5,6154,7,True,False,False,,-0.88,13.8259,8000
2026-06-27 16:11:37,33,B+0.5,6986,9,False,False,False,,-0.88,13.8055,8000
2026-06-27 16:11:49,25,B+0.5,5322,5,False,False,False,,-0.88,13.7786,8000
2026-06-27 16:12:03,31,B+5.5,6570,8,False,False,False,,-0.88,13.7804,8000
2026-06-27 16:12:18,33,B+0.5,6986,9,False,False,False,,-0.88,13.7828,8000
2026-06-27 16:12:31,31,B+0.5,6570,8,False,False,False,,-0.88,13.7835,8000
2026-06-27 16:12:43,27,B+0.5,5738,6,False,False,False,,-0.88,13.7751,8000
2026-06-27 16:12:58,35,B+0.5,7402,10,False,False,False,,-0.88,13.7813,8000
2026-06-27 16:13:13,31,B+0.5,6570,8,False,False,False,,-0.88,13.7982,8000
2026-06-27 16:13:29,35,B+1.5,7402,10,False,False,False,,-0.88,13.8106,8000
2026-06-27 16:13:43,31,B+0.5,6570,8,False,False,False,,-0.88,13.8142,8000
2026-06-27 16:13:57,33,B+0.5,6986,9,False,False,False,,-0.88,13.8073,8000
2026-06-27 16:14:11,29,B+0.5,6154,7,False,False,False,,-0.88,13.8065,8000
2026-06-27 16:14:25,33,B+2.5,6986,9,False,False,False,,-0.88,13.826,8000
2026-06-27 16:14:39,31,B+0.5,6570,8,False,False,False,,-0.88,13.8265,8000
2026-06-27 16:14:52,31,B+0.5,6570,8,False,False,False,,-0.88,13.8173,8000
2026-06-27 16:15:05,29,B+0.5,6154,7,False,False,False,,-0.88,13.8113,8000
2026-06-27 16:15:19,31,B+0.5,6570,8,False,False,False,,-0.88,13.8014,8000
2026-06-27 16:15:33,33,B+0.5,6986,8,False,False,False,,-0.88,13.8154,8000
2026-06-27 16:15:47,33,B+0.5,6986,9,False,False,False,,-0.88,13.8078,8000
2026-06-27 16:16:02,35,B+2.5,7402,10,False,False,False,,-0.88,13.8335,8000
2026-06-27 16:16:16,33,B+0.5,6986,9,False,False,False,,-0.88,13.8395,8000
2026-06-27 16:16:29,29,B+0.5,6154,7,False,False,False,,-0.88,13.821,8000
2026-06-27 16:16:42,31,B+0.5,6570,8,True,False,False,,-0.88,13.8111,8000
2026-06-27 16:16:57,33,B+0.5,6986,9,False,False,False,,-0.88,13.8373,8000
2026-06-27 16:17:11,33,B+0.5,6986,9,False,False,False,,-0.88,13.8447,8000
2026-06-27 16:17:24,29,B+0.5,6154,7,False,False,False,,-0.88,13.8323,8000
2026-06-27 16:17:38,33,B+0.5,6986,9,False,False,False,,-0.88,13.8284,8000
2026-06-27 16:17:52,35,B+0.5,7402,10,False,False,False,,-0.88,13.8048,8000
2026-06-27 16:18:06,33,B+2.5,6986,9,True,False,False,,-0.88,13.823,8000
2026-06-27 16:18:19,29,B+0.5,6154,7,True,False,False,,-0.88,13.8222,8000
2026-06-27 16:18:33,33,B+0.5,6986,9,True,False,False,,-0.88,13.8416,8000
2026-06-27 16:18:45,29,B+0.5,6154,7,False,False,False,,-0.88,13.8204,8000
2026-06-27 16:18:59,33,B+0.5,6986,9,False,False,False,,-0.88,13.8248,8000
2026-06-27 16:19:13,31,B+1.5,6570,8,True,False,False,,-0.88,13.8225,8000
2026-06-27 16:19:26,33,B+0.5,6986,9,False,False,False,,-0.88,13.8507,8000
2026-06-27 16:19:39,33,B+1.5,6986,9,False,False,False,,-0.88,13.856,8000
2026-06-27 16:19:53,31,B+0.5,6570,8,False,False,False,,-0.88,13.8651,8000
2026-06-27 16:20:07,29,B+0.5,6154,7,False,False,False,,-0.88,13.8519,8000
2026-06-27 16:20:19,31,B+1.5,6570,8,False,False,False,,-0.88,13.8254,8000
2026-06-27 16:20:32,33,B+0.5,6986,9,False,False,False,,-0.88,13.8415,8000
2026-06-27 16:20:46,29,B+0.5,6154,7,False,False,False,,-0.88,13.8289,8000
2026-06-27 16:21:01,33,B+0.5,6986,9,True,False,False,,-0.88,13.8413,8000
2026-06-27 16:21:15,29,B+0.5,6154,7,True,False,False,,-0.88,13.8385,8000
2026-06-27 16:21:29,31,B+0.5,6570,8,False,False,False,,-0.88,13.8371,8000
2026-06-27 16:21:42,31,B+0.5,6570,8,False,False,False,,-0.88,13.8233,8000
2026-06-27 16:21:55,31,B+0.5,6570,8,False,False,False,,-0.88,13.8124,8000
2026-06-27 16:22:10,33,B+0.5,6986,9,False,False,False,,-0.88,13.8141,8000
2026-06-27 16:22:20,25,B+1.5,5322,5,False,False,False,,-0.88,13.7898,8000
2026-06-27 16:22:34,33,B+0.5,6986,9,False,False,False,,-0.88,13.7812,8000
2026-06-27 16:22:47,33,B+0.5,6986,9,True,False,False,,-0.88,13.7764,8000
2026-06-27 16:23:02,37,B+0.5,7818,11,False,False,False,,-0.88,13.787,8000
2026-06-27 16:23:14,29,B+0.5,6154,7,False,False,False,,-0.88,13.7707,8000
2026-06-27 16:23:29,29,B+0.5,6154,7,False,False,False,,-0.88,13.7794,8000
2026-06-27 16:23:43,33,B+0.5,6986,9,False,False,False,,-0.88,13.7776,8000
2026-06-27 16:23:58,33,B+0.5,6986,9,False,False,False,,-0.88,13.7843,8000
2026-06-27 16:24:10,33,B+0.5,6986,9,True,False,False,,-0.88,13.7715,8000
2026-06-27 16:24:25,33,B+0.5,6986,9,False,False,False,,-0.88,13.7795,8000
2026-06-27 16:24:38,33,B+1.5,6986,9,False,False,False,,-0.88,13.7779,8000
2026-06-27 16:24:51,29,B+2.5,6154,7,False,False,False,,-0.88,13.7642,8000
2026-06-27 16:25:06,33,B+0.5,6986,9,False,False,False,,-0.88,13.7733,8000
2026-06-27 16:25:20,31,B+1.5,6570,8,False,False,False,,-0.88,13.7719,8000
2026-06-27 16:25:34,33,B+0.5,6986,9,True,False,False,,-0.88,13.7613,8000
2026-06-27 16:25:47,33,B+0.5,6986,9,False,False,False,,-0.88,13.7767,8000
2026-06-27 16:25:59,27,B+0.5,5738,6,False,False,False,,-0.88,13.7534,8000
2026-06-27 16:26:14,31,B+0.5,6570,8,False,False,False,,-0.88,13.7545,8000
2026-06-27 16:26:28,31,B+0.5,6570,8,False,False,False,,-0.88,13.7536,8000
2026-06-27 16:26:40,29,B+0.5,6154,7,False,False,False,,-0.88,13.7349,8000
2026-06-27 16:26:54,31,B+2.5,6570,8,False,False,False,,-0.88,13.7531,8000
2026-06-27 16:27:07,33,B+0.5,6986,9,False,False,False,,-0.88,13.73,8000
2026-06-27 16:27:20,31,B+0.5,6570,8,False,False,False,,-0.88,13.7165,8000
2026-06-27 16:27:35,33,B+0.5,6986,9,True,False,False,,-0.88,13.7174,8000
2026-06-27 16:27:49,29,B+0.5,6154,7,False,False,False,,-0.88,13.7084,8000
2026-06-27 16:28:01,27,B+1.5,5738,6,False,False,False,,-0.88,13.7009,8000
2026-06-27 16:28:14,31,B+0.5,6570,8,False,False,False,,-0.88,13.6928,8000
2026-06-27 16:28:27,29,B+1.5,6154,7,False,False,False,,-0.88,13.6859,8000
2026-06-27 16:28:40,31,B+0.5,6570,8,False,False,False,,-0.88,13.6684,8000
2026-06-27 16:28:53,29,B+0.5,6154,7,False,False,False,,-0.88,13.6677,8000
2026-06-27 16:29:08,33,B+0.5,6986,9,False,False,False,,-0.88,13.6762,8000
2026-06-27 16:29:22,33,B+2.5,6986,9,False,False,False,,-0.88,13.687,8000
2026-06-27 16:29:36,29,B+2.5,6154,7,False,False,False,,-0.88,13.6792,8000
2026-06-27 16:29:51,33,B+0.5,6986,9,True,False,False,,-0.88,13.6857,8000
2026-06-27 16:30:04,29,B+0.5,6154,7,True,False,False,,-0.88,13.6685,8000
2026-06-27 16:30:18,31,B+0.5,6570,8,False,False,False,,-0.88,13.6685,8000
2026-06-27 16:30:31,29,B+0.5,6154,7,False,False,False,,-0.88,13.6752,8000
2026-06-27 16:30:44,31,B+0.5,6570,8,False,False,False,,-0.88,13.6499,8000
2026-06-27 16:30:57,31,B+3.5,6570,8,False,False,False,,-0.88,13.6359,8000
2026-06-27 16:31:11,33,B+0.5,6986,9,False,False,False,,-0.88,13.6391,8000
2026-06-27 16:31:24,29,B+0.5,6154,7,False,False,False,,-0.88,13.6297,8000
2026-06-27 16:31:37,31,B+0.5,6570,8,False,False,False,,-0.88,13.616,8000
2026-06-27 16:31:49,27,B+0.5,5738,6,False,False,False,,-0.88,13.5899,8000
2026-06-27 16:32:03,31,B+0.5,6570,8,False,False,False,,-0.88,13.5962,8000
2026-06-27 16:32:17,33,B+0.5,6986,9,False,False,False,,-0.88,13.5868,8000
2026-06-27 16:32:30,29,B+0.5,6154,7,False,False,False,,-0.88,13.5935,8000
2026-06-27 16:32:44,29,B+0.5,6154,7,False,False,False,,-0.88,13.6122,8000
2026-06-27 16:32:58,31,B+0.5,6570,8,False,False,False,,-0.88,13.6112,8000
2026-06-27 16:33:11,33,B+0.5,6986,9,True,False,False,,-0.88,13.6296,8000
2026-06-27 16:33:25,33,B+2.5,6986,9,False,False,False,,-0.88,13.6243,8000
2026-06-27 16:33:37,27,B+0.5,5738,6,False,False,False,,-0.88,13.594,8000
2026-06-27 16:33:51,33,B+0.5,6986,9,True,False,False,,-0.88,13.5955,8000
2026-06-27 16:34:06,33,B+0.5,6986,9,False,False,False,,-0.88,13.6138,8000
2026-06-27 16:34:19,31,B+1.5,6570,8,False,False,False,,-0.88,13.6164,8000
2026-06-27 16:34:32,33,B+0.5,6986,9,False,False,False,,-0.88,13.6277,8000
2026-06-27 16:34:46,31,B+0.5,6570,8,False,False,False,,-0.88,13.6283,8000
2026-06-27 16:34:59,31,B+1.5,6570,8,False,False,False,,-0.88,13.6084,8000
2026-06-27 16:35:13,31,B+0.5,6570,8,True,False,False,,-0.88,13.6187,8000
2026-06-27 16:35:25,31,B+0.5,6570,8,True,False,False,,-0.88,13.6156,8000
2026-06-27 16:35:38,31,B+1.5,6570,8,False,False,False,,-0.88,13.5976,8000
2026-06-27 16:35:53,33,B+2.5,6986,9,False,False,False,,-0.88,13.5893,8000
2026-06-27 16:36:06,33,B+1.5,6986,9,True,False,False,,-0.88,13.5658,8000
2026-06-27 16:36:20,31,B+0.5,6570,8,False,False,False,,-0.88,13.5663,8000
2026-06-27 16:36:33,31,B+0.5,6570,8,False,False,False,,-0.88,13.5581,8000
2026-06-27 16:36:47,33,B+0.5,6986,9,True,False,False,,-0.88,13.5663,8000
2026-06-27 16:37:02,33,B+0.5,6986,9,False,False,False,,-0.88,13.5649,8000
2026-06-27 16:37:15,29,B+0.5,6154,7,False,False,False,,-0.88,13.5583,8000
2026-06-27 16:37:27,31,B+0.5,6570,8,False,False,False,,-0.88,13.5511,8000
2026-06-27 16:37:41,29,B+0.5,6154,7,False,False,False,,-0.88,13.5575,8000
2026-06-27 16:37:55,31,B+3.5,6570,8,False,False,False,,-0.88,13.5589,8000
2026-06-27 16:38:09,33,B+0.5,6986,9,True,False,False,,-0.88,13.5498,8000
2026-06-27 16:38:21,27,B+0.5,5738,6,False,False,False,,-0.88,13.5344,8000
2026-06-27 16:38:36,31,B+1.5,6570,8,False,False,False,,-0.88,13.5341,8000
2026-06-27 16:38:48,27,B+0.5,5738,6,False,False,False,,-0.88,13.5218,8000
2026-06-27 16:39:01,33,B+2.5,6986,9,False,False,False,,-0.88,13.5208,8000
2026-06-27 16:39:15,33,B+0.5,6986,9,False,False,False,,-0.88,13.5274,8000
2026-06-27 16:39:29,35,B+0.5,7402,9,False,False,False,,-0.88,13.519,8000
2026-06-27 16:39:44,33,B+0.5,6986,9,False,False,False,,-0.88,13.5334,8000
2026-06-27 16:39:58,33,B+0.5,6986,9,False,False,False,,-0.88,13.5421,8000
2026-06-27 16:40:12,33,B+2.5,6986,9,False,False,False,,-0.88,13.5365,8000
2026-06-27 16:40:26,33,B+0.5,6986,9,False,False,False,,-0.88,13.546,8000
2026-06-27 16:40:40,33,B+0.5,6986,9,False,False,False,,-0.88,13.542,8000
2026-06-27 16:40:56,33,B+0.5,6986,9,False,False,False,,-0.88,13.5688,8000
2026-06-27 16:41:11,33,B+2.5,6986,9,False,False,False,,-0.88,13.5807,8000
2026-06-27 16:41:23,27,B+1.5,5738,6,False,False,False,,-0.88,13.583,8000
2026-06-27 16:41:37,31,B+0.5,6570,8,False,False,False,,-0.88,13.5839,8000
2026-06-27 16:41:53,33,B+0.5,6986,9,False,False,False,,-0.88,13.5977,8000
2026-06-27 16:42:05,29,B+0.5,6154,7,False,False,False,,-0.88,13.5909,8000
2026-06-27 16:42:18,35,B+0.5,7402,9,True,False,False,,-0.88,13.5853,8000
2026-06-27 16:42:30,33,B+0.5,6986,9,False,False,False,,-0.88,13.569,8000
2026-06-27 16:42:44,33,B+0.5,6986,9,True,False,False,,-0.88,13.5717,8000
2026-06-27 16:42:57,33,B+0.5,6986,9,False,False,False,,-0.88,13.5776,8000
2026-06-27 16:43:10,29,B+0.5,6154,7,False,False,False,,-0.88,13.5742,8000
2026-06-27 16:43:25,33,B+0.5,6986,9,False,False,False,,-0.88,13.5872,8000
2026-06-27 16:43:37,29,B+0.5,6154,7,False,False,False,,-0.88,13.5658,8000
2026-06-27 16:43:52,31,B+0.5,6570,8,False,False,False,,-0.88,13.5716,8000
2026-06-27 16:44:06,33,B+0.5,6986,9,False,False,False,,-0.88,13.5672,8000
2026-06-27 16:44:18,31,B+1.5,6570,8,False,False,False,,-0.88,13.5581,8000
2026-06-27 16:44:31,31,B+0.5,6570,8,False,False,False,,-0.88,13.5565,8000
2026-06-27 16:44:46,29,B+0.5,6154,7,False,False,False,,-0.88,13.5586,8000
2026-06-27 16:45:00,33,B+1.5,6986,9,False,False,False,,-0.88,13.5973,8000
2026-06-27 16:45:14,31,B+0.5,6570,8,True,False,False,,-0.88,13.6046,8000
2026-06-27 16:45:28,31,B+0.5,6570,8,False,False,False,,-0.88,13.6058,8000
2026-06-27 16:45:40,31,B+0.5,6570,8,False,False,False,,-0.88,13.5836,8000
2026-06-27 16:45:54,29,B+0.5,6154,7,False,False,False,,-0.88,13.5925,8000
2026-06-27 16:46:06,31,B+0.5,6570,8,False,False,False,,-0.88,13.5754,8000
2026-06-27 16:46:21,31,B+0.5,6570,8,False,False,False,,-0.88,13.5777,8000
2026-06-27 16:46:35,33,B+0.5,6986,9,False,False,False,,-0.88,13.5743,8000
2026-06-27 16:46:51,33,B+0.5,6986,9,False,False,False,,-0.88,13.6006,8000
2026-06-27 16:47:05,31,B+0.5,6570,8,True,False,False,,-0.88,13.5989,8000
2026-06-27 16:47:19,33,B+0.5,6986,9,False,False,False,,-0.88,13.6049,8000
2026-06-27 16:47:32,31,B+3.5,6570,8,False,False,False,,-0.88,13.6053,8000
2026-06-27 16:47:47,33,B+0.5,6986,9,False,False,False,,-0.88,13.6064,8000
2026-06-27 16:48:02,33,B+1.5,6986,8,False,False,False,,-0.88,13.616,8000
2026-06-27 16:48:15,33,B+0.5,6986,9,False,False,False,,-0.88,13.6138,8000
2026-06-27 16:48:30,33,B+0.5,6986,9,False,False,False,,-0.88,13.6206,8000
2026-06-27 16:48:43,31,B+0.5,6570,8,False,False,False,,-0.88,13.6345,8000
2026-06-27 16:48:55,31,B+0.5,6570,8,False,False,False,,-0.88,13.6161,8000
2026-06-27 16:49:09,33,B+0.5,6986,9,False,False,False,,-0.88,13.607,8000
2026-06-27 16:49:23,33,B+0.5,6986,9,False,False,False,,-0.88,13.6246,8000
2026-06-27 16:49:38,31,B+0.5,6570,8,False,False,False,,-0.88,13.6364,8000
2026-06-27 16:49:50,31,B+0.5,6570,8,False,False,False,,-0.88,13.6272,8000
2026-06-27 16:50:05,35,B+0.5,7402,9,False,False,False,,-0.88,13.6436,8000
2026-06-27 16:50:18,31,B+0.5,6570,8,False,False,False,,-0.88,13.6338,8000
2026-06-27 16:50:31,29,B+0.5,6154,7,False,False,False,,-0.88,13.619,8000
2026-06-27 16:52:43,31,B+0.5,6570,8,False,False,False,,-0.88,13.6071,9000
2026-06-27 16:52:57,33,B+0.5,6986,9,False,False,False,,-0.88,13.6245,9000
2026-06-27 16:53:12,31,B+0.5,6570,8,False,False,False,,-0.88,13.646,9000
2026-06-27 16:53:25,31,B+2.5,6570,8,False,False,False,,-0.88,13.6429,9000
2026-06-27 16:53:41,33,B+0.5,6986,9,True,False,False,,-0.88,13.6521,9000
2026-06-27 16:53:55,31,B+0.5,6570,8,False,False,False,,-0.88,13.6542,9000
2026-06-27 16:54:09,31,B+0.5,6570,8,False,False,False,,-0.88,13.6559,9000
2026-06-27 16:54:22,27,B+0.5,5738,6,False,False,False,,-0.88,13.6333,9000
2026-06-27 16:54:37,27,B+1.5,5738,6,False,False,False,,-0.88,13.6529,9000
2026-06-27 16:54:50,29,B+0.5,6154,7,False,False,False,,-0.88,13.6462,9000
2026-06-27 16:55:03,29,B+1.5,6154,7,False,False,False,,-0.88,13.6464,9000
2026-06-27 16:55:17,29,B+0.5,6154,7,True,False,False,,-0.88,13.6566,9000
2026-06-27 16:55:31,29,B+0.5,6154,7,False,False,False,,-0.88,13.6671,9000
2026-06-27 16:55:45,31,B+0.5,6570,8,False,False,False,,-0.88,13.6654,9000
2026-06-27 16:56:01,35,B+3.5,7402,10,False,False,False,,-0.88,13.6918,9000
2026-06-27 16:56:15,33,B+0.5,6986,9,False,False,False,,-0.88,13.7029,9000
2026-06-27 16:56:29,33,B+0.5,6986,9,False,False,False,,-0.88,13.7198,9000
2026-06-27 16:56:40,25,B+0.5,5322,5,False,False,False,,-0.88,13.6946,9000
2026-06-27 16:56:55,33,B+0.5,6986,9,False,False,False,,-0.88,13.7045,9000
2026-06-27 16:57:08,31,B+0.5,6570,8,False,False,False,,-0.88,13.6979,9000
2026-06-27 16:57:22,31,B+1.5,6570,8,False,False,False,,-0.88,13.6981,9000
2026-06-27 16:57:35,33,B+0.5,6986,9,False,False,False,,-0.88,13.6961,9000
2026-06-27 16:57:48,29,B+1.5,6154,7,False,False,False,,-0.88,13.6911,9000
2026-06-27 16:58:00,31,B+1.5,6570,8,False,False,False,,-0.88,13.6784,9000
2026-06-27 16:58:14,33,B+0.5,6986,9,False,False,False,,-0.88,13.6952,9000
2026-06-27 16:58:29,33,B+0.5,6986,9,True,False,False,,-0.88,13.702,9000
2026-06-27 16:58:44,33,B+1.5,6986,9,False,False,False,,-0.88,13.7056,9000
2026-06-27 16:58:58,33,B+2.5,6986,9,False,False,False,,-0.88,13.7196,9000
2026-06-27 16:59:13,33,B+6.5,6986,8,False,False,False,,-0.88,13.739,9000
2026-06-27 16:59:25,31,B+0.5,6570,8,False,False,False,,-0.88,13.7216,9000
2026-06-27 16:59:37,29,B+1.5,6154,7,False,False,False,,-0.88,13.7121,9000
2026-06-27 16:59:52,31,B+3.5,6570,8,False,False,False,,-0.88,13.7202,9000
2026-06-27 17:00:06,29,B+0.5,6154,7,False,False,False,,-0.88,13.7334,9000
2026-06-27 17:00:20,33,B+0.5,6986,9,False,False,False,,-0.88,13.7435,9000
2026-06-27 17:00:34,33,B+0.5,6986,9,False,False,False,,-0.88,13.743,9000
2026-06-27 17:00:48,33,B+0.5,6986,9,False,False,False,,-0.88,13.7479,9000
2026-06-27 17:01:00,29,B+0.5,6154,7,False,False,False,,-0.88,13.7307,9000
2026-06-27 17:01:12,23,B+0.5,4906,4,False,False,False,,-0.88,13.7172,9000
2026-06-27 17:01:26,31,B+0.5,6570,8,False,False,False,,-0.88,13.7149,9000
2026-06-27 17:01:41,37,B+2.5,7818,11,False,False,False,,-0.88,13.7222,9000
2026-06-27 17:01:54,31,B+0.5,6570,8,False,False,False,,-0.88,13.7159,9000
2026-06-27 17:02:07,31,B+0.5,6570,8,False,False,False,,-0.88,13.7227,9000
2026-06-27 17:02:20,31,B+0.5,6570,8,False,False,False,,-0.88,13.7092,9000
2026-06-27 17:02:33,31,B+1.5,6570,8,False,False,False,,-0.88,13.7068,9000
2026-06-27 17:02:47,33,B+2.5,6986,9,False,False,False,,-0.88,13.7074,9000
2026-06-27 17:03:02,35,B+0.5,7402,9,False,False,False,,-0.88,13.7329,9000
2026-06-27 17:03:16,33,B+0.5,6986,9,False,False,False,,-0.88,13.7251,9000
2026-06-27 17:03:31,33,B+0.5,6986,9,False,False,False,,-0.88,13.7565,9000
2026-06-27 17:03:47,33,B+0.5,6986,9,False,False,False,,-0.88,13.7812,9000
2026-06-27 17:03:59,31,B+5.5,6570,8,False,False,False,,-0.88,13.7708,9000
2026-06-27 17:04:13,31,B+0.5,6570,8,False,False,False,,-0.88,13.7606,9000
2026-06-27 17:04:26,31,B+0.5,6570,8,False,False,False,,-0.88,13.7383,9000
2026-06-27 17:04:39,29,B+1.5,6154,7,False,False,False,,-0.88,13.7318,9000
2026-06-27 17:04:53,31,B+0.5,6570,8,False,False,False,,-0.88,13.7375,9000
2026-06-27 17:05:06,31,B+0.5,6570,8,False,False,False,,-0.88,13.7186,9000
2026-06-27 17:05:19,31,B+0.5,6570,8,False,False,False,,-0.88,13.709,9000
2026-06-27 17:05:32,35,B+0.5,7402,10,False,False,False,,-0.88,13.6856,9000
2026-06-27 17:05:46,33,B+0.5,6986,9,False,False,False,,-0.88,13.6817,9000
2026-06-27 17:05:59,29,B+0.5,6154,7,False,False,False,,-0.88,13.6836,9000
2026-06-27 17:06:13,31,B+0.5,6570,8,False,False,False,,-0.88,13.6775,9000
2026-06-27 17:06:26,31,B+0.5,6570,8,False,False,False,,-0.88,13.6609,9000
2026-06-27 17:06:40,33,B+0.5,6986,9,False,False,False,,-0.88,13.6717,9000
2026-06-27 17:06:53,31,B+1.5,6570,8,False,False,False,,-0.88,13.6723,9000
2026-06-27 17:07:06,31,B+0.5,6570,8,False,False,False,,-0.88,13.6802,9000
2026-06-27 17:07:18,27,B+0.5,5738,6,False,False,False,,-0.88,13.6669,9000
2026-06-27 17:07:32,31,B+0.5,6570,8,False,False,False,,-0.88,13.6767,9000
2026-06-27 17:07:43,25,B+0.5,5322,5,False,False,False,,-0.88,13.6615,9000
2026-06-27 17:07:59,33,B+0.5,6986,9,False,False,False,,-0.88,13.6716,9000
2026-06-27 17:08:13,33,B+0.5,6986,9,False,False,False,,-0.88,13.6825,9000
2026-06-27 17:08:27,33,B+0.5,6986,9,False,False,False,,-0.88,13.6752,9000
2026-06-27 17:08:40,31,B+0.5,6570,8,False,False,False,,-0.88,13.6727,9000
2026-06-27 17:08:52,29,B+0.5,6154,7,True,False,False,,-0.88,13.666,9000
2026-06-27 17:09:08,35,B+0.5,7402,9,False,False,False,,-0.88,13.6928,9000
2026-06-27 17:09:21,31,B+0.5,6570,8,False,False,False,,-0.88,13.6774,9000
2026-06-27 17:09:32,25,B+4.5,5322,5,False,False,False,,-0.88,13.6469,9000
2026-06-27 17:09:46,27,B+0.5,5738,6,False,False,False,,-0.88,13.6374,9000
2026-06-27 17:09:57,27,B+1.5,5738,6,False,False,False,,-0.88,13.6224,9000
2026-06-27 17:10:11,29,B+0.5,6154,7,False,False,False,,-0.88,13.628,9000
2026-06-27 17:10:26,33,B+0.5,6986,9,False,False,False,,-0.88,13.6458,9000
2026-06-27 17:10:41,33,B+1.5,6986,9,False,False,False,,-0.88,13.6699,9000
2026-06-27 17:10:55,33,B+3.5,6986,9,False,False,False,,-0.88,13.6711,9000
2026-06-27 17:11:09,33,B+0.5,6986,9,False,False,False,,-0.88,13.669,9000
2026-06-27 17:11:23,33,B+0.5,6986,9,False,False,False,,-0.88,13.6518,9000
2026-06-27 17:11:37,31,B+0.5,6570,8,True,False,False,,-0.88,13.6495,9000
2026-06-27 17:11:51,31,B+0.5,6570,8,False,False,False,,-0.88,13.6434,9000
2026-06-27 17:12:05,31,B+0.5,6570,7,False,False,False,,-0.88,13.653,9000
2026-06-27 17:12:19,31,B+0.5,6570,8,False,False,False,,-0.88,13.6419,9000
2026-06-27 17:12:30,27,B+0.5,5738,6,True,False,False,,-0.88,13.6105,9000
2026-06-27 17:12:44,31,B+0.5,6570,8,False,False,False,,-0.88,13.6144,9000
2026-06-27 17:13:01,35,B+0.5,7402,9,True,False,False,,-0.88,13.6351,9000
2026-06-27 17:13:14,33,B+0.5,6986,9,True,False,False,,-0.88,13.6388,9000
2026-06-27 17:13:29,31,B+0.5,6570,8,False,False,False,,-0.88,13.6572,9000
2026-06-27 17:13:43,33,B+0.5,6986,9,False,False,False,,-0.88,13.6651,9000
2026-06-27 17:13:57,33,B+0.5,6986,8,False,False,False,,-0.88,13.6676,9000
2026-06-27 17:14:10,27,B+0.5,5738,6,False,False,False,,-0.88,13.6499,9000
2026-06-27 17:14:25,31,B+0.5,6570,8,False,False,False,,-0.88,13.6799,9000
2026-06-27 17:14:39,33,B+1.5,6986,9,False,False,False,,-0.88,13.6643,9000
2026-06-27 17:14:52,29,B+0.5,6154,7,False,False,False,,-0.88,13.6589,9000
2026-06-27 17:15:05,33,B+0.5,6986,9,False,False,False,,-0.88,13.6655,9000
2026-06-27 17:15:19,29,B+0.5,6154,7,False,False,False,,-0.88,13.7098,9000
2026-06-27 17:15:32,31,B+1.5,6570,8,False,False,False,,-0.88,13.6942,9000
2026-06-27 17:15:46,33,B+0.5,6986,9,True,False,False,,-0.88,13.6838,9000
2026-06-27 17:15:58,29,B+2.5,6154,7,True,False,False,,-0.88,13.6638,9000
2026-06-27 17:16:11,29,B+0.5,6154,7,False,False,False,,-0.88,13.6583,9000
2026-06-27 17:16:24,29,B+0.5,6154,7,False,False,False,,-0.88,13.628,9000
2026-06-27 17:16:37,31,B+0.5,6570,8,False,False,False,,-0.88,13.6159,9000
2026-06-27 17:16:51,33,B+0.5,6986,9,False,False,False,,-0.88,13.6263,9000
2026-06-27 17:17:07,35,B+0.5,7402,9,False,False,False,,-0.88,13.6498,9000
2026-06-27 17:17:22,33,B+0.5,6986,9,False,False,False,,-0.88,13.6475,9000
2026-06-27 17:17:34,31,B+0.5,6570,8,False,False,False,,-0.88,13.6397,9000
2026-06-27 17:17:47,31,B+0.5,6570,8,False,False,False,,-0.88,13.6426,9000
2026-06-27 17:18:00,31,B+0.5,6570,8,False,False,False,,-0.88,13.6296,9000
2026-06-27 17:18:14,33,B+0.5,6986,9,False,False,False,,-0.88,13.6334,9000
2026-06-27 17:18:27,29,B+0.5,6154,7,False,False,False,,-0.88,13.6126,9000
2026-06-27 17:18:41,33,B+2.5,6986,9,True,False,False,,-0.88,13.606,9000
2026-06-27 17:18:57,33,B+0.5,6986,9,False,False,False,,-0.88,13.6157,9000
2026-06-27 17:19:10,33,B+0.5,6986,9,False,False,False,,-0.88,13.6099,9000
2026-06-27 17:19:23,33,B+0.5,6986,9,False,False,False,,-0.88,13.6269,9000
2026-06-27 17:19:38,33,B+0.5,6986,9,False,False,False,,-0.88,13.6282,9000
2026-06-27 17:19:51,33,B+0.5,6986,9,False,False,False,,-0.88,13.6329,9000
2026-06-27 17:20:05,33,B+0.5,6986,9,False,False,False,,-0.88,13.6355,9000
2026-06-27 17:20:19,31,B+0.5,6570,8,False,False,False,,-0.88,13.6379,9000
2026-06-27 17:20:32,29,B+0.5,6154,7,False,False,False,,-0.88,13.6349,9000
2026-06-27 17:20:43,29,B+1.5,6154,7,False,False,False,,-0.88,13.6279,9000
2026-06-27 17:20:58,33,B+0.5,6986,9,False,False,False,,-0.88,13.6392,9000
2026-06-27 17:21:12,33,B+1.5,6986,9,False,False,False,,-0.88,13.6326,9000
2026-06-27 17:21:26,29,B+0.5,6154,7,False,False,False,,-0.88,13.6178,9000
2026-06-27 17:21:38,29,B+2.5,6154,7,False,False,False,,-0.88,13.5975,9000
2026-06-27 17:21:50,31,B+0.5,6570,8,True,False,False,,-0.88,13.5704,9000
2026-06-27 17:22:04,27,B+1.5,5738,6,False,False,False,,-0.88,13.5902,9000
2026-06-27 17:22:17,31,B+0.5,6570,8,False,False,False,,-0.88,13.5924,9000
2026-06-27 17:22:29,29,B+0.5,6154,7,False,False,False,,-0.88,13.5661,9000
2026-06-27 17:22:44,35,B+0.5,7402,9,False,False,False,,-0.88,13.5821,9000
2026-06-27 17:22:57,29,B+0.5,6154,7,False,False,False,,-0.88,13.5703,9000
2026-06-27 17:23:13,31,B+0.5,6570,8,False,False,False,,-0.88,13.5816,9000
2026-06-27 17:23:26,31,B+1.5,6570,8,False,False,False,,-0.88,13.5795,9000
2026-06-27 17:23:39,29,B+0.5,6154,7,False,False,False,,-0.88,13.5815,9000
2026-06-27 17:23:51,29,B+0.5,6154,7,False,False,False,,-0.88,13.5913,9000
2026-06-27 17:24:06,33,B+0.5,6986,9,False,False,False,,-0.88,13.5986,9000
2026-06-27 17:24:20,33,B+0.5,6986,9,False,False,False,,-0.88,13.5829,9000
2026-06-27 17:24:33,31,B+0.5,6570,8,False,False,False,,-0.88,13.5883,9000
2026-06-27 17:24:47,31,B+0.5,6570,8,False,False,False,,-0.88,13.596,9000
2026-06-27 17:25:01,33,B+0.5,6986,9,False,False,False,,-0.88,13.614,9000
2026-06-27 17:25:13,27,B+0.5,5738,6,False,False,False,,-0.88,13.5988,9000
2026-06-27 17:25:27,35,B+1.5,7402,10,True,False,False,,-0.88,13.6025,9000
2026-06-27 17:25:43,33,B+0.5,6986,9,False,False,False,,-0.88,13.6073,9000
2026-06-27 17:25:56,31,B+0.5,6570,8,False,False,False,,-0.88,13.5992,9000
2026-06-27 17:26:09,35,B+1.5,7402,10,False,False,False,,-0.88,13.5753,9000
2026-06-27 17:26:22,29,B+0.5,6154,7,False,False,False,,-0.88,13.55,9000
2026-06-27 17:26:36,33,B+0.5,6986,9,False,False,False,,-0.88,13.5654,9000
2026-06-27 17:26:49,31,B+1.5,6570,8,False,False,False,,-0.88,13.5653,9000
2026-06-27 17:27:03,31,B+0.5,6570,8,False,False,False,,-0.88,13.5713,9000
2026-06-27 17:27:16,33,B+0.5,6986,9,False,False,False,,-0.88,13.5704,9000
2026-06-27 17:27:29,29,B+1.5,6154,7,False,False,False,,-0.88,13.5623,9000
2026-06-27 17:27:44,33,B+1.5,6986,9,False,False,False,,-0.88,13.5791,9000
2026-06-27 17:27:56,29,B+0.5,6154,7,False,False,False,,-0.88,13.5756,9000
2026-06-27 17:28:11,33,B+0.5,6986,9,False,False,False,,-0.88,13.592,9000
2026-06-27 17:28:25,33,B+4.5,6986,9,False,False,False,,-0.88,13.5855,9000
2026-06-27 17:28:39,31,B+0.5,6570,8,False,False,False,,-0.88,13.591,9000
2026-06-27 17:28:54,33,B+0.5,6986,9,False,False,False,,-0.88,13.6074,9000
2026-06-27 17:29:08,31,B+1.5,6570,8,False,False,False,,-0.88,13.6157,9000
2026-06-27 17:29:22,33,B+2.5,6986,9,False,False,False,,-0.88,13.6263,9000
2026-06-27 17:29:38,33,B+0.5,6986,9,False,False,False,,-0.88,13.6468,9000
2026-06-27 17:29:52,33,B+1.5,6986,9,False,False,False,,-0.88,13.6643,9000
2026-06-27 17:30:05,33,B+2.5,6986,9,True,False,False,,-0.88,13.6702,9000
2026-06-27 17:30:20,33,B+0.5,6986,9,False,False,False,,-0.88,13.681,9000
2026-06-27 17:30:34,33,B+0.5,6986,9,False,False,False,,-0.88,13.7033,9000
2026-06-27 17:30:48,31,B+0.5,6570,8,False,False,False,,-0.88,13.6829,9000
2026-06-27 17:31:02,31,B+0.5,6570,8,False,False,False,,-0.88,13.6885,9000
2026-06-27 17:31:15,29,B+0.5,6154,7,False,False,False,,-0.88,13.6777,9000
2026-06-27 17:31:29,33,B+1.5,6986,9,False,False,False,,-0.88,13.6824,9000
2026-06-27 17:31:43,31,B+0.5,6570,8,False,False,False,,-0.88,13.7066,9000
2026-06-27 17:31:56,31,B+1.5,6570,8,False,False,False,,-0.88,13.6782,9000
2026-06-27 17:32:10,31,B+0.5,6570,8,False,False,False,,-0.88,13.6859,9000
2026-06-27 17:32:22,29,B+1.5,6154,7,True,False,False,,-0.88,13.6999,9000
2026-06-27 17:32:36,29,B+0.5,6154,7,False,False,False,,-0.88,13.6995,9000
2026-06-27 17:32:51,31,B+1.5,6570,8,False,False,False,,-0.88,13.7313,9000
2026-06-27 17:33:03,29,B+0.5,6154,7,False,False,False,,-0.88,13.7264,9000
2026-06-27 17:35:21,31,B+1.5,6562,7,False,False,False,,-0.88,13.7015,10000
2026-06-27 17:35:33,25,B+0.5,5314,5,False,False,False,,-0.88,13.6791,10000
2026-06-27 17:35:47,31,B+0.5,6562,8,False,False,False,,-0.88,13.6697,10000
2026-06-27 17:36:00,31,B+0.5,6562,8,False,False,False,,-0.88,13.6612,10000
2026-06-27 17:36:15,33,B+0.5,6978,9,False,False,False,,-0.88,13.6772,10000
2026-06-27 17:36:29,33,B+0.5,6978,9,False,False,False,,-0.88,13.6832,10000
2026-06-27 17:36:45,31,B+0.5,6562,7,False,False,False,,-0.88,13.6998,10000
2026-06-27 17:37:00,33,B+0.5,6978,9,False,False,False,,-0.88,13.713,10000
2026-06-27 17:37:15,31,B+1.5,6562,8,False,False,False,,-0.88,13.743,10000
2026-06-27 17:37:29,33,B+0.5,6978,9,False,False,False,,-0.88,13.7438,10000
2026-06-27 17:37:42,35,B+0.5,7394,10,False,False,False,,-0.88,13.7167,10000
2026-06-27 17:37:55,27,B+2.5,5730,6,False,False,False,,-0.88,13.7054,10000
2026-06-27 17:38:09,33,B+2.5,6978,9,False,False,False,,-0.88,13.704,10000
2026-06-27 17:38:24,33,B+1.5,6978,9,False,False,False,,-0.88,13.7154,10000
2026-06-27 17:38:40,33,B+2.5,6978,8,False,False,False,,-0.88,13.722,10000
2026-06-27 17:38:52,31,B+0.5,6562,8,False,False,False,,-0.88,13.7217,10000
2026-06-27 17:39:08,33,B+1.5,6978,8,False,False,False,,-0.88,13.7251,10000
2026-06-27 17:39:22,33,B+0.5,6978,9,False,False,False,,-0.88,13.7331,10000
2026-06-27 17:39:35,29,B+0.5,6146,7,False,False,False,,-0.88,13.7347,10000
2026-06-27 17:39:48,33,B+0.5,6978,9,False,False,False,,-0.88,13.7302,10000
2026-06-27 17:39:59,25,B+0.5,5314,5,False,False,False,,-0.88,13.6975,10000
2026-06-27 17:40:12,31,B+0.5,6562,8,False,False,False,,-0.88,13.6928,10000
2026-06-27 17:40:25,31,B+0.5,6562,8,False,False,False,,-0.88,13.6858,10000
2026-06-27 17:40:38,33,B+0.5,6978,9,False,False,False,,-0.88,13.6979,10000
2026-06-27 17:40:53,33,B+0.5,6978,9,False,False,False,,-0.88,13.7153,10000
2026-06-27 17:41:06,31,B+0.5,6562,8,False,False,False,,-0.88,13.7229,10000
2026-06-27 17:41:20,33,B+2.5,6978,9,False,False,False,,-0.88,13.7262,10000
2026-06-27 17:41:32,31,B+1.5,6562,8,False,False,False,,-0.88,13.7069,10000
2026-06-27 17:41:47,33,B+2.5,6978,9,False,False,False,,-0.88,13.694,10000
2026-06-27 17:42:02,33,B+0.5,6978,9,False,False,False,,-0.88,13.7024,10000
2026-06-27 17:42:16,31,B+0.5,6562,8,False,False,False,,-0.88,13.7187,10000
2026-06-27 17:42:30,31,B+0.5,6562,8,False,False,False,,-0.88,13.7254,10000
2026-06-27 17:42:43,33,B+0.5,6978,9,False,False,False,,-0.88,13.7288,10000
2026-06-27 17:42:56,31,B+0.5,6562,8,False,False,False,,-0.88,13.7152,10000
2026-06-27 17:43:10,33,B+0.5,6978,9,False,False,False,,-0.88,13.734,10000
2026-06-27 17:43:25,31,B+0.5,6562,7,False,False,False,,-0.88,13.732,10000
2026-06-27 17:43:38,33,B+0.5,6978,9,False,False,False,,-0.88,13.7135,10000
2026-06-27 17:43:52,35,B+1.5,7394,9,False,False,False,,-0.88,13.7206,10000
2026-06-27 17:44:06,33,B+0.5,6978,9,False,False,False,,-0.88,13.7295,10000
2026-06-27 17:44:20,33,B+0.5,6978,9,False,False,False,,-0.88,13.717,10000
2026-06-27 17:44:32,29,B+0.5,6146,7,False,False,False,,-0.88,13.7048,10000
2026-06-27 17:44:44,31,B+0.5,6562,8,False,False,False,,-0.88,13.6826,10000
2026-06-27 17:44:59,37,B+0.5,7810,10,False,False,False,,-0.88,13.7043,10000
2026-06-27 17:45:13,29,B+0.5,6146,7,False,False,False,,-0.88,13.7135,10000
2026-06-27 17:45:26,31,B+1.5,6562,8,True,False,False,,-0.88,13.728,10000
2026-06-27 17:45:39,29,B+1.5,6146,7,False,False,False,,-0.88,13.706,10000
2026-06-27 17:45:53,33,B+0.5,6978,9,False,False,False,,-0.88,13.7047,10000
2026-06-27 17:46:07,33,B+2.5,6978,9,False,False,False,,-0.88,13.7068,10000
2026-06-27 17:46:20,31,B+1.5,6562,8,False,False,False,,-0.88,13.7105,10000
2026-06-27 17:46:32,27,B+0.5,5730,6,False,False,False,,-0.88,13.7134,10000
2026-06-27 17:46:44,31,B+2.5,6562,8,False,False,False,,-0.88,13.6994,10000
2026-06-27 17:46:57,33,B+0.5,6978,9,False,False,False,,-0.88,13.7036,10000
2026-06-27 17:47:10,31,B+0.5,6562,8,False,False,False,,-0.88,13.7118,10000
2026-06-27 17:47:24,29,B+0.5,6146,6,False,False,False,,-0.88,13.697,10000
2026-06-27 17:47:38,33,B+0.5,6978,9,True,False,False,,-0.88,13.7053,10000
2026-06-27 17:47:51,31,B+0.5,6562,8,True,False,False,,-0.88,13.6826,10000
2026-06-27 17:48:04,31,B+0.5,6562,8,False,False,False,,-0.88,13.6786,10000
2026-06-27 17:48:17,31,B+2.5,6562,8,False,False,False,,-0.88,13.6832,10000
2026-06-27 17:48:31,33,B+0.5,6978,9,True,False,False,,-0.88,13.695,10000
2026-06-27 17:48:46,35,B+1.5,7394,10,False,False,False,,-0.88,13.6951,10000
2026-06-27 17:48:59,31,B+0.5,6562,8,False,False,False,,-0.88,13.6941,10000
2026-06-27 17:49:12,33,B+0.5,6978,9,False,False,False,,-0.88,13.6953,10000
2026-06-27 17:49:28,33,B+1.5,6978,9,False,False,False,,-0.88,13.7078,10000
2026-06-27 17:49:41,31,B+0.5,6562,8,False,False,False,,-0.88,13.7014,10000
2026-06-27 17:49:54,27,B+0.5,5730,6,False,False,False,,-0.88,13.7066,10000
2026-06-27 17:50:08,35,B+0.5,7394,10,False,False,False,,-0.88,13.7094,10000
2026-06-27 17:50:21,27,B+0.5,5730,6,False,False,False,,-0.88,13.6791,10000
2026-06-27 17:50:31,23,B+1.5,4898,4,False,False,False,,-0.88,13.6566,10000
2026-06-27 17:50:46,33,B+0.5,6978,9,False,False,False,,-0.88,13.6636,10000
2026-06-27 17:50:59,33,B+0.5,6978,9,False,False,False,,-0.88,13.6682,10000
2026-06-27 17:51:13,33,B+0.5,6978,9,False,False,False,,-0.88,13.6743,10000
2026-06-27 17:51:28,33,B+0.5,6978,9,False,False,False,,-0.88,13.6802,10000
2026-06-27 17:51:41,33,B+0.5,6978,9,False,False,False,,-0.88,13.6741,10000
2026-06-27 17:51:54,31,B+0.5,6562,8,False,False,False,,-0.88,13.6735,10000
2026-06-27 17:52:08,33,B+1.5,6978,9,False,False,False,,-0.88,13.6804,10000
2026-06-27 17:52:20,31,B+0.5,6562,8,False,False,False,,-0.88,13.66,10000
2026-06-27 17:52:34,31,B+0.5,6562,8,False,False,False,,-0.88,13.6702,10000
2026-06-27 17:52:45,27,B+1.5,5730,6,False,False,False,,-0.88,13.6393,10000
2026-06-27 17:52:58,31,B+0.5,6562,8,False,False,False,,-0.88,13.6295,10000
2026-06-27 17:53:12,35,B+0.5,7394,10,False,False,False,,-0.88,13.6297,10000
2026-06-27 17:53:26,31,B+3.5,6562,8,False,False,False,,-0.88,13.6204,10000
2026-06-27 17:53:38,31,B+0.5,6562,8,False,False,False,,-0.88,13.6024,10000
2026-06-27 17:53:53,33,B+0.5,6978,9,False,False,False,,-0.88,13.5992,10000
2026-06-27 17:54:06,31,B+0.5,6562,8,False,False,False,,-0.88,13.583,10000
2026-06-27 17:54:20,31,B+0.5,6562,8,True,False,False,,-0.88,13.5779,10000
2026-06-27 17:54:34,29,B+0.5,6146,7,False,False,False,,-0.88,13.578,10000
2026-06-27 17:54:46,31,B+0.5,6562,8,False,False,False,,-0.88,13.5573,10000
2026-06-27 17:54:59,27,B+0.5,5730,6,True,False,False,,-0.88,13.5508,10000
2026-06-27 17:55:12,31,B+0.5,6562,8,False,False,False,,-0.88,13.5455,10000
2026-06-27 17:55:27,31,B+0.5,6562,8,False,False,False,,-0.88,13.5465,10000
2026-06-27 17:55:42,31,B+0.5,6562,7,False,False,False,,-0.88,13.5748,10000
2026-06-27 17:55:56,33,B+1.5,6978,9,False,False,False,,-0.88,13.5716,10000
2026-06-27 17:56:11,33,B+2.5,6978,9,False,False,False,,-0.88,13.5757,10000
2026-06-27 17:56:25,33,B+0.5,6978,9,False,False,False,,-0.88,13.5863,10000
2026-06-27 17:56:39,33,B+0.5,6978,9,True,False,False,,-0.88,13.5929,10000
2026-06-27 17:56:53,35,B+2.5,7394,10,False,False,False,,-0.88,13.5993,10000
2026-06-27 17:57:06,31,B+0.5,6562,8,False,False,False,,-0.88,13.5977,10000
2026-06-27 17:57:21,33,B+0.5,6978,9,False,False,False,,-0.88,13.5968,10000
2026-06-27 17:57:34,31,B+0.5,6562,8,False,False,False,,-0.88,13.6062,10000
2026-06-27 17:57:48,33,B+0.5,6978,9,False,False,False,,-0.88,13.6114,10000
2026-06-27 17:58:02,33,B+0.5,6978,9,False,False,False,,-0.88,13.6104,10000
2026-06-27 17:58:17,33,B+1.5,6978,9,False,False,False,,-0.88,13.6377,10000
2026-06-27 17:58:31,33,B+0.5,6978,9,False,False,False,,-0.88,13.6407,10000
2026-06-27 17:58:45,33,B+0.5,6978,9,False,False,False,,-0.88,13.6568,10000
2026-06-27 17:58:59,33,B+2.5,6978,9,False,False,False,,-0.88,13.6431,10000
2026-06-27 17:59:14,33,B+0.5,6978,9,False,False,False,,-0.88,13.6447,10000
2026-06-27 17:59:28,31,B+1.5,6562,8,False,False,False,,-0.88,13.6254,10000
2026-06-27 17:59:42,33,B+1.5,6978,9,False,False,False,,-0.88,13.6167,10000
2026-06-27 17:59:55,33,B+0.5,6978,9,False,False,False,,-0.88,13.6046,10000
2026-06-27 18:00:10,33,B+0.5,6978,9,False,False,False,,-0.88,13.611,10000
2026-06-27 18:00:22,29,B+0.5,6146,7,False,False,False,,-0.88,13.5931,10000
2026-06-27 18:00:35,31,B+0.5,6562,8,False,False,False,,-0.88,13.597,10000
2026-06-27 18:01:15,81,B+2.5,16962,11,False,False,False,,-0.88,13.8516,10000
2026-06-27 18:01:28,33,B+0.5,6978,9,False,False,False,,-0.88,13.8307,10000
2026-06-27 18:01:43,33,B+0.5,6978,9,False,False,False,,-0.88,13.8324,10000
2026-06-27 18:01:56,29,B+0.5,6146,7,False,False,False,,-0.88,13.8316,10000
2026-06-27 18:02:10,33,B+3.5,6978,9,False,False,False,,-0.88,13.8213,10000
2026-06-27 18:02:26,35,B+0.5,7394,10,False,False,False,,-0.88,13.8351,10000
2026-06-27 18:02:40,33,B+0.5,6978,9,False,False,False,,-0.88,13.847,10000
2026-06-27 18:02:55,33,B+0.5,6978,9,False,False,False,,-0.88,13.8687,10000
2026-06-27 18:03:07,29,B+1.5,6146,7,False,False,False,,-0.88,13.8807,10000
2026-06-27 18:03:20,33,B+0.5,6978,9,False,False,False,,-0.88,13.8865,10000
2026-06-27 18:03:34,31,B+0.5,6562,8,True,False,False,,-0.88,13.8971,10000
2026-06-27 18:03:47,31,B+0.5,6562,8,False,False,False,,-0.88,13.8883,10000
2026-06-27 18:04:01,33,B+0.5,6978,9,False,False,False,,-0.88,13.8852,10000
2026-06-27 18:04:14,31,B+0.5,6562,8,False,False,False,,-0.88,13.8768,10000
2026-06-27 18:04:26,25,B+0.5,5314,5,False,False,False,,-0.88,13.8572,10000
2026-06-27 18:04:38,25,B+2.5,5314,5,False,False,False,,-0.88,13.8575,10000
2026-06-27 18:04:52,31,B+0.5,6562,8,False,False,False,,-0.88,13.8501,10000
2026-06-27 18:05:04,29,B+0.5,6146,7,False,False,False,,-0.88,13.816,10000
2026-06-27 18:05:18,31,B+1.5,6562,8,False,False,False,,-0.88,13.813,10000
2026-06-27 18:05:31,31,B+0.5,6562,8,False,False,False,,-0.88,13.8108,10000
2026-06-27 18:05:43,29,B+0.5,6146,7,True,False,False,,-0.88,13.8021,10000
2026-06-27 18:05:58,31,B+1.5,6562,7,False,False,False,,-0.88,13.8169,10000
2026-06-27 18:06:13,33,B+0.5,6978,9,False,False,False,,-0.88,13.8197,10000
2026-06-27 18:06:25,31,B+1.5,6562,8,False,False,False,,-0.88,13.8045,10000
2026-06-27 18:06:41,35,B+1.5,7394,10,False,False,False,,-0.88,13.8256,10000
2026-06-27 18:06:53,29,B+2.5,6146,7,False,False,False,,-0.88,13.811,10000
2026-06-27 18:07:06,33,B+2.5,6978,9,False,False,False,,-0.88,13.7979,10000
2026-06-27 18:07:19,31,B+0.5,6562,8,False,False,False,,-0.88,13.793,10000
2026-06-27 18:07:33,33,B+0.5,6978,9,False,False,False,,-0.88,13.811,10000
2026-06-27 18:07:48,33,B+0.5,6978,8,False,False,False,,-0.88,13.842,10000
2026-06-27 18:08:02,31,B+0.5,6562,8,False,False,False,,-0.88,13.8207,10000
2026-06-27 18:08:15,31,B+0.5,6562,8,False,False,False,,-0.88,13.8203,10000
2026-06-27 18:08:28,31,B+0.5,6562,8,False,False,False,,-0.88,13.8201,10000
2026-06-27 18:08:42,33,B+0.5,6978,9,False,False,False,,-0.88,13.8252,10000
2026-06-27 18:08:55,33,B+0.5,6978,9,False,False,False,,-0.88,13.8247,10000
2026-06-27 18:09:09,33,B+0.5,6978,9,True,False,False,,-0.88,13.8232,10000
2026-06-27 18:09:22,33,B+1.5,6978,9,False,False,False,,-0.88,13.8255,10000
2026-06-27 18:09:36,31,B+0.5,6562,7,False,False,False,,-0.88,13.8385,10000
2026-06-27 18:09:48,27,B+0.5,5730,6,False,False,False,,-0.88,13.8292,10000
2026-06-27 18:10:02,31,B+0.5,6562,8,False,False,False,,-0.88,13.8434,10000
2026-06-27 18:10:14,33,B+0.5,6978,9,False,False,False,,-0.88,13.8369,10000
2026-06-27 18:10:28,31,B+0.5,6562,8,True,False,False,,-0.88,13.8347,10000
2026-06-27 18:10:42,33,B+0.5,6978,9,False,False,False,,-0.88,13.8363,10000
2026-06-27 18:10:55,33,B+0.5,6978,9,False,False,False,,-0.88,13.8363,10000
2026-06-27 18:11:07,27,B+0.5,5730,6,False,False,False,,-0.88,13.8305,10000
2026-06-27 18:11:22,33,B+0.5,6978,9,False,False,False,,-0.88,13.8422,10000
2026-06-27 18:11:37,33,B+0.5,6978,9,False,False,False,,-0.88,13.8551,10000
2026-06-27 18:11:51,33,B+0.5,6978,9,False,False,False,,-0.88,13.85,10000
2026-06-27 18:12:05,31,B+0.5,6562,8,False,False,False,,-0.88,13.8508,10000
2026-06-27 18:12:18,31,B+0.5,6562,8,False,False,False,,-0.88,13.8548,10000
2026-06-27 18:12:32,35,B+1.5,7394,10,False,False,False,,-0.88,13.8393,10000
2026-06-27 18:12:45,31,B+0.5,6562,8,False,False,False,,-0.88,13.8324,10000
2026-06-27 18:12:57,31,B+0.5,6562,8,True,False,False,,-0.88,13.8351,10000
2026-06-27 18:13:11,33,B+0.5,6978,8,False,False,False,,-0.88,13.8238,10000
2026-06-27 18:13:24,29,B+0.5,6146,7,False,False,False,,-0.88,13.8272,10000
2026-06-27 18:13:38,33,B+0.5,6978,9,False,False,False,,-0.88,13.8656,10000
2026-06-27 18:13:52,33,B+1.5,6978,9,False,False,False,,-0.88,13.8604,10000
2026-06-27 18:14:04,31,B+0.5,6562,8,False,False,False,,-0.88,13.8516,10000
2026-06-27 18:14:18,35,B+1.5,7394,10,False,False,False,,-0.88,13.8417,10000
2026-06-27 18:14:32,33,B+0.5,6978,9,False,False,False,,-0.88,13.8415,10000
2026-06-27 18:14:45,31,B+0.5,6562,8,False,False,False,,-0.88,13.8384,10000
2026-06-27 18:14:58,35,B+1.5,7394,10,False,False,False,,-0.88,13.8456,10000
2026-06-27 18:15:11,31,B+0.5,6562,8,False,False,False,,-0.88,13.8353,10000
2026-06-27 18:15:23,29,B+0.5,6146,7,False,False,False,,-0.88,13.8269,10000
2026-06-27 18:15:38,31,B+1.5,6562,8,False,False,False,,-0.88,13.8395,10000
2026-06-27 18:15:52,33,B+0.5,6978,9,False,False,False,,-0.88,13.8648,10000
2026-06-27 18:18:07,33,B+0.5,6980,9,False,False,False,,-0.88,13.8745,11000
2026-06-27 18:18:20,33,B+1.5,6980,9,False,False,False,,-0.88,13.8702,11000
2026-06-27 18:18:35,33,B+2.5,6980,9,False,False,False,,-0.88,13.8874,11000
2026-06-27 18:18:49,35,B+1.5,7396,10,False,False,False,,-0.88,13.8871,11000
2026-06-27 18:19:03,33,B+1.5,6980,9,False,False,False,,-0.88,13.891,11000
2026-06-27 18:19:17,33,B+2.5,6980,9,False,False,False,,-0.88,13.8898,11000
2026-06-27 18:19:33,35,B+1.5,7396,10,False,False,False,,-0.88,13.9188,11000
2026-06-27 18:19:46,33,B+0.5,6980,9,False,False,False,,-0.88,13.9261,11000
2026-06-27 18:20:01,31,B+0.5,6564,8,False,False,False,,-0.88,13.9458,11000
2026-06-27 18:20:17,33,B+1.5,6980,9,False,False,False,,-0.88,13.9728,11000
2026-06-27 18:20:34,37,B+2.5,7812,11,False,False,False,,-0.88,13.9956,11000
2026-06-27 18:20:47,31,B+0.5,6564,8,False,False,False,,-0.88,13.972,11000
2026-06-27 18:21:02,33,B+1.5,6980,9,False,False,False,,-0.88,13.9875,11000
2026-06-27 18:21:18,35,B+3.5,7396,10,True,False,False,,-0.88,13.9991,11000
2026-06-27 18:21:32,33,B+0.5,6980,9,False,False,False,,-0.88,13.9946,11000
2026-06-27 18:21:46,33,B+0.5,6980,9,True,False,False,,-0.88,13.9973,11000
2026-06-27 18:22:02,35,B+1.5,7396,10,False,False,False,,-0.88,14.018,11000
2026-06-27 18:22:13,29,B+1.5,6148,7,False,False,False,,-0.88,13.9978,11000
2026-06-27 18:22:27,33,B+1.5,6980,9,False,False,False,,-0.88,13.9854,11000
2026-06-27 18:22:40,29,B+0.5,6148,7,False,False,False,,-0.88,13.9803,11000
2026-06-27 18:22:53,35,B+1.5,7396,10,False,False,False,,-0.88,13.981,11000
2026-06-27 18:23:08,37,B+2.5,7812,11,False,False,False,,-0.88,13.9872,11000
2026-06-27 18:23:22,31,B+0.5,6564,8,True,False,False,,-0.88,13.9785,11000
2026-06-27 18:23:37,33,B+1.5,6980,9,False,False,False,,-0.88,13.9913,11000
2026-06-27 18:23:51,35,B+2.5,7396,10,True,False,False,,-0.88,13.9783,11000
2026-06-27 18:24:04,31,B+0.5,6564,8,False,False,False,,-0.88,13.974,11000
2026-06-27 18:24:17,33,B+0.5,6980,9,False,False,False,,-0.88,13.9533,11000
2026-06-27 18:24:29,33,B+1.5,6980,9,False,False,False,,-0.88,13.9394,11000
2026-06-27 18:24:43,33,B+2.5,6980,9,False,False,False,,-0.88,13.9307,11000
2026-06-27 18:24:57,33,B+0.5,6980,9,False,False,False,,-0.88,13.9445,11000
2026-06-27 18:25:12,31,B+1.5,6564,8,False,False,False,,-0.88,13.9429,11000
2026-06-27 18:25:27,35,B+1.5,7396,10,False,False,False,,-0.88,13.9795,11000
2026-06-27 18:25:41,31,B+0.5,6564,8,False,False,False,,-0.88,13.9838,11000
2026-06-27 18:25:54,33,B+1.5,6980,9,False,False,False,,-0.88,13.7174,11000
2026-06-27 18:26:09,35,B+2.5,7396,10,False,False,False,,-0.88,13.7415,11000
2026-06-27 18:26:21,31,B+3.5,6564,8,False,False,False,,-0.88,13.7073,11000
2026-06-27 18:26:35,33,B+0.5,6980,9,False,False,False,,-0.88,13.7219,11000
2026-06-27 18:26:48,31,B+0.5,6564,8,False,False,False,,-0.88,13.7062,11000
2026-06-27 18:27:03,33,B+1.5,6980,9,False,False,False,,-0.88,13.6963,11000
2026-06-27 18:27:15,27,B+3.5,5732,6,False,False,False,,-0.88,13.676,11000
2026-06-27 18:27:28,27,B+1.5,5732,6,False,False,False,,-0.88,13.651,11000
2026-06-27 18:27:41,35,B+1.5,7396,10,False,False,False,,-0.88,13.6619,11000
2026-06-27 18:27:55,35,B+1.5,7396,10,False,False,False,,-0.88,13.6684,11000
2026-06-27 18:28:10,33,B+0.5,6980,9,False,False,False,,-0.88,13.6803,11000
2026-06-27 18:28:23,35,B+1.5,7396,10,False,False,False,,-0.88,13.6833,11000
2026-06-27 18:28:37,33,B+0.5,6980,9,False,False,False,,-0.88,13.6818,11000
2026-06-27 18:28:51,35,B+1.5,7396,10,False,False,False,,-0.88,13.6939,11000
2026-06-27 18:29:05,35,B+1.5,7396,10,False,False,False,,-0.88,13.7238,11000
2026-06-27 18:29:19,31,B+0.5,6564,8,True,False,False,,-0.88,13.7359,11000
2026-06-27 18:29:34,35,B+1.5,7396,10,True,False,False,,-0.88,13.7451,11000
2026-06-27 18:29:47,31,B+0.5,6564,8,False,False,False,,-0.88,13.7584,11000
2026-06-27 18:30:01,33,B+1.5,6980,9,False,False,False,,-0.88,13.7568,11000
2026-06-27 18:30:12,29,B+1.5,6148,7,False,False,False,,-0.88,13.7371,11000
2026-06-27 18:30:27,33,B+0.5,6980,9,False,False,False,,-0.88,13.7585,11000
2026-06-27 18:30:39,29,B+2.5,6148,7,False,False,False,,-0.88,13.7401,11000
2026-06-27 18:30:53,33,B+0.5,6980,9,False,False,False,,-0.88,13.7286,11000
2026-06-27 18:31:06,29,B+0.5,6148,7,False,False,False,,-0.88,13.7311,11000
2026-06-27 18:31:19,31,B+0.5,6564,8,False,False,False,,-0.88,13.7027,11000
2026-06-27 18:31:32,31,B+1.5,6564,8,False,False,False,,-0.88,13.7144,11000
2026-06-27 18:31:47,35,B+1.5,7396,10,True,False,False,,-0.88,13.7365,11000
2026-06-27 18:32:02,37,B+2.5,7812,11,False,False,False,,-0.88,13.7582,11000
2026-06-27 18:32:15,29,B+0.5,6148,7,False,False,False,,-0.88,13.7408,11000
2026-06-27 18:32:26,31,B+0.5,6564,8,False,False,False,,-0.88,13.7067,11000
2026-06-27 18:32:41,33,B+1.5,6980,9,False,False,False,,-0.88,13.716,11000
2026-06-27 18:32:54,33,B+0.5,6980,9,False,False,False,,-0.88,13.7121,11000
2026-06-27 18:33:08,35,B+2.5,7396,10,False,False,False,,-0.88,13.723,11000
2026-06-27 18:33:22,33,B+1.5,6980,9,False,False,False,,-0.88,13.7283,11000
2026-06-27 18:33:36,33,B+0.5,6980,9,False,False,False,,-0.88,13.7286,11000
2026-06-27 18:33:49,33,B+1.5,6980,9,True,False,False,,-0.88,13.7258,11000
2026-06-27 18:34:02,33,B+1.5,6980,9,False,False,False,,-0.88,13.7219,11000
2026-06-27 18:34:14,29,B+0.5,6148,7,False,False,False,,-0.88,13.7058,11000
2026-06-27 18:34:28,35,B+1.5,7396,10,False,False,False,,-0.88,13.7278,11000
2026-06-27 18:34:40,31,B+0.5,6564,8,False,False,False,,-0.88,13.7068,11000
2026-06-27 18:34:54,33,B+0.5,6980,9,True,False,False,,-0.88,13.7277,11000
2026-06-27 18:35:07,29,B+0.5,6148,7,False,False,False,,-0.88,13.7217,11000
2026-06-27 18:35:22,33,B+0.5,6980,9,False,False,False,,-0.88,13.7227,11000
2026-06-27 18:35:35,35,B+0.5,7396,10,False,False,False,,-0.88,13.7303,11000
2026-06-27 18:35:48,33,B+0.5,6980,9,False,False,False,,-0.88,13.7349,11000
2026-06-27 18:36:02,33,B+0.5,6980,9,False,False,False,,-0.88,13.7333,11000
2026-06-27 18:36:15,33,B+2.5,6980,9,False,False,False,,-0.88,13.7116,11000
2026-06-27 18:36:29,35,B+2.5,7396,10,False,False,False,,-0.88,13.7057,11000
2026-06-27 18:36:43,33,B+1.5,6980,9,False,False,False,,-0.88,13.7052,11000
2026-06-27 18:36:56,33,B+0.5,6980,9,False,False,False,,-0.88,13.7043,11000
2026-06-27 18:37:09,29,B+0.5,6148,7,False,False,False,,-0.88,13.6954,11000
2026-06-27 18:37:22,33,B+0.5,6980,9,False,False,False,,-0.88,13.7018,11000
2026-06-27 18:37:37,33,B+0.5,6980,9,False,False,False,,-0.88,13.7165,11000
2026-06-27 18:37:52,33,B+0.5,6980,9,False,False,False,,-0.88,13.7378,11000
2026-06-27 18:38:07,37,B+2.5,7812,11,False,False,False,,-0.88,13.7567,11000
2026-06-27 18:38:20,33,B+1.5,6980,9,False,False,False,,-0.88,13.74,11000
2026-06-27 18:38:34,33,B+1.5,6980,9,False,False,False,,-0.88,13.7452,11000
2026-06-27 18:38:47,33,B+1.5,6980,9,False,False,False,,-0.88,13.7499,11000
2026-06-27 18:38:59,29,B+0.5,6148,7,False,False,False,,-0.88,13.7386,11000
2026-06-27 18:39:14,35,B+1.5,7396,10,False,False,False,,-0.88,13.7478,11000
2026-06-27 18:39:28,31,B+2.5,6564,8,True,False,False,,-0.88,13.7576,11000
2026-06-27 18:39:42,35,B+1.5,7396,10,False,False,False,,-0.88,13.7602,11000
2026-06-27 18:39:55,31,B+1.5,6564,8,False,False,False,,-0.88,13.7635,11000
2026-06-27 18:40:10,35,B+1.5,7396,10,False,False,False,,-0.88,13.7959,11000
2026-06-27 18:40:26,33,B+1.5,6980,9,False,False,False,,-0.88,13.8097,11000
2026-06-27 18:40:38,31,B+0.5,6564,8,False,False,False,,-0.88,13.79,11000
2026-06-27 18:40:53,35,B+1.5,7396,10,False,False,False,,-0.88,13.7898,11000
2026-06-27 18:41:05,29,B+2.5,6148,7,False,False,False,,-0.88,13.7805,11000
2026-06-27 18:41:19,31,B+0.5,6564,8,True,False,False,,-0.88,13.7856,11000
2026-06-27 18:41:35,33,B+0.5,6980,9,False,False,False,,-0.88,13.8026,11000
2026-06-27 18:41:49,33,B+0.5,6980,9,False,False,False,,-0.88,13.7998,11000
2026-06-27 18:42:02,29,B+2.5,6148,7,False,False,False,,-0.88,13.7894,11000
2026-06-27 18:42:14,31,B+1.5,6564,8,False,False,False,,-0.88,13.774,11000
2026-06-27 18:42:29,33,B+0.5,6980,9,False,False,False,,-0.88,13.7581,11000
2026-06-27 18:42:41,31,B+3.5,6564,8,False,False,False,,-0.88,13.75,11000
2026-06-27 18:42:53,29,B+1.5,6148,7,False,False,False,,-0.88,13.7201,11000
2026-06-27 18:43:07,35,B+3.5,7396,10,False,False,False,,-0.88,13.6971,11000
2026-06-27 18:43:21,33,B+0.5,6980,9,False,False,False,,-0.88,13.6697,11000
2026-06-27 18:43:34,33,B+1.5,6980,9,False,False,False,,-0.88,13.6706,11000
2026-06-27 18:43:48,33,B+1.5,6980,9,False,False,False,,-0.88,13.6502,11000
2026-06-27 18:44:02,33,B+1.5,6980,9,False,False,False,,-0.88,13.6418,11000
2026-06-27 18:44:16,33,B+0.5,6980,9,False,False,False,,-0.88,13.6436,11000
2026-06-27 18:44:31,35,B+0.5,7396,10,False,False,False,,-0.88,13.6516,11000
2026-06-27 18:44:44,31,B+0.5,6564,8,True,False,False,,-0.88,13.62,11000
2026-06-27 18:44:57,31,B+0.5,6564,8,False,False,False,,-0.88,13.6356,11000
2026-06-27 18:45:10,33,B+0.5,6980,9,False,False,False,,-0.88,13.6356,11000
2026-06-27 18:45:25,33,B+0.5,6980,9,False,False,False,,-0.88,13.6521,11000
2026-06-27 18:45:42,37,B+2.5,7812,11,False,False,False,,-0.88,13.6798,11000
2026-06-27 18:45:56,33,B+1.5,6980,9,False,False,False,,-0.88,13.6693,11000
2026-06-27 18:46:10,33,B+0.5,6980,9,False,False,False,,-0.88,13.669,11000
2026-06-27 18:46:23,33,B+0.5,6980,9,False,False,False,,-0.88,13.659,11000
2026-06-27 18:46:37,31,B+1.5,6564,8,False,False,False,,-0.88,13.6652,11000
2026-06-27 18:46:50,31,B+1.5,6564,8,True,False,False,,-0.88,13.6565,11000
2026-06-27 18:47:04,33,B+0.5,6980,9,False,False,False,,-0.88,13.6668,11000
2026-06-27 18:47:15,23,B+1.5,4900,4,False,False,False,,-0.88,13.6544,11000
2026-06-27 18:47:28,31,B+1.5,6564,8,False,False,False,,-0.88,13.6505,11000
2026-06-27 18:47:41,33,B+1.5,6980,9,False,False,False,,-0.88,13.6388,11000
2026-06-27 18:47:54,31,B+0.5,6564,8,False,False,False,,-0.88,13.6248,11000
2026-06-27 18:48:08,31,B+3.5,6564,8,True,False,False,,-0.88,13.6072,11000
2026-06-27 18:48:23,33,B+0.5,6980,9,False,False,False,,-0.88,13.6171,11000
2026-06-27 18:48:37,35,B+1.5,7396,10,False,False,False,,-0.88,13.6363,11000
2026-06-27 18:48:53,35,B+1.5,7396,10,False,False,False,,-0.88,13.6355,11000
2026-06-27 18:49:07,33,B+0.5,6980,9,False,False,False,,-0.88,13.6554,11000
2026-06-27 18:49:21,33,B+0.5,6980,9,False,False,False,,-0.88,13.6594,11000
2026-06-27 18:49:36,31,B+1.5,6564,8,False,False,False,,-0.88,13.6712,11000
2026-06-27 18:49:50,33,B+0.5,6980,9,False,False,False,,-0.88,13.6703,11000
2026-06-27 18:50:03,31,B+0.5,6564,8,False,False,False,,-0.88,13.6733,11000
2026-06-27 18:50:17,33,B+0.5,6980,9,False,False,False,,-0.88,13.6908,11000
2026-06-27 18:50:31,33,B+2.5,6980,9,False,False,False,,-0.88,13.7001,11000
2026-06-27 18:50:45,33,B+0.5,6980,9,False,False,False,,-0.88,13.7019,11000
2026-06-27 18:51:01,37,B+2.5,7812,11,False,False,False,,-0.88,13.7115,11000
2026-06-27 18:51:14,33,B+0.5,6980,9,False,False,False,,-0.88,13.7084,11000
2026-06-27 18:51:26,29,B+0.5,6148,7,False,False,False,,-0.88,13.6901,11000
2026-06-27 18:51:40,35,B+1.5,7396,10,False,False,False,,-0.88,13.6959,11000
2026-06-27 18:51:55,35,B+1.5,7396,10,False,False,False,,-0.88,13.6943,11000
2026-06-27 18:52:09,33,B+2.5,6980,9,False,False,False,,-0.88,13.6948,11000
2026-06-27 18:52:22,27,B+1.5,5732,6,False,False,False,,-0.88,13.678,11000
2026-06-27 18:52:36,33,B+0.5,6980,9,False,False,False,,-0.88,13.69,11000
2026-06-27 18:52:51,33,B+1.5,6980,9,False,False,False,,-0.88,13.7021,11000
2026-06-27 18:53:05,31,B+0.5,6564,8,False,False,False,,-0.88,13.7209,11000
2026-06-27 18:53:18,35,B+2.5,7396,10,False,False,False,,-0.88,13.7153,11000
2026-06-27 18:53:32,33,B+0.5,6980,9,False,False,False,,-0.88,13.729,11000
2026-06-27 18:53:46,35,B+1.5,7396,10,False,False,False,,-0.88,13.7267,11000
2026-06-27 18:53:57,31,B+0.5,6564,8,False,False,False,,-0.88,13.7133,11000
2026-06-27 18:54:12,35,B+1.5,7396,10,False,False,False,,-0.88,13.7358,11000
2026-06-27 18:54:26,33,B+0.5,6980,9,False,False,False,,-0.88,13.7388,11000
2026-06-27 18:54:41,33,B+0.5,6980,9,False,False,False,,-0.88,13.7402,11000
2026-06-27 18:54:54,33,B+1.5,6980,9,True,False,False,,-0.88,13.7146,11000
2026-06-27 18:55:09,33,B+0.5,6980,9,False,False,False,,-0.88,13.7396,11000
2026-06-27 18:55:21,31,B+0.5,6564,8,False,False,False,,-0.88,13.7474,11000
2026-06-27 18:55:34,31,B+1.5,6564,8,False,False,False,,-0.88,13.7338,11000
2026-06-27 18:55:48,33,B+0.5,6980,9,False,False,False,,-0.88,13.7399,11000
2026-06-27 18:56:01,33,B+1.5,6980,9,False,False,False,,-0.88,13.7292,11000
2026-06-27 18:56:14,27,B+1.5,5732,6,False,False,False,,-0.88,13.7201,11000
2026-06-27 18:56:28,35,B+1.5,7396,10,True,False,False,,-0.88,13.7263,11000
2026-06-27 18:56:43,33,B+0.5,6980,9,False,False,False,,-0.88,13.7349,11000
2026-06-27 18:56:57,33,B+1.5,6980,9,False,False,False,,-0.88,13.7492,11000
2026-06-27 18:57:11,31,B+2.5,6564,8,False,False,False,,-0.88,13.768,11000
2026-06-27 18:57:24,33,B+0.5,6980,9,False,False,False,,-0.88,13.7657,11000
2026-06-27 18:57:38,35,B+1.5,7396,10,False,False,False,,-0.88,13.7831,11000
2026-06-27 18:57:53,35,B+1.5,7396,10,False,False,False,,-0.88,13.7828,11000
2026-06-27 18:58:07,33,B+0.5,6980,9,False,False,False,,-0.88,13.7969,11000
2026-06-27 18:58:21,31,B+1.5,6564,8,False,False,False,,-0.88,13.7941,11000
2026-06-27 18:58:33,31,B+2.5,6564,8,False,False,False,,-0.88,13.7795,11000
2026-06-27 18:58:47,35,B+2.5,7396,10,True,False,False,,-0.88,13.7817,11000
2026-06-27 18:58:59,23,B+1.5,4900,4,False,False,False,,-0.88,13.7616,11000
2026-06-27 19:01:17,31,B+0.5,6574,8,False,False,False,,-0.88,13.7712,12000
2026-06-27 19:01:30,31,B+2.5,6574,8,False,False,False,,-0.88,13.7678,12000
2026-06-27 19:01:44,33,B+9.5,6990,9,True,False,False,,-0.88,13.7686,12000
2026-06-27 19:01:59,33,B+1.5,6990,9,False,False,False,,-0.88,13.7875,12000
2026-06-27 19:02:13,33,B+0.5,6990,9,False,False,False,,-0.88,13.7983,12000
2026-06-27 19:02:28,33,B+0.5,6990,9,False,False,False,,-0.88,13.805,12000
2026-06-27 19:02:42,33,B+0.5,6990,9,False,False,False,,-0.88,13.7894,12000
2026-06-27 19:02:56,29,B+0.5,6158,7,False,False,False,,-0.88,13.7804,12000
2026-06-27 19:03:10,37,B+2.5,7822,11,False,False,False,,-0.88,13.7923,12000
2026-06-27 19:03:24,33,B+0.5,6990,9,True,False,False,,-0.88,13.7956,12000
2026-06-27 19:03:38,33,B+1.5,6990,9,False,False,False,,-0.88,13.8038,12000
2026-06-27 19:03:54,37,B+1.5,7822,11,False,False,False,,-0.88,13.8403,12000
2026-06-27 19:04:08,33,B+0.5,6990,9,False,False,False,,-0.88,13.8289,12000
2026-06-27 19:04:23,31,B+0.5,6574,8,True,False,False,,-0.88,13.8371,12000
2026-06-27 19:04:38,33,B+0.5,6990,9,False,False,False,,-0.88,13.8464,12000
2026-06-27 19:04:52,35,B+1.5,7406,10,False,False,False,,-0.88,13.8592,12000
2026-06-27 19:05:05,31,B+0.5,6574,8,False,False,False,,-0.88,13.837,12000
2026-06-27 19:05:18,31,B+0.5,6574,8,False,False,False,,-0.88,13.8065,12000
2026-06-27 19:05:32,31,B+0.5,6574,8,False,False,False,,-0.88,13.8283,12000
2026-06-27 19:05:46,29,B+1.5,6158,7,False,False,False,,-0.88,13.8198,12000
2026-06-27 19:05:59,33,B+0.5,6990,9,False,False,False,,-0.88,13.835,12000
2026-06-27 19:06:13,31,B+0.5,6574,8,False,False,False,,-0.88,13.8322,12000
2026-06-27 19:06:25,33,B+1.5,6990,9,False,False,False,,-0.88,13.793,12000
2026-06-27 19:06:38,33,B+1.5,6990,9,False,False,False,,-0.88,13.7859,12000
2026-06-27 19:06:52,35,B+2.5,7406,9,False,False,False,,-0.88,13.7911,12000
2026-06-27 19:07:05,33,B+1.5,6990,9,False,False,False,,-0.88,13.793,12000
2026-06-27 19:07:18,33,B+0.5,6990,9,False,False,False,,-0.88,13.7786,12000
2026-06-27 19:07:33,29,B+0.5,6158,7,False,False,False,,-0.88,13.8033,12000
2026-06-27 19:07:46,33,B+0.5,6990,9,False,False,False,,-0.88,13.8183,12000
2026-06-27 19:08:02,33,B+0.5,6990,9,False,False,False,,-0.88,13.8378,12000
2026-06-27 19:08:15,31,B+3.5,6574,8,False,False,False,,-0.88,13.8327,12000
2026-06-27 19:08:28,31,B+1.5,6574,8,False,False,False,,-0.88,13.8313,12000
2026-06-27 19:08:42,33,B+2.5,6990,9,False,False,False,,-0.88,13.8361,12000
2026-06-27 19:08:56,31,B+0.5,6574,8,False,False,False,,-0.88,13.8243,12000
2026-06-27 19:09:08,31,B+0.5,6574,8,False,False,False,,-0.88,13.8039,12000
2026-06-27 19:09:20,31,B+2.5,6574,8,False,False,False,,-0.88,13.7729,12000
2026-06-27 19:09:34,35,B+1.5,7406,10,False,False,False,,-0.88,13.7851,12000
2026-06-27 19:09:46,33,B+0.5,6990,9,False,False,False,,-0.88,13.7882,12000
2026-06-27 19:10:00,29,B+1.5,6158,7,False,False,False,,-0.88,13.7875,12000
2026-06-27 19:10:15,33,B+0.5,6990,9,False,False,False,,-0.88,13.7834,12000
2026-06-27 19:10:29,37,B+2.5,7822,11,False,False,False,,-0.88,13.7611,12000
2026-06-27 19:10:42,33,B+2.5,6990,9,True,False,False,,-0.88,13.7502,12000
2026-06-27 19:10:56,33,B+1.5,6990,9,True,False,False,,-0.88,13.7538,12000
2026-06-27 19:11:09,31,B+0.5,6574,8,False,False,False,,-0.88,13.74,12000
2026-06-27 19:11:22,33,B+1.5,6990,9,False,False,False,,-0.88,13.7356,12000
2026-06-27 19:11:36,31,B+0.5,6574,8,False,False,False,,-0.88,13.7461,12000
2026-06-27 19:11:48,29,B+0.5,6158,7,False,False,False,,-0.88,13.7358,12000
2026-06-27 19:12:02,29,B+0.5,6158,7,False,False,False,,-0.88,13.7643,12000
2026-06-27 19:12:16,31,B+1.5,6574,8,False,False,False,,-0.88,13.7715,12000
2026-06-27 19:12:28,29,B+0.5,6158,7,False,False,False,,-0.88,13.7532,12000
2026-06-27 19:12:41,29,B+0.5,6158,7,False,False,False,,-0.88,13.757,12000
2026-06-27 19:12:54,31,B+1.5,6574,8,False,False,False,,-0.88,13.7507,12000
2026-06-27 19:13:09,35,B+2.5,7406,10,False,False,False,,-0.88,13.7518,12000
2026-06-27 19:13:22,31,B+0.5,6574,8,False,False,False,,-0.88,13.7308,12000
2026-06-27 19:13:34,29,B+0.5,6158,7,True,False,False,,-0.88,13.7023,12000
2026-06-27 19:13:48,33,B+0.5,6990,9,False,False,False,,-0.88,13.7046,12000
2026-06-27 19:14:04,35,B+1.5,7406,10,False,False,False,,-0.88,13.7107,12000
2026-06-27 19:14:16,29,B+2.5,6158,7,False,False,False,,-0.88,13.6934,12000
2026-06-27 19:14:28,31,B+2.5,6574,8,False,False,False,,-0.88,13.6679,12000
2026-06-27 19:14:43,33,B+1.5,6990,9,False,False,False,,-0.88,13.6911,12000
2026-06-27 19:14:58,33,B+0.5,6990,8,False,False,False,,-0.88,13.7019,12000
2026-06-27 19:15:13,35,B+1.5,7406,10,False,False,False,,-0.88,13.7164,12000
2026-06-27 19:15:27,29,B+0.5,6158,7,False,False,False,,-0.88,13.7039,12000
2026-06-27 19:15:42,33,B+0.5,6990,9,False,False,False,,-0.88,13.6934,12000
2026-06-27 19:15:56,35,B+5.5,7406,10,False,False,False,,-0.88,13.7115,12000
2026-06-27 19:16:11,33,B+0.5,6990,9,True,False,False,,-0.88,13.7329,12000
2026-06-27 19:16:24,31,B+1.5,6574,8,False,False,False,,-0.88,13.7235,12000
2026-06-27 19:16:38,31,B+0.5,6574,8,False,False,False,,-0.88,13.7172,12000
2026-06-27 19:16:52,33,B+0.5,6990,9,False,False,False,,-0.88,13.7219,12000
2026-06-27 19:17:05,33,B+0.5,6990,9,False,False,False,,-0.88,13.7206,12000
2026-06-27 19:17:18,33,B+2.5,6990,9,False,False,False,,-0.88,13.7042,12000
2026-06-27 19:17:31,29,B+1.5,6158,7,True,False,False,,-0.88,13.691,12000
2026-06-27 19:17:46,35,B+1.5,7406,10,True,False,False,,-0.88,13.7,12000
2026-06-27 19:18:01,35,B+1.5,7406,10,False,False,False,,-0.88,13.719,12000
2026-06-27 19:18:15,31,B+0.5,6574,8,False,False,False,,-0.88,13.7106,12000
2026-06-27 19:18:28,33,B+0.5,6990,9,False,False,False,,-0.88,13.7076,12000
2026-06-27 19:18:42,33,B+0.5,6990,9,False,False,False,,-0.88,13.7325,12000
2026-06-27 19:18:55,29,B+1.5,6158,7,True,False,False,,-0.88,13.711,12000
2026-06-27 19:19:09,35,B+0.5,7406,10,False,False,False,,-0.88,13.7195,12000
2026-06-27 19:19:24,35,B+1.5,7406,10,False,False,False,,-0.88,13.713,12000
2026-06-27 19:19:38,31,B+0.5,6574,8,False,False,False,,-0.88,13.7325,12000
2026-06-27 19:19:53,31,B+0.5,6574,8,True,False,False,,-0.88,13.7277,12000
2026-06-27 19:20:06,31,B+0.5,6574,8,False,False,False,,-0.88,13.7357,12000
2026-06-27 19:20:19,31,B+1.5,6574,8,False,False,False,,-0.88,13.7343,12000
2026-06-27 19:20:33,31,B+0.5,6574,8,True,False,False,,-0.88,13.7361,12000
2026-06-27 19:20:47,33,B+2.5,6990,9,False,False,False,,-0.88,13.7464,12000
2026-06-27 19:21:01,33,B+2.5,6990,9,False,False,False,,-0.88,13.7638,12000
2026-06-27 19:21:16,37,B+1.5,7822,10,False,False,False,,-0.88,13.7646,12000
2026-06-27 19:21:29,27,B+0.5,5742,6,False,False,False,,-0.88,13.7493,12000
2026-06-27 19:21:42,31,B+0.5,6574,8,False,False,False,,-0.88,13.7391,12000
2026-06-27 19:21:57,35,B+1.5,7406,10,False,False,False,,-0.88,13.7475,12000
2026-06-27 19:22:10,31,B+1.5,6574,8,False,False,False,,-0.88,13.7398,12000
2026-06-27 19:22:24,33,B+1.5,6990,9,False,False,False,,-0.88,13.7426,12000
2026-06-27 19:22:39,33,B+0.5,6990,9,False,False,False,,-0.88,13.7476,12000
2026-06-27 19:22:51,29,B+1.5,6158,7,False,False,False,,-0.88,13.7294,12000
2026-06-27 19:23:03,27,B+0.5,5742,6,False,False,False,,-0.88,13.7037,12000
2026-06-27 19:23:16,33,B+0.5,6990,9,False,False,False,,-0.88,13.7173,12000
2026-06-27 19:23:29,31,B+0.5,6574,8,False,False,False,,-0.88,13.7147,12000
2026-06-27 19:23:43,33,B+0.5,6990,9,False,False,False,,-0.88,13.7331,12000
2026-06-27 19:23:56,31,B+1.5,6574,8,False,False,False,,-0.88,13.7109,12000
2026-06-27 19:24:10,33,B+1.5,6990,9,False,False,False,,-0.88,13.7269,12000
2026-06-27 19:24:25,33,B+0.5,6990,9,False,False,False,,-0.88,13.7405,12000
2026-06-27 19:24:40,35,B+0.5,7406,9,False,False,False,,-0.88,13.7565,12000
2026-06-27 19:24:54,31,B+0.5,6574,8,False,False,False,,-0.88,13.7492,12000
2026-06-27 19:25:07,33,B+1.5,6990,9,False,False,False,,-0.88,13.7336,12000
2026-06-27 19:25:20,29,B+0.5,6158,7,False,False,False,,-0.88,13.716,12000
2026-06-27 19:25:33,31,B+0.5,6574,8,False,False,False,,-0.88,13.7065,12000
2026-06-27 19:25:47,33,B+1.5,6990,9,False,False,False,,-0.88,13.7052,12000
2026-06-27 19:25:59,31,B+0.5,6574,8,False,False,False,,-0.88,13.6887,12000
2026-06-27 19:26:13,31,B+0.5,6574,8,True,False,False,,-0.88,13.6835,12000
2026-06-27 19:26:26,31,B+1.5,6574,8,False,False,False,,-0.88,13.6758,12000
2026-06-27 19:26:38,31,B+0.5,6574,8,True,False,False,,-0.88,13.6405,12000
2026-06-27 19:26:53,35,B+1.5,7406,10,False,False,False,,-0.88,13.6453,12000
2026-06-27 19:27:05,33,B+0.5,6990,9,True,False,False,,-0.88,13.6277,12000
2026-06-27 19:27:19,35,B+5.5,7406,10,True,False,False,,-0.88,13.6168,12000
2026-06-27 19:27:33,41,B+0.5,8654,12,False,False,False,,-0.88,13.6116,12000
2026-06-27 19:27:47,29,B+0.5,6158,7,False,False,False,,-0.88,13.6225,12000
2026-06-27 19:28:00,33,B+0.5,6990,9,False,False,False,,-0.88,13.6218,12000
2026-06-27 19:28:13,31,B+0.5,6574,8,False,False,False,,-0.88,13.6045,12000
2026-06-27 19:28:28,35,B+1.5,7406,10,False,False,False,,-0.88,13.6218,12000
2026-06-27 19:28:43,31,B+0.5,6574,8,False,False,False,,-0.88,13.637,12000
2026-06-27 19:28:57,31,B+1.5,6574,8,False,False,False,,-0.88,13.6378,12000
2026-06-27 19:29:13,33,B+1.5,6990,9,False,False,False,,-0.88,13.6707,12000
2026-06-27 19:29:27,35,B+1.5,7406,10,True,False,False,,-0.88,13.6812,12000
2026-06-27 19:29:42,35,B+2.5,7406,10,False,False,False,,-0.88,13.6981,12000
2026-06-27 19:29:55,29,B+0.5,6158,7,False,False,False,,-0.88,13.7017,12000
2026-06-27 19:30:10,33,B+0.5,6990,8,True,False,False,,-0.88,13.7192,12000
2026-06-27 19:30:23,33,B+0.5,6990,9,False,False,False,,-0.88,13.7046,12000
2026-06-27 19:30:37,33,B+0.5,6990,9,False,False,False,,-0.88,13.7058,12000
2026-06-27 19:30:50,29,B+0.5,6158,7,False,False,False,,-0.88,13.6795,12000
2026-06-27 19:31:03,33,B+4.5,6990,9,False,False,False,,-0.88,13.6797,12000
2026-06-27 19:31:18,33,B+0.5,6990,9,False,False,False,,-0.88,13.6936,12000
2026-06-27 19:31:32,33,B+0.5,6990,9,False,False,False,,-0.88,13.6935,12000
2026-06-27 19:31:47,33,B+0.5,6990,9,False,False,False,,-0.88,13.7089,12000
2026-06-27 19:32:01,35,B+1.5,7406,10,False,False,False,,-0.88,13.7358,12000
2026-06-27 19:32:12,25,B+0.5,5326,5,False,False,False,,-0.88,13.7159,12000
2026-06-27 19:32:23,29,B+1.5,6158,7,False,False,False,,-0.88,13.694,12000
2026-06-27 19:32:35,27,B+1.5,5742,6,False,False,False,,-0.88,13.6821,12000
2026-06-27 19:32:48,31,B+0.5,6574,8,True,False,False,,-0.88,13.6746,12000
2026-06-27 19:33:00,31,B+1.5,6574,8,False,False,False,,-0.88,13.6558,12000
2026-06-27 19:33:15,35,B+0.5,7406,9,False,False,False,,-0.88,13.6635,12000
2026-06-27 19:33:28,29,B+0.5,6158,7,False,False,False,,-0.88,13.6615,12000
2026-06-27 19:33:41,31,B+0.5,6574,8,False,False,False,,-0.88,13.6514,12000
2026-06-27 19:33:55,33,B+0.5,6990,9,False,False,False,,-0.88,13.6654,12000
2026-06-27 19:34:10,33,B+1.5,6990,9,False,False,False,,-0.88,13.6754,12000
2026-06-27 19:34:24,33,B+2.5,6990,9,False,False,False,,-0.88,13.6772,12000
2026-06-27 19:34:37,31,B+0.5,6574,8,False,False,False,,-0.88,13.6846,12000
2026-06-27 19:34:52,37,B+4.5,7822,11,False,False,False,,-0.88,13.6935,12000
2026-06-27 19:35:06,31,B+1.5,6574,8,False,False,False,,-0.88,13.7,12000
2026-06-27 19:35:21,33,B+0.5,6990,9,False,False,False,,-0.88,13.7293,12000
2026-06-27 19:35:36,33,B+0.5,6990,9,False,False,False,,-0.88,13.747,12000
2026-06-27 19:35:49,33,B+0.5,6990,9,False,False,False,,-0.88,13.7497,12000
2026-06-27 19:36:03,33,B+0.5,6990,9,False,False,False,,-0.88,13.7437,12000
2026-06-27 19:36:16,33,B+3.5,6990,9,False,False,False,,-0.88,13.7463,12000
2026-06-27 19:36:29,29,B+0.5,6158,7,True,False,False,,-0.88,13.7485,12000
2026-06-27 19:36:43,33,B+0.5,6990,9,False,False,False,,-0.88,13.7438,12000
2026-06-27 19:36:59,33,B+0.5,6990,9,True,False,False,,-0.88,13.7482,12000
2026-06-27 19:37:13,33,B+0.5,6990,9,False,False,False,,-0.88,13.7682,12000
2026-06-27 19:37:26,27,B+0.5,5742,6,False,False,False,,-0.88,13.7744,12000
2026-06-27 19:37:38,31,B+0.5,6574,8,False,False,False,,-0.88,13.7542,12000
2026-06-27 19:37:54,35,B+1.5,7406,10,False,False,False,,-0.88,13.7527,12000
2026-06-27 19:38:08,35,B+1.5,7406,10,False,False,False,,-0.88,13.7442,12000
2026-06-27 19:38:22,33,B+1.5,6990,9,False,False,False,,-0.88,13.755,12000
2026-06-27 19:38:34,29,B+0.5,6158,7,False,False,False,,-0.88,13.7261,12000
2026-06-27 19:38:49,35,B+3.5,7406,10,False,False,False,,-0.88,13.729,12000
2026-06-27 19:39:03,35,B+1.5,7406,10,False,False,False,,-0.88,13.7257,12000
2026-06-27 19:39:18,31,B+0.5,6574,8,False,False,False,,-0.88,13.7358,12000
2026-06-27 19:39:31,33,B+0.5,6990,9,True,False,False,,-0.88,13.736,12000
2026-06-27 19:39:45,29,B+0.5,6158,7,False,False,False,,-0.88,13.7238,12000
2026-06-27 19:39:59,33,B+0.5,6990,9,True,False,False,,-0.88,13.7393,12000
2026-06-27 19:40:11,33,B+1.5,6990,9,False,False,False,,-0.88,13.7344,12000
2026-06-27 19:40:25,29,B+0.5,6158,7,False,False,False,,-0.88,13.739,12000
2026-06-27 19:40:38,35,B+1.5,7406,10,False,False,False,,-0.88,13.725,12000
2026-06-27 19:40:51,29,B+1.5,6158,7,False,False,False,,-0.88,13.7,12000
2026-06-27 19:41:05,33,B+0.5,6990,9,False,False,False,,-0.88,13.7063,12000
2026-06-27 19:41:20,35,B+2.5,7406,10,False,False,False,,-0.88,13.7224,12000
2026-06-27 19:41:33,33,B+1.5,6990,9,False,False,False,,-0.88,13.7056,12000
2026-06-27 19:41:46,33,B+1.5,6990,9,False,False,False,,-0.88,13.7171,12000
2026-06-27 19:42:00,31,B+0.5,6574,8,False,False,False,,-0.88,13.7106,12000
2026-06-27 19:42:15,33,B+0.5,6990,9,False,False,False,,-0.88,13.7058,12000
2026-06-27 19:42:29,35,B+1.5,7406,10,False,False,False,,-0.88,13.7064,12000
2026-06-27 19:44:34,29,B+0.5,6160,7,False,False,False,,-0.88,13.6667,13000
2026-06-27 19:44:50,33,B+0.5,6992,8,False,False,False,,-0.88,13.6977,13000
2026-06-27 19:45:05,29,B+0.5,6160,7,False,False,False,,-0.88,13.7035,13000
2026-06-27 19:45:20,33,B+0.5,6992,9,False,False,False,,-0.88,13.7104,13000
2026-06-27 19:45:34,33,B+0.5,6992,9,False,False,False,,-0.88,13.7037,13000
2026-06-27 19:45:46,29,B+0.5,6160,7,False,False,False,,-0.88,13.6821,13000
2026-06-27 19:46:00,29,B+0.5,6160,7,False,False,False,,-0.88,13.6949,13000
2026-06-27 19:46:14,29,B+0.5,6160,7,False,False,False,,-0.88,13.7021,13000
2026-06-27 19:46:30,33,B+0.5,6992,9,False,False,False,,-0.88,13.7091,13000
2026-06-27 19:46:45,33,B+0.5,6992,9,False,False,False,,-0.88,13.731,13000
2026-06-27 19:47:00,33,B+0.5,6992,9,False,False,False,,-0.88,13.7412,13000
2026-06-27 19:47:13,31,B+1.5,6576,8,False,False,False,,-0.88,13.72,13000
2026-06-27 19:47:26,29,B+1.5,6160,7,False,False,False,,-0.88,13.7258,13000
2026-06-27 19:47:40,33,B+1.5,6992,9,False,False,False,,-0.88,13.7513,13000
2026-06-27 19:47:52,27,B+1.5,5744,6,False,False,False,,-0.88,13.7411,13000
2026-06-27 19:48:05,31,B+1.5,6576,8,False,False,False,,-0.88,13.7365,13000
2026-06-27 19:48:18,31,B+1.5,6576,8,False,False,False,,-0.88,13.7339,13000
2026-06-27 19:48:33,33,B+0.5,6992,9,True,False,False,,-0.88,13.7551,13000
2026-06-27 19:48:48,31,B+1.5,6576,8,False,False,False,,-0.88,13.7593,13000
2026-06-27 19:49:02,33,B+0.5,6992,9,False,False,False,,-0.88,13.7519,13000
2026-06-27 19:49:15,33,B+0.5,6992,9,False,False,False,,-0.88,13.7357,13000
2026-06-27 19:49:30,33,B+0.5,6992,9,False,False,False,,-0.88,13.7397,13000
2026-06-27 19:49:43,31,B+1.5,6576,8,False,False,False,,-0.88,13.7387,13000
2026-06-27 19:50:00,37,B+0.5,7824,9,False,False,False,,-0.88,13.7807,13000
2026-06-27 19:50:13,31,B+0.5,6576,8,False,False,False,,-0.88,13.7838,13000
2026-06-27 19:50:27,35,B+1.5,7408,10,False,False,False,,-0.88,13.7881,13000
2026-06-27 19:50:41,33,B+0.5,6992,9,False,False,False,,-0.88,13.8001,13000
2026-06-27 19:50:56,33,B+2.5,6992,9,False,False,False,,-0.88,13.8131,13000
2026-06-27 19:51:08,29,B+0.5,6160,7,False,False,False,,-0.88,13.7967,13000
2026-06-27 19:51:22,35,B+3.5,7408,10,False,False,False,,-0.88,13.8175,13000
2026-06-27 19:51:36,32,B+1.5,6784,8,False,False,False,,-0.88,13.8116,13000
2026-06-27 19:51:49,29,B+0.5,6160,7,False,False,False,,-0.88,13.813,13000
2026-06-27 19:52:02,31,B+0.5,6576,8,False,False,False,,-0.88,13.8036,13000
2026-06-27 19:52:15,29,B+0.5,6160,7,False,False,False,,-0.88,13.7963,13000
2026-06-27 19:52:30,35,B+0.5,7408,10,False,False,False,,-0.88,13.8092,13000
2026-06-27 19:52:44,33,B+0.5,6992,9,False,False,False,,-0.88,13.8181,13000
2026-06-27 19:52:57,31,B+0.5,6576,8,False,False,False,,-0.88,13.8158,13000
2026-06-27 19:53:10,31,B+1.5,6576,8,False,False,False,,-0.88,13.7992,13000
2026-06-27 19:53:21,25,B+2.5,5328,5,False,False,False,,-0.88,13.7574,13000
2026-06-27 19:53:35,31,B+0.5,6576,8,False,False,False,,-0.88,13.7582,13000
2026-06-27 19:53:50,33,B+0.5,6992,9,True,False,False,,-0.88,13.7512,13000
2026-06-27 19:54:02,29,B+0.5,6160,7,False,False,False,,-0.88,13.7368,13000
2026-06-27 19:54:15,31,B+0.5,6576,8,False,False,False,,-0.88,13.716,13000
2026-06-27 19:54:29,33,B+0.5,6992,9,False,False,False,,-0.88,13.7162,13000
2026-06-27 19:54:41,33,B+0.5,6992,9,False,False,False,,-0.88,13.6959,13000
2026-06-27 19:54:55,33,B+0.5,6992,9,False,False,False,,-0.88,13.7024,13000
