datetime,game_length,game_result,game_simulations,num_passes,is_resign_disabled,is_marked_for_resign,is_could_won,marked_resign_player,resign_threshold,time_per_game,training_steps
2026-06-26 19:56:57,93,W+4.5,19686,3,True,False,False,,-1,67.3823,0
2026-06-26 19:58:31,162,W+30.5,34038,1,True,False,False,,-1,80.6228,0
2026-06-26 20:00:02,131,B+21.5,27590,4,True,False,False,,-1,83.8471,0
2026-06-26 20:01:35,137,B+53.5,28838,5,True,False,False,,-1,86.3609,0
2026-06-26 20:03:02,135,B+35.5,28422,3,True,False,False,,-1,86.5002,0
2026-06-26 20:04:32,162,B+17.5,34038,2,True,False,False,,-1,87.0041,0
2026-06-26 20:05:32,127,B+21.5,26758,2,True,False,False,,-1,83.1756,0
2026-06-26 20:06:40,121,W+48.5,25510,3,True,False,False,,-1,81.2255,0
2026-06-26 20:08:12,162,W+63.5,34038,10,True,False,False,,-1,82.4692,0
2026-06-26 20:09:34,162,W+42.5,34038,1,True,False,False,,-1,82.4408,0
2026-06-26 20:10:54,135,B+21.5,28422,4,True,False,False,,-1,82.1546,0
2026-06-26 20:12:37,158,W+15.5,33206,4,True,False,False,,-1,83.9169,0
2026-06-26 20:14:08,162,B+22.5,34038,4,True,False,False,,-1,84.4945,0
2026-06-26 20:15:20,129,B+41.5,27174,4,True,False,False,,-1,83.5842,0
2026-06-26 20:16:12,70,W+3.5,14902,3,True,False,False,,-1,81.4928,0
2026-06-26 20:17:46,162,W+47.5,34038,1,True,False,False,,-1,82.2619,0
2026-06-26 20:18:56,104,B+4.5,21974,4,True,False,False,,-1,81.5443,0
2026-06-26 20:20:28,140,W+64.5,29462,3,True,False,False,,-1,82.1011,0
2026-06-26 20:21:58,153,B+20.5,32166,4,True,False,False,,-1,82.5421,0
2026-06-26 20:23:39,162,W+64.5,34038,4,True,False,False,,-1,83.4471,0
2026-06-26 20:23:52,22,W+7.5,4918,2,True,False,False,,-1,80.1128,0
2026-06-26 20:24:41,70,W+0.5,14902,2,True,False,False,,-1,78.6932,0
2026-06-26 20:26:17,148,B+29.5,31126,5,True,False,False,,-1,79.428,0
2026-06-26 20:27:29,143,W+48.5,30086,3,True,False,False,,-1,79.1102,0
2026-06-26 20:29:05,162,B+53.5,34038,1,True,False,False,,-1,79.7914,0
2026-06-26 20:30:05,88,B+8.5,18646,2,True,False,False,,-1,79.0509,0
2026-06-26 20:31:35,162,W+50.5,34038,2,True,False,False,,-1,79.4482,0
2026-06-26 20:33:08,162,W+16.5,34038,3,True,False,False,,-1,79.9116,0
2026-06-26 20:34:23,146,B+51.5,30710,3,True,False,False,,-1,79.7594,0
2026-06-26 20:35:55,162,B+16.5,34038,0,True,False,False,,-1,80.1537,0
2026-06-26 20:37:23,162,W+72.5,34038,5,True,False,False,,-1,80.4253,0
2026-06-26 20:38:33,107,W+6.5,22598,4,True,False,False,,-1,80.1016,0
2026-06-26 20:38:56,38,W+7.5,8246,2,True,False,False,,-1,78.3751,0
2026-06-26 20:40:00,119,W+13.5,25094,3,True,False,False,,-1,77.9494,0
2026-06-26 20:41:31,160,W+65.5,33622,3,True,False,False,,-1,78.3154,0
2026-06-26 20:42:56,162,W+50.5,34038,2,True,False,False,,-1,78.5067,0
2026-06-26 20:44:17,113,B+39.5,23846,5,True,False,False,,-1,78.5736,0
2026-06-26 20:46:00,162,B+34.5,34038,4,True,False,False,,-1,79.2042,0
2026-06-26 20:47:26,138,W+42.5,29046,4,True,False,False,,-1,79.3708,0
2026-06-26 20:48:52,131,B+27.5,27590,2,True,False,False,,-1,79.5473,0
2026-06-26 20:49:37,66,W+8.5,14070,2,True,False,False,,-1,78.6957,0
2026-06-26 20:51:06,153,B+12.5,32166,2,True,False,False,,-1,78.9387,0
2026-06-26 20:51:53,68,W+8.5,14486,3,True,False,False,,-1,78.2,0
2026-06-26 20:53:28,162,B+19.5,34038,5,True,False,False,,-1,78.5924,0
2026-06-26 20:54:30,86,W+21.5,18230,4,True,False,False,,-1,78.224,0
2026-06-26 20:56:04,155,W+56.5,32582,5,True,False,False,,-1,78.5529,0
2026-06-26 20:57:30,145,B+24.5,30502,4,True,False,False,,-1,78.7208,0
2026-06-26 20:58:21,72,W+2.5,15318,3,True,False,False,,-1,78.1507,0
2026-06-26 20:59:50,149,B+18.5,31334,3,True,False,False,,-1,78.3613,0
2026-06-26 21:01:02,134,W+51.5,28214,3,True,False,False,,-1,78.2352,0
2026-06-26 21:02:20,154,W+63.5,32374,3,True,False,False,,-1,78.2238,0
2026-06-26 21:04:02,162,B+3.5,34038,2,True,False,False,,-1,78.6923,0
2026-06-26 21:05:27,162,B+10.5,34038,0,True,False,False,,-1,78.8062,0
2026-06-26 21:05:53,42,W+9.5,9078,3,True,False,False,,-1,77.8358,0
2026-06-26 21:06:42,70,W+4.5,14902,4,True,False,False,,-1,77.3008,0
2026-06-26 21:08:12,162,W+43.5,34038,1,True,False,False,,-1,77.5353,0
2026-06-26 21:09:49,162,B+46.5,34038,2,True,False,False,,-1,77.8754,0
2026-06-26 21:11:20,162,B+16.5,34038,1,True,False,False,,-1,78.106,0
2026-06-26 21:12:35,162,W+26.5,34038,1,True,False,False,,-1,78.0391,0
2026-06-26 21:14:13,159,B+59.5,33414,5,True,False,False,,-1,78.3831,0
2026-06-26 21:15:54,155,W+57.5,32582,6,True,False,False,,-1,78.7491,0
2026-06-26 21:16:15,34,W+7.5,7414,2,True,False,False,,-1,77.8121,0
2026-06-26 21:17:51,162,B+41.5,34038,2,True,False,False,,-1,78.1138,0
2026-06-26 21:19:32,148,B+29.5,31126,6,True,False,False,,-1,78.4642,0
2026-06-26 21:20:25,76,W+14.5,16150,3,True,False,False,,-1,78.0682,0
2026-06-26 21:21:55,137,W+56.5,28838,4,True,False,False,,-1,78.2507,0
2026-06-26 21:22:44,70,W+10.5,14902,3,True,False,False,,-1,77.8124,0
2026-06-26 21:23:49,119,W+12.5,25094,3,True,False,False,,-1,77.6266,0
2026-06-26 21:25:14,150,W+46.5,31542,3,True,False,False,,-1,77.7317,0
2026-06-26 21:26:45,154,W+47.5,32374,5,True,False,False,,-1,77.9287,0
2026-06-26 21:28:11,162,B+64.5,34038,4,True,False,False,,-1,78.0404,0
2026-06-26 21:29:51,162,B+26.5,34038,3,True,False,False,,-1,78.3493,0
2026-06-26 21:31:29,162,B+47.5,34038,5,True,False,False,,-1,78.6117,0
2026-06-26 21:33:07,162,B+16.5,34038,3,True,False,False,,-1,78.8755,0
2026-06-26 21:34:30,139,B+13.5,29254,3,True,False,False,,-1,78.9287,0
2026-06-26 21:35:45,135,B+22.5,28422,3,True,False,False,,-1,78.8818,0
2026-06-26 21:37:28,162,W+48.5,34038,1,True,False,False,,-1,79.1959,0
2026-06-26 21:39:03,162,W+58.5,34038,6,True,False,False,,-1,79.393,0
2026-06-26 21:39:32,48,W+7.5,10326,3,True,False,False,,-1,78.7546,0
2026-06-26 21:40:56,162,B+13.5,34038,0,True,False,False,,-1,78.8182,0
2026-06-26 21:41:30,52,W+9.5,11158,2,True,False,False,,-1,78.2613,0
2026-06-26 21:43:13,162,B+40.5,34038,1,True,False,False,,-1,78.5661,0
2026-06-26 21:44:49,162,W+74.5,34038,1,True,False,False,,-1,78.7765,0
2026-06-26 21:45:52,102,B+16.5,21558,3,True,False,False,,-1,78.5877,0
2026-06-26 21:46:37,66,W+12.5,14070,2,True,False,False,,-1,78.1963,0
2026-06-26 21:48:12,162,W+49.5,34038,2,True,False,False,,-1,78.3872,0
2026-06-26 21:49:45,162,B+0.5,34038,3,True,False,False,,-1,78.5606,0
2026-06-26 21:51:25,155,B+54.5,32582,3,True,False,False,,-1,78.806,0
2026-06-26 21:52:43,141,W+58.5,29670,2,True,False,False,,-1,78.7982,0
2026-06-26 21:53:38,76,W+1.5,16150,4,True,False,False,,-1,78.5271,0
2026-06-26 21:55:00,162,B+5.5,34038,0,True,False,False,,-1,78.5639,0
2026-06-26 21:56:32,151,W+60.5,31750,2,True,False,False,,-1,78.7154,0
2026-06-26 21:58:11,162,W+35.5,34038,3,True,False,False,,-1,78.9316,0
2026-06-26 21:58:48,58,W+4.5,12406,3,True,False,False,,-1,78.4866,0
2026-06-26 22:00:18,162,B+6.5,34038,0,True,False,False,,-1,78.6044,0
2026-06-26 22:01:25,113,W+31.5,23846,2,True,False,False,,-1,78.4885,0
2026-06-26 22:03:05,162,B+56.5,34038,9,True,False,False,,-1,78.7106,0
2026-06-26 22:04:06,111,W+4.5,23430,2,True,False,False,,-1,78.5254,0
2026-06-26 22:05:40,162,W+63.5,34038,0,True,False,False,,-1,78.6801,0
2026-06-26 22:07:04,144,W+19.5,30294,3,True,False,False,,-1,78.736,0
2026-06-26 22:08:46,145,W+55.5,30502,4,True,False,False,,-1,79.0847,0
2026-06-26 22:10:16,162,B+31.5,34038,1,True,False,False,,-1,79.0416,0
2026-06-26 22:11:37,129,B+21.5,27174,3,True,False,False,,-1,78.9469,0
2026-06-26 22:13:02,162,B+61.5,34038,10,True,False,False,,-1,78.8621,0
2026-06-26 22:14:27,162,B+13.5,34038,7,True,False,False,,-1,78.8355,0
2026-06-26 22:15:55,162,B+17.5,34038,0,True,False,False,,-1,78.8276,0
2026-06-26 22:17:40,162,B+38.5,34038,2,True,False,False,,-1,79.2764,0
2026-06-26 22:19:09,151,B+43.5,31750,2,True,False,False,,-1,79.4862,0
2026-06-26 22:20:48,162,W+44.5,34038,3,True,False,False,,-1,79.5518,0
2026-06-26 22:21:52,113,W+10.5,23846,3,True,False,False,,-1,79.373,0
2026-06-26 22:23:23,159,B+11.5,33414,3,True,False,False,,-1,79.4909,0
2026-06-26 22:24:56,162,W+46.5,34038,2,True,False,False,,-1,79.3842,0
2026-06-26 22:26:15,143,B+7.5,30086,4,True,False,False,,-1,79.2595,0
2026-06-26 22:27:46,147,W+52.5,30918,3,True,False,False,,-1,79.45,0
2026-06-26 22:28:41,78,W+10.5,16566,3,True,False,False,,-1,79.4841,0
2026-06-26 22:30:16,150,B+26.5,31542,6,True,False,False,,-1,79.4898,0
2026-06-26 22:31:37,147,B+51.5,30918,3,True,False,False,,-1,79.601,0
2026-06-26 22:33:25,162,W+52.5,34038,3,True,False,False,,-1,79.771,0
2026-06-26 22:35:00,156,W+25.5,32790,3,True,False,False,,-1,79.8112,0
2026-06-26 22:36:26,162,B+63.5,34038,0,True,False,False,,-1,79.6599,0
2026-06-26 22:37:53,146,W+27.5,30710,2,True,False,False,,-1,80.3975,0
2026-06-26 22:39:29,162,W+34.5,34038,2,True,False,False,,-1,80.8672,0
2026-06-26 22:40:55,144,B+30.5,30294,3,True,False,False,,-1,80.7726,0
2026-06-26 22:42:15,126,B+33.5,26550,5,True,False,False,,-1,80.8568,0
2026-06-26 22:43:56,154,W+35.5,32374,3,True,False,False,,-1,80.9093,0
2026-06-26 22:45:29,153,W+53.5,32166,3,True,False,False,,-1,81.2334,0
2026-06-26 22:46:45,162,B+7.5,34038,2,True,False,False,,-1,81.0958,0
2026-06-26 22:48:13,162,B+47.5,34038,3,True,False,False,,-1,81.0477,0
2026-06-26 22:49:21,125,W+47.5,26342,2,True,False,False,,-1,80.9717,0
2026-06-26 22:50:57,157,B+41.5,32998,4,True,False,False,,-1,81.0141,0
2026-06-26 22:52:22,146,B+35.5,30710,4,True,False,False,,-1,80.9867,0
2026-06-26 22:53:44,162,W+35.5,34038,4,True,False,False,,-1,81.0994,0
2026-06-26 22:55:11,162,W+30.5,34038,1,True,False,False,,-1,81.736,0
2026-06-26 22:56:53,162,W+39.5,34038,0,True,False,False,,-1,82.1199,0
2026-06-26 22:57:08,24,W+7.5,5334,2,True,False,False,,-1,81.3591,0
2026-06-26 22:58:05,87,W+7.5,18438,3,True,False,False,,-1,81.0802,0
2026-06-26 22:59:15,118,B+15.5,24886,2,True,False,False,,-1,80.9759,0
2026-06-26 23:01:04,162,B+43.5,34038,0,True,False,False,,-1,81.031,0
2026-06-26 23:02:42,162,B+13.5,34038,1,True,False,False,,-1,81.1632,0
2026-06-26 23:04:16,162,W+33.5,34038,0,True,False,False,,-1,81.2374,0
2026-06-26 23:05:28,126,B+28.5,26550,2,True,False,False,,-1,81.5103,0
2026-06-26 23:06:57,162,B+23.5,34038,2,True,False,False,,-1,81.5127,0
2026-06-26 23:08:18,142,B+50.5,29878,3,True,False,False,,-1,81.8497,0
2026-06-26 23:09:32,116,B+23.5,24470,2,True,False,False,,-1,81.6324,0
2026-06-26 23:11:02,162,B+56.5,34038,4,True,False,False,,-1,81.9099,0
2026-06-26 23:12:00,95,W+9.5,20102,3,True,False,False,,-1,81.5564,0
2026-06-26 23:13:37,140,B+3.5,29462,4,True,False,False,,-1,81.6675,0
2026-06-26 23:14:07,46,W+6.5,9910,2,True,False,False,,-1,81.4502,0
2026-06-26 23:15:33,153,B+52.5,32166,2,True,False,False,,-1,81.4288,0
2026-06-26 23:16:35,99,W+24.5,20934,2,True,False,False,,-1,81.3218,0
2026-06-26 23:18:10,162,W+62.5,34038,4,True,False,False,,-1,81.4952,0
2026-06-26 23:19:33,159,B+17.5,33414,4,True,False,False,,-1,81.3021,0
2026-06-26 23:21:04,162,B+23.5,34038,2,True,False,False,,-1,81.3617,0
2026-06-26 23:22:40,162,B+19.5,34038,3,True,False,False,,-1,82.0584,0
2026-06-26 23:22:54,24,W+9.5,5334,2,True,False,False,,-1,81.7213,0
2026-06-26 23:23:52,80,W+19.5,16982,3,True,False,False,,-1,81.3939,0
2026-06-26 23:25:23,154,B+53.5,32374,4,True,False,False,,-1,81.33,0
2026-06-26 23:26:22,103,W+23.5,21766,2,True,False,False,,-1,81.0109,0
2026-06-26 23:27:47,136,B+33.5,28630,6,True,False,False,,-1,81.1146,0
2026-06-26 23:29:23,162,B+40.5,34038,2,True,False,False,,-1,81.0974,0
2026-06-26 23:30:24,95,W+3.5,20102,3,True,False,False,,-1,80.6988,0
2026-06-26 23:31:22,100,W+18.5,21142,3,True,False,False,,-1,81.0729,0
2026-06-26 23:32:46,152,W+42.5,31958,2,True,False,False,,-1,80.9427,0
2026-06-26 23:34:29,162,B+24.5,34038,3,True,False,False,,-1,80.964,0
2026-06-26 23:35:56,154,W+71.5,32374,2,True,False,False,,-1,81.3059,0
2026-06-26 23:37:34,153,W+31.5,32166,3,True,False,False,,-1,81.3903,0
2026-06-26 23:38:38,98,B+1.5,20726,2,True,False,False,,-1,81.533,0
2026-06-26 23:39:57,131,W+49.5,27590,3,True,False,False,,-1,81.6758,0
2026-06-26 23:40:41,64,W+3.5,13654,4,True,False,False,,-1,81.266,0
2026-06-26 23:41:12,50,W+9.5,10742,2,True,False,False,,-1,80.658,0
2026-06-26 23:42:42,162,W+30.5,34038,3,True,False,False,,-1,80.7032,0
2026-06-26 23:44:07,154,W+71.5,32374,3,True,False,False,,-1,80.5535,0
2026-06-26 23:45:42,150,W+42.5,31542,4,True,False,False,,-1,80.53,0
2026-06-26 23:46:55,136,W+38.5,28630,2,True,False,False,,-1,80.2732,0
2026-06-26 23:48:33,162,B+16.5,34038,0,True,False,False,,-1,80.4225,0
2026-06-26 23:49:54,154,W+28.5,32374,2,True,False,False,,-1,80.4843,0
2026-06-26 23:50:51,78,W+0.5,16566,5,True,False,False,,-1,80.0169,0
2026-06-26 23:52:13,162,W+48.5,34038,5,True,False,False,,-1,79.8926,0
2026-06-26 23:53:02,68,W+12.5,14486,3,True,False,False,,-1,80.092,0
2026-06-26 23:54:30,162,B+26.5,34038,1,True,False,False,,-1,80.1358,0
2026-06-26 23:55:11,60,W+1.5,12822,3,True,False,False,,-1,80.21,0
2026-06-26 23:56:32,142,W+66.5,29878,2,True,False,False,,-1,79.9863,0
2026-06-26 23:57:58,152,W+40.5,31958,4,True,False,False,,-1,79.8845,0
2026-06-26 23:59:32,160,W+79.5,33622,4,True,False,False,,-1,80.1987,0
2026-06-27 00:00:27,74,W+2.5,15734,3,True,False,False,,-1,80.2958,0
2026-06-27 00:02:00,162,B+15.5,34038,3,True,False,False,,-1,80.2824,0
2026-06-27 00:03:30,162,B+53.5,34038,1,True,False,False,,-1,80.2415,0
2026-06-27 00:04:27,80,W+6.5,16982,3,True,False,False,,-1,79.8162,0
2026-06-27 00:05:07,60,W+12.5,12822,2,True,False,False,,-1,79.4335,0
2026-06-27 00:06:39,162,W+42.5,34038,2,True,False,False,,-1,79.8069,0
2026-06-27 00:08:14,162,W+15.5,34038,1,True,False,False,,-1,79.9387,0
2026-06-27 00:10:03,154,W+42.5,32374,4,True,False,False,,-1,80.1049,0
2026-06-27 00:11:37,144,B+8.5,30294,6,True,False,False,,-1,80.0588,0
2026-06-27 00:13:01,162,B+27.5,34038,7,True,False,False,,-1,80.5242,0
2026-06-27 00:14:33,162,B+15.5,34038,3,True,False,False,,-1,80.5476,0
2026-06-27 00:16:06,162,W+33.5,34038,3,True,False,False,,-1,80.8026,0
2026-06-27 00:17:50,162,W+38.5,34038,2,True,False,False,,-1,80.8433,0
2026-06-27 00:19:09,115,W+20.5,24262,2,True,False,False,,-1,81.0206,0
2026-06-27 00:20:43,158,W+43.5,33206,6,True,False,False,,-1,81.0245,0
2026-06-27 00:21:56,117,W+40.5,24678,4,True,False,False,,-1,80.914,0
2026-06-27 00:23:10,162,B+7.5,34038,1,True,False,False,,-1,80.628,0
2026-06-27 00:24:40,158,W+30.5,33206,5,True,False,False,,-1,80.6319,0
2026-06-27 00:26:18,162,W+75.5,34038,1,True,False,False,,-1,80.8064,0
2026-06-27 00:27:51,162,W+20.5,34038,2,True,False,False,,-1,80.8871,0
2026-06-27 00:28:43,78,W+21.5,16566,4,True,False,False,,-1,80.5589,0
2026-06-27 00:30:07,142,W+58.5,29878,2,True,False,False,,-1,80.5125,0
2026-06-27 00:31:37,162,W+74.5,34038,4,True,False,False,,-1,80.3575,0
2026-06-27 00:32:36,97,W+14.5,20518,2,True,False,False,,-1,80.0651,0
2026-06-27 00:34:09,162,W+36.5,34038,1,True,False,False,,-1,80.0084,0
2026-06-27 00:35:07,102,B+0.5,21558,3,True,False,False,,-1,79.9389,0
2026-06-27 00:36:47,158,B+38.5,33206,3,True,False,False,,-1,80.0333,0
2026-06-27 00:37:35,68,W+8.5,14486,3,True,False,False,,-1,79.5876,0
2026-06-27 00:37:49,22,W+7.5,4918,2,True,False,False,,-1,78.939,0
2026-06-27 00:39:26,162,W+63.5,34038,6,True,False,False,,-1,78.9994,0
2026-06-27 00:40:36,116,W+7.5,24470,3,True,False,False,,-1,79.1389,0
2026-06-27 00:42:12,162,W+24.5,34038,5,True,False,False,,-1,79.1564,0
2026-06-27 00:43:37,151,B+46.5,31750,2,True,False,False,,-1,79.1962,0
2026-06-27 00:45:03,156,B+38.5,32790,3,True,False,False,,-1,78.9718,0
2026-06-27 00:46:32,143,W+43.5,30086,3,True,False,False,,-1,78.9185,0
2026-06-27 00:47:01,46,W+8.5,9910,3,True,False,False,,-1,78.3517,0
2026-06-27 00:48:10,113,B+1.5,23846,2,True,False,False,,-1,78.1668,0
2026-06-27 00:48:44,54,W+6.5,11574,3,True,False,False,,-1,77.548,0
2026-06-27 00:50:21,153,W+53.5,32166,4,True,False,False,,-1,77.6586,0
2026-06-27 00:51:47,162,B+54.5,34038,8,True,False,False,,-1,77.7114,0
2026-06-27 00:52:55,131,W+49.5,27590,2,True,False,False,,-1,77.3834,0
2026-06-27 00:53:41,67,B+8.5,14278,3,True,False,False,,-1,76.9091,0
2026-06-27 00:55:04,162,B+20.5,34038,1,True,False,False,,-1,76.9818,0
2026-06-27 00:56:17,110,B+20.5,23222,2,True,False,False,,-1,76.8381,0
2026-06-27 00:57:34,126,B+28.5,26550,3,True,False,False,,-1,76.9292,0
2026-06-27 00:59:13,162,B+45.5,34038,3,True,False,False,,-1,76.958,0
2026-06-27 01:00:31,162,W+30.5,34038,2,True,False,False,,-1,76.8775,0
2026-06-27 01:01:24,72,W+4.5,15318,2,True,False,False,,-1,76.5931,0
2026-06-27 01:02:38,122,W+60.5,25718,3,True,False,False,,-1,76.4726,0
2026-06-27 01:04:03,133,W+29.5,28006,2,True,False,False,,-1,76.2975,0
2026-06-27 01:05:35,162,W+23.5,34038,0,True,False,False,,-1,77.0732,0
2026-06-27 01:06:57,142,B+40.5,29878,2,True,False,False,,-1,77.3121,0
2026-06-27 01:08:10,117,B+9.5,24678,4,True,False,False,,-1,77.3352,0
2026-06-27 01:09:38,162,W+26.5,34038,0,True,False,False,,-1,77.1436,0
2026-06-27 01:10:48,133,W+37.5,28006,2,True,False,False,,-1,76.8487,0
2026-06-27 01:12:24,162,B+60.5,34038,9,True,False,False,,-1,76.8691,0
2026-06-27 01:12:48,40,W+7.5,8662,2,True,False,False,,-1,76.3947,0
2026-06-27 01:14:15,151,W+64.5,31750,3,True,False,False,,-1,76.3679,0
2026-06-27 01:15:07,72,W+3.5,15318,5,True,False,False,,-1,76.0794,0
2026-06-27 01:16:37,162,B+48.5,34038,2,True,False,False,,-1,76.244,0
2026-06-27 01:17:35,82,W+24.5,17398,2,True,False,False,,-1,75.9255,0
2026-06-27 01:19:07,162,W+56.5,34038,5,True,False,False,,-1,76.2671,0
2026-06-27 01:20:08,109,W+27.5,23014,4,True,False,False,,-1,75.8982,0
2026-06-27 01:21:51,162,W+30.5,34038,1,True,False,False,,-1,76.6308,0
2026-06-27 01:22:35,64,W+2.5,13654,3,True,False,False,,-1,76.2087,0
2026-06-27 01:23:55,162,W+63.5,34038,2,True,False,False,,-1,76.4001,0
2026-06-27 01:25:15,146,W+50.5,30710,2,True,False,False,,-1,76.2454,0
2026-06-27 01:26:01,66,W+4.5,14070,3,True,False,False,,-1,75.8745,0
2026-06-27 01:27:07,123,W+21.5,25926,4,True,False,False,,-1,75.6295,0
2026-06-27 01:28:36,162,B+21.5,34038,1,True,False,False,,-1,75.5598,0
2026-06-27 01:30:02,162,B+18.5,34038,4,True,False,False,,-1,76.2721,0
2026-06-27 01:31:26,134,B+22.5,28214,4,True,False,False,,-1,76.5333,0
2026-06-27 01:31:57,48,W+7.5,10326,2,True,False,False,,-1,75.9348,0
2026-06-27 01:32:58,105,W+12.5,22182,3,True,False,False,,-1,75.9517,0
2026-06-27 01:34:21,162,W+33.5,34038,1,True,False,False,,-1,75.9429,0
2026-06-27 01:35:23,102,B+8.5,21558,2,True,False,False,,-1,75.5846,0
2026-06-27 01:37:04,158,W+67.5,33206,3,True,False,False,,-1,75.9943,0
2026-06-27 01:38:52,158,W+64.5,33206,4,True,False,False,,-1,76.4873,0
2026-06-27 01:40:18,149,W+40.5,31334,6,True,False,False,,-1,76.5089,0
2026-06-27 01:41:19,98,B+9.5,20726,3,True,False,False,,-1,76.0975,0
2026-06-27 01:42:10,72,W+11.5,15318,3,True,False,False,,-1,75.7332,0
2026-06-27 01:43:20,111,W+27.5,23430,3,True,False,False,,-1,75.4544,0
2026-06-27 01:44:56,154,W+61.5,32374,5,True,False,False,,-1,75.7755,0
2026-06-27 01:46:20,151,W+57.5,31750,3,True,False,False,,-1,75.8236,0
2026-06-27 01:47:50,162,W+33.5,34038,0,True,False,False,,-1,76.2809,0
2026-06-27 01:49:21,162,W+66.5,34038,1,True,False,False,,-1,76.8846,0
2026-06-27 01:50:57,162,W+25.5,34038,0,True,False,False,,-1,76.9444,0
2026-06-27 01:52:33,162,B+28.5,34038,2,True,False,False,,-1,77.049,0
2026-06-27 01:54:09,162,W+64.5,34038,0,True,False,False,,-1,77.0584,0
2026-06-27 01:55:24,130,W+41.5,27382,3,True,False,False,,-1,77.0835,0
2026-06-27 01:56:43,162,W+31.5,34038,1,True,False,False,,-1,76.9016,0
2026-06-27 01:58:11,162,W+38.5,34038,1,True,False,False,,-1,76.9583,0
2026-06-27 01:59:52,162,B+47.5,34038,2,True,False,False,,-1,77.4108,0
2026-06-27 02:01:08,162,W+25.5,34038,2,True,False,False,,-1,77.3499,0
2026-06-27 02:02:24,162,B+7.5,34038,0,True,False,False,,-1,77.616,0
2026-06-27 02:03:56,162,W+72.5,34038,4,True,False,False,,-1,77.6568,0
2026-06-27 02:05:01,121,B+0.5,25510,5,True,False,False,,-1,77.8946,0
2026-06-27 02:06:31,151,B+33.5,31750,2,True,False,False,,-1,77.9826,0
2026-06-27 02:07:42,121,W+1.5,25510,4,True,False,False,,-1,77.8345,0
2026-06-27 02:08:11,46,W+6.5,9910,2,True,False,False,,-1,77.1789,0
2026-06-27 02:09:49,149,B+53.5,31334,5,True,False,False,,-1,77.612,0
2026-06-27 02:11:10,134,W+23.5,28214,3,True,False,False,,-1,77.492,0
2026-06-27 02:12:39,158,W+68.5,33206,4,True,False,False,,-1,77.485,0
2026-06-27 02:13:54,123,B+28.5,25926,2,True,False,False,,-1,77.6616,0
2026-06-27 02:15:34,156,W+34.5,32790,4,True,False,False,,-1,78.2563,0
2026-06-27 02:17:13,162,B+17.5,34038,2,True,False,False,,-1,78.3322,0
2026-06-27 02:18:36,162,B+21.5,34038,1,True,False,False,,-1,78.2174,0
2026-06-27 02:20:05,162,W+45.5,34038,2,True,False,False,,-1,78.0124,0
2026-06-27 02:20:42,54,W+3.5,11574,2,True,False,False,,-1,77.4389,0
2026-06-27 02:22:19,158,B+6.5,33206,4,True,False,False,,-1,77.5746,0
2026-06-27 02:23:52,162,W+66.5,34038,7,True,False,False,,-1,77.5828,0
2026-06-27 02:25:23,152,B+14.5,31958,5,True,False,False,,-1,77.5637,0
2026-06-27 02:26:46,145,B+44.5,30502,6,True,False,False,,-1,77.3563,0
2026-06-27 02:27:48,86,W+19.5,18230,4,True,False,False,,-1,77.1916,0
2026-06-27 02:29:08,136,B+39.5,28630,2,True,False,False,,-1,77.0442,0
2026-06-27 02:29:44,56,W+8.5,11990,3,True,False,False,,-1,76.6757,0
2026-06-27 02:31:19,148,B+46.5,31126,3,True,False,False,,-1,76.8826,0
2026-06-27 02:32:36,120,W+56.5,25302,3,True,False,False,,-1,76.7559,0
2026-06-27 02:34:00,162,W+41.5,34038,2,True,False,False,,-1,76.6166,0
2026-06-27 02:35:17,139,W+52.5,29254,2,True,False,False,,-1,76.4541,0
2026-06-27 02:36:40,150,W+61.5,31542,2,True,False,False,,-1,76.7684,0
2026-06-27 02:38:23,162,W+47.5,34038,3,True,False,False,,-1,76.9494,0
2026-06-27 02:39:31,149,W+58.5,31334,2,True,False,False,,-1,76.7396,0
2026-06-27 02:41:04,159,B+41.5,33414,5,True,False,False,,-1,77.0772,0
2026-06-27 02:42:41,162,W+54.5,34038,2,True,False,False,,-1,77.1152,0
2026-06-27 02:43:06,40,W+8.5,8662,2,True,False,False,,-1,76.7867,0
2026-06-27 02:44:31,149,B+21.5,31334,3,True,False,False,,-1,76.6287,0
2026-06-27 02:45:23,74,W+9.5,15734,2,True,False,False,,-1,76.6732,0
2026-06-27 02:46:59,149,B+33.5,31334,2,True,False,False,,-1,77.4881,0
2026-06-27 02:48:25,162,W+40.5,34038,2,True,False,False,,-1,77.3796,0
2026-06-27 02:49:24,93,W+12.5,19686,3,True,False,False,,-1,77.2781,0
2026-06-27 02:50:43,145,W+42.5,30502,2,True,False,False,,-1,77.1086,0
2026-06-27 02:51:11,44,W+9.5,9494,4,True,False,False,,-1,76.5303,0
2026-06-27 02:52:53,141,W+68.5,29670,3,True,False,False,,-1,76.6883,0
2026-06-27 02:54:35,162,W+61.5,34038,1,True,False,False,,-1,76.8223,0
2026-06-27 02:56:02,140,B+41.5,29462,3,True,False,False,,-1,77.4011,0
2026-06-27 02:57:24,149,W+47.5,31334,2,True,False,False,,-1,77.5364,0
2026-06-27 02:58:56,162,W+23.5,34038,1,True,False,False,,-1,78.1129,0
2026-06-27 03:00:05,108,B+7.5,22806,4,True,False,False,,-1,77.8359,0
2026-06-27 03:01:19,162,W+21.5,34038,0,True,False,False,,-1,77.7166,0
2026-06-27 03:02:55,154,W+57.5,32374,3,True,False,False,,-1,77.9883,0
2026-06-27 03:04:39,162,B+35.5,34038,4,True,False,False,,-1,78.5767,0
2026-06-27 03:06:10,162,W+79.5,34038,2,True,False,False,,-1,78.653,0
2026-06-27 03:07:35,150,W+23.5,31542,4,True,False,False,,-1,78.7713,0
2026-06-27 03:08:46,109,W+6.5,23014,4,True,False,False,,-1,78.715,0
2026-06-27 03:10:14,151,B+7.5,31750,3,True,False,False,,-1,78.602,0
2026-06-27 03:11:57,162,B+7.5,34038,3,True,False,False,,-1,78.8564,0
2026-06-27 03:13:39,152,W+32.5,31958,5,True,False,False,,-1,79.3427,0
2026-06-27 03:15:17,150,W+19.5,31542,3,True,False,False,,-1,79.5806,0
2026-06-27 03:16:46,145,W+20.5,30502,3,True,False,False,,-1,79.6185,0
2026-06-27 03:17:27,60,W+13.5,12822,2,True,False,False,,-1,79.1047,0
2026-06-27 03:18:55,162,W+71.5,34038,2,True,False,False,,-1,79.1728,0
2026-06-27 03:20:10,125,W+24.5,26342,4,True,False,False,,-1,79.2014,0
2026-06-27 03:21:37,135,W+40.5,28422,2,True,False,False,,-1,79.1824,0
2026-06-27 03:23:17,147,B+47.5,30918,3,True,False,False,,-1,79.4845,0
2026-06-27 03:24:56,162,W+2.5,34038,2,True,False,False,,-1,79.5204,0
2026-06-27 03:26:34,162,W+45.5,34038,2,True,False,False,,-1,80.2461,0
2026-06-27 03:27:49,162,B+6.5,34038,1,True,False,False,,-1,80.1348,0
2026-06-27 03:29:18,157,B+51.5,32998,6,True,False,False,,-1,80.5064,0
2026-06-27 03:30:27,128,W+3.5,26966,3,True,False,False,,-1,80.2911,0
2026-06-27 03:32:04,153,W+48.5,32166,4,True,False,False,,-1,80.6856,0
2026-06-27 03:32:54,70,W+5.5,14902,3,True,False,False,,-1,80.2629,0
2026-06-27 03:34:10,134,B+41.5,28214,2,True,False,False,,-1,80.415,0
2026-06-27 03:35:40,158,W+38.5,33206,4,True,False,False,,-1,80.2906,0
2026-06-27 03:37:00,117,W+45.5,24678,4,True,False,False,,-1,80.6501,0
2026-06-27 03:38:48,162,W+22.5,34038,3,True,False,False,,-1,80.9261,0
2026-06-27 03:40:23,142,B+12.5,29878,5,True,False,False,,-1,81.0777,0
2026-06-27 03:41:24,82,W+3.5,17398,4,True,False,False,,-1,81.2244,0
2026-06-27 03:43:06,156,W+69.5,32790,3,True,False,False,,-1,81.577,0
2026-06-27 03:44:35,162,W+29.5,34038,2,True,False,False,,-1,81.5847,0
2026-06-27 03:45:16,60,W+5.5,12822,2,True,False,False,,-1,81.1321,0
2026-06-27 03:46:32,134,B+35.5,28214,4,True,False,False,,-1,81.0509,0
2026-06-27 03:47:53,134,W+52.5,28214,3,True,False,False,,-1,81.556,0
2026-06-27 03:49:28,149,W+45.5,31334,5,True,False,False,,-1,81.8935,0
2026-06-27 03:51:00,162,B+15.5,34038,1,True,False,False,,-1,81.9812,0
2026-06-27 03:52:36,162,B+23.5,34038,2,True,False,False,,-1,82.3301,0
2026-06-27 03:53:24,66,W+5.5,14070,3,True,False,False,,-1,81.7932,0
2026-06-27 03:54:46,121,W+44.5,25510,5,True,False,False,,-1,81.5393,0
2026-06-27 03:56:19,150,W+65.5,31542,2,True,False,False,,-1,81.6057,0
2026-06-27 03:57:45,162,B+22.5,34038,1,True,False,False,,-1,81.8504,0
2026-06-27 03:59:31,151,B+35.5,31750,3,True,False,False,,-1,82.4055,0
2026-06-27 04:01:05,158,W+48.5,33206,3,True,False,False,,-1,82.6419,0
2026-06-27 04:02:22,147,W+64.5,30918,3,True,False,False,,-1,82.4589,0
2026-06-27 04:03:46,141,W+51.5,29670,6,True,False,False,,-1,82.4531,0
2026-06-27 04:05:02,132,B+38.5,27798,3,True,False,False,,-1,82.3203,0
2026-06-27 04:06:06,101,B+7.5,21350,2,True,False,False,,-1,82.0495,0
2026-06-27 04:07:29,141,W+72.5,29670,2,True,False,False,,-1,81.9135,0
2026-06-27 04:09:11,162,W+31.5,34038,6,True,False,False,,-1,81.9726,0
2026-06-27 04:10:32,127,W+40.5,26758,3,True,False,False,,-1,81.8247,0
2026-06-27 04:12:08,162,B+9.5,34038,2,True,False,False,,-1,82.0381,0
2026-06-27 04:12:35,42,W+6.5,9078,2,True,False,False,,-1,81.5075,0
2026-06-27 04:13:18,64,W+9.5,13654,3,True,False,False,,-1,81.0705,0
2026-06-27 04:14:59,159,B+7.5,33414,3,True,False,False,,-1,81.0612,0
2026-06-27 04:16:33,162,B+19.5,34038,0,True,False,False,,-1,81.2432,0
2026-06-27 04:17:25,76,W+5.5,16150,2,True,False,False,,-1,81.0085,0
2026-06-27 04:18:50,137,W+44.5,28838,2,True,False,False,,-1,80.9333,0
2026-06-27 04:20:13,138,B+41.5,29046,4,True,False,False,,-1,81.1123,0
2026-06-27 04:21:17,97,B+18.5,20518,3,True,False,False,,-1,80.8521,0
2026-06-27 04:22:00,66,W+6.5,14070,2,True,False,False,,-1,80.5771,0
2026-06-27 04:23:39,154,W+53.5,32374,3,True,False,False,,-1,81.2751,0
2026-06-27 04:24:54,116,W+9.5,24470,4,True,False,False,,-1,81.0414,0
2026-06-27 04:26:32,151,B+24.5,31750,3,True,False,False,,-1,81.2113,0
2026-06-27 04:27:25,76,W+21.5,16150,2,True,False,False,,-1,80.8526,0
2026-06-27 04:28:17,74,W+7.5,15734,6,True,False,False,,-1,80.6231,0
2026-06-27 04:29:47,125,W+48.5,26342,4,True,False,False,,-1,80.527,0
2026-06-27 04:33:55,162,W+21.5,33812,33,True,False,False,,-1,80.2113,1000
2026-06-27 04:34:49,121,W+0.5,25284,21,True,False,False,,-1,79.8674,1000
2026-06-27 04:35:37,101,W+0.5,21124,12,True,False,False,,-1,79.9761,1000
2026-06-27 04:36:34,128,B+0.5,26740,15,True,False,False,,-1,79.5678,1000
2026-06-27 04:37:43,162,W+42.5,33812,32,True,False,False,,-1,79.3341,1000
2026-06-27 04:38:37,117,B+2.5,24452,13,True,False,False,,-1,78.9659,1000
2026-06-27 04:39:34,136,B+1.5,28404,24,True,False,False,,-1,78.6989,1000
2026-06-27 04:40:24,114,B+1.5,23828,16,True,False,False,,-1,78.5779,1000
2026-06-27 04:41:23,145,W+4.5,30276,30,True,False,False,,-1,78.3763,1000
2026-06-27 04:42:26,162,B+17.5,33812,35,True,False,False,,-1,78.6447,1000
2026-06-27 04:43:22,142,B+5.5,29652,24,True,False,False,,-1,78.2574,1000
2026-06-27 04:44:28,161,W+11.5,33604,30,True,False,False,,-1,78.1477,1000
2026-06-27 04:45:18,109,W+2.5,22788,13,True,False,False,,-1,77.7986,1000
2026-06-27 04:46:06,111,B+3.5,23204,13,True,False,False,,-1,77.5057,1000
2026-06-27 04:46:58,118,B+0.5,24660,14,True,False,False,,-1,77.2007,1000
2026-06-27 04:47:45,107,W+1.5,22372,13,True,False,False,,-1,76.6462,1000
2026-06-27 04:48:49,161,W+4.5,33604,40,True,False,False,,-1,76.5987,1000
2026-06-27 04:49:39,118,W+2.5,24660,19,True,False,False,,-1,76.1704,1000
2026-06-27 04:50:40,161,W+7.5,33604,38,True,False,False,,-1,75.8104,1000
2026-06-27 04:51:36,133,W+0.5,27780,19,True,False,False,,-1,76.1251,1000
2026-06-27 04:52:40,162,W+0.5,33812,27,True,False,False,,-1,75.9188,1000
2026-06-27 04:53:31,112,B+2.5,23412,20,True,False,False,,-1,75.8984,1000
2026-06-27 04:54:24,124,B+0.5,25908,22,True,False,False,,-1,75.4804,1000
2026-06-27 04:55:16,128,B+0.5,26740,24,True,False,False,,-1,75.1395,1000
2026-06-27 04:56:09,123,W+2.5,25700,20,True,False,False,,-1,75.0711,1000
2026-06-27 04:57:09,145,W+2.5,30276,29,True,False,False,,-1,74.8776,1000
2026-06-27 04:58:15,155,W+1.5,32356,32,True,False,False,,-1,75.2681,1000
2026-06-27 04:59:03,104,B+2.5,21748,9,True,False,False,,-1,74.7243,1000
2026-06-27 05:00:06,161,W+6.5,33604,35,True,False,False,,-1,74.3311,1000
2026-06-27 05:00:56,108,B+1.5,22580,17,True,False,False,,-1,73.9609,1000
2026-06-27 05:01:57,162,B+10.5,33812,38,True,False,False,,-1,73.7573,1000
2026-06-27 05:02:46,105,W+1.5,21956,20,True,False,False,,-1,73.3247,1000
2026-06-27 05:03:42,127,W+0.5,26532,19,True,False,False,,-1,73.1952,1000
2026-06-27 05:04:56,162,W+1.5,33812,28,True,False,False,,-1,73.1963,1000
2026-06-27 05:05:45,111,W+0.5,23204,19,True,False,False,,-1,72.7318,1000
2026-06-27 05:06:30,104,B+2.5,21748,16,True,False,False,,-1,72.1369,1000
2026-06-27 05:07:33,148,B+0.5,30900,20,True,False,False,,-1,71.8593,1000
2026-06-27 05:08:39,161,B+12.5,33604,24,True,False,False,,-1,71.6603,1000
2026-06-27 05:09:35,133,B+3.5,27780,21,True,False,False,,-1,71.5093,1000
2026-06-27 05:10:26,121,W+0.5,25284,19,True,False,False,,-1,71.1459,1000
2026-06-27 05:11:28,161,W+7.5,33604,39,True,False,False,,-1,70.7356,1000
2026-06-27 05:12:38,162,W+25.5,33812,27,True,False,False,,-1,70.42,1000
2026-06-27 05:13:28,113,W+2.5,23620,21,True,False,False,,-1,69.9302,1000
2026-06-27 05:14:17,112,B+2.5,23412,14,True,False,False,,-1,69.5369,1000
2026-06-27 05:15:15,148,B+1.5,30900,27,True,False,False,,-1,69.7097,1000
2026-06-27 05:16:11,139,W+2.5,29028,23,True,False,False,,-1,69.3932,1000
2026-06-27 05:17:03,121,W+1.5,25284,22,True,False,False,,-1,69.1467,1000
2026-06-27 05:17:59,143,W+1.5,29860,33,True,False,False,,-1,68.8417,1000
2026-06-27 05:18:59,162,W+56.5,33812,38,True,False,False,,-1,68.4483,1000
2026-06-27 05:19:57,131,W+1.5,27364,15,True,False,False,,-1,68.0317,1000
2026-06-27 05:20:47,124,B+1.5,25908,21,True,False,False,,-1,67.5605,1000
2026-06-27 05:21:41,124,B+2.5,25908,18,True,False,False,,-1,67.3414,1000
2026-06-27 05:22:42,143,W+0.5,29860,19,True,False,False,,-1,67.0619,1000
2026-06-27 05:23:45,162,W+26.5,33812,36,True,False,False,,-1,67.0039,1000
2026-06-27 05:24:44,144,B+1.5,30068,20,True,False,False,,-1,66.627,1000
2026-06-27 05:25:49,139,W+1.5,29028,17,True,False,False,,-1,66.7726,1000
2026-06-27 05:26:44,124,B+2.5,25908,16,True,False,False,,-1,66.5661,1000
2026-06-27 05:27:35,119,W+2.5,24868,20,True,False,False,,-1,66.1729,1000
2026-06-27 05:28:33,129,W+0.5,26948,22,True,False,False,,-1,65.95,1000
2026-06-27 05:29:24,114,B+0.5,23828,13,True,False,False,,-1,65.3765,1000
2026-06-27 05:30:20,126,B+0.5,26324,18,True,False,False,,-1,64.9921,1000
2026-06-27 05:31:28,154,B+0.5,32148,23,True,False,False,,-1,65.0642,1000
2026-06-27 05:32:31,153,W+6.5,31940,26,True,False,False,,-1,64.6749,1000
2026-06-27 05:33:15,98,B+1.5,20500,10,True,False,False,,-1,64.2236,1000
2026-06-27 05:34:19,162,B+19.5,33812,39,True,False,False,,-1,64.4494,1000
2026-06-27 05:35:17,136,B+5.5,28404,33,True,False,False,,-1,64.2727,1000
2026-06-27 05:36:11,127,W+0.5,26532,20,True,False,False,,-1,64.0042,1000
2026-06-27 05:37:17,162,W+13.5,33812,39,True,False,False,,-1,63.7197,1000
2026-06-27 05:38:16,127,W+0.5,26532,23,True,False,False,,-1,63.3812,1000
2026-06-27 05:39:16,139,W+2.5,29028,22,True,False,False,,-1,63.0272,1000
2026-06-27 05:40:16,129,W+0.5,26948,13,True,False,False,,-1,63.1442,1000
2026-06-27 05:41:17,146,W+5.5,30484,20,True,False,False,,-1,62.9323,1000
2026-06-27 05:42:06,107,W+0.5,22372,14,True,False,False,,-1,62.4946,1000
2026-06-27 05:43:00,131,W+0.5,27364,24,True,False,False,,-1,62.178,1000
2026-06-27 05:44:02,158,B+1.5,32980,29,True,False,False,,-1,61.7311,1000
2026-06-27 05:45:02,130,B+1.5,27156,18,True,False,False,,-1,61.3955,1000
2026-06-27 05:45:51,108,B+3.5,22580,14,True,False,False,,-1,61.1146,1000
2026-06-27 05:46:57,162,B+3.5,33812,37,True,False,False,,-1,60.9316,1000
2026-06-27 05:47:55,139,W+0.5,29028,25,True,False,False,,-1,60.7527,1000
2026-06-27 05:48:52,137,W+2.5,28612,23,True,False,False,,-1,60.6813,1000
2026-06-27 05:49:36,100,B+1.5,20916,19,True,False,False,,-1,60.291,1000
2026-06-27 05:50:24,103,B+0.5,21540,9,True,False,False,,-1,59.7549,1000
2026-06-27 05:51:16,114,B+1.5,23828,13,True,False,False,,-1,59.4614,1000
2026-06-27 05:52:18,158,B+4.5,32980,34,True,False,False,,-1,59.1255,1000
2026-06-27 05:53:09,110,B+1.5,22996,15,True,False,False,,-1,59.3681,1000
2026-06-27 05:54:12,148,B+1.5,30900,27,True,False,False,,-1,59.565,1000
2026-06-27 05:55:16,162,W+2.5,33812,37,True,False,False,,-1,59.1943,1000
2026-06-27 05:56:19,162,W+5.5,33812,36,True,False,False,,-1,58.8853,1000
2026-06-27 05:57:16,121,W+11.5,25284,16,True,False,False,,-1,58.9271,1000
2026-06-27 05:58:10,143,W+4.5,29860,27,True,False,False,,-1,58.6206,1000
2026-06-27 05:58:56,100,B+0.5,20916,12,True,False,False,,-1,58.2592,1000
2026-06-27 05:59:57,149,W+0.5,31108,26,True,False,False,,-1,58.2246,1000
2026-06-27 06:00:45,104,B+4.5,21748,8,True,False,False,,-1,58.2761,1000
2026-06-27 06:01:47,141,W+0.5,29444,24,True,False,False,,-1,57.9069,1000
2026-06-27 06:02:37,108,B+0.5,22580,18,True,False,False,,-1,57.6559,1000
2026-06-27 06:03:27,107,W+1.5,22372,15,True,False,False,,-1,57.1776,1000
2026-06-27 06:04:26,132,B+4.5,27572,24,True,False,False,,-1,57.24,1000
2026-06-27 06:05:32,162,B+7.5,33812,34,True,False,False,,-1,57.372,1000
2026-06-27 06:06:19,105,B+6.5,21956,13,True,False,False,,-1,56.9422,1000
2026-06-27 06:07:05,99,W+0.5,20708,10,True,False,False,,-1,56.5862,1000
2026-06-27 06:08:07,137,W+0.5,28612,30,True,False,False,,-1,56.5099,1000
2026-06-27 06:09:03,124,B+2.5,25908,23,True,False,False,,-1,56.5297,1000
2026-06-27 06:10:05,162,W+0.5,33812,30,True,False,False,,-1,56.6735,1000
2026-06-27 06:11:10,161,W+7.5,33604,40,True,False,False,,-1,56.7559,1000
2026-06-27 06:12:20,162,B+3.5,33812,26,True,False,False,,-1,56.7686,1000
2026-06-27 06:13:13,118,B+0.5,24660,21,True,False,False,,-1,56.7489,1000
2026-06-27 06:14:17,156,W+5.5,32564,33,True,False,False,,-1,56.821,1000
2026-06-27 06:15:05,106,B+0.5,22164,11,True,False,False,,-1,56.8033,1000
2026-06-27 06:15:58,120,B+3.5,25076,13,True,False,False,,-1,56.7462,1000
2026-06-27 06:16:55,130,W+3.5,27156,20,True,False,False,,-1,56.6787,1000
2026-06-27 06:17:48,117,W+3.5,24452,21,True,False,False,,-1,56.6545,1000
2026-06-27 06:18:46,141,B+0.5,29444,26,True,False,False,,-1,56.5769,1000
2026-06-27 06:19:37,116,B+1.5,24244,17,True,False,False,,-1,56.5843,1000
2026-06-27 06:20:38,147,W+1.5,30692,32,True,False,False,,-1,56.7186,1000
2026-06-27 06:21:34,134,B+7.5,27988,17,True,False,False,,-1,56.7556,1000
2026-06-27 06:22:29,124,B+1.5,25908,18,True,False,False,,-1,56.8347,1000
2026-06-27 06:23:24,121,W+1.5,25284,19,True,False,False,,-1,56.7504,1000
2026-06-27 06:24:32,161,W+10.5,33604,39,True,False,False,,-1,56.922,1000
2026-06-27 06:25:19,111,W+2.5,23204,21,True,False,False,,-1,56.7845,1000
2026-06-27 06:26:06,105,W+1.5,21956,15,True,False,False,,-1,56.6929,1000
2026-06-27 06:26:59,135,W+1.5,28196,31,True,False,False,,-1,56.5843,1000
2026-06-27 06:27:50,114,B+0.5,23828,14,True,False,False,,-1,56.5841,1000
2026-06-27 06:28:47,145,W+0.5,30276,31,True,False,False,,-1,56.6161,1000
2026-06-27 06:29:47,142,B+1.5,29652,20,True,False,False,,-1,56.7053,1000
2026-06-27 06:30:48,121,W+0.5,25284,13,True,False,False,,-1,56.7858,1000
2026-06-27 06:31:37,114,B+0.5,23828,11,True,False,False,,-1,56.6818,1000
2026-06-27 06:32:34,140,B+0.5,29236,18,True,False,False,,-1,56.5836,1000
2026-06-27 06:33:30,126,B+3.5,26324,17,True,False,False,,-1,56.6698,1000
2026-06-27 06:34:31,141,W+0.5,29444,29,True,False,False,,-1,56.6441,1000
2026-06-27 06:35:33,161,W+15.5,33604,34,True,False,False,,-1,56.7729,1000
2026-06-27 06:36:24,113,B+1.5,23620,12,True,False,False,,-1,56.6567,1000
2026-06-27 06:37:23,137,W+3.5,28612,22,True,False,False,,-1,56.7657,1000
2026-06-27 06:38:20,127,W+0.5,26532,16,True,False,False,,-1,56.7745,1000
2026-06-27 06:39:14,127,W+3.5,26532,22,True,False,False,,-1,56.5763,1000
2026-06-27 06:39:59,100,B+1.5,20916,12,True,False,False,,-1,56.5335,1000
2026-06-27 06:40:55,129,W+5.5,26948,23,True,False,False,,-1,56.6379,1000
2026-06-27 06:41:58,150,B+2.5,31316,21,True,False,False,,-1,56.6383,1000
2026-06-27 06:43:00,159,W+1.5,33188,30,True,False,False,,-1,56.6133,1000
2026-06-27 06:43:48,100,B+4.5,20916,10,True,False,False,,-1,56.523,1000
2026-06-27 06:44:43,125,W+1.5,26116,22,True,False,False,,-1,56.5648,1000
2026-06-27 06:45:39,138,B+4.5,28820,21,True,False,False,,-1,56.4997,1000
2026-06-27 06:46:28,113,W+0.5,23620,18,True,False,False,,-1,56.2963,1000
2026-06-27 06:47:21,133,W+0.5,27780,25,True,False,False,,-1,56.3236,1000
2026-06-27 06:48:13,114,B+2.5,23828,17,True,False,False,,-1,56.3589,1000
2026-06-27 06:49:07,125,W+0.5,26116,25,True,False,False,,-1,56.3093,1000
2026-06-27 06:50:04,143,W+3.5,29860,32,True,False,False,,-1,56.3172,1000
2026-06-27 06:50:54,114,B+0.5,23828,19,True,False,False,,-1,56.3118,1000
2026-06-27 06:51:57,144,B+1.5,30068,26,True,False,False,,-1,56.372,1000
2026-06-27 06:52:54,136,B+1.5,28404,20,True,False,False,,-1,56.3408,1000
2026-06-27 06:53:40,103,W+3.5,21540,17,True,False,False,,-1,56.2271,1000
2026-06-27 06:54:33,132,B+8.5,27572,17,True,False,False,,-1,56.2544,1000
2026-06-27 06:55:18,103,W+0.5,21540,19,True,False,False,,-1,56.169,1000
2026-06-27 06:56:18,146,B+0.5,30484,28,True,False,False,,-1,56.1618,1000
2026-06-27 06:57:16,138,B+4.5,28820,25,True,False,False,,-1,56.1059,1000
2026-06-27 06:58:07,120,B+1.5,25076,16,True,False,False,,-1,56.0232,1000
2026-06-27 06:59:11,151,W+1.5,31524,31,True,False,False,,-1,56.0129,1000
2026-06-27 07:00:15,162,B+9.5,33812,33,True,False,False,,-1,56.1094,1000
2026-06-27 07:01:14,136,B+5.5,28404,19,True,False,False,,-1,56.1814,1000
2026-06-27 07:02:14,143,W+2.5,29860,24,True,False,False,,-1,56.2075,1000
2026-06-27 07:03:18,153,W+4.5,31940,27,True,False,False,,-1,56.3381,1000
2026-06-27 07:04:09,115,W+2.5,24036,19,True,False,False,,-1,56.2848,1000
2026-06-27 07:05:19,161,B+23.5,33604,27,True,False,False,,-1,56.3038,1000
2026-06-27 07:06:08,135,B+1.5,28196,29,True,False,False,,-1,56.1743,1000
2026-06-27 07:07:02,118,B+2.5,24660,20,True,False,False,,-1,56.2614,1000
2026-06-27 07:07:55,122,B+0.5,25492,19,True,False,False,,-1,56.1546,1000
2026-06-27 07:08:46,121,W+0.5,25284,11,True,False,False,,-1,56.0889,1000
2026-06-27 07:09:48,158,B+4.5,32980,36,True,False,False,,-1,56.1638,1000
2026-06-27 07:10:51,136,B+3.5,28404,15,True,False,False,,-1,56.135,1000
2026-06-27 07:12:00,157,W+0.5,32772,17,True,False,False,,-1,56.2373,1000
2026-06-27 07:13:00,134,B+2.5,27988,20,True,False,False,,-1,56.2279,1000
2026-06-27 07:13:55,128,B+1.5,26740,24,True,False,False,,-1,56.1824,1000
2026-06-27 07:14:44,99,W+15.5,20708,9,True,False,False,,-1,56.0662,1000
2026-06-27 07:15:32,112,B+0.5,23412,15,True,False,False,,-1,56.0608,1000
2026-06-27 07:16:43,162,B+8.5,33812,33,True,False,False,,-1,56.2218,1000
2026-06-27 07:17:32,108,B+0.5,22580,14,True,False,False,,-1,56.1,1000
2026-06-27 07:18:31,145,W+0.5,30276,15,True,False,False,,-1,56.0815,1000
2026-06-27 07:19:24,115,W+3.5,24036,15,True,False,False,,-1,56.1218,1000
2026-06-27 07:20:19,131,W+0.5,27364,24,True,False,False,,-1,56.0191,1000
2026-06-27 07:21:19,144,B+0.5,30068,28,True,False,False,,-1,56.0353,1000
2026-06-27 07:22:11,131,W+0.5,27364,24,True,False,False,,-1,55.9888,1000
2026-06-27 07:25:53,138,B+1.5,28812,32,True,False,False,,-1,56.1244,2000
2026-06-27 07:26:45,108,B+2.5,22572,17,True,False,False,,-1,56.1286,2000
2026-06-27 07:27:41,120,B+7.5,25068,19,True,False,False,,-1,56.0609,2000
2026-06-27 07:28:31,103,W+1.5,21532,15,True,False,False,,-1,56.0541,2000
2026-06-27 07:29:24,116,W+5.5,24236,18,True,False,False,,-1,55.956,2000
2026-06-27 07:30:18,107,W+0.5,22364,18,True,False,False,,-1,55.8533,2000
2026-06-27 07:31:15,123,W+2.5,25692,15,True,False,False,,-1,55.7903,2000
2026-06-27 07:32:16,141,W+1.5,29436,18,True,False,False,,-1,55.837,2000
2026-06-27 07:32:33,31,B+0.5,6556,6,True,False,False,,-1,55.4645,2000
2026-06-27 07:33:34,142,W+3.5,29644,26,True,False,False,,-1,55.6144,2000
2026-06-27 07:34:29,127,W+1.5,26524,18,True,False,False,,-1,55.5562,2000
2026-06-27 07:35:22,133,W+2.5,27772,25,True,False,False,,-1,55.6068,2000
2026-06-27 07:36:18,120,B+0.5,25068,17,True,False,False,,-1,55.5484,2000
2026-06-27 07:37:21,146,B+5.5,30476,28,True,False,False,,-1,55.6805,2000
2026-06-27 07:37:42,35,B+1.5,7388,7,True,False,False,,-1,55.3835,2000
2026-06-27 07:38:47,162,B+1.5,33804,29,True,False,False,,-1,55.4393,2000
2026-06-27 07:39:34,100,B+2.5,20908,13,True,False,False,,-1,55.26,2000
2026-06-27 07:40:34,162,B+1.5,33804,27,True,False,False,,-1,55.3898,2000
2026-06-27 07:41:41,162,W+2.5,33804,21,True,False,False,,-1,55.5957,2000
2026-06-27 07:42:06,45,B+0.5,9468,5,True,False,False,,-1,55.2325,2000
2026-06-27 07:43:06,149,B+5.5,31100,18,True,False,False,,-1,55.2617,2000
2026-06-27 07:43:57,117,W+3.5,24444,18,True,False,False,,-1,55.159,2000
2026-06-27 07:44:59,139,W+3.5,29020,14,True,False,False,,-1,55.1296,2000
2026-06-27 07:45:44,93,B+3.5,19452,9,True,False,False,,-1,54.8689,2000
2026-06-27 07:46:37,132,B+0.5,27564,25,True,False,False,,-1,54.8786,2000
2026-06-27 07:47:30,125,W+2.5,26108,21,True,False,False,,-1,54.7672,2000
2026-06-27 07:48:24,119,W+0.5,24860,13,True,False,False,,-1,54.8287,2000
2026-06-27 07:49:32,155,W+0.5,32348,22,True,False,False,,-1,54.9713,2000
2026-06-27 07:49:51,33,B+0.5,6972,7,True,False,False,,-1,54.6042,2000
2026-06-27 07:50:44,120,B+3.5,25068,23,True,False,False,,-1,54.5985,2000
2026-06-27 07:51:07,43,B+0.5,9052,8,True,False,False,,-1,54.2456,2000
2026-06-27 07:51:30,37,B+0.5,7804,8,True,False,False,,-1,53.9668,2000
2026-06-27 07:52:14,99,B+5.5,20700,20,True,False,False,,-1,53.7967,2000
2026-06-27 07:53:10,142,B+1.5,29644,23,True,False,False,,-1,53.792,2000
2026-06-27 07:54:01,118,B+2.5,24652,15,True,False,False,,-1,53.7595,2000
2026-06-27 07:55:07,146,W+2.5,30476,21,True,False,False,,-1,53.8596,2000
2026-06-27 07:55:58,111,W+0.5,23196,18,True,False,False,,-1,53.7041,2000
2026-06-27 07:57:05,162,B+5.5,33804,36,True,False,False,,-1,53.897,2000
2026-06-27 07:58:01,139,B+0.5,29020,27,True,False,False,,-1,53.9903,2000
2026-06-27 07:58:49,100,B+2.5,20908,12,True,False,False,,-1,53.9372,2000
2026-06-27 07:59:37,101,W+1.5,21116,15,True,False,False,,-1,53.9119,2000
2026-06-27 08:00:43,162,W+0.5,33804,25,True,False,False,,-1,54.0008,2000
2026-06-27 08:01:30,110,W+0.5,22988,13,True,False,False,,-1,53.8645,2000
2026-06-27 08:02:25,129,W+2.5,26940,27,True,False,False,,-1,53.8025,2000
2026-06-27 08:03:16,127,B+2.5,26524,17,True,False,False,,-1,53.8229,2000
2026-06-27 08:04:11,122,B+0.5,25484,23,True,False,False,,-1,53.8081,2000
2026-06-27 08:05:16,160,B+5.5,33388,38,True,False,False,,-1,53.8899,2000
2026-06-27 08:06:15,162,B+7.5,33804,22,True,False,False,,-1,53.8763,2000
2026-06-27 08:07:06,122,B+4.5,25484,19,True,False,False,,-1,53.7609,2000
2026-06-27 08:07:59,121,B+0.5,25276,18,True,False,False,,-1,53.7856,2000
2026-06-27 08:08:55,140,B+2.5,29228,26,True,False,False,,-1,53.7584,2000
2026-06-27 08:10:01,153,B+2.5,31932,27,True,False,False,,-1,53.8378,2000
2026-06-27 08:11:04,160,B+6.5,33388,32,True,False,False,,-1,53.9324,2000
2026-06-27 08:11:27,39,B+0.5,8220,6,True,False,False,,-1,53.7116,2000
2026-06-27 08:12:02,61,B+0.5,12796,7,True,False,False,,-1,53.5124,2000
2026-06-27 08:12:47,101,B+1.5,21116,17,True,False,False,,-1,53.3281,2000
2026-06-27 08:13:44,133,W+3.5,27772,18,True,False,False,,-1,53.2768,2000
2026-06-27 08:14:48,162,W+0.5,33804,26,True,False,False,,-1,53.4425,2000
2026-06-27 08:15:33,97,B+1.5,20284,13,True,False,False,,-1,53.3369,2000
2026-06-27 08:16:24,132,B+4.5,27564,21,True,False,False,,-1,53.2939,2000
2026-06-27 08:17:24,144,W+2.5,30060,29,True,False,False,,-1,53.3965,2000
2026-06-27 08:18:08,89,B+1.5,18620,10,True,False,False,,-1,53.3157,2000
2026-06-27 08:18:58,103,B+2.5,21532,13,True,False,False,,-1,53.2792,2000
2026-06-27 08:19:57,138,B+2.5,28812,23,True,False,False,,-1,53.3374,2000
2026-06-27 08:20:43,108,B+2.5,22572,17,True,False,False,,-1,53.2288,2000
2026-06-27 08:21:32,106,B+5.5,22156,8,True,False,False,,-1,53.2178,2000
2026-06-27 08:22:28,145,W+0.5,30268,22,True,False,False,,-1,53.1471,2000
2026-06-27 08:23:20,117,W+1.5,24444,10,True,False,False,,-1,53.1016,2000
2026-06-27 08:24:10,107,B+1.5,22364,17,True,False,False,,-1,53.1284,2000
2026-06-27 08:25:05,126,W+0.5,26316,24,True,False,False,,-1,53.1548,2000
2026-06-27 08:25:57,108,B+1.5,22572,17,True,False,False,,-1,53.2252,2000
2026-06-27 08:26:57,162,B+1.5,33804,13,True,False,False,,-1,53.2194,2000
2026-06-27 08:27:48,114,W+2.5,23820,21,True,False,False,,-1,53.1632,2000
2026-06-27 08:28:46,136,B+1.5,28396,27,True,False,False,,-1,53.2216,2000
2026-06-27 08:29:31,93,W+3.5,19452,9,True,False,False,,-1,53.0386,2000
2026-06-27 08:30:18,103,W+3.5,21532,16,True,False,False,,-1,52.8607,2000
2026-06-27 08:31:09,111,W+0.5,23196,14,True,False,False,,-1,52.7906,2000
2026-06-27 08:32:07,121,B+3.5,25276,12,True,False,False,,-1,52.7696,2000
2026-06-27 08:33:04,130,B+8.5,27148,21,True,False,False,,-1,52.6921,2000
2026-06-27 08:34:06,162,B+5.5,33804,29,True,False,False,,-1,52.8092,2000
2026-06-27 08:34:55,112,B+1.5,23404,21,True,False,False,,-1,52.5989,2000
2026-06-27 08:35:50,132,B+6.5,27564,21,True,False,False,,-1,52.65,2000
2026-06-27 08:36:42,122,B+2.5,25484,18,True,False,False,,-1,52.6406,2000
2026-06-27 08:37:34,117,W+0.5,24444,19,True,False,False,,-1,52.6294,2000
2026-06-27 08:38:29,126,B+0.5,26316,25,True,False,False,,-1,52.669,2000
2026-06-27 08:39:18,105,B+3.5,21948,14,True,False,False,,-1,52.5386,2000
2026-06-27 08:40:06,132,B+2.5,27564,24,True,False,False,,-1,52.3826,2000
2026-06-27 08:40:48,93,W+0.5,19452,12,True,False,False,,-1,52.1206,2000
2026-06-27 08:41:36,105,W+1.5,21948,17,True,False,False,,-1,52.0026,2000
2026-06-27 08:42:03,47,B+0.5,9884,8,True,False,False,,-1,51.7208,2000
2026-06-27 08:43:06,160,B+3.5,33388,25,True,False,False,,-1,51.8529,2000
2026-06-27 08:44:09,152,B+4.5,31724,27,True,False,False,,-1,52.0002,2000
2026-06-27 08:44:25,27,B+0.5,5724,6,True,False,False,,-1,51.4596,2000
2026-06-27 08:45:15,114,B+2.5,23820,20,True,False,False,,-1,51.4707,2000
2026-06-27 08:46:00,92,B+2.5,19244,10,True,False,False,,-1,51.3279,2000
2026-06-27 08:46:50,107,B+0.5,22364,12,True,False,False,,-1,51.3018,2000
2026-06-27 08:47:45,122,B+5.5,25484,17,True,False,False,,-1,51.2995,2000
2026-06-27 08:48:42,134,B+2.5,27980,20,True,False,False,,-1,51.2671,2000
2026-06-27 08:49:33,116,B+0.5,24236,16,True,False,False,,-1,51.2502,2000
2026-06-27 08:50:38,162,W+9.5,33804,22,True,False,False,,-1,51.4437,2000
2026-06-27 08:51:29,113,B+0.5,23612,13,True,False,False,,-1,51.359,2000
2026-06-27 08:52:17,104,B+0.5,21740,17,True,False,False,,-1,51.314,2000
2026-06-27 08:53:21,162,B+1.5,33804,20,True,False,False,,-1,51.4014,2000
2026-06-27 08:54:11,101,W+3.5,21116,14,True,False,False,,-1,51.3908,2000
2026-06-27 08:55:16,159,W+1.5,33180,25,True,False,False,,-1,51.5153,2000
2026-06-27 08:56:13,162,B+12.5,33804,34,True,False,False,,-1,51.5435,2000
2026-06-27 08:57:00,102,B+1.5,21324,12,True,False,False,,-1,51.4434,2000
2026-06-27 08:57:49,101,W+1.5,21116,10,True,False,False,,-1,51.3313,2000
2026-06-27 08:58:54,161,W+3.5,33596,29,True,False,False,,-1,51.8112,2000
2026-06-27 08:59:48,120,B+0.5,25068,18,True,False,False,,-1,51.732,2000
2026-06-27 09:00:46,137,W+0.5,28604,20,True,False,False,,-1,51.7651,2000
2026-06-27 09:01:43,138,B+1.5,28812,25,True,False,False,,-1,51.8049,2000
2026-06-27 09:02:32,99,B+2.5,20700,14,True,False,False,,-1,51.73,2000
2026-06-27 09:03:33,147,W+0.5,30684,29,True,False,False,,-1,51.7083,2000
2026-06-27 09:04:32,162,B+6.5,33804,40,True,False,False,,-1,52.0987,2000
2026-06-27 09:05:04,53,B+0.5,11132,7,True,False,False,,-1,51.7676,2000
2026-06-27 09:05:56,114,B+3.5,23820,13,True,False,False,,-1,51.8175,2000
2026-06-27 09:06:39,95,W+2.5,19868,15,True,False,False,,-1,51.6483,2000
2026-06-27 09:07:40,140,B+2.5,29228,23,True,False,False,,-1,51.5793,2000
2026-06-27 09:08:34,133,W+1.5,27772,28,True,False,False,,-1,51.8703,2000
2026-06-27 09:08:50,27,B+0.5,5724,5,True,False,False,,-1,51.4388,2000
2026-06-27 09:09:09,33,B+1.5,6972,8,True,False,False,,-1,51.1106,2000
2026-06-27 09:09:58,102,B+1.5,21324,15,True,False,False,,-1,50.9812,2000
2026-06-27 09:10:56,126,B+1.5,26316,18,True,False,False,,-1,51.1146,2000
2026-06-27 09:11:59,145,W+2.5,30268,28,True,False,False,,-1,51.2158,2000
2026-06-27 09:12:59,139,W+9.5,29020,26,True,False,False,,-1,51.2884,2000
2026-06-27 09:13:57,137,W+3.5,28604,21,True,False,False,,-1,51.3238,2000
2026-06-27 09:14:50,113,W+4.5,23612,15,True,False,False,,-1,51.1755,2000
2026-06-27 09:15:13,39,B+1.5,8220,6,True,False,False,,-1,51.2106,2000
2026-06-27 09:16:15,162,B+1.5,33804,37,True,False,False,,-1,51.3065,2000
2026-06-27 09:17:01,92,B+1.5,19244,7,True,False,False,,-1,51.5344,2000
2026-06-27 09:17:50,110,B+1.5,22988,17,True,False,False,,-1,51.7973,2000
2026-06-27 09:18:46,116,B+2.5,24236,16,True,False,False,,-1,51.9143,2000
2026-06-27 09:19:48,162,W+3.5,33804,18,True,False,False,,-1,51.9749,2000
2026-06-27 09:20:13,43,B+0.5,9052,9,True,False,False,,-1,51.7137,2000
2026-06-27 09:21:13,149,W+1.5,31100,28,True,False,False,,-1,51.6603,2000
2026-06-27 09:22:17,158,W+0.5,32972,30,True,False,False,,-1,51.778,2000
2026-06-27 09:22:40,39,B+0.5,8220,8,True,False,False,,-1,51.3404,2000
2026-06-27 09:23:42,162,B+8.5,33804,41,True,False,False,,-1,51.4021,2000
2026-06-27 09:24:02,35,B+0.5,7388,6,True,False,False,,-1,51.1201,2000
2026-06-27 09:24:52,118,B+3.5,24652,20,True,False,False,,-1,51.142,2000
2026-06-27 09:25:50,137,B+0.5,28604,21,True,False,False,,-1,51.0683,2000
2026-06-27 09:26:48,144,B+7.5,30060,27,True,False,False,,-1,51.1693,2000
2026-06-27 09:27:42,125,W+1.5,26108,16,True,False,False,,-1,51.168,2000
2026-06-27 09:28:27,99,B+2.5,20700,13,True,False,False,,-1,51.102,2000
2026-06-27 09:29:15,113,W+2.5,23612,15,True,False,False,,-1,51.0385,2000
2026-06-27 09:30:01,99,B+3.5,20700,12,True,False,False,,-1,50.8522,2000
2026-06-27 09:30:58,127,W+0.5,26524,15,True,False,False,,-1,50.8311,2000
2026-06-27 09:31:52,116,B+2.5,24236,16,True,False,False,,-1,50.8549,2000
2026-06-27 09:32:23,53,B+2.5,11132,7,True,False,False,,-1,50.6387,2000
2026-06-27 09:33:13,111,W+5.5,23196,17,True,False,False,,-1,50.5767,2000
2026-06-27 09:34:13,160,B+8.5,33388,35,True,False,False,,-1,50.5161,2000
2026-06-27 09:34:57,103,B+4.5,21532,18,True,False,False,,-1,50.3265,2000
2026-06-27 09:35:45,108,B+2.5,22572,7,True,False,False,,-1,50.5769,2000
2026-06-27 09:36:54,162,W+17.5,33804,22,True,False,False,,-1,50.9133,2000
2026-06-27 09:37:54,144,W+0.5,30060,32,True,False,False,,-1,51.0653,2000
2026-06-27 09:38:44,114,B+2.5,23820,23,True,False,False,,-1,50.9892,2000
2026-06-27 09:39:31,103,W+0.5,21532,12,True,False,False,,-1,50.819,2000
2026-06-27 09:40:27,125,W+2.5,26108,11,True,False,False,,-1,50.9336,2000
2026-06-27 09:41:15,106,B+2.5,22156,15,True,False,False,,-1,50.9036,2000
2026-06-27 09:42:03,105,B+2.5,21948,5,True,False,False,,-1,50.7846,2000
2026-06-27 09:42:25,37,B+1.5,7804,7,True,False,False,,-1,50.5636,2000
2026-06-27 09:43:11,97,W+2.5,20284,12,True,False,False,,-1,50.5256,2000
2026-06-27 09:44:00,98,B+1.5,20492,12,True,False,False,,-1,50.4342,2000
2026-06-27 09:44:54,118,B+2.5,24652,16,True,False,False,,-1,50.5042,2000
2026-06-27 09:45:43,110,B+6.5,22988,23,True,False,False,,-1,50.5002,2000
2026-06-27 09:46:45,162,B+8.5,33804,39,True,False,False,,-1,50.5702,2000
2026-06-27 09:47:41,125,B+5.5,26108,21,True,False,False,,-1,50.5966,2000
2026-06-27 09:48:25,92,B+4.5,19244,11,True,False,False,,-1,50.5531,2000
2026-06-27 09:49:18,107,B+2.5,22364,11,True,False,False,,-1,50.5255,2000
2026-06-27 09:50:18,162,W+7.5,33804,32,True,False,False,,-1,50.6065,2000
2026-06-27 09:51:16,139,W+0.5,29020,20,True,False,False,,-1,50.5865,2000
2026-06-27 09:52:04,112,B+1.5,23404,27,True,False,False,,-1,50.5487,2000
2026-06-27 09:52:52,107,W+0.5,22364,17,True,False,False,,-1,50.4564,2000
2026-06-27 09:53:47,149,B+2.5,31100,26,True,False,False,,-1,50.5564,2000
2026-06-27 09:54:54,162,W+1.5,33804,24,True,False,False,,-1,50.7606,2000
2026-06-27 09:55:39,100,B+0.5,20908,16,True,False,False,,-1,50.6957,2000
2026-06-27 09:56:24,92,B+4.5,19244,13,True,False,False,,-1,50.5632,2000
2026-06-27 09:57:07,91,W+1.5,19036,10,True,False,False,,-1,50.4277,2000
2026-06-27 10:00:19,102,B+1.5,21324,11,True,False,False,,-1,50.1773,3000
2026-06-27 10:00:49,51,B+1.5,10716,9,True,False,False,,-1,49.929,3000
2026-06-27 10:01:41,116,B+2.5,24236,29,True,False,False,,-1,49.9168,3000
2026-06-27 10:02:32,101,B+3.5,21116,13,True,False,False,,-1,49.9173,3000
2026-06-27 10:02:55,41,B+1.5,8636,9,True,False,False,,-1,49.5883,3000
2026-06-27 10:03:46,106,B+4.5,22156,18,True,False,False,,-1,49.6104,3000
2026-06-27 10:04:08,37,B+0.5,7804,8,True,False,False,,-1,49.3536,3000
2026-06-27 10:04:57,100,W+1.5,20908,13,True,False,False,,-1,49.4177,3000
2026-06-27 10:05:59,162,W+5.5,33804,29,True,False,False,,-1,49.5642,3000
2026-06-27 10:06:20,37,B+4.5,7804,10,True,False,False,,-1,49.502,3000
2026-06-27 10:07:12,119,B+4.5,24860,23,True,False,False,,-1,49.3926,3000
2026-06-27 10:08:02,115,B+1.5,24028,19,True,False,False,,-1,49.2628,3000
2026-06-27 10:08:50,99,B+2.5,20700,13,True,False,False,,-1,49.584,3000
2026-06-27 10:09:43,113,W+0.5,23612,19,True,False,False,,-1,49.6096,3000
2026-06-27 10:10:00,31,B+2.5,6556,7,True,False,False,,-1,49.3369,3000
2026-06-27 10:10:56,127,B+2.5,26524,27,True,False,False,,-1,49.3896,3000
2026-06-27 10:11:52,148,B+4.5,30892,22,True,False,False,,-1,49.3995,3000
2026-06-27 10:12:13,41,B+0.5,8636,9,True,False,False,,-1,49.047,3000
2026-06-27 10:13:07,125,W+1.5,26108,16,True,False,False,,-1,49.0763,3000
2026-06-27 10:13:53,100,B+1.5,20908,16,True,False,False,,-1,48.8881,3000
2026-06-27 10:14:40,110,B+2.5,22988,18,True,False,False,,-1,48.8411,3000
2026-06-27 10:15:01,41,B+1.5,8636,10,True,False,False,,-1,48.582,3000
2026-06-27 10:15:57,117,B+2.5,24444,25,True,False,False,,-1,48.488,3000
2026-06-27 10:17:04,162,W+1.5,33804,36,True,False,False,,-1,48.6706,3000
2026-06-27 10:17:57,127,B+1.5,26524,23,True,False,False,,-1,48.5388,3000
2026-06-27 10:18:29,57,B+0.5,11964,11,True,False,False,,-1,48.3023,3000
2026-06-27 10:18:52,39,B+1.5,8220,7,True,False,False,,-1,48.0572,3000
2026-06-27 10:19:34,92,B+2.5,19244,17,True,False,False,,-1,47.978,3000
2026-06-27 10:19:57,43,B+0.5,9052,9,True,False,False,,-1,47.5679,3000
2026-06-27 10:20:18,35,B+2.5,7388,8,True,False,False,,-1,47.2344,3000
2026-06-27 10:20:43,45,B+0.5,9468,10,True,False,False,,-1,46.9057,3000
2026-06-27 10:21:06,39,B+1.5,8220,6,True,False,False,,-1,46.5624,3000
2026-06-27 10:22:05,126,W+1.5,26316,18,True,False,False,,-1,46.6732,3000
2026-06-27 10:22:46,87,W+4.5,18204,12,True,False,False,,-1,46.4677,3000
2026-06-27 10:23:20,65,B+0.5,13628,4,True,False,False,,-1,46.2157,3000
2026-06-27 10:24:08,115,B+2.5,24028,25,True,False,False,,-1,46.3802,3000
2026-06-27 10:25:06,131,W+3.5,27356,25,True,False,False,,-1,46.4258,3000
2026-06-27 10:25:37,57,B+1.5,11964,10,True,False,False,,-1,46.3132,3000
2026-06-27 10:26:20,108,W+5.5,22572,14,True,False,False,,-1,46.1425,3000
2026-06-27 10:27:17,142,B+1.5,29644,32,True,False,False,,-1,46.1644,3000
2026-06-27 10:27:51,66,W+1.5,13836,12,True,False,False,,-1,46.345,3000
2026-06-27 10:28:19,57,B+0.5,11964,13,True,False,False,,-1,46.4371,3000
2026-06-27 10:29:23,149,W+3.5,31100,29,True,False,False,,-1,46.5919,3000
2026-06-27 10:30:04,87,B+2.5,18204,11,True,False,False,,-1,46.4241,3000
2026-06-27 10:30:58,121,B+4.5,25276,23,True,False,False,,-1,46.3296,3000
2026-06-27 10:31:44,108,B+5.5,22572,18,True,False,False,,-1,46.1885,3000
2026-06-27 10:32:37,115,B+2.5,24028,22,True,False,False,,-1,46.1367,3000
2026-06-27 10:33:32,127,W+1.5,26524,17,True,False,False,,-1,46.1586,3000
2026-06-27 10:33:52,37,B+0.5,7804,9,True,False,False,,-1,46.1223,3000
2026-06-27 10:34:50,142,B+1.5,29644,25,True,False,False,,-1,46.0814,3000
2026-06-27 10:35:38,115,B+2.5,24028,18,True,False,False,,-1,46.1003,3000
2026-06-27 10:36:01,39,B+1.5,8220,9,True,False,False,,-1,45.843,3000
2026-06-27 10:36:49,117,B+1.5,24444,22,True,False,False,,-1,45.7679,3000
2026-06-27 10:37:44,122,B+6.5,25484,19,True,False,False,,-1,45.7012,3000
2026-06-27 10:38:03,31,B+0.5,6556,4,True,False,False,,-1,45.6406,3000
2026-06-27 10:38:24,37,B+1.5,7804,10,True,False,False,,-1,45.2464,3000
2026-06-27 10:39:20,119,B+0.5,24860,12,True,False,False,,-1,45.1718,3000
2026-06-27 10:40:05,99,B+2.5,20700,13,True,False,False,,-1,45.3891,3000
2026-06-27 10:40:27,39,B+1.5,8220,7,True,False,False,,-1,44.9886,3000
2026-06-27 10:41:17,108,W+0.5,22572,16,True,False,False,,-1,45.2901,3000
2026-06-27 10:42:17,130,B+5.5,27148,25,True,False,False,,-1,45.3872,3000
2026-06-27 10:43:06,112,B+1.5,23404,19,True,False,False,,-1,45.2957,3000
2026-06-27 10:43:56,122,B+1.5,25484,26,True,False,False,,-1,45.2156,3000
2026-06-27 10:44:48,116,B+1.5,24236,16,True,False,False,,-1,45.1975,3000
2026-06-27 10:45:35,106,B+2.5,22156,14,True,False,False,,-1,45.2182,3000
2026-06-27 10:46:35,137,B+0.5,28604,22,True,False,False,,-1,45.3324,3000
2026-06-27 10:46:55,37,B+2.5,7804,11,True,False,False,,-1,45.0776,3000
2026-06-27 10:47:52,131,W+8.5,27356,22,True,False,False,,-1,45.0677,3000
2026-06-27 10:48:43,126,B+1.5,26316,18,True,False,False,,-1,45.0469,3000
2026-06-27 10:49:05,39,B+1.5,8220,9,True,False,False,,-1,44.9586,3000
2026-06-27 10:49:33,49,B+0.5,10300,8,True,False,False,,-1,44.7334,3000
2026-06-27 10:49:54,41,B+4.5,8636,11,True,False,False,,-1,44.3525,3000
2026-06-27 10:50:42,114,W+0.5,23820,19,True,False,False,,-1,44.3849,3000
2026-06-27 10:51:29,107,B+2.5,22364,21,True,False,False,,-1,44.3754,3000
2026-06-27 10:52:26,117,B+2.5,24444,14,True,False,False,,-1,44.255,3000
2026-06-27 10:52:47,35,B+1.5,7388,7,True,False,False,,-1,43.8711,3000
2026-06-27 10:53:34,123,W+7.5,25692,24,True,False,False,,-1,43.8409,3000
2026-06-27 10:54:25,116,B+5.5,24236,17,True,False,False,,-1,43.8805,3000
2026-06-27 10:55:21,142,W+0.5,29644,25,True,False,False,,-1,43.874,3000
2026-06-27 10:56:05,103,B+2.5,21532,24,True,False,False,,-1,43.8317,3000
2026-06-27 10:56:25,33,B+2.5,6972,7,True,False,False,,-1,43.5535,3000
2026-06-27 10:57:11,97,B+0.5,20284,11,True,False,False,,-1,43.7894,3000
2026-06-27 10:57:52,77,B+4.5,16124,9,True,False,False,,-1,43.7449,3000
2026-06-27 10:58:20,47,B+8.5,9884,6,True,False,False,,-1,43.5292,3000
2026-06-27 10:58:37,29,B+0.5,6140,7,True,False,False,,-1,43.1711,3000
2026-06-27 10:59:04,45,B+1.5,9468,10,True,False,False,,-1,42.9446,3000
2026-06-27 10:59:47,89,B+2.5,18620,14,True,False,False,,-1,42.7564,3000
2026-06-27 11:00:11,46,B+4.5,9676,10,True,False,False,,-1,42.4387,3000
2026-06-27 11:00:53,88,W+2.5,18412,13,True,False,False,,-1,42.4096,3000
2026-06-27 11:01:41,117,B+1.5,24444,26,True,False,False,,-1,42.3715,3000
2026-06-27 11:02:02,35,B+2.5,7388,6,True,False,False,,-1,41.9748,3000
2026-06-27 11:02:36,69,B+3.5,14460,10,True,False,False,,-1,41.7336,3000
2026-06-27 11:03:26,113,B+1.5,23612,16,True,False,False,,-1,41.754,3000
2026-06-27 11:04:17,115,W+0.5,24028,22,True,False,False,,-1,41.7901,3000
2026-06-27 11:04:37,35,B+1.5,7388,8,True,False,False,,-1,41.4363,3000
2026-06-27 11:05:09,57,B+3.5,11964,7,True,False,False,,-1,41.0841,3000
2026-06-27 11:05:39,57,B+0.5,11964,9,True,False,False,,-1,40.9367,3000
2026-06-27 11:06:24,104,B+3.5,21740,25,True,False,False,,-1,40.9352,3000
2026-06-27 11:07:15,116,B+6.5,24236,21,True,False,False,,-1,41.0168,3000
2026-06-27 11:07:59,87,B+0.5,18204,20,True,False,False,,-1,41.103,3000
2026-06-27 11:08:23,41,B+2.5,8636,8,True,False,False,,-1,40.8377,3000
2026-06-27 11:09:10,101,B+2.5,21116,20,True,False,False,,-1,41.0072,3000
2026-06-27 11:09:52,81,B+0.5,16956,15,True,False,False,,-1,40.9163,3000
2026-06-27 11:10:14,39,B+3.5,8220,11,True,False,False,,-1,40.6147,3000
2026-06-27 11:10:58,113,B+3.5,23612,17,True,False,False,,-1,40.8333,3000
2026-06-27 11:11:18,33,B+0.5,6972,7,True,False,False,,-1,40.5222,3000
2026-06-27 11:12:04,106,B+4.5,22156,23,True,False,False,,-1,40.7553,3000
2026-06-27 11:12:50,120,W+1.5,25068,22,True,False,False,,-1,40.7327,3000
2026-06-27 11:13:33,91,B+4.5,19036,12,True,False,False,,-1,40.5375,3000
2026-06-27 11:13:55,39,B+0.5,8220,7,True,False,False,,-1,40.5481,3000
2026-06-27 11:14:50,144,B+4.5,30060,35,True,False,False,,-1,40.585,3000
2026-06-27 11:15:40,103,B+2.5,21532,17,True,False,False,,-1,40.577,3000
2026-06-27 11:16:20,87,B+1.5,18204,15,True,False,False,,-1,40.4969,3000
2026-06-27 11:17:19,146,B+4.5,30476,29,True,False,False,,-1,40.5566,3000
2026-06-27 11:17:59,82,B+6.5,17164,14,True,False,False,,-1,40.7791,3000
2026-06-27 11:18:51,109,B+5.5,22780,17,True,False,False,,-1,40.7446,3000
2026-06-27 11:19:10,35,B+1.5,7388,10,True,False,False,,-1,40.3753,3000
2026-06-27 11:19:52,100,B+2.5,20908,15,True,False,False,,-1,40.5873,3000
2026-06-27 11:20:43,119,B+0.5,24860,21,True,False,False,,-1,40.561,3000
2026-06-27 11:21:04,37,B+0.5,7804,9,True,False,False,,-1,40.3054,3000
2026-06-27 11:21:51,96,B+4.5,20076,14,True,False,False,,-1,40.3115,3000
2026-06-27 11:22:50,128,W+1.5,26732,15,True,False,False,,-1,40.6831,3000
2026-06-27 11:23:20,55,B+0.5,11548,9,True,False,False,,-1,40.4253,3000
2026-06-27 11:23:49,49,B+0.5,10300,5,True,False,False,,-1,40.0412,3000
2026-06-27 11:24:13,45,B+1.5,9468,10,True,False,False,,-1,39.7575,3000
2026-06-27 11:25:08,132,B+1.5,27564,20,True,False,False,,-1,39.9884,3000
2026-06-27 11:25:59,114,B+6.5,23820,19,True,False,False,,-1,40.2736,3000
2026-06-27 11:26:45,103,B+2.5,21532,22,True,False,False,,-1,40.31,3000
2026-06-27 11:27:08,39,B+0.5,8220,8,True,False,False,,-1,40.2978,3000
2026-06-27 11:27:57,117,B+2.5,24444,18,True,False,False,,-1,40.5842,3000
2026-06-27 11:28:42,101,W+2.5,21116,17,True,False,False,,-1,40.792,3000
2026-06-27 11:29:02,33,B+1.5,6972,6,True,False,False,,-1,40.7544,3000
2026-06-27 11:29:30,53,B+0.5,11132,8,True,False,False,,-1,40.4455,3000
2026-06-27 11:29:52,37,B+1.5,7804,8,True,False,False,,-1,40.2565,3000
2026-06-27 11:30:13,37,B+0.5,7804,9,True,False,False,,-1,40.1275,3000
2026-06-27 11:31:11,132,B+7.5,27564,22,True,False,False,,-1,40.2219,3000
2026-06-27 11:31:35,41,B+0.5,8636,8,True,False,False,,-1,39.8884,3000
2026-06-27 11:31:57,39,B+0.5,8220,8,True,False,False,,-1,39.7968,3000
2026-06-27 11:32:48,124,B+5.5,25900,21,True,False,False,,-1,39.8779,3000
2026-06-27 11:33:38,113,B+3.5,23612,19,True,False,False,,-1,39.8046,3000
2026-06-27 11:34:43,162,W+0.5,33804,31,True,False,False,,-1,40.122,3000
2026-06-27 11:35:07,41,B+1.5,8636,8,True,False,False,,-1,40.0754,3000
2026-06-27 11:35:27,35,B+0.5,7388,7,True,False,False,,-1,39.6338,3000
2026-06-27 11:35:53,49,B+0.5,10300,8,True,False,False,,-1,39.4818,3000
2026-06-27 11:36:15,37,B+0.5,7804,9,True,False,False,,-1,39.1593,3000
2026-06-27 11:37:11,144,B+1.5,30060,25,True,False,False,,-1,39.267,3000
2026-06-27 11:37:33,39,B+0.5,8220,7,True,False,False,,-1,38.9623,3000
2026-06-27 11:37:52,33,B+0.5,6972,7,True,False,False,,-1,38.5973,3000
2026-06-27 11:38:21,55,B+0.5,11548,7,True,False,False,,-1,38.6954,3000
2026-06-27 11:39:11,113,B+0.5,23612,19,True,False,False,,-1,38.6126,3000
2026-06-27 11:39:52,81,B+1.5,16956,16,True,False,False,,-1,38.5429,3000
2026-06-27 11:40:12,33,B+0.5,6972,7,True,False,False,,-1,38.5109,3000
2026-06-27 11:41:16,158,W+2.5,32972,33,True,False,False,,-1,38.6658,3000
2026-06-27 11:41:44,49,B+4.5,10300,9,True,False,False,,-1,38.3932,3000
2026-06-27 11:42:02,31,B+2.5,6556,5,True,False,False,,-1,38.3805,3000
2026-06-27 11:42:39,75,B+0.5,15708,12,True,False,False,,-1,38.5424,3000
2026-06-27 11:43:00,37,B+2.5,7804,9,True,False,False,,-1,38.1967,3000
2026-06-27 11:43:59,141,B+2.5,29436,30,True,False,False,,-1,38.341,3000
2026-06-27 11:44:38,85,B+2.5,17788,16,True,False,False,,-1,38.5033,3000
2026-06-27 11:45:16,83,W+2.5,17372,10,True,False,False,,-1,38.3894,3000
2026-06-27 11:46:01,94,B+2.5,19660,11,True,False,False,,-1,38.2359,3000
2026-06-27 11:46:22,39,B+1.5,8220,8,True,False,False,,-1,37.9506,3000
2026-06-27 11:47:05,101,B+4.5,21116,13,True,False,False,,-1,37.8939,3000
2026-06-27 11:47:24,31,B+0.5,6556,7,True,False,False,,-1,37.5558,3000
2026-06-27 11:47:59,69,B+1.5,14460,9,True,False,False,,-1,37.4387,3000
2026-06-27 11:48:42,95,B+3.5,19868,18,True,False,False,,-1,37.2619,3000
2026-06-27 11:49:46,162,B+2.5,33804,36,True,False,False,,-1,37.6982,3000
2026-06-27 11:50:33,112,W+3.5,23404,24,True,False,False,,-1,37.6086,3000
2026-06-27 11:51:18,95,B+2.5,19868,18,True,False,False,,-1,37.5509,3000
2026-06-27 11:51:37,33,B+1.5,6972,8,True,False,False,,-1,37.5165,3000
2026-06-27 11:51:58,37,B+1.5,7804,8,True,False,False,,-1,37.4508,3000
2026-06-27 11:52:19,37,B+2.5,7804,11,True,False,False,,-1,37.4454,3000
2026-06-27 11:52:41,37,B+0.5,7804,5,True,False,False,,-1,37.1854,3000
2026-06-27 11:53:24,93,B+0.5,19452,19,True,False,False,,-1,37.1487,3000
2026-06-27 11:53:44,39,B+0.5,8220,8,True,False,False,,-1,36.778,3000
2026-06-27 11:54:44,150,W+0.5,31308,37,True,False,False,,-1,37.1645,3000
2026-06-27 11:55:35,117,W+4.5,24444,18,True,False,False,,-1,37.1985,3000
2026-06-27 11:56:39,157,W+2.5,32764,34,True,False,False,,-1,37.3304,3000
2026-06-27 11:57:26,102,W+2.5,21324,14,True,False,False,,-1,37.2512,3000
2026-06-27 11:57:48,39,B+0.5,8220,9,True,False,False,,-1,37.0291,3000
2026-06-27 11:58:36,120,B+2.5,25068,19,True,False,False,,-1,37.3107,3000
2026-06-27 11:58:57,37,B+2.5,7804,9,True,False,False,,-1,37.0577,3000
2026-06-27 11:59:49,111,W+2.5,23196,17,True,False,False,,-1,37.1735,3000
2026-06-27 12:03:32,68,W+0.5,14268,15,True,False,False,,-1,37.6567,4000
2026-06-27 12:04:25,143,B+2.5,29868,31,True,False,False,,-1,37.9245,4000
2026-06-27 12:05:13,112,B+1.5,23420,22,True,False,False,,-1,37.9625,4000
2026-06-27 12:06:14,143,W+0.5,29868,30,True,False,False,,-1,38.3459,4000
2026-06-27 12:07:09,142,B+2.5,29660,26,True,False,False,,-1,38.4776,4000
2026-06-27 12:07:29,39,B+3.5,8236,9,True,False,False,,-1,38.1886,4000
2026-06-27 12:07:50,43,B+4.5,9068,11,True,False,False,,-1,38.1885,4000
2026-06-27 12:08:04,33,B+2.5,6988,9,True,False,False,,-1,37.9925,4000
2026-06-27 12:08:19,31,B+4.5,6572,8,True,False,False,,-1,37.6431,4000
2026-06-27 12:08:34,31,B+1.5,6572,8,True,False,False,,-1,37.274,4000
2026-06-27 12:09:21,123,B+0.5,25708,24,True,False,False,,-1,37.5481,4000
2026-06-27 12:10:05,102,B+1.5,21340,18,True,False,False,,-1,37.6725,4000
2026-06-27 12:10:53,102,B+0.5,21340,17,True,False,False,,-1,37.8461,4000
2026-06-27 12:11:09,37,B+1.5,7820,9,True,False,False,,-1,37.5629,4000
2026-06-27 12:11:57,108,B+1.5,22588,17,True,False,False,,-1,37.5325,4000
2026-06-27 12:12:43,100,B+0.5,20924,14,True,False,False,,-1,37.5563,4000
2026-06-27 12:13:26,91,B+2.5,19052,11,True,False,False,,-1,37.734,4000
2026-06-27 12:14:13,117,W+1.5,24460,16,True,False,False,,-1,37.7413,4000
2026-06-27 12:14:36,49,B+2.5,10316,12,True,False,False,,-1,37.5456,4000
2026-06-27 12:15:27,142,B+0.5,29660,30,True,False,False,,-1,37.8393,4000
2026-06-27 12:16:28,162,W+1.5,33820,32,True,False,False,,-1,38.0078,4000
2026-06-27 12:16:43,33,B+1.5,6988,9,True,False,False,,-1,37.9583,4000
2026-06-27 12:16:59,35,B+0.5,7404,9,True,False,False,,-1,37.6681,4000
2026-06-27 12:17:52,135,W+0.5,28204,25,True,False,False,,-1,37.7229,4000
2026-06-27 12:18:07,33,B+4.5,6988,9,True,False,False,,-1,37.4516,4000
2026-06-27 12:18:28,41,B+0.5,8652,9,True,False,False,,-1,37.441,4000
2026-06-27 12:19:25,162,W+0.5,33820,32,True,False,False,,-1,37.4526,4000
2026-06-27 12:19:53,59,B+0.5,12396,13,True,False,False,,-1,37.2391,4000
2026-06-27 12:20:08,31,B+0.5,6572,8,True,False,False,,-1,36.9892,4000
2026-06-27 12:21:09,162,B+17.5,33820,34,True,False,False,,-1,37.0091,4000
2026-06-27 12:22:05,120,B+2.5,25084,14,True,False,False,,-1,37.1706,4000
2026-06-27 12:22:20,31,B+1.5,6572,8,True,False,False,,-1,36.8002,4000
2026-06-27 12:23:18,128,B+0.5,26748,26,True,False,False,,-1,37.1899,4000
2026-06-27 12:23:34,31,B+0.5,6572,8,True,False,False,,-1,36.9278,4000
2026-06-27 12:24:24,124,B+0.5,25916,29,True,False,False,,-1,36.9156,4000
2026-06-27 12:25:10,119,B+2.5,24876,15,True,False,False,,-1,37.1694,4000
2026-06-27 12:25:29,39,B+3.5,8236,7,True,False,False,,-1,36.8899,4000
2026-06-27 12:25:44,29,B+0.5,6156,7,True,False,False,,-1,36.4491,4000
2026-06-27 12:26:05,43,B+3.5,9068,12,True,False,False,,-1,36.3668,4000
2026-06-27 12:26:58,137,W+0.5,28620,21,True,False,False,,-1,36.6045,4000
2026-06-27 12:27:50,118,B+2.5,24668,15,True,False,False,,-1,36.8854,4000
2026-06-27 12:28:44,140,B+1.5,29244,25,True,False,False,,-1,36.8668,4000
2026-06-27 12:29:01,37,B+2.5,7820,11,True,False,False,,-1,36.5253,4000
2026-06-27 12:29:16,31,B+0.5,6572,8,True,False,False,,-1,36.2231,4000
2026-06-27 12:29:34,37,B+4.5,7820,11,True,False,False,,-1,36.173,4000
2026-06-27 12:30:35,146,B+1.5,30492,32,True,False,False,,-1,36.297,4000
2026-06-27 12:31:25,119,W+0.5,24876,16,True,False,False,,-1,36.338,4000
2026-06-27 12:32:08,95,W+0.5,19884,14,True,False,False,,-1,36.5766,4000
2026-06-27 12:32:29,45,B+5.5,9484,13,True,False,False,,-1,36.4923,4000
2026-06-27 12:32:43,29,B+1.5,6156,7,True,False,False,,-1,36.4184,4000
2026-06-27 12:33:43,157,W+0.5,32780,39,True,False,False,,-1,36.8051,4000
2026-06-27 12:34:01,39,B+4.5,8236,11,True,False,False,,-1,36.408,4000
2026-06-27 12:34:15,27,B+0.5,5740,5,True,False,False,,-1,36.3126,4000
2026-06-27 12:34:34,39,B+1.5,8236,10,True,False,False,,-1,36.2819,4000
2026-06-27 12:35:41,162,W+3.5,33820,34,True,False,False,,-1,36.4311,4000
2026-06-27 12:35:56,35,B+2.5,7404,10,True,False,False,,-1,36.0986,4000
2026-06-27 12:36:14,41,B+4.5,8652,13,True,False,False,,-1,35.6195,4000
2026-06-27 12:36:30,35,B+1.5,7404,9,True,False,False,,-1,35.5452,4000
2026-06-27 12:36:54,49,B+0.5,10316,9,True,False,False,,-1,35.576,4000
2026-06-27 12:37:51,135,W+2.5,28204,20,True,False,False,,-1,35.8892,4000
2026-06-27 12:38:06,37,B+2.5,7820,11,True,False,False,,-1,35.8284,4000
2026-06-27 12:38:27,43,B+1.5,9068,10,True,False,False,,-1,35.4709,4000
2026-06-27 12:38:45,37,B+0.5,7820,10,True,False,False,,-1,35.4235,4000
2026-06-27 12:39:01,33,B+0.5,6988,8,True,False,False,,-1,35.4007,4000
2026-06-27 12:39:57,124,B+14.5,25916,17,True,False,False,,-1,35.6626,4000
2026-06-27 12:40:42,97,B+1.5,20300,11,True,False,False,,-1,35.6202,4000
2026-06-27 12:41:22,104,B+0.5,21756,20,True,False,False,,-1,35.611,4000
2026-06-27 12:42:11,121,B+2.5,25292,29,True,False,False,,-1,35.9011,4000
2026-06-27 12:43:05,136,B+1.5,28412,35,True,False,False,,-1,35.7947,4000
2026-06-27 12:43:21,35,B+1.5,7404,10,True,False,False,,-1,35.6787,4000
2026-06-27 12:43:39,35,B+0.5,7404,8,True,False,False,,-1,35.681,4000
2026-06-27 12:43:54,33,B+2.5,6988,9,True,False,False,,-1,35.4674,4000
2026-06-27 12:44:49,137,B+1.5,28620,24,True,False,False,,-1,35.7989,4000
2026-06-27 12:45:21,65,B+2.5,13644,10,True,False,False,,-1,35.5274,4000
2026-06-27 12:45:45,45,B+1.5,9484,9,True,False,False,,-1,35.3816,4000
2026-06-27 12:46:04,39,B+2.5,8236,9,True,False,False,,-1,35.1839,4000
2026-06-27 12:46:19,29,B+1.5,6156,7,True,False,False,,-1,34.8917,4000
2026-06-27 12:47:09,126,B+2.5,26332,17,True,False,False,,-1,35.1817,4000
2026-06-27 12:47:59,121,B+1.5,25292,19,True,False,False,,-1,35.2504,4000
2026-06-27 12:48:21,47,B+6.5,9900,15,True,False,False,,-1,35.285,4000
2026-06-27 12:48:39,40,B+4.5,8444,10,True,False,False,,-1,35.1069,4000
2026-06-27 12:49:36,162,W+4.5,33820,27,True,False,False,,-1,35.2505,4000
2026-06-27 12:49:52,33,B+6.5,6988,9,True,False,False,,-1,34.7788,4000
2026-06-27 12:50:07,33,B+0.5,6988,9,True,False,False,,-1,34.4514,4000
2026-06-27 12:50:52,101,W+2.5,21132,16,True,False,False,,-1,34.4502,4000
2026-06-27 12:51:06,25,B+0.5,5324,5,True,False,False,,-1,34.4022,4000
2026-06-27 12:51:59,134,B+1.5,27996,30,True,False,False,,-1,34.7189,4000
2026-06-27 12:52:18,35,B+1.5,7404,8,True,False,False,,-1,34.6933,4000
2026-06-27 12:52:33,35,B+3.5,7404,10,True,False,False,,-1,34.6373,4000
2026-06-27 12:52:47,29,B+0.5,6156,7,True,False,False,,-1,34.3396,4000
2026-06-27 12:53:04,35,B+0.5,7404,9,True,False,False,,-1,34.309,4000
2026-06-27 12:53:22,39,B+2.5,8236,11,True,False,False,,-1,33.8888,4000
2026-06-27 12:54:12,119,W+1.5,24876,21,True,False,False,,-1,33.8871,4000
2026-06-27 12:54:29,33,B+0.5,6988,9,True,False,False,,-1,33.4105,4000
2026-06-27 12:54:44,29,B+0.5,6156,7,True,False,False,,-1,33.0871,4000
2026-06-27 12:55:03,37,B+0.5,7820,9,True,False,False,,-1,33.0584,4000
2026-06-27 12:55:20,35,B+1.5,7404,10,True,False,False,,-1,32.7436,4000
2026-06-27 12:55:36,35,B+1.5,7404,9,True,False,False,,-1,32.7,4000
2026-06-27 12:56:08,59,B+0.5,12396,7,True,False,False,,-1,32.4955,4000
2026-06-27 12:56:23,27,B+0.5,5740,5,True,False,False,,-1,32.0264,4000
2026-06-27 12:57:24,154,B+7.5,32156,33,True,False,False,,-1,32.3165,4000
2026-06-27 12:58:21,141,B+2.5,29452,32,True,False,False,,-1,32.3531,4000
2026-06-27 12:58:41,41,B+4.5,8652,11,True,False,False,,-1,32.0798,4000
2026-06-27 12:59:40,162,B+2.5,33820,35,True,False,False,,-1,32.056,4000
2026-06-27 13:00:03,45,B+0.5,9484,9,True,False,False,,-1,31.7299,4000
2026-06-27 13:00:19,31,B+1.5,6572,7,True,False,False,,-1,31.6965,4000
2026-06-27 13:00:38,39,B+2.5,8236,11,True,False,False,,-1,31.6783,4000
2026-06-27 13:01:29,124,B+0.5,25916,19,True,False,False,,-1,32.0505,4000
2026-06-27 13:02:31,148,B+0.5,30908,22,True,False,False,,-1,32.5132,4000
2026-06-27 13:03:35,162,B+33.5,33820,22,True,False,False,,-1,33.0119,4000
2026-06-27 13:03:51,35,B+2.5,7404,10,True,False,False,,-1,32.7034,4000
2026-06-27 13:04:55,162,B+0.5,33820,35,True,False,False,,-1,32.8877,4000
2026-06-27 13:05:12,39,B+4.5,8236,11,True,False,False,,-1,32.5853,4000
2026-06-27 13:05:26,29,B+0.5,6156,7,True,False,False,,-1,32.5654,4000
2026-06-27 13:06:04,69,B+3.5,14476,10,True,False,False,,-1,32.4646,4000
2026-06-27 13:07:05,162,B+1.5,33820,41,True,False,False,,-1,32.613,4000
2026-06-27 13:08:01,151,W+1.5,31532,34,True,False,False,,-1,32.7507,4000
2026-06-27 13:08:22,43,B+3.5,9068,11,True,False,False,,-1,32.4858,4000
2026-06-27 13:08:40,35,B+0.5,7404,9,True,False,False,,-1,32.4332,4000
2026-06-27 13:08:56,33,B+1.5,6988,9,True,False,False,,-1,32.0899,4000
2026-06-27 13:09:16,39,B+1.5,8236,9,True,False,False,,-1,31.6746,4000
2026-06-27 13:09:31,33,B+0.5,6988,9,True,False,False,,-1,31.6795,4000
2026-06-27 13:10:01,63,B+0.5,13228,13,True,False,False,,-1,31.8097,4000
2026-06-27 13:10:55,137,W+0.5,28620,28,True,False,False,,-1,31.8263,4000
2026-06-27 13:11:40,96,B+0.5,20092,14,True,False,False,,-1,32.1212,4000
2026-06-27 13:11:54,27,B+2.5,5740,6,True,False,False,,-1,32.0507,4000
2026-06-27 13:12:09,33,B+2.5,6988,9,True,False,False,,-1,31.642,4000
2026-06-27 13:12:28,37,B+0.5,7820,8,True,False,False,,-1,31.5529,4000
2026-06-27 13:12:43,33,B+2.5,6988,9,True,False,False,,-1,31.547,4000
2026-06-27 13:12:59,31,B+1.5,6572,8,True,False,False,,-1,31.0955,4000
2026-06-27 13:13:21,49,B+0.5,10316,10,True,False,False,,-1,30.7593,4000
2026-06-27 13:14:13,120,B+1.5,25084,21,True,False,False,,-1,31.1257,4000
2026-06-27 13:14:29,35,B+2.5,7404,9,True,False,False,,-1,30.7156,4000
2026-06-27 13:15:14,120,B+0.5,25084,22,True,False,False,,-1,30.9948,4000
2026-06-27 13:15:54,87,B+2.5,18220,11,True,False,False,,-1,30.9008,4000
2026-06-27 13:16:54,149,B+2.5,31116,29,True,False,False,,-1,31.0389,4000
2026-06-27 13:17:11,35,B+2.5,7404,8,True,False,False,,-1,31.0131,4000
2026-06-27 13:17:27,35,B+1.5,7404,10,True,False,False,,-1,31.0269,4000
2026-06-27 13:18:15,119,W+0.5,24876,21,True,False,False,,-1,31.2948,4000
2026-06-27 13:19:05,120,B+3.5,25084,20,True,False,False,,-1,31.2674,4000
2026-06-27 13:19:21,33,B+0.5,6988,9,True,False,False,,-1,30.9034,4000
2026-06-27 13:19:39,37,B+0.5,7820,9,True,False,False,,-1,30.5501,4000
2026-06-27 13:20:31,125,W+2.5,26124,21,True,False,False,,-1,30.8946,4000
2026-06-27 13:21:16,100,B+0.5,20924,18,True,False,False,,-1,31.1957,4000
2026-06-27 13:21:31,33,B+0.5,6988,9,True,False,False,,-1,31.1666,4000
2026-06-27 13:22:26,138,B+2.5,28828,34,True,False,False,,-1,31.0998,4000
2026-06-27 13:23:21,135,B+1.5,28204,23,True,False,False,,-1,31.1547,4000
2026-06-27 13:23:36,31,B+0.5,6572,7,True,False,False,,-1,30.8709,4000
2026-06-27 13:23:56,41,B+1.5,8652,7,True,False,False,,-1,30.8678,4000
2026-06-27 13:24:42,107,B+1.5,22380,17,True,False,False,,-1,31.1937,4000
2026-06-27 13:25:24,87,B+2.5,18220,12,True,False,False,,-1,31.0022,4000
2026-06-27 13:25:41,35,B+1.5,7404,9,True,False,False,,-1,30.9997,4000
2026-06-27 13:26:32,127,W+0.5,26540,20,True,False,False,,-1,31.3637,4000
2026-06-27 13:26:49,37,B+1.5,7820,10,True,False,False,,-1,31.3401,4000
2026-06-27 13:27:33,92,B+6.5,19260,15,True,False,False,,-1,31.1168,4000
2026-06-27 13:27:49,37,B+3.5,7820,11,True,False,False,,-1,31.1242,4000
2026-06-27 13:28:55,157,W+4.5,32780,29,True,False,False,,-1,31.6007,4000
2026-06-27 13:29:20,45,B+0.5,9484,8,True,False,False,,-1,31.6891,4000
2026-06-27 13:30:23,162,B+1.5,33820,32,True,False,False,,-1,32.0922,4000
2026-06-27 13:30:48,46,B+4.5,9692,11,True,False,False,,-1,31.7674,4000
2026-06-27 13:31:06,37,B+0.5,7820,9,True,False,False,,-1,31.7904,4000
2026-06-27 13:31:57,145,B+1.5,30284,39,True,False,False,,-1,32.0939,4000
2026-06-27 13:32:58,148,B+0.5,30908,29,True,False,False,,-1,32.528,4000
2026-06-27 13:33:14,37,B+2.5,7820,11,True,False,False,,-1,32.5258,4000
2026-06-27 13:34:11,161,W+2.5,33612,42,True,False,False,,-1,32.5435,4000
2026-06-27 13:34:39,59,B+2.5,12396,13,True,False,False,,-1,32.3596,4000
2026-06-27 13:35:26,112,B+3.5,23420,19,True,False,False,,-1,32.4302,4000
2026-06-27 13:35:49,53,B+0.5,11148,14,True,False,False,,-1,32.1778,4000
2026-06-27 13:36:44,131,B+0.5,27372,24,True,False,False,,-1,32.1905,4000
2026-06-27 13:37:37,136,B+3.5,28412,35,True,False,False,,-1,32.5613,4000
2026-06-27 13:37:51,31,B+0.5,6572,8,True,False,False,,-1,32.5209,4000
2026-06-27 13:38:34,91,B+1.5,19052,11,True,False,False,,-1,32.7944,4000
2026-06-27 13:38:50,33,B+0.5,6988,8,True,False,False,,-1,32.4063,4000
2026-06-27 13:39:07,35,B+2.5,7404,9,True,False,False,,-1,32.254,4000
2026-06-27 13:40:10,162,B+4.5,33820,23,True,False,False,,-1,32.6446,4000
2026-06-27 13:40:26,33,B+3.5,6988,9,True,False,False,,-1,32.6174,4000
2026-06-27 13:41:14,106,B+3.5,22172,16,True,False,False,,-1,32.9492,4000
2026-06-27 13:42:11,134,B+3.5,27996,21,True,False,False,,-1,33.0188,4000
2026-06-27 13:43:11,162,W+0.5,33820,45,True,False,False,,-1,33.112,4000
2026-06-27 13:43:30,39,B+4.5,8236,11,True,False,False,,-1,33.082,4000
2026-06-27 13:43:45,35,B+2.5,7404,10,True,False,False,,-1,33.0573,4000
2026-06-27 13:44:01,33,B+2.5,6988,9,True,False,False,,-1,32.6491,4000
2026-06-27 13:44:46,114,B+4.5,23836,21,True,False,False,,-1,32.9339,4000
2026-06-27 13:45:50,162,B+6.5,33820,33,True,False,False,,-1,33.4228,4000
2026-06-27 13:46:05,31,B+0.5,6572,8,True,False,False,,-1,33.1225,4000
2026-06-27 13:46:30,47,B+2.5,9900,10,True,False,False,,-1,33.2275,4000
2026-06-27 13:47:28,150,B+3.5,31324,27,True,False,False,,-1,33.284,4000
2026-06-27 13:48:21,125,B+0.5,26124,26,True,False,False,,-1,33.6322,4000
2026-06-27 13:48:36,35,B+1.5,7404,10,True,False,False,,-1,33.6269,4000
2026-06-27 13:48:53,37,B+1.5,7820,11,True,False,False,,-1,33.6562,4000
2026-06-27 13:51:22,33,B+0.5,6979,9,True,False,False,,-1,33.606,5000
2026-06-27 13:51:37,31,B+0.5,6563,8,True,False,False,,-1,33.25,5000
2026-06-27 13:51:52,33,B+1.5,6979,9,True,False,False,,-1,33.2413,5000
2026-06-27 13:52:07,33,B+2.5,6979,9,True,False,False,,-1,33.2345,5000
2026-06-27 13:52:23,35,B+0.5,7395,10,True,False,False,,-1,33.2108,5000
2026-06-27 13:52:39,35,B+2.5,7395,10,True,False,False,,-1,33.1994,5000
2026-06-27 13:52:55,35,B+3.5,7395,10,True,False,False,,-1,33.1979,5000
2026-06-27 13:53:14,37,B+0.5,7811,6,True,False,False,,-1,33.071,5000
2026-06-27 13:53:29,33,B+1.5,6979,9,True,False,False,,-1,33.069,5000
2026-06-27 13:53:45,37,B+5.5,7811,11,True,False,False,,-1,32.62,5000
2026-06-27 13:53:59,31,B+2.5,6563,8,True,False,False,,-1,32.1905,5000
2026-06-27 13:54:13,33,B+0.5,6979,9,True,False,False,,-1,32.1306,5000
2026-06-27 13:54:29,33,B+0.5,6979,9,True,False,False,,-1,31.6933,5000
2026-06-27 13:54:45,35,B+1.5,7395,10,True,False,False,,-1,31.6243,5000
2026-06-27 13:55:01,35,B+1.5,7395,10,True,False,False,,-1,31.6214,5000
2026-06-27 13:55:16,35,B+0.5,7395,10,True,False,False,,-1,31.5838,5000
2026-06-27 13:55:30,33,B+0.5,6979,9,True,False,False,,-1,31.2149,5000
2026-06-27 13:55:43,27,B+0.5,5731,6,True,False,False,,-1,30.7296,5000
2026-06-27 13:55:59,37,B+1.5,7811,10,True,False,False,,-1,30.2428,5000
2026-06-27 13:56:13,29,B+0.5,6147,7,True,False,False,,-1,30.2256,5000
2026-06-27 13:56:29,33,B+0.5,6979,8,True,False,False,,-1,29.7448,5000
2026-06-27 13:56:43,35,B+2.5,7395,10,True,False,False,,-1,29.7126,5000
2026-06-27 13:56:56,31,B+1.5,6563,8,True,False,False,,-1,29.7055,5000
2026-06-27 13:57:12,33,B+1.5,6979,9,True,False,False,,-1,29.4904,5000
2026-06-27 13:57:27,35,B+0.5,7395,9,True,False,False,,-1,29.0302,5000
2026-06-27 13:57:42,33,B+0.5,6979,9,True,False,False,,-1,28.6113,5000
2026-06-27 13:57:57,35,B+1.5,7395,10,True,False,False,,-1,28.5488,5000
2026-06-27 13:58:10,31,B+2.5,6563,8,True,False,False,,-1,28.5058,5000
2026-06-27 13:58:25,37,B+3.5,7811,11,True,False,False,,-1,28.4968,5000
2026-06-27 13:58:40,33,B+2.5,6979,9,True,False,False,,-1,28.4445,5000
2026-06-27 13:58:58,37,B+1.5,7811,6,True,False,False,,-1,28.4717,5000
2026-06-27 13:59:11,31,B+0.5,6563,8,True,False,False,,-1,28.3081,5000
2026-06-27 13:59:25,27,B+1.5,5731,5,True,False,False,,-1,27.9087,5000
2026-06-27 14:00:15,119,W+3.5,24867,17,True,False,False,,-1,27.9585,5000
2026-06-27 14:00:29,31,B+1.5,6563,8,True,False,False,,-1,27.9568,5000
2026-06-27 14:00:44,33,B+1.5,6979,9,True,False,False,,-1,27.9548,5000
2026-06-27 14:01:00,34,B+3.5,7187,9,True,False,False,,-1,27.9218,5000
2026-06-27 14:01:14,33,B+1.5,6979,8,True,False,False,,-1,27.9187,5000
2026-06-27 14:01:31,35,B+2.5,7395,9,True,False,False,,-1,27.9328,5000
2026-06-27 14:01:48,37,B+3.5,7811,10,True,False,False,,-1,27.8731,5000
2026-06-27 14:02:02,31,B+1.5,6563,8,True,False,False,,-1,27.4959,5000
2026-06-27 14:02:16,31,B+0.5,6563,8,True,False,False,,-1,27.475,5000
2026-06-27 14:02:33,35,B+2.5,7395,9,True,False,False,,-1,27.1986,5000
2026-06-27 14:02:49,33,B+2.5,6979,9,True,False,False,,-1,26.9493,5000
2026-06-27 14:03:02,31,B+0.5,6563,7,True,False,False,,-1,26.4848,5000
2026-06-27 14:03:16,29,B+1.5,6147,6,True,False,False,,-1,26.4611,5000
2026-06-27 14:04:05,116,B+0.5,24243,19,True,False,False,,-1,26.7805,5000
2026-06-27 14:04:20,34,B+2.5,7187,8,True,False,False,,-1,26.456,5000
2026-06-27 14:04:35,33,B+1.5,6979,9,True,False,False,,-1,26.1057,5000
2026-06-27 14:04:51,37,B+1.5,7811,10,True,False,False,,-1,26.1062,5000
2026-06-27 14:05:06,33,B+0.5,6979,9,True,False,False,,-1,26.0678,5000
2026-06-27 14:05:22,37,B+1.5,7811,10,True,False,False,,-1,25.719,5000
2026-06-27 14:05:37,33,B+1.5,6979,7,True,False,False,,-1,25.4166,5000
2026-06-27 14:05:51,31,B+2.5,6563,8,True,False,False,,-1,25.4071,5000
2026-06-27 14:06:05,31,B+2.5,6563,8,True,False,False,,-1,25.0043,5000
2026-06-27 14:06:20,29,B+1.5,6147,6,True,False,False,,-1,24.6014,5000
2026-06-27 14:06:34,33,B+0.5,6979,9,True,False,False,,-1,24.5842,5000
2026-06-27 14:07:35,162,B+7.5,33811,42,True,False,False,,-1,24.9952,5000
2026-06-27 14:07:48,31,B+4.5,6563,8,True,False,False,,-1,24.6609,5000
2026-06-27 14:08:45,162,W+5.5,33811,36,True,False,False,,-1,24.8166,5000
2026-06-27 14:09:03,37,B+4.5,7811,7,True,False,False,,-1,24.8258,5000
2026-06-27 14:09:18,31,B+1.5,6563,8,True,False,False,,-1,24.4644,5000
2026-06-27 14:09:33,35,B+0.5,7395,9,True,False,False,,-1,24.4523,5000
2026-06-27 14:09:48,35,B+1.5,7395,10,True,False,False,,-1,24.1638,5000
2026-06-27 14:10:01,33,B+0.5,6979,9,True,False,False,,-1,24.1272,5000
2026-06-27 14:10:17,31,B+0.5,6563,7,True,False,False,,-1,23.6295,5000
2026-06-27 14:10:33,35,B+1.5,7395,10,True,False,False,,-1,23.5356,5000
2026-06-27 14:10:47,31,B+0.5,6563,8,True,False,False,,-1,23.0456,5000
2026-06-27 14:11:03,37,B+2.5,7811,11,True,False,False,,-1,22.9519,5000
2026-06-27 14:11:18,35,B+1.5,7395,10,True,False,False,,-1,22.9249,5000
2026-06-27 14:11:34,35,B+2.5,7395,10,True,False,False,,-1,22.5729,5000
2026-06-27 14:11:47,33,B+2.5,6979,9,True,False,False,,-1,22.098,5000
2026-06-27 14:12:00,29,B+0.5,6147,7,True,False,False,,-1,22.0691,5000
2026-06-27 14:12:18,43,B+2.5,9059,12,True,False,False,,-1,21.6683,5000
2026-06-27 14:12:33,35,B+0.5,7395,9,True,False,False,,-1,21.5535,5000
2026-06-27 14:12:52,39,B+1.5,8227,8,True,False,False,,-1,21.2673,5000
2026-06-27 14:13:07,33,B+2.5,6979,9,True,False,False,,-1,21.1844,5000
2026-06-27 14:13:24,35,B+0.5,7395,9,True,False,False,,-1,20.8046,5000
2026-06-27 14:13:40,35,B+0.5,7395,10,True,False,False,,-1,20.43,5000
2026-06-27 14:13:53,31,B+0.5,6563,8,True,False,False,,-1,20.427,5000
2026-06-27 14:14:10,41,B+3.5,8643,12,True,False,False,,-1,20.166,5000
2026-06-27 14:14:25,35,B+5.5,7395,10,True,False,False,,-1,20.1543,5000
2026-06-27 14:14:39,29,B+1.5,6147,7,True,False,False,,-1,20.1248,5000
2026-06-27 14:14:53,33,B+1.5,6979,9,True,False,False,,-1,19.6422,5000
2026-06-27 14:15:08,31,B+0.5,6563,8,True,False,False,,-1,19.6301,5000
2026-06-27 14:15:21,31,B+1.5,6563,8,True,False,False,,-1,19.2783,5000
2026-06-27 14:15:39,37,B+1.5,7811,9,True,False,False,,-1,18.8899,5000
2026-06-27 14:16:32,126,B+1.5,26323,24,True,False,False,,-1,18.8194,5000
2026-06-27 14:16:47,31,B+1.5,6563,8,True,False,False,,-1,18.7783,5000
2026-06-27 14:17:00,25,B+2.5,5315,5,True,False,False,,-1,18.7548,5000
2026-06-27 14:17:14,35,B+0.5,7395,9,True,False,False,,-1,18.7362,5000
2026-06-27 14:17:33,41,B+4.5,8643,12,True,False,False,,-1,18.4713,5000
2026-06-27 14:17:48,33,B+0.5,6979,9,True,False,False,,-1,17.9861,5000
2026-06-27 14:18:01,33,B+0.5,6979,9,True,False,False,,-1,17.9681,5000
2026-06-27 14:18:20,39,B+0.5,8227,9,True,False,False,,-1,17.9137,5000
2026-06-27 14:18:35,33,B+1.5,6979,9,True,False,False,,-1,17.4751,5000
2026-06-27 14:18:49,31,B+2.5,6563,8,True,False,False,,-1,17.0837,5000
2026-06-27 14:19:06,37,B+4.5,7811,11,True,False,False,,-1,17.0971,5000
2026-06-27 14:19:20,33,B+0.5,6979,9,True,False,False,,-1,17.0752,5000
2026-06-27 14:19:35,35,B+1.5,7395,10,True,False,False,,-1,17.0577,5000
2026-06-27 14:19:50,35,B+2.5,7395,10,True,False,False,,-1,17.0736,5000
2026-06-27 14:20:05,33,B+0.5,6979,9,True,False,False,,-1,17.077,5000
2026-06-27 14:20:21,37,B+1.5,7811,10,True,False,False,,-1,17.0823,5000
2026-06-27 14:20:36,33,B+0.5,6979,7,True,False,False,,-1,17.0887,5000
2026-06-27 14:20:53,39,B+2.5,8227,11,True,False,False,,-1,17.0925,5000
2026-06-27 14:21:06,33,B+3.5,6979,9,True,False,False,,-1,17.071,5000
2026-06-27 14:21:20,25,B+2.5,5315,5,True,False,False,,-1,17.0441,5000
2026-06-27 14:21:34,33,B+1.5,6979,9,True,False,False,,-1,16.9976,5000
2026-06-27 14:21:51,37,B+2.5,7811,11,True,False,False,,-1,17.0097,5000
2026-06-27 14:22:05,35,B+1.5,7395,10,True,False,False,,-1,16.9974,5000
2026-06-27 14:22:20,35,B+2.5,7395,10,True,False,False,,-1,17.0033,5000
2026-06-27 14:22:34,35,B+3.5,7395,10,True,False,False,,-1,17.0017,5000
2026-06-27 14:22:48,33,B+0.5,6979,8,True,False,False,,-1,16.9882,5000
2026-06-27 14:23:03,33,B+2.5,6979,9,True,False,False,,-1,16.9762,5000
2026-06-27 14:23:16,33,B+0.5,6979,9,True,False,False,,-1,16.9533,5000
2026-06-27 14:23:32,35,B+2.5,7395,10,True,False,False,,-1,16.959,5000
2026-06-27 14:23:47,35,B+2.5,7395,10,True,False,False,,-1,16.9705,5000
2026-06-27 14:24:02,35,B+1.5,7395,9,True,False,False,,-1,16.9914,5000
2026-06-27 14:24:19,35,B+1.5,7395,10,True,False,False,,-1,16.9957,5000
2026-06-27 14:24:32,31,B+1.5,6563,8,True,False,False,,-1,16.9881,5000
2026-06-27 14:24:47,33,B+2.5,6979,9,True,False,False,,-1,16.9815,5000
2026-06-27 14:25:01,35,B+1.5,7395,10,True,False,False,,-1,16.9786,5000
2026-06-27 14:25:16,35,B+1.5,7395,9,True,False,False,,-1,16.996,5000
2026-06-27 14:25:31,33,B+1.5,6979,9,True,False,False,,-1,16.9807,5000
2026-06-27 14:26:13,100,B+2.5,20915,15,True,False,False,,-1,17.2522,5000
2026-06-27 14:26:28,31,B+1.5,6563,8,True,False,False,,-1,17.2628,5000
2026-06-27 14:26:41,29,B+1.5,6147,7,True,False,False,,-1,17.2462,5000
2026-06-27 14:26:56,33,B+0.5,6979,9,True,False,False,,-1,17.2612,5000
2026-06-27 14:27:11,31,B+2.5,6563,8,True,False,False,,-1,17.253,5000
2026-06-27 14:27:24,31,B+0.5,6563,8,True,False,False,,-1,17.2434,5000
2026-06-27 14:27:39,35,B+0.5,7395,9,True,False,False,,-1,17.2135,5000
2026-06-27 14:27:53,29,B+0.5,6147,7,True,False,False,,-1,17.2191,5000
2026-06-27 14:28:10,39,B+3.5,8227,12,True,False,False,,-1,17.2487,5000
2026-06-27 14:28:24,35,B+1.5,7395,10,True,False,False,,-1,16.8843,5000
2026-06-27 14:28:38,33,B+0.5,6979,9,True,False,False,,-1,16.8922,5000
2026-06-27 14:28:56,39,B+2.5,8227,11,True,False,False,,-1,16.9204,5000
2026-06-27 14:29:11,37,B+3.5,7811,11,True,False,False,,-1,16.9099,5000
2026-06-27 14:29:26,31,B+0.5,6563,8,True,False,False,,-1,16.909,5000
2026-06-27 14:29:39,35,B+1.5,7395,10,True,False,False,,-1,16.8695,5000
2026-06-27 14:29:54,33,B+0.5,6979,9,True,False,False,,-1,16.8602,5000
2026-06-27 14:30:17,51,B+1.5,10723,8,True,False,False,,-1,16.9542,5000
2026-06-27 14:30:31,33,B+0.5,6979,9,True,False,False,,-1,16.943,5000
2026-06-27 14:30:44,29,B+2.5,6147,7,True,False,False,,-1,16.9052,5000
2026-06-27 14:31:04,43,B+1.5,9059,9,True,False,False,,-1,16.9572,5000
2026-06-27 14:31:18,35,B+4.5,7395,10,True,False,False,,-1,16.9622,5000
2026-06-27 14:31:33,33,B+0.5,6979,9,True,False,False,,-1,16.9678,5000
2026-06-27 14:31:51,37,B+2.5,7811,10,True,False,False,,-1,16.6643,5000
2026-06-27 14:32:04,31,B+0.5,6563,8,True,False,False,,-1,16.6395,5000
2026-06-27 14:32:18,29,B+1.5,6147,7,True,False,False,,-1,16.6283,5000
2026-06-27 14:32:33,33,B+1.5,6979,9,True,False,False,,-1,16.6127,5000
2026-06-27 14:33:20,112,B+0.5,23411,16,True,False,False,,-1,16.9371,5000
2026-06-27 14:33:33,31,B+0.5,6563,8,True,False,False,,-1,16.9075,5000
2026-06-27 14:33:47,33,B+1.5,6979,9,True,False,False,,-1,16.8975,5000
2026-06-27 14:34:03,35,B+1.5,7395,10,True,False,False,,-1,16.9145,5000
2026-06-27 14:34:19,35,B+0.5,7395,5,True,False,False,,-1,16.9356,5000
2026-06-27 14:34:33,29,B+0.5,6147,7,True,False,False,,-1,16.9297,5000
2026-06-27 14:34:47,29,B+0.5,6147,7,True,False,False,,-1,16.9321,5000
2026-06-27 14:35:01,29,B+0.5,6147,7,True,False,False,,-1,16.4583,5000
2026-06-27 14:35:18,39,B+5.5,8227,10,True,False,False,,-1,16.504,5000
2026-06-27 14:35:34,31,B+0.5,6563,8,True,False,False,,-1,16.0884,5000
2026-06-27 14:36:32,143,W+0.5,29859,32,True,False,False,,-1,16.488,5000
2026-06-27 14:36:46,29,B+1.5,6147,6,True,False,False,,-1,16.4796,5000
2026-06-27 14:37:01,35,B+1.5,7395,10,True,False,False,,-1,16.4749,5000
2026-06-27 14:37:14,29,B+0.5,6147,7,True,False,False,,-1,16.4586,5000
2026-06-27 14:37:28,29,B+1.5,6147,7,True,False,False,,-1,16.4638,5000
2026-06-27 14:37:43,33,B+1.5,6979,9,True,False,False,,-1,16.4552,5000
2026-06-27 14:37:59,35,B+1.5,7395,9,True,False,False,,-1,16.4637,5000
2026-06-27 14:38:16,39,B+1.5,8227,10,True,False,False,,-1,16.49,5000
2026-06-27 14:38:31,35,B+3.5,7395,10,True,False,False,,-1,16.4867,5000
2026-06-27 14:38:47,35,B+2.5,7395,9,True,False,False,,-1,16.4862,5000
2026-06-27 14:39:55,162,W+1.5,33811,37,True,False,False,,-1,17.0133,5000
2026-06-27 14:40:11,35,B+1.5,7395,10,True,False,False,,-1,17.0338,5000
2026-06-27 14:40:23,25,B+0.5,5315,5,True,False,False,,-1,17.024,5000
2026-06-27 14:40:36,31,B+0.5,6563,8,True,False,False,,-1,16.9832,5000
2026-06-27 14:40:51,33,B+2.5,6979,9,True,False,False,,-1,16.9701,5000
2026-06-27 14:43:16,31,B+0.5,6573,8,True,False,False,,-1,17.0702,6000
2026-06-27 14:43:29,33,B+0.5,6989,9,True,False,False,,-1,17.0389,6000
2026-06-27 14:43:43,27,B+2.5,5741,6,True,False,False,,-1,17.0133,6000
2026-06-27 14:43:56,29,B+0.5,6157,6,True,False,False,,-1,17.0077,6000
2026-06-27 14:44:10,29,B+0.5,6157,7,True,False,False,,-1,16.98,6000
2026-06-27 14:44:23,25,B+0.5,5325,5,True,False,False,,-1,16.9625,6000
2026-06-27 14:44:38,33,B+0.5,6989,9,True,False,False,,-1,16.9754,6000
2026-06-27 14:44:52,31,B+1.5,6573,8,True,False,False,,-1,16.9704,6000
2026-06-27 14:45:06,31,B+1.5,6573,8,True,False,False,,-1,16.9616,6000
2026-06-27 14:45:19,31,B+0.5,6573,8,True,False,False,,-1,16.9603,6000
2026-06-27 14:45:35,33,B+2.5,6989,9,True,False,False,,-1,16.9383,6000
2026-06-27 14:45:49,29,B+0.5,6157,7,True,False,False,,-1,16.5523,6000
2026-06-27 14:46:03,31,B+0.5,6573,8,True,False,False,,-1,16.5407,6000
2026-06-27 14:46:16,29,B+0.5,6157,7,True,False,False,,-1,16.5476,6000
2026-06-27 14:46:28,25,B+0.5,5325,5,True,False,False,,-1,16.5237,6000
2026-06-27 14:46:42,33,B+0.5,6989,9,True,False,False,,-1,16.4738,6000
2026-06-27 14:46:54,29,B+2.5,6157,7,True,False,False,,-1,16.4494,6000
2026-06-27 14:47:06,27,B+0.5,5741,6,True,False,False,,-1,16.4317,6000
2026-06-27 14:47:20,31,B+0.5,6573,8,True,False,False,,-1,16.3811,6000
2026-06-27 14:47:34,33,B+0.5,6989,9,True,False,False,,-1,16.3772,6000
2026-06-27 14:47:49,33,B+2.5,6989,9,True,False,False,,-1,16.3838,6000
2026-06-27 14:48:02,31,B+0.5,6573,8,True,False,False,,-1,16.347,6000
2026-06-27 14:48:15,31,B+0.5,6573,8,True,False,False,,-1,16.3385,6000
2026-06-27 14:48:26,23,B+0.5,4909,4,True,False,False,,-1,16.2967,6000
2026-06-27 14:48:38,29,B+0.5,6157,7,True,False,False,,-1,16.2683,6000
2026-06-27 14:48:53,33,B+3.5,6989,9,True,False,False,,-1,16.2666,6000
2026-06-27 14:49:07,31,B+0.5,6573,8,True,False,False,,-1,16.2446,6000
2026-06-27 14:49:20,29,B+0.5,6157,7,True,False,False,,-1,16.228,6000
2026-06-27 14:49:34,33,B+0.5,6989,9,True,False,False,,-1,16.1986,6000
2026-06-27 14:49:48,31,B+0.5,6573,8,True,False,False,,-1,16.2017,6000
2026-06-27 14:50:03,33,B+2.5,6989,9,True,False,False,,-1,16.2174,6000
2026-06-27 14:50:18,33,B+0.5,6989,9,True,False,False,,-1,16.224,6000
2026-06-27 14:50:32,29,B+0.5,6157,7,True,False,False,,-1,16.1951,6000
2026-06-27 14:50:44,31,B+0.5,6573,8,True,False,False,,-1,16.1746,6000
2026-06-27 14:51:00,33,B+0.5,6989,9,True,False,False,,-1,16.1847,6000
2026-06-27 14:51:13,31,B+0.5,6573,8,True,False,False,,-1,16.1743,6000
2026-06-27 14:51:25,29,B+1.5,6157,7,True,False,False,,-1,16.152,6000
2026-06-27 14:51:38,31,B+0.5,6573,8,True,False,False,,-1,16.1439,6000
2026-06-27 14:51:53,29,B+0.5,6157,6,True,False,False,,-1,16.1484,6000
2026-06-27 14:52:08,33,B+0.5,6989,9,True,False,False,,-1,16.1513,6000
2026-06-27 14:52:22,29,B+0.5,6157,7,True,False,False,,-1,16.1259,6000
2026-06-27 14:52:36,33,B+0.5,6989,9,True,False,False,,-1,16.1212,6000
2026-06-27 14:52:50,31,B+0.5,6573,8,True,False,False,,-1,16.093,6000
2026-06-27 14:53:02,29,B+2.5,6157,7,True,False,False,,-1,16.0807,6000
2026-06-27 14:53:16,33,B+0.5,6989,9,True,False,False,,-1,16.074,6000
2026-06-27 14:53:31,33,B+2.5,6989,9,True,False,False,,-1,16.0857,6000
2026-06-27 14:53:45,27,B+0.5,5741,6,True,False,False,,-1,16.0681,6000
2026-06-27 14:53:59,33,B+0.5,6989,9,True,False,False,,-1,16.0674,6000
2026-06-27 14:54:13,31,B+0.5,6573,8,True,False,False,,-1,15.782,6000
2026-06-27 14:54:27,29,B+0.5,6157,6,True,False,False,,-1,15.7665,6000
2026-06-27 14:54:44,33,B+2.5,6989,9,True,False,False,,-1,15.8054,6000
2026-06-27 14:54:58,31,B+0.5,6573,8,True,False,False,,-1,15.8018,6000
2026-06-27 14:55:11,29,B+0.5,6157,7,True,False,False,,-1,15.784,6000
2026-06-27 14:55:24,33,B+0.5,6989,9,True,False,False,,-1,15.7825,6000
2026-06-27 14:55:39,33,B+0.5,6989,9,True,False,False,,-1,15.7793,6000
2026-06-27 14:55:51,27,B+0.5,5741,6,True,False,False,,-1,15.762,6000
2026-06-27 14:56:05,31,B+0.5,6573,8,True,False,False,,-1,15.737,6000
2026-06-27 14:56:20,33,B+5.5,6989,8,True,False,False,,-1,15.7481,6000
2026-06-27 14:56:35,29,B+0.5,6157,7,True,False,False,,-1,15.7463,6000
2026-06-27 14:56:47,27,B+0.5,5741,6,True,False,False,,-1,15.6877,6000
2026-06-27 14:57:00,29,B+2.5,6157,7,True,False,False,,-1,15.6791,6000
2026-06-27 14:57:15,31,B+0.5,6573,8,True,False,False,,-1,15.675,6000
2026-06-27 14:57:27,29,B+0.5,6157,7,True,False,False,,-1,15.673,6000
2026-06-27 14:57:42,31,B+1.5,6573,8,True,False,False,,-1,15.6692,6000
2026-06-27 14:57:56,33,B+0.5,6989,9,True,False,False,,-1,15.5734,6000
2026-06-27 14:58:08,27,B+0.5,5741,6,True,False,False,,-1,15.5557,6000
2026-06-27 14:58:21,31,B+0.5,6573,8,True,False,False,,-1,15.5559,6000
2026-06-27 14:58:35,31,B+0.5,6573,8,True,False,False,,-1,15.4846,6000
2026-06-27 14:58:50,35,B+0.5,7405,9,True,False,False,,-1,15.503,6000
2026-06-27 14:59:03,31,B+0.5,6573,8,True,False,False,,-1,15.4845,6000
2026-06-27 14:59:15,25,B+0.5,5325,5,True,False,False,,-1,15.4264,6000
2026-06-27 14:59:29,27,B+2.5,5741,6,True,False,False,,-1,15.4295,6000
2026-06-27 14:59:43,29,B+0.5,6157,7,True,False,False,,-1,15.4327,6000
2026-06-27 14:59:57,33,B+0.5,6989,9,True,False,False,,-1,15.4295,6000
2026-06-27 15:00:10,29,B+0.5,6157,7,True,False,False,,-1,15.0883,6000
2026-06-27 15:00:24,33,B+0.5,6989,9,True,False,False,,-1,15.0971,6000
2026-06-27 15:00:39,31,B+0.5,6573,8,True,False,False,,-1,15.1042,6000
2026-06-27 15:00:53,31,B+0.5,6573,8,True,False,False,,-1,15.0899,6000
2026-06-27 15:01:06,29,B+0.5,6157,7,True,False,False,,-1,15.0535,6000
2026-06-27 15:01:19,31,B+0.5,6573,8,True,False,False,,-1,15.0439,6000
2026-06-27 15:01:35,33,B+0.5,6989,9,True,False,False,,-1,15.0592,6000
2026-06-27 15:01:49,33,B+0.5,6989,9,True,False,False,,-1,15.0669,6000
2026-06-27 15:02:02,31,B+3.5,6573,8,True,False,False,,-1,15.0156,6000
2026-06-27 15:02:15,29,B+0.5,6157,7,True,False,False,,-1,14.9979,6000
2026-06-27 15:02:29,31,B+0.5,6573,8,True,False,False,,-1,14.5548,6000
2026-06-27 15:02:42,33,B+0.5,6989,9,True,False,False,,-1,14.5527,6000
2026-06-27 15:02:56,29,B+0.5,6157,7,True,False,False,,-1,14.5353,6000
2026-06-27 15:03:09,33,B+0.5,6989,9,True,False,False,,-1,14.5317,6000
2026-06-27 15:03:22,29,B+2.5,6157,7,True,False,False,,-1,14.5304,6000
2026-06-27 15:03:36,27,B+0.5,5741,6,True,False,False,,-1,14.5205,6000
2026-06-27 15:03:49,31,B+0.5,6573,8,True,False,False,,-1,14.4848,6000
2026-06-27 15:04:02,29,B+1.5,6157,7,True,False,False,,-1,14.4395,6000
2026-06-27 15:04:16,33,B+0.5,6989,9,True,False,False,,-1,14.4301,6000
2026-06-27 15:04:30,29,B+0.5,6157,7,True,False,False,,-1,14.4216,6000
2026-06-27 15:04:46,33,B+0.5,6989,9,True,False,False,,-1,13.8881,6000
2026-06-27 15:05:00,31,B+0.5,6573,8,True,False,False,,-1,13.8785,6000
2026-06-27 15:05:15,33,B+0.5,6989,9,True,False,False,,-1,13.9008,6000
2026-06-27 15:05:34,43,B+4.5,9069,9,True,False,False,,-1,13.9645,6000
2026-06-27 15:05:48,31,B+0.5,6573,8,True,False,False,,-1,13.9573,6000
2026-06-27 15:06:02,31,B+1.5,6573,8,True,False,False,,-1,13.7978,6000
2026-06-27 15:06:16,29,B+1.5,6157,7,True,False,False,,-1,13.8004,6000
2026-06-27 15:06:31,33,B+0.5,6989,7,True,False,False,,-1,13.8186,6000
2026-06-27 15:06:45,33,B+0.5,6989,9,True,False,False,,-1,13.825,6000
2026-06-27 15:07:00,31,B+0.5,6573,8,True,False,False,,-1,13.8378,6000
2026-06-27 15:07:15,33,B+0.5,6989,9,True,False,False,,-1,13.8477,6000
2026-06-27 15:07:30,33,B+0.5,6989,9,True,False,False,,-1,13.8723,6000
2026-06-27 15:07:45,29,B+0.5,6157,7,True,False,False,,-1,13.8738,6000
2026-06-27 15:08:00,33,B+0.5,6989,9,True,False,False,,-1,13.8776,6000
2026-06-27 15:08:13,31,B+0.5,6573,8,True,False,False,,-1,13.8682,6000
2026-06-27 15:08:27,33,B+0.5,6989,9,True,False,False,,-1,13.8735,6000
2026-06-27 15:08:41,29,B+0.5,6157,7,True,False,False,,-1,13.8634,6000
2026-06-27 15:08:56,31,B+1.5,6573,8,True,False,False,,-1,13.8716,6000
2026-06-27 15:09:13,31,B+0.5,6573,7,True,False,False,,-1,13.8955,6000
2026-06-27 15:09:25,25,B+0.5,5325,5,True,False,False,,-1,13.883,6000
2026-06-27 15:09:39,31,B+0.5,6573,8,True,False,False,,-1,13.9083,6000
2026-06-27 15:09:52,29,B+0.5,6157,7,True,False,False,,-1,13.9048,6000
2026-06-27 15:10:05,25,B+0.5,5325,5,True,False,False,,-1,13.9057,6000
2026-06-27 15:10:19,33,B+0.5,6989,8,True,False,False,,-1,13.9296,6000
2026-06-27 15:10:33,31,B+0.5,6573,8,True,False,False,,-1,13.9277,6000
2026-06-27 15:10:47,31,B+0.5,6573,8,True,False,False,,-1,13.9215,6000
2026-06-27 15:11:00,33,B+0.5,6989,9,True,False,False,,-1,13.9144,6000
2026-06-27 15:11:13,29,B+0.5,6157,7,True,False,False,,-1,13.9063,6000
2026-06-27 15:11:26,35,B+0.5,7405,9,True,False,False,,-1,13.9043,6000
2026-06-27 15:11:39,29,B+0.5,6157,7,True,False,False,,-1,13.9319,6000
2026-06-27 15:11:53,33,B+0.5,6989,9,True,False,False,,-1,13.9504,6000
2026-06-27 15:12:06,29,B+0.5,6157,7,True,False,False,,-1,13.9306,6000
2026-06-27 15:12:20,31,B+0.5,6573,8,True,False,False,,-1,13.9299,6000
2026-06-27 15:12:33,31,B+0.5,6573,8,True,False,False,,-1,13.9292,6000
2026-06-27 15:12:46,31,B+0.5,6573,8,True,False,False,,-1,13.9189,6000
2026-06-27 15:13:00,33,B+1.5,6989,9,True,False,False,,-1,13.9184,6000
2026-06-27 15:13:15,33,B+1.5,6989,9,True,False,False,,-1,13.9207,6000
2026-06-27 15:13:30,33,B+0.5,6989,9,True,False,False,,-1,13.9118,6000
2026-06-27 15:13:43,31,B+2.5,6573,8,True,False,False,,-1,13.9156,6000
2026-06-27 15:13:57,31,B+1.5,6573,8,True,False,False,,-1,13.9268,6000
2026-06-27 15:14:11,31,B+0.5,6573,8,True,False,False,,-1,13.905,6000
2026-06-27 15:14:25,29,B+0.5,6157,7,True,False,False,,-1,13.9173,6000
2026-06-27 15:14:38,31,B+0.5,6573,8,True,False,False,,-1,13.9248,6000
2026-06-27 15:14:50,27,B+1.5,5741,6,True,False,False,,-1,13.914,6000
2026-06-27 15:15:04,33,B+0.5,6989,9,True,False,False,,-1,13.9048,6000
2026-06-27 15:15:17,31,B+0.5,6573,8,True,False,False,,-1,13.8846,6000
2026-06-27 15:15:31,33,B+0.5,6989,9,True,False,False,,-1,13.891,6000
2026-06-27 15:15:44,31,B+0.5,6573,8,True,False,False,,-1,13.8792,6000
2026-06-27 15:16:00,33,B+0.5,6989,9,True,False,False,,-1,13.9019,6000
2026-06-27 15:16:15,33,B+0.5,6989,9,True,False,False,,-1,13.9299,6000
2026-06-27 15:16:30,31,B+0.5,6573,8,True,False,False,,-1,13.9377,6000
2026-06-27 15:16:43,29,B+0.5,6157,7,True,False,False,,-1,13.9195,6000
2026-06-27 15:16:58,33,B+0.5,6989,9,True,False,False,,-1,13.9314,6000
2026-06-27 15:17:13,33,B+0.5,6989,8,True,False,False,,-1,13.9368,6000
2026-06-27 15:17:25,27,B+0.5,5741,6,True,False,False,,-1,13.9199,6000
2026-06-27 15:17:38,33,B+0.5,6989,9,True,False,False,,-1,13.9144,6000
2026-06-27 15:17:51,31,B+0.5,6573,8,True,False,False,,-1,13.8762,6000
2026-06-27 15:18:06,33,B+0.5,6989,9,True,False,False,,-1,13.8774,6000
2026-06-27 15:18:19,31,B+0.5,6573,8,True,False,False,,-1,13.8861,6000
2026-06-27 15:18:33,31,B+1.5,6573,8,True,False,False,,-1,13.8844,6000
2026-06-27 15:18:46,33,B+0.5,6989,9,True,False,False,,-1,13.8731,6000
2026-06-27 15:19:00,31,B+0.5,6573,8,True,False,False,,-1,13.8881,6000
2026-06-27 15:19:12,27,B+0.5,5741,6,True,False,False,,-1,13.8693,6000
2026-06-27 15:19:26,31,B+0.5,6573,8,True,False,False,,-1,13.8541,6000
2026-06-27 15:19:41,31,B+0.5,6573,8,True,False,False,,-1,13.8649,6000
2026-06-27 15:19:56,33,B+0.5,6989,9,True,False,False,,-1,13.8885,6000
2026-06-27 15:20:10,31,B+3.5,6573,8,True,False,False,,-1,13.8897,6000
2026-06-27 15:20:23,29,B+1.5,6157,7,True,False,False,,-1,13.8845,6000
2026-06-27 15:20:39,33,B+0.5,6989,9,True,False,False,,-1,13.9095,6000
2026-06-27 15:20:50,27,B+1.5,5741,6,True,False,False,,-1,13.88,6000
2026-06-27 15:21:06,33,B+0.5,6989,9,True,False,False,,-1,13.8963,6000
2026-06-27 15:21:24,39,B+0.5,8237,6,True,False,False,,-1,13.9621,6000
2026-06-27 15:21:38,33,B+0.5,6989,9,True,False,False,,-1,13.9623,6000
2026-06-27 15:21:52,31,B+0.5,6573,8,True,False,False,,-1,13.9709,6000
2026-06-27 15:22:06,33,B+0.5,6989,9,True,False,False,,-1,13.9518,6000
2026-06-27 15:22:19,29,B+0.5,6157,7,True,False,False,,-1,13.9607,6000
2026-06-27 15:22:34,33,B+0.5,6989,9,True,False,False,,-1,13.9848,6000
2026-06-27 15:22:48,33,B+0.5,6989,9,True,False,False,,-1,13.9886,6000
2026-06-27 15:23:02,33,B+0.5,6989,9,True,False,False,,-1,13.9853,6000
2026-06-27 15:23:15,31,B+1.5,6573,8,True,False,False,,-1,13.9753,6000
2026-06-27 15:23:28,29,B+0.5,6157,7,True,False,False,,-1,13.98,6000
2026-06-27 15:23:42,33,B+0.5,6989,9,True,False,False,,-1,13.9761,6000
2026-06-27 15:23:56,29,B+0.5,6157,7,True,False,False,,-1,13.9632,6000
2026-06-27 15:24:09,29,B+0.5,6157,7,True,False,False,,-1,13.9526,6000
2026-06-27 15:24:19,25,B+0.5,5325,5,True,False,False,,-1,13.9256,6000
2026-06-27 15:26:30,33,B+0.5,6991,9,False,False,False,,-0.88,13.8793,7000
2026-06-27 15:26:44,31,B+0.5,6575,8,False,False,False,,-0.88,13.8765,7000
2026-06-27 15:26:58,31,B+0.5,6575,8,False,False,False,,-0.88,13.8887,7000
2026-06-27 15:27:11,31,B+0.5,6575,8,False,False,False,,-0.88,13.8842,7000
2026-06-27 15:27:27,31,B+0.5,6575,8,False,False,False,,-0.88,13.897,7000
2026-06-27 15:27:41,31,B+0.5,6575,8,False,False,False,,-0.88,13.9068,7000
2026-06-27 15:27:55,31,B+0.5,6575,8,False,False,False,,-0.88,13.9103,7000
2026-06-27 15:28:09,31,B+0.5,6575,8,False,False,False,,-0.88,13.9224,7000
2026-06-27 15:28:25,33,B+0.5,6991,9,False,False,False,,-0.88,13.9456,7000
2026-06-27 15:28:40,33,B+0.5,6991,9,False,False,False,,-0.88,13.9535,7000
2026-06-27 15:28:55,35,B+1.5,7407,10,False,False,False,,-0.88,13.9755,7000
2026-06-27 15:29:08,29,B+0.5,6159,7,False,False,False,,-0.88,13.9872,7000
2026-06-27 15:29:24,31,B+0.5,6575,8,True,False,False,,-0.88,13.999,7000
2026-06-27 15:29:38,31,B+0.5,6575,8,False,False,False,,-0.88,13.9975,7000
2026-06-27 15:29:53,33,B+0.5,6991,9,False,False,False,,-0.88,13.9949,7000
2026-06-27 15:30:08,33,B+0.5,6991,9,False,False,False,,-0.88,14.0033,7000
2026-06-27 15:30:22,35,B+1.5,7407,10,False,False,False,,-0.88,13.9911,7000
2026-06-27 15:30:35,31,B+0.5,6575,8,False,False,False,,-0.88,13.9315,7000
2026-06-27 15:30:50,33,B+0.5,6991,9,False,False,False,,-0.88,13.9433,7000
2026-06-27 15:31:05,33,B+0.5,6991,9,False,False,False,,-0.88,13.9532,7000
2026-06-27 15:31:17,27,B+0.5,5743,6,False,False,False,,-0.88,13.9379,7000
2026-06-27 15:31:32,33,B+1.5,6991,9,False,False,False,,-0.88,13.928,7000
2026-06-27 15:31:46,29,B+1.5,6159,7,False,False,False,,-0.88,13.9306,7000
2026-06-27 15:32:02,33,B+0.5,6991,9,False,False,False,,-0.88,13.9419,7000
2026-06-27 15:32:17,33,B+0.5,6991,9,False,False,False,,-0.88,13.9421,7000
2026-06-27 15:32:31,33,B+0.5,6991,8,False,False,False,,-0.88,13.927,7000
2026-06-27 15:32:44,29,B+0.5,6159,7,False,False,False,,-0.88,13.9083,7000
2026-06-27 15:32:56,27,B+1.5,5743,6,False,False,False,,-0.88,13.8784,7000
2026-06-27 15:33:09,31,B+0.5,6575,8,False,False,False,,-0.88,13.879,7000
2026-06-27 15:33:24,35,B+0.5,7407,10,False,False,False,,-0.88,13.8989,7000
2026-06-27 15:33:39,29,B+0.5,6159,7,False,False,False,,-0.88,13.8948,7000
2026-06-27 15:33:53,33,B+1.5,6991,9,False,False,False,,-0.88,13.8917,7000
2026-06-27 15:34:06,25,B+2.5,5327,5,True,False,False,,-0.88,13.8554,7000
2026-06-27 15:34:20,31,B+0.5,6575,8,False,False,False,,-0.88,13.8797,7000
2026-06-27 15:34:36,33,B+0.5,6991,9,True,False,False,,-0.88,13.8892,7000
2026-06-27 15:34:50,31,B+0.5,6575,8,False,False,False,,-0.88,13.9041,7000
2026-06-27 15:35:06,33,B+0.5,6991,9,False,False,False,,-0.88,13.9336,7000
2026-06-27 15:35:20,29,B+0.5,6159,7,False,False,False,,-0.88,13.9319,7000
2026-06-27 15:35:34,31,B+0.5,6575,8,True,False,False,,-0.88,13.9281,7000
2026-06-27 15:35:47,31,B+2.5,6575,8,False,False,False,,-0.88,13.927,7000
2026-06-27 15:36:00,29,B+0.5,6159,7,False,False,False,,-0.88,13.9224,7000
2026-06-27 15:36:14,31,B+0.5,6575,8,False,False,False,,-0.88,13.9321,7000
2026-06-27 15:36:27,29,B+0.5,6159,7,True,False,False,,-0.88,13.9284,7000
2026-06-27 15:36:41,33,B+0.5,6991,9,False,False,False,,-0.88,13.9398,7000
2026-06-27 15:36:53,31,B+0.5,6575,8,True,False,False,,-0.88,13.9195,7000
2026-06-27 15:37:07,31,B+0.5,6575,8,False,False,False,,-0.88,13.9265,7000
2026-06-27 15:37:20,29,B+0.5,6159,7,False,False,False,,-0.88,13.9257,7000
2026-06-27 15:37:33,29,B+2.5,6159,7,False,False,False,,-0.88,13.9149,7000
2026-06-27 15:37:47,29,B+2.5,6159,7,False,False,False,,-0.88,13.9252,7000
2026-06-27 15:38:01,31,B+0.5,6575,8,True,False,False,,-0.88,13.9336,7000
2026-06-27 15:38:15,29,B+1.5,6159,7,False,False,False,,-0.88,13.9184,7000
2026-06-27 15:38:30,29,B+0.5,6159,7,False,False,False,,-0.88,13.9201,7000
2026-06-27 15:38:42,29,B+0.5,6159,7,False,False,False,,-0.88,13.9124,7000
2026-06-27 15:38:56,33,B+4.5,6991,9,False,False,False,,-0.88,13.9123,7000
2026-06-27 15:39:11,33,B+1.5,6991,9,False,False,False,,-0.88,13.9251,7000
2026-06-27 15:39:24,31,B+0.5,6575,8,False,False,False,,-0.88,13.9118,7000
2026-06-27 15:39:38,31,B+0.5,6575,8,False,False,False,,-0.88,13.921,7000
2026-06-27 15:39:51,31,B+0.5,6575,8,False,False,False,,-0.88,13.932,7000
2026-06-27 15:40:05,27,B+1.5,5743,6,False,False,False,,-0.88,13.9356,7000
2026-06-27 15:40:18,29,B+0.5,6159,7,False,False,False,,-0.88,13.9325,7000
2026-06-27 15:40:32,29,B+1.5,6159,7,False,False,False,,-0.88,13.9332,7000
2026-06-27 15:40:44,29,B+0.5,6159,7,False,False,False,,-0.88,13.925,7000
2026-06-27 15:40:59,33,B+0.5,6991,9,False,False,False,,-0.88,13.9142,7000
2026-06-27 15:41:13,31,B+0.5,6575,8,False,False,False,,-0.88,13.8992,7000
2026-06-27 15:41:25,29,B+0.5,6159,7,False,False,False,,-0.88,13.8751,7000
2026-06-27 15:41:40,33,B+0.5,6991,8,True,False,False,,-0.88,13.8903,7000
2026-06-27 15:41:54,33,B+0.5,6991,9,False,False,False,,-0.88,13.8847,7000
2026-06-27 15:42:09,33,B+0.5,6991,9,False,False,False,,-0.88,13.8805,7000
2026-06-27 15:42:23,33,B+0.5,6991,9,False,False,False,,-0.88,13.907,7000
2026-06-27 15:42:37,35,B+1.5,7407,10,False,False,False,,-0.88,13.9062,7000
2026-06-27 15:42:50,31,B+0.5,6575,8,False,False,False,,-0.88,13.9106,7000
2026-06-27 15:43:04,31,B+0.5,6575,8,False,False,False,,-0.88,13.9017,7000
2026-06-27 15:43:18,33,B+0.5,6991,9,False,False,False,,-0.88,13.9086,7000
2026-06-27 15:43:32,33,B+0.5,6991,9,False,False,False,,-0.88,13.9186,7000
2026-06-27 15:43:46,33,B+0.5,6991,9,False,False,False,,-0.88,13.9158,7000
2026-06-27 15:43:59,33,B+2.5,6991,9,False,False,False,,-0.88,13.9142,7000
2026-06-27 15:44:14,33,B+1.5,6991,9,False,False,False,,-0.88,13.9409,7000
2026-06-27 15:44:28,31,B+0.5,6575,8,False,False,False,,-0.88,13.9388,7000
2026-06-27 15:44:42,33,B+0.5,6991,8,False,False,False,,-0.88,13.9313,7000
2026-06-27 15:44:55,31,B+0.5,6575,8,False,False,False,,-0.88,13.9156,7000
2026-06-27 15:45:07,29,B+0.5,6159,7,False,False,False,,-0.88,13.9005,7000
2026-06-27 15:45:21,33,B+0.5,6991,9,False,False,False,,-0.88,13.8992,7000
2026-06-27 15:45:34,31,B+0.5,6575,8,False,False,False,,-0.88,13.8772,7000
2026-06-27 15:45:49,35,B+1.5,7407,10,False,False,False,,-0.88,13.9041,7000
2026-06-27 15:46:02,29,B+0.5,6159,7,False,False,False,,-0.88,13.8864,7000
2026-06-27 15:46:17,31,B+0.5,6575,7,False,False,False,,-0.88,13.8499,7000
2026-06-27 15:46:32,33,B+0.5,6991,9,False,False,False,,-0.88,13.8644,7000
2026-06-27 15:46:46,33,B+0.5,6991,9,False,False,False,,-0.88,13.8641,7000
2026-06-27 15:47:00,31,B+0.5,6575,8,False,False,False,,-0.88,13.8647,7000
2026-06-27 15:47:12,29,B+2.5,6159,7,False,False,False,,-0.88,13.8507,7000
2026-06-27 15:47:26,31,B+0.5,6575,8,False,False,False,,-0.88,13.8371,7000
2026-06-27 15:47:40,31,B+0.5,6575,8,False,False,False,,-0.88,13.847,7000
2026-06-27 15:47:53,29,B+0.5,6159,7,False,False,False,,-0.88,13.8346,7000
2026-06-27 15:48:06,33,B+0.5,6991,9,False,False,False,,-0.88,13.835,7000
2026-06-27 15:48:21,33,B+1.5,6991,9,False,False,False,,-0.88,13.8512,7000
2026-06-27 15:48:36,35,B+0.5,7407,9,False,False,False,,-0.88,13.8656,7000
2026-06-27 15:48:51,33,B+0.5,6991,9,False,False,False,,-0.88,13.8797,7000
2026-06-27 15:49:04,29,B+0.5,6159,7,False,False,False,,-0.88,13.8809,7000
2026-06-27 15:49:18,29,B+0.5,6159,7,False,False,False,,-0.88,13.9136,7000
2026-06-27 15:49:33,35,B+0.5,7407,9,False,False,False,,-0.88,13.9815,7000
2026-06-27 15:49:47,33,B+0.5,6991,9,False,False,False,,-0.88,13.9694,7000
2026-06-27 15:50:03,33,B+0.5,6991,9,False,False,False,,-0.88,13.981,7000
2026-06-27 15:50:19,31,B+0.5,6575,8,False,False,False,,-0.88,14.0012,7000
2026-06-27 15:50:33,33,B+0.5,6991,9,False,False,False,,-0.88,14.0191,7000
2026-06-27 15:50:46,31,B+0.5,6575,8,True,False,False,,-0.88,13.9939,7000
2026-06-27 15:51:00,31,B+0.5,6575,8,False,False,False,,-0.88,13.9917,7000
2026-06-27 15:51:15,33,B+0.5,6991,9,True,False,False,,-0.88,13.9977,7000
2026-06-27 15:51:32,39,B+3.5,8239,11,False,False,False,,-0.88,14.0226,7000
2026-06-27 15:51:48,35,B+0.5,7407,9,False,False,False,,-0.88,14.0315,7000
2026-06-27 15:52:03,31,B+0.5,6575,8,False,False,False,,-0.88,14.034,7000
2026-06-27 15:52:17,33,B+0.5,6991,9,False,False,False,,-0.88,14.0247,7000
2026-06-27 15:52:31,33,B+0.5,6991,9,False,False,False,,-0.88,14.0261,7000
2026-06-27 15:52:46,31,B+0.5,6575,8,True,False,False,,-0.88,14.0209,7000
2026-06-27 15:53:01,33,B+0.5,6991,9,False,False,False,,-0.88,14.0279,7000
2026-06-27 15:53:16,33,B+2.5,6991,9,True,False,False,,-0.88,14.0293,7000
2026-06-27 15:53:29,29,B+0.5,6159,7,False,False,False,,-0.88,14.0068,7000
2026-06-27 15:53:43,29,B+0.5,6159,7,False,False,False,,-0.88,14.0124,7000
2026-06-27 15:53:57,31,B+1.5,6575,8,False,False,False,,-0.88,14.0125,7000
2026-06-27 15:54:09,31,B+0.5,6575,8,False,False,False,,-0.88,13.9899,7000
2026-06-27 15:54:23,31,B+1.5,6575,8,False,False,False,,-0.88,13.9752,7000
2026-06-27 15:54:36,31,B+0.5,6575,8,False,False,False,,-0.88,13.9881,7000
2026-06-27 15:54:50,33,B+0.5,6991,9,False,False,False,,-0.88,13.9775,7000
2026-06-27 15:55:04,33,B+0.5,6991,9,False,False,False,,-0.88,13.9764,7000
2026-06-27 15:55:18,33,B+0.5,6991,9,False,False,False,,-0.88,13.9557,7000
2026-06-27 15:55:30,29,B+0.5,6159,7,False,False,False,,-0.88,13.9316,7000
2026-06-27 15:55:43,29,B+0.5,6159,7,False,False,False,,-0.88,13.9242,7000
2026-06-27 15:55:58,33,B+0.5,6991,9,False,False,False,,-0.88,13.9332,7000
2026-06-27 15:56:12,33,B+0.5,6991,9,False,False,False,,-0.88,13.9576,7000
2026-06-27 15:56:24,27,B+1.5,5743,6,False,False,False,,-0.88,13.9504,7000
2026-06-27 15:56:38,33,B+0.5,6991,9,False,False,False,,-0.88,13.939,7000
2026-06-27 15:56:53,31,B+0.5,6575,8,False,False,False,,-0.88,13.9376,7000
2026-06-27 15:57:05,29,B+2.5,6159,7,False,False,False,,-0.88,13.9147,7000
2026-06-27 15:57:20,33,B+1.5,6991,9,False,False,False,,-0.88,13.9395,7000
2026-06-27 15:57:33,25,B+0.5,5327,5,False,False,False,,-0.88,13.9217,7000
2026-06-27 15:57:48,33,B+0.5,6991,9,False,False,False,,-0.88,13.919,7000
2026-06-27 15:58:02,33,B+0.5,6991,8,False,False,False,,-0.88,13.9088,7000
2026-06-27 15:58:15,33,B+0.5,6991,9,False,False,False,,-0.88,13.8894,7000
2026-06-27 15:58:29,31,B+0.5,6575,8,False,False,False,,-0.88,13.8862,7000
2026-06-27 15:58:43,31,B+1.5,6575,8,False,False,False,,-0.88,13.8921,7000
2026-06-27 15:58:56,29,B+0.5,6159,7,True,False,False,,-0.88,13.8907,7000
2026-06-27 15:59:09,29,B+1.5,6159,7,False,False,False,,-0.88,13.8854,7000
2026-06-27 15:59:27,35,B+0.5,7407,7,False,False,False,,-0.88,13.9289,7000
2026-06-27 15:59:42,31,B+0.5,6575,8,False,False,False,,-0.88,13.951,7000
2026-06-27 15:59:55,29,B+0.5,6159,7,False,False,False,,-0.88,13.9368,7000
2026-06-27 16:00:10,33,B+0.5,6991,9,False,False,False,,-0.88,13.9676,7000
2026-06-27 16:00:24,31,B+0.5,6575,8,False,False,False,,-0.88,13.9706,7000
2026-06-27 16:00:37,31,B+1.5,6575,8,False,False,False,,-0.88,13.9671,7000
2026-06-27 16:00:50,31,B+2.5,6575,8,False,False,False,,-0.88,13.9745,7000
2026-06-27 16:01:05,31,B+0.5,6575,8,False,False,False,,-0.88,13.9777,7000
2026-06-27 16:01:18,29,B+0.5,6159,7,False,False,False,,-0.88,13.9604,7000
2026-06-27 16:01:32,33,B+0.5,6991,9,True,False,False,,-0.88,13.9731,7000
2026-06-27 16:01:45,29,B+0.5,6159,7,False,False,False,,-0.88,13.953,7000
2026-06-27 16:02:00,31,B+0.5,6575,8,False,False,False,,-0.88,13.9695,7000
2026-06-27 16:02:13,33,B+0.5,6991,9,False,False,False,,-0.88,13.9614,7000
2026-06-27 16:02:27,31,B+0.5,6575,8,True,False,False,,-0.88,13.9581,7000
2026-06-27 16:02:42,33,B+3.5,6991,8,False,False,False,,-0.88,13.9843,7000
2026-06-27 16:02:54,25,B+0.5,5327,5,False,False,False,,-0.88,13.9666,7000
2026-06-27 16:03:09,31,B+2.5,6575,8,False,False,False,,-0.88,13.9733,7000
2026-06-27 16:03:21,31,B+0.5,6575,8,False,False,False,,-0.88,13.9643,7000
2026-06-27 16:03:37,33,B+2.5,6991,9,False,False,False,,-0.88,13.9835,7000
2026-06-27 16:03:51,33,B+0.5,6991,9,False,False,False,,-0.88,13.9886,7000
2026-06-27 16:04:05,31,B+0.5,6575,8,False,False,False,,-0.88,13.9998,7000
2026-06-27 16:04:19,27,B+0.5,5743,6,False,False,False,,-0.88,13.9927,7000
2026-06-27 16:04:32,29,B+0.5,6159,7,False,False,False,,-0.88,13.9897,7000
2026-06-27 16:04:47,37,B+2.5,7823,11,False,False,False,,-0.88,14.0205,7000
2026-06-27 16:05:02,33,B+0.5,6991,9,False,False,False,,-0.88,14.023,7000
2026-06-27 16:05:15,29,B+0.5,6159,7,False,False,False,,-0.88,14.0081,7000
2026-06-27 16:05:30,33,B+0.5,6991,9,False,False,False,,-0.88,14.0102,7000
2026-06-27 16:05:44,31,B+0.5,6575,7,False,False,False,,-0.88,14.0045,7000
2026-06-27 16:05:59,31,B+0.5,6575,8,False,False,False,,-0.88,14.0172,7000
2026-06-27 16:06:13,31,B+1.5,6575,8,False,False,False,,-0.88,14.0216,7000
2026-06-27 16:06:28,33,B+0.5,6991,9,False,False,False,,-0.88,14.0373,7000
2026-06-27 16:06:42,35,B+0.5,7407,10,False,False,False,,-0.88,14.0394,7000
2026-06-27 16:06:56,29,B+0.5,6159,7,False,False,False,,-0.88,14.032,7000
2026-06-27 16:07:11,35,B+1.5,7407,10,False,False,False,,-0.88,14.0495,7000
2026-06-27 16:07:25,33,B+0.5,6991,9,False,False,False,,-0.88,14.0589,7000
2026-06-27 16:07:39,33,B+0.5,6991,9,False,False,False,,-0.88,14.0498,7000
2026-06-27 16:07:53,31,B+0.5,6575,8,False,False,False,,-0.88,14.0524,7000
2026-06-27 16:10:05,33,B+0.5,6986,9,False,False,False,,-0.88,14.0108,8000
2026-06-27 16:10:18,31,B+0.5,6570,8,False,False,False,,-0.88,14.0172,8000
2026-06-27 16:10:33,33,B+0.5,6986,9,False,False,False,,-0.88,14.0332,8000
2026-06-27 16:10:47,31,B+0.5,6570,8,False,False,False,,-0.88,14.0385,8000
2026-06-27 16:11:01,31,B+0.5,6570,8,False,False,False,,-0.88,14.0378,8000
2026-06-27 16:11:15,35,B+0.5,7402,10,False,False,False,,-0.88,14.0421,8000
2026-06-27 16:11:30,33,B+2.5,6986,9,False,False,False,,-0.88,14.0416,8000
2026-06-27 16:11:44,33,B+1.5,6986,9,False,False,False,,-0.88,14.0309,8000
2026-06-27 16:11:59,33,B+0.5,6986,9,False,False,False,,-0.88,14.0382,8000
2026-06-27 16:12:13,27,B+0.5,5738,6,False,False,False,,-0.88,14.0439,8000
2026-06-27 16:12:27,31,B+0.5,6570,8,False,False,False,,-0.88,14.0543,8000
2026-06-27 16:12:40,33,B+0.5,6986,9,True,False,False,,-0.88,14.0531,8000
2026-06-27 16:12:52,31,B+0.5,6570,8,False,False,False,,-0.88,14.0306,8000
2026-06-27 16:13:06,33,B+0.5,6986,9,False,False,False,,-0.88,14.0453,8000
2026-06-27 16:13:19,29,B+0.5,6154,7,False,False,False,,-0.88,14.0398,8000
2026-06-27 16:13:33,31,B+0.5,6570,8,False,False,False,,-0.88,14.0263,8000
2026-06-27 16:13:45,29,B+0.5,6154,7,False,False,False,,-0.88,13.9966,8000
2026-06-27 16:13:57,29,B+0.5,6154,7,False,False,False,,-0.88,13.9651,8000
2026-06-27 16:14:11,33,B+0.5,6986,9,True,False,False,,-0.88,13.9812,8000
2026-06-27 16:14:25,33,B+0.5,6986,9,False,False,False,,-0.88,13.9847,8000
2026-06-27 16:14:39,31,B+1.5,6570,8,False,False,False,,-0.88,13.9723,8000
2026-06-27 16:14:53,31,B+0.5,6570,8,True,False,False,,-0.88,13.9706,8000
2026-06-27 16:15:10,35,B+0.5,7402,10,False,False,False,,-0.88,13.9807,8000
2026-06-27 16:15:23,29,B+2.5,6154,7,False,False,False,,-0.88,13.9572,8000
2026-06-27 16:15:36,27,B+0.5,5738,6,False,False,False,,-0.88,13.9337,8000
2026-06-27 16:15:50,33,B+0.5,6986,9,False,False,False,,-0.88,13.951,8000
2026-06-27 16:16:04,33,B+1.5,6986,9,False,False,False,,-0.88,13.9525,8000
2026-06-27 16:16:20,33,B+0.5,6986,9,False,False,False,,-0.88,13.9594,8000
2026-06-27 16:16:31,29,B+0.5,6154,7,False,False,False,,-0.88,13.9067,8000
2026-06-27 16:16:44,31,B+0.5,6570,8,False,False,False,,-0.88,13.8734,8000
2026-06-27 16:16:58,29,B+0.5,6154,7,False,False,False,,-0.88,13.8613,8000
2026-06-27 16:17:12,31,B+0.5,6570,8,False,False,False,,-0.88,13.8572,8000
2026-06-27 16:17:27,33,B+0.5,6986,9,False,False,False,,-0.88,13.87,8000
2026-06-27 16:17:41,33,B+0.5,6986,9,False,False,False,,-0.88,13.8625,8000
2026-06-27 16:17:55,31,B+1.5,6570,8,False,False,False,,-0.88,13.852,8000
2026-06-27 16:18:08,29,B+0.5,6154,7,False,False,False,,-0.88,13.8309,8000
2026-06-27 16:18:23,35,B+0.5,7402,9,False,False,False,,-0.88,13.8522,8000
2026-06-27 16:18:38,33,B+0.5,6986,9,False,False,False,,-0.88,13.8578,8000
2026-06-27 16:18:51,31,B+0.5,6570,8,False,False,False,,-0.88,13.8581,8000
2026-06-27 16:19:06,33,B+1.5,6986,9,False,False,False,,-0.88,13.8751,8000
2026-06-27 16:19:18,33,B+0.5,6986,9,False,False,False,,-0.88,13.8673,8000
2026-06-27 16:19:33,33,B+0.5,6986,9,False,False,False,,-0.88,13.8797,8000
2026-06-27 16:19:47,33,B+0.5,6986,9,False,False,False,,-0.88,13.8835,8000
2026-06-27 16:20:02,35,B+0.5,7402,10,True,False,False,,-0.88,13.8897,8000
2026-06-27 16:20:15,31,B+0.5,6570,8,True,False,False,,-0.88,13.8821,8000
2026-06-27 16:20:28,31,B+0.5,6570,8,False,False,False,,-0.88,13.8895,8000
2026-06-27 16:20:42,31,B+0.5,6570,8,False,False,False,,-0.88,13.8935,8000
2026-06-27 16:20:55,29,B+0.5,6154,7,False,False,False,,-0.88,13.8884,8000
2026-06-27 16:21:09,33,B+0.5,6986,9,False,False,False,,-0.88,13.8849,8000
2026-06-27 16:21:23,33,B+0.5,6986,9,True,False,False,,-0.88,13.9055,8000
2026-06-27 16:21:37,33,B+0.5,6986,9,False,False,False,,-0.88,13.898,8000
2026-06-27 16:21:51,33,B+0.5,6986,9,False,False,False,,-0.88,13.8966,8000
2026-06-27 16:22:06,37,B+0.5,7818,10,False,False,False,,-0.88,13.9248,8000
2026-06-27 16:22:19,29,B+0.5,6154,7,False,False,False,,-0.88,13.897,8000
2026-06-27 16:22:32,29,B+0.5,6154,7,False,False,False,,-0.88,13.9052,8000
2026-06-27 16:22:44,25,B+0.5,5322,5,True,False,False,,-0.88,13.8755,8000
2026-06-27 16:22:59,33,B+0.5,6986,9,False,False,False,,-0.88,13.886,8000
2026-06-27 16:23:13,33,B+0.5,6986,9,False,False,False,,-0.88,13.8877,8000
2026-06-27 16:23:27,33,B+0.5,6986,9,False,False,False,,-0.88,13.8964,8000
2026-06-27 16:23:41,31,B+0.5,6570,8,False,False,False,,-0.88,13.8932,8000
2026-06-27 16:23:55,31,B+0.5,6570,8,False,False,False,,-0.88,13.899,8000
2026-06-27 16:24:09,31,B+1.5,6570,8,True,False,False,,-0.88,13.9093,8000
2026-06-27 16:24:23,33,B+0.5,6986,9,False,False,False,,-0.88,13.8725,8000
2026-06-27 16:24:36,33,B+0.5,6986,9,False,False,False,,-0.88,13.8569,8000
2026-06-27 16:24:51,31,B+2.5,6570,8,True,False,False,,-0.88,13.8694,8000
2026-06-27 16:25:03,35,B+0.5,7402,10,False,False,False,,-0.88,13.8445,8000
2026-06-27 16:25:16,33,B+0.5,6986,9,False,False,False,,-0.88,13.8356,8000
2026-06-27 16:25:31,35,B+1.5,7402,10,False,False,False,,-0.88,13.8525,8000
2026-06-27 16:25:44,31,B+0.5,6570,8,False,False,False,,-0.88,13.851,8000
2026-06-27 16:25:57,31,B+0.5,6570,8,False,False,False,,-0.88,13.8369,8000
2026-06-27 16:26:11,29,B+0.5,6154,7,True,False,False,,-0.88,13.8406,8000
2026-06-27 16:26:24,31,B+0.5,6570,8,False,False,False,,-0.88,13.8283,8000
2026-06-27 16:26:36,25,B+0.5,5322,5,False,False,False,,-0.88,13.8213,8000
2026-06-27 16:26:48,29,B+1.5,6154,7,False,False,False,,-0.88,13.7969,8000
2026-06-27 16:27:03,31,B+0.5,6570,8,False,False,False,,-0.88,13.8111,8000
2026-06-27 16:27:17,33,B+0.5,6986,9,False,False,False,,-0.88,13.8129,8000
2026-06-27 16:27:31,35,B+3.5,7402,10,False,False,False,,-0.88,13.7972,8000
2026-06-27 16:27:44,33,B+0.5,6986,9,False,False,False,,-0.88,13.8092,8000
2026-06-27 16:27:58,29,B+2.5,6154,7,False,False,False,,-0.88,13.8035,8000
2026-06-27 16:28:13,33,B+0.5,6986,9,False,False,False,,-0.88,13.8247,8000
2026-06-27 16:28:27,33,B+1.5,6986,9,False,False,False,,-0.88,13.8139,8000
2026-06-27 16:28:39,31,B+0.5,6570,8,False,False,False,,-0.88,13.7921,8000
2026-06-27 16:28:53,31,B+0.5,6570,8,False,False,False,,-0.88,13.7913,8000
2026-06-27 16:29:03,21,B+0.5,4490,3,False,False,False,,-0.88,13.7567,8000
2026-06-27 16:29:18,33,B+0.5,6986,9,False,False,False,,-0.88,13.7725,8000
2026-06-27 16:29:32,29,B+0.5,6154,7,False,False,False,,-0.88,13.7574,8000
2026-06-27 16:29:46,33,B+0.5,6986,9,False,False,False,,-0.88,13.7475,8000
2026-06-27 16:29:59,29,B+1.5,6154,7,False,False,False,,-0.88,13.7509,8000
2026-06-27 16:30:15,33,B+2.5,6986,9,False,False,False,,-0.88,13.7582,8000
2026-06-27 16:30:28,33,B+0.5,6986,9,False,False,False,,-0.88,13.7581,8000
2026-06-27 16:30:43,33,B+0.5,6986,8,False,False,False,,-0.88,13.7528,8000
2026-06-27 16:30:56,31,B+0.5,6570,8,False,False,False,,-0.88,13.7465,8000
2026-06-27 16:31:10,33,B+0.5,6986,9,False,False,False,,-0.88,13.7397,8000
2026-06-27 16:31:24,33,B+0.5,6986,9,False,False,False,,-0.88,13.7324,8000
2026-06-27 16:31:38,33,B+1.5,6986,9,False,False,False,,-0.88,13.7374,8000
2026-06-27 16:31:52,29,B+1.5,6154,7,False,False,False,,-0.88,13.7186,8000
2026-06-27 16:32:05,31,B+4.5,6570,8,False,False,False,,-0.88,13.7069,8000
2026-06-27 16:32:18,33,B+0.5,6986,9,False,False,False,,-0.88,13.7012,8000
2026-06-27 16:32:32,31,B+1.5,6570,8,False,False,False,,-0.88,13.7006,8000
2026-06-27 16:32:43,27,B+1.5,5738,6,False,False,False,,-0.88,13.7234,8000
2026-06-27 16:32:58,33,B+0.5,6986,9,False,False,False,,-0.88,13.7232,8000
2026-06-27 16:33:11,33,B+0.5,6986,9,False,False,False,,-0.88,13.7315,8000
2026-06-27 16:33:24,29,B+0.5,6154,7,False,False,False,,-0.88,13.708,8000
2026-06-27 16:33:37,31,B+0.5,6570,8,False,False,False,,-0.88,13.7008,8000
2026-06-27 16:33:51,31,B+1.5,6570,8,False,False,False,,-0.88,13.6985,8000
2026-06-27 16:34:04,29,B+0.5,6154,7,False,False,False,,-0.88,13.6825,8000
2026-06-27 16:34:16,31,B+2.5,6570,8,False,False,False,,-0.88,13.6581,8000
2026-06-27 16:34:29,27,B+1.5,5738,6,False,False,False,,-0.88,13.646,8000
2026-06-27 16:34:43,31,B+1.5,6570,8,False,False,False,,-0.88,13.6446,8000
2026-06-27 16:34:56,33,B+1.5,6986,9,False,False,False,,-0.88,13.6262,8000
2026-06-27 16:35:09,33,B+0.5,6986,9,False,False,False,,-0.88,13.6227,8000
2026-06-27 16:35:21,29,B+0.5,6154,6,False,False,False,,-0.88,13.6153,8000
2026-06-27 16:35:35,31,B+0.5,6570,8,False,False,False,,-0.88,13.6243,8000
2026-06-27 16:35:47,29,B+0.5,6154,7,False,False,False,,-0.88,13.603,8000
2026-06-27 16:36:00,33,B+0.5,6986,9,False,False,False,,-0.88,13.6079,8000
2026-06-27 16:36:12,29,B+0.5,6154,7,False,False,False,,-0.88,13.5951,8000
2026-06-27 16:36:26,33,B+0.5,6986,9,False,False,False,,-0.88,13.6072,8000
2026-06-27 16:36:42,33,B+0.5,6986,9,False,False,False,,-0.88,13.6466,8000
2026-06-27 16:36:55,31,B+1.5,6570,8,False,False,False,,-0.88,13.6326,8000
2026-06-27 16:37:09,33,B+0.5,6986,9,False,False,False,,-0.88,13.6377,8000
2026-06-27 16:37:22,31,B+0.5,6570,8,False,False,False,,-0.88,13.6212,8000
2026-06-27 16:37:36,33,B+0.5,6986,9,False,False,False,,-0.88,13.6284,8000
2026-06-27 16:37:51,33,B+0.5,6986,9,False,False,False,,-0.88,13.6079,8000
2026-06-27 16:38:04,31,B+1.5,6570,7,False,False,False,,-0.88,13.6089,8000
2026-06-27 16:38:17,29,B+0.5,6154,7,True,False,False,,-0.88,13.6148,8000
2026-06-27 16:38:30,27,B+0.5,5738,6,False,False,False,,-0.88,13.601,8000
2026-06-27 16:38:45,33,B+0.5,6986,9,True,False,False,,-0.88,13.6012,8000
2026-06-27 16:38:59,35,B+0.5,7402,10,False,False,False,,-0.88,13.5909,8000
2026-06-27 16:39:12,31,B+0.5,6570,8,False,False,False,,-0.88,13.6112,8000
2026-06-27 16:39:27,31,B+1.5,6570,8,False,False,False,,-0.88,13.6287,8000
2026-06-27 16:39:41,33,B+0.5,6986,9,False,False,False,,-0.88,13.6254,8000
2026-06-27 16:39:53,33,B+0.5,6986,9,False,False,False,,-0.88,13.6129,8000
2026-06-27 16:40:07,33,B+0.5,6986,9,False,False,False,,-0.88,13.6029,8000
2026-06-27 16:40:21,33,B+0.5,6986,9,False,False,False,,-0.88,13.5979,8000
2026-06-27 16:40:36,33,B+0.5,6986,9,False,False,False,,-0.88,13.605,8000
2026-06-27 16:40:48,31,B+0.5,6570,8,False,False,False,,-0.88,13.6012,8000
2026-06-27 16:41:03,33,B+0.5,6986,9,False,False,False,,-0.88,13.6016,8000
2026-06-27 16:41:20,42,B+R,8858,12,False,False,False,W,-0.88,13.6202,8000
2026-06-27 16:41:32,27,B+1.5,5738,6,False,False,False,,-0.88,13.6041,8000
2026-06-27 16:41:45,31,B+0.5,6570,8,False,False,False,,-0.88,13.591,8000
2026-06-27 16:41:59,31,B+1.5,6570,8,False,False,False,,-0.88,13.6047,8000
2026-06-27 16:42:14,31,B+0.5,6570,8,False,False,False,,-0.88,13.6087,8000
2026-06-27 16:42:29,33,B+0.5,6986,9,False,False,False,,-0.88,13.6164,8000
2026-06-27 16:42:41,25,B+0.5,5322,5,False,False,False,,-0.88,13.5904,8000
2026-06-27 16:42:56,33,B+0.5,6986,9,False,False,False,,-0.88,13.6121,8000
2026-06-27 16:43:09,31,B+1.5,6570,8,False,False,False,,-0.88,13.6045,8000
2026-06-27 16:43:23,33,B+0.5,6986,9,False,False,False,,-0.88,13.6092,8000
2026-06-27 16:43:35,27,B+0.5,5738,6,False,False,False,,-0.88,13.5993,8000
2026-06-27 16:43:48,31,B+0.5,6570,8,False,False,False,,-0.88,13.5854,8000
2026-06-27 16:44:02,33,B+0.5,6986,9,False,False,False,,-0.88,13.582,8000
2026-06-27 16:44:17,33,B+0.5,6986,9,False,False,False,,-0.88,13.5947,8000
2026-06-27 16:44:30,31,B+2.5,6570,8,False,False,False,,-0.88,13.5827,8000
2026-06-27 16:44:44,33,B+0.5,6986,9,False,False,False,,-0.88,13.5723,8000
2026-06-27 16:44:57,31,B+0.5,6570,8,False,False,False,,-0.88,13.5797,8000
2026-06-27 16:45:10,31,B+0.5,6570,8,False,False,False,,-0.88,13.5816,8000
2026-06-27 16:45:23,27,B+2.5,5738,6,False,False,False,,-0.88,13.5857,8000
2026-06-27 16:45:35,31,B+0.5,6570,8,False,False,False,,-0.88,13.5625,8000
2026-06-27 16:45:50,31,B+1.5,6570,8,False,False,False,,-0.88,13.5732,8000
2026-06-27 16:46:03,31,B+0.5,6570,8,False,False,False,,-0.88,13.5542,8000
2026-06-27 16:46:15,25,B+0.5,5322,5,False,False,False,,-0.88,13.5398,8000
2026-06-27 16:46:32,39,B+0.5,8234,11,False,False,False,,-0.88,13.5652,8000
2026-06-27 16:46:45,31,B+0.5,6570,8,False,False,False,,-0.88,13.5629,8000
2026-06-27 16:46:57,31,B+0.5,6570,8,True,False,False,,-0.88,13.5425,8000
2026-06-27 16:47:10,31,B+0.5,6570,8,False,False,False,,-0.88,13.5341,8000
2026-06-27 16:47:23,29,B+1.5,6154,7,False,False,False,,-0.88,13.521,8000
2026-06-27 16:47:35,31,B+0.5,6570,8,False,False,False,,-0.88,13.5173,8000
2026-06-27 16:47:50,33,B+0.5,6986,9,False,False,False,,-0.88,13.5343,8000
2026-06-27 16:48:05,33,B+0.5,6986,9,True,False,False,,-0.88,13.5323,8000
2026-06-27 16:48:19,33,B+0.5,6986,9,False,False,False,,-0.88,13.5501,8000
2026-06-27 16:48:33,33,B+0.5,6986,9,False,False,False,,-0.88,13.554,8000
2026-06-27 16:48:47,33,B+0.5,6986,9,False,False,False,,-0.88,13.5668,8000
2026-06-27 16:49:00,31,B+0.5,6570,8,False,False,False,,-0.88,13.5613,8000
2026-06-27 16:49:14,33,B+0.5,6986,9,False,False,False,,-0.88,13.5751,8000
2026-06-27 16:49:26,29,B+0.5,6154,7,True,False,False,,-0.88,13.5766,8000
2026-06-27 16:49:40,33,B+0.5,6986,9,False,False,False,,-0.88,13.5731,8000
2026-06-27 16:49:54,31,B+1.5,6570,8,False,False,False,,-0.88,13.563,8000
2026-06-27 16:50:08,33,B+0.5,6986,9,False,False,False,,-0.88,13.5663,8000
2026-06-27 16:50:22,33,B+0.5,6986,9,False,False,False,,-0.88,13.5735,8000
2026-06-27 16:52:41,31,B+0.5,6570,8,False,False,False,,-0.88,13.5679,9000
2026-06-27 16:52:54,31,B+0.5,6570,8,False,False,False,,-0.88,13.5539,9000
2026-06-27 16:53:09,33,B+2.5,6986,9,False,False,False,,-0.88,13.5783,9000
2026-06-27 16:53:24,33,B+0.5,6986,9,False,False,False,,-0.88,13.5958,9000
2026-06-27 16:53:39,31,B+1.5,6570,8,True,False,False,,-0.88,13.6407,9000
2026-06-27 16:53:52,29,B+1.5,6154,7,False,False,False,,-0.88,13.6153,9000
2026-06-27 16:54:06,31,B+0.5,6570,8,False,False,False,,-0.88,13.6227,9000
2026-06-27 16:54:20,35,B+2.5,7402,10,False,False,False,,-0.88,13.6274,9000
2026-06-27 16:54:35,33,B+0.5,6986,9,False,False,False,,-0.88,13.6434,9000
2026-06-27 16:54:49,31,B+0.5,6570,8,False,False,False,,-0.88,13.6252,9000
2026-06-27 16:55:03,29,B+2.5,6154,7,True,False,False,,-0.88,13.6246,9000
2026-06-27 16:55:17,31,B+0.5,6570,8,False,False,False,,-0.88,13.6234,9000
2026-06-27 16:55:30,31,B+0.5,6570,8,True,False,False,,-0.88,13.6223,9000
2026-06-27 16:55:42,25,B+0.5,5322,5,False,False,False,,-0.88,13.6028,9000
2026-06-27 16:55:57,33,B+2.5,6986,9,False,False,False,,-0.88,13.6047,9000
2026-06-27 16:56:10,31,B+0.5,6570,8,False,False,False,,-0.88,13.5945,9000
2026-06-27 16:56:22,33,B+4.5,6986,9,False,False,False,,-0.88,13.5856,9000
2026-06-27 16:56:36,33,B+0.5,6986,9,False,False,False,,-0.88,13.5994,9000
2026-06-27 16:56:49,29,B+0.5,6154,7,False,False,False,,-0.88,13.5894,9000
2026-06-27 16:57:05,33,B+0.5,6986,9,False,False,False,,-0.88,13.6182,9000
2026-06-27 16:57:21,33,B+0.5,6986,9,False,False,False,,-0.88,13.6574,9000
2026-06-27 16:57:34,31,B+1.5,6570,8,False,False,False,,-0.88,13.6458,9000
2026-06-27 16:57:48,31,B+0.5,6570,8,False,False,False,,-0.88,13.6448,9000
2026-06-27 16:58:02,33,B+0.5,6986,9,False,False,False,,-0.88,13.6563,9000
2026-06-27 16:58:16,33,B+0.5,6986,9,True,False,False,,-0.88,13.6682,9000
2026-06-27 16:58:30,33,B+0.5,6986,9,False,False,False,,-0.88,13.6697,9000
2026-06-27 16:58:44,33,B+0.5,6986,9,False,False,False,,-0.88,13.6862,9000
2026-06-27 16:58:59,31,B+0.5,6570,8,False,False,False,,-0.88,13.7067,9000
2026-06-27 16:59:13,33,B+1.5,6986,9,True,False,False,,-0.88,13.7295,9000
2026-06-27 16:59:26,31,B+0.5,6570,8,False,False,False,,-0.88,13.7094,9000
2026-06-27 16:59:38,33,B+0.5,6986,9,False,False,False,,-0.88,13.7077,9000
2026-06-27 16:59:50,29,B+0.5,6154,7,False,False,False,,-0.88,13.6969,9000
2026-06-27 17:00:04,29,B+0.5,6154,7,False,False,False,,-0.88,13.7032,9000
2026-06-27 17:00:16,31,B+0.5,6570,8,False,False,False,,-0.88,13.6908,9000
2026-06-27 17:00:30,29,B+1.5,6154,7,False,False,False,,-0.88,13.7145,9000
2026-06-27 17:00:42,27,B+0.5,5738,6,False,False,False,,-0.88,13.7059,9000
2026-06-27 17:00:55,25,B+0.5,5322,5,False,False,False,,-0.88,13.7078,9000
2026-06-27 17:01:09,33,B+0.5,6986,9,False,False,False,,-0.88,13.7088,9000
2026-06-27 17:01:22,29,B+1.5,6154,7,False,False,False,,-0.88,13.6885,9000
2026-06-27 17:01:37,33,B+0.5,6986,9,False,False,False,,-0.88,13.6987,9000
2026-06-27 17:01:53,35,B+0.5,7402,10,False,False,False,,-0.88,13.7168,9000
2026-06-27 17:02:05,29,B+0.5,6154,7,False,False,False,,-0.88,13.7206,9000
2026-06-27 17:02:18,29,B+1.5,6154,7,False,False,False,,-0.88,13.7005,9000
2026-06-27 17:02:32,29,B+1.5,6154,7,False,False,False,,-0.88,13.6982,9000
2026-06-27 17:02:44,31,B+0.5,6570,8,False,False,False,,-0.88,13.6852,9000
2026-06-27 17:02:57,29,B+1.5,6154,7,False,False,False,,-0.88,13.6809,9000
2026-06-27 17:03:12,35,B+4.5,7402,9,False,False,False,,-0.88,13.6978,9000
2026-06-27 17:03:26,33,B+0.5,6986,9,False,False,False,,-0.88,13.6948,9000
2026-06-27 17:03:40,35,B+0.5,7402,9,False,False,False,,-0.88,13.6925,9000
2026-06-27 17:03:54,31,B+1.5,6570,8,False,False,False,,-0.88,13.6965,9000
2026-06-27 17:04:07,33,B+0.5,6986,9,True,False,False,,-0.88,13.6809,9000
2026-06-27 17:04:21,31,B+1.5,6570,8,False,False,False,,-0.88,13.6794,9000
2026-06-27 17:04:34,33,B+1.5,6986,8,False,False,False,,-0.88,13.6921,9000
2026-06-27 17:04:47,32,B+2.5,6778,8,False,False,False,,-0.88,13.6767,9000
2026-06-27 17:05:00,33,B+0.5,6986,9,False,False,False,,-0.88,13.6754,9000
2026-06-27 17:05:14,31,B+3.5,6570,8,False,False,False,,-0.88,13.6633,9000
2026-06-27 17:05:28,31,B+0.5,6570,8,False,False,False,,-0.88,13.6781,9000
2026-06-27 17:05:41,33,B+1.5,6986,9,False,False,False,,-0.88,13.6612,9000
2026-06-27 17:05:55,31,B+0.5,6570,8,False,False,False,,-0.88,13.6319,9000
2026-06-27 17:06:08,29,B+0.5,6154,7,False,False,False,,-0.88,13.646,9000
2026-06-27 17:06:22,29,B+1.5,6154,7,False,False,False,,-0.88,13.6546,9000
2026-06-27 17:06:36,33,B+0.5,6986,9,False,False,False,,-0.88,13.6532,9000
2026-06-27 17:06:48,29,B+0.5,6154,7,False,False,False,,-0.88,13.6197,9000
2026-06-27 17:07:02,31,B+0.5,6570,8,False,False,False,,-0.88,13.6177,9000
2026-06-27 17:07:15,33,B+1.5,6986,9,False,False,False,,-0.88,13.6277,9000
2026-06-27 17:07:29,31,B+0.5,6570,8,False,False,False,,-0.88,13.6086,9000
2026-06-27 17:07:42,31,B+0.5,6570,8,False,False,False,,-0.88,13.6123,9000
2026-06-27 17:07:53,31,B+0.5,6570,8,False,False,False,,-0.88,13.5897,9000
2026-06-27 17:08:06,31,B+1.5,6570,8,False,False,False,,-0.88,13.5887,9000
2026-06-27 17:08:20,31,B+0.5,6570,8,False,False,False,,-0.88,13.6064,9000
2026-06-27 17:08:32,25,B+0.5,5322,5,False,False,False,,-0.88,13.5818,9000
2026-06-27 17:08:44,27,B+0.5,5738,6,False,False,False,,-0.88,13.5564,9000
2026-06-27 17:08:57,31,B+0.5,6570,8,False,False,False,,-0.88,13.5594,9000
2026-06-27 17:09:10,29,B+2.5,6154,7,False,False,False,,-0.88,13.547,9000
2026-06-27 17:09:21,27,B+0.5,5738,6,False,False,False,,-0.88,13.5262,9000
2026-06-27 17:09:34,31,B+0.5,6570,8,False,False,False,,-0.88,13.5224,9000
2026-06-27 17:09:47,33,B+0.5,6986,9,False,False,False,,-0.88,13.5204,9000
2026-06-27 17:10:01,33,B+0.5,6986,9,False,False,False,,-0.88,13.5364,9000
2026-06-27 17:10:12,29,B+1.5,6154,7,False,False,False,,-0.88,13.5047,9000
2026-06-27 17:10:27,29,B+1.5,6154,7,False,False,False,,-0.88,13.5237,9000
2026-06-27 17:10:38,25,B+4.5,5322,5,False,False,False,,-0.88,13.5136,9000
2026-06-27 17:10:55,35,B+1.5,7402,7,False,False,False,,-0.88,13.511,9000
2026-06-27 17:11:08,31,B+0.5,6570,8,False,False,False,,-0.88,13.5135,9000
2026-06-27 17:11:22,31,B+0.5,6570,8,False,False,False,,-0.88,13.5309,9000
2026-06-27 17:11:38,31,B+1.5,6570,8,False,False,False,,-0.88,13.5575,9000
2026-06-27 17:11:52,33,B+0.5,6986,9,False,False,False,,-0.88,13.5776,9000
2026-06-27 17:12:05,33,B+1.5,6986,9,False,False,False,,-0.88,13.5834,9000
2026-06-27 17:12:18,31,B+1.5,6570,8,False,False,False,,-0.88,13.5593,9000
2026-06-27 17:12:31,33,B+0.5,6986,9,False,False,False,,-0.88,13.5476,9000
2026-06-27 17:12:46,33,B+0.5,6986,9,False,False,False,,-0.88,13.5467,9000
2026-06-27 17:12:59,31,B+1.5,6570,8,False,False,False,,-0.88,13.5403,9000
2026-06-27 17:13:12,27,B+1.5,5738,6,False,False,False,,-0.88,13.5263,9000
2026-06-27 17:13:26,33,B+0.5,6986,9,False,False,False,,-0.88,13.5406,9000
2026-06-27 17:13:40,31,B+0.5,6570,8,False,False,False,,-0.88,13.5505,9000
2026-06-27 17:13:55,31,B+1.5,6570,8,False,False,False,,-0.88,13.5705,9000
2026-06-27 17:14:07,29,B+0.5,6154,7,False,False,False,,-0.88,13.5543,9000
2026-06-27 17:14:20,31,B+0.5,6570,8,False,False,False,,-0.88,13.5506,9000
2026-06-27 17:14:33,35,B+1.5,7402,10,False,False,False,,-0.88,13.5402,9000
2026-06-27 17:14:46,31,B+0.5,6570,8,True,False,False,,-0.88,13.5304,9000
2026-06-27 17:14:59,29,B+2.5,6154,7,False,False,False,,-0.88,13.5166,9000
2026-06-27 17:15:13,31,B+2.5,6570,8,False,False,False,,-0.88,13.5169,9000
2026-06-27 17:15:28,37,B+1.5,7818,11,False,False,False,,-0.88,13.5342,9000
2026-06-27 17:15:40,31,B+0.5,6570,8,False,False,False,,-0.88,13.5105,9000
2026-06-27 17:15:55,33,B+0.5,6986,9,True,False,False,,-0.88,13.5119,9000
2026-06-27 17:16:09,35,B+1.5,7402,10,False,False,False,,-0.88,13.5009,9000
2026-06-27 17:16:22,29,B+1.5,6154,7,False,False,False,,-0.88,13.499,9000
2026-06-27 17:16:35,31,B+0.5,6570,8,False,False,False,,-0.88,13.4927,9000
2026-06-27 17:16:51,33,B+0.5,6986,8,False,False,False,,-0.88,13.5064,9000
2026-06-27 17:17:04,31,B+0.5,6570,8,True,False,False,,-0.88,13.4816,9000
2026-06-27 17:17:17,33,B+0.5,6986,9,False,False,False,,-0.88,13.4815,9000
2026-06-27 17:17:31,37,B+0.5,7818,11,False,False,False,,-0.88,13.4834,9000
2026-06-27 17:17:44,31,B+1.5,6570,8,False,False,False,,-0.88,13.4741,9000
2026-06-27 17:17:56,29,B+0.5,6154,7,False,False,False,,-0.88,13.4571,9000
2026-06-27 17:18:09,29,B+0.5,6154,7,False,False,False,,-0.88,13.4594,9000
2026-06-27 17:18:23,33,B+0.5,6986,9,False,False,False,,-0.88,13.4572,9000
2026-06-27 17:18:36,33,B+0.5,6986,9,False,False,False,,-0.88,13.4673,9000
2026-06-27 17:18:49,31,B+0.5,6570,8,False,False,False,,-0.88,13.4722,9000
2026-06-27 17:19:02,31,B+1.5,6570,8,False,False,False,,-0.88,13.455,9000
2026-06-27 17:19:16,33,B+0.5,6986,9,False,False,False,,-0.88,13.4695,9000
2026-06-27 17:19:30,29,B+0.5,6154,7,False,False,False,,-0.88,13.4428,9000
2026-06-27 17:19:44,33,B+0.5,6986,9,False,False,False,,-0.88,13.4274,9000
2026-06-27 17:19:56,29,B+0.5,6154,7,True,False,False,,-0.88,13.4183,9000
2026-06-27 17:20:07,27,B+2.5,5738,6,False,False,False,,-0.88,13.3953,9000
2026-06-27 17:20:21,33,B+0.5,6986,9,False,False,False,,-0.88,13.395,9000
2026-06-27 17:20:36,35,B+0.5,7402,10,False,False,False,,-0.88,13.4044,9000
2026-06-27 17:20:50,33,B+0.5,6986,9,False,False,False,,-0.88,13.4011,9000
2026-06-27 17:21:05,31,B+3.5,6570,5,False,False,False,,-0.88,13.4044,9000
2026-06-27 17:21:18,31,B+0.5,6570,8,False,False,False,,-0.88,13.3866,9000
2026-06-27 17:21:31,31,B+1.5,6570,8,False,False,False,,-0.88,13.3761,9000
2026-06-27 17:21:44,31,B+0.5,6570,8,False,False,False,,-0.88,13.3795,9000
2026-06-27 17:21:57,27,B+0.5,5738,6,False,False,False,,-0.88,13.387,9000
2026-06-27 17:22:10,31,B+0.5,6570,8,False,False,False,,-0.88,13.3938,9000
2026-06-27 17:22:24,31,B+0.5,6570,8,False,False,False,,-0.88,13.3982,9000
2026-06-27 17:22:36,31,B+0.5,6570,8,False,False,False,,-0.88,13.4053,9000
2026-06-27 17:22:50,31,B+0.5,6570,8,False,False,False,,-0.88,13.3994,9000
2026-06-27 17:23:04,31,B+0.5,6570,8,False,False,False,,-0.88,13.4137,9000
2026-06-27 17:23:18,33,B+0.5,6986,9,False,False,False,,-0.88,13.4276,9000
2026-06-27 17:23:32,33,B+2.5,6986,9,False,False,False,,-0.88,13.4315,9000
2026-06-27 17:23:47,37,B+1.5,7818,10,False,False,False,,-0.88,13.4467,9000
2026-06-27 17:24:01,33,B+0.5,6986,9,False,False,False,,-0.88,13.4458,9000
2026-06-27 17:24:15,33,B+4.5,6986,9,False,False,False,,-0.88,13.423,9000
2026-06-27 17:24:29,33,B+0.5,6986,9,False,False,False,,-0.88,13.4339,9000
2026-06-27 17:24:43,31,B+0.5,6570,8,False,False,False,,-0.88,13.4441,9000
2026-06-27 17:24:56,29,B+0.5,6154,7,False,False,False,,-0.88,13.4396,9000
2026-06-27 17:25:09,31,B+1.5,6570,8,False,False,False,,-0.88,13.446,9000
2026-06-27 17:25:23,31,B+0.5,6570,8,False,False,False,,-0.88,13.4591,9000
2026-06-27 17:25:36,31,B+0.5,6570,8,False,False,False,,-0.88,13.442,9000
2026-06-27 17:25:49,31,B+0.5,6570,8,False,False,False,,-0.88,13.4285,9000
2026-06-27 17:26:03,33,B+0.5,6986,9,False,False,False,,-0.88,13.4284,9000
2026-06-27 17:26:15,27,B+0.5,5738,6,False,False,False,,-0.88,13.4128,9000
2026-06-27 17:26:29,33,B+0.5,6986,9,False,False,False,,-0.88,13.415,9000
2026-06-27 17:26:40,31,B+0.5,6570,8,False,False,False,,-0.88,13.3975,9000
2026-06-27 17:26:54,31,B+0.5,6570,8,False,False,False,,-0.88,13.394,9000
2026-06-27 17:27:07,31,B+0.5,6570,8,False,False,False,,-0.88,13.3978,9000
2026-06-27 17:27:21,33,B+0.5,6986,9,True,False,False,,-0.88,13.4033,9000
2026-06-27 17:27:35,31,B+0.5,6570,8,True,False,False,,-0.88,13.4121,9000
2026-06-27 17:27:49,33,B+0.5,6986,9,False,False,False,,-0.88,13.4108,9000
2026-06-27 17:28:01,29,B+1.5,6154,7,False,False,False,,-0.88,13.3997,9000
2026-06-27 17:28:15,31,B+1.5,6570,8,False,False,False,,-0.88,13.4051,9000
2026-06-27 17:28:29,31,B+0.5,6570,8,False,False,False,,-0.88,13.4109,9000
2026-06-27 17:28:43,31,B+1.5,6570,8,False,False,False,,-0.88,13.406,9000
2026-06-27 17:28:58,33,B+2.5,6986,9,False,False,False,,-0.88,13.4168,9000
2026-06-27 17:29:12,33,B+2.5,6986,9,False,False,False,,-0.88,13.4385,9000
2026-06-27 17:29:25,33,B+0.5,6986,9,False,False,False,,-0.88,13.4272,9000
2026-06-27 17:29:38,33,B+0.5,6986,9,False,False,False,,-0.88,13.4273,9000
2026-06-27 17:29:52,31,B+0.5,6570,8,False,False,False,,-0.88,13.4301,9000
2026-06-27 17:30:04,31,B+0.5,6570,8,False,False,False,,-0.88,13.4231,9000
2026-06-27 17:30:17,31,B+0.5,6570,8,False,False,False,,-0.88,13.4314,9000
2026-06-27 17:30:29,29,B+0.5,6154,7,False,False,False,,-0.88,13.4331,9000
2026-06-27 17:30:43,31,B+0.5,6570,8,False,False,False,,-0.88,13.4302,9000
2026-06-27 17:30:57,33,B+1.5,6986,9,False,False,False,,-0.88,13.4522,9000
2026-06-27 17:31:09,31,B+2.5,6570,8,False,False,False,,-0.88,13.4514,9000
2026-06-27 17:31:23,31,B+0.5,6570,8,False,False,False,,-0.88,13.459,9000
2026-06-27 17:31:39,33,B+0.5,6986,9,True,False,False,,-0.88,13.4819,9000
2026-06-27 17:31:53,33,B+0.5,6986,9,True,False,False,,-0.88,13.5127,9000
2026-06-27 17:32:06,33,B+0.5,6986,9,False,False,False,,-0.88,13.5126,9000
2026-06-27 17:32:18,29,B+1.5,6154,7,False,False,False,,-0.88,13.5144,9000
2026-06-27 17:32:34,35,B+1.5,7402,10,False,False,False,,-0.88,13.5281,9000
2026-06-27 17:32:49,31,B+0.5,6570,8,False,False,False,,-0.88,13.564,9000
2026-06-27 17:33:02,31,B+0.5,6570,8,False,False,False,,-0.88,13.5445,9000
2026-06-27 17:35:20,33,B+0.5,6978,9,False,False,False,,-0.88,13.5487,10000
2026-06-27 17:35:35,31,B+1.5,6562,8,False,False,False,,-0.88,13.5525,10000
2026-06-27 17:35:47,31,B+1.5,6562,8,False,False,False,,-0.88,13.5444,10000
2026-06-27 17:36:01,33,B+0.5,6978,9,False,False,False,,-0.88,13.5287,10000
2026-06-27 17:36:16,33,B+4.5,6978,9,False,False,False,,-0.88,13.5284,10000
2026-06-27 17:36:28,31,B+0.5,6562,8,False,False,False,,-0.88,13.5216,10000
2026-06-27 17:36:43,33,B+0.5,6978,9,False,False,False,,-0.88,13.5454,10000
2026-06-27 17:36:57,31,B+1.5,6562,8,False,False,False,,-0.88,13.547,10000
2026-06-27 17:37:13,37,B+3.5,7810,10,False,False,False,,-0.88,13.5672,10000
2026-06-27 17:37:30,35,B+0.5,7394,8,False,False,False,,-0.88,13.6012,10000
2026-06-27 17:37:47,39,B+0.5,8226,11,False,False,False,,-0.88,13.6488,10000
2026-06-27 17:38:02,33,B+0.5,6978,9,False,False,False,,-0.88,13.6485,10000
2026-06-27 17:38:16,33,B+0.5,6978,9,True,False,False,,-0.88,13.6505,10000
2026-06-27 17:38:30,31,B+0.5,6562,8,False,False,False,,-0.88,13.643,10000
2026-06-27 17:38:43,33,B+2.5,6978,9,False,False,False,,-0.88,13.6536,10000
2026-06-27 17:38:59,33,B+0.5,6978,9,False,False,False,,-0.88,13.6745,10000
2026-06-27 17:39:13,29,B+0.5,6146,7,False,False,False,,-0.88,13.683,10000
2026-06-27 17:39:27,35,B+5.5,7394,10,True,False,False,,-0.88,13.6966,10000
2026-06-27 17:39:41,29,B+0.5,6146,7,False,False,False,,-0.88,13.7113,10000
2026-06-27 17:39:57,33,B+0.5,6978,9,False,False,False,,-0.88,13.7293,10000
2026-06-27 17:40:12,31,B+3.5,6562,8,False,False,False,,-0.88,13.7305,10000
2026-06-27 17:40:25,31,B+0.5,6562,8,False,False,False,,-0.88,13.7465,10000
2026-06-27 17:40:40,33,B+0.5,6978,9,False,False,False,,-0.88,13.7426,10000
2026-06-27 17:40:55,33,B+0.5,6978,9,False,False,False,,-0.88,13.7519,10000
2026-06-27 17:41:09,31,B+0.5,6562,8,True,False,False,,-0.88,13.7662,10000
2026-06-27 17:41:23,29,B+0.5,6146,6,False,False,False,,-0.88,13.7651,10000
2026-06-27 17:41:38,33,B+0.5,6978,9,False,False,False,,-0.88,13.7596,10000
2026-06-27 17:41:51,33,B+0.5,6978,9,False,False,False,,-0.88,13.765,10000
2026-06-27 17:42:04,31,B+0.5,6562,8,True,False,False,,-0.88,13.7596,10000
2026-06-27 17:42:17,31,B+0.5,6562,8,True,False,False,,-0.88,13.7452,10000
2026-06-27 17:42:31,29,B+0.5,6146,7,False,False,False,,-0.88,13.7554,10000
2026-06-27 17:42:44,31,B+0.5,6562,8,False,False,False,,-0.88,13.777,10000
2026-06-27 17:42:59,33,B+0.5,6978,9,False,False,False,,-0.88,13.7956,10000
2026-06-27 17:43:12,31,B+1.5,6562,8,False,False,False,,-0.88,13.7833,10000
2026-06-27 17:43:25,33,B+0.5,6978,9,False,False,False,,-0.88,13.7784,10000
2026-06-27 17:43:37,29,B+0.5,6146,7,False,False,False,,-0.88,13.7662,10000
2026-06-27 17:43:50,33,B+2.5,6978,9,False,False,False,,-0.88,13.7762,10000
2026-06-27 17:44:04,31,B+0.5,6562,8,False,False,False,,-0.88,13.7711,10000
2026-06-27 17:44:20,41,B+1.5,8642,13,False,False,False,,-0.88,13.7969,10000
2026-06-27 17:44:34,33,B+2.5,6978,9,False,False,False,,-0.88,13.7946,10000
2026-06-27 17:44:48,33,B+0.5,6978,9,False,False,False,,-0.88,13.8165,10000
2026-06-27 17:45:01,33,B+0.5,6978,9,False,False,False,,-0.88,13.8312,10000
2026-06-27 17:45:16,33,B+0.5,6978,9,False,False,False,,-0.88,13.836,10000
2026-06-27 17:45:29,33,B+1.5,6978,9,False,False,False,,-0.88,13.8208,10000
2026-06-27 17:45:41,29,B+0.5,6146,7,False,False,False,,-0.88,13.8023,10000
2026-06-27 17:45:57,35,B+1.5,7394,10,False,False,False,,-0.88,13.8099,10000
2026-06-27 17:46:10,31,B+1.5,6562,8,True,False,False,,-0.88,13.8146,10000
2026-06-27 17:46:25,35,B+0.5,7394,9,False,False,False,,-0.88,13.8356,10000
2026-06-27 17:46:38,29,B+0.5,6146,7,False,False,False,,-0.88,13.8357,10000
2026-06-27 17:46:51,31,B+0.5,6562,8,False,False,False,,-0.88,13.8262,10000
2026-06-27 17:47:07,35,B+3.5,7394,9,False,False,False,,-0.88,13.8587,10000
2026-06-27 17:47:21,33,B+0.5,6978,9,False,False,False,,-0.88,13.8659,10000
2026-06-27 17:47:35,33,B+0.5,6978,9,False,False,False,,-0.88,13.8744,10000
2026-06-27 17:47:50,33,B+0.5,6978,9,False,False,False,,-0.88,13.8875,10000
2026-06-27 17:48:03,29,B+0.5,6146,7,False,False,False,,-0.88,13.8867,10000
2026-06-27 17:48:17,35,B+0.5,7394,9,False,False,False,,-0.88,13.8894,10000
2026-06-27 17:48:30,29,B+1.5,6146,7,False,False,False,,-0.88,13.878,10000
2026-06-27 17:48:45,33,B+0.5,6978,9,False,False,False,,-0.88,13.8686,10000
2026-06-27 17:48:58,31,B+1.5,6562,8,False,False,False,,-0.88,13.8577,10000
2026-06-27 17:49:12,33,B+0.5,6978,9,False,False,False,,-0.88,13.8561,10000
2026-06-27 17:49:23,29,B+0.5,6146,7,False,False,False,,-0.88,13.8358,10000
2026-06-27 17:49:37,33,B+0.5,6978,9,False,False,False,,-0.88,13.8353,10000
2026-06-27 17:49:52,33,B+2.5,6978,9,False,False,False,,-0.88,13.8485,10000
2026-06-27 17:50:05,29,B+0.5,6146,7,False,False,False,,-0.88,13.848,10000
2026-06-27 17:50:19,33,B+1.5,6978,9,True,False,False,,-0.88,13.8464,10000
2026-06-27 17:50:32,27,B+0.5,5730,6,False,False,False,,-0.88,13.8534,10000
2026-06-27 17:50:45,33,B+1.5,6978,9,False,False,False,,-0.88,13.8557,10000
2026-06-27 17:51:02,37,B+0.5,7810,9,False,False,False,,-0.88,13.8864,10000
2026-06-27 17:51:15,31,B+1.5,6562,8,False,False,False,,-0.88,13.8887,10000
2026-06-27 17:51:29,33,B+0.5,6978,9,False,False,False,,-0.88,13.8957,10000
2026-06-27 17:51:43,33,B+2.5,6978,9,False,False,False,,-0.88,13.9171,10000
2026-06-27 17:51:57,33,B+0.5,6978,9,False,False,False,,-0.88,13.9266,10000
2026-06-27 17:52:12,35,B+1.5,7394,10,False,False,False,,-0.88,13.9484,10000
2026-06-27 17:52:27,31,B+1.5,6562,8,True,False,False,,-0.88,13.9549,10000
2026-06-27 17:52:39,31,B+0.5,6562,8,False,False,False,,-0.88,13.9361,10000
2026-06-27 17:52:54,33,B+0.5,6978,9,False,False,False,,-0.88,13.9437,10000
2026-06-27 17:53:09,33,B+0.5,6978,9,False,False,False,,-0.88,13.9667,10000
2026-06-27 17:53:25,33,B+0.5,6978,9,False,False,False,,-0.88,13.9847,10000
2026-06-27 17:53:38,33,B+0.5,6978,9,False,False,False,,-0.88,13.976,10000
2026-06-27 17:53:51,33,B+1.5,6978,9,False,False,False,,-0.88,13.978,10000
2026-06-27 17:54:04,31,B+0.5,6562,8,False,False,False,,-0.88,13.9578,10000
2026-06-27 17:54:18,35,B+0.5,7394,10,False,False,False,,-0.88,13.9483,10000
2026-06-27 17:54:31,33,B+0.5,6978,9,True,False,False,,-0.88,13.9472,10000
2026-06-27 17:54:44,33,B+0.5,6978,9,False,False,False,,-0.88,13.9467,10000
2026-06-27 17:54:59,35,B+0.5,7394,9,False,False,False,,-0.88,13.9661,10000
2026-06-27 17:55:13,33,B+0.5,6978,9,False,False,False,,-0.88,13.979,10000
2026-06-27 17:55:26,31,B+1.5,6562,8,False,False,False,,-0.88,13.9873,10000
2026-06-27 17:55:40,35,B+2.5,7394,10,False,False,False,,-0.88,14.0015,10000
2026-06-27 17:55:52,31,B+0.5,6562,8,True,False,False,,-0.88,13.9839,10000
2026-06-27 17:56:05,31,B+5.5,6562,8,False,False,False,,-0.88,13.9769,10000
2026-06-27 17:56:19,29,B+1.5,6146,7,False,False,False,,-0.88,13.9926,10000
2026-06-27 17:56:31,31,B+1.5,6562,8,False,False,False,,-0.88,13.9709,10000
2026-06-27 17:56:45,33,B+0.5,6978,9,False,False,False,,-0.88,13.9545,10000
2026-06-27 17:56:59,33,B+0.5,6978,9,False,False,False,,-0.88,13.9589,10000
2026-06-27 17:57:14,37,B+5.5,7810,10,True,False,False,,-0.88,13.976,10000
2026-06-27 17:57:26,25,B+0.5,5314,5,False,False,False,,-0.88,13.9728,10000
2026-06-27 17:57:40,29,B+0.5,6146,7,False,False,False,,-0.88,13.952,10000
2026-06-27 17:57:55,35,B+1.5,7394,10,False,False,False,,-0.88,13.9483,10000
2026-06-27 17:58:08,33,B+0.5,6978,9,False,False,False,,-0.88,13.9597,10000
2026-06-27 17:58:22,33,B+0.5,6978,9,False,False,False,,-0.88,13.9533,10000
2026-06-27 17:58:37,33,B+0.5,6978,9,False,False,False,,-0.88,13.9695,10000
2026-06-27 17:58:52,33,B+1.5,6978,9,False,False,False,,-0.88,13.973,10000
2026-06-27 17:59:06,33,B+0.5,6978,9,False,False,False,,-0.88,13.9834,10000
2026-06-27 17:59:19,31,B+0.5,6562,7,False,False,False,,-0.88,13.9805,10000
2026-06-27 17:59:31,33,B+0.5,6978,9,False,False,False,,-0.88,13.9514,10000
2026-06-27 17:59:43,31,B+0.5,6562,8,True,False,False,,-0.88,13.9451,10000
2026-06-27 17:59:57,33,B+0.5,6978,9,False,False,False,,-0.88,13.9356,10000
2026-06-27 18:00:11,33,B+0.5,6978,9,False,False,False,,-0.88,13.9439,10000
2026-06-27 18:00:25,31,B+0.5,6562,8,False,False,False,,-0.88,13.9145,10000
2026-06-27 18:00:38,33,B+0.5,6978,9,True,False,False,,-0.88,13.8875,10000
2026-06-27 18:00:53,35,B+2.5,7394,9,False,False,False,,-0.88,13.8535,10000
2026-06-27 18:01:06,31,B+0.5,6562,8,False,False,False,,-0.88,13.8409,10000
2026-06-27 18:01:21,33,B+0.5,6978,9,True,False,False,,-0.88,13.841,10000
2026-06-27 18:01:34,33,B+0.5,6978,9,False,False,False,,-0.88,13.8411,10000
2026-06-27 18:01:48,33,B+0.5,6978,9,False,False,False,,-0.88,13.8486,10000
2026-06-27 18:02:02,33,B+0.5,6978,9,False,False,False,,-0.88,13.8351,10000
2026-06-27 18:02:16,33,B+0.5,6978,9,False,False,False,,-0.88,13.8293,10000
2026-06-27 18:02:28,33,B+0.5,6978,9,False,False,False,,-0.88,13.8143,10000
2026-06-27 18:02:42,31,B+0.5,6562,8,False,False,False,,-0.88,13.8024,10000
2026-06-27 18:02:54,31,B+1.5,6562,8,False,False,False,,-0.88,13.767,10000
2026-06-27 18:03:07,33,B+0.5,6978,9,False,False,False,,-0.88,13.7509,10000
2026-06-27 18:03:21,33,B+2.5,6978,9,False,False,False,,-0.88,13.7586,10000
2026-06-27 18:03:34,31,B+0.5,6562,8,False,False,False,,-0.88,13.7336,10000
2026-06-27 18:03:48,33,B+1.5,6978,9,False,False,False,,-0.88,13.7282,10000
2026-06-27 18:04:01,33,B+0.5,6978,9,False,False,False,,-0.88,13.7195,10000
2026-06-27 18:04:14,31,B+1.5,6562,8,False,False,False,,-0.88,13.7108,10000
2026-06-27 18:04:29,33,B+0.5,6978,9,True,False,False,,-0.88,13.7056,10000
2026-06-27 18:04:42,33,B+1.5,6978,9,False,False,False,,-0.88,13.7121,10000
2026-06-27 18:04:56,33,B+0.5,6978,9,False,False,False,,-0.88,13.7236,10000
2026-06-27 18:05:09,33,B+0.5,6978,9,False,False,False,,-0.88,13.728,10000
2026-06-27 18:05:23,33,B+0.5,6978,9,True,False,False,,-0.88,13.7244,10000
2026-06-27 18:05:35,27,B+0.5,5730,6,False,False,False,,-0.88,13.7005,10000
2026-06-27 18:05:48,31,B+0.5,6562,8,False,False,False,,-0.88,13.6849,10000
2026-06-27 18:06:02,29,B+2.5,6146,7,False,False,False,,-0.88,13.7001,10000
2026-06-27 18:06:14,29,B+0.5,6146,7,False,False,False,,-0.88,13.6862,10000
2026-06-27 18:06:27,31,B+0.5,6562,8,False,False,False,,-0.88,13.7009,10000
2026-06-27 18:06:41,31,B+1.5,6562,8,False,False,False,,-0.88,13.7014,10000
2026-06-27 18:06:54,33,B+0.5,6978,9,False,False,False,,-0.88,13.6997,10000
2026-06-27 18:07:08,31,B+0.5,6562,8,False,False,False,,-0.88,13.676,10000
2026-06-27 18:07:23,33,B+2.5,6978,9,False,False,False,,-0.88,13.6857,10000
2026-06-27 18:07:34,25,B+0.5,5314,5,False,False,False,,-0.88,13.6521,10000
2026-06-27 18:07:48,35,B+0.5,7394,10,False,False,False,,-0.88,13.6648,10000
2026-06-27 18:08:03,35,B+1.5,7394,10,False,False,False,,-0.88,13.6715,10000
2026-06-27 18:08:14,25,B+0.5,5314,5,False,False,False,,-0.88,13.6513,10000
2026-06-27 18:08:28,31,B+0.5,6562,8,False,False,False,,-0.88,13.6668,10000
2026-06-27 18:08:43,35,B+0.5,7394,10,False,False,False,,-0.88,13.6598,10000
2026-06-27 18:08:57,31,B+0.5,6562,8,False,False,False,,-0.88,13.6691,10000
2026-06-27 18:09:12,33,B+0.5,6978,9,False,False,False,,-0.88,13.6658,10000
2026-06-27 18:09:26,31,B+0.5,6562,8,False,False,False,,-0.88,13.6749,10000
2026-06-27 18:09:40,33,B+0.5,6978,9,False,False,False,,-0.88,13.6944,10000
2026-06-27 18:09:54,35,B+3.5,7394,10,False,False,False,,-0.88,13.6761,10000
2026-06-27 18:10:10,35,B+0.5,7394,9,False,False,False,,-0.88,13.6911,10000
2026-06-27 18:10:24,33,B+0.5,6978,9,False,False,False,,-0.88,13.6915,10000
2026-06-27 18:10:39,31,B+0.5,6562,8,True,False,False,,-0.88,13.6903,10000
2026-06-27 18:10:53,33,B+0.5,6978,9,False,False,False,,-0.88,13.6969,10000
2026-06-27 18:11:09,33,B+0.5,6978,9,False,False,False,,-0.88,13.7142,10000
2026-06-27 18:11:21,29,B+0.5,6146,7,False,False,False,,-0.88,13.7088,10000
2026-06-27 18:11:34,29,B+0.5,6146,7,False,False,False,,-0.88,13.6934,10000
2026-06-27 18:11:47,33,B+0.5,6978,9,True,False,False,,-0.88,13.6929,10000
2026-06-27 18:12:00,29,B+0.5,6146,7,False,False,False,,-0.88,13.6786,10000
2026-06-27 18:12:13,33,B+0.5,6978,9,False,False,False,,-0.88,13.6971,10000
2026-06-27 18:12:27,33,B+0.5,6978,9,False,False,False,,-0.88,13.7005,10000
2026-06-27 18:12:41,31,B+0.5,6562,8,False,False,False,,-0.88,13.6874,10000
2026-06-27 18:12:52,29,B+0.5,6146,7,False,False,False,,-0.88,13.6734,10000
2026-06-27 18:13:07,31,B+0.5,6562,8,False,False,False,,-0.88,13.6818,10000
2026-06-27 18:13:19,29,B+2.5,6146,7,False,False,False,,-0.88,13.6641,10000
2026-06-27 18:13:32,33,B+0.5,6978,9,False,False,False,,-0.88,13.6649,10000
2026-06-27 18:13:46,33,B+1.5,6978,9,False,False,False,,-0.88,13.6336,10000
2026-06-27 18:14:01,33,B+0.5,6978,9,False,False,False,,-0.88,13.6558,10000
2026-06-27 18:14:16,33,B+0.5,6978,9,False,False,False,,-0.88,13.6694,10000
2026-06-27 18:14:31,35,B+0.5,7394,9,False,False,False,,-0.88,13.6812,10000
2026-06-27 18:14:45,33,B+0.5,6978,9,False,False,False,,-0.88,13.6715,10000
2026-06-27 18:14:59,29,B+0.5,6146,7,False,False,False,,-0.88,13.6596,10000
2026-06-27 18:15:11,33,B+0.5,6978,9,False,False,False,,-0.88,13.6375,10000
2026-06-27 18:15:23,31,B+0.5,6562,8,False,False,False,,-0.88,13.639,10000
2026-06-27 18:15:36,31,B+0.5,6562,8,True,False,False,,-0.88,13.6181,10000
2026-06-27 18:15:49,31,B+0.5,6562,8,False,False,False,,-0.88,13.6026,10000
2026-06-27 18:16:03,33,B+0.5,6978,9,False,False,False,,-0.88,13.5819,10000
2026-06-27 18:18:05,31,B+0.5,6564,8,False,False,False,,-0.88,13.5128,11000
2026-06-27 18:18:18,29,B+0.5,6148,7,False,False,False,,-0.88,13.5122,11000
2026-06-27 18:18:34,33,B+0.5,6980,9,False,False,False,,-0.88,13.5353,11000
2026-06-27 18:18:49,33,B+0.5,6980,9,False,False,False,,-0.88,13.5511,11000
2026-06-27 18:19:03,29,B+2.5,6148,7,False,False,False,,-0.88,13.5598,11000
2026-06-27 18:19:14,25,B+2.5,5316,5,False,False,False,,-0.88,13.5182,11000
2026-06-27 18:19:28,33,B+0.5,6980,9,False,False,False,,-0.88,13.5265,11000
2026-06-27 18:19:43,33,B+0.5,6980,9,False,False,False,,-0.88,13.5442,11000
2026-06-27 18:19:58,35,B+2.5,7396,10,False,False,False,,-0.88,13.5516,11000
2026-06-27 18:20:12,33,B+0.5,6980,9,False,False,False,,-0.88,13.567,11000
2026-06-27 18:20:27,35,B+2.5,7396,10,False,False,False,,-0.88,13.5845,11000
2026-06-27 18:20:40,25,B+0.5,5316,5,False,False,False,,-0.88,13.5747,11000
2026-06-27 18:20:55,33,B+1.5,6980,9,False,False,False,,-0.88,13.606,11000
2026-06-27 18:21:08,33,B+2.5,6980,9,False,False,False,,-0.88,13.6027,11000
2026-06-27 18:21:22,33,B+0.5,6980,9,False,False,False,,-0.88,13.6046,11000
2026-06-27 18:21:37,31,B+1.5,6564,8,True,False,False,,-0.88,13.5958,11000
2026-06-27 18:21:51,31,B+0.5,6564,8,False,False,False,,-0.88,13.6169,11000
2026-06-27 18:22:06,33,B+2.5,6980,9,False,False,False,,-0.88,13.6321,11000
2026-06-27 18:22:19,33,B+0.5,6980,9,False,False,False,,-0.88,13.614,11000
2026-06-27 18:22:32,33,B+0.5,6980,9,False,False,False,,-0.88,13.6034,11000
2026-06-27 18:22:47,29,B+0.5,6148,7,False,False,False,,-0.88,13.6161,11000
2026-06-27 18:23:00,31,B+1.5,6564,8,True,False,False,,-0.88,13.599,11000
2026-06-27 18:23:15,35,B+1.5,7396,10,False,False,False,,-0.88,13.6016,11000
2026-06-27 18:23:30,33,B+0.5,6980,9,False,False,False,,-0.88,13.6141,11000
2026-06-27 18:23:43,33,B+1.5,6980,9,False,False,False,,-0.88,13.6067,11000
2026-06-27 18:23:58,33,B+1.5,6980,9,True,False,False,,-0.88,13.6342,11000
2026-06-27 18:24:12,35,B+1.5,7396,10,False,False,False,,-0.88,13.657,11000
2026-06-27 18:24:28,35,B+1.5,7396,10,False,False,False,,-0.88,13.6819,11000
2026-06-27 18:24:41,33,B+1.5,6980,9,False,False,False,,-0.88,13.6749,11000
2026-06-27 18:24:56,37,B+2.5,7812,11,False,False,False,,-0.88,13.6844,11000
2026-06-27 18:25:08,29,B+0.5,6148,7,False,False,False,,-0.88,13.6679,11000
2026-06-27 18:25:20,29,B+0.5,6148,7,False,False,False,,-0.88,13.647,11000
2026-06-27 18:25:36,33,B+1.5,6980,9,False,False,False,,-0.88,13.668,11000
2026-06-27 18:25:50,33,B+0.5,6980,9,False,False,False,,-0.88,13.663,11000
2026-06-27 18:26:04,33,B+0.5,6980,9,False,False,False,,-0.88,13.6675,11000
2026-06-27 18:26:18,33,B+1.5,6980,9,False,False,False,,-0.88,13.6662,11000
2026-06-27 18:26:33,33,B+0.5,6980,9,False,False,False,,-0.88,13.6787,11000
2026-06-27 18:26:48,35,B+1.5,7396,10,False,False,False,,-0.88,13.6935,11000
2026-06-27 18:27:02,35,B+1.5,7396,10,False,False,False,,-0.88,13.711,11000
2026-06-27 18:27:18,35,B+5.5,7396,9,False,False,False,,-0.88,13.7332,11000
2026-06-27 18:27:32,31,B+0.5,6564,8,False,False,False,,-0.88,13.7527,11000
2026-06-27 18:27:46,35,B+2.5,7396,10,False,False,False,,-0.88,13.761,11000
2026-06-27 18:27:59,35,B+1.5,7396,10,False,False,False,,-0.88,13.7432,11000
2026-06-27 18:28:13,31,B+0.5,6564,8,False,False,False,,-0.88,13.7629,11000
2026-06-27 18:28:26,33,B+1.5,6980,9,False,False,False,,-0.88,13.7542,11000
2026-06-27 18:28:40,35,B+1.5,7396,10,False,False,False,,-0.88,13.7637,11000
2026-06-27 18:28:54,31,B+0.5,6564,8,False,False,False,,-0.88,13.7767,11000
2026-06-27 18:29:10,33,B+0.5,6980,9,False,False,False,,-0.88,13.783,11000
2026-06-27 18:29:23,33,B+0.5,6980,9,False,False,False,,-0.88,13.7791,11000
2026-06-27 18:29:38,37,B+2.5,7812,11,False,False,False,,-0.88,13.7908,11000
2026-06-27 18:29:51,33,B+0.5,6980,9,False,False,False,,-0.88,13.7893,11000
2026-06-27 18:30:06,33,B+1.5,6980,9,False,False,False,,-0.88,13.7965,11000
2026-06-27 18:30:20,33,B+2.5,6980,9,False,False,False,,-0.88,13.8304,11000
2026-06-27 18:30:35,37,B+1.5,7812,11,False,False,False,,-0.88,13.8497,11000
2026-06-27 18:30:50,33,B+0.5,6980,9,True,False,False,,-0.88,13.8552,11000
2026-06-27 18:31:04,33,B+0.5,6980,9,False,False,False,,-0.88,13.8785,11000
2026-06-27 18:31:19,33,B+1.5,6980,9,False,False,False,,-0.88,13.8967,11000
2026-06-27 18:31:34,33,B+0.5,6980,9,False,False,False,,-0.88,13.9005,11000
2026-06-27 18:31:48,33,B+1.5,6980,9,False,False,False,,-0.88,13.9093,11000
2026-06-27 18:32:05,37,B+2.5,7812,11,False,False,False,,-0.88,13.9371,11000
2026-06-27 18:32:21,37,B+0.5,7812,9,False,False,False,,-0.88,13.9573,11000
2026-06-27 18:32:35,33,B+0.5,6980,9,False,False,False,,-0.88,13.9904,11000
2026-06-27 18:32:49,33,B+0.5,6980,9,False,False,False,,-0.88,13.9848,11000
2026-06-27 18:33:02,33,B+2.5,6980,9,False,False,False,,-0.88,13.9616,11000
2026-06-27 18:33:14,33,B+2.5,6980,9,False,False,False,,-0.88,13.9681,11000
2026-06-27 18:33:27,31,B+1.5,6564,8,False,False,False,,-0.88,13.961,11000
2026-06-27 18:33:41,31,B+1.5,6564,8,False,False,False,,-0.88,13.9496,11000
2026-06-27 18:33:56,33,B+1.5,6980,9,False,False,False,,-0.88,13.9615,11000
2026-06-27 18:34:08,25,B+0.5,5316,5,True,False,False,,-0.88,13.929,11000
2026-06-27 18:34:21,31,B+1.5,6564,8,False,False,False,,-0.88,13.9217,11000
2026-06-27 18:34:34,31,B+0.5,6564,8,False,False,False,,-0.88,13.9072,11000
2026-06-27 18:34:48,33,B+0.5,6980,9,False,False,False,,-0.88,13.9106,11000
2026-06-27 18:35:03,33,B+0.5,6980,9,False,False,False,,-0.88,13.8964,11000
2026-06-27 18:35:17,33,B+0.5,6980,9,False,False,False,,-0.88,13.8992,11000
2026-06-27 18:35:31,33,B+1.5,6980,9,False,False,False,,-0.88,13.8934,11000
2026-06-27 18:35:45,35,B+0.5,7396,10,False,False,False,,-0.88,13.8866,11000
2026-06-27 18:35:58,33,B+0.5,6980,9,False,False,False,,-0.88,13.8632,11000
2026-06-27 18:36:11,31,B+0.5,6564,8,False,False,False,,-0.88,13.8657,11000
2026-06-27 18:36:24,31,B+2.5,6564,8,False,False,False,,-0.88,13.8665,11000
2026-06-27 18:36:36,33,B+0.5,6980,9,True,False,False,,-0.88,13.8641,11000
2026-06-27 18:36:50,33,B+1.5,6980,9,False,False,False,,-0.88,13.873,11000
2026-06-27 18:37:02,33,B+1.5,6980,9,False,False,False,,-0.88,13.8573,11000
2026-06-27 18:37:16,33,B+1.5,6980,9,False,False,False,,-0.88,13.8571,11000
2026-06-27 18:37:29,31,B+3.5,6564,8,False,False,False,,-0.88,13.8581,11000
2026-06-27 18:37:43,31,B+1.5,6564,8,False,False,False,,-0.88,13.8823,11000
2026-06-27 18:37:57,35,B+2.5,7396,10,False,False,False,,-0.88,13.8727,11000
2026-06-27 18:38:12,33,B+1.5,6980,9,False,False,False,,-0.88,13.8991,11000
2026-06-27 18:38:25,33,B+0.5,6980,9,False,False,False,,-0.88,13.9022,11000
2026-06-27 18:38:39,33,B+0.5,6980,9,False,False,False,,-0.88,13.904,11000
2026-06-27 18:38:53,33,B+0.5,6980,9,False,False,False,,-0.88,13.897,11000
2026-06-27 18:39:07,33,B+0.5,6980,9,False,False,False,,-0.88,13.8751,11000
2026-06-27 18:39:20,33,B+0.5,6980,9,False,False,False,,-0.88,13.859,11000
2026-06-27 18:39:34,35,B+2.5,7396,10,False,False,False,,-0.88,13.8681,11000
2026-06-27 18:39:48,33,B+1.5,6980,9,False,False,False,,-0.88,13.8627,11000
2026-06-27 18:40:03,33,B+1.5,6980,9,False,False,False,,-0.88,13.8911,11000
2026-06-27 18:40:17,35,B+1.5,7396,10,False,False,False,,-0.88,13.9119,11000
2026-06-27 18:40:32,31,B+1.5,6564,8,False,False,False,,-0.88,13.9248,11000
2026-06-27 18:40:49,35,B+2.5,7396,10,False,False,False,,-0.88,13.9645,11000
2026-06-27 18:41:03,35,B+3.5,7396,10,False,False,False,,-0.88,13.9707,11000
2026-06-27 18:41:16,33,B+1.5,6980,9,False,False,False,,-0.88,14.0242,11000
2026-06-27 18:41:29,31,B+5.5,6564,8,False,False,False,,-0.88,14.0346,11000
2026-06-27 18:41:43,33,B+0.5,6980,9,False,False,False,,-0.88,14.046,11000
2026-06-27 18:41:57,31,B+0.5,6564,8,False,False,False,,-0.88,14.024,11000
2026-06-27 18:42:09,29,B+0.5,6148,7,True,False,False,,-0.88,13.9993,11000
2026-06-27 18:42:22,31,B+0.5,6564,8,False,False,False,,-0.88,13.9939,11000
2026-06-27 18:42:34,31,B+1.5,6564,8,False,False,False,,-0.88,14.0049,11000
2026-06-27 18:42:49,35,B+2.5,7396,10,False,False,False,,-0.88,14.003,11000
2026-06-27 18:43:03,33,B+0.5,6980,9,True,False,False,,-0.88,13.9984,11000
2026-06-27 18:43:17,31,B+1.5,6564,8,False,False,False,,-0.88,13.9826,11000
2026-06-27 18:43:28,27,B+0.5,5732,6,False,False,False,,-0.88,13.9644,11000
2026-06-27 18:43:43,33,B+3.5,6980,9,False,False,False,,-0.88,13.9598,11000
2026-06-27 18:43:58,35,B+0.5,7396,10,False,False,False,,-0.88,13.9779,11000
2026-06-27 18:44:10,29,B+0.5,6148,7,False,False,False,,-0.88,13.9574,11000
2026-06-27 18:44:24,33,B+2.5,6980,9,False,False,False,,-0.88,13.9589,11000
2026-06-27 18:44:38,31,B+0.5,6564,8,False,False,False,,-0.88,13.9518,11000
2026-06-27 18:44:52,31,B+0.5,6564,8,False,False,False,,-0.88,13.9522,11000
2026-06-27 18:45:05,31,B+0.5,6564,8,False,False,False,,-0.88,13.9365,11000
2026-06-27 18:45:20,37,B+1.5,7812,11,False,False,False,,-0.88,13.941,11000
2026-06-27 18:45:33,33,B+1.5,6980,9,False,False,False,,-0.88,13.9404,11000
2026-06-27 18:45:47,33,B+2.5,6980,9,False,False,False,,-0.88,13.9526,11000
2026-06-27 18:46:01,29,B+1.5,6148,7,False,False,False,,-0.88,13.9407,11000
2026-06-27 18:46:13,29,B+1.5,6148,7,False,False,False,,-0.88,13.9267,11000
2026-06-27 18:46:26,31,B+1.5,6564,8,False,False,False,,-0.88,13.9143,11000
2026-06-27 18:46:41,33,B+0.5,6980,9,True,False,False,,-0.88,13.907,11000
2026-06-27 18:46:55,35,B+1.5,7396,10,False,False,False,,-0.88,13.923,11000
2026-06-27 18:47:10,35,B+2.5,7396,10,False,False,False,,-0.88,13.9229,11000
2026-06-27 18:47:24,31,B+1.5,6564,8,False,False,False,,-0.88,13.9228,11000
2026-06-27 18:47:36,31,B+1.5,6564,8,False,False,False,,-0.88,13.8834,11000
2026-06-27 18:47:49,31,B+0.5,6564,8,False,False,False,,-0.88,13.8734,11000
2026-06-27 18:48:02,33,B+0.5,6980,9,False,False,False,,-0.88,13.8609,11000
2026-06-27 18:48:14,33,B+4.5,6980,9,True,False,False,,-0.88,13.8589,11000
2026-06-27 18:48:28,33,B+0.5,6980,9,False,False,False,,-0.88,13.8717,11000
2026-06-27 18:48:41,31,B+0.5,6564,8,True,False,False,,-0.88,13.8509,11000
2026-06-27 18:48:56,35,B+1.5,7396,10,False,False,False,,-0.88,13.8579,11000
2026-06-27 18:49:08,25,B+0.5,5316,5,False,False,False,,-0.88,13.8411,11000
2026-06-27 18:49:21,31,B+0.5,6564,8,False,False,False,,-0.88,13.8347,11000
2026-06-27 18:49:35,33,B+1.5,6980,9,False,False,False,,-0.88,13.824,11000
2026-06-27 18:49:48,31,B+0.5,6564,8,False,False,False,,-0.88,13.8049,11000
2026-06-27 18:50:03,33,B+0.5,6980,9,False,False,False,,-0.88,13.8058,11000
2026-06-27 18:50:15,25,B+1.5,5316,5,False,False,False,,-0.88,13.7725,11000
2026-06-27 18:50:29,35,B+2.5,7396,10,False,False,False,,-0.88,13.7729,11000
2026-06-27 18:50:43,31,B+0.5,6564,8,False,False,False,,-0.88,13.772,11000
2026-06-27 18:50:58,33,B+2.5,6980,9,False,False,False,,-0.88,13.7919,11000
2026-06-27 18:51:11,33,B+0.5,6980,9,False,False,False,,-0.88,13.776,11000
2026-06-27 18:51:22,31,B+0.5,6564,8,True,False,False,,-0.88,13.7594,11000
2026-06-27 18:51:36,33,B+1.5,6980,9,False,False,False,,-0.88,13.7596,11000
2026-06-27 18:51:50,33,B+0.5,6980,9,False,False,False,,-0.88,13.7527,11000
2026-06-27 18:52:06,35,B+1.5,7396,10,False,False,False,,-0.88,13.7645,11000
2026-06-27 18:52:21,31,B+0.5,6564,8,False,False,False,,-0.88,13.7819,11000
2026-06-27 18:52:34,31,B+1.5,6564,8,False,False,False,,-0.88,13.7606,11000
2026-06-27 18:52:48,33,B+1.5,6980,9,True,False,False,,-0.88,13.7628,11000
2026-06-27 18:53:01,31,B+1.5,6564,8,False,False,False,,-0.88,13.7519,11000
2026-06-27 18:53:16,33,B+0.5,6980,9,False,False,False,,-0.88,13.7554,11000
2026-06-27 18:53:31,35,B+2.5,7396,10,False,False,False,,-0.88,13.7516,11000
2026-06-27 18:53:43,29,B+1.5,6148,7,True,False,False,,-0.88,13.7233,11000
2026-06-27 18:53:56,31,B+4.5,6564,8,False,False,False,,-0.88,13.712,11000
2026-06-27 18:54:10,29,B+0.5,6148,7,False,False,False,,-0.88,13.7072,11000
2026-06-27 18:54:24,33,B+1.5,6980,9,False,False,False,,-0.88,13.7019,11000
2026-06-27 18:54:38,33,B+0.5,6980,8,False,False,False,,-0.88,13.7008,11000
2026-06-27 18:54:52,33,B+0.5,6980,9,False,False,False,,-0.88,13.6752,11000
2026-06-27 18:55:07,33,B+0.5,6980,9,True,False,False,,-0.88,13.6566,11000
2026-06-27 18:55:22,35,B+1.5,7396,10,True,False,False,,-0.88,13.66,11000
2026-06-27 18:55:34,35,B+2.5,7396,10,False,False,False,,-0.88,13.6473,11000
2026-06-27 18:55:47,33,B+1.5,6980,9,False,False,False,,-0.88,13.6487,11000
2026-06-27 18:56:01,29,B+2.5,6148,7,False,False,False,,-0.88,13.6638,11000
2026-06-27 18:56:15,33,B+0.5,6980,9,False,False,False,,-0.88,13.6736,11000
2026-06-27 18:56:29,35,B+1.5,7396,10,False,False,False,,-0.88,13.683,11000
2026-06-27 18:56:43,35,B+1.5,7396,10,False,False,False,,-0.88,13.6755,11000
2026-06-27 18:56:59,33,B+0.5,6980,9,False,False,False,,-0.88,13.7113,11000
2026-06-27 18:57:13,33,B+0.5,6980,9,False,False,False,,-0.88,13.7137,11000
2026-06-27 18:57:27,33,B+1.5,6980,9,False,False,False,,-0.88,13.7265,11000
2026-06-27 18:57:41,35,B+1.5,7396,10,False,False,False,,-0.88,13.7302,11000
2026-06-27 18:57:56,33,B+0.5,6980,9,False,False,False,,-0.88,13.7377,11000
2026-06-27 18:58:10,29,B+2.5,6148,7,False,False,False,,-0.88,13.7275,11000
2026-06-27 18:58:22,31,B+0.5,6564,8,False,False,False,,-0.88,13.7075,11000
2026-06-27 18:58:35,33,B+2.5,6980,9,False,False,False,,-0.88,13.7002,11000
2026-06-27 18:58:47,25,B+0.5,5316,5,False,False,False,,-0.88,13.6873,11000
2026-06-27 18:59:00,31,B+0.5,6564,8,False,False,False,,-0.88,13.6947,11000
2026-06-27 19:01:18,31,B+0.5,6574,8,False,False,False,,-0.88,13.7059,12000
2026-06-27 19:01:33,35,B+0.5,7406,10,False,False,False,,-0.88,13.7257,12000
2026-06-27 19:01:46,31,B+1.5,6574,8,False,False,False,,-0.88,13.7335,12000
2026-06-27 19:02:00,33,B+0.5,6990,9,False,False,False,,-0.88,13.7344,12000
2026-06-27 19:02:14,31,B+1.5,6574,8,False,False,False,,-0.88,13.7438,12000
2026-06-27 19:02:28,31,B+1.5,6574,8,False,False,False,,-0.88,13.7359,12000
2026-06-27 19:02:41,31,B+0.5,6574,8,False,False,False,,-0.88,13.7379,12000
2026-06-27 19:02:57,31,B+0.5,6574,8,False,False,False,,-0.88,13.748,12000
2026-06-27 19:03:11,29,B+0.5,6158,7,False,False,False,,-0.88,13.7562,12000
2026-06-27 19:03:25,31,B+0.5,6574,8,False,False,False,,-0.88,13.7511,12000
2026-06-27 19:03:38,33,B+0.5,6990,9,True,False,False,,-0.88,13.7411,12000
2026-06-27 19:03:52,33,B+0.5,6990,9,False,False,False,,-0.88,13.7473,12000
2026-06-27 19:04:05,31,B+0.5,6574,8,False,False,False,,-0.88,13.7477,12000
2026-06-27 19:04:19,35,B+1.5,7406,10,True,False,False,,-0.88,13.7432,12000
2026-06-27 19:04:33,31,B+0.5,6574,8,False,False,False,,-0.88,13.7479,12000
2026-06-27 19:04:48,35,B+0.5,7406,9,False,False,False,,-0.88,13.7448,12000
2026-06-27 19:05:00,31,B+0.5,6574,8,False,False,False,,-0.88,13.7221,12000
2026-06-27 19:05:14,33,B+0.5,6990,9,True,False,False,,-0.88,13.7204,12000
2026-06-27 19:05:27,33,B+0.5,6990,9,False,False,False,,-0.88,13.6768,12000
2026-06-27 19:05:41,35,B+2.5,7406,10,False,False,False,,-0.88,13.6787,12000
2026-06-27 19:05:53,31,B+0.5,6574,8,False,False,False,,-0.88,13.6664,12000
2026-06-27 19:06:09,35,B+1.5,7406,9,False,False,False,,-0.88,13.69,12000
2026-06-27 19:06:23,35,B+1.5,7406,10,False,False,False,,-0.88,13.6959,12000
2026-06-27 19:06:36,31,B+2.5,6574,8,False,False,False,,-0.88,13.6888,12000
2026-06-27 19:07:31,130,B+R,27166,19,False,False,False,W,-0.88,14.1128,12000
2026-06-27 19:07:43,31,B+0.5,6574,8,False,False,False,,-0.88,14.1042,12000
2026-06-27 19:07:56,31,B+0.5,6574,8,True,False,False,,-0.88,14.1085,12000
2026-06-27 19:08:11,33,B+1.5,6990,9,False,False,False,,-0.88,14.1204,12000
2026-06-27 19:08:24,31,B+0.5,6574,8,True,False,False,,-0.88,14.0977,12000
2026-06-27 19:08:39,35,B+0.5,7406,10,False,False,False,,-0.88,14.1187,12000
2026-06-27 19:08:54,33,B+1.5,6990,9,False,False,False,,-0.88,14.1459,12000
2026-06-27 19:09:08,33,B+1.5,6990,9,False,False,False,,-0.88,14.1414,12000
2026-06-27 19:09:21,33,B+0.5,6990,9,False,False,False,,-0.88,14.1319,12000
2026-06-27 19:09:37,35,B+3.5,7406,10,False,False,False,,-0.88,14.1545,12000
2026-06-27 19:09:49,31,B+1.5,6574,8,False,False,False,,-0.88,14.1498,12000
2026-06-27 19:10:04,33,B+0.5,6990,9,True,False,False,,-0.88,14.1575,12000
2026-06-27 19:10:18,33,B+0.5,6990,9,True,False,False,,-0.88,14.1515,12000
2026-06-27 19:10:32,33,B+2.5,6990,9,False,False,False,,-0.88,14.1691,12000
2026-06-27 19:10:47,33,B+4.5,6990,9,False,False,False,,-0.88,14.1647,12000
2026-06-27 19:11:01,31,B+2.5,6574,8,False,False,False,,-0.88,14.173,12000
2026-06-27 19:11:16,31,B+1.5,6574,8,False,False,False,,-0.88,14.1807,12000
2026-06-27 19:11:29,33,B+1.5,6990,9,False,False,False,,-0.88,14.1748,12000
2026-06-27 19:11:42,29,B+0.5,6158,7,False,False,False,,-0.88,14.1857,12000
2026-06-27 19:11:56,31,B+0.5,6574,8,False,False,False,,-0.88,14.1869,12000
2026-06-27 19:12:09,31,B+1.5,6574,8,False,False,False,,-0.88,14.1722,12000
2026-06-27 19:12:22,31,B+0.5,6574,8,False,False,False,,-0.88,14.1592,12000
2026-06-27 19:12:41,42,B+R,8862,8,False,False,False,W,-0.88,14.2041,12000
2026-06-27 19:12:55,29,B+0.5,6158,7,False,False,False,,-0.88,14.1995,12000
2026-06-27 19:13:07,31,B+0.5,6574,8,False,False,False,,-0.88,14.2051,12000
2026-06-27 19:13:22,33,B+1.5,6990,8,False,False,False,,-0.88,14.2279,12000
2026-06-27 19:13:36,35,B+1.5,7406,10,False,False,False,,-0.88,14.2293,12000
2026-06-27 19:13:50,33,B+1.5,6990,9,False,False,False,,-0.88,14.2533,12000
2026-06-27 19:14:03,31,B+0.5,6574,8,False,False,False,,-0.88,14.2439,12000
2026-06-27 19:14:18,33,B+1.5,6990,9,True,False,False,,-0.88,14.2649,12000
2026-06-27 19:14:33,29,B+0.5,6158,7,False,False,False,,-0.88,14.2639,12000
2026-06-27 19:14:47,31,B+0.5,6574,8,False,False,False,,-0.88,14.2827,12000
2026-06-27 19:15:01,33,B+1.5,6990,9,False,False,False,,-0.88,14.287,12000
2026-06-27 19:15:15,33,B+0.5,6990,9,False,False,False,,-0.88,14.2912,12000
2026-06-27 19:15:29,33,B+0.5,6990,9,False,False,False,,-0.88,14.3027,12000
2026-06-27 19:15:43,33,B+0.5,6990,9,False,False,False,,-0.88,14.2893,12000
2026-06-27 19:15:57,35,B+3.5,7406,10,False,False,False,,-0.88,14.3129,12000
2026-06-27 19:16:10,33,B+1.5,6990,9,False,False,False,,-0.88,14.3023,12000
2026-06-27 19:16:24,33,B+0.5,6990,9,False,False,False,,-0.88,14.3058,12000
2026-06-27 19:16:37,33,B+1.5,6990,9,False,False,False,,-0.88,14.2874,12000
2026-06-27 19:16:50,33,B+1.5,6990,9,False,False,False,,-0.88,14.2851,12000
2026-06-27 19:17:03,29,B+0.5,6158,7,False,False,False,,-0.88,14.3019,12000
2026-06-27 19:17:17,31,B+1.5,6574,8,False,False,False,,-0.88,14.2968,12000
2026-06-27 19:17:32,29,B+0.5,6158,7,False,False,False,,-0.88,14.3119,12000
2026-06-27 19:17:44,29,B+0.5,6158,7,False,False,False,,-0.88,14.2675,12000
2026-06-27 19:17:56,33,B+0.5,6990,9,False,False,False,,-0.88,14.2461,12000
2026-06-27 19:18:11,31,B+0.5,6574,8,False,False,False,,-0.88,14.2541,12000
2026-06-27 19:18:24,33,B+2.5,6990,9,False,False,False,,-0.88,14.2562,12000
2026-06-27 19:18:39,31,B+1.5,6574,8,False,False,False,,-0.88,14.2716,12000
2026-06-27 19:18:52,29,B+1.5,6158,7,False,False,False,,-0.88,14.255,12000
2026-06-27 19:19:04,33,B+2.5,6990,9,False,False,False,,-0.88,14.2277,12000
2026-06-27 19:19:16,31,B+4.5,6574,8,False,False,False,,-0.88,14.225,12000
2026-06-27 19:19:31,33,B+0.5,6990,9,False,False,False,,-0.88,14.2424,12000
2026-06-27 19:19:46,33,B+0.5,6990,9,False,False,False,,-0.88,14.2525,12000
2026-06-27 19:20:01,33,B+1.5,6990,9,False,False,False,,-0.88,14.2632,12000
2026-06-27 19:20:15,29,B+0.5,6158,7,False,False,False,,-0.88,14.26,12000
2026-06-27 19:20:28,31,B+0.5,6574,8,False,False,False,,-0.88,14.2558,12000
2026-06-27 19:20:42,33,B+0.5,6990,9,False,False,False,,-0.88,14.241,12000
2026-06-27 19:20:54,27,B+0.5,5742,6,False,False,False,,-0.88,14.2139,12000
2026-06-27 19:21:07,35,B+1.5,7406,10,False,False,False,,-0.88,14.2239,12000
2026-06-27 19:21:20,31,B+0.5,6574,8,False,False,False,,-0.88,14.2266,12000
2026-06-27 19:21:33,31,B+2.5,6574,8,False,False,False,,-0.88,14.2149,12000
2026-06-27 19:21:47,35,B+1.5,7406,10,False,False,False,,-0.88,14.2182,12000
2026-06-27 19:22:01,35,B+0.5,7406,10,False,False,False,,-0.88,14.2122,12000
2026-06-27 19:22:16,33,B+0.5,6990,9,False,False,False,,-0.88,14.2147,12000
2026-06-27 19:22:29,33,B+2.5,6990,9,True,False,False,,-0.88,14.1907,12000
2026-06-27 19:22:43,35,B+1.5,7406,10,False,False,False,,-0.88,14.1977,12000
2026-06-27 19:22:57,33,B+2.5,6990,9,True,False,False,,-0.88,14.1975,12000
2026-06-27 19:23:10,31,B+1.5,6574,8,False,False,False,,-0.88,14.1795,12000
2026-06-27 19:23:23,31,B+0.5,6574,8,False,False,False,,-0.88,14.1585,12000
2026-06-27 19:23:38,33,B+1.5,6990,9,False,False,False,,-0.88,14.1744,12000
2026-06-27 19:23:52,33,B+2.5,6990,9,False,False,False,,-0.88,14.1968,12000
2026-06-27 19:24:04,27,B+0.5,5742,6,True,False,False,,-0.88,14.1874,12000
2026-06-27 19:24:18,33,B+3.5,6990,9,False,False,False,,-0.88,14.2038,12000
2026-06-27 19:24:34,35,B+1.5,7406,10,False,False,False,,-0.88,14.225,12000
2026-06-27 19:24:47,31,B+0.5,6574,8,False,False,False,,-0.88,14.2211,12000
2026-06-27 19:25:01,35,B+0.5,7406,10,True,False,False,,-0.88,14.2356,12000
2026-06-27 19:25:16,33,B+0.5,6990,9,False,False,False,,-0.88,14.2262,12000
2026-06-27 19:25:29,31,B+3.5,6574,8,False,False,False,,-0.88,14.235,12000
2026-06-27 19:25:43,35,B+1.5,7406,10,False,False,False,,-0.88,14.2344,12000
2026-06-27 19:25:58,33,B+0.5,6990,9,False,False,False,,-0.88,14.2335,12000
2026-06-27 19:26:12,31,B+2.5,6574,8,True,False,False,,-0.88,14.2437,12000
2026-06-27 19:26:24,29,B+0.5,6158,7,True,False,False,,-0.88,14.2296,12000
2026-06-27 19:26:39,31,B+0.5,6574,7,False,False,False,,-0.88,14.2147,12000
2026-06-27 19:26:52,31,B+1.5,6574,8,False,False,False,,-0.88,14.209,12000
2026-06-27 19:27:06,29,B+0.5,6158,7,False,False,False,,-0.88,14.2123,12000
2026-06-27 19:27:20,33,B+0.5,6990,9,True,False,False,,-0.88,14.2239,12000
2026-06-27 19:27:34,29,B+0.5,6158,7,False,False,False,,-0.88,14.2139,12000
2026-06-27 19:27:47,31,B+0.5,6574,8,False,False,False,,-0.88,14.2195,12000
2026-06-27 19:28:01,37,B+2.5,7822,11,False,False,False,,-0.88,14.2165,12000
2026-06-27 19:28:16,33,B+0.5,6990,9,False,False,False,,-0.88,14.226,12000
2026-06-27 19:28:31,39,B+4.5,8238,12,False,False,False,,-0.88,14.2269,12000
2026-06-27 19:28:44,33,B+2.5,6990,9,False,False,False,,-0.88,14.2338,12000
2026-06-27 19:28:57,29,B+0.5,6158,7,False,False,False,,-0.88,14.2282,12000
2026-06-27 19:29:09,29,B+0.5,6158,7,False,False,False,,-0.88,14.2245,12000
2026-06-27 19:29:22,33,B+3.5,6990,9,False,False,False,,-0.88,14.2032,12000
2026-06-27 19:29:34,31,B+1.5,6574,8,False,False,False,,-0.88,14.2077,12000
2026-06-27 19:29:47,31,B+0.5,6574,8,False,False,False,,-0.88,14.1838,12000
2026-06-27 19:30:00,33,B+0.5,6990,9,False,False,False,,-0.88,14.1654,12000
2026-06-27 19:30:13,31,B+0.5,6574,8,False,False,False,,-0.88,14.1677,12000
2026-06-27 19:30:26,33,B+2.5,6990,9,False,False,False,,-0.88,13.7551,12000
2026-06-27 19:30:38,31,B+0.5,6574,8,False,False,False,,-0.88,13.7455,12000
2026-06-27 19:30:52,31,B+0.5,6574,8,False,False,False,,-0.88,13.7622,12000
2026-06-27 19:31:05,27,B+1.5,5742,6,False,False,False,,-0.88,13.7335,12000
2026-06-27 19:31:19,33,B+0.5,6990,9,False,False,False,,-0.88,13.7464,12000
2026-06-27 19:31:33,33,B+0.5,6990,9,False,False,False,,-0.88,13.7414,12000
2026-06-27 19:31:46,31,B+0.5,6574,8,False,False,False,,-0.88,13.7221,12000
2026-06-27 19:32:00,33,B+1.5,6990,9,False,False,False,,-0.88,13.7218,12000
2026-06-27 19:32:14,33,B+2.5,6990,9,False,False,False,,-0.88,13.7202,12000
2026-06-27 19:32:29,33,B+0.5,6990,9,False,False,False,,-0.88,13.7219,12000
2026-06-27 19:32:42,33,B+0.5,6990,9,False,False,False,,-0.88,13.7256,12000
2026-06-27 19:32:58,33,B+0.5,6990,9,False,False,False,,-0.88,13.7337,12000
2026-06-27 19:33:10,31,B+2.5,6574,8,False,False,False,,-0.88,13.7225,12000
2026-06-27 19:33:23,33,B+0.5,6990,9,True,False,False,,-0.88,13.7121,12000
2026-06-27 19:33:38,33,B+0.5,6990,9,False,False,False,,-0.88,13.7118,12000
2026-06-27 19:33:51,25,B+1.5,5326,5,False,False,False,,-0.88,13.7018,12000
2026-06-27 19:34:06,33,B+1.5,6990,9,False,False,False,,-0.88,13.7043,12000
2026-06-27 19:34:19,29,B+2.5,6158,7,False,False,False,,-0.88,13.7005,12000
2026-06-27 19:34:33,29,B+0.5,6158,7,False,False,False,,-0.88,13.705,12000
2026-06-27 19:34:44,29,B+0.5,6158,7,False,False,False,,-0.88,13.6841,12000
2026-06-27 19:34:59,33,B+0.5,6990,9,False,False,False,,-0.88,13.6992,12000
2026-06-27 19:35:12,33,B+0.5,6990,9,False,False,False,,-0.88,13.697,12000
2026-06-27 19:35:27,35,B+1.5,7406,10,False,False,False,,-0.88,13.6611,12000
2026-06-27 19:35:43,39,B+3.5,8238,12,False,False,False,,-0.88,13.6859,12000
2026-06-27 19:35:57,35,B+0.5,7406,9,False,False,False,,-0.88,13.6992,12000
2026-06-27 19:36:11,31,B+0.5,6574,8,False,False,False,,-0.88,13.6845,12000
2026-06-27 19:36:26,33,B+1.5,6990,9,True,False,False,,-0.88,13.7045,12000
2026-06-27 19:36:42,35,B+0.5,7406,10,False,False,False,,-0.88,13.7214,12000
2026-06-27 19:36:57,35,B+1.5,7406,10,False,False,False,,-0.88,13.7451,12000
2026-06-27 19:37:10,29,B+0.5,6158,7,False,False,False,,-0.88,13.7167,12000
2026-06-27 19:37:23,29,B+0.5,6158,7,False,False,False,,-0.88,13.702,12000
2026-06-27 19:37:38,35,B+1.5,7406,10,False,False,False,,-0.88,13.7075,12000
2026-06-27 19:37:51,31,B+1.5,6574,8,False,False,False,,-0.88,13.6982,12000
2026-06-27 19:38:05,33,B+1.5,6990,9,False,False,False,,-0.88,13.7004,12000
2026-06-27 19:38:19,33,B+0.5,6990,9,False,False,False,,-0.88,13.6945,12000
2026-06-27 19:38:33,33,B+1.5,6990,9,True,False,False,,-0.88,13.7015,12000
2026-06-27 19:38:48,33,B+0.5,6990,9,True,False,False,,-0.88,13.7042,12000
2026-06-27 19:39:02,33,B+0.5,6990,9,False,False,False,,-0.88,13.7204,12000
2026-06-27 19:39:15,31,B+1.5,6574,8,False,False,False,,-0.88,13.7093,12000
2026-06-27 19:39:30,33,B+1.5,6990,9,True,False,False,,-0.88,13.7235,12000
2026-06-27 19:39:43,33,B+1.5,6990,9,True,False,False,,-0.88,13.7297,12000
2026-06-27 19:39:56,29,B+0.5,6158,7,False,False,False,,-0.88,13.7243,12000
2026-06-27 19:40:12,35,B+0.5,7406,10,False,False,False,,-0.88,13.7481,12000
2026-06-27 19:40:24,29,B+0.5,6158,7,False,False,False,,-0.88,13.7247,12000
2026-06-27 19:40:40,35,B+1.5,7406,10,False,False,False,,-0.88,13.76,12000
2026-06-27 19:40:53,33,B+1.5,6990,9,False,False,False,,-0.88,13.7627,12000
2026-06-27 19:41:07,31,B+0.5,6574,8,False,False,False,,-0.88,13.7621,12000
2026-06-27 19:41:20,33,B+1.5,6990,9,False,False,False,,-0.88,13.765,12000
2026-06-27 19:41:33,31,B+0.5,6574,8,False,False,False,,-0.88,13.7377,12000
2026-06-27 19:41:46,31,B+0.5,6574,8,False,False,False,,-0.88,13.7364,12000
2026-06-27 19:41:57,29,B+0.5,6158,7,False,False,False,,-0.88,13.7293,12000
2026-06-27 19:42:13,35,B+0.5,7406,9,False,False,False,,-0.88,13.7733,12000
2026-06-27 19:42:27,35,B+2.5,7406,10,False,False,False,,-0.88,13.7642,12000
2026-06-27 19:44:36,31,B+0.5,6576,8,False,False,False,,-0.88,13.7168,13000
2026-06-27 19:44:49,31,B+1.5,6576,8,False,False,False,,-0.88,13.7138,13000
2026-06-27 19:45:03,31,B+0.5,6576,8,False,False,False,,-0.88,13.716,13000
2026-06-27 19:45:16,29,B+0.5,6160,7,False,False,False,,-0.88,13.7103,13000
2026-06-27 19:45:29,31,B+2.5,6576,8,False,False,False,,-0.88,13.7194,13000
2026-06-27 19:45:42,31,B+0.5,6576,8,True,False,False,,-0.88,13.7176,13000
2026-06-27 19:45:54,31,B+0.5,6576,8,False,False,False,,-0.88,13.7127,13000
2026-06-27 19:46:08,29,B+1.5,6160,7,False,False,False,,-0.88,13.7228,13000
2026-06-27 19:46:21,31,B+0.5,6576,8,False,False,False,,-0.88,13.7116,13000
2026-06-27 19:46:36,33,B+2.5,6992,9,False,False,False,,-0.88,13.7253,13000
2026-06-27 19:46:50,33,B+1.5,6992,9,False,False,False,,-0.88,13.7166,13000
2026-06-27 19:47:02,25,B+0.5,5328,5,False,False,False,,-0.88,13.7053,13000
2026-06-27 19:47:16,31,B+3.5,6576,8,False,False,False,,-0.88,13.6953,13000
2026-06-27 19:47:28,29,B+1.5,6160,7,False,False,False,,-0.88,13.6802,13000
2026-06-27 19:47:43,33,B+0.5,6992,9,False,False,False,,-0.88,13.7013,13000
2026-06-27 19:47:57,31,B+0.5,6576,8,False,False,False,,-0.88,13.7084,13000
2026-06-27 19:48:11,31,B+1.5,6576,8,False,False,False,,-0.88,13.7057,13000
2026-06-27 19:48:25,33,B+1.5,6992,9,False,False,False,,-0.88,13.6974,13000
2026-06-27 19:48:40,31,B+0.5,6576,8,False,False,False,,-0.88,13.7255,13000
2026-06-27 19:48:54,33,B+2.5,6992,9,False,False,False,,-0.88,13.7311,13000
2026-06-27 19:49:07,31,B+0.5,6576,8,False,False,False,,-0.88,13.7035,13000
2026-06-27 19:49:21,33,B+0.5,6992,9,False,False,False,,-0.88,13.7158,13000
2026-06-27 19:49:35,35,B+0.5,7408,9,False,False,False,,-0.88,13.7072,13000
2026-06-27 19:49:50,37,B+0.5,7824,11,False,False,False,,-0.88,13.7121,13000
2026-06-27 19:50:04,29,B+0.5,6160,7,False,False,False,,-0.88,13.712,13000
2026-06-27 19:50:18,31,B+0.5,6576,8,False,False,False,,-0.88,13.7148,13000
2026-06-27 19:50:32,33,B+0.5,6992,9,False,False,False,,-0.88,13.7113,13000
2026-06-27 19:50:47,31,B+3.5,6576,8,False,False,False,,-0.88,13.717,13000
2026-06-27 19:51:00,33,B+0.5,6992,9,False,False,False,,-0.88,13.7278,13000
2026-06-27 19:51:13,31,B+1.5,6576,8,False,False,False,,-0.88,13.7152,13000
2026-06-27 19:51:26,35,B+1.5,7408,10,False,False,False,,-0.88,13.712,13000
2026-06-27 19:51:40,31,B+1.5,6576,8,True,False,False,,-0.88,13.7092,13000
2026-06-27 19:51:54,35,B+2.5,7408,10,False,False,False,,-0.88,13.7052,13000
2026-06-27 19:52:07,33,B+0.5,6992,9,False,False,False,,-0.88,13.7042,13000
2026-06-27 19:52:21,31,B+0.5,6576,8,False,False,False,,-0.88,13.7016,13000
2026-06-27 19:52:34,33,B+1.5,6992,9,False,False,False,,-0.88,13.7018,13000
2026-06-27 19:52:47,31,B+2.5,6576,8,False,False,False,,-0.88,13.6811,13000
2026-06-27 19:53:00,29,B+0.5,6160,7,True,False,False,,-0.88,13.659,13000
2026-06-27 19:53:13,35,B+1.5,7408,10,False,False,False,,-0.88,13.6645,13000
2026-06-27 19:53:28,33,B+0.5,6992,9,False,False,False,,-0.88,13.6812,13000
2026-06-27 19:53:40,27,B+1.5,5744,6,False,False,False,,-0.88,13.6745,13000
2026-06-27 19:53:52,33,B+0.5,6992,9,False,False,False,,-0.88,13.6768,13000
2026-06-27 19:54:05,29,B+0.5,6160,7,False,False,False,,-0.88,13.6738,13000
2026-06-27 19:54:18,33,B+3.5,6992,9,False,False,False,,-0.88,13.6764,13000
2026-06-27 19:54:32,35,B+4.5,7408,10,False,False,False,,-0.88,13.6927,13000
2026-06-27 19:54:46,33,B+1.5,6992,9,False,False,False,,-0.88,13.7043,13000
