datetime,game_length,game_result,num_passes,is_resign_disabled,is_marked_for_resign,is_could_won,marked_resign_player,resign_threshold,time_per_game,training_steps
2026-06-18 19:19:39,101,B+0.5,2,True,False,False,,-1,35.4614,0
2026-06-18 19:20:10,162,B+62.5,9,True,False,False,,-1,33.1932,0
2026-06-18 19:20:42,162,B+39.5,4,True,False,False,,-1,33.0224,0
2026-06-18 19:21:15,142,B+31.5,5,True,False,False,,-1,32.7818,0
2026-06-18 19:21:39,108,W+24.5,5,True,False,False,,-1,31.1197,0
2026-06-18 19:22:12,162,B+60.5,10,True,False,False,,-1,31.4164,0
2026-06-18 19:22:31,96,W+27.5,8,True,False,False,,-1,29.6807,0
2026-06-18 19:22:51,95,B+2.5,6,True,False,False,,-1,28.4543,0
2026-06-18 19:23:22,162,W+76.5,17,True,False,False,,-1,28.7711,0
2026-06-18 19:23:44,101,W+9.5,5,True,False,False,,-1,28.0256,0
2026-06-18 19:24:04,105,B+14.5,7,True,False,False,,-1,27.3343,0
2026-06-18 19:24:25,97,W+18.5,2,True,False,False,,-1,26.7916,0
2026-06-18 19:24:44,119,B+27.5,8,True,False,False,,-1,26.2319,0
2026-06-18 19:25:16,162,W+74.5,11,True,False,False,,-1,26.5787,0
2026-06-18 19:25:39,106,W+29.5,4,True,False,False,,-1,26.3661,0
2026-06-18 19:25:56,76,W+7.5,2,True,False,False,,-1,25.7723,0
2026-06-18 19:26:23,117,B+31.5,4,True,False,False,,-1,25.8322,0
2026-06-18 19:27:07,162,B+51.5,2,True,False,False,,-1,26.8822,0
2026-06-18 19:27:14,34,W+7.5,2,True,False,False,,-1,25.8449,0
2026-06-18 19:27:36,107,W+23.5,5,True,False,False,,-1,25.631,0
2026-06-18 19:28:02,136,W+73.5,3,True,False,False,,-1,25.6522,0
2026-06-18 19:28:31,162,W+13.5,14,True,False,False,,-1,25.82,0
2026-06-18 19:28:45,62,W+7.5,2,True,False,False,,-1,25.2987,0
2026-06-18 19:29:19,162,B+62.5,8,True,False,False,,-1,25.6349,0
2026-06-18 19:29:48,116,B+9.5,3,True,False,False,,-1,25.7884,0
2026-06-18 19:30:10,108,B+8.5,4,True,False,False,,-1,25.6422,0
2026-06-18 19:30:28,80,W+11.5,2,True,False,False,,-1,25.3403,0
2026-06-18 19:30:56,140,W+56.5,3,True,False,False,,-1,25.4351,0
2026-06-18 19:31:17,95,W+9.5,3,True,False,False,,-1,25.299,0
2026-06-18 19:31:54,125,W+16.5,3,True,False,False,,-1,25.689,0
2026-06-18 19:32:25,135,W+7.5,9,True,False,False,,-1,25.8549,0
2026-06-18 19:32:56,162,B+56.5,6,True,False,False,,-1,26.0316,0
2026-06-18 19:33:29,162,W+61.5,3,True,False,False,,-1,26.2198,0
2026-06-18 19:33:45,91,B+8.5,2,True,False,False,,-1,25.9399,0
2026-06-18 19:34:14,133,B+1.5,2,True,False,False,,-1,26.0043,0
2026-06-18 19:34:45,162,B+73.5,20,True,False,False,,-1,26.1571,0
2026-06-18 19:35:05,90,W+7.5,2,True,False,False,,-1,25.9849,0
2026-06-18 19:35:35,131,B+26.5,2,True,False,False,,-1,26.0859,0
2026-06-18 19:36:01,112,B+22.5,4,True,False,False,,-1,26.0904,0
2026-06-18 19:36:36,162,B+37.5,6,True,False,False,,-1,26.3079,0
2026-06-18 19:37:05,114,W+35.5,10,True,False,False,,-1,26.3684,0
2026-06-18 19:37:38,162,B+48.5,7,True,False,False,,-1,26.525,0
2026-06-18 19:38:05,132,B+35.5,5,True,False,False,,-1,26.5491,0
2026-06-18 19:38:25,101,B+12.5,3,True,False,False,,-1,26.4085,0
2026-06-18 19:38:59,162,W+63.5,8,True,False,False,,-1,26.5705,0
2026-06-18 19:39:20,123,B+24.5,10,True,False,False,,-1,26.4376,0
2026-06-18 19:39:58,157,W+69.5,5,True,False,False,,-1,26.6888,0
2026-06-18 19:40:06,40,W+8.5,3,True,False,False,,-1,26.2963,0
2026-06-18 19:40:36,162,B+58.5,12,True,False,False,,-1,26.3817,0
2026-06-18 19:41:08,146,W+54.5,5,True,False,False,,-1,26.4845,0
2026-06-18 19:41:41,162,W+48.5,5,True,False,False,,-1,26.6228,0
2026-06-18 19:42:11,162,B+46.5,3,True,False,False,,-1,26.6861,0
2026-06-18 19:42:33,94,W+3.5,3,True,False,False,,-1,26.5899,0
2026-06-18 19:43:05,156,B+49.5,5,True,False,False,,-1,26.7027,0
2026-06-18 19:43:39,155,B+44.5,4,True,False,False,,-1,26.8252,0
2026-06-18 19:44:12,162,W+54.5,2,True,False,False,,-1,26.9431,0
2026-06-18 19:44:43,162,B+4.5,12,True,False,False,,-1,27.0025,0
2026-06-18 19:45:12,141,B+49.5,3,True,False,False,,-1,27.0413,0
2026-06-18 19:45:44,162,B+21.5,7,True,False,False,,-1,27.125,0
2026-06-18 19:46:04,98,W+7.5,3,True,False,False,,-1,27.0113,0
2026-06-18 19:46:34,144,B+36.5,6,True,False,False,,-1,27.0549,0
2026-06-18 19:46:57,112,W+24.5,6,True,False,False,,-1,26.9832,0
2026-06-18 19:47:32,162,B+49.5,1,True,False,False,,-1,27.1256,0
2026-06-18 19:48:03,162,W+78.5,10,True,False,False,,-1,27.1822,0
2026-06-18 19:48:25,91,W+8.5,3,True,False,False,,-1,27.0931,0
2026-06-18 19:48:57,162,B+70.5,16,True,False,False,,-1,27.1725,0
2026-06-18 19:49:25,159,B+73.5,15,True,False,False,,-1,27.1791,0
2026-06-18 19:49:58,162,B+30.5,3,True,False,False,,-1,27.2701,0
2026-06-18 19:50:32,162,B+34.5,6,True,False,False,,-1,27.367,0
2026-06-18 19:50:51,96,B+4.5,3,True,False,False,,-1,27.2517,0
2026-06-18 19:51:13,113,B+2.5,6,True,False,False,,-1,27.178,0
2026-06-18 19:51:32,90,B+5.5,2,True,False,False,,-1,27.0608,0
2026-06-18 19:52:05,162,B+45.5,3,True,False,False,,-1,27.1382,0
2026-06-18 19:52:39,162,W+78.5,8,True,False,False,,-1,27.2295,0
2026-06-18 19:53:06,141,B+51.5,3,True,False,False,,-1,27.2271,0
2026-06-18 19:53:14,40,W+8.5,2,True,False,False,,-1,26.9794,0
2026-06-18 19:53:44,117,W+21.5,2,True,False,False,,-1,27.0163,0
2026-06-18 19:54:10,130,B+43.5,6,True,False,False,,-1,27.01,0
2026-06-18 19:54:28,78,W+2.5,2,True,False,False,,-1,26.8949,0
2026-06-18 19:55:01,157,B+34.5,7,True,False,False,,-1,26.9672,0
2026-06-18 19:55:33,162,B+47.5,4,True,False,False,,-1,27.0326,0
2026-06-18 19:56:05,162,W+51.5,1,True,False,False,,-1,27.0912,0
2026-06-18 19:56:38,162,B+50.5,3,True,False,False,,-1,27.158,0
2026-06-18 19:57:10,162,W+16.5,8,True,False,False,,-1,27.2152,0
2026-06-18 19:57:34,114,W+43.5,2,True,False,False,,-1,27.1864,0
2026-06-18 19:58:09,161,B+53.5,13,True,False,False,,-1,27.2754,0
2026-06-18 19:58:49,162,B+44.5,7,True,False,False,,-1,27.4132,0
2026-06-18 19:59:14,160,B+70.5,25,True,False,False,,-1,27.389,0
2026-06-18 19:59:27,65,B+5.5,2,True,False,False,,-1,27.2319,0
2026-06-18 20:00:00,162,B+20.5,7,True,False,False,,-1,27.2935,0
2026-06-18 20:00:33,162,B+41.5,2,True,False,False,,-1,27.3561,0
2026-06-18 20:00:57,125,W+5.5,11,True,False,False,,-1,27.3175,0
2026-06-18 20:01:25,108,W+37.5,2,True,False,False,,-1,27.3291,0
2026-06-18 20:01:38,60,W+10.5,2,True,False,False,,-1,27.1752,0
2026-06-18 20:02:00,115,B+9.5,5,True,False,False,,-1,27.1229,0
2026-06-18 20:02:47,162,W+47.5,3,True,False,False,,-1,27.3219,0
2026-06-18 20:03:20,155,W+64.5,3,True,False,False,,-1,27.3804,0
2026-06-18 20:03:49,162,W+83.5,10,True,False,False,,-1,27.399,0
2026-06-18 20:04:23,151,W+64.5,5,True,False,False,,-1,27.4658,0
2026-06-18 20:04:48,120,W+23.5,8,True,False,False,,-1,27.4432,0
2026-06-18 20:05:20,162,B+57.5,1,True,False,False,,-1,27.405,0
2026-06-18 20:05:50,162,W+80.5,12,True,False,False,,-1,27.4008,0
2026-06-18 20:06:25,162,W+32.5,5,True,False,False,,-1,27.4241,0
2026-06-18 20:06:50,117,B+14.5,2,True,False,False,,-1,27.351,0
2026-06-18 20:07:14,106,B+1.5,6,True,False,False,,-1,27.3482,0
2026-06-18 20:07:40,160,W+85.5,20,True,False,False,,-1,27.2812,0
2026-06-18 20:08:10,162,W+80.5,8,True,False,False,,-1,27.3809,0
2026-06-18 20:08:41,162,W+9.5,5,True,False,False,,-1,27.4971,0
2026-06-18 20:09:10,162,B+60.5,11,True,False,False,,-1,27.4708,0
2026-06-18 20:09:39,121,W+2.5,6,True,False,False,,-1,27.5528,0
2026-06-18 20:10:04,107,B+35.5,2,True,False,False,,-1,27.5919,0
2026-06-18 20:10:17,64,W+16.5,2,True,False,False,,-1,27.5168,0
2026-06-18 20:10:51,161,B+63.5,14,True,False,False,,-1,27.6681,0
2026-06-18 20:11:27,162,W+83.5,8,True,False,False,,-1,27.7075,0
2026-06-18 20:11:43,66,W+30.5,2,True,False,False,,-1,27.6356,0
2026-06-18 20:12:04,124,B+30.5,9,True,False,False,,-1,27.6806,0
2026-06-18 20:12:36,159,B+38.5,6,True,False,False,,-1,27.7333,0
2026-06-18 20:13:07,162,B+59.5,11,True,False,False,,-1,27.5896,0
2026-06-18 20:13:41,162,B+29.5,5,True,False,False,,-1,27.8623,0
2026-06-18 20:14:06,124,W+10.5,4,True,False,False,,-1,27.8962,0
2026-06-18 20:14:42,147,B+27.5,6,True,False,False,,-1,27.9949,0
2026-06-18 20:14:55,64,W+11.5,2,True,False,False,,-1,27.832,0
2026-06-18 20:15:20,113,W+8.5,2,True,False,False,,-1,27.9414,0
2026-06-18 20:15:50,162,B+55.5,7,True,False,False,,-1,27.9124,0
2026-06-18 20:16:13,114,B+23.5,3,True,False,False,,-1,27.844,0
2026-06-18 20:16:35,112,W+31.5,6,True,False,False,,-1,27.8499,0
2026-06-18 20:16:55,111,W+11.5,4,True,False,False,,-1,27.8703,0
2026-06-18 20:17:20,141,W+64.5,21,True,False,False,,-1,27.8371,0
2026-06-18 20:17:47,162,W+85.5,21,True,False,False,,-1,27.901,0
2026-06-18 20:18:20,161,B+23.5,3,True,False,False,,-1,27.8567,0
2026-06-18 20:18:45,99,W+7.5,2,True,False,False,,-1,27.8012,0
2026-06-18 20:19:06,100,W+28.5,7,True,False,False,,-1,27.6952,0
2026-06-18 20:19:28,72,W+2.5,2,True,False,False,,-1,27.5876,0
2026-06-18 20:20:00,162,W+65.5,9,True,False,False,,-1,27.7406,0
2026-06-18 20:20:25,126,W+37.5,10,True,False,False,,-1,27.7149,0
2026-06-18 20:21:00,162,B+40.5,1,True,False,False,,-1,27.743,0
2026-06-18 20:21:23,108,W+20.5,3,True,False,False,,-1,27.7765,0
2026-06-18 20:21:50,162,W+79.5,16,True,False,False,,-1,27.7511,0
2026-06-18 20:22:12,112,W+26.5,7,True,False,False,,-1,27.7027,0
2026-06-18 20:22:43,162,B+65.5,16,True,False,False,,-1,27.6724,0
2026-06-18 20:23:12,162,B+61.5,13,True,False,False,,-1,27.6767,0
2026-06-18 20:23:45,162,W+21.5,9,True,False,False,,-1,27.6686,0
2026-06-18 20:24:14,157,B+67.5,19,True,False,False,,-1,27.689,0
2026-06-18 20:24:23,40,W+5.5,2,True,False,False,,-1,27.5702,0
2026-06-18 20:24:57,122,W+9.5,4,True,False,False,,-1,27.5775,0
2026-06-18 20:25:17,88,W+7.5,2,True,False,False,,-1,27.573,0
2026-06-18 20:25:47,162,B+70.5,11,True,False,False,,-1,27.4867,0
2026-06-18 20:26:16,152,B+62.5,5,True,False,False,,-1,27.7028,0
2026-06-18 20:26:34,81,B+6.5,2,True,False,False,,-1,27.5795,0
2026-06-18 20:27:12,162,W+51.5,3,True,False,False,,-1,27.6376,0
2026-06-18 20:27:45,162,W+72.5,6,True,False,False,,-1,27.6355,0
2026-06-18 20:28:10,94,B+2.5,4,True,False,False,,-1,27.582,0
2026-06-18 20:28:40,162,B+57.5,3,True,False,False,,-1,27.6728,0
2026-06-18 20:29:03,107,W+20.5,2,True,False,False,,-1,27.57,0
2026-06-18 20:29:33,162,B+73.5,15,True,False,False,,-1,27.536,0
2026-06-18 20:30:03,156,B+59.5,7,True,False,False,,-1,27.5021,0
2026-06-18 20:30:38,162,B+65.5,6,True,False,False,,-1,27.5533,0
2026-06-18 20:31:13,162,B+27.5,8,True,False,False,,-1,27.6087,0
2026-06-18 20:31:43,162,W+18.5,11,True,False,False,,-1,27.5868,0
2026-06-18 20:32:10,126,W+53.5,3,True,False,False,,-1,27.6518,0
2026-06-18 20:32:49,107,W+34.5,3,True,False,False,,-1,27.746,0
2026-06-18 20:33:21,162,W+77.5,6,True,False,False,,-1,27.8411,0
2026-06-18 20:33:54,162,W+68.5,10,True,False,False,,-1,27.8154,0
2026-06-18 20:34:16,106,W+29.5,4,True,False,False,,-1,27.7229,0
2026-06-18 20:34:49,162,B+54.5,7,True,False,False,,-1,27.8371,0
2026-06-18 20:35:15,118,W+49.5,4,True,False,False,,-1,27.7826,0
2026-06-18 20:35:37,99,W+17.5,2,True,False,False,,-1,27.7228,0
2026-06-18 20:36:06,162,B+70.5,18,True,False,False,,-1,27.6798,0
2026-06-18 20:36:40,162,B+36.5,10,True,False,False,,-1,27.6803,0
2026-06-18 20:37:00,99,B+6.5,3,True,False,False,,-1,27.6887,0
2026-06-18 20:37:35,162,W+77.5,13,True,False,False,,-1,27.8108,0
2026-06-18 20:38:06,162,W+56.5,3,True,False,False,,-1,27.9376,0
2026-06-18 20:38:36,162,B+65.5,13,True,False,False,,-1,27.9158,0
2026-06-18 20:38:55,94,W+10.5,3,True,False,False,,-1,27.7648,0
2026-06-18 20:39:32,157,B+23.5,6,True,False,False,,-1,27.8583,0
2026-06-18 20:39:53,102,W+42.5,2,True,False,False,,-1,27.9917,0
2026-06-18 20:40:17,125,W+2.5,4,True,False,False,,-1,27.9255,0
2026-06-18 20:40:46,162,B+59.5,4,True,False,False,,-1,27.9523,0
2026-06-18 20:41:07,104,W+11.5,3,True,False,False,,-1,27.9842,0
2026-06-18 20:41:25,85,B+10.5,2,True,False,False,,-1,27.8383,0
2026-06-18 20:42:03,162,B+60.5,11,True,False,False,,-1,27.8985,0
2026-06-18 20:42:49,162,B+54.5,8,True,False,False,,-1,28.0404,0
2026-06-18 20:43:30,160,W+42.5,4,True,False,False,,-1,28.1211,0
2026-06-18 20:43:58,138,B+38.5,3,True,False,False,,-1,28.0783,0
2026-06-18 20:44:21,115,B+15.5,3,True,False,False,,-1,28.06,0
2026-06-18 20:44:42,95,B+18.5,2,True,False,False,,-1,27.9211,0
2026-06-18 20:45:07,68,W+3.5,3,True,False,False,,-1,27.7804,0
2026-06-18 20:45:25,75,B+4.5,2,True,False,False,,-1,27.7106,0
2026-06-18 20:45:59,162,B+48.5,4,True,False,False,,-1,27.9121,0
2026-06-18 20:46:32,162,W+46.5,6,True,False,False,,-1,27.9162,0
2026-06-18 20:46:51,83,B+4.5,3,True,False,False,,-1,27.778,0
2026-06-18 20:47:17,159,B+73.5,22,True,False,False,,-1,27.7959,0
2026-06-18 20:47:49,162,W+62.5,7,True,False,False,,-1,27.833,0
2026-06-18 20:48:16,138,W+61.5,9,True,False,False,,-1,27.9793,0
2026-06-18 20:48:42,114,B+3.5,6,True,False,False,,-1,28.0132,0
2026-06-18 20:49:18,162,W+71.5,5,True,False,False,,-1,27.9114,0
2026-06-18 20:49:48,162,B+70.5,11,True,False,False,,-1,27.8865,0
2026-06-18 20:50:19,159,B+64.5,13,True,False,False,,-1,27.8962,0
2026-06-18 20:50:51,131,B+34.5,3,True,False,False,,-1,27.8758,0
2026-06-18 20:51:20,149,B+45.5,10,True,False,False,,-1,27.9177,0
2026-06-18 20:51:44,108,W+11.5,4,True,False,False,,-1,27.8414,0
2026-06-18 20:52:16,162,W+77.5,7,True,False,False,,-1,27.8548,0
2026-06-18 20:52:24,40,W+7.5,2,True,False,False,,-1,27.5864,0
2026-06-18 20:52:56,162,B+50.5,9,True,False,False,,-1,27.6564,0
2026-06-18 20:53:14,84,W+18.5,2,True,False,False,,-1,27.5938,0
2026-06-18 20:53:34,90,B+6.5,2,True,False,False,,-1,27.5329,0
2026-06-18 20:53:59,113,W+17.5,3,True,False,False,,-1,27.4897,0
2026-06-18 20:54:16,90,W+0.5,4,True,False,False,,-1,27.3455,0
2026-06-18 20:54:41,128,W+39.5,13,True,False,False,,-1,27.3159,0
2026-06-18 20:55:13,162,W+76.5,8,True,False,False,,-1,27.3406,0
2026-06-18 20:55:45,161,B+57.5,16,True,False,False,,-1,27.4125,0
2026-06-18 20:56:15,143,W+57.5,3,True,False,False,,-1,27.5768,0
2026-06-18 20:56:48,162,B+41.5,2,True,False,False,,-1,27.5669,0
2026-06-18 20:57:18,142,B+35.5,9,True,False,False,,-1,27.5146,0
2026-06-18 20:57:39,98,W+14.5,3,True,False,False,,-1,27.5655,0
2026-06-18 20:58:14,135,W+60.5,6,True,False,False,,-1,27.7009,0
2026-06-18 20:58:44,162,W+12.5,12,True,False,False,,-1,27.6757,0
2026-06-18 20:59:15,162,W+29.5,7,True,False,False,,-1,27.6828,0
2026-06-18 20:59:35,90,W+5.5,2,True,False,False,,-1,27.54,0
2026-06-18 21:00:03,149,B+56.5,3,True,False,False,,-1,27.5715,0
2026-06-18 21:00:16,56,W+9.5,2,True,False,False,,-1,27.3374,0
2026-06-18 21:00:44,135,W+67.5,4,True,False,False,,-1,27.4867,0
2026-06-18 21:01:03,91,B+12.5,2,True,False,False,,-1,27.4277,0
2026-06-18 21:01:40,162,W+67.5,4,True,False,False,,-1,27.4966,0
2026-06-18 21:02:09,162,B+65.5,7,True,False,False,,-1,27.5623,0
2026-06-18 21:02:46,162,B+57.5,4,True,False,False,,-1,27.7079,0
2026-06-18 21:03:08,106,W+29.5,2,True,False,False,,-1,27.7315,0
2026-06-18 21:03:45,162,W+45.5,8,True,False,False,,-1,27.8511,0
2026-06-18 21:04:15,154,B+64.5,8,True,False,False,,-1,27.8683,0
2026-06-18 21:04:43,137,B+30.5,10,True,False,False,,-1,27.8262,0
2026-06-18 21:05:13,126,W+26.5,2,True,False,False,,-1,27.8774,0
2026-06-18 21:05:46,162,B+62.5,13,True,False,False,,-1,27.9987,0
2026-06-18 21:06:15,162,B+10.5,12,True,False,False,,-1,28.0732,0
2026-06-18 21:06:48,162,W+55.5,7,True,False,False,,-1,28.0851,0
2026-06-18 21:07:19,162,W+20.5,14,True,False,False,,-1,28.1374,0
2026-06-18 21:07:54,162,B+35.5,4,True,False,False,,-1,28.1376,0
2026-06-18 21:08:26,155,W+62.5,6,True,False,False,,-1,28.2295,0
2026-06-18 21:08:56,162,W+88.5,13,True,False,False,,-1,28.2556,0
2026-06-18 21:09:33,162,B+59.5,5,True,False,False,,-1,28.4138,0
2026-06-18 21:09:58,91,W+9.5,3,True,False,False,,-1,28.3443,0
2026-06-18 21:10:36,162,W+5.5,5,True,False,False,,-1,28.4299,0
2026-06-18 21:11:21,162,W+52.5,4,True,False,False,,-1,28.561,0
2026-06-18 21:11:53,162,B+7.5,10,True,False,False,,-1,28.5837,0
2026-06-18 21:12:15,94,B+6.5,2,True,False,False,,-1,28.7214,0
2026-06-18 21:12:54,156,W+49.5,4,True,False,False,,-1,28.764,0
2026-06-18 21:13:18,101,W+22.5,3,True,False,False,,-1,28.8082,0
2026-06-18 21:13:58,147,B+39.5,10,True,False,False,,-1,28.9131,0
2026-06-18 21:14:32,162,W+70.5,9,True,False,False,,-1,28.9569,0
2026-06-18 21:15:12,162,W+85.5,5,True,False,False,,-1,29.172,0
2026-06-18 21:15:42,158,B+44.5,3,True,False,False,,-1,29.1045,0
2026-06-18 21:16:05,112,B+0.5,4,True,False,False,,-1,28.9979,0
2026-06-18 21:16:29,115,B+35.5,6,True,False,False,,-1,28.987,0
2026-06-18 21:17:05,162,B+24.5,2,True,False,False,,-1,29.0433,0
2026-06-18 21:17:37,133,B+61.5,4,True,False,False,,-1,29.1424,0
2026-06-18 21:18:06,162,B+73.5,15,True,False,False,,-1,29.1337,0
2026-06-18 21:18:29,122,B+12.5,4,True,False,False,,-1,29.0555,0
2026-06-18 21:19:03,94,W+20.5,2,True,False,False,,-1,29.0424,0
2026-06-18 21:19:31,154,W+79.5,12,True,False,False,,-1,28.9776,0
2026-06-18 21:20:05,142,W+57.5,9,True,False,False,,-1,29.0153,0
2026-06-18 21:20:24,86,W+11.5,2,True,False,False,,-1,28.937,0
2026-06-18 21:20:46,117,W+17.5,7,True,False,False,,-1,28.7712,0
2026-06-18 21:21:20,162,B+57.5,3,True,False,False,,-1,28.7849,0
2026-06-18 21:21:40,107,W+25.5,2,True,False,False,,-1,28.6603,0
2026-06-18 21:22:08,139,B+54.5,2,True,False,False,,-1,28.7229,0
2026-06-18 21:22:46,142,W+25.5,4,True,False,False,,-1,28.7683,0
2026-06-18 21:23:14,161,W+81.5,21,True,False,False,,-1,28.781,0
2026-06-18 21:23:48,111,W+27.5,2,True,False,False,,-1,28.9043,0
2026-06-18 21:24:16,136,B+39.5,4,True,False,False,,-1,28.8954,0
2026-06-18 21:24:32,62,W+1.5,2,True,False,False,,-1,28.7206,0
2026-06-18 21:25:10,162,B+0.5,3,True,False,False,,-1,28.8964,0
2026-06-18 21:25:51,162,B+2.5,11,True,False,False,,-1,28.9632,0
2026-06-18 21:26:28,162,B+24.5,9,True,False,False,,-1,29.0165,0
2026-06-18 21:26:59,162,B+25.5,6,True,False,False,,-1,29.0199,0
2026-06-18 21:27:28,146,W+64.5,11,True,False,False,,-1,29.1273,0
2026-06-18 21:27:56,143,W+44.5,6,True,False,False,,-1,29.0446,0
2026-06-18 21:28:17,78,W+10.5,2,True,False,False,,-1,29.0377,0
2026-06-18 21:28:47,137,B+44.5,2,True,False,False,,-1,29.1031,0
2026-06-18 21:29:18,134,W+51.5,3,True,False,False,,-1,29.1171,0
2026-06-18 21:29:55,159,W+56.5,4,True,False,False,,-1,29.2801,0
2026-06-18 21:30:16,102,W+27.5,2,True,False,False,,-1,29.3089,0
2026-06-18 21:30:50,162,W+74.5,1,True,False,False,,-1,29.2643,0
2026-06-18 21:31:17,111,W+25.5,3,True,False,False,,-1,29.0728,0
2026-06-18 21:31:47,162,B+64.5,16,True,False,False,,-1,28.9658,0
2026-06-18 21:32:20,162,B+52.5,6,True,False,False,,-1,29.0188,0
2026-06-18 21:32:45,110,W+25.5,3,True,False,False,,-1,29.0446,0
2026-06-18 21:33:25,162,W+80.5,6,True,False,False,,-1,29.2282,0
2026-06-18 21:33:54,147,B+32.5,5,True,False,False,,-1,29.2697,0
2026-06-18 21:34:26,162,B+70.5,17,True,False,False,,-1,29.4042,0
2026-06-18 21:35:00,162,W+36.5,2,True,False,False,,-1,29.4114,0
2026-06-18 21:35:30,118,W+27.5,3,True,False,False,,-1,29.3784,0
2026-06-18 21:35:54,111,B+2.5,5,True,False,False,,-1,29.4228,0
2026-06-18 21:36:15,95,W+7.5,2,True,False,False,,-1,29.378,0
2026-06-18 21:36:53,162,B+57.5,8,True,False,False,,-1,29.436,0
2026-06-18 21:37:21,136,B+27.5,5,True,False,False,,-1,29.4454,0
2026-06-18 21:37:33,56,W+4.5,2,True,False,False,,-1,29.3137,0
2026-06-18 21:37:58,92,W+13.5,5,True,False,False,,-1,29.2,0
2026-06-18 21:38:22,80,W+11.5,3,True,False,False,,-1,29.1305,0
2026-06-18 21:38:53,155,W+36.5,5,True,False,False,,-1,29.1444,0
2026-06-18 21:39:17,80,W+0.5,2,True,False,False,,-1,29.0641,0
2026-06-18 21:39:47,162,W+82.5,8,True,False,False,,-1,29.072,0
2026-06-18 21:40:05,74,W+14.5,2,True,False,False,,-1,29.0045,0
2026-06-18 21:40:31,124,B+35.5,5,True,False,False,,-1,28.9517,0
2026-06-18 21:40:45,64,W+6.5,2,True,False,False,,-1,29.0062,0
2026-06-18 21:40:56,46,W+9.5,2,True,False,False,,-1,28.7975,0
2026-06-18 21:41:17,116,B+3.5,3,True,False,False,,-1,28.8346,0
2026-06-18 21:41:50,162,W+54.5,8,True,False,False,,-1,28.9636,0
2026-06-18 21:42:18,123,B+41.5,3,True,False,False,,-1,28.9875,0
2026-06-18 21:42:41,96,B+12.5,2,True,False,False,,-1,29.052,0
2026-06-18 21:43:06,114,B+24.5,3,True,False,False,,-1,29.0392,0
2026-06-18 21:43:46,137,W+58.5,2,True,False,False,,-1,29.1265,0
2026-06-18 21:44:17,162,B+10.5,9,True,False,False,,-1,29.1211,0
2026-06-18 21:44:50,162,B+52.5,4,True,False,False,,-1,29.1526,0
2026-06-18 21:45:23,162,B+51.5,13,True,False,False,,-1,29.1455,0
2026-06-18 21:45:42,105,W+5.5,6,True,False,False,,-1,29.0332,0
2026-06-18 21:46:05,129,B+36.5,13,True,False,False,,-1,29.049,0
2026-06-18 21:46:26,105,B+2.5,4,True,False,False,,-1,28.9177,0
2026-06-18 21:46:56,106,W+8.5,3,True,False,False,,-1,28.9202,0
2026-06-18 21:47:43,162,B+53.5,8,True,False,False,,-1,29.0815,0
2026-06-18 21:47:49,26,W+6.5,2,True,False,False,,-1,28.9401,0
2026-06-18 21:48:19,162,W+28.5,9,True,False,False,,-1,28.9551,0
2026-06-18 21:48:54,162,W+39.5,1,True,False,False,,-1,29.1767,0
2026-06-18 21:49:13,83,B+0.5,2,True,False,False,,-1,29.0903,0
2026-06-18 21:49:50,162,B+18.5,10,True,False,False,,-1,29.2754,0
2026-06-18 21:50:20,162,B+49.5,14,True,False,False,,-1,29.199,0
2026-06-18 21:50:38,101,W+0.5,5,True,False,False,,-1,29.0873,0
2026-06-18 21:51:07,133,B+27.5,2,True,False,False,,-1,29.0052,0
2026-06-18 21:51:34,124,W+62.5,4,True,False,False,,-1,29.0501,0
2026-06-18 21:52:05,155,B+73.5,17,True,False,False,,-1,29.002,0
2026-06-18 21:52:38,162,W+19.5,11,True,False,False,,-1,29.0369,0
2026-06-18 21:53:19,162,B+60.5,5,True,False,False,,-1,29.1548,0
2026-06-18 21:53:41,116,B+25.5,7,True,False,False,,-1,29.071,0
2026-06-18 21:54:11,140,W+31.5,6,True,False,False,,-1,29.043,0
2026-06-18 21:54:38,127,B+44.5,3,True,False,False,,-1,29.023,0
2026-06-18 21:55:10,146,W+49.5,10,True,False,False,,-1,29.0116,0
2026-06-18 21:55:37,126,B+10.5,3,True,False,False,,-1,28.9785,0
2026-06-18 21:56:00,108,B+0.5,6,True,False,False,,-1,28.8599,0
2026-06-18 21:56:27,154,W+80.5,8,True,False,False,,-1,28.8036,0
2026-06-18 21:56:40,66,W+7.5,2,True,False,False,,-1,28.6382,0
2026-06-18 21:57:02,93,B+2.5,2,True,False,False,,-1,28.4839,0
2026-06-18 21:57:37,160,W+45.5,8,True,False,False,,-1,28.5881,0
2026-06-18 21:58:00,113,W+13.5,4,True,False,False,,-1,28.4371,0
2026-06-18 21:58:32,162,B+38.5,9,True,False,False,,-1,28.3067,0
2026-06-18 21:58:56,120,W+19.5,3,True,False,False,,-1,28.2304,0
2026-06-18 21:59:28,162,W+1.5,11,True,False,False,,-1,28.3307,0
2026-06-18 21:59:55,122,B+14.5,2,True,False,False,,-1,28.2134,0
2026-06-18 22:00:22,119,B+35.5,7,True,False,False,,-1,28.2381,0
2026-06-18 22:00:54,158,W+71.5,6,True,False,False,,-1,28.1539,0
2026-06-18 22:01:23,155,B+48.5,7,True,False,False,,-1,28.106,0
2026-06-18 22:01:54,151,B+59.5,13,True,False,False,,-1,28.0173,0
2026-06-18 22:02:20,95,B+14.5,4,True,False,False,,-1,27.974,0
2026-06-18 22:02:48,148,W+58.5,11,True,False,False,,-1,28.0274,0
2026-06-18 22:03:19,162,W+83.5,5,True,False,False,,-1,28.0977,0
2026-06-18 22:03:26,36,W+3.5,2,True,False,False,,-1,27.805,0
2026-06-18 22:03:56,162,W+23.5,12,True,False,False,,-1,27.7897,0
2026-06-18 22:04:25,150,B+63.5,13,True,False,False,,-1,27.7851,0
2026-06-18 22:04:52,162,B+70.5,19,True,False,False,,-1,27.8333,0
2026-06-18 22:05:16,109,B+0.5,3,True,False,False,,-1,27.7352,0
2026-06-18 22:05:48,162,B+41.5,5,True,False,False,,-1,27.7716,0
2026-06-18 22:06:18,162,B+43.5,10,True,False,False,,-1,27.7341,0
2026-06-18 22:06:43,133,B+39.5,11,True,False,False,,-1,27.7882,0
2026-06-18 22:07:14,158,B+40.5,7,True,False,False,,-1,27.8818,0
2026-06-18 22:07:44,157,B+67.5,13,True,False,False,,-1,27.839,0
2026-06-18 22:08:06,100,W+2.5,2,True,False,False,,-1,27.8559,0
2026-06-18 22:08:26,82,W+3.5,3,True,False,False,,-1,27.7727,0
2026-06-18 22:08:57,135,W+50.5,3,True,False,False,,-1,27.714,0
2026-06-18 22:09:24,159,B+70.5,23,True,False,False,,-1,27.6984,0
2026-06-18 22:09:43,113,B+8.5,9,True,False,False,,-1,27.5506,0
2026-06-18 22:09:59,74,W+0.5,2,True,False,False,,-1,27.4245,0
2026-06-18 22:10:29,162,W+51.5,9,True,False,False,,-1,27.5637,0
2026-06-18 22:10:56,121,W+39.5,2,True,False,False,,-1,27.4586,0
2026-06-18 22:11:29,162,B+60.5,8,True,False,False,,-1,27.3755,0
2026-06-18 22:11:50,105,B+13.5,4,True,False,False,,-1,27.2176,0
2026-06-18 22:12:25,162,B+34.5,2,True,False,False,,-1,27.2635,0
2026-06-18 22:13:03,162,W+51.5,2,True,False,False,,-1,27.346,0
2026-06-18 22:13:37,162,B+28.5,3,True,False,False,,-1,27.4006,0
2026-06-18 22:14:04,136,W+48.5,2,True,False,False,,-1,27.4667,0
2026-06-18 22:14:32,162,B+70.5,14,True,False,False,,-1,27.443,0
2026-06-18 22:14:47,62,W+4.5,2,True,False,False,,-1,27.2949,0
2026-06-18 22:15:10,115,B+33.5,7,True,False,False,,-1,27.1416,0
2026-06-18 22:15:44,162,W+30.5,1,True,False,False,,-1,27.2811,0
2026-06-18 22:16:04,94,B+5.5,5,True,False,False,,-1,27.1388,0
2026-06-18 22:16:27,106,B+20.5,2,True,False,False,,-1,27.1005,0
2026-06-18 22:16:49,107,W+2.5,6,True,False,False,,-1,27.0221,0
2026-06-18 22:17:22,162,W+43.5,5,True,False,False,,-1,27.0219,0
2026-06-18 22:17:50,162,W+85.5,13,True,False,False,,-1,27.0452,0
2026-06-18 22:18:13,107,W+6.5,6,True,False,False,,-1,26.8851,0
2026-06-18 22:18:36,114,W+8.5,8,True,False,False,,-1,26.8186,0
2026-06-18 22:18:56,107,B+18.5,4,True,False,False,,-1,26.7027,0
2026-06-18 22:19:23,105,B+1.5,5,True,False,False,,-1,26.6234,0
2026-06-18 22:19:40,78,W+32.5,2,True,False,False,,-1,26.5028,0
2026-06-18 22:20:12,145,W+71.5,2,True,False,False,,-1,26.5828,0
2026-06-18 22:20:41,162,B+73.5,20,True,False,False,,-1,26.6596,0
2026-06-18 22:21:07,145,W+63.5,11,True,False,False,,-1,26.5463,0
2026-06-18 22:21:34,131,B+40.5,6,True,False,False,,-1,26.5318,0
2026-06-18 22:21:42,36,W+8.5,2,True,False,False,,-1,26.4825,0
2026-06-18 22:22:12,160,W+75.5,15,True,False,False,,-1,26.5367,0
2026-06-18 22:22:33,108,B+10.5,3,True,False,False,,-1,26.5136,0
2026-06-18 22:23:00,112,B+12.5,4,True,False,False,,-1,26.4666,0
2026-06-18 22:23:22,105,B+19.5,4,True,False,False,,-1,26.4502,0
2026-06-18 22:23:42,111,B+21.5,3,True,False,False,,-1,26.3478,0
2026-06-18 22:24:03,100,B+2.5,5,True,False,False,,-1,26.3791,0
2026-06-18 22:24:30,128,B+27.5,5,True,False,False,,-1,26.3873,0
2026-06-18 22:25:00,139,B+35.5,3,True,False,False,,-1,26.5501,0
2026-06-18 22:25:32,146,B+49.5,5,True,False,False,,-1,26.7586,0
2026-06-18 22:26:06,162,B+48.5,12,True,False,False,,-1,26.8818,0
2026-06-18 22:26:27,83,B+0.5,2,True,False,False,,-1,26.7606,0
2026-06-18 22:26:59,162,B+15.5,4,True,False,False,,-1,26.8088,0
2026-06-18 22:27:10,52,W+9.5,2,True,False,False,,-1,26.6885,0
2026-06-18 22:27:41,162,W+3.5,14,True,False,False,,-1,26.751,0
2026-06-18 22:28:02,109,W+8.5,4,True,False,False,,-1,26.5584,0
2026-06-18 22:28:45,162,B+27.5,6,True,False,False,,-1,26.6768,0
2026-06-18 22:28:51,32,W+7.5,2,True,False,False,,-1,26.4078,0
2026-06-18 22:29:22,162,B+24.5,5,True,False,False,,-1,26.39,0
2026-06-18 22:29:56,162,W+40.5,4,True,False,False,,-1,26.5372,0
2026-06-18 22:30:25,143,B+38.5,8,True,False,False,,-1,26.6059,0
2026-06-18 22:30:42,76,W+1.5,2,True,False,False,,-1,26.5569,0
2026-06-18 22:31:18,162,W+35.5,6,True,False,False,,-1,26.615,0
2026-06-18 22:31:46,157,B+68.5,11,True,False,False,,-1,26.424,0
2026-06-18 22:32:22,161,B+29.5,5,True,False,False,,-1,26.723,0
2026-06-18 22:32:47,128,W+53.5,3,True,False,False,,-1,26.6818,0
2026-06-18 22:33:19,162,B+53.5,4,True,False,False,,-1,26.653,0
2026-06-18 22:33:48,131,B+50.5,3,True,False,False,,-1,26.7445,0
2026-06-18 22:34:20,162,W+24.5,7,True,False,False,,-1,26.6953,0
2026-06-18 22:34:50,162,W+19.5,14,True,False,False,,-1,26.6974,0
2026-06-18 22:35:23,162,B+56.5,7,True,False,False,,-1,26.8411,0
2026-06-18 22:35:50,132,W+20.5,5,True,False,False,,-1,26.8284,0
2026-06-18 22:36:22,162,W+67.5,4,True,False,False,,-1,26.8795,0
2026-06-18 22:36:51,162,W+65.5,11,True,False,False,,-1,26.8542,0
2026-06-18 22:37:23,162,B+22.5,8,True,False,False,,-1,26.8437,0
2026-06-18 22:37:51,162,B+64.5,15,True,False,False,,-1,26.7174,0
2026-06-18 22:38:19,152,W+70.5,11,True,False,False,,-1,26.7807,0
2026-06-18 22:38:53,162,B+29.5,2,True,False,False,,-1,26.8206,0
2026-06-18 22:39:09,70,W+2.5,2,True,False,False,,-1,26.706,0
2026-06-18 22:39:37,139,B+35.5,6,True,False,False,,-1,26.6659,0
2026-06-18 22:39:59,109,W+7.5,3,True,False,False,,-1,26.6103,0
2026-06-18 22:40:08,44,W+8.5,2,True,False,False,,-1,26.4753,0
2026-06-18 22:40:31,101,W+6.5,5,True,False,False,,-1,26.4427,0
2026-06-18 22:41:00,162,B+70.5,14,True,False,False,,-1,26.5975,0
2026-06-18 22:41:31,150,B+46.5,8,True,False,False,,-1,26.6901,0
2026-06-18 22:41:39,38,W+3.5,2,True,False,False,,-1,26.4194,0
2026-06-18 22:42:06,116,W+31.5,4,True,False,False,,-1,26.4591,0
2026-06-18 22:42:35,153,B+67.5,13,True,False,False,,-1,26.431,0
2026-06-18 22:43:09,162,W+19.5,7,True,False,False,,-1,26.529,0
2026-06-18 22:43:44,162,B+51.5,2,True,False,False,,-1,26.5564,0
2026-06-18 22:44:17,162,B+52.5,6,True,False,False,,-1,26.6187,0
2026-06-18 22:44:49,162,B+49.5,5,True,False,False,,-1,26.6655,0
2026-06-18 22:45:18,92,W+4.5,4,True,False,False,,-1,26.6343,0
2026-06-18 22:45:50,162,B+17.5,2,True,False,False,,-1,26.6675,0
2026-06-18 22:46:12,114,W+23.5,6,True,False,False,,-1,26.5781,0
2026-06-18 22:46:34,106,B+22.5,2,True,False,False,,-1,26.54,0
2026-06-18 22:46:48,62,W+4.5,2,True,False,False,,-1,26.3929,0
2026-06-18 22:47:12,104,W+37.5,3,True,False,False,,-1,26.3348,0
2026-06-18 22:47:46,162,W+85.5,12,True,False,False,,-1,26.5995,0
2026-06-18 22:48:17,162,W+82.5,11,True,False,False,,-1,26.6021,0
2026-06-18 22:48:47,148,B+62.5,11,True,False,False,,-1,26.6124,0
2026-06-18 22:49:00,62,W+3.5,2,True,False,False,,-1,26.4728,0
2026-06-18 22:49:26,113,W+9.5,4,True,False,False,,-1,26.4962,0
2026-06-18 22:49:53,125,W+36.5,4,True,False,False,,-1,26.4485,0
2026-06-18 22:50:27,162,B+22.5,14,True,False,False,,-1,26.4901,0
2026-06-18 22:50:48,109,W+1.5,4,True,False,False,,-1,26.4553,0
2026-06-18 22:51:23,162,W+82.5,9,True,False,False,,-1,26.4821,0
2026-06-18 22:51:55,162,B+70.5,18,True,False,False,,-1,26.51,0
2026-06-18 22:52:26,162,B+47.5,4,True,False,False,,-1,26.5903,0
2026-06-18 22:52:49,115,W+6.5,5,True,False,False,,-1,26.6339,0
2026-06-18 22:53:09,90,B+8.5,3,True,False,False,,-1,26.5154,0
2026-06-18 22:53:41,162,W+21.5,10,True,False,False,,-1,26.5721,0
2026-06-18 22:54:05,107,B+8.5,3,True,False,False,,-1,26.618,0
2026-06-18 22:54:39,149,B+61.5,6,True,False,False,,-1,26.8015,0
2026-06-18 22:55:07,145,B+42.5,6,True,False,False,,-1,26.775,0
2026-06-18 22:55:36,141,B+37.5,7,True,False,False,,-1,26.7927,0
2026-06-18 22:56:01,130,B+33.5,3,True,False,False,,-1,26.7224,0
2026-06-18 22:56:32,145,B+39.5,11,True,False,False,,-1,26.8199,0
2026-06-18 22:57:02,162,B+73.5,17,True,False,False,,-1,26.7621,0
2026-06-18 22:57:36,162,W+68.5,12,True,False,False,,-1,26.7239,0
2026-06-18 22:57:52,72,W+9.5,2,True,False,False,,-1,26.5462,0
2026-06-18 22:58:12,99,W+10.5,2,True,False,False,,-1,26.4725,0
2026-06-18 22:58:44,147,B+42.5,3,True,False,False,,-1,26.5244,0
2026-06-18 22:59:17,162,W+66.5,6,True,False,False,,-1,26.6932,0
2026-06-18 22:59:51,112,W+10.5,4,True,False,False,,-1,26.8112,0
2026-06-18 23:00:25,162,B+48.5,1,True,False,False,,-1,26.8033,0
2026-06-18 23:00:41,76,W+16.5,2,True,False,False,,-1,26.7701,0
2026-06-18 23:01:07,142,W+66.5,14,True,False,False,,-1,26.8012,0
2026-06-18 23:01:47,162,W+58.5,9,True,False,False,,-1,26.9789,0
2026-06-18 23:02:13,112,B+5.5,6,True,False,False,,-1,26.9015,0
2026-06-18 23:02:37,122,B+7.5,9,True,False,False,,-1,26.8645,0
2026-06-18 23:03:07,162,B+40.5,5,True,False,False,,-1,26.9286,0
2026-06-18 23:03:39,162,B+31.5,4,True,False,False,,-1,27.0223,0
2026-06-18 23:03:59,110,W+16.5,7,True,False,False,,-1,27.0292,0
2026-06-18 23:04:40,162,B+53.5,1,True,False,False,,-1,27.1728,0
2026-06-18 23:05:03,109,W+21.5,3,True,False,False,,-1,27.2183,0
2026-06-18 23:05:24,115,B+6.5,6,True,False,False,,-1,27.117,0
2026-06-18 23:05:44,68,W+7.5,2,True,False,False,,-1,27.0324,0
2026-06-18 23:06:03,90,W+7.5,3,True,False,False,,-1,26.9554,0
2026-06-18 23:06:37,162,W+50.5,7,True,False,False,,-1,27.0221,0
2026-06-18 23:07:02,131,W+56.5,3,True,False,False,,-1,27.2031,0
2026-06-18 23:07:33,162,B+70.5,13,True,False,False,,-1,27.203,0
2026-06-18 23:08:04,162,B+67.5,18,True,False,False,,-1,27.3024,0
2026-06-18 23:08:25,112,W+7.5,5,True,False,False,,-1,27.2422,0
2026-06-18 23:08:54,130,W+54.5,3,True,False,False,,-1,27.3144,0
2026-06-18 23:09:17,98,W+25.5,2,True,False,False,,-1,27.3403,0
2026-06-18 23:09:53,162,B+29.5,5,True,False,False,,-1,27.5006,0
2026-06-18 23:10:18,125,B+31.5,2,True,False,False,,-1,27.4725,0
2026-06-18 23:10:40,110,W+63.5,2,True,False,False,,-1,27.3967,0
2026-06-18 23:11:07,148,W+65.5,12,True,False,False,,-1,27.3471,0
2026-06-18 23:11:38,134,W+45.5,2,True,False,False,,-1,27.3248,0
2026-06-18 23:12:01,110,B+1.5,5,True,False,False,,-1,27.3437,0
2026-06-18 23:12:35,162,W+32.5,4,True,False,False,,-1,27.3619,0
2026-06-18 23:13:08,156,B+28.5,9,True,False,False,,-1,27.572,0
2026-06-18 23:13:38,162,W+78.5,10,True,False,False,,-1,27.569,0
2026-06-18 23:13:56,80,W+15.5,2,True,False,False,,-1,27.5379,0
2026-06-18 23:14:20,117,B+12.5,9,True,False,False,,-1,27.3467,0
2026-06-18 23:14:23,20,W+7.5,2,True,False,False,,-1,27.3194,0
2026-06-18 23:14:57,145,B+36.5,6,True,False,False,,-1,27.341,0
2026-06-18 23:15:29,162,W+48.5,5,True,False,False,,-1,27.3303,0
2026-06-18 23:15:52,103,B+24.5,7,True,False,False,,-1,27.2646,0
2026-06-18 23:16:11,94,W+16.5,2,True,False,False,,-1,27.2798,0
2026-06-18 23:16:48,162,W+55.5,2,True,False,False,,-1,27.2977,0
2026-06-18 23:17:17,120,W+44.5,4,True,False,False,,-1,27.311,0
2026-06-18 23:17:45,155,B+15.5,9,True,False,False,,-1,27.2277,0
2026-06-18 23:18:05,109,B+14.5,2,True,False,False,,-1,27.1774,0
2026-06-18 23:18:14,44,W+9.5,2,True,False,False,,-1,26.9474,0
2026-06-18 23:18:48,162,B+66.5,7,True,False,False,,-1,26.998,0
2026-06-18 23:19:15,95,B+4.5,3,True,False,False,,-1,26.9484,0
2026-06-18 23:19:40,82,W+10.5,2,True,False,False,,-1,26.899,0
2026-06-18 23:20:06,127,W+32.5,4,True,False,False,,-1,26.8308,0
2026-06-18 23:20:31,110,W+21.5,3,True,False,False,,-1,26.8091,0
2026-06-18 23:20:38,34,W+9.5,2,True,False,False,,-1,26.5596,0
2026-06-18 23:21:09,162,W+48.5,5,True,False,False,,-1,26.5778,0
2026-06-18 23:21:43,162,W+70.5,3,True,False,False,,-1,26.5931,0
2026-06-18 23:22:16,162,B+48.5,2,True,False,False,,-1,26.6487,0
2026-06-18 23:22:41,127,B+26.5,11,True,False,False,,-1,26.6207,0
2026-06-18 23:23:00,96,W+18.5,3,True,False,False,,-1,26.4712,0
2026-06-18 23:23:42,162,B+33.5,4,True,False,False,,-1,26.7313,0
2026-06-18 23:24:12,162,B+70.5,11,True,False,False,,-1,26.752,0
2026-06-18 23:24:43,156,W+47.5,3,True,False,False,,-1,26.8405,0
2026-06-18 23:25:11,140,B+48.5,3,True,False,False,,-1,27.0267,0
2026-06-18 23:25:44,162,W+56.5,3,True,False,False,,-1,27.1278,0
2026-06-18 23:26:04,105,W+3.5,3,True,False,False,,-1,27.0338,0
2026-06-18 23:26:36,162,B+13.5,5,True,False,False,,-1,27.0458,0
2026-06-18 23:26:58,102,W+14.5,5,True,False,False,,-1,27.1852,0
2026-06-18 23:27:30,162,W+41.5,10,True,False,False,,-1,27.2438,0
2026-06-18 23:27:52,110,W+12.5,2,True,False,False,,-1,27.1699,0
2026-06-18 23:28:15,111,B+4.5,2,True,False,False,,-1,27.0557,0
2026-06-18 23:28:39,136,W+52.5,3,True,False,False,,-1,26.9451,0
2026-06-18 23:29:05,140,B+1.5,7,True,False,False,,-1,26.8758,0
2026-06-18 23:29:25,92,W+16.5,3,True,False,False,,-1,26.7557,0
2026-06-18 23:29:56,159,B+62.5,16,True,False,False,,-1,26.7808,0
2026-06-18 23:30:22,120,B+22.5,11,True,False,False,,-1,26.721,0
2026-06-18 23:30:47,108,W+17.5,3,True,False,False,,-1,26.7464,0
2026-06-18 23:31:06,82,W+10.5,2,True,False,False,,-1,26.714,0
2026-06-18 23:31:36,162,B+62.5,12,True,False,False,,-1,26.8782,0
2026-06-18 23:32:03,162,W+69.5,10,True,False,False,,-1,26.9074,0
2026-06-18 23:32:33,162,B+1.5,11,True,False,False,,-1,26.869,0
2026-06-18 23:33:07,162,W+37.5,7,True,False,False,,-1,26.8997,0
2026-06-18 23:33:43,162,W+85.5,10,True,False,False,,-1,26.9643,0
2026-06-18 23:34:08,136,W+43.5,15,True,False,False,,-1,27.0833,0
2026-06-18 23:34:31,113,W+3.5,4,True,False,False,,-1,27.0479,0
2026-06-18 23:34:56,123,B+33.5,7,True,False,False,,-1,27.0181,0
2026-06-18 23:35:19,116,W+39.5,2,True,False,False,,-1,26.9162,0
2026-06-18 23:35:47,157,B+70.5,14,True,False,False,,-1,26.9814,0
2026-06-18 23:36:22,162,B+31.5,2,True,False,False,,-1,26.9907,0
2026-06-18 23:36:51,143,B+52.5,19,True,False,False,,-1,26.9588,0
2026-06-18 23:37:09,102,W+9.5,4,True,False,False,,-1,26.8301,0
2026-06-18 23:37:28,97,W+7.5,3,True,False,False,,-1,26.7879,0
2026-06-18 23:37:50,103,B+15.5,3,True,False,False,,-1,26.8116,0
2026-06-18 23:38:25,162,B+15.5,2,True,False,False,,-1,26.8399,0
2026-06-18 23:38:59,162,W+71.5,6,True,False,False,,-1,26.9413,0
2026-06-18 23:39:27,162,B+63.5,17,True,False,False,,-1,26.8812,0
2026-06-18 23:39:55,162,W+82.5,21,True,False,False,,-1,26.8805,0
2026-06-18 23:40:30,147,B+37.5,5,True,False,False,,-1,26.9361,0
2026-06-18 23:40:58,162,B+61.5,10,True,False,False,,-1,26.9696,0
2026-06-18 23:41:21,100,W+39.5,3,True,False,False,,-1,26.8877,0
2026-06-18 23:41:56,162,B+59.5,3,True,False,False,,-1,26.9377,0
2026-06-18 23:42:25,162,W+70.5,10,True,False,False,,-1,26.8915,0
2026-06-18 23:43:07,153,B+55.5,6,True,False,False,,-1,27.1482,0
2026-06-18 23:43:26,83,B+6.5,2,True,False,False,,-1,27.1393,0
2026-06-18 23:44:01,156,B+58.5,5,True,False,False,,-1,27.1641,0
2026-06-18 23:44:32,160,W+52.5,3,True,False,False,,-1,27.149,0
2026-06-18 23:44:39,34,W+4.5,2,True,False,False,,-1,26.8763,0
2026-06-18 23:44:58,90,W+17.5,2,True,False,False,,-1,26.7233,0
2026-06-18 23:45:32,162,W+60.5,3,True,False,False,,-1,26.9035,0
2026-06-18 23:45:53,84,W+11.5,4,True,False,False,,-1,26.849,0
2026-06-18 23:46:16,120,W+1.5,7,True,False,False,,-1,26.6815,0
2026-06-18 23:46:43,134,W+39.5,6,True,False,False,,-1,26.6971,0
2026-06-18 23:47:26,162,W+44.5,5,True,False,False,,-1,26.8891,0
2026-06-18 23:47:58,142,B+45.5,4,True,False,False,,-1,26.9123,0
2026-06-18 23:48:20,115,B+3.5,6,True,False,False,,-1,26.8098,0
2026-06-18 23:48:42,104,B+10.5,4,True,False,False,,-1,26.8211,0
2026-06-18 23:49:17,162,W+45.5,8,True,False,False,,-1,26.766,0
2026-06-18 23:49:47,162,W+75.5,13,True,False,False,,-1,26.8414,0
2026-06-18 23:50:01,66,W+8.5,2,True,False,False,,-1,26.7683,0
2026-06-18 23:50:27,121,W+41.5,3,True,False,False,,-1,26.8205,0
2026-06-18 23:51:02,162,W+43.5,3,True,False,False,,-1,26.9854,0
2026-06-18 23:51:17,66,W+9.5,2,True,False,False,,-1,26.8013,0
2026-06-18 23:51:40,74,W+10.5,2,True,False,False,,-1,26.77,0
2026-06-18 23:52:02,102,W+24.5,2,True,False,False,,-1,26.6894,0
2026-06-18 23:52:29,162,B+64.5,12,True,False,False,,-1,26.6546,0
2026-06-18 23:52:56,147,B+48.5,8,True,False,False,,-1,26.7125,0
2026-06-18 23:53:24,141,W+69.5,6,True,False,False,,-1,26.6926,0
2026-06-18 23:53:44,96,B+0.5,2,True,False,False,,-1,26.6755,0
2026-06-18 23:54:18,162,W+79.5,11,True,False,False,,-1,26.6475,0
2026-06-18 23:54:52,162,W+34.5,6,True,False,False,,-1,26.7403,0
2026-06-18 23:55:22,162,B+64.5,15,True,False,False,,-1,26.8185,0
2026-06-18 23:55:51,162,B+54.5,12,True,False,False,,-1,26.8365,0
2026-06-18 23:56:21,130,W+45.5,6,True,False,False,,-1,26.8217,0
2026-06-18 23:56:49,157,W+75.5,11,True,False,False,,-1,26.8746,0
2026-06-18 23:57:21,105,W+14.5,3,True,False,False,,-1,26.8571,0
2026-06-18 23:57:28,32,W+7.5,2,True,False,False,,-1,26.5965,0
2026-06-18 23:57:52,113,B+20.5,3,True,False,False,,-1,26.5341,0
2026-06-18 23:58:14,93,B+7.5,3,True,False,False,,-1,26.5777,0
2026-06-18 23:58:46,162,W+80.5,13,True,False,False,,-1,26.6603,0
2026-06-18 23:59:16,139,B+32.5,3,True,False,False,,-1,26.9236,0
2026-06-18 23:59:56,162,B+54.5,5,True,False,False,,-1,26.9899,0
2026-06-19 00:00:30,162,B+34.5,6,True,False,False,,-1,27.0059,0
2026-06-19 00:01:03,162,B+38.5,9,True,False,False,,-1,27.104,0
2026-06-19 00:01:20,82,W+13.5,2,True,False,False,,-1,27.0905,0
2026-06-19 00:01:36,78,W+15.5,2,True,False,False,,-1,26.88,0
2026-06-19 00:02:00,99,W+2.5,3,True,False,False,,-1,26.8292,0
2026-06-19 00:02:13,60,W+7.5,2,True,False,False,,-1,26.678,0
2026-06-19 00:02:18,22,W+7.5,2,True,False,False,,-1,26.5202,0
2026-06-19 00:02:48,154,B+43.5,7,True,False,False,,-1,26.7397,0
2026-06-19 00:03:21,102,W+2.5,4,True,False,False,,-1,26.7305,0
2026-06-19 00:03:37,69,B+1.5,2,True,False,False,,-1,26.6187,0
2026-06-19 00:04:07,162,B+68.5,16,True,False,False,,-1,26.6624,0
2026-06-19 00:04:41,157,B+58.5,8,True,False,False,,-1,26.7533,0
2026-06-19 00:05:00,96,W+0.5,2,True,False,False,,-1,26.6869,0
2026-06-19 00:05:24,117,W+2.5,7,True,False,False,,-1,26.8594,0
2026-06-19 00:05:58,162,W+54.5,4,True,False,False,,-1,26.8863,0
2026-06-19 00:06:20,100,W+21.5,3,True,False,False,,-1,26.775,0
2026-06-19 00:06:40,100,B+0.5,2,True,False,False,,-1,26.6418,0
2026-06-19 00:07:10,131,B+36.5,13,True,False,False,,-1,26.6817,0
2026-06-19 00:07:41,162,W+88.5,9,True,False,False,,-1,26.8072,0
2026-06-19 00:08:13,162,B+68.5,12,True,False,False,,-1,26.7115,0
2026-06-19 00:08:33,95,B+4.5,4,True,False,False,,-1,26.6063,0
2026-06-19 00:08:55,116,B+8.5,5,True,False,False,,-1,26.5226,0
2026-06-19 00:09:26,131,W+54.5,5,True,False,False,,-1,26.554,0
2026-06-19 00:10:03,162,B+20.5,5,True,False,False,,-1,26.5831,0
2026-06-19 00:10:07,22,W+7.5,2,True,False,False,,-1,26.4308,0
2026-06-19 00:10:43,153,W+49.5,4,True,False,False,,-1,26.472,0
2026-06-19 00:11:00,82,W+1.5,2,True,False,False,,-1,26.4216,0
2026-06-19 00:11:24,117,B+37.5,2,True,False,False,,-1,26.3341,0
2026-06-19 00:11:55,145,B+43.5,5,True,False,False,,-1,26.4224,0
2026-06-19 00:12:14,102,B+5.5,5,True,False,False,,-1,26.3879,0
2026-06-19 00:12:45,162,W+3.5,11,True,False,False,,-1,26.4529,0
2026-06-19 00:13:13,162,B+59.5,10,True,False,False,,-1,26.4778,0
2026-06-19 00:13:37,90,W+24.5,5,True,False,False,,-1,26.5158,0
2026-06-19 00:14:09,162,W+88.5,19,True,False,False,,-1,26.5261,0
2026-06-19 00:14:32,102,B+2.5,5,True,False,False,,-1,26.4969,0
2026-06-19 00:15:06,162,B+52.5,10,True,False,False,,-1,26.5937,0
2026-06-19 00:15:25,86,W+3.5,3,True,False,False,,-1,26.5908,0
2026-06-19 00:15:48,115,B+3.5,4,True,False,False,,-1,26.5184,0
2026-06-19 00:16:23,162,B+47.5,5,True,False,False,,-1,26.5939,0
2026-06-19 00:16:45,95,B+17.5,3,True,False,False,,-1,26.5197,0
2026-06-19 00:17:14,162,W+76.5,17,True,False,False,,-1,26.467,0
2026-06-19 00:17:38,109,W+22.5,4,True,False,False,,-1,26.3458,0
2026-06-19 00:17:59,98,W+5.5,3,True,False,False,,-1,26.3014,0
2026-06-19 00:18:24,127,W+29.5,8,True,False,False,,-1,26.3293,0
2026-06-19 00:18:53,133,B+34.5,4,True,False,False,,-1,26.3716,0
2026-06-19 00:19:22,161,B+68.5,11,True,False,False,,-1,26.4246,0
2026-06-19 00:19:45,101,W+34.5,2,True,False,False,,-1,26.3814,0
2026-06-19 00:20:16,162,W+76.5,9,True,False,False,,-1,26.3403,0
2026-06-19 00:20:53,162,W+58.5,8,True,False,False,,-1,26.4141,0
2026-06-19 00:21:19,130,B+39.5,3,True,False,False,,-1,26.4982,0
2026-06-19 00:21:37,95,B+0.5,3,True,False,False,,-1,26.4885,0
2026-06-19 00:21:56,96,W+22.5,2,True,False,False,,-1,26.4539,0
2026-06-19 00:22:35,162,B+56.5,2,True,False,False,,-1,26.4905,0
2026-06-19 00:23:04,144,W+55.5,8,True,False,False,,-1,26.4455,0
2026-06-19 00:23:41,162,B+28.5,2,True,False,False,,-1,26.5305,0
2026-06-19 00:24:01,101,W+8.5,2,True,False,False,,-1,26.4621,0
2026-06-19 00:24:20,93,B+0.5,4,True,False,False,,-1,26.2976,0
2026-06-19 00:24:46,133,W+21.5,8,True,False,False,,-1,26.2699,0
2026-06-19 00:24:53,34,W+5.5,2,True,False,False,,-1,26.1147,0
2026-06-19 00:25:08,68,W+7.5,2,True,False,False,,-1,25.9245,0
2026-06-19 00:25:33,159,B+64.5,19,True,False,False,,-1,25.8814,0
2026-06-19 00:26:00,113,W+31.5,8,True,False,False,,-1,25.73,0
2026-06-19 00:26:31,162,B+31.5,4,True,False,False,,-1,25.851,0
2026-06-19 00:27:14,162,B+34.5,2,True,False,False,,-1,25.9262,0
2026-06-19 00:27:46,152,B+21.5,4,True,False,False,,-1,25.9321,0
2026-06-19 00:28:14,156,W+82.5,5,True,False,False,,-1,26.1527,0
2026-06-19 00:28:44,140,W+38.5,4,True,False,False,,-1,26.2575,0
2026-06-19 00:29:17,162,W+88.5,9,True,False,False,,-1,26.2533,0
2026-06-19 00:29:48,162,B+66.5,8,True,False,False,,-1,26.3559,0
2026-06-19 00:30:11,95,B+11.5,4,True,False,False,,-1,26.3543,0
2026-06-19 00:30:30,89,W+13.5,2,True,False,False,,-1,26.2752,0
2026-06-19 00:30:58,162,W+88.5,17,True,False,False,,-1,26.1217,0
2026-06-19 00:31:27,146,W+67.5,4,True,False,False,,-1,26.0911,0
2026-06-19 00:31:49,106,W+33.5,3,True,False,False,,-1,26.0865,0
2026-06-19 00:32:16,162,W+6.5,13,True,False,False,,-1,26.1422,0
2026-06-19 00:32:46,152,W+65.5,8,True,False,False,,-1,26.0886,0
2026-06-19 00:33:16,162,B+52.5,5,True,False,False,,-1,26.0923,0
2026-06-19 00:33:44,158,B+63.5,19,True,False,False,,-1,26.2317,0
2026-06-19 00:34:12,162,B+66.5,12,True,False,False,,-1,26.2562,0
2026-06-19 00:34:55,162,B+53.5,5,True,False,False,,-1,26.3332,0
2026-06-19 00:35:38,150,W+48.5,4,True,False,False,,-1,26.6011,0
2026-06-19 00:35:59,110,W+6.5,5,True,False,False,,-1,26.588,0
2026-06-19 00:36:17,95,B+4.5,2,True,False,False,,-1,26.5554,0
2026-06-19 00:36:47,162,W+82.5,16,True,False,False,,-1,26.5707,0
2026-06-19 00:37:13,121,W+5.5,5,True,False,False,,-1,26.5633,0
2026-06-19 00:37:44,158,B+57.5,16,True,False,False,,-1,26.5999,0
2026-06-19 00:38:10,133,B+28.5,3,True,False,False,,-1,26.6578,0
2026-06-19 00:38:33,106,B+5.5,3,True,False,False,,-1,26.5492,0
2026-06-19 00:39:06,159,B+58.5,12,True,False,False,,-1,26.543,0
2026-06-19 00:41:35,119,W+1.5,15,True,False,False,,-1,26.6682,1000
2026-06-19 00:42:13,141,W+2.5,20,True,False,False,,-1,26.7529,1000
2026-06-19 00:42:44,101,W+3.5,12,True,False,False,,-1,26.7741,1000
2026-06-19 00:43:20,125,W+2.5,8,True,False,False,,-1,26.8162,1000
2026-06-19 00:43:49,110,B+2.5,14,True,False,False,,-1,27.0393,1000
2026-06-19 00:44:14,98,B+0.5,9,True,False,False,,-1,27.0502,1000
2026-06-19 00:44:42,102,B+7.5,9,True,False,False,,-1,27.1058,1000
2026-06-19 00:45:13,118,B+9.5,15,True,False,False,,-1,27.0936,1000
2026-06-19 00:45:40,110,B+0.5,8,True,False,False,,-1,27.0668,1000
2026-06-19 00:46:14,116,W+14.5,13,True,False,False,,-1,27.005,1000
2026-06-19 00:46:45,107,W+0.5,8,True,False,False,,-1,26.9789,1000
2026-06-19 00:47:12,104,B+1.5,7,True,False,False,,-1,26.9204,1000
2026-06-19 00:47:46,127,W+0.5,16,True,False,False,,-1,27.0923,1000
2026-06-19 00:48:14,100,B+0.5,9,True,False,False,,-1,27.2103,1000
2026-06-19 00:48:43,110,B+0.5,13,True,False,False,,-1,27.2546,1000
2026-06-19 00:49:10,90,W+18.5,2,True,False,False,,-1,27.3926,1000
2026-06-19 00:49:47,131,W+6.5,14,True,False,False,,-1,27.7214,1000
2026-06-19 00:50:18,111,W+11.5,11,True,False,False,,-1,27.719,1000
2026-06-19 00:50:47,105,W+1.5,10,True,False,False,,-1,27.6834,1000
2026-06-19 00:51:22,119,W+6.5,8,True,False,False,,-1,27.8729,1000
2026-06-19 00:51:50,109,W+0.5,8,True,False,False,,-1,27.8549,1000
2026-06-19 00:52:23,125,W+1.5,10,True,False,False,,-1,27.8449,1000
2026-06-19 00:52:49,95,W+20.5,5,True,False,False,,-1,27.9103,1000
2026-06-19 00:53:19,113,W+11.5,12,True,False,False,,-1,27.9768,1000
2026-06-19 00:53:46,102,B+0.5,8,True,False,False,,-1,27.911,1000
2026-06-19 00:54:20,129,B+2.5,19,True,False,False,,-1,28.0235,1000
2026-06-19 00:54:48,111,W+11.5,18,True,False,False,,-1,28.1036,1000
2026-06-19 00:55:16,108,B+0.5,9,True,False,False,,-1,28.0942,1000
2026-06-19 00:55:48,115,W+12.5,9,True,False,False,,-1,28.0921,1000
2026-06-19 00:56:16,109,B+3.5,12,True,False,False,,-1,28.0547,1000
2026-06-19 00:56:50,132,B+1.5,17,True,False,False,,-1,28.1926,1000
2026-06-19 00:57:18,109,W+10.5,9,True,False,False,,-1,28.2561,1000
2026-06-19 00:57:49,107,W+4.5,9,True,False,False,,-1,28.2549,1000
2026-06-19 00:58:19,111,W+1.5,13,True,False,False,,-1,28.1884,1000
2026-06-19 00:58:45,91,B+4.5,5,True,False,False,,-1,28.4097,1000
2026-06-19 00:59:13,107,B+2.5,11,True,False,False,,-1,28.3289,1000
2026-06-19 00:59:45,121,W+0.5,18,True,False,False,,-1,28.4758,1000
2026-06-19 01:00:23,133,W+0.5,17,True,False,False,,-1,28.6127,1000
2026-06-19 01:00:52,105,W+15.5,6,True,False,False,,-1,28.601,1000
2026-06-19 01:01:36,161,W+4.5,17,True,False,False,,-1,28.8495,1000
2026-06-19 01:02:08,119,W+2.5,12,True,False,False,,-1,28.8642,1000
2026-06-19 01:02:39,122,B+3.5,16,True,False,False,,-1,28.8837,1000
2026-06-19 01:02:56,62,W+8.5,2,True,False,False,,-1,28.8242,1000
2026-06-19 01:03:30,118,B+1.5,14,True,False,False,,-1,28.84,1000
2026-06-19 01:03:55,96,B+0.5,6,True,False,False,,-1,28.8571,1000
2026-06-19 01:04:26,121,W+2.5,21,True,False,False,,-1,28.8222,1000
2026-06-19 01:04:49,89,W+3.5,10,True,False,False,,-1,28.863,1000
2026-06-19 01:05:28,129,W+8.5,8,True,False,False,,-1,29.0342,1000
2026-06-19 01:05:58,109,W+2.5,7,True,False,False,,-1,28.9772,1000
2026-06-19 01:06:29,125,B+1.5,8,True,False,False,,-1,29.0697,1000
2026-06-19 01:06:57,101,W+0.5,8,True,False,False,,-1,29.056,1000
2026-06-19 01:07:25,101,W+0.5,13,True,False,False,,-1,29.0985,1000
2026-06-19 01:08:01,129,B+17.5,17,True,False,False,,-1,29.2499,1000
2026-06-19 01:08:07,24,W+7.5,2,True,False,False,,-1,29.0518,1000
2026-06-19 01:08:36,104,B+6.5,13,True,False,False,,-1,29.0602,1000
2026-06-19 01:09:02,97,B+3.5,7,True,False,False,,-1,29.0298,1000
2026-06-19 01:09:34,123,W+3.5,9,True,False,False,,-1,29.1161,1000
2026-06-19 01:10:16,161,W+40.5,21,True,False,False,,-1,29.224,1000
2026-06-19 01:10:53,135,B+13.5,11,True,False,False,,-1,29.2281,1000
2026-06-19 01:11:21,109,B+3.5,11,True,False,False,,-1,29.2501,1000
2026-06-19 01:11:57,121,W+2.5,19,True,False,False,,-1,29.419,1000
2026-06-19 01:12:38,147,W+1.5,11,True,False,False,,-1,29.6448,1000
2026-06-19 01:13:09,112,W+4.5,7,True,False,False,,-1,29.5737,1000
2026-06-19 01:13:47,162,W+30.5,30,True,False,False,,-1,29.6586,1000
2026-06-19 01:14:20,119,W+1.5,11,True,False,False,,-1,29.6249,1000
2026-06-19 01:14:58,129,W+2.5,19,True,False,False,,-1,29.7894,1000
2026-06-19 01:15:27,101,W+0.5,11,True,False,False,,-1,29.8988,1000
2026-06-19 01:15:54,99,W+12.5,6,True,False,False,,-1,29.9064,1000
2026-06-19 01:16:00,22,W+7.5,2,True,False,False,,-1,29.9012,1000
2026-06-19 01:16:41,160,B+6.5,25,True,False,False,,-1,30.1502,1000
2026-06-19 01:17:16,128,B+0.5,11,True,False,False,,-1,30.2546,1000
2026-06-19 01:17:49,109,W+6.5,10,True,False,False,,-1,30.3187,1000
2026-06-19 01:18:22,115,W+0.5,14,True,False,False,,-1,30.3391,1000
2026-06-19 01:18:50,105,W+1.5,9,True,False,False,,-1,30.1883,1000
2026-06-19 01:19:27,138,B+5.5,13,True,False,False,,-1,30.2418,1000
2026-06-19 01:19:56,100,W+6.5,7,True,False,False,,-1,30.2454,1000
2026-06-19 01:20:26,117,W+11.5,12,True,False,False,,-1,30.248,1000
2026-06-19 01:21:02,129,W+0.5,14,True,False,False,,-1,30.2762,1000
2026-06-19 01:21:29,102,B+1.5,7,True,False,False,,-1,30.2378,1000
2026-06-19 01:22:00,109,W+1.5,11,True,False,False,,-1,30.3174,1000
2026-06-19 01:22:36,128,B+1.5,8,True,False,False,,-1,30.4834,1000
2026-06-19 01:23:11,128,B+2.5,17,True,False,False,,-1,30.5546,1000
2026-06-19 01:23:44,119,W+2.5,8,True,False,False,,-1,30.5979,1000
2026-06-19 01:24:16,118,B+0.5,8,True,False,False,,-1,30.6994,1000
2026-06-19 01:24:36,71,B+1.5,3,True,False,False,,-1,30.6266,1000
2026-06-19 01:24:55,72,W+8.5,2,True,False,False,,-1,30.52,1000
2026-06-19 01:25:25,98,B+0.5,5,True,False,False,,-1,30.5136,1000
2026-06-19 01:26:05,161,W+2.5,37,True,False,False,,-1,30.6336,1000
2026-06-19 01:26:33,105,W+2.5,11,True,False,False,,-1,30.6333,1000
2026-06-19 01:26:57,96,B+2.5,6,True,False,False,,-1,30.4415,1000
2026-06-19 01:27:33,132,B+1.5,11,True,False,False,,-1,30.3799,1000
2026-06-19 01:28:09,121,W+2.5,11,True,False,False,,-1,30.531,1000
2026-06-19 01:28:38,105,W+1.5,11,True,False,False,,-1,30.6338,1000
2026-06-19 01:29:14,134,B+0.5,16,True,False,False,,-1,30.7016,1000
2026-06-19 01:29:42,109,W+2.5,9,True,False,False,,-1,30.724,1000
2026-06-19 01:30:12,108,B+0.5,14,True,False,False,,-1,30.7052,1000
2026-06-19 01:30:50,127,W+3.5,18,True,False,False,,-1,30.8212,1000
2026-06-19 01:31:17,110,B+0.5,6,True,False,False,,-1,30.8608,1000
2026-06-19 01:31:53,123,W+2.5,16,True,False,False,,-1,30.8887,1000
2026-06-19 01:32:22,108,B+0.5,10,True,False,False,,-1,30.799,1000
2026-06-19 01:32:58,128,B+0.5,9,True,False,False,,-1,30.8308,1000
2026-06-19 01:33:40,162,W+22.5,25,True,False,False,,-1,30.8586,1000
2026-06-19 01:34:14,125,W+1.5,11,True,False,False,,-1,30.9,1000
2026-06-19 01:34:31,68,W+15.5,2,True,False,False,,-1,30.712,1000
2026-06-19 01:34:58,92,W+7.5,4,True,False,False,,-1,30.6882,1000
2026-06-19 01:35:26,105,W+1.5,13,True,False,False,,-1,30.7174,1000
2026-06-19 01:35:58,111,W+2.5,14,True,False,False,,-1,30.7526,1000
2026-06-19 01:36:30,106,W+10.5,4,True,False,False,,-1,30.7719,1000
2026-06-19 01:37:00,107,W+4.5,7,True,False,False,,-1,30.7994,1000
2026-06-19 01:37:20,78,W+25.5,2,True,False,False,,-1,30.6599,1000
2026-06-19 01:37:59,162,B+18.5,23,True,False,False,,-1,30.735,1000
2026-06-19 01:38:32,130,B+14.5,12,True,False,False,,-1,30.7999,1000
2026-06-19 01:39:02,125,W+3.5,14,True,False,False,,-1,30.7594,1000
2026-06-19 01:39:32,116,B+4.5,9,True,False,False,,-1,30.7726,1000
2026-06-19 01:39:59,97,W+5.5,5,True,False,False,,-1,30.7518,1000
2026-06-19 01:40:23,85,B+6.5,2,True,False,False,,-1,30.7317,1000
2026-06-19 01:40:54,110,B+3.5,6,True,False,False,,-1,30.6688,1000
2026-06-19 01:41:03,30,W+7.5,2,True,False,False,,-1,30.4502,1000
2026-06-19 01:41:34,119,W+1.5,9,True,False,False,,-1,30.4694,1000
2026-06-19 01:42:02,106,W+36.5,6,True,False,False,,-1,30.3951,1000
2026-06-19 01:42:44,162,B+9.5,24,True,False,False,,-1,30.542,1000
2026-06-19 01:42:49,20,W+7.5,2,True,False,False,,-1,30.2569,1000
2026-06-19 01:43:21,112,W+2.5,10,True,False,False,,-1,30.3229,1000
2026-06-19 01:43:30,36,W+7.5,2,True,False,False,,-1,30.1029,1000
2026-06-19 01:43:59,103,W+1.5,8,True,False,False,,-1,30.1227,1000
2026-06-19 01:44:33,133,W+4.5,19,True,False,False,,-1,30.1275,1000
2026-06-19 01:45:07,119,W+3.5,11,True,False,False,,-1,30.1919,1000
2026-06-19 01:45:34,97,W+2.5,7,True,False,False,,-1,30.1695,1000
2026-06-19 01:46:04,111,W+5.5,13,True,False,False,,-1,30.1545,1000
2026-06-19 01:46:35,108,B+3.5,3,True,False,False,,-1,30.1881,1000
2026-06-19 01:47:09,116,B+2.5,12,True,False,False,,-1,30.1929,1000
2026-06-19 01:47:39,118,B+0.5,9,True,False,False,,-1,30.2019,1000
2026-06-19 01:48:07,107,W+3.5,6,True,False,False,,-1,30.1828,1000
2026-06-19 01:48:45,147,W+0.5,21,True,False,False,,-1,30.2586,1000
2026-06-19 01:49:21,136,B+1.5,22,True,False,False,,-1,30.3541,1000
2026-06-19 01:49:53,112,B+2.5,8,True,False,False,,-1,30.3967,1000
2026-06-19 01:50:26,121,B+5.5,7,True,False,False,,-1,30.4099,1000
2026-06-19 01:50:55,104,B+2.5,6,True,False,False,,-1,30.3174,1000
2026-06-19 01:51:21,93,W+0.5,8,True,False,False,,-1,30.2802,1000
2026-06-19 01:51:37,62,W+9.5,2,True,False,False,,-1,30.0065,1000
2026-06-19 01:52:20,162,B+16.5,32,True,False,False,,-1,30.1158,1000
2026-06-19 01:52:50,108,B+2.5,8,True,False,False,,-1,30.1064,1000
2026-06-19 01:53:22,120,B+7.5,8,True,False,False,,-1,30.2508,1000
2026-06-19 01:53:56,121,W+11.5,16,True,False,False,,-1,30.2544,1000
2026-06-19 01:54:13,64,W+12.5,3,True,False,False,,-1,30.1802,1000
2026-06-19 01:54:26,42,W+6.5,2,True,False,False,,-1,29.9956,1000
2026-06-19 01:54:55,109,W+3.5,8,True,False,False,,-1,30.0593,1000
2026-06-19 01:55:21,104,B+2.5,7,True,False,False,,-1,29.928,1000
2026-06-19 01:55:59,146,B+2.5,22,True,False,False,,-1,30.007,1000
2026-06-19 01:56:31,119,W+0.5,18,True,False,False,,-1,30.0124,1000
2026-06-19 01:57:03,112,B+0.5,15,True,False,False,,-1,30.0592,1000
2026-06-19 01:57:32,103,W+0.5,8,True,False,False,,-1,30.0671,1000
2026-06-19 01:58:07,130,B+3.5,13,True,False,False,,-1,30.0556,1000
2026-06-19 01:58:39,121,W+0.5,15,True,False,False,,-1,30.316,1000
2026-06-19 01:59:06,114,B+2.5,12,True,False,False,,-1,30.2974,1000
2026-06-19 01:59:39,116,W+12.5,8,True,False,False,,-1,30.3623,1000
2026-06-19 02:00:08,121,W+12.5,11,True,False,False,,-1,30.341,1000
2026-06-19 02:00:38,114,B+5.5,10,True,False,False,,-1,30.2133,1000
2026-06-19 02:01:07,107,W+13.5,9,True,False,False,,-1,30.1389,1000
2026-06-19 02:01:40,115,W+2.5,10,True,False,False,,-1,30.1887,1000
2026-06-19 02:02:08,102,W+15.5,8,True,False,False,,-1,30.1135,1000
2026-06-19 02:02:38,105,W+1.5,6,True,False,False,,-1,29.9967,1000
2026-06-19 02:03:09,127,W+15.5,21,True,False,False,,-1,29.995,1000
2026-06-19 02:03:42,118,B+1.5,13,True,False,False,,-1,29.9438,1000
2026-06-19 02:04:11,111,B+1.5,7,True,False,False,,-1,29.9013,1000
2026-06-19 02:04:40,112,B+1.5,11,True,False,False,,-1,29.8209,1000
2026-06-19 02:05:09,97,W+8.5,8,True,False,False,,-1,29.8162,1000
2026-06-19 02:05:51,144,B+0.5,19,True,False,False,,-1,29.975,1000
2026-06-19 02:06:20,106,W+2.5,6,True,False,False,,-1,30.2009,1000
2026-06-19 02:06:51,115,W+32.5,11,True,False,False,,-1,30.0975,1000
2026-06-19 02:07:21,114,B+3.5,13,True,False,False,,-1,30.0476,1000
2026-06-19 02:07:58,140,B+1.5,22,True,False,False,,-1,30.0903,1000
2026-06-19 02:08:28,113,W+5.5,18,True,False,False,,-1,30.0539,1000
2026-06-19 02:08:53,96,B+6.5,10,True,False,False,,-1,30.0296,1000
2026-06-19 02:09:22,102,B+2.5,12,True,False,False,,-1,29.9473,1000
2026-06-19 02:09:39,64,W+16.5,2,True,False,False,,-1,29.8287,1000
2026-06-19 02:10:12,126,B+0.5,10,True,False,False,,-1,29.8616,1000
2026-06-19 02:10:52,159,B+2.5,18,True,False,False,,-1,29.898,1000
2026-06-19 02:11:24,111,W+2.5,8,True,False,False,,-1,29.9441,1000
2026-06-19 02:11:51,95,B+12.5,2,True,False,False,,-1,29.9013,1000
2026-06-19 02:12:29,140,B+2.5,15,True,False,False,,-1,29.9251,1000
2026-06-19 02:12:57,110,B+4.5,8,True,False,False,,-1,29.8574,1000
2026-06-19 02:13:25,94,W+19.5,3,True,False,False,,-1,29.8025,1000
2026-06-19 02:13:58,128,B+4.5,23,True,False,False,,-1,29.8204,1000
2026-06-19 02:14:06,26,W+7.5,2,True,False,False,,-1,29.698,1000
2026-06-19 02:14:37,111,B+0.5,11,True,False,False,,-1,29.8137,1000
2026-06-19 02:15:05,92,W+7.5,3,True,False,False,,-1,29.795,1000
2026-06-19 02:15:16,40,W+7.5,2,True,False,False,,-1,29.511,1000
2026-06-19 02:15:42,102,B+1.5,11,True,False,False,,-1,29.4909,1000
2026-06-19 02:16:09,97,W+7.5,11,True,False,False,,-1,29.5193,1000
2026-06-19 02:16:39,117,W+0.5,17,True,False,False,,-1,29.4625,1000
2026-06-19 02:16:48,38,W+7.5,2,True,False,False,,-1,29.1897,1000
2026-06-19 02:17:23,136,B+7.5,18,True,False,False,,-1,29.2474,1000
2026-06-19 02:18:00,129,W+5.5,13,True,False,False,,-1,29.2512,1000
2026-06-19 02:18:29,106,B+1.5,9,True,False,False,,-1,29.2648,1000
2026-06-19 02:18:58,108,B+3.5,7,True,False,False,,-1,29.2582,1000
2026-06-19 02:19:31,131,W+1.5,16,True,False,False,,-1,29.2134,1000
2026-06-19 02:19:59,98,B+4.5,8,True,False,False,,-1,29.2232,1000
2026-06-19 02:20:25,98,B+0.5,7,True,False,False,,-1,29.1267,1000
2026-06-19 02:20:51,98,B+1.5,9,True,False,False,,-1,29.0897,1000
2026-06-19 02:21:18,97,W+1.5,9,True,False,False,,-1,29.0002,1000
2026-06-19 02:21:48,107,W+2.5,13,True,False,False,,-1,28.8815,1000
2026-06-19 02:22:12,100,B+4.5,11,True,False,False,,-1,28.779,1000
2026-06-19 02:22:43,118,B+13.5,11,True,False,False,,-1,28.9124,1000
2026-06-19 02:23:19,129,W+0.5,15,True,False,False,,-1,29.0047,1000
2026-06-19 02:23:50,120,B+1.5,15,True,False,False,,-1,29.0333,1000
2026-06-19 02:24:29,134,B+1.5,11,True,False,False,,-1,29.1115,1000
2026-06-19 02:24:58,102,B+3.5,12,True,False,False,,-1,29.0715,1000
2026-06-19 02:25:27,102,B+0.5,9,True,False,False,,-1,29.0637,1000
2026-06-19 02:25:46,71,B+6.5,3,True,False,False,,-1,29.0603,1000
2026-06-19 02:26:13,102,W+2.5,6,True,False,False,,-1,28.9379,1000
2026-06-19 02:26:48,140,B+2.5,27,True,False,False,,-1,28.951,1000
2026-06-19 02:27:15,100,B+3.5,9,True,False,False,,-1,28.9184,1000
2026-06-19 02:27:45,117,W+7.5,16,True,False,False,,-1,28.9332,1000
2026-06-19 02:28:12,97,B+2.5,3,True,False,False,,-1,28.928,1000
2026-06-19 02:28:40,106,B+3.5,8,True,False,False,,-1,28.9723,1000
2026-06-19 02:29:07,102,B+2.5,5,True,False,False,,-1,28.9273,1000
2026-06-19 02:29:45,136,B+2.5,12,True,False,False,,-1,29.2207,1000
2026-06-19 02:30:14,106,B+0.5,9,True,False,False,,-1,29.2029,1000
2026-06-19 02:30:48,115,W+0.5,10,True,False,False,,-1,29.2651,1000
2026-06-19 02:31:24,121,W+4.5,15,True,False,False,,-1,29.1963,1000
2026-06-19 02:31:54,109,W+2.5,10,True,False,False,,-1,29.4461,1000
2026-06-19 02:32:19,97,W+0.5,9,True,False,False,,-1,29.3796,1000
2026-06-19 02:32:53,121,W+0.5,13,True,False,False,,-1,29.634,1000
2026-06-19 02:33:23,106,B+3.5,9,True,False,False,,-1,29.6361,1000
2026-06-19 02:33:51,113,W+11.5,13,True,False,False,,-1,29.5784,1000
2026-06-19 02:34:23,110,B+4.5,9,True,False,False,,-1,29.5554,1000
2026-06-19 02:34:38,56,W+10.5,2,True,False,False,,-1,29.4437,1000
2026-06-19 02:35:10,115,W+1.5,11,True,False,False,,-1,29.4643,1000
2026-06-19 02:35:38,116,W+14.5,10,True,False,False,,-1,29.4307,1000
2026-06-19 02:35:53,56,W+4.5,2,True,False,False,,-1,29.239,1000
2026-06-19 02:36:27,130,B+2.5,19,True,False,False,,-1,29.2758,1000
2026-06-19 02:36:57,110,B+1.5,6,True,False,False,,-1,29.2975,1000
2026-06-19 02:37:32,129,W+21.5,6,True,False,False,,-1,29.267,1000
2026-06-19 02:38:01,108,B+0.5,10,True,False,False,,-1,29.1962,1000
2026-06-19 02:38:32,118,B+2.5,18,True,False,False,,-1,29.184,1000
2026-06-19 02:39:00,99,W+1.5,7,True,False,False,,-1,29.1315,1000
2026-06-19 02:39:37,129,W+14.5,18,True,False,False,,-1,29.2259,1000
2026-06-19 02:40:09,112,B+2.5,9,True,False,False,,-1,29.2833,1000
2026-06-19 02:40:38,109,W+2.5,6,True,False,False,,-1,29.4073,1000
2026-06-19 02:41:09,112,B+4.5,10,True,False,False,,-1,29.2916,1000
2026-06-19 02:41:37,103,W+0.5,10,True,False,False,,-1,29.2692,1000
2026-06-19 02:42:12,126,B+25.5,11,True,False,False,,-1,29.2977,1000
2026-06-19 02:42:39,108,B+0.5,12,True,False,False,,-1,29.2287,1000
2026-06-19 02:43:15,127,B+8.5,10,True,False,False,,-1,29.4096,1000
2026-06-19 02:43:24,30,W+6.5,2,True,False,False,,-1,29.3782,1000
2026-06-19 02:43:50,102,B+1.5,8,True,False,False,,-1,29.3533,1000
2026-06-19 02:44:23,126,B+1.5,17,True,False,False,,-1,29.412,1000
2026-06-19 02:44:49,102,W+7.5,9,True,False,False,,-1,29.3035,1000
2026-06-19 02:45:21,110,B+1.5,9,True,False,False,,-1,29.295,1000
2026-06-19 02:45:51,109,W+1.5,7,True,False,False,,-1,29.2826,1000
2026-06-19 02:46:20,101,W+0.5,6,True,False,False,,-1,29.2754,1000
2026-06-19 02:47:01,151,W+4.5,29,True,False,False,,-1,29.3373,1000
2026-06-19 02:47:34,123,W+4.5,11,True,False,False,,-1,29.3464,1000
2026-06-19 02:48:09,123,W+1.5,14,True,False,False,,-1,29.4296,1000
2026-06-19 02:48:40,117,W+2.5,8,True,False,False,,-1,29.415,1000
2026-06-19 02:49:12,115,W+1.5,16,True,False,False,,-1,29.4341,1000
2026-06-19 02:49:36,95,W+5.5,11,True,False,False,,-1,29.3811,1000
2026-06-19 02:50:05,102,B+1.5,6,True,False,False,,-1,29.3749,1000
2026-06-19 02:50:36,108,B+2.5,10,True,False,False,,-1,29.3572,1000
2026-06-19 02:51:09,120,B+3.5,9,True,False,False,,-1,29.4008,1000
2026-06-19 02:51:42,118,B+2.5,16,True,False,False,,-1,29.4369,1000
2026-06-19 02:52:20,143,W+22.5,19,True,False,False,,-1,29.5017,1000
2026-06-19 02:52:50,117,W+2.5,11,True,False,False,,-1,29.4829,1000
2026-06-19 02:53:17,98,B+1.5,6,True,False,False,,-1,29.4601,1000
2026-06-19 02:53:47,105,W+1.5,9,True,False,False,,-1,29.4663,1000
2026-06-19 02:54:16,108,B+2.5,6,True,False,False,,-1,29.4725,1000
2026-06-19 02:54:49,109,B+10.5,3,True,False,False,,-1,29.3694,1000
2026-06-19 02:55:14,99,W+2.5,12,True,False,False,,-1,29.3379,1000
2026-06-19 02:55:46,112,B+1.5,7,True,False,False,,-1,29.3547,1000
2026-06-19 02:56:21,130,B+4.5,13,True,False,False,,-1,29.3917,1000
2026-06-19 02:56:48,98,B+1.5,7,True,False,False,,-1,29.2985,1000
2026-06-19 02:57:13,94,B+2.5,7,True,False,False,,-1,29.2465,1000
2026-06-19 02:57:42,110,B+1.5,14,True,False,False,,-1,29.2872,1000
2026-06-19 02:58:11,101,W+0.5,9,True,False,False,,-1,29.2839,1000
2026-06-19 02:58:42,113,W+2.5,10,True,False,False,,-1,29.4254,1000
2026-06-19 02:59:10,101,W+1.5,10,True,False,False,,-1,29.3762,1000
2026-06-19 02:59:37,99,W+0.5,11,True,False,False,,-1,29.2403,1000
2026-06-19 03:00:09,114,B+2.5,14,True,False,False,,-1,29.2505,1000
2026-06-19 03:00:34,84,W+6.5,3,True,False,False,,-1,29.2276,1000
2026-06-19 03:01:02,119,W+2.5,16,True,False,False,,-1,29.1339,1000
2026-06-19 03:01:28,99,W+0.5,10,True,False,False,,-1,29.1117,1000
2026-06-19 03:01:58,111,W+1.5,16,True,False,False,,-1,29.1269,1000
2026-06-19 03:02:27,101,W+0.5,8,True,False,False,,-1,29.0877,1000
2026-06-19 03:03:04,132,B+0.5,16,True,False,False,,-1,29.3715,1000
2026-06-19 03:03:30,95,W+0.5,9,True,False,False,,-1,29.3263,1000
2026-06-19 03:04:03,109,W+0.5,8,True,False,False,,-1,29.378,1000
2026-06-19 03:04:34,107,W+4.5,5,True,False,False,,-1,29.5721,1000
2026-06-19 03:05:00,99,B+9.5,9,True,False,False,,-1,29.5734,1000
2026-06-19 03:05:28,102,B+1.5,7,True,False,False,,-1,29.5906,1000
2026-06-19 03:05:34,24,W+7.5,2,True,False,False,,-1,29.3453,1000
2026-06-19 03:06:00,99,W+0.5,10,True,False,False,,-1,29.5143,1000
2026-06-19 03:06:31,106,W+5.5,8,True,False,False,,-1,29.4719,1000
2026-06-19 03:07:00,110,B+2.5,7,True,False,False,,-1,29.3984,1000
2026-06-19 03:07:42,162,W+22.5,25,True,False,False,,-1,29.5312,1000
2026-06-19 03:08:20,127,B+11.5,12,True,False,False,,-1,29.6182,1000
2026-06-19 03:08:48,105,W+6.5,11,True,False,False,,-1,29.5679,1000
2026-06-19 03:09:15,102,B+2.5,8,True,False,False,,-1,29.5514,1000
2026-06-19 03:09:43,105,W+2.5,11,True,False,False,,-1,29.568,1000
2026-06-19 03:10:12,111,B+0.5,10,True,False,False,,-1,29.6074,1000
2026-06-19 03:10:43,110,B+8.5,9,True,False,False,,-1,29.6449,1000
2026-06-19 03:11:11,103,W+2.5,8,True,False,False,,-1,29.6282,1000
2026-06-19 03:11:55,162,W+13.5,15,True,False,False,,-1,29.8244,1000
2026-06-19 03:12:32,147,W+0.5,25,True,False,False,,-1,29.8867,1000
2026-06-19 03:13:03,111,W+16.5,16,True,False,False,,-1,29.8442,1000
2026-06-19 03:13:33,112,B+2.5,12,True,False,False,,-1,29.8367,1000
2026-06-19 03:14:19,162,B+1.5,18,True,False,False,,-1,29.8935,1000
2026-06-19 03:14:53,126,B+5.5,10,True,False,False,,-1,29.9465,1000
2026-06-19 03:15:30,127,W+9.5,16,True,False,False,,-1,30.0333,1000
2026-06-19 03:15:55,92,B+0.5,4,True,False,False,,-1,30.0853,1000
2026-06-19 03:16:21,93,W+8.5,5,True,False,False,,-1,30.0809,1000
2026-06-19 03:16:48,104,B+1.5,4,True,False,False,,-1,30.0059,1000
2026-06-19 03:17:19,110,B+1.5,6,True,False,False,,-1,30.038,1000
2026-06-19 03:17:50,107,W+4.5,10,True,False,False,,-1,30.0381,1000
2026-06-19 03:18:23,124,B+0.5,10,True,False,False,,-1,30.1112,1000
2026-06-19 03:18:55,110,B+0.5,10,True,False,False,,-1,30.1407,1000
2026-06-19 03:19:27,115,B+0.5,12,True,False,False,,-1,30.197,1000
2026-06-19 03:20:02,124,B+0.5,12,True,False,False,,-1,30.1681,1000
2026-06-19 03:20:31,103,B+1.5,6,True,False,False,,-1,30.1593,1000
2026-06-19 03:21:01,113,W+6.5,9,True,False,False,,-1,30.1226,1000
2026-06-19 03:21:27,99,W+0.5,11,True,False,False,,-1,30.0306,1000
2026-06-19 03:21:44,62,W+11.5,2,True,False,False,,-1,29.8953,1000
2026-06-19 03:22:10,97,W+3.5,9,True,False,False,,-1,29.9,1000
2026-06-19 03:22:40,104,B+0.5,7,True,False,False,,-1,29.8623,1000
2026-06-19 03:23:07,95,W+0.5,7,True,False,False,,-1,29.845,1000
2026-06-19 03:23:49,145,W+45.5,16,True,False,False,,-1,29.9729,1000
2026-06-19 03:24:21,121,W+2.5,13,True,False,False,,-1,29.9831,1000
2026-06-19 03:24:53,117,W+0.5,13,True,False,False,,-1,30.1429,1000
2026-06-19 03:25:19,108,B+1.5,9,True,False,False,,-1,30.0854,1000
2026-06-19 03:25:52,120,B+3.5,9,True,False,False,,-1,30.1354,1000
2026-06-19 03:26:14,79,B+10.5,4,True,False,False,,-1,30.2074,1000
2026-06-19 03:26:42,105,W+3.5,10,True,False,False,,-1,30.1561,1000
2026-06-19 03:27:22,162,B+17.5,14,True,False,False,,-1,30.2392,1000
2026-06-19 03:27:53,113,B+3.5,7,True,False,False,,-1,30.2091,1000
2026-06-19 03:28:24,108,B+2.5,7,True,False,False,,-1,30.2309,1000
2026-06-19 03:28:53,106,B+1.5,9,True,False,False,,-1,30.2099,1000
2026-06-19 03:29:24,99,B+6.5,5,True,False,False,,-1,30.2417,1000
2026-06-19 03:29:58,111,B+2.5,5,True,False,False,,-1,30.2021,1000
2026-06-19 03:30:25,108,B+0.5,14,True,False,False,,-1,30.1603,1000
2026-06-19 03:30:31,22,W+7.5,2,True,False,False,,-1,29.9216,1000
2026-06-19 03:30:58,107,W+7.5,8,True,False,False,,-1,29.8797,1000
2026-06-19 03:31:31,119,W+17.5,12,True,False,False,,-1,29.9425,1000
2026-06-19 03:32:16,161,W+8.5,28,True,False,False,,-1,30.041,1000
2026-06-19 03:32:55,161,W+5.5,33,True,False,False,,-1,30.1611,1000
2026-06-19 03:33:27,110,W+32.5,11,True,False,False,,-1,30.1164,1000
2026-06-19 03:33:58,111,W+1.5,11,True,False,False,,-1,30.3369,1000
2026-06-19 03:34:29,112,W+6.5,12,True,False,False,,-1,30.3845,1000
2026-06-19 03:35:11,162,B+1.5,24,True,False,False,,-1,30.4824,1000
2026-06-19 03:35:38,97,W+4.5,6,True,False,False,,-1,30.4854,1000
2026-06-19 03:36:05,101,B+10.5,13,True,False,False,,-1,30.4454,1000
2026-06-19 03:36:33,99,W+2.5,10,True,False,False,,-1,30.4138,1000
2026-06-19 03:37:06,116,B+0.5,6,True,False,False,,-1,30.4567,1000
2026-06-19 03:37:33,114,B+0.5,11,True,False,False,,-1,30.3235,1000
2026-06-19 03:38:07,123,W+28.5,10,True,False,False,,-1,30.3347,1000
2026-06-19 03:38:38,110,B+1.5,9,True,False,False,,-1,30.284,1000
2026-06-19 03:39:19,157,W+28.5,22,True,False,False,,-1,30.3842,1000
2026-06-19 03:40:00,154,B+7.5,30,True,False,False,,-1,30.4829,1000
2026-06-19 03:40:31,110,B+1.5,6,True,False,False,,-1,30.5428,1000
2026-06-19 03:40:58,107,W+0.5,10,True,False,False,,-1,30.5313,1000
2026-06-19 03:41:20,78,W+17.5,3,True,False,False,,-1,30.4366,1000
2026-06-19 03:41:49,109,B+1.5,9,True,False,False,,-1,30.4049,1000
2026-06-19 03:42:25,131,W+0.5,8,True,False,False,,-1,30.4319,1000
2026-06-19 03:42:52,97,W+3.5,8,True,False,False,,-1,30.3172,1000
2026-06-19 03:43:05,48,W+14.5,2,True,False,False,,-1,30.1388,1000
2026-06-19 03:43:30,100,B+2.5,9,True,False,False,,-1,30.1267,1000
2026-06-19 03:43:58,103,W+14.5,5,True,False,False,,-1,30.1086,1000
2026-06-19 03:44:29,117,W+0.5,11,True,False,False,,-1,30.1259,1000
2026-06-19 03:45:07,138,B+0.5,16,True,False,False,,-1,30.1855,1000
2026-06-19 03:45:44,142,B+6.5,28,True,False,False,,-1,30.2903,1000
2026-06-19 03:46:13,105,W+0.5,8,True,False,False,,-1,30.2616,1000
2026-06-19 03:46:39,92,B+1.5,8,True,False,False,,-1,30.1852,1000
2026-06-19 03:47:18,138,B+1.5,15,True,False,False,,-1,30.2969,1000
2026-06-19 03:47:52,116,B+3.5,9,True,False,False,,-1,30.3871,1000
2026-06-19 03:48:20,107,W+3.5,7,True,False,False,,-1,30.3793,1000
2026-06-19 03:48:50,103,W+3.5,12,True,False,False,,-1,30.3882,1000
2026-06-19 03:49:26,134,B+3.5,21,True,False,False,,-1,30.441,1000
2026-06-19 03:49:59,110,B+0.5,8,True,False,False,,-1,30.4836,1000
2026-06-19 03:50:21,72,W+16.5,4,True,False,False,,-1,30.4403,1000
2026-06-19 03:50:55,127,W+5.5,19,True,False,False,,-1,30.4551,1000
2026-06-19 03:51:27,109,W+7.5,8,True,False,False,,-1,30.5333,1000
2026-06-19 03:52:00,118,B+1.5,8,True,False,False,,-1,30.5791,1000
2026-06-19 03:52:28,108,B+0.5,8,True,False,False,,-1,30.5962,1000
2026-06-19 03:52:59,122,W+2.5,16,True,False,False,,-1,30.6093,1000
2026-06-19 03:53:29,115,W+2.5,9,True,False,False,,-1,30.615,1000
2026-06-19 03:53:55,95,W+12.5,2,True,False,False,,-1,30.5151,1000
2026-06-19 03:54:36,146,B+3.5,18,True,False,False,,-1,30.6597,1000
2026-06-19 03:55:20,161,B+18.5,22,True,False,False,,-1,30.7682,1000
2026-06-19 03:56:01,161,W+25.5,27,True,False,False,,-1,30.8714,1000
2026-06-19 03:56:39,139,W+7.5,19,True,False,False,,-1,30.9841,1000
2026-06-19 03:57:06,102,B+1.5,7,True,False,False,,-1,30.9769,1000
2026-06-19 03:57:41,118,B+1.5,14,True,False,False,,-1,31.2626,1000
2026-06-19 03:58:08,95,W+3.5,10,True,False,False,,-1,31.275,1000
2026-06-19 03:58:43,142,B+2.5,25,True,False,False,,-1,31.3199,1000
2026-06-19 03:59:08,98,B+1.5,8,True,False,False,,-1,31.2853,1000
2026-06-19 03:59:37,100,B+0.5,9,True,False,False,,-1,31.1417,1000
2026-06-19 04:00:21,162,W+41.5,14,True,False,False,,-1,31.2076,1000
2026-06-19 04:00:50,113,W+0.5,8,True,False,False,,-1,31.2164,1000
2026-06-19 04:01:26,129,W+9.5,12,True,False,False,,-1,31.3117,1000
2026-06-19 04:01:59,119,W+0.5,9,True,False,False,,-1,31.3657,1000
2026-06-19 04:02:29,111,W+4.5,3,True,False,False,,-1,31.3632,1000
2026-06-19 04:02:58,115,W+2.5,13,True,False,False,,-1,31.3444,1000
2026-06-19 04:03:06,32,W+8.5,2,True,False,False,,-1,31.1456,1000
2026-06-19 04:03:35,113,W+6.5,9,True,False,False,,-1,31.003,1000
2026-06-19 04:04:07,118,B+0.5,8,True,False,False,,-1,30.9442,1000
2026-06-19 04:04:37,121,W+0.5,21,True,False,False,,-1,30.9344,1000
2026-06-19 04:05:01,89,W+16.5,2,True,False,False,,-1,30.8713,1000
2026-06-19 04:05:34,129,W+3.5,16,True,False,False,,-1,30.7503,1000
2026-06-19 04:06:01,103,W+2.5,6,True,False,False,,-1,30.6818,1000
2026-06-19 04:06:09,30,W+6.5,2,True,False,False,,-1,30.385,1000
2026-06-19 04:06:41,113,W+2.5,9,True,False,False,,-1,30.4549,1000
2026-06-19 04:07:03,78,W+18.5,2,True,False,False,,-1,30.4174,1000
2026-06-19 04:07:35,124,B+7.5,13,True,False,False,,-1,30.4627,1000
2026-06-19 04:08:10,134,B+0.5,16,True,False,False,,-1,30.5123,1000
2026-06-19 04:08:39,118,W+5.5,17,True,False,False,,-1,30.4964,1000
2026-06-19 04:09:12,128,B+9.5,15,True,False,False,,-1,30.4893,1000
2026-06-19 04:09:43,117,B+6.5,8,True,False,False,,-1,30.4762,1000
2026-06-19 04:10:01,66,W+10.5,4,True,False,False,,-1,30.3368,1000
2026-06-19 04:10:34,124,B+0.5,15,True,False,False,,-1,30.3187,1000
2026-06-19 04:11:03,106,B+1.5,13,True,False,False,,-1,30.3259,1000
2026-06-19 04:11:48,162,B+1.5,24,True,False,False,,-1,30.4673,1000
2026-06-19 04:12:11,94,W+9.5,9,True,False,False,,-1,30.435,1000
2026-06-19 04:12:40,104,B+0.5,5,True,False,False,,-1,30.5576,1000
2026-06-19 04:13:16,125,W+2.5,10,True,False,False,,-1,30.6619,1000
2026-06-19 04:13:49,110,B+3.5,8,True,False,False,,-1,30.6924,1000
2026-06-19 04:14:20,112,B+1.5,6,True,False,False,,-1,30.7228,1000
2026-06-19 04:14:57,138,B+6.5,11,True,False,False,,-1,30.6803,1000
2026-06-19 04:15:36,150,B+19.5,21,True,False,False,,-1,30.7385,1000
2026-06-19 04:15:58,85,B+2.5,4,True,False,False,,-1,30.6488,1000
2026-06-19 04:16:31,115,W+0.5,7,True,False,False,,-1,30.7155,1000
2026-06-19 04:17:04,136,B+10.5,9,True,False,False,,-1,30.7109,1000
2026-06-19 04:17:29,101,W+2.5,6,True,False,False,,-1,30.7481,1000
2026-06-19 04:17:59,111,W+6.5,15,True,False,False,,-1,30.7605,1000
2026-06-19 04:18:39,147,W+1.5,19,True,False,False,,-1,30.7718,1000
2026-06-19 04:19:06,103,W+14.5,10,True,False,False,,-1,30.7315,1000
2026-06-19 04:19:40,129,W+15.5,13,True,False,False,,-1,30.7606,1000
2026-06-19 04:20:16,141,W+1.5,27,True,False,False,,-1,30.83,1000
2026-06-19 04:20:46,106,B+18.5,8,True,False,False,,-1,30.8181,1000
2026-06-19 04:21:17,115,B+14.5,5,True,False,False,,-1,30.7907,1000
2026-06-19 04:21:49,120,B+0.5,12,True,False,False,,-1,30.8369,1000
2026-06-19 04:22:21,125,W+2.5,9,True,False,False,,-1,31.1028,1000
2026-06-19 04:22:41,65,B+0.5,2,True,False,False,,-1,31.0278,1000
2026-06-19 04:23:02,70,W+7.5,2,True,False,False,,-1,30.9032,1000
2026-06-19 04:23:31,113,W+1.5,18,True,False,False,,-1,30.7514,1000
2026-06-19 04:24:00,97,B+3.5,5,True,False,False,,-1,30.645,1000
2026-06-19 04:24:36,129,W+40.5,11,True,False,False,,-1,30.6893,1000
2026-06-19 04:25:08,127,W+4.5,16,True,False,False,,-1,30.7009,1000
2026-06-19 04:25:49,141,W+5.5,11,True,False,False,,-1,30.7961,1000
2026-06-19 04:26:16,103,B+6.5,10,True,False,False,,-1,30.6488,1000
2026-06-19 04:26:49,131,W+10.5,22,True,False,False,,-1,30.7085,1000
2026-06-19 04:27:01,50,W+5.5,2,True,False,False,,-1,30.5567,1000
2026-06-19 04:27:32,110,B+1.5,9,True,False,False,,-1,30.5862,1000
2026-06-19 04:28:01,110,B+1.5,8,True,False,False,,-1,30.5474,1000
2026-06-19 04:28:37,129,W+19.5,9,True,False,False,,-1,30.6362,1000
2026-06-19 04:29:06,104,B+0.5,7,True,False,False,,-1,30.58,1000
2026-06-19 04:29:36,106,B+3.5,8,True,False,False,,-1,30.5787,1000
2026-06-19 04:30:06,100,B+0.5,4,True,False,False,,-1,30.4704,1000
2026-06-19 04:30:45,139,W+0.5,16,True,False,False,,-1,30.4382,1000
2026-06-19 04:31:20,122,B+1.5,13,True,False,False,,-1,30.4952,1000
2026-06-19 04:31:52,118,B+6.5,16,True,False,False,,-1,30.5382,1000
2026-06-19 04:32:04,44,W+6.5,2,True,False,False,,-1,30.437,1000
2026-06-19 04:32:35,110,B+2.5,10,True,False,False,,-1,30.4553,1000
2026-06-19 04:33:03,105,W+6.5,13,True,False,False,,-1,30.374,1000
2026-06-19 04:33:35,121,W+12.5,13,True,False,False,,-1,30.4345,1000
2026-06-19 04:34:11,121,W+53.5,8,True,False,False,,-1,30.6578,1000
2026-06-19 04:34:45,120,B+0.5,9,True,False,False,,-1,30.7492,1000
2026-06-19 04:35:18,107,W+2.5,10,True,False,False,,-1,30.7932,1000
2026-06-19 04:35:59,162,B+22.5,33,True,False,False,,-1,30.9019,1000
2026-06-19 04:36:25,84,W+19.5,5,True,False,False,,-1,30.7736,1000
2026-06-19 04:36:52,105,W+0.5,11,True,False,False,,-1,30.6833,1000
2026-06-19 04:37:27,137,B+3.5,15,True,False,False,,-1,30.7348,1000
2026-06-19 04:37:59,120,B+0.5,17,True,False,False,,-1,30.7894,1000
2026-06-19 04:38:22,91,W+4.5,4,True,False,False,,-1,30.6403,1000
2026-06-19 04:39:00,148,B+10.5,18,True,False,False,,-1,30.6782,1000
2026-06-19 04:39:36,137,W+7.5,16,True,False,False,,-1,30.7516,1000
2026-06-19 04:40:05,97,B+0.5,5,True,False,False,,-1,30.7459,1000
2026-06-19 04:40:39,125,W+1.5,15,True,False,False,,-1,30.7289,1000
2026-06-19 04:41:10,108,B+1.5,9,True,False,False,,-1,30.7093,1000
2026-06-19 04:41:43,127,W+0.5,18,True,False,False,,-1,30.8203,1000
2026-06-19 04:42:09,92,W+17.5,2,True,False,False,,-1,30.7328,1000
2026-06-19 04:42:37,104,B+1.5,10,True,False,False,,-1,30.6969,1000
2026-06-19 04:43:00,76,W+17.5,3,True,False,False,,-1,30.5969,1000
2026-06-19 04:43:32,117,W+4.5,8,True,False,False,,-1,30.631,1000
2026-06-19 04:43:45,46,W+4.5,2,True,False,False,,-1,30.4575,1000
2026-06-19 04:44:30,162,B+21.5,20,True,False,False,,-1,30.6055,1000
2026-06-19 04:44:55,95,W+11.5,7,True,False,False,,-1,30.5954,1000
2026-06-19 04:45:28,130,B+1.5,14,True,False,False,,-1,30.5161,1000
2026-06-19 04:45:54,104,B+2.5,8,True,False,False,,-1,30.3438,1000
2026-06-19 04:46:24,111,W+5.5,12,True,False,False,,-1,30.2205,1000
2026-06-19 04:47:01,149,W+28.5,22,True,False,False,,-1,30.2182,1000
2026-06-19 04:47:33,119,W+1.5,14,True,False,False,,-1,30.2676,1000
2026-06-19 04:48:08,129,W+0.5,14,True,False,False,,-1,30.2728,1000
2026-06-19 04:48:42,124,B+0.5,14,True,False,False,,-1,30.3407,1000
2026-06-19 04:49:16,122,B+0.5,16,True,False,False,,-1,30.3259,1000
2026-06-19 04:49:44,104,B+1.5,5,True,False,False,,-1,30.3491,1000
2026-06-19 04:50:16,111,W+5.5,8,True,False,False,,-1,30.3854,1000
2026-06-19 04:50:44,108,B+2.5,14,True,False,False,,-1,30.2325,1000
2026-06-19 04:51:11,99,W+0.5,7,True,False,False,,-1,30.2014,1000
2026-06-19 04:51:40,103,W+7.5,9,True,False,False,,-1,30.1334,1000
2026-06-19 04:52:21,153,B+1.5,15,True,False,False,,-1,30.2182,1000
2026-06-19 04:52:49,109,W+2.5,6,True,False,False,,-1,30.2014,1000
2026-06-19 04:53:20,110,B+15.5,4,True,False,False,,-1,30.2193,1000
2026-06-19 04:53:46,100,B+0.5,9,True,False,False,,-1,30.3978,1000
2026-06-19 04:54:12,97,W+8.5,7,True,False,False,,-1,30.3648,1000
2026-06-19 04:54:42,109,W+0.5,13,True,False,False,,-1,30.3492,1000
2026-06-19 04:55:11,113,B+1.5,7,True,False,False,,-1,30.3358,1000
2026-06-19 04:55:40,112,B+1.5,9,True,False,False,,-1,30.3866,1000
2026-06-19 04:56:06,104,B+1.5,6,True,False,False,,-1,30.3214,1000
2026-06-19 04:56:34,113,W+1.5,12,True,False,False,,-1,30.3279,1000
2026-06-19 04:57:10,139,B+2.5,19,True,False,False,,-1,30.6103,1000
2026-06-19 04:57:39,110,W+10.5,10,True,False,False,,-1,30.5797,1000
2026-06-19 04:58:08,108,B+3.5,11,True,False,False,,-1,30.6488,1000
2026-06-19 04:58:38,115,W+3.5,14,True,False,False,,-1,30.6261,1000
2026-06-19 04:59:14,125,W+8.5,7,True,False,False,,-1,30.6339,1000
2026-06-19 04:59:57,155,W+2.5,34,True,False,False,,-1,30.7683,1000
2026-06-19 05:00:13,62,W+5.5,2,True,False,False,,-1,30.6028,1000
2026-06-19 05:00:21,30,W+8.5,2,True,False,False,,-1,30.3843,1000
2026-06-19 05:00:54,110,B+3.5,9,True,False,False,,-1,30.528,1000
2026-06-19 05:01:20,92,B+3.5,7,True,False,False,,-1,30.4505,1000
2026-06-19 05:01:42,80,W+2.5,2,True,False,False,,-1,30.3808,1000
2026-06-19 05:02:13,122,B+2.5,13,True,False,False,,-1,30.2526,1000
2026-06-19 05:02:41,99,W+15.5,7,True,False,False,,-1,30.2979,1000
2026-06-19 05:03:12,108,B+7.5,10,True,False,False,,-1,30.3166,1000
2026-06-19 05:03:40,105,W+2.5,9,True,False,False,,-1,30.2381,1000
2026-06-19 05:04:01,70,W+5.5,3,True,False,False,,-1,30.113,1000
2026-06-19 05:04:22,76,W+6.5,2,True,False,False,,-1,30.0202,1000
2026-06-19 05:04:27,24,W+7.5,2,True,False,False,,-1,29.7023,1000
2026-06-19 05:04:58,120,B+16.5,13,True,False,False,,-1,29.6222,1000
2026-06-19 05:05:28,111,B+4.5,9,True,False,False,,-1,29.6969,1000
2026-06-19 05:06:01,116,B+0.5,12,True,False,False,,-1,29.6993,1000
2026-06-19 05:06:34,122,B+4.5,12,True,False,False,,-1,29.7042,1000
2026-06-19 05:07:12,136,B+1.5,16,True,False,False,,-1,29.821,1000
2026-06-19 05:07:42,117,W+1.5,11,True,False,False,,-1,29.8302,1000
2026-06-19 05:08:11,104,B+0.5,13,True,False,False,,-1,29.7217,1000
2026-06-19 05:08:40,105,W+0.5,8,True,False,False,,-1,29.7323,1000
2026-06-19 05:09:11,113,W+5.5,14,True,False,False,,-1,29.7042,1000
2026-06-19 05:09:50,162,W+31.5,19,True,False,False,,-1,29.7303,1000
2026-06-19 05:10:18,104,W+3.5,6,True,False,False,,-1,29.7158,1000
2026-06-19 05:10:50,124,B+0.5,9,True,False,False,,-1,29.7264,1000
2026-06-19 05:11:20,119,W+3.5,8,True,False,False,,-1,29.7018,1000
2026-06-19 05:11:56,139,W+4.5,16,True,False,False,,-1,29.7435,1000
2026-06-19 05:12:24,103,W+2.5,6,True,False,False,,-1,29.8326,1000
2026-06-19 05:13:07,162,B+4.5,28,True,False,False,,-1,30.0454,1000
2026-06-19 05:13:51,162,B+25.5,23,True,False,False,,-1,30.1907,1000
2026-06-19 05:14:22,113,W+2.5,9,True,False,False,,-1,30.2234,1000
2026-06-19 05:14:50,93,W+6.5,5,True,False,False,,-1,30.1413,1000
2026-06-19 05:15:22,112,B+12.5,8,True,False,False,,-1,30.1385,1000
2026-06-19 05:15:57,124,B+8.5,13,True,False,False,,-1,30.0797,1000
2026-06-19 05:16:34,129,W+4.5,18,True,False,False,,-1,30.1685,1000
2026-06-19 05:17:04,113,W+1.5,14,True,False,False,,-1,30.142,1000
2026-06-19 05:17:33,115,B+6.5,4,True,False,False,,-1,30.315,1000
2026-06-19 05:18:17,162,W+0.5,27,True,False,False,,-1,30.4494,1000
2026-06-19 05:18:51,126,B+13.5,18,True,False,False,,-1,30.4987,1000
2026-06-19 05:19:18,104,B+3.5,9,True,False,False,,-1,30.4068,1000
2026-06-19 05:19:43,91,W+2.5,7,True,False,False,,-1,30.3729,1000
2026-06-19 05:20:02,76,W+20.5,3,True,False,False,,-1,30.2605,1000
2026-06-19 05:20:35,116,B+4.5,5,True,False,False,,-1,30.2882,1000
2026-06-19 05:21:11,129,W+0.5,10,True,False,False,,-1,30.2636,1000
2026-06-19 05:21:40,105,W+13.5,7,True,False,False,,-1,30.1987,1000
2026-06-19 05:22:07,100,B+20.5,4,True,False,False,,-1,30.1495,1000
2026-06-19 05:22:40,126,B+2.5,14,True,False,False,,-1,30.356,1000
2026-06-19 05:23:06,96,B+4.5,6,True,False,False,,-1,30.3115,1000
2026-06-19 05:23:35,106,W+4.5,10,True,False,False,,-1,30.3241,1000
2026-06-19 05:24:01,95,W+8.5,7,True,False,False,,-1,30.2533,1000
2026-06-19 05:24:27,94,W+19.5,2,True,False,False,,-1,30.1617,1000
2026-06-19 05:24:58,111,W+0.5,10,True,False,False,,-1,30.1243,1000
2026-06-19 05:25:28,110,B+0.5,11,True,False,False,,-1,30.1003,1000
2026-06-19 05:26:03,140,B+4.5,24,True,False,False,,-1,30.0325,1000
2026-06-19 05:26:29,92,B+2.5,5,True,False,False,,-1,30.0367,1000
2026-06-19 05:27:03,117,W+0.5,10,True,False,False,,-1,30.104,1000
2026-06-19 05:27:35,112,B+2.5,8,True,False,False,,-1,30.0818,1000
2026-06-19 05:28:04,106,B+0.5,9,True,False,False,,-1,30.0494,1000
2026-06-19 05:28:40,125,W+0.5,13,True,False,False,,-1,30.1768,1000
2026-06-19 05:29:12,117,W+10.5,17,True,False,False,,-1,30.1227,1000
2026-06-19 05:29:44,112,B+6.5,10,True,False,False,,-1,30.0777,1000
2026-06-19 05:30:15,111,W+1.5,10,True,False,False,,-1,30.0973,1000
2026-06-19 05:30:45,112,B+1.5,12,True,False,False,,-1,30.0501,1000
2026-06-19 05:31:16,110,B+3.5,7,True,False,False,,-1,30.059,1000
2026-06-19 05:31:43,103,W+2.5,8,True,False,False,,-1,29.9924,1000
2026-06-19 05:32:18,123,W+0.5,9,True,False,False,,-1,30.0881,1000
2026-06-19 05:32:59,162,B+15.5,25,True,False,False,,-1,30.216,1000
2026-06-19 05:33:29,105,W+8.5,15,True,False,False,,-1,30.284,1000
2026-06-19 05:33:58,111,W+0.5,12,True,False,False,,-1,30.2585,1000
2026-06-19 05:34:09,40,W+7.5,2,True,False,False,,-1,30.2369,1000
2026-06-19 05:34:36,98,B+9.5,6,True,False,False,,-1,30.0615,1000
2026-06-19 05:34:56,64,W+12.5,2,True,False,False,,-1,30.0036,1000
2026-06-19 05:35:21,101,B+0.5,5,True,False,False,,-1,29.9269,1000
2026-06-19 05:35:45,95,W+12.5,10,True,False,False,,-1,29.902,1000
2026-06-19 05:36:19,132,B+0.5,17,True,False,False,,-1,29.9542,1000
2026-06-19 05:36:41,73,B+1.5,2,True,False,False,,-1,29.8009,1000
2026-06-19 05:37:14,116,B+1.5,14,True,False,False,,-1,29.8085,1000
2026-06-19 05:37:48,110,B+1.5,7,True,False,False,,-1,29.7972,1000
2026-06-19 05:38:18,110,B+1.5,6,True,False,False,,-1,29.7543,1000
2026-06-19 05:38:48,115,B+2.5,7,True,False,False,,-1,29.7197,1000
2026-06-19 05:38:59,38,W+7.5,2,True,False,False,,-1,29.5521,1000
2026-06-19 05:39:37,148,B+1.5,23,True,False,False,,-1,29.6084,1000
2026-06-19 05:40:08,117,W+2.5,14,True,False,False,,-1,29.6402,1000
2026-06-19 05:40:42,117,W+0.5,11,True,False,False,,-1,29.7115,1000
2026-06-19 05:41:10,89,B+3.5,5,True,False,False,,-1,29.7002,1000
2026-06-19 05:41:39,110,B+0.5,11,True,False,False,,-1,29.5769,1000
2026-06-19 05:42:19,134,B+8.5,17,True,False,False,,-1,29.6968,1000
2026-06-19 05:43:02,160,B+29.5,19,True,False,False,,-1,29.8235,1000
2026-06-19 05:43:49,162,B+13.5,13,True,False,False,,-1,30.0309,1000
2026-06-19 05:44:31,145,W+41.5,14,True,False,False,,-1,30.1841,1000
2026-06-19 05:44:59,94,W+7.5,3,True,False,False,,-1,30.1699,1000
2026-06-19 05:45:31,123,B+2.5,11,True,False,False,,-1,30.2041,1000
2026-06-19 05:46:13,157,W+23.5,15,True,False,False,,-1,30.3309,1000
2026-06-19 05:46:37,93,W+0.5,6,True,False,False,,-1,30.3,1000
2026-06-19 05:47:08,109,W+7.5,10,True,False,False,,-1,30.3321,1000
2026-06-19 05:47:38,105,W+10.5,5,True,False,False,,-1,30.2725,1000
2026-06-19 05:48:13,125,W+5.5,20,True,False,False,,-1,30.3343,1000
2026-06-19 05:48:22,38,W+7.5,2,True,False,False,,-1,30.1369,1000
2026-06-19 05:48:30,30,W+7.5,2,True,False,False,,-1,29.915,1000
2026-06-19 05:49:08,138,B+0.5,23,True,False,False,,-1,29.938,1000
2026-06-19 05:49:35,98,B+0.5,7,True,False,False,,-1,29.7845,1000
2026-06-19 05:50:05,111,W+1.5,7,True,False,False,,-1,29.9203,1000
2026-06-19 05:52:14,99,W+13.5,8,True,False,False,,-1,30.0557,2000
2026-06-19 05:52:49,112,B+3.5,10,True,False,False,,-1,30.1546,2000
2026-06-19 05:53:31,132,B+2.5,13,True,False,False,,-1,30.3538,2000
2026-06-19 05:54:05,110,B+9.5,7,True,False,False,,-1,30.3704,2000
2026-06-19 05:54:47,137,W+0.5,19,True,False,False,,-1,30.5208,2000
2026-06-19 05:55:32,162,W+4.5,33,True,False,False,,-1,30.6619,2000
2026-06-19 05:56:03,112,W+1.5,11,True,False,False,,-1,30.6828,2000
2026-06-19 05:56:28,101,W+2.5,9,True,False,False,,-1,30.7335,2000
2026-06-19 05:56:57,106,B+1.5,10,True,False,False,,-1,30.8018,2000
2026-06-19 05:57:26,120,B+2.5,15,True,False,False,,-1,31.0474,2000
2026-06-19 05:57:55,101,W+2.5,11,True,False,False,,-1,31.0226,2000
2026-06-19 05:58:24,115,W+5.5,10,True,False,False,,-1,31.0199,2000
2026-06-19 05:58:57,120,B+16.5,13,True,False,False,,-1,31.0153,2000
2026-06-19 05:59:30,106,B+0.5,9,True,False,False,,-1,31.0093,2000
2026-06-19 06:00:02,107,W+1.5,9,True,False,False,,-1,30.9647,2000
2026-06-19 06:00:33,108,B+14.5,10,True,False,False,,-1,30.9681,2000
2026-06-19 06:01:04,122,B+2.5,16,True,False,False,,-1,30.9788,2000
2026-06-19 06:01:35,121,W+8.5,16,True,False,False,,-1,31.0048,2000
2026-06-19 06:02:01,99,W+2.5,10,True,False,False,,-1,30.9616,2000
2026-06-19 06:02:31,108,B+2.5,13,True,False,False,,-1,30.8674,2000
2026-06-19 06:03:17,158,B+2.5,20,True,False,False,,-1,31.0417,2000
2026-06-19 06:03:47,115,W+2.5,16,True,False,False,,-1,31.0272,2000
2026-06-19 06:04:17,102,B+2.5,3,True,False,False,,-1,31.0278,2000
2026-06-19 06:04:49,103,W+1.5,8,True,False,False,,-1,30.9856,2000
2026-06-19 06:05:01,46,W+4.5,2,True,False,False,,-1,30.8265,2000
2026-06-19 06:05:28,100,W+2.5,16,True,False,False,,-1,30.6662,2000
2026-06-19 06:05:53,95,B+4.5,7,True,False,False,,-1,30.4804,2000
2026-06-19 06:06:29,115,W+0.5,14,True,False,False,,-1,30.5234,2000
2026-06-19 06:07:04,131,W+9.5,20,True,False,False,,-1,30.5968,2000
2026-06-19 06:07:26,85,W+12.5,5,True,False,False,,-1,30.4991,2000
2026-06-19 06:08:01,122,B+1.5,18,True,False,False,,-1,30.4975,2000
2026-06-19 06:08:29,93,B+2.5,4,True,False,False,,-1,30.4114,2000
2026-06-19 06:09:11,135,W+0.5,17,True,False,False,,-1,30.5314,2000
2026-06-19 06:09:41,103,B+2.5,11,True,False,False,,-1,30.5319,2000
2026-06-19 06:10:13,119,W+1.5,17,True,False,False,,-1,30.4168,2000
2026-06-19 06:10:29,58,W+10.5,2,True,False,False,,-1,30.2397,2000
2026-06-19 06:11:02,122,B+2.5,14,True,False,False,,-1,30.298,2000
2026-06-19 06:11:29,97,B+3.5,11,True,False,False,,-1,30.3113,2000
2026-06-19 06:11:41,44,W+12.5,2,True,False,False,,-1,30.243,2000
2026-06-19 06:12:08,107,W+2.5,12,True,False,False,,-1,30.1811,2000
2026-06-19 06:12:33,93,B+3.5,7,True,False,False,,-1,30.0774,2000
2026-06-19 06:13:11,126,B+1.5,17,True,False,False,,-1,30.1582,2000
2026-06-19 06:13:38,95,W+4.5,7,True,False,False,,-1,30.1616,2000
2026-06-19 06:14:02,89,B+1.5,4,True,False,False,,-1,30.0758,2000
2026-06-19 06:14:29,96,B+1.5,7,True,False,False,,-1,30.0808,2000
2026-06-19 06:15:08,120,B+2.5,10,True,False,False,,-1,30.1786,2000
2026-06-19 06:15:34,100,B+2.5,8,True,False,False,,-1,30.193,2000
2026-06-19 06:15:54,66,W+7.5,2,True,False,False,,-1,30.1227,2000
2026-06-19 06:16:26,121,W+1.5,17,True,False,False,,-1,30.141,2000
2026-06-19 06:16:57,110,B+4.5,6,True,False,False,,-1,30.1474,2000
2026-06-19 06:17:28,115,W+12.5,17,True,False,False,,-1,30.1127,2000
2026-06-19 06:17:48,71,B+0.5,2,True,False,False,,-1,30.0448,2000
2026-06-19 06:18:20,113,W+0.5,11,True,False,False,,-1,30.0315,2000
2026-06-19 06:18:45,100,W+3.5,12,True,False,False,,-1,29.9531,2000
2026-06-19 06:19:13,106,B+2.5,5,True,False,False,,-1,29.9509,2000
2026-06-19 06:19:48,130,B+2.5,13,True,False,False,,-1,29.9313,2000
2026-06-19 06:20:22,134,B+4.5,22,True,False,False,,-1,29.9552,2000
2026-06-19 06:20:54,116,B+0.5,8,True,False,False,,-1,29.9602,2000
2026-06-19 06:21:26,123,W+4.5,14,True,False,False,,-1,29.9705,2000
2026-06-19 06:21:52,99,W+12.5,12,True,False,False,,-1,29.9256,2000
2026-06-19 06:22:28,133,W+1.5,22,True,False,False,,-1,29.9751,2000
2026-06-19 06:23:02,121,B+5.5,14,True,False,False,,-1,30.0476,2000
2026-06-19 06:23:32,111,W+2.5,7,True,False,False,,-1,29.9959,2000
2026-06-19 06:24:11,146,B+7.5,15,True,False,False,,-1,29.976,2000
2026-06-19 06:24:32,77,B+10.5,6,True,False,False,,-1,29.8862,2000
2026-06-19 06:24:43,42,W+11.5,2,True,False,False,,-1,29.7079,2000
2026-06-19 06:25:11,104,B+2.5,10,True,False,False,,-1,29.8829,2000
2026-06-19 06:25:39,105,W+2.5,12,True,False,False,,-1,29.8893,2000
2026-06-19 06:26:08,87,B+1.5,5,True,False,False,,-1,29.9773,2000
2026-06-19 06:26:37,101,W+1.5,9,True,False,False,,-1,30.0235,2000
2026-06-19 06:27:12,124,B+2.5,17,True,False,False,,-1,30.1318,2000
2026-06-19 06:27:54,162,B+4.5,32,True,False,False,,-1,30.209,2000
2026-06-19 06:28:23,105,W+0.5,15,True,False,False,,-1,30.2719,2000
2026-06-19 06:29:02,136,B+1.5,10,True,False,False,,-1,30.3332,2000
2026-06-19 06:29:27,92,B+0.5,7,True,False,False,,-1,30.2445,2000
2026-06-19 06:30:03,127,W+2.5,15,True,False,False,,-1,30.3089,2000
2026-06-19 06:30:39,120,B+1.5,10,True,False,False,,-1,30.364,2000
2026-06-19 06:31:09,110,B+1.5,15,True,False,False,,-1,30.5542,2000
2026-06-19 06:31:40,110,B+2.5,12,True,False,False,,-1,30.4908,2000
2026-06-19 06:32:04,81,B+5.5,4,True,False,False,,-1,30.4148,2000
2026-06-19 06:32:43,136,B+3.5,22,True,False,False,,-1,30.4612,2000
2026-06-19 06:33:19,131,W+2.5,14,True,False,False,,-1,30.5498,2000
2026-06-19 06:33:47,101,B+3.5,7,True,False,False,,-1,30.5382,2000
2026-06-19 06:34:20,116,B+3.5,5,True,False,False,,-1,30.4696,2000
2026-06-19 06:34:48,98,B+0.5,6,True,False,False,,-1,30.3163,2000
2026-06-19 06:35:22,118,B+4.5,10,True,False,False,,-1,30.1826,2000
2026-06-19 06:35:53,107,B+4.5,7,True,False,False,,-1,30.0818,2000
2026-06-19 06:36:18,100,W+0.5,15,True,False,False,,-1,30.0484,2000
2026-06-19 06:36:46,102,B+7.5,11,True,False,False,,-1,30.0032,2000
2026-06-19 06:37:21,127,W+12.5,17,True,False,False,,-1,29.932,2000
2026-06-19 06:37:46,90,B+4.5,4,True,False,False,,-1,29.9496,2000
2026-06-19 06:38:15,109,W+5.5,17,True,False,False,,-1,29.9273,2000
2026-06-19 06:38:29,46,W+5.5,2,True,False,False,,-1,29.7655,2000
2026-06-19 06:38:57,102,B+2.5,8,True,False,False,,-1,29.7037,2000
2026-06-19 06:39:29,125,W+2.5,11,True,False,False,,-1,29.9284,2000
2026-06-19 06:39:59,111,W+0.5,11,True,False,False,,-1,30.1489,2000
2026-06-19 06:40:29,113,B+0.5,5,True,False,False,,-1,30.0682,2000
2026-06-19 06:40:55,113,W+1.5,13,True,False,False,,-1,30.0583,2000
2026-06-19 06:41:33,132,B+0.5,15,True,False,False,,-1,30.1357,2000
2026-06-19 06:42:05,115,B+0.5,13,True,False,False,,-1,30.2165,2000
2026-06-19 06:42:33,107,W+0.5,11,True,False,False,,-1,30.1925,2000
2026-06-19 06:43:04,104,B+6.5,11,True,False,False,,-1,30.1404,2000
2026-06-19 06:43:41,133,W+2.5,14,True,False,False,,-1,30.0935,2000
2026-06-19 06:44:05,93,W+1.5,9,True,False,False,,-1,29.9985,2000
2026-06-19 06:44:38,102,B+0.5,8,True,False,False,,-1,29.9023,2000
2026-06-19 06:45:08,105,W+0.5,13,True,False,False,,-1,29.7562,2000
2026-06-19 06:45:38,107,B+2.5,7,True,False,False,,-1,29.7562,2000
2026-06-19 06:46:09,97,B+1.5,8,True,False,False,,-1,29.8048,2000
2026-06-19 06:46:43,112,B+2.5,6,True,False,False,,-1,29.8623,2000
2026-06-19 06:47:02,69,B+0.5,3,True,False,False,,-1,29.7524,2000
2026-06-19 06:47:36,117,W+0.5,14,True,False,False,,-1,29.8076,2000
2026-06-19 06:48:10,114,B+2.5,8,True,False,False,,-1,29.8573,2000
2026-06-19 06:48:43,110,B+6.5,12,True,False,False,,-1,29.8552,2000
2026-06-19 06:49:10,102,B+2.5,8,True,False,False,,-1,29.8001,2000
2026-06-19 06:49:39,98,B+2.5,7,True,False,False,,-1,29.7661,2000
2026-06-19 06:50:06,105,W+4.5,13,True,False,False,,-1,29.7285,2000
2026-06-19 06:50:50,159,W+4.5,34,True,False,False,,-1,29.8633,2000
2026-06-19 06:51:31,131,W+2.5,15,True,False,False,,-1,29.9603,2000
2026-06-19 06:52:07,140,W+1.5,20,True,False,False,,-1,30.0522,2000
2026-06-19 06:52:38,112,B+6.5,7,True,False,False,,-1,30.0725,2000
2026-06-19 06:53:08,109,W+3.5,17,True,False,False,,-1,29.9135,2000
2026-06-19 06:53:41,109,W+2.5,15,True,False,False,,-1,29.9409,2000
2026-06-19 06:54:06,91,B+1.5,5,True,False,False,,-1,29.8898,2000
2026-06-19 06:54:32,93,B+4.5,2,True,False,False,,-1,29.828,2000
2026-06-19 06:55:09,134,B+1.5,18,True,False,False,,-1,30.0755,2000
2026-06-19 06:55:43,115,W+10.5,7,True,False,False,,-1,30.1509,2000
2026-06-19 06:56:16,111,W+0.5,12,True,False,False,,-1,30.2233,2000
2026-06-19 06:56:47,118,B+1.5,13,True,False,False,,-1,30.177,2000
2026-06-19 06:57:14,97,B+0.5,11,True,False,False,,-1,30.0988,2000
2026-06-19 06:57:40,88,B+1.5,2,True,False,False,,-1,30.1379,2000
2026-06-19 06:58:02,79,B+0.5,3,True,False,False,,-1,30.0073,2000
2026-06-19 06:58:43,148,B+5.5,22,True,False,False,,-1,30.1357,2000
2026-06-19 06:59:16,116,B+0.5,13,True,False,False,,-1,30.0493,2000
2026-06-19 06:59:42,93,W+6.5,10,True,False,False,,-1,30.0089,2000
2026-06-19 07:00:14,129,W+5.5,27,True,False,False,,-1,30.0059,2000
2026-06-19 07:00:40,99,W+8.5,7,True,False,False,,-1,30.1103,2000
2026-06-19 07:01:12,111,W+3.5,12,True,False,False,,-1,30.0976,2000
2026-06-19 07:01:36,96,B+1.5,7,True,False,False,,-1,30.072,2000
2026-06-19 07:02:07,100,B+5.5,11,True,False,False,,-1,30.2564,2000
2026-06-19 07:02:38,103,W+4.5,5,True,False,False,,-1,30.2976,2000
2026-06-19 07:03:00,77,B+1.5,2,True,False,False,,-1,30.2684,2000
2026-06-19 07:03:32,117,B+2.5,8,True,False,False,,-1,30.2071,2000
2026-06-19 07:03:44,46,W+10.5,2,True,False,False,,-1,30.0628,2000
2026-06-19 07:04:02,58,W+6.5,2,True,False,False,,-1,30.0004,2000
2026-06-19 07:04:23,78,W+6.5,3,True,False,False,,-1,29.9383,2000
2026-06-19 07:04:52,102,B+2.5,5,True,False,False,,-1,29.8407,2000
2026-06-19 07:05:21,99,W+2.5,8,True,False,False,,-1,29.8618,2000
2026-06-19 07:05:45,93,W+13.5,11,True,False,False,,-1,29.9089,2000
2026-06-19 07:06:13,111,W+1.5,17,True,False,False,,-1,29.8649,2000
2026-06-19 07:06:33,77,B+6.5,3,True,False,False,,-1,29.7621,2000
2026-06-19 07:07:03,109,W+0.5,10,True,False,False,,-1,29.7463,2000
2026-06-19 07:07:35,111,W+0.5,13,True,False,False,,-1,29.8712,2000
2026-06-19 07:08:08,125,W+1.5,17,True,False,False,,-1,29.8767,2000
2026-06-19 07:08:41,135,W+0.5,30,True,False,False,,-1,29.9604,2000
2026-06-19 07:09:12,113,W+2.5,7,True,False,False,,-1,29.983,2000
2026-06-19 07:09:40,97,W+3.5,9,True,False,False,,-1,29.9163,2000
2026-06-19 07:10:19,137,B+9.5,18,True,False,False,,-1,29.9684,2000
2026-06-19 07:10:45,97,W+7.5,8,True,False,False,,-1,29.91,2000
2026-06-19 07:11:14,100,B+1.5,8,True,False,False,,-1,29.8753,2000
2026-06-19 07:11:42,111,W+1.5,16,True,False,False,,-1,29.9057,2000
2026-06-19 07:12:16,119,B+8.5,8,True,False,False,,-1,29.8847,2000
2026-06-19 07:12:46,103,W+2.5,7,True,False,False,,-1,29.8357,2000
2026-06-19 07:13:27,152,B+26.5,24,True,False,False,,-1,29.9517,2000
2026-06-19 07:13:47,67,B+2.5,4,True,False,False,,-1,29.7596,2000
2026-06-19 07:14:16,110,W+1.5,8,True,False,False,,-1,29.8369,2000
2026-06-19 07:14:56,134,B+7.5,17,True,False,False,,-1,30.1291,2000
2026-06-19 07:15:44,156,B+2.5,11,True,False,False,,-1,30.3271,2000
2026-06-19 07:16:12,95,W+8.5,7,True,False,False,,-1,30.3208,2000
2026-06-19 07:16:50,135,W+2.5,16,True,False,False,,-1,30.4197,2000
2026-06-19 07:17:35,157,B+12.5,15,True,False,False,,-1,30.5762,2000
2026-06-19 07:18:03,104,B+1.5,9,True,False,False,,-1,30.508,2000
2026-06-19 07:18:31,89,B+5.5,2,True,False,False,,-1,30.3643,2000
2026-06-19 07:18:57,95,B+10.5,9,True,False,False,,-1,30.3437,2000
2026-06-19 07:19:27,109,W+0.5,11,True,False,False,,-1,30.2428,2000
2026-06-19 07:20:00,109,B+0.5,7,True,False,False,,-1,30.3336,2000
2026-06-19 07:20:22,79,B+0.5,6,True,False,False,,-1,30.1928,2000
2026-06-19 07:20:35,44,W+9.5,2,True,False,False,,-1,29.9604,2000
2026-06-19 07:21:05,111,W+1.5,7,True,False,False,,-1,29.9598,2000
2026-06-19 07:21:34,108,B+2.5,10,True,False,False,,-1,29.9379,2000
2026-06-19 07:22:04,113,W+1.5,19,True,False,False,,-1,29.9978,2000
2026-06-19 07:22:37,117,W+7.5,13,True,False,False,,-1,29.9415,2000
2026-06-19 07:23:15,134,B+0.5,8,True,False,False,,-1,29.9611,2000
2026-06-19 07:23:53,136,B+1.5,13,True,False,False,,-1,30.0526,2000
2026-06-19 07:24:14,75,B+0.5,2,True,False,False,,-1,29.935,2000
2026-06-19 07:24:43,105,W+1.5,9,True,False,False,,-1,29.9413,2000
2026-06-19 07:24:58,52,W+10.5,2,True,False,False,,-1,29.7608,2000
2026-06-19 07:25:29,107,W+1.5,8,True,False,False,,-1,29.758,2000
2026-06-19 07:25:59,103,B+4.5,7,True,False,False,,-1,29.807,2000
2026-06-19 07:26:26,95,W+1.5,12,True,False,False,,-1,29.795,2000
2026-06-19 07:27:05,137,W+0.5,23,True,False,False,,-1,29.8414,2000
2026-06-19 07:27:35,104,B+6.5,6,True,False,False,,-1,29.8833,2000
2026-06-19 07:28:03,100,B+1.5,8,True,False,False,,-1,29.8816,2000
2026-06-19 07:28:35,111,W+0.5,16,True,False,False,,-1,30.0627,2000
2026-06-19 07:29:12,123,B+3.5,13,True,False,False,,-1,30.1414,2000
2026-06-19 07:29:51,141,W+0.5,17,True,False,False,,-1,30.2138,2000
2026-06-19 07:30:25,114,B+3.5,7,True,False,False,,-1,30.2638,2000
2026-06-19 07:30:53,95,W+3.5,8,True,False,False,,-1,30.2389,2000
2026-06-19 07:31:11,63,B+1.5,2,True,False,False,,-1,30.1497,2000
2026-06-19 07:31:41,115,W+1.5,12,True,False,False,,-1,30.0814,2000
2026-06-19 07:32:07,80,W+7.5,4,True,False,False,,-1,30.0212,2000
2026-06-19 07:32:41,115,B+2.5,8,True,False,False,,-1,30.0691,2000
2026-06-19 07:33:16,120,B+1.5,11,True,False,False,,-1,30.1211,2000
2026-06-19 07:33:55,140,W+4.5,23,True,False,False,,-1,30.1351,2000
2026-06-19 07:34:33,131,B+2.5,19,True,False,False,,-1,30.2764,2000
2026-06-19 07:35:02,105,W+2.5,8,True,False,False,,-1,30.2424,2000
2026-06-19 07:35:31,107,W+4.5,11,True,False,False,,-1,30.2311,2000
2026-06-19 07:36:02,107,W+5.5,17,True,False,False,,-1,30.2298,2000
2026-06-19 07:36:34,115,W+1.5,13,True,False,False,,-1,30.2482,2000
2026-06-19 07:37:01,99,B+0.5,7,True,False,False,,-1,30.1805,2000
2026-06-19 07:37:32,107,W+6.5,14,True,False,False,,-1,30.2958,2000
2026-06-19 07:38:00,98,B+2.5,10,True,False,False,,-1,30.2459,2000
2026-06-19 07:38:25,97,W+9.5,9,True,False,False,,-1,30.1523,2000
2026-06-19 07:39:01,141,W+1.5,26,True,False,False,,-1,30.1796,2000
2026-06-19 07:39:34,122,B+3.5,18,True,False,False,,-1,30.2437,2000
2026-06-19 07:40:05,113,B+1.5,7,True,False,False,,-1,30.2589,2000
2026-06-19 07:40:36,104,B+0.5,6,True,False,False,,-1,30.2918,2000
2026-06-19 07:41:09,112,B+2.5,10,True,False,False,,-1,30.1892,2000
2026-06-19 07:41:44,120,B+1.5,9,True,False,False,,-1,30.1322,2000
2026-06-19 07:42:12,107,W+7.5,8,True,False,False,,-1,30.0543,2000
2026-06-19 07:42:49,115,B+1.5,5,True,False,False,,-1,30.1025,2000
2026-06-19 07:43:15,103,W+2.5,13,True,False,False,,-1,30.0676,2000
2026-06-19 07:43:48,112,B+2.5,9,True,False,False,,-1,30.0597,2000
2026-06-19 07:44:33,162,W+2.5,21,True,False,False,,-1,30.2713,2000
2026-06-19 07:45:05,113,W+1.5,17,True,False,False,,-1,30.333,2000
2026-06-19 07:45:48,151,W+5.5,20,True,False,False,,-1,30.3869,2000
2026-06-19 07:46:12,96,W+1.5,12,True,False,False,,-1,30.2915,2000
2026-06-19 07:46:46,116,B+0.5,9,True,False,False,,-1,30.299,2000
2026-06-19 07:47:12,97,W+3.5,10,True,False,False,,-1,30.2515,2000
2026-06-19 07:47:47,129,W+1.5,17,True,False,False,,-1,30.325,2000
2026-06-19 07:48:15,101,W+0.5,11,True,False,False,,-1,30.3479,2000
2026-06-19 07:48:43,101,W+2.5,5,True,False,False,,-1,30.4096,2000
2026-06-19 07:49:20,139,B+1.5,19,True,False,False,,-1,30.3676,2000
2026-06-19 07:49:51,126,W+3.5,15,True,False,False,,-1,30.3444,2000
2026-06-19 07:50:20,103,W+2.5,13,True,False,False,,-1,30.386,2000
2026-06-19 07:50:47,103,W+4.5,13,True,False,False,,-1,30.3318,2000
2026-06-19 07:51:16,100,W+15.5,5,True,False,False,,-1,30.357,2000
2026-06-19 07:52:02,162,W+13.5,26,True,False,False,,-1,30.4939,2000
2026-06-19 07:52:30,107,W+2.5,6,True,False,False,,-1,30.5358,2000
2026-06-19 07:52:56,97,W+2.5,10,True,False,False,,-1,30.4924,2000
2026-06-19 07:53:25,109,W+2.5,13,True,False,False,,-1,30.4726,2000
2026-06-19 07:53:57,117,W+6.5,14,True,False,False,,-1,30.5602,2000
2026-06-19 07:54:13,56,W+7.5,2,True,False,False,,-1,30.4116,2000
2026-06-19 07:54:51,134,B+8.5,28,True,False,False,,-1,30.6632,2000
2026-06-19 07:55:27,123,W+0.5,11,True,False,False,,-1,30.8435,2000
2026-06-19 07:55:55,102,W+1.5,3,True,False,False,,-1,30.9215,2000
2026-06-19 07:56:25,110,B+2.5,11,True,False,False,,-1,30.9283,2000
2026-06-19 07:57:05,136,B+0.5,13,True,False,False,,-1,31.0429,2000
2026-06-19 07:57:44,123,W+1.5,16,True,False,False,,-1,31.1858,2000
2026-06-19 07:58:12,99,B+0.5,7,True,False,False,,-1,31.1875,2000
2026-06-19 07:58:38,92,B+2.5,6,True,False,False,,-1,31.2481,2000
2026-06-19 07:59:04,97,W+1.5,8,True,False,False,,-1,31.2041,2000
2026-06-19 07:59:37,119,W+0.5,11,True,False,False,,-1,31.216,2000
2026-06-19 08:00:05,102,B+4.5,8,True,False,False,,-1,31.1611,2000
2026-06-19 08:00:39,114,B+1.5,8,True,False,False,,-1,31.1782,2000
2026-06-19 08:01:12,118,B+7.5,11,True,False,False,,-1,31.2037,2000
2026-06-19 08:01:50,125,W+3.5,10,True,False,False,,-1,31.3016,2000
2026-06-19 08:02:33,161,W+17.5,38,True,False,False,,-1,31.3306,2000
2026-06-19 08:03:08,117,W+0.5,7,True,False,False,,-1,31.4277,2000
2026-06-19 08:03:50,157,W+2.5,27,True,False,False,,-1,31.5626,2000
2026-06-19 08:04:32,141,W+5.5,10,True,False,False,,-1,31.6897,2000
2026-06-19 08:05:03,111,B+8.5,8,True,False,False,,-1,31.6605,2000
2026-06-19 08:05:33,110,B+6.5,10,True,False,False,,-1,31.6715,2000
2026-06-19 08:06:00,95,B+6.5,5,True,False,False,,-1,31.5257,2000
2026-06-19 08:06:28,106,B+5.5,11,True,False,False,,-1,31.6086,2000
2026-06-19 08:06:59,114,B+1.5,8,True,False,False,,-1,31.6308,2000
2026-06-19 08:07:34,118,B+1.5,16,True,False,False,,-1,31.5782,2000
2026-06-19 08:07:59,103,W+4.5,14,True,False,False,,-1,31.3483,2000
2026-06-19 08:08:30,113,W+4.5,14,True,False,False,,-1,31.3861,2000
2026-06-19 08:08:58,100,B+0.5,6,True,False,False,,-1,31.2815,2000
2026-06-19 08:09:20,73,B+2.5,3,True,False,False,,-1,31.0437,2000
2026-06-19 08:09:55,128,B+8.5,16,True,False,False,,-1,31.1115,2000
2026-06-19 08:10:30,109,B+5.5,8,True,False,False,,-1,31.1868,2000
2026-06-19 08:10:59,110,B+1.5,15,True,False,False,,-1,31.2178,2000
2026-06-19 08:11:33,122,B+3.5,12,True,False,False,,-1,31.2639,2000
2026-06-19 08:12:02,111,W+2.5,14,True,False,False,,-1,31.2092,2000
2026-06-19 08:12:30,95,W+1.5,6,True,False,False,,-1,31.2765,2000
2026-06-19 08:12:57,98,B+2.5,9,True,False,False,,-1,31.4148,2000
2026-06-19 08:13:33,127,W+2.5,12,True,False,False,,-1,31.4766,2000
2026-06-19 08:14:05,110,B+0.5,13,True,False,False,,-1,31.503,2000
2026-06-19 08:14:33,103,W+1.5,11,True,False,False,,-1,31.481,2000
2026-06-19 08:14:58,92,B+1.5,3,True,False,False,,-1,31.4106,2000
2026-06-19 08:15:29,110,B+0.5,10,True,False,False,,-1,31.3359,2000
2026-06-19 08:15:53,90,B+2.5,5,True,False,False,,-1,31.1969,2000
2026-06-19 08:16:22,107,W+3.5,16,True,False,False,,-1,31.2767,2000
2026-06-19 08:16:52,114,B+0.5,6,True,False,False,,-1,31.2929,2000
2026-06-19 08:17:19,86,B+1.5,6,True,False,False,,-1,31.4105,2000
2026-06-19 08:17:48,94,B+8.5,5,True,False,False,,-1,31.3855,2000
2026-06-19 08:18:16,104,B+0.5,7,True,False,False,,-1,31.3659,2000
2026-06-19 08:18:45,108,B+2.5,7,True,False,False,,-1,31.3924,2000
2026-06-19 08:19:18,123,B+5.5,15,True,False,False,,-1,31.3268,2000
2026-06-19 08:19:50,113,W+9.5,8,True,False,False,,-1,31.3526,2000
2026-06-19 08:20:15,101,W+0.5,13,True,False,False,,-1,31.3202,2000
2026-06-19 08:20:30,48,W+6.5,4,True,False,False,,-1,31.1472,2000
2026-06-19 08:20:43,48,W+9.5,2,True,False,False,,-1,30.9095,2000
2026-06-19 08:21:08,88,B+3.5,3,True,False,False,,-1,30.7726,2000
2026-06-19 08:21:47,130,B+1.5,8,True,False,False,,-1,30.8103,2000
2026-06-19 08:22:17,107,W+0.5,17,True,False,False,,-1,30.8388,2000
2026-06-19 08:22:48,102,B+8.5,7,True,False,False,,-1,30.9687,2000
2026-06-19 08:23:21,114,B+2.5,8,True,False,False,,-1,30.9957,2000
2026-06-19 08:23:50,100,B+9.5,6,True,False,False,,-1,31.0259,2000
2026-06-19 08:24:28,126,B+1.5,13,True,False,False,,-1,31.0701,2000
2026-06-19 08:24:50,75,B+3.5,3,True,False,False,,-1,30.9355,2000
2026-06-19 08:25:23,113,W+1.5,7,True,False,False,,-1,30.8823,2000
2026-06-19 08:25:47,88,B+4.5,6,True,False,False,,-1,30.7436,2000
2026-06-19 08:26:23,135,W+3.5,19,True,False,False,,-1,30.8098,2000
2026-06-19 08:26:53,106,B+1.5,7,True,False,False,,-1,30.8148,2000
2026-06-19 08:27:22,108,B+4.5,12,True,False,False,,-1,30.8048,2000
2026-06-19 08:28:00,137,W+10.5,13,True,False,False,,-1,30.8546,2000
2026-06-19 08:28:29,111,W+0.5,9,True,False,False,,-1,30.8755,2000
2026-06-19 08:29:10,128,B+2.5,12,True,False,False,,-1,30.9863,2000
2026-06-19 08:29:41,119,W+5.5,13,True,False,False,,-1,31.0068,2000
2026-06-19 08:30:15,122,B+2.5,12,True,False,False,,-1,31.0944,2000
2026-06-19 08:30:40,95,W+5.5,6,True,False,False,,-1,30.9883,2000
2026-06-19 08:31:06,95,W+2.5,6,True,False,False,,-1,30.9112,2000
2026-06-19 08:31:40,133,W+1.5,29,True,False,False,,-1,30.9482,2000
2026-06-19 08:32:20,154,B+3.5,17,True,False,False,,-1,31.0411,2000
2026-06-19 08:32:52,112,B+2.5,5,True,False,False,,-1,31.0272,2000
2026-06-19 08:33:09,60,W+1.5,3,True,False,False,,-1,30.8435,2000
2026-06-19 08:33:40,123,B+5.5,20,True,False,False,,-1,30.8721,2000
2026-06-19 08:34:12,121,W+0.5,16,True,False,False,,-1,30.8282,2000
2026-06-19 08:34:45,115,W+4.5,15,True,False,False,,-1,30.8932,2000
2026-06-19 08:35:15,111,W+5.5,15,True,False,False,,-1,30.8712,2000
2026-06-25 19:56:15,101,B+0.5,2,True,False,False,,-1,51.3305,0
2026-06-25 19:57:03,162,B+62.5,9,True,False,False,,-1,50.0673,0
2026-06-25 19:57:54,162,B+39.5,4,True,False,False,,-1,50.1147,0
2026-06-25 19:58:48,142,B+31.5,5,True,False,False,,-1,51.1174,0
2026-06-25 19:59:30,108,W+24.5,5,True,False,False,,-1,49.4157,0
2026-06-25 20:00:25,162,B+60.5,10,True,False,False,,-1,50.2686,0
2026-06-25 20:00:59,96,W+27.5,8,True,False,False,,-1,47.8952,0
2026-06-25 20:01:35,95,B+2.5,6,True,False,False,,-1,46.4031,0
2026-06-25 20:02:27,162,W+76.5,17,True,False,False,,-1,47.0792,0
2026-06-25 20:03:02,101,W+9.5,5,True,False,False,,-1,45.8946,0
2026-06-25 20:03:39,105,B+14.5,7,True,False,False,,-1,45.0834,0
2026-06-25 20:04:15,97,W+18.5,2,True,False,False,,-1,44.3347,0
2026-06-25 20:04:52,119,B+27.5,8,True,False,False,,-1,43.7035,0
2026-06-25 20:05:41,162,W+74.5,11,True,False,False,,-1,44.1093,0
2026-06-25 20:06:21,106,W+29.5,4,True,False,False,,-1,43.8674,0
2026-06-25 20:06:57,76,W+7.5,2,True,False,False,,-1,43.3319,0
2026-06-25 20:07:43,117,B+31.5,4,True,False,False,,-1,43.4803,0
2026-06-25 20:08:47,162,B+51.5,2,True,False,False,,-1,44.6552,0
2026-06-25 20:09:04,34,W+7.5,2,True,False,False,,-1,43.1716,0
2026-06-25 20:09:41,107,W+23.5,5,True,False,False,,-1,42.8749,0
2026-06-25 20:10:25,136,W+73.5,3,True,False,False,,-1,42.9436,0
2026-06-25 20:11:14,162,W+13.5,14,True,False,False,,-1,43.2089,0
2026-06-25 20:11:42,62,W+7.5,2,True,False,False,,-1,42.5418,0
2026-06-25 20:12:36,162,B+62.5,8,True,False,False,,-1,43.0302,0
2026-06-25 20:13:22,116,B+9.5,3,True,False,False,,-1,43.151,0
2026-06-25 20:14:02,108,B+8.5,4,True,False,False,,-1,43.0406,0
2026-06-25 20:14:36,80,W+11.5,2,True,False,False,,-1,42.673,0
2026-06-25 20:15:22,140,W+56.5,3,True,False,False,,-1,42.8202,0
2026-06-25 20:16:02,95,W+9.5,3,True,False,False,,-1,42.7064,0
2026-06-25 20:16:59,125,W+16.5,3,True,False,False,,-1,43.1711,0
2026-06-25 20:17:48,135,W+7.5,9,True,False,False,,-1,43.3619,0
2026-06-25 20:18:40,162,B+56.5,6,True,False,False,,-1,43.6419,0
2026-06-25 20:19:31,162,W+61.5,3,True,False,False,,-1,43.869,0
2026-06-25 20:20:02,91,B+8.5,2,True,False,False,,-1,43.4984,0
2026-06-25 20:20:52,133,B+1.5,2,True,False,False,,-1,43.6808,0
2026-06-25 20:21:43,162,B+73.5,20,True,False,False,,-1,43.8773,0
2026-06-25 20:22:16,90,W+7.5,2,True,False,False,,-1,43.5938,0
2026-06-25 20:23:06,131,B+26.5,2,True,False,False,,-1,43.7597,0
2026-06-25 20:23:49,112,B+22.5,4,True,False,False,,-1,43.7442,0
2026-06-25 20:24:48,162,B+37.5,6,True,False,False,,-1,44.1192,0
2026-06-25 20:25:35,114,W+35.5,10,True,False,False,,-1,44.1925,0
2026-06-25 20:26:29,162,B+48.5,7,True,False,False,,-1,44.4185,0
2026-06-25 20:27:13,132,B+35.5,5,True,False,False,,-1,44.4065,0
2026-06-25 20:27:50,101,B+12.5,3,True,False,False,,-1,44.2298,0
2026-06-25 20:28:44,162,W+63.5,8,True,False,False,,-1,44.4647,0
2026-06-25 20:29:21,123,B+24.5,10,True,False,False,,-1,44.3014,0
2026-06-25 20:30:22,157,W+69.5,5,True,False,False,,-1,44.6488,0
2026-06-25 20:30:40,40,W+8.5,3,True,False,False,,-1,44.0941,0
2026-06-25 20:31:30,162,B+58.5,12,True,False,False,,-1,44.2233,0
2026-06-25 20:32:22,146,W+54.5,5,True,False,False,,-1,44.3603,0
2026-06-25 20:33:17,162,W+48.5,5,True,False,False,,-1,44.5823,0
2026-06-25 20:34:06,162,B+46.5,3,True,False,False,,-1,44.6709,0
2026-06-25 20:34:45,94,W+3.5,3,True,False,False,,-1,44.5567,0
2026-06-25 20:35:39,156,B+49.5,5,True,False,False,,-1,44.7348,0
2026-06-25 20:36:33,155,B+44.5,4,True,False,False,,-1,44.8972,0
2026-06-25 20:37:29,162,W+54.5,2,True,False,False,,-1,45.1056,0
2026-06-25 20:38:24,162,B+4.5,12,True,False,False,,-1,45.2673,0
2026-06-25 20:39:11,141,B+49.5,3,True,False,False,,-1,45.3043,0
2026-06-25 20:40:07,162,B+21.5,7,True,False,False,,-1,45.4795,0
2026-06-25 20:40:43,98,W+7.5,3,True,False,False,,-1,45.3257,0
2026-06-25 20:41:33,144,B+36.5,6,True,False,False,,-1,45.4025,0
2026-06-25 20:42:12,112,W+24.5,6,True,False,False,,-1,45.2915,0
2026-06-25 20:43:08,162,B+49.5,1,True,False,False,,-1,45.4626,0
2026-06-25 20:43:59,162,W+78.5,10,True,False,False,,-1,45.5502,0
2026-06-25 20:44:36,91,W+8.5,3,True,False,False,,-1,45.4237,0
2026-06-25 20:45:29,162,B+70.5,16,True,False,False,,-1,45.5334,0
2026-06-25 20:46:15,159,B+73.5,15,True,False,False,,-1,45.5369,0
2026-06-25 20:47:06,162,B+30.5,3,True,False,False,,-1,45.6286,0
2026-06-25 20:48:01,162,B+34.5,6,True,False,False,,-1,45.7565,0
2026-06-25 20:48:35,96,B+4.5,3,True,False,False,,-1,45.588,0
2026-06-25 20:49:10,113,B+2.5,6,True,False,False,,-1,45.449,0
2026-06-25 20:49:42,90,B+5.5,2,True,False,False,,-1,45.2617,0
2026-06-25 20:50:38,162,B+45.5,3,True,False,False,,-1,45.4046,0
2026-06-25 20:51:31,162,W+78.5,8,True,False,False,,-1,45.5008,0
2026-06-25 20:52:17,141,B+51.5,3,True,False,False,,-1,45.5065,0
2026-06-25 20:52:35,40,W+8.5,2,True,False,False,,-1,45.1489,0
2026-06-25 20:53:23,117,W+21.5,2,True,False,False,,-1,45.1892,0
2026-06-25 20:54:11,130,B+43.5,6,True,False,False,,-1,45.2228,0
2026-06-25 20:54:44,78,W+2.5,2,True,False,False,,-1,45.0694,0
2026-06-25 20:55:35,157,B+34.5,7,True,False,False,,-1,45.1481,0
2026-06-25 20:56:26,162,B+47.5,4,True,False,False,,-1,45.2108,0
2026-06-25 20:57:19,162,W+51.5,1,True,False,False,,-1,45.3039,0
2026-06-25 20:58:10,162,B+50.5,3,True,False,False,,-1,45.3802,0
2026-06-25 20:59:02,162,W+16.5,8,True,False,False,,-1,45.4554,0
2026-06-25 20:59:41,114,W+43.5,2,True,False,False,,-1,45.3861,0
2026-06-25 21:00:37,161,B+53.5,13,True,False,False,,-1,45.5031,0
2026-06-25 21:01:37,162,B+44.5,7,True,False,False,,-1,45.6687,0
2026-06-25 21:02:19,160,B+70.5,25,True,False,False,,-1,45.6295,0
2026-06-25 21:02:46,65,B+5.5,2,True,False,False,,-1,45.4205,0
2026-06-25 21:03:38,162,B+20.5,7,True,False,False,,-1,45.4891,0
2026-06-25 21:04:32,162,B+41.5,2,True,False,False,,-1,45.5853,0
2026-06-25 21:05:12,125,W+5.5,11,True,False,False,,-1,45.5292,0
2026-06-25 21:05:59,108,W+37.5,2,True,False,False,,-1,45.5375,0
2026-06-25 21:06:26,60,W+10.5,2,True,False,False,,-1,45.3396,0
2026-06-25 21:07:05,115,B+9.5,5,True,False,False,,-1,45.2804,0
2026-06-25 21:08:13,162,W+47.5,3,True,False,False,,-1,45.5182,0
2026-06-25 21:09:05,155,W+64.5,3,True,False,False,,-1,45.5776,0
2026-06-25 21:09:52,162,W+83.5,10,True,False,False,,-1,45.5908,0
2026-06-25 21:10:47,151,W+64.5,5,True,False,False,,-1,45.6904,0
2026-06-25 21:11:29,120,W+23.5,8,True,False,False,,-1,45.6578,0
2026-06-25 21:12:23,162,B+57.5,1,True,False,False,,-1,45.6842,0
2026-06-25 21:13:12,162,W+80.5,12,True,False,False,,-1,45.6824,0
2026-06-25 21:14:11,162,W+32.5,5,True,False,False,,-1,45.7682,0
2026-06-25 21:14:55,117,B+14.5,2,True,False,False,,-1,45.6664,0
2026-06-25 21:15:35,106,B+1.5,6,True,False,False,,-1,45.6405,0
2026-06-25 21:16:19,160,W+85.5,20,True,False,False,,-1,45.5321,0
2026-06-25 21:17:06,162,W+80.5,8,True,False,False,,-1,45.6724,0
2026-06-25 21:17:52,162,W+9.5,5,True,False,False,,-1,45.7739,0
2026-06-25 21:18:42,162,B+60.5,11,True,False,False,,-1,45.745,0
2026-06-25 21:19:29,121,W+2.5,6,True,False,False,,-1,45.8611,0
2026-06-25 21:20:12,107,B+35.5,2,True,False,False,,-1,45.9193,0
2026-06-25 21:20:40,64,W+16.5,2,True,False,False,,-1,45.8468,0
2026-06-25 21:21:36,161,B+63.5,14,True,False,False,,-1,46.0404,0
2026-06-25 21:22:29,162,W+83.5,8,True,False,False,,-1,46.0746,0
2026-06-25 21:23:00,66,W+30.5,2,True,False,False,,-1,45.9816,0
2026-06-25 21:23:37,124,B+30.5,9,True,False,False,,-1,45.9999,0
2026-06-25 21:24:30,159,B+38.5,6,True,False,False,,-1,46.0693,0
2026-06-25 21:25:19,162,B+59.5,11,True,False,False,,-1,45.9162,0
2026-06-25 21:26:13,162,B+29.5,5,True,False,False,,-1,46.2936,0
2026-06-25 21:26:58,124,W+10.5,4,True,False,False,,-1,46.3635,0
2026-06-25 21:27:52,147,B+27.5,6,True,False,False,,-1,46.4674,0
2026-06-25 21:28:20,64,W+11.5,2,True,False,False,,-1,46.2533,0
2026-06-25 21:29:02,113,W+8.5,2,True,False,False,,-1,46.3991,0
2026-06-25 21:29:54,162,B+55.5,7,True,False,False,,-1,46.3722,0
2026-06-25 21:30:35,114,B+23.5,3,True,False,False,,-1,46.3225,0
2026-06-25 21:31:13,112,W+31.5,6,True,False,False,,-1,46.298,0
2026-06-25 21:31:49,111,W+11.5,4,True,False,False,,-1,46.3265,0
2026-06-25 21:32:30,141,W+64.5,21,True,False,False,,-1,46.272,0
2026-06-25 21:33:16,162,W+85.5,21,True,False,False,,-1,46.3361,0
2026-06-25 21:34:10,161,B+23.5,3,True,False,False,,-1,46.308,0
2026-06-25 21:34:51,99,W+7.5,2,True,False,False,,-1,46.2334,0
2026-06-25 21:35:30,100,W+28.5,7,True,False,False,,-1,46.0936,0
2026-06-25 21:36:06,72,W+2.5,2,True,False,False,,-1,45.9438,0
2026-06-25 21:36:55,162,W+65.5,9,True,False,False,,-1,46.1219,0
2026-06-25 21:37:39,126,W+37.5,10,True,False,False,,-1,46.0639,0
2026-06-25 21:38:35,162,B+40.5,1,True,False,False,,-1,46.1122,0
2026-06-25 21:39:15,108,W+20.5,3,True,False,False,,-1,46.1797,0
2026-06-25 21:40:00,162,W+79.5,16,True,False,False,,-1,46.1372,0
2026-06-25 21:40:38,112,W+26.5,7,True,False,False,,-1,46.0792,0
2026-06-25 21:41:29,162,B+65.5,16,True,False,False,,-1,46.0022,0
2026-06-25 21:42:17,162,B+61.5,13,True,False,False,,-1,46.01,0
2026-06-25 21:43:11,162,W+21.5,9,True,False,False,,-1,46.0148,0
2026-06-25 21:44:00,157,B+67.5,19,True,False,False,,-1,46.062,0
2026-06-25 21:44:18,40,W+5.5,2,True,False,False,,-1,45.8809,0
2026-06-25 21:45:12,122,W+9.5,4,True,False,False,,-1,45.8695,0
2026-06-25 21:45:50,88,W+7.5,2,True,False,False,,-1,45.88,0
2026-06-25 21:46:38,162,B+70.5,11,True,False,False,,-1,45.7557,0
2026-06-25 21:47:26,152,B+62.5,5,True,False,False,,-1,46.0597,0
2026-06-25 21:48:01,81,B+6.5,2,True,False,False,,-1,45.9004,0
2026-06-25 21:48:58,162,W+51.5,3,True,False,False,,-1,45.9654,0
2026-06-25 21:49:51,162,W+72.5,6,True,False,False,,-1,45.937,0
2026-06-25 21:50:31,94,B+2.5,4,True,False,False,,-1,45.8414,0
2026-06-25 21:51:21,162,B+57.5,3,True,False,False,,-1,45.9611,0
2026-06-25 21:52:00,107,W+20.5,2,True,False,False,,-1,45.807,0
2026-06-25 21:52:47,162,B+73.5,15,True,False,False,,-1,45.7401,0
2026-06-25 21:53:37,156,B+59.5,7,True,False,False,,-1,45.6698,0
2026-06-25 21:54:33,162,B+65.5,6,True,False,False,,-1,45.6868,0
2026-06-25 21:55:29,162,B+27.5,8,True,False,False,,-1,45.7771,0
2026-06-25 21:56:18,162,W+18.5,11,True,False,False,,-1,45.7113,0
2026-06-25 21:57:03,126,W+53.5,3,True,False,False,,-1,45.7998,0
2026-06-25 21:58:01,107,W+34.5,3,True,False,False,,-1,45.8798,0
2026-06-25 21:58:56,162,W+77.5,6,True,False,False,,-1,46.0362,0
2026-06-25 21:59:50,162,W+68.5,10,True,False,False,,-1,46.0184,0
2026-06-25 22:00:28,106,W+29.5,4,True,False,False,,-1,45.8865,0
2026-06-25 22:01:22,162,B+54.5,7,True,False,False,,-1,46.0601,0
2026-06-25 22:02:10,118,W+49.5,4,True,False,False,,-1,46.0117,0
2026-06-25 22:02:48,99,W+17.5,2,True,False,False,,-1,45.9355,0
2026-06-25 22:03:37,162,B+70.5,18,True,False,False,,-1,45.9016,0
2026-06-25 22:04:34,162,B+36.5,10,True,False,False,,-1,45.9281,0
2026-06-25 22:05:12,99,B+6.5,3,True,False,False,,-1,45.9663,0
2026-06-25 22:06:09,162,W+77.5,13,True,False,False,,-1,46.187,0
2026-06-25 22:06:57,162,W+56.5,3,True,False,False,,-1,46.3468,0
2026-06-25 22:07:47,162,B+65.5,13,True,False,False,,-1,46.2855,0
2026-06-25 22:08:21,94,W+10.5,3,True,False,False,,-1,46.1019,0
2026-06-25 22:09:18,157,B+23.5,6,True,False,False,,-1,46.2068,0
2026-06-25 22:10:01,102,W+42.5,2,True,False,False,,-1,46.4568,0
2026-06-25 22:10:41,125,W+2.5,4,True,False,False,,-1,46.3775,0
2026-06-25 22:11:28,162,B+59.5,4,True,False,False,,-1,46.3689,0
2026-06-25 22:12:03,104,W+11.5,3,True,False,False,,-1,46.3872,0
2026-06-25 22:12:37,85,B+10.5,2,True,False,False,,-1,46.2137,0
2026-06-25 22:13:34,162,B+60.5,11,True,False,False,,-1,46.2795,0
2026-06-25 22:14:44,162,B+54.5,8,True,False,False,,-1,46.4467,0
2026-06-25 22:15:45,160,W+42.5,4,True,False,False,,-1,46.5487,0
2026-06-25 22:16:32,138,B+38.5,3,True,False,False,,-1,46.4984,0
2026-06-25 22:17:13,115,B+15.5,3,True,False,False,,-1,46.5076,0
2026-06-25 22:17:50,95,B+18.5,2,True,False,False,,-1,46.3307,0
2026-06-25 22:18:29,68,W+3.5,3,True,False,False,,-1,46.1148,0
2026-06-25 22:19:04,75,B+4.5,2,True,False,False,,-1,46.0428,0
2026-06-25 22:19:56,162,B+48.5,4,True,False,False,,-1,46.2944,0
2026-06-25 22:20:50,162,W+46.5,6,True,False,False,,-1,46.3238,0
2026-06-25 22:21:27,83,B+4.5,3,True,False,False,,-1,46.1442,0
2026-06-25 22:22:09,159,B+73.5,22,True,False,False,,-1,46.1595,0
2026-06-25 22:23:04,162,W+62.5,7,True,False,False,,-1,46.2472,0
2026-06-25 22:23:49,138,W+61.5,9,True,False,False,,-1,46.4281,0
2026-06-25 22:24:32,114,B+3.5,6,True,False,False,,-1,46.4681,0
2026-06-25 22:25:28,162,W+71.5,5,True,False,False,,-1,46.3424,0
2026-06-25 22:26:18,162,B+70.5,11,True,False,False,,-1,46.3264,0
2026-06-25 22:27:07,159,B+64.5,13,True,False,False,,-1,46.3462,0
2026-06-25 22:27:57,131,B+34.5,3,True,False,False,,-1,46.2998,0
2026-06-25 22:28:47,149,B+45.5,10,True,False,False,,-1,46.373,0
2026-06-25 22:29:27,108,W+11.5,4,True,False,False,,-1,46.2353,0
2026-06-25 22:30:18,162,W+77.5,7,True,False,False,,-1,46.2582,0
2026-06-25 22:30:35,40,W+7.5,2,True,False,False,,-1,45.8336,0
2026-06-25 22:31:28,162,B+50.5,9,True,False,False,,-1,45.9243,0
2026-06-25 22:32:00,84,W+18.5,2,True,False,False,,-1,45.8455,0
2026-06-25 22:32:38,90,B+6.5,2,True,False,False,,-1,45.788,0
2026-06-25 22:33:19,113,W+17.5,3,True,False,False,,-1,45.7281,0
2026-06-25 22:33:49,90,W+0.5,4,True,False,False,,-1,45.5676,0
2026-06-25 22:34:34,128,W+39.5,13,True,False,False,,-1,45.5137,0
2026-06-25 22:35:27,162,W+76.5,8,True,False,False,,-1,45.5812,0
2026-06-25 22:36:21,161,B+57.5,16,True,False,False,,-1,45.6899,0
2026-06-25 22:37:10,143,W+57.5,3,True,False,False,,-1,45.8891,0
2026-06-25 22:38:03,162,B+41.5,2,True,False,False,,-1,45.8719,0
2026-06-25 22:38:52,142,B+35.5,9,True,False,False,,-1,45.8276,0
2026-06-25 22:39:28,98,W+14.5,3,True,False,False,,-1,45.8824,0
2026-06-25 22:40:23,135,W+60.5,6,True,False,False,,-1,46.0576,0
2026-06-25 22:41:13,162,W+12.5,12,True,False,False,,-1,46.0325,0
2026-06-25 22:42:05,162,W+29.5,7,True,False,False,,-1,46.0544,0
2026-06-25 22:42:40,90,W+5.5,2,True,False,False,,-1,45.8671,0
2026-06-25 22:43:30,149,B+56.5,3,True,False,False,,-1,45.9214,0
2026-06-25 22:43:56,56,W+9.5,2,True,False,False,,-1,45.6313,0
2026-06-25 22:44:45,135,W+67.5,4,True,False,False,,-1,45.8494,0
2026-06-25 22:45:20,91,B+12.5,2,True,False,False,,-1,45.7739,0
2026-06-25 22:46:20,162,W+67.5,4,True,False,False,,-1,45.8584,0
2026-06-25 22:47:09,162,B+65.5,7,True,False,False,,-1,45.9342,0
2026-06-25 22:48:10,162,B+57.5,4,True,False,False,,-1,46.1727,0
2026-06-25 22:48:51,106,W+29.5,2,True,False,False,,-1,46.2179,0
2026-06-25 22:49:49,162,W+45.5,8,True,False,False,,-1,46.3909,0
2026-06-25 22:50:38,154,B+64.5,8,True,False,False,,-1,46.4195,0
2026-06-25 22:51:25,137,B+30.5,10,True,False,False,,-1,46.3533,0
2026-06-25 22:52:14,126,W+26.5,2,True,False,False,,-1,46.4208,0
2026-06-25 22:53:06,162,B+62.5,13,True,False,False,,-1,46.5555,0
2026-06-25 22:53:58,162,B+10.5,12,True,False,False,,-1,46.7173,0
2026-06-25 22:54:54,162,W+55.5,7,True,False,False,,-1,46.7853,0
2026-06-25 22:55:42,162,W+20.5,14,True,False,False,,-1,46.8287,0
2026-06-25 22:56:36,162,B+35.5,4,True,False,False,,-1,46.8123,0
2026-06-25 22:57:31,155,W+62.5,6,True,False,False,,-1,46.9601,0
2026-06-25 22:58:19,162,W+88.5,13,True,False,False,,-1,46.9802,0
2026-06-25 22:59:13,162,B+59.5,5,True,False,False,,-1,47.153,0
2026-06-25 22:59:54,91,W+9.5,3,True,False,False,,-1,47.0467,0
2026-06-25 23:00:56,162,W+5.5,5,True,False,False,,-1,47.1867,0
2026-06-25 23:02:01,162,W+52.5,4,True,False,False,,-1,47.3025,0
2026-06-25 23:02:54,162,B+7.5,10,True,False,False,,-1,47.3379,0
2026-06-25 23:03:34,94,B+6.5,2,True,False,False,,-1,47.5533,0
2026-06-25 23:04:31,156,W+49.5,4,True,False,False,,-1,47.5942,0
2026-06-25 23:05:11,101,W+22.5,3,True,False,False,,-1,47.6134,0
2026-06-25 23:06:09,147,B+39.5,10,True,False,False,,-1,47.7037,0
2026-06-25 23:07:02,162,W+70.5,9,True,False,False,,-1,47.7496,0
2026-06-25 23:08:01,162,W+85.5,5,True,False,False,,-1,47.9979,0
2026-06-25 23:08:52,158,B+44.5,3,True,False,False,,-1,47.9307,0
2026-06-25 23:09:32,112,B+0.5,4,True,False,False,,-1,47.8019,0
2026-06-25 23:10:14,115,B+35.5,6,True,False,False,,-1,47.828,0
2026-06-25 23:11:11,162,B+24.5,2,True,False,False,,-1,47.894,0
2026-06-25 23:12:04,133,B+61.5,4,True,False,False,,-1,48.034,0
2026-06-25 23:12:53,162,B+73.5,15,True,False,False,,-1,48.056,0
2026-06-25 23:13:32,122,B+12.5,4,True,False,False,,-1,47.953,0
2026-06-25 23:14:25,94,W+20.5,2,True,False,False,,-1,47.9232,0
2026-06-25 23:15:10,154,W+79.5,12,True,False,False,,-1,47.8075,0
2026-06-25 23:16:02,142,W+57.5,9,True,False,False,,-1,47.8307,0
2026-06-25 23:16:36,86,W+11.5,2,True,False,False,,-1,47.7249,0
2026-06-25 23:17:16,117,W+17.5,7,True,False,False,,-1,47.5402,0
2026-06-25 23:18:10,162,B+57.5,3,True,False,False,,-1,47.5448,0
2026-06-25 23:18:46,107,W+25.5,2,True,False,False,,-1,47.3538,0
2026-06-25 23:19:33,139,B+54.5,2,True,False,False,,-1,47.4505,0
2026-06-25 23:20:30,142,W+25.5,4,True,False,False,,-1,47.4747,0
2026-06-25 23:21:15,161,W+81.5,21,True,False,False,,-1,47.4455,0
2026-06-25 23:22:08,111,W+27.5,2,True,False,False,,-1,47.5929,0
2026-06-25 23:22:53,136,B+39.5,4,True,False,False,,-1,47.5609,0
2026-06-25 23:23:24,62,W+1.5,2,True,False,False,,-1,47.297,0
2026-06-25 23:24:25,162,B+0.5,3,True,False,False,,-1,47.5306,0
2026-06-25 23:25:25,162,B+2.5,11,True,False,False,,-1,47.5474,0
2026-06-25 23:26:20,162,B+24.5,9,True,False,False,,-1,47.6252,0
2026-06-25 23:27:15,162,B+25.5,6,True,False,False,,-1,47.6724,0
2026-06-25 23:28:06,146,W+64.5,11,True,False,False,,-1,47.845,0
2026-06-25 23:28:51,143,W+44.5,6,True,False,False,,-1,47.7328,0
2026-06-25 23:29:28,78,W+10.5,2,True,False,False,,-1,47.6717,0
2026-06-25 23:30:15,137,B+44.5,2,True,False,False,,-1,47.7378,0
2026-06-25 23:31:06,134,W+51.5,3,True,False,False,,-1,47.7725,0
2026-06-25 23:32:06,159,W+56.5,4,True,False,False,,-1,48.02,0
2026-06-25 23:32:44,102,W+27.5,2,True,False,False,,-1,48.0624,0
2026-06-25 23:33:40,162,W+74.5,1,True,False,False,,-1,48.0554,0
2026-06-25 23:34:24,111,W+25.5,3,True,False,False,,-1,47.7988,0
2026-06-25 23:35:16,162,B+64.5,16,True,False,False,,-1,47.7058,0
2026-06-25 23:36:10,162,B+52.5,6,True,False,False,,-1,47.7754,0
2026-06-25 23:36:54,110,W+25.5,3,True,False,False,,-1,47.8095,0
2026-06-25 23:37:54,162,W+80.5,6,True,False,False,,-1,48.0308,0
2026-06-25 23:38:43,147,B+32.5,5,True,False,False,,-1,48.1432,0
2026-06-25 23:39:35,162,B+70.5,17,True,False,False,,-1,48.3097,0
2026-06-25 23:40:34,162,W+36.5,2,True,False,False,,-1,48.3753,0
2026-06-25 23:41:21,118,W+27.5,3,True,False,False,,-1,48.3038,0
2026-06-25 23:42:01,111,B+2.5,5,True,False,False,,-1,48.3409,0
2026-06-25 23:42:40,95,W+7.5,2,True,False,False,,-1,48.3091,0
2026-06-25 23:43:39,162,B+57.5,8,True,False,False,,-1,48.3452,0
2026-06-25 23:44:27,136,B+27.5,5,True,False,False,,-1,48.3777,0
2026-06-25 23:44:51,56,W+4.5,2,True,False,False,,-1,48.1844,0
2026-06-25 23:45:32,92,W+13.5,5,True,False,False,,-1,48.0329,0
2026-06-25 23:46:10,80,W+11.5,3,True,False,False,,-1,47.9183,0
2026-06-25 23:47:04,155,W+36.5,5,True,False,False,,-1,47.9687,0
2026-06-25 23:47:44,80,W+0.5,2,True,False,False,,-1,47.8635,0
2026-06-25 23:48:33,162,W+82.5,8,True,False,False,,-1,47.8536,0
2026-06-25 23:49:06,74,W+14.5,2,True,False,False,,-1,47.7834,0
2026-06-25 23:49:52,124,B+35.5,5,True,False,False,,-1,47.7345,0
2026-06-25 23:50:19,64,W+6.5,2,True,False,False,,-1,47.8453,0
2026-06-25 23:50:41,46,W+9.5,2,True,False,False,,-1,47.5344,0
2026-06-25 23:51:21,116,B+3.5,3,True,False,False,,-1,47.6074,0
2026-06-25 23:52:16,162,W+54.5,8,True,False,False,,-1,47.7787,0
2026-06-25 23:52:59,123,B+41.5,3,True,False,False,,-1,47.7904,0
2026-06-25 23:53:39,96,B+12.5,2,True,False,False,,-1,47.897,0
2026-06-25 23:54:23,114,B+24.5,3,True,False,False,,-1,47.8862,0
2026-06-25 23:55:24,137,W+58.5,2,True,False,False,,-1,47.9671,0
2026-06-25 23:56:18,162,B+10.5,9,True,False,False,,-1,47.9666,0
2026-06-25 23:57:10,162,B+52.5,4,True,False,False,,-1,48.0006,0
2026-06-25 23:58:04,162,B+51.5,13,True,False,False,,-1,48.003,0
2026-06-25 23:58:36,105,W+5.5,6,True,False,False,,-1,47.8402,0
2026-06-25 23:59:16,129,B+36.5,13,True,False,False,,-1,47.8713,0
2026-06-25 23:59:53,105,B+2.5,4,True,False,False,,-1,47.6949,0
2026-06-26 00:00:40,106,W+8.5,3,True,False,False,,-1,47.663,0
2026-06-26 00:01:48,162,B+53.5,8,True,False,False,,-1,47.8249,0
2026-06-26 00:02:00,26,W+6.5,2,True,False,False,,-1,47.5894,0
2026-06-26 00:02:48,162,W+28.5,9,True,False,False,,-1,47.5796,0
2026-06-26 00:03:47,162,W+39.5,1,True,False,False,,-1,47.9045,0
2026-06-26 00:04:21,83,B+0.5,2,True,False,False,,-1,47.7522,0
2026-06-26 00:05:20,162,B+18.5,10,True,False,False,,-1,47.9992,0
2026-06-26 00:06:08,162,B+49.5,14,True,False,False,,-1,47.881,0
2026-06-26 00:06:42,101,W+0.5,5,True,False,False,,-1,47.73,0
2026-06-26 00:07:33,133,B+27.5,2,True,False,False,,-1,47.6264,0
2026-06-26 00:08:20,124,W+62.5,4,True,False,False,,-1,47.6861,0
2026-06-26 00:09:11,155,B+73.5,17,True,False,False,,-1,47.6119,0
2026-06-26 00:10:07,162,W+19.5,11,True,False,False,,-1,47.6833,0
2026-06-26 00:11:08,162,B+60.5,5,True,False,False,,-1,47.8208,0
2026-06-26 00:11:45,116,B+25.5,7,True,False,False,,-1,47.7126,0
2026-06-26 00:12:34,140,W+31.5,6,True,False,False,,-1,47.6765,0
2026-06-26 00:13:19,127,B+44.5,3,True,False,False,,-1,47.6101,0
2026-06-26 00:14:09,146,W+49.5,10,True,False,False,,-1,47.5469,0
2026-06-26 00:14:55,126,B+10.5,3,True,False,False,,-1,47.5251,0
2026-06-26 00:15:35,108,B+0.5,6,True,False,False,,-1,47.3835,0
2026-06-26 00:16:20,154,W+80.5,8,True,False,False,,-1,47.2808,0
2026-06-26 00:16:45,66,W+7.5,2,True,False,False,,-1,47.0581,0
2026-06-26 00:17:24,93,B+2.5,2,True,False,False,,-1,46.9021,0
2026-06-26 00:18:17,160,W+45.5,8,True,False,False,,-1,47.0271,0
2026-06-26 00:18:56,113,W+13.5,4,True,False,False,,-1,46.7972,0
2026-06-26 00:19:50,162,B+38.5,9,True,False,False,,-1,46.6789,0
2026-06-26 00:20:32,120,W+19.5,3,True,False,False,,-1,46.5791,0
2026-06-26 00:21:25,162,W+1.5,11,True,False,False,,-1,46.705,0
2026-06-26 00:22:08,122,B+14.5,2,True,False,False,,-1,46.5656,0
2026-06-26 00:22:53,119,B+35.5,7,True,False,False,,-1,46.6169,0
2026-06-26 00:23:46,158,W+71.5,6,True,False,False,,-1,46.5671,0
2026-06-26 00:24:33,155,B+48.5,7,True,False,False,,-1,46.5103,0
2026-06-26 00:25:23,151,B+59.5,13,True,False,False,,-1,46.4173,0
2026-06-26 00:26:05,95,B+14.5,4,True,False,False,,-1,46.3322,0
2026-06-26 00:26:53,148,W+58.5,11,True,False,False,,-1,46.4121,0
2026-06-26 00:27:44,162,W+83.5,5,True,False,False,,-1,46.4915,0
2026-06-26 00:28:00,36,W+3.5,2,True,False,False,,-1,46.0863,0
2026-06-26 00:28:54,162,W+23.5,12,True,False,False,,-1,46.0984,0
2026-06-26 00:29:42,150,B+63.5,13,True,False,False,,-1,46.0811,0
2026-06-26 00:30:26,162,B+70.5,19,True,False,False,,-1,46.1363,0
2026-06-26 00:31:07,109,B+0.5,3,True,False,False,,-1,46.0119,0
2026-06-26 00:31:59,162,B+41.5,5,True,False,False,,-1,46.0878,0
2026-06-26 00:32:48,162,B+43.5,10,True,False,False,,-1,46.0548,0
2026-06-26 00:33:30,133,B+39.5,11,True,False,False,,-1,46.1291,0
2026-06-26 00:34:19,158,B+40.5,7,True,False,False,,-1,46.2254,0
2026-06-26 00:35:05,157,B+67.5,13,True,False,False,,-1,46.1448,0
2026-06-26 00:35:47,100,W+2.5,2,True,False,False,,-1,46.2072,0
2026-06-26 00:36:23,82,W+3.5,3,True,False,False,,-1,46.0908,0
2026-06-26 00:37:16,135,W+50.5,3,True,False,False,,-1,46.0535,0
2026-06-26 00:38:02,159,B+70.5,23,True,False,False,,-1,46.06,0
2026-06-26 00:38:36,113,B+8.5,9,True,False,False,,-1,45.8802,0
2026-06-26 00:39:09,74,W+0.5,2,True,False,False,,-1,45.7539,0
2026-06-26 00:40:00,162,W+51.5,9,True,False,False,,-1,45.9518,0
2026-06-26 00:40:48,121,W+39.5,2,True,False,False,,-1,45.827,0
2026-06-26 00:41:39,162,B+60.5,8,True,False,False,,-1,45.7439,0
2026-06-26 00:42:19,105,B+13.5,4,True,False,False,,-1,45.5803,0
2026-06-26 00:43:17,162,B+34.5,2,True,False,False,,-1,45.619,0
2026-06-26 00:44:18,162,W+51.5,2,True,False,False,,-1,45.7128,0
2026-06-26 00:45:12,162,B+28.5,3,True,False,False,,-1,45.8038,0
2026-06-26 00:45:58,136,W+48.5,2,True,False,False,,-1,45.8961,0
2026-06-26 00:46:44,162,B+70.5,14,True,False,False,,-1,45.8776,0
2026-06-26 00:47:13,62,W+4.5,2,True,False,False,,-1,45.6645,0
2026-06-26 00:47:51,115,B+33.5,7,True,False,False,,-1,45.4479,0
2026-06-26 00:48:44,162,W+30.5,1,True,False,False,,-1,45.5977,0
2026-06-26 00:49:20,94,B+5.5,5,True,False,False,,-1,45.3957,0
2026-06-26 00:50:00,106,B+20.5,2,True,False,False,,-1,45.3601,0
2026-06-26 00:50:38,107,W+2.5,6,True,False,False,,-1,45.2117,0
2026-06-26 00:51:30,162,W+43.5,5,True,False,False,,-1,45.195,0
2026-06-26 00:52:18,162,W+85.5,13,True,False,False,,-1,45.2384,0
2026-06-26 00:53:00,107,W+6.5,6,True,False,False,,-1,45.0546,0
2026-06-26 00:53:40,114,W+8.5,8,True,False,False,,-1,44.9587,0
2026-06-26 00:54:16,107,B+18.5,4,True,False,False,,-1,44.81,0
2026-06-26 00:54:59,105,B+1.5,5,True,False,False,,-1,44.6495,0
2026-06-26 00:55:35,78,W+32.5,2,True,False,False,,-1,44.5314,0
2026-06-26 00:58:29,113,W+0.5,11,True,False,False,,-1,44.6716,1000
2026-06-26 00:59:30,139,B+2.5,22,True,False,False,,-1,44.7017,1000
2026-06-26 01:00:38,133,W+1.5,17,True,False,False,,-1,44.8903,1000
2026-06-26 01:01:29,106,B+4.5,14,True,False,False,,-1,45.1583,1000
2026-06-26 01:02:21,112,B+14.5,14,True,False,False,,-1,45.2752,1000
2026-06-26 01:03:07,101,W+0.5,9,True,False,False,,-1,45.3558,1000
2026-06-26 01:04:00,111,W+18.5,7,True,False,False,,-1,45.3467,1000
2026-06-26 01:04:19,32,W+4.5,3,True,False,False,,-1,45.1365,1000
2026-06-26 01:05:21,120,W+8.5,5,True,False,False,,-1,45.2606,1000
2026-06-26 01:05:34,22,W+7.5,2,True,False,False,,-1,45.0656,1000
2026-06-26 01:06:37,134,B+1.5,17,True,False,False,,-1,45.2374,1000
2026-06-26 01:06:49,20,W+7.5,2,True,False,False,,-1,45.0827,1000
2026-06-26 01:07:36,92,B+3.5,5,True,False,False,,-1,45.3313,1000
2026-06-26 01:08:34,127,W+5.5,13,True,False,False,,-1,45.5129,1000
2026-06-26 01:09:42,162,W+2.5,22,True,False,False,,-1,45.6415,1000
2026-06-26 01:10:37,100,W+4.5,8,True,False,False,,-1,45.7624,1000
2026-06-26 01:11:31,120,B+9.5,14,True,False,False,,-1,45.8946,1000
2026-06-26 01:12:09,67,B+2.5,2,True,False,False,,-1,45.8463,1000
2026-06-26 01:12:57,97,W+1.5,13,True,False,False,,-1,45.7057,1000
2026-06-26 01:13:53,112,B+0.5,7,True,False,False,,-1,45.7314,1000
2026-06-26 01:14:42,92,B+0.5,4,True,False,False,,-1,45.7071,1000
2026-06-26 01:15:38,111,W+0.5,7,True,False,False,,-1,45.7223,1000
2026-06-26 01:16:30,117,W+0.5,15,True,False,False,,-1,45.9176,1000
2026-06-26 01:17:22,112,B+2.5,10,True,False,False,,-1,46.045,1000
2026-06-26 01:18:17,117,W+17.5,14,True,False,False,,-1,46.2277,1000
2026-06-26 01:19:16,121,W+2.5,12,True,False,False,,-1,46.3456,1000
2026-06-26 01:20:01,83,B+8.5,6,True,False,False,,-1,46.1191,1000
2026-06-26 01:21:10,152,W+39.5,19,True,False,False,,-1,46.6824,1000
2026-06-26 01:21:47,67,B+0.5,2,True,False,False,,-1,46.5657,1000
2026-06-26 01:22:40,121,W+0.5,13,True,False,False,,-1,46.5205,1000
2026-06-26 01:23:28,100,B+3.5,10,True,False,False,,-1,46.6618,1000
2026-06-26 01:24:23,111,W+0.5,11,True,False,False,,-1,46.6155,1000
2026-06-26 01:25:19,126,B+2.5,17,True,False,False,,-1,46.6932,1000
2026-06-26 01:25:54,62,W+11.5,2,True,False,False,,-1,46.7083,1000
2026-06-26 01:26:54,129,W+1.5,19,True,False,False,,-1,46.7868,1000
2026-06-26 01:27:48,108,B+1.5,11,True,False,False,,-1,46.8709,1000
2026-06-26 01:28:55,162,B+19.5,16,True,False,False,,-1,47.0282,1000
2026-06-26 01:29:57,119,W+0.5,16,True,False,False,,-1,47.0869,1000
2026-06-26 01:30:52,113,W+0.5,18,True,False,False,,-1,47.0261,1000
2026-06-26 01:31:41,98,B+1.5,9,True,False,False,,-1,47.141,1000
2026-06-26 01:32:37,119,W+2.5,12,True,False,False,,-1,47.2194,1000
2026-06-26 01:33:44,157,W+17.5,30,True,False,False,,-1,47.429,1000
2026-06-26 01:34:36,115,W+2.5,19,True,False,False,,-1,47.452,1000
2026-06-26 01:35:35,119,W+5.5,9,True,False,False,,-1,47.586,1000
2026-06-26 01:36:38,128,B+9.5,24,True,False,False,,-1,47.8098,1000
2026-06-26 01:37:30,117,W+0.5,19,True,False,False,,-1,47.8897,1000
2026-06-26 01:38:20,102,B+3.5,7,True,False,False,,-1,48.1392,1000
2026-06-26 01:39:36,161,W+36.5,10,True,False,False,,-1,48.5083,1000
2026-06-26 01:40:29,107,B+9.5,7,True,False,False,,-1,48.5078,1000
2026-06-26 01:41:25,131,W+0.5,20,True,False,False,,-1,48.6758,1000
2026-06-26 01:42:18,123,B+1.5,16,True,False,False,,-1,48.6695,1000
2026-06-26 01:43:10,100,B+1.5,9,True,False,False,,-1,48.7625,1000
2026-06-26 01:44:06,114,W+8.5,6,True,False,False,,-1,48.7975,1000
2026-06-26 01:45:00,113,W+0.5,14,True,False,False,,-1,48.9018,1000
2026-06-26 01:45:49,97,B+0.5,7,True,False,False,,-1,48.9412,1000
2026-06-26 01:46:43,113,W+2.5,14,True,False,False,,-1,48.9549,1000
2026-06-26 01:47:44,129,W+9.5,15,True,False,False,,-1,49.0924,1000
2026-06-26 01:48:34,104,B+1.5,11,True,False,False,,-1,49.0905,1000
2026-06-26 01:49:43,150,B+7.5,14,True,False,False,,-1,49.3628,1000
2026-06-26 01:50:45,133,W+3.5,15,True,False,False,,-1,49.5038,1000
2026-06-26 01:51:47,121,B+1.5,11,True,False,False,,-1,49.6226,1000
2026-06-26 01:52:45,111,W+0.5,9,True,False,False,,-1,50.0267,1000
2026-06-26 01:53:40,131,B+15.5,13,True,False,False,,-1,50.0417,1000
2026-06-26 01:54:32,98,W+9.5,5,True,False,False,,-1,50.0899,1000
2026-06-26 01:55:36,160,B+5.5,29,True,False,False,,-1,50.2752,1000
2026-06-26 01:56:34,119,W+0.5,11,True,False,False,,-1,50.4496,1000
2026-06-26 01:57:12,71,B+0.5,8,True,False,False,,-1,50.3063,1000
2026-06-26 01:58:01,108,B+3.5,14,True,False,False,,-1,50.3214,1000
2026-06-26 01:59:12,162,B+11.5,25,True,False,False,,-1,50.6051,1000
2026-06-26 02:00:05,108,B+1.5,7,True,False,False,,-1,50.6504,1000
2026-06-26 02:00:54,95,B+13.5,8,True,False,False,,-1,50.6712,1000
2026-06-26 02:02:00,150,B+0.5,22,True,False,False,,-1,50.915,1000
2026-06-26 02:02:53,101,W+2.5,6,True,False,False,,-1,51.0881,1000
2026-06-26 02:03:38,82,W+6.5,2,True,False,False,,-1,50.9997,1000
2026-06-26 02:04:35,130,B+1.5,19,True,False,False,,-1,51.1191,1000
2026-06-26 02:05:31,119,W+2.5,20,True,False,False,,-1,51.3298,1000
2026-06-26 02:06:23,99,W+4.5,8,True,False,False,,-1,51.5215,1000
2026-06-26 02:07:11,95,B+2.5,2,True,False,False,,-1,51.499,1000
2026-06-26 02:08:01,100,B+3.5,7,True,False,False,,-1,51.5135,1000
2026-06-26 02:08:15,22,W+7.5,2,True,False,False,,-1,51.1393,1000
2026-06-26 02:09:05,104,W+6.5,10,True,False,False,,-1,51.2484,1000
2026-06-26 02:10:03,122,B+2.5,17,True,False,False,,-1,51.2441,1000
2026-06-26 02:10:51,89,B+4.5,3,True,False,False,,-1,51.1166,1000
2026-06-26 02:11:52,134,B+18.5,15,True,False,False,,-1,51.1814,1000
2026-06-26 02:12:47,116,B+3.5,15,True,False,False,,-1,51.2729,1000
2026-06-26 02:13:55,131,W+0.5,13,True,False,False,,-1,51.5004,1000
2026-06-26 02:14:52,105,B+5.5,6,True,False,False,,-1,51.7759,1000
2026-06-26 02:15:46,110,B+4.5,8,True,False,False,,-1,51.9397,1000
2026-06-26 02:16:40,105,B+10.5,7,True,False,False,,-1,51.9429,1000
2026-06-26 02:17:26,81,B+0.5,8,True,False,False,,-1,52.0457,1000
2026-06-26 02:18:18,112,B+2.5,8,True,False,False,,-1,52.1664,1000
2026-06-26 02:18:38,32,W+8.5,2,True,False,False,,-1,51.9813,1000
2026-06-26 02:19:30,122,B+1.5,7,True,False,False,,-1,51.9808,1000
2026-06-26 02:20:26,119,W+4.5,21,True,False,False,,-1,52.0678,1000
2026-06-26 02:21:19,107,W+3.5,11,True,False,False,,-1,52.1767,1000
2026-06-26 02:22:06,100,B+4.5,6,True,False,False,,-1,52.2515,1000
2026-06-26 02:22:59,116,B+6.5,11,True,False,False,,-1,52.4128,1000
2026-06-26 02:23:58,121,W+1.5,16,True,False,False,,-1,52.5737,1000
2026-06-26 02:24:50,109,W+2.5,9,True,False,False,,-1,52.7376,1000
2026-06-26 02:25:55,162,B+27.5,24,True,False,False,,-1,53.0078,1000
2026-06-26 02:26:57,145,W+9.5,23,True,False,False,,-1,53.0817,1000
2026-06-26 02:28:00,122,B+3.5,8,True,False,False,,-1,53.0954,1000
2026-06-26 02:28:54,110,B+2.5,5,True,False,False,,-1,52.9636,1000
2026-06-26 02:29:51,111,W+0.5,8,True,False,False,,-1,53.019,1000
2026-06-26 02:30:48,126,B+6.5,16,True,False,False,,-1,53.0658,1000
2026-06-26 02:31:40,102,B+2.5,10,True,False,False,,-1,53.1225,1000
2026-06-26 02:32:40,127,W+0.5,17,True,False,False,,-1,53.1919,1000
2026-06-26 02:33:45,143,W+7.5,20,True,False,False,,-1,53.6564,1000
2026-06-26 02:34:50,160,B+8.5,25,True,False,False,,-1,53.6867,1000
2026-06-26 02:35:51,143,W+1.5,25,True,False,False,,-1,54.1683,1000
2026-06-26 02:36:49,119,W+0.5,11,True,False,False,,-1,54.1129,1000
2026-06-26 02:37:53,156,B+1.5,23,True,False,False,,-1,54.6335,1000
2026-06-26 02:38:54,139,W+2.5,27,True,False,False,,-1,54.7796,1000
2026-06-26 02:39:53,130,B+2.5,13,True,False,False,,-1,54.7893,1000
2026-06-26 02:40:46,104,W+7.5,8,True,False,False,,-1,54.6381,1000
2026-06-26 02:41:35,99,W+6.5,8,True,False,False,,-1,54.5766,1000
2026-06-26 02:42:09,65,B+3.5,8,True,False,False,,-1,54.3835,1000
2026-06-26 02:43:04,115,W+6.5,12,True,False,False,,-1,54.5477,1000
2026-06-26 02:43:57,112,B+5.5,13,True,False,False,,-1,54.6012,1000
2026-06-26 02:44:57,136,B+5.5,16,True,False,False,,-1,54.6355,1000
2026-06-26 02:45:25,48,W+9.5,2,True,False,False,,-1,54.4265,1000
2026-06-26 02:46:11,83,B+3.5,2,True,False,False,,-1,54.3316,1000
2026-06-26 02:46:27,26,W+7.5,2,True,False,False,,-1,53.9733,1000
2026-06-26 02:47:25,115,W+0.5,8,True,False,False,,-1,54.0303,1000
2026-06-26 02:48:29,131,W+0.5,14,True,False,False,,-1,54.1126,1000
2026-06-26 02:48:46,28,W+7.5,2,True,False,False,,-1,53.693,1000
2026-06-26 02:49:44,115,W+2.5,11,True,False,False,,-1,53.8242,1000
2026-06-26 02:50:38,107,W+1.5,14,True,False,False,,-1,53.6804,1000
2026-06-26 02:51:45,162,W+28.5,25,True,False,False,,-1,53.9853,1000
2026-06-26 02:52:48,131,W+0.5,18,True,False,False,,-1,54.076,1000
2026-06-26 02:53:45,110,B+2.5,6,True,False,False,,-1,54.1614,1000
2026-06-26 02:54:40,115,W+10.5,9,True,False,False,,-1,54.1676,1000
2026-06-26 02:55:32,100,B+1.5,4,True,False,False,,-1,54.125,1000
2026-06-26 02:56:26,113,W+1.5,10,True,False,False,,-1,54.3103,1000
2026-06-26 02:57:22,114,B+3.5,12,True,False,False,,-1,54.2831,1000
2026-06-26 02:58:17,102,W+16.5,3,True,False,False,,-1,54.2779,1000
2026-06-26 02:59:04,85,B+7.5,2,True,False,False,,-1,54.0821,1000
2026-06-26 03:00:02,131,W+1.5,18,True,False,False,,-1,54.047,1000
2026-06-26 03:00:57,115,W+12.5,8,True,False,False,,-1,54.0414,1000
2026-06-26 03:02:00,144,B+0.5,20,True,False,False,,-1,54.1898,1000
2026-06-26 03:02:47,90,B+0.5,6,True,False,False,,-1,54.0958,1000
2026-06-26 03:03:36,113,W+2.5,21,True,False,False,,-1,53.9209,1000
2026-06-26 03:04:30,115,W+0.5,11,True,False,False,,-1,53.94,1000
2026-06-26 03:05:22,103,W+1.5,10,True,False,False,,-1,53.8648,1000
2026-06-26 03:06:12,101,W+2.5,12,True,False,False,,-1,53.7404,1000
2026-06-26 03:07:15,135,W+1.5,17,True,False,False,,-1,53.8482,1000
2026-06-26 03:08:14,126,B+0.5,12,True,False,False,,-1,53.9285,1000
2026-06-26 03:09:09,110,B+7.5,4,True,False,False,,-1,53.7185,1000
2026-06-26 03:10:08,123,W+0.5,9,True,False,False,,-1,53.7819,1000
2026-06-26 03:10:59,106,B+2.5,8,True,False,False,,-1,53.7327,1000
2026-06-26 03:11:52,115,W+6.5,15,True,False,False,,-1,53.7379,1000
2026-06-26 03:12:46,108,B+5.5,9,True,False,False,,-1,53.7553,1000
2026-06-26 03:13:37,102,B+5.5,7,True,False,False,,-1,53.7036,1000
2026-06-26 03:14:30,111,W+2.5,6,True,False,False,,-1,53.6899,1000
2026-06-26 03:15:22,105,W+0.5,8,True,False,False,,-1,53.7272,1000
2026-06-26 03:16:17,120,B+0.5,13,True,False,False,,-1,53.7349,1000
2026-06-26 03:16:38,36,W+7.5,2,True,False,False,,-1,53.3407,1000
2026-06-26 03:17:34,121,W+1.5,18,True,False,False,,-1,53.4019,1000
2026-06-26 03:18:27,107,W+0.5,11,True,False,False,,-1,53.2301,1000
2026-06-26 03:19:23,124,B+8.5,17,True,False,False,,-1,53.1766,1000
2026-06-26 03:20:18,116,B+0.5,10,True,False,False,,-1,53.1064,1000
2026-06-26 03:21:11,109,W+0.5,11,True,False,False,,-1,53.0642,1000
2026-06-26 03:22:01,113,W+0.5,18,True,False,False,,-1,53.0071,1000
2026-06-26 03:22:47,102,B+1.5,8,True,False,False,,-1,52.9403,1000
2026-06-26 03:23:40,112,B+2.5,12,True,False,False,,-1,52.837,1000
2026-06-26 03:24:34,116,B+2.5,15,True,False,False,,-1,52.8043,1000
2026-06-26 03:25:25,95,W+2.5,9,True,False,False,,-1,52.9262,1000
2026-06-26 03:26:10,91,B+1.5,9,True,False,False,,-1,52.8789,1000
2026-06-26 03:26:58,90,W+21.5,7,True,False,False,,-1,52.6595,1000
2026-06-26 03:27:49,111,W+1.5,22,True,False,False,,-1,52.6321,1000
2026-06-26 03:28:40,101,W+2.5,7,True,False,False,,-1,52.6615,1000
2026-06-26 03:29:41,121,W+4.5,12,True,False,False,,-1,52.6063,1000
2026-06-26 03:30:49,151,W+3.5,31,True,False,False,,-1,52.7536,1000
2026-06-26 03:31:33,81,B+4.5,5,True,False,False,,-1,52.7476,1000
2026-06-26 03:32:26,112,B+0.5,11,True,False,False,,-1,52.7056,1000
2026-06-26 03:33:17,109,W+2.5,12,True,False,False,,-1,52.6609,1000
2026-06-26 03:34:15,122,B+0.5,12,True,False,False,,-1,52.7196,1000
2026-06-26 03:35:00,90,B+2.5,5,True,False,False,,-1,52.6903,1000
2026-06-26 03:36:05,144,B+4.5,20,True,False,False,,-1,52.8388,1000
2026-06-26 03:36:39,59,B+1.5,4,True,False,False,,-1,53.0372,1000
2026-06-26 03:37:31,115,W+1.5,22,True,False,False,,-1,53.0597,1000
2026-06-26 03:38:11,70,W+5.5,3,True,False,False,,-1,52.8736,1000
2026-06-26 03:39:06,114,W+2.5,8,True,False,False,,-1,52.9469,1000
2026-06-26 03:40:00,113,W+0.5,10,True,False,False,,-1,52.8756,1000
2026-06-26 03:40:52,113,W+12.5,14,True,False,False,,-1,52.8387,1000
2026-06-26 03:41:43,139,B+9.5,17,True,False,False,,-1,52.6745,1000
2026-06-26 03:42:22,71,B+0.5,2,True,False,False,,-1,52.4958,1000
2026-06-26 03:43:13,108,B+4.5,14,True,False,False,,-1,52.4678,1000
2026-06-26 03:44:11,131,B+2.5,21,True,False,False,,-1,52.5099,1000
2026-06-26 03:45:09,117,W+2.5,11,True,False,False,,-1,52.6234,1000
2026-06-26 03:45:58,94,B+1.5,3,True,False,False,,-1,52.5933,1000
2026-06-26 03:46:35,68,W+5.5,5,True,False,False,,-1,52.7747,1000
2026-06-26 03:47:28,101,W+4.5,10,True,False,False,,-1,52.7852,1000
2026-06-26 03:48:20,104,B+4.5,10,True,False,False,,-1,52.7329,1000
2026-06-26 03:49:16,114,B+8.5,12,True,False,False,,-1,52.7688,1000
2026-06-26 03:50:11,118,B+1.5,9,True,False,False,,-1,52.8472,1000
2026-06-26 03:51:06,112,B+3.5,6,True,False,False,,-1,52.8631,1000
2026-06-26 03:51:54,101,W+0.5,12,True,False,False,,-1,52.7583,1000
2026-06-26 03:52:42,88,B+2.5,2,True,False,False,,-1,52.7176,1000
2026-06-26 03:53:34,104,B+1.5,5,True,False,False,,-1,52.5872,1000
2026-06-26 03:54:32,134,B+1.5,20,True,False,False,,-1,52.541,1000
2026-06-26 03:55:25,109,B+4.5,9,True,False,False,,-1,52.4422,1000
2026-06-26 03:56:09,90,B+1.5,6,True,False,False,,-1,52.3488,1000
2026-06-26 03:57:08,130,B+4.5,20,True,False,False,,-1,52.3671,1000
2026-06-26 03:58:02,118,B+0.5,9,True,False,False,,-1,52.3412,1000
2026-06-26 03:58:44,74,W+15.5,2,True,False,False,,-1,52.2419,1000
2026-06-26 03:59:34,109,W+0.5,15,True,False,False,,-1,52.1453,1000
2026-06-26 04:00:29,116,B+3.5,11,True,False,False,,-1,52.0381,1000
2026-06-26 04:01:20,98,B+0.5,5,True,False,False,,-1,51.9043,1000
2026-06-26 04:01:39,36,W+8.5,2,True,False,False,,-1,51.4777,1000
2026-06-26 04:02:33,107,W+0.5,11,True,False,False,,-1,51.4318,1000
2026-06-26 04:03:22,99,W+0.5,9,True,False,False,,-1,51.2876,1000
2026-06-26 04:04:06,81,B+6.5,3,True,False,False,,-1,51.1095,1000
2026-06-26 04:05:01,107,W+2.5,7,True,False,False,,-1,51.078,1000
2026-06-26 04:05:49,106,B+2.5,10,True,False,False,,-1,51.0292,1000
2026-06-26 04:06:36,83,B+1.5,7,True,False,False,,-1,51.0071,1000
2026-06-26 04:07:29,118,B+0.5,15,True,False,False,,-1,51.1981,1000
2026-06-26 04:08:23,111,W+2.5,15,True,False,False,,-1,51.1879,1000
2026-06-26 04:08:57,58,W+0.5,2,True,False,False,,-1,50.9934,1000
2026-06-26 04:09:13,26,W+9.5,2,True,False,False,,-1,50.5581,1000
2026-06-26 04:09:59,88,W+20.5,9,True,False,False,,-1,50.7286,1000
2026-06-26 04:10:56,117,W+7.5,18,True,False,False,,-1,50.8417,1000
2026-06-26 04:11:51,121,B+2.5,17,True,False,False,,-1,51.234,1000
2026-06-26 04:12:43,117,W+2.5,15,True,False,False,,-1,51.1753,1000
2026-06-26 04:13:24,83,B+7.5,7,True,False,False,,-1,50.9476,1000
2026-06-26 04:14:12,98,B+2.5,8,True,False,False,,-1,51.2603,1000
2026-06-26 04:14:41,48,W+8.5,2,True,False,False,,-1,50.9656,1000
2026-06-26 04:15:48,155,W+0.5,20,True,False,False,,-1,51.0939,1000
2026-06-26 04:16:41,112,W+4.5,9,True,False,False,,-1,50.9519,1000
2026-06-26 04:17:36,107,W+0.5,6,True,False,False,,-1,50.8727,1000
2026-06-26 04:18:36,123,W+0.5,11,True,False,False,,-1,50.9064,1000
2026-06-26 04:19:32,117,B+12.5,7,True,False,False,,-1,50.9083,1000
2026-06-26 04:20:31,122,B+4.5,15,True,False,False,,-1,50.9849,1000
2026-06-26 04:21:27,112,B+2.5,12,True,False,False,,-1,51.0089,1000
2026-06-26 04:22:30,148,B+38.5,18,True,False,False,,-1,51.0738,1000
2026-06-26 04:23:21,115,W+0.5,15,True,False,False,,-1,51.0376,1000
2026-06-26 04:24:15,132,W+8.5,18,True,False,False,,-1,51.1035,1000
2026-06-26 04:25:06,108,B+2.5,9,True,False,False,,-1,51.0372,1000
2026-06-26 04:25:57,108,B+0.5,11,True,False,False,,-1,51.004,1000
2026-06-26 04:26:44,97,W+0.5,13,True,False,False,,-1,50.8289,1000
2026-06-26 04:27:53,159,W+34.5,17,True,False,False,,-1,51.0545,1000
2026-06-26 04:28:46,118,B+11.5,9,True,False,False,,-1,51.0913,1000
2026-06-26 04:29:03,28,W+10.5,2,True,False,False,,-1,50.7273,1000
2026-06-26 04:29:56,113,W+4.5,9,True,False,False,,-1,50.7383,1000
2026-06-26 04:30:58,142,B+1.5,15,True,False,False,,-1,50.8593,1000
2026-06-26 04:31:52,119,W+0.5,16,True,False,False,,-1,50.7654,1000
2026-06-26 04:32:49,119,W+12.5,19,True,False,False,,-1,50.7495,1000
2026-06-26 04:33:45,117,W+0.5,12,True,False,False,,-1,50.7641,1000
2026-06-26 04:34:46,130,B+1.5,14,True,False,False,,-1,50.7756,1000
2026-06-26 04:35:43,118,B+0.5,15,True,False,False,,-1,50.8411,1000
2026-06-26 04:35:56,22,W+7.5,2,True,False,False,,-1,50.4371,1000
2026-06-26 04:36:56,124,B+11.5,10,True,False,False,,-1,50.5009,1000
2026-06-26 04:37:50,119,W+2.5,14,True,False,False,,-1,50.5312,1000
2026-06-26 04:38:40,107,W+7.5,10,True,False,False,,-1,50.4988,1000
2026-06-26 04:39:28,95,W+2.5,8,True,False,False,,-1,50.451,1000
2026-06-26 04:40:13,97,W+0.5,8,True,False,False,,-1,50.3641,1000
2026-06-26 04:41:07,117,W+1.5,11,True,False,False,,-1,50.6796,1000
2026-06-26 04:42:12,145,W+2.5,18,True,False,False,,-1,50.7716,1000
2026-06-26 04:43:02,91,B+8.5,6,True,False,False,,-1,50.746,1000
2026-06-26 04:44:00,113,W+1.5,10,True,False,False,,-1,50.7587,1000
2026-06-26 04:44:55,113,W+0.5,13,True,False,False,,-1,50.7587,1000
2026-06-26 04:45:57,137,B+0.5,22,True,False,False,,-1,50.8527,1000
2026-06-26 04:46:58,133,W+0.5,13,True,False,False,,-1,50.9698,1000
2026-06-26 04:48:10,162,B+33.5,24,True,False,False,,-1,51.2326,1000
2026-06-26 04:49:08,154,B+5.5,32,True,False,False,,-1,51.2833,1000
2026-06-26 04:49:54,87,B+1.5,4,True,False,False,,-1,51.1924,1000
2026-06-26 04:50:51,121,W+0.5,17,True,False,False,,-1,51.2567,1000
2026-06-26 04:51:37,85,B+4.5,5,True,False,False,,-1,51.274,1000
2026-06-26 04:51:58,36,W+8.5,2,True,False,False,,-1,50.9948,1000
2026-06-26 04:52:37,73,B+1.5,5,True,False,False,,-1,50.8813,1000
2026-06-26 04:53:28,103,W+3.5,5,True,False,False,,-1,50.8737,1000
2026-06-26 04:54:17,103,W+6.5,13,True,False,False,,-1,50.7609,1000
2026-06-26 04:55:18,127,W+5.5,11,True,False,False,,-1,50.6863,1000
2026-06-26 04:56:13,114,B+2.5,15,True,False,False,,-1,50.7979,1000
2026-06-26 04:57:03,102,W+2.5,9,True,False,False,,-1,50.7644,1000
2026-06-26 04:58:04,120,B+3.5,11,True,False,False,,-1,50.8661,1000
2026-06-26 04:58:56,101,W+6.5,6,True,False,False,,-1,50.8018,1000
2026-06-26 04:59:18,38,W+6.5,3,True,False,False,,-1,50.5774,1000
2026-06-26 05:00:12,110,B+0.5,7,True,False,False,,-1,50.4652,1000
2026-06-26 05:01:03,109,W+2.5,10,True,False,False,,-1,50.6377,1000
2026-06-26 05:01:59,126,B+11.5,11,True,False,False,,-1,50.6721,1000
2026-06-26 05:03:04,139,W+12.5,13,True,False,False,,-1,50.9338,1000
2026-06-26 05:04:09,144,B+5.5,14,True,False,False,,-1,51.0277,1000
2026-06-26 05:05:02,115,W+2.5,13,True,False,False,,-1,51.0165,1000
2026-06-26 05:06:00,117,W+0.5,10,True,False,False,,-1,51.0801,1000
2026-06-26 05:07:03,137,W+0.5,15,True,False,False,,-1,51.1959,1000
2026-06-26 05:07:51,103,B+0.5,5,True,False,False,,-1,51.2862,1000
2026-06-26 05:08:46,111,W+0.5,12,True,False,False,,-1,51.326,1000
2026-06-26 05:09:31,97,B+4.5,6,True,False,False,,-1,51.1985,1000
2026-06-26 05:10:25,115,W+3.5,15,True,False,False,,-1,51.1613,1000
2026-06-26 05:11:15,108,B+0.5,7,True,False,False,,-1,51.1678,1000
2026-06-26 05:12:09,108,B+2.5,7,True,False,False,,-1,51.3331,1000
2026-06-26 05:12:53,79,B+1.5,4,True,False,False,,-1,51.2467,1000
2026-06-26 05:13:46,113,W+7.5,11,True,False,False,,-1,51.2593,1000
2026-06-26 05:14:39,98,B+5.5,8,True,False,False,,-1,51.2228,1000
2026-06-26 05:15:35,116,B+1.5,8,True,False,False,,-1,51.2342,1000
2026-06-26 05:16:25,105,W+0.5,15,True,False,False,,-1,51.1913,1000
2026-06-26 05:17:22,115,W+1.5,12,True,False,False,,-1,51.2707,1000
2026-06-26 05:18:21,124,B+1.5,16,True,False,False,,-1,51.3904,1000
2026-06-26 05:19:24,131,W+0.5,15,True,False,False,,-1,51.4924,1000
2026-06-26 05:20:13,105,W+0.5,11,True,False,False,,-1,51.4097,1000
2026-06-26 05:21:04,101,W+3.5,12,True,False,False,,-1,51.391,1000
2026-06-26 05:21:57,97,B+9.5,4,True,False,False,,-1,51.4718,1000
2026-06-26 05:22:44,103,W+1.5,11,True,False,False,,-1,51.3536,1000
2026-06-26 05:23:40,124,B+0.5,11,True,False,False,,-1,51.3761,1000
2026-06-26 05:24:32,110,B+0.5,13,True,False,False,,-1,51.4785,1000
2026-06-26 05:25:19,88,W+4.5,3,True,False,False,,-1,51.4391,1000
2026-06-26 05:26:23,125,W+1.5,7,True,False,False,,-1,51.5288,1000
2026-06-26 05:27:01,67,B+9.5,2,True,False,False,,-1,51.4069,1000
2026-06-26 05:27:48,99,B+6.5,10,True,False,False,,-1,51.6821,1000
2026-06-26 05:28:39,100,B+2.5,8,True,False,False,,-1,51.6567,1000
2026-06-26 05:29:42,143,W+0.5,29,True,False,False,,-1,51.7992,1000
2026-06-26 05:30:30,105,W+2.5,12,True,False,False,,-1,51.8376,1000
2026-06-26 05:31:22,118,B+10.5,7,True,False,False,,-1,51.8022,1000
2026-06-26 05:32:22,131,B+10.5,15,True,False,False,,-1,51.9256,1000
2026-06-26 05:33:14,112,B+0.5,9,True,False,False,,-1,51.9825,1000
2026-06-26 05:34:17,138,B+16.5,10,True,False,False,,-1,52.0706,1000
2026-06-26 05:35:09,120,B+1.5,13,True,False,False,,-1,52.0572,1000
2026-06-26 05:36:08,135,W+3.5,25,True,False,False,,-1,52.3126,1000
2026-06-26 05:36:50,77,B+2.5,3,True,False,False,,-1,52.5728,1000
2026-06-26 05:37:37,97,W+4.5,13,True,False,False,,-1,52.5847,1000
2026-06-26 05:38:23,85,B+9.5,2,True,False,False,,-1,52.4651,1000
2026-06-26 05:39:18,113,W+4.5,14,True,False,False,,-1,52.463,1000
2026-06-26 05:40:10,110,B+2.5,12,True,False,False,,-1,52.4645,1000
2026-06-26 05:41:07,110,B+3.5,8,True,False,False,,-1,52.6244,1000
2026-06-26 05:42:20,162,B+4.5,19,True,False,False,,-1,52.8711,1000
2026-06-26 05:43:13,113,W+2.5,10,True,False,False,,-1,53.1169,1000
2026-06-26 05:44:04,105,W+0.5,11,True,False,False,,-1,52.9604,1000
2026-06-26 05:44:31,46,W+10.5,2,True,False,False,,-1,52.6997,1000
2026-06-26 05:45:23,114,B+0.5,20,True,False,False,,-1,52.6693,1000
2026-06-26 05:46:24,132,B+0.5,12,True,False,False,,-1,52.6747,1000
2026-06-26 05:47:18,116,B+0.5,10,True,False,False,,-1,52.6582,1000
2026-06-26 05:48:19,129,W+1.5,11,True,False,False,,-1,52.6802,1000
2026-06-26 05:49:15,129,W+0.5,14,True,False,False,,-1,52.6817,1000
2026-06-26 05:50:15,127,W+2.5,17,True,False,False,,-1,52.6446,1000
2026-06-26 05:51:21,162,W+4.5,24,True,False,False,,-1,52.8036,1000
2026-06-26 05:52:12,99,W+5.5,8,True,False,False,,-1,52.7755,1000
2026-06-26 05:53:03,105,W+4.5,10,True,False,False,,-1,52.7648,1000
2026-06-26 05:53:56,97,B+4.5,4,True,False,False,,-1,52.7852,1000
2026-06-26 05:55:04,162,B+1.5,16,True,False,False,,-1,53.0013,1000
2026-06-26 05:55:55,112,B+4.5,10,True,False,False,,-1,52.8151,1000
2026-06-26 05:56:47,106,W+0.5,11,True,False,False,,-1,52.8096,1000
2026-06-26 05:57:45,121,W+1.5,16,True,False,False,,-1,53.2125,1000
2026-06-26 05:58:31,95,W+0.5,8,True,False,False,,-1,53.1427,1000
2026-06-26 05:59:21,116,B+2.5,18,True,False,False,,-1,53.0218,1000
2026-06-26 06:00:22,134,B+4.5,12,True,False,False,,-1,53.0983,1000
2026-06-26 06:01:27,126,B+1.5,11,True,False,False,,-1,53.1769,1000
2026-06-26 06:01:46,32,W+9.5,2,True,False,False,,-1,52.8062,1000
2026-06-26 06:02:49,131,B+5.5,11,True,False,False,,-1,52.8324,1000
2026-06-26 06:03:38,93,B+2.5,6,True,False,False,,-1,52.7476,1000
2026-06-26 06:04:35,116,B+7.5,11,True,False,False,,-1,53.1818,1000
2026-06-26 06:05:38,133,W+2.5,14,True,False,False,,-1,53.2181,1000
2026-06-26 06:06:30,112,B+0.5,12,True,False,False,,-1,53.1978,1000
2026-06-26 06:07:26,112,B+1.5,12,True,False,False,,-1,53.2564,1000
2026-06-26 06:08:16,120,B+7.5,16,True,False,False,,-1,53.2854,1000
2026-06-26 06:09:07,102,B+5.5,12,True,False,False,,-1,53.3383,1000
2026-06-26 06:12:35,95,W+14.5,9,True,False,False,,-1,53.1393,2000
2026-06-26 06:13:36,132,B+5.5,13,True,False,False,,-1,53.2522,2000
2026-06-26 06:14:32,133,W+5.5,23,True,False,False,,-1,53.2305,2000
2026-06-26 06:15:25,107,W+0.5,14,True,False,False,,-1,53.2142,2000
2026-06-26 06:16:11,96,W+0.5,2,True,False,False,,-1,53.0554,2000
2026-06-26 06:17:00,101,W+1.5,8,True,False,False,,-1,52.9262,2000
2026-06-26 06:17:37,71,B+7.5,3,True,False,False,,-1,52.5784,2000
2026-06-26 06:18:19,80,W+8.5,2,True,False,False,,-1,52.4222,2000
2026-06-26 06:19:09,103,B+3.5,6,True,False,False,,-1,52.4568,2000
2026-06-26 06:20:00,119,W+16.5,15,True,False,False,,-1,52.4071,2000
2026-06-26 06:20:58,138,B+11.5,16,True,False,False,,-1,52.517,2000
2026-06-26 06:21:49,104,B+2.5,7,True,False,False,,-1,52.8221,2000
2026-06-26 06:22:36,102,B+2.5,8,True,False,False,,-1,52.8957,2000
2026-06-26 06:23:25,101,W+6.5,8,True,False,False,,-1,52.8791,2000
2026-06-26 06:24:14,109,B+8.5,8,True,False,False,,-1,52.8824,2000
2026-06-26 06:25:06,111,W+7.5,12,True,False,False,,-1,52.7908,2000
2026-06-26 06:26:06,149,B+37.5,9,True,False,False,,-1,52.8474,2000
2026-06-26 06:27:09,135,W+1.5,14,True,False,False,,-1,52.9777,2000
2026-06-26 06:27:59,105,W+0.5,13,True,False,False,,-1,52.8543,2000
2026-06-26 06:28:49,109,W+2.5,16,True,False,False,,-1,52.8433,2000
2026-06-26 06:29:46,124,B+28.5,11,True,False,False,,-1,53.1833,2000
2026-06-26 06:30:08,38,W+3.5,2,True,False,False,,-1,52.8689,2000
2026-06-26 06:30:56,97,B+2.5,5,True,False,False,,-1,52.8436,2000
2026-06-26 06:31:43,86,W+11.5,3,True,False,False,,-1,52.7482,2000
2026-06-26 06:32:31,103,W+0.5,10,True,False,False,,-1,52.5765,2000
2026-06-26 06:33:22,118,B+3.5,12,True,False,False,,-1,52.4443,2000
2026-06-26 06:34:14,115,W+0.5,15,True,False,False,,-1,52.4377,2000
2026-06-26 06:35:07,127,W+8.5,21,True,False,False,,-1,52.3786,2000
2026-06-26 06:35:51,83,B+3.5,3,True,False,False,,-1,52.1952,2000
2026-06-26 06:36:36,91,B+2.5,8,True,False,False,,-1,52.1618,2000
2026-06-26 06:37:26,106,B+2.5,11,True,False,False,,-1,52.1097,2000
2026-06-26 06:38:22,123,W+2.5,18,True,False,False,,-1,52.2227,2000
2026-06-26 06:39:29,162,W+30.5,14,True,False,False,,-1,52.3483,2000
2026-06-26 06:40:18,110,W+3.5,11,True,False,False,,-1,52.3379,2000
2026-06-26 06:41:00,89,W+1.5,11,True,False,False,,-1,52.2232,2000
2026-06-26 06:41:59,129,W+0.5,20,True,False,False,,-1,52.3655,2000
2026-06-26 06:42:52,116,B+13.5,11,True,False,False,,-1,52.3652,2000
2026-06-26 06:43:37,81,B+0.5,4,True,False,False,,-1,52.2898,2000
2026-06-26 06:44:24,97,B+8.5,5,True,False,False,,-1,52.2003,2000
2026-06-26 06:45:09,93,B+5.5,7,True,False,False,,-1,52.1484,2000
2026-06-26 06:45:58,107,W+2.5,14,True,False,False,,-1,52.0739,2000
2026-06-26 06:46:40,77,B+0.5,2,True,False,False,,-1,51.8981,2000
2026-06-26 06:47:27,99,W+0.5,14,True,False,False,,-1,51.7382,2000
2026-06-26 06:48:23,123,B+24.5,12,True,False,False,,-1,51.8112,2000
2026-06-26 06:49:15,115,W+2.5,17,True,False,False,,-1,51.8219,2000
2026-06-26 06:49:55,89,W+3.5,8,True,False,False,,-1,51.693,2000
2026-06-26 06:50:48,110,B+0.5,10,True,False,False,,-1,51.7556,2000
2026-06-26 06:51:05,30,W+6.5,3,True,False,False,,-1,51.3646,2000
2026-06-26 06:51:59,117,W+1.5,15,True,False,False,,-1,51.3792,2000
2026-06-26 06:53:08,162,B+39.5,12,True,False,False,,-1,51.603,2000
2026-06-26 06:53:53,102,B+1.5,15,True,False,False,,-1,51.4181,2000
2026-06-26 06:54:05,20,W+7.5,2,True,False,False,,-1,51.1512,2000
2026-06-26 06:55:02,123,B+21.5,13,True,False,False,,-1,51.2477,2000
2026-06-26 06:56:11,161,W+28.5,24,True,False,False,,-1,51.4395,2000
2026-06-26 06:57:02,108,B+0.5,7,True,False,False,,-1,51.3098,2000
2026-06-26 06:57:52,115,W+2.5,18,True,False,False,,-1,51.3297,2000
2026-06-26 06:59:01,161,W+21.5,33,True,False,False,,-1,51.5022,2000
2026-06-26 06:59:53,119,W+16.5,17,True,False,False,,-1,51.4249,2000
2026-06-26 07:00:40,100,B+15.5,16,True,False,False,,-1,51.3732,2000
2026-06-26 07:01:28,108,B+1.5,11,True,False,False,,-1,51.223,2000
2026-06-26 07:02:20,105,B+9.5,11,True,False,False,,-1,51.2222,2000
2026-06-26 07:03:10,99,W+3.5,11,True,False,False,,-1,51.1286,2000
2026-06-26 07:04:00,108,W+1.5,14,True,False,False,,-1,51.2122,2000
2026-06-26 07:04:42,81,B+1.5,6,True,False,False,,-1,51.1603,2000
2026-06-26 07:05:28,95,W+1.5,10,True,False,False,,-1,51.1598,2000
2026-06-26 07:06:19,109,W+2.5,12,True,False,False,,-1,51.1262,2000
2026-06-26 07:07:04,87,B+11.5,6,True,False,False,,-1,51.0504,2000
2026-06-26 07:07:24,34,W+7.5,2,True,False,False,,-1,50.6777,2000
2026-06-26 07:08:14,101,W+9.5,9,True,False,False,,-1,50.4503,2000
2026-06-26 07:08:30,28,W+7.5,2,True,False,False,,-1,50.0818,2000
2026-06-26 07:09:16,91,W+5.5,7,True,False,False,,-1,50.0299,2000
2026-06-26 07:09:31,26,W+7.5,2,True,False,False,,-1,49.9114,2000
2026-06-26 07:10:28,126,B+0.5,17,True,False,False,,-1,49.9612,2000
2026-06-26 07:11:15,85,B+3.5,3,True,False,False,,-1,49.8282,2000
2026-06-26 07:11:28,22,W+5.5,2,True,False,False,,-1,49.4107,2000
2026-06-26 07:12:19,113,W+0.5,19,True,False,False,,-1,49.3092,2000
2026-06-26 07:13:09,99,B+2.5,9,True,False,False,,-1,49.2503,2000
2026-06-26 07:13:51,81,B+1.5,4,True,False,False,,-1,49.0777,2000
2026-06-26 07:14:40,104,B+28.5,8,True,False,False,,-1,48.9025,2000
2026-06-26 07:15:26,95,B+9.5,6,True,False,False,,-1,48.8424,2000
2026-06-26 07:16:07,79,B+0.5,7,True,False,False,,-1,48.7542,2000
2026-06-26 07:17:06,139,W+0.5,26,True,False,False,,-1,48.8138,2000
2026-06-26 07:17:56,103,W+3.5,12,True,False,False,,-1,48.6301,2000
2026-06-26 07:18:42,105,B+6.5,7,True,False,False,,-1,48.5837,2000
2026-06-26 07:19:54,162,B+37.5,12,True,False,False,,-1,48.7791,2000
2026-06-26 07:20:48,115,W+6.5,19,True,False,False,,-1,48.7474,2000
2026-06-26 07:21:38,106,B+7.5,7,True,False,False,,-1,48.7862,2000
2026-06-26 07:22:24,81,B+3.5,3,True,False,False,,-1,48.7405,2000
2026-06-26 07:22:38,26,W+6.5,2,True,False,False,,-1,48.2685,2000
2026-06-26 07:23:27,101,W+2.5,7,True,False,False,,-1,48.1159,2000
2026-06-26 07:24:21,105,B+4.5,9,True,False,False,,-1,48.4567,2000
2026-06-26 07:25:03,91,W+3.5,10,True,False,False,,-1,48.2516,2000
2026-06-26 07:25:56,109,W+0.5,15,True,False,False,,-1,48.2847,2000
2026-06-26 07:26:48,108,B+3.5,7,True,False,False,,-1,48.2364,2000
2026-06-26 07:27:33,101,B+0.5,10,True,False,False,,-1,48.0629,2000
2026-06-26 07:27:47,24,W+7.5,2,True,False,False,,-1,47.6819,2000
2026-06-26 07:28:55,162,W+2.5,28,True,False,False,,-1,47.8064,2000
2026-06-26 07:29:47,113,W+1.5,14,True,False,False,,-1,47.82,2000
2026-06-26 07:30:19,61,B+2.5,5,True,False,False,,-1,47.6253,2000
2026-06-26 07:31:08,100,W+2.5,10,True,False,False,,-1,47.5981,2000
2026-06-26 07:31:50,74,W+11.5,3,True,False,False,,-1,47.5476,2000
2026-06-26 07:32:39,115,W+6.5,13,True,False,False,,-1,47.4268,2000
2026-06-26 07:33:27,104,B+1.5,13,True,False,False,,-1,47.3513,2000
2026-06-26 07:34:20,118,B+9.5,8,True,False,False,,-1,47.3482,2000
2026-06-26 07:35:05,84,W+16.5,5,True,False,False,,-1,47.3312,2000
2026-06-26 07:35:59,113,W+2.5,20,True,False,False,,-1,47.3876,2000
2026-06-26 07:36:47,105,W+2.5,11,True,False,False,,-1,47.5,2000
2026-06-26 07:37:36,108,B+0.5,15,True,False,False,,-1,47.5648,2000
2026-06-26 07:38:23,101,W+2.5,15,True,False,False,,-1,47.5378,2000
2026-06-26 07:38:47,42,W+8.5,2,True,False,False,,-1,47.2614,2000
2026-06-26 07:39:37,107,B+0.5,5,True,False,False,,-1,47.1887,2000
2026-06-26 07:40:01,42,W+4.5,2,True,False,False,,-1,46.9173,2000
2026-06-26 07:40:53,111,W+12.5,14,True,False,False,,-1,46.9675,2000
2026-06-26 07:41:45,111,B+3.5,3,True,False,False,,-1,46.9962,2000
2026-06-26 07:42:05,34,W+6.5,3,True,False,False,,-1,46.699,2000
2026-06-26 07:42:52,89,B+2.5,4,True,False,False,,-1,46.6554,2000
2026-06-26 07:43:35,87,B+1.5,5,True,False,False,,-1,46.4818,2000
2026-06-26 07:44:45,162,W+31.5,17,True,False,False,,-1,46.5505,2000
2026-06-26 07:45:43,125,W+7.5,12,True,False,False,,-1,46.6434,2000
2026-06-26 07:46:39,118,B+1.5,14,True,False,False,,-1,46.6948,2000
2026-06-26 07:47:33,111,B+1.5,14,True,False,False,,-1,46.6708,2000
2026-06-26 07:48:29,107,B+6.5,7,True,False,False,,-1,47.0047,2000
2026-06-26 07:49:20,102,B+0.5,11,True,False,False,,-1,47.034,2000
2026-06-26 07:50:04,81,B+2.5,3,True,False,False,,-1,47.0141,2000
2026-06-26 07:50:59,111,W+0.5,13,True,False,False,,-1,47.0733,2000
2026-06-26 07:51:36,67,B+8.5,2,True,False,False,,-1,46.9296,2000
2026-06-26 07:52:29,140,B+0.5,19,True,False,False,,-1,46.9462,2000
2026-06-26 07:53:17,91,B+4.5,6,True,False,False,,-1,46.9013,2000
2026-06-26 07:54:05,102,B+6.5,5,True,False,False,,-1,46.9298,2000
2026-06-26 07:54:53,100,B+8.5,11,True,False,False,,-1,46.9675,2000
2026-06-26 07:55:48,127,W+5.5,14,True,False,False,,-1,47.0201,2000
2026-06-26 07:56:31,81,B+0.5,7,True,False,False,,-1,46.883,2000
2026-06-26 07:57:20,97,W+3.5,8,True,False,False,,-1,46.7051,2000
2026-06-26 07:58:14,126,B+1.5,13,True,False,False,,-1,46.7532,2000
2026-06-26 07:59:06,115,W+4.5,11,True,False,False,,-1,46.8545,2000
2026-06-26 07:59:57,117,B+7.5,9,True,False,False,,-1,46.7749,2000
2026-06-26 08:00:56,129,W+2.5,11,True,False,False,,-1,46.8379,2000
2026-06-26 08:01:54,140,B+2.5,22,True,False,False,,-1,46.9756,2000
2026-06-26 08:02:45,108,B+5.5,14,True,False,False,,-1,47.0092,2000
2026-06-26 08:03:56,162,B+15.5,20,True,False,False,,-1,47.2654,2000
2026-06-26 08:04:40,88,B+4.5,5,True,False,False,,-1,47.2225,2000
2026-06-26 08:05:30,96,B+2.5,7,True,False,False,,-1,47.2988,2000
2026-06-26 08:06:23,113,W+5.5,17,True,False,False,,-1,47.3554,2000
2026-06-26 08:07:17,123,W+2.5,18,True,False,False,,-1,47.3399,2000
2026-06-26 08:08:22,142,W+30.5,22,True,False,False,,-1,47.4638,2000
2026-06-26 08:09:21,129,W+1.5,16,True,False,False,,-1,47.6604,2000
2026-06-26 08:10:07,109,W+0.5,17,True,False,False,,-1,47.5897,2000
2026-06-26 08:10:19,20,W+7.5,2,True,False,False,,-1,47.5354,2000
2026-06-26 08:11:11,97,B+9.5,2,True,False,False,,-1,47.5181,2000
2026-06-26 08:11:58,95,B+2.5,4,True,False,False,,-1,47.2982,2000
2026-06-26 08:12:54,119,W+2.5,14,True,False,False,,-1,47.4072,2000
2026-06-26 08:13:39,104,W+0.5,11,True,False,False,,-1,47.7324,2000
2026-06-26 08:14:48,162,W+23.5,32,True,False,False,,-1,47.8574,2000
2026-06-26 08:15:37,103,B+14.5,7,True,False,False,,-1,47.6546,2000
2026-06-26 08:16:29,113,W+3.5,16,True,False,False,,-1,47.6652,2000
2026-06-26 08:17:14,90,B+0.5,6,True,False,False,,-1,47.6221,2000
2026-06-26 08:18:04,100,W+4.5,16,True,False,False,,-1,47.4273,2000
2026-06-26 08:18:42,77,B+0.5,2,True,False,False,,-1,47.287,2000
2026-06-26 08:19:25,91,W+1.5,12,True,False,False,,-1,47.2393,2000
2026-06-26 08:20:14,102,B+1.5,9,True,False,False,,-1,47.2609,2000
2026-06-26 08:21:05,97,W+8.5,7,True,False,False,,-1,47.2464,2000
2026-06-26 08:21:44,75,B+0.5,5,True,False,False,,-1,47.1369,2000
2026-06-26 08:22:28,89,W+2.5,9,True,False,False,,-1,47.072,2000
2026-06-26 08:23:27,140,B+36.5,16,True,False,False,,-1,47.2433,2000
2026-06-26 08:24:18,107,W+3.5,12,True,False,False,,-1,47.2988,2000
2026-06-26 08:25:07,111,B+1.5,8,True,False,False,,-1,47.2785,2000
2026-06-26 08:25:59,115,W+8.5,11,True,False,False,,-1,47.345,2000
2026-06-26 08:26:48,104,W+0.5,14,True,False,False,,-1,47.6384,2000
2026-06-26 08:27:30,77,B+1.5,5,True,False,False,,-1,47.5629,2000
2026-06-26 08:28:18,103,W+1.5,10,True,False,False,,-1,47.8789,2000
2026-06-26 08:29:03,91,B+1.5,3,True,False,False,,-1,47.8652,2000
2026-06-26 08:29:51,106,B+0.5,9,True,False,False,,-1,48.1943,2000
2026-06-26 08:30:32,79,B+4.5,5,True,False,False,,-1,48.0331,2000
2026-06-26 08:31:28,130,B+3.5,12,True,False,False,,-1,48.1285,2000
2026-06-26 08:32:30,140,B+21.5,16,True,False,False,,-1,48.6155,2000
2026-06-26 08:33:23,121,W+0.5,14,True,False,False,,-1,48.6332,2000
2026-06-26 08:34:13,112,B+0.5,9,True,False,False,,-1,48.6285,2000
2026-06-26 08:34:58,89,B+4.5,3,True,False,False,,-1,48.6626,2000
2026-06-26 08:35:44,105,W+3.5,16,True,False,False,,-1,48.6345,2000
2026-06-26 08:36:40,129,W+4.5,22,True,False,False,,-1,48.7407,2000
2026-06-26 08:37:36,116,B+1.5,9,True,False,False,,-1,48.8825,2000
2026-06-26 08:38:25,101,B+6.5,10,True,False,False,,-1,48.7874,2000
2026-06-26 08:39:15,105,W+5.5,10,True,False,False,,-1,48.7865,2000
2026-06-26 08:40:04,103,W+2.5,13,True,False,False,,-1,48.8216,2000
2026-06-26 08:40:56,105,W+1.5,15,True,False,False,,-1,48.6147,2000
2026-06-26 08:41:45,103,W+9.5,8,True,False,False,,-1,48.561,2000
2026-06-26 08:42:28,85,B+1.5,4,True,False,False,,-1,48.4949,2000
2026-06-26 08:43:23,119,W+2.5,15,True,False,False,,-1,48.5889,2000
2026-06-26 08:44:12,105,W+4.5,16,True,False,False,,-1,48.9342,2000
2026-06-26 08:45:20,152,B+4.5,21,True,False,False,,-1,49.1238,2000
2026-06-26 08:46:11,107,B+18.5,12,True,False,False,,-1,49.0969,2000
2026-06-26 08:47:02,105,W+8.5,11,True,False,False,,-1,49.1804,2000
2026-06-26 08:47:58,109,B+1.5,2,True,False,False,,-1,49.2173,2000
2026-06-26 08:48:40,89,W+0.5,10,True,False,False,,-1,49.1205,2000
2026-06-26 08:48:57,30,W+7.5,2,True,False,False,,-1,48.8342,2000
2026-06-26 08:49:44,99,B+13.5,8,True,False,False,,-1,49.1657,2000
2026-06-26 08:50:33,101,B+18.5,9,True,False,False,,-1,48.9743,2000
2026-06-26 08:51:18,83,B+2.5,4,True,False,False,,-1,48.9074,2000
2026-06-26 08:52:00,73,B+4.5,2,True,False,False,,-1,49.0053,2000
2026-06-26 08:52:50,108,B+5.5,13,True,False,False,,-1,49.0204,2000
2026-06-26 08:53:50,140,B+29.5,16,True,False,False,,-1,49.2013,2000
2026-06-26 08:54:27,68,W+9.5,2,True,False,False,,-1,49.0847,2000
2026-06-26 08:55:12,87,B+2.5,2,True,False,False,,-1,49.0478,2000
2026-06-26 08:55:28,26,W+7.5,2,True,False,False,,-1,48.6737,2000
2026-06-26 08:56:15,101,W+2.5,10,True,False,False,,-1,48.7035,2000
2026-06-26 08:57:15,129,W+2.5,13,True,False,False,,-1,48.7591,2000
2026-06-26 08:57:58,86,W+5.5,3,True,False,False,,-1,48.7027,2000
2026-06-26 08:58:46,108,B+15.5,9,True,False,False,,-1,48.6985,2000
2026-06-26 08:59:31,89,B+5.5,7,True,False,False,,-1,48.6842,2000
2026-06-26 09:00:19,103,W+1.5,13,True,False,False,,-1,48.9165,2000
2026-06-26 09:01:09,105,W+2.5,11,True,False,False,,-1,48.9133,2000
2026-06-26 09:01:45,67,B+1.5,2,True,False,False,,-1,49.0374,2000
2026-06-26 09:02:37,113,W+0.5,6,True,False,False,,-1,49.0348,2000
2026-06-26 09:02:53,28,W+8.5,2,True,False,False,,-1,48.6795,2000
2026-06-26 09:03:43,98,B+7.5,5,True,False,False,,-1,48.9844,2000
2026-06-26 09:04:23,85,B+3.5,11,True,False,False,,-1,48.9165,2000
2026-06-26 09:05:17,108,W+20.5,4,True,False,False,,-1,49.0173,2000
2026-06-26 09:06:08,109,W+16.5,11,True,False,False,,-1,48.8334,2000
2026-06-26 09:06:31,40,W+2.5,2,True,False,False,,-1,48.4749,2000
2026-06-26 09:07:23,113,W+0.5,14,True,False,False,,-1,48.4412,2000
2026-06-26 09:08:08,93,B+0.5,4,True,False,False,,-1,48.3477,2000
2026-06-26 09:09:06,115,W+6.5,12,True,False,False,,-1,48.3663,2000
2026-06-26 09:09:53,107,W+8.5,8,True,False,False,,-1,48.3222,2000
2026-06-26 09:10:48,129,W+7.5,21,True,False,False,,-1,48.4347,2000
2026-06-26 09:11:36,92,W+3.5,3,True,False,False,,-1,48.367,2000
2026-06-26 09:12:23,105,W+2.5,14,True,False,False,,-1,48.4722,2000
2026-06-26 09:13:11,99,B+8.5,8,True,False,False,,-1,48.4191,2000
2026-06-26 09:14:04,113,B+22.5,7,True,False,False,,-1,48.4698,2000
2026-06-26 09:14:58,111,W+1.5,14,True,False,False,,-1,48.536,2000
2026-06-26 09:15:49,109,W+2.5,10,True,False,False,,-1,48.5611,2000
2026-06-26 09:16:42,105,B+12.5,5,True,False,False,,-1,48.5356,2000
2026-06-26 09:17:06,40,W+7.5,2,True,False,False,,-1,48.3432,2000
2026-06-26 09:18:01,115,W+0.5,12,True,False,False,,-1,48.4056,2000
2026-06-26 09:18:54,113,W+2.5,20,True,False,False,,-1,48.3978,2000
2026-06-26 09:19:39,104,B+0.5,9,True,False,False,,-1,48.3265,2000
2026-06-26 09:20:31,115,W+2.5,15,True,False,False,,-1,48.3444,2000
2026-06-26 09:21:08,65,B+1.5,2,True,False,False,,-1,48.1157,2000
2026-06-26 09:22:21,156,W+39.5,18,True,False,False,,-1,48.2627,2000
2026-06-26 09:23:10,99,W+0.5,11,True,False,False,,-1,48.2428,2000
2026-06-26 09:23:57,96,B+4.5,5,True,False,False,,-1,48.0042,2000
2026-06-26 09:24:50,110,B+3.5,9,True,False,False,,-1,48.0925,2000
2026-06-26 09:25:48,123,W+3.5,13,True,False,False,,-1,48.1772,2000
2026-06-26 09:26:42,116,B+3.5,15,True,False,False,,-1,48.1945,2000
2026-06-26 09:27:52,162,B+39.5,24,True,False,False,,-1,48.3494,2000
2026-06-26 09:29:02,143,W+25.5,14,True,False,False,,-1,48.3937,2000
2026-06-26 09:29:45,96,W+1.5,15,True,False,False,,-1,48.2275,2000
2026-06-26 09:30:34,104,B+1.5,9,True,False,False,,-1,48.2621,2000
2026-06-26 09:31:28,115,W+4.5,16,True,False,False,,-1,48.6834,2000
2026-06-26 09:32:25,119,W+6.5,16,True,False,False,,-1,48.7327,2000
2026-06-26 09:33:22,119,W+4.5,16,True,False,False,,-1,48.8345,2000
2026-06-26 09:34:11,105,W+3.5,10,True,False,False,,-1,48.7614,2000
2026-06-26 09:34:59,103,B+3.5,10,True,False,False,,-1,48.7959,2000
2026-06-26 09:35:59,136,B+1.5,10,True,False,False,,-1,48.7119,2000
2026-06-26 09:36:44,91,W+0.5,5,True,False,False,,-1,48.6645,2000
2026-06-26 09:37:41,120,W+4.5,14,True,False,False,,-1,48.7151,2000
2026-06-26 09:38:33,108,W+14.5,10,True,False,False,,-1,48.7806,2000
2026-06-26 09:39:24,109,W+8.5,11,True,False,False,,-1,48.7944,2000
2026-06-26 09:40:16,115,W+4.5,17,True,False,False,,-1,48.9306,2000
2026-06-26 09:41:05,115,W+1.5,14,True,False,False,,-1,49.0037,2000
2026-06-26 09:42:02,134,W+0.5,25,True,False,False,,-1,49.0697,2000
2026-06-26 09:42:50,102,W+8.5,12,True,False,False,,-1,49.0412,2000
2026-06-26 09:43:45,123,W+5.5,16,True,False,False,,-1,49.2047,2000
2026-06-26 09:44:40,115,W+1.5,13,True,False,False,,-1,49.3206,2000
2026-06-26 09:45:40,135,W+2.5,16,True,False,False,,-1,49.3307,2000
2026-06-26 09:46:31,109,W+2.5,17,True,False,False,,-1,49.3311,2000
2026-06-26 09:47:38,162,W+43.5,11,True,False,False,,-1,49.5041,2000
2026-06-26 09:48:32,120,B+0.5,9,True,False,False,,-1,49.5311,2000
2026-06-26 09:49:21,105,W+1.5,9,True,False,False,,-1,49.5311,2000
2026-06-26 09:50:22,136,B+28.5,16,True,False,False,,-1,49.7118,2000
2026-06-26 09:51:10,114,B+3.5,8,True,False,False,,-1,49.7178,2000
2026-06-26 09:51:51,75,B+4.5,5,True,False,False,,-1,49.6771,2000
2026-06-26 09:52:18,48,W+7.5,2,True,False,False,,-1,49.4648,2000
2026-06-26 09:53:17,122,B+12.5,11,True,False,False,,-1,49.6538,2000
2026-06-26 09:53:56,69,B+6.5,2,True,False,False,,-1,49.4755,2000
2026-06-26 09:54:32,67,B+1.5,2,True,False,False,,-1,49.22,2000
2026-06-26 09:55:21,99,B+3.5,10,True,False,False,,-1,49.1795,2000
2026-06-26 09:56:13,107,B+9.5,4,True,False,False,,-1,49.199,2000
2026-06-26 09:56:58,97,W+9.5,6,True,False,False,,-1,49.1938,2000
2026-06-26 09:57:54,116,W+1.5,18,True,False,False,,-1,49.2975,2000
2026-06-26 09:58:39,91,B+10.5,4,True,False,False,,-1,49.1919,2000
2026-06-26 09:59:34,125,W+2.5,18,True,False,False,,-1,49.1792,2000
2026-06-26 10:00:18,81,B+4.5,3,True,False,False,,-1,49.1274,2000
2026-06-26 10:01:17,123,W+1.5,9,True,False,False,,-1,49.2145,2000
2026-06-26 10:02:04,98,B+3.5,6,True,False,False,,-1,49.1974,2000
2026-06-26 10:02:51,94,B+4.5,7,True,False,False,,-1,49.1468,2000
2026-06-26 10:03:36,101,W+0.5,13,True,False,False,,-1,49.1099,2000
2026-06-26 10:04:24,107,W+5.5,14,True,False,False,,-1,49.1532,2000
2026-06-26 10:05:15,111,W+0.5,17,True,False,False,,-1,49.123,2000
2026-06-26 10:06:08,111,W+2.5,10,True,False,False,,-1,49.1635,2000
2026-06-26 10:07:03,116,B+0.5,10,True,False,False,,-1,49.021,2000
2026-06-26 10:07:52,98,W+6.5,7,True,False,False,,-1,49.008,2000
2026-06-26 10:08:17,44,W+3.5,2,True,False,False,,-1,48.7514,2000
2026-06-26 10:09:00,79,B+0.5,6,True,False,False,,-1,48.6203,2000
2026-06-26 10:09:58,124,B+8.5,14,True,False,False,,-1,48.7749,2000
2026-06-26 10:10:45,109,W+4.5,12,True,False,False,,-1,49.0753,2000
2026-06-26 10:11:40,116,B+1.5,10,True,False,False,,-1,49.1601,2000
2026-06-26 10:12:19,70,W+8.5,3,True,False,False,,-1,49.0564,2000
2026-06-26 10:13:11,109,W+1.5,13,True,False,False,,-1,49.1261,2000
2026-06-26 10:14:03,107,W+9.5,3,True,False,False,,-1,49.2261,2000
2026-06-26 10:14:45,77,B+4.5,7,True,False,False,,-1,49.1476,2000
2026-06-26 10:15:02,30,W+7.5,2,True,False,False,,-1,48.7126,2000
2026-06-26 10:15:50,104,B+2.5,10,True,False,False,,-1,48.8239,2000
2026-06-26 10:16:39,97,B+0.5,8,True,False,False,,-1,48.8682,2000
2026-06-26 10:17:46,162,B+32.5,24,True,False,False,,-1,49.3828,2000
2026-06-26 10:18:36,118,B+3.5,17,True,False,False,,-1,49.4035,2000
2026-06-26 10:19:35,133,W+0.5,18,True,False,False,,-1,49.3946,2000
2026-06-26 10:20:26,108,B+0.5,7,True,False,False,,-1,49.4798,2000
2026-06-26 10:21:18,110,W+4.5,14,True,False,False,,-1,49.5137,2000
2026-06-26 10:22:09,113,W+1.5,11,True,False,False,,-1,49.5707,2000
2026-06-26 10:22:25,28,W+7.5,2,True,False,False,,-1,49.2571,2000
2026-06-26 10:23:21,134,B+1.5,19,True,False,False,,-1,49.3228,2000
2026-06-26 10:24:08,95,W+1.5,7,True,False,False,,-1,49.4238,2000
2026-06-26 10:24:57,112,W+0.5,12,True,False,False,,-1,49.4008,2000
2026-06-26 10:25:35,73,B+5.5,3,True,False,False,,-1,49.6149,2000
2026-06-26 10:26:22,105,B+19.5,8,True,False,False,,-1,49.584,2000
2026-06-26 10:27:06,82,W+18.5,4,True,False,False,,-1,49.6191,2000
2026-06-26 10:27:52,105,W+0.5,7,True,False,False,,-1,49.544,2000
2026-06-26 10:29:00,162,B+26.5,18,True,False,False,,-1,49.7133,2000
2026-06-26 10:29:56,115,W+7.5,13,True,False,False,,-1,50.0491,2000
2026-06-26 10:30:47,117,W+0.5,14,True,False,False,,-1,50.0404,2000
2026-06-26 10:31:37,107,W+10.5,14,True,False,False,,-1,50.0861,2000
2026-06-26 10:32:29,110,B+2.5,7,True,False,False,,-1,50.0276,2000
2026-06-26 10:33:21,111,W+0.5,12,True,False,False,,-1,50.0779,2000
2026-06-26 10:34:11,99,W+4.5,12,True,False,False,,-1,50.0224,2000
2026-06-26 10:35:20,162,W+10.5,29,True,False,False,,-1,50.2448,2000
2026-06-26 10:36:18,122,B+2.5,13,True,False,False,,-1,50.3468,2000
2026-06-26 10:37:02,89,B+4.5,3,True,False,False,,-1,50.3027,2000
2026-06-26 10:37:17,26,W+5.5,2,True,False,False,,-1,49.9238,2000
2026-06-26 10:38:08,100,B+0.5,8,True,False,False,,-1,49.892,2000
2026-06-26 10:38:58,106,W+3.5,11,True,False,False,,-1,49.8798,2000
2026-06-26 10:39:41,81,B+1.5,3,True,False,False,,-1,49.7883,2000
2026-06-26 10:40:31,109,W+3.5,12,True,False,False,,-1,50.0459,2000
2026-06-26 10:41:06,64,W+5.5,2,True,False,False,,-1,49.8492,2000
2026-06-26 10:41:54,99,W+32.5,6,True,False,False,,-1,49.8037,2000
2026-06-26 10:42:48,111,W+0.5,16,True,False,False,,-1,49.8826,2000
2026-06-26 10:43:21,63,B+0.5,3,True,False,False,,-1,49.6949,2000
2026-06-26 10:44:15,105,W+3.5,11,True,False,False,,-1,49.8727,2000
2026-06-26 10:44:49,60,W+10.5,2,True,False,False,,-1,49.4773,2000
2026-06-26 10:45:44,118,B+1.5,14,True,False,False,,-1,49.5347,2000
2026-06-26 10:46:31,98,W+3.5,11,True,False,False,,-1,49.5362,2000
2026-06-26 10:47:20,105,W+2.5,13,True,False,False,,-1,49.4946,2000
2026-06-26 10:48:10,112,B+1.5,11,True,False,False,,-1,49.4102,2000
2026-06-26 10:49:06,118,B+2.5,11,True,False,False,,-1,49.4314,2000
2026-06-26 10:49:55,101,W+0.5,8,True,False,False,,-1,49.2234,2000
2026-06-26 10:50:40,97,W+2.5,7,True,False,False,,-1,48.9847,2000
2026-06-26 10:51:35,110,B+3.5,10,True,False,False,,-1,49.0982,2000
2026-06-26 10:52:28,114,B+1.5,16,True,False,False,,-1,49.1405,2000
2026-06-26 10:53:26,130,B+3.5,10,True,False,False,,-1,49.1734,2000
2026-06-26 10:54:18,110,B+1.5,11,True,False,False,,-1,49.1269,2000
2026-06-26 10:55:04,87,B+16.5,5,True,False,False,,-1,49.0204,2000
2026-06-26 10:55:58,106,B+2.5,10,True,False,False,,-1,49.0705,2000
2026-06-26 10:56:46,98,W+10.5,11,True,False,False,,-1,49.065,2000
2026-06-26 10:57:41,120,B+5.5,10,True,False,False,,-1,49.0191,2000
2026-06-26 10:58:28,93,B+1.5,10,True,False,False,,-1,49.0416,2000
2026-06-26 10:59:19,108,B+0.5,13,True,False,False,,-1,48.9786,2000
2026-06-26 11:00:14,119,W+2.5,20,True,False,False,,-1,49.0116,2000
2026-06-26 11:01:05,108,W+8.5,11,True,False,False,,-1,49.01,2000
2026-06-26 11:02:01,117,B+7.5,7,True,False,False,,-1,49.0547,2000
2026-06-26 11:02:42,91,B+2.5,4,True,False,False,,-1,48.9647,2000
2026-06-26 11:03:27,99,W+0.5,15,True,False,False,,-1,48.8508,2000
2026-06-26 11:04:09,79,B+7.5,3,True,False,False,,-1,48.7858,2000
2026-06-26 11:04:58,100,B+1.5,10,True,False,False,,-1,48.7261,2000
2026-06-26 11:05:53,118,W+1.5,10,True,False,False,,-1,48.7226,2000
2026-06-26 11:06:47,117,W+0.5,15,True,False,False,,-1,48.6677,2000
2026-06-26 11:10:14,98,W+2.5,10,True,False,False,,-1,48.5333,3000
2026-06-26 11:11:06,112,B+2.5,14,True,False,False,,-1,48.5128,3000
2026-06-26 11:11:22,24,W+7.5,2,True,False,False,,-1,48.1839,3000
2026-06-26 11:12:14,105,W+6.5,12,True,False,False,,-1,48.0959,3000
2026-06-26 11:13:08,101,W+0.5,9,True,False,False,,-1,48.1474,3000
2026-06-26 11:13:58,93,B+3.5,4,True,False,False,,-1,48.2417,3000
2026-06-26 11:14:53,129,W+6.5,24,True,False,False,,-1,48.5276,3000
2026-06-26 11:15:51,117,B+6.5,12,True,False,False,,-1,48.5044,3000
2026-06-26 11:16:52,129,W+16.5,17,True,False,False,,-1,48.7295,3000
2026-06-26 11:17:49,113,W+0.5,14,True,False,False,,-1,48.9385,3000
2026-06-26 11:18:51,133,W+2.5,16,True,False,False,,-1,49.0756,3000
2026-06-26 11:19:40,95,B+9.5,9,True,False,False,,-1,49.0446,3000
2026-06-26 11:20:35,120,B+5.5,15,True,False,False,,-1,49.1461,3000
2026-06-26 11:21:23,91,B+4.5,5,True,False,False,,-1,49.0584,3000
2026-06-26 11:22:08,87,B+1.5,6,True,False,False,,-1,49.0547,3000
2026-06-26 11:22:53,91,W+22.5,8,True,False,False,,-1,48.9567,3000
2026-06-26 11:23:45,109,B+1.5,13,True,False,False,,-1,49.038,3000
2026-06-26 11:24:40,113,W+1.5,11,True,False,False,,-1,49.0085,3000
2026-06-26 11:25:27,85,B+5.5,6,True,False,False,,-1,48.9976,3000
2026-06-26 11:26:29,132,B+0.5,13,True,False,False,,-1,49.1588,3000
2026-06-26 11:27:23,100,B+7.5,13,True,False,False,,-1,49.2372,3000
2026-06-26 11:28:17,119,W+2.5,11,True,False,False,,-1,49.2992,3000
2026-06-26 11:29:03,89,B+3.5,2,True,False,False,,-1,49.2438,3000
2026-06-26 11:29:54,104,B+11.5,9,True,False,False,,-1,49.2276,3000
2026-06-26 11:30:49,111,W+1.5,17,True,False,False,,-1,49.2362,3000
2026-06-26 11:31:47,116,B+0.5,6,True,False,False,,-1,49.3169,3000
2026-06-26 11:32:42,114,B+1.5,10,True,False,False,,-1,49.6234,3000
2026-06-26 11:33:49,151,W+18.5,32,True,False,False,,-1,49.8671,3000
2026-06-26 11:34:45,115,W+0.5,14,True,False,False,,-1,49.8469,3000
2026-06-26 11:35:44,114,B+1.5,11,True,False,False,,-1,49.9603,3000
2026-06-26 11:36:37,108,W+0.5,12,True,False,False,,-1,49.9377,3000
2026-06-26 11:37:11,58,W+8.5,2,True,False,False,,-1,49.8893,3000
2026-06-26 11:38:06,108,B+0.5,16,True,False,False,,-1,49.9136,3000
2026-06-26 11:38:54,91,B+4.5,9,True,False,False,,-1,49.8826,3000
2026-06-26 11:39:50,118,B+4.5,15,True,False,False,,-1,50.021,3000
2026-06-26 11:40:45,111,W+0.5,12,True,False,False,,-1,50.4068,3000
2026-06-26 11:40:57,20,W+7.5,2,True,False,False,,-1,50.0413,3000
2026-06-26 11:41:49,107,W+1.5,18,True,False,False,,-1,50.0728,3000
2026-06-26 11:42:50,162,W+4.5,22,True,False,False,,-1,50.0107,3000
2026-06-26 11:43:40,100,B+4.5,7,True,False,False,,-1,50.0108,3000
2026-06-26 11:44:38,122,B+0.5,12,True,False,False,,-1,50.0024,3000
2026-06-26 11:45:41,143,W+0.5,19,True,False,False,,-1,50.1158,3000
2026-06-26 11:46:33,105,W+8.5,12,True,False,False,,-1,50.1191,3000
2026-06-26 11:47:30,121,W+0.5,12,True,False,False,,-1,50.182,3000
2026-06-26 11:48:41,158,W+2.5,36,True,False,False,,-1,50.7325,3000
2026-06-26 11:49:30,107,W+0.5,17,True,False,False,,-1,50.6607,3000
2026-06-26 11:50:24,106,B+1.5,9,True,False,False,,-1,50.7315,3000
2026-06-26 11:51:16,115,W+5.5,20,True,False,False,,-1,50.7636,3000
2026-06-26 11:52:09,117,W+2.5,19,True,False,False,,-1,50.9086,3000
2026-06-26 11:53:00,113,W+2.5,18,True,False,False,,-1,50.9518,3000
2026-06-26 11:54:00,128,B+2.5,16,True,False,False,,-1,51.1153,3000
2026-06-26 11:54:50,104,W+1.5,11,True,False,False,,-1,51.1518,3000
2026-06-26 11:55:44,110,B+4.5,14,True,False,False,,-1,51.0072,3000
2026-06-26 11:56:31,90,B+3.5,5,True,False,False,,-1,50.9188,3000
2026-06-26 11:57:25,115,W+3.5,14,True,False,False,,-1,50.9486,3000
2026-06-26 11:58:10,95,W+0.5,9,True,False,False,,-1,50.9045,3000
2026-06-26 11:58:58,103,W+2.5,13,True,False,False,,-1,50.8614,3000
2026-06-26 11:59:50,103,W+1.5,15,True,False,False,,-1,50.8674,3000
2026-06-26 12:00:43,103,W+2.5,13,True,False,False,,-1,50.8927,3000
2026-06-26 12:01:26,81,B+8.5,3,True,False,False,,-1,50.6253,3000
2026-06-26 12:02:22,107,B+0.5,13,True,False,False,,-1,50.6063,3000
2026-06-26 12:03:02,69,B+3.5,2,True,False,False,,-1,50.5726,3000
2026-06-26 12:04:01,116,B+2.5,8,True,False,False,,-1,51.0109,3000
2026-06-26 12:04:52,95,W+5.5,6,True,False,False,,-1,51.007,3000
2026-06-26 12:05:49,122,W+0.5,15,True,False,False,,-1,51.0856,3000
2026-06-26 12:06:43,111,W+1.5,10,True,False,False,,-1,51.1853,3000
2026-06-26 12:07:30,107,W+1.5,18,True,False,False,,-1,51.1663,3000
2026-06-26 12:08:29,123,W+6.5,22,True,False,False,,-1,51.4003,3000
2026-06-26 12:09:20,111,W+1.5,17,True,False,False,,-1,51.4278,3000
2026-06-26 12:10:06,102,B+0.5,10,True,False,False,,-1,51.3582,3000
2026-06-26 12:11:05,115,W+9.5,15,True,False,False,,-1,51.6048,3000
2026-06-26 12:12:00,109,W+6.5,16,True,False,False,,-1,51.6142,3000
2026-06-26 12:12:22,38,W+7.5,2,True,False,False,,-1,51.5045,3000
2026-06-26 12:13:15,114,B+9.5,10,True,False,False,,-1,51.4809,3000
2026-06-26 12:14:03,97,B+2.5,7,True,False,False,,-1,51.4968,3000
2026-06-26 12:15:03,120,B+14.5,8,True,False,False,,-1,51.607,3000
2026-06-26 12:15:57,106,B+0.5,13,True,False,False,,-1,51.6452,3000
2026-06-26 12:16:50,105,W+0.5,17,True,False,False,,-1,51.6129,3000
2026-06-26 12:17:42,109,W+1.5,17,True,False,False,,-1,51.6413,3000
2026-06-26 12:18:42,120,B+5.5,16,True,False,False,,-1,51.7854,3000
2026-06-26 12:19:25,79,B+1.5,6,True,False,False,,-1,51.6747,3000
2026-06-26 12:20:15,103,B+5.5,6,True,False,False,,-1,51.6416,3000
2026-06-26 12:21:12,114,B+5.5,12,True,False,False,,-1,51.6367,3000
2026-06-26 12:21:59,86,W+0.5,3,True,False,False,,-1,51.5841,3000
2026-06-26 12:23:11,157,W+1.5,24,True,False,False,,-1,51.8381,3000
2026-06-26 12:23:27,26,W+5.5,2,True,False,False,,-1,51.4572,3000
2026-06-26 12:24:22,107,W+6.5,11,True,False,False,,-1,51.5321,3000
2026-06-26 12:25:16,105,W+2.5,6,True,False,False,,-1,51.52,3000
2026-06-26 12:26:03,83,B+2.5,8,True,False,False,,-1,51.5187,3000
2026-06-26 12:26:45,75,B+7.5,2,True,False,False,,-1,51.4279,3000
2026-06-26 12:27:43,126,B+3.5,12,True,False,False,,-1,51.4575,3000
2026-06-26 12:28:45,149,W+9.5,27,True,False,False,,-1,51.5762,3000
2026-06-26 12:29:07,34,W+7.5,2,True,False,False,,-1,51.2213,3000
2026-06-26 12:29:55,97,W+5.5,13,True,False,False,,-1,51.2961,3000
2026-06-26 12:30:44,98,B+1.5,11,True,False,False,,-1,51.3422,3000
2026-06-26 12:31:25,75,B+15.5,2,True,False,False,,-1,51.3375,3000
2026-06-26 12:32:18,97,B+6.5,7,True,False,False,,-1,51.3774,3000
2026-06-26 12:33:05,91,W+8.5,9,True,False,False,,-1,51.2954,3000
2026-06-26 12:33:56,103,B+2.5,10,True,False,False,,-1,51.2617,3000
2026-06-26 12:34:53,112,B+1.5,9,True,False,False,,-1,51.3208,3000
2026-06-26 12:35:37,79,B+1.5,5,True,False,False,,-1,51.2223,3000
2026-06-26 12:36:27,107,W+3.5,11,True,False,False,,-1,51.2006,3000
2026-06-26 12:37:16,93,B+2.5,7,True,False,False,,-1,51.5359,3000
2026-06-26 12:38:11,113,B+3.5,10,True,False,False,,-1,51.568,3000
2026-06-26 12:39:11,125,W+2.5,9,True,False,False,,-1,51.6301,3000
2026-06-26 12:40:06,115,W+1.5,18,True,False,False,,-1,51.6775,3000
2026-06-26 12:40:59,109,W+5.5,12,True,False,False,,-1,51.6497,3000
2026-06-26 12:41:54,119,W+4.5,12,True,False,False,,-1,51.6311,3000
2026-06-26 12:42:47,113,W+1.5,19,True,False,False,,-1,51.5497,3000
2026-06-26 12:43:44,121,B+6.5,8,True,False,False,,-1,51.5541,3000
2026-06-26 12:44:31,92,B+1.5,8,True,False,False,,-1,51.388,3000
2026-06-26 12:45:17,95,W+1.5,10,True,False,False,,-1,51.3697,3000
2026-06-26 12:46:09,107,W+5.5,12,True,False,False,,-1,51.3338,3000
2026-06-26 12:47:02,109,W+19.5,4,True,False,False,,-1,51.3891,3000
2026-06-26 12:47:56,117,W+0.5,12,True,False,False,,-1,51.481,3000
2026-06-26 12:48:46,98,B+8.5,12,True,False,False,,-1,51.5285,3000
2026-06-26 12:49:35,92,B+14.5,4,True,False,False,,-1,51.4951,3000
2026-06-26 12:50:34,119,W+3.5,16,True,False,False,,-1,51.5355,3000
2026-06-26 12:51:17,75,B+0.5,5,True,False,False,,-1,51.4913,3000
2026-06-26 12:52:12,115,W+0.5,17,True,False,False,,-1,51.4274,3000
2026-06-26 12:53:13,123,W+2.5,18,True,False,False,,-1,51.4999,3000
2026-06-26 12:54:06,107,W+2.5,9,True,False,False,,-1,51.491,3000
2026-06-26 12:55:01,105,B+0.5,9,True,False,False,,-1,51.5836,3000
2026-06-26 12:55:58,114,B+12.5,14,True,False,False,,-1,51.6382,3000
2026-06-26 12:56:46,89,B+3.5,12,True,False,False,,-1,51.5679,3000
2026-06-26 12:57:46,128,B+0.5,14,True,False,False,,-1,51.5906,3000
2026-06-26 12:58:40,109,B+1.5,11,True,False,False,,-1,51.5778,3000
2026-06-26 12:59:30,99,W+7.5,13,True,False,False,,-1,51.4016,3000
2026-06-26 13:00:30,129,W+1.5,17,True,False,False,,-1,51.4431,3000
2026-06-26 13:01:26,104,B+0.5,7,True,False,False,,-1,51.4137,3000
2026-06-26 13:02:08,75,B+5.5,2,True,False,False,,-1,51.3081,3000
2026-06-26 13:02:59,105,W+2.5,9,True,False,False,,-1,51.4826,3000
2026-06-26 13:03:54,104,B+6.5,8,True,False,False,,-1,51.4764,3000
2026-06-26 13:04:55,139,W+6.5,22,True,False,False,,-1,51.6111,3000
2026-06-26 13:05:50,111,W+1.5,11,True,False,False,,-1,51.5996,3000
2026-06-26 13:06:40,101,W+6.5,12,True,False,False,,-1,51.5442,3000
2026-06-26 13:07:44,147,W+6.5,28,True,False,False,,-1,52.0628,3000
2026-06-26 13:08:35,109,W+2.5,11,True,False,False,,-1,52.0556,3000
2026-06-26 13:09:26,96,B+13.5,6,True,False,False,,-1,51.959,3000
2026-06-26 13:10:18,103,W+1.5,8,True,False,False,,-1,51.9724,3000
2026-06-26 13:11:08,105,W+1.5,14,True,False,False,,-1,51.9012,3000
2026-06-26 13:12:00,104,B+3.5,12,True,False,False,,-1,51.7946,3000
2026-06-26 13:12:46,89,W+11.5,2,True,False,False,,-1,51.7262,3000
2026-06-26 13:13:34,90,B+2.5,7,True,False,False,,-1,51.644,3000
2026-06-26 13:14:27,106,B+2.5,9,True,False,False,,-1,51.4593,3000
2026-06-26 13:15:21,109,W+1.5,15,True,False,False,,-1,51.5069,3000
2026-06-26 13:16:16,103,B+6.5,10,True,False,False,,-1,51.5188,3000
2026-06-26 13:17:07,109,W+0.5,10,True,False,False,,-1,51.5084,3000
2026-06-26 13:18:08,132,B+1.5,16,True,False,False,,-1,51.5904,3000
2026-06-26 13:19:04,111,W+0.5,13,True,False,False,,-1,51.6352,3000
2026-06-26 13:19:50,85,B+0.5,5,True,False,False,,-1,51.5003,3000
2026-06-26 13:20:47,119,W+2.5,17,True,False,False,,-1,51.568,3000
2026-06-26 13:21:44,113,W+2.5,18,True,False,False,,-1,51.6013,3000
2026-06-26 13:22:42,123,W+2.5,17,True,False,False,,-1,51.7089,3000
2026-06-26 13:23:38,112,W+6.5,12,True,False,False,,-1,51.7273,3000
2026-06-26 13:24:29,101,W+2.5,11,True,False,False,,-1,51.7865,3000
2026-06-26 13:25:21,105,W+0.5,12,True,False,False,,-1,51.825,3000
2026-06-26 13:26:14,111,W+6.5,14,True,False,False,,-1,51.8309,3000
2026-06-26 13:27:07,104,B+2.5,9,True,False,False,,-1,51.8387,3000
2026-06-26 13:27:47,70,W+4.5,3,True,False,False,,-1,51.8148,3000
2026-06-26 13:28:40,103,B+1.5,6,True,False,False,,-1,51.7798,3000
2026-06-26 13:29:00,32,W+9.5,2,True,False,False,,-1,51.5757,3000
2026-06-26 13:29:41,73,B+0.5,4,True,False,False,,-1,51.3966,3000
2026-06-26 13:30:38,123,W+2.5,15,True,False,False,,-1,51.4658,3000
2026-06-26 13:31:32,102,B+1.5,9,True,False,False,,-1,51.431,3000
2026-06-26 13:32:33,113,B+15.5,5,True,False,False,,-1,51.4997,3000
2026-06-26 13:33:24,102,B+3.5,8,True,False,False,,-1,51.5309,3000
2026-06-26 13:34:27,135,W+2.5,15,True,False,False,,-1,51.5755,3000
2026-06-26 13:35:21,110,B+17.5,11,True,False,False,,-1,51.6087,3000
2026-06-26 13:36:08,103,W+4.5,15,True,False,False,,-1,51.6152,3000
2026-06-26 13:37:02,120,B+5.5,15,True,False,False,,-1,51.5745,3000
2026-06-26 13:37:55,108,B+5.5,14,True,False,False,,-1,51.5561,3000
2026-06-26 13:38:35,71,B+5.5,2,True,False,False,,-1,51.7254,3000
2026-06-26 13:39:29,107,W+1.5,11,True,False,False,,-1,51.7394,3000
2026-06-26 13:40:24,115,W+13.5,17,True,False,False,,-1,51.8071,3000
2026-06-26 13:41:26,132,B+27.5,10,True,False,False,,-1,51.823,3000
2026-06-26 13:42:17,113,W+7.5,18,True,False,False,,-1,51.7949,3000
2026-06-26 13:43:15,125,W+0.5,20,True,False,False,,-1,51.8509,3000
2026-06-26 13:44:08,105,W+3.5,12,True,False,False,,-1,51.8516,3000
2026-06-26 13:44:58,100,B+3.5,12,True,False,False,,-1,51.7533,3000
2026-06-26 13:45:48,105,W+0.5,15,True,False,False,,-1,51.8265,3000
2026-06-26 13:46:51,146,B+25.5,23,True,False,False,,-1,51.9516,3000
2026-06-26 13:47:49,162,W+5.5,29,True,False,False,,-1,51.967,3000
2026-06-26 13:48:43,105,B+5.5,10,True,False,False,,-1,52.0305,3000
2026-06-26 13:49:36,104,B+4.5,8,True,False,False,,-1,51.851,3000
2026-06-26 13:50:27,101,W+7.5,9,True,False,False,,-1,52.1962,3000
2026-06-26 13:51:22,117,W+0.5,17,True,False,False,,-1,52.196,3000
2026-06-26 13:52:14,102,B+5.5,8,True,False,False,,-1,52.178,3000
2026-06-26 13:53:14,117,W+2.5,18,True,False,False,,-1,52.3069,3000
2026-06-26 13:54:08,111,B+13.5,9,True,False,False,,-1,52.4335,3000
2026-06-26 13:54:58,105,W+3.5,16,True,False,False,,-1,52.3509,3000
2026-06-26 13:55:53,110,B+1.5,10,True,False,False,,-1,52.2688,3000
2026-06-26 13:56:40,91,B+5.5,8,True,False,False,,-1,52.5307,3000
2026-06-26 13:57:24,78,W+5.5,2,True,False,False,,-1,52.4947,3000
2026-06-26 13:58:16,107,W+3.5,18,True,False,False,,-1,52.512,3000
2026-06-26 13:59:04,91,B+3.5,4,True,False,False,,-1,52.5831,3000
2026-06-26 14:00:01,115,W+1.5,12,True,False,False,,-1,52.6196,3000
2026-06-26 14:00:52,100,B+0.5,8,True,False,False,,-1,52.6623,3000
2026-06-26 14:01:44,102,B+11.5,8,True,False,False,,-1,52.6697,3000
2026-06-26 14:02:29,83,B+7.5,5,True,False,False,,-1,52.5548,3000
2026-06-26 14:03:38,162,W+3.5,34,True,False,False,,-1,52.8141,3000
2026-06-26 14:04:36,118,B+1.5,16,True,False,False,,-1,52.8927,3000
2026-06-26 14:05:24,95,W+5.5,10,True,False,False,,-1,52.8716,3000
2026-06-26 14:06:21,111,B+5.5,12,True,False,False,,-1,52.891,3000
2026-06-26 14:07:11,99,B+4.5,8,True,False,False,,-1,52.7953,3000
2026-06-26 14:08:17,143,W+2.5,25,True,False,False,,-1,52.9101,3000
2026-06-26 14:09:03,93,B+6.5,4,True,False,False,,-1,52.839,3000
2026-06-26 14:09:40,66,W+9.5,2,True,False,False,,-1,52.6604,3000
2026-06-26 14:10:31,105,W+2.5,8,True,False,False,,-1,52.63,3000
2026-06-26 14:11:26,113,W+3.5,17,True,False,False,,-1,52.6124,3000
2026-06-26 14:12:18,107,W+1.5,12,True,False,False,,-1,52.6723,3000
2026-06-26 14:13:03,81,B+6.5,2,True,False,False,,-1,52.6555,3000
2026-06-26 14:13:54,110,B+2.5,13,True,False,False,,-1,52.6449,3000
2026-06-26 14:14:46,106,B+1.5,9,True,False,False,,-1,52.6326,3000
2026-06-26 14:15:39,95,B+1.5,5,True,False,False,,-1,52.6201,3000
2026-06-26 14:16:30,107,W+3.5,18,True,False,False,,-1,52.6385,3000
2026-06-26 14:17:27,121,W+10.5,18,True,False,False,,-1,52.7133,3000
2026-06-26 14:18:14,92,B+4.5,6,True,False,False,,-1,52.5976,3000
2026-06-26 14:19:04,105,W+2.5,10,True,False,False,,-1,52.6736,3000
2026-06-26 14:19:55,102,W+5.5,13,True,False,False,,-1,52.6241,3000
2026-06-26 14:20:47,104,B+0.5,12,True,False,False,,-1,52.5402,3000
2026-06-26 14:21:43,115,W+15.5,12,True,False,False,,-1,52.5639,3000
2026-06-26 14:22:27,79,B+4.5,5,True,False,False,,-1,52.4568,3000
2026-06-26 14:23:18,103,W+2.5,16,True,False,False,,-1,52.3937,3000
2026-06-26 14:24:09,106,B+4.5,8,True,False,False,,-1,52.4233,3000
2026-06-26 14:25:01,111,W+9.5,15,True,False,False,,-1,52.3531,3000
2026-06-26 14:25:57,103,B+0.5,9,True,False,False,,-1,52.3622,3000
2026-06-26 14:26:51,106,B+2.5,8,True,False,False,,-1,52.4028,3000
2026-06-26 14:27:34,77,B+0.5,4,True,False,False,,-1,52.2378,3000
2026-06-26 14:28:19,87,W+0.5,9,True,False,False,,-1,52.1292,3000
2026-06-26 14:29:08,97,B+2.5,10,True,False,False,,-1,52.1912,3000
2026-06-26 14:30:05,130,W+10.5,12,True,False,False,,-1,52.251,3000
2026-06-26 14:30:53,95,B+7.5,6,True,False,False,,-1,52.1913,3000
2026-06-26 14:31:20,46,W+1.5,2,True,False,False,,-1,51.8487,3000
2026-06-26 14:32:10,98,B+3.5,8,True,False,False,,-1,51.7992,3000
2026-06-26 14:33:05,104,B+7.5,11,True,False,False,,-1,51.8438,3000
2026-06-26 14:33:56,104,B+3.5,8,True,False,False,,-1,51.7148,3000
2026-06-26 14:34:42,85,B+3.5,4,True,False,False,,-1,51.6637,3000
2026-06-26 14:35:34,95,B+5.5,3,True,False,False,,-1,51.6717,3000
2026-06-26 14:36:25,98,B+10.5,8,True,False,False,,-1,51.6745,3000
2026-06-26 14:37:23,126,W+1.5,19,True,False,False,,-1,51.7384,3000
2026-06-26 14:38:15,103,B+2.5,8,True,False,False,,-1,51.7475,3000
2026-06-26 14:39:06,100,B+0.5,5,True,False,False,,-1,51.8044,3000
2026-06-26 14:39:48,73,B+3.5,6,True,False,False,,-1,51.7366,3000
2026-06-26 14:40:43,117,B+3.5,14,True,False,False,,-1,51.7598,3000
2026-06-26 14:41:35,104,B+0.5,12,True,False,False,,-1,51.7337,3000
2026-06-26 14:42:31,107,W+2.5,14,True,False,False,,-1,51.7532,3000
2026-06-26 14:43:23,102,B+2.5,9,True,False,False,,-1,51.7517,3000
2026-06-26 14:44:18,115,B+10.5,13,True,False,False,,-1,51.6996,3000
2026-06-26 14:45:05,88,B+0.5,11,True,False,False,,-1,51.6118,3000
2026-06-26 14:45:54,89,B+0.5,4,True,False,False,,-1,51.6359,3000
2026-06-26 14:46:51,118,W+1.5,15,True,False,False,,-1,51.6341,3000
2026-06-26 14:47:48,114,B+3.5,14,True,False,False,,-1,51.6328,3000
2026-06-26 14:48:45,129,W+2.5,9,True,False,False,,-1,51.6287,3000
2026-06-26 14:49:42,119,W+2.5,24,True,False,False,,-1,51.6359,3000
2026-06-26 14:50:40,123,W+36.5,15,True,False,False,,-1,51.7013,3000
2026-06-26 14:51:30,99,B+4.5,9,True,False,False,,-1,51.6873,3000
2026-06-26 14:52:15,87,W+6.5,8,True,False,False,,-1,51.6079,3000
2026-06-26 14:53:29,159,W+1.5,18,True,False,False,,-1,51.8115,3000
2026-06-26 14:54:21,114,W+3.5,18,True,False,False,,-1,51.9311,3000
2026-06-26 14:55:04,91,W+1.5,9,True,False,False,,-1,51.8391,3000
2026-06-26 14:55:57,99,B+0.5,7,True,False,False,,-1,52.1705,3000
2026-06-26 14:56:41,77,B+0.5,4,True,False,False,,-1,52.2013,3000
2026-06-26 14:57:31,99,W+3.5,15,True,False,False,,-1,52.1175,3000
2026-06-26 14:58:03,55,B+0.5,2,True,False,False,,-1,51.9041,3000
2026-06-26 14:58:59,115,W+2.5,17,True,False,False,,-1,51.856,3000
2026-06-26 14:59:52,113,W+2.5,20,True,False,False,,-1,51.8825,3000
2026-06-26 15:00:55,127,W+7.5,17,True,False,False,,-1,51.878,3000
2026-06-26 15:01:45,91,B+2.5,5,True,False,False,,-1,51.8381,3000
2026-06-26 15:02:34,97,B+4.5,11,True,False,False,,-1,51.8565,3000
2026-06-26 15:03:21,86,B+1.5,6,True,False,False,,-1,51.7801,3000
2026-06-26 15:04:11,99,W+1.5,11,True,False,False,,-1,51.7484,3000
2026-06-26 15:05:09,121,B+1.5,13,True,False,False,,-1,51.9332,3000
2026-06-26 15:06:02,110,B+2.5,12,True,False,False,,-1,51.9299,3000
2026-06-26 15:06:43,73,B+1.5,3,True,False,False,,-1,51.7809,3000
2026-06-26 15:07:29,86,W+4.5,7,True,False,False,,-1,51.6227,3000
2026-06-26 15:08:10,87,W+3.5,11,True,False,False,,-1,51.5315,3000
2026-06-26 15:08:57,85,B+4.5,2,True,False,False,,-1,51.417,3000
2026-06-26 15:09:45,97,W+1.5,12,True,False,False,,-1,51.3756,3000
2026-06-26 15:10:35,98,B+4.5,4,True,False,False,,-1,51.373,3000
2026-06-26 15:11:15,73,B+1.5,6,True,False,False,,-1,51.2714,3000
2026-06-26 15:12:19,132,B+5.5,17,True,False,False,,-1,51.2824,3000
2026-06-26 15:12:57,67,B+1.5,3,True,False,False,,-1,51.0724,3000
2026-06-26 15:13:49,105,W+0.5,18,True,False,False,,-1,51.0657,3000
2026-06-26 15:14:39,107,W+15.5,12,True,False,False,,-1,51.0271,3000
2026-06-26 15:15:33,97,B+0.5,4,True,False,False,,-1,51.0564,3000
2026-06-26 15:16:29,114,B+4.5,14,True,False,False,,-1,51.0707,3000
2026-06-26 15:17:16,93,W+2.5,9,True,False,False,,-1,51.0101,3000
2026-06-26 15:18:06,102,B+0.5,9,True,False,False,,-1,50.9169,3000
2026-06-26 15:18:56,107,W+4.5,17,True,False,False,,-1,50.8725,3000
2026-06-26 15:19:53,121,W+3.5,12,True,False,False,,-1,50.9459,3000
2026-06-26 15:20:21,46,W+6.5,2,True,False,False,,-1,50.6806,3000
2026-06-26 15:21:08,87,B+0.5,6,True,False,False,,-1,50.6767,3000
2026-06-26 15:22:03,111,W+0.5,21,True,False,False,,-1,50.7827,3000
2026-06-26 15:22:51,91,B+0.5,8,True,False,False,,-1,50.7532,3000
2026-06-26 15:23:44,113,B+6.5,10,True,False,False,,-1,50.7971,3000
2026-06-26 15:24:44,125,W+5.5,16,True,False,False,,-1,50.8327,3000
2026-06-26 15:25:45,125,B+2.5,14,True,False,False,,-1,50.9332,3000
2026-06-26 15:26:43,123,W+0.5,23,True,False,False,,-1,50.9882,3000
2026-06-26 15:27:21,67,B+0.5,3,True,False,False,,-1,50.9211,3000
2026-06-26 15:28:16,109,W+3.5,15,True,False,False,,-1,50.774,3000
2026-06-26 15:29:08,101,B+2.5,3,True,False,False,,-1,50.7148,3000
2026-06-26 15:29:54,90,B+0.5,4,True,False,False,,-1,50.6966,3000
2026-06-26 15:30:55,125,W+2.5,20,True,False,False,,-1,50.7429,3000
2026-06-26 15:31:50,110,B+7.5,14,True,False,False,,-1,50.7844,3000
2026-06-26 15:32:38,101,W+3.5,16,True,False,False,,-1,50.6026,3000
2026-06-26 15:33:29,103,W+3.5,12,True,False,False,,-1,50.6591,3000
2026-06-26 15:34:14,87,B+1.5,7,True,False,False,,-1,50.7371,3000
2026-06-26 15:35:02,89,B+3.5,3,True,False,False,,-1,50.7077,3000
2026-06-26 15:35:50,100,B+11.5,6,True,False,False,,-1,50.6403,3000
2026-06-26 15:36:41,102,B+5.5,10,True,False,False,,-1,50.6293,3000
2026-06-26 15:37:16,59,B+1.5,2,True,False,False,,-1,50.5253,3000
2026-06-26 15:38:14,132,B+23.5,10,True,False,False,,-1,50.6047,3000
2026-06-26 15:39:16,141,W+1.5,20,True,False,False,,-1,50.7025,3000
2026-06-26 15:40:00,85,B+2.5,8,True,False,False,,-1,50.612,3000
2026-06-26 15:40:54,102,B+6.5,5,True,False,False,,-1,50.6393,3000
2026-06-26 15:41:48,115,W+0.5,17,True,False,False,,-1,50.6151,3000
2026-06-26 15:42:42,119,W+3.5,19,True,False,False,,-1,50.672,3000
2026-06-26 15:43:25,85,W+0.5,6,True,False,False,,-1,50.6011,3000
2026-06-26 15:44:18,105,B+2.5,10,True,False,False,,-1,50.625,3000
2026-06-26 15:45:10,113,W+0.5,15,True,False,False,,-1,50.6258,3000
2026-06-26 15:45:25,24,W+7.5,2,True,False,False,,-1,50.2198,3000
2026-06-26 15:46:24,127,W+4.5,19,True,False,False,,-1,50.3659,3000
2026-06-26 15:47:13,95,W+3.5,6,True,False,False,,-1,50.3486,3000
2026-06-26 15:48:08,105,B+1.5,9,True,False,False,,-1,50.3891,3000
2026-06-26 15:48:54,101,W+3.5,13,True,False,False,,-1,50.3201,3000
2026-06-26 15:49:43,93,W+7.5,5,True,False,False,,-1,50.2579,3000
2026-06-26 15:49:58,24,W+6.5,2,True,False,False,,-1,49.8692,3000
2026-06-26 15:51:08,157,W+3.5,30,True,False,False,,-1,50.1331,3000
2026-06-26 15:51:59,103,B+10.5,13,True,False,False,,-1,50.1951,3000
2026-06-26 15:52:44,85,B+0.5,3,True,False,False,,-1,50.1632,3000
2026-06-26 15:53:08,40,W+7.5,3,True,False,False,,-1,49.8312,3000
2026-06-26 15:54:05,119,W+0.5,12,True,False,False,,-1,49.9184,3000
2026-06-26 15:54:54,105,W+1.5,17,True,False,False,,-1,50.1328,3000
2026-06-26 15:55:44,99,W+25.5,4,True,False,False,,-1,50.1327,3000
2026-06-26 15:56:30,95,W+2.5,12,True,False,False,,-1,50.0481,3000
2026-06-26 15:57:16,89,W+7.5,11,True,False,False,,-1,49.9991,3000
2026-06-26 15:58:07,109,W+0.5,12,True,False,False,,-1,50.0469,3000
2026-06-26 15:59:06,131,W+1.5,19,True,False,False,,-1,50.1166,3000
2026-06-26 15:59:52,83,B+4.5,4,True,False,False,,-1,50.0639,3000
2026-06-26 16:00:41,96,W+6.5,10,True,False,False,,-1,49.9803,3000
2026-06-26 16:00:56,24,W+7.5,2,True,False,False,,-1,49.6039,3000
2026-06-26 16:01:47,96,B+4.5,8,True,False,False,,-1,49.6041,3000
2026-06-26 16:02:41,112,W+6.5,22,True,False,False,,-1,49.7246,3000
2026-06-26 16:03:35,114,B+0.5,12,True,False,False,,-1,49.715,3000
2026-06-26 16:04:28,103,B+7.5,6,True,False,False,,-1,49.7332,3000
2026-06-26 16:05:27,123,W+0.5,14,True,False,False,,-1,49.756,3000
2026-06-26 16:06:13,83,B+0.5,5,True,False,False,,-1,49.7,3000
2026-06-26 16:07:07,106,B+1.5,9,True,False,False,,-1,49.6801,3000
2026-06-26 16:08:00,102,B+2.5,10,True,False,False,,-1,49.739,3000
2026-06-26 16:08:49,100,W+0.5,15,True,False,False,,-1,49.7413,3000
2026-06-26 16:09:40,107,W+1.5,16,True,False,False,,-1,49.6914,3000
2026-06-26 16:10:48,162,B+9.5,20,True,False,False,,-1,49.796,3000
2026-06-26 16:11:38,102,B+0.5,8,True,False,False,,-1,49.7172,3000
2026-06-26 16:12:26,98,B+7.5,8,True,False,False,,-1,49.6359,3000
2026-06-26 16:13:17,95,B+3.5,6,True,False,False,,-1,49.5672,3000
2026-06-26 16:14:05,97,W+0.5,8,True,False,False,,-1,49.5489,3000
2026-06-26 16:15:05,126,B+1.5,16,True,False,False,,-1,49.6985,3000
2026-06-26 16:15:55,99,W+6.5,6,True,False,False,,-1,49.4665,3000
2026-06-26 16:16:39,79,B+8.5,2,True,False,False,,-1,49.375,3000
2026-06-26 16:17:30,114,B+2.5,24,True,False,False,,-1,49.4551,3000
2026-06-26 16:18:30,129,W+2.5,19,True,False,False,,-1,49.5222,3000
2026-06-26 16:21:25,61,B+2.5,3,True,False,False,,-1,49.324,4000
2026-06-26 16:21:44,30,W+7.5,2,True,False,False,,-1,49.1862,4000
2026-06-26 16:22:33,100,B+2.5,9,True,False,False,,-1,49.1165,4000
2026-06-26 16:23:28,116,B+1.5,15,True,False,False,,-1,49.1344,4000
2026-06-26 16:24:27,162,W+7.5,36,True,False,False,,-1,49.1022,4000
2026-06-26 16:25:18,104,W+1.5,13,True,False,False,,-1,49.106,4000
2026-06-26 16:26:07,104,B+1.5,8,True,False,False,,-1,49.1047,4000
2026-06-26 16:27:11,162,W+1.5,25,True,False,False,,-1,49.2769,4000
2026-06-26 16:28:08,137,W+0.5,25,True,False,False,,-1,49.3512,4000
2026-06-26 16:29:06,133,B+2.5,24,True,False,False,,-1,49.346,4000
2026-06-26 16:29:49,90,B+7.5,5,True,False,False,,-1,49.2484,4000
2026-06-26 16:30:45,116,B+0.5,10,True,False,False,,-1,49.3981,4000
2026-06-26 16:31:29,94,B+0.5,11,True,False,False,,-1,49.3813,4000
2026-06-26 16:32:20,119,W+0.5,17,True,False,False,,-1,49.4681,4000
2026-06-26 16:33:22,147,W+1.5,22,True,False,False,,-1,49.6236,4000
2026-06-26 16:34:17,129,W+5.5,24,True,False,False,,-1,49.696,4000
2026-06-26 16:35:10,108,B+0.5,9,True,False,False,,-1,49.7207,4000
2026-06-26 16:35:23,22,W+7.5,2,True,False,False,,-1,49.455,4000
2026-06-26 16:35:54,57,B+7.5,2,True,False,False,,-1,49.1224,4000
2026-06-26 16:36:43,117,W+1.5,21,True,False,False,,-1,49.2413,4000
2026-06-26 16:37:29,97,B+5.5,12,True,False,False,,-1,49.1729,4000
2026-06-26 16:38:29,162,W+5.5,33,True,False,False,,-1,49.2781,4000
2026-06-26 16:39:22,118,B+0.5,11,True,False,False,,-1,49.2688,4000
2026-06-26 16:40:08,98,B+0.5,12,True,False,False,,-1,49.1678,4000
2026-06-26 16:40:54,88,B+2.5,5,True,False,False,,-1,49.1555,4000
2026-06-26 16:41:51,121,W+0.5,16,True,False,False,,-1,49.2206,4000
2026-06-26 16:42:24,59,B+4.5,5,True,False,False,,-1,49.0604,4000
2026-06-26 16:43:02,73,B+0.5,4,True,False,False,,-1,48.8696,4000
2026-06-26 16:43:51,104,B+0.5,11,True,False,False,,-1,49.0795,4000
2026-06-26 16:44:49,133,W+1.5,24,True,False,False,,-1,49.1834,4000
2026-06-26 16:45:47,162,W+11.5,41,True,False,False,,-1,49.2214,4000
2026-06-26 16:46:46,139,W+1.5,30,True,False,False,,-1,49.327,4000
2026-06-26 16:47:48,151,W+3.5,30,True,False,False,,-1,49.4142,4000
2026-06-26 16:48:34,97,W+0.5,9,True,False,False,,-1,49.2766,4000
2026-06-26 16:49:29,113,W+3.5,14,True,False,False,,-1,49.2122,4000
2026-06-26 16:50:25,133,W+0.5,27,True,False,False,,-1,49.1949,4000
2026-06-26 16:51:15,111,W+5.5,14,True,False,False,,-1,49.3123,4000
2026-06-26 16:51:50,67,B+5.5,4,True,False,False,,-1,49.1114,4000
2026-06-26 16:52:44,111,B+0.5,9,True,False,False,,-1,49.1327,4000
2026-06-26 16:53:30,90,B+4.5,3,True,False,False,,-1,49.1416,4000
2026-06-26 16:54:19,105,B+7.5,6,True,False,False,,-1,49.0146,4000
2026-06-26 16:55:10,117,W+3.5,16,True,False,False,,-1,48.9777,4000
2026-06-26 16:56:11,131,W+1.5,21,True,False,False,,-1,49.1105,4000
2026-06-26 16:56:58,95,W+0.5,9,True,False,False,,-1,49.0651,4000
2026-06-26 16:57:49,116,B+0.5,22,True,False,False,,-1,49.12,4000
2026-06-26 16:58:38,99,W+2.5,12,True,False,False,,-1,49.1342,4000
2026-06-26 16:59:43,162,W+1.5,35,True,False,False,,-1,49.301,4000
2026-06-26 17:00:38,124,B+3.5,14,True,False,False,,-1,49.3422,4000
2026-06-26 17:01:32,111,B+1.5,16,True,False,False,,-1,49.5357,4000
2026-06-26 17:02:08,67,B+6.5,3,True,False,False,,-1,49.3137,4000
2026-06-26 17:02:57,98,B+2.5,6,True,False,False,,-1,49.1808,4000
2026-06-26 17:03:43,87,B+1.5,5,True,False,False,,-1,49.2072,4000
2026-06-26 17:04:40,124,B+0.5,11,True,False,False,,-1,49.2355,4000
2026-06-26 17:05:46,162,B+5.5,31,True,False,False,,-1,49.3523,4000
2026-06-26 17:06:50,161,W+0.5,37,True,False,False,,-1,49.4565,4000
2026-06-26 17:07:56,151,W+0.5,29,True,False,False,,-1,49.6902,4000
2026-06-26 17:08:58,148,W+1.5,21,True,False,False,,-1,49.7735,4000
2026-06-26 17:10:07,162,W+22.5,33,True,False,False,,-1,49.9424,4000
2026-06-26 17:10:52,94,B+4.5,10,True,False,False,,-1,50.2469,4000
2026-06-26 17:11:46,113,B+1.5,5,True,False,False,,-1,50.1915,4000
2026-06-26 17:12:44,123,W+4.5,18,True,False,False,,-1,50.2811,4000
2026-06-26 17:13:28,95,B+4.5,8,True,False,False,,-1,50.1798,4000
2026-06-26 17:14:09,81,B+0.5,9,True,False,False,,-1,50.1254,4000
2026-06-26 17:14:39,53,B+0.5,3,True,False,False,,-1,49.9403,4000
2026-06-26 17:15:35,123,W+1.5,18,True,False,False,,-1,50.3505,4000
2026-06-26 17:16:32,133,W+2.5,17,True,False,False,,-1,50.2228,4000
2026-06-26 17:17:39,162,W+4.5,30,True,False,False,,-1,50.3773,4000
2026-06-26 17:18:26,97,W+1.5,3,True,False,False,,-1,50.3884,4000
2026-06-26 17:19:17,113,W+2.5,15,True,False,False,,-1,50.6671,4000
2026-06-26 17:19:56,69,B+0.5,5,True,False,False,,-1,50.4821,4000
2026-06-26 17:21:04,162,B+8.5,30,True,False,False,,-1,50.6769,4000
2026-06-26 17:21:41,69,B+0.5,5,True,False,False,,-1,50.5495,4000
2026-06-26 17:22:34,113,B+5.5,19,True,False,False,,-1,50.6179,4000
2026-06-26 17:23:29,151,W+1.5,31,True,False,False,,-1,50.7111,4000
2026-06-26 17:24:25,128,B+9.5,18,True,False,False,,-1,50.7544,4000
2026-06-26 17:25:20,139,W+2.5,23,True,False,False,,-1,50.7209,4000
2026-06-26 17:26:12,119,B+0.5,15,True,False,False,,-1,50.7783,4000
2026-06-26 17:26:53,75,B+0.5,6,True,False,False,,-1,50.6945,4000
2026-06-26 17:27:39,94,B+1.5,7,True,False,False,,-1,51.0067,4000
2026-06-26 17:28:28,105,W+0.5,12,True,False,False,,-1,50.9841,4000
2026-06-26 17:28:46,30,W+7.5,2,True,False,False,,-1,50.6288,4000
2026-06-26 17:29:32,101,W+0.5,14,True,False,False,,-1,50.5399,4000
2026-06-26 17:30:33,137,W+0.5,20,True,False,False,,-1,50.6226,4000
2026-06-26 17:31:21,98,B+1.5,12,True,False,False,,-1,50.5147,4000
2026-06-26 17:32:17,133,W+8.5,23,True,False,False,,-1,50.6103,4000
2026-06-26 17:33:01,88,B+4.5,8,True,False,False,,-1,50.5232,4000
2026-06-26 17:33:45,89,B+0.5,7,True,False,False,,-1,50.4336,4000
2026-06-26 17:34:45,144,W+2.5,27,True,False,False,,-1,50.5343,4000
2026-06-26 17:35:23,67,B+0.5,2,True,False,False,,-1,50.4091,4000
2026-06-26 17:36:15,105,B+1.5,11,True,False,False,,-1,50.246,4000
2026-06-26 17:37:02,107,B+1.5,9,True,False,False,,-1,50.2159,4000
2026-06-26 17:37:58,118,B+2.5,17,True,False,False,,-1,50.2974,4000
2026-06-26 17:38:45,98,B+1.5,8,True,False,False,,-1,50.2586,4000
2026-06-26 17:39:35,108,B+3.5,13,True,False,False,,-1,50.2804,4000
2026-06-26 17:40:39,162,W+0.5,43,True,False,False,,-1,50.3131,4000
2026-06-26 17:41:28,110,B+3.5,15,True,False,False,,-1,50.3001,4000
2026-06-26 17:42:14,91,B+2.5,9,True,False,False,,-1,50.3271,4000
2026-06-26 17:43:22,162,W+3.5,43,True,False,False,,-1,50.4954,4000
2026-06-26 17:44:26,151,W+5.5,28,True,False,False,,-1,50.5405,4000
2026-06-26 17:45:10,90,W+2.5,10,True,False,False,,-1,50.6003,4000
2026-06-26 17:45:58,95,W+6.5,7,True,False,False,,-1,50.7194,4000
2026-06-26 17:46:11,22,W+7.5,2,True,False,False,,-1,50.6677,4000
2026-06-26 17:47:17,162,B+0.5,34,True,False,False,,-1,50.833,4000
2026-06-26 17:48:07,104,B+1.5,8,True,False,False,,-1,50.7853,4000
2026-06-26 17:48:57,104,B+1.5,7,True,False,False,,-1,50.693,4000
2026-06-26 17:49:14,28,W+7.5,2,True,False,False,,-1,50.3553,4000
2026-06-26 17:50:04,101,B+13.5,8,True,False,False,,-1,50.3701,4000
2026-06-26 17:50:43,73,B+1.5,9,True,False,False,,-1,50.1174,4000
2026-06-26 17:51:29,96,B+1.5,12,True,False,False,,-1,50.0076,4000
2026-06-26 17:52:15,92,B+3.5,11,True,False,False,,-1,49.8916,4000
2026-06-26 17:53:08,128,B+1.5,16,True,False,False,,-1,49.9865,4000
2026-06-26 17:53:57,111,W+5.5,20,True,False,False,,-1,49.9172,4000
2026-06-26 17:54:43,100,B+0.5,6,True,False,False,,-1,49.9346,4000
2026-06-26 17:55:21,73,B+3.5,6,True,False,False,,-1,49.8065,4000
2026-06-26 17:56:13,123,W+2.5,16,True,False,False,,-1,49.7107,4000
2026-06-26 17:57:04,105,W+2.5,11,True,False,False,,-1,49.6653,4000
2026-06-26 17:57:54,109,B+3.5,10,True,False,False,,-1,49.6429,4000
2026-06-26 17:58:42,95,B+2.5,5,True,False,False,,-1,49.981,4000
2026-06-26 17:59:35,109,W+5.5,17,True,False,False,,-1,50.21,4000
2026-06-26 18:00:23,103,W+2.5,14,True,False,False,,-1,50.1932,4000
2026-06-26 18:01:17,117,W+1.5,19,True,False,False,,-1,50.281,4000
2026-06-26 18:02:07,101,B+0.5,6,True,False,False,,-1,50.1747,4000
2026-06-26 18:02:56,105,W+1.5,15,True,False,False,,-1,50.1428,4000
2026-06-26 18:03:48,117,W+9.5,15,True,False,False,,-1,50.2009,4000
2026-06-26 18:04:33,81,B+0.5,9,True,False,False,,-1,50.1893,4000
2026-06-26 18:05:15,85,B+1.5,9,True,False,False,,-1,50.0445,4000
2026-06-26 18:06:06,109,W+0.5,12,True,False,False,,-1,50.213,4000
2026-06-26 18:06:58,114,W+2.5,12,True,False,False,,-1,50.3521,4000
2026-06-26 18:07:58,141,B+3.5,30,True,False,False,,-1,50.4599,4000
2026-06-26 18:08:50,112,B+0.5,8,True,False,False,,-1,50.4063,4000
2026-06-26 18:09:38,115,W+2.5,18,True,False,False,,-1,50.3008,4000
2026-06-26 18:10:37,162,W+7.5,31,True,False,False,,-1,50.3069,4000
2026-06-26 18:11:24,101,B+2.5,12,True,False,False,,-1,50.1633,4000
2026-06-26 18:12:18,127,W+5.5,16,True,False,False,,-1,50.2346,4000
2026-06-26 18:13:12,117,W+0.5,10,True,False,False,,-1,50.2309,4000
2026-06-26 18:13:54,77,B+6.5,8,True,False,False,,-1,50.0903,4000
2026-06-26 18:14:25,53,B+5.5,2,True,False,False,,-1,49.9002,4000
2026-06-26 18:15:14,99,B+4.5,10,True,False,False,,-1,50.0422,4000
2026-06-26 18:16:10,145,W+11.5,18,True,False,False,,-1,50.0545,4000
2026-06-26 18:17:02,113,W+1.5,13,True,False,False,,-1,50.1144,4000
2026-06-26 18:17:55,125,W+5.5,22,True,False,False,,-1,50.1549,4000
2026-06-26 18:18:43,102,B+8.5,16,True,False,False,,-1,50.1267,4000
2026-06-26 18:19:48,139,W+2.5,19,True,False,False,,-1,50.1632,4000
2026-06-26 18:20:03,24,W+7.5,2,True,False,False,,-1,49.8457,4000
2026-06-26 18:20:51,105,B+1.5,10,True,False,False,,-1,49.8207,4000
2026-06-26 18:21:40,109,W+6.5,10,True,False,False,,-1,49.8257,4000
2026-06-26 18:22:31,111,B+0.5,9,True,False,False,,-1,49.6809,4000
2026-06-26 18:23:18,111,W+0.5,18,True,False,False,,-1,49.6005,4000
2026-06-26 18:24:17,143,W+1.5,28,True,False,False,,-1,49.6485,4000
2026-06-26 18:25:04,101,W+1.5,16,True,False,False,,-1,49.7557,4000
2026-06-26 18:25:56,109,B+0.5,14,True,False,False,,-1,49.7846,4000
2026-06-26 18:26:45,103,B+1.5,8,True,False,False,,-1,49.8105,4000
2026-06-26 18:27:41,117,W+0.5,15,True,False,False,,-1,49.802,4000
2026-06-26 18:28:28,108,W+8.5,18,True,False,False,,-1,49.6211,4000
2026-06-26 18:29:23,114,B+0.5,10,True,False,False,,-1,49.5267,4000
2026-06-26 18:30:13,118,B+2.5,16,True,False,False,,-1,49.3623,4000
2026-06-26 18:30:52,88,B+3.5,9,True,False,False,,-1,49.1435,4000
2026-06-26 18:31:50,140,B+5.5,23,True,False,False,,-1,49.0321,4000
2026-06-26 18:32:29,73,B+3.5,9,True,False,False,,-1,48.9634,4000
2026-06-26 18:33:04,65,B+2.5,7,True,False,False,,-1,48.7786,4000
2026-06-26 18:34:06,162,W+0.5,40,True,False,False,,-1,48.8252,4000
2026-06-26 18:35:14,162,W+2.5,26,True,False,False,,-1,49.0492,4000
2026-06-26 18:35:59,89,B+1.5,4,True,False,False,,-1,49.097,4000
2026-06-26 18:36:50,106,B+1.5,10,True,False,False,,-1,49.2993,4000
2026-06-26 18:37:40,102,B+1.5,5,True,False,False,,-1,49.2443,4000
2026-06-26 18:38:29,101,W+0.5,13,True,False,False,,-1,49.1662,4000
2026-06-26 18:39:33,155,W+2.5,32,True,False,False,,-1,49.1382,4000
2026-06-26 18:40:23,115,W+0.5,22,True,False,False,,-1,49.172,4000
2026-06-26 18:41:14,106,B+8.5,17,True,False,False,,-1,49.1657,4000
2026-06-26 18:42:22,151,W+0.5,21,True,False,False,,-1,49.46,4000
2026-06-26 18:43:07,105,W+2.5,16,True,False,False,,-1,49.2285,4000
2026-06-26 18:43:44,63,B+0.5,6,True,False,False,,-1,49.222,4000
2026-06-26 18:44:32,100,B+2.5,12,True,False,False,,-1,49.1825,4000
2026-06-26 18:45:22,97,B+1.5,8,True,False,False,,-1,49.129,4000
2026-06-26 18:46:13,104,B+7.5,11,True,False,False,,-1,49.0828,4000
2026-06-26 18:47:09,129,W+3.5,19,True,False,False,,-1,49.0791,4000
2026-06-26 18:47:59,109,W+2.5,10,True,False,False,,-1,49.0619,4000
2026-06-26 18:48:50,105,B+0.5,5,True,False,False,,-1,49.167,4000
2026-06-26 18:49:49,131,W+5.5,18,True,False,False,,-1,49.2926,4000
2026-06-26 18:50:19,55,B+2.5,7,True,False,False,,-1,49.1028,4000
2026-06-26 18:51:11,104,B+7.5,4,True,False,False,,-1,49.4402,4000
2026-06-26 18:52:12,139,W+1.5,19,True,False,False,,-1,49.6055,4000
2026-06-26 18:53:10,131,B+2.5,21,True,False,False,,-1,49.5659,4000
2026-06-26 18:54:03,119,W+2.5,19,True,False,False,,-1,49.6125,4000
2026-06-26 18:54:50,102,B+0.5,14,True,False,False,,-1,49.5326,4000
2026-06-26 18:55:23,61,B+1.5,5,True,False,False,,-1,49.4096,4000
2026-06-26 18:56:26,162,W+15.5,26,True,False,False,,-1,49.6008,4000
2026-06-26 18:57:17,123,W+1.5,19,True,False,False,,-1,49.5213,4000
2026-06-26 18:58:08,117,W+2.5,13,True,False,False,,-1,49.6473,4000
2026-06-26 18:58:53,81,B+2.5,2,True,False,False,,-1,49.5824,4000
2026-06-26 18:59:54,157,W+1.5,39,True,False,False,,-1,49.7247,4000
2026-06-26 19:00:15,34,W+7.5,2,True,False,False,,-1,49.3689,4000
2026-06-26 19:01:11,122,B+3.5,19,True,False,False,,-1,49.4594,4000
2026-06-26 19:01:51,71,B+3.5,4,True,False,False,,-1,49.352,4000
2026-06-26 19:02:35,99,W+2.5,11,True,False,False,,-1,49.1582,4000
2026-06-26 19:03:18,96,B+1.5,8,True,False,False,,-1,49.1017,4000
2026-06-26 19:04:10,115,W+4.5,10,True,False,False,,-1,49.1607,4000
2026-06-26 19:05:03,109,W+3.5,12,True,False,False,,-1,49.0028,4000
2026-06-26 19:05:59,126,B+6.5,21,True,False,False,,-1,48.925,4000
2026-06-26 19:06:45,88,B+5.5,6,True,False,False,,-1,48.944,4000
2026-06-26 19:07:37,107,W+0.5,17,True,False,False,,-1,48.9899,4000
2026-06-26 19:08:28,108,B+1.5,8,True,False,False,,-1,49.3626,4000
2026-06-26 19:09:15,102,B+3.5,10,True,False,False,,-1,49.1786,4000
2026-06-26 19:09:54,71,B+2.5,7,True,False,False,,-1,49.0723,4000
2026-06-26 19:10:34,71,B+6.5,5,True,False,False,,-1,48.965,4000
2026-06-26 19:11:19,93,B+0.5,9,True,False,False,,-1,49.2503,4000
2026-06-26 19:12:14,122,B+1.5,18,True,False,False,,-1,49.2943,4000
2026-06-26 19:13:20,162,B+4.5,19,True,False,False,,-1,49.5672,4000
2026-06-26 19:14:12,119,W+0.5,13,True,False,False,,-1,49.6296,4000
2026-06-26 19:14:48,67,B+2.5,7,True,False,False,,-1,49.5274,4000
2026-06-26 19:15:38,109,W+0.5,15,True,False,False,,-1,49.4981,4000
2026-06-26 19:16:22,81,B+4.5,8,True,False,False,,-1,49.4494,4000
2026-06-26 19:17:09,99,B+0.5,10,True,False,False,,-1,49.4554,4000
2026-06-26 19:18:05,118,B+8.5,17,True,False,False,,-1,49.6436,4000
2026-06-26 19:19:11,142,B+4.5,21,True,False,False,,-1,49.7748,4000
2026-06-26 19:20:11,130,B+3.5,19,True,False,False,,-1,49.8676,4000
2026-06-26 19:20:30,30,W+8.5,2,True,False,False,,-1,49.5534,4000
2026-06-26 19:21:25,126,B+4.5,21,True,False,False,,-1,49.6255,4000
2026-06-26 19:22:15,99,B+2.5,7,True,False,False,,-1,49.5947,4000
2026-06-26 19:23:04,105,W+6.5,11,True,False,False,,-1,49.6092,4000
2026-06-26 19:23:24,32,W+6.5,2,True,False,False,,-1,49.2601,4000
2026-06-26 19:23:53,51,B+2.5,2,True,False,False,,-1,49.0549,4000
2026-06-26 19:24:55,128,B+4.5,13,True,False,False,,-1,49.179,4000
2026-06-26 19:25:55,141,W+1.5,23,True,False,False,,-1,49.2644,4000
2026-06-26 19:27:00,158,B+1.5,23,True,False,False,,-1,49.4717,4000
2026-06-26 19:28:03,146,B+3.5,29,True,False,False,,-1,49.6694,4000
2026-06-26 19:28:55,107,B+2.5,8,True,False,False,,-1,49.6879,4000
2026-06-26 19:29:56,157,W+1.5,26,True,False,False,,-1,49.7767,4000
2026-06-26 19:30:32,61,B+0.5,4,True,False,False,,-1,49.5413,4000
2026-06-26 19:30:46,22,W+7.5,2,True,False,False,,-1,49.1566,4000
2026-06-26 19:31:39,111,B+2.5,14,True,False,False,,-1,49.2061,4000
2026-06-26 19:31:53,22,W+6.5,2,True,False,False,,-1,48.7502,4000
2026-06-26 19:32:47,127,W+7.5,23,True,False,False,,-1,48.8265,4000
2026-06-26 19:33:39,117,W+1.5,16,True,False,False,,-1,48.8077,4000
2026-06-26 19:34:33,123,W+1.5,25,True,False,False,,-1,48.8067,4000
2026-06-26 19:35:22,104,B+7.5,15,True,False,False,,-1,48.8741,4000
2026-06-26 19:35:58,63,B+2.5,2,True,False,False,,-1,48.9256,4000
2026-06-26 19:36:58,142,B+1.5,20,True,False,False,,-1,49.031,4000
2026-06-26 19:37:28,59,B+0.5,4,True,False,False,,-1,48.7859,4000
2026-06-26 19:38:19,111,W+10.5,12,True,False,False,,-1,48.764,4000
2026-06-26 19:39:11,123,W+2.5,23,True,False,False,,-1,48.7566,4000
2026-06-26 19:40:14,148,B+6.5,28,True,False,False,,-1,48.9091,4000
2026-06-26 19:40:59,97,W+0.5,13,True,False,False,,-1,48.7093,4000
2026-06-26 19:41:27,49,B+3.5,2,True,False,False,,-1,48.835,4000
2026-06-26 19:42:23,127,B+6.5,21,True,False,False,,-1,48.9146,4000
2026-06-26 19:43:00,65,B+0.5,5,True,False,False,,-1,48.7894,4000
2026-06-26 19:43:49,103,B+3.5,13,True,False,False,,-1,48.7754,4000
2026-06-26 19:44:20,57,B+0.5,5,True,False,False,,-1,48.6159,4000
2026-06-26 19:45:07,108,B+4.5,14,True,False,False,,-1,48.4976,4000
2026-06-26 19:46:06,145,W+2.5,34,True,False,False,,-1,48.6121,4000
2026-06-26 19:46:59,114,B+0.5,14,True,False,False,,-1,48.6282,4000
2026-06-26 19:47:51,113,B+0.5,13,True,False,False,,-1,48.6565,4000
2026-06-26 19:48:41,108,B+3.5,9,True,False,False,,-1,48.6037,4000
2026-06-26 19:49:41,125,W+0.5,8,True,False,False,,-1,48.7197,4000
2026-06-26 19:50:28,92,B+1.5,6,True,False,False,,-1,48.643,4000
2026-06-26 19:51:22,125,W+2.5,25,True,False,False,,-1,48.6909,4000
2026-06-26 19:52:09,97,W+0.5,16,True,False,False,,-1,48.7667,4000
2026-06-26 19:52:54,99,W+0.5,16,True,False,False,,-1,48.6339,4000
2026-06-26 19:53:37,87,W+2.5,5,True,False,False,,-1,48.6839,4000
2026-06-26 19:54:28,109,W+2.5,16,True,False,False,,-1,48.8335,4000
