datetime,game_length,game_result,num_passes,is_resign_disabled,is_marked_for_resign,is_could_won,marked_resign_player,resign_threshold,time_per_game,training_steps
2026-06-25 19:56:33,92,W+23.5,4,True,False,False,,-1,64.8429,0
2026-06-25 19:57:35,121,W+44.5,10,True,False,False,,-1,63.502,0
2026-06-25 19:58:21,79,B+0.5,2,True,False,False,,-1,57.5832,0
2026-06-25 19:59:14,102,W+4.5,6,True,False,False,,-1,56.6283,0
2026-06-25 20:00:32,162,B+41.5,11,True,False,False,,-1,60.7491,0
2026-06-25 20:01:36,122,B+14.5,9,True,False,False,,-1,61.2837,0
2026-06-25 20:02:27,95,B+21.5,7,True,False,False,,-1,59.8634,0
2026-06-25 20:02:54,48,W+6.5,2,True,False,False,,-1,55.7478,0
2026-06-25 20:03:42,87,B+5.5,4,True,False,False,,-1,54.8361,0
2026-06-25 20:05:05,154,W+56.5,8,True,False,False,,-1,57.7387,0
2026-06-25 20:05:55,84,W+1.5,4,True,False,False,,-1,56.9659,0
2026-06-25 20:06:25,58,W+10.5,3,True,False,False,,-1,54.784,0
2026-06-25 20:07:23,98,W+0.5,5,True,False,False,,-1,54.9633,0
2026-06-25 20:07:33,20,W+7.5,2,True,False,False,,-1,51.7974,0
2026-06-25 20:08:16,78,W+6.5,2,True,False,False,,-1,51.1738,0
2026-06-25 20:09:35,162,B+37.5,7,True,False,False,,-1,52.9485,0
2026-06-25 20:10:07,58,W+3.5,3,True,False,False,,-1,51.6847,0
2026-06-25 20:11:25,162,B+46.5,13,True,False,False,,-1,53.1634,0
2026-06-25 20:12:17,98,W+30.5,5,True,False,False,,-1,53.1279,0
2026-06-25 20:13:20,116,W+17.5,5,True,False,False,,-1,53.597,0
2026-06-25 20:14:20,118,W+5.5,5,True,False,False,,-1,53.8965,0
2026-06-25 20:15:18,119,W+17.5,9,True,False,False,,-1,54.1021,0
2026-06-25 20:16:03,80,W+3.5,3,True,False,False,,-1,53.7037,0
2026-06-25 20:16:50,84,W+11.5,3,True,False,False,,-1,53.4062,0
2026-06-25 20:17:29,72,W+8.5,3,True,False,False,,-1,52.842,0
2026-06-25 20:18:44,155,B+32.5,7,True,False,False,,-1,53.685,0
2026-06-25 20:19:36,104,B+5.5,6,True,False,False,,-1,53.6385,0
2026-06-25 20:20:24,90,W+11.5,5,True,False,False,,-1,53.4314,0
2026-06-25 20:21:17,107,W+0.5,4,True,False,False,,-1,53.4054,0
2026-06-25 20:22:04,82,W+8.5,3,True,False,False,,-1,53.1892,0
2026-06-25 20:22:55,96,W+5.5,2,True,False,False,,-1,53.1427,0
2026-06-25 20:23:48,106,W+14.5,3,True,False,False,,-1,53.1177,0
2026-06-25 20:24:38,91,B+1.5,3,True,False,False,,-1,53.0273,0
2026-06-25 20:25:06,52,W+7.5,2,True,False,False,,-1,52.2884,0
2026-06-25 20:26:23,161,W+44.5,10,True,False,False,,-1,53.0112,0
2026-06-25 20:26:40,32,W+8.5,2,True,False,False,,-1,52.0113,0
2026-06-25 20:27:46,133,W+53.5,7,True,False,False,,-1,52.3872,0
2026-06-25 20:28:45,99,B+27.5,3,True,False,False,,-1,52.5457,0
2026-06-25 20:30:08,156,B+42.5,10,True,False,False,,-1,53.3279,0
2026-06-25 20:30:48,74,W+12.5,2,True,False,False,,-1,52.9869,0
2026-06-25 20:31:07,36,W+7.5,4,True,False,False,,-1,52.1739,0
2026-06-25 20:32:04,119,W+5.5,4,True,False,False,,-1,52.2943,0
2026-06-25 20:32:56,101,B+5.5,9,True,False,False,,-1,52.2708,0
2026-06-25 20:34:07,127,B+20.5,2,True,False,False,,-1,52.7043,0
2026-06-25 20:34:53,80,W+8.5,3,True,False,False,,-1,52.5527,0
2026-06-25 20:35:57,110,W+25.5,4,True,False,False,,-1,52.7953,0
2026-06-25 20:36:43,83,B+1.5,5,True,False,False,,-1,52.6534,0
2026-06-25 20:37:30,87,B+2.5,3,True,False,False,,-1,52.5395,0
2026-06-25 20:38:18,87,B+5.5,2,True,False,False,,-1,52.4441,0
2026-06-25 20:39:28,133,B+50.5,3,True,False,False,,-1,52.8039,0
2026-06-25 20:40:32,112,B+4.5,4,True,False,False,,-1,53.0221,0
2026-06-25 20:41:11,68,W+10.5,3,True,False,False,,-1,52.7455,0
2026-06-25 20:42:02,96,W+19.5,2,True,False,False,,-1,52.7091,0
2026-06-25 20:43:04,122,B+18.5,7,True,False,False,,-1,52.8846,0
2026-06-25 20:43:56,91,B+0.5,3,True,False,False,,-1,52.8742,0
2026-06-25 20:45:04,146,B+22.5,13,True,False,False,,-1,53.1396,0
2026-06-25 20:45:53,87,B+3.5,4,True,False,False,,-1,53.0724,0
2026-06-25 20:46:45,103,W+12.5,5,True,False,False,,-1,53.0497,0
2026-06-25 20:47:45,111,B+13.5,7,True,False,False,,-1,53.1692,0
2026-06-25 20:49:07,154,W+15.5,16,True,False,False,,-1,53.6482,0
2026-06-25 20:50:00,91,B+7.5,3,True,False,False,,-1,53.6433,0
2026-06-25 20:51:00,104,W+4.5,4,True,False,False,,-1,53.7467,0
2026-06-25 20:51:48,84,W+12.5,5,True,False,False,,-1,53.6457,0
2026-06-25 20:52:30,82,W+18.5,4,True,False,False,,-1,53.4717,0
2026-06-25 20:53:24,100,W+19.5,5,True,False,False,,-1,53.471,0
2026-06-25 20:54:39,142,W+56.5,8,True,False,False,,-1,53.794,0
2026-06-25 20:55:47,140,W+64.5,8,True,False,False,,-1,54.014,0
2026-06-25 20:56:29,74,W+6.5,2,True,False,False,,-1,53.8384,0
2026-06-25 20:57:52,162,B+25.5,10,True,False,False,,-1,54.2557,0
2026-06-25 20:58:36,80,W+4.5,6,True,False,False,,-1,54.1086,0
2026-06-25 20:59:36,115,B+27.5,9,True,False,False,,-1,54.1922,0
2026-06-25 21:00:43,137,W+31.5,9,True,False,False,,-1,54.3663,0
2026-06-25 21:01:41,94,W+29.5,3,True,False,False,,-1,54.4176,0
2026-06-25 21:02:26,78,W+11.5,5,True,False,False,,-1,54.3001,0
2026-06-25 21:03:24,113,W+24.5,5,True,False,False,,-1,54.3432,0
2026-06-25 21:04:16,94,W+6.5,5,True,False,False,,-1,54.3109,0
2026-06-25 21:05:20,112,W+0.5,8,True,False,False,,-1,54.4421,0
2026-06-25 21:06:20,101,B+21.5,2,True,False,False,,-1,54.5054,0
2026-06-25 21:07:09,99,B+14.5,4,True,False,False,,-1,54.4433,0
2026-06-25 21:07:44,62,W+4.5,4,True,False,False,,-1,54.1995,0
2026-06-25 21:08:36,106,B+5.5,7,True,False,False,,-1,54.167,0
2026-06-25 21:09:02,48,W+8.5,4,True,False,False,,-1,53.8317,0
2026-06-25 21:09:35,60,W+4.5,3,True,False,False,,-1,53.5715,0
2026-06-25 21:10:11,64,W+8.5,2,True,False,False,,-1,53.364,0
2026-06-25 21:11:25,138,W+39.5,5,True,False,False,,-1,53.6092,0
2026-06-25 21:11:49,44,W+8.5,2,True,False,False,,-1,53.2619,0
2026-06-25 21:13:13,162,W+35.5,3,True,False,False,,-1,53.6118,0
2026-06-25 21:14:07,99,B+9.5,4,True,False,False,,-1,53.6201,0
2026-06-25 21:14:53,91,B+9.5,3,True,False,False,,-1,53.5381,0
2026-06-25 21:15:43,92,W+4.5,4,True,False,False,,-1,53.5017,0
2026-06-25 21:16:28,75,B+0.5,3,True,False,False,,-1,53.3987,0
2026-06-25 21:17:17,92,W+0.5,2,True,False,False,,-1,53.3542,0
2026-06-25 21:18:01,87,B+2.5,3,True,False,False,,-1,53.2562,0
2026-06-25 21:18:49,86,W+3.5,2,True,False,False,,-1,53.2038,0
2026-06-25 21:19:25,64,W+10.5,2,True,False,False,,-1,53.0215,0
2026-06-25 21:20:46,162,B+44.5,2,True,False,False,,-1,53.3119,0
2026-06-25 21:21:41,91,B+4.5,5,True,False,False,,-1,53.3253,0
2026-06-25 21:22:14,60,W+13.5,2,True,False,False,,-1,53.116,0
2026-06-25 21:22:55,74,W+9.5,3,True,False,False,,-1,52.9942,0
2026-06-25 21:23:43,85,W+13.5,4,True,False,False,,-1,52.9494,0
2026-06-25 21:24:27,82,W+17.5,2,True,False,False,,-1,52.7381,0
2026-06-25 21:24:58,58,W+11.5,2,True,False,False,,-1,52.4306,0
2026-06-25 21:25:21,42,W+6.5,3,True,False,False,,-1,52.2029,0
2026-06-25 21:26:22,107,B+11.5,5,True,False,False,,-1,52.2682,0
2026-06-25 21:27:38,137,W+31.5,6,True,False,False,,-1,52.2583,0
2026-06-25 21:28:19,78,W+17.5,2,True,False,False,,-1,52.028,0
2026-06-25 21:29:18,119,W+6.5,6,True,False,False,,-1,52.1022,0
2026-06-25 21:30:04,88,W+16.5,3,True,False,False,,-1,52.3003,0
2026-06-25 21:31:00,114,B+11.5,5,True,False,False,,-1,52.3819,0
2026-06-25 21:31:48,87,B+15.5,3,True,False,False,,-1,52.0209,0
2026-06-25 21:32:44,113,W+17.5,6,True,False,False,,-1,52.0926,0
2026-06-25 21:34:02,162,W+63.5,6,True,False,False,,-1,52.567,0
2026-06-25 21:35:16,148,W+40.5,7,True,False,False,,-1,52.7292,0
2026-06-25 21:36:45,162,W+16.5,25,True,False,False,,-1,53.5174,0
2026-06-25 21:37:51,132,W+32.5,9,True,False,False,,-1,53.7505,0
2026-06-25 21:38:29,68,W+4.5,2,True,False,False,,-1,53.3353,0
2026-06-25 21:39:38,142,B+19.5,8,True,False,False,,-1,53.7054,0
2026-06-25 21:40:17,72,W+6.5,2,True,False,False,,-1,53.3137,0
2026-06-25 21:41:16,107,W+10.5,2,True,False,False,,-1,53.3791,0
2026-06-25 21:42:22,126,B+2.5,6,True,False,False,,-1,53.418,0
2026-06-25 21:43:20,119,W+26.5,11,True,False,False,,-1,53.3968,0
2026-06-25 21:44:18,113,B+24.5,2,True,False,False,,-1,53.3958,0
2026-06-25 21:45:28,143,W+42.5,12,True,False,False,,-1,53.6451,0
2026-06-25 21:46:27,113,W+1.5,5,True,False,False,,-1,53.7716,0
2026-06-25 21:47:24,111,B+12.5,4,True,False,False,,-1,53.9462,0
2026-06-25 21:48:18,105,B+6.5,4,True,False,False,,-1,53.7392,0
2026-06-25 21:49:07,100,B+6.5,7,True,False,False,,-1,53.7025,0
2026-06-25 21:49:46,70,W+13.5,4,True,False,False,,-1,53.6105,0
2026-06-25 21:51:00,137,W+12.5,7,True,False,False,,-1,53.829,0
2026-06-25 21:51:55,102,B+5.5,4,True,False,False,,-1,53.9047,0
2026-06-25 21:52:46,93,B+3.5,3,True,False,False,,-1,53.9061,0
2026-06-25 21:53:46,112,W+65.5,4,True,False,False,,-1,53.9805,0
2026-06-25 21:54:39,104,W+33.5,6,True,False,False,,-1,54.0056,0
2026-06-25 21:55:36,102,B+2.5,7,True,False,False,,-1,54.2946,0
2026-06-25 21:56:01,46,W+7.5,2,True,False,False,,-1,53.7684,0
2026-06-25 21:56:48,78,W+7.5,4,True,False,False,,-1,54.0674,0
2026-06-25 21:57:35,93,B+6.5,2,True,False,False,,-1,53.8771,0
2026-06-25 21:58:27,97,B+1.5,4,True,False,False,,-1,53.8147,0
2026-06-25 21:59:20,97,B+1.5,6,True,False,False,,-1,53.515,0
2026-06-25 21:59:50,54,W+8.5,2,True,False,False,,-1,53.4173,0
2026-06-25 22:00:50,118,B+12.5,8,True,False,False,,-1,53.8228,0
2026-06-25 22:02:06,162,B+26.5,5,True,False,False,,-1,54.0095,0
2026-06-25 22:02:50,79,B+4.5,3,True,False,False,,-1,53.9373,0
2026-06-25 22:03:49,118,B+24.5,9,True,False,False,,-1,53.814,0
2026-06-25 22:05:00,139,W+43.5,10,True,False,False,,-1,54.0708,0
2026-06-25 22:05:33,58,W+6.5,3,True,False,False,,-1,53.7559,0
2026-06-25 22:06:25,86,W+14.5,4,True,False,False,,-1,53.8199,0
2026-06-25 22:07:16,100,W+8.5,4,True,False,False,,-1,53.8582,0
2026-06-25 22:08:15,126,B+18.5,8,True,False,False,,-1,53.9655,0
2026-06-25 22:08:33,34,W+5.5,2,True,False,False,,-1,53.4423,0
2026-06-25 22:09:23,82,W+10.5,4,True,False,False,,-1,53.3044,0
2026-06-25 22:10:37,147,B+6.5,7,True,False,False,,-1,53.656,0
2026-06-25 22:11:30,97,W+13.5,4,True,False,False,,-1,53.6773,0
2026-06-25 22:12:09,72,W+3.5,3,True,False,False,,-1,53.4433,0
2026-06-25 22:13:04,109,W+3.5,5,True,False,False,,-1,53.4742,0
2026-06-25 22:13:58,95,B+12.5,3,True,False,False,,-1,53.3393,0
2026-06-25 22:14:48,85,B+4.5,2,True,False,False,,-1,53.3459,0
2026-06-25 22:15:38,97,B+2.5,2,True,False,False,,-1,53.3238,0
2026-06-25 22:16:43,123,W+16.5,5,True,False,False,,-1,53.3704,0
2026-06-25 22:17:46,125,B+37.5,6,True,False,False,,-1,53.1834,0
2026-06-25 22:18:29,78,W+8.5,3,True,False,False,,-1,53.0806,0
2026-06-25 22:19:30,100,W+18.5,4,True,False,False,,-1,53.0891,0
2026-06-25 22:20:16,91,W+1.5,8,True,False,False,,-1,53.0807,0
2026-06-25 22:20:35,34,W+7.5,2,True,False,False,,-1,52.8416,0
2026-06-25 22:21:18,76,W+0.5,3,True,False,False,,-1,52.7368,0
2026-06-25 22:22:37,162,B+19.5,8,True,False,False,,-1,52.782,0
2026-06-25 22:23:30,107,B+24.5,7,True,False,False,,-1,52.6285,0
2026-06-25 22:24:21,91,B+9.5,2,True,False,False,,-1,52.716,0
2026-06-25 22:25:09,91,B+1.5,8,True,False,False,,-1,52.3666,0
2026-06-25 22:26:18,123,B+22.5,3,True,False,False,,-1,52.6169,0
2026-06-25 22:26:56,71,B+1.5,3,True,False,False,,-1,52.4022,0
2026-06-25 22:28:02,116,W+37.5,4,True,False,False,,-1,52.3866,0
2026-06-25 22:28:56,110,W+2.5,11,True,False,False,,-1,52.3503,0
2026-06-25 22:30:18,162,B+38.5,9,True,False,False,,-1,52.7143,0
2026-06-25 22:31:11,102,W+2.5,5,True,False,False,,-1,52.6699,0
2026-06-25 22:32:11,110,W+33.5,10,True,False,False,,-1,52.7472,0
2026-06-25 22:33:31,162,B+44.5,9,True,False,False,,-1,52.9021,0
2026-06-25 22:34:25,101,W+3.5,6,True,False,False,,-1,52.8481,0
2026-06-25 22:34:54,52,W+4.5,3,True,False,False,,-1,52.639,0
2026-06-25 22:36:02,114,W+40.5,6,True,False,False,,-1,52.975,0
2026-06-25 22:36:48,88,W+8.5,3,True,False,False,,-1,52.9149,0
2026-06-25 22:37:31,80,W+5.5,2,True,False,False,,-1,53.0823,0
2026-06-25 22:38:30,115,W+42.5,7,True,False,False,,-1,53.3466,0
2026-06-25 22:38:46,30,W+7.5,2,True,False,False,,-1,53.1495,0
2026-06-25 22:40:05,149,W+39.5,6,True,False,False,,-1,53.2002,0
2026-06-25 22:41:06,119,W+10.5,9,True,False,False,,-1,53.5674,0
2026-06-25 22:41:51,80,W+7.5,3,True,False,False,,-1,53.1835,0
2026-06-25 22:42:48,108,B+7.5,3,True,False,False,,-1,53.2089,0
2026-06-25 22:43:37,87,B+2.5,3,True,False,False,,-1,53.2317,0
2026-06-25 22:44:16,70,W+8.5,2,True,False,False,,-1,53.1184,0
2026-06-25 22:45:13,107,B+10.5,7,True,False,False,,-1,53.2467,0
2026-06-25 22:45:55,80,W+5.5,3,True,False,False,,-1,53.1788,0
2026-06-25 22:47:24,153,B+56.5,6,True,False,False,,-1,53.6258,0
2026-06-25 22:48:17,114,B+2.5,10,True,False,False,,-1,53.6751,0
2026-06-25 22:49:04,77,B+4.5,3,True,False,False,,-1,53.7813,0
2026-06-25 22:50:24,158,B+50.5,9,True,False,False,,-1,53.7731,0
2026-06-25 22:51:16,91,B+3.5,5,True,False,False,,-1,53.7498,0
2026-06-25 22:52:07,84,W+14.5,3,True,False,False,,-1,53.9322,0
2026-06-25 22:53:10,120,W+0.5,5,True,False,False,,-1,54.1473,0
2026-06-25 22:54:17,125,B+37.5,9,True,False,False,,-1,54.329,0
2026-06-25 22:55:17,119,B+3.5,6,True,False,False,,-1,54.4952,0
2026-06-25 22:56:21,118,W+49.5,9,True,False,False,,-1,54.8173,0
2026-06-25 22:56:59,74,W+3.5,2,True,False,False,,-1,54.9766,0
2026-06-25 22:57:58,121,B+32.5,10,True,False,False,,-1,54.9602,0
2026-06-25 22:59:00,109,W+0.5,6,True,False,False,,-1,54.8136,0
2026-06-25 22:59:44,85,B+6.5,4,True,False,False,,-1,54.8481,0
2026-06-25 23:00:25,74,W+0.5,2,True,False,False,,-1,54.665,0
2026-06-25 23:01:10,81,B+4.5,5,True,False,False,,-1,54.6503,0
2026-06-25 23:02:27,162,B+45.5,11,True,False,False,,-1,54.8691,0
2026-06-25 23:03:34,136,B+5.5,11,True,False,False,,-1,55.0596,0
2026-06-25 23:04:29,103,B+8.5,9,True,False,False,,-1,55.0471,0
2026-06-25 23:05:50,162,W+65.5,8,True,False,False,,-1,55.0723,0
2026-06-25 23:06:49,114,W+6.5,8,True,False,False,,-1,54.9243,0
2026-06-25 23:08:11,160,B+48.5,7,True,False,False,,-1,54.8543,0
2026-06-25 23:08:55,78,W+9.5,4,True,False,False,,-1,54.6324,0
2026-06-25 23:09:31,64,W+12.5,2,True,False,False,,-1,54.6197,0
2026-06-25 23:10:35,128,B+3.5,10,True,False,False,,-1,54.5706,0
2026-06-25 23:11:07,58,W+5.5,3,True,False,False,,-1,54.5009,0
2026-06-25 23:12:02,102,W+35.5,5,True,False,False,,-1,54.4612,0
2026-06-25 23:13:10,137,B+25.5,5,True,False,False,,-1,54.4784,0
2026-06-25 23:14:02,92,B+1.5,2,True,False,False,,-1,54.4158,0
2026-06-25 23:14:46,78,W+15.5,3,True,False,False,,-1,54.2729,0
2026-06-25 23:15:56,136,W+40.5,3,True,False,False,,-1,54.2788,0
2026-06-25 23:16:51,111,W+8.5,5,True,False,False,,-1,54.2308,0
2026-06-25 23:17:59,118,B+10.5,6,True,False,False,,-1,54.3432,0
2026-06-25 23:18:18,36,W+7.5,2,True,False,False,,-1,53.996,0
2026-06-25 23:19:06,86,W+22.5,2,True,False,False,,-1,53.9896,0
2026-06-25 23:19:58,108,W+1.5,9,True,False,False,,-1,54.1254,0
2026-06-25 23:20:41,77,B+12.5,3,True,False,False,,-1,53.8092,0
2026-06-25 23:22:10,162,W+65.5,12,True,False,False,,-1,54.1516,0
2026-06-25 23:22:58,86,W+20.5,3,True,False,False,,-1,54.1088,0
2026-06-25 23:23:21,42,W+7.5,2,True,False,False,,-1,53.7431,0
2026-06-25 23:24:24,119,B+1.5,9,True,False,False,,-1,53.8515,0
2026-06-25 23:25:40,152,B+34.5,9,True,False,False,,-1,54.0357,0
2026-06-25 23:26:56,162,W+49.5,6,True,False,False,,-1,54.5447,0
2026-06-25 23:27:51,96,W+2.5,4,True,False,False,,-1,54.6326,0
2026-06-25 23:28:42,95,B+14.5,6,True,False,False,,-1,54.6665,0
2026-06-25 23:29:37,98,W+13.5,4,True,False,False,,-1,54.6954,0
2026-06-25 23:30:47,150,B+25.5,15,True,False,False,,-1,54.87,0
2026-06-25 23:31:12,46,W+6.5,2,True,False,False,,-1,54.815,0
2026-06-25 23:31:54,76,W+2.5,3,True,False,False,,-1,54.6415,0
2026-06-25 23:32:43,98,B+3.5,4,True,False,False,,-1,54.3676,0
2026-06-25 23:33:25,76,W+3.5,3,True,False,False,,-1,54.3483,0
2026-06-25 23:34:20,108,W+11.5,6,True,False,False,,-1,54.3119,0
2026-06-25 23:35:01,74,W+9.5,3,True,False,False,,-1,54.001,0
2026-06-25 23:35:59,100,W+2.5,6,True,False,False,,-1,54.257,0
2026-06-25 23:36:51,100,W+8.5,5,True,False,False,,-1,54.2499,0
2026-06-25 23:37:32,78,W+13.5,2,True,False,False,,-1,54.1497,0
2026-06-25 23:38:18,89,B+4.5,4,True,False,False,,-1,54.0237,0
2026-06-25 23:39:04,84,W+4.5,5,True,False,False,,-1,54.3096,0
2026-06-25 23:39:54,90,W+5.5,4,True,False,False,,-1,54.3071,0
2026-06-25 23:40:30,66,W+3.5,2,True,False,False,,-1,53.927,0
2026-06-25 23:41:14,84,W+4.5,3,True,False,False,,-1,53.8339,0
2026-06-25 23:41:53,72,W+4.5,3,True,False,False,,-1,53.8379,0
2026-06-25 23:42:37,89,B+0.5,8,True,False,False,,-1,53.727,0
2026-06-25 23:43:27,107,B+4.5,5,True,False,False,,-1,53.679,0
2026-06-25 23:44:35,123,B+9.5,3,True,False,False,,-1,53.8666,0
2026-06-25 23:45:41,127,W+4.5,7,True,False,False,,-1,54.0321,0
2026-06-25 23:46:28,81,B+1.5,2,True,False,False,,-1,53.8535,0
2026-06-25 23:47:25,109,B+9.5,3,True,False,False,,-1,53.7853,0
2026-06-25 23:48:26,133,W+18.5,12,True,False,False,,-1,53.9718,0
2026-06-25 23:49:24,105,W+34.5,4,True,False,False,,-1,53.943,0
2026-06-25 23:50:18,97,B+7.5,7,True,False,False,,-1,54.0117,0
2026-06-25 23:51:10,102,B+0.5,4,True,False,False,,-1,54.3423,0
2026-06-25 23:52:05,106,B+0.5,9,True,False,False,,-1,54.4662,0
2026-06-25 23:52:54,82,W+19.5,2,True,False,False,,-1,54.1675,0
2026-06-25 23:53:34,70,W+4.5,4,True,False,False,,-1,54.0283,0
2026-06-25 23:54:24,91,B+0.5,4,True,False,False,,-1,54.0244,0
2026-06-25 23:55:08,78,W+14.5,2,True,False,False,,-1,53.9852,0
2026-06-25 23:55:45,68,W+10.5,3,True,False,False,,-1,53.6663,0
2026-06-25 23:56:38,93,B+21.5,3,True,False,False,,-1,53.8086,0
2026-06-25 23:57:24,80,W+3.5,3,True,False,False,,-1,53.6189,0
2026-06-25 23:58:00,62,W+8.5,2,True,False,False,,-1,53.4341,0
2026-06-25 23:58:59,119,W+1.5,10,True,False,False,,-1,53.2073,0
2026-06-25 23:59:39,76,W+5.5,3,True,False,False,,-1,53.0757,0
2026-06-26 00:00:10,56,W+4.5,3,True,False,False,,-1,52.7881,0
2026-06-26 00:01:13,118,W+5.5,12,True,False,False,,-1,52.6165,0
2026-06-26 00:02:10,103,B+9.5,5,True,False,False,,-1,52.6451,0
2026-06-26 00:03:17,125,W+38.5,6,True,False,False,,-1,53.0301,0
2026-06-26 00:03:38,38,W+6.5,3,True,False,False,,-1,52.5521,0
2026-06-26 00:05:10,162,W+56.5,8,True,False,False,,-1,53.0225,0
2026-06-26 00:06:04,106,B+2.5,8,True,False,False,,-1,53.1251,0
2026-06-26 00:06:46,83,B+5.5,3,True,False,False,,-1,52.9543,0
2026-06-26 00:07:18,54,W+5.5,3,True,False,False,,-1,53.1139,0
2026-06-26 00:08:10,109,W+7.5,6,True,False,False,,-1,52.8465,0
2026-06-26 00:09:01,92,W+17.5,4,True,False,False,,-1,52.7513,0
2026-06-26 00:09:48,79,B+1.5,3,True,False,False,,-1,52.7598,0
2026-06-26 00:10:31,73,B+4.5,3,True,False,False,,-1,52.6205,0
2026-06-26 00:11:16,84,W+27.5,2,True,False,False,,-1,52.5883,0
2026-06-26 00:12:17,117,B+27.5,5,True,False,False,,-1,52.8071,0
2026-06-26 00:12:57,74,W+5.5,3,True,False,False,,-1,52.6368,0
2026-06-26 00:14:10,130,W+44.5,6,True,False,False,,-1,52.947,0
2026-06-26 00:14:27,32,W+8.5,2,True,False,False,,-1,52.2279,0
2026-06-26 00:15:28,117,W+4.5,11,True,False,False,,-1,52.3006,0
2026-06-26 00:16:17,88,W+11.5,4,True,False,False,,-1,52.3323,0
2026-06-26 00:17:08,98,B+0.5,3,True,False,False,,-1,52.0328,0
2026-06-26 00:18:16,134,B+12.5,7,True,False,False,,-1,52.1904,0
2026-06-26 00:19:15,104,W+1.5,7,True,False,False,,-1,52.2744,0
2026-06-26 00:19:36,40,W+3.5,3,True,False,False,,-1,51.8602,0
2026-06-26 00:20:33,107,B+4.5,6,True,False,False,,-1,51.7606,0
2026-06-26 00:21:31,111,B+25.5,6,True,False,False,,-1,51.7412,0
2026-06-26 00:22:29,100,W+9.5,4,True,False,False,,-1,51.6807,0
2026-06-26 00:23:05,64,W+4.5,2,True,False,False,,-1,51.6541,0
2026-06-26 00:24:17,127,B+38.5,5,True,False,False,,-1,51.7903,0
2026-06-26 00:24:58,72,W+12.5,3,True,False,False,,-1,51.58,0
2026-06-26 00:26:26,162,W+75.5,8,True,False,False,,-1,52.0208,0
2026-06-26 00:27:10,78,W+13.5,3,True,False,False,,-1,52.05,0
2026-06-26 00:28:17,139,B+38.5,14,True,False,False,,-1,52.2671,0
2026-06-26 00:29:08,99,B+14.5,7,True,False,False,,-1,52.0061,0
2026-06-26 00:29:32,42,W+10.5,3,True,False,False,,-1,51.5716,0
2026-06-26 00:30:47,145,B+40.5,6,True,False,False,,-1,51.7775,0
2026-06-26 00:31:32,83,B+5.5,2,True,False,False,,-1,51.412,0
2026-06-26 00:32:27,99,B+6.5,6,True,False,False,,-1,51.3768,0
2026-06-26 00:33:49,162,W+80.5,7,True,False,False,,-1,51.3716,0
2026-06-26 00:34:13,44,W+7.5,2,True,False,False,,-1,51.1788,0
2026-06-26 00:35:00,77,B+5.5,4,True,False,False,,-1,51.2774,0
2026-06-26 00:35:39,76,W+11.5,4,True,False,False,,-1,51.0389,0
2026-06-26 00:36:48,143,B+35.5,11,True,False,False,,-1,51.4085,0
2026-06-26 00:37:56,126,B+4.5,8,True,False,False,,-1,51.5346,0
2026-06-26 00:38:46,94,W+8.5,4,True,False,False,,-1,51.3549,0
2026-06-26 00:39:38,106,W+37.5,8,True,False,False,,-1,51.3586,0
2026-06-26 00:40:29,90,W+2.5,6,True,False,False,,-1,51.4275,0
2026-06-26 00:41:22,99,W+7.5,9,True,False,False,,-1,51.2493,0
2026-06-26 00:42:04,78,W+22.5,4,True,False,False,,-1,51.1315,0
2026-06-26 00:43:02,103,B+4.5,2,True,False,False,,-1,51.0312,0
2026-06-26 00:43:47,81,B+4.5,4,True,False,False,,-1,51.2864,0
2026-06-26 00:45:04,162,W+48.5,9,True,False,False,,-1,51.5747,0
2026-06-26 00:45:49,86,W+17.5,4,True,False,False,,-1,51.4993,0
2026-06-26 00:46:37,95,B+10.5,5,True,False,False,,-1,51.5554,0
2026-06-26 00:47:22,80,W+5.5,3,True,False,False,,-1,51.1154,0
2026-06-26 00:48:20,109,W+3.5,6,True,False,False,,-1,51.2159,0
2026-06-26 00:49:12,93,B+6.5,8,True,False,False,,-1,51.5081,0
2026-06-26 00:49:53,72,W+6.5,3,True,False,False,,-1,51.2831,0
2026-06-26 00:50:44,87,B+6.5,4,True,False,False,,-1,51.0363,0
2026-06-26 00:51:29,84,W+10.5,3,True,False,False,,-1,50.731,0
2026-06-26 00:52:27,109,W+5.5,4,True,False,False,,-1,50.7514,0
2026-06-26 00:53:05,72,W+3.5,3,True,False,False,,-1,50.6344,0
2026-06-26 00:53:51,79,B+8.5,3,True,False,False,,-1,50.5406,0
2026-06-26 00:54:13,40,W+6.5,2,True,False,False,,-1,50.053,0
2026-06-26 00:55:06,107,B+9.5,6,True,False,False,,-1,50.3423,0
2026-06-26 00:58:43,162,B+25.5,29,True,False,False,,-1,50.8786,1000
2026-06-26 00:59:30,101,W+11.5,10,True,False,False,,-1,50.9296,1000
2026-06-26 01:00:49,158,W+44.5,13,True,False,False,,-1,51.1652,1000
2026-06-26 01:01:41,102,B+0.5,7,True,False,False,,-1,51.2733,1000
2026-06-26 01:02:23,76,W+7.5,5,True,False,False,,-1,51.1199,1000
2026-06-26 01:03:11,89,B+7.5,5,True,False,False,,-1,51.0847,1000
2026-06-26 01:04:21,160,B+13.5,26,True,False,False,,-1,51.3754,1000
2026-06-26 01:05:18,115,W+2.5,10,True,False,False,,-1,51.4815,1000
2026-06-26 01:06:12,117,W+5.5,21,True,False,False,,-1,51.552,1000
2026-06-26 01:07:08,119,W+1.5,18,True,False,False,,-1,51.615,1000
2026-06-26 01:08:09,129,W+0.5,13,True,False,False,,-1,51.8665,1000
2026-06-26 01:08:57,107,W+11.5,10,True,False,False,,-1,51.9151,1000
2026-06-26 01:10:04,138,B+3.5,11,True,False,False,,-1,52.1922,1000
2026-06-26 01:11:04,127,W+5.5,13,True,False,False,,-1,52.3482,1000
2026-06-26 01:11:59,110,B+0.5,10,True,False,False,,-1,52.3997,1000
2026-06-26 01:12:57,125,W+2.5,13,True,False,False,,-1,52.297,1000
2026-06-26 01:13:54,123,W+6.5,17,True,False,False,,-1,52.2052,1000
2026-06-26 01:14:58,135,W+3.5,19,True,False,False,,-1,52.3728,1000
2026-06-26 01:15:47,103,W+1.5,14,True,False,False,,-1,52.2968,1000
2026-06-26 01:16:28,73,B+2.5,3,True,False,False,,-1,52.0915,1000
2026-06-26 01:17:21,105,W+0.5,9,True,False,False,,-1,52.0402,1000
2026-06-26 01:18:09,107,W+7.5,9,True,False,False,,-1,51.9834,1000
2026-06-26 01:19:07,128,B+1.5,12,True,False,False,,-1,52.0545,1000
2026-06-26 01:19:58,99,W+8.5,8,True,False,False,,-1,52.0063,1000
2026-06-26 01:20:46,91,B+14.5,3,True,False,False,,-1,51.9896,1000
2026-06-26 01:21:40,110,B+7.5,8,True,False,False,,-1,52.1413,1000
2026-06-26 01:22:37,112,B+1.5,10,True,False,False,,-1,52.2037,1000
2026-06-26 01:23:32,120,W+2.5,14,True,False,False,,-1,52.3211,1000
2026-06-26 01:24:19,98,W+6.5,9,True,False,False,,-1,52.4207,1000
2026-06-26 01:25:09,110,B+4.5,17,True,False,False,,-1,52.3943,1000
2026-06-26 01:26:05,112,B+19.5,8,True,False,False,,-1,52.4887,1000
2026-06-26 01:26:46,69,B+2.5,3,True,False,False,,-1,52.5355,1000
2026-06-26 01:27:53,145,W+0.5,20,True,False,False,,-1,52.6152,1000
2026-06-26 01:28:46,115,W+0.5,15,True,False,False,,-1,52.7442,1000
2026-06-26 01:29:33,104,B+9.5,10,True,False,False,,-1,52.9036,1000
2026-06-26 01:30:40,159,W+1.5,27,True,False,False,,-1,52.9509,1000
2026-06-26 01:31:30,103,W+7.5,12,True,False,False,,-1,52.8785,1000
2026-06-26 01:32:12,80,W+3.5,4,True,False,False,,-1,52.6296,1000
2026-06-26 01:33:28,162,W+0.5,16,True,False,False,,-1,53.178,1000
2026-06-26 01:34:17,109,W+0.5,13,True,False,False,,-1,52.7485,1000
2026-06-26 01:34:56,66,W+8.5,2,True,False,False,,-1,52.6007,1000
2026-06-26 01:35:50,113,B+1.5,14,True,False,False,,-1,52.7208,1000
2026-06-26 01:36:39,93,W+7.5,8,True,False,False,,-1,52.8861,1000
2026-06-26 01:37:32,115,W+2.5,10,True,False,False,,-1,52.8882,1000
2026-06-26 01:38:22,91,B+3.5,3,True,False,False,,-1,52.885,1000
2026-06-26 01:39:15,111,W+2.5,15,True,False,False,,-1,52.9482,1000
2026-06-26 01:40:10,111,W+5.5,11,True,False,False,,-1,53.0738,1000
2026-06-26 01:41:03,105,W+4.5,12,True,False,False,,-1,53.1472,1000
2026-06-26 01:41:59,117,W+0.5,11,True,False,False,,-1,53.1023,1000
2026-06-26 01:42:57,126,B+2.5,18,True,False,False,,-1,53.28,1000
2026-06-26 01:44:05,160,B+10.5,16,True,False,False,,-1,53.2292,1000
2026-06-26 01:44:53,89,B+11.5,2,True,False,False,,-1,53.5331,1000
2026-06-26 01:45:50,128,B+4.5,20,True,False,False,,-1,53.501,1000
2026-06-26 01:46:43,116,B+3.5,5,True,False,False,,-1,53.5338,1000
2026-06-26 01:47:33,97,B+13.5,7,True,False,False,,-1,53.5309,1000
2026-06-26 01:48:01,46,W+8.5,2,True,False,False,,-1,53.1258,1000
2026-06-26 01:48:57,125,W+1.5,17,True,False,False,,-1,53.0919,1000
2026-06-26 01:49:19,38,W+7.5,2,True,False,False,,-1,53.1041,1000
2026-06-26 01:50:29,162,B+33.5,29,True,False,False,,-1,53.2389,1000
2026-06-26 01:51:37,162,B+37.5,21,True,False,False,,-1,53.3359,1000
2026-06-26 01:52:15,67,B+6.5,5,True,False,False,,-1,53.1404,1000
2026-06-26 01:53:04,100,B+2.5,8,True,False,False,,-1,53.2694,1000
2026-06-26 01:53:18,22,W+7.5,2,True,False,False,,-1,52.6816,1000
2026-06-26 01:54:17,129,W+0.5,19,True,False,False,,-1,52.8683,1000
2026-06-26 01:55:12,113,W+0.5,11,True,False,False,,-1,52.5366,1000
2026-06-26 01:55:25,22,W+7.5,2,True,False,False,,-1,52.233,1000
2026-06-26 01:56:20,111,W+0.5,11,True,False,False,,-1,52.1088,1000
2026-06-26 01:57:14,104,W+13.5,5,True,False,False,,-1,52.1323,1000
2026-06-26 01:58:05,107,W+2.5,11,True,False,False,,-1,52.4109,1000
2026-06-26 01:59:17,162,B+20.5,24,True,False,False,,-1,52.372,1000
2026-06-26 02:00:12,124,B+11.5,16,True,False,False,,-1,52.4808,1000
2026-06-26 02:01:04,112,B+7.5,12,True,False,False,,-1,52.4469,1000
2026-06-26 02:01:59,113,B+8.5,8,True,False,False,,-1,52.1837,1000
2026-06-26 02:02:30,57,B+2.5,4,True,False,False,,-1,52.2514,1000
2026-06-26 02:03:25,117,W+2.5,12,True,False,False,,-1,52.3308,1000
2026-06-26 02:04:23,117,W+1.5,17,True,False,False,,-1,52.5096,1000
2026-06-26 02:05:15,115,W+7.5,14,True,False,False,,-1,52.3397,1000
2026-06-26 02:06:09,126,B+5.5,11,True,False,False,,-1,52.2071,1000
2026-06-26 02:07:05,122,B+1.5,9,True,False,False,,-1,52.2682,1000
2026-06-26 02:07:54,109,W+4.5,13,True,False,False,,-1,52.2351,1000
2026-06-26 02:08:43,101,W+0.5,13,True,False,False,,-1,52.2189,1000
2026-06-26 02:09:33,104,B+1.5,8,True,False,False,,-1,52.1913,1000
2026-06-26 02:10:28,110,B+1.5,7,True,False,False,,-1,52.3164,1000
2026-06-26 02:11:13,107,W+1.5,13,True,False,False,,-1,52.1808,1000
2026-06-26 02:12:12,117,W+0.5,11,True,False,False,,-1,52.3296,1000
2026-06-26 02:13:11,124,B+5.5,9,True,False,False,,-1,52.1487,1000
2026-06-26 02:13:25,22,W+7.5,2,True,False,False,,-1,51.8373,1000
2026-06-26 02:14:18,115,W+5.5,13,True,False,False,,-1,51.8865,1000
2026-06-26 02:15:13,120,B+8.5,17,True,False,False,,-1,51.9908,1000
2026-06-26 02:16:21,162,W+16.5,27,True,False,False,,-1,52.0852,1000
2026-06-26 02:17:16,110,B+2.5,7,True,False,False,,-1,52.1169,1000
2026-06-26 02:18:07,109,W+1.5,15,True,False,False,,-1,52.2134,1000
2026-06-26 02:19:01,107,W+1.5,14,True,False,False,,-1,52.2472,1000
2026-06-26 02:19:56,115,W+10.5,16,True,False,False,,-1,52.3509,1000
2026-06-26 02:20:45,111,B+2.5,9,True,False,False,,-1,52.2637,1000
2026-06-26 02:21:51,147,B+27.5,17,True,False,False,,-1,52.5309,1000
2026-06-26 02:22:46,102,W+5.5,6,True,False,False,,-1,52.6268,1000
2026-06-26 02:23:20,58,W+7.5,3,True,False,False,,-1,52.7449,1000
2026-06-26 02:24:17,124,B+0.5,13,True,False,False,,-1,52.789,1000
2026-06-26 02:24:48,55,B+0.5,7,True,False,False,,-1,52.3376,1000
2026-06-26 02:26:00,162,W+42.5,17,True,False,False,,-1,52.3633,1000
2026-06-26 02:26:54,104,B+5.5,13,True,False,False,,-1,52.4315,1000
2026-06-26 02:27:36,75,B+7.5,4,True,False,False,,-1,52.0606,1000
2026-06-26 02:28:35,122,B+6.5,9,True,False,False,,-1,52.1381,1000
2026-06-26 02:29:40,162,W+38.5,23,True,False,False,,-1,52.3699,1000
2026-06-26 02:30:41,126,B+0.5,14,True,False,False,,-1,52.4959,1000
2026-06-26 02:31:32,96,W+6.5,4,True,False,False,,-1,52.301,1000
2026-06-26 02:32:45,162,W+34.5,19,True,False,False,,-1,52.4624,1000
2026-06-26 02:33:40,111,W+0.5,10,True,False,False,,-1,52.4794,1000
2026-06-26 02:34:34,115,W+4.5,17,True,False,False,,-1,52.4545,1000
2026-06-26 02:35:30,116,B+6.5,11,True,False,False,,-1,52.4092,1000
2026-06-26 02:36:26,111,W+2.5,11,True,False,False,,-1,52.4854,1000
2026-06-26 02:37:19,106,B+13.5,8,True,False,False,,-1,52.3429,1000
2026-06-26 02:38:17,128,B+0.5,15,True,False,False,,-1,52.3245,1000
2026-06-26 02:38:32,26,W+7.5,2,True,False,False,,-1,51.9321,1000
2026-06-26 02:39:23,101,W+0.5,12,True,False,False,,-1,51.8581,1000
2026-06-26 02:40:18,113,B+0.5,11,True,False,False,,-1,51.8323,1000
2026-06-26 02:41:08,102,B+0.5,10,True,False,False,,-1,51.702,1000
2026-06-26 02:41:58,101,W+11.5,6,True,False,False,,-1,51.7126,1000
2026-06-26 02:42:51,114,B+0.5,13,True,False,False,,-1,51.8296,1000
2026-06-26 02:43:46,115,W+3.5,10,True,False,False,,-1,51.8468,1000
2026-06-26 02:44:52,155,W+2.5,24,True,False,False,,-1,52.0321,1000
2026-06-26 02:45:57,150,B+1.5,24,True,False,False,,-1,52.0966,1000
2026-06-26 02:46:44,93,W+1.5,6,True,False,False,,-1,52.0594,1000
2026-06-26 02:47:35,116,B+2.5,14,True,False,False,,-1,52.0881,1000
2026-06-26 02:48:39,135,W+1.5,18,True,False,False,,-1,52.1869,1000
2026-06-26 02:49:10,54,W+7.5,2,True,False,False,,-1,51.9259,1000
2026-06-26 02:50:00,108,B+1.5,12,True,False,False,,-1,51.8715,1000
2026-06-26 02:50:44,76,W+5.5,3,True,False,False,,-1,51.8452,1000
2026-06-26 02:51:40,110,B+1.5,6,True,False,False,,-1,51.8985,1000
2026-06-26 02:52:45,153,W+1.5,22,True,False,False,,-1,52.0001,1000
2026-06-26 02:53:34,107,W+0.5,14,True,False,False,,-1,52.0774,1000
2026-06-26 02:54:25,99,W+0.5,8,True,False,False,,-1,51.9116,1000
2026-06-26 02:55:33,162,W+34.5,20,True,False,False,,-1,52.0641,1000
2026-06-26 02:56:28,133,W+6.5,22,True,False,False,,-1,52.1455,1000
2026-06-26 02:57:23,117,W+1.5,13,True,False,False,,-1,52.0205,1000
2026-06-26 02:58:28,148,B+7.5,24,True,False,False,,-1,52.1739,1000
2026-06-26 02:59:12,78,W+14.5,3,True,False,False,,-1,52.1963,1000
2026-06-26 03:00:03,111,W+2.5,12,True,False,False,,-1,51.9461,1000
2026-06-26 03:00:54,127,B+7.5,16,True,False,False,,-1,51.9648,1000
2026-06-26 03:01:46,103,W+0.5,8,True,False,False,,-1,52.0893,1000
2026-06-26 03:02:42,118,B+0.5,12,True,False,False,,-1,52.1136,1000
2026-06-26 03:03:39,126,B+1.5,15,True,False,False,,-1,52.2005,1000
2026-06-26 03:04:26,96,B+1.5,6,True,False,False,,-1,52.1409,1000
2026-06-26 03:05:14,99,W+2.5,11,True,False,False,,-1,52.1186,1000
2026-06-26 03:06:02,88,W+3.5,5,True,False,False,,-1,52.07,1000
2026-06-26 03:06:54,103,W+2.5,8,True,False,False,,-1,52.0349,1000
2026-06-26 03:07:52,140,B+25.5,11,True,False,False,,-1,52.0892,1000
2026-06-26 03:08:58,151,W+0.5,23,True,False,False,,-1,52.1845,1000
2026-06-26 03:09:51,107,W+9.5,9,True,False,False,,-1,52.1376,1000
2026-06-26 03:10:44,118,B+6.5,16,True,False,False,,-1,51.984,1000
2026-06-26 03:11:43,124,W+9.5,14,True,False,False,,-1,52.099,1000
2026-06-26 03:12:25,76,W+8.5,2,True,False,False,,-1,51.9485,1000
2026-06-26 03:13:24,122,B+2.5,16,True,False,False,,-1,52.0025,1000
2026-06-26 03:14:16,118,W+1.5,15,True,False,False,,-1,52.0257,1000
2026-06-26 03:15:12,121,W+1.5,15,True,False,False,,-1,52.3071,1000
2026-06-26 03:16:12,162,W+12.5,27,True,False,False,,-1,52.3547,1000
2026-06-26 03:17:09,118,B+8.5,13,True,False,False,,-1,52.6964,1000
2026-06-26 03:18:05,117,W+7.5,18,True,False,False,,-1,52.5522,1000
2026-06-26 03:18:59,111,W+5.5,13,True,False,False,,-1,52.4132,1000
2026-06-26 03:19:53,117,W+16.5,14,True,False,False,,-1,52.574,1000
2026-06-26 03:20:43,107,W+1.5,16,True,False,False,,-1,52.5781,1000
2026-06-26 03:21:41,121,W+6.5,16,True,False,False,,-1,53.0292,1000
2026-06-26 03:22:01,32,W+9.5,2,True,False,False,,-1,52.6301,1000
2026-06-26 03:22:54,119,W+1.5,15,True,False,False,,-1,52.6089,1000
2026-06-26 03:23:47,111,W+2.5,16,True,False,False,,-1,53.0101,1000
2026-06-26 03:24:36,102,B+0.5,9,True,False,False,,-1,52.9557,1000
2026-06-26 03:25:33,135,W+2.5,23,True,False,False,,-1,52.9833,1000
2026-06-26 03:26:31,114,W+6.5,11,True,False,False,,-1,53.0555,1000
2026-06-26 03:27:26,109,W+0.5,8,True,False,False,,-1,52.8855,1000
2026-06-26 03:28:15,97,B+4.5,10,True,False,False,,-1,52.8211,1000
2026-06-26 03:28:29,24,W+7.5,2,True,False,False,,-1,52.4453,1000
2026-06-26 03:29:22,106,B+0.5,9,True,False,False,,-1,52.4247,1000
2026-06-26 03:30:10,93,W+0.5,7,True,False,False,,-1,52.5906,1000
2026-06-26 03:31:04,120,B+1.5,11,True,False,False,,-1,52.5852,1000
2026-06-26 03:31:59,112,B+17.5,11,True,False,False,,-1,52.5647,1000
2026-06-26 03:32:51,97,B+1.5,4,True,False,False,,-1,52.5582,1000
2026-06-26 03:33:45,110,B+3.5,9,True,False,False,,-1,52.5561,1000
2026-06-26 03:34:37,116,B+5.5,13,True,False,False,,-1,52.5161,1000
2026-06-26 03:35:24,96,B+4.5,6,True,False,False,,-1,52.4987,1000
2026-06-26 03:36:08,79,B+7.5,4,True,False,False,,-1,52.4477,1000
2026-06-26 03:36:41,56,W+12.5,2,True,False,False,,-1,52.2767,1000
2026-06-26 03:37:53,154,W+37.5,18,True,False,False,,-1,52.4407,1000
2026-06-26 03:38:38,95,W+1.5,10,True,False,False,,-1,52.4522,1000
2026-06-26 03:39:23,97,W+0.5,5,True,False,False,,-1,52.3056,1000
2026-06-26 03:40:09,95,W+0.5,11,True,False,False,,-1,52.1702,1000
2026-06-26 03:41:04,111,W+12.5,8,True,False,False,,-1,52.584,1000
2026-06-26 03:41:52,95,W+10.5,8,True,False,False,,-1,52.5329,1000
2026-06-26 03:42:43,102,B+2.5,13,True,False,False,,-1,52.4968,1000
2026-06-26 03:43:39,115,W+2.5,11,True,False,False,,-1,52.3797,1000
2026-06-26 03:44:13,58,W+10.5,2,True,False,False,,-1,52.164,1000
2026-06-26 03:45:01,98,B+1.5,7,True,False,False,,-1,52.1407,1000
2026-06-26 03:45:51,97,B+0.5,5,True,False,False,,-1,52.0949,1000
2026-06-26 03:46:43,111,W+0.5,18,True,False,False,,-1,52.0641,1000
2026-06-26 03:47:41,120,B+0.5,16,True,False,False,,-1,52.1564,1000
2026-06-26 03:48:44,130,B+0.5,10,True,False,False,,-1,52.1284,1000
2026-06-26 03:49:42,119,W+0.5,13,True,False,False,,-1,52.1557,1000
2026-06-26 03:50:38,113,W+0.5,10,True,False,False,,-1,52.3757,1000
2026-06-26 03:51:36,123,W+7.5,10,True,False,False,,-1,52.3841,1000
2026-06-26 03:52:24,105,W+0.5,6,True,False,False,,-1,52.5545,1000
2026-06-26 03:53:11,94,B+2.5,7,True,False,False,,-1,52.309,1000
2026-06-26 03:53:50,68,W+6.5,3,True,False,False,,-1,52.16,1000
2026-06-26 03:55:02,161,W+21.5,19,True,False,False,,-1,52.4637,1000
2026-06-26 03:55:53,109,W+3.5,14,True,False,False,,-1,52.3825,1000
2026-06-26 03:56:45,109,W+0.5,12,True,False,False,,-1,52.2405,1000
2026-06-26 03:57:33,99,W+0.5,11,True,False,False,,-1,52.1115,1000
2026-06-26 03:58:24,106,B+1.5,11,True,False,False,,-1,52.1201,1000
2026-06-26 03:59:18,122,B+0.5,15,True,False,False,,-1,51.9257,1000
2026-06-26 04:00:14,114,W+6.5,11,True,False,False,,-1,51.9354,1000
2026-06-26 04:01:14,134,B+23.5,11,True,False,False,,-1,51.9951,1000
2026-06-26 04:02:15,130,B+1.5,14,True,False,False,,-1,52.0412,1000
2026-06-26 04:03:06,103,W+1.5,6,True,False,False,,-1,51.9883,1000
2026-06-26 04:04:02,123,W+7.5,16,True,False,False,,-1,52.027,1000
2026-06-26 04:04:57,117,B+4.5,14,True,False,False,,-1,51.9926,1000
2026-06-26 04:05:51,112,W+0.5,15,True,False,False,,-1,52.3784,1000
2026-06-26 04:06:50,141,W+10.5,16,True,False,False,,-1,52.4578,1000
2026-06-26 04:07:42,114,B+3.5,12,True,False,False,,-1,52.4418,1000
2026-06-26 04:08:42,135,B+14.5,19,True,False,False,,-1,52.534,1000
2026-06-26 04:09:51,154,B+31.5,18,True,False,False,,-1,52.7237,1000
2026-06-26 04:10:47,120,B+2.5,12,True,False,False,,-1,52.7529,1000
2026-06-26 04:11:48,126,B+4.5,9,True,False,False,,-1,52.8212,1000
2026-06-26 04:12:11,38,W+6.5,2,True,False,False,,-1,52.3878,1000
2026-06-26 04:12:38,44,W+8.5,3,True,False,False,,-1,51.9998,1000
2026-06-26 04:13:18,76,W+12.5,2,True,False,False,,-1,51.9369,1000
2026-06-26 04:14:10,101,B+2.5,6,True,False,False,,-1,51.9464,1000
2026-06-26 04:15:07,120,B+2.5,12,True,False,False,,-1,51.8724,1000
2026-06-26 04:16:06,128,B+1.5,17,True,False,False,,-1,52.1578,1000
2026-06-26 04:17:05,138,B+2.5,23,True,False,False,,-1,52.248,1000
2026-06-26 04:17:56,109,W+2.5,13,True,False,False,,-1,52.3184,1000
2026-06-26 04:18:58,131,W+1.5,19,True,False,False,,-1,52.3745,1000
2026-06-26 04:19:56,123,W+3.5,12,True,False,False,,-1,52.3051,1000
2026-06-26 04:20:57,129,W+1.5,17,True,False,False,,-1,52.4252,1000
2026-06-26 04:21:51,113,W+0.5,16,True,False,False,,-1,52.4561,1000
2026-06-26 04:22:45,111,W+1.5,12,True,False,False,,-1,52.3213,1000
2026-06-26 04:23:46,121,W+0.5,20,True,False,False,,-1,52.3813,1000
2026-06-26 04:24:43,115,W+2.5,7,True,False,False,,-1,52.4007,1000
2026-06-26 04:25:36,109,W+0.5,14,True,False,False,,-1,52.2818,1000
2026-06-26 04:26:24,101,W+1.5,8,True,False,False,,-1,52.3176,1000
2026-06-26 04:27:26,121,W+2.5,17,True,False,False,,-1,52.4268,1000
2026-06-26 04:28:14,102,B+1.5,13,True,False,False,,-1,52.3907,1000
2026-06-26 04:29:05,99,W+3.5,9,True,False,False,,-1,52.3923,1000
2026-06-26 04:29:57,113,W+4.5,17,True,False,False,,-1,52.3527,1000
2026-06-26 04:30:47,97,W+0.5,9,True,False,False,,-1,52.2761,1000
2026-06-26 04:31:45,129,W+6.5,14,True,False,False,,-1,52.3888,1000
2026-06-26 04:32:33,91,W+6.5,3,True,False,False,,-1,52.3779,1000
2026-06-26 04:33:36,146,B+4.5,19,True,False,False,,-1,52.5359,1000
2026-06-26 04:34:25,95,W+8.5,8,True,False,False,,-1,52.5016,1000
2026-06-26 04:35:21,126,B+1.5,17,True,False,False,,-1,52.4832,1000
2026-06-26 04:36:19,125,W+1.5,17,True,False,False,,-1,52.4085,1000
2026-06-26 04:37:28,162,W+53.5,15,True,False,False,,-1,52.5664,1000
2026-06-26 04:38:18,110,B+1.5,8,True,False,False,,-1,52.5352,1000
2026-06-26 04:39:16,116,B+12.5,10,True,False,False,,-1,52.5224,1000
2026-06-26 04:40:15,115,W+0.5,10,True,False,False,,-1,52.6885,1000
2026-06-26 04:41:01,90,W+0.5,6,True,False,False,,-1,52.5669,1000
2026-06-26 04:41:43,82,W+12.5,3,True,False,False,,-1,52.4661,1000
2026-06-26 04:42:38,115,W+0.5,6,True,False,False,,-1,52.46,1000
2026-06-26 04:43:26,95,W+0.5,9,True,False,False,,-1,52.3272,1000
2026-06-26 04:44:15,98,B+1.5,9,True,False,False,,-1,52.261,1000
2026-06-26 04:45:10,108,B+1.5,10,True,False,False,,-1,52.2473,1000
2026-06-26 04:46:08,120,B+3.5,8,True,False,False,,-1,52.2827,1000
2026-06-26 04:46:24,28,W+7.5,2,True,False,False,,-1,51.9078,1000
2026-06-26 04:47:14,103,W+2.5,13,True,False,False,,-1,51.9068,1000
2026-06-26 04:48:09,114,B+1.5,9,True,False,False,,-1,51.8731,1000
2026-06-26 04:48:49,71,B+10.5,3,True,False,False,,-1,52.0836,1000
2026-06-26 04:49:29,75,B+2.5,4,True,False,False,,-1,51.9521,1000
2026-06-26 04:50:17,84,W+10.5,4,True,False,False,,-1,51.8952,1000
2026-06-26 04:51:20,142,B+5.5,22,True,False,False,,-1,52.0367,1000
2026-06-26 04:52:09,104,B+8.5,5,True,False,False,,-1,51.9605,1000
2026-06-26 04:53:03,121,B+11.5,7,True,False,False,,-1,51.9206,1000
2026-06-26 04:53:56,114,B+1.5,9,True,False,False,,-1,51.9005,1000
2026-06-26 04:54:51,116,B+0.5,11,True,False,False,,-1,51.9645,1000
2026-06-26 04:55:48,125,B+2.5,14,True,False,False,,-1,52.3887,1000
2026-06-26 04:56:38,96,W+16.5,2,True,False,False,,-1,52.3536,1000
2026-06-26 04:57:25,92,B+2.5,3,True,False,False,,-1,52.3511,1000
2026-06-26 04:58:20,113,W+2.5,12,True,False,False,,-1,52.3618,1000
2026-06-26 04:59:18,121,W+3.5,19,True,False,False,,-1,52.3814,1000
2026-06-26 05:00:18,131,W+1.5,15,True,False,False,,-1,52.4636,1000
2026-06-26 05:01:10,110,B+4.5,10,True,False,False,,-1,52.4474,1000
2026-06-26 05:02:15,131,W+6.5,20,True,False,False,,-1,52.5678,1000
2026-06-26 05:03:17,125,W+2.5,15,True,False,False,,-1,52.7211,1000
2026-06-26 05:04:10,105,W+2.5,7,True,False,False,,-1,52.8108,1000
2026-06-26 05:05:07,124,B+3.5,19,True,False,False,,-1,53.0565,1000
2026-06-26 05:06:12,150,B+23.5,15,True,False,False,,-1,52.9922,1000
2026-06-26 05:07:02,105,W+2.5,13,True,False,False,,-1,53.0348,1000
2026-06-26 05:07:56,114,B+6.5,12,True,False,False,,-1,53.1276,1000
2026-06-26 05:08:17,34,W+9.5,2,True,False,False,,-1,52.877,1000
2026-06-26 05:09:17,135,W+2.5,16,True,False,False,,-1,52.9272,1000
2026-06-26 05:10:16,115,W+0.5,12,True,False,False,,-1,53.0371,1000
2026-06-26 05:11:10,113,W+6.5,10,True,False,False,,-1,53.0606,1000
2026-06-26 05:12:07,131,B+5.5,21,True,False,False,,-1,53.0775,1000
2026-06-26 05:12:58,103,W+3.5,11,True,False,False,,-1,53.2462,1000
2026-06-26 05:13:49,112,B+3.5,10,True,False,False,,-1,53.2764,1000
2026-06-26 05:14:21,54,W+2.5,3,True,False,False,,-1,53.0969,1000
2026-06-26 05:15:10,98,B+0.5,11,True,False,False,,-1,53.0638,1000
2026-06-26 05:15:58,100,B+16.5,7,True,False,False,,-1,52.9666,1000
2026-06-26 05:16:54,109,B+12.5,7,True,False,False,,-1,52.8946,1000
2026-06-26 05:17:56,151,W+8.5,35,True,False,False,,-1,52.937,1000
2026-06-26 05:18:51,108,B+0.5,9,True,False,False,,-1,52.9354,1000
2026-06-26 05:19:52,146,B+4.5,22,True,False,False,,-1,52.95,1000
2026-06-26 05:20:55,142,B+2.5,18,True,False,False,,-1,53.1081,1000
2026-06-26 05:21:53,140,B+1.5,28,True,False,False,,-1,53.2173,1000
2026-06-26 05:22:07,22,W+7.5,2,True,False,False,,-1,52.9625,1000
2026-06-26 05:23:10,131,W+0.5,13,True,False,False,,-1,52.8718,1000
2026-06-26 05:24:18,162,W+28.5,21,True,False,False,,-1,53.0433,1000
2026-06-26 05:25:08,103,W+4.5,9,True,False,False,,-1,53.0295,1000
2026-06-26 05:26:07,134,B+2.5,15,True,False,False,,-1,53.1392,1000
2026-06-26 05:26:22,24,W+7.5,2,True,False,False,,-1,52.7703,1000
2026-06-26 05:27:19,120,B+0.5,11,True,False,False,,-1,52.8138,1000
2026-06-26 05:28:00,85,B+2.5,5,True,False,False,,-1,52.6574,1000
2026-06-26 05:28:50,107,W+3.5,11,True,False,False,,-1,52.5633,1000
2026-06-26 05:29:09,30,W+8.5,2,True,False,False,,-1,52.1343,1000
2026-06-26 05:29:59,102,B+2.5,10,True,False,False,,-1,52.1319,1000
2026-06-26 05:30:48,98,B+1.5,10,True,False,False,,-1,52.0586,1000
2026-06-26 05:31:49,127,W+5.5,18,True,False,False,,-1,52.1198,1000
2026-06-26 05:32:33,80,W+19.5,4,True,False,False,,-1,52.0185,1000
2026-06-26 05:33:23,99,W+0.5,9,True,False,False,,-1,51.9273,1000
2026-06-26 05:34:22,126,B+11.5,22,True,False,False,,-1,51.9956,1000
2026-06-26 05:35:07,96,B+2.5,6,True,False,False,,-1,51.8472,1000
2026-06-26 05:36:08,135,W+2.5,19,True,False,False,,-1,51.7649,1000
2026-06-26 05:36:26,30,W+7.5,2,True,False,False,,-1,51.3884,1000
2026-06-26 05:37:21,114,B+4.5,12,True,False,False,,-1,51.3263,1000
2026-06-26 05:38:19,116,B+0.5,6,True,False,False,,-1,51.6736,1000
2026-06-26 05:39:16,111,W+2.5,11,True,False,False,,-1,51.9764,1000
2026-06-26 05:40:10,115,W+16.5,13,True,False,False,,-1,52.1094,1000
2026-06-26 05:41:01,106,B+0.5,7,True,False,False,,-1,52.1124,1000
2026-06-26 05:41:56,112,B+4.5,11,True,False,False,,-1,52.0902,1000
2026-06-26 05:42:55,121,W+1.5,16,True,False,False,,-1,52.0862,1000
2026-06-26 05:43:47,114,B+13.5,10,True,False,False,,-1,52.0182,1000
2026-06-26 05:44:41,114,B+2.5,8,True,False,False,,-1,52.0454,1000
2026-06-26 05:45:29,108,B+0.5,14,True,False,False,,-1,51.9155,1000
2026-06-26 05:46:26,116,B+1.5,9,True,False,False,,-1,51.889,1000
2026-06-26 05:47:25,122,B+0.5,13,True,False,False,,-1,51.8814,1000
2026-06-26 05:48:13,90,B+0.5,6,True,False,False,,-1,51.8149,1000
2026-06-26 05:49:11,125,B+7.5,14,True,False,False,,-1,51.8551,1000
2026-06-26 05:50:10,162,W+5.5,32,True,False,False,,-1,51.8322,1000
2026-06-26 05:51:05,123,B+3.5,18,True,False,False,,-1,51.8173,1000
2026-06-26 05:51:58,115,W+9.5,16,True,False,False,,-1,51.8096,1000
2026-06-26 05:52:56,115,W+4.5,11,True,False,False,,-1,51.909,1000
2026-06-26 05:53:59,122,B+1.5,11,True,False,False,,-1,51.9301,1000
2026-06-26 05:54:56,115,W+2.5,14,True,False,False,,-1,52.016,1000
2026-06-26 05:55:52,135,W+5.5,24,True,False,False,,-1,52.0607,1000
2026-06-26 05:56:55,149,W+0.5,27,True,False,False,,-1,52.1726,1000
2026-06-26 05:57:49,115,W+9.5,11,True,False,False,,-1,52.2181,1000
2026-06-26 05:58:50,130,B+3.5,10,True,False,False,,-1,52.2473,1000
2026-06-26 05:59:37,90,B+1.5,9,True,False,False,,-1,52.2418,1000
2026-06-26 06:00:28,113,W+1.5,15,True,False,False,,-1,52.1158,1000
2026-06-26 06:01:22,109,W+2.5,4,True,False,False,,-1,52.1687,1000
2026-06-26 06:01:55,56,W+7.5,2,True,False,False,,-1,51.9391,1000
2026-06-26 06:02:43,100,B+0.5,7,True,False,False,,-1,51.8298,1000
2026-06-26 06:03:37,113,W+0.5,14,True,False,False,,-1,51.6838,1000
2026-06-26 06:04:14,65,B+7.5,2,True,False,False,,-1,51.5559,1000
2026-06-26 06:05:07,102,B+3.5,11,True,False,False,,-1,51.5067,1000
2026-06-26 06:05:55,96,B+2.5,8,True,False,False,,-1,51.399,1000
2026-06-26 06:06:56,154,W+17.5,24,True,False,False,,-1,51.551,1000
2026-06-26 06:08:00,144,B+3.5,17,True,False,False,,-1,51.7699,1000
2026-06-26 06:08:54,113,W+0.5,8,True,False,False,,-1,51.7595,1000
2026-06-26 06:09:44,96,B+2.5,4,True,False,False,,-1,51.784,1000
2026-06-26 06:12:35,88,W+23.5,4,True,False,False,,-1,51.6196,2000
2026-06-26 06:13:17,70,W+12.5,3,True,False,False,,-1,51.4559,2000
2026-06-26 06:14:12,110,B+18.5,10,True,False,False,,-1,51.8469,2000
2026-06-26 06:15:04,105,B+8.5,5,True,False,False,,-1,51.8712,2000
2026-06-26 06:16:10,131,W+3.5,17,True,False,False,,-1,51.9825,2000
2026-06-26 06:16:59,106,B+3.5,6,True,False,False,,-1,52.0643,2000
2026-06-26 06:17:50,98,B+6.5,6,True,False,False,,-1,52.1709,2000
2026-06-26 06:18:33,83,B+2.5,7,True,False,False,,-1,52.1337,2000
2026-06-26 06:19:27,105,B+1.5,11,True,False,False,,-1,52.0365,2000
2026-06-26 06:20:15,98,B+6.5,10,True,False,False,,-1,52.029,2000
2026-06-26 06:21:09,112,B+0.5,15,True,False,False,,-1,52.0259,2000
2026-06-26 06:21:26,28,W+7.5,2,True,False,False,,-1,51.6649,2000
2026-06-26 06:22:10,96,B+2.5,10,True,False,False,,-1,51.5578,2000
2026-06-26 06:23:07,118,B+4.5,11,True,False,False,,-1,51.5571,2000
2026-06-26 06:23:57,108,B+1.5,11,True,False,False,,-1,51.5558,2000
2026-06-26 06:24:52,117,B+1.5,11,True,False,False,,-1,51.6341,2000
2026-06-26 06:25:41,93,B+0.5,3,True,False,False,,-1,51.5709,2000
2026-06-26 06:26:28,109,W+4.5,12,True,False,False,,-1,51.467,2000
2026-06-26 06:27:20,107,W+2.5,11,True,False,False,,-1,51.3929,2000
2026-06-26 06:28:28,144,B+31.5,18,True,False,False,,-1,51.5478,2000
2026-06-26 06:29:12,101,W+0.5,7,True,False,False,,-1,51.3442,2000
2026-06-26 06:29:49,64,W+10.5,2,True,False,False,,-1,51.088,2000
2026-06-26 06:30:27,69,B+0.5,3,True,False,False,,-1,50.9363,2000
2026-06-26 06:31:23,126,B+45.5,7,True,False,False,,-1,50.9201,2000
2026-06-26 06:32:17,113,W+4.5,10,True,False,False,,-1,50.8147,2000
2026-06-26 06:33:08,104,B+0.5,14,True,False,False,,-1,50.8205,2000
2026-06-26 06:33:56,104,B+1.5,10,True,False,False,,-1,50.7613,2000
2026-06-26 06:34:35,75,B+2.5,3,True,False,False,,-1,50.9476,2000
2026-06-26 06:35:26,105,W+3.5,9,True,False,False,,-1,50.8561,2000
2026-06-26 06:36:20,119,B+9.5,5,True,False,False,,-1,50.8031,2000
2026-06-26 06:37:10,103,W+0.5,9,True,False,False,,-1,50.7681,2000
2026-06-26 06:37:28,32,W+7.5,2,True,False,False,,-1,50.3787,2000
2026-06-26 06:38:16,89,B+2.5,6,True,False,False,,-1,50.3522,2000
2026-06-26 06:39:08,104,B+2.5,6,True,False,False,,-1,50.3576,2000
2026-06-26 06:39:59,111,W+7.5,17,True,False,False,,-1,50.5504,2000
2026-06-26 06:41:05,143,B+19.5,21,True,False,False,,-1,50.7145,2000
2026-06-26 06:42:01,126,B+3.5,10,True,False,False,,-1,50.7919,2000
2026-06-26 06:42:46,93,B+4.5,9,True,False,False,,-1,50.6868,2000
2026-06-26 06:43:35,110,W+4.5,15,True,False,False,,-1,50.5567,2000
2026-06-26 06:44:24,104,B+1.5,10,True,False,False,,-1,50.4887,2000
2026-06-26 06:45:17,106,W+0.5,10,True,False,False,,-1,50.4235,2000
2026-06-26 06:46:08,116,B+14.5,9,True,False,False,,-1,50.2945,2000
2026-06-26 06:46:31,38,W+4.5,2,True,False,False,,-1,49.9406,2000
2026-06-26 06:47:25,123,W+2.5,13,True,False,False,,-1,50.3499,2000
2026-06-26 06:48:19,111,W+2.5,13,True,False,False,,-1,50.2613,2000
2026-06-26 06:49:14,119,W+0.5,18,True,False,False,,-1,50.1278,2000
2026-06-26 06:50:08,110,B+4.5,10,True,False,False,,-1,50.168,2000
2026-06-26 06:50:59,109,W+0.5,13,True,False,False,,-1,50.0828,2000
2026-06-26 06:51:41,79,B+3.5,5,True,False,False,,-1,50.3592,2000
2026-06-26 06:52:36,117,B+14.5,14,True,False,False,,-1,50.3363,2000
2026-06-26 06:53:24,103,W+3.5,6,True,False,False,,-1,50.4104,2000
2026-06-26 06:54:10,97,W+1.5,12,True,False,False,,-1,50.3621,2000
2026-06-26 06:54:58,105,W+0.5,11,True,False,False,,-1,50.6625,2000
2026-06-26 06:55:48,113,W+0.5,13,True,False,False,,-1,50.6566,2000
2026-06-26 06:56:38,109,W+1.5,19,True,False,False,,-1,50.6605,2000
2026-06-26 06:57:29,113,W+0.5,13,True,False,False,,-1,50.5674,2000
2026-06-26 06:58:24,117,W+1.5,14,True,False,False,,-1,50.6774,2000
2026-06-26 06:59:09,83,B+18.5,6,True,False,False,,-1,50.6289,2000
2026-06-26 07:00:02,109,W+0.5,10,True,False,False,,-1,50.5597,2000
2026-06-26 07:00:49,99,W+2.5,12,True,False,False,,-1,50.5804,2000
2026-06-26 07:01:39,109,W+1.5,16,True,False,False,,-1,50.4807,2000
2026-06-26 07:02:39,123,W+0.5,17,True,False,False,,-1,50.8915,2000
2026-06-26 07:03:32,117,W+8.5,11,True,False,False,,-1,50.8768,2000
2026-06-26 07:04:20,98,B+1.5,9,True,False,False,,-1,50.7772,2000
2026-06-26 07:05:10,98,B+1.5,7,True,False,False,,-1,50.7081,2000
2026-06-26 07:05:59,109,W+0.5,11,True,False,False,,-1,50.6633,2000
2026-06-26 07:06:46,97,B+16.5,6,True,False,False,,-1,50.6131,2000
2026-06-26 07:07:35,107,B+3.5,5,True,False,False,,-1,50.5592,2000
2026-06-26 07:08:23,108,B+0.5,17,True,False,False,,-1,50.4506,2000
2026-06-26 07:09:12,101,W+4.5,10,True,False,False,,-1,50.4126,2000
2026-06-26 07:10:25,157,W+42.5,19,True,False,False,,-1,50.604,2000
2026-06-26 07:10:45,34,W+7.5,2,True,False,False,,-1,50.3242,2000
2026-06-26 07:10:58,22,W+7.5,2,True,False,False,,-1,49.8951,2000
2026-06-26 07:11:50,109,W+12.5,9,True,False,False,,-1,49.8137,2000
2026-06-26 07:12:53,142,B+30.5,23,True,False,False,,-1,49.9719,2000
2026-06-26 07:13:46,108,B+2.5,16,True,False,False,,-1,49.9102,2000
2026-06-26 07:14:36,105,W+21.5,8,True,False,False,,-1,49.8256,2000
2026-06-26 07:15:41,139,W+0.5,18,True,False,False,,-1,49.9226,2000
2026-06-26 07:16:28,105,W+4.5,9,True,False,False,,-1,49.8746,2000
2026-06-26 07:17:19,107,W+11.5,7,True,False,False,,-1,49.8056,2000
2026-06-26 07:18:09,108,W+5.5,18,True,False,False,,-1,49.6668,2000
2026-06-26 07:19:01,110,B+10.5,8,True,False,False,,-1,49.6234,2000
2026-06-26 07:19:13,20,W+6.5,2,True,False,False,,-1,49.1832,2000
2026-06-26 07:20:02,103,W+3.5,15,True,False,False,,-1,49.037,2000
2026-06-26 07:20:54,111,W+2.5,12,True,False,False,,-1,49.0081,2000
2026-06-26 07:21:51,119,W+1.5,17,True,False,False,,-1,48.9696,2000
2026-06-26 07:22:37,95,W+15.5,8,True,False,False,,-1,48.965,2000
2026-06-26 07:23:39,131,W+6.5,22,True,False,False,,-1,49.0795,2000
2026-06-26 07:24:29,99,B+10.5,3,True,False,False,,-1,49.0413,2000
2026-06-26 07:25:09,74,W+16.5,3,True,False,False,,-1,49.1036,2000
2026-06-26 07:26:01,116,B+1.5,17,True,False,False,,-1,49.1536,2000
2026-06-26 07:26:47,99,W+0.5,10,True,False,False,,-1,49.0654,2000
2026-06-26 07:27:38,107,B+2.5,12,True,False,False,,-1,49.2045,2000
2026-06-26 07:28:31,113,B+3.5,8,True,False,False,,-1,49.2038,2000
2026-06-26 07:29:21,103,B+5.5,9,True,False,False,,-1,49.2265,2000
2026-06-26 07:30:22,131,W+6.5,20,True,False,False,,-1,49.2187,2000
2026-06-26 07:31:14,113,W+1.5,18,True,False,False,,-1,49.1053,2000
2026-06-26 07:32:06,100,B+6.5,13,True,False,False,,-1,49.0829,2000
2026-06-26 07:32:48,79,B+0.5,4,True,False,False,,-1,49.006,2000
2026-06-26 07:33:37,109,W+3.5,16,True,False,False,,-1,49.0904,2000
2026-06-26 07:34:30,120,B+4.5,13,True,False,False,,-1,49.1471,2000
2026-06-26 07:35:15,93,W+17.5,6,True,False,False,,-1,49.1771,2000
2026-06-26 07:36:05,103,W+13.5,10,True,False,False,,-1,49.1272,2000
2026-06-26 07:36:55,97,B+15.5,4,True,False,False,,-1,49.1002,2000
2026-06-26 07:37:37,83,B+4.5,8,True,False,False,,-1,48.859,2000
2026-06-26 07:38:24,87,B+0.5,4,True,False,False,,-1,48.8438,2000
2026-06-26 07:39:14,109,W+15.5,13,True,False,False,,-1,48.8421,2000
2026-06-26 07:40:09,124,B+4.5,12,True,False,False,,-1,48.951,2000
2026-06-26 07:40:58,102,B+1.5,13,True,False,False,,-1,48.9022,2000
2026-06-26 07:41:48,97,B+8.5,3,True,False,False,,-1,48.925,2000
2026-06-26 07:42:42,105,B+5.5,5,True,False,False,,-1,48.9254,2000
2026-06-26 07:43:32,111,W+2.5,11,True,False,False,,-1,49.2545,2000
2026-06-26 07:44:24,109,W+2.5,7,True,False,False,,-1,49.3365,2000
2026-06-26 07:45:10,94,W+1.5,9,True,False,False,,-1,49.2289,2000
2026-06-26 07:46:14,147,B+28.5,21,True,False,False,,-1,49.3691,2000
2026-06-26 07:47:00,101,W+5.5,16,True,False,False,,-1,49.2785,2000
2026-06-26 07:47:55,129,W+1.5,16,True,False,False,,-1,49.3419,2000
2026-06-26 07:48:41,81,B+1.5,6,True,False,False,,-1,49.3272,2000
2026-06-26 07:49:39,135,B+30.5,13,True,False,False,,-1,49.3834,2000
2026-06-26 07:50:24,97,W+2.5,9,True,False,False,,-1,49.1514,2000
2026-06-26 07:51:07,81,B+2.5,4,True,False,False,,-1,49.1485,2000
2026-06-26 07:51:47,79,B+6.5,6,True,False,False,,-1,49.1813,2000
2026-06-26 07:52:36,101,W+2.5,10,True,False,False,,-1,49.2929,2000
2026-06-26 07:53:33,125,W+1.5,8,True,False,False,,-1,49.2975,2000
2026-06-26 07:54:33,126,W+10.5,18,True,False,False,,-1,49.3548,2000
2026-06-26 07:55:29,123,W+12.5,11,True,False,False,,-1,49.4071,2000
2026-06-26 07:56:17,101,B+2.5,11,True,False,False,,-1,49.4028,2000
2026-06-26 07:56:42,44,W+7.5,2,True,False,False,,-1,49.2721,2000
2026-06-26 07:57:39,116,W+7.5,13,True,False,False,,-1,49.3252,2000
2026-06-26 07:58:29,103,W+5.5,10,True,False,False,,-1,49.2867,2000
2026-06-26 07:59:23,119,W+0.5,13,True,False,False,,-1,49.3258,2000
2026-06-26 08:00:09,94,B+5.5,6,True,False,False,,-1,49.6078,2000
2026-06-26 08:00:42,57,B+1.5,2,True,False,False,,-1,49.4507,2000
2026-06-26 08:01:34,123,W+7.5,19,True,False,False,,-1,49.4529,2000
2026-06-26 08:02:28,101,B+7.5,6,True,False,False,,-1,49.4849,2000
2026-06-26 08:03:21,111,W+1.5,13,True,False,False,,-1,49.3551,2000
2026-06-26 08:04:15,115,W+2.5,18,True,False,False,,-1,49.341,2000
2026-06-26 08:05:13,125,W+2.5,8,True,False,False,,-1,49.4668,2000
2026-06-26 08:06:05,115,W+0.5,17,True,False,False,,-1,49.4972,2000
2026-06-26 08:06:56,116,B+3.5,13,True,False,False,,-1,49.5234,2000
2026-06-26 08:07:41,85,B+1.5,4,True,False,False,,-1,49.4305,2000
2026-06-26 08:08:30,101,W+2.5,13,True,False,False,,-1,49.4115,2000
2026-06-26 08:09:28,127,W+20.5,14,True,False,False,,-1,49.7688,2000
2026-06-26 08:10:15,103,W+1.5,11,True,False,False,,-1,49.6945,2000
2026-06-26 08:11:05,101,B+3.5,11,True,False,False,,-1,49.6475,2000
2026-06-26 08:11:54,114,B+3.5,17,True,False,False,,-1,49.5994,2000
2026-06-26 08:12:33,73,B+4.5,2,True,False,False,,-1,49.4401,2000
2026-06-26 08:13:19,97,B+1.5,5,True,False,False,,-1,49.4018,2000
2026-06-26 08:14:27,153,W+13.5,32,True,False,False,,-1,49.6527,2000
2026-06-26 08:15:18,121,W+3.5,11,True,False,False,,-1,49.6145,2000
2026-06-26 08:16:11,109,W+0.5,16,True,False,False,,-1,49.6579,2000
2026-06-26 08:17:10,129,W+4.5,16,True,False,False,,-1,49.7948,2000
2026-06-26 08:17:56,105,W+4.5,10,True,False,False,,-1,49.7763,2000
2026-06-26 08:19:00,162,B+29.5,12,True,False,False,,-1,49.9185,2000
2026-06-26 08:19:53,117,W+2.5,18,True,False,False,,-1,49.9453,2000
2026-06-26 08:20:46,112,B+0.5,12,True,False,False,,-1,49.9695,2000
2026-06-26 08:21:41,113,B+0.5,12,True,False,False,,-1,49.9622,2000
2026-06-26 08:22:26,97,W+2.5,10,True,False,False,,-1,49.9691,2000
2026-06-26 08:23:13,101,B+9.5,9,True,False,False,,-1,49.9107,2000
2026-06-26 08:23:54,91,B+6.5,8,True,False,False,,-1,49.8472,2000
2026-06-26 08:24:46,116,B+1.5,12,True,False,False,,-1,49.8649,2000
2026-06-26 08:25:34,107,W+3.5,14,True,False,False,,-1,49.7477,2000
2026-06-26 08:26:25,107,W+2.5,11,True,False,False,,-1,49.7231,2000
2026-06-26 08:27:16,103,B+7.5,5,True,False,False,,-1,49.7516,2000
2026-06-26 08:28:00,97,W+10.5,11,True,False,False,,-1,49.6991,2000
2026-06-26 08:28:54,113,W+5.5,13,True,False,False,,-1,49.7443,2000
2026-06-26 08:29:44,100,B+3.5,5,True,False,False,,-1,49.7761,2000
2026-06-26 08:30:35,110,B+0.5,13,True,False,False,,-1,49.7983,2000
2026-06-26 08:31:23,91,B+6.5,5,True,False,False,,-1,49.7946,2000
2026-06-26 08:32:17,120,W+33.5,7,True,False,False,,-1,49.8531,2000
2026-06-26 08:33:05,91,B+4.5,4,True,False,False,,-1,49.6007,2000
2026-06-26 08:33:48,93,W+2.5,9,True,False,False,,-1,49.8288,2000
2026-06-26 08:34:48,135,B+36.5,19,True,False,False,,-1,50.292,2000
2026-06-26 08:35:08,34,W+8.5,2,True,False,False,,-1,49.9733,2000
2026-06-26 08:35:57,112,W+12.5,12,True,False,False,,-1,49.8381,2000
2026-06-26 08:36:41,83,B+4.5,8,True,False,False,,-1,49.7494,2000
2026-06-26 08:37:23,81,B+1.5,4,True,False,False,,-1,49.6719,2000
2026-06-26 08:38:13,104,B+12.5,11,True,False,False,,-1,49.5166,2000
2026-06-26 08:38:59,97,B+7.5,10,True,False,False,,-1,49.5032,2000
2026-06-26 08:39:54,120,B+6.5,11,True,False,False,,-1,49.5421,2000
2026-06-26 08:40:48,116,W+6.5,15,True,False,False,,-1,49.588,2000
2026-06-26 08:41:39,109,W+8.5,12,True,False,False,,-1,49.5724,2000
2026-06-26 08:42:28,103,W+0.5,12,True,False,False,,-1,49.9396,2000
2026-06-26 08:43:12,83,B+0.5,3,True,False,False,,-1,49.8992,2000
2026-06-26 08:44:01,120,B+11.5,18,True,False,False,,-1,49.874,2000
2026-06-26 08:44:50,103,W+11.5,10,True,False,False,,-1,49.7915,2000
2026-06-26 08:45:42,106,B+0.5,9,True,False,False,,-1,49.8507,2000
2026-06-26 08:46:31,96,B+3.5,7,True,False,False,,-1,49.7108,2000
2026-06-26 08:47:13,85,B+0.5,11,True,False,False,,-1,49.6328,2000
2026-06-26 08:48:04,111,B+5.5,9,True,False,False,,-1,49.7467,2000
2026-06-26 08:48:50,93,W+9.5,6,True,False,False,,-1,49.6833,2000
2026-06-26 08:49:39,104,W+2.5,11,True,False,False,,-1,49.7216,2000
2026-06-26 08:50:28,108,W+10.5,6,True,False,False,,-1,49.6987,2000
2026-06-26 08:51:25,124,B+1.5,18,True,False,False,,-1,49.7464,2000
2026-06-26 08:52:15,104,B+3.5,14,True,False,False,,-1,49.7361,2000
2026-06-26 08:53:08,126,B+0.5,12,True,False,False,,-1,49.6614,2000
2026-06-26 08:53:49,78,W+13.5,2,True,False,False,,-1,49.5447,2000
2026-06-26 08:54:46,129,W+6.5,13,True,False,False,,-1,49.5981,2000
2026-06-26 08:55:34,99,W+2.5,12,True,False,False,,-1,49.6501,2000
2026-06-26 08:56:22,101,B+5.5,12,True,False,False,,-1,49.6489,2000
2026-06-26 08:57:15,115,W+5.5,16,True,False,False,,-1,49.6475,2000
2026-06-26 08:58:03,97,W+0.5,9,True,False,False,,-1,49.6855,2000
2026-06-26 08:58:49,90,B+3.5,6,True,False,False,,-1,49.6294,2000
2026-06-26 08:59:30,77,B+0.5,2,True,False,False,,-1,49.5469,2000
2026-06-26 09:00:20,107,W+5.5,14,True,False,False,,-1,49.625,2000
2026-06-26 09:01:25,157,W+26.5,28,True,False,False,,-1,49.8077,2000
2026-06-26 09:01:45,34,W+6.5,2,True,False,False,,-1,49.5058,2000
2026-06-26 09:02:34,105,W+4.5,7,True,False,False,,-1,49.4462,2000
2026-06-26 09:03:30,162,B+10.5,18,True,False,False,,-1,49.518,2000
2026-06-26 09:04:19,98,B+1.5,7,True,False,False,,-1,49.5049,2000
2026-06-26 09:05:08,108,B+0.5,9,True,False,False,,-1,49.4546,2000
2026-06-26 09:05:52,79,B+0.5,4,True,False,False,,-1,49.4,2000
2026-06-26 09:06:43,107,W+1.5,13,True,False,False,,-1,49.3781,2000
2026-06-26 09:07:48,154,B+38.5,7,True,False,False,,-1,49.5721,2000
2026-06-26 09:08:31,96,W+6.5,5,True,False,False,,-1,49.3712,2000
2026-06-26 09:09:33,148,B+22.5,16,True,False,False,,-1,49.5205,2000
2026-06-26 09:10:15,81,B+3.5,3,True,False,False,,-1,49.3945,2000
2026-06-26 09:10:28,22,W+5.5,2,True,False,False,,-1,49.0631,2000
2026-06-26 09:11:13,91,B+5.5,8,True,False,False,,-1,48.9383,2000
2026-06-26 09:12:09,116,B+1.5,13,True,False,False,,-1,49.0454,2000
2026-06-26 09:13:05,121,W+3.5,18,True,False,False,,-1,49.1733,2000
2026-06-26 09:13:57,111,B+7.5,10,True,False,False,,-1,49.2897,2000
2026-06-26 09:14:43,93,B+0.5,4,True,False,False,,-1,49.2664,2000
2026-06-26 09:15:40,114,W+0.5,13,True,False,False,,-1,49.2699,2000
2026-06-26 09:16:52,162,W+41.5,16,True,False,False,,-1,49.3841,2000
2026-06-26 09:17:49,121,W+2.5,16,True,False,False,,-1,49.4021,2000
2026-06-26 09:18:38,89,B+1.5,6,True,False,False,,-1,49.408,2000
2026-06-26 09:19:24,101,B+9.5,9,True,False,False,,-1,49.614,2000
2026-06-26 09:20:10,96,B+4.5,6,True,False,False,,-1,49.5118,2000
2026-06-26 09:21:10,131,B+15.5,17,True,False,False,,-1,49.6123,2000
2026-06-26 09:22:03,122,B+3.5,16,True,False,False,,-1,49.6003,2000
2026-06-26 09:22:50,101,W+3.5,9,True,False,False,,-1,49.6034,2000
2026-06-26 09:23:40,105,W+5.5,14,True,False,False,,-1,49.7785,2000
2026-06-26 09:24:28,109,W+0.5,16,True,False,False,,-1,49.7394,2000
2026-06-26 09:25:19,110,B+4.5,12,True,False,False,,-1,49.71,2000
2026-06-26 09:26:15,129,B+17.5,12,True,False,False,,-1,49.7361,2000
2026-06-26 09:26:26,20,W+8.5,2,True,False,False,,-1,49.3046,2000
2026-06-26 09:27:12,98,B+1.5,9,True,False,False,,-1,49.1911,2000
2026-06-26 09:28:02,111,W+1.5,8,True,False,False,,-1,49.1706,2000
2026-06-26 09:29:00,125,W+2.5,17,True,False,False,,-1,49.2352,2000
2026-06-26 09:29:45,95,W+8.5,8,True,False,False,,-1,49.2424,2000
2026-06-26 09:30:35,108,W+4.5,15,True,False,False,,-1,49.2488,2000
2026-06-26 09:31:26,110,B+0.5,10,True,False,False,,-1,49.1744,2000
2026-06-26 09:32:17,116,W+15.5,12,True,False,False,,-1,49.2152,2000
2026-06-26 09:33:01,81,B+2.5,3,True,False,False,,-1,49.165,2000
2026-06-26 09:33:52,104,W+0.5,12,True,False,False,,-1,49.1731,2000
2026-06-26 09:34:44,111,W+1.5,16,True,False,False,,-1,49.3093,2000
2026-06-26 09:35:25,79,B+2.5,5,True,False,False,,-1,49.2562,2000
2026-06-26 09:36:23,132,B+30.5,13,True,False,False,,-1,49.1638,2000
2026-06-26 09:37:02,73,B+0.5,4,True,False,False,,-1,49.0324,2000
2026-06-26 09:37:56,117,W+8.5,17,True,False,False,,-1,49.0508,2000
2026-06-26 09:38:44,92,W+12.5,4,True,False,False,,-1,48.9345,2000
2026-06-26 09:39:31,101,W+3.5,5,True,False,False,,-1,48.9482,2000
2026-06-26 09:40:25,121,B+11.5,16,True,False,False,,-1,48.8396,2000
2026-06-26 09:41:09,95,W+0.5,12,True,False,False,,-1,48.7578,2000
2026-06-26 09:41:57,109,W+0.5,17,True,False,False,,-1,48.7023,2000
2026-06-26 09:42:47,104,B+10.5,5,True,False,False,,-1,48.6645,2000
2026-06-26 09:43:31,82,W+18.5,4,True,False,False,,-1,48.6447,2000
2026-06-26 09:44:25,109,W+2.5,12,True,False,False,,-1,48.7123,2000
2026-06-26 09:45:16,118,B+2.5,9,True,False,False,,-1,48.8177,2000
2026-06-26 09:46:04,110,B+4.5,17,True,False,False,,-1,48.7744,2000
2026-06-26 09:46:56,118,B+14.5,6,True,False,False,,-1,48.822,2000
2026-06-26 09:47:40,105,W+7.5,13,True,False,False,,-1,48.7499,2000
2026-06-26 09:48:27,95,B+0.5,5,True,False,False,,-1,48.7093,2000
2026-06-26 09:49:20,123,W+1.5,11,True,False,False,,-1,48.7946,2000
2026-06-26 09:50:11,109,W+0.5,13,True,False,False,,-1,48.7674,2000
2026-06-26 09:51:00,109,W+1.5,18,True,False,False,,-1,48.7584,2000
2026-06-26 09:52:00,139,W+0.5,21,True,False,False,,-1,48.8471,2000
2026-06-26 09:52:53,107,B+5.5,8,True,False,False,,-1,48.8953,2000
2026-06-26 09:53:33,77,B+1.5,2,True,False,False,,-1,48.7581,2000
2026-06-26 09:54:31,116,W+24.5,8,True,False,False,,-1,48.8533,2000
2026-06-26 09:55:20,110,B+2.5,15,True,False,False,,-1,48.9111,2000
2026-06-26 09:56:21,141,B+47.5,15,True,False,False,,-1,48.9311,2000
2026-06-26 09:57:12,105,W+2.5,10,True,False,False,,-1,49.2441,2000
2026-06-26 09:58:07,112,B+4.5,10,True,False,False,,-1,49.2924,2000
2026-06-26 09:58:57,105,W+4.5,8,True,False,False,,-1,49.3548,2000
2026-06-26 09:59:45,104,B+6.5,6,True,False,False,,-1,49.4144,2000
2026-06-26 10:00:27,73,B+1.5,6,True,False,False,,-1,49.3381,2000
2026-06-26 10:01:18,105,W+8.5,9,True,False,False,,-1,49.39,2000
2026-06-26 10:02:14,109,W+2.5,14,True,False,False,,-1,49.4015,2000
2026-06-26 10:03:03,106,B+17.5,8,True,False,False,,-1,49.3445,2000
2026-06-26 10:03:46,79,B+1.5,4,True,False,False,,-1,49.266,2000
2026-06-26 10:04:33,108,B+1.5,9,True,False,False,,-1,49.2485,2000
2026-06-26 10:05:25,115,W+3.5,20,True,False,False,,-1,49.3257,2000
2026-06-26 10:06:13,100,B+1.5,9,True,False,False,,-1,49.3117,2000
2026-06-26 10:07:04,97,B+15.5,12,True,False,False,,-1,49.3328,2000
2026-06-26 10:07:57,105,W+2.5,12,True,False,False,,-1,49.3467,2000
2026-06-26 10:08:49,107,B+1.5,12,True,False,False,,-1,49.379,2000
2026-06-26 10:09:42,108,W+5.5,13,True,False,False,,-1,49.4834,2000
2026-06-26 10:10:32,99,W+1.5,9,True,False,False,,-1,49.4816,2000
2026-06-26 10:11:25,103,B+9.5,8,True,False,False,,-1,49.5495,2000
2026-06-26 10:12:15,99,B+0.5,4,True,False,False,,-1,49.554,2000
2026-06-26 10:13:08,110,B+1.5,20,True,False,False,,-1,49.595,2000
2026-06-26 10:14:02,113,W+5.5,12,True,False,False,,-1,49.5645,2000
2026-06-26 10:15:00,118,B+10.5,14,True,False,False,,-1,49.6447,2000
2026-06-26 10:15:48,98,B+1.5,6,True,False,False,,-1,49.6002,2000
2026-06-26 10:16:43,126,B+1.5,12,True,False,False,,-1,49.7345,2000
2026-06-26 10:17:36,109,W+6.5,12,True,False,False,,-1,49.6926,2000
2026-06-26 10:18:36,142,B+5.5,20,True,False,False,,-1,49.8209,2000
2026-06-26 10:19:22,97,W+4.5,16,True,False,False,,-1,49.7953,2000
2026-06-26 10:20:20,120,B+2.5,11,True,False,False,,-1,49.8406,2000
2026-06-26 10:21:16,127,W+2.5,22,True,False,False,,-1,49.9207,2000
2026-06-26 10:21:33,30,W+7.5,2,True,False,False,,-1,49.6382,2000
2026-06-26 10:22:24,107,W+5.5,16,True,False,False,,-1,49.7391,2000
2026-06-26 10:23:30,152,B+29.5,14,True,False,False,,-1,49.9046,2000
2026-06-26 10:24:30,129,W+6.5,14,True,False,False,,-1,49.8445,2000
2026-06-26 10:25:17,99,W+11.5,10,True,False,False,,-1,50.1174,2000
2026-06-26 10:26:02,99,W+0.5,11,True,False,False,,-1,50.0754,2000
2026-06-26 10:27:09,162,W+7.5,32,True,False,False,,-1,50.1883,2000
2026-06-26 10:28:07,126,B+3.5,9,True,False,False,,-1,50.2772,2000
2026-06-26 10:29:00,116,B+0.5,14,True,False,False,,-1,50.3149,2000
2026-06-26 10:29:48,103,W+0.5,15,True,False,False,,-1,50.3589,2000
2026-06-26 10:30:36,89,B+5.5,4,True,False,False,,-1,50.3281,2000
2026-06-26 10:31:36,129,W+5.5,19,True,False,False,,-1,50.2765,2000
2026-06-26 10:32:40,136,B+25.5,14,True,False,False,,-1,50.4781,2000
2026-06-26 10:33:26,99,W+0.5,10,True,False,False,,-1,50.3278,2000
2026-06-26 10:34:27,162,B+2.5,24,True,False,False,,-1,50.5196,2000
2026-06-26 10:35:23,119,B+3.5,10,True,False,False,,-1,50.9511,2000
2026-06-26 10:36:14,97,W+9.5,5,True,False,False,,-1,51.0012,2000
2026-06-26 10:37:01,96,B+6.5,7,True,False,False,,-1,50.9229,2000
2026-06-26 10:37:53,105,W+1.5,11,True,False,False,,-1,50.8757,2000
2026-06-26 10:38:58,139,W+0.5,15,True,False,False,,-1,51.0125,2000
2026-06-26 10:39:43,98,B+1.5,10,True,False,False,,-1,50.9937,2000
2026-06-26 10:40:30,89,B+0.5,6,True,False,False,,-1,50.8941,2000
2026-06-26 10:41:23,112,B+8.5,11,True,False,False,,-1,50.7085,2000
2026-06-26 10:42:11,105,W+8.5,12,True,False,False,,-1,50.6193,2000
2026-06-26 10:42:27,26,W+7.5,2,True,False,False,,-1,50.2896,2000
2026-06-26 10:43:26,130,B+0.5,14,True,False,False,,-1,50.415,2000
2026-06-26 10:44:11,91,B+3.5,5,True,False,False,,-1,50.4024,2000
2026-06-26 10:44:58,105,W+2.5,12,True,False,False,,-1,50.2792,2000
2026-06-26 10:45:45,94,B+3.5,8,True,False,False,,-1,50.2144,2000
2026-06-26 10:46:37,116,B+12.5,8,True,False,False,,-1,50.2703,2000
2026-06-26 10:47:22,99,W+10.5,9,True,False,False,,-1,50.2212,2000
2026-06-26 10:48:10,99,W+6.5,11,True,False,False,,-1,50.2105,2000
2026-06-26 10:48:54,89,B+1.5,5,True,False,False,,-1,50.149,2000
2026-06-26 10:49:39,95,W+0.5,12,True,False,False,,-1,50.0436,2000
2026-06-26 10:50:26,101,W+2.5,10,True,False,False,,-1,50.3962,2000
2026-06-26 10:51:16,112,W+0.5,14,True,False,False,,-1,50.4328,2000
2026-06-26 10:51:57,81,B+1.5,2,True,False,False,,-1,50.3447,2000
2026-06-26 10:52:52,117,W+1.5,19,True,False,False,,-1,50.3113,2000
2026-06-26 10:53:39,101,W+0.5,9,True,False,False,,-1,50.3377,2000
2026-06-26 10:54:24,91,W+5.5,6,True,False,False,,-1,50.2876,2000
2026-06-26 10:55:28,152,B+13.5,18,True,False,False,,-1,50.4232,2000
2026-06-26 10:56:24,119,W+1.5,16,True,False,False,,-1,50.4639,2000
2026-06-26 10:57:16,112,B+0.5,17,True,False,False,,-1,50.545,2000
2026-06-26 10:57:48,57,B+4.5,2,True,False,False,,-1,50.3522,2000
2026-06-26 10:58:31,79,B+0.5,6,True,False,False,,-1,50.2668,2000
2026-06-26 10:59:31,127,W+4.5,14,True,False,False,,-1,50.4516,2000
2026-06-26 11:00:17,85,B+14.5,3,True,False,False,,-1,50.3341,2000
2026-06-26 11:01:03,93,B+10.5,2,True,False,False,,-1,50.4062,2000
2026-06-26 11:01:57,113,W+8.5,14,True,False,False,,-1,50.4071,2000
2026-06-26 11:02:57,124,B+2.5,13,True,False,False,,-1,50.5287,2000
2026-06-26 11:03:52,124,W+0.5,16,True,False,False,,-1,50.6055,2000
2026-06-26 11:04:37,91,B+9.5,5,True,False,False,,-1,50.5218,2000
2026-06-26 11:05:36,127,W+2.5,17,True,False,False,,-1,50.6686,2000
2026-06-26 11:06:25,101,W+8.5,10,True,False,False,,-1,50.6787,2000
2026-06-26 11:07:27,129,B+14.5,10,True,False,False,,-1,50.793,2000
2026-06-26 11:10:14,108,B+1.5,14,True,False,False,,-1,50.6535,3000
2026-06-26 11:11:13,113,B+13.5,15,True,False,False,,-1,50.7377,3000
2026-06-26 11:12:09,106,B+1.5,6,True,False,False,,-1,50.8149,3000
2026-06-26 11:12:54,79,B+2.5,4,True,False,False,,-1,50.7423,3000
2026-06-26 11:13:42,85,B+0.5,3,True,False,False,,-1,50.7766,3000
2026-06-26 11:14:41,120,B+1.5,16,True,False,False,,-1,50.9015,3000
2026-06-26 11:15:30,97,B+0.5,11,True,False,False,,-1,50.8646,3000
2026-06-26 11:16:22,115,B+2.5,13,True,False,False,,-1,50.8741,3000
2026-06-26 11:17:19,109,B+13.5,3,True,False,False,,-1,50.9513,3000
2026-06-26 11:18:27,137,B+7.5,22,True,False,False,,-1,51.0271,3000
2026-06-26 11:18:43,26,W+5.5,2,True,False,False,,-1,50.6665,3000
2026-06-26 11:19:29,84,W+2.5,3,True,False,False,,-1,50.7238,3000
2026-06-26 11:20:24,107,B+1.5,12,True,False,False,,-1,50.6921,3000
2026-06-26 11:21:11,99,W+4.5,8,True,False,False,,-1,50.679,3000
2026-06-26 11:22:10,129,W+2.5,21,True,False,False,,-1,50.6448,3000
2026-06-26 11:22:24,22,W+7.5,2,True,False,False,,-1,50.2771,3000
2026-06-26 11:23:17,112,B+6.5,12,True,False,False,,-1,50.2686,3000
2026-06-26 11:24:09,108,B+3.5,15,True,False,False,,-1,50.2919,3000
2026-06-26 11:25:04,118,W+1.5,16,True,False,False,,-1,50.3576,3000
2026-06-26 11:26:02,117,W+0.5,13,True,False,False,,-1,50.5157,3000
2026-06-26 11:26:50,90,W+2.5,4,True,False,False,,-1,50.4846,3000
2026-06-26 11:27:45,117,W+14.5,17,True,False,False,,-1,50.4669,3000
2026-06-26 11:28:33,99,W+4.5,5,True,False,False,,-1,50.4626,3000
2026-06-26 11:29:25,104,B+2.5,3,True,False,False,,-1,50.5588,3000
2026-06-26 11:30:15,89,B+2.5,7,True,False,False,,-1,50.581,3000
2026-06-26 11:31:00,85,B+0.5,3,True,False,False,,-1,50.5141,3000
2026-06-26 11:31:52,104,B+1.5,9,True,False,False,,-1,50.5525,3000
2026-06-26 11:32:39,87,B+1.5,4,True,False,False,,-1,50.5194,3000
2026-06-26 11:33:30,110,B+1.5,13,True,False,False,,-1,50.4937,3000
2026-06-26 11:34:23,105,B+5.5,5,True,False,False,,-1,50.501,3000
2026-06-26 11:35:19,114,B+1.5,11,True,False,False,,-1,50.5365,3000
2026-06-26 11:36:12,109,W+4.5,11,True,False,False,,-1,50.5573,3000
2026-06-26 11:37:07,111,W+0.5,11,True,False,False,,-1,50.581,3000
2026-06-26 11:38:02,115,W+8.5,14,True,False,False,,-1,50.632,3000
2026-06-26 11:39:00,121,W+2.5,23,True,False,False,,-1,50.6828,3000
2026-06-26 11:40:09,162,W+5.5,30,True,False,False,,-1,50.8279,3000
2026-06-26 11:40:54,87,B+3.5,3,True,False,False,,-1,50.7066,3000
2026-06-26 11:42:02,151,W+3.5,23,True,False,False,,-1,50.9013,3000
2026-06-26 11:42:59,116,B+2.5,11,True,False,False,,-1,50.9306,3000
2026-06-26 11:44:07,162,W+0.5,9,True,False,False,,-1,51.0803,3000
2026-06-26 11:45:01,112,B+4.5,14,True,False,False,,-1,51.0116,3000
2026-06-26 11:45:50,101,B+1.5,9,True,False,False,,-1,51.0495,3000
2026-06-26 11:46:45,108,W+0.5,10,True,False,False,,-1,51.0123,3000
2026-06-26 11:47:32,95,W+0.5,10,True,False,False,,-1,50.9265,3000
2026-06-26 11:48:21,97,W+4.5,4,True,False,False,,-1,51.2502,3000
2026-06-26 11:49:14,108,B+3.5,12,True,False,False,,-1,51.266,3000
2026-06-26 11:49:43,48,W+4.5,2,True,False,False,,-1,50.8879,3000
2026-06-26 11:50:29,97,W+0.5,6,True,False,False,,-1,50.7574,3000
2026-06-26 11:51:22,101,W+3.5,10,True,False,False,,-1,50.8119,3000
2026-06-26 11:52:22,129,W+3.5,18,True,False,False,,-1,50.9654,3000
2026-06-26 11:53:16,113,W+6.5,10,True,False,False,,-1,50.8347,3000
2026-06-26 11:54:08,107,W+2.5,16,True,False,False,,-1,50.7735,3000
2026-06-26 11:55:03,123,W+2.5,17,True,False,False,,-1,50.7988,3000
2026-06-26 11:55:30,44,W+1.5,2,True,False,False,,-1,50.5776,3000
2026-06-26 11:56:17,95,W+0.5,9,True,False,False,,-1,50.5767,3000
2026-06-26 11:57:19,133,W+5.5,18,True,False,False,,-1,50.6,3000
2026-06-26 11:58:09,96,B+1.5,6,True,False,False,,-1,50.4602,3000
2026-06-26 11:59:06,111,W+10.5,12,True,False,False,,-1,50.5697,3000
2026-06-26 11:59:57,100,B+4.5,8,True,False,False,,-1,50.4629,3000
2026-06-26 12:00:55,117,W+2.5,10,True,False,False,,-1,50.4811,3000
2026-06-26 12:01:39,88,B+2.5,6,True,False,False,,-1,50.4167,3000
2026-06-26 12:02:31,103,B+1.5,12,True,False,False,,-1,50.4575,3000
2026-06-26 12:03:23,105,W+2.5,14,True,False,False,,-1,50.4625,3000
2026-06-26 12:04:16,99,B+10.5,7,True,False,False,,-1,50.3404,3000
2026-06-26 12:05:18,132,B+2.5,20,True,False,False,,-1,50.5131,3000
2026-06-26 12:06:29,148,B+4.5,13,True,False,False,,-1,50.7604,3000
2026-06-26 12:07:41,162,B+7.5,30,True,False,False,,-1,50.9414,3000
2026-06-26 12:08:31,99,B+2.5,8,True,False,False,,-1,50.9573,3000
2026-06-26 12:09:20,92,W+0.5,5,True,False,False,,-1,51.2975,3000
2026-06-26 12:10:10,102,W+5.5,8,True,False,False,,-1,51.2011,3000
2026-06-26 12:10:59,106,W+0.5,13,True,False,False,,-1,51.2512,3000
2026-06-26 12:11:50,104,B+5.5,7,True,False,False,,-1,51.2822,3000
2026-06-26 12:12:45,115,W+1.5,19,True,False,False,,-1,51.3679,3000
2026-06-26 12:13:40,114,B+25.5,6,True,False,False,,-1,51.3887,3000
2026-06-26 12:14:29,97,W+6.5,6,True,False,False,,-1,51.4273,3000
2026-06-26 12:15:17,98,W+1.5,10,True,False,False,,-1,51.4342,3000
2026-06-26 12:16:17,117,B+4.5,4,True,False,False,,-1,51.5861,3000
2026-06-26 12:16:30,22,W+7.5,2,True,False,False,,-1,51.2727,3000
2026-06-26 12:17:22,107,W+2.5,14,True,False,False,,-1,51.3258,3000
2026-06-26 12:18:18,114,B+1.5,9,True,False,False,,-1,51.3831,3000
2026-06-26 12:19:12,106,B+2.5,14,True,False,False,,-1,51.5148,3000
2026-06-26 12:20:00,90,B+2.5,4,True,False,False,,-1,51.4492,3000
2026-06-26 12:21:08,153,W+1.5,35,True,False,False,,-1,51.6549,3000
2026-06-26 12:22:15,151,W+0.5,26,True,False,False,,-1,51.8737,3000
2026-06-26 12:23:10,113,B+2.5,12,True,False,False,,-1,51.7839,3000
2026-06-26 12:24:01,95,B+1.5,4,True,False,False,,-1,51.7342,3000
2026-06-26 12:24:51,101,W+5.5,9,True,False,False,,-1,51.7097,3000
2026-06-26 12:25:08,28,W+7.5,2,True,False,False,,-1,51.5653,3000
2026-06-26 12:26:00,106,B+1.5,9,True,False,False,,-1,51.6549,3000
2026-06-26 12:27:06,152,B+17.5,28,True,False,False,,-1,51.7198,3000
2026-06-26 12:28:05,115,W+2.5,11,True,False,False,,-1,51.8426,3000
2026-06-26 12:28:41,62,W+2.5,2,True,False,False,,-1,51.751,3000
2026-06-26 12:29:36,110,B+5.5,20,True,False,False,,-1,51.7483,3000
2026-06-26 12:30:30,119,W+0.5,18,True,False,False,,-1,51.6936,3000
2026-06-26 12:31:18,90,B+4.5,5,True,False,False,,-1,51.6213,3000
2026-06-26 12:32:10,107,B+3.5,9,True,False,False,,-1,51.6977,3000
2026-06-26 12:33:01,103,B+1.5,8,True,False,False,,-1,51.6189,3000
2026-06-26 12:33:49,89,B+2.5,5,True,False,False,,-1,51.598,3000
2026-06-26 12:34:43,109,W+2.5,15,True,False,False,,-1,51.5256,3000
2026-06-26 12:35:40,121,W+0.5,16,True,False,False,,-1,51.7902,3000
2026-06-26 12:36:40,133,W+7.5,17,True,False,False,,-1,51.8607,3000
2026-06-26 12:37:35,113,W+0.5,15,True,False,False,,-1,51.8118,3000
2026-06-26 12:38:25,102,B+3.5,10,True,False,False,,-1,51.7597,3000
2026-06-26 12:39:15,105,W+1.5,13,True,False,False,,-1,51.8112,3000
2026-06-26 12:40:08,108,B+5.5,9,True,False,False,,-1,51.8627,3000
2026-06-26 12:41:01,109,W+2.5,14,True,False,False,,-1,51.801,3000
2026-06-26 12:41:57,114,B+0.5,19,True,False,False,,-1,51.8696,3000
2026-06-26 12:42:53,107,W+2.5,15,True,False,False,,-1,51.907,3000
2026-06-26 12:43:38,86,B+1.5,3,True,False,False,,-1,51.7927,3000
2026-06-26 12:44:29,100,B+3.5,15,True,False,False,,-1,51.6215,3000
2026-06-26 12:45:23,107,W+1.5,16,True,False,False,,-1,51.9951,3000
2026-06-26 12:46:29,148,B+24.5,19,True,False,False,,-1,52.1942,3000
2026-06-26 12:47:26,115,W+0.5,10,True,False,False,,-1,52.2136,3000
2026-06-26 12:48:20,108,B+1.5,13,True,False,False,,-1,52.282,3000
2026-06-26 12:49:05,79,B+0.5,4,True,False,False,,-1,52.1561,3000
2026-06-26 12:49:56,104,B+3.5,8,True,False,False,,-1,52.5165,3000
2026-06-26 12:50:53,117,W+0.5,13,True,False,False,,-1,52.5564,3000
2026-06-26 12:51:48,112,B+2.5,10,True,False,False,,-1,52.5827,3000
2026-06-26 12:52:39,100,B+2.5,6,True,False,False,,-1,52.5478,3000
2026-06-26 12:53:35,111,W+3.5,16,True,False,False,,-1,52.5263,3000
2026-06-26 12:54:26,91,B+1.5,4,True,False,False,,-1,52.5525,3000
2026-06-26 12:55:20,103,W+2.5,13,True,False,False,,-1,52.5483,3000
2026-06-26 12:55:39,32,W+6.5,2,True,False,False,,-1,52.2568,3000
2026-06-26 12:56:51,158,B+3.5,13,True,False,False,,-1,52.4558,3000
2026-06-26 12:57:47,120,B+0.5,21,True,False,False,,-1,52.5253,3000
2026-06-26 12:58:40,109,W+9.5,18,True,False,False,,-1,52.5948,3000
2026-06-26 12:59:37,117,W+1.5,18,True,False,False,,-1,52.6487,3000
2026-06-26 13:00:28,101,B+10.5,7,True,False,False,,-1,52.6831,3000
2026-06-26 13:01:18,96,B+1.5,8,True,False,False,,-1,52.6688,3000
2026-06-26 13:02:17,122,B+0.5,17,True,False,False,,-1,52.737,3000
2026-06-26 13:03:13,120,B+0.5,15,True,False,False,,-1,52.7431,3000
2026-06-26 13:04:25,152,B+8.5,17,True,False,False,,-1,52.9251,3000
2026-06-26 13:05:19,109,W+1.5,15,True,False,False,,-1,52.912,3000
2026-06-26 13:06:08,95,W+1.5,4,True,False,False,,-1,52.8635,3000
2026-06-26 13:06:59,107,W+0.5,16,True,False,False,,-1,52.7858,3000
2026-06-26 13:07:48,95,W+2.5,9,True,False,False,,-1,52.5949,3000
2026-06-26 13:08:42,103,W+1.5,6,True,False,False,,-1,52.6733,3000
2026-06-26 13:09:39,108,B+0.5,10,True,False,False,,-1,52.5639,3000
2026-06-26 13:10:26,84,B+4.5,5,True,False,False,,-1,52.46,3000
2026-06-26 13:11:16,109,W+2.5,13,True,False,False,,-1,52.285,3000
2026-06-26 13:12:12,117,W+0.5,10,True,False,False,,-1,52.3118,3000
2026-06-26 13:13:00,93,W+1.5,9,True,False,False,,-1,52.2899,3000
2026-06-26 13:13:29,50,W+10.5,3,True,False,False,,-1,52.0406,3000
2026-06-26 13:14:27,124,B+5.5,13,True,False,False,,-1,52.142,3000
2026-06-26 13:15:06,71,B+4.5,2,True,False,False,,-1,52.0457,3000
2026-06-26 13:15:50,93,W+2.5,10,True,False,False,,-1,51.9602,3000
2026-06-26 13:16:48,122,B+0.5,14,True,False,False,,-1,52.2471,3000
2026-06-26 13:17:42,110,B+17.5,8,True,False,False,,-1,52.3276,3000
2026-06-26 13:18:48,141,W+2.5,27,True,False,False,,-1,52.4555,3000
2026-06-26 13:19:41,111,W+4.5,12,True,False,False,,-1,52.3858,3000
2026-06-26 13:20:36,107,W+9.5,5,True,False,False,,-1,52.4011,3000
2026-06-26 13:21:31,105,W+7.5,5,True,False,False,,-1,52.425,3000
2026-06-26 13:22:24,106,B+0.5,6,True,False,False,,-1,52.4041,3000
2026-06-26 13:23:24,119,B+7.5,12,True,False,False,,-1,52.736,3000
2026-06-26 13:24:13,87,B+5.5,10,True,False,False,,-1,52.7577,3000
2026-06-26 13:25:10,115,W+1.5,14,True,False,False,,-1,52.7081,3000
2026-06-26 13:26:03,103,B+3.5,10,True,False,False,,-1,52.7354,3000
2026-06-26 13:26:59,115,W+0.5,10,True,False,False,,-1,52.7193,3000
2026-06-26 13:27:57,127,W+2.5,19,True,False,False,,-1,52.792,3000
2026-06-26 13:28:44,95,W+2.5,6,True,False,False,,-1,52.6933,3000
2026-06-26 13:29:40,119,W+1.5,12,True,False,False,,-1,52.8073,3000
2026-06-26 13:30:36,116,B+0.5,13,True,False,False,,-1,52.8458,3000
2026-06-26 13:31:34,127,W+8.5,19,True,False,False,,-1,52.9063,3000
2026-06-26 13:31:48,24,W+7.5,2,True,False,False,,-1,52.5239,3000
2026-06-26 13:32:37,92,B+2.5,6,True,False,False,,-1,52.3847,3000
2026-06-26 13:33:27,99,W+0.5,9,True,False,False,,-1,52.1704,3000
2026-06-26 13:34:18,98,B+0.5,11,True,False,False,,-1,51.9672,3000
2026-06-26 13:34:30,20,W+7.5,2,True,False,False,,-1,51.5896,3000
2026-06-26 13:35:39,157,W+2.5,36,True,False,False,,-1,51.7797,3000
2026-06-26 13:36:31,115,W+0.5,19,True,False,False,,-1,51.8101,3000
2026-06-26 13:37:29,116,B+6.5,15,True,False,False,,-1,51.8924,3000
2026-06-26 13:38:25,106,B+16.5,3,True,False,False,,-1,51.9446,3000
2026-06-26 13:39:04,67,B+2.5,3,True,False,False,,-1,51.7805,3000
2026-06-26 13:39:17,22,W+7.5,2,True,False,False,,-1,51.373,3000
2026-06-26 13:40:12,105,B+2.5,8,True,False,False,,-1,51.4275,3000
2026-06-26 13:41:12,123,W+0.5,20,True,False,False,,-1,51.5485,3000
2026-06-26 13:42:11,127,W+4.5,23,True,False,False,,-1,51.5361,3000
2026-06-26 13:43:05,109,B+3.5,11,True,False,False,,-1,51.9413,3000
2026-06-26 13:44:08,134,B+0.5,20,True,False,False,,-1,52.0498,3000
2026-06-26 13:45:13,159,W+1.5,30,True,False,False,,-1,52.1515,3000
2026-06-26 13:46:03,107,W+0.5,19,True,False,False,,-1,52.1074,3000
2026-06-26 13:47:04,125,W+0.5,10,True,False,False,,-1,52.2323,3000
2026-06-26 13:48:04,131,B+1.5,18,True,False,False,,-1,52.1507,3000
2026-06-26 13:48:58,113,W+0.5,11,True,False,False,,-1,52.0279,3000
2026-06-26 13:49:46,101,W+4.5,8,True,False,False,,-1,51.9529,3000
2026-06-26 13:50:38,100,B+0.5,9,True,False,False,,-1,51.9672,3000
2026-06-26 13:51:31,103,B+2.5,4,True,False,False,,-1,51.9961,3000
2026-06-26 13:52:26,104,B+5.5,12,True,False,False,,-1,52.3809,3000
2026-06-26 13:53:19,107,W+3.5,14,True,False,False,,-1,52.3827,3000
2026-06-26 13:54:13,115,B+7.5,6,True,False,False,,-1,52.2665,3000
2026-06-26 13:55:08,115,W+3.5,12,True,False,False,,-1,52.2293,3000
2026-06-26 13:56:04,120,B+1.5,13,True,False,False,,-1,52.4257,3000
2026-06-26 13:57:00,126,W+5.5,15,True,False,False,,-1,52.4454,3000
2026-06-26 13:57:54,119,W+1.5,15,True,False,False,,-1,52.4384,3000
2026-06-26 13:58:32,64,W+0.5,3,True,False,False,,-1,52.3361,3000
2026-06-26 13:59:30,135,B+0.5,17,True,False,False,,-1,52.3878,3000
2026-06-26 14:00:28,121,W+1.5,18,True,False,False,,-1,52.4632,3000
2026-06-26 14:01:30,123,W+1.5,17,True,False,False,,-1,52.6097,3000
2026-06-26 14:02:20,99,B+0.5,5,True,False,False,,-1,52.5705,3000
2026-06-26 14:03:11,105,W+2.5,15,True,False,False,,-1,52.506,3000
2026-06-26 14:04:06,111,W+1.5,10,True,False,False,,-1,52.4585,3000
2026-06-26 14:05:09,129,B+3.5,18,True,False,False,,-1,52.5419,3000
2026-06-26 14:06:01,101,W+0.5,12,True,False,False,,-1,52.5505,3000
2026-06-26 14:07:14,162,W+26.5,21,True,False,False,,-1,52.7838,3000
2026-06-26 14:08:14,129,W+6.5,26,True,False,False,,-1,52.857,3000
2026-06-26 14:09:11,115,W+4.5,10,True,False,False,,-1,52.8928,3000
2026-06-26 14:10:01,93,B+7.5,6,True,False,False,,-1,52.8315,3000
2026-06-26 14:10:57,119,W+4.5,22,True,False,False,,-1,52.8325,3000
2026-06-26 14:11:45,91,B+6.5,6,True,False,False,,-1,52.8659,3000
2026-06-26 14:12:34,94,B+3.5,7,True,False,False,,-1,52.8474,3000
2026-06-26 14:13:33,113,W+0.5,16,True,False,False,,-1,52.8967,3000
2026-06-26 14:14:21,87,B+15.5,11,True,False,False,,-1,52.7151,3000
2026-06-26 14:15:06,81,B+1.5,3,True,False,False,,-1,52.604,3000
2026-06-26 14:15:58,109,W+1.5,15,True,False,False,,-1,52.5783,3000
2026-06-26 14:16:48,98,B+2.5,12,True,False,False,,-1,52.6263,3000
2026-06-26 14:17:49,127,W+2.5,15,True,False,False,,-1,52.7307,3000
2026-06-26 14:18:52,122,B+2.5,13,True,False,False,,-1,52.7811,3000
2026-06-26 14:20:03,162,B+0.5,31,True,False,False,,-1,52.942,3000
2026-06-26 14:20:54,119,W+2.5,19,True,False,False,,-1,52.9461,3000
2026-06-26 14:21:55,127,W+2.5,21,True,False,False,,-1,52.9981,3000
2026-06-26 14:22:51,124,B+5.5,11,True,False,False,,-1,53.0492,3000
2026-06-26 14:23:50,125,W+5.5,24,True,False,False,,-1,53.0946,3000
2026-06-26 14:24:39,96,B+7.5,8,True,False,False,,-1,53.3975,3000
2026-06-26 14:25:37,120,B+0.5,12,True,False,False,,-1,53.2558,3000
2026-06-26 14:26:29,104,B+0.5,11,True,False,False,,-1,53.2162,3000
2026-06-26 14:27:22,109,W+0.5,8,True,False,False,,-1,53.2149,3000
2026-06-26 14:28:19,118,W+3.5,16,True,False,False,,-1,53.2225,3000
2026-06-26 14:29:08,102,W+1.5,15,True,False,False,,-1,53.1958,3000
2026-06-26 14:29:55,101,W+1.5,15,True,False,False,,-1,53.1758,3000
2026-06-26 14:30:49,109,W+3.5,13,True,False,False,,-1,53.1229,3000
2026-06-26 14:31:42,113,W+16.5,14,True,False,False,,-1,53.0863,3000
2026-06-26 14:32:34,106,B+4.5,10,True,False,False,,-1,52.8919,3000
2026-06-26 14:33:24,96,B+8.5,11,True,False,False,,-1,52.8521,3000
2026-06-26 14:34:13,99,W+7.5,12,True,False,False,,-1,52.8382,3000
2026-06-26 14:35:02,101,W+7.5,13,True,False,False,,-1,52.8318,3000
2026-06-26 14:36:02,119,W+10.5,15,True,False,False,,-1,52.9357,3000
2026-06-26 14:36:54,102,B+1.5,9,True,False,False,,-1,52.9175,3000
2026-06-26 14:37:46,111,W+2.5,15,True,False,False,,-1,52.871,3000
2026-06-26 14:38:44,125,W+2.5,15,True,False,False,,-1,52.9832,3000
2026-06-26 14:39:37,99,B+3.5,5,True,False,False,,-1,53.0039,3000
2026-06-26 14:40:41,127,B+22.5,7,True,False,False,,-1,53.0831,3000
2026-06-26 14:41:34,107,B+0.5,10,True,False,False,,-1,53.135,3000
2026-06-26 14:42:25,107,W+5.5,11,True,False,False,,-1,53.3563,3000
2026-06-26 14:43:17,108,B+1.5,8,True,False,False,,-1,53.2983,3000
2026-06-26 14:44:06,97,W+1.5,13,True,False,False,,-1,53.3906,3000
2026-06-26 14:44:58,107,W+0.5,8,True,False,False,,-1,53.4743,3000
2026-06-26 14:45:52,108,B+5.5,12,True,False,False,,-1,53.4345,3000
2026-06-26 14:46:43,103,W+8.5,10,True,False,False,,-1,53.4097,3000
2026-06-26 14:47:27,83,B+0.5,3,True,False,False,,-1,53.1908,3000
2026-06-26 14:48:14,83,B+4.5,5,True,False,False,,-1,53.1246,3000
2026-06-26 14:49:05,111,W+2.5,19,True,False,False,,-1,53.085,3000
2026-06-26 14:49:59,106,B+10.5,13,True,False,False,,-1,53.0818,3000
2026-06-26 14:50:47,104,B+1.5,12,True,False,False,,-1,53.0239,3000
2026-06-26 14:51:44,126,B+10.5,16,True,False,False,,-1,53.0034,3000
2026-06-26 14:52:33,99,W+2.5,14,True,False,False,,-1,52.9972,3000
2026-06-26 14:53:22,96,B+0.5,6,True,False,False,,-1,52.9137,3000
2026-06-26 14:54:10,95,W+16.5,12,True,False,False,,-1,52.8684,3000
2026-06-26 14:55:15,143,W+3.5,24,True,False,False,,-1,52.9636,3000
2026-06-26 14:56:09,116,W+7.5,14,True,False,False,,-1,52.9206,3000
2026-06-26 14:57:06,116,B+1.5,15,True,False,False,,-1,53.0087,3000
2026-06-26 14:57:52,95,W+2.5,8,True,False,False,,-1,52.9227,3000
2026-06-26 14:58:55,135,W+0.5,21,True,False,False,,-1,52.9913,3000
2026-06-26 14:59:43,90,B+0.5,3,True,False,False,,-1,52.8911,3000
2026-06-26 15:00:41,126,B+0.5,9,True,False,False,,-1,53.3205,3000
2026-06-26 15:01:27,92,B+1.5,4,True,False,False,,-1,53.3012,3000
2026-06-26 15:02:18,96,B+0.5,13,True,False,False,,-1,53.3062,3000
2026-06-26 15:03:05,93,W+2.5,5,True,False,False,,-1,53.2726,3000
2026-06-26 15:03:55,99,W+2.5,5,True,False,False,,-1,53.65,3000
2026-06-26 15:04:51,117,W+2.5,18,True,False,False,,-1,53.5243,3000
2026-06-26 15:05:44,102,W+0.5,7,True,False,False,,-1,53.5226,3000
2026-06-26 15:06:29,89,W+5.5,10,True,False,False,,-1,53.3955,3000
2026-06-26 15:07:19,93,B+0.5,12,True,False,False,,-1,53.3361,3000
2026-06-26 15:08:14,117,W+0.5,21,True,False,False,,-1,53.4975,3000
2026-06-26 15:08:35,34,W+7.5,2,True,False,False,,-1,53.5691,3000
2026-06-26 15:09:25,100,B+3.5,9,True,False,False,,-1,53.5253,3000
2026-06-26 15:10:24,133,W+8.5,25,True,False,False,,-1,53.5236,3000
2026-06-26 15:11:20,111,W+2.5,12,True,False,False,,-1,53.4907,3000
2026-06-26 15:12:14,113,W+5.5,12,True,False,False,,-1,53.494,3000
2026-06-26 15:13:18,131,W+0.5,15,True,False,False,,-1,53.499,3000
2026-06-26 15:14:02,90,W+2.5,12,True,False,False,,-1,53.2841,3000
2026-06-26 15:14:54,105,W+2.5,9,True,False,False,,-1,53.3,3000
2026-06-26 15:15:45,104,B+3.5,10,True,False,False,,-1,53.2103,3000
2026-06-26 15:16:40,113,W+0.5,21,True,False,False,,-1,53.1598,3000
2026-06-26 15:17:44,130,B+12.5,19,True,False,False,,-1,53.2525,3000
2026-06-26 15:18:36,101,W+0.5,6,True,False,False,,-1,53.2971,3000
2026-06-26 15:19:30,107,B+2.5,8,True,False,False,,-1,53.3241,3000
2026-06-26 15:20:31,127,W+5.5,15,True,False,False,,-1,53.3978,3000
2026-06-26 15:21:30,127,W+3.5,20,True,False,False,,-1,53.4314,3000
2026-06-26 15:22:21,105,W+4.5,12,True,False,False,,-1,53.4197,3000
2026-06-26 15:23:22,135,W+4.5,24,True,False,False,,-1,53.4875,3000
2026-06-26 15:24:17,112,B+2.5,13,True,False,False,,-1,53.4817,3000
2026-06-26 15:25:15,123,W+6.5,18,True,False,False,,-1,53.5052,3000
2026-06-26 15:26:13,113,B+3.5,7,True,False,False,,-1,53.5196,3000
2026-06-26 15:27:03,101,B+0.5,12,True,False,False,,-1,53.4918,3000
2026-06-26 15:27:49,91,W+2.5,7,True,False,False,,-1,53.5656,3000
2026-06-26 15:28:33,86,B+6.5,2,True,False,False,,-1,53.4359,3000
2026-06-26 15:29:25,103,W+0.5,10,True,False,False,,-1,53.3721,3000
2026-06-26 15:30:20,108,B+3.5,11,True,False,False,,-1,53.2997,3000
2026-06-26 15:31:02,81,B+5.5,4,True,False,False,,-1,53.2157,3000
2026-06-26 15:31:55,114,B+0.5,16,True,False,False,,-1,53.2372,3000
2026-06-26 15:32:46,113,W+1.5,20,True,False,False,,-1,53.2004,3000
2026-06-26 15:33:44,115,W+22.5,17,True,False,False,,-1,53.1432,3000
2026-06-26 15:34:41,120,B+7.5,16,True,False,False,,-1,53.2037,3000
2026-06-26 15:35:35,113,W+0.5,16,True,False,False,,-1,53.0011,3000
2026-06-26 15:36:30,105,W+13.5,9,True,False,False,,-1,52.9553,3000
2026-06-26 15:37:22,109,W+1.5,17,True,False,False,,-1,52.916,3000
2026-06-26 15:38:18,119,W+2.5,20,True,False,False,,-1,52.9716,3000
2026-06-26 15:39:14,117,W+12.5,14,True,False,False,,-1,52.9731,3000
2026-06-26 15:40:04,100,B+1.5,6,True,False,False,,-1,52.9881,3000
2026-06-26 15:40:50,81,B+4.5,3,True,False,False,,-1,52.9526,3000
2026-06-26 15:42:02,162,B+11.5,22,True,False,False,,-1,53.0883,3000
2026-06-26 15:42:57,108,B+2.5,12,True,False,False,,-1,53.1564,3000
2026-06-26 15:43:50,100,B+14.5,5,True,False,False,,-1,53.234,3000
2026-06-26 15:44:39,102,B+2.5,10,True,False,False,,-1,53.212,3000
2026-06-26 15:45:27,93,W+5.5,10,True,False,False,,-1,53.1878,3000
2026-06-26 15:46:04,65,B+0.5,2,True,False,False,,-1,52.9505,3000
2026-06-26 15:46:55,97,B+7.5,4,True,False,False,,-1,52.8295,3000
2026-06-26 15:47:47,105,W+9.5,14,True,False,False,,-1,52.643,3000
2026-06-26 15:48:34,95,W+0.5,12,True,False,False,,-1,52.5905,3000
2026-06-26 15:49:27,106,B+2.5,13,True,False,False,,-1,52.5163,3000
2026-06-26 15:50:16,97,B+3.5,8,True,False,False,,-1,52.4438,3000
2026-06-26 15:50:58,73,B+5.5,2,True,False,False,,-1,52.2753,3000
2026-06-26 15:52:04,151,W+0.5,36,True,False,False,,-1,52.4479,3000
2026-06-26 15:53:14,162,W+12.5,35,True,False,False,,-1,52.5704,3000
2026-06-26 15:54:10,107,B+13.5,8,True,False,False,,-1,52.6061,3000
2026-06-26 15:55:02,104,B+0.5,9,True,False,False,,-1,52.6013,3000
2026-06-26 15:55:53,95,W+2.5,6,True,False,False,,-1,52.5279,3000
2026-06-26 15:56:48,108,B+1.5,9,True,False,False,,-1,52.5981,3000
2026-06-26 15:57:33,85,B+2.5,6,True,False,False,,-1,52.5702,3000
2026-06-26 15:58:25,102,B+1.5,8,True,False,False,,-1,52.5561,3000
2026-06-26 15:59:23,125,W+0.5,21,True,False,False,,-1,52.6036,3000
2026-06-26 16:00:20,123,W+0.5,23,True,False,False,,-1,52.6572,3000
2026-06-26 16:01:10,107,W+1.5,13,True,False,False,,-1,52.6523,3000
2026-06-26 16:01:58,97,W+0.5,10,True,False,False,,-1,52.6473,3000
2026-06-26 16:02:12,24,W+6.5,2,True,False,False,,-1,52.3002,3000
2026-06-26 16:02:48,61,B+4.5,2,True,False,False,,-1,52.0555,3000
2026-06-26 16:03:43,118,B+0.5,17,True,False,False,,-1,52.0956,3000
2026-06-26 16:04:32,101,W+1.5,14,True,False,False,,-1,52.0547,3000
2026-06-26 16:05:26,105,B+3.5,6,True,False,False,,-1,52.0142,3000
2026-06-26 16:06:18,104,B+12.5,12,True,False,False,,-1,52.0115,3000
2026-06-26 16:07:12,111,W+0.5,10,True,False,False,,-1,51.9121,3000
2026-06-26 16:07:54,71,B+4.5,4,True,False,False,,-1,51.801,3000
2026-06-26 16:08:54,124,B+0.5,17,True,False,False,,-1,51.8837,3000
2026-06-26 16:09:48,108,B+1.5,10,True,False,False,,-1,51.9066,3000
2026-06-26 16:10:35,89,B+0.5,5,True,False,False,,-1,51.8942,3000
2026-06-26 16:11:20,93,W+4.5,8,True,False,False,,-1,51.8209,3000
2026-06-26 16:12:16,115,W+6.5,7,True,False,False,,-1,51.8423,3000
2026-06-26 16:13:16,129,W+2.5,10,True,False,False,,-1,51.9186,3000
2026-06-26 16:14:24,159,W+1.5,27,True,False,False,,-1,52.1627,3000
2026-06-26 16:15:04,71,B+2.5,2,True,False,False,,-1,52.1055,3000
2026-06-26 16:15:57,105,W+3.5,14,True,False,False,,-1,52.118,3000
2026-06-26 16:16:51,107,W+11.5,12,True,False,False,,-1,52.1108,3000
2026-06-26 16:17:39,91,B+1.5,4,True,False,False,,-1,52.1179,3000
2026-06-26 16:18:30,104,B+2.5,11,True,False,False,,-1,52.0534,3000
2026-06-26 16:21:41,102,B+3.5,4,True,False,False,,-1,52.1186,4000
2026-06-26 16:22:38,117,W+1.5,17,True,False,False,,-1,52.2043,4000
2026-06-26 16:23:36,133,W+2.5,25,True,False,False,,-1,52.1345,4000
2026-06-26 16:24:32,106,B+0.5,17,True,False,False,,-1,52.1562,4000
2026-06-26 16:25:23,111,W+0.5,15,True,False,False,,-1,52.1018,4000
2026-06-26 16:26:13,101,B+1.5,13,True,False,False,,-1,52.1321,4000
2026-06-26 16:27:00,100,B+1.5,12,True,False,False,,-1,51.9733,4000
2026-06-26 16:27:54,123,W+1.5,23,True,False,False,,-1,52.036,4000
2026-06-26 16:28:43,103,B+0.5,8,True,False,False,,-1,51.9453,4000
2026-06-26 16:29:26,88,B+1.5,11,True,False,False,,-1,51.9107,4000
2026-06-26 16:30:25,162,B+9.5,20,True,False,False,,-1,52.0012,4000
2026-06-26 16:31:14,108,B+1.5,12,True,False,False,,-1,52.0142,4000
2026-06-26 16:32:16,162,B+3.5,27,True,False,False,,-1,52.1311,4000
2026-06-26 16:33:18,147,W+0.5,24,True,False,False,,-1,52.1887,4000
2026-06-26 16:34:03,99,B+4.5,7,True,False,False,,-1,52.1192,4000
2026-06-26 16:34:52,110,B+0.5,14,True,False,False,,-1,52.1545,4000
2026-06-26 16:35:39,98,B+0.5,12,True,False,False,,-1,52.1211,4000
2026-06-26 16:36:34,129,W+1.5,25,True,False,False,,-1,52.1295,4000
2026-06-26 16:37:24,108,B+3.5,16,True,False,False,,-1,52.4229,4000
2026-06-26 16:38:16,107,B+0.5,4,True,False,False,,-1,52.4407,4000
2026-06-26 16:39:07,108,B+1.5,10,True,False,False,,-1,52.346,4000
2026-06-26 16:39:55,105,W+1.5,14,True,False,False,,-1,52.2729,4000
2026-06-26 16:40:31,69,B+2.5,13,True,False,False,,-1,52.0881,4000
2026-06-26 16:41:30,133,W+4.5,25,True,False,False,,-1,52.0449,4000
2026-06-26 16:42:14,88,B+1.5,4,True,False,False,,-1,52.0407,4000
2026-06-26 16:43:12,151,W+6.5,38,True,False,False,,-1,52.1059,4000
2026-06-26 16:44:05,117,W+3.5,21,True,False,False,,-1,52.1288,4000
2026-06-26 16:45:00,125,W+1.5,19,True,False,False,,-1,52.1259,4000
2026-06-26 16:45:53,115,B+4.5,15,True,False,False,,-1,52.0236,4000
2026-06-26 16:46:42,97,B+2.5,5,True,False,False,,-1,51.9832,4000
2026-06-26 16:47:38,117,B+5.5,16,True,False,False,,-1,52.0056,4000
2026-06-26 16:48:41,162,B+15.5,30,True,False,False,,-1,52.0223,4000
2026-06-26 16:49:43,151,B+0.5,12,True,False,False,,-1,52.0626,4000
2026-06-26 16:50:33,116,B+3.5,18,True,False,False,,-1,52.0438,4000
2026-06-26 16:51:21,101,B+1.5,8,True,False,False,,-1,51.9097,4000
2026-06-26 16:52:12,113,W+0.5,13,True,False,False,,-1,51.8806,4000
2026-06-26 16:53:05,117,W+1.5,17,True,False,False,,-1,51.8221,4000
2026-06-26 16:53:54,91,B+3.5,7,True,False,False,,-1,51.7343,4000
2026-06-26 16:54:50,129,B+1.5,20,True,False,False,,-1,51.7914,4000
2026-06-26 16:55:38,107,W+0.5,14,True,False,False,,-1,51.8183,4000
2026-06-26 16:56:33,121,W+0.5,18,True,False,False,,-1,51.9199,4000
2026-06-26 16:57:05,61,B+5.5,6,True,False,False,,-1,51.725,4000
2026-06-26 16:57:51,97,W+2.5,11,True,False,False,,-1,51.6288,4000
2026-06-26 16:58:48,135,W+1.5,31,True,False,False,,-1,51.7779,4000
2026-06-26 16:59:36,96,B+2.5,8,True,False,False,,-1,51.7333,4000
2026-06-26 17:00:22,90,B+9.5,6,True,False,False,,-1,51.6812,4000
2026-06-26 17:01:15,125,W+5.5,25,True,False,False,,-1,51.6333,4000
2026-06-26 17:02:06,106,B+1.5,7,True,False,False,,-1,51.5741,4000
2026-06-26 17:02:59,111,W+0.5,6,True,False,False,,-1,51.5731,4000
2026-06-26 17:03:44,83,B+0.5,7,True,False,False,,-1,51.4601,4000
2026-06-26 17:04:28,95,W+1.5,11,True,False,False,,-1,51.3843,4000
2026-06-26 17:05:20,108,B+1.5,15,True,False,False,,-1,51.3449,4000
2026-06-26 17:06:19,145,W+0.5,22,True,False,False,,-1,51.3761,4000
2026-06-26 17:07:26,140,B+5.5,18,True,False,False,,-1,51.537,4000
2026-06-26 17:08:04,74,W+2.5,4,True,False,False,,-1,51.463,4000
2026-06-26 17:08:52,94,B+4.5,4,True,False,False,,-1,51.22,4000
2026-06-26 17:09:26,67,B+3.5,7,True,False,False,,-1,51.0151,4000
2026-06-26 17:10:28,162,B+4.5,29,True,False,False,,-1,51.1003,4000
2026-06-26 17:11:15,97,B+0.5,4,True,False,False,,-1,51.0831,4000
2026-06-26 17:12:10,162,B+9.5,21,True,False,False,,-1,51.1475,4000
2026-06-26 17:13:03,125,W+2.5,21,True,False,False,,-1,51.3152,4000
2026-06-26 17:14:07,143,W+0.5,20,True,False,False,,-1,51.4412,4000
2026-06-26 17:15:02,118,B+2.5,16,True,False,False,,-1,51.4705,4000
2026-06-26 17:15:51,111,W+1.5,23,True,False,False,,-1,51.4968,4000
2026-06-26 17:16:41,115,B+1.5,21,True,False,False,,-1,51.467,4000
2026-06-26 17:17:33,113,B+1.5,13,True,False,False,,-1,51.4932,4000
2026-06-26 17:18:38,162,W+17.5,43,True,False,False,,-1,51.7319,4000
2026-06-26 17:19:24,97,B+4.5,4,True,False,False,,-1,51.5267,4000
2026-06-26 17:20:03,67,B+0.5,6,True,False,False,,-1,51.2064,4000
2026-06-26 17:20:50,107,W+2.5,11,True,False,False,,-1,51.1215,4000
2026-06-26 17:21:59,162,W+5.5,25,True,False,False,,-1,51.2912,4000
2026-06-26 17:22:29,53,B+2.5,7,True,False,False,,-1,51.0871,4000
2026-06-26 17:23:22,112,B+0.5,12,True,False,False,,-1,51.0624,4000
2026-06-26 17:24:11,103,B+1.5,6,True,False,False,,-1,51.1079,4000
2026-06-26 17:25:06,121,W+0.5,21,True,False,False,,-1,51.1343,4000
2026-06-26 17:25:53,109,W+2.5,16,True,False,False,,-1,51.021,4000
2026-06-26 17:26:41,100,B+1.5,9,True,False,False,,-1,50.9383,4000
2026-06-26 17:27:28,93,B+0.5,10,True,False,False,,-1,50.9061,4000
2026-06-26 17:28:11,87,B+2.5,7,True,False,False,,-1,50.8623,4000
2026-06-26 17:28:49,68,W+8.5,3,True,False,False,,-1,51.0925,4000
2026-06-26 17:29:43,130,B+2.5,27,True,False,False,,-1,51.2737,4000
2026-06-26 17:30:37,113,B+5.5,23,True,False,False,,-1,51.2626,4000
2026-06-26 17:31:25,101,W+2.5,13,True,False,False,,-1,51.2572,4000
2026-06-26 17:32:23,144,B+7.5,32,True,False,False,,-1,51.2972,4000
2026-06-26 17:33:27,162,B+1.5,29,True,False,False,,-1,51.4087,4000
2026-06-26 17:33:46,32,W+6.5,2,True,False,False,,-1,51.0642,4000
2026-06-26 17:34:41,123,W+2.5,21,True,False,False,,-1,51.1965,4000
2026-06-26 17:35:35,117,W+1.5,11,True,False,False,,-1,51.1435,4000
2026-06-26 17:36:28,120,W+1.5,22,True,False,False,,-1,51.125,4000
2026-06-26 17:37:07,69,B+0.5,7,True,False,False,,-1,51.0444,4000
2026-06-26 17:37:54,109,W+1.5,18,True,False,False,,-1,51.0608,4000
2026-06-26 17:38:43,106,B+1.5,6,True,False,False,,-1,50.9928,4000
2026-06-26 17:39:39,133,W+1.5,21,True,False,False,,-1,50.9594,4000
2026-06-26 17:40:48,158,B+0.5,24,True,False,False,,-1,50.9641,4000
2026-06-26 17:41:38,117,W+1.5,19,True,False,False,,-1,51.0601,4000
2026-06-26 17:42:40,146,B+2.5,17,True,False,False,,-1,51.1492,4000
2026-06-26 17:43:39,135,W+2.5,17,True,False,False,,-1,51.2059,4000
2026-06-26 17:44:25,92,B+3.5,8,True,False,False,,-1,51.1815,4000
2026-06-26 17:45:16,113,W+0.5,18,True,False,False,,-1,51.1826,4000
2026-06-26 17:46:00,96,B+2.5,7,True,False,False,,-1,51.1021,4000
2026-06-26 17:47:09,162,W+0.5,31,True,False,False,,-1,51.2776,4000
2026-06-26 17:48:16,145,W+2.5,24,True,False,False,,-1,51.3708,4000
2026-06-26 17:49:10,121,W+3.5,20,True,False,False,,-1,51.3399,4000
2026-06-26 17:49:51,85,B+0.5,13,True,False,False,,-1,51.1794,4000
2026-06-26 17:50:33,93,W+1.5,14,True,False,False,,-1,51.0908,4000
2026-06-26 17:51:14,79,B+4.5,3,True,False,False,,-1,51.0014,4000
2026-06-26 17:51:27,22,W+6.5,2,True,False,False,,-1,50.6717,4000
2026-06-26 17:52:26,138,B+4.5,16,True,False,False,,-1,50.715,4000
2026-06-26 17:53:22,162,W+1.5,24,True,False,False,,-1,50.7862,4000
2026-06-26 17:54:10,110,W+1.5,9,True,False,False,,-1,50.842,4000
2026-06-26 17:55:01,111,W+1.5,19,True,False,False,,-1,50.7566,4000
2026-06-26 17:56:01,141,W+2.5,24,True,False,False,,-1,50.8642,4000
2026-06-26 17:56:39,71,B+3.5,10,True,False,False,,-1,50.6268,4000
2026-06-26 17:57:30,105,W+5.5,16,True,False,False,,-1,50.517,4000
2026-06-26 17:58:21,109,B+0.5,19,True,False,False,,-1,50.5729,4000
2026-06-26 17:59:15,115,B+0.5,11,True,False,False,,-1,50.6345,4000
2026-06-26 18:00:05,117,B+2.5,12,True,False,False,,-1,50.6657,4000
2026-06-26 18:00:58,115,W+1.5,14,True,False,False,,-1,50.6328,4000
2026-06-26 18:01:34,67,B+2.5,7,True,False,False,,-1,50.4957,4000
2026-06-26 18:02:36,138,B+0.5,24,True,False,False,,-1,50.5982,4000
2026-06-26 18:03:32,122,B+5.5,15,True,False,False,,-1,50.6521,4000
2026-06-26 18:04:32,151,W+1.5,25,True,False,False,,-1,50.772,4000
2026-06-26 18:05:29,125,W+0.5,19,True,False,False,,-1,50.9791,4000
2026-06-26 18:06:33,133,W+2.5,20,True,False,False,,-1,51.032,4000
2026-06-26 18:07:22,101,W+4.5,12,True,False,False,,-1,51.0794,4000
2026-06-26 18:07:47,42,W+8.5,2,True,False,False,,-1,50.7484,4000
2026-06-26 18:08:40,106,B+0.5,13,True,False,False,,-1,50.7399,4000
2026-06-26 18:08:55,24,W+7.5,2,True,False,False,,-1,50.3425,4000
2026-06-26 18:10:03,162,W+11.5,33,True,False,False,,-1,50.4956,4000
2026-06-26 18:10:50,92,B+2.5,9,True,False,False,,-1,50.4846,4000
2026-06-26 18:11:52,148,B+2.5,25,True,False,False,,-1,50.5342,4000
2026-06-26 18:12:46,126,B+3.5,23,True,False,False,,-1,50.4508,4000
2026-06-26 18:13:39,113,B+0.5,8,True,False,False,,-1,50.348,4000
2026-06-26 18:14:30,101,B+0.5,4,True,False,False,,-1,50.3724,4000
2026-06-26 18:15:15,98,B+2.5,8,True,False,False,,-1,50.344,4000
2026-06-26 18:16:15,124,B+6.5,21,True,False,False,,-1,50.4265,4000
2026-06-26 18:17:07,111,B+1.5,17,True,False,False,,-1,50.422,4000
2026-06-26 18:18:06,148,B+14.5,34,True,False,False,,-1,50.5243,4000
2026-06-26 18:19:06,151,W+0.5,24,True,False,False,,-1,50.5568,4000
2026-06-26 18:20:00,122,W+0.5,22,True,False,False,,-1,50.6205,4000
2026-06-26 18:20:38,69,B+2.5,4,True,False,False,,-1,50.444,4000
2026-06-26 18:21:29,106,B+0.5,13,True,False,False,,-1,50.6304,4000
2026-06-26 18:22:21,121,W+1.5,17,True,False,False,,-1,50.7039,4000
2026-06-26 18:23:06,95,W+0.5,6,True,False,False,,-1,50.5838,4000
2026-06-26 18:24:00,116,B+1.5,19,True,False,False,,-1,50.6357,4000
2026-06-26 18:24:45,87,B+0.5,5,True,False,False,,-1,50.6302,4000
2026-06-26 18:25:44,135,W+1.5,20,True,False,False,,-1,50.6884,4000
2026-06-26 18:26:31,100,B+2.5,10,True,False,False,,-1,50.6434,4000
2026-06-26 18:27:35,162,W+18.5,32,True,False,False,,-1,50.7541,4000
2026-06-26 18:28:28,112,B+3.5,12,True,False,False,,-1,50.8375,4000
2026-06-26 18:29:12,84,B+2.5,3,True,False,False,,-1,50.8366,4000
2026-06-26 18:30:11,129,W+2.5,17,True,False,False,,-1,50.9046,4000
2026-06-26 18:31:03,105,B+3.5,9,True,False,False,,-1,50.8287,4000
2026-06-26 18:32:07,162,W+2.5,32,True,False,False,,-1,50.8054,4000
2026-06-26 18:33:05,133,W+1.5,17,True,False,False,,-1,51.0079,4000
2026-06-26 18:33:19,22,W+7.5,2,True,False,False,,-1,50.667,4000
2026-06-26 18:34:20,144,W+3.5,26,True,False,False,,-1,50.9419,4000
2026-06-26 18:35:01,75,B+1.5,7,True,False,False,,-1,50.7285,4000
2026-06-26 18:35:31,53,B+0.5,2,True,False,False,,-1,50.5527,4000
2026-06-26 18:36:38,162,W+3.5,31,True,False,False,,-1,50.6764,4000
2026-06-26 18:37:29,119,W+3.5,23,True,False,False,,-1,50.6523,4000
2026-06-26 18:37:47,30,W+7.5,2,True,False,False,,-1,50.2028,4000
2026-06-26 18:38:52,147,W+7.5,26,True,False,False,,-1,50.3044,4000
2026-06-26 18:39:44,111,W+4.5,16,True,False,False,,-1,50.3228,4000
2026-06-26 18:40:29,100,B+4.5,8,True,False,False,,-1,50.2778,4000
2026-06-26 18:41:11,75,B+0.5,9,True,False,False,,-1,50.1821,4000
2026-06-26 18:42:00,92,B+0.5,3,True,False,False,,-1,50.0109,4000
2026-06-26 18:42:51,115,W+0.5,10,True,False,False,,-1,50.0668,4000
2026-06-26 18:43:30,69,B+1.5,3,True,False,False,,-1,50.0739,4000
2026-06-26 18:44:17,87,B+1.5,5,True,False,False,,-1,50.0653,4000
2026-06-26 18:45:06,109,B+1.5,14,True,False,False,,-1,49.8667,4000
2026-06-26 18:45:56,107,W+1.5,14,True,False,False,,-1,50.0674,4000
2026-06-26 18:46:29,61,B+4.5,5,True,False,False,,-1,49.8736,4000
2026-06-26 18:47:27,140,B+0.5,26,True,False,False,,-1,49.9578,4000
2026-06-26 18:48:04,71,B+1.5,3,True,False,False,,-1,49.7731,4000
2026-06-26 18:48:58,113,W+0.5,16,True,False,False,,-1,49.8484,4000
2026-06-26 18:49:50,119,B+2.5,17,True,False,False,,-1,49.8873,4000
2026-06-26 18:50:42,119,W+1.5,20,True,False,False,,-1,49.937,4000
2026-06-26 18:51:38,136,B+1.5,26,True,False,False,,-1,50.0644,4000
2026-06-26 18:52:35,131,W+0.5,23,True,False,False,,-1,50.2594,4000
2026-06-26 18:53:18,83,B+1.5,7,True,False,False,,-1,50.1418,4000
2026-06-26 18:54:19,149,W+2.5,31,True,False,False,,-1,50.2153,4000
2026-06-26 18:55:07,101,W+3.5,17,True,False,False,,-1,50.2117,4000
2026-06-26 18:55:53,95,B+0.5,6,True,False,False,,-1,50.0977,4000
2026-06-26 18:56:45,111,B+2.5,17,True,False,False,,-1,49.9778,4000
2026-06-26 18:57:00,24,W+7.5,2,True,False,False,,-1,49.9308,4000
2026-06-26 18:57:52,110,B+2.5,12,True,False,False,,-1,49.9029,4000
2026-06-26 18:58:48,126,B+1.5,16,True,False,False,,-1,49.9242,4000
2026-06-26 18:59:38,113,W+3.5,11,True,False,False,,-1,49.9014,4000
2026-06-26 19:00:27,100,B+0.5,11,True,False,False,,-1,49.9964,4000
2026-06-26 19:01:34,162,W+3.5,26,True,False,False,,-1,50.1998,4000
2026-06-26 19:02:35,149,W+2.5,27,True,False,False,,-1,50.3151,4000
2026-06-26 19:03:26,114,B+2.5,14,True,False,False,,-1,50.266,4000
2026-06-26 19:04:14,95,B+2.5,7,True,False,False,,-1,50.0601,4000
2026-06-26 19:05:16,162,B+2.5,26,True,False,False,,-1,50.1818,4000
2026-06-26 19:06:09,111,W+1.5,18,True,False,False,,-1,50.0877,4000
2026-06-26 19:06:53,81,B+2.5,8,True,False,False,,-1,49.9421,4000
2026-06-26 19:07:43,105,W+2.5,19,True,False,False,,-1,49.9807,4000
2026-06-26 19:08:36,121,W+1.5,13,True,False,False,,-1,49.9958,4000
2026-06-26 19:09:39,159,W+9.5,33,True,False,False,,-1,50.1868,4000
2026-06-26 19:10:27,104,B+3.5,14,True,False,False,,-1,49.9762,4000
2026-06-26 19:11:15,103,B+1.5,7,True,False,False,,-1,49.795,4000
2026-06-26 19:12:21,162,W+2.5,39,True,False,False,,-1,49.9063,4000
2026-06-26 19:13:08,92,B+1.5,7,True,False,False,,-1,49.9669,4000
2026-06-26 19:14:01,115,W+0.5,13,True,False,False,,-1,50.0774,4000
2026-06-26 19:14:58,143,W+0.5,31,True,False,False,,-1,50.2397,4000
2026-06-26 19:15:51,121,B+0.5,8,True,False,False,,-1,50.6344,4000
2026-06-26 19:16:44,112,B+1.5,18,True,False,False,,-1,50.5791,4000
2026-06-26 19:17:36,110,B+3.5,17,True,False,False,,-1,50.5381,4000
2026-06-26 19:18:28,111,B+4.5,7,True,False,False,,-1,50.5703,4000
2026-06-26 19:19:11,90,B+1.5,6,True,False,False,,-1,50.4942,4000
2026-06-26 19:19:48,67,B+0.5,3,True,False,False,,-1,50.264,4000
2026-06-26 19:20:35,109,W+2.5,16,True,False,False,,-1,50.3624,4000
2026-06-26 19:21:38,162,W+0.5,28,True,False,False,,-1,50.4836,4000
2026-06-26 19:22:27,103,W+1.5,11,True,False,False,,-1,50.4568,4000
2026-06-26 19:23:20,120,B+1.5,19,True,False,False,,-1,50.4407,4000
2026-06-26 19:24:11,113,W+0.5,16,True,False,False,,-1,50.4487,4000
2026-06-26 19:25:05,122,W+0.5,21,True,False,False,,-1,50.4678,4000
2026-06-26 19:25:59,123,W+1.5,17,True,False,False,,-1,50.6466,4000
2026-06-26 19:26:58,133,W+4.5,27,True,False,False,,-1,50.6126,4000
2026-06-26 19:27:44,89,B+0.5,4,True,False,False,,-1,50.5189,4000
2026-06-26 19:28:45,151,W+2.5,34,True,False,False,,-1,50.5228,4000
2026-06-26 19:29:52,162,B+10.5,37,True,False,False,,-1,50.6286,4000
2026-06-26 19:30:45,118,B+6.5,17,True,False,False,,-1,50.5118,4000
2026-06-26 19:31:24,69,B+3.5,4,True,False,False,,-1,50.4216,4000
2026-06-26 19:32:28,157,W+1.5,37,True,False,False,,-1,50.8038,4000
2026-06-26 19:33:25,143,W+2.5,29,True,False,False,,-1,50.8524,4000
2026-06-26 19:34:17,113,W+1.5,15,True,False,False,,-1,51.2187,4000
2026-06-26 19:35:03,103,W+2.5,11,True,False,False,,-1,50.9957,4000
2026-06-26 19:35:54,108,B+0.5,11,True,False,False,,-1,51.0277,4000
2026-06-26 19:36:49,130,B+0.5,21,True,False,False,,-1,50.9657,4000
2026-06-26 19:37:49,142,B+14.5,19,True,False,False,,-1,51.03,4000
2026-06-26 19:38:41,113,B+2.5,13,True,False,False,,-1,51.0228,4000
2026-06-26 19:39:39,126,B+0.5,16,True,False,False,,-1,51.0796,4000
2026-06-26 19:40:29,107,W+2.5,11,True,False,False,,-1,51.1283,4000
2026-06-26 19:41:15,94,B+1.5,5,True,False,False,,-1,51.0002,4000
2026-06-26 19:42:04,100,B+8.5,9,True,False,False,,-1,50.9655,4000
2026-06-26 19:42:58,114,B+1.5,11,True,False,False,,-1,50.9095,4000
2026-06-26 19:43:36,67,B+0.5,2,True,False,False,,-1,50.7017,4000
2026-06-26 19:44:35,162,W+4.5,23,True,False,False,,-1,50.7411,4000
2026-06-26 19:45:21,103,W+0.5,10,True,False,False,,-1,50.8328,4000
2026-06-26 19:46:16,117,W+2.5,15,True,False,False,,-1,50.8683,4000
2026-06-26 19:47:10,128,B+1.5,21,True,False,False,,-1,50.8853,4000
2026-06-26 19:47:48,67,B+1.5,4,True,False,False,,-1,50.8141,4000
2026-06-26 19:48:32,91,B+4.5,14,True,False,False,,-1,50.7198,4000
2026-06-26 19:49:25,127,W+2.5,24,True,False,False,,-1,50.7938,4000
2026-06-26 19:50:15,98,B+2.5,11,True,False,False,,-1,50.7086,4000
2026-06-26 19:51:20,143,W+2.5,28,True,False,False,,-1,50.8858,4000
2026-06-26 19:52:17,115,B+2.5,14,True,False,False,,-1,50.8145,4000
2026-06-26 19:53:03,93,W+2.5,5,True,False,False,,-1,50.7533,4000
2026-06-26 19:53:38,61,B+1.5,9,True,False,False,,-1,50.6524,4000
2026-06-26 19:54:32,119,W+3.5,7,True,False,False,,-1,50.6027,4000
