datetime,game_length,game_result,num_passes,is_resign_disabled,is_marked_for_resign,is_could_won,marked_resign_player,resign_threshold,time_per_game,training_steps
2026-06-18 19:19:49,115,W+17.5,9,True,False,False,,-1,44.4209,0
2026-06-18 19:20:23,103,B+9.5,3,True,False,False,,-1,39.4572,0
2026-06-18 19:20:50,82,W+18.5,4,True,False,False,,-1,35.2175,0
2026-06-18 19:21:06,52,W+4.5,2,True,False,False,,-1,30.3548,0
2026-06-18 19:21:37,98,W+17.5,3,True,False,False,,-1,30.4835,0
2026-06-18 19:22:10,104,W+24.5,7,True,False,False,,-1,30.8751,0
2026-06-18 19:23:03,162,B+35.5,5,True,False,False,,-1,34.1388,0
2026-06-18 19:23:37,105,W+22.5,2,True,False,False,,-1,34.1026,0
2026-06-18 19:24:24,137,W+27.5,5,True,False,False,,-1,35.4755,0
2026-06-18 19:25:00,127,B+1.5,4,True,False,False,,-1,35.5854,0
2026-06-18 19:25:55,162,B+29.5,3,True,False,False,,-1,37.3286,0
2026-06-18 19:26:24,86,W+21.5,4,True,False,False,,-1,36.6237,0
2026-06-18 19:27:12,144,B+23.5,3,True,False,False,,-1,37.4894,0
2026-06-18 19:28:06,162,B+45.5,4,True,False,False,,-1,38.6927,0
2026-06-18 19:28:57,162,W+60.5,4,True,False,False,,-1,39.5313,0
2026-06-18 19:29:18,68,W+12.5,3,True,False,False,,-1,38.3344,0
2026-06-18 19:30:05,145,W+31.5,6,True,False,False,,-1,38.8793,0
2026-06-18 19:30:57,154,B+21.5,5,True,False,False,,-1,39.6185,0
2026-06-18 19:31:16,64,W+16.5,3,True,False,False,,-1,38.5194,0
2026-06-18 19:31:42,78,W+7.5,2,True,False,False,,-1,37.8923,0
2026-06-18 19:32:34,162,W+9.5,2,True,False,False,,-1,38.5563,0
2026-06-18 19:33:27,162,B+20.5,6,True,False,False,,-1,39.1961,0
2026-06-18 19:33:48,72,W+10.5,3,True,False,False,,-1,38.4029,0
2026-06-18 19:34:23,111,W+15.5,3,True,False,False,,-1,38.2928,0
2026-06-18 19:34:50,80,W+8.5,2,True,False,False,,-1,37.8403,0
2026-06-18 19:35:34,128,W+54.5,2,True,False,False,,-1,38.0526,0
2026-06-18 19:36:09,113,W+4.5,6,True,False,False,,-1,37.9399,0
2026-06-18 19:36:38,92,B+4.5,2,True,False,False,,-1,37.6183,0
2026-06-18 19:36:53,56,W+6.5,2,True,False,False,,-1,36.8638,0
2026-06-18 19:37:42,151,B+32.5,2,True,False,False,,-1,37.2506,0
2026-06-18 19:38:19,114,B+11.5,5,True,False,False,,-1,37.2536,0
2026-06-18 19:38:37,62,W+5.5,2,True,False,False,,-1,36.6515,0
2026-06-18 19:38:47,34,W+8.5,2,True,False,False,,-1,35.8474,0
2026-06-18 19:39:30,130,W+43.5,5,True,False,False,,-1,36.0607,0
2026-06-18 19:40:05,115,B+10.5,3,True,False,False,,-1,36.0197,0
2026-06-18 19:40:39,99,B+10.5,6,True,False,False,,-1,35.973,0
2026-06-18 19:41:08,88,W+16.5,2,True,False,False,,-1,35.7853,0
2026-06-18 19:41:45,115,W+4.5,3,True,False,False,,-1,35.796,0
2026-06-18 19:42:40,162,B+47.5,6,True,False,False,,-1,36.2873,0
2026-06-18 19:43:13,104,B+10.5,3,True,False,False,,-1,36.2139,0
2026-06-18 19:43:47,115,W+2.5,5,True,False,False,,-1,36.171,0
2026-06-18 19:44:28,125,W+20.5,7,True,False,False,,-1,36.2832,0
2026-06-18 19:45:17,144,B+45.5,4,True,False,False,,-1,36.5637,0
2026-06-18 19:45:44,84,W+12.5,2,True,False,False,,-1,36.3565,0
2026-06-18 19:46:23,120,B+22.5,3,True,False,False,,-1,36.4237,0
2026-06-18 19:47:10,149,B+41.5,4,True,False,False,,-1,36.6488,0
2026-06-18 19:47:50,122,B+12.5,6,True,False,False,,-1,36.7181,0
2026-06-18 19:48:22,102,B+1.5,5,True,False,False,,-1,36.621,0
2026-06-18 19:49:00,125,W+21.5,5,True,False,False,,-1,36.6491,0
2026-06-18 19:49:47,138,B+34.5,3,True,False,False,,-1,36.8474,0
2026-06-18 19:50:12,82,W+2.5,2,True,False,False,,-1,36.6295,0
2026-06-18 19:50:42,100,W+7.5,4,True,False,False,,-1,36.4996,0
2026-06-18 19:51:06,74,W+5.5,2,True,False,False,,-1,36.2477,0
2026-06-18 19:51:39,102,W+12.5,4,True,False,False,,-1,36.1894,0
2026-06-18 19:52:16,117,B+16.5,7,True,False,False,,-1,36.2143,0
2026-06-18 19:52:55,123,W+0.5,8,True,False,False,,-1,36.2597,0
2026-06-18 19:53:28,102,W+16.5,3,True,False,False,,-1,36.2002,0
2026-06-18 19:54:20,162,W+66.5,1,True,False,False,,-1,36.4827,0
2026-06-18 19:55:09,142,W+64.5,7,True,False,False,,-1,36.6965,0
2026-06-18 19:56:03,162,B+33.5,7,True,False,False,,-1,36.9807,0
2026-06-18 19:56:45,128,W+7.5,3,True,False,False,,-1,37.0582,0
2026-06-18 19:57:31,150,B+27.5,3,True,False,False,,-1,37.1994,0
2026-06-18 19:58:14,135,W+0.5,8,True,False,False,,-1,37.302,0
2026-06-18 19:58:34,68,W+9.5,2,True,False,False,,-1,37.0277,0
2026-06-18 19:59:28,162,W+36.5,1,True,False,False,,-1,37.2834,0
2026-06-18 20:00:01,102,W+8.5,2,True,False,False,,-1,37.2191,0
2026-06-18 20:00:46,136,B+34.5,5,True,False,False,,-1,37.3431,0
2026-06-18 20:01:22,111,W+21.5,6,True,False,False,,-1,37.3237,0
2026-06-18 20:02:05,127,W+8.5,2,True,False,False,,-1,37.3938,0
2026-06-18 20:02:33,87,B+3.5,5,True,False,False,,-1,37.2619,0
2026-06-18 20:03:03,95,B+2.5,3,True,False,False,,-1,37.1645,0
2026-06-18 20:03:45,125,B+30.5,3,True,False,False,,-1,37.2246,0
2026-06-18 20:04:05,68,W+6.5,3,True,False,False,,-1,36.997,0
2026-06-18 20:04:46,127,B+41.5,6,True,False,False,,-1,37.0467,0
2026-06-18 20:05:18,103,W+14.5,2,True,False,False,,-1,36.987,0
2026-06-18 20:06:01,129,W+22.5,6,True,False,False,,-1,37.0592,0
2026-06-18 20:06:41,126,B+28.5,3,True,False,False,,-1,37.0945,0
2026-06-18 20:07:06,76,W+3.5,2,True,False,False,,-1,36.9441,0
2026-06-18 20:07:39,108,W+3.5,3,True,False,False,,-1,36.8881,0
2026-06-18 20:08:14,118,B+1.5,5,True,False,False,,-1,36.8639,0
2026-06-18 20:08:45,99,B+5.5,4,True,False,False,,-1,36.7985,0
2026-06-18 20:09:31,134,B+29.5,3,True,False,False,,-1,36.9092,0
2026-06-18 20:10:00,87,B+7.5,2,True,False,False,,-1,36.8097,0
2026-06-18 20:10:56,162,W+20.5,4,True,False,False,,-1,37.0375,0
2026-06-18 20:11:18,74,W+6.5,3,True,False,False,,-1,36.8667,0
2026-06-18 20:12:11,162,B+39.5,2,True,False,False,,-1,37.051,0
2026-06-18 20:12:58,139,B+43.5,6,True,False,False,,-1,37.1633,0
2026-06-18 20:13:17,68,W+10.5,5,True,False,False,,-1,36.9637,0
2026-06-18 20:14:09,162,W+49.5,4,True,False,False,,-1,37.1332,0
2026-06-18 20:15:04,162,W+43.5,3,True,False,False,,-1,37.3262,0
2026-06-18 20:15:40,112,B+7.5,2,True,False,False,,-1,37.3135,0
2026-06-18 20:16:13,104,B+7.5,3,True,False,False,,-1,37.2632,0
2026-06-18 20:16:59,137,W+41.5,5,True,False,False,,-1,37.3595,0
2026-06-18 20:17:08,34,W+7.5,2,True,False,False,,-1,37.0631,0
2026-06-18 20:17:58,149,B+47.5,6,True,False,False,,-1,37.1959,0
2026-06-18 20:18:15,60,W+9.5,3,True,False,False,,-1,36.9874,0
2026-06-18 20:18:55,126,B+12.5,2,True,False,False,,-1,37.0176,0
2026-06-18 20:19:15,64,W+9.5,4,True,False,False,,-1,36.8412,0
2026-06-18 20:19:57,115,B+15.5,3,True,False,False,,-1,36.8919,0
2026-06-18 20:20:35,115,B+19.5,3,True,False,False,,-1,36.9018,0
2026-06-18 20:20:55,70,W+9.5,4,True,False,False,,-1,36.6651,0
2026-06-18 20:21:27,101,B+7.5,4,True,False,False,,-1,36.6356,0
2026-06-18 20:21:57,98,W+13.5,3,True,False,False,,-1,36.6706,0
2026-06-18 20:22:23,74,W+3.5,2,True,False,False,,-1,36.7663,0
2026-06-18 20:22:59,117,W+2.5,3,True,False,False,,-1,36.8165,0
2026-06-18 20:23:48,143,W+59.5,7,True,False,False,,-1,36.9818,0
2026-06-18 20:24:22,111,B+19.5,5,True,False,False,,-1,36.782,0
2026-06-18 20:25:05,125,B+48.5,3,True,False,False,,-1,36.8742,0
2026-06-18 20:25:56,153,B+32.5,5,True,False,False,,-1,36.92,0
2026-06-18 20:26:40,139,W+8.5,6,True,False,False,,-1,36.9992,0
2026-06-18 20:27:32,162,B+18.5,7,True,False,False,,-1,36.9673,0
2026-06-18 20:28:03,96,W+15.5,3,True,False,False,,-1,36.9874,0
2026-06-18 20:28:28,80,W+16.5,3,True,False,False,,-1,36.766,0
2026-06-18 20:29:23,162,B+50.5,1,True,False,False,,-1,36.7712,0
2026-06-18 20:30:02,117,W+17.5,4,True,False,False,,-1,36.6442,0
2026-06-18 20:30:40,120,B+6.5,3,True,False,False,,-1,36.824,0
2026-06-18 20:31:04,74,W+22.5,2,True,False,False,,-1,36.586,0
2026-06-18 20:31:39,105,B+0.5,4,True,False,False,,-1,36.4132,0
2026-06-18 20:32:14,106,W+16.5,3,True,False,False,,-1,36.577,0
2026-06-18 20:32:47,114,W+7.5,7,True,False,False,,-1,36.6461,0
2026-06-18 20:33:37,162,W+29.5,2,True,False,False,,-1,36.6261,0
2026-06-18 20:34:08,104,B+5.5,3,True,False,False,,-1,36.4154,0
2026-06-18 20:34:39,98,W+15.5,3,True,False,False,,-1,36.5086,0
2026-06-18 20:35:31,162,W+56.5,2,True,False,False,,-1,36.6725,0
2026-06-18 20:36:09,114,B+20.5,6,True,False,False,,-1,36.7866,0
2026-06-18 20:36:33,74,W+13.5,2,True,False,False,,-1,36.5906,0
2026-06-18 20:37:05,100,B+2.5,2,True,False,False,,-1,36.5603,0
2026-06-18 20:37:36,101,B+0.5,5,True,False,False,,-1,36.5803,0
2026-06-18 20:37:53,60,W+12.5,3,True,False,False,,-1,36.5948,0
2026-06-18 20:38:33,121,W+19.5,7,True,False,False,,-1,36.5105,0
2026-06-18 20:39:25,156,W+49.5,6,True,False,False,,-1,36.6524,0
2026-06-18 20:40:11,137,B+48.5,6,True,False,False,,-1,36.9405,0
2026-06-18 20:40:50,120,W+6.5,5,True,False,False,,-1,37.2233,0
2026-06-18 20:41:22,103,W+4.5,7,True,False,False,,-1,37.1097,0
2026-06-18 20:41:32,40,W+5.5,2,True,False,False,,-1,36.8634,0
2026-06-18 20:42:01,91,W+13.5,4,True,False,False,,-1,36.8109,0
2026-06-18 20:42:20,64,W+10.5,2,True,False,False,,-1,36.7147,0
2026-06-18 20:43:09,162,B+40.5,9,True,False,False,,-1,36.8456,0
2026-06-18 20:43:20,42,W+9.5,2,True,False,False,,-1,36.4071,0
2026-06-18 20:43:36,54,W+6.5,2,True,False,False,,-1,36.2312,0
2026-06-18 20:43:47,40,W+6.5,2,True,False,False,,-1,35.9931,0
2026-06-18 20:44:16,90,W+21.5,2,True,False,False,,-1,35.8725,0
2026-06-18 20:44:50,115,W+9.5,3,True,False,False,,-1,35.7329,0
2026-06-18 20:45:34,135,W+5.5,4,True,False,False,,-1,35.8975,0
2026-06-18 20:46:05,94,B+0.5,3,True,False,False,,-1,35.8102,0
2026-06-18 20:46:32,87,B+5.5,2,True,False,False,,-1,35.6118,0
2026-06-18 20:47:17,132,B+39.5,4,True,False,False,,-1,35.6672,0
2026-06-18 20:47:41,78,W+0.5,3,True,False,False,,-1,35.5902,0
2026-06-18 20:48:04,72,W+5.5,5,True,False,False,,-1,35.4351,0
2026-06-18 20:48:44,125,B+23.5,7,True,False,False,,-1,35.3672,0
2026-06-18 20:48:59,52,W+8.5,3,True,False,False,,-1,35.2611,0
2026-06-18 20:49:15,56,W+9.5,2,True,False,False,,-1,35.1249,0
2026-06-18 20:49:48,101,B+8.5,4,True,False,False,,-1,35.227,0
2026-06-18 20:50:20,97,W+23.5,3,True,False,False,,-1,35.2104,0
2026-06-18 20:51:16,162,W+45.5,1,True,False,False,,-1,35.397,0
2026-06-18 20:52:11,162,B+36.5,3,True,False,False,,-1,35.5634,0
2026-06-18 20:52:21,36,W+6.5,3,True,False,False,,-1,35.3287,0
2026-06-18 20:53:03,129,W+26.5,5,True,False,False,,-1,35.2257,0
2026-06-18 20:53:21,62,W+8.5,2,True,False,False,,-1,34.9174,0
2026-06-18 20:54:00,117,W+36.5,2,True,False,False,,-1,34.7703,0
2026-06-18 20:54:26,78,W+8.5,2,True,False,False,,-1,34.6047,0
2026-06-18 20:55:05,118,W+12.5,3,True,False,False,,-1,34.536,0
2026-06-18 20:55:51,136,B+37.5,3,True,False,False,,-1,34.5591,0
2026-06-18 20:56:17,80,W+2.5,2,True,False,False,,-1,34.6214,0
2026-06-18 20:56:52,119,W+18.5,5,True,False,False,,-1,34.4385,0
2026-06-18 20:57:15,72,W+9.5,2,True,False,False,,-1,34.3419,0
2026-06-18 20:57:39,75,B+5.5,2,True,False,False,,-1,34.1211,0
2026-06-18 20:57:55,54,W+7.5,3,True,False,False,,-1,33.9197,0
2026-06-18 20:58:40,137,W+10.5,5,True,False,False,,-1,33.9508,0
2026-06-18 20:59:11,102,W+31.5,2,True,False,False,,-1,33.9819,0
2026-06-18 20:59:55,140,B+36.5,6,True,False,False,,-1,34.1176,0
2026-06-18 21:00:29,100,W+14.5,4,True,False,False,,-1,34.042,0
2026-06-18 21:01:04,110,W+34.5,3,True,False,False,,-1,34.1891,0
2026-06-18 21:01:47,130,B+26.5,3,True,False,False,,-1,34.2103,0
2026-06-18 21:02:37,153,B+30.5,6,True,False,False,,-1,34.386,0
2026-06-18 21:03:08,95,W+9.5,2,True,False,False,,-1,34.2641,0
2026-06-18 21:03:44,115,B+5.5,4,True,False,False,,-1,34.2313,0
2026-06-18 21:04:14,95,W+2.5,2,True,False,False,,-1,34.2741,0
2026-06-18 21:04:45,99,B+2.5,3,True,False,False,,-1,34.2606,0
2026-06-18 21:04:58,42,W+7.5,2,True,False,False,,-1,34.039,0
2026-06-18 21:05:42,133,W+45.5,3,True,False,False,,-1,34.162,0
2026-06-18 21:06:20,120,W+34.5,5,True,False,False,,-1,34.083,0
2026-06-18 21:06:49,95,W+28.5,2,True,False,False,,-1,34.0923,0
2026-06-18 21:07:11,70,W+9.5,3,True,False,False,,-1,33.7528,0
2026-06-18 21:07:49,120,W+30.5,2,True,False,False,,-1,33.9083,0
2026-06-18 21:08:22,98,W+23.5,2,True,False,False,,-1,33.7087,0
2026-06-18 21:09:09,148,W+55.5,4,True,False,False,,-1,33.7097,0
2026-06-18 21:09:35,80,W+10.5,2,True,False,False,,-1,33.7752,0
2026-06-18 21:10:24,150,B+46.5,4,True,False,False,,-1,33.74,0
2026-06-18 21:10:47,76,W+14.5,2,True,False,False,,-1,33.4311,0
2026-06-18 21:11:26,113,B+37.5,2,True,False,False,,-1,33.4557,0
2026-06-18 21:12:04,121,W+37.5,3,True,False,False,,-1,33.5111,0
2026-06-18 21:12:52,150,W+49.5,7,True,False,False,,-1,33.5246,0
2026-06-18 21:13:13,68,W+5.5,3,True,False,False,,-1,33.6422,0
2026-06-18 21:13:53,131,B+13.5,6,True,False,False,,-1,33.5453,0
2026-06-18 21:14:24,103,W+13.5,5,True,False,False,,-1,33.6868,0
2026-06-18 21:14:46,72,W+9.5,3,True,False,False,,-1,33.5066,0
2026-06-18 21:15:32,140,B+43.5,6,True,False,False,,-1,33.7734,0
2026-06-18 21:16:23,159,B+32.5,4,True,False,False,,-1,33.863,0
2026-06-18 21:16:50,91,B+0.5,6,True,False,False,,-1,33.7508,0
2026-06-18 21:17:26,109,W+28.5,6,True,False,False,,-1,33.9012,0
2026-06-18 21:17:44,62,W+5.5,2,True,False,False,,-1,33.7729,0
2026-06-18 21:18:16,95,W+14.5,3,True,False,False,,-1,33.7844,0
2026-06-18 21:19:09,162,W+69.5,4,True,False,False,,-1,34.062,0
2026-06-18 21:19:53,137,W+45.5,5,True,False,False,,-1,34.1455,0
2026-06-18 21:20:32,120,W+25.5,5,True,False,False,,-1,34.0376,0
2026-06-18 21:20:59,82,W+12.5,3,True,False,False,,-1,33.9716,0
2026-06-18 21:21:32,116,B+8.5,5,True,False,False,,-1,33.8726,0
2026-06-18 21:22:11,119,W+32.5,7,True,False,False,,-1,33.7498,0
2026-06-18 21:22:32,70,W+14.5,3,True,False,False,,-1,33.5172,0
2026-06-18 21:22:59,82,W+9.5,3,True,False,False,,-1,33.2728,0
2026-06-18 21:23:42,128,B+32.5,3,True,False,False,,-1,33.3952,0
2026-06-18 21:24:35,162,W+30.5,3,True,False,False,,-1,33.6634,0
2026-06-18 21:25:08,102,W+21.5,2,True,False,False,,-1,33.4404,0
2026-06-18 21:25:28,66,W+6.5,3,True,False,False,,-1,33.254,0
2026-06-18 21:25:58,97,W+4.5,4,True,False,False,,-1,33.1741,0
2026-06-18 21:26:17,62,W+5.5,2,True,False,False,,-1,33.1226,0
2026-06-18 21:26:57,129,W+0.5,5,True,False,False,,-1,33.1759,0
2026-06-18 21:27:05,32,W+6.5,2,True,False,False,,-1,32.9025,0
2026-06-18 21:27:38,100,B+2.5,3,True,False,False,,-1,32.9045,0
2026-06-18 21:28:19,124,W+44.5,2,True,False,False,,-1,32.8232,0
2026-06-18 21:28:53,107,B+5.5,4,True,False,False,,-1,32.848,0
2026-06-18 21:29:08,48,W+9.5,2,True,False,False,,-1,32.6873,0
2026-06-18 21:29:58,162,W+41.5,5,True,False,False,,-1,32.6709,0
2026-06-18 21:30:26,88,W+17.5,2,True,False,False,,-1,32.5636,0
2026-06-18 21:30:55,105,B+10.5,7,True,False,False,,-1,32.6156,0
2026-06-18 21:31:25,95,B+7.5,5,True,False,False,,-1,32.5937,0
2026-06-18 21:31:54,94,W+24.5,2,True,False,False,,-1,32.5817,0
2026-06-18 21:32:28,107,W+1.5,9,True,False,False,,-1,32.7436,0
2026-06-18 21:33:18,158,W+43.5,5,True,False,False,,-1,32.8427,0
2026-06-18 21:33:47,96,B+8.5,5,True,False,False,,-1,32.6231,0
2026-06-18 21:34:20,102,W+9.5,5,True,False,False,,-1,32.487,0
2026-06-18 21:35:12,162,B+31.5,4,True,False,False,,-1,32.6168,0
2026-06-18 21:35:52,128,W+23.5,4,True,False,False,,-1,32.7001,0
2026-06-18 21:36:24,96,W+15.5,4,True,False,False,,-1,32.9182,0
2026-06-18 21:36:51,88,W+12.5,2,True,False,False,,-1,32.9045,0
2026-06-18 21:37:06,52,W+8.5,3,True,False,False,,-1,32.8531,0
2026-06-18 21:37:40,105,W+18.5,4,True,False,False,,-1,32.7055,0
2026-06-18 21:38:11,100,B+3.5,5,True,False,False,,-1,32.9024,0
2026-06-18 21:38:52,136,B+20.5,7,True,False,False,,-1,33.1544,0
2026-06-18 21:39:29,118,W+13.5,5,True,False,False,,-1,33.4178,0
2026-06-18 21:40:11,136,B+22.5,4,True,False,False,,-1,33.55,0
2026-06-18 21:40:40,83,B+0.5,2,True,False,False,,-1,33.4927,0
2026-06-18 21:41:21,122,B+9.5,2,True,False,False,,-1,33.4657,0
2026-06-18 21:41:51,101,W+0.5,6,True,False,False,,-1,33.4615,0
2026-06-18 21:42:46,162,B+40.5,4,True,False,False,,-1,33.7417,0
2026-06-18 21:43:30,139,B+31.5,9,True,False,False,,-1,33.7301,0
2026-06-18 21:44:10,125,W+17.5,7,True,False,False,,-1,33.8789,0
2026-06-18 21:44:44,111,W+0.5,3,True,False,False,,-1,34.0022,0
2026-06-18 21:45:38,157,W+28.5,8,True,False,False,,-1,34.1418,0
2026-06-18 21:46:09,97,B+1.5,2,True,False,False,,-1,34.2959,0
2026-06-18 21:46:52,127,B+36.5,3,True,False,False,,-1,34.5672,0
2026-06-18 21:47:21,91,W+21.5,3,True,False,False,,-1,34.5239,0
2026-06-18 21:47:44,74,W+11.5,2,True,False,False,,-1,34.4384,0
2026-06-18 21:48:39,149,B+54.5,4,True,False,False,,-1,34.4251,0
2026-06-18 21:49:32,162,B+29.5,4,True,False,False,,-1,34.405,0
2026-06-18 21:50:04,105,W+2.5,5,True,False,False,,-1,34.633,0
2026-06-18 21:50:41,122,B+17.5,5,True,False,False,,-1,34.5761,0
2026-06-18 21:51:32,160,W+63.5,11,True,False,False,,-1,34.9017,0
2026-06-18 21:52:14,126,B+3.5,9,True,False,False,,-1,34.9323,0
2026-06-18 21:53:02,143,W+48.5,4,True,False,False,,-1,35.1607,0
2026-06-18 21:53:55,162,B+24.5,5,True,False,False,,-1,35.3057,0
2026-06-18 21:54:28,103,B+18.5,4,True,False,False,,-1,35.1761,0
2026-06-18 21:55:16,145,W+44.5,6,True,False,False,,-1,35.393,0
2026-06-18 21:55:39,74,W+5.5,2,True,False,False,,-1,35.2737,0
2026-06-18 21:56:32,162,B+36.5,13,True,False,False,,-1,35.5618,0
2026-06-18 21:57:22,148,W+45.5,2,True,False,False,,-1,35.8341,0
2026-06-18 21:57:59,107,B+3.5,2,True,False,False,,-1,36.0446,0
2026-06-18 21:58:54,162,W+60.5,5,True,False,False,,-1,36.1373,0
2026-06-18 21:59:15,68,W+0.5,2,True,False,False,,-1,36.0328,0
2026-06-18 21:59:44,91,B+26.5,2,True,False,False,,-1,35.8836,0
2026-06-18 22:00:37,162,B+21.5,4,True,False,False,,-1,36.0807,0
2026-06-18 22:01:11,107,W+2.5,4,True,False,False,,-1,36.0677,0
2026-06-18 22:01:36,78,W+10.5,3,True,False,False,,-1,35.8911,0
2026-06-18 22:02:23,142,B+34.5,4,True,False,False,,-1,35.856,0
2026-06-18 22:02:58,110,W+40.5,6,True,False,False,,-1,35.9054,0
2026-06-18 22:03:49,155,B+22.5,3,True,False,False,,-1,36.0472,0
2026-06-18 22:04:23,106,B+7.5,3,True,False,False,,-1,36.0874,0
2026-06-18 22:05:11,140,B+35.5,4,True,False,False,,-1,36.2583,0
2026-06-18 22:05:48,113,B+9.5,3,True,False,False,,-1,36.5031,0
2026-06-18 22:06:42,162,W+62.5,5,True,False,False,,-1,36.6006,0
2026-06-18 22:07:19,116,B+24.5,4,True,False,False,,-1,36.5881,0
2026-06-18 22:08:13,162,B+27.5,1,True,False,False,,-1,36.8398,0
2026-06-18 22:08:41,76,W+10.5,2,True,False,False,,-1,36.8924,0
2026-06-18 22:09:11,97,W+18.5,4,True,False,False,,-1,36.814,0
2026-06-18 22:09:43,109,W+4.5,7,True,False,False,,-1,36.8057,0
2026-06-18 22:09:47,20,W+7.5,2,True,False,False,,-1,36.3839,0
2026-06-18 22:10:24,119,B+16.5,9,True,False,False,,-1,36.4881,0
2026-06-18 22:11:05,125,B+16.5,6,True,False,False,,-1,36.4098,0
2026-06-18 22:11:48,129,B+41.5,4,True,False,False,,-1,36.6076,0
2026-06-18 22:12:26,124,B+7.5,8,True,False,False,,-1,36.6049,0
2026-06-18 22:13:21,162,B+57.5,3,True,False,False,,-1,36.7691,0
2026-06-18 22:14:03,126,B+34.5,3,True,False,False,,-1,36.7119,0
2026-06-18 22:14:49,144,B+31.5,8,True,False,False,,-1,36.9618,0
2026-06-18 22:15:35,138,B+44.5,2,True,False,False,,-1,37.0243,0
2026-06-18 22:16:20,132,B+26.5,4,True,False,False,,-1,37.153,0
2026-06-18 22:17:09,143,B+41.5,3,True,False,False,,-1,37.4237,0
2026-06-18 22:17:35,80,W+9.5,2,True,False,False,,-1,37.2207,0
2026-06-18 22:17:55,64,W+15.5,2,True,False,False,,-1,36.913,0
2026-06-18 22:18:29,105,W+11.5,3,True,False,False,,-1,36.9873,0
2026-06-18 22:18:55,84,W+17.5,2,True,False,False,,-1,36.8947,0
2026-06-18 22:19:33,115,W+8.5,3,True,False,False,,-1,37.0832,0
2026-06-18 22:19:50,58,W+9.5,2,True,False,False,,-1,36.9352,0
2026-06-18 22:20:22,98,W+21.5,5,True,False,False,,-1,36.7275,0
2026-06-18 22:20:53,98,B+0.5,4,True,False,False,,-1,36.5975,0
2026-06-18 22:21:27,103,B+9.5,5,True,False,False,,-1,36.5444,0
2026-06-18 22:22:10,135,W+11.5,2,True,False,False,,-1,36.7078,0
2026-06-18 22:22:45,105,W+12.5,5,True,False,False,,-1,36.7242,0
2026-06-18 22:23:32,148,W+44.5,4,True,False,False,,-1,36.811,0
2026-06-18 22:24:01,99,W+12.5,4,True,False,False,,-1,36.8852,0
2026-06-18 22:24:23,68,W+3.5,3,True,False,False,,-1,36.8323,0
2026-06-18 22:25:13,153,B+27.5,6,True,False,False,,-1,36.9037,0
2026-06-18 22:25:50,119,W+32.5,5,True,False,False,,-1,36.7505,0
2026-06-18 22:26:22,102,B+10.5,8,True,False,False,,-1,36.7408,0
2026-06-18 22:26:49,82,W+5.5,2,True,False,False,,-1,36.8127,0
2026-06-18 22:27:27,122,B+19.5,6,True,False,False,,-1,36.8861,0
2026-06-18 22:28:18,154,B+43.5,4,True,False,False,,-1,37.2167,0
2026-06-18 22:29:00,126,B+15.5,5,True,False,False,,-1,37.2344,0
2026-06-18 22:29:33,101,W+9.5,2,True,False,False,,-1,37.4853,0
2026-06-18 22:30:07,102,B+3.5,4,True,False,False,,-1,37.4883,0
2026-06-18 22:31:00,162,B+29.5,2,True,False,False,,-1,37.6075,0
2026-06-18 22:31:17,58,W+11.5,4,True,False,False,,-1,37.4311,0
2026-06-18 22:31:49,103,W+5.5,4,True,False,False,,-1,37.613,0
2026-06-18 22:32:44,162,W+64.5,2,True,False,False,,-1,37.6525,0
2026-06-18 22:33:38,162,W+70.5,3,True,False,False,,-1,37.9209,0
2026-06-18 22:34:14,107,W+34.5,3,True,False,False,,-1,37.9889,0
2026-06-18 22:34:49,108,B+17.5,4,True,False,False,,-1,38.0419,0
2026-06-18 22:35:12,70,W+4.5,2,True,False,False,,-1,37.9718,0
2026-06-18 22:35:34,72,W+10.5,4,True,False,False,,-1,37.8639,0
2026-06-18 22:36:27,162,B+41.5,4,True,False,False,,-1,37.8961,0
2026-06-18 22:37:04,113,W+29.5,7,True,False,False,,-1,37.9685,0
2026-06-18 22:37:27,74,W+12.5,2,True,False,False,,-1,37.8618,0
2026-06-18 22:38:09,132,B+35.5,5,True,False,False,,-1,37.772,0
2026-06-18 22:39:02,150,B+47.5,3,True,False,False,,-1,37.8957,0
2026-06-18 22:39:40,123,W+24.5,4,True,False,False,,-1,37.9657,0
2026-06-18 22:40:05,72,W+8.5,2,True,False,False,,-1,37.934,0
2026-06-18 22:40:58,162,B+30.5,3,True,False,False,,-1,38.3263,0
2026-06-18 22:41:22,76,W+7.5,2,True,False,False,,-1,38.2206,0
2026-06-18 22:41:51,91,B+5.5,3,True,False,False,,-1,38.1979,0
2026-06-18 22:42:45,152,W+26.5,4,True,False,False,,-1,38.3253,0
2026-06-18 22:43:34,143,W+45.5,3,True,False,False,,-1,38.4487,0
2026-06-18 22:43:43,34,W+9.5,2,True,False,False,,-1,38.1144,0
2026-06-18 22:44:22,117,B+0.5,6,True,False,False,,-1,38.2169,0
2026-06-18 22:45:06,139,W+27.5,3,True,False,False,,-1,38.2517,0
2026-06-18 22:45:29,72,W+7.5,3,True,False,False,,-1,38.1782,0
2026-06-18 22:45:52,74,W+9.5,5,True,False,False,,-1,37.8607,0
2026-06-18 22:46:23,93,W+10.5,2,True,False,False,,-1,37.7218,0
2026-06-18 22:46:51,85,B+0.5,2,True,False,False,,-1,37.6112,0
2026-06-18 22:47:40,144,B+20.5,5,True,False,False,,-1,37.7509,0
2026-06-18 22:48:19,115,W+27.5,3,True,False,False,,-1,37.608,0
2026-06-18 22:48:59,124,B+0.5,12,True,False,False,,-1,37.7063,0
2026-06-18 22:49:33,112,B+7.5,3,True,False,False,,-1,37.6122,0
2026-06-18 22:49:45,44,W+7.5,2,True,False,False,,-1,37.4395,0
2026-06-18 22:50:39,146,W+54.5,4,True,False,False,,-1,37.7465,0
2026-06-18 22:50:58,62,W+1.5,2,True,False,False,,-1,37.3895,0
2026-06-18 22:51:29,101,W+6.5,7,True,False,False,,-1,37.1614,0
2026-06-18 22:52:11,131,W+29.5,4,True,False,False,,-1,37.2683,0
2026-06-18 22:52:39,84,W+16.5,3,True,False,False,,-1,37.1798,0
2026-06-18 22:53:33,162,W+44.5,1,True,False,False,,-1,37.2122,0
2026-06-18 22:54:21,144,B+29.5,5,True,False,False,,-1,37.2696,0
2026-06-18 22:54:45,74,W+7.5,2,True,False,False,,-1,37.0236,0
2026-06-18 22:55:17,102,B+0.5,4,True,False,False,,-1,36.8123,0
2026-06-18 22:55:46,93,W+1.5,4,True,False,False,,-1,36.7774,0
2026-06-18 22:56:25,114,B+4.5,3,True,False,False,,-1,36.6845,0
2026-06-18 22:56:58,103,B+23.5,2,True,False,False,,-1,36.7803,0
2026-06-18 22:57:34,108,W+43.5,2,True,False,False,,-1,36.6207,0
2026-06-18 22:58:00,82,W+3.5,2,True,False,False,,-1,36.3726,0
2026-06-18 22:58:48,141,B+29.5,5,True,False,False,,-1,36.4815,0
2026-06-18 22:59:05,60,W+5.5,3,True,False,False,,-1,36.1089,0
2026-06-18 22:59:43,115,W+35.5,4,True,False,False,,-1,36.2775,0
2026-06-18 23:00:34,162,W+33.5,1,True,False,False,,-1,36.5042,0
2026-06-18 23:01:05,94,W+20.5,3,True,False,False,,-1,36.2758,0
2026-06-18 23:01:54,154,W+43.5,6,True,False,False,,-1,36.4213,0
2026-06-18 23:02:28,109,B+0.5,4,True,False,False,,-1,36.5096,0
2026-06-18 23:03:05,122,B+25.5,5,True,False,False,,-1,36.4141,0
2026-06-18 23:03:28,74,W+1.5,2,True,False,False,,-1,36.2926,0
2026-06-18 23:04:11,127,B+43.5,5,True,False,False,,-1,36.2157,0
2026-06-18 23:04:59,151,B+15.5,6,True,False,False,,-1,36.3656,0
2026-06-18 23:05:35,111,W+21.5,4,True,False,False,,-1,36.2354,0
2026-06-18 23:05:54,62,W+2.5,2,True,False,False,,-1,36.0563,0
2026-06-18 23:06:24,98,W+25.5,3,True,False,False,,-1,35.8219,0
2026-06-18 23:06:48,72,W+5.5,2,True,False,False,,-1,35.6874,0
2026-06-18 23:07:36,151,W+43.5,5,True,False,False,,-1,35.622,0
2026-06-18 23:08:30,162,W+49.5,1,True,False,False,,-1,35.8894,0
2026-06-18 23:08:55,81,B+9.5,2,True,False,False,,-1,35.8447,0
2026-06-18 23:09:18,72,W+5.5,2,True,False,False,,-1,35.7541,0
2026-06-18 23:09:29,38,W+9.5,2,True,False,False,,-1,35.8138,0
2026-06-18 23:10:07,114,B+15.5,3,True,False,False,,-1,35.8309,0
2026-06-18 23:10:32,76,W+6.5,4,True,False,False,,-1,35.6717,0
2026-06-18 23:11:15,135,W+24.5,2,True,False,False,,-1,35.6679,0
2026-06-18 23:11:52,112,B+2.5,3,True,False,False,,-1,35.6542,0
2026-06-18 23:12:48,162,B+35.5,3,True,False,False,,-1,35.6633,0
2026-06-18 23:13:11,74,W+2.5,2,True,False,False,,-1,35.4825,0
2026-06-18 23:13:42,97,B+1.5,3,True,False,False,,-1,35.3289,0
2026-06-18 23:14:28,138,B+27.5,4,True,False,False,,-1,35.32,0
2026-06-18 23:15:01,103,W+11.5,4,True,False,False,,-1,35.2085,0
2026-06-18 23:15:30,97,W+15.5,3,True,False,False,,-1,35.0085,0
2026-06-18 23:16:00,84,W+10.5,4,True,False,False,,-1,35.0484,0
2026-06-18 23:16:34,99,B+12.5,3,True,False,False,,-1,35.1848,0
2026-06-18 23:17:08,108,B+1.5,5,True,False,False,,-1,35.1839,0
2026-06-18 23:17:25,58,W+4.5,2,True,False,False,,-1,35.092,0
2026-06-18 23:17:52,86,W+5.5,2,True,False,False,,-1,34.9866,0
2026-06-18 23:18:18,82,W+0.5,3,True,False,False,,-1,35.0828,0
2026-06-18 23:18:58,119,W+32.5,3,True,False,False,,-1,35.1605,0
2026-06-18 23:19:35,114,B+3.5,2,True,False,False,,-1,35.2174,0
2026-06-18 23:20:26,145,B+36.5,4,True,False,False,,-1,35.3907,0
2026-06-18 23:20:52,80,W+1.5,3,True,False,False,,-1,35.22,0
2026-06-18 23:21:25,103,W+25.5,2,True,False,False,,-1,35.1987,0
2026-06-18 23:22:18,162,B+38.5,2,True,False,False,,-1,35.2527,0
2026-06-18 23:22:48,93,W+1.5,3,True,False,False,,-1,35.2644,0
2026-06-18 23:23:28,121,B+27.5,3,True,False,False,,-1,35.4479,0
2026-06-18 23:24:11,132,B+42.5,4,True,False,False,,-1,35.3756,0
2026-06-18 23:24:38,78,W+5.5,3,True,False,False,,-1,35.2748,0
2026-06-18 23:25:29,155,W+50.5,4,True,False,False,,-1,35.4651,0
2026-06-18 23:26:10,122,W+46.5,5,True,False,False,,-1,35.6102,0
2026-06-18 23:26:42,92,W+34.5,2,True,False,False,,-1,35.5494,0
2026-06-18 23:27:26,133,W+18.5,3,True,False,False,,-1,35.477,0
2026-06-18 23:27:59,109,W+13.5,2,True,False,False,,-1,35.3864,0
2026-06-18 23:28:29,95,W+11.5,3,True,False,False,,-1,35.356,0
2026-06-18 23:29:10,123,W+16.5,5,True,False,False,,-1,35.4351,0
2026-06-18 23:29:49,112,W+32.5,4,True,False,False,,-1,35.284,0
2026-06-18 23:30:30,120,B+10.5,5,True,False,False,,-1,35.5308,0
2026-06-18 23:31:26,162,B+22.5,1,True,False,False,,-1,35.7711,0
2026-06-18 23:31:50,74,W+10.5,3,True,False,False,,-1,35.4589,0
2026-06-18 23:32:28,121,B+30.5,2,True,False,False,,-1,35.2932,0
2026-06-18 23:33:03,113,W+5.5,5,True,False,False,,-1,35.2857,0
2026-06-18 23:33:32,89,B+0.5,3,True,False,False,,-1,35.2247,0
2026-06-18 23:33:58,81,B+4.5,3,True,False,False,,-1,35.2629,0
2026-06-18 23:34:39,126,B+10.5,6,True,False,False,,-1,35.4419,0
2026-06-18 23:35:10,100,W+17.5,2,True,False,False,,-1,35.2274,0
2026-06-18 23:36:03,162,B+27.5,6,True,False,False,,-1,35.3887,0
2026-06-18 23:36:32,84,W+19.5,4,True,False,False,,-1,35.4527,0
2026-06-18 23:37:23,162,B+25.5,4,True,False,False,,-1,35.5335,0
2026-06-18 23:37:50,84,W+4.5,2,True,False,False,,-1,35.284,0
2026-06-18 23:38:15,78,W+0.5,2,True,False,False,,-1,35.1432,0
2026-06-18 23:38:41,87,B+3.5,2,True,False,False,,-1,35.1559,0
2026-06-18 23:39:15,111,W+25.5,4,True,False,False,,-1,34.9674,0
2026-06-18 23:39:52,110,B+18.5,5,True,False,False,,-1,35.0912,0
2026-06-18 23:40:13,72,W+7.5,2,True,False,False,,-1,35.0213,0
2026-06-18 23:40:31,56,W+6.5,2,True,False,False,,-1,34.6608,0
2026-06-18 23:40:55,80,W+17.5,2,True,False,False,,-1,34.4122,0
2026-06-18 23:41:32,110,B+12.5,3,True,False,False,,-1,34.6888,0
2026-06-18 23:42:15,133,W+18.5,7,True,False,False,,-1,34.7345,0
2026-06-18 23:42:47,100,W+22.5,2,True,False,False,,-1,34.6087,0
2026-06-18 23:43:24,108,W+5.5,3,True,False,False,,-1,34.7449,0
2026-06-18 23:44:18,162,B+50.5,1,True,False,False,,-1,35.0554,0
2026-06-18 23:44:55,110,W+34.5,4,True,False,False,,-1,35.1189,0
2026-06-18 23:45:38,128,B+28.5,3,True,False,False,,-1,35.2668,0
2026-06-18 23:46:12,107,W+15.5,6,True,False,False,,-1,35.1211,0
2026-06-18 23:46:44,97,W+16.5,4,True,False,False,,-1,35.0509,0
2026-06-18 23:47:37,162,W+38.5,2,True,False,False,,-1,35.1743,0
2026-06-18 23:48:07,98,W+1.5,4,True,False,False,,-1,35.136,0
2026-06-18 23:49:06,162,B+45.5,2,True,False,False,,-1,35.6015,0
2026-06-18 23:49:42,109,W+9.5,3,True,False,False,,-1,35.4328,0
2026-06-18 23:50:37,162,W+38.5,4,True,False,False,,-1,35.7924,0
2026-06-18 23:51:14,128,W+46.5,9,True,False,False,,-1,35.8534,0
2026-06-18 23:51:46,96,W+20.5,2,True,False,False,,-1,35.7399,0
2026-06-18 23:52:15,90,W+12.5,2,True,False,False,,-1,35.7603,0
2026-06-18 23:52:44,96,W+6.5,5,True,False,False,,-1,35.5028,0
2026-06-18 23:53:16,100,B+2.5,4,True,False,False,,-1,35.3491,0
2026-06-18 23:53:51,105,W+10.5,3,True,False,False,,-1,35.4629,0
2026-06-18 23:54:42,159,B+31.5,3,True,False,False,,-1,35.6509,0
2026-06-18 23:55:29,136,W+57.5,2,True,False,False,,-1,35.8265,0
2026-06-18 23:56:12,134,B+5.5,5,True,False,False,,-1,35.8687,0
2026-06-18 23:56:41,84,W+19.5,2,True,False,False,,-1,35.8276,0
2026-06-18 23:57:35,162,W+65.5,4,True,False,False,,-1,36.0059,0
2026-06-18 23:58:28,162,B+44.5,2,True,False,False,,-1,36.2759,0
2026-06-18 23:59:04,113,B+8.5,6,True,False,False,,-1,36.1567,0
2026-06-18 23:59:23,64,W+11.5,3,True,False,False,,-1,36.18,0
2026-06-19 00:00:08,141,B+43.5,3,True,False,False,,-1,36.2553,0
2026-06-19 00:00:45,113,W+2.5,5,True,False,False,,-1,36.1032,0
2026-06-19 00:01:34,140,W+47.5,3,True,False,False,,-1,36.2857,0
2026-06-19 00:02:06,102,W+18.5,3,True,False,False,,-1,36.1228,0
2026-06-19 00:02:40,105,W+5.5,5,True,False,False,,-1,36.1243,0
2026-06-19 00:03:25,132,B+15.5,6,True,False,False,,-1,36.1968,0
2026-06-19 00:03:58,105,B+8.5,5,True,False,False,,-1,36.2962,0
2026-06-19 00:04:28,99,W+5.5,2,True,False,False,,-1,36.1648,0
2026-06-19 00:05:12,143,W+52.5,5,True,False,False,,-1,36.1245,0
2026-06-19 00:05:47,103,W+13.5,4,True,False,False,,-1,36.1181,0
2026-06-19 00:06:27,116,B+4.5,4,True,False,False,,-1,36.3305,0
2026-06-19 00:07:06,114,B+18.5,3,True,False,False,,-1,36.4118,0
2026-06-19 00:07:52,149,W+38.5,5,True,False,False,,-1,36.6449,0
2026-06-19 00:08:40,133,B+38.5,4,True,False,False,,-1,36.6412,0
2026-06-19 00:09:04,76,W+7.5,3,True,False,False,,-1,36.3403,0
2026-06-19 00:09:43,119,W+17.5,4,True,False,False,,-1,36.4728,0
2026-06-19 00:10:17,118,W+16.5,8,True,False,False,,-1,36.5804,0
2026-06-19 00:10:56,141,B+29.5,10,True,False,False,,-1,36.8696,0
2026-06-19 00:11:46,143,W+20.5,7,True,False,False,,-1,36.9887,0
2026-06-19 00:12:28,126,B+18.5,5,True,False,False,,-1,37.1517,0
2026-06-19 00:13:04,108,B+21.5,2,True,False,False,,-1,37.0833,0
2026-06-19 00:13:47,140,B+38.5,9,True,False,False,,-1,37.1502,0
2026-06-19 00:14:38,157,B+35.5,4,True,False,False,,-1,37.105,0
2026-06-19 00:15:09,97,W+17.5,3,True,False,False,,-1,37.1728,0
2026-06-19 00:15:46,116,B+2.5,5,True,False,False,,-1,37.234,0
2026-06-19 00:15:58,44,W+5.5,2,True,False,False,,-1,36.899,0
2026-06-19 00:16:21,70,W+7.5,2,True,False,False,,-1,36.7987,0
2026-06-19 00:17:05,136,W+44.5,12,True,False,False,,-1,36.9506,0
2026-06-19 00:17:56,155,W+46.5,5,True,False,False,,-1,37.1594,0
2026-06-19 00:18:28,97,B+11.5,4,True,False,False,,-1,37.1409,0
2026-06-19 00:19:10,127,W+38.5,4,True,False,False,,-1,37.226,0
2026-06-19 00:19:38,84,W+22.5,2,True,False,False,,-1,37.3336,0
2026-06-19 00:20:26,162,B+34.5,2,True,False,False,,-1,37.5406,0
2026-06-19 00:21:16,149,B+36.5,4,True,False,False,,-1,37.7755,0
2026-06-19 00:21:47,95,W+4.5,2,True,False,False,,-1,37.6837,0
2026-06-19 00:21:56,36,W+6.5,2,True,False,False,,-1,37.4045,0
2026-06-19 00:22:29,106,W+10.5,3,True,False,False,,-1,37.2302,0
2026-06-19 00:22:47,60,W+12.5,2,True,False,False,,-1,37.1416,0
2026-06-19 00:23:26,126,B+3.5,6,True,False,False,,-1,37.2076,0
2026-06-19 00:24:03,111,W+32.5,5,True,False,False,,-1,37.0478,0
2026-06-19 00:24:23,66,W+9.5,3,True,False,False,,-1,36.9466,0
2026-06-19 00:24:30,30,W+7.5,2,True,False,False,,-1,36.6199,0
2026-06-19 00:24:48,60,W+6.5,3,True,False,False,,-1,36.3655,0
2026-06-19 00:25:32,134,W+36.5,3,True,False,False,,-1,36.5407,0
2026-06-19 00:26:24,162,W+72.5,2,True,False,False,,-1,36.5502,0
2026-06-19 00:27:18,162,B+48.5,4,True,False,False,,-1,36.6746,0
2026-06-19 00:27:39,64,W+2.5,3,True,False,False,,-1,36.5641,0
2026-06-19 00:28:17,122,B+18.5,2,True,False,False,,-1,36.5077,0
2026-06-19 00:28:58,125,W+7.5,3,True,False,False,,-1,36.5821,0
2026-06-19 00:29:50,162,W+32.5,2,True,False,False,,-1,36.8106,0
2026-06-19 00:30:03,44,W+7.5,2,True,False,False,,-1,36.521,0
2026-06-19 00:30:12,36,W+7.5,2,True,False,False,,-1,36.223,0
2026-06-19 00:30:38,81,B+19.5,3,True,False,False,,-1,36.0768,0
2026-06-19 00:31:09,96,W+12.5,2,True,False,False,,-1,35.8187,0
2026-06-19 00:32:00,151,W+49.5,4,True,False,False,,-1,36.1004,0
2026-06-19 00:32:33,104,W+17.5,4,True,False,False,,-1,36.0527,0
2026-06-19 00:33:19,138,B+43.5,4,True,False,False,,-1,36.1596,0
2026-06-19 00:33:49,90,W+2.5,3,True,False,False,,-1,36.17,0
2026-06-19 00:34:26,116,B+10.5,2,True,False,False,,-1,36.274,0
2026-06-19 00:35:19,162,W+52.5,3,True,False,False,,-1,36.4001,0
2026-06-19 00:36:08,154,B+51.5,5,True,False,False,,-1,36.571,0
2026-06-19 00:37:03,162,W+43.5,0,True,False,False,,-1,36.5963,0
2026-06-19 00:37:31,91,B+1.5,8,True,False,False,,-1,36.5886,0
2026-06-19 00:38:02,95,B+5.5,2,True,False,False,,-1,36.3948,0
2026-06-19 00:38:22,66,W+9.5,2,True,False,False,,-1,36.3166,0
2026-06-19 00:38:44,72,W+2.5,2,True,False,False,,-1,36.2839,0
2026-06-19 00:39:24,124,W+41.5,4,True,False,False,,-1,36.4341,0
2026-06-19 00:41:30,100,B+0.5,6,True,False,False,,-1,36.2754,1000
2026-06-19 00:41:35,22,W+7.5,2,True,False,False,,-1,36.1112,1000
2026-06-19 00:42:24,162,W+14.5,18,True,False,False,,-1,36.4238,1000
2026-06-19 00:42:51,93,W+12.5,7,True,False,False,,-1,36.4549,1000
2026-06-19 00:43:40,162,W+18.5,12,True,False,False,,-1,36.5762,1000
2026-06-19 00:44:07,105,W+2.5,9,True,False,False,,-1,36.4129,1000
2026-06-19 00:44:41,114,B+2.5,13,True,False,False,,-1,36.4294,1000
2026-06-19 00:45:09,102,B+0.5,4,True,False,False,,-1,36.3509,1000
2026-06-19 00:45:35,97,W+14.5,9,True,False,False,,-1,36.0635,1000
2026-06-19 00:46:17,135,W+0.5,10,True,False,False,,-1,36.1172,1000
2026-06-19 00:46:23,26,W+6.5,3,True,False,False,,-1,35.7515,1000
2026-06-19 00:46:52,109,W+42.5,8,True,False,False,,-1,35.6931,1000
2026-06-19 00:47:21,112,B+4.5,13,True,False,False,,-1,35.6592,1000
2026-06-19 00:47:50,114,B+3.5,14,True,False,False,,-1,35.4218,1000
2026-06-19 00:48:22,112,B+0.5,8,True,False,False,,-1,35.4452,1000
2026-06-19 00:48:51,102,B+6.5,11,True,False,False,,-1,35.1496,1000
2026-06-19 00:49:23,113,W+6.5,14,True,False,False,,-1,35.1064,1000
2026-06-19 00:49:47,82,W+24.5,4,True,False,False,,-1,34.7894,1000
2026-06-19 00:50:20,113,W+1.5,8,True,False,False,,-1,34.7555,1000
2026-06-19 00:50:50,100,W+13.5,9,True,False,False,,-1,34.7395,1000
2026-06-19 00:51:08,62,W+4.5,2,True,False,False,,-1,34.62,1000
2026-06-19 00:51:33,93,W+12.5,3,True,False,False,,-1,34.5906,1000
2026-06-19 00:52:00,101,W+3.5,12,True,False,False,,-1,34.5283,1000
2026-06-19 00:52:33,120,B+0.5,6,True,False,False,,-1,34.5148,1000
2026-06-19 00:53:03,106,B+0.5,6,True,False,False,,-1,34.3001,1000
2026-06-19 00:53:27,97,W+12.5,8,True,False,False,,-1,34.0718,1000
2026-06-19 00:53:58,117,W+2.5,15,True,False,False,,-1,33.9603,1000
2026-06-19 00:54:26,99,B+6.5,4,True,False,False,,-1,33.9425,1000
2026-06-19 00:54:59,126,B+15.5,12,True,False,False,,-1,33.7366,1000
2026-06-19 00:55:33,129,W+2.5,11,True,False,False,,-1,33.5451,1000
2026-06-19 00:55:59,101,B+4.5,4,True,False,False,,-1,33.4463,1000
2026-06-19 00:56:24,99,W+1.5,7,True,False,False,,-1,33.5074,1000
2026-06-19 00:56:52,105,W+1.5,7,True,False,False,,-1,33.3322,1000
2026-06-19 00:57:25,129,W+0.5,12,True,False,False,,-1,33.2937,1000
2026-06-19 00:58:02,139,W+0.5,15,True,False,False,,-1,33.175,1000
2026-06-19 00:58:15,50,W+6.5,3,True,False,False,,-1,32.9792,1000
2026-06-19 00:58:58,162,B+8.5,18,True,False,False,,-1,33.0711,1000
2026-06-19 00:59:28,107,W+2.5,7,True,False,False,,-1,32.9262,1000
2026-06-19 00:59:55,106,B+1.5,5,True,False,False,,-1,32.8663,1000
2026-06-19 01:00:27,115,W+2.5,10,True,False,False,,-1,32.8883,1000
2026-06-19 01:01:01,121,W+2.5,15,True,False,False,,-1,32.7811,1000
2026-06-19 01:01:29,116,B+4.5,13,True,False,False,,-1,32.7195,1000
2026-06-19 01:02:03,118,B+13.5,12,True,False,False,,-1,32.6493,1000
2026-06-19 01:02:30,103,W+0.5,7,True,False,False,,-1,32.5431,1000
2026-06-19 01:03:14,155,W+1.5,18,True,False,False,,-1,32.5113,1000
2026-06-19 01:03:48,122,B+0.5,7,True,False,False,,-1,32.3772,1000
2026-06-19 01:04:27,161,W+27.5,25,True,False,False,,-1,32.5221,1000
2026-06-19 01:04:58,122,B+1.5,13,True,False,False,,-1,32.4484,1000
2026-06-19 01:05:34,132,B+7.5,17,True,False,False,,-1,32.4671,1000
2026-06-19 01:05:57,86,W+13.5,5,True,False,False,,-1,32.3066,1000
2026-06-19 01:06:28,115,W+2.5,8,True,False,False,,-1,32.1146,1000
2026-06-19 01:06:59,120,B+6.5,11,True,False,False,,-1,32.0088,1000
2026-06-19 01:07:28,105,W+0.5,11,True,False,False,,-1,31.9362,1000
2026-06-19 01:08:00,116,B+5.5,10,True,False,False,,-1,31.8255,1000
2026-06-19 01:08:35,133,W+0.5,12,True,False,False,,-1,31.6591,1000
2026-06-19 01:09:06,117,W+1.5,15,True,False,False,,-1,31.6677,1000
2026-06-19 01:09:35,114,B+11.5,13,True,False,False,,-1,31.585,1000
2026-06-19 01:10:11,119,W+1.5,11,True,False,False,,-1,31.8221,1000
2026-06-19 01:10:46,132,B+0.5,14,True,False,False,,-1,31.9476,1000
2026-06-19 01:11:12,103,W+0.5,7,True,False,False,,-1,31.7687,1000
2026-06-19 01:11:43,119,W+15.5,13,True,False,False,,-1,31.5674,1000
2026-06-19 01:12:15,117,W+0.5,10,True,False,False,,-1,31.5711,1000
2026-06-19 01:12:50,120,B+3.5,12,True,False,False,,-1,31.4863,1000
2026-06-19 01:13:16,101,W+0.5,6,True,False,False,,-1,31.4715,1000
2026-06-19 01:13:41,94,B+6.5,6,True,False,False,,-1,31.2461,1000
2026-06-19 01:14:15,125,W+1.5,12,True,False,False,,-1,31.0881,1000
2026-06-19 01:14:43,95,B+0.5,8,True,False,False,,-1,31.0519,1000
2026-06-19 01:15:11,106,B+6.5,11,True,False,False,,-1,31.2402,1000
2026-06-19 01:15:46,138,B+3.5,13,True,False,False,,-1,31.2603,1000
2026-06-19 01:16:13,102,B+2.5,6,True,False,False,,-1,31.36,1000
2026-06-19 01:16:49,142,B+5.5,22,True,False,False,,-1,31.3271,1000
2026-06-19 01:17:21,118,B+0.5,8,True,False,False,,-1,31.2754,1000
2026-06-19 01:17:29,26,W+7.5,2,True,False,False,,-1,31.1548,1000
2026-06-19 01:17:47,68,W+8.5,2,True,False,False,,-1,31.2685,1000
2026-06-19 01:18:22,127,W+0.5,12,True,False,False,,-1,31.4393,1000
2026-06-19 01:18:49,99,W+1.5,5,True,False,False,,-1,31.259,1000
2026-06-19 01:19:21,124,B+16.5,10,True,False,False,,-1,31.0658,1000
2026-06-19 01:19:52,121,W+1.5,16,True,False,False,,-1,30.8343,1000
2026-06-19 01:20:22,112,B+0.5,12,True,False,False,,-1,30.9272,1000
2026-06-19 01:20:58,137,W+0.5,15,True,False,False,,-1,30.9029,1000
2026-06-19 01:21:29,115,W+1.5,10,True,False,False,,-1,30.8105,1000
2026-06-19 01:21:57,107,W+6.5,15,True,False,False,,-1,30.5604,1000
2026-06-19 01:22:31,118,B+0.5,8,True,False,False,,-1,30.7761,1000
2026-06-19 01:23:00,112,B+4.5,7,True,False,False,,-1,30.9843,1000
2026-06-19 01:23:35,125,W+1.5,12,True,False,False,,-1,31.0657,1000
2026-06-19 01:24:03,106,W+2.5,9,True,False,False,,-1,31.0428,1000
2026-06-19 01:24:43,160,B+15.5,16,True,False,False,,-1,30.9285,1000
2026-06-19 01:25:26,147,W+15.5,19,True,False,False,,-1,31.0208,1000
2026-06-19 01:25:54,102,B+2.5,8,True,False,False,,-1,30.8421,1000
2026-06-19 01:26:17,95,B+0.5,3,True,False,False,,-1,30.7786,1000
2026-06-19 01:26:47,103,W+0.5,9,True,False,False,,-1,30.7027,1000
2026-06-19 01:27:19,127,B+0.5,17,True,False,False,,-1,30.4931,1000
2026-06-19 01:27:45,104,B+10.5,9,True,False,False,,-1,30.2705,1000
2026-06-19 01:28:11,93,B+2.5,8,True,False,False,,-1,29.9681,1000
2026-06-19 01:28:39,100,B+1.5,4,True,False,False,,-1,29.9747,1000
2026-06-19 01:29:06,96,B+2.5,5,True,False,False,,-1,29.9311,1000
2026-06-19 01:29:34,110,B+7.5,12,True,False,False,,-1,30.0164,1000
2026-06-19 01:30:06,106,W+12.5,6,True,False,False,,-1,30.1161,1000
2026-06-19 01:30:12,26,W+7.5,2,True,False,False,,-1,29.7738,1000
2026-06-19 01:30:44,123,W+3.5,18,True,False,False,,-1,29.8243,1000
2026-06-19 01:31:26,162,B+13.5,19,True,False,False,,-1,29.9555,1000
2026-06-19 01:31:59,123,W+2.5,5,True,False,False,,-1,30.2417,1000
2026-06-19 01:32:24,92,W+9.5,9,True,False,False,,-1,30.002,1000
2026-06-19 01:32:53,103,W+1.5,6,True,False,False,,-1,30.0166,1000
2026-06-19 01:33:26,119,W+6.5,11,True,False,False,,-1,29.8594,1000
2026-06-19 01:33:51,99,W+16.5,6,True,False,False,,-1,29.8393,1000
2026-06-19 01:34:30,136,B+0.5,18,True,False,False,,-1,29.8941,1000
2026-06-19 01:34:38,30,W+7.5,2,True,False,False,,-1,29.6845,1000
2026-06-19 01:35:17,143,W+1.5,26,True,False,False,,-1,29.8202,1000
2026-06-19 01:35:48,117,W+12.5,13,True,False,False,,-1,29.7047,1000
2026-06-19 01:36:16,103,W+3.5,2,True,False,False,,-1,29.9211,1000
2026-06-19 01:36:42,104,B+1.5,10,True,False,False,,-1,29.9014,1000
2026-06-19 01:37:10,106,B+1.5,9,True,False,False,,-1,29.8897,1000
2026-06-19 01:37:28,66,W+10.5,3,True,False,False,,-1,29.7802,1000
2026-06-19 01:37:58,111,W+5.5,12,True,False,False,,-1,29.75,1000
2026-06-19 01:38:30,126,B+4.5,14,True,False,False,,-1,29.7834,1000
2026-06-19 01:39:02,125,W+10.5,14,True,False,False,,-1,29.7843,1000
2026-06-19 01:39:31,105,W+0.5,12,True,False,False,,-1,29.8409,1000
2026-06-19 01:40:01,104,B+2.5,5,True,False,False,,-1,29.8034,1000
2026-06-19 01:40:29,106,B+1.5,7,True,False,False,,-1,29.7854,1000
2026-06-19 01:40:56,102,B+2.5,9,True,False,False,,-1,29.8787,1000
2026-06-19 01:41:31,119,W+2.5,9,True,False,False,,-1,29.9709,1000
2026-06-19 01:42:01,113,W+6.5,14,True,False,False,,-1,30.0145,1000
2026-06-19 01:42:33,113,W+2.5,10,True,False,False,,-1,29.9954,1000
2026-06-19 01:43:00,104,B+1.5,7,True,False,False,,-1,29.9676,1000
2026-06-19 01:43:37,119,W+2.5,9,True,False,False,,-1,30.1028,1000
2026-06-19 01:43:48,42,W+7.5,2,True,False,False,,-1,29.8958,1000
2026-06-19 01:44:15,100,B+1.5,7,True,False,False,,-1,29.8929,1000
2026-06-19 01:44:44,104,B+2.5,7,True,False,False,,-1,29.8446,1000
2026-06-19 01:45:14,111,W+4.5,13,True,False,False,,-1,29.8063,1000
2026-06-19 01:45:41,97,W+4.5,9,True,False,False,,-1,29.8243,1000
2026-06-19 01:46:13,112,B+0.5,10,True,False,False,,-1,29.8845,1000
2026-06-19 01:46:42,99,B+3.5,4,True,False,False,,-1,29.899,1000
2026-06-19 01:47:15,116,B+7.5,5,True,False,False,,-1,29.9002,1000
2026-06-19 01:47:47,119,W+4.5,10,True,False,False,,-1,29.8493,1000
2026-06-19 01:48:20,120,B+1.5,10,True,False,False,,-1,30.0513,1000
2026-06-19 01:48:45,88,W+6.5,3,True,False,False,,-1,29.8706,1000
2026-06-19 01:49:11,85,B+3.5,3,True,False,False,,-1,29.8266,1000
2026-06-19 01:49:45,126,B+0.5,10,True,False,False,,-1,29.9002,1000
2026-06-19 01:49:59,48,W+6.5,2,True,False,False,,-1,29.7153,1000
2026-06-19 01:50:28,110,B+1.5,7,True,False,False,,-1,29.673,1000
2026-06-19 01:51:05,162,B+3.5,21,True,False,False,,-1,29.76,1000
2026-06-19 01:51:41,135,W+6.5,18,True,False,False,,-1,29.7848,1000
2026-06-19 01:52:12,119,W+6.5,14,True,False,False,,-1,29.8127,1000
2026-06-19 01:52:41,105,B+8.5,6,True,False,False,,-1,29.6651,1000
2026-06-19 01:53:13,132,B+1.5,20,True,False,False,,-1,29.6494,1000
2026-06-19 01:53:34,68,W+8.5,2,True,False,False,,-1,29.4674,1000
2026-06-19 01:54:07,109,W+3.5,9,True,False,False,,-1,29.4797,1000
2026-06-19 01:54:35,104,B+2.5,10,True,False,False,,-1,29.4133,1000
2026-06-19 01:55:06,113,B+4.5,5,True,False,False,,-1,29.4819,1000
2026-06-19 01:55:30,94,W+7.5,8,True,False,False,,-1,29.4182,1000
2026-06-19 01:56:04,126,B+3.5,9,True,False,False,,-1,29.4501,1000
2026-06-19 01:56:45,162,B+19.5,20,True,False,False,,-1,29.5686,1000
2026-06-19 01:57:14,113,W+0.5,11,True,False,False,,-1,29.5326,1000
2026-06-19 01:57:36,78,W+23.5,2,True,False,False,,-1,29.4125,1000
2026-06-19 01:58:06,111,W+8.5,12,True,False,False,,-1,29.3913,1000
2026-06-19 01:58:15,40,W+7.5,2,True,False,False,,-1,29.193,1000
2026-06-19 01:58:46,104,B+0.5,11,True,False,False,,-1,29.1525,1000
2026-06-19 01:59:10,92,B+0.5,5,True,False,False,,-1,29.0387,1000
2026-06-19 01:59:42,119,W+2.5,14,True,False,False,,-1,29.0942,1000
2026-06-19 02:00:09,102,B+3.5,4,True,False,False,,-1,29.051,1000
2026-06-19 02:00:39,108,B+1.5,6,True,False,False,,-1,29.0316,1000
2026-06-19 02:01:05,105,W+5.5,10,True,False,False,,-1,28.9532,1000
2026-06-19 02:01:36,121,W+0.5,19,True,False,False,,-1,28.9941,1000
2026-06-19 02:02:21,162,W+39.5,19,True,False,False,,-1,29.1939,1000
2026-06-19 02:03:01,153,W+19.5,22,True,False,False,,-1,29.257,1000
2026-06-19 02:03:30,102,B+0.5,8,True,False,False,,-1,29.2696,1000
2026-06-19 02:03:50,78,W+3.5,2,True,False,False,,-1,29.1911,1000
2026-06-19 02:04:19,103,W+1.5,8,True,False,False,,-1,29.1326,1000
2026-06-19 02:05:02,157,W+0.5,32,True,False,False,,-1,29.2853,1000
2026-06-19 02:05:29,102,B+2.5,3,True,False,False,,-1,29.1917,1000
2026-06-19 02:06:01,125,W+0.5,8,True,False,False,,-1,29.1962,1000
2026-06-19 02:06:35,144,B+0.5,23,True,False,False,,-1,29.4612,1000
2026-06-19 02:07:05,102,B+1.5,6,True,False,False,,-1,29.5709,1000
2026-06-19 02:07:34,117,W+1.5,16,True,False,False,,-1,29.5187,1000
2026-06-19 02:08:04,114,B+2.5,10,True,False,False,,-1,29.5489,1000
2026-06-19 02:08:35,112,B+0.5,10,True,False,False,,-1,29.5382,1000
2026-06-19 02:09:04,113,W+4.5,10,True,False,False,,-1,29.5197,1000
2026-06-19 02:09:16,48,W+10.5,2,True,False,False,,-1,29.3417,1000
2026-06-19 02:09:46,105,W+0.5,8,True,False,False,,-1,29.2755,1000
2026-06-19 02:10:15,111,W+1.5,11,True,False,False,,-1,29.2505,1000
2026-06-19 02:10:56,162,W+40.5,16,True,False,False,,-1,29.3832,1000
2026-06-19 02:11:26,106,W+6.5,8,True,False,False,,-1,29.3445,1000
2026-06-19 02:12:09,160,B+7.5,24,True,False,False,,-1,29.4796,1000
2026-06-19 02:12:43,133,B+0.5,15,True,False,False,,-1,29.4815,1000
2026-06-19 02:13:04,76,W+10.5,2,True,False,False,,-1,29.4082,1000
2026-06-19 02:13:11,24,W+7.5,2,True,False,False,,-1,29.0711,1000
2026-06-19 02:13:34,84,W+9.5,2,True,False,False,,-1,28.8755,1000
2026-06-19 02:13:59,101,W+7.5,10,True,False,False,,-1,28.8548,1000
2026-06-19 02:14:35,118,B+2.5,11,True,False,False,,-1,28.9772,1000
2026-06-19 02:15:05,108,B+0.5,12,True,False,False,,-1,28.9808,1000
2026-06-19 02:15:35,109,W+13.5,11,True,False,False,,-1,28.961,1000
2026-06-19 02:16:01,97,W+2.5,6,True,False,False,,-1,28.9581,1000
2026-06-19 02:16:35,120,B+5.5,11,True,False,False,,-1,29.0435,1000
2026-06-19 02:16:51,64,W+6.5,2,True,False,False,,-1,28.9138,1000
2026-06-19 02:17:18,96,B+1.5,6,True,False,False,,-1,28.9201,1000
2026-06-19 02:17:50,126,B+2.5,17,True,False,False,,-1,28.955,1000
2026-06-19 02:18:22,117,W+6.5,13,True,False,False,,-1,28.9619,1000
2026-06-19 02:18:57,130,B+6.5,17,True,False,False,,-1,29.2487,1000
2026-06-19 02:19:36,141,W+2.5,21,True,False,False,,-1,29.3166,1000
2026-06-19 02:20:14,133,B+6.5,15,True,False,False,,-1,29.2776,1000
2026-06-19 02:20:42,109,W+2.5,8,True,False,False,,-1,29.2257,1000
2026-06-19 02:21:17,117,W+2.5,9,True,False,False,,-1,29.3237,1000
2026-06-19 02:21:53,140,B+3.5,20,True,False,False,,-1,29.3975,1000
2026-06-19 02:22:23,116,B+12.5,10,True,False,False,,-1,29.3695,1000
2026-06-19 02:22:47,90,B+1.5,5,True,False,False,,-1,29.3543,1000
2026-06-19 02:23:19,115,W+8.5,13,True,False,False,,-1,29.2819,1000
2026-06-19 02:23:48,107,W+1.5,7,True,False,False,,-1,29.4932,1000
2026-06-19 02:24:19,119,W+3.5,21,True,False,False,,-1,29.4184,1000
2026-06-19 02:24:43,86,W+4.5,2,True,False,False,,-1,29.3551,1000
2026-06-19 02:25:12,96,B+4.5,5,True,False,False,,-1,29.3608,1000
2026-06-19 02:25:56,162,W+0.5,21,True,False,False,,-1,29.5351,1000
2026-06-19 02:26:10,54,W+5.5,2,True,False,False,,-1,29.4019,1000
2026-06-19 02:26:41,107,W+0.5,9,True,False,False,,-1,29.5244,1000
2026-06-19 02:27:11,110,B+0.5,5,True,False,False,,-1,29.5308,1000
2026-06-19 02:27:43,107,W+2.5,10,True,False,False,,-1,29.5357,1000
2026-06-19 02:28:11,107,W+1.5,9,True,False,False,,-1,29.4902,1000
2026-06-19 02:28:20,36,W+9.5,2,True,False,False,,-1,29.2842,1000
2026-06-19 02:28:45,103,W+13.5,15,True,False,False,,-1,29.2369,1000
2026-06-19 02:29:13,109,W+4.5,14,True,False,False,,-1,29.239,1000
2026-06-19 02:29:43,112,B+1.5,12,True,False,False,,-1,29.265,1000
2026-06-19 02:30:10,98,W+15.5,2,True,False,False,,-1,29.1945,1000
2026-06-19 02:30:46,123,B+3.5,7,True,False,False,,-1,29.2432,1000
2026-06-19 02:31:14,109,W+3.5,14,True,False,False,,-1,29.2142,1000
2026-06-19 02:31:43,110,B+0.5,10,True,False,False,,-1,29.2263,1000
2026-06-19 02:32:13,114,B+2.5,10,True,False,False,,-1,29.154,1000
2026-06-19 02:32:51,146,B+1.5,18,True,False,False,,-1,29.4297,1000
2026-06-19 02:33:27,142,B+11.5,22,True,False,False,,-1,29.5135,1000
2026-06-19 02:33:53,98,B+0.5,3,True,False,False,,-1,29.4877,1000
2026-06-19 02:34:21,102,B+1.5,7,True,False,False,,-1,29.4686,1000
2026-06-19 02:34:55,123,W+5.5,9,True,False,False,,-1,29.5353,1000
2026-06-19 02:35:25,108,B+11.5,9,True,False,False,,-1,29.5143,1000
2026-06-19 02:36:01,135,B+1.5,17,True,False,False,,-1,29.5872,1000
2026-06-19 02:36:33,120,B+1.5,14,True,False,False,,-1,29.5769,1000
2026-06-19 02:37:15,155,W+16.5,28,True,False,False,,-1,29.6816,1000
2026-06-19 02:37:47,114,B+0.5,8,True,False,False,,-1,29.6726,1000
2026-06-19 02:38:20,113,W+4.5,10,True,False,False,,-1,29.7444,1000
2026-06-19 02:38:58,139,W+10.5,23,True,False,False,,-1,29.8672,1000
2026-06-19 02:39:30,121,W+6.5,14,True,False,False,,-1,29.851,1000
2026-06-19 02:39:57,96,B+5.5,6,True,False,False,,-1,29.9778,1000
2026-06-19 02:40:27,115,W+5.5,11,True,False,False,,-1,29.9828,1000
2026-06-19 02:40:54,102,B+3.5,4,True,False,False,,-1,29.8819,1000
2026-06-19 02:41:22,107,W+4.5,8,True,False,False,,-1,29.802,1000
2026-06-19 02:41:58,112,B+0.5,6,True,False,False,,-1,29.8549,1000
2026-06-19 02:42:28,117,W+2.5,9,True,False,False,,-1,29.8701,1000
2026-06-19 02:43:11,157,W+4.5,20,True,False,False,,-1,29.9709,1000
2026-06-19 02:43:38,92,B+1.5,3,True,False,False,,-1,30.0379,1000
2026-06-19 02:44:06,101,W+10.5,9,True,False,False,,-1,29.9914,1000
2026-06-19 02:44:33,96,W+4.5,3,True,False,False,,-1,29.9751,1000
2026-06-19 02:44:59,90,B+0.5,4,True,False,False,,-1,29.9253,1000
2026-06-19 02:45:26,105,W+1.5,8,True,False,False,,-1,29.9569,1000
2026-06-19 02:45:36,38,W+7.5,2,True,False,False,,-1,29.7121,1000
2026-06-19 02:46:05,109,W+5.5,12,True,False,False,,-1,29.5993,1000
2026-06-19 02:46:37,117,W+0.5,15,True,False,False,,-1,29.6279,1000
2026-06-19 02:46:51,54,W+4.5,2,True,False,False,,-1,29.5494,1000
2026-06-19 02:47:19,114,B+0.5,12,True,False,False,,-1,29.5365,1000
2026-06-19 02:47:28,32,W+8.5,3,True,False,False,,-1,29.5311,1000
2026-06-19 02:48:02,129,W+1.5,17,True,False,False,,-1,29.5552,1000
2026-06-19 02:48:36,133,W+3.5,21,True,False,False,,-1,29.652,1000
2026-06-19 02:49:10,130,B+5.5,17,True,False,False,,-1,29.6759,1000
2026-06-19 02:49:42,124,B+7.5,15,True,False,False,,-1,29.7347,1000
2026-06-19 02:50:14,116,B+0.5,10,True,False,False,,-1,29.7518,1000
2026-06-19 02:50:21,20,W+7.5,2,True,False,False,,-1,29.5553,1000
2026-06-19 02:50:48,98,B+3.5,8,True,False,False,,-1,29.5163,1000
2026-06-19 02:51:22,119,W+4.5,13,True,False,False,,-1,29.4097,1000
2026-06-19 02:51:49,98,B+1.5,4,True,False,False,,-1,29.2736,1000
2026-06-19 02:52:14,94,W+5.5,3,True,False,False,,-1,29.2446,1000
2026-06-19 02:53:00,162,W+26.5,10,True,False,False,,-1,29.4979,1000
2026-06-19 02:53:29,108,B+1.5,14,True,False,False,,-1,29.4984,1000
2026-06-19 02:53:55,100,B+0.5,8,True,False,False,,-1,29.3304,1000
2026-06-19 02:54:24,105,W+0.5,9,True,False,False,,-1,29.3563,1000
2026-06-19 02:54:54,109,W+0.5,13,True,False,False,,-1,29.3288,1000
2026-06-19 02:55:28,129,W+5.5,15,True,False,False,,-1,29.3303,1000
2026-06-19 02:55:37,34,W+5.5,2,True,False,False,,-1,29.1164,1000
2026-06-19 02:56:04,99,W+6.5,7,True,False,False,,-1,29.0988,1000
2026-06-19 02:56:32,103,B+6.5,8,True,False,False,,-1,29.078,1000
2026-06-19 02:57:04,115,B+5.5,7,True,False,False,,-1,29.0912,1000
2026-06-19 02:57:30,84,W+15.5,5,True,False,False,,-1,29.0542,1000
2026-06-19 02:57:57,106,B+0.5,12,True,False,False,,-1,29.2082,1000
2026-06-19 02:58:26,105,W+0.5,9,True,False,False,,-1,29.1994,1000
2026-06-19 02:59:01,120,B+4.5,6,True,False,False,,-1,29.2583,1000
2026-06-19 02:59:35,123,W+3.5,13,True,False,False,,-1,29.1936,1000
2026-06-19 02:59:46,38,W+12.5,2,True,False,False,,-1,29.0067,1000
2026-06-19 03:00:17,111,W+1.5,13,True,False,False,,-1,28.882,1000
2026-06-19 03:00:51,113,W+0.5,7,True,False,False,,-1,28.8729,1000
2026-06-19 03:01:21,111,W+0.5,10,True,False,False,,-1,28.9661,1000
2026-06-19 03:01:49,101,W+2.5,7,True,False,False,,-1,29.1845,1000
2026-06-19 03:02:29,150,B+3.5,24,True,False,False,,-1,29.3569,1000
2026-06-19 03:02:59,105,W+8.5,6,True,False,False,,-1,29.3923,1000
2026-06-19 03:03:28,111,W+9.5,13,True,False,False,,-1,29.3292,1000
2026-06-19 03:03:59,116,B+5.5,9,True,False,False,,-1,29.3373,1000
2026-06-19 03:04:23,91,B+14.5,3,True,False,False,,-1,29.2753,1000
2026-06-19 03:05:00,129,B+6.5,17,True,False,False,,-1,29.3799,1000
2026-06-19 03:05:35,134,B+3.5,17,True,False,False,,-1,29.3969,1000
2026-06-19 03:06:05,107,W+0.5,12,True,False,False,,-1,29.5342,1000
2026-06-19 03:06:35,109,W+11.5,9,True,False,False,,-1,29.56,1000
2026-06-19 03:07:07,109,W+3.5,13,True,False,False,,-1,29.5722,1000
2026-06-19 03:07:35,109,W+0.5,9,True,False,False,,-1,29.529,1000
2026-06-19 03:07:53,68,W+22.5,3,True,False,False,,-1,29.3498,1000
2026-06-19 03:08:30,130,B+2.5,11,True,False,False,,-1,29.3391,1000
2026-06-19 03:09:00,102,B+1.5,8,True,False,False,,-1,29.2605,1000
2026-06-19 03:09:30,116,W+3.5,7,True,False,False,,-1,29.2786,1000
2026-06-19 03:10:00,114,B+2.5,14,True,False,False,,-1,29.2312,1000
2026-06-19 03:10:33,112,B+7.5,5,True,False,False,,-1,29.1959,1000
2026-06-19 03:11:02,103,W+0.5,7,True,False,False,,-1,29.1818,1000
2026-06-19 03:11:42,158,B+8.5,26,True,False,False,,-1,29.3471,1000
2026-06-19 03:12:19,147,W+3.5,27,True,False,False,,-1,29.3953,1000
2026-06-19 03:12:48,105,W+3.5,11,True,False,False,,-1,29.3978,1000
2026-06-19 03:13:23,129,B+1.5,17,True,False,False,,-1,29.4359,1000
2026-06-19 03:13:56,123,W+2.5,10,True,False,False,,-1,29.5264,1000
2026-06-19 03:14:34,162,B+13.5,24,True,False,False,,-1,29.6172,1000
2026-06-19 03:15:16,162,W+45.5,19,True,False,False,,-1,29.5954,1000
2026-06-19 03:15:44,105,W+0.5,6,True,False,False,,-1,29.7282,1000
2026-06-19 03:16:15,126,W+2.5,14,True,False,False,,-1,29.7431,1000
2026-06-19 03:16:43,113,B+0.5,11,True,False,False,,-1,29.7171,1000
2026-06-19 03:17:10,98,B+0.5,4,True,False,False,,-1,29.6682,1000
2026-06-19 03:17:41,117,W+7.5,12,True,False,False,,-1,29.6985,1000
2026-06-19 03:18:20,148,B+18.5,19,True,False,False,,-1,30.0036,1000
2026-06-19 03:18:51,109,W+0.5,12,True,False,False,,-1,30.0583,1000
2026-06-19 03:19:18,103,W+3.5,11,True,False,False,,-1,30.0516,1000
2026-06-19 03:20:02,162,B+8.5,23,True,False,False,,-1,30.1895,1000
2026-06-19 03:20:38,136,B+5.5,24,True,False,False,,-1,30.2762,1000
2026-06-19 03:21:07,101,W+1.5,9,True,False,False,,-1,30.2079,1000
2026-06-19 03:21:35,109,W+2.5,10,True,False,False,,-1,30.1985,1000
2026-06-19 03:22:03,109,W+2.5,12,True,False,False,,-1,30.1995,1000
2026-06-19 03:22:48,162,W+32.5,22,True,False,False,,-1,30.3458,1000
2026-06-19 03:23:20,125,W+5.5,14,True,False,False,,-1,30.2859,1000
2026-06-19 03:23:53,116,B+2.5,13,True,False,False,,-1,30.2618,1000
2026-06-19 03:24:26,118,B+2.5,7,True,False,False,,-1,30.3329,1000
2026-06-19 03:25:14,162,W+45.5,9,True,False,False,,-1,30.5305,1000
2026-06-19 03:25:44,111,W+5.5,14,True,False,False,,-1,30.4839,1000
2026-06-19 03:26:07,89,B+2.5,7,True,False,False,,-1,30.4234,1000
2026-06-19 03:26:44,147,W+9.5,24,True,False,False,,-1,30.4245,1000
2026-06-19 03:26:53,38,W+7.5,2,True,False,False,,-1,30.1988,1000
2026-06-19 03:27:19,99,W+4.5,6,True,False,False,,-1,30.0371,1000
2026-06-19 03:27:40,74,W+14.5,2,True,False,False,,-1,29.9271,1000
2026-06-19 03:28:07,91,B+5.5,4,True,False,False,,-1,29.8728,1000
2026-06-19 03:28:42,125,W+1.5,10,True,False,False,,-1,29.8464,1000
2026-06-19 03:29:11,105,W+9.5,6,True,False,False,,-1,29.8004,1000
2026-06-19 03:29:43,127,W+0.5,15,True,False,False,,-1,29.8636,1000
2026-06-19 03:30:22,152,B+1.5,18,True,False,False,,-1,29.9547,1000
2026-06-19 03:30:50,105,W+0.5,12,True,False,False,,-1,29.9627,1000
2026-06-19 03:31:19,112,B+7.5,13,True,False,False,,-1,29.9708,1000
2026-06-19 03:32:00,162,B+5.5,14,True,False,False,,-1,30.0252,1000
2026-06-19 03:32:27,97,W+7.5,9,True,False,False,,-1,29.9882,1000
2026-06-19 03:32:54,95,W+3.5,8,True,False,False,,-1,29.8262,1000
2026-06-19 03:33:27,115,W+0.5,6,True,False,False,,-1,29.8882,1000
2026-06-19 03:34:00,109,B+8.5,10,True,False,False,,-1,29.9344,1000
2026-06-19 03:34:40,161,W+2.5,25,True,False,False,,-1,30.0694,1000
2026-06-19 03:35:12,111,W+2.5,11,True,False,False,,-1,30.1304,1000
2026-06-19 03:35:39,97,W+0.5,10,True,False,False,,-1,30.122,1000
2026-06-19 03:36:25,161,W+5.5,19,True,False,False,,-1,30.4927,1000
2026-06-19 03:37:03,138,B+2.5,15,True,False,False,,-1,30.5785,1000
2026-06-19 03:37:28,102,B+9.5,4,True,False,False,,-1,30.5126,1000
2026-06-19 03:37:55,100,B+4.5,8,True,False,False,,-1,30.635,1000
2026-06-19 03:38:41,162,B+11.5,9,True,False,False,,-1,30.8089,1000
2026-06-19 03:38:55,52,W+7.5,2,True,False,False,,-1,30.8682,1000
2026-06-19 03:39:31,133,W+8.5,15,True,False,False,,-1,30.8861,1000
2026-06-19 03:39:55,95,W+0.5,6,True,False,False,,-1,30.7895,1000
2026-06-19 03:40:29,119,W+0.5,10,True,False,False,,-1,30.7922,1000
2026-06-19 03:40:58,110,B+1.5,11,True,False,False,,-1,30.752,1000
2026-06-19 03:41:29,103,W+2.5,10,True,False,False,,-1,30.7439,1000
2026-06-19 03:42:02,134,B+2.5,15,True,False,False,,-1,31.0142,1000
2026-06-19 03:42:38,130,B+1.5,9,True,False,False,,-1,31.1008,1000
2026-06-19 03:43:09,114,B+3.5,14,True,False,False,,-1,31.0706,1000
2026-06-19 03:43:44,130,B+0.5,11,True,False,False,,-1,31.1458,1000
2026-06-19 03:44:15,117,W+12.5,15,True,False,False,,-1,31.2028,1000
2026-06-19 03:44:48,117,W+9.5,8,True,False,False,,-1,31.0775,1000
2026-06-19 03:45:23,117,W+2.5,7,True,False,False,,-1,31.1359,1000
2026-06-19 03:45:50,103,W+0.5,14,True,False,False,,-1,31.1448,1000
2026-06-19 03:46:24,123,W+55.5,9,True,False,False,,-1,31.1974,1000
2026-06-19 03:47:04,162,B+17.5,31,True,False,False,,-1,31.2995,1000
2026-06-19 03:47:25,79,B+4.5,2,True,False,False,,-1,31.17,1000
2026-06-19 03:48:00,124,B+1.5,13,True,False,False,,-1,31.4357,1000
2026-06-19 03:48:33,116,B+0.5,11,True,False,False,,-1,31.4878,1000
2026-06-19 03:49:08,129,W+2.5,17,True,False,False,,-1,31.5542,1000
2026-06-19 03:49:41,117,W+1.5,10,True,False,False,,-1,31.5594,1000
2026-06-19 03:50:10,107,B+0.5,10,True,False,False,,-1,31.6041,1000
2026-06-19 03:50:35,97,W+4.5,9,True,False,False,,-1,31.5784,1000
2026-06-19 03:51:05,111,W+0.5,9,True,False,False,,-1,31.5886,1000
2026-06-19 03:51:39,115,W+1.5,8,True,False,False,,-1,31.5812,1000
2026-06-19 03:52:14,127,W+7.5,24,True,False,False,,-1,31.5911,1000
2026-06-19 03:52:59,162,W+0.5,16,True,False,False,,-1,31.9204,1000
2026-06-19 03:53:27,102,B+1.5,9,True,False,False,,-1,31.8947,1000
2026-06-19 03:54:04,144,B+2.5,15,True,False,False,,-1,31.9242,1000
2026-06-19 03:54:32,95,W+16.5,4,True,False,False,,-1,31.9077,1000
2026-06-19 03:55:00,107,W+2.5,9,True,False,False,,-1,31.9033,1000
2026-06-19 03:55:32,109,W+10.5,8,True,False,False,,-1,31.8245,1000
2026-06-19 03:56:04,111,W+0.5,16,True,False,False,,-1,31.8482,1000
2026-06-19 03:56:37,115,W+2.5,10,True,False,False,,-1,31.8837,1000
2026-06-19 03:57:06,97,W+1.5,11,True,False,False,,-1,31.8651,1000
2026-06-19 03:57:34,96,B+1.5,10,True,False,False,,-1,31.9109,1000
2026-06-19 03:58:16,162,B+15.5,24,True,False,False,,-1,31.9648,1000
2026-06-19 03:58:46,104,B+0.5,7,True,False,False,,-1,31.9078,1000
2026-06-19 03:59:23,136,B+2.5,19,True,False,False,,-1,31.9772,1000
2026-06-19 04:00:06,162,B+18.5,23,True,False,False,,-1,32.1149,1000
2026-06-19 04:00:47,159,W+0.5,21,True,False,False,,-1,32.1887,1000
2026-06-19 04:01:14,106,B+7.5,7,True,False,False,,-1,32.1896,1000
2026-06-19 04:01:47,121,W+2.5,15,True,False,False,,-1,32.3389,1000
2026-06-19 04:02:21,135,W+3.5,23,True,False,False,,-1,32.3086,1000
2026-06-19 04:02:54,127,W+4.5,16,True,False,False,,-1,32.3373,1000
2026-06-19 04:03:21,109,B+2.5,12,True,False,False,,-1,32.304,1000
2026-06-19 04:04:07,162,W+27.5,21,True,False,False,,-1,32.4606,1000
2026-06-19 04:04:24,66,W+8.5,3,True,False,False,,-1,32.3078,1000
2026-06-19 04:04:51,95,W+4.5,9,True,False,False,,-1,32.2892,1000
2026-06-19 04:05:17,103,B+2.5,8,True,False,False,,-1,32.1505,1000
2026-06-19 04:05:26,38,W+9.5,2,True,False,False,,-1,31.8747,1000
2026-06-19 04:06:02,137,W+41.5,12,True,False,False,,-1,31.946,1000
2026-06-19 04:06:28,94,W+3.5,2,True,False,False,,-1,31.8494,1000
2026-06-19 04:07:00,114,B+1.5,10,True,False,False,,-1,31.8319,1000
2026-06-19 04:07:34,123,W+2.5,10,True,False,False,,-1,31.7995,1000
2026-06-19 04:07:45,38,W+7.5,2,True,False,False,,-1,31.4891,1000
2026-06-19 04:08:28,154,B+23.5,16,True,False,False,,-1,31.6458,1000
2026-06-19 04:09:01,123,W+0.5,15,True,False,False,,-1,31.6537,1000
2026-06-19 04:09:33,115,W+1.5,11,True,False,False,,-1,31.6974,1000
2026-06-19 04:09:55,91,W+2.5,10,True,False,False,,-1,31.6473,1000
2026-06-19 04:10:26,115,W+2.5,9,True,False,False,,-1,31.6421,1000
2026-06-19 04:10:54,112,B+1.5,12,True,False,False,,-1,31.5367,1000
2026-06-19 04:11:24,113,W+2.5,13,True,False,False,,-1,31.5327,1000
2026-06-19 04:11:59,127,W+0.5,15,True,False,False,,-1,31.6073,1000
2026-06-19 04:12:28,94,W+9.5,6,True,False,False,,-1,31.4593,1000
2026-06-19 04:13:01,133,W+5.5,23,True,False,False,,-1,31.4217,1000
2026-06-19 04:13:28,107,W+2.5,10,True,False,False,,-1,31.4066,1000
2026-06-19 04:13:54,99,W+1.5,5,True,False,False,,-1,31.3891,1000
2026-06-19 04:14:28,134,B+7.5,20,True,False,False,,-1,31.4524,1000
2026-06-19 04:14:59,113,W+0.5,10,True,False,False,,-1,31.3097,1000
2026-06-19 04:15:34,126,B+1.5,13,True,False,False,,-1,31.3331,1000
2026-06-19 04:16:13,144,B+8.5,17,True,False,False,,-1,31.3984,1000
2026-06-19 04:16:40,102,B+2.5,14,True,False,False,,-1,31.3389,1000
2026-06-19 04:17:14,128,B+2.5,16,True,False,False,,-1,31.1936,1000
2026-06-19 04:17:41,97,W+2.5,8,True,False,False,,-1,31.1718,1000
2026-06-19 04:18:12,114,B+0.5,12,True,False,False,,-1,31.2468,1000
2026-06-19 04:18:44,113,W+16.5,13,True,False,False,,-1,31.1956,1000
2026-06-19 04:19:18,121,B+2.5,11,True,False,False,,-1,31.4459,1000
2026-06-19 04:19:48,97,B+3.5,4,True,False,False,,-1,31.4862,1000
2026-06-19 04:20:22,121,W+0.5,13,True,False,False,,-1,31.6157,1000
2026-06-19 04:20:58,126,B+1.5,13,True,False,False,,-1,31.7014,1000
2026-06-19 04:21:33,125,W+0.5,16,True,False,False,,-1,31.7035,1000
2026-06-19 04:22:04,106,B+2.5,5,True,False,False,,-1,31.729,1000
2026-06-19 04:22:33,109,W+1.5,10,True,False,False,,-1,31.6989,1000
2026-06-19 04:23:11,141,W+0.5,14,True,False,False,,-1,31.6812,1000
2026-06-19 04:23:43,128,B+8.5,14,True,False,False,,-1,31.7292,1000
2026-06-19 04:24:13,120,B+1.5,11,True,False,False,,-1,31.7373,1000
2026-06-19 04:24:47,121,W+1.5,13,True,False,False,,-1,31.6641,1000
2026-06-19 04:25:10,83,W+20.5,2,True,False,False,,-1,31.6249,1000
2026-06-19 04:25:51,161,W+13.5,34,True,False,False,,-1,31.7697,1000
2026-06-19 04:26:20,109,B+4.5,11,True,False,False,,-1,31.7332,1000
2026-06-19 04:26:29,28,W+8.5,2,True,False,False,,-1,31.4892,1000
2026-06-19 04:26:57,103,W+7.5,8,True,False,False,,-1,31.3619,1000
2026-06-19 04:27:19,80,W+13.5,3,True,False,False,,-1,31.271,1000
2026-06-19 04:27:52,116,B+1.5,8,True,False,False,,-1,31.3249,1000
2026-06-19 04:28:21,107,W+2.5,15,True,False,False,,-1,31.1547,1000
2026-06-19 04:28:52,117,W+7.5,8,True,False,False,,-1,31.0839,1000
2026-06-19 04:29:04,46,W+2.5,2,True,False,False,,-1,30.9493,1000
2026-06-19 04:29:20,56,W+10.5,2,True,False,False,,-1,30.8424,1000
2026-06-19 04:29:42,84,W+17.5,5,True,False,False,,-1,30.614,1000
2026-06-19 04:30:18,123,W+16.5,14,True,False,False,,-1,30.8242,1000
2026-06-19 04:30:49,109,W+2.5,9,True,False,False,,-1,30.7817,1000
2026-06-19 04:31:18,111,W+0.5,9,True,False,False,,-1,30.8328,1000
2026-06-19 04:32:01,149,W+5.5,25,True,False,False,,-1,30.9142,1000
2026-06-19 04:32:29,98,B+3.5,11,True,False,False,,-1,30.9056,1000
2026-06-19 04:32:53,101,B+2.5,10,True,False,False,,-1,30.8431,1000
2026-06-19 04:33:24,114,B+2.5,13,True,False,False,,-1,30.8135,1000
2026-06-19 04:33:31,26,W+7.5,2,True,False,False,,-1,30.5319,1000
2026-06-19 04:34:02,110,B+0.5,9,True,False,False,,-1,30.5199,1000
2026-06-19 04:34:32,113,W+2.5,13,True,False,False,,-1,30.4855,1000
2026-06-19 04:35:03,117,W+1.5,15,True,False,False,,-1,30.4772,1000
2026-06-19 04:35:25,79,B+6.5,2,True,False,False,,-1,30.3682,1000
2026-06-19 04:35:59,124,B+3.5,11,True,False,False,,-1,30.3526,1000
2026-06-19 04:36:24,93,W+13.5,8,True,False,False,,-1,30.3399,1000
2026-06-19 04:37:06,159,W+5.5,21,True,False,False,,-1,30.4174,1000
2026-06-19 04:37:38,127,W+6.5,23,True,False,False,,-1,30.336,1000
2026-06-19 04:38:04,98,B+2.5,4,True,False,False,,-1,30.3848,1000
2026-06-19 04:38:33,103,W+3.5,8,True,False,False,,-1,30.3255,1000
2026-06-19 04:39:11,136,B+0.5,14,True,False,False,,-1,30.3787,1000
2026-06-19 04:39:44,123,W+6.5,11,True,False,False,,-1,30.3627,1000
2026-06-19 04:40:16,117,W+11.5,18,True,False,False,,-1,30.3529,1000
2026-06-19 04:40:24,28,W+5.5,2,True,False,False,,-1,30.1335,1000
2026-06-19 04:40:58,128,B+16.5,9,True,False,False,,-1,30.2232,1000
2026-06-19 04:41:27,109,W+2.5,10,True,False,False,,-1,30.2181,1000
2026-06-19 04:41:36,34,W+5.5,3,True,False,False,,-1,29.9669,1000
2026-06-19 04:41:46,46,W+5.5,2,True,False,False,,-1,29.7149,1000
2026-06-19 04:42:18,104,W+3.5,8,True,False,False,,-1,29.5944,1000
2026-06-19 04:42:47,114,B+4.5,7,True,False,False,,-1,29.599,1000
2026-06-19 04:42:58,42,W+7.5,2,True,False,False,,-1,29.3451,1000
2026-06-19 04:43:26,105,W+0.5,11,True,False,False,,-1,29.3377,1000
2026-06-19 04:44:00,140,B+1.5,23,True,False,False,,-1,29.3965,1000
2026-06-19 04:44:39,160,B+5.5,32,True,False,False,,-1,29.4628,1000
2026-06-19 04:45:04,98,B+1.5,5,True,False,False,,-1,29.4046,1000
2026-06-19 04:45:43,152,B+5.5,26,True,False,False,,-1,29.4561,1000
2026-06-19 04:46:13,107,W+4.5,9,True,False,False,,-1,29.4741,1000
2026-06-19 04:46:29,65,B+0.5,3,True,False,False,,-1,29.3455,1000
2026-06-19 04:47:02,121,W+7.5,14,True,False,False,,-1,29.2503,1000
2026-06-19 04:47:45,162,B+17.5,29,True,False,False,,-1,29.392,1000
2026-06-19 04:48:24,161,W+19.5,34,True,False,False,,-1,29.4089,1000
2026-06-19 04:48:55,118,B+2.5,11,True,False,False,,-1,29.2812,1000
2026-06-19 04:49:22,103,W+4.5,10,True,False,False,,-1,29.1539,1000
2026-06-19 04:49:52,111,W+0.5,13,True,False,False,,-1,29.1702,1000
2026-06-19 04:50:17,95,W+1.5,9,True,False,False,,-1,29.0971,1000
2026-06-19 04:50:48,106,B+1.5,9,True,False,False,,-1,29.06,1000
2026-06-19 04:51:00,52,W+5.5,2,True,False,False,,-1,28.8644,1000
2026-06-19 04:51:23,80,W+11.5,2,True,False,False,,-1,28.8207,1000
2026-06-19 04:51:49,95,B+9.5,7,True,False,False,,-1,28.6212,1000
2026-06-19 04:52:15,103,W+2.5,10,True,False,False,,-1,28.7028,1000
2026-06-19 04:52:47,120,B+2.5,12,True,False,False,,-1,28.7593,1000
2026-06-19 04:53:07,76,W+1.5,2,True,False,False,,-1,28.7006,1000
2026-06-19 04:53:35,108,B+1.5,9,True,False,False,,-1,28.8879,1000
2026-06-19 04:54:03,111,W+7.5,12,True,False,False,,-1,28.8056,1000
2026-06-19 04:54:25,77,B+0.5,2,True,False,False,,-1,28.7648,1000
2026-06-19 04:54:56,111,W+1.5,10,True,False,False,,-1,28.7589,1000
2026-06-19 04:55:29,133,W+1.5,15,True,False,False,,-1,28.7437,1000
2026-06-19 04:56:09,147,W+5.5,20,True,False,False,,-1,29.0407,1000
2026-06-19 04:56:30,72,W+14.5,2,True,False,False,,-1,28.8136,1000
2026-06-19 04:56:49,71,B+6.5,2,True,False,False,,-1,28.6763,1000
2026-06-19 04:57:07,66,W+10.5,3,True,False,False,,-1,28.5416,1000
2026-06-19 04:57:24,70,W+15.5,2,True,False,False,,-1,28.4867,1000
2026-06-19 04:57:56,113,W+1.5,8,True,False,False,,-1,28.4952,1000
2026-06-19 04:58:11,58,W+5.5,2,True,False,False,,-1,28.3635,1000
2026-06-19 04:58:41,113,W+3.5,14,True,False,False,,-1,28.3646,1000
2026-06-19 04:59:11,113,W+1.5,12,True,False,False,,-1,28.3185,1000
2026-06-19 04:59:43,113,W+5.5,12,True,False,False,,-1,28.342,1000
2026-06-19 05:00:12,106,B+0.5,4,True,False,False,,-1,28.3071,1000
2026-06-19 05:00:47,125,B+4.5,15,True,False,False,,-1,28.3873,1000
2026-06-19 05:01:23,124,B+2.5,13,True,False,False,,-1,28.4862,1000
2026-06-19 05:01:55,112,B+0.5,10,True,False,False,,-1,28.464,1000
2026-06-19 05:02:32,127,W+2.5,11,True,False,False,,-1,28.5251,1000
2026-06-19 05:02:55,91,W+15.5,4,True,False,False,,-1,28.4132,1000
2026-06-19 05:03:35,151,W+1.5,28,True,False,False,,-1,28.4184,1000
2026-06-19 05:04:05,109,W+2.5,7,True,False,False,,-1,28.442,1000
2026-06-19 05:04:34,106,B+0.5,10,True,False,False,,-1,28.4031,1000
2026-06-19 05:04:53,69,B+7.5,2,True,False,False,,-1,28.3149,1000
2026-06-19 05:05:27,126,B+1.5,13,True,False,False,,-1,28.3484,1000
2026-06-19 05:06:02,114,B+1.5,10,True,False,False,,-1,28.3801,1000
2026-06-19 05:06:35,119,W+3.5,12,True,False,False,,-1,28.3685,1000
2026-06-19 05:07:07,113,W+3.5,12,True,False,False,,-1,28.3832,1000
2026-06-19 05:07:35,106,B+8.5,11,True,False,False,,-1,28.3263,1000
2026-06-19 05:08:08,119,B+15.5,18,True,False,False,,-1,28.2991,1000
2026-06-19 05:08:43,125,B+3.5,12,True,False,False,,-1,28.2934,1000
2026-06-19 05:09:16,125,W+10.5,18,True,False,False,,-1,28.3238,1000
2026-06-19 05:09:45,113,W+5.5,15,True,False,False,,-1,28.3143,1000
2026-06-19 05:10:17,126,B+0.5,11,True,False,False,,-1,28.2608,1000
2026-06-19 05:10:48,121,B+9.5,5,True,False,False,,-1,28.2457,1000
2026-06-19 05:11:16,102,W+19.5,4,True,False,False,,-1,28.2285,1000
2026-06-19 05:11:41,96,B+2.5,8,True,False,False,,-1,28.136,1000
2026-06-19 05:12:08,105,B+1.5,9,True,False,False,,-1,28.181,1000
2026-06-19 05:12:31,79,B+1.5,4,True,False,False,,-1,27.9983,1000
2026-06-19 05:13:02,115,W+13.5,13,True,False,False,,-1,28.0179,1000
2026-06-19 05:13:31,108,B+1.5,16,True,False,False,,-1,28.2219,1000
2026-06-19 05:14:17,162,W+53.5,7,True,False,False,,-1,28.3994,1000
2026-06-19 05:14:51,136,B+1.5,21,True,False,False,,-1,28.5191,1000
2026-06-19 05:15:21,106,B+0.5,8,True,False,False,,-1,28.4889,1000
2026-06-19 05:15:50,108,B+3.5,10,True,False,False,,-1,28.4886,1000
2026-06-19 05:16:18,94,W+18.5,4,True,False,False,,-1,28.4649,1000
2026-06-19 05:16:51,123,W+1.5,18,True,False,False,,-1,28.6734,1000
2026-06-19 05:17:09,70,W+7.5,3,True,False,False,,-1,28.6911,1000
2026-06-19 05:17:41,115,W+0.5,6,True,False,False,,-1,28.7818,1000
2026-06-19 05:18:12,113,W+12.5,9,True,False,False,,-1,28.7468,1000
2026-06-19 05:18:44,111,W+0.5,9,True,False,False,,-1,28.7494,1000
2026-06-19 05:19:12,103,W+4.5,11,True,False,False,,-1,28.7382,1000
2026-06-19 05:19:45,128,B+6.5,9,True,False,False,,-1,28.6394,1000
2026-06-19 05:20:20,142,B+14.5,24,True,False,False,,-1,28.7173,1000
2026-06-19 05:20:31,40,W+6.5,2,True,False,False,,-1,28.5722,1000
2026-06-19 05:20:42,36,W+8.5,2,True,False,False,,-1,28.376,1000
2026-06-19 05:20:50,28,W+7.5,2,True,False,False,,-1,28.3804,1000
2026-06-19 05:21:13,91,W+7.5,6,True,False,False,,-1,28.3104,1000
2026-06-19 05:21:42,108,B+6.5,6,True,False,False,,-1,28.2913,1000
2026-06-19 05:22:01,69,B+9.5,2,True,False,False,,-1,28.1792,1000
2026-06-19 05:22:26,92,W+23.5,2,True,False,False,,-1,28.2114,1000
2026-06-19 05:22:53,99,B+1.5,7,True,False,False,,-1,28.1419,1000
2026-06-19 05:23:20,101,W+3.5,11,True,False,False,,-1,28.1586,1000
2026-06-19 05:23:52,122,B+4.5,15,True,False,False,,-1,28.0547,1000
2026-06-19 05:24:24,116,B+1.5,14,True,False,False,,-1,28.0606,1000
2026-06-19 05:24:55,111,W+0.5,12,True,False,False,,-1,28.1094,1000
2026-06-19 05:25:37,160,B+35.5,27,True,False,False,,-1,28.2408,1000
2026-06-19 05:25:58,74,W+26.5,2,True,False,False,,-1,28.0627,1000
2026-06-19 05:26:27,108,B+2.5,13,True,False,False,,-1,28.0294,1000
2026-06-19 05:26:58,114,W+3.5,9,True,False,False,,-1,28.02,1000
2026-06-19 05:27:36,162,W+5.5,22,True,False,False,,-1,28.317,1000
2026-06-19 05:28:03,107,W+15.5,9,True,False,False,,-1,28.2513,1000
2026-06-19 05:28:28,92,B+7.5,5,True,False,False,,-1,28.2051,1000
2026-06-19 05:29:00,120,B+3.5,8,True,False,False,,-1,28.4427,1000
2026-06-19 05:29:45,161,W+41.5,19,True,False,False,,-1,28.7821,1000
2026-06-19 05:30:08,84,W+23.5,3,True,False,False,,-1,28.6908,1000
2026-06-19 05:30:40,119,W+2.5,19,True,False,False,,-1,28.7283,1000
2026-06-19 05:31:09,107,W+7.5,15,True,False,False,,-1,28.9067,1000
2026-06-19 05:31:41,124,B+21.5,13,True,False,False,,-1,28.9419,1000
2026-06-19 05:32:08,97,W+0.5,12,True,False,False,,-1,28.8785,1000
2026-06-19 05:32:54,162,B+36.5,14,True,False,False,,-1,28.9527,1000
2026-06-19 05:33:29,137,W+6.5,17,True,False,False,,-1,29.0463,1000
2026-06-19 05:34:10,137,W+3.5,9,True,False,False,,-1,29.0659,1000
2026-06-19 05:34:18,30,W+7.5,2,True,False,False,,-1,28.8494,1000
2026-06-19 05:34:39,70,W+12.5,2,True,False,False,,-1,28.8953,1000
2026-06-19 05:35:09,99,W+7.5,6,True,False,False,,-1,28.8757,1000
2026-06-19 05:35:52,160,B+6.5,32,True,False,False,,-1,28.8636,1000
2026-06-19 05:36:22,109,W+2.5,9,True,False,False,,-1,28.78,1000
2026-06-19 05:36:53,117,B+0.5,10,True,False,False,,-1,28.7805,1000
2026-06-19 05:37:12,70,W+4.5,3,True,False,False,,-1,28.6964,1000
2026-06-19 05:37:39,95,W+0.5,8,True,False,False,,-1,28.6737,1000
2026-06-19 05:37:58,70,W+6.5,2,True,False,False,,-1,28.6118,1000
2026-06-19 05:38:28,113,W+0.5,9,True,False,False,,-1,28.5965,1000
2026-06-19 05:38:56,112,B+6.5,10,True,False,False,,-1,28.7559,1000
2026-06-19 05:39:32,127,W+4.5,17,True,False,False,,-1,28.886,1000
2026-06-19 05:40:01,102,B+0.5,7,True,False,False,,-1,28.9158,1000
2026-06-19 05:40:35,121,W+1.5,11,True,False,False,,-1,28.9975,1000
2026-06-19 05:41:04,109,W+0.5,10,True,False,False,,-1,28.9724,1000
2026-06-19 05:41:35,119,B+16.5,9,True,False,False,,-1,29.0732,1000
2026-06-19 05:42:05,113,W+17.5,16,True,False,False,,-1,29.097,1000
2026-06-19 05:42:12,24,W+11.5,2,True,False,False,,-1,28.8818,1000
2026-06-19 05:42:39,89,B+5.5,5,True,False,False,,-1,28.9358,1000
2026-06-19 05:42:57,66,W+1.5,2,True,False,False,,-1,28.8102,1000
2026-06-19 05:43:24,91,W+13.5,4,True,False,False,,-1,28.7459,1000
2026-06-19 05:43:51,107,W+0.5,10,True,False,False,,-1,28.617,1000
2026-06-19 05:44:18,103,W+3.5,14,True,False,False,,-1,28.6818,1000
2026-06-19 05:45:02,162,W+28.5,25,True,False,False,,-1,28.9319,1000
2026-06-19 05:45:28,88,W+11.5,4,True,False,False,,-1,29.0078,1000
2026-06-19 05:45:53,97,W+0.5,12,True,False,False,,-1,29.0796,1000
2026-06-19 05:46:18,100,B+2.5,6,True,False,False,,-1,29.0249,1000
2026-06-19 05:46:50,119,W+0.5,13,True,False,False,,-1,29.1847,1000
2026-06-19 05:47:14,94,W+14.5,5,True,False,False,,-1,29.1283,1000
2026-06-19 05:47:43,106,B+0.5,9,True,False,False,,-1,29.1154,1000
2026-06-19 05:48:15,115,W+4.5,10,True,False,False,,-1,29.1211,1000
2026-06-19 05:48:46,115,W+1.5,12,True,False,False,,-1,29.1457,1000
2026-06-19 05:49:10,77,B+3.5,2,True,False,False,,-1,29.0263,1000
2026-06-19 05:49:35,90,W+11.5,3,True,False,False,,-1,28.9273,1000
2026-06-19 05:50:03,92,W+10.5,7,True,False,False,,-1,28.8842,1000
2026-06-19 05:52:09,99,W+2.5,7,True,False,False,,-1,28.8256,2000
2026-06-19 05:52:41,111,W+0.5,13,True,False,False,,-1,28.7403,2000
2026-06-19 05:52:49,32,W+2.5,2,True,False,False,,-1,28.5244,2000
2026-06-19 05:53:20,115,W+0.5,11,True,False,False,,-1,28.5463,2000
2026-06-19 05:54:00,133,W+3.5,20,True,False,False,,-1,28.759,2000
2026-06-19 05:54:32,107,W+1.5,10,True,False,False,,-1,28.7295,2000
2026-06-19 05:55:03,117,W+2.5,10,True,False,False,,-1,28.6984,2000
2026-06-19 05:55:37,115,W+2.5,13,True,False,False,,-1,28.7025,2000
2026-06-19 05:56:05,93,B+4.5,7,True,False,False,,-1,28.6625,2000
2026-06-19 05:56:39,117,W+0.5,16,True,False,False,,-1,28.7184,2000
2026-06-19 05:57:09,107,B+2.5,7,True,False,False,,-1,28.6972,2000
2026-06-19 05:57:48,144,B+25.5,21,True,False,False,,-1,28.7354,2000
2026-06-19 05:58:14,93,B+2.5,5,True,False,False,,-1,28.6621,2000
2026-06-19 05:59:00,162,W+3.5,3,True,False,False,,-1,28.8328,2000
2026-06-19 05:59:29,108,B+0.5,5,True,False,False,,-1,28.805,2000
2026-06-19 06:00:05,116,B+2.5,9,True,False,False,,-1,28.8492,2000
2026-06-19 06:00:37,109,W+1.5,13,True,False,False,,-1,28.8955,2000
2026-06-19 06:01:09,123,W+1.5,20,True,False,False,,-1,28.9665,2000
2026-06-19 06:01:46,135,W+5.5,17,True,False,False,,-1,29.0674,2000
2026-06-19 06:02:06,69,B+1.5,4,True,False,False,,-1,29.0337,2000
2026-06-19 06:02:37,117,W+7.5,12,True,False,False,,-1,29.0277,2000
2026-06-19 06:03:04,101,W+2.5,7,True,False,False,,-1,29.0122,2000
2026-06-19 06:03:40,125,W+7.5,12,True,False,False,,-1,28.9141,2000
2026-06-19 06:04:13,115,W+2.5,7,True,False,False,,-1,28.8969,2000
2026-06-19 06:04:44,108,B+1.5,12,True,False,False,,-1,28.9166,2000
2026-06-19 06:05:08,87,B+2.5,4,True,False,False,,-1,28.8657,2000
2026-06-19 06:05:39,113,W+3.5,18,True,False,False,,-1,28.889,2000
2026-06-19 06:05:55,65,B+2.5,3,True,False,False,,-1,28.7239,2000
2026-06-19 06:06:20,96,W+2.5,9,True,False,False,,-1,28.7936,2000
2026-06-19 06:06:52,119,B+7.5,13,True,False,False,,-1,28.7947,2000
2026-06-19 06:07:21,113,W+1.5,10,True,False,False,,-1,28.7687,2000
2026-06-19 06:07:48,98,B+0.5,8,True,False,False,,-1,28.7205,2000
2026-06-19 06:08:15,98,B+2.5,9,True,False,False,,-1,28.7066,2000
2026-06-19 06:08:41,100,B+5.5,6,True,False,False,,-1,28.6446,2000
2026-06-19 06:09:16,135,W+4.5,28,True,False,False,,-1,28.6399,2000
2026-06-19 06:09:49,112,B+2.5,12,True,False,False,,-1,28.8658,2000
2026-06-19 06:10:22,125,W+2.5,18,True,False,False,,-1,29.0843,2000
2026-06-19 06:11:05,159,W+9.5,27,True,False,False,,-1,29.4405,2000
2026-06-19 06:11:36,107,W+3.5,15,True,False,False,,-1,29.5106,2000
2026-06-19 06:12:04,107,W+1.5,15,True,False,False,,-1,29.5079,2000
2026-06-19 06:12:42,134,B+5.5,15,True,False,False,,-1,29.6991,2000
2026-06-19 06:13:15,112,B+1.5,7,True,False,False,,-1,29.7712,2000
2026-06-19 06:13:42,95,B+3.5,3,True,False,False,,-1,29.775,2000
2026-06-19 06:14:12,101,B+1.5,8,True,False,False,,-1,29.7988,2000
2026-06-19 06:14:41,107,W+4.5,9,True,False,False,,-1,29.7765,2000
2026-06-19 06:15:17,133,W+0.5,19,True,False,False,,-1,29.812,2000
2026-06-19 06:15:45,107,W+0.5,12,True,False,False,,-1,29.7848,2000
2026-06-19 06:16:12,95,W+2.5,15,True,False,False,,-1,29.6255,2000
2026-06-19 06:16:46,115,W+2.5,10,True,False,False,,-1,29.7668,2000
2026-06-19 06:17:06,69,B+0.5,6,True,False,False,,-1,29.6695,2000
2026-06-19 06:17:39,118,B+2.5,11,True,False,False,,-1,29.6939,2000
2026-06-19 06:18:23,162,W+38.5,24,True,False,False,,-1,29.7502,2000
2026-06-19 06:18:56,126,W+5.5,9,True,False,False,,-1,29.8149,2000
2026-06-19 06:19:31,124,B+6.5,12,True,False,False,,-1,29.9155,2000
2026-06-19 06:20:04,105,B+6.5,10,True,False,False,,-1,29.919,2000
2026-06-19 06:20:38,120,B+1.5,16,True,False,False,,-1,29.8184,2000
2026-06-19 06:21:03,81,B+7.5,2,True,False,False,,-1,29.8382,2000
2026-06-19 06:21:37,120,B+2.5,16,True,False,False,,-1,29.8496,2000
2026-06-19 06:22:05,109,W+2.5,8,True,False,False,,-1,29.8415,2000
2026-06-19 06:22:33,105,B+5.5,12,True,False,False,,-1,29.8066,2000
2026-06-19 06:23:05,113,W+1.5,15,True,False,False,,-1,29.8539,2000
2026-06-19 06:23:29,88,W+4.5,9,True,False,False,,-1,29.6335,2000
2026-06-19 06:23:55,97,W+7.5,6,True,False,False,,-1,29.5374,2000
2026-06-19 06:24:09,52,W+8.5,2,True,False,False,,-1,29.2794,2000
2026-06-19 06:24:35,111,W+2.5,15,True,False,False,,-1,29.4459,2000
2026-06-19 06:25:04,105,W+3.5,9,True,False,False,,-1,29.5344,2000
2026-06-19 06:25:29,90,B+0.5,6,True,False,False,,-1,29.4784,2000
2026-06-19 06:25:57,100,B+9.5,8,True,False,False,,-1,29.3312,2000
2026-06-19 06:26:44,160,B+8.5,21,True,False,False,,-1,29.508,2000
2026-06-19 06:27:16,116,B+6.5,9,True,False,False,,-1,29.5103,2000
2026-06-19 06:28:01,162,W+44.5,17,True,False,False,,-1,29.7703,2000
2026-06-19 06:28:26,89,B+0.5,2,True,False,False,,-1,29.7528,2000
2026-06-19 06:28:53,103,W+6.5,15,True,False,False,,-1,29.8362,2000
2026-06-19 06:29:25,108,W+3.5,14,True,False,False,,-1,29.8541,2000
2026-06-19 06:29:50,98,B+2.5,10,True,False,False,,-1,29.8173,2000
2026-06-19 06:30:16,103,W+0.5,7,True,False,False,,-1,29.7249,2000
2026-06-19 06:30:51,128,W+2.5,13,True,False,False,,-1,29.7836,2000
2026-06-19 06:31:06,51,B+1.5,2,True,False,False,,-1,29.5936,2000
2026-06-19 06:31:37,110,B+15.5,9,True,False,False,,-1,29.6082,2000
2026-06-19 06:32:08,117,W+2.5,15,True,False,False,,-1,29.614,2000
2026-06-19 06:32:34,97,W+1.5,8,True,False,False,,-1,29.5688,2000
2026-06-19 06:33:13,123,W+0.5,14,True,False,False,,-1,29.9005,2000
2026-06-19 06:33:33,75,B+4.5,3,True,False,False,,-1,29.825,2000
2026-06-19 06:34:03,108,B+3.5,6,True,False,False,,-1,29.946,2000
2026-06-19 06:34:32,97,W+1.5,11,True,False,False,,-1,29.9708,2000
2026-06-19 06:35:04,121,B+0.5,13,True,False,False,,-1,30.0127,2000
2026-06-19 06:35:40,123,W+0.5,13,True,False,False,,-1,30.0969,2000
2026-06-19 06:36:10,100,B+16.5,8,True,False,False,,-1,29.9625,2000
2026-06-19 06:36:33,94,B+4.5,9,True,False,False,,-1,29.9358,2000
2026-06-19 06:37:01,100,B+2.5,6,True,False,False,,-1,29.9646,2000
2026-06-19 06:37:34,117,B+3.5,10,True,False,False,,-1,30.039,2000
2026-06-19 06:38:01,105,W+0.5,10,True,False,False,,-1,29.9948,2000
2026-06-19 06:38:28,109,W+1.5,15,True,False,False,,-1,30.0204,2000
2026-06-19 06:39:04,122,B+1.5,15,True,False,False,,-1,30.0908,2000
2026-06-19 06:39:37,108,W+2.5,5,True,False,False,,-1,30.1044,2000
2026-06-19 06:40:07,109,B+8.5,15,True,False,False,,-1,30.09,2000
2026-06-19 06:40:36,105,W+0.5,9,True,False,False,,-1,30.1498,2000
2026-06-19 06:40:59,80,W+2.5,6,True,False,False,,-1,30.1159,2000
2026-06-19 06:41:24,81,B+9.5,6,True,False,False,,-1,30.085,2000
2026-06-19 06:41:54,112,B+2.5,11,True,False,False,,-1,30.1105,2000
2026-06-19 06:42:30,126,B+10.5,13,True,False,False,,-1,30.2076,2000
2026-06-19 06:43:18,162,W+6.5,12,True,False,False,,-1,30.3692,2000
2026-06-19 06:43:47,99,W+9.5,9,True,False,False,,-1,30.5788,2000
2026-06-19 06:44:18,115,W+2.5,14,True,False,False,,-1,30.5735,2000
2026-06-19 06:44:58,135,B+2.5,13,True,False,False,,-1,30.5766,2000
2026-06-19 06:45:28,102,B+2.5,10,True,False,False,,-1,30.5583,2000
2026-06-19 06:45:57,98,B+0.5,3,True,False,False,,-1,30.5291,2000
2026-06-19 06:46:41,158,B+0.5,22,True,False,False,,-1,30.6405,2000
2026-06-19 06:46:51,38,W+2.5,2,True,False,False,,-1,30.4628,2000
2026-06-19 06:47:16,93,W+5.5,15,True,False,False,,-1,30.3691,2000
2026-06-19 06:47:43,103,B+2.5,7,True,False,False,,-1,30.3344,2000
2026-06-19 06:48:15,108,B+5.5,10,True,False,False,,-1,30.2697,2000
2026-06-19 06:48:43,102,W+2.5,9,True,False,False,,-1,30.2888,2000
2026-06-19 06:49:20,121,W+0.5,12,True,False,False,,-1,30.1948,2000
2026-06-19 06:49:54,117,W+2.5,15,True,False,False,,-1,30.2446,2000
2026-06-19 06:50:23,112,B+1.5,14,True,False,False,,-1,30.1836,2000
2026-06-19 06:50:54,100,B+3.5,8,True,False,False,,-1,30.1597,2000
2026-06-19 06:51:19,95,W+8.5,8,True,False,False,,-1,30.1008,2000
2026-06-19 06:51:52,112,B+3.5,9,True,False,False,,-1,30.0572,2000
2026-06-19 06:52:23,111,W+10.5,16,True,False,False,,-1,30.1723,2000
2026-06-19 06:53:06,147,W+2.5,18,True,False,False,,-1,30.2918,2000
2026-06-19 06:53:35,103,B+2.5,3,True,False,False,,-1,30.3105,2000
2026-06-19 06:54:22,162,W+3.5,25,True,False,False,,-1,30.4228,2000
2026-06-19 06:54:52,105,W+0.5,13,True,False,False,,-1,30.3896,2000
2026-06-19 06:55:19,101,B+3.5,4,True,False,False,,-1,30.3517,2000
2026-06-19 06:56:03,162,W+6.5,34,True,False,False,,-1,30.5501,2000
2026-06-19 06:56:34,117,W+1.5,18,True,False,False,,-1,30.5494,2000
2026-06-19 06:57:07,122,B+0.5,9,True,False,False,,-1,30.7206,2000
2026-06-19 06:57:44,129,W+3.5,15,True,False,False,,-1,30.8371,2000
2026-06-19 06:58:13,107,W+2.5,19,True,False,False,,-1,30.8129,2000
2026-06-19 06:58:32,73,B+2.5,5,True,False,False,,-1,30.713,2000
2026-06-19 06:59:04,112,B+1.5,9,True,False,False,,-1,30.7612,2000
2026-06-19 06:59:15,36,W+7.5,2,True,False,False,,-1,30.5975,2000
2026-06-19 06:59:46,117,W+5.5,21,True,False,False,,-1,30.6459,2000
2026-06-19 07:00:10,85,W+5.5,8,True,False,False,,-1,30.5321,2000
2026-06-19 07:00:38,110,B+4.5,11,True,False,False,,-1,30.4895,2000
2026-06-19 07:00:51,46,W+6.5,2,True,False,False,,-1,30.2855,2000
2026-06-19 07:01:18,98,B+0.5,6,True,False,False,,-1,30.1202,2000
2026-06-19 07:01:43,94,B+0.5,6,True,False,False,,-1,30.0763,2000
2026-06-19 07:02:12,99,B+0.5,7,True,False,False,,-1,30.0763,2000
2026-06-19 07:02:42,110,W+1.5,12,True,False,False,,-1,29.997,2000
2026-06-19 07:03:10,108,B+1.5,13,True,False,False,,-1,29.9456,2000
2026-06-19 07:03:41,103,W+0.5,8,True,False,False,,-1,29.9844,2000
2026-06-19 07:04:14,110,B+1.5,16,True,False,False,,-1,30.0192,2000
2026-06-19 07:04:47,111,W+0.5,12,True,False,False,,-1,30.0593,2000
2026-06-19 07:05:14,85,B+1.5,2,True,False,False,,-1,29.9689,2000
2026-06-19 07:05:47,126,B+1.5,10,True,False,False,,-1,30.0172,2000
2026-06-19 07:06:26,134,B+6.5,21,True,False,False,,-1,30.1463,2000
2026-06-19 07:06:59,105,W+2.5,10,True,False,False,,-1,30.1287,2000
2026-06-19 07:07:31,113,W+0.5,13,True,False,False,,-1,30.2542,2000
2026-06-19 07:08:07,118,B+2.5,9,True,False,False,,-1,30.2724,2000
2026-06-19 07:08:36,113,W+0.5,15,True,False,False,,-1,30.136,2000
2026-06-19 07:09:00,95,W+2.5,12,True,False,False,,-1,30.0307,2000
2026-06-19 07:09:29,100,B+2.5,9,True,False,False,,-1,29.9748,2000
2026-06-19 07:10:08,154,B+6.5,20,True,False,False,,-1,30.0406,2000
2026-06-19 07:10:39,109,W+0.5,13,True,False,False,,-1,30.0074,2000
2026-06-19 07:11:16,136,W+0.5,20,True,False,False,,-1,30.1224,2000
2026-06-19 07:11:55,137,W+0.5,22,True,False,False,,-1,30.1815,2000
2026-06-19 07:12:23,101,W+10.5,6,True,False,False,,-1,30.1787,2000
2026-06-19 07:12:29,22,W+7.5,2,True,False,False,,-1,29.9624,2000
2026-06-19 07:12:57,94,B+2.5,3,True,False,False,,-1,29.9171,2000
2026-06-19 07:13:42,157,W+3.5,24,True,False,False,,-1,30.1264,2000
2026-06-19 07:14:12,106,B+0.5,4,True,False,False,,-1,30.1673,2000
2026-06-19 07:14:46,126,B+1.5,15,True,False,False,,-1,30.3624,2000
2026-06-19 07:15:17,117,W+6.5,15,True,False,False,,-1,30.4222,2000
2026-06-19 07:15:32,54,W+10.5,2,True,False,False,,-1,30.2824,2000
2026-06-19 07:16:03,117,W+0.5,16,True,False,False,,-1,30.3436,2000
2026-06-19 07:16:29,97,B+3.5,7,True,False,False,,-1,30.3174,2000
2026-06-19 07:16:57,98,B+6.5,6,True,False,False,,-1,30.1289,2000
2026-06-19 07:17:29,108,B+1.5,10,True,False,False,,-1,30.1355,2000
2026-06-19 07:17:57,95,B+3.5,8,True,False,False,,-1,29.9646,2000
2026-06-19 07:18:27,107,W+1.5,10,True,False,False,,-1,30.0073,2000
2026-06-19 07:19:01,116,B+3.5,9,True,False,False,,-1,30.0699,2000
2026-06-19 07:19:46,158,B+7.5,27,True,False,False,,-1,30.2125,2000
2026-06-19 07:20:14,111,W+2.5,12,True,False,False,,-1,30.2384,2000
2026-06-19 07:20:47,113,W+0.5,8,True,False,False,,-1,30.3036,2000
2026-06-19 07:21:16,103,W+3.5,7,True,False,False,,-1,30.2492,2000
2026-06-19 07:21:45,107,B+14.5,8,True,False,False,,-1,30.3935,2000
2026-06-19 07:22:28,162,W+7.5,31,True,False,False,,-1,30.5127,2000
2026-06-19 07:22:47,66,W+6.5,2,True,False,False,,-1,30.3879,2000
2026-06-19 07:23:22,119,B+5.5,16,True,False,False,,-1,30.4839,2000
2026-06-19 07:23:55,124,B+1.5,14,True,False,False,,-1,30.4132,2000
2026-06-19 07:24:18,87,B+6.5,2,True,False,False,,-1,30.4461,2000
2026-06-19 07:24:46,106,B+5.5,6,True,False,False,,-1,30.4278,2000
2026-06-19 07:25:19,122,B+4.5,19,True,False,False,,-1,30.462,2000
2026-06-19 07:25:45,100,B+4.5,6,True,False,False,,-1,30.413,2000
2026-06-19 07:26:10,90,B+2.5,9,True,False,False,,-1,30.2983,2000
2026-06-19 07:26:37,95,W+1.5,7,True,False,False,,-1,30.2668,2000
2026-06-19 07:27:09,119,W+0.5,11,True,False,False,,-1,30.3583,2000
2026-06-19 07:27:15,22,W+7.5,2,True,False,False,,-1,30.1438,2000
2026-06-19 07:27:53,135,B+2.5,15,True,False,False,,-1,30.189,2000
2026-06-19 07:28:26,115,W+0.5,12,True,False,False,,-1,30.2511,2000
2026-06-19 07:28:56,111,W+4.5,14,True,False,False,,-1,30.2839,2000
2026-06-19 07:29:27,103,B+3.5,6,True,False,False,,-1,30.2246,2000
2026-06-19 07:30:11,162,B+4.5,22,True,False,False,,-1,30.3332,2000
2026-06-19 07:30:40,108,B+2.5,11,True,False,False,,-1,30.3321,2000
2026-06-19 07:31:05,92,W+0.5,6,True,False,False,,-1,30.2819,2000
2026-06-19 07:31:39,123,W+1.5,18,True,False,False,,-1,30.4011,2000
2026-06-19 07:32:06,92,B+0.5,3,True,False,False,,-1,30.4256,2000
2026-06-19 07:32:35,104,B+4.5,13,True,False,False,,-1,30.4052,2000
2026-06-19 07:33:04,108,B+2.5,10,True,False,False,,-1,30.3372,2000
2026-06-19 07:33:33,96,B+1.5,13,True,False,False,,-1,30.1499,2000
2026-06-19 07:34:11,138,B+3.5,21,True,False,False,,-1,30.2371,2000
2026-06-19 07:34:41,115,W+1.5,18,True,False,False,,-1,30.2327,2000
2026-06-19 07:35:14,127,B+3.5,13,True,False,False,,-1,30.1586,2000
2026-06-19 07:35:47,110,B+3.5,7,True,False,False,,-1,30.184,2000
2026-06-19 07:36:22,119,W+2.5,12,True,False,False,,-1,30.2504,2000
2026-06-19 07:36:43,77,B+2.5,2,True,False,False,,-1,30.0134,2000
2026-06-19 07:37:22,144,B+16.5,21,True,False,False,,-1,30.307,2000
2026-06-19 07:38:00,150,B+0.5,21,True,False,False,,-1,30.4448,2000
2026-06-19 07:38:31,112,B+2.5,11,True,False,False,,-1,30.4796,2000
2026-06-19 07:38:58,107,W+3.5,11,True,False,False,,-1,30.4312,2000
2026-06-19 07:39:28,99,B+1.5,7,True,False,False,,-1,30.4403,2000
2026-06-19 07:40:08,149,W+0.5,27,True,False,False,,-1,30.48,2000
2026-06-19 07:40:34,97,B+10.5,5,True,False,False,,-1,30.3979,2000
2026-06-19 07:40:54,73,B+6.5,2,True,False,False,,-1,30.2998,2000
2026-06-19 07:41:24,106,B+6.5,8,True,False,False,,-1,30.2972,2000
2026-06-19 07:42:00,127,W+0.5,11,True,False,False,,-1,30.4033,2000
2026-06-19 07:42:31,107,B+1.5,7,True,False,False,,-1,30.3805,2000
2026-06-19 07:43:09,137,W+2.5,20,True,False,False,,-1,30.4529,2000
2026-06-19 07:43:39,100,B+20.5,3,True,False,False,,-1,30.3236,2000
2026-06-19 07:44:07,110,B+1.5,12,True,False,False,,-1,30.3189,2000
2026-06-19 07:44:41,113,W+1.5,11,True,False,False,,-1,30.1789,2000
2026-06-19 07:45:13,105,B+1.5,3,True,False,False,,-1,30.2098,2000
2026-06-19 07:45:46,120,B+0.5,10,True,False,False,,-1,30.2676,2000
2026-06-19 07:46:26,137,W+1.5,18,True,False,False,,-1,30.2232,2000
2026-06-19 07:46:54,104,B+2.5,7,True,False,False,,-1,30.1971,2000
2026-06-19 07:47:28,122,B+15.5,11,True,False,False,,-1,30.2051,2000
2026-06-19 07:48:02,125,W+1.5,18,True,False,False,,-1,30.1781,2000
2026-06-19 07:48:31,98,B+6.5,10,True,False,False,,-1,30.1738,2000
2026-06-19 07:48:51,80,W+2.5,3,True,False,False,,-1,30.1871,2000
2026-06-19 07:49:27,120,B+2.5,15,True,False,False,,-1,30.2234,2000
2026-06-19 07:49:59,109,B+2.5,11,True,False,False,,-1,30.4379,2000
2026-06-19 07:50:27,108,B+5.5,12,True,False,False,,-1,30.408,2000
2026-06-19 07:50:56,108,W+2.5,19,True,False,False,,-1,30.4602,2000
2026-06-19 07:51:25,100,B+1.5,6,True,False,False,,-1,30.4632,2000
2026-06-19 07:51:56,112,B+17.5,11,True,False,False,,-1,30.6515,2000
2026-06-19 07:52:22,98,B+2.5,8,True,False,False,,-1,30.6469,2000
2026-06-19 07:52:57,121,W+1.5,19,True,False,False,,-1,30.7301,2000
2026-06-19 07:53:28,116,B+1.5,9,True,False,False,,-1,30.7632,2000
2026-06-19 07:54:04,124,B+1.5,11,True,False,False,,-1,30.8151,2000
2026-06-19 07:54:37,121,B+16.5,17,True,False,False,,-1,30.8678,2000
2026-06-19 07:55:00,83,B+10.5,3,True,False,False,,-1,30.7943,2000
2026-06-19 07:55:32,106,B+1.5,10,True,False,False,,-1,30.7764,2000
2026-06-19 07:55:59,99,W+0.5,13,True,False,False,,-1,30.7099,2000
2026-06-19 07:56:23,79,B+3.5,2,True,False,False,,-1,30.6902,2000
2026-06-19 07:56:59,137,W+6.5,28,True,False,False,,-1,30.7155,2000
2026-06-19 07:57:19,72,W+9.5,3,True,False,False,,-1,30.5274,2000
2026-06-19 07:57:54,120,B+1.5,9,True,False,False,,-1,30.548,2000
2026-06-19 07:58:01,24,W+8.5,2,True,False,False,,-1,30.2911,2000
2026-06-19 07:58:32,109,W+0.5,10,True,False,False,,-1,30.2486,2000
2026-06-19 07:59:07,113,W+2.5,12,True,False,False,,-1,30.301,2000
2026-06-19 07:59:42,116,B+14.5,11,True,False,False,,-1,30.4192,2000
2026-06-19 08:00:05,77,B+2.5,3,True,False,False,,-1,30.3545,2000
2026-06-19 08:00:36,117,W+3.5,20,True,False,False,,-1,30.2784,2000
2026-06-19 08:01:00,83,B+3.5,2,True,False,False,,-1,30.2113,2000
2026-06-19 08:01:33,117,W+7.5,18,True,False,False,,-1,30.1737,2000
2026-06-19 08:02:07,120,B+0.5,10,True,False,False,,-1,30.1219,2000
2026-06-19 08:02:37,109,W+0.5,9,True,False,False,,-1,30.1418,2000
2026-06-19 08:03:07,104,B+1.5,8,True,False,False,,-1,30.374,2000
2026-06-19 08:03:40,115,W+3.5,11,True,False,False,,-1,30.4313,2000
2026-06-19 08:04:15,122,B+2.5,14,True,False,False,,-1,30.3237,2000
2026-06-19 08:04:52,133,W+2.5,12,True,False,False,,-1,30.3995,2000
2026-06-19 08:05:06,54,W+8.5,2,True,False,False,,-1,30.1993,2000
2026-06-19 08:05:34,96,B+0.5,4,True,False,False,,-1,30.1711,2000
2026-06-19 08:06:07,121,W+0.5,14,True,False,False,,-1,30.3409,2000
2026-06-19 08:06:33,94,B+1.5,8,True,False,False,,-1,30.2964,2000
2026-06-19 08:07:00,98,B+1.5,7,True,False,False,,-1,30.314,2000
2026-06-19 08:07:29,106,W+3.5,14,True,False,False,,-1,30.3153,2000
2026-06-19 08:07:57,105,W+1.5,12,True,False,False,,-1,30.2734,2000
2026-06-19 08:08:25,99,W+4.5,12,True,False,False,,-1,30.2749,2000
2026-06-19 08:08:56,115,W+3.5,14,True,False,False,,-1,30.2872,2000
2026-06-19 08:09:33,124,B+2.5,13,True,False,False,,-1,30.3234,2000
2026-06-19 08:10:04,104,B+0.5,8,True,False,False,,-1,30.1777,2000
2026-06-19 08:10:36,111,W+3.5,11,True,False,False,,-1,30.2181,2000
2026-06-19 08:11:11,117,W+2.5,9,True,False,False,,-1,30.245,2000
2026-06-19 08:11:39,101,B+5.5,7,True,False,False,,-1,30.226,2000
2026-06-19 08:12:03,93,B+0.5,2,True,False,False,,-1,30.1758,2000
2026-06-19 08:12:31,103,W+0.5,10,True,False,False,,-1,30.0214,2000
2026-06-19 08:13:08,124,B+6.5,5,True,False,False,,-1,30.204,2000
2026-06-19 08:13:37,110,B+3.5,10,True,False,False,,-1,30.1433,2000
2026-06-19 08:13:56,69,B+9.5,2,True,False,False,,-1,30.0127,2000
2026-06-19 08:14:28,116,B+3.5,9,True,False,False,,-1,30.104,2000
2026-06-19 08:15:07,135,W+0.5,15,True,False,False,,-1,30.2067,2000
2026-06-19 08:15:25,64,W+3.5,2,True,False,False,,-1,30.0622,2000
2026-06-19 08:15:55,110,B+1.5,11,True,False,False,,-1,30.0932,2000
2026-06-19 08:16:00,20,W+7.5,2,True,False,False,,-1,29.9057,2000
2026-06-19 08:16:20,68,W+6.5,2,True,False,False,,-1,29.828,2000
2026-06-19 08:16:50,105,W+4.5,14,True,False,False,,-1,29.8075,2000
2026-06-19 08:17:21,106,B+3.5,10,True,False,False,,-1,30.0541,2000
2026-06-19 08:17:52,102,W+15.5,4,True,False,False,,-1,29.9852,2000
2026-06-19 08:18:07,57,B+2.5,2,True,False,False,,-1,29.8093,2000
2026-06-19 08:18:37,109,W+1.5,12,True,False,False,,-1,29.8038,2000
2026-06-19 08:19:09,120,B+3.5,14,True,False,False,,-1,29.824,2000
2026-06-19 08:19:40,111,W+4.5,12,True,False,False,,-1,29.6899,2000
2026-06-19 08:20:07,100,B+3.5,7,True,False,False,,-1,29.6685,2000
2026-06-19 08:20:38,110,B+11.5,8,True,False,False,,-1,29.7354,2000
2026-06-19 08:21:16,136,B+6.5,22,True,False,False,,-1,29.7661,2000
2026-06-19 08:21:49,123,W+1.5,16,True,False,False,,-1,29.8255,2000
2026-06-19 08:22:18,106,B+3.5,12,True,False,False,,-1,29.8337,2000
2026-06-19 08:22:51,119,W+4.5,18,True,False,False,,-1,29.8639,2000
2026-06-19 08:23:20,114,W+4.5,12,True,False,False,,-1,29.8698,2000
2026-06-19 08:23:50,108,B+1.5,5,True,False,False,,-1,29.7916,2000
2026-06-19 08:24:23,120,B+2.5,15,True,False,False,,-1,29.8097,2000
2026-06-19 08:24:48,101,W+1.5,10,True,False,False,,-1,29.7294,2000
2026-06-19 08:25:22,123,W+2.5,18,True,False,False,,-1,29.7495,2000
2026-06-19 08:25:57,129,W+2.5,18,True,False,False,,-1,29.748,2000
2026-06-19 08:26:27,101,B+7.5,6,True,False,False,,-1,29.8402,2000
2026-06-19 08:26:55,99,B+1.5,4,True,False,False,,-1,29.728,2000
2026-06-19 08:27:30,117,B+8.5,12,True,False,False,,-1,29.6951,2000
2026-06-19 08:27:49,63,B+0.5,2,True,False,False,,-1,29.5745,2000
2026-06-19 08:28:17,103,W+0.5,13,True,False,False,,-1,29.5843,2000
2026-06-19 08:28:43,96,B+4.5,7,True,False,False,,-1,29.5531,2000
2026-06-19 08:29:13,104,W+7.5,8,True,False,False,,-1,29.4509,2000
2026-06-19 08:29:39,95,W+2.5,10,True,False,False,,-1,29.448,2000
2026-06-19 08:30:10,110,B+1.5,11,True,False,False,,-1,29.5592,2000
2026-06-19 08:30:51,142,B+0.5,19,True,False,False,,-1,29.6721,2000
2026-06-19 08:31:13,80,W+5.5,3,True,False,False,,-1,29.5277,2000
2026-06-19 08:31:44,106,B+9.5,6,True,False,False,,-1,29.5326,2000
2026-06-19 08:32:15,109,W+15.5,9,True,False,False,,-1,29.4557,2000
2026-06-19 08:32:46,119,B+1.5,10,True,False,False,,-1,29.4722,2000
2026-06-19 08:33:16,111,W+2.5,17,True,False,False,,-1,29.484,2000
2026-06-19 08:33:48,117,B+2.5,17,True,False,False,,-1,29.4688,2000
2026-06-19 08:34:03,57,B+2.5,5,True,False,False,,-1,29.2939,2000
2026-06-19 08:34:32,109,B+2.5,17,True,False,False,,-1,29.2544,2000
2026-06-25 19:56:35,115,W+17.5,9,True,False,False,,-1,67.7894,0
2026-06-25 19:57:31,103,B+9.5,3,True,False,False,,-1,61.7993,0
2026-06-25 19:58:17,82,W+18.5,4,True,False,False,,-1,56.5933,0
2026-06-25 19:58:47,52,W+4.5,2,True,False,False,,-1,49.9313,0
2026-06-25 19:59:38,98,W+17.5,3,True,False,False,,-1,50.2427,0
2026-06-25 20:00:33,104,W+24.5,7,True,False,False,,-1,50.9959,0
2026-06-25 20:01:55,162,B+35.5,5,True,False,False,,-1,55.3878,0
2026-06-25 20:02:51,105,W+22.5,2,True,False,False,,-1,55.443,0
2026-06-25 20:04:01,137,W+27.5,5,True,False,False,,-1,57.0994,0
2026-06-25 20:05:02,127,B+1.5,4,True,False,False,,-1,57.4963,0
2026-06-25 20:06:24,162,B+29.5,3,True,False,False,,-1,59.7509,0
2026-06-25 20:07:14,86,W+21.5,4,True,False,False,,-1,58.8931,0
2026-06-25 20:08:26,144,B+23.5,3,True,False,False,,-1,59.9136,0
2026-06-25 20:09:45,162,B+45.5,4,True,False,False,,-1,61.284,0
2026-06-25 20:11:05,162,W+60.5,4,True,False,False,,-1,62.5316,0
2026-06-25 20:11:44,68,W+12.5,3,True,False,False,,-1,61.0708,0
2026-06-25 20:12:57,145,W+31.5,6,True,False,False,,-1,61.7587,0
2026-06-25 20:14:18,154,B+21.5,5,True,False,False,,-1,62.8209,0
2026-06-25 20:14:55,64,W+16.5,3,True,False,False,,-1,61.4492,0
2026-06-25 20:15:39,78,W+7.5,2,True,False,False,,-1,60.6115,0
2026-06-25 20:17:00,162,W+9.5,2,True,False,False,,-1,61.5739,0
2026-06-25 20:18:17,162,B+20.5,6,True,False,False,,-1,62.2752,0
2026-06-25 20:18:59,72,W+10.5,3,True,False,False,,-1,61.3817,0
2026-06-25 20:19:57,111,W+15.5,3,True,False,False,,-1,61.2196,0
2026-06-25 20:20:42,80,W+8.5,2,True,False,False,,-1,60.582,0
2026-06-25 20:21:48,128,W+54.5,2,True,False,False,,-1,60.7962,0
2026-06-25 20:22:43,113,W+4.5,6,True,False,False,,-1,60.5766,0
2026-06-25 20:23:33,92,B+4.5,2,True,False,False,,-1,60.1912,0
2026-06-25 20:24:05,56,W+6.5,2,True,False,False,,-1,59.2192,0
2026-06-25 20:25:23,151,B+32.5,2,True,False,False,,-1,59.8707,0
2026-06-25 20:26:23,114,B+11.5,5,True,False,False,,-1,59.8653,0
2026-06-25 20:26:59,62,W+5.5,2,True,False,False,,-1,59.1277,0
2026-06-25 20:27:19,34,W+8.5,2,True,False,False,,-1,57.9317,0
2026-06-25 20:28:28,130,W+43.5,5,True,False,False,,-1,58.2501,0
2026-06-25 20:29:26,115,B+10.5,3,True,False,False,,-1,58.2436,0
2026-06-25 20:30:20,99,B+10.5,6,True,False,False,,-1,58.1358,0
2026-06-25 20:31:09,88,W+16.5,2,True,False,False,,-1,57.8853,0
2026-06-25 20:32:08,115,W+4.5,3,True,False,False,,-1,57.9079,0
2026-06-25 20:33:29,162,B+47.5,6,True,False,False,,-1,58.5012,0
2026-06-25 20:34:23,104,B+10.5,3,True,False,False,,-1,58.4049,0
2026-06-25 20:35:23,115,W+2.5,5,True,False,False,,-1,58.4293,0
2026-06-25 20:36:26,125,W+20.5,7,True,False,False,,-1,58.5455,0
2026-06-25 20:37:40,144,B+45.5,4,True,False,False,,-1,58.8998,0
2026-06-25 20:38:27,84,W+12.5,2,True,False,False,,-1,58.6325,0
2026-06-25 20:39:29,120,B+22.5,3,True,False,False,,-1,58.7125,0
2026-06-25 20:40:43,149,B+41.5,4,True,False,False,,-1,59.0468,0
2026-06-25 20:41:48,122,B+12.5,6,True,False,False,,-1,59.1536,0
2026-06-25 20:42:40,102,B+1.5,5,True,False,False,,-1,59.0231,0
2026-06-25 20:43:41,125,W+21.5,5,True,False,False,,-1,59.0592,0
2026-06-25 20:44:53,138,B+34.5,3,True,False,False,,-1,59.3214,0
2026-06-25 20:45:40,82,W+2.5,2,True,False,False,,-1,59.0709,0
2026-06-25 20:46:31,100,W+7.5,4,True,False,False,,-1,58.9235,0
2026-06-25 20:47:14,74,W+5.5,2,True,False,False,,-1,58.6136,0
2026-06-25 20:48:07,102,W+12.5,4,True,False,False,,-1,58.5038,0
2026-06-25 20:49:06,117,B+16.5,7,True,False,False,,-1,58.5198,0
2026-06-25 20:50:04,123,W+0.5,8,True,False,False,,-1,58.5177,0
2026-06-25 20:50:57,102,W+16.5,3,True,False,False,,-1,58.4228,0
2026-06-25 20:52:18,162,W+66.5,1,True,False,False,,-1,58.8071,0
2026-06-25 20:53:32,142,W+64.5,7,True,False,False,,-1,59.0582,0
2026-06-25 20:54:53,162,B+33.5,7,True,False,False,,-1,59.4296,0
2026-06-25 20:55:59,128,W+7.5,3,True,False,False,,-1,59.5394,0
2026-06-25 20:57:09,150,B+27.5,3,True,False,False,,-1,59.6983,0
2026-06-25 20:58:16,135,W+0.5,8,True,False,False,,-1,59.8143,0
2026-06-25 20:58:55,68,W+9.5,2,True,False,False,,-1,59.4907,0
2026-06-25 21:00:18,162,W+36.5,1,True,False,False,,-1,59.8506,0
2026-06-25 21:01:13,102,W+8.5,2,True,False,False,,-1,59.7804,0
2026-06-25 21:02:22,136,B+34.5,5,True,False,False,,-1,59.9187,0
2026-06-25 21:03:23,111,W+21.5,6,True,False,False,,-1,59.9291,0
2026-06-25 21:04:25,127,W+8.5,2,True,False,False,,-1,59.9628,0
2026-06-25 21:05:13,87,B+3.5,5,True,False,False,,-1,59.79,0
2026-06-25 21:06:02,95,B+2.5,3,True,False,False,,-1,59.647,0
2026-06-25 21:07:08,125,B+30.5,3,True,False,False,,-1,59.7248,0
2026-06-25 21:07:46,68,W+6.5,3,True,False,False,,-1,59.439,0
2026-06-25 21:08:53,127,B+41.5,6,True,False,False,,-1,59.5375,0
2026-06-25 21:09:49,103,W+14.5,2,True,False,False,,-1,59.4872,0
2026-06-25 21:10:54,129,W+22.5,6,True,False,False,,-1,59.5667,0
2026-06-25 21:11:59,126,B+28.5,3,True,False,False,,-1,59.6352,0
2026-06-25 21:12:43,76,W+3.5,2,True,False,False,,-1,59.4268,0
2026-06-25 21:13:38,108,W+3.5,3,True,False,False,,-1,59.3759,0
2026-06-25 21:14:36,118,B+1.5,5,True,False,False,,-1,59.3517,0
2026-06-25 21:15:29,99,B+5.5,4,True,False,False,,-1,59.2797,0
2026-06-25 21:16:39,134,B+29.5,3,True,False,False,,-1,59.4147,0
2026-06-25 21:17:28,87,B+7.5,2,True,False,False,,-1,59.2795,0
2026-06-25 21:18:52,162,W+20.5,4,True,False,False,,-1,59.5766,0
2026-06-25 21:19:34,74,W+6.5,3,True,False,False,,-1,59.3705,0
2026-06-25 21:20:54,162,B+39.5,2,True,False,False,,-1,59.6078,0
2026-06-25 21:22:05,139,B+43.5,6,True,False,False,,-1,59.7392,0
2026-06-25 21:22:44,68,W+10.5,5,True,False,False,,-1,59.5028,0
2026-06-25 21:24:04,162,W+49.5,4,True,False,False,,-1,59.7345,0
2026-06-25 21:25:27,162,W+43.5,3,True,False,False,,-1,59.9923,0
2026-06-25 21:26:24,112,B+7.5,2,True,False,False,,-1,59.9636,0
2026-06-25 21:27:19,104,B+7.5,3,True,False,False,,-1,59.9035,0
2026-06-25 21:28:30,137,W+41.5,5,True,False,False,,-1,60.0266,0
2026-06-25 21:28:50,34,W+7.5,2,True,False,False,,-1,59.6003,0
2026-06-25 21:30:07,149,B+47.5,6,True,False,False,,-1,59.7836,0
2026-06-25 21:30:42,60,W+9.5,3,True,False,False,,-1,59.5297,0
2026-06-25 21:31:46,126,B+12.5,2,True,False,False,,-1,59.5738,0
2026-06-25 21:32:23,64,W+9.5,4,True,False,False,,-1,59.3426,0
2026-06-25 21:33:27,115,B+15.5,3,True,False,False,,-1,59.3846,0
2026-06-25 21:34:29,115,B+19.5,3,True,False,False,,-1,59.4123,0
2026-06-25 21:35:08,70,W+9.5,4,True,False,False,,-1,59.1269,0
2026-06-25 21:36:02,101,B+7.5,4,True,False,False,,-1,59.1091,0
2026-06-25 21:36:53,98,W+13.5,3,True,False,False,,-1,59.1546,0
2026-06-25 21:37:36,74,W+3.5,2,True,False,False,,-1,59.2869,0
2026-06-25 21:38:34,117,W+2.5,3,True,False,False,,-1,59.3536,0
2026-06-25 21:39:49,143,W+59.5,7,True,False,False,,-1,59.5534,0
2026-06-25 21:40:44,111,B+19.5,5,True,False,False,,-1,59.2835,0
2026-06-25 21:41:49,125,B+48.5,3,True,False,False,,-1,59.3841,0
2026-06-25 21:43:09,153,B+32.5,5,True,False,False,,-1,59.4782,0
2026-06-25 21:44:19,139,W+8.5,6,True,False,False,,-1,59.5694,0
2026-06-25 21:45:40,162,B+18.5,7,True,False,False,,-1,59.5563,0
2026-06-25 21:46:32,96,W+15.5,3,True,False,False,,-1,59.5776,0
2026-06-25 21:47:17,80,W+16.5,3,True,False,False,,-1,59.304,0
2026-06-25 21:48:37,162,B+50.5,1,True,False,False,,-1,59.3181,0
2026-06-25 21:49:39,117,W+17.5,4,True,False,False,,-1,59.1328,0
2026-06-25 21:50:40,120,B+6.5,3,True,False,False,,-1,59.3576,0
2026-06-25 21:51:23,74,W+22.5,2,True,False,False,,-1,59.0555,0
2026-06-25 21:52:21,105,B+0.5,4,True,False,False,,-1,58.8262,0
2026-06-25 21:53:18,106,W+16.5,3,True,False,False,,-1,59.0333,0
2026-06-25 21:54:12,114,W+7.5,7,True,False,False,,-1,59.1183,0
2026-06-25 21:55:30,162,W+29.5,2,True,False,False,,-1,59.0939,0
2026-06-25 21:56:21,104,B+5.5,3,True,False,False,,-1,58.8373,0
2026-06-25 21:57:14,98,W+15.5,3,True,False,False,,-1,58.9447,0
2026-06-25 21:58:35,162,W+56.5,2,True,False,False,,-1,59.178,0
2026-06-25 21:59:34,114,B+20.5,6,True,False,False,,-1,59.3205,0
2026-06-25 22:00:16,74,W+13.5,2,True,False,False,,-1,59.0809,0
2026-06-25 22:01:08,100,B+2.5,2,True,False,False,,-1,59.0529,0
2026-06-25 22:02:02,101,B+0.5,5,True,False,False,,-1,59.0921,0
2026-06-25 22:02:36,60,W+12.5,3,True,False,False,,-1,59.1138,0
2026-06-25 22:03:39,121,W+19.5,7,True,False,False,,-1,58.9523,0
2026-06-25 22:04:55,156,W+49.5,6,True,False,False,,-1,59.1163,0
2026-06-25 22:06:09,137,B+48.5,6,True,False,False,,-1,59.489,0
2026-06-25 22:07:09,120,W+6.5,5,True,False,False,,-1,59.8976,0
2026-06-25 22:08:03,103,W+4.5,7,True,False,False,,-1,59.753,0
2026-06-25 22:08:27,40,W+5.5,2,True,False,False,,-1,59.4041,0
2026-06-25 22:09:16,91,W+13.5,4,True,False,False,,-1,59.3593,0
2026-06-25 22:09:54,64,W+10.5,2,True,False,False,,-1,59.2426,0
2026-06-25 22:11:12,162,B+40.5,9,True,False,False,,-1,59.4435,0
2026-06-25 22:11:36,42,W+9.5,2,True,False,False,,-1,58.8701,0
2026-06-25 22:12:08,54,W+6.5,2,True,False,False,,-1,58.64,0
2026-06-25 22:12:31,40,W+6.5,2,True,False,False,,-1,58.281,0
2026-06-25 22:13:22,90,W+21.5,2,True,False,False,,-1,58.1543,0
2026-06-25 22:14:19,115,W+9.5,3,True,False,False,,-1,57.9856,0
2026-06-25 22:15:27,135,W+5.5,4,True,False,False,,-1,58.1977,0
2026-06-25 22:16:19,94,B+0.5,3,True,False,False,,-1,58.0892,0
2026-06-25 22:17:07,87,B+5.5,2,True,False,False,,-1,57.8273,0
2026-06-25 22:18:16,132,B+39.5,4,True,False,False,,-1,57.8816,0
2026-06-25 22:19:01,78,W+0.5,3,True,False,False,,-1,57.7973,0
2026-06-25 22:19:42,72,W+5.5,5,True,False,False,,-1,57.6029,0
2026-06-25 22:20:43,125,B+23.5,7,True,False,False,,-1,57.4955,0
2026-06-25 22:21:13,52,W+8.5,3,True,False,False,,-1,57.3296,0
2026-06-25 22:21:46,56,W+9.5,2,True,False,False,,-1,57.1446,0
2026-06-25 22:22:41,101,B+8.5,4,True,False,False,,-1,57.2637,0
2026-06-25 22:23:33,97,W+23.5,3,True,False,False,,-1,57.2593,0
2026-06-25 22:24:55,162,W+45.5,1,True,False,False,,-1,57.4873,0
2026-06-25 22:26:19,162,B+36.5,3,True,False,False,,-1,57.7473,0
2026-06-25 22:26:40,36,W+6.5,3,True,False,False,,-1,57.4254,0
2026-06-25 22:27:47,129,W+26.5,5,True,False,False,,-1,57.2802,0
2026-06-25 22:28:22,62,W+8.5,2,True,False,False,,-1,56.8968,0
2026-06-25 22:29:23,117,W+36.5,2,True,False,False,,-1,56.6988,0
2026-06-25 22:30:08,78,W+8.5,2,True,False,False,,-1,56.4825,0
2026-06-25 22:31:10,118,W+12.5,3,True,False,False,,-1,56.4102,0
2026-06-25 22:32:21,136,B+37.5,3,True,False,False,,-1,56.4525,0
2026-06-25 22:33:07,80,W+2.5,2,True,False,False,,-1,56.5146,0
2026-06-25 22:34:06,119,W+18.5,5,True,False,False,,-1,56.2819,0
2026-06-25 22:34:47,72,W+9.5,2,True,False,False,,-1,56.142,0
2026-06-25 22:35:30,75,B+5.5,2,True,False,False,,-1,55.8767,0
2026-06-25 22:36:02,54,W+7.5,3,True,False,False,,-1,55.5879,0
2026-06-25 22:37:11,137,W+10.5,5,True,False,False,,-1,55.6587,0
2026-06-25 22:38:05,102,W+31.5,2,True,False,False,,-1,55.721,0
2026-06-25 22:39:16,140,B+36.5,6,True,False,False,,-1,55.9288,0
2026-06-25 22:40:10,100,W+14.5,4,True,False,False,,-1,55.8233,0
2026-06-25 22:41:08,110,W+34.5,3,True,False,False,,-1,56.017,0
2026-06-25 22:42:16,130,B+26.5,3,True,False,False,,-1,56.0217,0
2026-06-25 22:43:33,153,B+30.5,6,True,False,False,,-1,56.2348,0
2026-06-25 22:44:23,95,W+9.5,2,True,False,False,,-1,56.0775,0
2026-06-25 22:45:24,115,B+5.5,4,True,False,False,,-1,56.0386,0
2026-06-25 22:46:14,95,W+2.5,2,True,False,False,,-1,56.1071,0
2026-06-25 22:47:07,99,B+2.5,3,True,False,False,,-1,56.0817,0
2026-06-25 22:47:31,42,W+7.5,2,True,False,False,,-1,55.755,0
2026-06-25 22:48:43,133,W+45.5,3,True,False,False,,-1,55.9351,0
2026-06-25 22:49:46,120,W+34.5,5,True,False,False,,-1,55.8606,0
2026-06-25 22:50:38,95,W+28.5,2,True,False,False,,-1,55.9013,0
2026-06-25 22:51:19,70,W+9.5,3,True,False,False,,-1,55.4671,0
2026-06-25 22:52:20,120,W+30.5,2,True,False,False,,-1,55.6572,0
2026-06-25 22:53:16,98,W+23.5,2,True,False,False,,-1,55.4149,0
2026-06-25 22:54:29,148,W+55.5,4,True,False,False,,-1,55.4348,0
2026-06-25 22:55:14,80,W+10.5,2,True,False,False,,-1,55.496,0
2026-06-25 22:56:27,150,B+46.5,4,True,False,False,,-1,55.4265,0
2026-06-25 22:57:10,76,W+14.5,2,True,False,False,,-1,55.0281,0
2026-06-25 22:58:13,113,B+37.5,2,True,False,False,,-1,55.0819,0
2026-06-25 22:59:14,121,W+37.5,3,True,False,False,,-1,55.1487,0
2026-06-25 23:00:30,150,W+49.5,7,True,False,False,,-1,55.1988,0
2026-06-25 23:01:10,68,W+5.5,3,True,False,False,,-1,55.3951,0
2026-06-25 23:02:15,131,B+13.5,6,True,False,False,,-1,55.274,0
2026-06-25 23:03:07,103,W+13.5,5,True,False,False,,-1,55.4442,0
2026-06-25 23:03:48,72,W+9.5,3,True,False,False,,-1,55.2195,0
2026-06-25 23:05:02,140,B+43.5,6,True,False,False,,-1,55.5848,0
2026-06-25 23:06:24,159,B+32.5,4,True,False,False,,-1,55.7709,0
2026-06-25 23:07:10,91,B+0.5,6,True,False,False,,-1,55.6107,0
2026-06-25 23:08:09,109,W+28.5,6,True,False,False,,-1,55.8026,0
2026-06-25 23:08:44,62,W+5.5,2,True,False,False,,-1,55.6168,0
2026-06-25 23:09:36,95,W+14.5,3,True,False,False,,-1,55.6293,0
2026-06-25 23:10:56,162,W+69.5,4,True,False,False,,-1,55.9989,0
2026-06-25 23:12:05,137,W+45.5,5,True,False,False,,-1,56.1099,0
2026-06-25 23:13:07,120,W+25.5,5,True,False,False,,-1,55.9773,0
2026-06-25 23:13:53,82,W+12.5,3,True,False,False,,-1,55.8919,0
2026-06-25 23:14:48,116,B+8.5,5,True,False,False,,-1,55.7865,0
2026-06-25 23:15:50,119,W+32.5,7,True,False,False,,-1,55.6081,0
2026-06-25 23:16:31,70,W+14.5,3,True,False,False,,-1,55.3086,0
2026-06-25 23:17:17,82,W+9.5,3,True,False,False,,-1,54.9661,0
2026-06-25 23:18:24,128,B+32.5,3,True,False,False,,-1,55.1119,0
2026-06-25 23:19:45,162,W+30.5,3,True,False,False,,-1,55.4826,0
2026-06-25 23:20:40,102,W+21.5,2,True,False,False,,-1,55.2231,0
2026-06-25 23:21:17,66,W+6.5,3,True,False,False,,-1,54.9818,0
2026-06-25 23:22:07,97,W+4.5,4,True,False,False,,-1,54.859,0
2026-06-25 23:22:43,62,W+5.5,2,True,False,False,,-1,54.7955,0
2026-06-25 23:23:47,129,W+0.5,5,True,False,False,,-1,54.8554,0
2026-06-25 23:24:05,32,W+6.5,2,True,False,False,,-1,54.4606,0
2026-06-25 23:24:58,100,B+2.5,3,True,False,False,,-1,54.4565,0
2026-06-25 23:26:02,124,W+44.5,2,True,False,False,,-1,54.3201,0
2026-06-25 23:26:59,107,B+5.5,4,True,False,False,,-1,54.3689,0
2026-06-25 23:27:27,48,W+9.5,2,True,False,False,,-1,54.1276,0
2026-06-25 23:28:47,162,W+41.5,5,True,False,False,,-1,54.1213,0
2026-06-25 23:29:37,88,W+17.5,2,True,False,False,,-1,54.029,0
2026-06-25 23:30:27,105,B+10.5,7,True,False,False,,-1,54.1058,0
2026-06-25 23:31:17,95,B+7.5,5,True,False,False,,-1,54.0864,0
2026-06-25 23:32:10,94,W+24.5,2,True,False,False,,-1,54.0712,0
2026-06-25 23:33:03,107,W+1.5,9,True,False,False,,-1,54.2637,0
2026-06-25 23:34:19,158,W+43.5,5,True,False,False,,-1,54.3952,0
2026-06-25 23:35:12,96,B+8.5,5,True,False,False,,-1,54.162,0
2026-06-25 23:36:05,102,W+9.5,5,True,False,False,,-1,53.9649,0
2026-06-25 23:37:23,162,B+31.5,4,True,False,False,,-1,54.1354,0
2026-06-25 23:38:26,128,W+23.5,4,True,False,False,,-1,54.2253,0
2026-06-25 23:39:18,96,W+15.5,4,True,False,False,,-1,54.514,0
2026-06-25 23:40:07,88,W+12.5,2,True,False,False,,-1,54.498,0
2026-06-25 23:40:37,52,W+8.5,3,True,False,False,,-1,54.4265,0
2026-06-25 23:41:31,105,W+18.5,4,True,False,False,,-1,54.1801,0
2026-06-25 23:42:23,100,B+3.5,5,True,False,False,,-1,54.4633,0
2026-06-25 23:43:28,136,B+20.5,7,True,False,False,,-1,54.7942,0
2026-06-25 23:44:29,118,W+13.5,5,True,False,False,,-1,55.175,0
2026-06-25 23:45:36,136,B+22.5,4,True,False,False,,-1,55.3319,0
2026-06-25 23:46:23,83,B+0.5,2,True,False,False,,-1,55.2377,0
2026-06-25 23:47:27,122,B+9.5,2,True,False,False,,-1,55.195,0
2026-06-25 23:48:19,101,W+0.5,6,True,False,False,,-1,55.1989,0
2026-06-25 23:49:41,162,B+40.5,4,True,False,False,,-1,55.5448,0
2026-06-25 23:50:50,139,B+31.5,9,True,False,False,,-1,55.5375,0
2026-06-25 23:51:54,125,W+17.5,7,True,False,False,,-1,55.7325,0
2026-06-25 23:52:50,111,W+0.5,3,True,False,False,,-1,55.8813,0
2026-06-25 23:54:13,157,W+28.5,8,True,False,False,,-1,56.0885,0
2026-06-25 23:55:05,97,B+1.5,2,True,False,False,,-1,56.3187,0
2026-06-25 23:56:13,127,B+36.5,3,True,False,False,,-1,56.6633,0
2026-06-25 23:57:01,91,W+21.5,3,True,False,False,,-1,56.6026,0
2026-06-25 23:57:44,74,W+11.5,2,True,False,False,,-1,56.509,0
2026-06-25 23:59:03,149,B+54.5,4,True,False,False,,-1,56.4806,0
2026-06-26 00:00:21,162,B+29.5,4,True,False,False,,-1,56.4071,0
2026-06-26 00:01:14,105,W+2.5,5,True,False,False,,-1,56.7306,0
2026-06-26 00:02:14,122,B+17.5,5,True,False,False,,-1,56.6685,0
2026-06-26 00:03:29,160,W+63.5,11,True,False,False,,-1,57.0659,0
2026-06-26 00:04:34,126,B+3.5,9,True,False,False,,-1,57.1002,0
2026-06-26 00:05:48,143,W+48.5,4,True,False,False,,-1,57.395,0
2026-06-26 00:07:07,162,B+24.5,5,True,False,False,,-1,57.5673,0
2026-06-26 00:08:02,103,B+18.5,4,True,False,False,,-1,57.4036,0
2026-06-26 00:09:15,145,W+44.5,6,True,False,False,,-1,57.6808,0
2026-06-26 00:09:58,74,W+5.5,2,True,False,False,,-1,57.5127,0
2026-06-26 00:11:15,162,B+36.5,13,True,False,False,,-1,57.8708,0
2026-06-26 00:12:30,148,W+45.5,2,True,False,False,,-1,58.1999,0
2026-06-26 00:13:29,107,B+3.5,2,True,False,False,,-1,58.4668,0
2026-06-26 00:14:49,162,W+60.5,5,True,False,False,,-1,58.5747,0
2026-06-26 00:15:28,68,W+0.5,2,True,False,False,,-1,58.423,0
2026-06-26 00:16:19,91,B+26.5,2,True,False,False,,-1,58.2309,0
2026-06-26 00:17:38,162,B+21.5,4,True,False,False,,-1,58.4776,0
2026-06-26 00:18:34,107,W+2.5,4,True,False,False,,-1,58.4554,0
2026-06-26 00:19:19,78,W+10.5,3,True,False,False,,-1,58.227,0
2026-06-26 00:20:32,142,B+34.5,4,True,False,False,,-1,58.184,0
2026-06-26 00:21:31,110,W+40.5,6,True,False,False,,-1,58.282,0
2026-06-26 00:22:49,155,B+22.5,3,True,False,False,,-1,58.4506,0
2026-06-26 00:23:45,106,B+7.5,3,True,False,False,,-1,58.5058,0
2026-06-26 00:24:57,140,B+35.5,4,True,False,False,,-1,58.7033,0
2026-06-26 00:25:58,113,B+9.5,3,True,False,False,,-1,59.0582,0
2026-06-26 00:27:20,162,W+62.5,5,True,False,False,,-1,59.1658,0
2026-06-26 00:28:20,116,B+24.5,4,True,False,False,,-1,59.1377,0
2026-06-26 00:29:40,162,B+27.5,1,True,False,False,,-1,59.4159,0
2026-06-26 00:30:23,76,W+10.5,2,True,False,False,,-1,59.4404,0
2026-06-26 00:31:13,97,W+18.5,4,True,False,False,,-1,59.328,0
2026-06-26 00:32:08,109,W+4.5,7,True,False,False,,-1,59.3179,0
2026-06-26 00:32:19,20,W+7.5,2,True,False,False,,-1,58.703,0
2026-06-26 00:33:18,119,B+16.5,9,True,False,False,,-1,58.8399,0
2026-06-26 00:34:22,125,B+16.5,6,True,False,False,,-1,58.7479,0
2026-06-26 00:35:31,129,B+41.5,4,True,False,False,,-1,59.0038,0
2026-06-26 00:36:33,124,B+7.5,8,True,False,False,,-1,59.0016,0
2026-06-26 00:37:53,162,B+57.5,3,True,False,False,,-1,59.1871,0
2026-06-26 00:39:00,126,B+34.5,3,True,False,False,,-1,59.0919,0
2026-06-26 00:40:12,144,B+31.5,8,True,False,False,,-1,59.4176,0
2026-06-26 00:41:23,138,B+44.5,2,True,False,False,,-1,59.4789,0
2026-06-26 00:42:31,132,B+26.5,4,True,False,False,,-1,59.6324,0
2026-06-26 00:43:47,143,B+41.5,3,True,False,False,,-1,59.9852,0
2026-06-26 00:44:33,80,W+9.5,2,True,False,False,,-1,59.7095,0
2026-06-26 00:45:11,64,W+15.5,2,True,False,False,,-1,59.2633,0
2026-06-26 00:46:06,105,W+11.5,3,True,False,False,,-1,59.3566,0
2026-06-26 00:46:53,84,W+17.5,2,True,False,False,,-1,59.2407,0
2026-06-26 00:47:53,115,W+8.5,3,True,False,False,,-1,59.4821,0
2026-06-26 00:48:26,58,W+9.5,2,True,False,False,,-1,59.2921,0
2026-06-26 00:49:20,98,W+21.5,5,True,False,False,,-1,59.0342,0
2026-06-26 00:50:12,98,B+0.5,4,True,False,False,,-1,58.8615,0
2026-06-26 00:51:06,103,B+9.5,5,True,False,False,,-1,58.7858,0
2026-06-26 00:52:15,135,W+11.5,2,True,False,False,,-1,59.0137,0
2026-06-26 00:53:11,105,W+12.5,5,True,False,False,,-1,59.018,0
2026-06-26 00:54:24,148,W+44.5,4,True,False,False,,-1,59.1287,0
2026-06-26 00:55:15,99,W+12.5,4,True,False,False,,-1,59.2411,0
2026-06-26 00:58:31,128,B+2.5,18,True,False,False,,-1,59.0644,1000
2026-06-26 00:59:28,121,W+19.5,9,True,False,False,,-1,58.8189,1000
2026-06-26 01:00:21,105,W+0.5,10,True,False,False,,-1,58.8002,1000
2026-06-26 01:01:10,95,W+9.5,10,True,False,False,,-1,58.915,1000
2026-06-26 01:01:54,72,W+20.5,3,True,False,False,,-1,58.8659,1000
2026-06-26 01:02:44,108,B+5.5,8,True,False,False,,-1,59.0025,1000
2026-06-26 01:03:33,102,B+1.5,8,True,False,False,,-1,58.8469,1000
2026-06-26 01:04:25,126,B+12.5,12,True,False,False,,-1,59.1873,1000
2026-06-26 01:05:23,115,W+2.5,8,True,False,False,,-1,59.2385,1000
2026-06-26 01:06:25,123,W+2.5,8,True,False,False,,-1,59.2182,1000
2026-06-26 01:07:25,128,B+6.5,13,True,False,False,,-1,59.2485,1000
2026-06-26 01:08:18,106,B+5.5,13,True,False,False,,-1,59.4985,1000
2026-06-26 01:09:06,109,W+2.5,9,True,False,False,,-1,59.182,1000
2026-06-26 01:10:01,111,W+11.5,9,True,False,False,,-1,59.2251,1000
2026-06-26 01:11:04,121,W+0.5,10,True,False,False,,-1,59.3538,1000
2026-06-26 01:12:07,148,W+1.5,26,True,False,False,,-1,59.4809,1000
2026-06-26 01:13:00,113,W+1.5,9,True,False,False,,-1,59.4877,1000
2026-06-26 01:13:57,115,W+2.5,10,True,False,False,,-1,59.5296,1000
2026-06-26 01:14:45,97,W+1.5,9,True,False,False,,-1,59.2509,1000
2026-06-26 01:15:38,116,B+0.5,13,True,False,False,,-1,59.257,1000
2026-06-26 01:16:35,128,B+7.5,15,True,False,False,,-1,59.2859,1000
2026-06-26 01:16:54,32,W+8.5,2,True,False,False,,-1,58.6982,1000
2026-06-26 01:17:32,68,W+2.5,3,True,False,False,,-1,58.4417,1000
2026-06-26 01:18:22,105,W+0.5,7,True,False,False,,-1,58.4253,1000
2026-06-26 01:19:18,114,B+1.5,7,True,False,False,,-1,58.5019,1000
2026-06-26 01:20:17,115,B+0.5,7,True,False,False,,-1,58.7906,1000
2026-06-26 01:21:11,111,W+4.5,11,True,False,False,,-1,58.7863,1000
2026-06-26 01:22:15,154,B+9.5,20,True,False,False,,-1,58.9056,1000
2026-06-26 01:23:05,105,W+0.5,13,True,False,False,,-1,58.7613,1000
2026-06-26 01:24:00,122,B+9.5,10,True,False,False,,-1,58.6976,1000
2026-06-26 01:24:58,140,W+3.5,19,True,False,False,,-1,58.6146,1000
2026-06-26 01:25:52,107,W+7.5,9,True,False,False,,-1,58.6785,1000
2026-06-26 01:26:52,127,W+10.5,21,True,False,False,,-1,58.6378,1000
2026-06-26 01:27:42,106,W+2.5,7,True,False,False,,-1,58.6185,1000
2026-06-26 01:28:40,119,W+2.5,6,True,False,False,,-1,58.372,1000
2026-06-26 01:29:25,85,B+3.5,6,True,False,False,,-1,58.1343,1000
2026-06-26 01:30:22,130,B+0.5,14,True,False,False,,-1,58.0688,1000
2026-06-26 01:31:19,115,W+5.5,11,True,False,False,,-1,58.0721,1000
2026-06-26 01:32:12,114,B+2.5,13,True,False,False,,-1,57.7818,1000
2026-06-26 01:32:45,60,W+8.5,2,True,False,False,,-1,57.5821,1000
2026-06-26 01:33:39,105,W+8.5,4,True,False,False,,-1,57.4524,1000
2026-06-26 01:34:39,121,W+0.5,16,True,False,False,,-1,57.5698,1000
2026-06-26 01:35:24,85,B+5.5,6,True,False,False,,-1,57.5876,1000
2026-06-26 01:36:13,98,B+4.5,7,True,False,False,,-1,57.2839,1000
2026-06-26 01:37:01,92,B+2.5,6,True,False,False,,-1,56.9921,1000
2026-06-26 01:37:53,105,W+1.5,8,True,False,False,,-1,56.9805,1000
2026-06-26 01:38:49,117,W+10.5,7,True,False,False,,-1,56.9382,1000
2026-06-26 01:39:37,101,B+14.5,8,True,False,False,,-1,56.669,1000
2026-06-26 01:40:30,120,B+0.5,14,True,False,False,,-1,56.5491,1000
2026-06-26 01:40:42,20,W+7.5,2,True,False,False,,-1,55.9295,1000
2026-06-26 01:41:39,119,W+0.5,16,True,False,False,,-1,55.7034,1000
2026-06-26 01:42:32,97,B+3.5,5,True,False,False,,-1,55.6902,1000
2026-06-26 01:43:31,127,W+1.5,20,True,False,False,,-1,55.5469,1000
2026-06-26 01:44:23,107,W+3.5,15,True,False,False,,-1,55.6435,1000
2026-06-26 01:45:15,104,B+1.5,7,True,False,False,,-1,55.391,1000
2026-06-26 01:46:03,89,B+1.5,3,True,False,False,,-1,55.1198,1000
2026-06-26 01:46:57,110,B+1.5,11,True,False,False,,-1,55.0755,1000
2026-06-26 01:47:56,117,W+0.5,21,True,False,False,,-1,54.8575,1000
2026-06-26 01:49:01,141,W+14.5,13,True,False,False,,-1,55.1214,1000
2026-06-26 01:49:59,120,B+1.5,13,True,False,False,,-1,55.1858,1000
2026-06-26 01:50:50,103,W+8.5,5,True,False,False,,-1,54.9048,1000
2026-06-26 01:51:40,110,B+3.5,9,True,False,False,,-1,54.8423,1000
2026-06-26 01:52:46,162,B+4.5,30,True,False,False,,-1,55.0644,1000
2026-06-26 01:53:15,48,W+9.5,2,True,False,False,,-1,54.6253,1000
2026-06-26 01:54:16,127,W+2.5,10,True,False,False,,-1,54.6382,1000
2026-06-26 01:55:09,107,W+11.5,8,True,False,False,,-1,54.3873,1000
2026-06-26 01:56:04,100,W+12.5,4,True,False,False,,-1,54.386,1000
2026-06-26 01:57:05,137,W+2.5,21,True,False,False,,-1,54.2658,1000
2026-06-26 01:58:03,115,W+0.5,18,True,False,False,,-1,54.2418,1000
2026-06-26 01:59:02,129,B+5.5,8,True,False,False,,-1,54.0122,1000
2026-06-26 01:59:50,99,W+10.5,8,True,False,False,,-1,53.8871,1000
2026-06-26 02:00:39,98,W+1.5,8,True,False,False,,-1,53.5806,1000
2026-06-26 02:01:34,117,W+1.5,14,True,False,False,,-1,53.6973,1000
2026-06-26 02:02:18,95,W+4.5,10,True,False,False,,-1,53.6361,1000
2026-06-26 02:02:30,20,W+7.5,2,True,False,False,,-1,53.2149,1000
2026-06-26 02:03:26,127,W+0.5,13,True,False,False,,-1,53.6549,1000
2026-06-26 02:04:28,132,B+7.5,12,True,False,False,,-1,53.6875,1000
2026-06-26 02:05:20,107,W+0.5,12,True,False,False,,-1,53.5665,1000
2026-06-26 02:06:21,131,W+0.5,22,True,False,False,,-1,53.4973,1000
2026-06-26 02:07:15,101,W+3.5,11,True,False,False,,-1,53.4023,1000
2026-06-26 02:08:04,96,B+5.5,10,True,False,False,,-1,53.0961,1000
2026-06-26 02:08:59,111,W+2.5,11,True,False,False,,-1,52.9854,1000
2026-06-26 02:09:51,115,W+2.5,17,True,False,False,,-1,52.7793,1000
2026-06-26 02:10:39,85,B+0.5,7,True,False,False,,-1,52.5512,1000
2026-06-26 02:10:59,32,W+7.5,2,True,False,False,,-1,52.0684,1000
2026-06-26 02:11:39,70,W+0.5,5,True,False,False,,-1,51.7044,1000
2026-06-26 02:12:28,104,B+4.5,12,True,False,False,,-1,51.7388,1000
2026-06-26 02:13:17,95,W+1.5,5,True,False,False,,-1,51.8542,1000
2026-06-26 02:14:08,107,W+5.5,14,True,False,False,,-1,51.8078,1000
2026-06-26 02:15:03,103,W+4.5,9,True,False,False,,-1,51.8927,1000
2026-06-26 02:15:17,22,W+7.5,2,True,False,False,,-1,51.4332,1000
2026-06-26 02:16:10,113,W+0.5,10,True,False,False,,-1,51.6363,1000
2026-06-26 02:17:01,101,B+3.5,9,True,False,False,,-1,51.6029,1000
2026-06-26 02:17:50,101,W+2.5,4,True,False,False,,-1,51.569,1000
2026-06-26 02:18:42,101,W+0.5,5,True,False,False,,-1,51.5493,1000
2026-06-26 02:19:32,99,W+0.5,6,True,False,False,,-1,51.3586,1000
2026-06-26 02:19:54,36,W+7.5,2,True,False,False,,-1,51.0189,1000
2026-06-26 02:20:23,50,W+9.5,3,True,False,False,,-1,50.5852,1000
2026-06-26 02:21:21,134,B+12.5,12,True,False,False,,-1,50.6435,1000
2026-06-26 02:22:13,108,B+3.5,12,True,False,False,,-1,50.7873,1000
2026-06-26 02:23:10,116,B+3.5,7,True,False,False,,-1,50.7883,1000
2026-06-26 02:23:58,93,W+0.5,9,True,False,False,,-1,50.6936,1000
2026-06-26 02:25:04,149,W+36.5,17,True,False,False,,-1,50.8288,1000
2026-06-26 02:26:10,162,W+7.5,20,True,False,False,,-1,50.9993,1000
2026-06-26 02:27:05,115,W+0.5,10,True,False,False,,-1,51.1043,1000
2026-06-26 02:27:56,105,W+3.5,11,True,False,False,,-1,51.1165,1000
2026-06-26 02:28:47,105,W+3.5,12,True,False,False,,-1,51.1401,1000
2026-06-26 02:29:44,125,W+2.5,13,True,False,False,,-1,51.1903,1000
2026-06-26 02:30:20,61,B+1.5,3,True,False,False,,-1,50.9724,1000
2026-06-26 02:31:18,127,W+2.5,14,True,False,False,,-1,50.9279,1000
2026-06-26 02:32:14,115,W+2.5,13,True,False,False,,-1,50.891,1000
2026-06-26 02:33:12,129,W+6.5,20,True,False,False,,-1,50.9366,1000
2026-06-26 02:34:04,104,B+0.5,10,True,False,False,,-1,50.9745,1000
2026-06-26 02:34:51,98,B+0.5,5,True,False,False,,-1,50.8993,1000
2026-06-26 02:35:44,107,W+6.5,11,True,False,False,,-1,50.8007,1000
2026-06-26 02:36:40,117,W+0.5,21,True,False,False,,-1,50.7299,1000
2026-06-26 02:37:21,77,B+0.5,2,True,False,False,,-1,50.6087,1000
2026-06-26 02:38:13,109,W+5.5,8,True,False,False,,-1,50.5585,1000
2026-06-26 02:39:10,119,W+0.5,13,True,False,False,,-1,50.6416,1000
2026-06-26 02:40:02,115,B+34.5,13,True,False,False,,-1,50.6339,1000
2026-06-26 02:40:53,101,W+7.5,7,True,False,False,,-1,50.5767,1000
2026-06-26 02:42:00,158,B+17.5,23,True,False,False,,-1,51.057,1000
2026-06-26 02:42:43,76,W+2.5,2,True,False,False,,-1,51.111,1000
2026-06-26 02:43:40,114,B+2.5,7,True,False,False,,-1,51.1773,1000
2026-06-26 02:44:32,107,W+4.5,15,True,False,False,,-1,51.1419,1000
2026-06-26 02:45:28,127,W+8.5,18,True,False,False,,-1,51.1075,1000
2026-06-26 02:46:20,107,W+2.5,10,True,False,False,,-1,51.0928,1000
2026-06-26 02:47:11,99,B+2.5,5,True,False,False,,-1,50.9614,1000
2026-06-26 02:48:06,127,B+3.5,21,True,False,False,,-1,51.0114,1000
2026-06-26 02:48:55,97,W+5.5,6,True,False,False,,-1,50.9475,1000
2026-06-26 02:49:47,110,B+4.5,13,True,False,False,,-1,50.8874,1000
2026-06-26 02:50:41,113,B+3.5,8,True,False,False,,-1,50.8826,1000
2026-06-26 02:51:38,149,W+7.5,29,True,False,False,,-1,50.8595,1000
2026-06-26 02:52:30,109,W+10.5,7,True,False,False,,-1,50.8805,1000
2026-06-26 02:53:30,120,B+1.5,9,True,False,False,,-1,50.9012,1000
2026-06-26 02:53:43,20,W+7.5,2,True,False,False,,-1,50.5756,1000
2026-06-26 02:54:09,46,W+9.5,2,True,False,False,,-1,50.2684,1000
2026-06-26 02:54:56,101,W+0.5,15,True,False,False,,-1,50.1656,1000
2026-06-26 02:55:54,130,B+16.5,11,True,False,False,,-1,50.216,1000
2026-06-26 02:56:48,116,B+15.5,6,True,False,False,,-1,50.4306,1000
2026-06-26 02:57:43,111,B+1.5,11,True,False,False,,-1,50.432,1000
2026-06-26 02:58:56,162,W+35.5,22,True,False,False,,-1,50.5654,1000
2026-06-26 02:59:49,102,W+5.5,9,True,False,False,,-1,50.6481,1000
2026-06-26 03:00:46,120,B+2.5,14,True,False,False,,-1,50.7236,1000
2026-06-26 03:01:35,104,B+1.5,6,True,False,False,,-1,50.7345,1000
2026-06-26 03:02:26,106,B+0.5,9,True,False,False,,-1,50.7231,1000
2026-06-26 03:03:16,102,B+0.5,9,True,False,False,,-1,50.6736,1000
2026-06-26 03:04:12,117,W+6.5,7,True,False,False,,-1,50.751,1000
2026-06-26 03:05:01,97,B+3.5,8,True,False,False,,-1,50.7106,1000
2026-06-26 03:05:55,115,W+0.5,22,True,False,False,,-1,51.1248,1000
2026-06-26 03:06:48,119,W+11.5,18,True,False,False,,-1,51.0908,1000
2026-06-26 03:07:37,107,W+0.5,13,True,False,False,,-1,51.0492,1000
2026-06-26 03:08:27,107,W+5.5,10,True,False,False,,-1,50.9579,1000
2026-06-26 03:09:18,112,B+3.5,8,True,False,False,,-1,50.9456,1000
2026-06-26 03:10:11,109,W+2.5,9,True,False,False,,-1,50.9556,1000
2026-06-26 03:11:04,119,W+6.5,14,True,False,False,,-1,51.0079,1000
2026-06-26 03:12:06,134,B+13.5,20,True,False,False,,-1,51.0814,1000
2026-06-26 03:13:01,127,B+1.5,17,True,False,False,,-1,51.0446,1000
2026-06-26 03:13:39,70,W+2.5,4,True,False,False,,-1,50.7805,1000
2026-06-26 03:14:31,104,B+7.5,6,True,False,False,,-1,50.7179,1000
2026-06-26 03:15:22,114,B+3.5,7,True,False,False,,-1,50.7205,1000
2026-06-26 03:16:17,128,W+21.5,16,True,False,False,,-1,50.7671,1000
2026-06-26 03:17:08,106,B+10.5,7,True,False,False,,-1,50.6174,1000
2026-06-26 03:17:44,68,W+4.5,5,True,False,False,,-1,50.6802,1000
2026-06-26 03:18:35,91,B+6.5,7,True,False,False,,-1,50.5851,1000
2026-06-26 03:19:08,58,W+8.5,2,True,False,False,,-1,50.3905,1000
2026-06-26 03:20:10,146,W+21.5,20,True,False,False,,-1,50.4516,1000
2026-06-26 03:21:01,100,B+0.5,3,True,False,False,,-1,50.3601,1000
2026-06-26 03:21:50,101,W+1.5,13,True,False,False,,-1,50.268,1000
2026-06-26 03:22:14,40,W+6.5,2,True,False,False,,-1,49.9126,1000
2026-06-26 03:23:08,114,B+3.5,7,True,False,False,,-1,49.9826,1000
2026-06-26 03:24:03,116,B+1.5,9,True,False,False,,-1,50.031,1000
2026-06-26 03:24:37,60,W+2.5,3,True,False,False,,-1,49.8248,1000
2026-06-26 03:25:27,97,W+3.5,8,True,False,False,,-1,49.8834,1000
2026-06-26 03:26:27,121,W+3.5,13,True,False,False,,-1,50.3624,1000
2026-06-26 03:26:58,55,B+0.5,4,True,False,False,,-1,50.1136,1000
2026-06-26 03:27:47,111,W+0.5,8,True,False,False,,-1,49.9931,1000
2026-06-26 03:28:06,30,W+7.5,2,True,False,False,,-1,49.6566,1000
2026-06-26 03:29:05,135,W+1.5,19,True,False,False,,-1,49.6286,1000
2026-06-26 03:29:58,109,W+2.5,18,True,False,False,,-1,49.6266,1000
2026-06-26 03:30:12,24,W+7.5,2,True,False,False,,-1,49.2812,1000
2026-06-26 03:31:09,117,W+3.5,16,True,False,False,,-1,49.2896,1000
2026-06-26 03:32:02,123,W+2.5,14,True,False,False,,-1,49.305,1000
2026-06-26 03:33:07,134,B+1.5,16,True,False,False,,-1,49.4785,1000
2026-06-26 03:33:59,102,B+0.5,8,True,False,False,,-1,49.8015,1000
2026-06-26 03:34:48,101,W+14.5,11,True,False,False,,-1,49.8892,1000
2026-06-26 03:35:39,99,B+7.5,11,True,False,False,,-1,49.9005,1000
2026-06-26 03:36:05,44,W+12.5,2,True,False,False,,-1,49.6726,1000
2026-06-26 03:36:52,97,W+3.5,8,True,False,False,,-1,49.6329,1000
2026-06-26 03:37:45,109,B+0.5,7,True,False,False,,-1,49.6085,1000
2026-06-26 03:38:17,56,W+7.5,3,True,False,False,,-1,49.7993,1000
2026-06-26 03:39:11,107,W+5.5,7,True,False,False,,-1,49.804,1000
2026-06-26 03:40:09,137,W+3.5,21,True,False,False,,-1,49.8701,1000
2026-06-26 03:40:58,98,B+1.5,6,True,False,False,,-1,49.878,1000
2026-06-26 03:41:43,95,W+1.5,12,True,False,False,,-1,49.8055,1000
2026-06-26 03:42:35,100,B+2.5,8,True,False,False,,-1,49.8242,1000
2026-06-26 03:43:25,102,B+12.5,10,True,False,False,,-1,50.1065,1000
2026-06-26 03:44:13,105,W+1.5,16,True,False,False,,-1,50.2932,1000
2026-06-26 03:45:12,119,W+3.5,9,True,False,False,,-1,50.3152,1000
2026-06-26 03:45:59,102,B+1.5,4,True,False,False,,-1,50.2591,1000
2026-06-26 03:46:58,125,W+4.5,12,True,False,False,,-1,50.2782,1000
2026-06-26 03:47:54,119,W+3.5,14,True,False,False,,-1,50.3597,1000
2026-06-26 03:49:04,152,B+1.5,22,True,False,False,,-1,50.3885,1000
2026-06-26 03:49:58,116,B+0.5,16,True,False,False,,-1,50.2738,1000
2026-06-26 03:50:43,103,W+0.5,14,True,False,False,,-1,50.1754,1000
2026-06-26 03:51:39,130,B+4.5,19,True,False,False,,-1,50.2222,1000
2026-06-26 03:52:31,100,B+0.5,7,True,False,False,,-1,50.2388,1000
2026-06-26 03:53:30,125,B+3.5,11,True,False,False,,-1,50.2521,1000
2026-06-26 03:54:31,125,B+9.5,5,True,False,False,,-1,50.5066,1000
2026-06-26 03:55:34,138,W+6.5,15,True,False,False,,-1,50.5485,1000
2026-06-26 03:56:29,130,B+11.5,16,True,False,False,,-1,50.5497,1000
2026-06-26 03:57:20,105,W+0.5,13,True,False,False,,-1,50.4828,1000
2026-06-26 03:58:17,119,W+0.5,13,True,False,False,,-1,50.5205,1000
2026-06-26 03:59:19,162,B+12.5,25,True,False,False,,-1,50.676,1000
2026-06-26 04:00:08,92,B+1.5,3,True,False,False,,-1,50.6316,1000
2026-06-26 04:00:52,88,B+3.5,2,True,False,False,,-1,50.5179,1000
2026-06-26 04:01:55,143,B+12.5,19,True,False,False,,-1,50.7366,1000
2026-06-26 04:02:51,122,B+2.5,15,True,False,False,,-1,50.771,1000
2026-06-26 04:03:43,100,B+1.5,12,True,False,False,,-1,50.731,1000
2026-06-26 04:04:36,102,B+1.5,9,True,False,False,,-1,50.732,1000
2026-06-26 04:05:36,123,W+2.5,11,True,False,False,,-1,50.821,1000
2026-06-26 04:06:34,110,W+4.5,5,True,False,False,,-1,50.734,1000
2026-06-26 04:07:25,109,W+0.5,10,True,False,False,,-1,50.8131,1000
2026-06-26 04:08:33,162,B+5.5,28,True,False,False,,-1,50.9272,1000
2026-06-26 04:09:20,97,W+3.5,9,True,False,False,,-1,50.872,1000
2026-06-26 04:10:11,105,W+0.5,11,True,False,False,,-1,50.823,1000
2026-06-26 04:11:03,112,B+2.5,13,True,False,False,,-1,50.8249,1000
2026-06-26 04:11:30,48,W+7.5,2,True,False,False,,-1,50.5892,1000
2026-06-26 04:12:22,107,W+2.5,13,True,False,False,,-1,50.5565,1000
2026-06-26 04:13:14,109,W+2.5,9,True,False,False,,-1,50.583,1000
2026-06-26 04:14:03,101,W+6.5,6,True,False,False,,-1,50.5599,1000
2026-06-26 04:14:55,107,W+2.5,8,True,False,False,,-1,50.5393,1000
2026-06-26 04:15:46,101,W+4.5,8,True,False,False,,-1,50.4706,1000
2026-06-26 04:16:45,132,B+10.5,15,True,False,False,,-1,50.5422,1000
2026-06-26 04:17:45,139,W+0.5,31,True,False,False,,-1,50.5432,1000
2026-06-26 04:18:37,97,B+11.5,7,True,False,False,,-1,50.9459,1000
2026-06-26 04:19:28,97,B+3.5,6,True,False,False,,-1,51.1891,1000
2026-06-26 04:20:21,99,B+4.5,5,True,False,False,,-1,51.2545,1000
2026-06-26 04:21:06,97,W+2.5,12,True,False,False,,-1,51.1201,1000
2026-06-26 04:22:01,110,B+0.5,8,True,False,False,,-1,51.1298,1000
2026-06-26 04:22:56,114,B+4.5,11,True,False,False,,-1,51.1313,1000
2026-06-26 04:23:49,104,B+2.5,6,True,False,False,,-1,50.9217,1000
2026-06-26 04:24:55,148,B+2.5,11,True,False,False,,-1,51.0568,1000
2026-06-26 04:25:55,125,W+0.5,15,True,False,False,,-1,51.0952,1000
2026-06-26 04:26:49,106,B+1.5,8,True,False,False,,-1,51.1381,1000
2026-06-26 04:27:43,116,B+7.5,7,True,False,False,,-1,51.1733,1000
2026-06-26 04:28:42,126,B+8.5,13,True,False,False,,-1,51.2559,1000
2026-06-26 04:29:35,115,W+0.5,14,True,False,False,,-1,51.2288,1000
2026-06-26 04:30:28,110,B+3.5,12,True,False,False,,-1,51.2685,1000
2026-06-26 04:31:17,101,W+3.5,6,True,False,False,,-1,51.2245,1000
2026-06-26 04:32:09,103,W+2.5,5,True,False,False,,-1,51.2108,1000
2026-06-26 04:33:03,109,W+16.5,7,True,False,False,,-1,51.2511,1000
2026-06-26 04:34:05,131,W+2.5,16,True,False,False,,-1,51.3727,1000
2026-06-26 04:34:59,114,B+5.5,11,True,False,False,,-1,51.4059,1000
2026-06-26 04:35:52,107,W+0.5,8,True,False,False,,-1,51.4112,1000
2026-06-26 04:36:42,112,B+11.5,13,True,False,False,,-1,51.3768,1000
2026-06-26 04:37:34,95,B+7.5,5,True,False,False,,-1,51.2742,1000
2026-06-26 04:38:46,162,W+38.5,11,True,False,False,,-1,51.4468,1000
2026-06-26 04:39:36,95,B+2.5,5,True,False,False,,-1,51.5588,1000
2026-06-26 04:40:28,106,B+19.5,9,True,False,False,,-1,51.5684,1000
2026-06-26 04:41:25,115,W+2.5,10,True,False,False,,-1,51.6242,1000
2026-06-26 04:42:13,92,B+0.5,9,True,False,False,,-1,51.5565,1000
2026-06-26 04:43:13,127,W+2.5,15,True,False,False,,-1,51.6466,1000
2026-06-26 04:44:12,123,W+1.5,14,True,False,False,,-1,51.8787,1000
2026-06-26 04:45:09,128,W+1.5,20,True,False,False,,-1,51.9343,1000
2026-06-26 04:46:05,125,W+0.5,20,True,False,False,,-1,52.1621,1000
2026-06-26 04:47:03,121,W+0.5,19,True,False,False,,-1,52.1251,1000
2026-06-26 04:47:46,81,B+10.5,4,True,False,False,,-1,52.0465,1000
2026-06-26 04:48:37,107,W+2.5,11,True,False,False,,-1,52.066,1000
2026-06-26 04:49:27,101,W+2.5,7,True,False,False,,-1,52.3284,1000
2026-06-26 04:50:22,117,W+1.5,17,True,False,False,,-1,52.3342,1000
2026-06-26 04:51:25,139,W+1.5,25,True,False,False,,-1,52.4156,1000
2026-06-26 04:52:32,162,B+5.5,26,True,False,False,,-1,52.7471,1000
2026-06-26 04:53:30,113,W+0.5,7,True,False,False,,-1,52.8329,1000
2026-06-26 04:54:23,115,W+1.5,15,True,False,False,,-1,52.7578,1000
2026-06-26 04:55:14,122,B+0.5,12,True,False,False,,-1,52.9591,1000
2026-06-26 04:56:09,110,B+1.5,10,True,False,False,,-1,53.0128,1000
2026-06-26 04:57:02,105,W+0.5,12,True,False,False,,-1,53.3584,1000
2026-06-26 04:57:49,97,W+0.5,9,True,False,False,,-1,53.2438,1000
2026-06-26 04:58:43,96,W+15.5,5,True,False,False,,-1,53.2552,1000
2026-06-26 04:59:33,99,W+2.5,7,True,False,False,,-1,53.6082,1000
2026-06-26 05:00:19,83,B+7.5,6,True,False,False,,-1,53.496,1000
2026-06-26 05:01:08,93,B+14.5,4,True,False,False,,-1,53.4593,1000
2026-06-26 05:02:11,130,B+0.5,8,True,False,False,,-1,53.435,1000
2026-06-26 05:03:04,116,B+9.5,9,True,False,False,,-1,53.4421,1000
2026-06-26 05:04:08,134,B+3.5,16,True,False,False,,-1,53.5917,1000
2026-06-26 05:05:03,109,W+0.5,9,True,False,False,,-1,53.6405,1000
2026-06-26 05:05:56,114,B+1.5,8,True,False,False,,-1,53.9081,1000
2026-06-26 05:06:50,107,B+2.5,3,True,False,False,,-1,53.9838,1000
2026-06-26 05:07:48,123,W+3.5,10,True,False,False,,-1,54.0309,1000
2026-06-26 05:08:38,102,B+0.5,11,True,False,False,,-1,54.2006,1000
2026-06-26 05:09:33,116,B+0.5,15,True,False,False,,-1,54.2186,1000
2026-06-26 05:10:23,107,W+2.5,15,True,False,False,,-1,54.141,1000
2026-06-26 05:11:22,130,B+8.5,13,True,False,False,,-1,54.2405,1000
2026-06-26 05:12:18,107,W+6.5,7,True,False,False,,-1,54.3494,1000
2026-06-26 05:13:04,97,W+1.5,9,True,False,False,,-1,54.2889,1000
2026-06-26 05:14:05,144,B+4.5,24,True,False,False,,-1,54.3966,1000
2026-06-26 05:14:55,105,W+1.5,12,True,False,False,,-1,54.413,1000
2026-06-26 05:15:57,161,B+9.5,26,True,False,False,,-1,54.444,1000
2026-06-26 05:16:46,96,W+15.5,6,True,False,False,,-1,54.4668,1000
2026-06-26 05:17:37,113,W+4.5,16,True,False,False,,-1,54.3816,1000
2026-06-26 05:18:33,115,B+17.5,6,True,False,False,,-1,54.3808,1000
2026-06-26 05:19:20,92,W+12.5,5,True,False,False,,-1,54.1569,1000
2026-06-26 05:20:09,103,W+1.5,11,True,False,False,,-1,54.1053,1000
2026-06-26 05:21:08,119,W+0.5,12,True,False,False,,-1,54.2496,1000
2026-06-26 05:22:08,134,B+8.5,14,True,False,False,,-1,54.2914,1000
2026-06-26 05:23:05,127,W+0.5,23,True,False,False,,-1,54.3343,1000
2026-06-26 05:23:44,71,B+6.5,2,True,False,False,,-1,54.1431,1000
2026-06-26 05:24:44,130,B+21.5,20,True,False,False,,-1,54.1281,1000
2026-06-26 05:25:35,105,W+7.5,12,True,False,False,,-1,54.0114,1000
2026-06-26 05:26:37,158,W+4.5,23,True,False,False,,-1,54.0768,1000
2026-06-26 05:27:33,127,W+2.5,18,True,False,False,,-1,54.1208,1000
2026-06-26 05:28:29,107,W+3.5,11,True,False,False,,-1,54.1182,1000
2026-06-26 05:29:22,107,W+0.5,12,True,False,False,,-1,54.0274,1000
2026-06-26 05:30:02,71,B+5.5,5,True,False,False,,-1,53.94,1000
2026-06-26 05:30:22,36,W+5.5,2,True,False,False,,-1,53.6927,1000
2026-06-26 05:31:20,124,B+1.5,14,True,False,False,,-1,53.6519,1000
2026-06-26 05:32:22,144,B+1.5,26,True,False,False,,-1,53.7093,1000
2026-06-26 05:33:09,107,W+1.5,13,True,False,False,,-1,53.6614,1000
2026-06-26 05:34:08,115,W+1.5,10,True,False,False,,-1,53.7179,1000
2026-06-26 05:34:58,97,W+3.5,6,True,False,False,,-1,53.6219,1000
2026-06-26 05:35:48,95,W+0.5,6,True,False,False,,-1,53.5411,1000
2026-06-26 05:36:47,126,B+8.5,15,True,False,False,,-1,53.6193,1000
2026-06-26 05:37:39,105,W+6.5,10,True,False,False,,-1,53.4579,1000
2026-06-26 05:38:33,120,B+0.5,13,True,False,False,,-1,53.5315,1000
2026-06-26 05:39:23,103,W+3.5,9,True,False,False,,-1,53.5252,1000
2026-06-26 05:40:23,135,W+8.5,21,True,False,False,,-1,53.5918,1000
2026-06-26 05:41:13,109,B+3.5,9,True,False,False,,-1,53.8205,1000
2026-06-26 05:42:07,109,W+1.5,12,True,False,False,,-1,53.8397,1000
2026-06-26 05:42:57,100,B+0.5,8,True,False,False,,-1,53.828,1000
2026-06-26 05:43:45,99,W+0.5,9,True,False,False,,-1,53.8159,1000
2026-06-26 05:44:36,107,W+2.5,8,True,False,False,,-1,53.8109,1000
2026-06-26 05:45:28,110,B+0.5,10,True,False,False,,-1,53.8239,1000
2026-06-26 05:46:24,121,W+0.5,15,True,False,False,,-1,53.7935,1000
2026-06-26 05:47:27,124,W+1.5,7,True,False,False,,-1,53.8191,1000
2026-06-26 05:48:34,151,W+22.5,24,True,False,False,,-1,53.9643,1000
2026-06-26 05:49:29,111,W+0.5,13,True,False,False,,-1,54.0026,1000
2026-06-26 05:50:29,125,W+0.5,14,True,False,False,,-1,54.0756,1000
2026-06-26 05:51:21,113,B+1.5,13,True,False,False,,-1,54.1435,1000
2026-06-26 05:52:13,108,B+6.5,10,True,False,False,,-1,54.1152,1000
2026-06-26 05:53:14,132,B+0.5,11,True,False,False,,-1,54.1729,1000
2026-06-26 05:54:05,104,B+0.5,9,True,False,False,,-1,54.1593,1000
2026-06-26 05:54:53,104,B+3.5,8,True,False,False,,-1,53.9715,1000
2026-06-26 05:55:39,92,B+0.5,4,True,False,False,,-1,53.8357,1000
2026-06-26 05:56:36,113,W+15.5,11,True,False,False,,-1,53.8671,1000
2026-06-26 05:57:46,162,W+2.5,27,True,False,False,,-1,54.0223,1000
2026-06-26 05:58:36,96,B+2.5,8,True,False,False,,-1,53.9309,1000
2026-06-26 05:59:37,121,W+0.5,13,True,False,False,,-1,54.0131,1000
2026-06-26 06:00:40,144,B+0.5,23,True,False,False,,-1,54.1085,1000
2026-06-26 06:01:50,147,W+0.5,13,True,False,False,,-1,54.3199,1000
2026-06-26 06:03:03,162,W+29.5,21,True,False,False,,-1,54.5281,1000
2026-06-26 06:03:56,109,W+0.5,11,True,False,False,,-1,54.5273,1000
2026-06-26 06:04:48,103,W+1.5,11,True,False,False,,-1,54.427,1000
2026-06-26 06:05:41,113,W+0.5,7,True,False,False,,-1,54.4153,1000
2026-06-26 06:06:40,127,W+1.5,12,True,False,False,,-1,54.4768,1000
2026-06-26 06:07:55,162,W+25.5,21,True,False,False,,-1,54.7171,1000
2026-06-26 06:08:50,124,B+2.5,18,True,False,False,,-1,54.7642,1000
2026-06-26 06:09:48,121,W+0.5,18,True,False,False,,-1,54.6182,1000
2026-06-26 06:12:43,108,B+0.5,12,True,False,False,,-1,54.4254,2000
2026-06-26 06:13:31,93,B+0.5,4,True,False,False,,-1,54.3329,2000
2026-06-26 06:14:19,87,B+11.5,5,True,False,False,,-1,54.3386,2000
2026-06-26 06:14:53,60,W+4.5,2,True,False,False,,-1,54.0737,2000
2026-06-26 06:15:41,94,W+15.5,9,True,False,False,,-1,53.9691,2000
2026-06-26 06:16:31,111,W+2.5,16,True,False,False,,-1,53.8976,2000
2026-06-26 06:17:28,133,W+1.5,18,True,False,False,,-1,53.9066,2000
2026-06-26 06:18:20,104,W+4.5,12,True,False,False,,-1,53.8501,2000
2026-06-26 06:19:13,112,B+12.5,11,True,False,False,,-1,53.938,2000
2026-06-26 06:20:02,101,W+2.5,9,True,False,False,,-1,53.9191,2000
2026-06-26 06:20:46,97,W+1.5,14,True,False,False,,-1,53.8603,2000
2026-06-26 06:21:34,103,W+2.5,13,True,False,False,,-1,53.788,2000
2026-06-26 06:22:30,124,B+12.5,11,True,False,False,,-1,53.7306,2000
2026-06-26 06:23:21,110,B+2.5,13,True,False,False,,-1,53.5671,2000
2026-06-26 06:24:02,75,B+8.5,2,True,False,False,,-1,53.3911,2000
2026-06-26 06:24:51,105,W+16.5,14,True,False,False,,-1,53.354,2000
2026-06-26 06:25:40,100,B+2.5,8,True,False,False,,-1,53.3343,2000
2026-06-26 06:26:36,117,W+1.5,16,True,False,False,,-1,53.3374,2000
2026-06-26 06:27:23,107,W+0.5,16,True,False,False,,-1,53.2886,2000
2026-06-26 06:28:34,154,B+6.5,13,True,False,False,,-1,53.5218,2000
2026-06-26 06:29:20,95,W+0.5,13,True,False,False,,-1,53.4407,2000
2026-06-26 06:29:48,50,W+9.5,2,True,False,False,,-1,53.2255,2000
2026-06-26 06:30:36,99,B+8.5,4,True,False,False,,-1,53.2512,2000
2026-06-26 06:31:23,102,B+2.5,7,True,False,False,,-1,53.2252,2000
2026-06-26 06:32:18,119,W+18.5,9,True,False,False,,-1,53.1429,2000
2026-06-26 06:33:07,103,B+10.5,9,True,False,False,,-1,53.1031,2000
2026-06-26 06:34:03,123,B+1.5,12,True,False,False,,-1,53.0271,2000
2026-06-26 06:34:53,105,W+4.5,13,True,False,False,,-1,52.9779,2000
2026-06-26 06:35:51,123,B+4.5,19,True,False,False,,-1,53.0284,2000
2026-06-26 06:36:35,91,W+0.5,9,True,False,False,,-1,52.9204,2000
2026-06-26 06:37:25,104,B+5.5,9,True,False,False,,-1,52.8426,2000
2026-06-26 06:38:13,101,W+3.5,7,True,False,False,,-1,52.8235,2000
2026-06-26 06:39:00,97,W+0.5,11,True,False,False,,-1,52.7448,2000
2026-06-26 06:39:46,95,W+8.5,6,True,False,False,,-1,52.7066,2000
2026-06-26 06:40:19,58,W+6.5,2,True,False,False,,-1,52.439,2000
2026-06-26 06:41:04,94,B+0.5,8,True,False,False,,-1,52.3356,2000
2026-06-26 06:42:03,128,B+1.5,22,True,False,False,,-1,52.4625,2000
2026-06-26 06:42:52,101,W+3.5,17,True,False,False,,-1,52.3458,2000
2026-06-26 06:43:35,89,B+4.5,5,True,False,False,,-1,52.2795,2000
2026-06-26 06:44:38,147,B+3.5,26,True,False,False,,-1,52.2792,2000
2026-06-26 06:45:23,106,B+1.5,11,True,False,False,,-1,52.2435,2000
2026-06-26 06:46:20,131,W+0.5,21,True,False,False,,-1,52.3013,2000
2026-06-26 06:47:13,108,B+2.5,9,True,False,False,,-1,52.2745,2000
2026-06-26 06:48:00,97,W+0.5,14,True,False,False,,-1,52.2786,2000
2026-06-26 06:48:49,97,B+8.5,12,True,False,False,,-1,52.2726,2000
2026-06-26 06:49:40,101,W+2.5,8,True,False,False,,-1,52.1865,2000
2026-06-26 06:50:31,114,B+3.5,16,True,False,False,,-1,52.1039,2000
2026-06-26 06:51:23,111,W+6.5,14,True,False,False,,-1,52.0504,2000
2026-06-26 06:52:17,109,B+3.5,8,True,False,False,,-1,52.2052,2000
2026-06-26 06:53:05,95,W+0.5,7,True,False,False,,-1,52.078,2000
2026-06-26 06:53:49,97,W+2.5,8,True,False,False,,-1,52.016,2000
2026-06-26 06:54:45,120,B+10.5,8,True,False,False,,-1,51.9499,2000
2026-06-26 06:55:41,126,B+3.5,14,True,False,False,,-1,51.9587,2000
2026-06-26 06:56:40,127,B+23.5,13,True,False,False,,-1,51.9837,2000
2026-06-26 06:57:43,140,B+29.5,17,True,False,False,,-1,52.0848,2000
2026-06-26 06:58:30,104,B+1.5,13,True,False,False,,-1,52.1521,2000
2026-06-26 06:59:18,100,B+3.5,9,True,False,False,,-1,52.4394,2000
2026-06-26 07:00:01,79,B+2.5,4,True,False,False,,-1,52.2845,2000
2026-06-26 07:01:07,162,B+32.5,12,True,False,False,,-1,52.3268,2000
2026-06-26 07:02:00,118,W+2.5,18,True,False,False,,-1,52.3819,2000
2026-06-26 07:02:57,129,W+0.5,13,True,False,False,,-1,52.3687,2000
2026-06-26 07:03:48,114,W+14.5,11,True,False,False,,-1,52.3677,2000
2026-06-26 07:04:33,96,B+2.5,3,True,False,False,,-1,52.3238,2000
2026-06-26 07:05:20,108,B+1.5,11,True,False,False,,-1,52.2078,2000
2026-06-26 07:06:20,138,B+0.5,19,True,False,False,,-1,52.2784,2000
2026-06-26 07:07:26,157,W+15.5,31,True,False,False,,-1,52.4034,2000
2026-06-26 07:08:19,115,W+0.5,11,True,False,False,,-1,52.4285,2000
2026-06-26 07:09:09,96,W+4.5,2,True,False,False,,-1,52.3372,2000
2026-06-26 07:10:11,146,B+17.5,17,True,False,False,,-1,52.457,2000
2026-06-26 07:11:03,109,W+18.5,9,True,False,False,,-1,52.4324,2000
2026-06-26 07:12:01,117,W+4.5,12,True,False,False,,-1,52.5093,2000
2026-06-26 07:12:55,118,B+6.5,12,True,False,False,,-1,52.5645,2000
2026-06-26 07:13:37,80,W+6.5,7,True,False,False,,-1,52.4791,2000
2026-06-26 07:14:23,95,W+2.5,8,True,False,False,,-1,52.4143,2000
2026-06-26 07:15:06,93,W+0.5,4,True,False,False,,-1,52.2915,2000
2026-06-26 07:15:57,120,B+3.5,16,True,False,False,,-1,52.177,2000
2026-06-26 07:16:42,97,W+2.5,12,True,False,False,,-1,51.9518,2000
2026-06-26 07:17:39,130,W+2.5,24,True,False,False,,-1,51.9691,2000
2026-06-26 07:18:30,117,W+0.5,16,True,False,False,,-1,51.8822,2000
2026-06-26 07:18:44,24,W+7.5,2,True,False,False,,-1,51.5087,2000
2026-06-26 07:19:32,103,B+6.5,9,True,False,False,,-1,51.4623,2000
2026-06-26 07:20:18,101,B+1.5,13,True,False,False,,-1,51.3193,2000
2026-06-26 07:21:14,121,W+1.5,18,True,False,False,,-1,51.3622,2000
2026-06-26 07:22:12,124,B+2.5,9,True,False,False,,-1,51.4709,2000
2026-06-26 07:22:51,71,B+4.5,4,True,False,False,,-1,51.392,2000
2026-06-26 07:23:40,106,B+0.5,15,True,False,False,,-1,51.3132,2000
2026-06-26 07:24:38,122,B+2.5,13,True,False,False,,-1,51.1959,2000
2026-06-26 07:25:28,106,B+3.5,12,True,False,False,,-1,51.1962,2000
2026-06-26 07:26:41,162,W+6.5,20,True,False,False,,-1,51.3083,2000
2026-06-26 07:27:32,109,W+0.5,10,True,False,False,,-1,51.1987,2000
2026-06-26 07:28:31,119,B+14.5,11,True,False,False,,-1,51.0875,2000
2026-06-26 07:29:16,82,W+18.5,3,True,False,False,,-1,50.8032,2000
2026-06-26 07:30:20,144,W+43.5,13,True,False,False,,-1,50.9135,2000
2026-06-26 07:31:07,99,W+0.5,12,True,False,False,,-1,50.8672,2000
2026-06-26 07:31:57,104,B+3.5,10,True,False,False,,-1,50.8296,2000
2026-06-26 07:32:43,101,B+6.5,10,True,False,False,,-1,50.6943,2000
2026-06-26 07:33:19,67,B+2.5,2,True,False,False,,-1,50.3145,2000
2026-06-26 07:34:21,138,B+2.5,20,True,False,False,,-1,50.3804,2000
2026-06-26 07:35:01,71,B+2.5,3,True,False,False,,-1,50.2079,2000
2026-06-26 07:35:54,114,B+3.5,11,True,False,False,,-1,50.4612,2000
2026-06-26 07:36:42,101,W+2.5,10,True,False,False,,-1,50.3852,2000
2026-06-26 07:37:39,124,B+4.5,15,True,False,False,,-1,50.48,2000
2026-06-26 07:38:20,81,B+6.5,7,True,False,False,,-1,50.4062,2000
2026-06-26 07:39:08,99,B+2.5,7,True,False,False,,-1,50.5445,2000
2026-06-26 07:40:01,111,W+3.5,12,True,False,False,,-1,50.5971,2000
2026-06-26 07:40:52,106,B+5.5,11,True,False,False,,-1,50.6075,2000
2026-06-26 07:41:45,107,B+4.5,7,True,False,False,,-1,50.5685,2000
2026-06-26 07:42:39,117,W+7.5,16,True,False,False,,-1,50.5801,2000
2026-06-26 07:43:39,123,W+2.5,12,True,False,False,,-1,50.6549,2000
2026-06-26 07:44:01,38,W+6.5,2,True,False,False,,-1,50.3922,2000
2026-06-26 07:45:00,119,W+18.5,10,True,False,False,,-1,50.5417,2000
2026-06-26 07:45:41,77,B+4.5,2,True,False,False,,-1,50.4673,2000
2026-06-26 07:46:30,112,W+26.5,17,True,False,False,,-1,50.3954,2000
2026-06-26 07:47:14,85,B+12.5,5,True,False,False,,-1,50.3219,2000
2026-06-26 07:48:03,108,B+6.5,14,True,False,False,,-1,50.4067,2000
2026-06-26 07:48:55,127,W+0.5,14,True,False,False,,-1,50.4394,2000
2026-06-26 07:49:45,108,B+1.5,9,True,False,False,,-1,50.451,2000
2026-06-26 07:50:35,114,B+1.5,13,True,False,False,,-1,50.3946,2000
2026-06-26 07:51:33,123,W+1.5,21,True,False,False,,-1,50.4884,2000
2026-06-26 07:52:24,107,W+1.5,18,True,False,False,,-1,50.2908,2000
2026-06-26 07:53:09,99,W+0.5,9,True,False,False,,-1,50.2898,2000
2026-06-26 07:54:02,112,W+5.5,20,True,False,False,,-1,50.5345,2000
2026-06-26 07:54:57,113,W+0.5,14,True,False,False,,-1,50.6006,2000
2026-06-26 07:55:38,77,B+7.5,6,True,False,False,,-1,50.5479,2000
2026-06-26 07:56:47,162,W+43.5,16,True,False,False,,-1,50.6838,2000
2026-06-26 07:57:34,101,W+4.5,7,True,False,False,,-1,50.6748,2000
2026-06-26 07:58:14,74,W+6.5,5,True,False,False,,-1,50.5027,2000
2026-06-26 07:58:55,81,B+0.5,7,True,False,False,,-1,50.4108,2000
2026-06-26 07:59:44,107,W+3.5,12,True,False,False,,-1,50.324,2000
2026-06-26 08:00:39,121,W+0.5,14,True,False,False,,-1,50.4348,2000
2026-06-26 08:01:25,91,B+8.5,5,True,False,False,,-1,50.3934,2000
2026-06-26 08:02:17,112,B+3.5,13,True,False,False,,-1,50.4349,2000
2026-06-26 08:03:14,132,B+2.5,22,True,False,False,,-1,50.5345,2000
2026-06-26 08:04:16,139,W+5.5,22,True,False,False,,-1,50.6908,2000
2026-06-26 08:05:11,111,W+5.5,5,True,False,False,,-1,50.9141,2000
2026-06-26 08:05:59,109,B+2.5,8,True,False,False,,-1,50.9489,2000
2026-06-26 08:06:44,95,B+1.5,4,True,False,False,,-1,50.8104,2000
2026-06-26 08:07:29,91,W+4.5,11,True,False,False,,-1,50.7643,2000
2026-06-26 08:08:38,162,B+42.5,9,True,False,False,,-1,51.0268,2000
2026-06-26 08:09:26,97,W+2.5,16,True,False,False,,-1,50.875,2000
2026-06-26 08:10:13,113,W+1.5,17,True,False,False,,-1,50.8938,2000
2026-06-26 08:10:53,73,B+4.5,2,True,False,False,,-1,50.7279,2000
2026-06-26 08:11:33,77,B+5.5,4,True,False,False,,-1,50.5949,2000
2026-06-26 08:12:24,116,B+14.5,7,True,False,False,,-1,50.6374,2000
2026-06-26 08:13:16,117,W+4.5,15,True,False,False,,-1,50.6658,2000
2026-06-26 08:14:00,93,W+15.5,10,True,False,False,,-1,50.5986,2000
2026-06-26 08:14:35,62,W+8.5,2,True,False,False,,-1,50.4365,2000
2026-06-26 08:15:32,117,W+2.5,21,True,False,False,,-1,50.4862,2000
2026-06-26 08:16:21,104,B+10.5,9,True,False,False,,-1,50.4365,2000
2026-06-26 08:17:23,132,B+3.5,22,True,False,False,,-1,50.5818,2000
2026-06-26 08:18:13,107,W+1.5,15,True,False,False,,-1,50.6308,2000
2026-06-26 08:19:11,137,W+4.5,16,True,False,False,,-1,50.6538,2000
2026-06-26 08:20:04,104,B+0.5,10,True,False,False,,-1,50.6174,2000
2026-06-26 08:20:53,103,B+6.5,10,True,False,False,,-1,50.5282,2000
2026-06-26 08:21:45,112,B+5.5,10,True,False,False,,-1,50.4153,2000
2026-06-26 08:22:39,116,B+3.5,11,True,False,False,,-1,50.4829,2000
2026-06-26 08:23:32,119,W+0.5,16,True,False,False,,-1,50.538,2000
2026-06-26 08:24:27,132,B+8.5,17,True,False,False,,-1,50.6568,2000
2026-06-26 08:25:10,82,W+25.5,2,True,False,False,,-1,50.4263,2000
2026-06-26 08:25:54,79,B+2.5,4,True,False,False,,-1,50.3304,2000
2026-06-26 08:26:41,96,B+1.5,9,True,False,False,,-1,50.23,2000
2026-06-26 08:27:28,87,B+0.5,3,True,False,False,,-1,50.2016,2000
2026-06-26 08:28:17,107,B+9.5,7,True,False,False,,-1,50.239,2000
2026-06-26 08:29:07,102,W+11.5,9,True,False,False,,-1,50.2668,2000
2026-06-26 08:29:52,89,W+9.5,8,True,False,False,,-1,50.1218,2000
2026-06-26 08:30:27,62,W+12.5,3,True,False,False,,-1,49.8056,2000
2026-06-26 08:31:25,148,B+3.5,22,True,False,False,,-1,49.8538,2000
2026-06-26 08:32:16,105,W+5.5,14,True,False,False,,-1,49.8693,2000
2026-06-26 08:32:34,32,W+10.5,2,True,False,False,,-1,49.4314,2000
2026-06-26 08:33:14,82,W+0.5,3,True,False,False,,-1,49.3135,2000
2026-06-26 08:34:04,104,W+1.5,12,True,False,False,,-1,49.2279,2000
2026-06-26 08:34:56,115,W+0.5,12,True,False,False,,-1,49.2142,2000
2026-06-26 08:35:44,103,W+2.5,10,True,False,False,,-1,49.2689,2000
2026-06-26 08:36:32,109,W+3.5,11,True,False,False,,-1,49.2915,2000
2026-06-26 08:37:20,105,B+3.5,14,True,False,False,,-1,49.333,2000
2026-06-26 08:38:09,105,B+1.5,16,True,False,False,,-1,49.3088,2000
2026-06-26 08:39:03,124,B+1.5,21,True,False,False,,-1,49.4034,2000
2026-06-26 08:39:58,115,B+14.5,10,True,False,False,,-1,49.3881,2000
2026-06-26 08:40:52,109,B+4.5,9,True,False,False,,-1,49.4205,2000
2026-06-26 08:41:40,97,B+1.5,8,True,False,False,,-1,49.7567,2000
2026-06-26 08:42:16,67,B+0.5,3,True,False,False,,-1,49.6388,2000
2026-06-26 08:43:07,104,B+4.5,8,True,False,False,,-1,49.6856,2000
2026-06-26 08:43:58,110,W+0.5,9,True,False,False,,-1,49.6363,2000
2026-06-26 08:44:41,97,W+1.5,5,True,False,False,,-1,49.4841,2000
2026-06-26 08:45:30,109,W+0.5,12,True,False,False,,-1,49.5847,2000
2026-06-26 08:46:23,122,B+14.5,16,True,False,False,,-1,49.628,2000
2026-06-26 08:47:22,130,W+2.5,13,True,False,False,,-1,49.6366,2000
2026-06-26 08:48:07,87,B+2.5,3,True,False,False,,-1,49.585,2000
2026-06-26 08:48:57,107,W+1.5,3,True,False,False,,-1,49.361,2000
2026-06-26 08:49:47,110,W+2.5,18,True,False,False,,-1,49.3493,2000
2026-06-26 08:50:32,95,W+19.5,5,True,False,False,,-1,49.2012,2000
2026-06-26 08:51:21,109,W+4.5,13,True,False,False,,-1,49.25,2000
2026-06-26 08:52:15,127,W+12.5,18,True,False,False,,-1,49.1488,2000
2026-06-26 08:53:00,87,B+1.5,4,True,False,False,,-1,49.1236,2000
2026-06-26 08:53:52,111,W+0.5,13,True,False,False,,-1,49.1516,2000
2026-06-26 08:54:47,124,W+11.5,12,True,False,False,,-1,49.2451,2000
2026-06-26 08:55:34,95,W+0.5,7,True,False,False,,-1,49.3543,2000
2026-06-26 08:56:25,107,W+3.5,12,True,False,False,,-1,49.2403,2000
2026-06-26 08:57:11,95,W+9.5,9,True,False,False,,-1,49.2997,2000
2026-06-26 08:58:03,102,W+15.5,10,True,False,False,,-1,49.2866,2000
2026-06-26 08:58:52,109,W+1.5,15,True,False,False,,-1,49.3004,2000
2026-06-26 08:59:49,122,B+0.5,13,True,False,False,,-1,49.2904,2000
2026-06-26 09:00:16,49,B+4.5,2,True,False,False,,-1,49.1575,2000
2026-06-26 09:01:05,96,B+5.5,9,True,False,False,,-1,49.1699,2000
2026-06-26 09:01:44,71,B+5.5,8,True,False,False,,-1,49.0209,2000
2026-06-26 09:02:40,121,W+3.5,12,True,False,False,,-1,49.0732,2000
2026-06-26 09:03:26,103,W+0.5,9,True,False,False,,-1,49.0059,2000
2026-06-26 09:04:16,102,B+11.5,11,True,False,False,,-1,48.9735,2000
2026-06-26 09:05:06,111,W+0.5,13,True,False,False,,-1,48.8672,2000
2026-06-26 09:05:27,38,W+9.5,2,True,False,False,,-1,48.8583,2000
2026-06-26 09:06:12,93,W+1.5,10,True,False,False,,-1,48.7161,2000
2026-06-26 09:07:11,124,B+1.5,12,True,False,False,,-1,48.8996,2000
2026-06-26 09:07:58,101,W+6.5,17,True,False,False,,-1,48.8795,2000
2026-06-26 09:08:38,75,B+2.5,3,True,False,False,,-1,48.8429,2000
2026-06-26 09:09:26,93,W+0.5,6,True,False,False,,-1,48.8286,2000
2026-06-26 09:10:15,95,B+0.5,8,True,False,False,,-1,48.7912,2000
2026-06-26 09:11:10,112,B+3.5,10,True,False,False,,-1,48.8411,2000
2026-06-26 09:12:09,135,W+17.5,17,True,False,False,,-1,48.939,2000
2026-06-26 09:13:02,112,B+5.5,15,True,False,False,,-1,48.8902,2000
2026-06-26 09:13:54,111,W+17.5,11,True,False,False,,-1,48.903,2000
2026-06-26 09:14:40,95,W+6.5,9,True,False,False,,-1,48.9047,2000
2026-06-26 09:15:07,46,W+5.5,2,True,False,False,,-1,48.6434,2000
2026-06-26 09:16:02,123,W+6.5,10,True,False,False,,-1,48.6514,2000
2026-06-26 09:16:58,115,B+1.5,13,True,False,False,,-1,48.7931,2000
2026-06-26 09:17:46,101,W+2.5,10,True,False,False,,-1,48.5856,2000
2026-06-26 09:18:37,109,B+5.5,11,True,False,False,,-1,48.6265,2000
2026-06-26 09:19:30,103,B+2.5,6,True,False,False,,-1,48.7623,2000
2026-06-26 09:20:24,120,B+0.5,15,True,False,False,,-1,48.8875,2000
2026-06-26 09:21:10,87,B+6.5,6,True,False,False,,-1,48.8557,2000
2026-06-26 09:21:54,94,B+2.5,4,True,False,False,,-1,48.7438,2000
2026-06-26 09:22:43,109,B+3.5,10,True,False,False,,-1,48.777,2000
2026-06-26 09:23:07,42,W+10.5,2,True,False,False,,-1,48.4994,2000
2026-06-26 09:24:02,113,W+0.5,16,True,False,False,,-1,48.4725,2000
2026-06-26 09:24:52,101,W+7.5,12,True,False,False,,-1,48.3595,2000
2026-06-26 09:25:45,112,B+7.5,13,True,False,False,,-1,48.3439,2000
2026-06-26 09:26:37,107,W+5.5,13,True,False,False,,-1,48.3761,2000
2026-06-26 09:27:36,123,W+1.5,12,True,False,False,,-1,48.5213,2000
2026-06-26 09:28:37,134,W+3.5,15,True,False,False,,-1,48.6824,2000
2026-06-26 09:29:22,103,B+2.5,10,True,False,False,,-1,48.436,2000
2026-06-26 09:30:11,103,W+4.5,8,True,False,False,,-1,48.4475,2000
2026-06-26 09:31:05,123,W+0.5,12,True,False,False,,-1,48.5194,2000
2026-06-26 09:31:55,105,B+1.5,11,True,False,False,,-1,48.6187,2000
2026-06-26 09:33:04,162,W+36.5,26,True,False,False,,-1,48.907,2000
2026-06-26 09:33:54,96,W+4.5,10,True,False,False,,-1,48.8978,2000
2026-06-26 09:34:45,108,W+7.5,11,True,False,False,,-1,48.8896,2000
2026-06-26 09:35:35,110,B+1.5,9,True,False,False,,-1,48.9508,2000
2026-06-26 09:36:38,137,W+1.5,21,True,False,False,,-1,49.2269,2000
2026-06-26 09:37:30,104,B+2.5,5,True,False,False,,-1,49.1812,2000
2026-06-26 09:38:15,85,B+8.5,4,True,False,False,,-1,49.1289,2000
2026-06-26 09:39:06,103,W+6.5,14,True,False,False,,-1,49.0201,2000
2026-06-26 09:39:51,99,B+13.5,5,True,False,False,,-1,48.9808,2000
2026-06-26 09:40:39,101,W+3.5,7,True,False,False,,-1,48.8839,2000
2026-06-26 09:41:36,117,W+8.5,18,True,False,False,,-1,48.9208,2000
2026-06-26 09:42:26,102,B+0.5,10,True,False,False,,-1,48.9319,2000
2026-06-26 09:43:37,162,W+53.5,6,True,False,False,,-1,49.1163,2000
2026-06-26 09:44:27,110,W+3.5,14,True,False,False,,-1,49.0831,2000
2026-06-26 09:45:12,103,W+1.5,14,True,False,False,,-1,48.9896,2000
2026-06-26 09:45:58,106,W+12.5,12,True,False,False,,-1,48.9037,2000
2026-06-26 09:46:49,114,B+5.5,15,True,False,False,,-1,48.9848,2000
2026-06-26 09:47:33,97,B+4.5,5,True,False,False,,-1,48.9879,2000
2026-06-26 09:48:20,89,B+2.5,3,True,False,False,,-1,48.9857,2000
2026-06-26 09:49:14,113,W+0.5,16,True,False,False,,-1,49.053,2000
2026-06-26 09:49:59,99,W+0.5,13,True,False,False,,-1,49.0119,2000
2026-06-26 09:50:46,103,W+2.5,14,True,False,False,,-1,48.9849,2000
2026-06-26 09:51:36,102,B+1.5,8,True,False,False,,-1,49.0328,2000
2026-06-26 09:52:22,89,B+0.5,6,True,False,False,,-1,49.1419,2000
2026-06-26 09:53:12,109,B+5.5,7,True,False,False,,-1,49.0755,2000
2026-06-26 09:54:00,97,B+11.5,11,True,False,False,,-1,49.0388,2000
2026-06-26 09:54:50,103,B+1.5,4,True,False,False,,-1,49.3528,2000
2026-06-26 09:55:50,127,W+7.5,22,True,False,False,,-1,49.553,2000
2026-06-26 09:56:33,83,B+5.5,4,True,False,False,,-1,49.4959,2000
2026-06-26 09:57:23,102,B+2.5,9,True,False,False,,-1,49.4683,2000
2026-06-26 09:58:17,125,W+0.5,15,True,False,False,,-1,49.5249,2000
2026-06-26 09:59:02,95,W+1.5,12,True,False,False,,-1,49.4926,2000
2026-06-26 09:59:56,120,B+0.5,15,True,False,False,,-1,49.5613,2000
2026-06-26 10:00:36,73,B+0.5,3,True,False,False,,-1,49.4761,2000
2026-06-26 10:01:33,121,W+2.5,15,True,False,False,,-1,49.5044,2000
2026-06-26 10:02:45,161,W+12.5,38,True,False,False,,-1,49.6688,2000
2026-06-26 10:03:31,91,W+0.5,7,True,False,False,,-1,49.5827,2000
2026-06-26 10:04:25,113,W+2.5,12,True,False,False,,-1,49.6473,2000
2026-06-26 10:05:13,101,B+0.5,4,True,False,False,,-1,49.7664,2000
2026-06-26 10:05:59,88,B+3.5,2,True,False,False,,-1,49.714,2000
2026-06-26 10:06:51,112,B+7.5,11,True,False,False,,-1,49.7276,2000
2026-06-26 10:07:48,125,W+2.5,13,True,False,False,,-1,49.8672,2000
2026-06-26 10:08:36,100,B+1.5,9,True,False,False,,-1,49.8618,2000
2026-06-26 10:09:24,95,B+6.5,8,True,False,False,,-1,49.8121,2000
2026-06-26 10:10:15,99,B+9.5,4,True,False,False,,-1,49.7236,2000
2026-06-26 10:10:58,84,B+6.5,4,True,False,False,,-1,49.7139,2000
2026-06-26 10:11:36,69,B+3.5,2,True,False,False,,-1,49.5913,2000
2026-06-26 10:12:26,110,W+8.5,13,True,False,False,,-1,49.5814,2000
2026-06-26 10:13:14,105,B+0.5,9,True,False,False,,-1,49.6262,2000
2026-06-26 10:13:53,69,B+5.5,2,True,False,False,,-1,49.5212,2000
2026-06-26 10:14:38,80,W+6.5,2,True,False,False,,-1,49.4314,2000
2026-06-26 10:15:33,115,W+0.5,13,True,False,False,,-1,49.5332,2000
2026-06-26 10:16:24,109,W+1.5,9,True,False,False,,-1,49.5164,2000
2026-06-26 10:17:30,143,W+2.5,28,True,False,False,,-1,49.6234,2000
2026-06-26 10:18:15,93,B+3.5,2,True,False,False,,-1,49.6013,2000
2026-06-26 10:19:12,113,W+4.5,15,True,False,False,,-1,49.6596,2000
2026-06-26 10:20:05,97,B+8.5,5,True,False,False,,-1,49.7331,2000
2026-06-26 10:21:01,119,W+2.5,16,True,False,False,,-1,49.7833,2000
2026-06-26 10:21:52,115,W+5.5,17,True,False,False,,-1,49.7934,2000
2026-06-26 10:22:35,89,B+2.5,5,True,False,False,,-1,49.6619,2000
2026-06-26 10:23:19,99,B+0.5,11,True,False,False,,-1,49.829,2000
2026-06-26 10:24:06,96,B+1.5,9,True,False,False,,-1,49.7992,2000
2026-06-26 10:24:45,72,W+11.5,4,True,False,False,,-1,49.807,2000
2026-06-26 10:25:33,89,B+5.5,5,True,False,False,,-1,49.7263,2000
2026-06-26 10:26:26,123,W+0.5,14,True,False,False,,-1,49.7934,2000
2026-06-26 10:27:15,105,W+5.5,14,True,False,False,,-1,49.779,2000
2026-06-26 10:27:59,91,B+9.5,9,True,False,False,,-1,49.734,2000
2026-06-26 10:28:54,136,B+3.5,24,True,False,False,,-1,50.0692,2000
2026-06-26 10:29:45,111,W+6.5,14,True,False,False,,-1,50.1293,2000
2026-06-26 10:30:28,87,W+2.5,10,True,False,False,,-1,49.9694,2000
2026-06-26 10:31:17,103,W+0.5,10,True,False,False,,-1,49.9826,2000
2026-06-26 10:32:05,107,W+0.5,9,True,False,False,,-1,50.0594,2000
2026-06-26 10:32:59,118,B+10.5,8,True,False,False,,-1,50.128,2000
2026-06-26 10:34:08,162,W+3.5,6,True,False,False,,-1,50.3288,2000
2026-06-26 10:34:56,115,W+6.5,13,True,False,False,,-1,50.2619,2000
2026-06-26 10:35:59,139,W+2.5,20,True,False,False,,-1,50.2873,2000
2026-06-26 10:36:42,83,B+3.5,3,True,False,False,,-1,50.2004,2000
2026-06-26 10:37:17,63,B+1.5,2,True,False,False,,-1,50.0208,2000
2026-06-26 10:37:32,26,W+8.5,2,True,False,False,,-1,49.7119,2000
2026-06-26 10:38:33,136,W+0.5,19,True,False,False,,-1,50.0572,2000
2026-06-26 10:39:19,101,W+0.5,9,True,False,False,,-1,49.967,2000
2026-06-26 10:40:10,109,W+0.5,13,True,False,False,,-1,49.9186,2000
2026-06-26 10:41:07,123,W+6.5,21,True,False,False,,-1,50.0101,2000
2026-06-26 10:42:01,113,W+0.5,13,True,False,False,,-1,50.033,2000
2026-06-26 10:42:40,71,B+1.5,3,True,False,False,,-1,49.9007,2000
2026-06-26 10:43:35,125,W+7.5,16,True,False,False,,-1,49.9036,2000
2026-06-26 10:44:26,111,W+5.5,10,True,False,False,,-1,49.9614,2000
2026-06-26 10:45:09,83,B+1.5,6,True,False,False,,-1,49.9528,2000
2026-06-26 10:46:03,107,W+1.5,15,True,False,False,,-1,49.9981,2000
2026-06-26 10:46:50,103,W+1.5,16,True,False,False,,-1,50.2249,2000
2026-06-26 10:47:41,112,W+1.5,18,True,False,False,,-1,50.1857,2000
2026-06-26 10:48:26,91,W+10.5,6,True,False,False,,-1,50.1356,2000
2026-06-26 10:49:18,111,W+5.5,22,True,False,False,,-1,50.1241,2000
2026-06-26 10:50:08,112,B+7.5,11,True,False,False,,-1,50.1079,2000
2026-06-26 10:51:06,116,B+0.5,12,True,False,False,,-1,50.0884,2000
2026-06-26 10:52:01,117,W+1.5,16,True,False,False,,-1,50.0402,2000
2026-06-26 10:52:48,87,B+0.5,6,True,False,False,,-1,50.0596,2000
2026-06-26 10:53:32,75,B+4.5,4,True,False,False,,-1,50.0075,2000
2026-06-26 10:54:23,101,W+0.5,8,True,False,False,,-1,49.9718,2000
2026-06-26 10:55:10,103,W+5.5,7,True,False,False,,-1,49.9492,2000
2026-06-26 10:55:55,95,W+2.5,7,True,False,False,,-1,49.7087,2000
2026-06-26 10:56:46,104,W+2.5,5,True,False,False,,-1,49.7139,2000
2026-06-26 10:57:32,101,W+3.5,13,True,False,False,,-1,49.6713,2000
2026-06-26 10:58:25,108,B+2.5,11,True,False,False,,-1,49.6987,2000
2026-06-26 10:59:20,127,W+0.5,25,True,False,False,,-1,49.6143,2000
2026-06-26 11:00:16,115,W+2.5,13,True,False,False,,-1,49.6616,2000
2026-06-26 11:01:09,113,W+1.5,8,True,False,False,,-1,49.744,2000
2026-06-26 11:01:58,103,W+9.5,10,True,False,False,,-1,49.7207,2000
2026-06-26 11:02:56,126,B+5.5,17,True,False,False,,-1,49.8454,2000
2026-06-26 11:03:44,105,W+1.5,11,True,False,False,,-1,49.8401,2000
2026-06-26 11:04:42,125,W+2.5,19,True,False,False,,-1,49.8601,2000
2026-06-26 11:05:37,162,W+10.5,26,True,False,False,,-1,49.9013,2000
2026-06-26 11:06:29,109,W+5.5,18,True,False,False,,-1,49.7151,2000
2026-06-26 11:07:14,97,W+9.5,7,True,False,False,,-1,49.6706,2000
2026-06-26 11:10:16,108,B+5.5,7,True,False,False,,-1,49.7525,3000
2026-06-26 11:11:07,95,W+3.5,8,True,False,False,,-1,49.7542,3000
2026-06-26 11:11:57,105,W+3.5,19,True,False,False,,-1,49.8152,3000
2026-06-26 11:12:55,111,W+0.5,14,True,False,False,,-1,49.9244,3000
2026-06-26 11:13:30,63,B+1.5,5,True,False,False,,-1,49.7367,3000
2026-06-26 11:14:42,162,W+15.5,34,True,False,False,,-1,50.0044,3000
2026-06-26 11:15:36,102,B+0.5,7,True,False,False,,-1,50.065,3000
2026-06-26 11:16:33,114,B+8.5,11,True,False,False,,-1,50.1395,3000
2026-06-26 11:17:19,99,W+2.5,16,True,False,False,,-1,50.1406,3000
2026-06-26 11:18:05,98,B+1.5,12,True,False,False,,-1,50.0968,3000
2026-06-26 11:18:55,98,B+0.5,6,True,False,False,,-1,50.1205,3000
2026-06-26 11:19:49,111,W+3.5,13,True,False,False,,-1,50.1599,3000
2026-06-26 11:20:40,103,W+3.5,12,True,False,False,,-1,50.0691,3000
2026-06-26 11:21:27,92,B+2.5,4,True,False,False,,-1,50.1048,3000
2026-06-26 11:22:29,132,B+6.5,14,True,False,False,,-1,50.2223,3000
2026-06-26 11:23:22,111,W+2.5,13,True,False,False,,-1,50.2224,3000
2026-06-26 11:24:14,111,W+2.5,16,True,False,False,,-1,50.2995,3000
2026-06-26 11:25:04,115,W+1.5,20,True,False,False,,-1,50.2529,3000
2026-06-26 11:25:21,26,W+7.5,2,True,False,False,,-1,50.0134,3000
2026-06-26 11:26:12,97,B+7.5,3,True,False,False,,-1,49.9544,3000
2026-06-26 11:27:17,135,W+0.5,23,True,False,False,,-1,49.893,3000
2026-06-26 11:28:19,123,W+2.5,16,True,False,False,,-1,50.0484,3000
2026-06-26 11:29:11,112,B+1.5,14,True,False,False,,-1,50.0328,3000
2026-06-26 11:30:03,101,W+5.5,8,True,False,False,,-1,50.0704,3000
2026-06-26 11:31:00,115,W+4.5,14,True,False,False,,-1,50.179,3000
2026-06-26 11:31:59,118,B+0.5,3,True,False,False,,-1,50.2524,3000
2026-06-26 11:32:45,94,B+2.5,9,True,False,False,,-1,50.1412,3000
2026-06-26 11:33:33,93,W+9.5,9,True,False,False,,-1,50.1348,3000
2026-06-26 11:34:26,106,B+0.5,11,True,False,False,,-1,50.1882,3000
2026-06-26 11:35:21,106,B+8.5,10,True,False,False,,-1,50.2309,3000
2026-06-26 11:36:04,86,B+3.5,3,True,False,False,,-1,50.2286,3000
2026-06-26 11:37:03,118,B+12.5,8,True,False,False,,-1,50.4375,3000
2026-06-26 11:38:03,131,W+1.5,11,True,False,False,,-1,50.5453,3000
2026-06-26 11:38:17,22,W+6.5,2,True,False,False,,-1,50.1944,3000
2026-06-26 11:39:19,133,B+5.5,26,True,False,False,,-1,50.429,3000
2026-06-26 11:40:10,98,B+1.5,9,True,False,False,,-1,50.4839,3000
2026-06-26 11:41:05,106,B+3.5,12,True,False,False,,-1,50.4884,3000
2026-06-26 11:41:56,109,W+2.5,19,True,False,False,,-1,50.4877,3000
2026-06-26 11:42:51,116,B+3.5,19,True,False,False,,-1,50.3799,3000
2026-06-26 11:43:21,50,W+7.5,2,True,False,False,,-1,50.2364,3000
2026-06-26 11:43:35,22,W+7.5,2,True,False,False,,-1,49.8031,3000
2026-06-26 11:44:31,112,B+0.5,15,True,False,False,,-1,49.8308,3000
2026-06-26 11:45:20,94,B+3.5,3,True,False,False,,-1,49.7546,3000
2026-06-26 11:46:12,107,W+5.5,15,True,False,False,,-1,49.7674,3000
2026-06-26 11:47:07,113,W+0.5,13,True,False,False,,-1,49.8899,3000
2026-06-26 11:48:02,121,W+5.5,24,True,False,False,,-1,49.9974,3000
2026-06-26 11:48:57,119,W+1.5,16,True,False,False,,-1,50.0876,3000
2026-06-26 11:49:48,93,B+0.5,10,True,False,False,,-1,50.2006,3000
2026-06-26 11:50:35,99,W+0.5,8,True,False,False,,-1,50.1974,3000
2026-06-26 11:51:22,101,W+0.5,13,True,False,False,,-1,50.1346,3000
2026-06-26 11:52:17,110,B+27.5,5,True,False,False,,-1,50.1996,3000
2026-06-26 11:53:01,75,B+0.5,4,True,False,False,,-1,50.1865,3000
2026-06-26 11:53:48,103,W+2.5,16,True,False,False,,-1,50.1119,3000
2026-06-26 11:54:49,128,B+9.5,17,True,False,False,,-1,50.2044,3000
2026-06-26 11:55:44,113,B+3.5,6,True,False,False,,-1,50.326,3000
2026-06-26 11:56:36,107,W+0.5,16,True,False,False,,-1,50.3567,3000
2026-06-26 11:57:43,162,W+32.5,39,True,False,False,,-1,50.5545,3000
2026-06-26 11:58:38,107,B+3.5,12,True,False,False,,-1,50.5599,3000
2026-06-26 11:59:26,97,W+0.5,13,True,False,False,,-1,50.3555,3000
2026-06-26 12:00:23,121,W+0.5,16,True,False,False,,-1,50.4378,3000
2026-06-26 12:01:21,121,W+8.5,17,True,False,False,,-1,50.396,3000
2026-06-26 12:02:19,121,W+4.5,17,True,False,False,,-1,50.5428,3000
2026-06-26 12:03:14,109,W+13.5,10,True,False,False,,-1,50.7441,3000
2026-06-26 12:04:04,94,B+13.5,5,True,False,False,,-1,51.0959,3000
2026-06-26 12:05:09,142,B+20.5,25,True,False,False,,-1,51.1343,3000
2026-06-26 12:06:03,117,W+0.5,15,True,False,False,,-1,51.2065,3000
2026-06-26 12:06:56,109,W+0.5,12,True,False,False,,-1,51.2355,3000
2026-06-26 12:07:49,109,W+1.5,10,True,False,False,,-1,51.1893,3000
2026-06-26 12:08:48,126,B+1.5,20,True,False,False,,-1,51.2366,3000
2026-06-26 12:09:37,100,B+1.5,12,True,False,False,,-1,51.3406,3000
2026-06-26 12:10:29,109,W+0.5,13,True,False,False,,-1,51.3155,3000
2026-06-26 12:11:20,104,B+1.5,8,True,False,False,,-1,51.3068,3000
2026-06-26 12:11:51,50,W+7.5,3,True,False,False,,-1,51.1857,3000
2026-06-26 12:12:49,120,B+2.5,13,True,False,False,,-1,51.2373,3000
2026-06-26 12:13:46,109,W+1.5,7,True,False,False,,-1,51.3333,3000
2026-06-26 12:14:42,114,B+0.5,12,True,False,False,,-1,51.3903,3000
2026-06-26 12:15:47,157,W+5.5,28,True,False,False,,-1,51.5813,3000
2026-06-26 12:16:43,111,W+0.5,7,True,False,False,,-1,51.6159,3000
2026-06-26 12:17:55,162,W+18.5,26,True,False,False,,-1,51.8326,3000
2026-06-26 12:18:52,129,W+1.5,28,True,False,False,,-1,51.8342,3000
2026-06-26 12:19:36,83,B+1.5,5,True,False,False,,-1,51.7198,3000
2026-06-26 12:20:33,119,W+5.5,21,True,False,False,,-1,51.8196,3000
2026-06-26 12:21:23,98,B+4.5,5,True,False,False,,-1,51.8861,3000
2026-06-26 12:22:20,115,W+1.5,16,True,False,False,,-1,51.9474,3000
2026-06-26 12:22:43,38,W+7.5,2,True,False,False,,-1,51.7016,3000
2026-06-26 12:23:33,105,W+14.5,12,True,False,False,,-1,51.7555,3000
2026-06-26 12:24:20,91,B+5.5,10,True,False,False,,-1,51.7135,3000
2026-06-26 12:25:13,113,W+1.5,15,True,False,False,,-1,51.7772,3000
2026-06-26 12:26:04,97,B+7.5,7,True,False,False,,-1,51.7589,3000
2026-06-26 12:27:00,115,W+1.5,16,True,False,False,,-1,51.77,3000
2026-06-26 12:27:21,34,W+7.5,2,True,False,False,,-1,51.4136,3000
2026-06-26 12:28:16,108,B+4.5,8,True,False,False,,-1,51.4364,3000
2026-06-26 12:29:06,101,W+2.5,12,True,False,False,,-1,51.447,3000
2026-06-26 12:30:00,111,W+0.5,14,True,False,False,,-1,51.4146,3000
2026-06-26 12:30:46,89,W+3.5,7,True,False,False,,-1,51.3949,3000
2026-06-26 12:31:36,100,B+0.5,10,True,False,False,,-1,51.3048,3000
2026-06-26 12:32:30,108,B+2.5,12,True,False,False,,-1,51.303,3000
2026-06-26 12:33:09,69,B+0.5,2,True,False,False,,-1,51.1747,3000
2026-06-26 12:34:10,147,W+5.5,27,True,False,False,,-1,51.3273,3000
2026-06-26 12:35:19,162,W+1.5,37,True,False,False,,-1,51.5776,3000
2026-06-26 12:35:47,46,W+7.5,2,True,False,False,,-1,51.3025,3000
2026-06-26 12:36:42,115,W+0.5,9,True,False,False,,-1,51.3432,3000
2026-06-26 12:37:41,125,W+1.5,18,True,False,False,,-1,51.4315,3000
2026-06-26 12:38:34,118,B+4.5,17,True,False,False,,-1,51.3859,3000
2026-06-26 12:39:21,95,W+0.5,9,True,False,False,,-1,51.5021,3000
2026-06-26 12:40:04,77,B+8.5,3,True,False,False,,-1,51.2192,3000
2026-06-26 12:40:53,103,W+0.5,14,True,False,False,,-1,51.1734,3000
2026-06-26 12:41:42,89,B+7.5,3,True,False,False,,-1,51.0923,3000
2026-06-26 12:42:33,107,W+5.5,16,True,False,False,,-1,51.1363,3000
2026-06-26 12:43:20,100,B+1.5,11,True,False,False,,-1,51.1468,3000
2026-06-26 12:44:20,113,W+1.5,11,True,False,False,,-1,51.2436,3000
2026-06-26 12:45:17,118,B+2.5,7,True,False,False,,-1,51.2799,3000
2026-06-26 12:46:16,118,B+2.5,10,True,False,False,,-1,51.3564,3000
2026-06-26 12:46:55,67,B+0.5,6,True,False,False,,-1,51.2742,3000
2026-06-26 12:47:46,100,B+11.5,10,True,False,False,,-1,51.169,3000
2026-06-26 12:48:05,32,W+7.5,2,True,False,False,,-1,50.8318,3000
2026-06-26 12:48:59,103,B+3.5,9,True,False,False,,-1,50.8456,3000
2026-06-26 12:50:02,126,B+2.5,15,True,False,False,,-1,50.9703,3000
2026-06-26 12:50:56,109,B+11.5,12,True,False,False,,-1,51.3486,3000
2026-06-26 12:51:51,115,W+1.5,14,True,False,False,,-1,51.392,3000
2026-06-26 12:52:52,120,B+0.5,12,True,False,False,,-1,51.3482,3000
2026-06-26 12:53:39,87,B+4.5,4,True,False,False,,-1,51.2007,3000
2026-06-26 12:54:32,103,W+0.5,5,True,False,False,,-1,51.2026,3000
2026-06-26 12:55:32,116,B+7.5,13,True,False,False,,-1,51.2793,3000
2026-06-26 12:56:37,140,B+0.5,22,True,False,False,,-1,51.3716,3000
2026-06-26 12:57:31,109,W+2.5,11,True,False,False,,-1,51.3164,3000
2026-06-26 12:58:33,128,B+5.5,22,True,False,False,,-1,51.4809,3000
2026-06-26 12:59:33,127,W+0.5,14,True,False,False,,-1,51.599,3000
2026-06-26 13:00:28,121,W+4.5,23,True,False,False,,-1,51.6113,3000
2026-06-26 13:01:18,98,B+2.5,13,True,False,False,,-1,51.5711,3000
2026-06-26 13:02:17,114,B+3.5,15,True,False,False,,-1,51.7279,3000
2026-06-26 13:03:04,95,B+1.5,7,True,False,False,,-1,51.6097,3000
2026-06-26 13:03:49,83,B+10.5,2,True,False,False,,-1,51.4581,3000
2026-06-26 13:04:36,97,W+4.5,7,True,False,False,,-1,51.7939,3000
2026-06-26 13:05:25,94,B+4.5,3,True,False,False,,-1,51.6617,3000
2026-06-26 13:06:18,109,W+2.5,12,True,False,False,,-1,51.684,3000
2026-06-26 13:07:09,104,B+1.5,8,True,False,False,,-1,51.6332,3000
2026-06-26 13:08:00,103,W+4.5,12,True,False,False,,-1,51.6381,3000
2026-06-26 13:08:48,97,W+0.5,9,True,False,False,,-1,51.5691,3000
2026-06-26 13:09:39,105,W+0.5,12,True,False,False,,-1,51.7776,3000
2026-06-26 13:10:41,139,W+37.5,18,True,False,False,,-1,52.258,3000
2026-06-26 13:11:31,99,W+14.5,9,True,False,False,,-1,52.1949,3000
2026-06-26 13:12:27,105,B+1.5,11,True,False,False,,-1,52.2686,3000
2026-06-26 13:13:21,107,W+1.5,9,True,False,False,,-1,52.2914,3000
2026-06-26 13:14:20,122,B+1.5,16,True,False,False,,-1,52.3255,3000
2026-06-26 13:15:28,147,W+1.5,20,True,False,False,,-1,52.4525,3000
2026-06-26 13:16:11,75,B+2.5,2,True,False,False,,-1,52.3344,3000
2026-06-26 13:16:59,97,W+3.5,10,True,False,False,,-1,52.3092,3000
2026-06-26 13:17:39,67,B+4.5,2,True,False,False,,-1,52.2316,3000
2026-06-26 13:18:35,110,B+9.5,6,True,False,False,,-1,52.3248,3000
2026-06-26 13:19:15,71,B+1.5,3,True,False,False,,-1,52.1762,3000
2026-06-26 13:20:10,107,W+6.5,10,True,False,False,,-1,52.292,3000
2026-06-26 13:21:02,105,W+2.5,16,True,False,False,,-1,52.3322,3000
2026-06-26 13:22:05,137,W+0.5,18,True,False,False,,-1,52.3581,3000
2026-06-26 13:22:22,28,W+7.5,2,True,False,False,,-1,51.9839,3000
2026-06-26 13:23:08,93,W+5.5,7,True,False,False,,-1,51.9203,3000
2026-06-26 13:23:45,71,B+3.5,6,True,False,False,,-1,51.6185,3000
2026-06-26 13:24:35,95,W+8.5,7,True,False,False,,-1,51.5667,3000
2026-06-26 13:25:36,123,B+18.5,14,True,False,False,,-1,51.6953,3000
2026-06-26 13:26:29,102,B+0.5,11,True,False,False,,-1,51.6539,3000
2026-06-26 13:27:33,139,W+0.5,26,True,False,False,,-1,51.7161,3000
2026-06-26 13:27:52,32,W+8.5,2,True,False,False,,-1,51.327,3000
2026-06-26 13:28:47,102,W+30.5,10,True,False,False,,-1,51.33,3000
2026-06-26 13:29:38,107,W+0.5,12,True,False,False,,-1,51.3349,3000
2026-06-26 13:30:28,106,W+2.5,17,True,False,False,,-1,51.1893,3000
2026-06-26 13:31:23,109,B+32.5,2,True,False,False,,-1,51.1949,3000
2026-06-26 13:31:46,38,W+5.5,2,True,False,False,,-1,50.8884,3000
2026-06-26 13:32:43,110,B+16.5,4,True,False,False,,-1,50.9346,3000
2026-06-26 13:33:44,131,W+1.5,22,True,False,False,,-1,50.9571,3000
2026-06-26 13:34:33,95,B+1.5,7,True,False,False,,-1,50.9517,3000
2026-06-26 13:35:24,103,W+0.5,9,True,False,False,,-1,50.9462,3000
2026-06-26 13:36:20,121,W+0.5,15,True,False,False,,-1,51.001,3000
2026-06-26 13:37:19,133,W+21.5,18,True,False,False,,-1,51.2828,3000
2026-06-26 13:38:14,108,B+0.5,8,True,False,False,,-1,51.2397,3000
2026-06-26 13:39:10,117,W+4.5,10,True,False,False,,-1,51.2404,3000
2026-06-26 13:40:06,117,W+0.5,9,True,False,False,,-1,51.2273,3000
2026-06-26 13:40:56,93,B+1.5,4,True,False,False,,-1,51.0844,3000
2026-06-26 13:41:42,95,W+0.5,13,True,False,False,,-1,50.9904,3000
2026-06-26 13:42:29,95,B+0.5,6,True,False,False,,-1,50.7388,3000
2026-06-26 13:43:22,104,B+0.5,11,True,False,False,,-1,50.7007,3000
2026-06-26 13:44:39,162,B+41.5,17,True,False,False,,-1,51.0264,3000
2026-06-26 13:45:33,121,W+0.5,18,True,False,False,,-1,50.9976,3000
2026-06-26 13:46:24,109,W+2.5,14,True,False,False,,-1,51.0076,3000
2026-06-26 13:47:17,119,B+20.5,8,True,False,False,,-1,50.9662,3000
2026-06-26 13:48:07,97,B+2.5,7,True,False,False,,-1,51.2366,3000
2026-06-26 13:49:17,149,W+0.5,17,True,False,False,,-1,51.4312,3000
2026-06-26 13:50:06,104,B+2.5,11,True,False,False,,-1,51.4524,3000
2026-06-26 13:51:02,122,B+8.5,16,True,False,False,,-1,51.4873,3000
2026-06-26 13:51:47,82,W+6.5,2,True,False,False,,-1,51.425,3000
2026-06-26 13:52:43,123,W+0.5,12,True,False,False,,-1,51.4287,3000
2026-06-26 13:53:54,151,W+1.5,14,True,False,False,,-1,51.9333,3000
2026-06-26 13:54:48,111,W+1.5,11,True,False,False,,-1,51.916,3000
2026-06-26 13:55:37,103,W+1.5,11,True,False,False,,-1,51.9102,3000
2026-06-26 13:56:20,75,B+0.5,5,True,False,False,,-1,51.7964,3000
2026-06-26 13:57:07,85,B+5.5,9,True,False,False,,-1,51.8086,3000
2026-06-26 13:58:05,123,W+4.5,18,True,False,False,,-1,51.887,3000
2026-06-26 13:59:00,115,W+2.5,13,True,False,False,,-1,51.8998,3000
2026-06-26 14:00:05,138,B+26.5,18,True,False,False,,-1,52.1494,3000
2026-06-26 14:01:00,112,B+16.5,5,True,False,False,,-1,52.092,3000
2026-06-26 14:01:48,98,B+2.5,8,True,False,False,,-1,51.894,3000
2026-06-26 14:02:37,98,B+1.5,7,True,False,False,,-1,52.1035,3000
2026-06-26 14:03:29,95,B+3.5,4,True,False,False,,-1,52.0632,3000
2026-06-26 14:04:20,97,W+3.5,5,True,False,False,,-1,51.9942,3000
2026-06-26 14:05:05,89,W+3.5,9,True,False,False,,-1,51.9059,3000
2026-06-26 14:05:52,85,B+2.5,3,True,False,False,,-1,51.9091,3000
2026-06-26 14:06:47,111,W+4.5,15,True,False,False,,-1,52.02,3000
2026-06-26 14:07:42,113,W+8.5,18,True,False,False,,-1,52.0819,3000
2026-06-26 14:08:35,117,W+2.5,15,True,False,False,,-1,52.1232,3000
2026-06-26 14:09:25,97,W+10.5,5,True,False,False,,-1,52.1193,3000
2026-06-26 14:10:19,115,W+0.5,19,True,False,False,,-1,52.1846,3000
2026-06-26 14:11:13,113,W+0.5,11,True,False,False,,-1,52.1249,3000
2026-06-26 14:12:03,99,W+0.5,10,True,False,False,,-1,52.0558,3000
2026-06-26 14:12:58,111,W+11.5,14,True,False,False,,-1,52.0196,3000
2026-06-26 14:13:58,162,W+13.5,20,True,False,False,,-1,52.2326,3000
2026-06-26 14:14:54,114,B+0.5,6,True,False,False,,-1,52.2826,3000
2026-06-26 14:15:48,107,W+0.5,12,True,False,False,,-1,52.6194,3000
2026-06-26 14:16:44,123,W+0.5,15,True,False,False,,-1,52.6413,3000
2026-06-26 14:17:44,126,B+2.5,10,True,False,False,,-1,52.6205,3000
2026-06-26 14:18:39,111,W+6.5,11,True,False,False,,-1,52.6269,3000
2026-06-26 14:19:31,105,W+4.5,8,True,False,False,,-1,52.5916,3000
2026-06-26 14:20:39,149,W+9.5,23,True,False,False,,-1,52.6617,3000
2026-06-26 14:21:30,100,B+1.5,4,True,False,False,,-1,52.7073,3000
2026-06-26 14:22:25,111,W+0.5,11,True,False,False,,-1,52.7224,3000
2026-06-26 14:23:23,117,W+1.5,16,True,False,False,,-1,52.7137,3000
2026-06-26 14:24:10,90,B+1.5,9,True,False,False,,-1,52.5211,3000
2026-06-26 14:25:01,111,W+2.5,18,True,False,False,,-1,52.5032,3000
2026-06-26 14:25:51,99,W+2.5,10,True,False,False,,-1,52.3742,3000
2026-06-26 14:26:45,100,B+11.5,7,True,False,False,,-1,52.3121,3000
2026-06-26 14:27:30,85,B+1.5,7,True,False,False,,-1,52.2235,3000
2026-06-26 14:28:28,119,W+1.5,16,True,False,False,,-1,52.2967,3000
2026-06-26 14:29:24,129,W+3.5,26,True,False,False,,-1,52.259,3000
2026-06-26 14:30:14,103,W+0.5,15,True,False,False,,-1,52.2947,3000
2026-06-26 14:31:06,98,B+11.5,6,True,False,False,,-1,52.3682,3000
2026-06-26 14:31:52,99,W+1.5,15,True,False,False,,-1,52.3516,3000
2026-06-26 14:32:52,118,B+10.5,12,True,False,False,,-1,52.4645,3000
2026-06-26 14:33:44,121,W+2.5,27,True,False,False,,-1,52.4547,3000
2026-06-26 14:34:36,102,B+0.5,5,True,False,False,,-1,52.4741,3000
2026-06-26 14:35:31,111,W+1.5,17,True,False,False,,-1,52.5079,3000
2026-06-26 14:36:21,97,W+4.5,8,True,False,False,,-1,52.5225,3000
2026-06-26 14:37:09,106,B+3.5,13,True,False,False,,-1,52.4899,3000
2026-06-26 14:37:57,91,B+4.5,4,True,False,False,,-1,52.3611,3000
2026-06-26 14:38:55,122,B+0.5,17,True,False,False,,-1,52.4402,3000
2026-06-26 14:39:57,129,W+26.5,17,True,False,False,,-1,52.4961,3000
2026-06-26 14:40:48,100,B+2.5,12,True,False,False,,-1,52.4675,3000
2026-06-26 14:41:42,111,W+2.5,16,True,False,False,,-1,52.415,3000
2026-06-26 14:42:31,92,B+0.5,5,True,False,False,,-1,52.2292,3000
2026-06-26 14:43:22,103,W+6.5,10,True,False,False,,-1,52.3093,3000
2026-06-26 14:44:17,113,W+1.5,18,True,False,False,,-1,52.3813,3000
2026-06-26 14:45:13,113,W+1.5,16,True,False,False,,-1,52.5342,3000
2026-06-26 14:45:57,91,B+1.5,4,True,False,False,,-1,52.4192,3000
2026-06-26 14:46:47,103,W+1.5,11,True,False,False,,-1,52.5181,3000
2026-06-26 14:47:46,116,B+4.5,20,True,False,False,,-1,52.5539,3000
2026-06-26 14:48:36,99,W+0.5,10,True,False,False,,-1,52.5325,3000
2026-06-26 14:49:22,83,B+0.5,2,True,False,False,,-1,52.367,3000
2026-06-26 14:50:18,120,B+0.5,22,True,False,False,,-1,52.7561,3000
2026-06-26 14:51:05,94,B+1.5,5,True,False,False,,-1,52.7727,3000
2026-06-26 14:52:00,112,B+2.5,9,True,False,False,,-1,52.9475,3000
2026-06-26 14:52:50,103,W+4.5,11,True,False,False,,-1,52.942,3000
2026-06-26 14:53:37,81,B+2.5,4,True,False,False,,-1,52.8055,3000
2026-06-26 14:53:53,26,W+7.5,2,True,False,False,,-1,52.4423,3000
2026-06-26 14:54:51,118,B+3.5,13,True,False,False,,-1,52.3825,3000
2026-06-26 14:55:47,111,W+1.5,10,True,False,False,,-1,52.7456,3000
2026-06-26 14:56:37,100,B+1.5,14,True,False,False,,-1,52.6927,3000
2026-06-26 14:57:35,110,B+17.5,11,True,False,False,,-1,52.764,3000
2026-06-26 14:58:23,96,B+1.5,9,True,False,False,,-1,52.748,3000
2026-06-26 14:59:21,121,W+0.5,9,True,False,False,,-1,52.7853,3000
2026-06-26 15:00:06,79,B+4.5,2,True,False,False,,-1,52.9971,3000
2026-06-26 15:00:55,99,B+3.5,4,True,False,False,,-1,52.9209,3000
2026-06-26 15:01:47,107,W+2.5,11,True,False,False,,-1,52.8347,3000
2026-06-26 15:02:36,103,W+10.5,13,True,False,False,,-1,52.8244,3000
2026-06-26 15:03:27,106,B+10.5,8,True,False,False,,-1,52.8308,3000
2026-06-26 15:04:21,115,W+3.5,13,True,False,False,,-1,52.8049,3000
2026-06-26 15:05:09,103,W+10.5,13,True,False,False,,-1,52.6973,3000
2026-06-26 15:06:06,123,B+5.5,13,True,False,False,,-1,52.7237,3000
2026-06-26 15:07:03,121,W+11.5,18,True,False,False,,-1,52.7249,3000
2026-06-26 15:08:05,126,B+0.5,13,True,False,False,,-1,52.7892,3000
2026-06-26 15:09:10,162,B+3.5,22,True,False,False,,-1,52.936,3000
2026-06-26 15:10:00,107,W+1.5,8,True,False,False,,-1,52.9801,3000
2026-06-26 15:10:57,123,W+1.5,19,True,False,False,,-1,53.0798,3000
2026-06-26 15:11:54,117,W+9.5,18,True,False,False,,-1,53.1148,3000
2026-06-26 15:12:46,106,B+1.5,14,True,False,False,,-1,52.8638,3000
2026-06-26 15:13:01,24,W+7.5,2,True,False,False,,-1,52.4728,3000
2026-06-26 15:13:56,111,W+6.5,10,True,False,False,,-1,52.5181,3000
2026-06-26 15:14:41,85,B+1.5,4,True,False,False,,-1,52.4367,3000
2026-06-26 15:15:34,102,B+6.5,6,True,False,False,,-1,52.4699,3000
2026-06-26 15:16:24,103,W+2.5,10,True,False,False,,-1,52.2688,3000
2026-06-26 15:17:22,119,W+2.5,12,True,False,False,,-1,52.3587,3000
2026-06-26 15:18:10,96,B+1.5,9,True,False,False,,-1,52.273,3000
2026-06-26 15:19:01,107,W+2.5,19,True,False,False,,-1,52.3353,3000
2026-06-26 15:19:51,90,W+4.5,3,True,False,False,,-1,52.2774,3000
2026-06-26 15:20:46,105,B+1.5,7,True,False,False,,-1,52.1144,3000
2026-06-26 15:21:00,22,W+7.5,2,True,False,False,,-1,51.7164,3000
2026-06-26 15:21:46,91,W+3.5,6,True,False,False,,-1,51.6908,3000
2026-06-26 15:22:40,105,W+1.5,8,True,False,False,,-1,51.7925,3000
2026-06-26 15:23:37,121,W+0.5,17,True,False,False,,-1,51.8985,3000
2026-06-26 15:24:41,132,B+9.5,17,True,False,False,,-1,51.9581,3000
2026-06-26 15:25:41,135,W+2.5,26,True,False,False,,-1,52.0074,3000
2026-06-26 15:26:53,162,W+15.5,28,True,False,False,,-1,52.0816,3000
2026-06-26 15:27:45,107,W+1.5,17,True,False,False,,-1,52.0503,3000
2026-06-26 15:28:49,128,B+13.5,10,True,False,False,,-1,52.2045,3000
2026-06-26 15:29:44,113,W+7.5,17,True,False,False,,-1,52.2618,3000
2026-06-26 15:30:38,108,B+3.5,18,True,False,False,,-1,52.2954,3000
2026-06-26 15:31:29,105,W+5.5,15,True,False,False,,-1,52.2835,3000
2026-06-26 15:32:24,107,B+4.5,6,True,False,False,,-1,52.3897,3000
2026-06-26 15:32:47,38,W+8.5,2,True,False,False,,-1,52.1502,3000
2026-06-26 15:33:47,120,W+4.5,14,True,False,False,,-1,52.2003,3000
2026-06-26 15:34:37,106,B+0.5,15,True,False,False,,-1,52.1542,3000
2026-06-26 15:35:31,112,B+1.5,12,True,False,False,,-1,52.1632,3000
2026-06-26 15:36:17,85,B+4.5,6,True,False,False,,-1,52.1142,3000
2026-06-26 15:37:11,106,B+15.5,14,True,False,False,,-1,52.1244,3000
2026-06-26 15:37:56,79,B+0.5,2,True,False,False,,-1,52.0328,3000
2026-06-26 15:39:07,149,B+55.5,11,True,False,False,,-1,52.2372,3000
2026-06-26 15:39:57,99,W+3.5,6,True,False,False,,-1,52.1884,3000
2026-06-26 15:40:48,105,B+4.5,13,True,False,False,,-1,52.0951,3000
2026-06-26 15:41:37,101,W+0.5,12,True,False,False,,-1,52.0222,3000
2026-06-26 15:42:27,91,B+0.5,4,True,False,False,,-1,51.9904,3000
2026-06-26 15:43:11,79,B+1.5,4,True,False,False,,-1,51.8689,3000
2026-06-26 15:44:03,113,W+9.5,13,True,False,False,,-1,51.7865,3000
2026-06-26 15:44:57,112,B+0.5,13,True,False,False,,-1,51.7782,3000
2026-06-26 15:45:54,116,B+1.5,15,True,False,False,,-1,51.8247,3000
2026-06-26 15:46:42,99,W+2.5,11,True,False,False,,-1,51.6286,3000
2026-06-26 15:47:42,118,B+6.5,16,True,False,False,,-1,51.7128,3000
2026-06-26 15:48:35,108,B+1.5,11,True,False,False,,-1,51.7025,3000
2026-06-26 15:49:26,118,B+0.5,21,True,False,False,,-1,51.6271,3000
2026-06-26 15:50:22,109,W+1.5,11,True,False,False,,-1,51.7188,3000
2026-06-26 15:51:04,71,B+0.5,6,True,False,False,,-1,51.6224,3000
2026-06-26 15:51:24,32,W+7.5,2,True,False,False,,-1,51.3214,3000
2026-06-26 15:52:13,101,W+10.5,12,True,False,False,,-1,51.2803,3000
2026-06-26 15:53:08,112,B+0.5,12,True,False,False,,-1,51.3766,3000
2026-06-26 15:54:01,104,B+1.5,12,True,False,False,,-1,51.3223,3000
2026-06-26 15:54:55,111,W+0.5,15,True,False,False,,-1,51.31,3000
2026-06-26 15:55:52,123,W+5.5,20,True,False,False,,-1,51.3736,3000
2026-06-26 15:56:40,99,W+1.5,14,True,False,False,,-1,51.3285,3000
2026-06-26 15:57:21,84,W+0.5,6,True,False,False,,-1,51.2885,3000
2026-06-26 15:58:07,85,B+1.5,6,True,False,False,,-1,51.1488,3000
2026-06-26 15:59:03,121,W+9.5,20,True,False,False,,-1,51.1866,3000
2026-06-26 16:00:07,143,W+2.5,24,True,False,False,,-1,51.2997,3000
2026-06-26 16:01:05,121,W+2.5,16,True,False,False,,-1,51.3343,3000
2026-06-26 16:01:58,102,B+1.5,9,True,False,False,,-1,51.3668,3000
2026-06-26 16:02:44,87,B+5.5,7,True,False,False,,-1,51.3501,3000
2026-06-26 16:03:28,79,B+12.5,4,True,False,False,,-1,51.2986,3000
2026-06-26 16:04:21,113,W+2.5,18,True,False,False,,-1,51.2589,3000
2026-06-26 16:05:08,87,B+1.5,7,True,False,False,,-1,51.1125,3000
2026-06-26 16:05:55,95,W+0.5,10,True,False,False,,-1,51.0645,3000
2026-06-26 16:06:54,135,W+1.5,25,True,False,False,,-1,51.1198,3000
2026-06-26 16:07:46,101,W+8.5,6,True,False,False,,-1,51.1513,3000
2026-06-26 16:08:46,136,B+0.5,25,True,False,False,,-1,51.2361,3000
2026-06-26 16:09:37,96,B+0.5,10,True,False,False,,-1,51.1969,3000
2026-06-26 16:10:33,119,W+1.5,12,True,False,False,,-1,51.2063,3000
2026-06-26 16:11:28,117,W+0.5,17,True,False,False,,-1,51.3056,3000
2026-06-26 16:12:25,120,B+2.5,16,True,False,False,,-1,51.3773,3000
2026-06-26 16:13:17,100,B+2.5,11,True,False,False,,-1,51.3058,3000
2026-06-26 16:14:10,111,W+3.5,15,True,False,False,,-1,51.3416,3000
2026-06-26 16:14:55,83,B+6.5,3,True,False,False,,-1,51.3334,3000
2026-06-26 16:15:49,111,W+2.5,10,True,False,False,,-1,51.3004,3000
2026-06-26 16:16:35,87,B+6.5,6,True,False,False,,-1,51.2937,3000
2026-06-26 16:17:22,92,B+1.5,7,True,False,False,,-1,51.2139,3000
2026-06-26 16:18:22,129,W+1.5,13,True,False,False,,-1,51.3248,3000
2026-06-26 16:21:42,109,W+2.5,19,True,False,False,,-1,51.797,4000
2026-06-26 16:22:29,87,B+3.5,6,True,False,False,,-1,51.6819,4000
2026-06-26 16:23:24,111,B+2.5,14,True,False,False,,-1,51.6688,4000
2026-06-26 16:24:25,162,W+0.5,26,True,False,False,,-1,51.787,4000
2026-06-26 16:25:30,162,W+16.5,33,True,False,False,,-1,51.8528,4000
2026-06-26 16:26:19,117,W+2.5,18,True,False,False,,-1,51.8559,4000
2026-06-26 16:27:06,107,W+1.5,15,True,False,False,,-1,51.7452,4000
2026-06-26 16:28:01,132,W+0.5,21,True,False,False,,-1,51.8592,4000
2026-06-26 16:28:51,105,W+2.5,17,True,False,False,,-1,51.8644,4000
2026-06-26 16:29:45,116,B+2.5,11,True,False,False,,-1,51.8772,4000
2026-06-26 16:30:32,102,B+0.5,11,True,False,False,,-1,51.8623,4000
2026-06-26 16:31:22,108,B+2.5,8,True,False,False,,-1,51.8547,4000
2026-06-26 16:32:12,101,B+3.5,10,True,False,False,,-1,51.8068,4000
2026-06-26 16:33:05,121,W+4.5,15,True,False,False,,-1,51.8627,4000
2026-06-26 16:33:53,102,B+2.5,5,True,False,False,,-1,51.7673,4000
2026-06-26 16:34:42,109,W+2.5,18,True,False,False,,-1,51.6912,4000
2026-06-26 16:35:10,49,B+8.5,2,True,False,False,,-1,51.3551,4000
2026-06-26 16:35:55,94,B+2.5,10,True,False,False,,-1,51.1549,4000
2026-06-26 16:36:08,22,W+6.5,2,True,False,False,,-1,50.7849,4000
2026-06-26 16:36:57,115,W+2.5,18,True,False,False,,-1,50.7029,4000
2026-06-26 16:37:39,88,B+1.5,9,True,False,False,,-1,50.5495,4000
2026-06-26 16:38:26,100,B+1.5,11,True,False,False,,-1,50.5037,4000
2026-06-26 16:39:12,98,B+1.5,13,True,False,False,,-1,50.8149,4000
2026-06-26 16:40:04,108,B+0.5,16,True,False,False,,-1,50.7807,4000
2026-06-26 16:40:53,109,W+3.5,18,True,False,False,,-1,50.8201,4000
2026-06-26 16:41:38,93,B+1.5,7,True,False,False,,-1,50.742,4000
2026-06-26 16:42:41,162,B+5.5,25,True,False,False,,-1,50.8755,4000
2026-06-26 16:43:33,119,W+0.5,13,True,False,False,,-1,50.8139,4000
2026-06-26 16:44:29,128,W+0.5,19,True,False,False,,-1,50.8978,4000
2026-06-26 16:45:29,141,W+0.5,25,True,False,False,,-1,50.9876,4000
2026-06-26 16:46:18,96,B+9.5,9,True,False,False,,-1,50.9687,4000
2026-06-26 16:47:09,116,B+3.5,17,True,False,False,,-1,50.9352,4000
2026-06-26 16:47:56,93,B+0.5,8,True,False,False,,-1,51.2654,4000
2026-06-26 16:48:40,77,B+3.5,2,True,False,False,,-1,51.2432,4000
2026-06-26 16:49:47,157,B+0.5,26,True,False,False,,-1,51.374,4000
2026-06-26 16:50:52,159,W+1.5,40,True,False,False,,-1,51.4459,4000
2026-06-26 16:51:39,103,W+3.5,14,True,False,False,,-1,51.2881,4000
2026-06-26 16:52:31,114,B+1.5,8,True,False,False,,-1,51.1991,4000
2026-06-26 16:53:27,145,W+0.5,30,True,False,False,,-1,51.0457,4000
2026-06-26 16:53:45,28,W+9.5,2,True,False,False,,-1,50.6997,4000
2026-06-26 16:54:26,73,B+1.5,3,True,False,False,,-1,50.4711,4000
2026-06-26 16:54:46,34,W+9.5,2,True,False,False,,-1,50.124,4000
2026-06-26 16:55:49,152,B+3.5,27,True,False,False,,-1,50.2067,4000
2026-06-26 16:56:50,138,B+5.5,20,True,False,False,,-1,50.3088,4000
2026-06-26 16:57:33,82,B+0.5,7,True,False,False,,-1,50.1912,4000
2026-06-26 16:58:22,102,B+0.5,10,True,False,False,,-1,50.4467,4000
2026-06-26 16:59:23,138,B+3.5,14,True,False,False,,-1,50.4667,4000
2026-06-26 17:00:14,112,B+0.5,13,True,False,False,,-1,50.4709,4000
2026-06-26 17:01:01,97,B+3.5,10,True,False,False,,-1,50.4,4000
2026-06-26 17:01:22,34,W+9.5,2,True,False,False,,-1,50.1551,4000
2026-06-26 17:02:25,157,W+1.5,30,True,False,False,,-1,50.239,4000
2026-06-26 17:03:11,88,B+1.5,5,True,False,False,,-1,50.2453,4000
2026-06-26 17:03:53,77,B+1.5,7,True,False,False,,-1,49.9644,4000
2026-06-26 17:04:44,102,B+2.5,11,True,False,False,,-1,49.9708,4000
2026-06-26 17:05:45,162,W+3.5,31,True,False,False,,-1,50.0709,4000
2026-06-26 17:06:37,117,W+2.5,13,True,False,False,,-1,50.1019,4000
2026-06-26 17:07:39,140,W+2.5,17,True,False,False,,-1,50.2187,4000
2026-06-26 17:08:27,111,B+2.5,10,True,False,False,,-1,50.2678,4000
2026-06-26 17:09:20,112,B+1.5,13,True,False,False,,-1,50.2684,4000
2026-06-26 17:09:50,55,B+0.5,6,True,False,False,,-1,50.0364,4000
2026-06-26 17:10:39,113,W+3.5,21,True,False,False,,-1,49.9622,4000
2026-06-26 17:11:31,109,B+5.5,14,True,False,False,,-1,49.9943,4000
2026-06-26 17:12:32,145,B+2.5,23,True,False,False,,-1,50.0098,4000
2026-06-26 17:13:18,96,B+4.5,7,True,False,False,,-1,49.928,4000
2026-06-26 17:14:04,103,W+2.5,18,True,False,False,,-1,49.8777,4000
2026-06-26 17:15:02,132,B+1.5,23,True,False,False,,-1,49.9027,4000
2026-06-26 17:15:50,109,B+1.5,14,True,False,False,,-1,49.9622,4000
2026-06-26 17:16:56,162,W+1.5,38,True,False,False,,-1,50.4304,4000
2026-06-26 17:17:44,105,W+2.5,14,True,False,False,,-1,50.414,4000
2026-06-26 17:18:41,133,W+0.5,26,True,False,False,,-1,50.4301,4000
2026-06-26 17:19:24,81,B+0.5,4,True,False,False,,-1,50.3342,4000
2026-06-26 17:20:16,123,W+1.5,24,True,False,False,,-1,50.3193,4000
2026-06-26 17:21:16,133,B+1.5,24,True,False,False,,-1,50.3415,4000
2026-06-26 17:22:04,115,W+0.5,22,True,False,False,,-1,50.3509,4000
2026-06-26 17:22:56,119,W+1.5,14,True,False,False,,-1,50.4484,4000
2026-06-26 17:23:52,133,W+1.5,24,True,False,False,,-1,50.5538,4000
2026-06-26 17:24:59,157,W+0.5,30,True,False,False,,-1,50.6597,4000
2026-06-26 17:25:57,130,B+0.5,20,True,False,False,,-1,50.6031,4000
2026-06-26 17:26:45,102,B+6.5,13,True,False,False,,-1,50.5046,4000
2026-06-26 17:27:37,121,W+0.5,21,True,False,False,,-1,50.4978,4000
2026-06-26 17:28:27,103,W+8.5,6,True,False,False,,-1,50.5293,4000
2026-06-26 17:29:14,92,W+0.5,8,True,False,False,,-1,50.5646,4000
2026-06-26 17:30:03,114,B+2.5,19,True,False,False,,-1,50.5202,4000
2026-06-26 17:30:50,93,W+3.5,8,True,False,False,,-1,50.5236,4000
2026-06-26 17:31:43,113,W+3.5,10,True,False,False,,-1,50.5802,4000
2026-06-26 17:32:47,162,B+3.5,26,True,False,False,,-1,50.6321,4000
2026-06-26 17:33:43,133,W+0.5,25,True,False,False,,-1,50.6705,4000
2026-06-26 17:34:30,99,W+0.5,10,True,False,False,,-1,50.5403,4000
2026-06-26 17:35:20,108,W+2.5,16,True,False,False,,-1,50.5275,4000
2026-06-26 17:36:17,143,B+0.5,23,True,False,False,,-1,50.5405,4000
2026-06-26 17:37:04,85,B+3.5,5,True,False,False,,-1,50.4596,4000
2026-06-26 17:37:58,123,W+0.5,17,True,False,False,,-1,50.429,4000
2026-06-26 17:38:54,118,B+2.5,17,True,False,False,,-1,50.4731,4000
2026-06-26 17:39:49,120,B+3.5,10,True,False,False,,-1,50.4952,4000
2026-06-26 17:40:40,109,W+2.5,14,True,False,False,,-1,50.5514,4000
2026-06-26 17:41:27,101,B+2.5,10,True,False,False,,-1,50.4909,4000
2026-06-26 17:42:16,99,B+2.5,9,True,False,False,,-1,50.5086,4000
2026-06-26 17:43:07,104,B+0.5,6,True,False,False,,-1,50.5524,4000
2026-06-26 17:43:58,119,W+0.5,22,True,False,False,,-1,50.4553,4000
2026-06-26 17:44:50,113,B+3.5,11,True,False,False,,-1,50.3974,4000
2026-06-26 17:45:59,162,W+12.5,25,True,False,False,,-1,50.5595,4000
2026-06-26 17:46:47,105,B+2.5,12,True,False,False,,-1,50.5754,4000
2026-06-26 17:47:40,108,B+1.5,15,True,False,False,,-1,50.5604,4000
2026-06-26 17:48:27,94,B+0.5,6,True,False,False,,-1,50.4164,4000
2026-06-26 17:49:13,97,B+0.5,15,True,False,False,,-1,50.2278,4000
2026-06-26 17:50:15,162,W+6.5,24,True,False,False,,-1,50.3572,4000
2026-06-26 17:51:18,162,W+3.5,37,True,False,False,,-1,50.5236,4000
2026-06-26 17:52:03,91,B+1.5,9,True,False,False,,-1,50.4157,4000
2026-06-26 17:52:49,91,B+4.5,7,True,False,False,,-1,50.3739,4000
2026-06-26 17:53:37,101,W+1.5,12,True,False,False,,-1,50.3217,4000
2026-06-26 17:53:51,22,W+9.5,2,True,False,False,,-1,49.9865,4000
2026-06-26 17:54:28,71,B+1.5,7,True,False,False,,-1,49.8567,4000
2026-06-26 17:55:19,107,B+3.5,12,True,False,False,,-1,49.8736,4000
2026-06-26 17:55:33,22,W+7.5,2,True,False,False,,-1,49.4743,4000
2026-06-26 17:56:27,120,B+0.5,16,True,False,False,,-1,49.5435,4000
2026-06-26 17:57:18,106,B+0.5,10,True,False,False,,-1,49.5563,4000
2026-06-26 17:58:17,127,W+2.5,11,True,False,False,,-1,49.8674,4000
2026-06-26 17:59:04,101,W+2.5,11,True,False,False,,-1,49.8867,4000
2026-06-26 18:00:04,122,B+3.5,12,True,False,False,,-1,50.3536,4000
2026-06-26 18:01:02,125,B+1.5,20,True,False,False,,-1,50.4497,4000
2026-06-26 18:01:52,115,W+1.5,22,True,False,False,,-1,50.5322,4000
2026-06-26 18:02:45,114,B+10.5,17,True,False,False,,-1,50.5833,4000
2026-06-26 18:03:20,71,B+0.5,8,True,False,False,,-1,50.4818,4000
2026-06-26 18:04:09,110,B+2.5,13,True,False,False,,-1,50.4449,4000
2026-06-26 18:04:55,86,B+2.5,2,True,False,False,,-1,50.4139,4000
2026-06-26 18:05:55,162,W+3.5,26,True,False,False,,-1,50.5652,4000
2026-06-26 18:07:02,162,B+2.5,23,True,False,False,,-1,50.6025,4000
2026-06-26 18:07:31,51,B+0.5,3,True,False,False,,-1,50.3732,4000
2026-06-26 18:08:22,115,W+1.5,17,True,False,False,,-1,50.3294,4000
2026-06-26 18:09:07,98,B+3.5,15,True,False,False,,-1,50.1779,4000
2026-06-26 18:09:54,107,W+3.5,11,True,False,False,,-1,50.1624,4000
2026-06-26 18:10:44,107,W+4.5,15,True,False,False,,-1,50.1452,4000
2026-06-26 18:11:48,161,W+4.5,31,True,False,False,,-1,50.3194,4000
2026-06-26 18:12:41,108,B+1.5,17,True,False,False,,-1,50.4077,4000
2026-06-26 18:13:29,102,B+1.5,17,True,False,False,,-1,50.2138,4000
2026-06-26 18:14:28,146,B+5.5,19,True,False,False,,-1,50.1618,4000
2026-06-26 18:15:14,86,B+2.5,9,True,False,False,,-1,50.1424,4000
2026-06-26 18:16:13,139,W+0.5,26,True,False,False,,-1,50.2193,4000
2026-06-26 18:17:08,127,B+0.5,18,True,False,False,,-1,50.1993,4000
2026-06-26 18:17:53,89,B+1.5,5,True,False,False,,-1,50.4807,4000
2026-06-26 18:18:48,120,B+8.5,9,True,False,False,,-1,50.6189,4000
2026-06-26 18:19:32,89,W+2.5,5,True,False,False,,-1,50.8568,4000
2026-06-26 18:20:19,98,B+0.5,12,True,False,False,,-1,50.699,4000
2026-06-26 18:21:24,162,W+10.5,33,True,False,False,,-1,50.7424,4000
2026-06-26 18:21:40,26,W+8.5,2,True,False,False,,-1,50.4687,4000
2026-06-26 18:22:36,147,B+0.5,22,True,False,False,,-1,50.5431,4000
2026-06-26 18:23:28,117,W+0.5,13,True,False,False,,-1,50.4377,4000
2026-06-26 18:24:06,65,B+5.5,3,True,False,False,,-1,50.3102,4000
2026-06-26 18:24:46,73,B+1.5,2,True,False,False,,-1,50.2474,4000
2026-06-26 18:25:52,162,W+4.5,34,True,False,False,,-1,50.6966,4000
2026-06-26 18:26:49,125,W+2.5,20,True,False,False,,-1,50.6337,4000
2026-06-26 18:27:39,101,W+2.5,10,True,False,False,,-1,50.6838,4000
2026-06-26 18:28:36,135,W+2.5,24,True,False,False,,-1,50.8282,4000
2026-06-26 18:29:39,162,W+9.5,38,True,False,False,,-1,50.9499,4000
2026-06-26 18:30:26,97,W+2.5,14,True,False,False,,-1,50.805,4000
2026-06-26 18:31:02,63,B+2.5,4,True,False,False,,-1,50.6544,4000
2026-06-26 18:32:11,162,W+1.5,38,True,False,False,,-1,50.7216,4000
2026-06-26 18:33:19,161,B+4.5,36,True,False,False,,-1,50.9123,4000
2026-06-26 18:33:49,53,B+3.5,4,True,False,False,,-1,50.6869,4000
2026-06-26 18:34:34,99,W+3.5,9,True,False,False,,-1,50.838,4000
2026-06-26 18:35:22,89,B+3.5,5,True,False,False,,-1,50.8194,4000
2026-06-26 18:36:15,126,W+11.5,25,True,False,False,,-1,50.8379,4000
2026-06-26 18:37:08,118,B+0.5,18,True,False,False,,-1,50.7535,4000
2026-06-26 18:38:08,141,W+0.5,25,True,False,False,,-1,50.8984,4000
2026-06-26 18:39:00,128,B+1.5,25,True,False,False,,-1,50.9651,4000
2026-06-26 18:40:04,146,B+1.5,28,True,False,False,,-1,51.019,4000
2026-06-26 18:40:28,40,W+7.5,2,True,False,False,,-1,50.7797,4000
2026-06-26 18:41:18,117,W+10.5,20,True,False,False,,-1,50.6119,4000
2026-06-26 18:42:07,103,B+3.5,14,True,False,False,,-1,50.6221,4000
2026-06-26 18:43:06,162,B+6.5,29,True,False,False,,-1,50.6496,4000
2026-06-26 18:43:34,49,B+2.5,2,True,False,False,,-1,50.5011,4000
2026-06-26 18:44:25,116,W+3.5,21,True,False,False,,-1,50.4849,4000
2026-06-26 18:45:19,122,W+1.5,20,True,False,False,,-1,50.4291,4000
2026-06-26 18:45:34,24,W+7.5,2,True,False,False,,-1,50.0921,4000
2026-06-26 18:46:16,85,B+1.5,7,True,False,False,,-1,50.0048,4000
2026-06-26 18:47:12,118,B+1.5,16,True,False,False,,-1,49.9942,4000
2026-06-26 18:47:55,88,B+0.5,6,True,False,False,,-1,49.7629,4000
2026-06-26 18:48:44,111,W+0.5,23,True,False,False,,-1,49.6664,4000
2026-06-26 18:49:33,113,W+0.5,16,True,False,False,,-1,49.6811,4000
2026-06-26 18:50:30,121,B+3.5,14,True,False,False,,-1,49.7293,4000
2026-06-26 18:51:20,107,W+0.5,11,True,False,False,,-1,49.7324,4000
2026-06-26 18:52:09,101,B+2.5,22,True,False,False,,-1,49.7488,4000
2026-06-26 18:53:02,110,B+2.5,14,True,False,False,,-1,49.7822,4000
2026-06-26 18:53:56,125,W+5.5,26,True,False,False,,-1,49.8523,4000
2026-06-26 18:54:50,127,W+5.5,29,True,False,False,,-1,49.8708,4000
2026-06-26 18:55:35,101,W+2.5,15,True,False,False,,-1,49.6805,4000
2026-06-26 18:56:30,120,B+1.5,7,True,False,False,,-1,49.665,4000
2026-06-26 18:57:26,135,W+0.5,26,True,False,False,,-1,49.7561,4000
2026-06-26 18:58:13,91,B+6.5,4,True,False,False,,-1,49.7327,4000
2026-06-26 18:58:56,89,B+1.5,6,True,False,False,,-1,49.5853,4000
2026-06-26 18:59:47,101,W+3.5,9,True,False,False,,-1,49.6262,4000
2026-06-26 19:00:39,113,W+2.5,17,True,False,False,,-1,49.601,4000
2026-06-26 19:01:27,94,B+2.5,5,True,False,False,,-1,49.5225,4000
2026-06-26 19:01:39,20,W+6.5,2,True,False,False,,-1,49.0957,4000
2026-06-26 19:02:25,95,W+2.5,10,True,False,False,,-1,49.0457,4000
2026-06-26 19:03:14,103,W+0.5,11,True,False,False,,-1,49.0655,4000
2026-06-26 19:04:08,123,B+1.5,15,True,False,False,,-1,49.1233,4000
2026-06-26 19:04:56,96,B+1.5,6,True,False,False,,-1,49.0891,4000
2026-06-26 19:05:43,101,W+1.5,13,True,False,False,,-1,49.0534,4000
2026-06-26 19:06:26,75,B+0.5,4,True,False,False,,-1,48.9621,4000
2026-06-26 19:07:08,81,B+2.5,7,True,False,False,,-1,48.6934,4000
2026-06-26 19:08:10,155,W+1.5,36,True,False,False,,-1,48.8274,4000
2026-06-26 19:09:03,121,B+0.5,13,True,False,False,,-1,48.8293,4000
2026-06-26 19:09:58,131,W+0.5,21,True,False,False,,-1,48.9083,4000
2026-06-26 19:10:53,123,W+0.5,20,True,False,False,,-1,48.9997,4000
2026-06-26 19:11:57,142,B+5.5,21,True,False,False,,-1,49.0182,4000
2026-06-26 19:13:02,162,W+8.5,43,True,False,False,,-1,49.0359,4000
2026-06-26 19:14:02,134,W+2.5,26,True,False,False,,-1,49.1821,4000
2026-06-26 19:14:55,117,B+2.5,16,True,False,False,,-1,49.2542,4000
2026-06-26 19:15:45,115,W+2.5,21,True,False,False,,-1,49.2701,4000
2026-06-26 19:16:45,137,W+1.5,20,True,False,False,,-1,49.7465,4000
2026-06-26 19:17:41,122,B+0.5,7,True,False,False,,-1,49.923,4000
2026-06-26 19:18:44,159,B+0.5,37,True,False,False,,-1,50.0466,4000
2026-06-26 19:19:27,91,W+2.5,6,True,False,False,,-1,50.3378,4000
2026-06-26 19:20:25,145,W+3.5,30,True,False,False,,-1,50.3737,4000
2026-06-26 19:20:59,61,B+3.5,5,True,False,False,,-1,50.2104,4000
2026-06-26 19:21:11,20,W+7.5,2,True,False,False,,-1,49.7373,4000
2026-06-26 19:22:03,114,B+1.5,11,True,False,False,,-1,49.7849,4000
2026-06-26 19:22:48,94,B+2.5,15,True,False,False,,-1,49.6384,4000
2026-06-26 19:23:00,20,W+7.5,2,True,False,False,,-1,49.1754,4000
2026-06-26 19:23:47,103,B+1.5,16,True,False,False,,-1,49.1423,4000
2026-06-26 19:24:36,100,B+0.5,11,True,False,False,,-1,49.1125,4000
2026-06-26 19:25:26,107,W+3.5,14,True,False,False,,-1,49.2481,4000
2026-06-26 19:26:24,138,B+0.5,22,True,False,False,,-1,49.35,4000
2026-06-26 19:27:14,102,B+1.5,13,True,False,False,,-1,49.3862,4000
2026-06-26 19:28:08,135,W+2.5,20,True,False,False,,-1,49.324,4000
2026-06-26 19:29:07,126,B+3.5,13,True,False,False,,-1,49.2453,4000
2026-06-26 19:30:04,137,W+1.5,29,True,False,False,,-1,49.53,4000
2026-06-26 19:31:06,153,W+1.5,33,True,False,False,,-1,49.6333,4000
2026-06-26 19:31:59,127,W+1.5,20,True,False,False,,-1,49.7118,4000
2026-06-26 19:32:51,119,W+0.5,21,True,False,False,,-1,49.7628,4000
2026-06-26 19:33:05,24,W+6.5,2,True,False,False,,-1,49.41,4000
2026-06-26 19:33:55,106,B+0.5,6,True,False,False,,-1,49.2682,4000
2026-06-26 19:34:41,95,B+1.5,5,True,False,False,,-1,49.1929,4000
2026-06-26 19:34:59,30,W+7.5,2,True,False,False,,-1,48.9049,4000
2026-06-26 19:35:56,129,W+10.5,22,True,False,False,,-1,48.8742,4000
2026-06-26 19:36:49,125,W+1.5,26,True,False,False,,-1,48.9494,4000
2026-06-26 19:37:50,162,W+3.5,26,True,False,False,,-1,48.9689,4000
2026-06-26 19:38:47,131,W+2.5,23,True,False,False,,-1,48.9934,4000
2026-06-26 19:39:30,87,B+1.5,13,True,False,False,,-1,48.9708,4000
2026-06-26 19:40:40,162,B+17.5,31,True,False,False,,-1,49.1206,4000
2026-06-26 19:41:26,83,B+0.5,6,True,False,False,,-1,49.1333,4000
2026-06-26 19:42:28,162,W+2.5,34,True,False,False,,-1,49.2884,4000
2026-06-26 19:43:18,108,B+2.5,16,True,False,False,,-1,49.1367,4000
2026-06-26 19:44:16,135,B+1.5,20,True,False,False,,-1,49.5594,4000
2026-06-26 19:45:04,102,B+1.5,10,True,False,False,,-1,49.4749,4000
2026-06-26 19:45:57,110,B+3.5,15,True,False,False,,-1,49.487,4000
2026-06-26 19:46:43,101,W+0.5,8,True,False,False,,-1,49.5765,4000
2026-06-26 19:47:36,113,W+2.5,8,True,False,False,,-1,49.7005,4000
2026-06-26 19:48:27,115,W+1.5,15,True,False,False,,-1,49.5503,4000
2026-06-26 19:49:17,116,B+1.5,22,True,False,False,,-1,49.4839,4000
2026-06-26 19:50:08,109,W+4.5,12,True,False,False,,-1,49.4832,4000
2026-06-26 19:50:55,104,B+0.5,12,True,False,False,,-1,49.3846,4000
2026-06-26 19:51:51,125,W+0.5,14,True,False,False,,-1,49.3156,4000
2026-06-26 19:52:28,67,B+0.5,4,True,False,False,,-1,49.2188,4000
2026-06-26 19:53:13,95,B+2.5,7,True,False,False,,-1,49.3076,4000
2026-06-26 19:54:06,119,W+2.5,24,True,False,False,,-1,49.1458,4000
