datetime,game_length,game_result,num_passes,is_resign_disabled,is_marked_for_resign,is_could_won,marked_resign_player,resign_threshold,time_per_game,training_steps
2026-06-25 19:56:36,118,B+7.5,8,True,False,False,,-1,68.467,0
2026-06-25 19:57:32,115,W+4.5,6,True,False,False,,-1,61.9525,0
2026-06-25 19:58:11,68,W+12.5,3,True,False,False,,-1,54.1999,0
2026-06-25 19:58:49,68,W+1.5,2,True,False,False,,-1,50.204,0
2026-06-25 19:59:49,115,B+4.5,7,True,False,False,,-1,52.0941,0
2026-06-25 20:00:41,99,B+4.5,5,True,False,False,,-1,52.2246,0
2026-06-25 20:01:39,119,W+0.5,8,True,False,False,,-1,53.042,0
2026-06-25 20:02:56,154,B+37.5,8,True,False,False,,-1,56.0118,0
2026-06-25 20:03:46,97,B+3.5,4,True,False,False,,-1,55.3511,0
2026-06-25 20:04:25,67,B+1.5,2,True,False,False,,-1,53.6733,0
2026-06-25 20:05:32,141,B+46.5,14,True,False,False,,-1,54.9291,0
2026-06-25 20:06:32,123,W+15.5,6,True,False,False,,-1,55.3502,0
2026-06-25 20:07:23,95,B+8.5,4,True,False,False,,-1,54.9631,0
2026-06-25 20:08:00,66,W+5.5,3,True,False,False,,-1,53.7037,0
2026-06-25 20:08:57,112,B+2.5,7,True,False,False,,-1,53.9224,0
2026-06-25 20:09:38,74,W+11.5,6,True,False,False,,-1,53.15,0
2026-06-25 20:10:28,96,B+7.5,4,True,False,False,,-1,52.9273,0
2026-06-25 20:11:39,139,B+35.5,10,True,False,False,,-1,53.921,0
2026-06-25 20:12:12,60,W+8.5,2,True,False,False,,-1,52.8222,0
2026-06-25 20:13:06,111,W+1.5,7,True,False,False,,-1,52.9172,0
2026-06-25 20:13:41,62,W+6.5,4,True,False,False,,-1,52.0591,0
2026-06-25 20:14:31,98,B+9.5,4,True,False,False,,-1,51.9458,0
2026-06-25 20:15:14,77,B+5.5,7,True,False,False,,-1,51.5407,0
2026-06-25 20:15:40,46,W+5.5,3,True,False,False,,-1,50.5051,0
2026-06-25 20:16:34,111,W+2.5,9,True,False,False,,-1,50.6544,0
2026-06-25 20:17:25,88,W+16.5,4,True,False,False,,-1,50.6425,0
2026-06-25 20:18:06,72,W+5.5,5,True,False,False,,-1,50.2922,0
2026-06-25 20:18:54,99,B+1.5,7,True,False,False,,-1,50.2209,0
2026-06-25 20:19:47,105,W+0.5,9,True,False,False,,-1,50.3225,0
2026-06-25 20:20:25,66,W+7.5,2,True,False,False,,-1,49.9065,0
2026-06-25 20:21:02,64,W+8.5,4,True,False,False,,-1,49.4865,0
2026-06-25 20:21:49,90,B+2.5,3,True,False,False,,-1,49.3945,0
2026-06-25 20:22:31,76,W+7.5,3,True,False,False,,-1,49.1737,0
2026-06-25 20:23:08,66,W+8.5,2,True,False,False,,-1,48.8275,0
2026-06-25 20:24:10,122,B+25.5,7,True,False,False,,-1,49.2011,0
2026-06-25 20:25:03,106,B+1.5,2,True,False,False,,-1,49.2951,0
2026-06-25 20:26:01,114,B+3.5,7,True,False,False,,-1,49.5376,0
2026-06-25 20:27:09,139,W+37.5,7,True,False,False,,-1,50.027,0
2026-06-25 20:27:35,44,W+8.5,2,True,False,False,,-1,49.3945,0
2026-06-25 20:28:39,123,W+25.5,7,True,False,False,,-1,49.7645,0
2026-06-25 20:29:37,116,B+24.5,10,True,False,False,,-1,49.9773,0
2026-06-25 20:30:45,140,B+34.5,8,True,False,False,,-1,50.3988,0
2026-06-25 20:31:27,74,W+3.5,4,True,False,False,,-1,50.1962,0
2026-06-25 20:32:47,162,W+52.5,7,True,False,False,,-1,50.8873,0
2026-06-25 20:33:35,83,B+9.5,3,True,False,False,,-1,50.8203,0
2026-06-25 20:34:14,74,W+1.5,2,True,False,False,,-1,50.5681,0
2026-06-25 20:35:12,113,B+24.5,5,True,False,False,,-1,50.7122,0
2026-06-25 20:35:42,54,W+8.5,4,True,False,False,,-1,50.2949,0
2026-06-25 20:36:09,46,W+6.5,2,True,False,False,,-1,49.8046,0
2026-06-25 20:36:51,76,W+14.5,3,True,False,False,,-1,49.6518,0
2026-06-25 20:37:21,54,W+8.5,2,True,False,False,,-1,49.2799,0
2026-06-25 20:38:02,70,W+6.5,3,True,False,False,,-1,49.1047,0
2026-06-25 20:38:52,99,W+9.5,5,True,False,False,,-1,49.1269,0
2026-06-25 20:39:45,110,B+7.5,6,True,False,False,,-1,49.2034,0
2026-06-25 20:39:56,20,W+7.5,2,True,False,False,,-1,48.5127,0
2026-06-25 20:41:13,162,W+44.5,6,True,False,False,,-1,49.0153,0
2026-06-25 20:42:15,121,B+21.5,12,True,False,False,,-1,49.2388,0
2026-06-25 20:43:17,118,W+18.5,6,True,False,False,,-1,49.457,0
2026-06-25 20:43:54,66,W+8.5,2,True,False,False,,-1,49.2503,0
2026-06-25 20:44:51,107,W+22.5,7,True,False,False,,-1,49.3721,0
2026-06-25 20:45:24,60,W+6.5,3,True,False,False,,-1,49.1163,0
2026-06-25 20:46:17,103,W+0.5,3,True,False,False,,-1,49.1752,0
2026-06-25 20:46:48,54,W+8.5,3,True,False,False,,-1,48.8826,0
2026-06-25 20:47:31,84,W+11.5,4,True,False,False,,-1,48.7984,0
2026-06-25 20:48:22,105,W+14.5,10,True,False,False,,-1,48.8221,0
2026-06-25 20:49:08,93,W+1.5,7,True,False,False,,-1,48.7833,0
2026-06-25 20:49:20,22,W+7.5,2,True,False,False,,-1,48.2398,0
2026-06-25 20:50:19,119,B+17.5,6,True,False,False,,-1,48.3985,0
2026-06-25 20:51:19,121,B+28.5,9,True,False,False,,-1,48.5674,0
2026-06-25 20:52:02,75,B+0.5,4,True,False,False,,-1,48.4749,0
2026-06-25 20:52:44,74,W+10.5,3,True,False,False,,-1,48.3888,0
2026-06-25 20:53:20,62,W+8.5,4,True,False,False,,-1,48.2118,0
2026-06-25 20:54:15,116,B+9.5,8,True,False,False,,-1,48.3129,0
2026-06-25 20:55:06,109,W+2.5,5,True,False,False,,-1,48.3474,0
2026-06-25 20:55:44,65,B+0.5,3,True,False,False,,-1,48.2053,0
2026-06-25 20:57:01,159,B+32.5,13,True,False,False,,-1,48.5917,0
2026-06-25 20:57:47,85,B+2.5,3,True,False,False,,-1,48.5576,0
2026-06-25 20:59:05,162,B+33.5,9,True,False,False,,-1,48.9273,0
2026-06-25 20:59:58,105,B+0.5,6,True,False,False,,-1,48.9787,0
2026-06-25 21:00:57,121,B+3.5,8,True,False,False,,-1,49.107,0
2026-06-25 21:01:49,98,W+16.5,5,True,False,False,,-1,49.145,0
2026-06-25 21:02:31,74,W+6.5,5,True,False,False,,-1,49.0572,0
2026-06-25 21:03:21,99,W+7.5,5,True,False,False,,-1,49.071,0
2026-06-25 21:04:01,70,W+8.5,3,True,False,False,,-1,48.9545,0
2026-06-25 21:05:06,141,W+26.5,8,True,False,False,,-1,49.1546,0
2026-06-25 21:05:56,102,B+2.5,5,True,False,False,,-1,49.1581,0
2026-06-25 21:06:45,99,B+4.5,8,True,False,False,,-1,49.1531,0
2026-06-25 21:07:36,104,B+2.5,5,True,False,False,,-1,49.1772,0
2026-06-25 21:08:23,96,W+3.5,7,True,False,False,,-1,49.1512,0
2026-06-25 21:09:18,111,W+6.5,6,True,False,False,,-1,49.2199,0
2026-06-25 21:10:01,79,B+1.5,5,True,False,False,,-1,49.1514,0
2026-06-25 21:10:42,70,W+9.5,3,True,False,False,,-1,49.0589,0
2026-06-25 21:11:30,93,B+7.5,2,True,False,False,,-1,49.0465,0
2026-06-25 21:12:09,70,W+5.5,2,True,False,False,,-1,48.9427,0
2026-06-25 21:12:28,34,W+9.5,2,True,False,False,,-1,48.6303,0
2026-06-25 21:12:42,24,W+8.5,2,True,False,False,,-1,48.2627,0
2026-06-25 21:13:41,126,B+1.5,10,True,False,False,,-1,48.3807,0
2026-06-25 21:14:17,62,W+9.5,2,True,False,False,,-1,48.2526,0
2026-06-25 21:15:35,162,W+65.5,6,True,False,False,,-1,48.5479,0
2026-06-25 21:16:12,66,W+7.5,3,True,False,False,,-1,48.4399,0
2026-06-25 21:16:49,66,W+0.5,2,True,False,False,,-1,48.1249,0
2026-06-25 21:17:20,52,W+6.5,2,True,False,False,,-1,47.8724,0
2026-06-25 21:17:55,62,W+8.5,2,True,False,False,,-1,47.8442,0
2026-06-25 21:18:37,77,B+0.5,4,True,False,False,,-1,47.8783,0
2026-06-25 21:19:32,108,B+9.5,8,True,False,False,,-1,47.8301,0
2026-06-25 21:20:18,89,W+11.5,4,True,False,False,,-1,47.7579,0
2026-06-25 21:21:36,157,W+3.5,5,True,False,False,,-1,47.9668,0
2026-06-25 21:22:19,76,W+14.5,3,True,False,False,,-1,47.6269,0
2026-06-25 21:23:18,114,B+24.5,4,True,False,False,,-1,47.7139,0
2026-06-25 21:23:59,74,W+6.5,3,True,False,False,,-1,47.7371,0
2026-06-25 21:24:41,75,B+1.5,2,True,False,False,,-1,47.4819,0
2026-06-25 21:25:24,77,B+2.5,3,True,False,False,,-1,47.3173,0
2026-06-25 21:26:30,141,W+4.5,10,True,False,False,,-1,47.4729,0
2026-06-25 21:27:12,72,W+7.5,4,True,False,False,,-1,47.5129,0
2026-06-25 21:27:57,94,B+0.5,5,True,False,False,,-1,47.3927,0
2026-06-25 21:29:15,162,W+50.5,4,True,False,False,,-1,47.7568,0
2026-06-25 21:30:14,122,B+4.5,10,True,False,False,,-1,47.856,0
2026-06-25 21:31:03,86,W+2.5,4,True,False,False,,-1,47.6403,0
2026-06-25 21:32:15,142,W+25.5,5,True,False,False,,-1,48.0245,0
2026-06-25 21:33:07,111,W+14.5,8,True,False,False,,-1,48.0067,0
2026-06-25 21:33:48,72,W+0.5,3,True,False,False,,-1,48.0607,0
2026-06-25 21:34:39,103,W+5.5,5,True,False,False,,-1,48.0796,0
2026-06-25 21:35:29,107,W+2.5,7,True,False,False,,-1,48.1506,0
2026-06-25 21:36:29,116,B+2.5,3,True,False,False,,-1,48.4864,0
2026-06-25 21:37:28,125,B+13.5,10,True,False,False,,-1,48.5334,0
2026-06-25 21:38:24,109,W+5.5,7,True,False,False,,-1,48.5915,0
2026-06-25 21:39:07,76,W+5.5,2,True,False,False,,-1,48.6076,0
2026-06-25 21:39:58,96,W+6.5,2,True,False,False,,-1,48.6317,0
2026-06-25 21:40:41,76,W+10.5,5,True,False,False,,-1,48.5296,0
2026-06-25 21:41:20,70,W+12.5,3,True,False,False,,-1,48.5448,0
2026-06-25 21:42:05,77,B+1.5,3,True,False,False,,-1,48.6205,0
2026-06-25 21:42:41,64,W+4.5,3,True,False,False,,-1,48.5149,0
2026-06-25 21:43:20,68,W+11.5,2,True,False,False,,-1,48.4883,0
2026-06-25 21:44:04,84,W+11.5,3,True,False,False,,-1,48.5581,0
2026-06-25 21:44:59,111,W+1.5,5,True,False,False,,-1,48.4844,0
2026-06-25 21:46:00,124,B+0.5,5,True,False,False,,-1,48.5654,0
2026-06-25 21:46:44,79,B+7.5,8,True,False,False,,-1,48.4234,0
2026-06-25 21:47:39,115,B+13.5,7,True,False,False,,-1,48.2966,0
2026-06-25 21:48:16,64,W+8.5,2,True,False,False,,-1,48.4073,0
2026-06-25 21:48:46,52,W+9.5,2,True,False,False,,-1,48.0639,0
2026-06-25 21:49:47,126,B+21.5,8,True,False,False,,-1,48.0975,0
2026-06-25 21:50:41,110,B+1.5,7,True,False,False,,-1,47.9542,0
2026-06-25 21:51:19,66,W+11.5,2,True,False,False,,-1,47.9169,0
2026-06-25 21:51:57,68,W+13.5,2,True,False,False,,-1,47.4966,0
2026-06-25 21:52:48,100,B+1.5,3,True,False,False,,-1,47.5258,0
2026-06-25 21:53:39,101,W+0.5,10,True,False,False,,-1,47.6408,0
2026-06-25 21:53:55,28,W+3.5,2,True,False,False,,-1,47.2295,0
2026-06-25 21:54:43,93,B+1.5,8,True,False,False,,-1,47.3996,0
2026-06-25 21:55:21,68,W+5.5,2,True,False,False,,-1,47.5244,0
2026-06-25 21:56:20,120,B+9.5,9,True,False,False,,-1,47.6878,0
2026-06-25 21:56:31,20,W+7.5,2,True,False,False,,-1,47.4929,0
2026-06-25 21:57:06,60,W+6.5,2,True,False,False,,-1,47.4424,0
2026-06-25 21:57:59,109,W+6.5,6,True,False,False,,-1,47.4668,0
2026-06-25 21:58:34,62,W+8.5,2,True,False,False,,-1,47.2881,0
2026-06-25 21:59:09,62,W+8.5,2,True,False,False,,-1,47.5257,0
2026-06-25 22:00:17,131,B+3.5,7,True,False,False,,-1,47.4368,0
2026-06-25 22:01:07,98,B+1.5,3,True,False,False,,-1,47.3215,0
2026-06-25 22:01:57,99,B+4.5,5,True,False,False,,-1,47.1973,0
2026-06-25 22:02:43,92,B+4.5,5,True,False,False,,-1,47.2861,0
2026-06-25 22:03:50,136,B+20.5,6,True,False,False,,-1,47.3898,0
2026-06-25 22:04:43,114,B+5.5,5,True,False,False,,-1,47.5862,0
2026-06-25 22:06:02,162,W+29.5,17,True,False,False,,-1,47.8479,0
2026-06-25 22:06:48,97,W+3.5,8,True,False,False,,-1,47.9959,0
2026-06-25 22:07:41,111,W+6.5,11,True,False,False,,-1,48.0969,0
2026-06-25 22:08:16,62,W+4.5,2,True,False,False,,-1,47.9418,0
2026-06-25 22:09:11,104,W+21.5,6,True,False,False,,-1,48.0264,0
2026-06-25 22:10:08,115,W+1.5,8,True,False,False,,-1,48.4696,0
2026-06-25 22:10:33,44,W+8.5,3,True,False,False,,-1,48.1283,0
2026-06-25 22:11:12,68,W+3.5,3,True,False,False,,-1,47.9199,0
2026-06-25 22:12:06,105,B+20.5,7,True,False,False,,-1,48.0417,0
2026-06-25 22:12:51,89,W+1.5,5,True,False,False,,-1,48.0684,0
2026-06-25 22:13:33,74,W+4.5,4,True,False,False,,-1,48.132,0
2026-06-25 22:14:24,104,B+5.5,8,True,False,False,,-1,48.0803,0
2026-06-25 22:15:16,107,W+11.5,9,True,False,False,,-1,48.0969,0
2026-06-25 22:16:32,162,W+38.5,8,True,False,False,,-1,48.484,0
2026-06-25 22:17:22,96,W+13.5,3,True,False,False,,-1,48.2049,0
2026-06-25 22:18:24,125,W+7.5,10,True,False,False,,-1,48.3635,0
2026-06-25 22:19:18,97,B+11.5,7,True,False,False,,-1,48.126,0
2026-06-25 22:20:13,117,W+12.5,7,True,False,False,,-1,48.1481,0
2026-06-25 22:21:05,111,W+0.5,6,True,False,False,,-1,48.0804,0
2026-06-25 22:22:24,162,B+16.5,8,True,False,False,,-1,48.3504,0
2026-06-25 22:23:43,162,B+27.5,9,True,False,False,,-1,48.7165,0
2026-06-25 22:24:25,74,W+4.5,2,True,False,False,,-1,48.6312,0
2026-06-25 22:25:16,106,W+21.5,7,True,False,False,,-1,48.7557,0
2026-06-25 22:26:12,119,W+11.5,6,True,False,False,,-1,48.6543,0
2026-06-25 22:26:58,85,B+15.5,3,True,False,False,,-1,48.6163,0
2026-06-25 22:27:53,109,W+0.5,8,True,False,False,,-1,48.6763,0
2026-06-25 22:28:45,104,W+20.5,5,True,False,False,,-1,48.6836,0
2026-06-25 22:29:46,120,W+14.5,9,True,False,False,,-1,48.8246,0
2026-06-25 22:30:22,66,W+4.5,2,True,False,False,,-1,48.639,0
2026-06-25 22:31:41,162,W+38.5,8,True,False,False,,-1,48.9956,0
2026-06-25 22:32:20,71,B+2.5,4,True,False,False,,-1,48.9798,0
2026-06-25 22:33:23,128,B+8.5,7,True,False,False,,-1,49.1344,0
2026-06-25 22:34:29,124,W+32.5,6,True,False,False,,-1,49.3931,0
2026-06-25 22:35:17,97,W+3.5,3,True,False,False,,-1,49.6829,0
2026-06-25 22:35:38,38,W+5.5,2,True,False,False,,-1,49.7651,0
2026-06-25 22:36:39,115,B+6.5,6,True,False,False,,-1,49.7698,0
2026-06-25 22:37:39,114,B+30.5,5,True,False,False,,-1,50.0131,0
2026-06-25 22:38:00,36,W+7.5,2,True,False,False,,-1,49.4467,0
2026-06-25 22:38:43,80,W+12.5,3,True,False,False,,-1,49.5064,0
2026-06-25 22:39:39,113,W+12.5,6,True,False,False,,-1,49.6944,0
2026-06-25 22:40:18,68,W+1.5,2,True,False,False,,-1,49.7776,0
2026-06-25 22:41:10,111,W+0.5,10,True,False,False,,-1,49.943,0
2026-06-25 22:42:12,121,B+36.5,5,True,False,False,,-1,50.1461,0
2026-06-25 22:42:53,74,W+6.5,2,True,False,False,,-1,50.0088,0
2026-06-25 22:43:44,106,B+0.5,2,True,False,False,,-1,50.0593,0
2026-06-25 22:44:24,70,W+7.5,3,True,False,False,,-1,49.6681,0
2026-06-25 22:45:01,66,W+17.5,2,True,False,False,,-1,49.6182,0
2026-06-25 22:45:50,91,B+5.5,3,True,False,False,,-1,49.5154,0
2026-06-25 22:46:04,24,W+6.5,2,True,False,False,,-1,49.2477,0
2026-06-25 22:47:16,135,B+28.5,4,True,False,False,,-1,49.5477,0
2026-06-25 22:47:51,60,W+8.5,2,True,False,False,,-1,49.459,0
2026-06-25 22:48:35,87,W+9.5,2,True,False,False,,-1,49.2467,0
2026-06-25 22:49:08,58,W+3.5,2,True,False,False,,-1,49.1635,0
2026-06-25 22:49:58,84,W+4.5,3,True,False,False,,-1,49.2069,0
2026-06-25 22:50:48,100,B+3.5,5,True,False,False,,-1,48.9283,0
2026-06-25 22:51:41,104,W+11.5,9,True,False,False,,-1,48.8701,0
2026-06-25 22:52:30,90,W+2.5,2,True,False,False,,-1,48.8658,0
2026-06-25 22:53:34,137,W+2.5,13,True,False,False,,-1,48.7919,0
2026-06-25 22:53:56,38,W+5.5,3,True,False,False,,-1,48.4816,0
2026-06-25 22:54:44,92,B+2.5,4,True,False,False,,-1,48.5598,0
2026-06-25 22:55:22,66,W+8.5,2,True,False,False,,-1,48.4202,0
2026-06-25 22:56:10,90,W+7.5,5,True,False,False,,-1,48.4044,0
2026-06-25 22:57:26,162,B+29.5,11,True,False,False,,-1,48.5645,0
2026-06-25 22:58:07,72,W+5.5,2,True,False,False,,-1,48.384,0
2026-06-25 22:58:53,81,B+3.5,5,True,False,False,,-1,48.2801,0
2026-06-25 22:59:32,70,W+9.5,3,True,False,False,,-1,48.2459,0
2026-06-25 23:00:25,104,B+2.5,4,True,False,False,,-1,48.263,0
2026-06-25 23:01:35,142,W+34.5,7,True,False,False,,-1,48.5341,0
2026-06-25 23:02:35,121,W+30.5,5,True,False,False,,-1,48.7453,0
2026-06-25 23:03:50,162,B+21.5,13,True,False,False,,-1,49.0547,0
2026-06-25 23:04:46,110,B+4.5,4,True,False,False,,-1,49.2531,0
2026-06-25 23:05:38,101,B+7.5,2,True,False,False,,-1,49.3735,0
2026-06-25 23:06:45,132,W+42.5,5,True,False,False,,-1,49.6018,0
2026-06-25 23:06:57,20,W+7.5,2,True,False,False,,-1,49.1734,0
2026-06-25 23:07:41,80,W+2.5,4,True,False,False,,-1,49.014,0
2026-06-25 23:08:21,70,W+12.5,3,True,False,False,,-1,48.9639,0
2026-06-25 23:09:08,86,W+0.5,4,True,False,False,,-1,48.8854,0
2026-06-25 23:09:41,58,W+12.5,3,True,False,False,,-1,48.8543,0
2026-06-25 23:10:29,96,W+11.5,6,True,False,False,,-1,49.0349,0
2026-06-25 23:11:23,114,B+23.5,9,True,False,False,,-1,48.9568,0
2026-06-25 23:12:31,140,B+17.5,11,True,False,False,,-1,49.1019,0
2026-06-25 23:13:24,106,B+13.5,5,True,False,False,,-1,49.254,0
2026-06-25 23:14:18,106,B+10.5,4,True,False,False,,-1,49.402,0
2026-06-25 23:14:58,72,W+10.5,2,True,False,False,,-1,49.2967,0
2026-06-25 23:15:46,86,W+22.5,4,True,False,False,,-1,49.273,0
2026-06-25 23:16:35,96,W+10.5,5,True,False,False,,-1,49.5991,0
2026-06-25 23:17:40,148,B+2.5,9,True,False,False,,-1,49.773,0
2026-06-25 23:18:19,70,W+7.5,2,True,False,False,,-1,49.7736,0
2026-06-25 23:19:21,121,B+2.5,10,True,False,False,,-1,49.803,0
2026-06-25 23:20:34,149,B+40.5,5,True,False,False,,-1,50.4203,0
2026-06-25 23:21:30,118,B+1.5,4,True,False,False,,-1,50.6324,0
2026-06-25 23:22:08,68,W+5.5,2,True,False,False,,-1,50.4842,0
2026-06-25 23:23:03,105,B+2.5,4,True,False,False,,-1,50.6812,0
2026-06-25 23:23:53,95,B+11.5,5,True,False,False,,-1,50.8292,0
2026-06-25 23:24:46,104,W+8.5,3,True,False,False,,-1,50.6891,0
2026-06-25 23:25:39,104,B+0.5,9,True,False,False,,-1,50.7108,0
2026-06-25 23:26:04,44,W+10.5,3,True,False,False,,-1,50.4659,0
2026-06-25 23:26:56,111,W+18.5,7,True,False,False,,-1,50.529,0
2026-06-25 23:27:29,58,W+7.5,2,True,False,False,,-1,50.1907,0
2026-06-25 23:28:07,66,W+10.5,2,True,False,False,,-1,50.0351,0
2026-06-25 23:28:55,93,W+3.5,5,True,False,False,,-1,49.7192,0
2026-06-25 23:29:35,72,W+3.5,3,True,False,False,,-1,49.6712,0
2026-06-25 23:30:02,46,W+10.5,2,True,False,False,,-1,49.4037,0
2026-06-25 23:30:58,118,B+8.5,7,True,False,False,,-1,49.6188,0
2026-06-25 23:31:57,112,B+18.5,5,True,False,False,,-1,49.6587,0
2026-06-25 23:32:52,107,W+21.5,5,True,False,False,,-1,49.6379,0
2026-06-25 23:33:30,66,W+5.5,3,True,False,False,,-1,49.7665,0
2026-06-25 23:34:22,106,B+1.5,7,True,False,False,,-1,49.9002,0
2026-06-25 23:35:24,120,B+10.5,7,True,False,False,,-1,49.9756,0
2026-06-25 23:36:40,162,B+30.5,13,True,False,False,,-1,50.2851,0
2026-06-25 23:37:05,42,W+8.5,2,True,False,False,,-1,50.1147,0
2026-06-25 23:38:20,155,W+33.5,13,True,False,False,,-1,50.3643,0
2026-06-25 23:39:40,162,W+33.5,8,True,False,False,,-1,50.6318,0
2026-06-25 23:40:37,109,B+9.5,10,True,False,False,,-1,50.4399,0
2026-06-25 23:41:02,44,W+7.5,2,True,False,False,,-1,50.1929,0
2026-06-25 23:41:41,70,W+7.5,3,True,False,False,,-1,49.969,0
2026-06-25 23:42:43,123,B+35.5,6,True,False,False,,-1,50.0502,0
2026-06-25 23:43:46,135,W+9.5,10,True,False,False,,-1,50.1236,0
2026-06-25 23:44:58,155,B+45.5,6,True,False,False,,-1,50.3236,0
2026-06-25 23:45:47,101,W+5.5,6,True,False,False,,-1,50.0252,0
2026-06-25 23:47:01,148,B+38.5,7,True,False,False,,-1,49.9771,0
2026-06-25 23:47:57,116,B+10.5,7,True,False,False,,-1,50.1226,0
2026-06-25 23:49:05,146,B+17.5,16,True,False,False,,-1,50.286,0
2026-06-25 23:50:06,122,B+32.5,7,True,False,False,,-1,50.3327,0
2026-06-25 23:51:12,133,W+17.5,8,True,False,False,,-1,50.5379,0
2026-06-25 23:52:08,108,B+15.5,6,True,False,False,,-1,50.5475,0
2026-06-25 23:53:06,114,W+19.5,5,True,False,False,,-1,50.6111,0
2026-06-25 23:53:57,92,W+7.5,4,True,False,False,,-1,50.5102,0
2026-06-25 23:55:10,156,W+48.5,10,True,False,False,,-1,50.8772,0
2026-06-25 23:55:57,78,W+10.5,4,True,False,False,,-1,50.552,0
2026-06-25 23:56:40,75,B+2.5,5,True,False,False,,-1,50.5923,0
2026-06-25 23:57:11,54,W+8.5,4,True,False,False,,-1,50.2666,0
2026-06-25 23:57:47,64,W+3.5,4,True,False,False,,-1,49.9811,0
2026-06-25 23:59:04,153,W+38.5,10,True,False,False,,-1,50.2646,0
2026-06-25 23:59:43,70,W+12.5,2,True,False,False,,-1,50.4425,0
2026-06-26 00:00:41,115,W+2.5,5,True,False,False,,-1,50.4188,0
2026-06-26 00:01:56,162,B+6.5,8,True,False,False,,-1,50.5675,0
2026-06-26 00:02:51,110,W+13.5,6,True,False,False,,-1,50.9099,0
2026-06-26 00:03:25,58,W+1.5,3,True,False,False,,-1,50.8087,0
2026-06-26 00:04:22,109,B+10.5,5,True,False,False,,-1,50.829,0
2026-06-26 00:05:04,76,W+9.5,2,True,False,False,,-1,50.8648,0
2026-06-26 00:05:57,106,B+9.5,5,True,False,False,,-1,50.8694,0
2026-06-26 00:06:33,62,W+9.5,4,True,False,False,,-1,50.6023,0
2026-06-26 00:06:50,30,W+7.5,2,True,False,False,,-1,50.364,0
2026-06-26 00:07:27,66,W+10.5,3,True,False,False,,-1,50.2321,0
2026-06-26 00:08:22,115,W+9.5,8,True,False,False,,-1,50.377,0
2026-06-26 00:09:28,137,W+0.5,9,True,False,False,,-1,50.6659,0
2026-06-26 00:10:23,113,W+5.5,5,True,False,False,,-1,50.7308,0
2026-06-26 00:11:08,79,B+5.5,9,True,False,False,,-1,51.04,0
2026-06-26 00:12:03,107,W+0.5,5,True,False,False,,-1,50.8635,0
2026-06-26 00:12:58,104,W+15.5,6,True,False,False,,-1,51.0749,0
2026-06-26 00:13:52,104,B+7.5,5,True,False,False,,-1,51.1679,0
2026-06-26 00:14:48,111,B+8.5,11,True,False,False,,-1,51.3919,0
2026-06-26 00:15:09,36,W+7.5,2,True,False,False,,-1,51.1057,0
2026-06-26 00:16:31,162,W+25.5,8,True,False,False,,-1,51.4299,0
2026-06-26 00:16:44,22,W+7.5,2,True,False,False,,-1,51.0201,0
2026-06-26 00:17:49,125,B+33.5,6,True,False,False,,-1,51.1832,0
2026-06-26 00:18:35,82,W+1.5,3,True,False,False,,-1,51.0066,0
2026-06-26 00:19:25,92,W+9.5,5,True,False,False,,-1,51.2856,0
2026-06-26 00:19:56,56,W+8.5,2,True,False,False,,-1,51.1202,0
2026-06-26 00:20:36,68,W+9.5,3,True,False,False,,-1,51.1365,0
2026-06-26 00:21:26,105,W+1.5,13,True,False,False,,-1,51.1624,0
2026-06-26 00:22:09,74,W+9.5,2,True,False,False,,-1,50.8264,0
2026-06-26 00:22:52,77,B+5.5,2,True,False,False,,-1,50.8456,0
2026-06-26 00:23:33,70,W+6.5,2,True,False,False,,-1,50.8011,0
2026-06-26 00:24:31,121,W+7.5,11,True,False,False,,-1,50.9865,0
2026-06-26 00:25:28,129,W+2.5,17,True,False,False,,-1,51.027,0
2026-06-26 00:26:14,93,B+5.5,2,True,False,False,,-1,50.7945,0
2026-06-26 00:26:51,64,W+11.5,4,True,False,False,,-1,50.5517,0
2026-06-26 00:27:40,91,B+1.5,4,True,False,False,,-1,50.2921,0
2026-06-26 00:28:29,100,B+0.5,4,True,False,False,,-1,50.221,0
2026-06-26 00:29:27,111,B+25.5,5,True,False,False,,-1,50.2838,0
2026-06-26 00:30:20,105,W+0.5,8,True,False,False,,-1,50.1487,0
2026-06-26 00:30:54,60,W+8.5,2,True,False,False,,-1,50.3739,0
2026-06-26 00:31:59,133,B+20.5,7,True,False,False,,-1,50.5732,0
2026-06-26 00:32:51,97,B+4.5,5,True,False,False,,-1,50.706,0
2026-06-26 00:33:44,103,B+3.5,9,True,False,False,,-1,50.7581,0
2026-06-26 00:34:30,98,W+2.5,9,True,False,False,,-1,50.883,0
2026-06-26 00:35:28,117,W+10.5,9,True,False,False,,-1,50.9863,0
2026-06-26 00:35:55,46,W+5.5,2,True,False,False,,-1,50.7109,0
2026-06-26 00:36:06,20,W+7.5,2,True,False,False,,-1,50.1444,0
2026-06-26 00:37:09,129,B+32.5,5,True,False,False,,-1,50.2462,0
2026-06-26 00:38:21,148,B+38.5,10,True,False,False,,-1,50.4294,0
2026-06-26 00:38:49,48,W+7.5,2,True,False,False,,-1,50.3023,0
2026-06-26 00:39:34,85,B+11.5,5,True,False,False,,-1,50.2724,0
2026-06-26 00:40:21,85,B+2.5,7,True,False,False,,-1,50.2526,0
2026-06-26 00:41:08,95,B+3.5,4,True,False,False,,-1,50.0737,0
2026-06-26 00:42:03,102,B+12.5,6,True,False,False,,-1,50.2336,0
2026-06-26 00:42:32,50,W+8.5,2,True,False,False,,-1,49.9072,0
2026-06-26 00:43:50,162,W+38.5,8,True,False,False,,-1,49.9656,0
2026-06-26 00:44:30,70,W+15.5,3,True,False,False,,-1,49.801,0
2026-06-26 00:44:58,48,W+8.5,3,True,False,False,,-1,49.6971,0
2026-06-26 00:45:49,102,B+2.5,3,True,False,False,,-1,49.658,0
2026-06-26 00:46:26,65,B+8.5,4,True,False,False,,-1,49.5316,0
2026-06-26 00:47:24,122,B+4.5,7,True,False,False,,-1,49.5718,0
2026-06-26 00:47:39,26,W+7.5,2,True,False,False,,-1,49.1956,0
2026-06-26 00:48:51,143,B+36.5,3,True,False,False,,-1,49.6664,0
2026-06-26 00:49:35,77,B+9.5,3,True,False,False,,-1,49.5796,0
2026-06-26 00:50:31,117,B+8.5,10,True,False,False,,-1,49.8158,0
2026-06-26 00:51:25,106,B+0.5,6,True,False,False,,-1,49.976,0
2026-06-26 00:52:25,122,B+7.5,6,True,False,False,,-1,50.1031,0
2026-06-26 00:53:19,103,W+6.5,6,True,False,False,,-1,50.2357,0
2026-06-26 00:54:05,85,B+2.5,8,True,False,False,,-1,50.4293,0
2026-06-26 00:55:09,129,W+2.5,4,True,False,False,,-1,50.5038,0
2026-06-26 00:58:28,109,W+0.5,10,True,False,False,,-1,50.3965,1000
2026-06-26 00:59:21,112,B+0.5,12,True,False,False,,-1,50.5495,1000
2026-06-26 01:00:14,97,W+0.5,8,True,False,False,,-1,50.5499,1000
2026-06-26 01:00:47,54,W+4.5,2,True,False,False,,-1,50.2634,1000
2026-06-26 01:01:41,108,B+2.5,11,True,False,False,,-1,50.0495,1000
2026-06-26 01:02:25,75,B+4.5,2,True,False,False,,-1,50.2387,1000
2026-06-26 01:03:19,116,B+1.5,16,True,False,False,,-1,50.0187,1000
2026-06-26 01:04:15,115,W+5.5,11,True,False,False,,-1,49.788,1000
2026-06-26 01:05:07,112,B+1.5,15,True,False,False,,-1,49.7362,1000
2026-06-26 01:05:58,98,B+5.5,6,True,False,False,,-1,49.9938,1000
2026-06-26 01:06:55,127,W+15.5,18,True,False,False,,-1,50.1727,1000
2026-06-26 01:07:47,126,B+19.5,13,True,False,False,,-1,50.0788,1000
2026-06-26 01:08:44,121,W+2.5,14,True,False,False,,-1,50.0224,1000
2026-06-26 01:09:45,129,W+0.5,14,True,False,False,,-1,49.9066,1000
2026-06-26 01:10:41,117,W+2.5,10,True,False,False,,-1,49.9679,1000
2026-06-26 01:11:04,40,W+7.5,2,True,False,False,,-1,49.4654,1000
2026-06-26 01:12:02,117,W+0.5,11,True,False,False,,-1,49.4858,1000
2026-06-26 01:13:02,128,B+4.5,12,True,False,False,,-1,49.4054,1000
2026-06-26 01:14:01,124,B+9.5,18,True,False,False,,-1,49.3836,1000
2026-06-26 01:14:59,125,W+5.5,13,True,False,False,,-1,49.3101,1000
2026-06-26 01:16:02,147,W+6.5,20,True,False,False,,-1,49.3805,1000
2026-06-26 01:16:59,126,B+2.5,15,True,False,False,,-1,49.3644,1000
2026-06-26 01:17:53,103,B+4.5,11,True,False,False,,-1,49.3959,1000
2026-06-26 01:18:41,97,W+0.5,7,True,False,False,,-1,49.1375,1000
2026-06-26 01:19:39,128,B+0.5,12,True,False,False,,-1,49.2633,1000
2026-06-26 01:20:29,100,B+0.5,9,True,False,False,,-1,49.3266,1000
2026-06-26 01:21:28,132,B+1.5,18,True,False,False,,-1,49.6098,1000
2026-06-26 01:22:25,114,B+0.5,15,True,False,False,,-1,49.8134,1000
2026-06-26 01:23:18,114,B+2.5,13,True,False,False,,-1,49.5772,1000
2026-06-26 01:24:08,107,W+1.5,10,True,False,False,,-1,49.6906,1000
2026-06-26 01:25:00,110,B+9.5,11,True,False,False,,-1,49.6297,1000
2026-06-26 01:25:46,91,B+5.5,2,True,False,False,,-1,49.3348,1000
2026-06-26 01:26:38,107,W+0.5,17,True,False,False,,-1,49.3015,1000
2026-06-26 01:27:27,98,B+4.5,6,True,False,False,,-1,49.4554,1000
2026-06-26 01:28:23,110,B+10.5,9,True,False,False,,-1,49.4429,1000
2026-06-26 01:29:12,107,W+2.5,13,True,False,False,,-1,49.5136,1000
2026-06-26 01:30:07,114,B+6.5,7,True,False,False,,-1,49.529,1000
2026-06-26 01:30:46,67,B+5.5,2,True,False,False,,-1,49.5711,1000
2026-06-26 01:31:39,113,B+2.5,19,True,False,False,,-1,49.9231,1000
2026-06-26 01:32:29,107,W+0.5,18,True,False,False,,-1,50.0552,1000
2026-06-26 01:33:29,120,B+3.5,15,True,False,False,,-1,50.114,1000
2026-06-26 01:34:24,125,W+14.5,18,True,False,False,,-1,49.9913,1000
2026-06-26 01:35:20,104,W+2.5,7,True,False,False,,-1,50.0026,1000
2026-06-26 01:36:00,68,W+9.5,3,True,False,False,,-1,49.9484,1000
2026-06-26 01:36:55,118,B+1.5,16,True,False,False,,-1,49.9637,1000
2026-06-26 01:37:48,114,B+4.5,14,True,False,False,,-1,49.9328,1000
2026-06-26 01:38:15,47,B+2.5,6,True,False,False,,-1,49.6648,1000
2026-06-26 01:39:00,88,B+4.5,10,True,False,False,,-1,49.5568,1000
2026-06-26 01:39:57,140,B+1.5,16,True,False,False,,-1,49.9245,1000
2026-06-26 01:40:55,113,W+14.5,9,True,False,False,,-1,49.6723,1000
2026-06-26 01:41:52,122,B+21.5,13,True,False,False,,-1,50.1182,1000
2026-06-26 01:42:47,112,B+0.5,6,True,False,False,,-1,50.0178,1000
2026-06-26 01:43:42,112,B+0.5,9,True,False,False,,-1,50.1105,1000
2026-06-26 01:43:59,28,W+8.5,2,True,False,False,,-1,49.7803,1000
2026-06-26 01:44:54,108,B+1.5,7,True,False,False,,-1,50.0118,1000
2026-06-26 01:45:39,85,B+5.5,7,True,False,False,,-1,50.0741,1000
2026-06-26 01:46:26,87,B+5.5,6,True,False,False,,-1,50.0312,1000
2026-06-26 01:47:22,111,W+12.5,11,True,False,False,,-1,50.1618,1000
2026-06-26 01:48:22,131,W+0.5,9,True,False,False,,-1,50.3422,1000
2026-06-26 01:49:10,109,B+3.5,8,True,False,False,,-1,50.4014,1000
2026-06-26 01:50:04,121,W+1.5,15,True,False,False,,-1,50.3675,1000
2026-06-26 01:50:52,88,B+3.5,6,True,False,False,,-1,50.2767,1000
2026-06-26 01:51:47,119,W+1.5,13,True,False,False,,-1,50.3602,1000
2026-06-26 01:52:59,161,W+28.5,23,True,False,False,,-1,50.7192,1000
2026-06-26 01:53:46,85,B+19.5,3,True,False,False,,-1,50.6963,1000
2026-06-26 01:54:42,117,B+4.5,11,True,False,False,,-1,50.77,1000
2026-06-26 01:55:37,116,B+6.5,9,True,False,False,,-1,50.7423,1000
2026-06-26 01:56:33,118,B+8.5,14,True,False,False,,-1,50.7667,1000
2026-06-26 01:57:30,130,B+6.5,19,True,False,False,,-1,50.9952,1000
2026-06-26 01:58:24,117,W+4.5,21,True,False,False,,-1,50.8886,1000
2026-06-26 01:59:36,162,B+30.5,14,True,False,False,,-1,51.0813,1000
2026-06-26 02:00:36,117,B+11.5,11,True,False,False,,-1,51.1528,1000
2026-06-26 02:01:26,101,W+1.5,11,True,False,False,,-1,51.1937,1000
2026-06-26 02:02:18,100,W+15.5,5,True,False,False,,-1,51.1336,1000
2026-06-26 02:02:45,44,W+5.5,2,True,False,False,,-1,51.134,1000
2026-06-26 02:03:49,142,W+7.5,17,True,False,False,,-1,51.6619,1000
2026-06-26 02:04:44,120,B+0.5,9,True,False,False,,-1,51.5825,1000
2026-06-26 02:05:33,107,B+3.5,11,True,False,False,,-1,51.3553,1000
2026-06-26 02:06:27,121,W+4.5,15,True,False,False,,-1,51.6197,1000
2026-06-26 02:07:18,107,W+10.5,13,True,False,False,,-1,51.6808,1000
2026-06-26 02:08:12,118,B+0.5,15,True,False,False,,-1,51.7477,1000
2026-06-26 02:09:12,125,W+0.5,15,True,False,False,,-1,51.8768,1000
2026-06-26 02:09:52,71,B+5.5,3,True,False,False,,-1,51.7235,1000
2026-06-26 02:10:43,133,W+10.5,21,True,False,False,,-1,51.9511,1000
2026-06-26 02:11:01,30,W+7.5,2,True,False,False,,-1,51.3436,1000
2026-06-26 02:11:31,50,W+9.5,2,True,False,False,,-1,51.2386,1000
2026-06-26 02:12:28,110,B+1.5,9,True,False,False,,-1,51.5402,1000
2026-06-26 02:13:14,79,B+1.5,4,True,False,False,,-1,51.4828,1000
2026-06-26 02:13:27,22,W+7.5,2,True,False,False,,-1,51.2434,1000
2026-06-26 02:14:20,109,W+2.5,8,True,False,False,,-1,51.2007,1000
2026-06-26 02:15:31,162,B+6.5,27,True,False,False,,-1,51.7568,1000
2026-06-26 02:16:35,137,W+5.5,13,True,False,False,,-1,51.6743,1000
2026-06-26 02:17:30,115,W+1.5,12,True,False,False,,-1,51.7904,1000
2026-06-26 02:18:26,126,B+4.5,14,True,False,False,,-1,51.786,1000
2026-06-26 02:19:39,162,W+27.5,25,True,False,False,,-1,51.9759,1000
2026-06-26 02:20:31,105,W+0.5,8,True,False,False,,-1,51.895,1000
2026-06-26 02:21:26,128,B+10.5,16,True,False,False,,-1,51.904,1000
2026-06-26 02:22:15,105,B+17.5,10,True,False,False,,-1,51.9346,1000
2026-06-26 02:23:11,120,B+1.5,9,True,False,False,,-1,51.8515,1000
2026-06-26 02:24:03,104,B+1.5,8,True,False,False,,-1,51.8895,1000
2026-06-26 02:25:11,149,W+39.5,19,True,False,False,,-1,52.031,1000
2026-06-26 02:26:13,137,W+2.5,18,True,False,False,,-1,52.1227,1000
2026-06-26 02:27:07,105,B+4.5,5,True,False,False,,-1,52.1346,1000
2026-06-26 02:28:13,132,B+5.5,16,True,False,False,,-1,52.4566,1000
2026-06-26 02:28:27,24,W+7.5,2,True,False,False,,-1,52.0571,1000
2026-06-26 02:29:22,106,W+0.5,9,True,False,False,,-1,52.1638,1000
2026-06-26 02:30:22,120,B+0.5,8,True,False,False,,-1,52.2349,1000
2026-06-26 02:31:20,116,B+3.5,6,True,False,False,,-1,52.2487,1000
2026-06-26 02:31:32,20,W+8.5,2,True,False,False,,-1,51.8521,1000
2026-06-26 02:32:30,114,B+0.5,10,True,False,False,,-1,51.9173,1000
2026-06-26 02:33:37,141,W+2.5,10,True,False,False,,-1,52.0145,1000
2026-06-26 02:34:36,132,B+1.5,21,True,False,False,,-1,52.0829,1000
2026-06-26 02:35:36,125,W+1.5,14,True,False,False,,-1,52.1177,1000
2026-06-26 02:36:21,97,W+1.5,5,True,False,False,,-1,51.9557,1000
2026-06-26 02:37:21,128,B+0.5,13,True,False,False,,-1,52.0002,1000
2026-06-26 02:38:17,111,B+7.5,12,True,False,False,,-1,52.3229,1000
2026-06-26 02:39:13,124,B+0.5,8,True,False,False,,-1,52.302,1000
2026-06-26 02:40:04,97,B+5.5,9,True,False,False,,-1,52.2109,1000
2026-06-26 02:40:57,111,W+6.5,11,True,False,False,,-1,52.1595,1000
2026-06-26 02:41:49,111,W+2.5,11,True,False,False,,-1,52.0885,1000
2026-06-26 02:42:45,116,B+1.5,7,True,False,False,,-1,52.0258,1000
2026-06-26 02:43:34,106,B+10.5,9,True,False,False,,-1,51.9452,1000
2026-06-26 02:44:33,127,W+8.5,19,True,False,False,,-1,51.9979,1000
2026-06-26 02:45:21,101,W+10.5,9,True,False,False,,-1,52.0033,1000
2026-06-26 02:46:18,126,B+14.5,14,True,False,False,,-1,51.9842,1000
2026-06-26 02:47:13,113,W+0.5,11,True,False,False,,-1,52.0374,1000
2026-06-26 02:48:16,137,W+0.5,16,True,False,False,,-1,52.0818,1000
2026-06-26 02:49:16,131,W+0.5,16,True,False,False,,-1,52.1042,1000
2026-06-26 02:50:16,142,W+3.5,20,True,False,False,,-1,52.1766,1000
2026-06-26 02:51:05,96,B+3.5,4,True,False,False,,-1,52.1586,1000
2026-06-26 02:52:09,151,W+7.5,18,True,False,False,,-1,52.2855,1000
2026-06-26 02:53:04,109,W+0.5,13,True,False,False,,-1,52.3778,1000
2026-06-26 02:53:58,118,B+1.5,14,True,False,False,,-1,52.4066,1000
2026-06-26 02:54:52,110,B+6.5,5,True,False,False,,-1,52.4491,1000
2026-06-26 02:55:42,116,B+8.5,8,True,False,False,,-1,52.3853,1000
2026-06-26 02:56:34,107,W+8.5,13,True,False,False,,-1,52.4144,1000
2026-06-26 02:57:24,95,W+0.5,5,True,False,False,,-1,52.3672,1000
2026-06-26 02:58:18,107,W+0.5,12,True,False,False,,-1,52.5146,1000
2026-06-26 02:59:19,125,W+2.5,14,True,False,False,,-1,52.5996,1000
2026-06-26 03:00:18,121,W+1.5,14,True,False,False,,-1,52.6823,1000
2026-06-26 03:01:11,119,W+4.5,16,True,False,False,,-1,52.6161,1000
2026-06-26 03:01:50,67,B+3.5,3,True,False,False,,-1,52.4624,1000
2026-06-26 03:02:39,99,B+3.5,5,True,False,False,,-1,52.3837,1000
2026-06-26 03:03:30,97,W+14.5,5,True,False,False,,-1,52.4998,1000
2026-06-26 03:04:10,74,W+1.5,2,True,False,False,,-1,52.3457,1000
2026-06-26 03:05:09,130,B+1.5,14,True,False,False,,-1,52.4101,1000
2026-06-26 03:06:10,147,B+5.5,19,True,False,False,,-1,52.7448,1000
2026-06-26 03:07:06,129,W+2.5,9,True,False,False,,-1,52.8576,1000
2026-06-26 03:08:05,143,W+2.5,20,True,False,False,,-1,52.8774,1000
2026-06-26 03:08:59,119,W+1.5,17,True,False,False,,-1,52.8368,1000
2026-06-26 03:09:58,125,B+3.5,8,True,False,False,,-1,52.8597,1000
2026-06-26 03:10:53,117,W+0.5,8,True,False,False,,-1,52.8599,1000
2026-06-26 03:11:47,112,B+7.5,14,True,False,False,,-1,52.8426,1000
2026-06-26 03:12:43,112,B+3.5,11,True,False,False,,-1,53.2297,1000
2026-06-26 03:13:46,162,B+9.5,33,True,False,False,,-1,53.317,1000
2026-06-26 03:14:47,124,W+7.5,14,True,False,False,,-1,53.4735,1000
2026-06-26 03:15:38,106,B+0.5,13,True,False,False,,-1,53.517,1000
2026-06-26 03:16:28,104,B+2.5,14,True,False,False,,-1,53.4659,1000
2026-06-26 03:17:31,121,W+0.5,18,True,False,False,,-1,53.479,1000
2026-06-26 03:18:32,127,W+1.5,15,True,False,False,,-1,53.6214,1000
2026-06-26 03:19:23,108,B+1.5,8,True,False,False,,-1,53.5844,1000
2026-06-26 03:20:17,117,B+2.5,11,True,False,False,,-1,53.6467,1000
2026-06-26 03:21:21,162,B+18.5,35,True,False,False,,-1,53.7402,1000
2026-06-26 03:22:10,88,W+6.5,3,True,False,False,,-1,53.5105,1000
2026-06-26 03:23:08,124,B+1.5,17,True,False,False,,-1,53.6189,1000
2026-06-26 03:23:58,99,W+4.5,9,True,False,False,,-1,53.5508,1000
2026-06-26 03:24:57,135,B+4.5,18,True,False,False,,-1,53.5977,1000
2026-06-26 03:25:47,105,B+0.5,12,True,False,False,,-1,53.5383,1000
2026-06-26 03:26:38,106,B+2.5,8,True,False,False,,-1,53.4703,1000
2026-06-26 03:27:30,107,W+0.5,4,True,False,False,,-1,53.4516,1000
2026-06-26 03:28:25,114,B+1.5,16,True,False,False,,-1,53.2888,1000
2026-06-26 03:29:21,114,W+0.5,7,True,False,False,,-1,53.25,1000
2026-06-26 03:30:14,104,B+1.5,7,True,False,False,,-1,53.2782,1000
2026-06-26 03:31:02,90,W+3.5,2,True,False,False,,-1,53.2323,1000
2026-06-26 03:32:14,162,W+38.5,18,True,False,False,,-1,53.6957,1000
2026-06-26 03:33:13,126,B+4.5,13,True,False,False,,-1,53.6448,1000
2026-06-26 03:34:03,108,B+2.5,13,True,False,False,,-1,53.5894,1000
2026-06-26 03:34:51,107,W+0.5,17,True,False,False,,-1,53.5767,1000
2026-06-26 03:35:43,101,W+4.5,8,True,False,False,,-1,53.5579,1000
2026-06-26 03:36:33,101,B+5.5,5,True,False,False,,-1,53.5378,1000
2026-06-26 03:37:29,121,W+3.5,13,True,False,False,,-1,53.565,1000
2026-06-26 03:38:36,140,B+7.5,12,True,False,False,,-1,53.638,1000
2026-06-26 03:39:31,123,W+7.5,16,True,False,False,,-1,53.7899,1000
2026-06-26 03:40:28,112,B+1.5,10,True,False,False,,-1,53.8489,1000
2026-06-26 03:41:20,100,W+11.5,3,True,False,False,,-1,54.1853,1000
2026-06-26 03:42:15,113,W+4.5,11,True,False,False,,-1,54.4432,1000
2026-06-26 03:43:04,86,W+4.5,2,True,False,False,,-1,54.3528,1000
2026-06-26 03:43:58,109,W+1.5,14,True,False,False,,-1,54.4355,1000
2026-06-26 03:44:55,120,B+2.5,7,True,False,False,,-1,54.8833,1000
2026-06-26 03:45:45,101,W+0.5,8,True,False,False,,-1,54.846,1000
2026-06-26 03:46:40,115,W+0.5,12,True,False,False,,-1,54.6892,1000
2026-06-26 03:47:33,112,B+11.5,11,True,False,False,,-1,54.5859,1000
2026-06-26 03:48:24,101,W+10.5,10,True,False,False,,-1,54.5359,1000
2026-06-26 03:49:12,95,W+0.5,4,True,False,False,,-1,54.4567,1000
2026-06-26 03:50:05,102,B+12.5,11,True,False,False,,-1,54.2509,1000
2026-06-26 03:51:00,124,B+18.5,6,True,False,False,,-1,54.2883,1000
2026-06-26 03:51:58,124,B+1.5,13,True,False,False,,-1,54.3219,1000
2026-06-26 03:52:11,20,W+7.5,2,True,False,False,,-1,53.9562,1000
2026-06-26 03:53:02,97,W+2.5,8,True,False,False,,-1,53.9067,1000
2026-06-26 03:53:48,83,B+1.5,4,True,False,False,,-1,53.8366,1000
2026-06-26 03:54:44,109,W+2.5,8,True,False,False,,-1,53.7249,1000
2026-06-26 03:55:10,44,W+5.5,4,True,False,False,,-1,53.3588,1000
2026-06-26 03:56:00,105,W+4.5,10,True,False,False,,-1,53.3285,1000
2026-06-26 03:56:52,105,W+8.5,6,True,False,False,,-1,53.1861,1000
2026-06-26 03:57:54,137,W+0.5,16,True,False,False,,-1,53.6611,1000
2026-06-26 03:58:48,111,B+3.5,14,True,False,False,,-1,53.6592,1000
2026-06-26 03:59:40,107,W+2.5,13,True,False,False,,-1,53.5684,1000
2026-06-26 04:00:27,104,B+0.5,11,True,False,False,,-1,53.4701,1000
2026-06-26 04:01:19,105,W+4.5,9,True,False,False,,-1,53.8612,1000
2026-06-26 04:02:10,100,B+0.5,9,True,False,False,,-1,53.7978,1000
2026-06-26 04:03:01,98,W+24.5,3,True,False,False,,-1,53.6383,1000
2026-06-26 04:03:54,97,W+1.5,7,True,False,False,,-1,53.5781,1000
2026-06-26 04:05:01,156,W+51.5,14,True,False,False,,-1,53.6451,1000
2026-06-26 04:05:40,70,W+6.5,2,True,False,False,,-1,53.5852,1000
2026-06-26 04:06:47,162,B+7.5,32,True,False,False,,-1,53.6618,1000
2026-06-26 04:07:36,103,W+0.5,12,True,False,False,,-1,53.5885,1000
2026-06-26 04:08:29,110,B+2.5,11,True,False,False,,-1,53.5557,1000
2026-06-26 04:09:21,109,W+0.5,11,True,False,False,,-1,53.5698,1000
2026-06-26 04:09:33,20,W+8.5,2,True,False,False,,-1,53.159,1000
2026-06-26 04:09:47,22,W+7.5,2,True,False,False,,-1,52.7758,1000
2026-06-26 04:10:45,119,W+0.5,18,True,False,False,,-1,52.7965,1000
2026-06-26 04:11:33,99,W+11.5,11,True,False,False,,-1,52.793,1000
2026-06-26 04:12:29,119,W+6.5,15,True,False,False,,-1,52.7508,1000
2026-06-26 04:13:26,113,W+2.5,11,True,False,False,,-1,52.8417,1000
2026-06-26 04:13:46,34,W+7.5,2,True,False,False,,-1,52.4773,1000
2026-06-26 04:14:37,107,W+0.5,9,True,False,False,,-1,52.4343,1000
2026-06-26 04:15:25,105,B+3.5,9,True,False,False,,-1,52.2819,1000
2026-06-26 04:16:17,105,W+2.5,9,True,False,False,,-1,52.2074,1000
2026-06-26 04:17:06,113,W+0.5,11,True,False,False,,-1,52.1009,1000
2026-06-26 04:18:05,125,W+0.5,14,True,False,False,,-1,52.1958,1000
2026-06-26 04:18:50,86,W+11.5,8,True,False,False,,-1,52.0064,1000
2026-06-26 04:19:41,98,B+5.5,5,True,False,False,,-1,51.9676,1000
2026-06-26 04:20:31,100,B+1.5,6,True,False,False,,-1,51.9193,1000
2026-06-26 04:21:24,113,W+4.5,12,True,False,False,,-1,51.9169,1000
2026-06-26 04:22:21,110,B+7.5,4,True,False,False,,-1,51.9883,1000
2026-06-26 04:23:13,112,B+3.5,11,True,False,False,,-1,51.9913,1000
2026-06-26 04:24:02,98,B+2.5,12,True,False,False,,-1,51.9767,1000
2026-06-26 04:24:55,110,B+0.5,8,True,False,False,,-1,51.9642,1000
2026-06-26 04:25:50,125,W+1.5,21,True,False,False,,-1,51.9102,1000
2026-06-26 04:26:48,106,W+15.5,6,True,False,False,,-1,51.9003,1000
2026-06-26 04:27:47,126,B+3.5,22,True,False,False,,-1,51.9565,1000
2026-06-26 04:28:38,107,W+4.5,14,True,False,False,,-1,52.0755,1000
2026-06-26 04:29:26,103,W+15.5,7,True,False,False,,-1,52.0697,1000
2026-06-26 04:30:17,103,W+9.5,6,True,False,False,,-1,52.0692,1000
2026-06-26 04:31:12,118,B+5.5,13,True,False,False,,-1,52.2102,1000
2026-06-26 04:32:08,117,W+9.5,11,True,False,False,,-1,52.1795,1000
2026-06-26 04:33:03,115,W+2.5,11,True,False,False,,-1,52.1218,1000
2026-06-26 04:34:11,153,W+32.5,14,True,False,False,,-1,52.2433,1000
2026-06-26 04:34:53,76,W+2.5,3,True,False,False,,-1,52.0774,1000
2026-06-26 04:35:48,120,B+0.5,10,True,False,False,,-1,52.0911,1000
2026-06-26 04:36:43,119,W+0.5,12,True,False,False,,-1,52.0462,1000
2026-06-26 04:37:30,88,B+1.5,5,True,False,False,,-1,51.9666,1000
2026-06-26 04:38:12,77,B+10.5,4,True,False,False,,-1,51.8424,1000
2026-06-26 04:39:06,112,B+2.5,10,True,False,False,,-1,51.8321,1000
2026-06-26 04:40:01,120,B+5.5,13,True,False,False,,-1,51.7452,1000
2026-06-26 04:40:28,46,W+2.5,2,True,False,False,,-1,51.4042,1000
2026-06-26 04:41:25,119,W+0.5,12,True,False,False,,-1,51.4645,1000
2026-06-26 04:42:30,151,W+2.5,18,True,False,False,,-1,51.6141,1000
2026-06-26 04:43:28,114,B+1.5,11,True,False,False,,-1,51.5661,1000
2026-06-26 04:44:34,147,W+0.5,22,True,False,False,,-1,51.6137,1000
2026-06-26 04:45:25,113,W+4.5,5,True,False,False,,-1,51.6192,1000
2026-06-26 04:46:22,126,B+1.5,18,True,False,False,,-1,51.6517,1000
2026-06-26 04:47:12,104,B+3.5,8,True,False,False,,-1,51.5036,1000
2026-06-26 04:48:04,116,B+1.5,11,True,False,False,,-1,51.5314,1000
2026-06-26 04:49:01,115,W+2.5,12,True,False,False,,-1,51.529,1000
2026-06-26 04:49:52,107,W+0.5,15,True,False,False,,-1,51.5398,1000
2026-06-26 04:50:46,110,B+4.5,11,True,False,False,,-1,51.4809,1000
2026-06-26 04:51:43,130,B+15.5,14,True,False,False,,-1,51.5503,1000
2026-06-26 04:52:40,124,B+9.5,14,True,False,False,,-1,51.6215,1000
2026-06-26 04:53:26,89,W+7.5,8,True,False,False,,-1,51.5622,1000
2026-06-26 04:54:20,106,B+1.5,8,True,False,False,,-1,51.5437,1000
2026-06-26 04:55:10,102,B+6.5,9,True,False,False,,-1,51.4885,1000
2026-06-26 04:56:03,105,W+5.5,9,True,False,False,,-1,51.4904,1000
2026-06-26 04:56:59,121,W+2.5,10,True,False,False,,-1,51.5665,1000
2026-06-26 04:57:39,69,B+3.5,3,True,False,False,,-1,51.2383,1000
2026-06-26 04:58:31,119,W+3.5,19,True,False,False,,-1,51.1679,1000
2026-06-26 04:59:23,117,B+6.5,12,True,False,False,,-1,51.1898,1000
2026-06-26 05:00:24,140,W+2.5,14,True,False,False,,-1,51.3277,1000
2026-06-26 05:01:20,108,W+7.5,9,True,False,False,,-1,51.3676,1000
2026-06-26 05:01:38,30,W+7.5,2,True,False,False,,-1,51.0557,1000
2026-06-26 05:02:32,114,B+1.5,10,True,False,False,,-1,51.0287,1000
2026-06-26 05:03:18,97,W+0.5,14,True,False,False,,-1,50.8172,1000
2026-06-26 05:04:23,162,B+3.5,28,True,False,False,,-1,50.9179,1000
2026-06-26 05:05:10,89,B+6.5,3,True,False,False,,-1,50.8145,1000
2026-06-26 05:05:59,102,B+0.5,6,True,False,False,,-1,50.7876,1000
2026-06-26 05:06:54,117,W+0.5,18,True,False,False,,-1,50.7839,1000
2026-06-26 05:08:03,141,W+2.5,13,True,False,False,,-1,50.991,1000
2026-06-26 05:08:23,34,W+6.5,3,True,False,False,,-1,50.6497,1000
2026-06-26 05:09:10,101,W+1.5,12,True,False,False,,-1,50.5369,1000
2026-06-26 05:09:54,90,B+1.5,6,True,False,False,,-1,50.4851,1000
2026-06-26 05:10:50,118,B+7.5,14,True,False,False,,-1,50.4976,1000
2026-06-26 05:11:47,126,B+1.5,12,True,False,False,,-1,50.5306,1000
2026-06-26 05:12:48,138,B+1.5,15,True,False,False,,-1,50.6369,1000
2026-06-26 05:13:35,109,W+0.5,15,True,False,False,,-1,50.6233,1000
2026-06-26 05:14:27,117,W+0.5,12,True,False,False,,-1,50.62,1000
2026-06-26 05:15:24,115,W+3.5,11,True,False,False,,-1,50.6348,1000
2026-06-26 05:16:17,129,B+3.5,18,True,False,False,,-1,50.5869,1000
2026-06-26 05:17:13,129,W+11.5,22,True,False,False,,-1,51.0163,1000
2026-06-26 05:18:08,111,W+0.5,12,True,False,False,,-1,51.062,1000
2026-06-26 05:19:05,109,W+3.5,9,True,False,False,,-1,51.1672,1000
2026-06-26 05:20:10,155,B+29.5,23,True,False,False,,-1,51.2553,1000
2026-06-26 05:21:13,141,B+4.5,12,True,False,False,,-1,51.6299,1000
2026-06-26 05:22:00,101,W+1.5,13,True,False,False,,-1,51.5882,1000
2026-06-26 05:22:55,114,B+1.5,15,True,False,False,,-1,51.6316,1000
2026-06-26 05:23:54,122,B+1.5,15,True,False,False,,-1,51.5988,1000
2026-06-26 05:24:47,105,B+1.5,9,True,False,False,,-1,51.5816,1000
2026-06-26 05:25:35,86,W+11.5,3,True,False,False,,-1,51.5508,1000
2026-06-26 05:26:33,121,W+5.5,16,True,False,False,,-1,51.6491,1000
2026-06-26 05:27:23,109,W+0.5,12,True,False,False,,-1,51.6363,1000
2026-06-26 05:28:23,123,W+0.5,10,True,False,False,,-1,51.7344,1000
2026-06-26 05:29:18,115,W+1.5,9,True,False,False,,-1,51.7712,1000
2026-06-26 05:30:02,81,B+2.5,5,True,False,False,,-1,51.6738,1000
2026-06-26 05:30:46,83,B+1.5,5,True,False,False,,-1,51.4412,1000
2026-06-26 05:31:36,111,W+2.5,13,True,False,False,,-1,51.5608,1000
2026-06-26 05:32:35,119,W+2.5,13,True,False,False,,-1,51.4759,1000
2026-06-26 05:33:27,101,W+6.5,9,True,False,False,,-1,51.5042,1000
2026-06-26 05:34:16,99,W+6.5,10,True,False,False,,-1,51.4682,1000
2026-06-26 05:35:10,112,B+5.5,11,True,False,False,,-1,51.4886,1000
2026-06-26 05:36:07,131,W+1.5,22,True,False,False,,-1,51.931,1000
2026-06-26 05:37:00,107,W+3.5,11,True,False,False,,-1,52.333,1000
2026-06-26 05:37:50,94,B+2.5,7,True,False,False,,-1,52.2479,1000
2026-06-26 05:38:46,119,W+2.5,14,True,False,False,,-1,52.3265,1000
2026-06-26 05:39:32,89,B+9.5,4,True,False,False,,-1,52.2347,1000
2026-06-26 05:40:39,161,W+24.5,24,True,False,False,,-1,52.3298,1000
2026-06-26 05:41:27,101,W+3.5,10,True,False,False,,-1,52.6035,1000
2026-06-26 05:42:24,131,W+6.5,15,True,False,False,,-1,52.6692,1000
2026-06-26 05:43:10,83,B+0.5,3,True,False,False,,-1,52.6491,1000
2026-06-26 05:44:12,131,W+4.5,17,True,False,False,,-1,52.7511,1000
2026-06-26 05:45:01,96,B+1.5,8,True,False,False,,-1,52.749,1000
2026-06-26 05:45:52,104,B+3.5,9,True,False,False,,-1,52.6731,1000
2026-06-26 05:46:48,119,W+0.5,11,True,False,False,,-1,52.776,1000
2026-06-26 05:47:44,120,B+1.5,11,True,False,False,,-1,52.8284,1000
2026-06-26 05:48:36,112,B+0.5,12,True,False,False,,-1,52.8465,1000
2026-06-26 05:49:43,145,W+2.5,22,True,False,False,,-1,52.9845,1000
2026-06-26 05:50:40,120,B+1.5,14,True,False,False,,-1,52.9831,1000
2026-06-26 05:51:31,98,W+4.5,7,True,False,False,,-1,52.9686,1000
2026-06-26 05:52:20,101,W+11.5,9,True,False,False,,-1,52.9828,1000
2026-06-26 05:53:15,125,W+1.5,20,True,False,False,,-1,52.9986,1000
2026-06-26 05:54:11,115,W+1.5,18,True,False,False,,-1,53.0057,1000
2026-06-26 05:55:04,104,B+9.5,4,True,False,False,,-1,52.9506,1000
2026-06-26 05:55:18,24,W+8.5,2,True,False,False,,-1,52.5063,1000
2026-06-26 05:56:19,126,B+1.5,13,True,False,False,,-1,52.6038,1000
2026-06-26 05:57:29,158,B+19.5,25,True,False,False,,-1,52.8249,1000
2026-06-26 05:58:19,101,W+2.5,13,True,False,False,,-1,52.8178,1000
2026-06-26 05:59:13,124,B+10.5,10,True,False,False,,-1,52.81,1000
2026-06-26 06:00:15,134,B+18.5,20,True,False,False,,-1,52.8684,1000
2026-06-26 06:01:22,162,B+18.5,15,True,False,False,,-1,52.992,1000
2026-06-26 06:02:32,142,B+3.5,16,True,False,False,,-1,53.0076,1000
2026-06-26 06:03:38,145,W+0.5,24,True,False,False,,-1,53.2414,1000
2026-06-26 06:04:32,112,W+1.5,17,True,False,False,,-1,53.2331,1000
2026-06-26 06:05:04,55,B+0.5,2,True,False,False,,-1,53.0044,1000
2026-06-26 06:05:30,44,W+7.5,2,True,False,False,,-1,52.792,1000
2026-06-26 06:06:27,113,W+6.5,8,True,False,False,,-1,52.9488,1000
2026-06-26 06:07:15,105,W+6.5,15,True,False,False,,-1,52.8841,1000
2026-06-26 06:08:16,138,B+0.5,12,True,False,False,,-1,52.9477,1000
2026-06-26 06:09:01,78,W+24.5,2,True,False,False,,-1,53.1291,1000
2026-06-26 06:09:19,30,W+7.5,2,True,False,False,,-1,52.7394,1000
2026-06-26 06:09:43,43,B+1.5,5,True,False,False,,-1,52.3203,1000
2026-06-26 06:12:46,121,W+1.5,18,True,False,False,,-1,52.0668,2000
2026-06-26 06:13:49,129,W+4.5,18,True,False,False,,-1,52.18,2000
2026-06-26 06:14:36,83,B+2.5,7,True,False,False,,-1,52.076,2000
2026-06-26 06:15:37,117,W+5.5,14,True,False,False,,-1,52.1915,2000
2026-06-26 06:16:23,87,B+6.5,6,True,False,False,,-1,52.133,2000
2026-06-26 06:17:15,109,W+0.5,9,True,False,False,,-1,52.0789,2000
2026-06-26 06:17:47,59,B+6.5,2,True,False,False,,-1,51.8971,2000
2026-06-26 06:18:32,94,W+4.5,7,True,False,False,,-1,51.7997,2000
2026-06-26 06:19:25,112,B+1.5,12,True,False,False,,-1,51.7616,2000
2026-06-26 06:20:20,119,W+1.5,15,True,False,False,,-1,51.7438,2000
2026-06-26 06:21:25,149,W+15.5,18,True,False,False,,-1,51.9266,2000
2026-06-26 06:22:18,113,W+1.5,14,True,False,False,,-1,51.9247,2000
2026-06-26 06:23:09,97,B+0.5,11,True,False,False,,-1,51.9311,2000
2026-06-26 06:23:54,101,W+7.5,10,True,False,False,,-1,51.8486,2000
2026-06-26 06:24:39,94,B+0.5,11,True,False,False,,-1,51.7422,2000
2026-06-26 06:25:26,99,W+2.5,7,True,False,False,,-1,51.8169,2000
2026-06-26 06:26:26,122,W+6.5,12,True,False,False,,-1,51.8907,2000
2026-06-26 06:27:07,87,B+0.5,6,True,False,False,,-1,51.786,2000
2026-06-26 06:28:05,123,W+2.5,13,True,False,False,,-1,51.7544,2000
2026-06-26 06:28:50,87,B+5.5,4,True,False,False,,-1,51.6423,2000
2026-06-26 06:29:41,100,B+1.5,14,True,False,False,,-1,51.9685,2000
2026-06-26 06:30:38,121,W+1.5,11,True,False,False,,-1,52.0032,2000
2026-06-26 06:31:48,162,W+40.5,13,True,False,False,,-1,52.2349,2000
2026-06-26 06:32:44,122,W+20.5,10,True,False,False,,-1,52.1507,2000
2026-06-26 06:33:26,91,W+9.5,6,True,False,False,,-1,52.1026,2000
2026-06-26 06:34:16,111,B+2.5,11,True,False,False,,-1,52.1145,2000
2026-06-26 06:35:08,105,B+3.5,8,True,False,False,,-1,52.0854,2000
2026-06-26 06:35:59,109,W+2.5,17,True,False,False,,-1,51.8953,2000
2026-06-26 06:36:52,110,B+3.5,9,True,False,False,,-1,52.232,2000
2026-06-26 06:37:49,136,W+6.5,11,True,False,False,,-1,52.3322,2000
2026-06-26 06:38:38,105,W+12.5,14,True,False,False,,-1,52.3799,2000
2026-06-26 06:39:23,91,W+0.5,6,True,False,False,,-1,52.2729,2000
2026-06-26 06:40:19,114,B+5.5,7,True,False,False,,-1,52.2589,2000
2026-06-26 06:41:11,109,B+6.5,11,True,False,False,,-1,52.1718,2000
2026-06-26 06:42:03,107,B+5.5,6,True,False,False,,-1,52.222,2000
2026-06-26 06:42:54,106,B+4.5,7,True,False,False,,-1,52.2101,2000
2026-06-26 06:43:42,93,B+4.5,3,True,False,False,,-1,52.1204,2000
2026-06-26 06:44:30,98,B+3.5,10,True,False,False,,-1,52.0679,2000
2026-06-26 06:45:24,104,B+6.5,10,True,False,False,,-1,52.0463,2000
2026-06-26 06:46:16,119,W+0.5,17,True,False,False,,-1,52.0212,2000
2026-06-26 06:47:07,102,W+9.5,8,True,False,False,,-1,51.9669,2000
2026-06-26 06:47:54,98,B+1.5,9,True,False,False,,-1,51.7832,2000
2026-06-26 06:48:53,122,W+12.5,15,True,False,False,,-1,51.7367,2000
2026-06-26 06:50:02,159,W+28.5,27,True,False,False,,-1,51.9654,2000
2026-06-26 06:50:51,100,B+5.5,2,True,False,False,,-1,51.902,2000
2026-06-26 06:51:34,75,B+4.5,5,True,False,False,,-1,51.7367,2000
2026-06-26 06:52:18,95,W+1.5,13,True,False,False,,-1,51.6553,2000
2026-06-26 06:53:03,97,W+0.5,9,True,False,False,,-1,51.6231,2000
2026-06-26 06:54:00,138,B+1.5,24,True,False,False,,-1,51.6185,2000
2026-06-26 06:54:41,77,B+2.5,3,True,False,False,,-1,51.5213,2000
2026-06-26 06:55:23,99,W+10.5,9,True,False,False,,-1,51.3412,2000
2026-06-26 06:56:10,101,W+0.5,11,True,False,False,,-1,51.2596,2000
2026-06-26 06:56:57,95,W+16.5,5,True,False,False,,-1,51.295,2000
2026-06-26 06:57:40,78,W+18.5,3,True,False,False,,-1,51.2895,2000
2026-06-26 06:58:35,121,B+14.5,9,True,False,False,,-1,51.3323,2000
2026-06-26 06:59:14,73,B+5.5,8,True,False,False,,-1,51.1244,2000
2026-06-26 07:00:00,91,W+9.5,10,True,False,False,,-1,51.0725,2000
2026-06-26 07:00:56,115,W+2.5,16,True,False,False,,-1,51.1421,2000
2026-06-26 07:01:46,98,B+3.5,12,True,False,False,,-1,51.0979,2000
2026-06-26 07:02:34,102,B+1.5,4,True,False,False,,-1,51.0136,2000
2026-06-26 07:03:28,107,B+3.5,12,True,False,False,,-1,51.0154,2000
2026-06-26 07:04:18,107,W+4.5,14,True,False,False,,-1,51.0207,2000
2026-06-26 07:05:12,117,W+0.5,13,True,False,False,,-1,51.0003,2000
2026-06-26 07:05:57,83,B+4.5,3,True,False,False,,-1,50.9843,2000
2026-06-26 07:06:48,114,B+1.5,19,True,False,False,,-1,50.8282,2000
2026-06-26 07:07:40,113,B+6.5,15,True,False,False,,-1,50.8742,2000
2026-06-26 07:08:27,106,B+1.5,6,True,False,False,,-1,50.7721,2000
2026-06-26 07:09:15,97,B+2.5,7,True,False,False,,-1,50.7873,2000
2026-06-26 07:10:05,107,W+6.5,9,True,False,False,,-1,50.6669,2000
2026-06-26 07:10:56,106,W+0.5,4,True,False,False,,-1,50.6864,2000
2026-06-26 07:11:51,113,W+7.5,14,True,False,False,,-1,50.7265,2000
2026-06-26 07:12:45,117,W+9.5,18,True,False,False,,-1,50.7072,2000
2026-06-26 07:13:43,127,W+0.5,17,True,False,False,,-1,50.7262,2000
2026-06-26 07:14:38,125,W+2.5,9,True,False,False,,-1,50.7657,2000
2026-06-26 07:15:27,96,B+0.5,10,True,False,False,,-1,50.5823,2000
2026-06-26 07:16:01,64,W+8.5,2,True,False,False,,-1,50.3541,2000
2026-06-26 07:16:50,103,B+3.5,15,True,False,False,,-1,50.3356,2000
2026-06-26 07:17:34,99,W+1.5,12,True,False,False,,-1,50.2741,2000
2026-06-26 07:18:20,99,B+1.5,6,True,False,False,,-1,50.1882,2000
2026-06-26 07:18:32,22,W+7.5,2,True,False,False,,-1,49.749,2000
2026-06-26 07:19:15,81,B+1.5,3,True,False,False,,-1,49.6504,2000
2026-06-26 07:20:04,102,W+1.5,17,True,False,False,,-1,49.9991,2000
2026-06-26 07:20:50,97,B+3.5,9,True,False,False,,-1,49.8541,2000
2026-06-26 07:21:49,122,B+4.5,13,True,False,False,,-1,49.7429,2000
2026-06-26 07:22:34,95,B+4.5,13,True,False,False,,-1,49.6887,2000
2026-06-26 07:23:19,90,W+7.5,4,True,False,False,,-1,49.6041,2000
2026-06-26 07:24:05,99,W+1.5,11,True,False,False,,-1,49.4428,2000
2026-06-26 07:24:57,109,W+5.5,13,True,False,False,,-1,49.292,2000
2026-06-26 07:25:12,24,W+6.5,2,True,False,False,,-1,48.7437,2000
2026-06-26 07:26:09,121,W+0.5,14,True,False,False,,-1,48.6477,2000
2026-06-26 07:26:58,109,B+2.5,9,True,False,False,,-1,48.6024,2000
2026-06-26 07:27:42,93,W+3.5,6,True,False,False,,-1,48.7269,2000
2026-06-26 07:28:40,122,B+7.5,18,True,False,False,,-1,49.0395,2000
2026-06-26 07:29:26,100,B+3.5,9,True,False,False,,-1,48.9363,2000
2026-06-26 07:30:14,102,B+2.5,10,True,False,False,,-1,48.9331,2000
2026-06-26 07:31:06,106,W+7.5,11,True,False,False,,-1,48.8412,2000
2026-06-26 07:32:02,117,W+0.5,11,True,False,False,,-1,48.9491,2000
2026-06-26 07:33:06,150,B+18.5,15,True,False,False,,-1,49.4157,2000
2026-06-26 07:34:08,136,W+0.5,16,True,False,False,,-1,49.7925,2000
2026-06-26 07:35:03,107,B+1.5,5,True,False,False,,-1,49.9433,2000
2026-06-26 07:35:59,123,B+41.5,5,True,False,False,,-1,49.9195,2000
2026-06-26 07:36:46,95,B+5.5,5,True,False,False,,-1,49.7701,2000
2026-06-26 07:36:59,20,W+7.5,2,True,False,False,,-1,49.4268,2000
2026-06-26 07:37:47,99,B+1.5,9,True,False,False,,-1,49.2952,2000
2026-06-26 07:38:38,106,B+5.5,7,True,False,False,,-1,49.3474,2000
2026-06-26 07:39:23,93,W+0.5,10,True,False,False,,-1,49.2708,2000
2026-06-26 07:40:13,122,B+0.5,12,True,False,False,,-1,49.456,2000
2026-06-26 07:41:10,123,W+0.5,18,True,False,False,,-1,49.5865,2000
2026-06-26 07:42:00,101,W+3.5,10,True,False,False,,-1,49.5485,2000
2026-06-26 07:42:51,108,W+0.5,6,True,False,False,,-1,49.4983,2000
2026-06-26 07:43:36,88,B+3.5,6,True,False,False,,-1,49.3028,2000
2026-06-26 07:44:28,118,B+5.5,15,True,False,False,,-1,49.2969,2000
2026-06-26 07:45:18,97,B+15.5,6,True,False,False,,-1,49.2813,2000
2026-06-26 07:46:16,121,B+27.5,9,True,False,False,,-1,49.4147,2000
2026-06-26 07:46:58,77,B+1.5,6,True,False,False,,-1,49.3902,2000
2026-06-26 07:47:50,109,W+0.5,16,True,False,False,,-1,49.4373,2000
2026-06-26 07:48:25,68,W+1.5,3,True,False,False,,-1,49.1936,2000
2026-06-26 07:49:21,123,W+1.5,14,True,False,False,,-1,49.3387,2000
2026-06-26 07:50:17,120,B+3.5,11,True,False,False,,-1,49.3079,2000
2026-06-26 07:51:06,103,B+3.5,6,True,False,False,,-1,49.3584,2000
2026-06-26 07:51:56,109,W+7.5,8,True,False,False,,-1,49.3446,2000
2026-06-26 07:52:45,95,B+4.5,9,True,False,False,,-1,49.2644,2000
2026-06-26 07:53:28,90,W+5.5,4,True,False,False,,-1,49.005,2000
2026-06-26 07:53:54,44,W+3.5,2,True,False,False,,-1,48.6992,2000
2026-06-26 07:54:40,85,B+10.5,2,True,False,False,,-1,48.7316,2000
2026-06-26 07:55:27,101,W+0.5,10,True,False,False,,-1,48.7022,2000
2026-06-26 07:56:12,85,B+4.5,5,True,False,False,,-1,48.6383,2000
2026-06-26 07:56:59,101,W+3.5,12,True,False,False,,-1,48.6036,2000
2026-06-26 07:57:51,102,B+4.5,9,True,False,False,,-1,48.5888,2000
2026-06-26 07:58:37,93,W+2.5,10,True,False,False,,-1,48.4837,2000
2026-06-26 07:59:26,97,B+0.5,5,True,False,False,,-1,48.4737,2000
2026-06-26 08:00:21,123,W+3.5,15,True,False,False,,-1,48.5725,2000
2026-06-26 08:01:14,107,W+1.5,13,True,False,False,,-1,48.554,2000
2026-06-26 08:02:03,98,W+11.5,9,True,False,False,,-1,48.5216,2000
2026-06-26 08:02:54,109,B+0.5,10,True,False,False,,-1,48.5062,2000
2026-06-26 08:03:51,127,W+9.5,14,True,False,False,,-1,48.5721,2000
2026-06-26 08:04:47,126,B+7.5,13,True,False,False,,-1,48.6467,2000
2026-06-26 08:05:32,97,W+1.5,11,True,False,False,,-1,48.615,2000
2026-06-26 08:06:25,117,W+0.5,12,True,False,False,,-1,48.6147,2000
2026-06-26 08:07:19,108,B+5.5,6,True,False,False,,-1,48.6196,2000
2026-06-26 08:08:18,119,W+0.5,20,True,False,False,,-1,48.7038,2000
2026-06-26 08:09:05,106,B+0.5,10,True,False,False,,-1,48.7067,2000
2026-06-26 08:10:04,160,B+2.5,22,True,False,False,,-1,48.7144,2000
2026-06-26 08:10:32,48,W+7.5,2,True,False,False,,-1,48.2967,2000
2026-06-26 08:11:22,98,B+2.5,7,True,False,False,,-1,48.3092,2000
2026-06-26 08:12:12,91,B+0.5,8,True,False,False,,-1,48.3787,2000
2026-06-26 08:12:37,44,W+4.5,2,True,False,False,,-1,48.1855,2000
2026-06-26 08:13:19,83,B+9.5,3,True,False,False,,-1,48.1522,2000
2026-06-26 08:14:05,99,W+4.5,7,True,False,False,,-1,48.0413,2000
2026-06-26 08:15:05,151,W+12.5,28,True,False,False,,-1,48.2413,2000
2026-06-26 08:16:00,117,W+16.5,17,True,False,False,,-1,48.3643,2000
2026-06-26 08:16:55,115,B+3.5,14,True,False,False,,-1,48.441,2000
2026-06-26 08:17:50,119,W+4.5,16,True,False,False,,-1,48.5253,2000
2026-06-26 08:18:18,48,W+9.5,2,True,False,False,,-1,48.3756,2000
2026-06-26 08:18:58,73,B+8.5,5,True,False,False,,-1,48.223,2000
2026-06-26 08:19:44,97,B+4.5,7,True,False,False,,-1,48.2962,2000
2026-06-26 08:20:30,95,B+14.5,6,True,False,False,,-1,48.2968,2000
2026-06-26 08:21:25,123,W+12.5,12,True,False,False,,-1,48.2837,2000
2026-06-26 08:22:09,93,W+1.5,9,True,False,False,,-1,48.229,2000
2026-06-26 08:22:54,90,B+10.5,5,True,False,False,,-1,48.1974,2000
2026-06-26 08:23:37,83,B+4.5,5,True,False,False,,-1,48.0862,2000
2026-06-26 08:24:23,100,B+5.5,12,True,False,False,,-1,48.0492,2000
2026-06-26 08:25:08,83,B+14.5,2,True,False,False,,-1,47.9491,2000
2026-06-26 08:26:02,109,W+7.5,11,True,False,False,,-1,48.0553,2000
2026-06-26 08:26:59,115,W+0.5,18,True,False,False,,-1,48.1135,2000
2026-06-26 08:27:50,109,W+8.5,12,True,False,False,,-1,48.0971,2000
2026-06-26 08:28:38,106,B+0.5,12,True,False,False,,-1,48.1092,2000
2026-06-26 08:29:31,113,W+4.5,15,True,False,False,,-1,48.1601,2000
2026-06-26 08:30:21,103,B+8.5,8,True,False,False,,-1,48.1592,2000
2026-06-26 08:31:16,118,B+0.5,13,True,False,False,,-1,48.1964,2000
2026-06-26 08:32:03,102,W+8.5,12,True,False,False,,-1,48.1223,2000
2026-06-26 08:32:49,99,W+2.5,7,True,False,False,,-1,48.0375,2000
2026-06-26 08:33:34,104,B+4.5,8,True,False,False,,-1,47.9124,2000
2026-06-26 08:34:14,77,B+1.5,3,True,False,False,,-1,47.7563,2000
2026-06-26 08:35:10,113,B+5.5,11,True,False,False,,-1,47.831,2000
2026-06-26 08:35:59,101,W+1.5,12,True,False,False,,-1,47.9767,2000
2026-06-26 08:36:47,111,W+2.5,15,True,False,False,,-1,47.9623,2000
2026-06-26 08:37:52,142,B+10.5,14,True,False,False,,-1,48.1821,2000
2026-06-26 08:38:39,97,W+0.5,11,True,False,False,,-1,48.1908,2000
2026-06-26 08:39:34,118,B+2.5,16,True,False,False,,-1,48.6134,2000
2026-06-26 08:40:31,122,B+6.5,16,True,False,False,,-1,48.7613,2000
2026-06-26 08:41:20,100,B+0.5,10,True,False,False,,-1,48.7573,2000
2026-06-26 08:42:14,106,B+6.5,13,True,False,False,,-1,48.8346,2000
2026-06-26 08:43:11,126,B+0.5,16,True,False,False,,-1,48.8204,2000
2026-06-26 08:43:58,104,B+0.5,10,True,False,False,,-1,48.8368,2000
2026-06-26 08:44:49,105,B+1.5,8,True,False,False,,-1,48.8896,2000
2026-06-26 08:45:40,116,B+9.5,13,True,False,False,,-1,48.9478,2000
2026-06-26 08:46:34,118,B+2.5,14,True,False,False,,-1,48.9617,2000
2026-06-26 08:47:20,97,W+1.5,12,True,False,False,,-1,49.2783,2000
2026-06-26 08:48:13,103,B+18.5,6,True,False,False,,-1,49.2368,2000
2026-06-26 08:49:05,109,B+11.5,8,True,False,False,,-1,49.2729,2000
2026-06-26 08:49:56,111,B+3.5,12,True,False,False,,-1,49.3351,2000
2026-06-26 08:50:36,75,B+3.5,7,True,False,False,,-1,49.1572,2000
2026-06-26 08:51:27,112,B+7.5,10,True,False,False,,-1,49.2077,2000
2026-06-26 08:52:20,111,W+0.5,11,True,False,False,,-1,49.2601,2000
2026-06-26 08:53:12,114,B+3.5,13,True,False,False,,-1,49.2598,2000
2026-06-26 08:54:11,127,W+0.5,13,True,False,False,,-1,49.2929,2000
2026-06-26 08:55:06,115,W+0.5,14,True,False,False,,-1,49.1972,2000
2026-06-26 08:56:04,122,B+7.5,15,True,False,False,,-1,49.1625,2000
2026-06-26 08:56:59,123,W+1.5,18,True,False,False,,-1,49.1576,2000
2026-06-26 08:57:52,120,B+1.5,19,True,False,False,,-1,49.1338,2000
2026-06-26 08:58:40,100,B+3.5,8,True,False,False,,-1,49.1365,2000
2026-06-26 08:59:21,79,B+10.5,4,True,False,False,,-1,49.4223,2000
2026-06-26 09:00:13,109,W+2.5,17,True,False,False,,-1,49.4638,2000
2026-06-26 09:01:02,99,B+1.5,8,True,False,False,,-1,49.4408,2000
2026-06-26 09:01:58,122,W+5.5,21,True,False,False,,-1,49.5546,2000
2026-06-26 09:03:01,139,B+45.5,9,True,False,False,,-1,49.6761,2000
2026-06-26 09:03:56,114,B+2.5,13,True,False,False,,-1,49.6512,2000
2026-06-26 09:04:41,90,B+4.5,8,True,False,False,,-1,49.6113,2000
2026-06-26 09:05:38,123,W+11.5,19,True,False,False,,-1,49.6669,2000
2026-06-26 09:06:29,110,W+0.5,18,True,False,False,,-1,49.7288,2000
2026-06-26 09:07:17,94,B+2.5,7,True,False,False,,-1,49.6827,2000
2026-06-26 09:08:27,162,W+40.5,15,True,False,False,,-1,49.8834,2000
2026-06-26 09:09:21,117,W+2.5,17,True,False,False,,-1,49.8466,2000
2026-06-26 09:10:15,119,B+2.5,16,True,False,False,,-1,49.9685,2000
2026-06-26 09:11:05,100,B+0.5,9,True,False,False,,-1,49.9455,2000
2026-06-26 09:11:55,113,W+12.5,8,True,False,False,,-1,50.095,2000
2026-06-26 09:12:54,127,W+16.5,17,True,False,False,,-1,50.1248,2000
2026-06-26 09:13:33,72,W+5.5,2,True,False,False,,-1,49.9621,2000
2026-06-26 09:13:49,28,W+7.5,2,True,False,False,,-1,49.6218,2000
2026-06-26 09:14:40,110,W+1.5,8,True,False,False,,-1,49.6384,2000
2026-06-26 09:15:35,129,W+0.5,13,True,False,False,,-1,49.6965,2000
2026-06-26 09:16:30,117,W+2.5,14,True,False,False,,-1,49.8153,2000
2026-06-26 09:17:16,98,B+8.5,6,True,False,False,,-1,50.017,2000
2026-06-26 09:17:56,73,B+2.5,5,True,False,False,,-1,49.9621,2000
2026-06-26 09:18:45,102,B+7.5,6,True,False,False,,-1,49.9785,2000
2026-06-26 09:19:34,108,W+0.5,11,True,False,False,,-1,50.0146,2000
2026-06-26 09:20:26,108,B+3.5,9,True,False,False,,-1,50.0598,2000
2026-06-26 09:21:10,89,B+6.5,2,True,False,False,,-1,49.9853,2000
2026-06-26 09:22:01,107,W+14.5,10,True,False,False,,-1,50.0328,2000
2026-06-26 09:22:53,115,W+1.5,15,True,False,False,,-1,50.0719,2000
2026-06-26 09:23:38,92,B+4.5,10,True,False,False,,-1,49.9658,2000
2026-06-26 09:24:23,95,W+5.5,11,True,False,False,,-1,49.8826,2000
2026-06-26 09:25:10,89,B+6.5,2,True,False,False,,-1,49.8671,2000
2026-06-26 09:26:02,101,B+7.5,8,True,False,False,,-1,49.8825,2000
2026-06-26 09:26:59,123,W+0.5,14,True,False,False,,-1,49.8767,2000
2026-06-26 09:27:35,68,W+4.5,2,True,False,False,,-1,49.6789,2000
2026-06-26 09:28:42,162,W+4.5,39,True,False,False,,-1,49.8966,2000
2026-06-26 09:29:08,46,W+11.5,2,True,False,False,,-1,49.6207,2000
2026-06-26 09:29:51,97,W+0.5,9,True,False,False,,-1,49.5196,2000
2026-06-26 09:30:41,111,W+7.5,11,True,False,False,,-1,49.4289,2000
2026-06-26 09:31:30,98,B+0.5,5,True,False,False,,-1,49.4489,2000
2026-06-26 09:32:10,71,B+0.5,4,True,False,False,,-1,49.2492,2000
2026-06-26 09:32:58,101,B+8.5,13,True,False,False,,-1,49.4587,2000
2026-06-26 09:33:59,127,W+27.5,7,True,False,False,,-1,49.5666,2000
2026-06-26 09:34:41,97,B+2.5,7,True,False,False,,-1,49.4866,2000
2026-06-26 09:35:39,127,B+1.5,12,True,False,False,,-1,49.8179,2000
2026-06-26 09:36:36,130,B+4.5,14,True,False,False,,-1,49.9733,2000
2026-06-26 09:37:32,122,B+0.5,10,True,False,False,,-1,50.065,2000
2026-06-26 09:38:29,127,W+5.5,21,True,False,False,,-1,50.0348,2000
2026-06-26 09:39:11,75,B+1.5,4,True,False,False,,-1,49.9033,2000
2026-06-26 09:40:09,125,W+2.5,11,True,False,False,,-1,49.9459,2000
2026-06-26 09:41:04,112,B+3.5,9,True,False,False,,-1,49.9347,2000
2026-06-26 09:41:51,105,W+0.5,16,True,False,False,,-1,50.1261,2000
2026-06-26 09:42:45,104,W+4.5,14,True,False,False,,-1,50.2697,2000
2026-06-26 09:43:52,145,B+4.5,23,True,False,False,,-1,50.4848,2000
2026-06-26 09:44:45,104,B+19.5,9,True,False,False,,-1,50.5493,2000
2026-06-26 09:45:19,62,W+11.5,3,True,False,False,,-1,50.3371,2000
2026-06-26 09:46:08,103,W+0.5,7,True,False,False,,-1,50.3896,2000
2026-06-26 09:46:51,79,B+12.5,2,True,False,False,,-1,50.3686,2000
2026-06-26 09:47:41,117,W+2.5,18,True,False,False,,-1,50.4379,2000
2026-06-26 09:48:26,87,B+6.5,5,True,False,False,,-1,50.4196,2000
2026-06-26 09:49:18,103,B+12.5,3,True,False,False,,-1,50.5013,2000
2026-06-26 09:49:30,22,W+7.5,2,True,False,False,,-1,50.075,2000
2026-06-26 09:50:21,102,W+3.5,5,True,False,False,,-1,50.0106,2000
2026-06-26 09:51:16,127,W+0.5,15,True,False,False,,-1,50.0558,2000
2026-06-26 09:52:01,99,B+4.5,9,True,False,False,,-1,50.0294,2000
2026-06-26 09:52:52,113,W+2.5,10,True,False,False,,-1,50.0012,2000
2026-06-26 09:53:44,105,B+5.5,6,True,False,False,,-1,50.0234,2000
2026-06-26 09:54:32,108,B+5.5,11,True,False,False,,-1,49.9539,2000
2026-06-26 09:55:21,103,W+0.5,11,True,False,False,,-1,49.9685,2000
2026-06-26 09:56:29,162,W+4.5,34,True,False,False,,-1,50.2006,2000
2026-06-26 09:57:21,105,W+4.5,9,True,False,False,,-1,50.2636,2000
2026-06-26 09:58:09,100,B+2.5,10,True,False,False,,-1,50.3477,2000
2026-06-26 09:59:00,111,W+5.5,16,True,False,False,,-1,50.2958,2000
2026-06-26 09:59:42,79,B+1.5,3,True,False,False,,-1,50.2229,2000
2026-06-26 10:00:35,117,W+0.5,11,True,False,False,,-1,50.2758,2000
2026-06-26 10:01:27,117,W+3.5,6,True,False,False,,-1,50.1495,2000
2026-06-26 10:02:21,111,W+9.5,16,True,False,False,,-1,50.2134,2000
2026-06-26 10:03:17,113,W+18.5,11,True,False,False,,-1,50.2281,2000
2026-06-26 10:04:09,107,W+9.5,14,True,False,False,,-1,50.1779,2000
2026-06-26 10:05:02,117,W+1.5,17,True,False,False,,-1,50.2161,2000
2026-06-26 10:05:48,90,B+5.5,8,True,False,False,,-1,50.135,2000
2026-06-26 10:06:44,131,B+25.5,13,True,False,False,,-1,50.1199,2000
2026-06-26 10:07:47,148,B+20.5,13,True,False,False,,-1,50.2867,2000
2026-06-26 10:08:33,95,W+1.5,11,True,False,False,,-1,50.2378,2000
2026-06-26 10:09:22,95,B+13.5,8,True,False,False,,-1,50.2143,2000
2026-06-26 10:10:11,104,B+1.5,14,True,False,False,,-1,50.1729,2000
2026-06-26 10:10:59,97,W+4.5,11,True,False,False,,-1,50.1836,2000
2026-06-26 10:11:40,87,B+0.5,2,True,False,False,,-1,50.0729,2000
2026-06-26 10:12:33,113,W+2.5,13,True,False,False,,-1,50.0764,2000
2026-06-26 10:13:31,127,W+6.5,18,True,False,False,,-1,50.1435,2000
2026-06-26 10:14:19,93,B+6.5,6,True,False,False,,-1,50.228,2000
2026-06-26 10:15:09,101,W+0.5,9,True,False,False,,-1,50.2134,2000
2026-06-26 10:16:01,123,W+0.5,16,True,False,False,,-1,50.2012,2000
2026-06-26 10:16:56,122,B+3.5,15,True,False,False,,-1,50.2331,2000
2026-06-26 10:17:48,115,W+3.5,14,True,False,False,,-1,50.1628,2000
2026-06-26 10:18:43,115,W+0.5,9,True,False,False,,-1,50.1612,2000
2026-06-26 10:19:34,103,B+3.5,5,True,False,False,,-1,50.0889,2000
2026-06-26 10:20:23,93,B+8.5,4,True,False,False,,-1,50.044,2000
2026-06-26 10:21:05,76,W+10.5,3,True,False,False,,-1,49.9215,2000
2026-06-26 10:21:57,107,W+1.5,16,True,False,False,,-1,49.9586,2000
2026-06-26 10:22:51,114,W+0.5,11,True,False,False,,-1,50.0907,2000
2026-06-26 10:23:59,162,W+20.5,35,True,False,False,,-1,50.2549,2000
2026-06-26 10:24:53,119,W+0.5,13,True,False,False,,-1,50.299,2000
2026-06-26 10:25:42,104,B+1.5,12,True,False,False,,-1,50.2348,2000
2026-06-26 10:26:38,133,W+2.5,15,True,False,False,,-1,50.1643,2000
2026-06-26 10:27:33,108,B+1.5,13,True,False,False,,-1,50.1671,2000
2026-06-26 10:28:20,100,B+8.5,8,True,False,False,,-1,50.1805,2000
2026-06-26 10:29:16,122,B+5.5,16,True,False,False,,-1,50.1775,2000
2026-06-26 10:30:09,113,B+10.5,5,True,False,False,,-1,50.1992,2000
2026-06-26 10:31:01,114,B+5.5,16,True,False,False,,-1,50.2426,2000
2026-06-26 10:31:48,85,B+3.5,3,True,False,False,,-1,50.0163,2000
2026-06-26 10:32:40,109,W+0.5,17,True,False,False,,-1,49.9837,2000
2026-06-26 10:33:25,96,B+1.5,7,True,False,False,,-1,49.8915,2000
2026-06-26 10:34:07,81,B+12.5,2,True,False,False,,-1,49.8141,2000
2026-06-26 10:35:00,115,W+4.5,16,True,False,False,,-1,49.851,2000
2026-06-26 10:35:44,84,W+3.5,2,True,False,False,,-1,49.6991,2000
2026-06-26 10:36:36,119,B+1.5,10,True,False,False,,-1,49.8242,2000
2026-06-26 10:37:26,104,W+7.5,8,True,False,False,,-1,50.1712,2000
2026-06-26 10:38:11,93,W+7.5,8,True,False,False,,-1,50.1093,2000
2026-06-26 10:39:05,101,B+7.5,8,True,False,False,,-1,50.0969,2000
2026-06-26 10:39:59,122,B+11.5,6,True,False,False,,-1,50.0823,2000
2026-06-26 10:40:47,103,W+3.5,13,True,False,False,,-1,50.109,2000
2026-06-26 10:41:40,117,W+0.5,8,True,False,False,,-1,50.2371,2000
2026-06-26 10:42:38,121,W+7.5,18,True,False,False,,-1,50.3221,2000
2026-06-26 10:42:49,20,W+8.5,2,True,False,False,,-1,49.9479,2000
2026-06-26 10:43:42,109,W+6.5,12,True,False,False,,-1,49.9602,2000
2026-06-26 10:44:29,91,B+0.5,9,True,False,False,,-1,49.9822,2000
2026-06-26 10:45:11,81,B+1.5,5,True,False,False,,-1,49.896,2000
2026-06-26 10:46:05,117,W+3.5,13,True,False,False,,-1,49.9121,2000
2026-06-26 10:46:53,102,B+7.5,14,True,False,False,,-1,49.9532,2000
2026-06-26 10:47:43,109,W+1.5,7,True,False,False,,-1,49.994,2000
2026-06-26 10:48:28,91,W+0.5,6,True,False,False,,-1,49.9768,2000
2026-06-26 10:49:18,105,W+11.5,12,True,False,False,,-1,49.9529,2000
2026-06-26 10:50:03,98,B+1.5,12,True,False,False,,-1,49.8358,2000
2026-06-26 10:50:32,50,W+1.5,2,True,False,False,,-1,49.7643,2000
2026-06-26 10:50:54,40,W+6.5,2,True,False,False,,-1,49.3172,2000
2026-06-26 10:51:46,114,B+5.5,12,True,False,False,,-1,49.5826,2000
2026-06-26 10:52:33,102,B+3.5,9,True,False,False,,-1,49.6211,2000
2026-06-26 10:53:13,73,B+3.5,2,True,False,False,,-1,49.5144,2000
2026-06-26 10:53:55,81,B+5.5,4,True,False,False,,-1,49.4426,2000
2026-06-26 10:54:45,97,W+5.5,8,True,False,False,,-1,49.5491,2000
2026-06-26 10:55:38,118,W+6.5,17,True,False,False,,-1,49.5983,2000
2026-06-26 10:56:45,152,B+5.5,17,True,False,False,,-1,49.6495,2000
2026-06-26 10:57:33,98,B+3.5,6,True,False,False,,-1,49.7165,2000
2026-06-26 10:58:17,85,B+2.5,6,True,False,False,,-1,49.5748,2000
2026-06-26 10:58:58,87,W+2.5,8,True,False,False,,-1,49.4158,2000
2026-06-26 10:59:51,109,B+3.5,5,True,False,False,,-1,49.3866,2000
2026-06-26 11:00:38,99,W+18.5,6,True,False,False,,-1,49.2874,2000
2026-06-26 11:01:31,99,B+3.5,7,True,False,False,,-1,49.399,2000
2026-06-26 11:02:19,100,W+2.5,6,True,False,False,,-1,49.2914,2000
2026-06-26 11:03:04,87,B+13.5,5,True,False,False,,-1,49.1966,2000
2026-06-26 11:03:56,119,W+3.5,17,True,False,False,,-1,49.2501,2000
2026-06-26 11:04:46,101,B+3.5,6,True,False,False,,-1,49.2066,2000
2026-06-26 11:05:24,67,B+0.5,5,True,False,False,,-1,48.913,2000
2026-06-26 11:06:20,127,W+0.5,14,True,False,False,,-1,48.9438,2000
2026-06-26 11:07:09,91,B+1.5,6,True,False,False,,-1,49.1007,2000
2026-06-26 11:10:14,107,W+8.5,11,True,False,False,,-1,49.1605,3000
2026-06-26 11:11:09,109,W+7.5,17,True,False,False,,-1,49.2106,3000
2026-06-26 11:12:00,103,W+2.5,13,True,False,False,,-1,49.2682,3000
2026-06-26 11:12:51,93,B+15.5,5,True,False,False,,-1,49.2606,3000
2026-06-26 11:14:03,151,W+12.5,33,True,False,False,,-1,49.8524,3000
2026-06-26 11:14:56,111,B+1.5,7,True,False,False,,-1,49.8743,3000
2026-06-26 11:15:52,114,B+2.5,7,True,False,False,,-1,49.8863,3000
2026-06-26 11:16:49,116,B+3.5,12,True,False,False,,-1,49.9985,3000
2026-06-26 11:17:43,108,B+4.5,10,True,False,False,,-1,50.0452,3000
2026-06-26 11:18:32,97,W+1.5,9,True,False,False,,-1,50.0115,3000
2026-06-26 11:19:21,95,B+7.5,3,True,False,False,,-1,50.0252,3000
2026-06-26 11:20:10,91,B+0.5,2,True,False,False,,-1,50.0234,3000
2026-06-26 11:21:03,97,B+1.5,11,True,False,False,,-1,49.8688,3000
2026-06-26 11:21:54,103,W+1.5,15,True,False,False,,-1,49.8624,3000
2026-06-26 11:22:41,89,W+3.5,8,True,False,False,,-1,49.8441,3000
2026-06-26 11:23:29,101,W+1.5,11,True,False,False,,-1,49.8181,3000
2026-06-26 11:24:09,69,B+2.5,2,True,False,False,,-1,49.8001,3000
2026-06-26 11:25:04,117,W+5.5,18,True,False,False,,-1,49.8177,3000
2026-06-26 11:25:50,85,B+1.5,6,True,False,False,,-1,49.7506,3000
2026-06-26 11:26:57,146,B+2.5,24,True,False,False,,-1,49.8943,3000
2026-06-26 11:27:57,131,W+4.5,25,True,False,False,,-1,49.9317,3000
2026-06-26 11:28:42,83,B+1.5,7,True,False,False,,-1,49.8526,3000
2026-06-26 11:29:21,73,B+2.5,2,True,False,False,,-1,49.7193,3000
2026-06-26 11:30:17,117,W+0.5,15,True,False,False,,-1,49.8145,3000
2026-06-26 11:31:08,99,B+7.5,4,True,False,False,,-1,49.774,3000
2026-06-26 11:31:52,75,B+0.5,7,True,False,False,,-1,49.574,3000
2026-06-26 11:32:32,69,B+1.5,3,True,False,False,,-1,49.5218,3000
2026-06-26 11:33:36,162,B+11.5,22,True,False,False,,-1,49.6633,3000
2026-06-26 11:34:31,103,B+2.5,9,True,False,False,,-1,49.7195,3000
2026-06-26 11:35:28,105,B+9.5,11,True,False,False,,-1,49.8209,3000
2026-06-26 11:36:15,85,B+1.5,10,True,False,False,,-1,49.8792,3000
2026-06-26 11:37:32,162,W+21.5,29,True,False,False,,-1,50.1142,3000
2026-06-26 11:38:21,105,W+6.5,10,True,False,False,,-1,50.0322,3000
2026-06-26 11:39:15,99,B+10.5,6,True,False,False,,-1,50.0945,3000
2026-06-26 11:40:16,121,W+1.5,12,True,False,False,,-1,50.1921,3000
2026-06-26 11:41:09,109,W+0.5,15,True,False,False,,-1,50.2118,3000
2026-06-26 11:42:25,162,B+2.5,21,True,False,False,,-1,50.4193,3000
2026-06-26 11:43:11,98,W+2.5,12,True,False,False,,-1,50.3549,3000
2026-06-26 11:44:14,122,B+22.5,10,True,False,False,,-1,50.4415,3000
2026-06-26 11:45:21,156,B+17.5,18,True,False,False,,-1,50.6051,3000
2026-06-26 11:46:24,139,W+3.5,24,True,False,False,,-1,50.7329,3000
2026-06-26 11:47:10,87,B+3.5,3,True,False,False,,-1,50.7816,3000
2026-06-26 11:48:06,115,W+3.5,16,True,False,False,,-1,50.818,3000
2026-06-26 11:49:14,147,W+1.5,21,True,False,False,,-1,50.9598,3000
2026-06-26 11:50:00,97,W+2.5,16,True,False,False,,-1,50.7303,3000
2026-06-26 11:50:53,113,W+2.5,12,True,False,False,,-1,50.7338,3000
2026-06-26 11:51:49,119,W+6.5,18,True,False,False,,-1,50.7965,3000
2026-06-26 11:52:48,119,B+25.5,7,True,False,False,,-1,50.8293,3000
2026-06-26 11:53:43,103,B+0.5,10,True,False,False,,-1,50.8241,3000
2026-06-26 11:54:32,99,B+2.5,12,True,False,False,,-1,50.8495,3000
2026-06-26 11:55:24,99,W+5.5,9,True,False,False,,-1,50.8053,3000
2026-06-26 11:56:17,106,B+12.5,6,True,False,False,,-1,50.8109,3000
2026-06-26 11:57:11,105,W+0.5,12,True,False,False,,-1,50.8267,3000
2026-06-26 11:58:02,107,W+1.5,20,True,False,False,,-1,50.8584,3000
2026-06-26 11:58:15,22,W+7.5,2,True,False,False,,-1,50.4823,3000
2026-06-26 11:58:58,77,B+7.5,2,True,False,False,,-1,50.4591,3000
2026-06-26 11:59:50,98,B+9.5,5,True,False,False,,-1,50.5607,3000
2026-06-26 12:01:03,162,B+11.5,14,True,False,False,,-1,50.7513,3000
2026-06-26 12:01:52,94,B+0.5,6,True,False,False,,-1,50.8006,3000
2026-06-26 12:02:50,125,W+3.5,25,True,False,False,,-1,50.8722,3000
2026-06-26 12:03:47,115,B+1.5,19,True,False,False,,-1,50.9282,3000
2026-06-26 12:04:31,79,B+0.5,7,True,False,False,,-1,50.9225,3000
2026-06-26 12:05:32,133,W+1.5,13,True,False,False,,-1,50.9935,3000
2026-06-26 12:06:23,98,B+15.5,9,True,False,False,,-1,50.972,3000
2026-06-26 12:07:19,111,W+1.5,8,True,False,False,,-1,51.0448,3000
2026-06-26 12:08:16,117,W+2.5,16,True,False,False,,-1,51.0874,3000
2026-06-26 12:09:15,116,B+0.5,14,True,False,False,,-1,51.0986,3000
2026-06-26 12:10:04,105,W+0.5,17,True,False,False,,-1,51.4731,3000
2026-06-26 12:10:47,77,B+1.5,2,True,False,False,,-1,51.3776,3000
2026-06-26 12:11:42,117,W+15.5,17,True,False,False,,-1,51.4645,3000
2026-06-26 12:12:38,125,W+6.5,19,True,False,False,,-1,51.597,3000
2026-06-26 12:13:34,133,W+3.5,25,True,False,False,,-1,51.617,3000
2026-06-26 12:14:28,113,W+1.5,14,True,False,False,,-1,51.6703,3000
2026-06-26 12:15:12,91,W+5.5,10,True,False,False,,-1,51.6225,3000
2026-06-26 12:15:53,73,B+1.5,2,True,False,False,,-1,51.5754,3000
2026-06-26 12:16:47,117,W+9.5,13,True,False,False,,-1,51.6199,3000
2026-06-26 12:17:45,123,W+0.5,18,True,False,False,,-1,51.7436,3000
2026-06-26 12:18:39,112,B+6.5,11,True,False,False,,-1,52.0009,3000
2026-06-26 12:19:31,108,B+1.5,8,True,False,False,,-1,52.3009,3000
2026-06-26 12:20:23,113,W+3.5,16,True,False,False,,-1,52.2931,3000
2026-06-26 12:21:23,120,B+15.5,7,True,False,False,,-1,52.4236,3000
2026-06-26 12:21:38,24,W+7.5,2,True,False,False,,-1,52.1764,3000
2026-06-26 12:22:19,73,B+7.5,3,True,False,False,,-1,52.1713,3000
2026-06-26 12:23:08,97,W+2.5,11,True,False,False,,-1,52.1613,3000
2026-06-26 12:24:12,136,W+1.5,23,True,False,False,,-1,52.258,3000
2026-06-26 12:25:22,154,B+17.5,26,True,False,False,,-1,52.2996,3000
2026-06-26 12:26:31,157,B+2.5,24,True,False,False,,-1,52.5084,3000
2026-06-26 12:27:26,115,W+2.5,22,True,False,False,,-1,52.6229,3000
2026-06-26 12:28:19,108,B+1.5,14,True,False,False,,-1,52.7349,3000
2026-06-26 12:29:24,141,W+3.5,26,True,False,False,,-1,52.8595,3000
2026-06-26 12:30:28,144,B+0.5,22,True,False,False,,-1,53.0303,3000
2026-06-26 12:31:22,104,B+18.5,7,True,False,False,,-1,53.0369,3000
2026-06-26 12:32:06,83,B+1.5,5,True,False,False,,-1,52.9939,3000
2026-06-26 12:32:54,95,W+4.5,7,True,False,False,,-1,53.0332,3000
2026-06-26 12:33:42,94,B+0.5,8,True,False,False,,-1,52.9801,3000
2026-06-26 12:34:28,99,W+2.5,10,True,False,False,,-1,52.9455,3000
2026-06-26 12:35:09,69,B+2.5,4,True,False,False,,-1,52.9757,3000
2026-06-26 12:35:59,96,B+0.5,8,True,False,False,,-1,52.9152,3000
2026-06-26 12:37:13,160,B+22.5,26,True,False,False,,-1,53.165,3000
2026-06-26 12:38:05,109,W+3.5,11,True,False,False,,-1,53.2419,3000
2026-06-26 12:39:04,124,B+1.5,20,True,False,False,,-1,53.2894,3000
2026-06-26 12:39:21,30,W+5.5,2,True,False,False,,-1,52.9212,3000
2026-06-26 12:40:21,117,W+15.5,17,True,False,False,,-1,53.01,3000
2026-06-26 12:41:02,77,B+3.5,2,True,False,False,,-1,52.9036,3000
2026-06-26 12:42:00,113,B+1.5,11,True,False,False,,-1,52.7692,3000
2026-06-26 12:42:43,79,B+2.5,5,True,False,False,,-1,52.6678,3000
2026-06-26 12:43:32,101,W+2.5,11,True,False,False,,-1,52.5929,3000
2026-06-26 12:44:11,71,B+0.5,3,True,False,False,,-1,52.4171,3000
2026-06-26 12:45:02,104,B+0.5,5,True,False,False,,-1,52.3789,3000
2026-06-26 12:45:59,119,W+0.5,14,True,False,False,,-1,52.4683,3000
2026-06-26 12:46:50,107,W+1.5,13,True,False,False,,-1,52.4822,3000
2026-06-26 12:47:43,104,B+2.5,14,True,False,False,,-1,52.5229,3000
2026-06-26 12:48:42,131,W+1.5,25,True,False,False,,-1,52.5792,3000
2026-06-26 12:49:34,118,W+5.5,18,True,False,False,,-1,52.5935,3000
2026-06-26 12:50:32,114,B+6.5,13,True,False,False,,-1,52.7104,3000
2026-06-26 12:51:28,116,B+11.5,12,True,False,False,,-1,52.7879,3000
2026-06-26 12:52:15,93,W+5.5,6,True,False,False,,-1,52.8589,3000
2026-06-26 12:53:15,119,W+0.5,13,True,False,False,,-1,52.9092,3000
2026-06-26 12:54:16,126,B+1.5,12,True,False,False,,-1,53.0594,3000
2026-06-26 12:55:11,111,W+16.5,15,True,False,False,,-1,52.9291,3000
2026-06-26 12:56:02,105,W+0.5,14,True,False,False,,-1,52.8453,3000
2026-06-26 12:56:58,114,B+1.5,10,True,False,False,,-1,52.9648,3000
2026-06-26 12:57:48,99,W+2.5,10,True,False,False,,-1,53.0631,3000
2026-06-26 12:58:37,98,B+0.5,11,True,False,False,,-1,52.9976,3000
2026-06-26 12:59:27,99,B+8.5,7,True,False,False,,-1,52.9875,3000
2026-06-26 13:00:23,112,B+9.5,9,True,False,False,,-1,53.1123,3000
2026-06-26 13:01:13,92,B+3.5,4,True,False,False,,-1,53.2022,3000
2026-06-26 13:02:06,107,W+4.5,12,True,False,False,,-1,53.0998,3000
2026-06-26 13:03:08,145,W+6.5,32,True,False,False,,-1,53.1755,3000
2026-06-26 13:03:54,85,W+0.5,8,True,False,False,,-1,53.053,3000
2026-06-26 13:04:52,138,W+4.5,34,True,False,False,,-1,53.1627,3000
2026-06-26 13:05:47,111,W+0.5,12,True,False,False,,-1,52.9408,3000
2026-06-26 13:06:56,146,B+3.5,24,True,False,False,,-1,53.1475,3000
2026-06-26 13:07:47,97,W+0.5,10,True,False,False,,-1,53.108,3000
2026-06-26 13:08:42,116,B+0.5,11,True,False,False,,-1,53.0574,3000
2026-06-26 13:09:24,73,B+2.5,2,True,False,False,,-1,52.9411,3000
2026-06-26 13:10:16,103,W+1.5,8,True,False,False,,-1,52.7049,3000
2026-06-26 13:10:45,53,B+1.5,2,True,False,False,,-1,52.5392,3000
2026-06-26 13:11:46,124,B+4.5,10,True,False,False,,-1,52.5144,3000
2026-06-26 13:12:40,111,W+0.5,13,True,False,False,,-1,52.3824,3000
2026-06-26 13:13:37,115,B+2.5,13,True,False,False,,-1,52.3236,3000
2026-06-26 13:13:52,24,W+7.5,2,True,False,False,,-1,52.0113,3000
2026-06-26 13:14:40,98,B+3.5,5,True,False,False,,-1,51.9355,3000
2026-06-26 13:14:53,22,W+7.5,2,True,False,False,,-1,51.3899,3000
2026-06-26 13:15:35,73,B+8.5,2,True,False,False,,-1,51.3547,3000
2026-06-26 13:16:31,109,W+0.5,13,True,False,False,,-1,51.3706,3000
2026-06-26 13:17:27,119,W+0.5,19,True,False,False,,-1,51.372,3000
2026-06-26 13:18:16,101,W+0.5,6,True,False,False,,-1,51.2705,3000
2026-06-26 13:19:11,112,B+1.5,6,True,False,False,,-1,51.2834,3000
2026-06-26 13:20:08,115,W+0.5,19,True,False,False,,-1,51.3574,3000
2026-06-26 13:21:00,104,B+11.5,6,True,False,False,,-1,51.3647,3000
2026-06-26 13:21:51,103,W+2.5,11,True,False,False,,-1,51.3304,3000
2026-06-26 13:22:56,162,W+0.5,34,True,False,False,,-1,51.4381,3000
2026-06-26 13:23:37,75,B+2.5,4,True,False,False,,-1,51.3542,3000
2026-06-26 13:24:33,112,B+0.5,10,True,False,False,,-1,51.7776,3000
2026-06-26 13:25:17,81,B+3.5,6,True,False,False,,-1,51.7883,3000
2026-06-26 13:26:02,99,W+0.5,14,True,False,False,,-1,51.7167,3000
2026-06-26 13:26:55,113,W+3.5,16,True,False,False,,-1,51.5209,3000
2026-06-26 13:27:49,108,B+0.5,15,True,False,False,,-1,51.5655,3000
2026-06-26 13:28:38,89,B+2.5,2,True,False,False,,-1,51.4777,3000
2026-06-26 13:29:42,152,B+4.5,23,True,False,False,,-1,51.5467,3000
2026-06-26 13:30:40,120,B+3.5,14,True,False,False,,-1,51.6901,3000
2026-06-26 13:30:56,26,W+7.5,2,True,False,False,,-1,51.2428,3000
2026-06-26 13:31:52,119,W+8.5,19,True,False,False,,-1,51.283,3000
2026-06-26 13:33:00,156,B+1.5,18,True,False,False,,-1,51.4058,3000
2026-06-26 13:33:37,61,B+4.5,3,True,False,False,,-1,51.2021,3000
2026-06-26 13:34:31,111,W+4.5,13,True,False,False,,-1,51.1552,3000
2026-06-26 13:35:26,114,B+2.5,10,True,False,False,,-1,51.2154,3000
2026-06-26 13:36:09,73,B+1.5,7,True,False,False,,-1,51.2129,3000
2026-06-26 13:37:00,110,B+9.5,14,True,False,False,,-1,51.1763,3000
2026-06-26 13:38:02,123,B+33.5,2,True,False,False,,-1,51.2363,3000
2026-06-26 13:38:53,106,B+3.5,8,True,False,False,,-1,51.1864,3000
2026-06-26 13:39:49,117,W+1.5,13,True,False,False,,-1,51.2136,3000
2026-06-26 13:40:41,101,W+1.5,9,True,False,False,,-1,51.2861,3000
2026-06-26 13:41:41,122,B+0.5,13,True,False,False,,-1,51.4718,3000
2026-06-26 13:42:28,91,B+1.5,3,True,False,False,,-1,51.4016,3000
2026-06-26 13:43:27,115,B+3.5,9,True,False,False,,-1,51.4213,3000
2026-06-26 13:44:32,137,W+4.5,28,True,False,False,,-1,51.5283,3000
2026-06-26 13:45:28,110,B+2.5,18,True,False,False,,-1,51.5667,3000
2026-06-26 13:46:06,67,B+0.5,2,True,False,False,,-1,51.4302,3000
2026-06-26 13:46:56,103,W+2.5,18,True,False,False,,-1,51.3239,3000
2026-06-26 13:48:09,153,W+2.5,28,True,False,False,,-1,51.9087,3000
2026-06-26 13:49:12,127,W+2.5,15,True,False,False,,-1,52.1184,3000
2026-06-26 13:50:04,112,B+2.5,14,True,False,False,,-1,52.1574,3000
2026-06-26 13:50:28,40,W+7.5,2,True,False,False,,-1,51.7632,3000
2026-06-26 13:51:22,111,W+0.5,12,True,False,False,,-1,51.6022,3000
2026-06-26 13:52:18,118,B+8.5,14,True,False,False,,-1,51.4727,3000
2026-06-26 13:53:10,97,B+7.5,10,True,False,False,,-1,51.4365,3000
2026-06-26 13:53:59,87,B+1.5,4,True,False,False,,-1,51.3987,3000
2026-06-26 13:54:51,101,B+10.5,8,True,False,False,,-1,51.269,3000
2026-06-26 13:55:45,107,W+1.5,6,True,False,False,,-1,51.167,3000
2026-06-26 13:56:25,69,B+0.5,3,True,False,False,,-1,51.0242,3000
2026-06-26 13:57:13,99,W+19.5,13,True,False,False,,-1,51.0712,3000
2026-06-26 13:58:02,97,W+2.5,7,True,False,False,,-1,51.0706,3000
2026-06-26 13:58:58,111,B+1.5,8,True,False,False,,-1,51.1591,3000
2026-06-26 14:00:01,139,W+4.5,19,True,False,False,,-1,51.3286,3000
2026-06-26 14:00:17,26,W+6.5,3,True,False,False,,-1,51.0807,3000
2026-06-26 14:01:27,146,B+1.5,17,True,False,False,,-1,51.2803,3000
2026-06-26 14:02:18,106,B+2.5,15,True,False,False,,-1,51.0509,3000
2026-06-26 14:03:10,106,B+2.5,13,True,False,False,,-1,51.0464,3000
2026-06-26 14:03:55,83,B+3.5,4,True,False,False,,-1,50.9063,3000
2026-06-26 14:04:54,128,W+2.5,20,True,False,False,,-1,51.3179,3000
2026-06-26 14:05:44,101,W+4.5,9,True,False,False,,-1,51.2307,3000
2026-06-26 14:06:32,93,W+0.5,10,True,False,False,,-1,51.2961,3000
2026-06-26 14:07:31,127,W+6.5,15,True,False,False,,-1,51.3052,3000
2026-06-26 14:08:20,98,B+1.5,13,True,False,False,,-1,51.3684,3000
2026-06-26 14:09:14,118,B+1.5,9,True,False,False,,-1,51.4237,3000
2026-06-26 14:10:13,119,B+1.5,8,True,False,False,,-1,51.6188,3000
2026-06-26 14:11:07,104,B+6.5,8,True,False,False,,-1,51.6524,3000
2026-06-26 14:12:06,121,W+4.5,9,True,False,False,,-1,51.665,3000
2026-06-26 14:12:58,106,B+0.5,11,True,False,False,,-1,51.6753,3000
2026-06-26 14:13:41,79,B+6.5,2,True,False,False,,-1,51.5827,3000
2026-06-26 14:14:24,75,B+1.5,3,True,False,False,,-1,51.4188,3000
2026-06-26 14:15:12,87,B+7.5,7,True,False,False,,-1,51.3775,3000
2026-06-26 14:16:15,134,B+26.5,17,True,False,False,,-1,51.4281,3000
2026-06-26 14:17:10,115,B+3.5,11,True,False,False,,-1,51.4163,3000
2026-06-26 14:18:06,112,B+2.5,13,True,False,False,,-1,51.5092,3000
2026-06-26 14:19:00,112,B+4.5,13,True,False,False,,-1,51.4443,3000
2026-06-26 14:19:51,109,W+1.5,16,True,False,False,,-1,51.3423,3000
2026-06-26 14:20:41,105,W+1.5,10,True,False,False,,-1,51.3039,3000
2026-06-26 14:20:55,22,W+7.5,2,True,False,False,,-1,50.9229,3000
2026-06-26 14:21:53,125,W+5.5,16,True,False,False,,-1,50.9397,3000
2026-06-26 14:22:51,116,B+7.5,11,True,False,False,,-1,51.024,3000
2026-06-26 14:23:46,111,W+9.5,14,True,False,False,,-1,51.0901,3000
2026-06-26 14:24:33,83,B+5.5,2,True,False,False,,-1,51.0554,3000
2026-06-26 14:25:17,79,B+1.5,2,True,False,False,,-1,50.9395,3000
2026-06-26 14:26:01,75,B+3.5,5,True,False,False,,-1,50.877,3000
2026-06-26 14:26:59,130,W+0.5,24,True,False,False,,-1,50.9313,3000
2026-06-26 14:28:01,131,W+10.5,16,True,False,False,,-1,50.9221,3000
2026-06-26 14:28:50,94,B+3.5,5,True,False,False,,-1,50.955,3000
2026-06-26 14:29:46,119,W+0.5,16,True,False,False,,-1,50.9398,3000
2026-06-26 14:30:42,110,B+3.5,13,True,False,False,,-1,50.9507,3000
2026-06-26 14:31:38,123,W+2.5,20,True,False,False,,-1,50.8119,3000
2026-06-26 14:32:32,117,W+1.5,18,True,False,False,,-1,50.8512,3000
2026-06-26 14:33:19,87,B+0.5,3,True,False,False,,-1,50.7682,3000
2026-06-26 14:34:28,162,W+2.5,36,True,False,False,,-1,51.0349,3000
2026-06-26 14:35:20,109,W+2.5,18,True,False,False,,-1,51.0358,3000
2026-06-26 14:36:09,97,W+7.5,13,True,False,False,,-1,51.2317,3000
2026-06-26 14:37:08,127,B+2.5,13,True,False,False,,-1,51.2138,3000
2026-06-26 14:37:55,94,B+3.5,7,True,False,False,,-1,51.1471,3000
2026-06-26 14:38:50,112,B+7.5,12,True,False,False,,-1,51.135,3000
2026-06-26 14:39:46,121,W+2.5,16,True,False,False,,-1,51.5425,3000
2026-06-26 14:40:03,28,W+5.5,2,True,False,False,,-1,51.2326,3000
2026-06-26 14:40:51,95,W+8.5,8,True,False,False,,-1,51.5769,3000
2026-06-26 14:41:32,73,B+1.5,3,True,False,False,,-1,51.5662,3000
2026-06-26 14:42:25,111,W+0.5,20,True,False,False,,-1,51.5404,3000
2026-06-26 14:42:42,28,W+6.5,2,True,False,False,,-1,51.1517,3000
2026-06-26 14:43:32,102,B+0.5,8,True,False,False,,-1,51.1606,3000
2026-06-26 14:44:24,111,W+3.5,17,True,False,False,,-1,51.1209,3000
2026-06-26 14:45:15,102,B+10.5,8,True,False,False,,-1,51.0646,3000
2026-06-26 14:46:07,112,B+1.5,7,True,False,False,,-1,51.0671,3000
2026-06-26 14:47:00,103,W+2.5,13,True,False,False,,-1,51.0877,3000
2026-06-26 14:48:03,134,B+5.5,20,True,False,False,,-1,51.0677,3000
2026-06-26 14:49:04,132,B+1.5,19,True,False,False,,-1,51.2617,3000
2026-06-26 14:49:52,96,W+2.5,5,True,False,False,,-1,51.1859,3000
2026-06-26 14:50:42,107,W+2.5,16,True,False,False,,-1,51.2418,3000
2026-06-26 14:51:20,67,B+2.5,3,True,False,False,,-1,51.1718,3000
2026-06-26 14:52:10,97,B+1.5,3,True,False,False,,-1,51.1455,3000
2026-06-26 14:53:27,162,B+12.5,24,True,False,False,,-1,51.379,3000
2026-06-26 14:53:42,24,W+7.5,2,True,False,False,,-1,51.0281,3000
2026-06-26 14:54:34,100,B+0.5,5,True,False,False,,-1,50.921,3000
2026-06-26 14:55:30,120,B+0.5,13,True,False,False,,-1,50.8974,3000
2026-06-26 14:56:35,132,B+13.5,20,True,False,False,,-1,51.3887,3000
2026-06-26 14:57:38,132,W+9.5,23,True,False,False,,-1,51.4524,3000
2026-06-26 14:58:39,135,W+4.5,15,True,False,False,,-1,51.3863,3000
2026-06-26 14:59:33,112,B+2.5,11,True,False,False,,-1,51.5574,3000
2026-06-26 15:00:42,162,W+2.5,27,True,False,False,,-1,51.7118,3000
2026-06-26 15:01:38,117,B+4.5,16,True,False,False,,-1,51.7202,3000
2026-06-26 15:02:43,137,W+4.5,24,True,False,False,,-1,51.942,3000
2026-06-26 15:03:37,102,B+2.5,9,True,False,False,,-1,51.9666,3000
2026-06-26 15:04:29,100,B+1.5,4,True,False,False,,-1,51.869,3000
2026-06-26 15:05:23,119,B+1.5,16,True,False,False,,-1,51.8979,3000
2026-06-26 15:06:23,130,W+0.5,24,True,False,False,,-1,51.9311,3000
2026-06-26 15:07:19,112,B+0.5,14,True,False,False,,-1,51.9733,3000
2026-06-26 15:08:19,131,B+1.5,19,True,False,False,,-1,51.9824,3000
2026-06-26 15:09:07,91,W+4.5,9,True,False,False,,-1,51.9907,3000
2026-06-26 15:09:54,97,W+10.5,13,True,False,False,,-1,51.8652,3000
2026-06-26 15:10:43,87,B+9.5,5,True,False,False,,-1,51.6991,3000
2026-06-26 15:11:35,99,W+5.5,14,True,False,False,,-1,51.6608,3000
2026-06-26 15:12:24,101,B+0.5,8,True,False,False,,-1,51.7749,3000
2026-06-26 15:13:33,142,B+6.5,22,True,False,False,,-1,51.9744,3000
2026-06-26 15:14:29,116,B+0.5,11,True,False,False,,-1,51.7934,3000
2026-06-26 15:15:17,99,W+4.5,11,True,False,False,,-1,51.653,3000
2026-06-26 15:16:09,113,W+0.5,15,True,False,False,,-1,51.6446,3000
2026-06-26 15:17:04,120,B+1.5,17,True,False,False,,-1,51.9532,3000
2026-06-26 15:17:45,75,B+2.5,3,True,False,False,,-1,51.8222,3000
2026-06-26 15:18:39,115,W+0.5,15,True,False,False,,-1,51.7994,3000
2026-06-26 15:19:32,102,B+6.5,6,True,False,False,,-1,51.8162,3000
2026-06-26 15:20:25,102,W+4.5,6,True,False,False,,-1,51.8509,3000
2026-06-26 15:21:17,97,W+4.5,5,True,False,False,,-1,51.8593,3000
2026-06-26 15:22:06,95,W+2.5,12,True,False,False,,-1,51.8015,3000
2026-06-26 15:23:14,162,W+41.5,23,True,False,False,,-1,52.0919,3000
2026-06-26 15:24:11,109,B+2.5,5,True,False,False,,-1,52.1763,3000
2026-06-26 15:25:08,108,B+1.5,6,True,False,False,,-1,52.2593,3000
2026-06-26 15:26:05,121,B+1.5,16,True,False,False,,-1,52.2701,3000
2026-06-26 15:27:04,120,B+1.5,18,True,False,False,,-1,52.2229,3000
2026-06-26 15:28:00,115,W+0.5,21,True,False,False,,-1,52.6268,3000
2026-06-26 15:28:42,79,B+4.5,3,True,False,False,,-1,52.3511,3000
2026-06-26 15:29:35,111,W+0.5,19,True,False,False,,-1,52.3676,3000
2026-06-26 15:30:19,87,B+0.5,5,True,False,False,,-1,52.2888,3000
2026-06-26 15:31:09,99,W+2.5,15,True,False,False,,-1,52.3436,3000
2026-06-26 15:32:03,111,W+1.5,18,True,False,False,,-1,52.293,3000
2026-06-26 15:33:02,120,B+0.5,12,True,False,False,,-1,52.3686,3000
2026-06-26 15:33:38,62,W+10.5,2,True,False,False,,-1,52.2583,3000
2026-06-26 15:34:45,143,W+9.5,24,True,False,False,,-1,52.3371,3000
2026-06-26 15:35:32,95,W+2.5,10,True,False,False,,-1,52.3237,3000
2026-06-26 15:36:25,102,B+10.5,5,True,False,False,,-1,52.3093,3000
2026-06-26 15:37:04,67,B+8.5,4,True,False,False,,-1,52.1079,3000
2026-06-26 15:38:04,125,W+14.5,17,True,False,False,,-1,52.1616,3000
2026-06-26 15:39:07,125,W+0.5,17,True,False,False,,-1,52.208,3000
2026-06-26 15:40:14,156,B+29.5,23,True,False,False,,-1,52.3574,3000
2026-06-26 15:41:15,122,B+21.5,17,True,False,False,,-1,52.5309,3000
2026-06-26 15:42:22,155,W+0.5,28,True,False,False,,-1,52.7789,3000
2026-06-26 15:43:27,145,W+2.5,20,True,False,False,,-1,52.942,3000
2026-06-26 15:44:39,160,B+19.5,25,True,False,False,,-1,53.0321,3000
2026-06-26 15:45:57,157,W+10.5,17,True,False,False,,-1,53.2639,3000
2026-06-26 15:46:50,108,W+1.5,15,True,False,False,,-1,53.2309,3000
2026-06-26 15:47:50,117,W+5.5,19,True,False,False,,-1,53.2984,3000
2026-06-26 15:48:38,97,W+0.5,11,True,False,False,,-1,53.2754,3000
2026-06-26 15:49:27,97,W+2.5,9,True,False,False,,-1,53.2579,3000
2026-06-26 15:50:11,83,B+1.5,3,True,False,False,,-1,53.5649,3000
2026-06-26 15:51:08,129,W+14.5,13,True,False,False,,-1,53.5543,3000
2026-06-26 15:51:59,104,B+3.5,12,True,False,False,,-1,53.4768,3000
2026-06-26 15:52:50,98,B+2.5,6,True,False,False,,-1,53.4342,3000
2026-06-26 15:53:30,69,B+4.5,3,True,False,False,,-1,53.3611,3000
2026-06-26 15:54:15,79,B+3.5,4,True,False,False,,-1,53.3684,3000
2026-06-26 15:54:28,22,W+7.5,2,True,False,False,,-1,53.0721,3000
2026-06-26 15:55:18,112,W+2.5,21,True,False,False,,-1,52.984,3000
2026-06-26 15:56:14,124,B+2.5,15,True,False,False,,-1,52.9237,3000
2026-06-26 15:57:11,125,B+1.5,15,True,False,False,,-1,53.0073,3000
2026-06-26 15:58:06,125,W+2.5,24,True,False,False,,-1,52.9938,3000
2026-06-26 15:59:01,105,B+1.5,3,True,False,False,,-1,52.9906,3000
2026-06-26 15:59:38,63,B+0.5,2,True,False,False,,-1,52.795,3000
2026-06-26 16:00:27,93,B+0.5,5,True,False,False,,-1,52.7457,3000
2026-06-26 16:00:39,20,W+7.5,2,True,False,False,,-1,52.4009,3000
2026-06-26 16:01:31,102,B+3.5,7,True,False,False,,-1,52.2305,3000
2026-06-26 16:02:18,96,B+5.5,3,True,False,False,,-1,52.1788,3000
2026-06-26 16:03:03,93,W+9.5,3,True,False,False,,-1,52.1454,3000
2026-06-26 16:04:00,114,W+2.5,18,True,False,False,,-1,52.1199,3000
2026-06-26 16:04:53,101,B+0.5,7,True,False,False,,-1,52.1749,3000
2026-06-26 16:05:51,120,B+5.5,12,True,False,False,,-1,52.2054,3000
2026-06-26 16:06:37,83,B+12.5,2,True,False,False,,-1,52.1021,3000
2026-06-26 16:07:10,57,B+1.5,2,True,False,False,,-1,52.2696,3000
2026-06-26 16:07:59,99,W+0.5,8,True,False,False,,-1,52.2712,3000
2026-06-26 16:08:55,107,B+0.5,8,True,False,False,,-1,52.4206,3000
2026-06-26 16:10:08,162,W+0.5,28,True,False,False,,-1,52.6305,3000
2026-06-26 16:11:05,117,W+3.5,13,True,False,False,,-1,53.0274,3000
2026-06-26 16:11:50,88,B+2.5,8,True,False,False,,-1,52.9785,3000
2026-06-26 16:12:36,83,B+3.5,6,True,False,False,,-1,52.9202,3000
2026-06-26 16:13:26,105,W+8.5,9,True,False,False,,-1,52.9097,3000
2026-06-26 16:14:14,87,B+4.5,7,True,False,False,,-1,52.8615,3000
2026-06-26 16:15:21,141,W+1.5,23,True,False,False,,-1,53.0075,3000
2026-06-26 16:16:00,73,B+4.5,3,True,False,False,,-1,52.7715,3000
2026-06-26 16:16:55,122,B+0.5,13,True,False,False,,-1,52.7078,3000
2026-06-26 16:17:46,100,B+0.5,8,True,False,False,,-1,52.7396,3000
2026-06-26 16:18:42,123,W+4.5,20,True,False,False,,-1,52.8046,3000
2026-06-26 16:21:45,117,W+1.5,15,True,False,False,,-1,52.9199,4000
2026-06-26 16:22:32,95,W+1.5,5,True,False,False,,-1,52.6251,4000
2026-06-26 16:23:28,116,B+1.5,17,True,False,False,,-1,53.0372,4000
2026-06-26 16:24:17,83,B+0.5,4,True,False,False,,-1,53.0002,4000
2026-06-26 16:24:54,69,B+1.5,3,True,False,False,,-1,52.8123,4000
2026-06-26 16:25:49,115,W+1.5,18,True,False,False,,-1,52.7089,4000
2026-06-26 16:26:47,157,B+1.5,34,True,False,False,,-1,52.6722,4000
2026-06-26 16:27:36,101,W+13.5,13,True,False,False,,-1,52.5415,4000
2026-06-26 16:28:20,91,W+4.5,13,True,False,False,,-1,52.4459,4000
2026-06-26 16:29:03,81,B+2.5,5,True,False,False,,-1,52.1876,4000
2026-06-26 16:29:53,115,W+0.5,15,True,False,False,,-1,52.1197,4000
2026-06-26 16:30:39,97,B+2.5,11,True,False,False,,-1,51.9313,4000
2026-06-26 16:31:21,90,B+1.5,5,True,False,False,,-1,51.8165,4000
2026-06-26 16:32:18,139,B+0.5,23,True,False,False,,-1,51.8672,4000
2026-06-26 16:33:18,153,W+1.5,26,True,False,False,,-1,51.9264,4000
2026-06-26 16:33:53,67,B+1.5,7,True,False,False,,-1,51.6804,4000
2026-06-26 16:34:25,55,B+5.5,2,True,False,False,,-1,51.4341,4000
2026-06-26 16:35:19,113,W+2.5,19,True,False,False,,-1,51.3739,4000
2026-06-26 16:36:28,162,W+6.5,38,True,False,False,,-1,51.5797,4000
2026-06-26 16:37:29,142,B+17.5,23,True,False,False,,-1,51.7242,4000
2026-06-26 16:38:26,127,W+1.5,20,True,False,False,,-1,51.8036,4000
2026-06-26 16:39:15,96,B+8.5,4,True,False,False,,-1,51.7746,4000
2026-06-26 16:40:03,99,W+0.5,7,True,False,False,,-1,51.7594,4000
2026-06-26 16:40:42,77,B+7.5,9,True,False,False,,-1,51.4613,4000
2026-06-26 16:41:30,109,W+0.5,21,True,False,False,,-1,51.3838,4000
2026-06-26 16:42:25,137,W+0.5,20,True,False,False,,-1,51.4537,4000
2026-06-26 16:43:13,95,B+4.5,6,True,False,False,,-1,51.4126,4000
2026-06-26 16:44:13,143,B+2.5,28,True,False,False,,-1,51.4684,4000
2026-06-26 16:45:04,117,W+2.5,14,True,False,False,,-1,51.561,4000
2026-06-26 16:45:48,90,B+1.5,4,True,False,False,,-1,51.4718,4000
2026-06-26 16:46:48,125,B+1.5,14,True,False,False,,-1,51.5287,4000
2026-06-26 16:47:39,111,B+1.5,13,True,False,False,,-1,51.5161,4000
2026-06-26 16:48:16,69,B+2.5,11,True,False,False,,-1,51.3597,4000
2026-06-26 16:49:14,139,W+1.5,26,True,False,False,,-1,51.4548,4000
2026-06-26 16:50:04,113,W+1.5,17,True,False,False,,-1,51.2713,4000
2026-06-26 16:51:04,141,W+2.5,24,True,False,False,,-1,51.3065,4000
2026-06-26 16:51:55,104,B+1.5,15,True,False,False,,-1,51.2411,4000
2026-06-26 16:52:10,24,W+7.5,2,True,False,False,,-1,50.8172,4000
2026-06-26 16:53:10,162,B+4.5,30,True,False,False,,-1,50.8333,4000
2026-06-26 16:53:57,103,W+2.5,16,True,False,False,,-1,50.7388,4000
2026-06-26 16:54:48,120,B+1.5,18,True,False,False,,-1,50.829,4000
2026-06-26 16:55:51,162,W+5.5,22,True,False,False,,-1,50.9355,4000
2026-06-26 16:57:00,162,B+1.5,31,True,False,False,,-1,51.188,4000
2026-06-26 16:57:44,83,B+1.5,2,True,False,False,,-1,51.1173,4000
2026-06-26 16:58:30,100,B+2.5,6,True,False,False,,-1,51.0428,4000
2026-06-26 16:59:35,162,W+7.5,33,True,False,False,,-1,51.1038,4000
2026-06-26 17:00:27,131,W+0.5,20,True,False,False,,-1,51.268,4000
2026-06-26 17:01:15,98,B+1.5,8,True,False,False,,-1,51.075,4000
2026-06-26 17:02:04,105,B+1.5,8,True,False,False,,-1,51.0903,4000
2026-06-26 17:02:54,109,B+1.5,14,True,False,False,,-1,51.0547,4000
2026-06-26 17:03:43,112,B+1.5,12,True,False,False,,-1,51.17,4000
2026-06-26 17:04:30,91,W+2.5,6,True,False,False,,-1,51.0363,4000
2026-06-26 17:05:20,107,B+0.5,9,True,False,False,,-1,50.9079,4000
2026-06-26 17:06:21,162,W+3.5,40,True,False,False,,-1,50.8437,4000
2026-06-26 17:07:19,142,B+11.5,28,True,False,False,,-1,50.8176,4000
2026-06-26 17:08:21,146,B+9.5,27,True,False,False,,-1,50.7643,4000
2026-06-26 17:09:14,121,W+0.5,19,True,False,False,,-1,50.6439,4000
2026-06-26 17:10:03,107,W+5.5,14,True,False,False,,-1,50.4123,4000
2026-06-26 17:10:56,124,B+1.5,16,True,False,False,,-1,50.1673,4000
2026-06-26 17:12:02,162,W+8.5,38,True,False,False,,-1,50.3012,4000
2026-06-26 17:12:57,121,W+0.5,15,True,False,False,,-1,50.2457,4000
2026-06-26 17:13:43,99,W+0.5,10,True,False,False,,-1,50.2254,4000
2026-06-26 17:14:10,45,B+6.5,2,True,False,False,,-1,50.0055,4000
2026-06-26 17:15:06,147,W+4.5,29,True,False,False,,-1,50.1195,4000
2026-06-26 17:15:54,111,W+1.5,16,True,False,False,,-1,50.0272,4000
2026-06-26 17:16:35,83,B+1.5,12,True,False,False,,-1,49.9434,4000
2026-06-26 17:17:41,162,W+1.5,37,True,False,False,,-1,50.0895,4000
2026-06-26 17:18:29,103,W+0.5,15,True,False,False,,-1,50.1721,4000
2026-06-26 17:19:21,103,B+5.5,4,True,False,False,,-1,50.2361,4000
2026-06-26 17:20:08,105,B+0.5,12,True,False,False,,-1,50.5754,4000
2026-06-26 17:21:08,129,B+1.5,15,True,False,False,,-1,50.6709,4000
2026-06-26 17:22:02,131,W+2.5,21,True,False,False,,-1,50.6604,4000
2026-06-26 17:22:51,105,W+0.5,10,True,False,False,,-1,50.5776,4000
2026-06-26 17:23:38,98,B+4.5,10,True,False,False,,-1,50.4992,4000
2026-06-26 17:24:23,93,W+1.5,6,True,False,False,,-1,50.395,4000
2026-06-26 17:25:20,127,W+0.5,27,True,False,False,,-1,50.5942,4000
2026-06-26 17:26:07,113,W+2.5,18,True,False,False,,-1,50.5715,4000
2026-06-26 17:26:57,111,B+6.5,12,True,False,False,,-1,50.9549,4000
2026-06-26 17:27:45,101,W+0.5,11,True,False,False,,-1,50.9167,4000
2026-06-26 17:28:31,102,B+2.5,12,True,False,False,,-1,50.9055,4000
2026-06-26 17:29:19,99,B+1.5,6,True,False,False,,-1,50.9261,4000
2026-06-26 17:30:13,162,W+4.5,33,True,False,False,,-1,50.9085,4000
2026-06-26 17:31:04,103,W+2.5,9,True,False,False,,-1,50.8844,4000
2026-06-26 17:32:02,129,W+4.5,16,True,False,False,,-1,50.8806,4000
2026-06-26 17:32:54,113,W+2.5,19,True,False,False,,-1,50.9442,4000
2026-06-26 17:33:34,75,B+0.5,4,True,False,False,,-1,51.0146,4000
2026-06-26 17:34:28,118,W+1.5,20,True,False,False,,-1,51.0665,4000
2026-06-26 17:35:18,109,W+0.5,9,True,False,False,,-1,51.0052,4000
2026-06-26 17:36:14,131,W+3.5,18,True,False,False,,-1,50.8265,4000
2026-06-26 17:37:03,97,B+4.5,11,True,False,False,,-1,50.751,4000
2026-06-26 17:37:51,90,B+4.5,9,True,False,False,,-1,50.7809,4000
2026-06-26 17:38:51,147,B+2.5,25,True,False,False,,-1,50.9265,4000
2026-06-26 17:39:44,127,W+0.5,21,True,False,False,,-1,50.9509,4000
2026-06-26 17:40:34,113,W+0.5,14,True,False,False,,-1,50.9811,4000
2026-06-26 17:41:35,128,B+0.5,17,True,False,False,,-1,50.9181,4000
2026-06-26 17:41:51,26,W+7.5,2,True,False,False,,-1,50.6885,4000
2026-06-26 17:42:55,162,B+3.5,36,True,False,False,,-1,50.7775,4000
2026-06-26 17:43:50,129,W+2.5,18,True,False,False,,-1,50.8151,4000
2026-06-26 17:44:43,113,W+4.5,7,True,False,False,,-1,50.7827,4000
2026-06-26 17:45:43,162,W+3.5,28,True,False,False,,-1,50.9303,4000
2026-06-26 17:46:35,109,W+1.5,10,True,False,False,,-1,50.8966,4000
2026-06-26 17:47:28,120,B+1.5,18,True,False,False,,-1,50.9594,4000
2026-06-26 17:48:21,119,W+2.5,21,True,False,False,,-1,50.925,4000
2026-06-26 17:49:10,110,B+1.5,10,True,False,False,,-1,50.9332,4000
2026-06-26 17:50:04,113,B+3.5,16,True,False,False,,-1,51.0945,4000
2026-06-26 17:51:00,133,W+1.5,21,True,False,False,,-1,51.1072,4000
2026-06-26 17:51:53,108,B+0.5,11,True,False,False,,-1,51.0575,4000
2026-06-26 17:52:46,116,B+0.5,9,True,False,False,,-1,51.1002,4000
2026-06-26 17:53:24,71,B+3.5,5,True,False,False,,-1,51.039,4000
2026-06-26 17:54:21,123,W+4.5,18,True,False,False,,-1,51.1744,4000
2026-06-26 17:55:13,108,B+1.5,12,True,False,False,,-1,51.2039,4000
2026-06-26 17:56:20,162,W+3.5,35,True,False,False,,-1,51.4066,4000
2026-06-26 17:57:05,94,B+2.5,5,True,False,False,,-1,51.4322,4000
2026-06-26 17:57:59,125,W+0.5,18,True,False,False,,-1,51.4025,4000
2026-06-26 17:58:51,115,W+0.5,17,True,False,False,,-1,51.3283,4000
2026-06-26 17:59:34,89,B+0.5,12,True,False,False,,-1,51.4068,4000
2026-06-26 18:00:31,125,B+6.5,18,True,False,False,,-1,51.6597,4000
2026-06-26 18:01:09,73,B+0.5,5,True,False,False,,-1,51.4941,4000
2026-06-26 18:01:58,100,B+0.5,5,True,False,False,,-1,51.3022,4000
2026-06-26 18:02:55,129,W+2.5,18,True,False,False,,-1,51.2549,4000
2026-06-26 18:03:34,71,B+1.5,5,True,False,False,,-1,51.0785,4000
2026-06-26 18:04:32,120,B+4.5,14,True,False,False,,-1,51.1662,4000
2026-06-26 18:05:34,162,W+0.5,18,True,False,False,,-1,51.3078,4000
2026-06-26 18:06:40,159,W+4.5,34,True,False,False,,-1,51.5768,4000
2026-06-26 18:07:30,117,W+0.5,16,True,False,False,,-1,51.6065,4000
2026-06-26 18:08:13,81,B+0.5,4,True,False,False,,-1,51.4742,4000
2026-06-26 18:09:03,115,W+0.5,14,True,False,False,,-1,51.4936,4000
2026-06-26 18:09:49,104,B+5.5,13,True,False,False,,-1,51.3591,4000
2026-06-26 18:10:40,115,B+0.5,15,True,False,False,,-1,51.3557,4000
2026-06-26 18:11:26,83,B+0.5,6,True,False,False,,-1,51.37,4000
2026-06-26 18:12:23,134,W+0.5,17,True,False,False,,-1,51.3506,4000
2026-06-26 18:13:23,131,W+0.5,13,True,False,False,,-1,51.4408,4000
2026-06-26 18:14:20,123,W+2.5,15,True,False,False,,-1,51.6373,4000
2026-06-26 18:15:19,124,B+2.5,20,True,False,False,,-1,51.65,4000
2026-06-26 18:15:59,81,B+3.5,5,True,False,False,,-1,51.5501,4000
2026-06-26 18:16:54,115,W+0.5,7,True,False,False,,-1,51.4911,4000
2026-06-26 18:17:39,97,W+1.5,7,True,False,False,,-1,51.4431,4000
2026-06-26 18:18:27,107,W+1.5,17,True,False,False,,-1,51.7738,4000
2026-06-26 18:19:33,148,B+3.5,14,True,False,False,,-1,51.8282,4000
2026-06-26 18:20:27,122,B+4.5,16,True,False,False,,-1,51.9005,4000
2026-06-26 18:20:47,32,W+5.5,2,True,False,False,,-1,51.5859,4000
2026-06-26 18:21:36,102,B+1.5,6,True,False,False,,-1,51.442,4000
2026-06-26 18:22:16,82,B+4.5,6,True,False,False,,-1,51.1559,4000
2026-06-26 18:23:16,150,B+6.5,31,True,False,False,,-1,51.322,4000
2026-06-26 18:24:12,125,W+0.5,20,True,False,False,,-1,51.4159,4000
2026-06-26 18:25:03,103,W+0.5,19,True,False,False,,-1,51.2803,4000
2026-06-26 18:25:52,97,B+1.5,8,True,False,False,,-1,51.2406,4000
2026-06-26 18:26:48,119,B+1.5,18,True,False,False,,-1,51.3274,4000
2026-06-26 18:27:38,109,W+1.5,16,True,False,False,,-1,51.3406,4000
2026-06-26 18:28:30,120,B+6.5,14,True,False,False,,-1,51.359,4000
2026-06-26 18:29:16,91,B+4.5,3,True,False,False,,-1,51.3242,4000
2026-06-26 18:30:12,137,B+1.5,22,True,False,False,,-1,51.4159,4000
2026-06-26 18:31:04,105,W+1.5,8,True,False,False,,-1,51.4292,4000
2026-06-26 18:31:55,119,W+2.5,23,True,False,False,,-1,51.3427,4000
2026-06-26 18:32:45,97,B+0.5,10,True,False,False,,-1,51.2524,4000
2026-06-26 18:33:24,71,B+0.5,7,True,False,False,,-1,51.024,4000
2026-06-26 18:34:15,109,B+2.5,9,True,False,False,,-1,51.01,4000
2026-06-26 18:35:04,114,B+0.5,18,True,False,False,,-1,51.0114,4000
2026-06-26 18:35:51,96,W+0.5,9,True,False,False,,-1,50.9431,4000
2026-06-26 18:36:35,99,W+3.5,14,True,False,False,,-1,50.7201,4000
2026-06-26 18:37:33,161,W+2.5,37,True,False,False,,-1,50.7595,4000
2026-06-26 18:38:16,89,W+1.5,10,True,False,False,,-1,50.7213,4000
2026-06-26 18:38:50,65,B+8.5,7,True,False,False,,-1,50.7953,4000
2026-06-26 18:39:38,107,W+2.5,10,True,False,False,,-1,50.7191,4000
2026-06-26 18:40:31,111,B+1.5,14,True,False,False,,-1,50.7666,4000
2026-06-26 18:41:16,103,W+2.5,9,True,False,False,,-1,50.8044,4000
2026-06-26 18:42:16,134,B+2.5,18,True,False,False,,-1,50.745,4000
2026-06-26 18:43:16,130,B+2.5,26,True,False,False,,-1,50.8584,4000
2026-06-26 18:44:22,159,W+1.5,20,True,False,False,,-1,51.0104,4000
2026-06-26 18:45:05,79,B+2.5,2,True,False,False,,-1,50.9648,4000
2026-06-26 18:45:57,98,B+1.5,4,True,False,False,,-1,50.8857,4000
2026-06-26 18:46:48,117,W+0.5,23,True,False,False,,-1,50.8598,4000
2026-06-26 18:47:42,115,W+2.5,12,True,False,False,,-1,50.9088,4000
2026-06-26 18:48:48,154,B+2.5,29,True,False,False,,-1,51.0884,4000
2026-06-26 18:49:36,106,B+2.5,12,True,False,False,,-1,51.126,4000
2026-06-26 18:50:28,108,B+2.5,16,True,False,False,,-1,51.0795,4000
2026-06-26 18:51:10,77,B+1.5,8,True,False,False,,-1,51.0341,4000
2026-06-26 18:52:04,115,W+0.5,14,True,False,False,,-1,51.0605,4000
2026-06-26 18:52:49,94,B+4.5,12,True,False,False,,-1,51.035,4000
2026-06-26 18:53:36,107,W+1.5,18,True,False,False,,-1,51.0419,4000
2026-06-26 18:54:25,110,B+5.5,15,True,False,False,,-1,51.0635,4000
2026-06-26 18:55:26,139,B+2.5,15,True,False,False,,-1,51.1183,4000
2026-06-26 18:56:12,99,W+2.5,12,True,False,False,,-1,51.0836,4000
2026-06-26 18:57:01,99,B+1.5,8,True,False,False,,-1,50.9892,4000
2026-06-26 18:57:38,71,B+0.5,5,True,False,False,,-1,50.8356,4000
2026-06-26 18:58:40,149,W+6.5,25,True,False,False,,-1,51.0576,4000
2026-06-26 18:59:36,127,B+0.5,22,True,False,False,,-1,51.0795,4000
2026-06-26 19:00:24,106,W+2.5,6,True,False,False,,-1,51.0619,4000
2026-06-26 19:01:11,101,W+0.5,9,True,False,False,,-1,50.9726,4000
2026-06-26 19:01:59,103,W+0.5,13,True,False,False,,-1,50.9575,4000
2026-06-26 19:02:46,103,W+1.5,11,True,False,False,,-1,50.9474,4000
2026-06-26 19:03:35,105,B+3.5,5,True,False,False,,-1,50.8389,4000
2026-06-26 19:04:42,161,W+1.5,40,True,False,False,,-1,50.9767,4000
2026-06-26 19:05:28,107,W+0.5,11,True,False,False,,-1,50.9363,4000
2026-06-26 19:06:25,121,B+1.5,9,True,False,False,,-1,50.8915,4000
2026-06-26 19:07:12,96,B+3.5,8,True,False,False,,-1,51.2008,4000
2026-06-26 19:08:00,101,W+4.5,15,True,False,False,,-1,51.044,4000
2026-06-26 19:08:56,126,B+7.5,14,True,False,False,,-1,51.056,4000
2026-06-26 19:09:54,141,W+3.5,29,True,False,False,,-1,51.1089,4000
2026-06-26 19:10:44,103,B+5.5,7,True,False,False,,-1,51.0102,4000
2026-06-26 19:11:32,106,B+1.5,11,True,False,False,,-1,50.9674,4000
2026-06-26 19:12:19,97,B+0.5,10,True,False,False,,-1,50.9082,4000
2026-06-26 19:13:09,100,B+3.5,12,True,False,False,,-1,50.8782,4000
2026-06-26 19:13:43,71,B+0.5,13,True,False,False,,-1,50.7297,4000
2026-06-26 19:14:44,136,B+1.5,19,True,False,False,,-1,50.7955,4000
2026-06-26 19:15:23,75,B+1.5,4,True,False,False,,-1,50.6323,4000
2026-06-26 19:15:53,52,W+3.5,2,True,False,False,,-1,50.3952,4000
2026-06-26 19:16:58,150,B+3.5,26,True,False,False,,-1,50.5173,4000
2026-06-26 19:17:48,99,W+1.5,8,True,False,False,,-1,50.6332,4000
2026-06-26 19:18:47,126,B+8.5,11,True,False,False,,-1,50.6595,4000
2026-06-26 19:19:32,87,B+0.5,6,True,False,False,,-1,50.5832,4000
2026-06-26 19:20:29,128,W+2.5,15,True,False,False,,-1,50.4881,4000
2026-06-26 19:21:16,103,W+0.5,10,True,False,False,,-1,50.5044,4000
2026-06-26 19:22:05,107,W+3.5,13,True,False,False,,-1,50.4636,4000
2026-06-26 19:22:53,91,W+1.5,10,True,False,False,,-1,50.4138,4000
2026-06-26 19:23:44,117,W+1.5,16,True,False,False,,-1,50.4893,4000
2026-06-26 19:24:30,105,W+2.5,14,True,False,False,,-1,50.3915,4000
2026-06-26 19:25:22,111,W+0.5,12,True,False,False,,-1,50.5263,4000
2026-06-26 19:26:14,113,W+1.5,14,True,False,False,,-1,50.5583,4000
2026-06-26 19:27:08,111,W+0.5,20,True,False,False,,-1,50.524,4000
2026-06-26 19:27:56,98,B+7.5,4,True,False,False,,-1,50.6235,4000
2026-06-26 19:28:51,126,W+0.5,14,True,False,False,,-1,50.5942,4000
2026-06-26 19:29:39,109,B+1.5,12,True,False,False,,-1,50.4496,4000
2026-06-26 19:30:16,73,B+0.5,9,True,False,False,,-1,50.1587,4000
2026-06-26 19:31:04,102,B+2.5,9,True,False,False,,-1,50.1315,4000
2026-06-26 19:31:50,90,B+3.5,5,True,False,False,,-1,50.1678,4000
2026-06-26 19:32:44,127,W+2.5,23,True,False,False,,-1,50.2139,4000
2026-06-26 19:33:44,123,W+3.5,17,True,False,False,,-1,50.3397,4000
2026-06-26 19:34:48,161,W+3.5,36,True,False,False,,-1,50.4857,4000
2026-06-26 19:35:37,103,W+0.5,12,True,False,False,,-1,50.5078,4000
2026-06-26 19:36:30,120,W+0.5,19,True,False,False,,-1,50.4642,4000
2026-06-26 19:37:09,69,B+9.5,10,True,False,False,,-1,50.2536,4000
2026-06-26 19:38:00,109,W+0.5,20,True,False,False,,-1,50.2018,4000
2026-06-26 19:39:01,147,W+4.5,25,True,False,False,,-1,50.2172,4000
2026-06-26 19:39:59,162,W+3.5,24,True,False,False,,-1,50.3896,4000
2026-06-26 19:40:59,162,W+5.5,31,True,False,False,,-1,50.4475,4000
2026-06-26 19:41:44,89,B+2.5,6,True,False,False,,-1,50.4445,4000
2026-06-26 19:42:35,109,W+0.5,7,True,False,False,,-1,50.4772,4000
2026-06-26 19:43:32,126,B+6.5,21,True,False,False,,-1,50.3876,4000
2026-06-26 19:44:25,125,W+0.5,14,True,False,False,,-1,50.3742,4000
2026-06-26 19:45:15,104,B+1.5,12,True,False,False,,-1,50.6841,4000
2026-06-26 19:46:07,115,W+2.5,17,True,False,False,,-1,50.7093,4000
2026-06-26 19:46:59,105,B+3.5,11,True,False,False,,-1,50.8254,4000
2026-06-26 19:47:48,108,B+1.5,18,True,False,False,,-1,50.711,4000
2026-06-26 19:48:34,103,W+1.5,11,True,False,False,,-1,50.6204,4000
2026-06-26 19:49:04,55,B+0.5,8,True,False,False,,-1,50.4039,4000
2026-06-26 19:49:59,127,B+0.5,22,True,False,False,,-1,50.4681,4000
2026-06-26 19:50:54,162,W+2.5,37,True,False,False,,-1,50.4533,4000
2026-06-26 19:51:29,65,B+0.5,8,True,False,False,,-1,50.3011,4000
2026-06-26 19:52:18,101,B+2.5,8,True,False,False,,-1,50.2745,4000
2026-06-26 19:53:22,146,B+1.5,16,True,False,False,,-1,50.4583,4000
2026-06-26 19:54:22,130,B+2.5,20,True,False,False,,-1,50.5053,4000
