datetime,game_length,game_result,game_simulations,num_passes,is_resign_disabled,is_marked_for_resign,is_could_won,marked_resign_player,resign_threshold,time_per_game,training_steps
2026-06-27 16:21:17,80,W+12.5,16336,2,True,False,False,,-1,42.0269,0
2026-06-27 16:22:07,149,B+54.5,27980,3,True,False,False,,-1,46.1115,0
2026-06-27 16:22:43,93,W+5.5,17462,3,True,False,False,,-1,42.6425,0
2026-06-27 16:23:42,162,B+34.5,32601,2,True,False,False,,-1,46.5645,0
2026-06-27 16:24:41,162,W+72.5,31578,1,True,False,False,,-1,49.1368,0
2026-06-27 16:25:36,161,B+48.5,30653,4,True,False,False,,-1,50.0993,0
2026-06-27 16:26:34,162,B+55.5,33854,3,True,False,False,,-1,51.2617,0
2026-06-27 16:27:15,113,B+19.5,21036,4,True,False,False,,-1,49.9207,0
2026-06-27 16:28:02,123,B+45.5,23024,2,True,False,False,,-1,49.6564,0
2026-06-27 16:28:59,162,B+52.5,33590,3,True,False,False,,-1,50.4053,0
2026-06-27 16:29:55,135,B+29.5,28305,4,True,False,False,,-1,50.9266,0
2026-06-27 16:30:57,162,W+65.5,34541,2,True,False,False,,-1,51.7932,0
2026-06-27 16:31:48,139,B+32.5,26616,3,True,False,False,,-1,51.7408,0
2026-06-27 16:32:29,104,W+8.5,20599,3,True,False,False,,-1,50.9953,0
2026-06-27 16:33:14,115,B+2.5,22770,4,True,False,False,,-1,50.5725,0
2026-06-27 16:33:54,101,B+21.5,19729,2,True,False,False,,-1,49.8936,0
2026-06-27 16:34:31,101,B+9.5,17965,2,True,False,False,,-1,49.1577,0
2026-06-27 16:35:09,91,B+10.5,18515,2,True,False,False,,-1,48.5186,0
2026-06-27 16:35:24,30,W+6.5,6281,2,True,False,False,,-1,46.791,0
2026-06-27 16:36:26,162,B+47.5,32831,4,True,False,False,,-1,47.548,0
2026-06-27 16:37:06,96,W+33.5,18717,2,True,False,False,,-1,47.1649,0
2026-06-27 16:37:50,125,B+2.5,25785,3,True,False,False,,-1,47.0242,0
2026-06-27 16:38:33,111,B+8.5,20832,3,True,False,False,,-1,46.8336,0
2026-06-27 16:39:17,125,B+42.5,22605,3,True,False,False,,-1,46.7295,0
2026-06-27 16:39:29,26,W+7.5,4962,2,True,False,False,,-1,45.3555,0
2026-06-27 16:40:27,162,W+45.5,32605,3,True,False,False,,-1,45.8391,0
2026-06-27 16:41:13,114,W+24.5,23367,3,True,False,False,,-1,45.8463,0
2026-06-27 16:41:54,109,B+24.5,22046,2,True,False,False,,-1,45.6761,0
2026-06-27 16:42:32,106,W+0.5,18977,4,True,False,False,,-1,45.412,0
2026-06-27 16:43:07,89,B+15.5,17315,2,True,False,False,,-1,45.0562,0
2026-06-27 16:44:09,162,W+45.5,32068,1,True,False,False,,-1,45.6045,0
2026-06-27 16:44:22,36,W+7.5,5858,2,True,False,False,,-1,44.5951,0
2026-06-27 16:45:10,124,W+11.5,26405,3,True,False,False,,-1,44.6808,0
2026-06-27 16:46:10,160,W+70.5,33621,4,True,False,False,,-1,45.1303,0
2026-06-27 16:46:50,93,B+0.5,21749,3,True,False,False,,-1,44.9953,0
2026-06-27 16:47:34,114,W+40.5,22428,2,True,False,False,,-1,44.9566,0
2026-06-27 16:48:08,83,B+5.5,16415,3,True,False,False,,-1,44.6745,0
2026-06-27 16:48:45,110,W+13.5,21538,2,True,False,False,,-1,44.4697,0
2026-06-27 16:49:24,91,B+5.5,18365,2,True,False,False,,-1,44.3291,0
2026-06-27 16:50:22,156,B+41.5,32456,6,True,False,False,,-1,44.6585,0
2026-06-27 16:51:15,143,B+53.5,30563,5,True,False,False,,-1,44.8606,0
2026-06-27 16:51:57,107,B+27.5,22427,2,True,False,False,,-1,44.8085,0
2026-06-27 16:52:42,127,B+13.5,26148,3,True,False,False,,-1,44.8105,0
2026-06-27 16:52:57,30,W+9.5,5586,2,True,False,False,,-1,44.1317,0
2026-06-27 16:53:39,105,B+22.5,21075,3,True,False,False,,-1,44.0871,0
2026-06-27 16:54:24,118,W+3.5,23664,4,True,False,False,,-1,44.0968,0
2026-06-27 16:55:00,78,W+16.5,15470,2,True,False,False,,-1,43.9304,0
2026-06-27 16:55:49,142,W+52.5,28074,4,True,False,False,,-1,44.0345,0
2026-06-27 16:56:28,94,W+11.5,18773,3,True,False,False,,-1,43.9262,0
2026-06-27 16:57:09,115,B+14.5,23081,6,True,False,False,,-1,43.8804,0
2026-06-27 16:57:25,32,W+8.5,6536,2,True,False,False,,-1,43.3291,0
2026-06-27 16:58:17,132,W+58.5,25712,4,True,False,False,,-1,43.4938,0
2026-06-27 16:59:04,107,B+19.5,22425,2,True,False,False,,-1,43.5618,0
2026-06-27 16:59:41,97,W+2.5,18559,3,True,False,False,,-1,43.4289,0
2026-06-27 16:59:58,38,W+5.5,7549,2,True,False,False,,-1,42.9616,0
2026-06-27 17:00:41,103,B+26.5,20085,2,True,False,False,,-1,42.9564,0
2026-06-27 17:01:26,117,B+38.5,21762,3,True,False,False,,-1,42.9863,0
2026-06-27 17:02:28,162,W+26.5,34349,6,True,False,False,,-1,43.3215,0
2026-06-27 17:03:11,126,B+29.5,23675,6,True,False,False,,-1,43.3066,0
2026-06-27 17:04:10,162,B+20.5,33505,2,True,False,False,,-1,43.5753,0
2026-06-27 17:05:03,145,B+44.5,31312,3,True,False,False,,-1,43.7236,0
2026-06-27 17:05:51,136,B+45.5,26413,2,True,False,False,,-1,43.7954,0
2026-06-27 17:06:39,128,W+46.5,26408,3,True,False,False,,-1,43.8727,0
2026-06-27 17:07:32,160,W+77.5,33387,2,True,False,False,,-1,44.0098,0
2026-06-27 17:08:27,145,B+41.5,30172,3,True,False,False,,-1,44.1791,0
2026-06-27 17:09:08,115,B+13.5,22318,4,True,False,False,,-1,44.1348,0
2026-06-27 17:09:54,125,W+50.5,24634,3,True,False,False,,-1,44.1504,0
2026-06-27 17:10:26,73,B+8.5,13503,2,True,False,False,,-1,43.9719,0
2026-06-27 17:11:16,155,B+51.5,30557,4,True,False,False,,-1,44.064,0
2026-06-27 17:12:19,162,B+11.5,32319,0,True,False,False,,-1,44.3405,0
2026-06-27 17:12:34,32,W+9.5,6058,2,True,False,False,,-1,43.9229,0
2026-06-27 17:13:33,156,W+73.5,32598,4,True,False,False,,-1,44.1351,0
2026-06-27 17:14:22,129,B+54.5,26380,2,True,False,False,,-1,44.1992,0
2026-06-27 17:15:02,113,B+4.5,20919,3,True,False,False,,-1,44.1458,0
2026-06-27 17:15:55,148,W+55.5,31335,5,True,False,False,,-1,44.2546,0
2026-06-27 17:16:07,24,W+7.5,5342,2,True,False,False,,-1,43.838,0
2026-06-27 17:16:47,98,B+7.5,19787,2,True,False,False,,-1,43.7919,0
2026-06-27 17:17:33,129,B+50.5,22259,2,True,False,False,,-1,43.8095,0
2026-06-27 17:18:24,137,B+47.5,28729,5,True,False,False,,-1,43.9013,0
2026-06-27 17:19:06,97,B+2.5,19569,3,True,False,False,,-1,43.8867,0
2026-06-27 17:19:57,138,W+63.5,26150,2,True,False,False,,-1,43.9737,0
2026-06-27 17:20:47,142,W+63.5,29338,2,True,False,False,,-1,44.0446,0
2026-06-27 17:21:33,124,B+30.5,24934,3,True,False,False,,-1,44.0634,0
2026-06-27 17:22:09,99,B+12.5,16926,3,True,False,False,,-1,43.9753,0
2026-06-27 17:23:09,162,B+62.5,34396,4,True,False,False,,-1,44.1552,0
2026-06-27 17:24:00,129,B+39.5,27598,4,True,False,False,,-1,44.2377,0
2026-06-27 17:24:43,107,B+12.5,20787,3,True,False,False,,-1,44.218,0
2026-06-27 17:25:24,127,W+5.5,22445,4,True,False,False,,-1,44.1905,0
2026-06-27 17:26:02,78,W+1.5,16626,4,True,False,False,,-1,44.1168,0
2026-06-27 17:26:52,141,B+47.5,26968,4,True,False,False,,-1,44.1812,0
2026-06-27 17:27:28,96,W+10.5,19659,2,True,False,False,,-1,44.0893,0
2026-06-27 17:28:25,162,W+45.5,32155,5,True,False,False,,-1,44.2299,0
2026-06-27 17:29:16,136,B+45.5,26107,3,True,False,False,,-1,44.3064,0
2026-06-27 17:30:06,139,B+1.5,27283,7,True,False,False,,-1,44.3635,0
2026-06-27 17:30:57,127,B+35.5,26208,4,True,False,False,,-1,44.4335,0
2026-06-27 17:31:42,113,B+0.5,24251,5,True,False,False,,-1,44.4397,0
2026-06-27 17:32:32,147,B+52.5,29147,4,True,False,False,,-1,44.5009,0
2026-06-27 17:33:09,89,W+2.5,18541,4,True,False,False,,-1,44.4189,0
2026-06-27 17:33:47,87,B+20.5,16682,2,True,False,False,,-1,44.3622,0
2026-06-27 17:34:45,145,W+63.5,30632,2,True,False,False,,-1,44.4957,0
2026-06-27 17:35:29,122,B+18.5,23535,5,True,False,False,,-1,44.5108,0
2026-06-27 17:36:05,85,B+11.5,16280,2,True,False,False,,-1,44.3727,0
2026-06-27 17:37:01,158,B+40.5,32941,3,True,False,False,,-1,44.5725,0
2026-06-27 17:37:47,120,B+35.5,24374,3,True,False,False,,-1,44.4547,0
2026-06-27 17:38:30,101,B+2.5,21402,2,True,False,False,,-1,44.2892,0
2026-06-27 17:39:31,162,B+52.5,32539,0,True,False,False,,-1,44.351,0
2026-06-27 17:40:31,162,W+69.5,31773,3,True,False,False,,-1,44.3632,0
2026-06-27 17:40:45,26,W+4.5,5526,2,True,False,False,,-1,44.0984,0
2026-06-27 17:41:25,99,W+7.5,20279,6,True,False,False,,-1,44.024,0
2026-06-27 17:42:11,118,B+13.5,23827,3,True,False,False,,-1,43.9102,0
2026-06-27 17:43:05,162,B+36.5,32693,1,True,False,False,,-1,43.8883,0
2026-06-27 17:44:00,162,B+45.5,33871,2,True,False,False,,-1,43.8302,0
2026-06-27 17:44:54,149,B+46.5,29409,5,True,False,False,,-1,43.8605,0
2026-06-27 17:45:39,126,W+25.5,25427,3,True,False,False,,-1,43.8953,0
2026-06-27 17:46:34,162,B+51.5,32155,5,True,False,False,,-1,43.9998,0
2026-06-27 17:47:12,119,B+42.5,22952,2,True,False,False,,-1,43.9804,0
2026-06-27 17:48:04,133,W+38.5,25995,2,True,False,False,,-1,44.1253,0
2026-06-27 17:48:54,143,W+52.5,26780,4,True,False,False,,-1,44.2483,0
2026-06-27 17:49:48,139,B+46.5,29348,5,True,False,False,,-1,44.6315,0
2026-06-27 17:50:40,137,B+44.5,27403,6,True,False,False,,-1,44.5376,0
2026-06-27 17:51:17,97,B+0.5,18959,3,True,False,False,,-1,44.5119,0
2026-06-27 17:51:54,97,B+10.5,18922,2,True,False,False,,-1,44.4368,0
2026-06-27 17:52:25,64,W+11.5,13682,2,True,False,False,,-1,44.3257,0
2026-06-27 17:53:21,162,B+37.5,32341,8,True,False,False,,-1,44.4385,0
2026-06-27 17:54:01,96,W+10.5,20727,3,True,False,False,,-1,44.7113,0
2026-06-27 17:54:54,139,B+34.5,28760,3,True,False,False,,-1,44.6605,0
2026-06-27 17:55:13,36,W+7.5,7762,2,True,False,False,,-1,44.3968,0
2026-06-27 17:55:54,123,W+30.5,21858,2,True,False,False,,-1,44.3977,0
2026-06-27 17:56:48,149,B+39.5,29025,2,True,False,False,,-1,44.5535,0
2026-06-27 17:57:25,103,B+5.5,19288,6,True,False,False,,-1,44.5802,0
2026-06-27 17:58:20,161,B+35.5,33929,4,True,False,False,,-1,44.509,0
2026-06-27 17:59:04,123,B+21.5,27349,3,True,False,False,,-1,44.8114,0
2026-06-27 18:00:00,162,W+74.5,31787,2,True,False,False,,-1,44.9,0
2026-06-27 18:00:49,141,B+40.5,27986,4,True,False,False,,-1,44.7922,0
2026-06-27 18:01:36,113,B+27.5,23574,3,True,False,False,,-1,44.8551,0
2026-06-27 18:02:15,106,W+50.5,18203,5,True,False,False,,-1,44.8068,0
2026-06-27 18:02:51,83,B+6.5,16869,2,True,False,False,,-1,44.8272,0
2026-06-27 18:03:50,162,W+66.5,32603,2,True,False,False,,-1,45.0421,0
2026-06-27 18:04:43,136,W+70.5,27189,3,True,False,False,,-1,45.1847,0
2026-06-27 18:05:24,86,W+0.5,18046,2,True,False,False,,-1,45.0167,0
2026-06-27 18:05:57,68,W+6.5,14191,2,True,False,False,,-1,44.8211,0
2026-06-27 18:06:36,102,B+11.5,20981,3,True,False,False,,-1,44.7854,0
2026-06-27 18:07:19,100,B+1.5,20457,2,True,False,False,,-1,44.7617,0
2026-06-27 18:08:18,162,W+47.5,30542,1,True,False,False,,-1,45.2064,0
2026-06-27 18:09:10,157,B+57.5,31743,4,True,False,False,,-1,45.3007,0
2026-06-27 18:10:00,140,B+54.5,28261,4,True,False,False,,-1,45.3598,0
2026-06-27 18:10:47,136,B+19.5,27361,4,True,False,False,,-1,45.461,0
2026-06-27 18:11:29,123,B+28.5,24876,5,True,False,False,,-1,45.4003,0
2026-06-27 18:12:11,106,W+17.5,21853,3,True,False,False,,-1,45.4314,0
2026-06-27 18:12:51,89,B+1.5,18928,4,True,False,False,,-1,45.4123,0
2026-06-27 18:13:44,162,B+50.5,31660,5,True,False,False,,-1,45.7821,0
2026-06-27 18:14:38,162,B+45.5,29746,4,True,False,False,,-1,45.8053,0
2026-06-27 18:15:14,103,B+6.5,19371,4,True,False,False,,-1,45.6926,0
2026-06-27 18:16:10,162,W+80.5,32635,3,True,False,False,,-1,45.8897,0
2026-06-27 18:17:07,162,W+71.5,31305,4,True,False,False,,-1,46.2864,0
2026-06-27 18:17:50,116,B+0.5,22468,4,True,False,False,,-1,46.2888,0
2026-06-27 18:18:31,97,W+22.5,18763,2,True,False,False,,-1,46.2488,0
2026-06-27 18:19:11,87,B+9.5,17922,3,True,False,False,,-1,46.0305,0
2026-06-27 18:20:06,162,W+51.5,31378,1,True,False,False,,-1,46.1541,0
2026-06-27 18:20:45,101,W+2.5,19489,5,True,False,False,,-1,45.9419,0
2026-06-27 18:21:25,117,B+39.5,23174,3,True,False,False,,-1,45.8214,0
2026-06-27 18:22:11,101,B+16.5,22784,2,True,False,False,,-1,45.8014,0
2026-06-27 18:23:06,140,W+49.5,28148,3,True,False,False,,-1,45.8604,0
2026-06-27 18:24:03,162,B+64.5,31080,2,True,False,False,,-1,45.9039,0
2026-06-27 18:24:45,121,B+19.5,25665,4,True,False,False,,-1,45.7787,0
2026-06-27 18:25:44,162,B+7.5,32893,2,True,False,False,,-1,45.9501,0
2026-06-27 18:26:40,162,W+80.5,33648,3,True,False,False,,-1,46.0569,0
2026-06-27 18:27:35,145,B+44.5,30397,3,True,False,False,,-1,46.2947,0
2026-06-27 18:28:13,94,W+4.5,18311,3,True,False,False,,-1,46.1721,0
2026-06-27 18:28:51,96,W+9.5,19880,3,True,False,False,,-1,45.9123,0
2026-06-27 18:29:39,133,W+43.5,26399,2,True,False,False,,-1,46.2482,0
2026-06-27 18:30:39,162,W+74.5,35496,3,True,False,False,,-1,46.2588,0
2026-06-27 18:31:37,162,B+52.5,33834,8,True,False,False,,-1,46.3497,0
2026-06-27 18:32:28,144,B+37.5,29155,4,True,False,False,,-1,46.4498,0
2026-06-27 18:32:54,60,W+3.5,10651,3,True,False,False,,-1,46.1929,0
2026-06-27 18:33:43,130,B+5.5,26803,6,True,False,False,,-1,46.5541,0
2026-06-27 18:34:34,151,B+39.5,30591,4,True,False,False,,-1,46.6601,0
2026-06-27 18:35:30,162,W+69.5,34086,3,True,False,False,,-1,46.7663,0
2026-06-27 18:36:06,104,W+2.5,18396,3,True,False,False,,-1,46.6204,0
2026-06-27 18:36:56,139,B+44.5,28650,5,True,False,False,,-1,46.6889,0
2026-06-27 18:37:35,110,W+5.5,22516,4,True,False,False,,-1,46.5766,0
2026-06-27 18:38:36,162,W+47.5,32841,5,True,False,False,,-1,46.689,0
2026-06-27 18:39:32,161,B+54.5,33013,5,True,False,False,,-1,46.7898,0
2026-06-27 18:40:27,137,B+31.5,28558,2,True,False,False,,-1,46.971,0
2026-06-27 18:41:25,162,W+59.5,30899,4,True,False,False,,-1,46.9635,0
2026-06-27 18:42:14,141,B+57.5,28321,3,True,False,False,,-1,46.9399,0
2026-06-27 18:43:09,141,B+53.5,29370,2,True,False,False,,-1,47.0656,0
2026-06-27 18:43:58,133,B+39.5,26699,2,True,False,False,,-1,47.1343,0
2026-06-27 18:44:50,149,W+61.5,29550,5,True,False,False,,-1,47.2747,0
2026-06-27 18:45:29,92,W+10.5,19667,3,True,False,False,,-1,47.1673,0
2026-06-27 18:46:09,102,B+8.5,20780,4,True,False,False,,-1,47.2099,0
2026-06-27 18:46:57,140,W+59.5,28010,5,True,False,False,,-1,47.1223,0
2026-06-27 18:47:47,157,W+76.5,30987,4,True,False,False,,-1,47.1084,0
2026-06-27 18:48:31,110,W+29.5,24186,4,True,False,False,,-1,47.0476,0
2026-06-27 18:49:27,131,B+47.5,28354,3,True,False,False,,-1,47.0954,0
2026-06-27 18:50:18,151,W+69.5,31409,6,True,False,False,,-1,47.1572,0
2026-06-27 18:51:10,152,B+45.5,30450,6,True,False,False,,-1,47.1733,0
2026-06-27 18:51:58,143,B+42.5,26278,4,True,False,False,,-1,47.2912,0
2026-06-27 18:52:40,111,B+14.5,22487,3,True,False,False,,-1,47.3237,0
2026-06-27 18:53:36,133,B+44.5,28817,3,True,False,False,,-1,47.304,0
2026-06-27 18:54:15,99,B+8.5,20136,2,True,False,False,,-1,47.2617,0
2026-06-27 18:54:24,20,W+7.5,3608,2,True,False,False,,-1,46.99,0
2026-06-27 18:55:15,138,W+52.5,28751,3,True,False,False,,-1,46.9416,0
2026-06-27 18:56:11,162,W+70.5,33541,3,True,False,False,,-1,47.0292,0
2026-06-27 18:56:52,110,B+28.5,21764,2,True,False,False,,-1,47.0193,0
2026-06-27 18:57:49,151,W+70.5,32322,3,True,False,False,,-1,46.9736,0
2026-06-27 18:58:29,108,B+3.5,20042,3,True,False,False,,-1,46.7809,0
2026-06-27 18:59:11,115,B+21.5,22326,2,True,False,False,,-1,47.0555,0
2026-06-27 18:59:57,127,B+44.5,24602,2,True,False,False,,-1,47.1208,0
2026-06-27 19:00:41,109,B+5.5,21804,2,True,False,False,,-1,47.0954,0
2026-06-27 19:01:26,111,W+36.5,23568,2,True,False,False,,-1,47.007,0
2026-06-27 19:02:07,108,W+44.5,21580,2,True,False,False,,-1,46.861,0
2026-06-27 19:02:56,128,B+38.5,25150,2,True,False,False,,-1,46.8118,0
2026-06-27 19:03:36,102,B+12.5,19856,3,True,False,False,,-1,46.7663,0
2026-06-27 19:04:32,160,W+39.5,30372,5,True,False,False,,-1,46.778,0
2026-06-27 19:05:09,97,B+4.5,19384,3,True,False,False,,-1,46.7655,0
2026-06-27 19:05:25,34,W+6.5,6457,2,True,False,False,,-1,46.4126,0
2026-06-27 19:06:02,82,W+11.5,17110,2,True,False,False,,-1,46.2812,0
2026-06-27 19:06:53,152,B+39.5,30011,4,True,False,False,,-1,46.2504,0
2026-06-27 19:07:53,162,W+46.5,32721,2,True,False,False,,-1,46.3247,0
2026-06-27 19:08:40,129,B+30.5,23969,2,True,False,False,,-1,46.4206,0
2026-06-27 19:09:35,147,B+46.5,30633,4,True,False,False,,-1,46.6126,0
2026-06-27 19:10:26,139,B+48.5,25226,2,True,False,False,,-1,46.8072,0
2026-06-27 19:11:19,143,B+34.5,30666,6,True,False,False,,-1,46.78,0
2026-06-27 19:12:21,162,W+27.5,33846,7,True,False,False,,-1,47.0005,0
2026-06-27 19:13:20,162,W+73.5,33524,3,True,False,False,,-1,47.0564,0
2026-06-27 19:14:10,137,B+47.5,26175,4,True,False,False,,-1,47.366,0
2026-06-27 19:14:42,66,W+5.5,13111,2,True,False,False,,-1,47.2696,0
2026-06-27 19:15:34,140,B+37.5,29007,4,True,False,False,,-1,47.26,0
2026-06-27 19:16:24,134,W+43.5,26568,3,True,False,False,,-1,47.3853,0
2026-06-27 19:17:11,129,B+27.5,26364,2,True,False,False,,-1,47.3041,0
2026-06-27 19:18:04,146,B+39.5,30851,4,True,False,False,,-1,47.4023,0
2026-06-27 19:18:57,144,B+32.5,28462,3,True,False,False,,-1,47.3645,0
2026-06-27 19:19:44,121,B+38.5,24591,2,True,False,False,,-1,47.3387,0
2026-06-27 19:20:24,97,B+14.5,19548,2,True,False,False,,-1,47.2774,0
2026-06-27 19:21:18,153,B+56.5,29360,3,True,False,False,,-1,47.4276,0
2026-06-27 19:22:09,141,B+42.5,27215,3,True,False,False,,-1,47.5715,0
2026-06-27 19:23:07,162,W+73.5,30786,1,True,False,False,,-1,47.5677,0
2026-06-27 19:23:57,135,B+46.5,25561,2,True,False,False,,-1,47.541,0
2026-06-27 19:24:50,160,W+66.5,29320,4,True,False,False,,-1,47.663,0
2026-06-27 19:25:53,162,W+35.5,33272,5,True,False,False,,-1,47.9509,0
2026-06-27 19:26:53,162,W+81.5,30761,0,True,False,False,,-1,48.1653,0
2026-06-27 19:27:43,140,B+40.5,27401,3,True,False,False,,-1,48.2412,0
2026-06-27 19:28:12,60,W+3.5,11632,2,True,False,False,,-1,47.93,0
2026-06-27 19:29:09,150,W+62.5,31821,4,True,False,False,,-1,47.9864,0
2026-06-27 19:30:02,154,B+40.5,31389,5,True,False,False,,-1,48.01,0
2026-06-27 19:31:03,162,B+32.5,31389,3,True,False,False,,-1,48.1593,0
2026-06-27 19:31:52,129,B+45.5,25212,2,True,False,False,,-1,48.2203,0
2026-06-27 19:32:31,114,B+16.5,22127,3,True,False,False,,-1,48.1915,0
2026-06-27 19:33:30,162,W+46.5,31205,5,True,False,False,,-1,48.384,0
2026-06-27 19:34:21,145,W+50.5,27764,5,True,False,False,,-1,48.3666,0
2026-06-27 19:35:00,113,B+1.5,22732,4,True,False,False,,-1,48.2189,0
2026-06-27 19:35:44,120,W+38.5,22640,4,True,False,False,,-1,48.2971,0
2026-06-27 19:36:22,84,W+9.5,17673,3,True,False,False,,-1,48.1158,0
2026-06-27 19:37:14,152,B+48.5,31494,3,True,False,False,,-1,48.0655,0
2026-06-27 19:38:16,154,W+54.5,33054,3,True,False,False,,-1,48.2535,0
2026-06-27 19:38:56,111,W+13.5,21173,5,True,False,False,,-1,48.2458,0
2026-06-27 19:39:45,122,W+49.5,25128,2,True,False,False,,-1,48.3268,0
2026-06-27 19:40:24,111,B+16.5,21419,3,True,False,False,,-1,48.1706,0
2026-06-27 19:41:13,141,B+43.5,28076,4,True,False,False,,-1,48.2846,0
2026-06-27 19:42:02,151,B+34.5,27675,3,True,False,False,,-1,48.3639,0
2026-06-27 19:42:52,129,B+32.5,29167,4,True,False,False,,-1,48.409,0
2026-06-27 19:43:33,94,W+10.5,19939,4,True,False,False,,-1,48.2659,0
2026-06-27 19:44:34,162,W+76.5,35228,4,True,False,False,,-1,48.3054,0
2026-06-27 19:45:15,114,B+1.5,24157,5,True,False,False,,-1,48.2893,0
2026-06-27 19:45:54,86,W+4.5,17235,2,True,False,False,,-1,48.1011,0
2026-06-27 19:46:35,98,W+0.5,22239,3,True,False,False,,-1,47.948,0
2026-06-27 19:47:32,162,B+7.5,35474,2,True,False,False,,-1,47.9624,0
2026-06-27 19:48:20,131,B+45.5,24492,2,True,False,False,,-1,48.0596,0
2026-06-27 19:48:59,102,B+3.5,20806,4,True,False,False,,-1,48.0768,0
2026-06-27 19:49:42,98,W+14.5,20891,2,True,False,False,,-1,48.0277,0
2026-06-27 19:50:43,162,W+80.5,34848,2,True,False,False,,-1,48.0275,0
2026-06-27 19:51:36,161,B+48.5,34522,6,True,False,False,,-1,47.9829,0
2026-06-27 19:52:10,83,B+6.5,15686,2,True,False,False,,-1,47.8212,0
2026-06-27 19:52:58,135,B+56.5,23855,4,True,False,False,,-1,48.0334,0
2026-06-27 19:53:55,162,W+30.5,32242,4,True,False,False,,-1,48.1128,0
2026-06-27 19:54:48,147,B+58.5,29712,3,True,False,False,,-1,48.1363,0
2026-06-27 19:55:35,144,B+42.5,27092,4,True,False,False,,-1,48.0532,0
2026-06-27 19:56:23,136,B+49.5,26262,3,True,False,False,,-1,48.1691,0
2026-06-27 19:57:11,131,B+33.5,24897,2,True,False,False,,-1,48.1527,0
2026-06-27 19:58:05,160,B+49.5,31199,5,True,False,False,,-1,48.2925,0
2026-06-27 19:59:03,162,W+22.5,34082,4,True,False,False,,-1,48.2618,0
2026-06-27 19:59:55,151,W+70.5,31067,4,True,False,False,,-1,48.2264,0
2026-06-27 20:00:38,117,B+41.5,21798,2,True,False,False,,-1,48.1039,0
2026-06-27 20:01:36,162,B+42.5,31290,4,True,False,False,,-1,48.0982,0
2026-06-27 20:02:30,160,W+73.5,34129,2,True,False,False,,-1,48.1491,0
2026-06-27 20:03:23,149,B+56.5,30681,3,True,False,False,,-1,48.1316,0
2026-06-27 20:04:09,133,B+39.5,25492,2,True,False,False,,-1,48.109,0
2026-06-27 20:04:52,105,W+21.5,21086,3,True,False,False,,-1,48.0153,0
2026-06-27 20:05:44,150,W+64.5,27850,3,True,False,False,,-1,48.1512,0
2026-06-27 20:06:23,94,W+9.5,19710,2,True,False,False,,-1,48.1395,0
2026-06-27 20:07:06,104,B+6.5,20846,3,True,False,False,,-1,48.081,0
2026-06-27 20:07:57,162,B+53.5,30379,5,True,False,False,,-1,48.0974,0
2026-06-27 20:08:58,162,W+47.5,32175,3,True,False,False,,-1,48.2662,0
2026-06-27 20:09:42,115,B+25.5,21876,3,True,False,False,,-1,48.1488,0
2026-06-27 20:10:24,119,B+32.5,22288,2,True,False,False,,-1,48.0591,0
2026-06-27 20:11:01,94,B+2.5,17786,2,True,False,False,,-1,47.9032,0
2026-06-27 20:11:42,109,B+18.5,21317,4,True,False,False,,-1,47.8404,0
2026-06-27 20:12:35,142,W+43.5,30679,4,True,False,False,,-1,47.9433,0
2026-06-27 20:13:33,150,W+66.5,31311,2,True,False,False,,-1,47.9694,0
2026-06-27 20:14:24,154,W+70.5,28665,4,True,False,False,,-1,48.0857,0
2026-06-27 20:15:21,144,W+62.5,30842,4,True,False,False,,-1,48.5582,0
2026-06-27 20:16:02,117,B+4.5,22937,2,True,False,False,,-1,48.4671,0
2026-06-27 20:16:41,98,W+23.5,18478,2,True,False,False,,-1,48.296,0
2026-06-27 20:17:46,162,B+24.5,33589,0,True,False,False,,-1,48.5361,0
2026-06-27 20:18:50,162,W+12.5,33555,2,True,False,False,,-1,48.6045,0
2026-06-27 20:19:41,143,B+45.5,30993,2,True,False,False,,-1,48.7109,0
2026-06-27 20:20:42,162,W+60.5,33487,4,True,False,False,,-1,48.9084,0
2026-06-27 20:21:17,89,B+2.5,17287,2,True,False,False,,-1,48.794,0
2026-06-27 20:22:01,120,B+16.5,24013,6,True,False,False,,-1,48.8029,0
2026-06-27 20:22:45,123,B+20.5,26913,3,True,False,False,,-1,48.7928,0
2026-06-27 20:23:48,162,W+46.5,30522,3,True,False,False,,-1,49.0081,0
2026-06-27 20:24:40,148,B+40.5,27730,5,True,False,False,,-1,49.0385,0
2026-06-27 20:25:28,127,B+42.5,26466,3,True,False,False,,-1,49.1162,0
2026-06-27 20:26:27,155,B+37.5,32643,4,True,False,False,,-1,49.1467,0
2026-06-27 20:27:15,124,W+37.5,26422,3,True,False,False,,-1,49.2546,0
2026-06-27 20:28:10,142,W+51.5,28626,3,True,False,False,,-1,49.6426,0
2026-06-27 20:28:45,75,B+10.5,14585,2,True,False,False,,-1,49.622,0
2026-06-27 20:29:34,122,W+35.5,24128,3,True,False,False,,-1,49.6064,0
2026-06-27 20:30:31,148,B+53.5,32684,4,True,False,False,,-1,49.5707,0
2026-06-27 20:31:08,105,W+1.5,21291,3,True,False,False,,-1,49.4772,0
2026-06-27 20:31:39,66,W+4.5,13621,2,True,False,False,,-1,49.232,0
2026-06-27 20:32:20,117,B+3.5,24467,6,True,False,False,,-1,49.1356,0
2026-06-27 20:33:03,116,W+37.5,21653,2,True,False,False,,-1,49.0281,0
2026-06-27 20:33:48,121,W+42.5,23701,2,True,False,False,,-1,48.8619,0
2026-06-27 20:34:29,108,W+12.5,22581,3,True,False,False,,-1,48.6909,0
2026-06-27 20:35:06,92,W+6.5,17323,2,True,False,False,,-1,48.5549,0
2026-06-27 20:35:57,138,W+68.5,28638,2,True,False,False,,-1,48.7505,0
2026-06-27 20:37:01,162,W+27.5,32497,5,True,False,False,,-1,48.8599,0
2026-06-27 20:37:23,40,W+7.5,9379,2,True,False,False,,-1,48.5847,0
2026-06-27 20:38:24,162,W+30.5,33148,4,True,False,False,,-1,48.7252,0
2026-06-27 20:39:20,162,W+64.5,32705,2,True,False,False,,-1,48.7506,0
2026-06-27 20:40:05,126,W+52.5,25045,3,True,False,False,,-1,48.6817,0
2026-06-27 20:40:48,129,B+34.5,23172,6,True,False,False,,-1,48.6385,0
2026-06-27 20:41:29,105,W+8.5,21545,4,True,False,False,,-1,48.6493,0
2026-06-27 20:42:24,128,W+60.5,26369,2,True,False,False,,-1,48.6531,0
2026-06-27 20:43:15,123,B+40.5,27006,2,True,False,False,,-1,48.6545,0
2026-06-27 20:43:52,103,B+6.5,21036,5,True,False,False,,-1,48.4519,0
2026-06-27 20:44:51,162,W+58.5,32211,0,True,False,False,,-1,48.5355,0
2026-06-27 20:45:28,100,W+16.5,19237,2,True,False,False,,-1,48.3754,0
2026-06-27 20:46:25,162,W+80.5,31685,1,True,False,False,,-1,48.3218,0
2026-06-27 20:47:17,136,W+47.5,27014,3,True,False,False,,-1,48.2368,0
2026-06-27 20:48:17,156,W+59.5,32884,2,True,False,False,,-1,48.334,0
2026-06-27 20:48:46,67,B+5.5,12369,3,True,False,False,,-1,48.3443,0
2026-06-27 20:49:38,148,W+64.5,27587,4,True,False,False,,-1,48.2856,0
2026-06-27 20:50:10,66,W+7.5,13059,2,True,False,False,,-1,48.0794,0
2026-06-27 20:51:08,162,W+61.5,35434,1,True,False,False,,-1,48.0506,0
2026-06-27 20:51:50,106,B+22.5,21057,4,True,False,False,,-1,47.9814,0
2026-06-27 20:52:34,105,B+9.5,20574,3,True,False,False,,-1,48.0292,0
2026-06-27 20:53:26,141,B+55.5,30571,4,True,False,False,,-1,47.9563,0
2026-06-27 20:54:20,158,B+53.5,32208,7,True,False,False,,-1,47.9862,0
2026-06-27 20:54:48,60,W+8.5,11796,3,True,False,False,,-1,47.8739,0
2026-06-27 20:55:39,151,W+59.5,30681,3,True,False,False,,-1,47.9479,0
2026-06-27 20:56:24,122,B+4.5,24071,2,True,False,False,,-1,48.019,0
2026-06-27 20:57:21,162,B+14.5,32673,4,True,False,False,,-1,48.0676,0
2026-06-27 20:58:10,123,B+49.5,25836,2,True,False,False,,-1,47.9333,0
2026-06-27 20:58:59,139,B+33.5,28104,6,True,False,False,,-1,48.0313,0
2026-06-27 20:59:55,152,B+55.5,28770,4,True,False,False,,-1,48.1024,0
2026-06-27 21:00:47,155,B+63.5,30595,4,True,False,False,,-1,48.2302,0
2026-06-27 21:01:37,129,B+20.5,26989,2,True,False,False,,-1,48.2325,0
2026-06-27 21:02:35,150,W+53.5,31067,2,True,False,False,,-1,48.328,0
2026-06-27 21:03:07,75,B+6.5,13906,2,True,False,False,,-1,48.1404,0
2026-06-27 21:03:47,108,W+16.5,20633,3,True,False,False,,-1,48.1402,0
2026-06-27 21:04:31,121,B+27.5,24038,3,True,False,False,,-1,47.9715,0
2026-06-27 21:05:16,104,B+5.5,21871,3,True,False,False,,-1,48.0107,0
2026-06-27 21:05:57,110,B+13.5,20784,2,True,False,False,,-1,48.0248,0
2026-06-27 21:06:46,134,W+66.5,27055,2,True,False,False,,-1,48.1068,0
2026-06-27 21:07:36,129,B+45.5,24961,4,True,False,False,,-1,48.0321,0
2026-06-27 21:08:35,162,B+52.5,32548,3,True,False,False,,-1,48.1511,0
2026-06-27 21:09:25,143,B+37.5,28958,2,True,False,False,,-1,48.2569,0
2026-06-27 21:10:24,162,B+42.5,33962,8,True,False,False,,-1,48.4127,0
2026-06-27 21:11:09,106,B+7.5,23259,2,True,False,False,,-1,48.2639,0
2026-06-27 21:11:56,122,B+9.5,27184,6,True,False,False,,-1,48.2003,0
2026-06-27 21:12:38,100,B+0.5,20691,3,True,False,False,,-1,48.2782,0
2026-06-27 21:13:16,104,W+19.5,19710,3,True,False,False,,-1,48.1818,0
2026-06-27 21:13:59,110,B+22.5,23390,3,True,False,False,,-1,48.0398,0
2026-06-27 21:14:36,105,B+1.5,20011,2,True,False,False,,-1,47.8761,0
2026-06-27 21:15:20,128,W+57.5,24773,2,True,False,False,,-1,47.8486,0
2026-06-27 21:16:03,133,B+32.5,23543,4,True,False,False,,-1,47.7927,0
2026-06-27 21:16:52,139,B+46.5,26626,2,True,False,False,,-1,47.8039,0
2026-06-27 21:17:14,56,W+15.5,8862,3,True,False,False,,-1,47.4852,0
2026-06-27 21:17:48,70,W+12.5,14348,2,True,False,False,,-1,47.2515,0
2026-06-27 21:18:24,96,W+13.5,18715,3,True,False,False,,-1,47.0833,0
2026-06-27 21:19:04,95,B+23.5,20675,3,True,False,False,,-1,47.0652,0
2026-06-27 21:19:46,99,B+1.5,20790,4,True,False,False,,-1,46.8979,0
2026-06-27 21:20:46,162,W+67.5,33540,2,True,False,False,,-1,46.9648,0
2026-06-27 21:21:39,157,B+45.5,32003,3,True,False,False,,-1,46.9585,0
2026-06-27 21:22:34,162,B+46.5,31282,6,True,False,False,,-1,47.0444,0
2026-06-27 21:23:17,130,W+47.5,23347,3,True,False,False,,-1,47.0538,0
2026-06-27 21:23:33,32,W+7.5,6191,2,True,False,False,,-1,46.6843,0
2026-06-27 21:24:12,98,W+31.5,19627,2,True,False,False,,-1,46.6844,0
2026-06-27 21:25:08,162,W+88.5,31433,1,True,False,False,,-1,46.8146,0
2026-06-27 21:25:46,84,W+18.5,16840,2,True,False,False,,-1,46.6806,0
2026-06-27 21:26:42,162,B+44.5,32556,2,True,False,False,,-1,46.6366,0
2026-06-27 21:27:16,93,B+2.5,19353,3,True,False,False,,-1,46.5396,0
2026-06-27 21:28:17,162,W+40.5,35322,4,True,False,False,,-1,46.7291,0
2026-06-27 21:29:13,157,B+56.5,30525,2,True,False,False,,-1,46.9214,0
2026-06-27 21:29:47,91,B+6.5,17252,2,True,False,False,,-1,46.8466,0
2026-06-27 21:30:46,162,W+24.5,31180,2,True,False,False,,-1,46.9067,0
2026-06-27 21:31:34,162,B+64.5,31303,2,True,False,False,,-1,46.8098,0
2026-06-27 21:32:21,113,B+33.5,24292,2,True,False,False,,-1,46.7663,0
2026-06-27 21:33:13,152,W+68.5,30494,4,True,False,False,,-1,46.7232,0
2026-06-27 21:34:06,161,B+58.5,31736,4,True,False,False,,-1,46.8377,0
2026-06-27 21:35:01,152,W+64.5,31235,4,True,False,False,,-1,46.9982,0
2026-06-27 21:35:29,60,W+15.5,11099,2,True,False,False,,-1,46.6182,0
2026-06-27 21:36:04,104,W+19.5,18282,2,True,False,False,,-1,46.3394,0
2026-06-27 21:36:37,64,W+8.5,14319,2,True,False,False,,-1,46.1601,0
2026-06-27 21:37:16,104,B+8.5,20826,3,True,False,False,,-1,45.937,0
2026-06-27 21:38:07,135,B+46.5,26710,3,True,False,False,,-1,46.0956,0
2026-06-27 21:38:43,82,W+11.5,15566,3,True,False,False,,-1,46.0137,0
2026-06-27 21:39:24,110,W+83.5,22923,2,True,False,False,,-1,45.9847,0
2026-06-27 21:40:24,162,B+53.5,33404,3,True,False,False,,-1,45.9591,0
2026-06-27 21:41:25,162,W+49.5,33710,1,True,False,False,,-1,46.0434,0
2026-06-27 21:42:05,96,W+28.5,19929,2,True,False,False,,-1,45.968,0
2026-06-27 21:42:48,107,B+13.5,20576,2,True,False,False,,-1,45.8046,0
2026-06-27 21:43:26,111,W+16.5,21214,3,True,False,False,,-1,45.7123,0
2026-06-27 21:44:24,154,B+43.5,31188,3,True,False,False,,-1,45.738,0
2026-06-27 21:45:19,152,W+77.5,30218,4,True,False,False,,-1,45.9354,0
2026-06-27 21:46:06,146,W+72.5,27551,4,True,False,False,,-1,45.9141,0
2026-06-27 21:47:03,162,W+79.5,30544,3,True,False,False,,-1,45.9229,0
2026-06-27 21:47:47,117,B+28.5,21240,2,True,False,False,,-1,45.9845,0
2026-06-27 21:48:34,124,W+14.5,24574,4,True,False,False,,-1,46.1471,0
2026-06-27 21:49:18,127,B+48.5,25299,6,True,False,False,,-1,46.1775,0
2026-06-27 21:50:11,137,B+53.5,27915,3,True,False,False,,-1,46.283,0
2026-06-27 21:50:53,100,B+11.5,21962,3,True,False,False,,-1,46.2541,0
2026-06-27 21:51:32,101,B+16.5,17515,3,True,False,False,,-1,46.2284,0
2026-06-27 21:52:33,162,B+10.5,33543,6,True,False,False,,-1,46.466,0
2026-06-27 21:53:16,119,W+39.5,22881,4,True,False,False,,-1,46.3891,0
2026-06-27 21:53:37,48,W+8.5,8560,2,True,False,False,,-1,45.9631,0
2026-06-27 21:54:28,123,B+37.5,24878,3,True,False,False,,-1,46.246,0
2026-06-27 21:55:23,147,B+56.5,31119,4,True,False,False,,-1,46.1852,0
2026-06-27 21:56:09,126,B+16.5,24501,5,True,False,False,,-1,46.0892,0
2026-06-27 21:56:55,120,W+19.5,26481,4,True,False,False,,-1,46.0896,0
2026-06-27 21:57:07,22,W+7.5,4295,2,True,False,False,,-1,45.7862,0
2026-06-27 21:57:59,156,B+52.5,31140,7,True,False,False,,-1,45.8974,0
2026-06-27 21:58:41,108,W+37.5,22344,3,True,False,False,,-1,45.773,0
2026-06-27 21:59:34,144,W+69.5,28498,3,True,False,False,,-1,45.7849,0
2026-06-27 22:00:15,101,B+21.5,20931,2,True,False,False,,-1,45.8224,0
2026-06-27 22:01:13,162,W+69.5,32009,2,True,False,False,,-1,45.8159,0
2026-06-27 22:01:58,131,B+27.5,25022,4,True,False,False,,-1,45.896,0
2026-06-27 22:02:49,124,W+62.5,23404,2,True,False,False,,-1,45.8324,0
2026-06-27 22:03:37,138,W+66.5,27133,2,True,False,False,,-1,45.7982,0
2026-06-27 22:04:28,141,B+39.5,27651,6,True,False,False,,-1,45.7084,0
2026-06-27 22:05:24,153,B+39.5,31434,3,True,False,False,,-1,45.9689,0
2026-06-27 22:06:06,97,B+14.5,21320,2,True,False,False,,-1,45.877,0
2026-06-27 22:06:39,73,B+2.5,14393,2,True,False,False,,-1,45.8881,0
2026-06-27 22:07:28,156,W+65.5,29126,2,True,False,False,,-1,45.7971,0
2026-06-27 22:08:18,162,W+64.5,30732,3,True,False,False,,-1,45.8687,0
2026-06-27 22:08:55,93,B+3.5,19013,3,True,False,False,,-1,45.8077,0
2026-06-27 22:09:47,131,B+37.5,27394,3,True,False,False,,-1,45.8095,0
2026-06-27 22:10:23,85,B+8.5,16332,2,True,False,False,,-1,45.6282,0
2026-06-27 22:11:20,162,B+50.5,33343,2,True,False,False,,-1,45.9187,0
2026-06-27 22:12:18,162,B+50.5,31594,3,True,False,False,,-1,45.9833,0
2026-06-27 22:13:03,143,B+52.5,27165,2,True,False,False,,-1,45.9814,0
2026-06-27 22:13:48,115,B+30.5,24159,2,True,False,False,,-1,45.8621,0
2026-06-27 22:14:41,151,B+62.5,30972,6,True,False,False,,-1,45.9066,0
2026-06-27 22:14:58,34,W+7.5,6953,2,True,False,False,,-1,45.5875,0
2026-06-27 22:15:57,162,B+47.5,31196,5,True,False,False,,-1,45.6124,0
2026-06-27 22:16:52,162,W+21.5,31974,4,True,False,False,,-1,45.6434,0
2026-06-27 22:17:28,80,W+1.5,17912,2,True,False,False,,-1,45.5111,0
2026-06-27 22:18:06,91,B+0.5,17903,2,True,False,False,,-1,45.3101,0
2026-06-27 22:18:47,105,W+0.5,21273,4,True,False,False,,-1,45.4022,0
2026-06-27 22:19:32,137,B+43.5,27044,4,True,False,False,,-1,45.4426,0
2026-06-27 22:20:15,117,B+3.5,23596,4,True,False,False,,-1,45.4387,0
2026-06-27 22:20:57,110,B+0.5,22572,4,True,False,False,,-1,45.4112,0
2026-06-27 22:21:39,111,W+35.5,20829,2,True,False,False,,-1,45.4188,0
2026-06-27 22:22:23,111,B+14.5,21995,2,True,False,False,,-1,45.3696,0
2026-06-27 22:23:08,119,B+39.5,22412,3,True,False,False,,-1,45.3228,0
2026-06-27 22:24:09,162,W+57.5,33909,1,True,False,False,,-1,45.3341,0
2026-06-27 22:24:54,129,W+49.5,25574,3,True,False,False,,-1,45.285,0
2026-06-27 22:25:34,118,B+11.5,22393,5,True,False,False,,-1,45.0999,0
2026-06-27 22:26:17,117,B+20.5,24744,6,True,False,False,,-1,45.0762,0
2026-06-27 22:27:12,155,B+42.5,31821,7,True,False,False,,-1,45.1545,0
2026-06-27 22:28:15,157,B+30.5,31772,3,True,False,False,,-1,45.3602,0
2026-06-27 22:29:03,139,W+60.5,25619,3,True,False,False,,-1,45.4665,0
2026-06-27 22:30:03,162,B+39.5,32478,0,True,False,False,,-1,45.6388,0
2026-06-27 22:30:45,118,W+37.5,23197,2,True,False,False,,-1,45.6843,0
2026-06-27 22:31:22,88,W+18.5,18676,2,True,False,False,,-1,45.6066,0
2026-06-27 22:32:08,137,B+30.5,25430,4,True,False,False,,-1,45.6497,0
2026-06-27 22:33:06,162,B+44.5,31868,3,True,False,False,,-1,45.7349,0
2026-06-27 22:34:06,162,B+47.5,31689,2,True,False,False,,-1,46.1212,0
2026-06-27 22:34:53,123,B+45.5,22341,4,True,False,False,,-1,46.2469,0
2026-06-27 22:35:06,26,W+8.5,5305,2,True,False,False,,-1,46.023,0
2026-06-27 22:36:04,162,W+40.5,32228,1,True,False,False,,-1,46.1933,0
2026-06-27 22:36:42,103,B+8.5,19429,4,True,False,False,,-1,46.1561,0
2026-06-27 22:37:23,105,B+1.5,21785,3,True,False,False,,-1,45.9627,0
2026-06-27 22:38:19,162,W+39.5,34364,0,True,False,False,,-1,45.9973,0
2026-06-27 22:39:03,104,W+19.5,20123,2,True,False,False,,-1,45.8895,0
2026-06-27 22:39:50,119,B+30.5,24705,2,True,False,False,,-1,45.9221,0
2026-06-27 22:40:41,130,W+49.5,26108,3,True,False,False,,-1,46.2789,0
2026-06-27 22:41:38,162,B+40.5,33378,5,True,False,False,,-1,46.4603,0
2026-06-27 22:42:30,138,B+35.5,29392,3,True,False,False,,-1,46.4185,0
2026-06-27 22:43:05,102,W+38.5,18247,2,True,False,False,,-1,46.394,0
2026-06-27 22:43:53,147,B+53.5,28816,7,True,False,False,,-1,46.3119,0
2026-06-27 22:44:40,141,B+43.5,28478,2,True,False,False,,-1,46.4379,0
2026-06-27 22:45:35,137,B+35.5,27921,4,True,False,False,,-1,46.3682,0
2026-06-27 22:46:25,137,B+18.5,28376,2,True,False,False,,-1,46.3183,0
2026-06-27 22:47:28,161,B+34.5,35037,3,True,False,False,,-1,46.6037,0
2026-06-27 22:48:08,107,B+5.5,20209,3,True,False,False,,-1,46.4158,0
2026-06-27 22:49:02,157,B+49.5,33075,5,True,False,False,,-1,46.4751,0
2026-06-27 22:49:13,22,W+7.5,4349,2,True,False,False,,-1,46.1156,0
2026-06-27 22:50:06,144,B+37.5,26676,8,True,False,False,,-1,46.1225,0
2026-06-27 22:50:44,96,W+0.5,19585,3,True,False,False,,-1,45.9704,0
2026-06-27 22:51:39,149,W+46.5,27176,7,True,False,False,,-1,45.9803,0
2026-06-27 22:52:37,148,W+79.5,28889,3,True,False,False,,-1,46.2757,0
2026-06-27 22:53:27,144,B+46.5,28880,6,True,False,False,,-1,46.428,0
2026-06-27 22:54:25,162,W+68.5,32429,1,True,False,False,,-1,46.6784,0
2026-06-27 22:55:16,143,B+49.5,29100,2,True,False,False,,-1,46.793,0
2026-06-27 22:56:06,148,B+33.5,30768,7,True,False,False,,-1,46.7826,0
2026-06-27 22:57:03,161,B+57.5,32080,6,True,False,False,,-1,46.9988,0
2026-06-27 22:57:53,140,W+58.5,26757,2,True,False,False,,-1,47.0845,0
2026-06-27 22:58:29,96,W+7.5,18321,2,True,False,False,,-1,46.8441,0
2026-06-27 22:59:12,117,W+6.5,23413,4,True,False,False,,-1,46.6696,0
2026-06-27 22:59:55,107,B+9.5,21270,5,True,False,False,,-1,46.6918,0
2026-06-27 23:00:49,151,B+52.5,30011,4,True,False,False,,-1,46.8053,0
2026-06-27 23:01:31,99,W+6.5,20123,3,True,False,False,,-1,46.8394,0
2026-06-27 23:02:13,121,B+34.5,22834,3,True,False,False,,-1,46.6869,0
2026-06-27 23:03:04,139,B+20.5,27656,2,True,False,False,,-1,46.6483,0
2026-06-27 23:03:46,109,B+19.5,21652,2,True,False,False,,-1,46.6013,0
2026-06-27 23:04:30,109,B+10.5,21802,3,True,False,False,,-1,46.4644,0
2026-06-27 23:05:12,118,W+38.5,23975,2,True,False,False,,-1,46.4508,0
2026-06-27 23:05:58,125,B+22.5,25079,4,True,False,False,,-1,46.434,0
2026-06-27 23:06:42,123,B+39.5,24345,3,True,False,False,,-1,46.4344,0
2026-06-27 23:07:44,162,W+57.5,33793,3,True,False,False,,-1,46.5263,0
2026-06-27 23:08:25,107,W+26.5,21951,4,True,False,False,,-1,46.5143,0
2026-06-27 23:09:22,161,B+37.5,31665,4,True,False,False,,-1,46.6915,0
2026-06-27 23:10:11,135,B+40.5,27326,5,True,False,False,,-1,46.5795,0
2026-06-27 23:10:23,26,W+7.5,4905,2,True,False,False,,-1,46.2679,0
2026-06-27 23:11:00,93,B+0.5,18469,4,True,False,False,,-1,46.4205,0
2026-06-27 23:11:39,104,W+9.5,20907,5,True,False,False,,-1,46.3031,0
2026-06-27 23:12:22,104,W+28.5,20813,2,True,False,False,,-1,46.1881,0
2026-06-27 23:13:13,145,B+45.5,29601,4,True,False,False,,-1,46.2313,0
2026-06-27 23:13:45,78,W+12.5,14784,2,True,False,False,,-1,46.1001,0
2026-06-27 23:14:23,89,B+4.5,18368,2,True,False,False,,-1,46.3615,0
2026-06-27 23:15:19,162,B+62.5,34274,1,True,False,False,,-1,46.3874,0
2026-06-27 23:16:09,145,B+56.5,28531,3,True,False,False,,-1,46.4718,0
2026-06-27 23:17:16,162,W+39.5,34082,2,True,False,False,,-1,46.6225,0
2026-06-27 23:17:51,98,W+23.5,18214,3,True,False,False,,-1,46.56,0
2026-06-27 23:18:49,162,B+67.5,35224,4,True,False,False,,-1,46.5579,0
2026-06-27 23:19:47,162,W+67.5,32943,3,True,False,False,,-1,46.6841,0
2026-06-27 23:20:46,162,B+25.5,32512,5,True,False,False,,-1,46.7683,0
2026-06-27 23:21:19,86,W+1.5,15367,2,True,False,False,,-1,46.6159,0
2026-06-27 23:22:20,162,W+41.5,33373,0,True,False,False,,-1,46.7104,0
2026-06-27 23:23:14,162,W+44.5,30758,3,True,False,False,,-1,46.7058,0
2026-06-27 23:24:13,162,B+14.5,30605,2,True,False,False,,-1,46.8662,0
2026-06-27 23:24:51,121,W+16.5,22050,9,True,False,False,,-1,46.9129,0
2026-06-27 23:25:43,135,B+45.5,28986,2,True,False,False,,-1,46.9441,0
2026-06-27 23:26:20,87,W+8.5,17586,3,True,False,False,,-1,46.8188,0
2026-06-27 23:27:01,110,B+15.5,21952,3,True,False,False,,-1,46.8567,0
2026-06-27 23:27:37,93,B+8.5,19143,2,True,False,False,,-1,46.6969,0
2026-06-27 23:28:14,107,B+9.5,19623,5,True,False,False,,-1,46.712,0
2026-06-27 23:28:58,115,B+35.5,21608,3,True,False,False,,-1,46.5774,0
2026-06-27 23:29:38,107,W+13.5,20198,3,True,False,False,,-1,46.3989,0
2026-06-27 23:30:36,159,B+49.5,33353,3,True,False,False,,-1,46.5338,0
2026-06-27 23:31:32,152,W+75.5,32743,2,True,False,False,,-1,46.6332,0
2026-06-27 23:32:15,116,W+23.5,24672,6,True,False,False,,-1,46.5426,0
2026-06-27 23:33:04,135,B+17.5,28051,3,True,False,False,,-1,46.8513,0
2026-06-27 23:33:39,71,B+2.5,14412,2,True,False,False,,-1,46.6205,0
2026-06-27 23:34:36,162,W+67.5,33403,2,True,False,False,,-1,46.642,0
2026-06-27 23:35:28,151,B+55.5,30470,6,True,False,False,,-1,46.7889,0
2026-06-27 23:36:08,106,W+30.5,21541,2,True,False,False,,-1,46.8161,0
2026-06-27 23:37:04,162,W+80.5,34123,2,True,False,False,,-1,46.9658,0
2026-06-27 23:37:55,126,B+31.5,28427,3,True,False,False,,-1,47.0252,0
2026-06-27 23:38:39,108,B+7.5,23327,3,True,False,False,,-1,47.0337,0
2026-06-27 23:39:11,66,W+3.5,13853,2,True,False,False,,-1,46.9315,0
2026-06-27 23:39:49,107,B+11.5,21576,3,True,False,False,,-1,46.8962,0
2026-06-27 23:40:27,89,B+3.5,17475,3,True,False,False,,-1,46.8357,0
2026-06-27 23:41:19,135,B+41.5,27281,2,True,False,False,,-1,46.9008,0
2026-06-27 23:42:22,162,W+71.5,32540,1,True,False,False,,-1,46.922,0
2026-06-27 23:43:22,162,W+80.5,33533,0,True,False,False,,-1,47.076,0
2026-06-27 23:44:09,138,B+38.5,26612,3,True,False,False,,-1,47.1451,0
2026-06-27 23:44:50,110,W+25.5,21733,3,True,False,False,,-1,47.1227,0
2026-06-27 23:45:38,114,B+31.5,24634,4,True,False,False,,-1,47.0597,0
2026-06-27 23:46:16,107,W+10.5,19601,3,True,False,False,,-1,46.8105,0
2026-06-27 23:46:54,103,B+1.5,20117,6,True,False,False,,-1,46.7044,0
2026-06-27 23:47:51,162,B+54.5,31638,4,True,False,False,,-1,46.6788,0
2026-06-27 23:48:46,139,B+34.5,28479,3,True,False,False,,-1,46.8143,0
2026-06-27 23:49:39,134,W+57.5,27870,2,True,False,False,,-1,46.9748,0
2026-06-27 23:50:21,107,B+25.5,21627,2,True,False,False,,-1,46.928,0
2026-06-27 23:51:17,162,W+31.5,31085,4,True,False,False,,-1,46.9109,0
2026-06-27 23:52:01,121,B+34.5,26160,2,True,False,False,,-1,46.7434,0
2026-06-27 23:52:59,156,W+64.5,31293,3,True,False,False,,-1,46.847,0
2026-06-27 23:53:37,104,W+27.5,19254,2,True,False,False,,-1,47.1057,0
2026-06-27 23:54:19,105,B+21.5,20804,3,True,False,False,,-1,46.9465,0
2026-06-27 23:55:06,137,B+38.5,24610,3,True,False,False,,-1,47.039,0
2026-06-27 23:56:00,162,W+61.5,31819,2,True,False,False,,-1,47.1628,0
2026-06-27 23:56:50,147,B+53.5,28811,3,True,False,False,,-1,47.1089,0
2026-06-27 23:57:50,162,W+48.5,34223,2,True,False,False,,-1,47.2651,0
2026-06-27 23:58:51,162,W+37.5,31778,2,True,False,False,,-1,47.4098,0
2026-06-27 23:59:27,97,B+6.5,17937,2,True,False,False,,-1,47.2552,0
2026-06-28 00:00:23,149,B+24.5,28771,3,True,False,False,,-1,47.2429,0
2026-06-28 00:01:18,153,B+56.5,29712,2,True,False,False,,-1,47.2803,0
2026-06-28 00:02:06,129,B+17.5,27829,2,True,False,False,,-1,47.4057,0
2026-06-28 00:02:59,154,W+54.5,30450,4,True,False,False,,-1,47.4501,0
2026-06-28 00:03:51,156,B+42.5,29309,6,True,False,False,,-1,47.4992,0
2026-06-28 00:04:41,162,W+61.5,28820,1,True,False,False,,-1,47.4663,0
2026-06-28 00:05:03,46,W+5.5,9081,2,True,False,False,,-1,47.1782,0
2026-06-28 00:05:48,111,B+12.5,23970,3,True,False,False,,-1,46.9921,0
2026-06-28 00:06:47,162,B+47.5,34357,2,True,False,False,,-1,47.1861,0
2026-06-28 00:07:27,99,W+9.5,20030,2,True,False,False,,-1,47.0408,0
2026-06-28 00:08:04,95,W+19.5,19360,2,True,False,False,,-1,47.3088,0
2026-06-28 00:08:44,113,B+20.5,22833,2,True,False,False,,-1,47.1829,0
2026-06-28 00:09:38,157,B+44.5,30640,5,True,False,False,,-1,47.3359,0
2026-06-28 00:10:16,118,W+53.5,21577,2,True,False,False,,-1,47.1628,0
2026-06-28 00:11:03,144,B+39.5,27210,2,True,False,False,,-1,47.0584,0
2026-06-28 00:11:53,121,B+36.5,24867,2,True,False,False,,-1,47.0527,0
2026-06-28 00:12:49,162,B+42.5,32429,3,True,False,False,,-1,47.0349,0
2026-06-28 00:13:37,120,W+50.5,25435,3,True,False,False,,-1,47.0081,0
2026-06-28 00:14:39,160,W+35.5,32061,5,True,False,False,,-1,47.1276,0
2026-06-28 00:15:29,161,B+59.5,28736,5,True,False,False,,-1,47.0599,0
2026-06-28 00:16:27,162,B+31.5,30466,1,True,False,False,,-1,47.137,0
2026-06-28 00:17:25,156,W+34.5,30595,4,True,False,False,,-1,47.3593,0
2026-06-28 00:18:19,162,W+69.5,32502,4,True,False,False,,-1,47.4685,0
2026-06-28 00:19:20,162,W+63.5,34188,2,True,False,False,,-1,47.6489,0
2026-06-28 00:20:16,162,W+50.5,30451,6,True,False,False,,-1,47.6708,0
2026-06-28 00:20:53,91,B+2.5,17523,3,True,False,False,,-1,47.6224,0
2026-06-28 00:21:42,132,B+45.5,26474,3,True,False,False,,-1,47.6879,0
2026-06-28 00:22:35,138,W+60.5,27936,3,True,False,False,,-1,47.7076,0
2026-06-28 00:23:20,126,B+33.5,25373,4,True,False,False,,-1,47.7324,0
2026-06-28 00:24:19,162,W+31.5,33712,2,True,False,False,,-1,47.8835,0
2026-06-28 00:24:59,97,W+17.5,21064,2,True,False,False,,-1,47.8623,0
2026-06-28 00:25:06,20,W+7.5,3857,2,True,False,False,,-1,47.4775,0
2026-06-28 00:25:51,110,W+30.5,23520,2,True,False,False,,-1,47.4824,0
2026-06-28 00:26:45,162,W+55.5,32944,3,True,False,False,,-1,47.4074,0
2026-06-28 00:27:40,162,W+24.5,32095,5,True,False,False,,-1,47.5474,0
2026-06-28 00:28:33,151,B+46.5,29997,4,True,False,False,,-1,47.5101,0
2026-06-28 00:29:21,122,W+36.5,23950,5,True,False,False,,-1,47.4964,0
2026-06-28 00:30:08,121,B+37.5,23446,2,True,False,False,,-1,47.8429,0
2026-06-28 00:30:29,36,W+7.5,8315,2,True,False,False,,-1,47.6889,0
2026-06-28 00:31:16,143,W+45.5,27256,6,True,False,False,,-1,47.7723,0
2026-06-28 00:31:50,85,B+9.5,17014,2,True,False,False,,-1,47.6728,0
2026-06-28 00:32:38,135,B+47.5,25170,2,True,False,False,,-1,47.6521,0
2026-06-28 00:33:36,162,W+43.5,31579,2,True,False,False,,-1,47.9081,0
2026-06-28 00:34:25,112,W+48.5,22636,3,True,False,False,,-1,48.0137,0
2026-06-28 00:35:07,103,B+8.5,19970,2,True,False,False,,-1,47.8824,0
2026-06-28 00:36:02,142,W+67.5,29814,3,True,False,False,,-1,47.9285,0
2026-06-28 00:36:59,162,W+25.5,30534,1,True,False,False,,-1,47.8258,0
2026-06-28 00:37:54,134,W+62.5,28133,2,True,False,False,,-1,48.0205,0
2026-06-28 00:38:39,93,B+1.5,22205,2,True,False,False,,-1,47.888,0
2026-06-28 00:39:34,154,W+23.5,30719,4,True,False,False,,-1,47.8716,0
2026-06-28 00:40:19,123,B+29.5,24463,3,True,False,False,,-1,47.7276,0
2026-06-28 00:40:40,42,W+7.5,8724,2,True,False,False,,-1,47.6089,0
2026-06-28 00:41:31,145,B+44.5,29079,3,True,False,False,,-1,47.5158,0
2026-06-28 00:42:19,133,B+37.5,25287,4,True,False,False,,-1,47.4383,0
2026-06-28 00:43:14,141,B+46.5,30957,5,True,False,False,,-1,47.4068,0
2026-06-28 00:44:04,129,B+44.5,27849,4,True,False,False,,-1,47.5332,0
2026-06-28 00:44:41,97,B+10.5,19688,2,True,False,False,,-1,47.3775,0
2026-06-28 00:45:29,129,B+32.5,24417,3,True,False,False,,-1,47.4887,0
2026-06-28 00:46:05,88,W+2.5,17521,2,True,False,False,,-1,47.4373,0
2026-06-28 00:47:03,158,B+62.5,34345,4,True,False,False,,-1,47.6571,0
2026-06-28 00:47:56,151,B+42.5,29154,4,True,False,False,,-1,47.8075,0
2026-06-28 00:48:47,128,W+68.5,25698,2,True,False,False,,-1,47.8803,0
2026-06-28 00:49:25,103,B+7.5,19437,2,True,False,False,,-1,47.8678,0
2026-06-28 00:50:05,106,B+15.5,20260,4,True,False,False,,-1,47.6824,0
2026-06-28 00:50:56,145,W+39.5,28767,6,True,False,False,,-1,47.6375,0
2026-06-28 00:51:47,149,B+52.5,28211,4,True,False,False,,-1,47.7188,0
2026-06-28 00:52:50,162,B+54.5,32882,3,True,False,False,,-1,47.8607,0
2026-06-28 00:53:45,158,B+51.5,32268,6,True,False,False,,-1,48.0593,0
2026-06-28 00:54:24,96,W+11.5,17676,3,True,False,False,,-1,47.8724,0
2026-06-28 00:55:06,103,B+13.5,19373,2,True,False,False,,-1,47.7841,0
2026-06-28 00:55:43,97,W+11.5,19307,3,True,False,False,,-1,47.7486,0
2026-06-28 00:56:26,121,B+0.5,24027,4,True,False,False,,-1,47.6143,0
2026-06-28 00:57:15,138,W+59.5,27155,3,True,False,False,,-1,47.5985,0
2026-06-28 00:57:28,24,W+7.5,6201,2,True,False,False,,-1,47.2873,0
2026-06-28 00:58:18,126,W+38.5,25884,2,True,False,False,,-1,47.4637,0
2026-06-28 00:59:03,117,W+63.5,24535,2,True,False,False,,-1,47.5342,0
2026-06-28 00:59:31,61,B+3.5,11643,2,True,False,False,,-1,47.4412,0
2026-06-28 01:00:17,117,B+0.5,24654,3,True,False,False,,-1,47.3831,0
2026-06-28 01:01:03,103,B+17.5,22999,3,True,False,False,,-1,47.2145,0
2026-06-28 01:01:44,97,B+6.5,19946,4,True,False,False,,-1,47.0208,0
2026-06-28 01:02:28,116,W+40.5,23869,2,True,False,False,,-1,46.9859,0
2026-06-28 01:03:09,108,B+0.5,21081,4,True,False,False,,-1,46.9872,0
2026-06-28 01:03:52,101,B+4.5,21562,3,True,False,False,,-1,46.9347,0
2026-06-28 01:04:47,151,B+59.5,31182,3,True,False,False,,-1,47.1079,0
2026-06-28 01:05:26,95,B+11.5,17222,3,True,False,False,,-1,47.1154,0
2026-06-28 01:06:15,121,B+27.5,25553,3,True,False,False,,-1,47.0288,0
2026-06-28 01:07:15,162,B+34.5,31639,1,True,False,False,,-1,47.0878,0
2026-06-28 01:08:08,139,B+55.5,28819,2,True,False,False,,-1,47.0834,0
2026-06-28 01:09:00,140,W+64.5,30133,3,True,False,False,,-1,47.1848,0
2026-06-28 01:09:50,123,W+29.5,26073,5,True,False,False,,-1,47.1191,0
2026-06-28 01:10:30,108,W+48.5,21505,2,True,False,False,,-1,47.0909,0
2026-06-28 01:11:23,143,B+45.5,29663,9,True,False,False,,-1,47.0409,0
2026-06-28 01:12:13,137,B+59.5,26494,3,True,False,False,,-1,47.1511,0
2026-06-28 01:12:47,69,B+4.5,14216,2,True,False,False,,-1,47.0764,0
2026-06-28 01:13:25,90,W+27.5,19501,2,True,False,False,,-1,46.9923,0
2026-06-28 01:14:11,116,W+1.5,22359,2,True,False,False,,-1,46.9122,0
2026-06-28 01:15:03,159,B+60.5,30423,2,True,False,False,,-1,46.9186,0
2026-06-28 01:15:45,110,B+12.5,21254,3,True,False,False,,-1,46.7399,0
2026-06-28 01:16:40,162,B+36.5,30348,7,True,False,False,,-1,46.6843,0
2026-06-28 01:17:33,149,W+40.5,31215,4,True,False,False,,-1,46.8492,0
2026-06-28 01:18:21,133,B+33.5,28221,3,True,False,False,,-1,46.7751,0
2026-06-28 01:18:56,79,B+2.5,15221,2,True,False,False,,-1,46.576,0
2026-06-28 01:19:35,101,W+6.5,20476,4,True,False,False,,-1,46.4793,0
2026-06-28 01:20:18,104,B+15.5,22869,2,True,False,False,,-1,46.3879,0
2026-06-28 01:21:01,111,B+17.5,23815,2,True,False,False,,-1,46.2961,0
2026-06-28 01:21:22,42,W+7.5,9088,2,True,False,False,,-1,45.9995,0
2026-06-28 01:22:14,162,W+72.5,31641,0,True,False,False,,-1,46.3011,0
2026-06-28 01:22:58,118,W+51.5,20722,2,True,False,False,,-1,46.2999,0
2026-06-28 01:23:16,34,W+6.5,7001,2,True,False,False,,-1,45.8902,0
2026-06-28 01:24:00,101,B+7.5,22488,3,True,False,False,,-1,45.9271,0
2026-06-28 01:24:38,107,B+8.5,19269,2,True,False,False,,-1,45.9393,0
2026-06-28 01:25:26,121,B+31.5,24743,3,True,False,False,,-1,46.0072,0
2026-06-28 01:26:01,97,B+0.5,17192,3,True,False,False,,-1,45.8329,0
2026-06-28 01:26:58,162,W+46.5,30147,0,True,False,False,,-1,46.0209,0
2026-06-28 01:27:10,24,W+8.5,5232,2,True,False,False,,-1,45.6736,0
2026-06-28 01:27:52,95,B+8.5,19798,2,True,False,False,,-1,45.5845,0
2026-06-28 01:28:46,149,W+68.5,30494,3,True,False,False,,-1,45.5685,0
2026-06-28 01:29:38,143,B+51.5,29191,4,True,False,False,,-1,45.6065,0
2026-06-28 01:30:14,93,W+16.5,17047,3,True,False,False,,-1,45.3505,0
2026-06-28 01:30:58,111,W+12.5,22709,4,True,False,False,,-1,45.282,0
2026-06-28 01:31:54,139,B+50.5,29691,4,True,False,False,,-1,45.2624,0
2026-06-28 01:32:41,127,B+26.5,25626,5,True,False,False,,-1,45.1586,0
2026-06-28 01:33:26,119,B+28.5,23473,4,True,False,False,,-1,45.0629,0
2026-06-28 01:34:08,105,W+19.5,21184,4,True,False,False,,-1,44.8807,0
2026-06-28 01:34:51,120,B+20.5,22469,4,True,False,False,,-1,44.7397,0
2026-06-28 01:35:36,125,W+18.5,25592,6,True,False,False,,-1,44.8279,0
2026-06-28 01:36:27,145,B+37.5,28466,2,True,False,False,,-1,44.8431,0
2026-06-28 01:37:08,99,B+10.5,19730,3,True,False,False,,-1,44.7231,0
2026-06-28 01:37:54,110,B+21.5,21592,2,True,False,False,,-1,44.7342,0
2026-06-28 01:38:06,30,W+6.5,4676,2,True,False,False,,-1,44.2707,0
2026-06-28 01:38:55,148,W+76.5,27258,3,True,False,False,,-1,44.3591,0
2026-06-28 01:39:26,80,W+10.5,13828,2,True,False,False,,-1,44.5944,0
2026-06-28 01:40:29,162,W+60.5,32319,3,True,False,False,,-1,44.7764,0
2026-06-28 01:41:05,76,W+6.5,15262,2,True,False,False,,-1,44.5911,0
2026-06-28 01:41:58,139,W+41.5,28394,2,True,False,False,,-1,44.577,0
2026-06-28 01:42:37,102,W+23.5,18951,3,True,False,False,,-1,44.4397,0
2026-06-28 01:43:29,149,W+70.5,29803,2,True,False,False,,-1,44.4794,0
2026-06-28 01:44:08,95,W+5.5,19063,3,True,False,False,,-1,44.3959,0
2026-06-28 01:44:51,116,B+5.5,23413,3,True,False,False,,-1,44.619,0
2026-06-28 01:45:49,162,W+74.5,31708,3,True,False,False,,-1,44.7216,0
2026-06-28 01:46:44,156,W+69.5,31324,3,True,False,False,,-1,44.9415,0
2026-06-28 01:47:18,68,W+12.5,14314,2,True,False,False,,-1,44.7905,0
2026-06-28 01:48:14,162,W+63.5,31420,2,True,False,False,,-1,44.7735,0
2026-06-28 01:49:09,162,W+32.5,30945,2,True,False,False,,-1,44.8407,0
2026-06-28 01:49:48,100,W+5.5,19822,2,True,False,False,,-1,44.8065,0
2026-06-28 01:50:44,161,B+66.5,32263,3,True,False,False,,-1,44.8182,0
2026-06-28 01:51:33,139,B+43.5,27599,4,True,False,False,,-1,44.7361,0
2026-06-28 01:52:21,145,B+44.5,27323,4,True,False,False,,-1,44.6689,0
2026-06-28 01:53:05,117,B+18.5,23836,3,True,False,False,,-1,44.6617,0
2026-06-28 01:53:36,71,B+5.5,13059,3,True,False,False,,-1,44.4107,0
2026-06-28 01:54:08,69,B+0.5,14086,2,True,False,False,,-1,44.2872,0
2026-06-28 01:55:05,155,B+56.5,32297,2,True,False,False,,-1,44.6388,0
2026-06-28 01:55:59,138,W+59.5,27554,4,True,False,False,,-1,44.672,0
2026-06-28 01:57:02,162,W+32.5,34573,5,True,False,False,,-1,44.8335,0
2026-06-28 01:57:55,145,W+60.5,27757,4,True,False,False,,-1,44.8076,0
2026-06-28 01:58:32,84,W+7.5,16333,2,True,False,False,,-1,44.6769,0
2026-06-28 01:58:56,52,W+8.5,9829,2,True,False,False,,-1,44.5433,0
2026-06-28 01:59:46,122,W+35.5,24834,2,True,False,False,,-1,44.5711,0
2026-06-28 02:00:35,155,B+54.5,29219,5,True,False,False,,-1,44.6965,0
2026-06-28 02:01:34,158,W+42.5,32641,4,True,False,False,,-1,44.7025,0
2026-06-28 02:02:32,143,B+41.5,32405,7,True,False,False,,-1,44.7647,0
2026-06-28 02:03:32,162,W+60.5,33680,2,True,False,False,,-1,44.8518,0
2026-06-28 02:04:32,162,W+74.5,32900,2,True,False,False,,-1,45.0618,0
2026-06-28 02:05:06,95,B+8.5,17318,3,True,False,False,,-1,45.0097,0
2026-06-28 02:05:58,139,B+50.5,29561,2,True,False,False,,-1,45.0182,0
2026-06-28 02:06:52,159,B+52.5,36135,8,True,False,False,,-1,45.0439,0
2026-06-28 02:07:11,34,W+8.5,7422,3,True,False,False,,-1,44.6031,0
2026-06-28 02:07:48,88,W+15.5,18342,2,True,False,False,,-1,44.4263,0
2026-06-28 02:08:39,161,W+73.5,29857,4,True,False,False,,-1,44.5506,0
2026-06-28 02:09:32,156,W+70.5,32458,5,True,False,False,,-1,44.6528,0
2026-06-28 02:10:15,97,W+14.5,19791,3,True,False,False,,-1,44.7145,0
2026-06-28 02:11:10,162,B+43.5,30880,1,True,False,False,,-1,44.8367,0
2026-06-28 02:11:47,99,W+31.5,17776,2,True,False,False,,-1,44.7222,0
2026-06-28 02:12:37,140,B+32.5,26836,6,True,False,False,,-1,45.0839,0
2026-06-28 02:13:33,147,B+37.5,29977,2,True,False,False,,-1,45.1518,0
2026-06-28 02:14:17,109,B+3.5,22408,5,True,False,False,,-1,45.1356,0
2026-06-28 02:15:13,160,W+58.5,32617,4,True,False,False,,-1,45.4114,0
2026-06-28 02:15:53,105,W+12.5,19303,2,True,False,False,,-1,45.3527,0
2026-06-28 02:16:36,117,B+29.5,25893,2,True,False,False,,-1,45.3271,0
2026-06-28 02:17:19,115,B+26.5,24582,3,True,False,False,,-1,45.341,0
2026-06-28 02:18:14,162,B+61.5,33502,4,True,False,False,,-1,45.4598,0
2026-06-28 02:19:12,162,W+69.5,31866,4,True,False,False,,-1,45.6284,0
2026-06-28 02:20:09,162,W+62.5,31784,1,True,False,False,,-1,45.7654,0
2026-06-28 02:20:59,145,B+55.5,26513,2,True,False,False,,-1,45.7161,0
2026-06-28 02:21:41,107,B+18.5,21968,2,True,False,False,,-1,45.7482,0
2026-06-28 02:22:17,86,W+41.5,16709,2,True,False,False,,-1,45.6244,0
2026-06-28 02:22:29,26,W+6.5,4792,2,True,False,False,,-1,45.1369,0
2026-06-28 02:22:57,51,B+1.5,11146,2,True,False,False,,-1,44.8857,0
2026-06-28 02:23:27,54,W+9.5,12750,2,True,False,False,,-1,44.6615,0
2026-06-28 02:26:41,94,B+3.5,18086,4,True,False,False,,-1,44.6291,1000
2026-06-28 02:27:37,115,W+1.5,22938,18,True,False,False,,-1,44.6662,1000
2026-06-28 02:28:33,116,B+6.5,22621,13,True,False,False,,-1,44.7242,1000
2026-06-28 02:29:37,133,W+4.5,25072,20,True,False,False,,-1,45.029,1000
2026-06-28 02:30:13,69,B+0.5,11770,3,True,False,False,,-1,45.0048,1000
2026-06-28 02:31:07,100,B+2.5,20110,6,True,False,False,,-1,45.0854,1000
2026-06-28 02:31:51,80,W+5.5,14845,4,True,False,False,,-1,45.0139,1000
2026-06-28 02:32:40,91,B+2.5,19159,5,True,False,False,,-1,45.0846,1000
2026-06-28 02:33:35,111,W+18.5,22408,8,True,False,False,,-1,45.0746,1000
2026-06-28 02:33:59,52,W+9.5,8822,2,True,False,False,,-1,44.7864,1000
2026-06-28 02:34:54,111,W+1.5,22531,11,True,False,False,,-1,44.8524,1000
2026-06-28 02:35:42,99,B+1.5,20106,14,True,False,False,,-1,44.988,1000
2026-06-28 02:36:38,111,W+5.5,23126,12,True,False,False,,-1,45.1565,1000
2026-06-28 02:37:31,102,W+12.5,21168,6,True,False,False,,-1,45.2595,1000
2026-06-28 02:38:27,105,B+1.5,20586,7,True,False,False,,-1,45.3865,1000
2026-06-28 02:38:48,30,W+7.5,7124,2,True,False,False,,-1,45.3845,1000
2026-06-28 02:39:46,107,W+4.5,23709,10,True,False,False,,-1,45.4452,1000
2026-06-28 02:40:34,100,B+1.5,18307,8,True,False,False,,-1,45.4885,1000
2026-06-28 02:41:30,111,W+0.5,22277,15,True,False,False,,-1,45.8664,1000
2026-06-28 02:42:20,107,W+7.5,20057,15,True,False,False,,-1,45.9296,1000
2026-06-28 02:43:03,100,B+1.5,18381,8,True,False,False,,-1,45.9747,1000
2026-06-28 02:43:58,113,W+0.5,22292,16,True,False,False,,-1,46.0497,1000
2026-06-28 02:45:01,141,B+4.5,28485,17,True,False,False,,-1,46.3203,1000
2026-06-28 02:45:48,95,W+1.5,17783,6,True,False,False,,-1,46.2282,1000
2026-06-28 02:46:43,109,W+0.5,22908,9,True,False,False,,-1,46.6491,1000
2026-06-28 02:47:58,161,B+5.5,32784,28,True,False,False,,-1,46.9849,1000
2026-06-28 02:48:56,117,W+1.5,24706,16,True,False,False,,-1,47.0258,1000
2026-06-28 02:49:52,115,W+0.5,22386,14,True,False,False,,-1,47.0691,1000
2026-06-28 02:50:36,99,W+0.5,17925,13,True,False,False,,-1,47.1486,1000
2026-06-28 02:51:30,105,W+3.5,21849,14,True,False,False,,-1,47.2439,1000
2026-06-28 02:52:24,101,B+2.5,20492,7,True,False,False,,-1,47.227,1000
2026-06-28 02:53:15,113,W+11.5,21570,9,True,False,False,,-1,47.2647,1000
2026-06-28 02:54:02,100,B+1.5,18407,10,True,False,False,,-1,47.2894,1000
2026-06-28 02:54:49,96,B+3.5,17714,6,True,False,False,,-1,47.3313,1000
2026-06-28 02:55:40,110,B+0.5,20589,10,True,False,False,,-1,47.4194,1000
2026-06-28 02:56:38,122,B+9.5,25324,12,True,False,False,,-1,47.543,1000
2026-06-28 02:57:34,103,W+9.5,21820,10,True,False,False,,-1,47.5977,1000
2026-06-28 02:58:22,97,W+0.5,19563,12,True,False,False,,-1,47.6693,1000
2026-06-28 02:58:35,24,W+7.5,4660,2,True,False,False,,-1,47.3419,1000
2026-06-28 02:59:35,107,W+2.5,23936,7,True,False,False,,-1,47.8196,1000
2026-06-28 03:00:25,105,B+7.5,20880,12,True,False,False,,-1,47.8326,1000
2026-06-28 03:01:19,109,W+7.5,21646,9,True,False,False,,-1,48.0624,1000
2026-06-28 03:02:10,109,W+2.5,20886,12,True,False,False,,-1,47.9378,1000
2026-06-28 03:02:57,109,W+2.5,20178,8,True,False,False,,-1,48.0459,1000
2026-06-28 03:03:23,58,W+7.5,9508,3,True,False,False,,-1,47.7736,1000
2026-06-28 03:04:09,89,B+3.5,18326,3,True,False,False,,-1,47.8426,1000
2026-06-28 03:05:06,120,B+0.5,24818,16,True,False,False,,-1,47.8933,1000
2026-06-28 03:05:17,20,W+7.5,3750,2,True,False,False,,-1,47.619,1000
2026-06-28 03:06:10,101,W+2.5,20497,13,True,False,False,,-1,47.7166,1000
2026-06-28 03:07:07,117,B+2.5,21922,12,True,False,False,,-1,47.7089,1000
2026-06-28 03:08:02,113,W+8.5,22942,17,True,False,False,,-1,47.7079,1000
2026-06-28 03:08:53,106,W+2.5,20294,8,True,False,False,,-1,47.8823,1000
2026-06-28 03:09:57,117,W+0.5,26056,17,True,False,False,,-1,47.9578,1000
2026-06-28 03:10:38,66,W+3.5,14295,2,True,False,False,,-1,47.8091,1000
2026-06-28 03:11:25,95,W+0.5,18463,6,True,False,False,,-1,47.8976,1000
2026-06-28 03:12:24,114,B+3.5,24526,6,True,False,False,,-1,47.928,1000
2026-06-28 03:13:15,110,B+2.5,21272,18,True,False,False,,-1,47.9498,1000
2026-06-28 03:14:06,104,B+0.5,20493,12,True,False,False,,-1,47.9721,1000
2026-06-28 03:14:57,102,B+0.5,19957,10,True,False,False,,-1,48.041,1000
2026-06-28 03:15:39,83,B+12.5,16216,4,True,False,False,,-1,48.1621,1000
2026-06-28 03:16:33,105,W+4.5,20917,9,True,False,False,,-1,48.3721,1000
2026-06-28 03:17:44,162,B+30.5,33798,10,True,False,False,,-1,48.5224,1000
2026-06-28 03:18:38,114,B+0.5,22814,8,True,False,False,,-1,48.5176,1000
2026-06-28 03:19:31,99,B+1.5,20651,6,True,False,False,,-1,48.418,1000
2026-06-28 03:20:34,127,W+3.5,24699,12,True,False,False,,-1,48.5183,1000
2026-06-28 03:21:27,113,W+2.5,22094,18,True,False,False,,-1,48.6745,1000
2026-06-28 03:22:20,115,W+2.5,22611,18,True,False,False,,-1,48.9685,1000
2026-06-28 03:23:13,109,W+5.5,22877,13,True,False,False,,-1,48.9958,1000
2026-06-28 03:24:03,103,B+6.5,20264,7,True,False,False,,-1,49.0008,1000
2026-06-28 03:24:55,104,B+0.5,20052,9,True,False,False,,-1,48.9374,1000
2026-06-28 03:25:11,24,W+7.5,5291,2,True,False,False,,-1,48.51,1000
2026-06-28 03:26:02,115,W+2.5,21323,6,True,False,False,,-1,48.4212,1000
2026-06-28 03:27:00,116,B+3.5,24956,15,True,False,False,,-1,48.4087,1000
2026-06-28 03:27:31,62,W+10.5,10567,5,True,False,False,,-1,48.3742,1000
2026-06-28 03:28:03,56,W+12.5,11110,2,True,False,False,,-1,48.1736,1000
2026-06-28 03:28:51,85,B+2.5,19261,5,True,False,False,,-1,48.1188,1000
2026-06-28 03:29:55,117,W+2.5,25221,8,True,False,False,,-1,48.5683,1000
2026-06-28 03:30:32,61,B+2.5,12945,2,True,False,False,,-1,48.564,1000
2026-06-28 03:31:27,117,W+0.5,23786,13,True,False,False,,-1,48.6027,1000
2026-06-28 03:32:19,113,W+4.5,22127,13,True,False,False,,-1,48.5993,1000
2026-06-28 03:33:18,129,B+2.5,25489,20,True,False,False,,-1,48.756,1000
2026-06-28 03:34:05,77,B+7.5,16249,2,True,False,False,,-1,48.6748,1000
2026-06-28 03:34:55,102,B+0.5,20478,14,True,False,False,,-1,48.8026,1000
2026-06-28 03:35:56,127,W+4.5,26158,22,True,False,False,,-1,48.92,1000
2026-06-28 03:36:41,80,W+10.5,16185,2,True,False,False,,-1,48.8087,1000
2026-06-28 03:37:12,52,W+17.5,10391,3,True,False,False,,-1,48.6772,1000
2026-06-28 03:38:05,98,B+2.5,20880,6,True,False,False,,-1,48.6477,1000
2026-06-28 03:39:03,105,W+3.5,21957,7,True,False,False,,-1,48.8325,1000
2026-06-28 03:40:13,137,W+0.5,27369,21,True,False,False,,-1,49.0903,1000
2026-06-28 03:41:01,102,B+0.5,18498,8,True,False,False,,-1,49.1484,1000
2026-06-28 03:41:58,119,W+4.5,24358,10,True,False,False,,-1,49.1599,1000
2026-06-28 03:42:47,104,B+4.5,21137,13,True,False,False,,-1,49.075,1000
2026-06-28 03:43:35,93,B+1.5,18996,6,True,False,False,,-1,48.9879,1000
2026-06-28 03:44:33,122,B+0.5,23187,15,True,False,False,,-1,49.0626,1000
2026-06-28 03:45:25,111,W+1.5,20564,10,True,False,False,,-1,49.1617,1000
2026-06-28 03:46:14,95,W+0.5,18947,9,True,False,False,,-1,49.2904,1000
2026-06-28 03:46:51,71,B+0.5,14117,4,True,False,False,,-1,49.5413,1000
2026-06-28 03:47:41,112,B+1.5,22133,6,True,False,False,,-1,49.765,1000
2026-06-28 03:48:33,105,W+9.5,21014,12,True,False,False,,-1,49.9914,1000
2026-06-28 03:49:34,123,W+2.5,24752,18,True,False,False,,-1,50.2057,1000
2026-06-28 03:50:41,162,B+14.5,30731,18,True,False,False,,-1,50.4022,1000
2026-06-28 03:51:17,63,B+0.5,12315,6,True,False,False,,-1,50.2011,1000
2026-06-28 03:52:12,117,W+7.5,22161,10,True,False,False,,-1,50.1933,1000
2026-06-28 03:53:02,105,B+3.5,20725,8,True,False,False,,-1,50.0439,1000
2026-06-28 03:53:54,117,W+3.5,21398,19,True,False,False,,-1,50.2006,1000
2026-06-28 03:54:46,101,W+0.5,20799,8,True,False,False,,-1,50.1881,1000
2026-06-28 03:55:36,102,B+2.5,20053,8,True,False,False,,-1,50.2434,1000
2026-06-28 03:56:01,47,B+1.5,8246,2,True,False,False,,-1,50.0043,1000
2026-06-28 03:57:04,126,B+4.5,26472,19,True,False,False,,-1,50.0904,1000
2026-06-28 03:57:54,103,B+2.5,20153,11,True,False,False,,-1,50.3498,1000
2026-06-28 03:58:58,141,W+8.5,27537,22,True,False,False,,-1,50.4392,1000
2026-06-28 03:59:47,87,B+10.5,17134,4,True,False,False,,-1,50.4451,1000
2026-06-28 04:00:43,104,B+3.5,21661,12,True,False,False,,-1,50.4505,1000
2026-06-28 04:01:34,89,B+2.5,18472,7,True,False,False,,-1,50.4288,1000
2026-06-28 04:02:22,101,W+2.5,19427,13,True,False,False,,-1,50.3561,1000
2026-06-28 04:03:11,85,B+0.5,18157,4,True,False,False,,-1,50.626,1000
2026-06-28 04:03:57,90,B+0.5,17782,8,True,False,False,,-1,50.5118,1000
2026-06-28 04:04:46,97,W+1.5,19016,9,True,False,False,,-1,50.5113,1000
2026-06-28 04:05:30,83,B+6.5,17932,3,True,False,False,,-1,50.3995,1000
2026-06-28 04:06:27,103,B+5.5,22115,8,True,False,False,,-1,50.4633,1000
2026-06-28 04:07:20,105,W+16.5,20773,7,True,False,False,,-1,50.567,1000
2026-06-28 04:08:15,111,W+1.5,22842,15,True,False,False,,-1,50.5698,1000
2026-06-28 04:09:09,98,B+3.5,20733,5,True,False,False,,-1,50.4813,1000
2026-06-28 04:09:58,97,W+8.5,19566,9,True,False,False,,-1,50.4921,1000
2026-06-28 04:10:28,54,W+8.5,11106,2,True,False,False,,-1,50.2533,1000
2026-06-28 04:11:31,117,W+5.5,24313,13,True,False,False,,-1,50.1286,1000
2026-06-28 04:12:33,134,B+0.5,28024,12,True,False,False,,-1,50.1635,1000
2026-06-28 04:13:19,95,W+9.5,18753,8,True,False,False,,-1,50.0714,1000
2026-06-28 04:14:14,108,B+0.5,21223,9,True,False,False,,-1,50.1767,1000
2026-06-28 04:15:09,107,W+0.5,22677,15,True,False,False,,-1,50.185,1000
2026-06-28 04:16:01,97,W+13.5,20143,9,True,False,False,,-1,50.1667,1000
2026-06-28 04:16:59,132,B+1.5,24798,18,True,False,False,,-1,50.2343,1000
2026-06-28 04:17:29,50,W+9.5,10189,3,True,False,False,,-1,50.066,1000
2026-06-28 04:18:12,93,W+1.5,17916,9,True,False,False,,-1,50.0258,1000
2026-06-28 04:18:59,96,B+0.5,17921,9,True,False,False,,-1,49.9871,1000
2026-06-28 04:19:48,115,W+5.5,20803,16,True,False,False,,-1,49.9024,1000
2026-06-28 04:20:41,113,W+2.5,21157,12,True,False,False,,-1,49.8691,1000
2026-06-28 04:21:38,106,B+6.5,22039,7,True,False,False,,-1,49.9551,1000
2026-06-28 04:22:35,125,W+0.5,24654,18,True,False,False,,-1,50.3932,1000
2026-06-28 04:23:14,60,W+10.5,13716,2,True,False,False,,-1,50.1853,1000
2026-06-28 04:24:29,151,W+2.5,32069,25,True,False,False,,-1,50.4343,1000
2026-06-28 04:25:43,158,W+29.5,32554,27,True,False,False,,-1,50.6351,1000
2026-06-28 04:26:42,119,W+0.5,23664,18,True,False,False,,-1,50.7198,1000
2026-06-28 04:27:37,131,B+0.5,24930,18,True,False,False,,-1,50.8035,1000
2026-06-28 04:28:35,116,B+14.5,25063,16,True,False,False,,-1,51.1179,1000
2026-06-28 04:29:36,117,W+6.5,24749,9,True,False,False,,-1,51.2641,1000
2026-06-28 04:30:22,85,B+3.5,17444,5,True,False,False,,-1,51.1596,1000
2026-06-28 04:31:20,132,B+4.5,24591,16,True,False,False,,-1,51.6225,1000
2026-06-28 04:32:14,115,W+2.5,21487,18,True,False,False,,-1,51.6336,1000
2026-06-28 04:33:06,115,W+2.5,20984,12,True,False,False,,-1,51.5906,1000
2026-06-28 04:34:01,115,W+0.5,22838,9,True,False,False,,-1,51.5795,1000
2026-06-28 04:34:52,93,B+10.5,18861,12,True,False,False,,-1,51.5822,1000
2026-06-28 04:35:52,111,W+5.5,23935,16,True,False,False,,-1,51.5444,1000
2026-06-28 04:36:49,113,W+0.5,23413,13,True,False,False,,-1,51.7126,1000
2026-06-28 04:37:42,109,W+4.5,20672,9,True,False,False,,-1,51.7653,1000
2026-06-28 04:38:43,123,W+1.5,24892,18,True,False,False,,-1,51.7834,1000
2026-06-28 04:39:24,74,W+17.5,13619,2,True,False,False,,-1,51.6864,1000
2026-06-28 04:40:22,120,B+0.5,23769,9,True,False,False,,-1,51.7648,1000
2026-06-28 04:41:11,99,W+3.5,18753,11,True,False,False,,-1,51.74,1000
2026-06-28 04:41:58,99,W+0.5,18276,11,True,False,False,,-1,51.7793,1000
2026-06-28 04:42:56,130,B+4.5,23674,20,True,False,False,,-1,51.8322,1000
2026-06-28 04:43:50,103,W+10.5,20869,13,True,False,False,,-1,51.6543,1000
2026-06-28 04:44:13,34,W+5.5,7904,2,True,False,False,,-1,51.3459,1000
2026-06-28 04:45:11,116,B+4.5,24269,10,True,False,False,,-1,51.3878,1000
2026-06-28 04:46:00,108,B+1.5,21379,8,True,False,False,,-1,51.2567,1000
2026-06-28 04:47:11,162,B+14.5,31358,14,True,False,False,,-1,51.4314,1000
2026-06-28 04:48:05,105,B+2.5,21178,7,True,False,False,,-1,51.4461,1000
2026-06-28 04:48:57,117,W+1.5,21692,12,True,False,False,,-1,51.4304,1000
2026-06-28 04:49:40,96,B+2.5,17740,8,True,False,False,,-1,51.3744,1000
2026-06-28 04:50:32,112,B+2.5,22438,17,True,False,False,,-1,51.3655,1000
2026-06-28 04:51:41,154,B+11.5,31618,14,True,False,False,,-1,51.9004,1000
2026-06-28 04:52:43,127,W+13.5,26242,21,True,False,False,,-1,52.009,1000
2026-06-28 04:53:26,83,B+0.5,15875,8,True,False,False,,-1,51.8559,1000
2026-06-28 04:54:14,91,B+2.5,19724,4,True,False,False,,-1,52.0306,1000
2026-06-28 04:55:15,119,B+4.5,25551,14,True,False,False,,-1,52.3198,1000
2026-06-28 04:56:16,115,B+10.5,24568,15,True,False,False,,-1,52.4459,1000
2026-06-28 04:57:04,95,B+0.5,18838,6,True,False,False,,-1,52.2849,1000
2026-06-28 04:57:57,110,B+4.5,21003,8,True,False,False,,-1,52.4498,1000
2026-06-28 05:02:16,119,W+5.5,24334,13,True,False,False,,-1,52.5896,2000
2026-06-28 05:03:17,95,B+0.5,20412,5,True,False,False,,-1,52.6058,2000
2026-06-28 05:04:11,105,W+1.5,20464,10,True,False,False,,-1,52.6815,2000
2026-06-28 05:05:19,130,B+15.5,25342,8,True,False,False,,-1,52.8615,2000
2026-06-28 05:06:03,83,B+1.5,14945,3,True,False,False,,-1,52.6812,2000
2026-06-28 05:06:58,115,B+1.5,22031,16,True,False,False,,-1,52.7797,2000
2026-06-28 05:08:06,162,W+0.5,28875,30,True,False,False,,-1,53.1621,2000
2026-06-28 05:08:59,97,B+1.5,20350,7,True,False,False,,-1,53.1522,2000
2026-06-28 05:09:51,99,B+19.5,19097,3,True,False,False,,-1,53.0897,2000
2026-06-28 05:10:42,111,W+0.5,21228,11,True,False,False,,-1,52.9079,2000
2026-06-28 05:11:22,80,W+3.5,14498,4,True,False,False,,-1,52.8253,2000
2026-06-28 05:12:13,105,B+3.5,20897,9,True,False,False,,-1,52.7748,2000
2026-06-28 05:13:16,118,B+0.5,24816,11,True,False,False,,-1,52.911,2000
2026-06-28 05:13:52,61,B+1.5,11857,3,True,False,False,,-1,52.7828,2000
2026-06-28 05:14:57,120,B+0.5,26416,13,True,False,False,,-1,52.8621,2000
2026-06-28 05:16:16,158,B+0.5,32421,27,True,False,False,,-1,53.1292,2000
2026-06-28 05:16:56,79,B+6.5,14108,2,True,False,False,,-1,53.0384,2000
2026-06-28 05:17:46,107,W+2.5,19876,14,True,False,False,,-1,53.1643,2000
2026-06-28 05:18:43,115,B+6.5,22979,10,True,False,False,,-1,53.2395,2000
2026-06-28 05:19:36,113,W+1.5,21683,17,True,False,False,,-1,53.2471,2000
2026-06-28 05:20:32,106,B+5.5,22291,10,True,False,False,,-1,53.2018,2000
2026-06-28 05:21:31,122,B+1.5,24435,19,True,False,False,,-1,53.1188,2000
2026-06-28 05:22:29,101,W+16.5,21427,10,True,False,False,,-1,53.3358,2000
2026-06-28 05:23:45,149,W+8.5,32574,21,True,False,False,,-1,53.5417,2000
2026-06-28 05:24:34,90,B+1.5,18823,9,True,False,False,,-1,53.5331,2000
2026-06-28 05:25:25,87,B+2.5,18727,8,True,False,False,,-1,53.5348,2000
2026-06-28 05:26:27,137,W+6.5,28498,14,True,False,False,,-1,53.6289,2000
2026-06-28 05:27:08,77,B+2.5,13831,3,True,False,False,,-1,53.5341,2000
2026-06-28 05:28:12,123,B+13.5,24719,15,True,False,False,,-1,53.9268,2000
2026-06-28 05:29:17,131,B+3.5,25206,18,True,False,False,,-1,53.9409,2000
2026-06-28 05:30:01,77,B+2.5,15488,6,True,False,False,,-1,53.8913,2000
2026-06-28 05:30:49,105,W+2.5,19503,6,True,False,False,,-1,53.7306,2000
2026-06-28 05:31:22,52,W+11.5,11108,2,True,False,False,,-1,53.5687,2000
2026-06-28 05:32:29,131,W+10.5,27544,24,True,False,False,,-1,53.6741,2000
2026-06-28 05:33:34,133,W+2.5,27715,13,True,False,False,,-1,53.8087,2000
2026-06-28 05:34:25,100,B+0.5,20976,6,True,False,False,,-1,53.8468,2000
2026-06-28 05:35:30,133,W+4.5,26510,25,True,False,False,,-1,54.016,2000
2026-06-28 05:36:19,99,B+26.5,18160,8,True,False,False,,-1,54.0382,2000
2026-06-28 05:37:07,87,B+0.5,18005,9,True,False,False,,-1,54.0269,2000
2026-06-28 05:38:21,162,W+2.5,32305,25,True,False,False,,-1,54.3231,2000
2026-06-28 05:39:13,108,W+2.5,21201,16,True,False,False,,-1,54.2806,2000
2026-06-28 05:39:50,65,B+5.5,13040,8,True,False,False,,-1,54.1127,2000
2026-06-28 05:40:47,100,B+4.5,21693,8,True,False,False,,-1,54.1349,2000
2026-06-28 05:41:41,117,W+1.5,21416,7,True,False,False,,-1,54.1383,2000
2026-06-28 05:42:33,104,W+8.5,19752,5,True,False,False,,-1,54.1645,2000
2026-06-28 05:43:13,69,B+1.5,14388,3,True,False,False,,-1,54.2684,2000
2026-06-28 05:44:10,109,B+2.5,21310,7,True,False,False,,-1,54.2091,2000
2026-06-28 05:45:12,129,W+0.5,24528,17,True,False,False,,-1,54.204,2000
2026-06-28 05:46:08,113,W+0.5,22630,12,True,False,False,,-1,54.3013,2000
2026-06-28 05:47:05,129,W+3.5,23889,16,True,False,False,,-1,54.3229,2000
2026-06-28 05:48:10,119,W+0.5,25461,13,True,False,False,,-1,54.4279,2000
2026-06-28 05:48:26,28,W+7.5,5712,2,True,False,False,,-1,54.0755,2000
2026-06-28 05:49:05,67,B+1.5,13333,3,True,False,False,,-1,53.8766,2000
2026-06-28 05:50:21,151,W+3.5,31020,23,True,False,False,,-1,54.3386,2000
2026-06-28 05:51:34,151,W+1.5,29918,18,True,False,False,,-1,54.6366,2000
2026-06-28 05:52:26,99,W+1.5,20406,9,True,False,False,,-1,54.6853,2000
2026-06-28 05:53:30,127,W+2.5,26541,13,True,False,False,,-1,54.8359,2000
2026-06-28 05:54:13,73,B+3.5,15569,4,True,False,False,,-1,54.7373,2000
2026-06-28 05:55:02,107,W+4.5,19500,11,True,False,False,,-1,54.6641,2000
2026-06-28 05:56:03,127,W+2.5,24544,11,True,False,False,,-1,54.6963,2000
2026-06-28 05:56:52,117,W+0.5,20943,20,True,False,False,,-1,54.7971,2000
2026-06-28 05:57:41,93,B+3.5,19964,6,True,False,False,,-1,54.5399,2000
2026-06-28 05:58:41,102,W+10.5,22222,8,True,False,False,,-1,54.3972,2000
2026-06-28 05:58:58,30,W+7.5,5638,2,True,False,False,,-1,53.9773,2000
2026-06-28 06:00:04,143,W+1.5,27451,28,True,False,False,,-1,54.0834,2000
2026-06-28 06:01:06,133,W+6.5,24724,16,True,False,False,,-1,54.1268,2000
2026-06-28 06:01:56,102,W+17.5,20358,5,True,False,False,,-1,54.0251,2000
2026-06-28 06:02:55,115,W+12.5,23149,16,True,False,False,,-1,54.1379,2000
2026-06-28 06:04:02,150,B+16.5,28647,18,True,False,False,,-1,54.2362,2000
2026-06-28 06:05:04,134,B+12.5,23952,8,True,False,False,,-1,54.3167,2000
2026-06-28 06:06:00,109,W+1.5,23200,10,True,False,False,,-1,54.3479,2000
2026-06-28 06:07:06,137,W+1.5,26946,15,True,False,False,,-1,54.4688,2000
2026-06-28 06:08:11,151,W+0.5,29978,29,True,False,False,,-1,54.6149,2000
2026-06-28 06:09:06,110,W+0.5,23215,11,True,False,False,,-1,54.5588,2000
2026-06-28 06:09:25,30,W+7.5,6283,2,True,False,False,,-1,54.1759,2000
2026-06-28 06:10:02,73,B+5.5,13246,3,True,False,False,,-1,54.0205,2000
2026-06-28 06:10:48,73,B+2.5,15724,5,True,False,False,,-1,53.8697,2000
2026-06-28 06:11:46,101,B+2.5,21683,6,True,False,False,,-1,54.0368,2000
2026-06-28 06:12:47,116,B+1.5,24392,13,True,False,False,,-1,54.0649,2000
2026-06-28 06:13:42,98,B+3.5,20794,9,True,False,False,,-1,54.1257,2000
2026-06-28 06:14:44,128,B+9.5,25115,12,True,False,False,,-1,54.2843,2000
2026-06-28 06:15:45,132,B+0.5,25619,20,True,False,False,,-1,54.3028,2000
2026-06-28 06:16:42,134,B+1.5,24036,20,True,False,False,,-1,54.3345,2000
2026-06-28 06:17:32,99,B+0.5,19703,10,True,False,False,,-1,54.6054,2000
2026-06-28 06:18:36,118,B+5.5,25767,14,True,False,False,,-1,54.6713,2000
2026-06-28 06:19:28,111,B+0.5,19964,13,True,False,False,,-1,54.6961,2000
2026-06-28 06:20:28,117,B+1.5,24128,10,True,False,False,,-1,54.5913,2000
2026-06-28 06:21:31,129,W+3.5,25695,15,True,False,False,,-1,54.6737,2000
2026-06-28 06:22:28,117,W+1.5,23476,18,True,False,False,,-1,54.7301,2000
2026-06-28 06:23:24,113,W+3.5,23704,12,True,False,False,,-1,54.8513,2000
2026-06-28 06:24:02,83,B+3.5,14787,6,True,False,False,,-1,54.7238,2000
2026-06-28 06:25:08,127,B+3.5,25364,15,True,False,False,,-1,54.6881,2000
2026-06-28 06:26:05,115,B+13.5,23223,6,True,False,False,,-1,54.6374,2000
2026-06-28 06:26:24,34,W+7.5,6409,2,True,False,False,,-1,54.3986,2000
2026-06-28 06:27:08,83,B+0.5,16027,5,True,False,False,,-1,54.3554,2000
2026-06-28 06:27:55,81,B+4.5,16830,10,True,False,False,,-1,54.2197,2000
2026-06-28 06:29:11,155,W+3.5,30544,29,True,False,False,,-1,54.367,2000
2026-06-28 06:29:59,89,B+1.5,17615,15,True,False,False,,-1,54.3662,2000
2026-06-28 06:30:52,93,B+1.5,19079,7,True,False,False,,-1,54.3599,2000
2026-06-28 06:32:12,155,W+5.5,32833,24,True,False,False,,-1,54.5828,2000
2026-06-28 06:32:47,65,B+6.5,12240,5,True,False,False,,-1,54.2978,2000
2026-06-28 06:33:46,118,B+18.5,24325,15,True,False,False,,-1,54.2854,2000
2026-06-28 06:34:42,119,W+3.5,22998,19,True,False,False,,-1,54.304,2000
2026-06-28 06:35:39,111,W+1.5,24116,15,True,False,False,,-1,54.1972,2000
2026-06-28 06:36:46,138,B+1.5,27073,21,True,False,False,,-1,54.4322,2000
2026-06-28 06:38:01,151,W+2.5,32103,29,True,False,False,,-1,54.6311,2000
2026-06-28 06:38:46,89,B+0.5,15665,6,True,False,False,,-1,54.3872,2000
2026-06-28 06:39:49,119,W+0.5,25723,17,True,False,False,,-1,54.5054,2000
2026-06-28 06:40:38,93,B+0.5,17583,7,True,False,False,,-1,54.4647,2000
2026-06-28 06:41:27,97,W+2.5,18272,12,True,False,False,,-1,54.4482,2000
2026-06-28 06:42:29,120,B+0.5,24578,15,True,False,False,,-1,54.6734,2000
2026-06-28 06:43:24,101,B+7.5,20526,9,True,False,False,,-1,54.6986,2000
2026-06-28 06:44:20,103,W+1.5,21183,9,True,False,False,,-1,54.6312,2000
2026-06-28 06:45:09,103,B+1.5,18631,8,True,False,False,,-1,54.7683,2000
2026-06-28 06:46:17,137,W+7.5,28549,27,True,False,False,,-1,54.797,2000
2026-06-28 06:47:00,65,B+6.5,14724,5,True,False,False,,-1,54.4406,2000
2026-06-28 06:48:19,149,W+12.5,31277,22,True,False,False,,-1,54.8294,2000
2026-06-28 06:49:13,114,B+9.5,20886,8,True,False,False,,-1,54.8656,2000
2026-06-28 06:49:57,79,B+5.5,15490,2,True,False,False,,-1,54.7317,2000
2026-06-28 06:50:48,98,B+2.5,19507,8,True,False,False,,-1,54.7111,2000
2026-06-28 06:51:48,131,B+6.5,26047,14,True,False,False,,-1,54.7576,2000
2026-06-28 06:52:47,115,W+0.5,23242,14,True,False,False,,-1,54.7486,2000
2026-06-28 06:53:47,121,W+1.5,25554,13,True,False,False,,-1,54.773,2000
2026-06-28 06:54:50,145,W+23.5,28191,17,True,False,False,,-1,54.648,2000
2026-06-28 06:55:40,110,B+3.5,20709,7,True,False,False,,-1,54.664,2000
2026-06-28 06:56:20,70,W+16.5,13221,3,True,False,False,,-1,54.5411,2000
2026-06-28 06:57:16,118,W+2.5,23312,17,True,False,False,,-1,54.4816,2000
2026-06-28 06:58:04,87,B+2.5,17823,4,True,False,False,,-1,54.558,2000
2026-06-28 06:59:02,127,B+4.5,22389,12,True,False,False,,-1,54.4996,2000
2026-06-28 06:59:14,20,W+7.5,3805,2,True,False,False,,-1,53.9723,2000
2026-06-28 07:00:19,130,B+14.5,27504,11,True,False,False,,-1,54.1727,2000
2026-06-28 07:01:15,123,W+6.5,23442,20,True,False,False,,-1,54.2569,2000
2026-06-28 07:02:14,115,W+2.5,22205,10,True,False,False,,-1,54.5114,2000
2026-06-28 07:03:10,107,B+9.5,23207,9,True,False,False,,-1,54.4077,2000
2026-06-28 07:04:14,139,W+0.5,27251,27,True,False,False,,-1,54.3997,2000
2026-06-28 07:05:16,109,B+2.5,23245,13,True,False,False,,-1,54.5041,2000
2026-06-28 07:06:15,119,W+11.5,23427,16,True,False,False,,-1,54.4445,2000
2026-06-28 07:06:44,46,W+5.5,9809,2,True,False,False,,-1,54.2481,2000
2026-06-28 07:07:39,108,B+0.5,22172,8,True,False,False,,-1,54.3181,2000
2026-06-28 07:08:31,108,W+2.5,20970,17,True,False,False,,-1,54.1002,2000
2026-06-28 07:09:45,143,W+2.5,31079,18,True,False,False,,-1,54.3148,2000
2026-06-28 07:10:11,44,W+2.5,8504,2,True,False,False,,-1,54.2061,2000
2026-06-28 07:11:12,137,W+2.5,25844,17,True,False,False,,-1,54.2432,2000
2026-06-28 07:12:25,148,B+1.5,30577,13,True,False,False,,-1,54.4337,2000
2026-06-28 07:13:16,91,B+3.5,18147,9,True,False,False,,-1,54.4263,2000
2026-06-28 07:13:43,42,W+8.5,9222,2,True,False,False,,-1,54.2957,2000
2026-06-28 07:14:38,115,W+8.5,21907,18,True,False,False,,-1,54.2802,2000
2026-06-28 07:15:30,108,B+19.5,20205,5,True,False,False,,-1,54.1805,2000
2026-06-28 07:16:26,120,W+0.5,23567,10,True,False,False,,-1,54.176,2000
2026-06-28 07:17:29,126,B+1.5,25154,12,True,False,False,,-1,54.233,2000
2026-06-28 07:18:23,106,W+6.5,21765,12,True,False,False,,-1,54.1247,2000
2026-06-28 07:19:14,95,B+6.5,20100,4,True,False,False,,-1,54.4746,2000
2026-06-28 07:20:08,100,W+11.5,20103,12,True,False,False,,-1,54.6328,2000
2026-06-28 07:21:03,99,W+2.5,20786,8,True,False,False,,-1,54.4167,2000
2026-06-28 07:21:55,107,B+10.5,21652,8,True,False,False,,-1,54.2137,2000
2026-06-28 07:22:45,107,W+5.5,21241,12,True,False,False,,-1,54.1862,2000
2026-06-28 07:24:02,161,W+4.5,33049,35,True,False,False,,-1,54.3084,2000
2026-06-28 07:24:31,52,W+5.5,10435,2,True,False,False,,-1,54.1756,2000
2026-06-28 07:25:42,137,W+9.5,28762,16,True,False,False,,-1,54.3909,2000
2026-06-28 07:26:34,109,W+1.5,20237,14,True,False,False,,-1,54.3074,2000
2026-06-28 07:27:22,93,B+2.5,17643,14,True,False,False,,-1,54.2947,2000
2026-06-28 07:28:16,104,B+2.5,21267,15,True,False,False,,-1,54.3411,2000
2026-06-28 07:29:18,129,W+2.5,26392,25,True,False,False,,-1,54.3674,2000
2026-06-28 07:30:17,121,W+11.5,23198,17,True,False,False,,-1,54.7858,2000
2026-06-28 07:31:26,137,W+5.5,29314,21,True,False,False,,-1,54.8161,2000
2026-06-28 07:32:17,96,B+0.5,19661,9,True,False,False,,-1,54.7075,2000
2026-06-28 07:33:25,143,W+1.5,28202,26,True,False,False,,-1,54.883,2000
2026-06-28 07:34:10,91,B+0.5,16044,8,True,False,False,,-1,54.7501,2000
2026-06-28 07:35:03,101,B+9.5,20007,11,True,False,False,,-1,54.6094,2000
2026-06-28 07:35:54,107,W+2.5,20076,10,True,False,False,,-1,54.4992,2000
2026-06-28 07:36:53,103,W+2.5,22052,9,True,False,False,,-1,54.5363,2000
2026-06-28 07:37:24,59,B+0.5,10308,3,True,False,False,,-1,54.1808,2000
2026-06-28 07:37:58,52,W+11.5,11696,2,True,False,False,,-1,53.8638,2000
2026-06-28 07:38:58,118,B+3.5,24674,15,True,False,False,,-1,53.9138,2000
2026-06-28 07:40:03,132,B+0.5,26764,18,True,False,False,,-1,54.3727,2000
2026-06-28 07:40:53,109,B+3.5,20180,16,True,False,False,,-1,54.5053,2000
2026-06-28 07:44:38,111,W+3.5,23412,21,True,False,False,,-1,54.5289,3000
2026-06-28 07:45:45,116,B+14.5,26559,21,True,False,False,,-1,54.587,3000
2026-06-28 07:46:34,93,B+5.5,18258,11,True,False,False,,-1,54.5343,3000
2026-06-28 07:47:15,65,B+5.5,13732,2,True,False,False,,-1,54.3162,3000
2026-06-28 07:48:03,95,B+6.5,19543,6,True,False,False,,-1,54.1981,3000
2026-06-28 07:48:58,103,W+2.5,21186,11,True,False,False,,-1,54.1759,3000
2026-06-28 07:49:49,107,W+7.5,20461,12,True,False,False,,-1,54.1879,3000
2026-06-28 07:50:30,69,B+1.5,14446,5,True,False,False,,-1,53.9529,3000
2026-06-28 07:51:32,135,B+0.5,25176,16,True,False,False,,-1,54.0544,3000
2026-06-28 07:52:36,141,B+33.5,27366,8,True,False,False,,-1,54.0944,3000
2026-06-28 07:53:21,87,W+1.5,17814,7,True,False,False,,-1,53.9122,3000
2026-06-28 07:54:18,128,B+1.5,24821,12,True,False,False,,-1,53.9159,3000
2026-06-28 07:55:16,125,W+4.5,24493,18,True,False,False,,-1,53.9306,3000
2026-06-28 07:55:58,79,B+2.5,15171,3,True,False,False,,-1,53.9674,3000
2026-06-28 07:56:45,83,B+4.5,17408,9,True,False,False,,-1,53.785,3000
2026-06-28 07:57:42,107,B+1.5,21451,6,True,False,False,,-1,53.7814,3000
2026-06-28 07:58:36,103,W+3.5,21458,16,True,False,False,,-1,54.1349,3000
2026-06-28 07:59:41,130,B+1.5,28357,14,True,False,False,,-1,54.3373,3000
2026-06-28 08:00:35,114,B+3.5,21182,13,True,False,False,,-1,54.4129,3000
2026-06-28 08:01:38,113,B+1.5,25169,10,True,False,False,,-1,54.275,3000
2026-06-28 08:02:18,80,B+7.5,15423,3,True,False,False,,-1,54.2046,3000
2026-06-28 08:03:02,77,B+0.5,15324,4,True,False,False,,-1,54.1163,3000
2026-06-28 08:03:47,93,B+1.5,18140,10,True,False,False,,-1,53.7661,3000
2026-06-28 08:04:40,104,B+3.5,21115,10,True,False,False,,-1,53.944,3000
2026-06-28 08:05:33,97,B+2.5,21748,10,True,False,False,,-1,53.8871,3000
2026-06-28 08:06:30,113,W+0.5,22704,16,True,False,False,,-1,53.8957,3000
2026-06-28 08:07:10,71,B+0.5,13511,5,True,False,False,,-1,53.7154,3000
2026-06-28 08:08:03,118,B+1.5,23373,12,True,False,False,,-1,53.5793,3000
2026-06-28 08:09:18,162,W+4.5,34657,33,True,False,False,,-1,53.5844,3000
2026-06-28 08:09:57,79,B+0.5,14514,6,True,False,False,,-1,53.5323,3000
2026-06-28 08:10:38,67,B+0.5,14727,2,True,False,False,,-1,53.296,3000
2026-06-28 08:11:34,111,B+5.5,23328,12,True,False,False,,-1,53.379,3000
2026-06-28 08:12:24,105,B+2.5,20301,5,True,False,False,,-1,53.3844,3000
2026-06-28 08:13:30,137,W+0.5,29109,21,True,False,False,,-1,53.4161,3000
2026-06-28 08:14:14,87,B+2.5,17295,11,True,False,False,,-1,53.3199,3000
2026-06-28 08:15:11,118,B+0.5,24817,9,True,False,False,,-1,53.3293,3000
2026-06-28 08:16:01,108,B+1.5,20831,10,True,False,False,,-1,53.3368,3000
2026-06-28 08:16:55,97,W+1.5,22577,15,True,False,False,,-1,53.186,3000
2026-06-28 08:17:38,92,B+7.5,16467,7,True,False,False,,-1,53.1845,3000
2026-06-28 08:18:35,125,W+1.5,24137,23,True,False,False,,-1,52.9686,3000
2026-06-28 08:19:25,116,B+5.5,22378,10,True,False,False,,-1,52.9368,3000
2026-06-28 08:20:19,96,B+3.5,21377,10,True,False,False,,-1,53.0361,3000
2026-06-28 08:21:11,107,W+4.5,21701,15,True,False,False,,-1,53.0501,3000
2026-06-28 08:22:07,125,B+0.5,25529,18,True,False,False,,-1,53.0034,3000
2026-06-28 08:22:52,101,W+2.5,18731,16,True,False,False,,-1,52.8651,3000
2026-06-28 08:23:45,113,W+0.5,22332,14,True,False,False,,-1,52.7954,3000
2026-06-28 08:24:46,124,B+4.5,25084,23,True,False,False,,-1,52.7735,3000
2026-06-28 08:25:41,113,B+3.5,23597,12,True,False,False,,-1,52.817,3000
2026-06-28 08:26:30,106,B+0.5,21073,11,True,False,False,,-1,52.9161,3000
2026-06-28 08:27:25,104,B+5.5,21753,14,True,False,False,,-1,52.9048,3000
2026-06-28 08:28:17,107,W+3.5,21335,14,True,False,False,,-1,52.945,3000
2026-06-28 08:29:03,93,W+3.5,18684,9,True,False,False,,-1,52.8174,3000
2026-06-28 08:29:51,108,B+2.5,20178,11,True,False,False,,-1,53.1841,3000
2026-06-28 08:30:36,97,W+3.5,17464,10,True,False,False,,-1,52.9798,3000
2026-06-28 08:31:28,110,B+1.5,21491,9,True,False,False,,-1,52.9396,3000
2026-06-28 08:32:15,101,B+1.5,18581,6,True,False,False,,-1,52.8213,3000
2026-06-28 08:33:08,121,B+2.5,22518,19,True,False,False,,-1,52.7959,3000
2026-06-28 08:34:14,135,W+3.5,27817,19,True,False,False,,-1,52.8129,3000
2026-06-28 08:35:20,146,W+0.5,29926,33,True,False,False,,-1,52.851,3000
2026-06-28 08:35:58,73,B+1.5,13523,3,True,False,False,,-1,52.6451,3000
2026-06-28 08:36:34,61,B+0.5,12606,4,True,False,False,,-1,52.7089,3000
2026-06-28 08:37:51,149,W+0.5,32929,22,True,False,False,,-1,52.9328,3000
2026-06-28 08:38:54,120,W+0.5,26960,16,True,False,False,,-1,53.0353,3000
2026-06-28 08:39:37,89,W+0.5,16857,10,True,False,False,,-1,52.7352,3000
2026-06-28 08:40:16,77,B+2.5,14511,6,True,False,False,,-1,52.8657,3000
2026-06-28 08:41:06,105,W+1.5,20879,15,True,False,False,,-1,52.7571,3000
2026-06-28 08:41:47,86,B+6.5,15497,5,True,False,False,,-1,52.4304,3000
2026-06-28 08:42:40,101,W+1.5,20144,8,True,False,False,,-1,52.4531,3000
2026-06-28 08:43:31,112,B+3.5,20839,11,True,False,False,,-1,52.6927,3000
2026-06-28 08:44:11,77,B+4.5,14590,13,True,False,False,,-1,52.543,3000
2026-06-28 08:45:14,112,W+0.5,24338,13,True,False,False,,-1,52.6494,3000
2026-06-28 08:45:50,63,B+0.5,12333,3,True,False,False,,-1,52.4502,3000
2026-06-28 08:46:40,117,W+1.5,22412,19,True,False,False,,-1,52.3284,3000
2026-06-28 08:47:25,95,W+3.5,18811,10,True,False,False,,-1,52.2418,3000
2026-06-28 08:48:28,117,B+2.5,26209,13,True,False,False,,-1,52.3475,3000
2026-06-28 08:49:03,61,B+0.5,11753,2,True,False,False,,-1,52.1546,3000
2026-06-28 08:50:05,124,W+3.5,26457,24,True,False,False,,-1,52.227,3000
2026-06-28 08:50:57,111,W+0.5,20737,10,True,False,False,,-1,52.2239,3000
2026-06-28 08:51:51,115,W+2.5,22500,18,True,False,False,,-1,52.2748,3000
2026-06-28 08:52:49,116,B+5.5,23380,18,True,False,False,,-1,52.0903,3000
2026-06-28 08:53:43,121,W+0.5,23953,17,True,False,False,,-1,52.3315,3000
2026-06-28 08:54:33,108,B+4.5,21111,10,True,False,False,,-1,52.1253,3000
2026-06-28 08:55:24,95,B+9.5,18347,9,True,False,False,,-1,52.1122,3000
2026-06-28 08:56:11,83,B+6.5,17962,13,True,False,False,,-1,52.1,3000
2026-06-28 08:57:03,116,B+8.5,21860,11,True,False,False,,-1,52.0845,3000
2026-06-28 08:57:51,101,W+1.5,19182,5,True,False,False,,-1,51.9359,3000
2026-06-28 08:58:30,75,B+1.5,14362,9,True,False,False,,-1,51.7403,3000
2026-06-28 08:59:12,83,B+2.5,15617,6,True,False,False,,-1,51.4777,3000
2026-06-28 08:59:50,75,B+3.5,14278,2,True,False,False,,-1,51.3456,3000
2026-06-28 09:00:44,111,B+0.5,22107,12,True,False,False,,-1,51.2008,3000
2026-06-28 09:01:41,115,W+3.5,24931,16,True,False,False,,-1,51.3257,3000
2026-06-28 09:02:34,111,B+7.5,21338,7,True,False,False,,-1,51.3188,3000
2026-06-28 09:03:12,69,B+0.5,13747,7,True,False,False,,-1,51.194,3000
2026-06-28 09:04:01,112,B+6.5,20622,11,True,False,False,,-1,51.0861,3000
2026-06-28 09:04:56,120,B+3.5,22596,13,True,False,False,,-1,51.3311,3000
2026-06-28 09:05:52,119,W+2.5,23992,15,True,False,False,,-1,51.5509,3000
2026-06-28 09:06:41,97,B+0.5,18870,16,True,False,False,,-1,51.4455,3000
2026-06-28 09:07:33,98,W+2.5,20914,6,True,False,False,,-1,51.3157,3000
2026-06-28 09:08:23,95,W+2.5,19424,5,True,False,False,,-1,51.3056,3000
2026-06-28 09:09:13,109,W+6.5,21947,14,True,False,False,,-1,51.311,3000
2026-06-28 09:10:02,95,W+7.5,19800,9,True,False,False,,-1,51.2377,3000
2026-06-28 09:10:57,113,B+0.5,22227,14,True,False,False,,-1,51.1256,3000
2026-06-28 09:11:48,104,W+1.5,19708,14,True,False,False,,-1,51.1329,3000
2026-06-28 09:12:40,115,B+0.5,21844,14,True,False,False,,-1,51.2472,3000
2026-06-28 09:13:23,89,W+0.5,16449,7,True,False,False,,-1,51.1892,3000
2026-06-28 09:14:40,162,W+16.5,33189,23,True,False,False,,-1,51.4154,3000
2026-06-28 09:15:43,124,B+5.5,24431,18,True,False,False,,-1,51.5321,3000
2026-06-28 09:16:49,143,B+46.5,28013,18,True,False,False,,-1,51.7881,3000
2026-06-28 09:17:29,81,B+5.5,14896,4,True,False,False,,-1,51.5679,3000
2026-06-28 09:18:05,61,B+5.5,12548,6,True,False,False,,-1,51.2836,3000
2026-06-28 09:19:02,112,B+1.5,23319,11,True,False,False,,-1,51.4095,3000
2026-06-28 09:20:14,162,W+20.5,31092,33,True,False,False,,-1,51.5564,3000
2026-06-28 09:21:05,107,B+0.5,19996,12,True,False,False,,-1,51.4884,3000
2026-06-28 09:21:58,105,W+2.5,21122,8,True,False,False,,-1,51.5981,3000
2026-06-28 09:22:43,99,W+1.5,18336,7,True,False,False,,-1,51.5752,3000
2026-06-28 09:23:22,73,B+5.5,13295,4,True,False,False,,-1,51.3988,3000
2026-06-28 09:24:16,108,B+3.5,21177,13,True,False,False,,-1,51.3958,3000
2026-06-28 09:24:41,45,B+1.5,8718,2,True,False,False,,-1,51.0009,3000
2026-06-28 09:25:31,104,B+0.5,19960,15,True,False,False,,-1,50.953,3000
2026-06-28 09:26:34,139,W+2.5,26968,28,True,False,False,,-1,50.9569,3000
2026-06-28 09:27:23,113,W+2.5,21814,17,True,False,False,,-1,51.0495,3000
2026-06-28 09:28:23,121,W+1.5,25267,15,True,False,False,,-1,51.2034,3000
2026-06-28 09:29:19,121,W+0.5,22872,14,True,False,False,,-1,51.3152,3000
2026-06-28 09:30:10,107,B+3.5,21723,12,True,False,False,,-1,51.2946,3000
2026-06-28 09:31:08,108,B+2.5,23348,10,True,False,False,,-1,51.3434,3000
2026-06-28 09:32:03,111,W+0.5,22952,10,True,False,False,,-1,51.3168,3000
2026-06-28 09:32:42,71,B+4.5,14095,6,True,False,False,,-1,51.3218,3000
2026-06-28 09:33:27,95,W+0.5,17837,9,True,False,False,,-1,51.2365,3000
2026-06-28 09:34:16,109,W+2.5,20860,16,True,False,False,,-1,50.9737,3000
2026-06-28 09:35:04,86,B+7.5,18336,5,True,False,False,,-1,51.0609,3000
2026-06-28 09:36:01,113,W+10.5,23116,14,True,False,False,,-1,51.2319,3000
2026-06-28 09:36:48,95,W+4.5,18542,7,True,False,False,,-1,51.1371,3000
2026-06-28 09:37:37,103,W+9.5,20557,12,True,False,False,,-1,51.1232,3000
2026-06-28 09:38:25,93,B+1.5,18598,9,True,False,False,,-1,50.9486,3000
2026-06-28 09:38:56,57,B+1.5,11374,2,True,False,False,,-1,50.8137,3000
2026-06-28 09:39:56,119,W+2.5,23614,12,True,False,False,,-1,50.8369,3000
2026-06-28 09:40:36,73,B+1.5,14785,4,True,False,False,,-1,50.7461,3000
2026-06-28 09:41:30,116,B+2.5,23006,14,True,False,False,,-1,50.747,3000
2026-06-28 09:42:28,103,W+7.5,22191,8,True,False,False,,-1,50.8967,3000
2026-06-28 09:43:16,83,B+5.5,17254,5,True,False,False,,-1,50.8086,3000
2026-06-28 09:44:17,129,W+3.5,24005,12,True,False,False,,-1,50.916,3000
2026-06-28 09:45:09,114,B+1.5,20745,10,True,False,False,,-1,50.8981,3000
2026-06-28 09:45:55,90,W+0.5,18324,9,True,False,False,,-1,50.8346,3000
2026-06-28 09:46:49,100,B+7.5,21710,8,True,False,False,,-1,50.81,3000
2026-06-28 09:47:43,111,W+0.5,22228,17,True,False,False,,-1,50.9057,3000
2026-06-28 09:48:21,67,B+2.5,13898,4,True,False,False,,-1,50.7522,3000
2026-06-28 09:49:18,115,W+4.5,23101,22,True,False,False,,-1,50.7129,3000
2026-06-28 09:50:04,89,W+2.5,17501,8,True,False,False,,-1,50.632,3000
2026-06-28 09:50:47,75,B+3.5,15494,7,True,False,False,,-1,50.5675,3000
2026-06-28 09:51:38,111,W+0.5,21335,11,True,False,False,,-1,50.5244,3000
2026-06-28 09:52:37,125,W+2.5,25011,14,True,False,False,,-1,50.5987,3000
2026-06-28 09:53:35,117,W+2.5,24373,19,True,False,False,,-1,50.7151,3000
2026-06-28 09:54:37,140,B+31.5,24877,14,True,False,False,,-1,50.851,3000
2026-06-28 09:55:29,124,B+10.5,22464,17,True,False,False,,-1,50.929,3000
2026-06-28 09:56:07,71,B+1.5,13868,4,True,False,False,,-1,50.7883,3000
2026-06-28 09:56:53,99,W+2.5,18682,6,True,False,False,,-1,50.7832,3000
2026-06-28 09:58:07,162,B+0.5,33337,20,True,False,False,,-1,50.9801,3000
2026-06-28 09:59:05,125,W+0.5,24322,13,True,False,False,,-1,50.9029,3000
2026-06-28 10:00:00,124,W+5.5,24607,15,True,False,False,,-1,50.794,3000
2026-06-28 10:00:52,109,W+0.5,20548,9,True,False,False,,-1,50.9301,3000
2026-06-28 10:01:58,138,B+1.5,27312,15,True,False,False,,-1,51.2355,3000
2026-06-28 10:02:55,123,W+1.5,23478,21,True,False,False,,-1,51.0378,3000
2026-06-28 10:04:10,162,W+5.5,31951,40,True,False,False,,-1,51.156,3000
2026-06-28 10:05:07,133,W+0.5,25271,18,True,False,False,,-1,51.291,3000
2026-06-28 10:05:57,101,B+6.5,19837,5,True,False,False,,-1,51.4057,3000
2026-06-28 10:06:36,65,B+0.5,13044,3,True,False,False,,-1,51.2911,3000
2026-06-28 10:07:22,79,B+1.5,17004,8,True,False,False,,-1,51.3452,3000
2026-06-28 10:08:37,162,W+8.5,32848,34,True,False,False,,-1,51.5707,3000
2026-06-28 10:09:29,113,W+2.5,21442,15,True,False,False,,-1,51.5695,3000
2026-06-28 10:10:30,133,W+6.5,27578,25,True,False,False,,-1,51.7801,3000
2026-06-28 10:11:22,91,B+17.5,19823,10,True,False,False,,-1,51.6814,3000
2026-06-28 10:12:05,81,B+5.5,15472,6,True,False,False,,-1,51.7541,3000
2026-06-28 10:12:57,96,W+3.5,19270,9,True,False,False,,-1,51.7617,3000
2026-06-28 10:13:40,87,B+14.5,16494,3,True,False,False,,-1,51.7434,3000
2026-06-28 10:16:40,71,B+1.5,14492,3,True,False,False,,-1,51.6078,4000
2026-06-28 10:17:44,151,W+2.5,28743,30,True,False,False,,-1,51.6268,4000
2026-06-28 10:18:41,115,W+2.5,22012,22,True,False,False,,-1,51.6743,4000
2026-06-28 10:19:26,89,W+4.5,17670,13,True,False,False,,-1,51.5829,4000
2026-06-28 10:20:09,71,B+2.5,15836,10,True,False,False,,-1,51.4267,4000
2026-06-28 10:21:07,135,W+5.5,25631,23,True,False,False,,-1,51.4712,4000
2026-06-28 10:22:02,108,B+4.5,21690,7,True,False,False,,-1,51.5228,4000
2026-06-28 10:23:00,101,B+3.5,22221,11,True,False,False,,-1,51.5932,4000
2026-06-28 10:23:48,91,B+2.5,18674,8,True,False,False,,-1,51.6038,4000
2026-06-28 10:24:43,116,B+2.5,22928,16,True,False,False,,-1,51.6277,4000
2026-06-28 10:25:42,130,B+1.5,24857,20,True,False,False,,-1,51.7419,4000
2026-06-28 10:26:31,95,W+4.5,19655,10,True,False,False,,-1,51.8444,4000
2026-06-28 10:27:17,102,B+1.5,18265,17,True,False,False,,-1,51.8738,4000
2026-06-28 10:28:28,155,W+1.5,30602,30,True,False,False,,-1,52.2082,4000
2026-06-28 10:29:28,118,B+1.5,24105,21,True,False,False,,-1,52.268,4000
2026-06-28 10:30:17,92,B+7.5,20538,9,True,False,False,,-1,52.1932,4000
2026-06-28 10:31:25,137,B+38.5,27375,7,True,False,False,,-1,52.3478,4000
2026-06-28 10:32:17,103,W+2.5,20487,18,True,False,False,,-1,52.4768,4000
2026-06-28 10:33:15,107,W+2.5,22804,7,True,False,False,,-1,52.5734,4000
2026-06-28 10:34:05,95,W+1.5,20164,12,True,False,False,,-1,52.518,4000
2026-06-28 10:34:48,94,B+3.5,17391,7,True,False,False,,-1,52.3884,4000
2026-06-28 10:35:38,119,W+7.5,21226,22,True,False,False,,-1,52.402,4000
2026-06-28 10:36:30,118,B+2.5,22348,15,True,False,False,,-1,52.399,4000
2026-06-28 10:37:22,116,B+4.5,21458,10,True,False,False,,-1,52.4265,4000
2026-06-28 10:38:26,139,W+0.5,28105,24,True,False,False,,-1,52.5647,4000
2026-06-28 10:39:18,105,B+2.5,21018,13,True,False,False,,-1,52.5879,4000
2026-06-28 10:40:27,125,W+3.5,28110,12,True,False,False,,-1,52.7235,4000
2026-06-28 10:41:10,85,B+6.5,16131,10,True,False,False,,-1,52.654,4000
2026-06-28 10:41:51,83,B+3.5,15542,11,True,False,False,,-1,52.5435,4000
2026-06-28 10:42:49,143,W+1.5,24768,26,True,False,False,,-1,52.6964,4000
2026-06-28 10:43:41,120,B+8.5,20837,11,True,False,False,,-1,52.4457,4000
2026-06-28 10:44:43,115,W+0.5,26065,19,True,False,False,,-1,52.4301,4000
2026-06-28 10:45:29,105,W+0.5,18815,16,True,False,False,,-1,52.2334,4000
2026-06-28 10:46:17,100,B+0.5,18596,8,True,False,False,,-1,52.3086,4000
2026-06-28 10:47:16,123,W+1.5,24163,17,True,False,False,,-1,52.5422,4000
2026-06-28 10:48:20,133,W+0.5,27279,28,True,False,False,,-1,52.6101,4000
2026-06-28 10:49:10,120,B+2.5,21235,11,True,False,False,,-1,52.3887,4000
2026-06-28 10:50:12,115,W+0.5,25812,17,True,False,False,,-1,52.5008,4000
2026-06-28 10:51:25,149,W+4.5,33093,30,True,False,False,,-1,52.7015,4000
2026-06-28 10:51:43,28,W+7.5,6052,2,True,False,False,,-1,52.4296,4000
2026-06-28 10:52:20,80,W+0.5,14444,3,True,False,False,,-1,52.4142,4000
2026-06-28 10:53:02,76,W+0.5,15123,8,True,False,False,,-1,52.2967,4000
2026-06-28 10:54:17,162,B+4.5,30675,32,True,False,False,,-1,52.7955,4000
2026-06-28 10:55:10,96,B+0.5,20365,5,True,False,False,,-1,52.8214,4000
2026-06-28 10:56:08,130,B+1.5,25657,17,True,False,False,,-1,52.774,4000
2026-06-28 10:57:05,124,B+1.5,25565,20,True,False,False,,-1,52.85,4000
2026-06-28 10:57:41,67,B+4.5,13271,3,True,False,False,,-1,52.615,4000
2026-06-28 10:58:36,116,B+1.5,23156,12,True,False,False,,-1,52.5996,4000
2026-06-28 10:59:45,156,B+14.5,30911,33,True,False,False,,-1,52.7819,4000
2026-06-28 11:00:36,113,W+1.5,21783,18,True,False,False,,-1,52.7142,4000
2026-06-28 11:01:29,103,W+0.5,21234,9,True,False,False,,-1,52.7012,4000
2026-06-28 11:02:29,137,B+4.5,26631,21,True,False,False,,-1,52.9036,4000
2026-06-28 11:03:15,92,B+1.5,17495,8,True,False,False,,-1,52.916,4000
2026-06-28 11:04:22,136,B+6.5,29255,24,True,False,False,,-1,53.0952,4000
2026-06-28 11:05:28,127,W+1.5,27933,28,True,False,False,,-1,53.2774,4000
2026-06-28 11:06:25,124,B+2.5,24737,12,True,False,False,,-1,53.2659,4000
2026-06-28 11:07:28,125,W+2.5,26459,16,True,False,False,,-1,53.4351,4000
2026-06-28 11:08:26,111,W+2.5,22611,14,True,False,False,,-1,53.5239,4000
2026-06-28 11:09:29,124,B+12.5,26144,15,True,False,False,,-1,53.6733,4000
2026-06-28 11:10:19,112,B+7.5,21033,15,True,False,False,,-1,53.8643,4000
2026-06-28 11:11:00,79,B+2.5,15184,5,True,False,False,,-1,53.6753,4000
2026-06-28 11:11:55,114,B+1.5,22783,15,True,False,False,,-1,53.8185,4000
2026-06-28 11:12:46,107,W+2.5,21003,6,True,False,False,,-1,53.8006,4000
2026-06-28 11:13:51,131,W+1.5,27525,20,True,False,False,,-1,53.8675,4000
2026-06-28 11:14:48,119,W+2.5,23168,17,True,False,False,,-1,53.957,4000
2026-06-28 11:15:56,153,W+8.5,31520,32,True,False,False,,-1,54.0265,4000
2026-06-28 11:16:54,134,B+15.5,25049,19,True,False,False,,-1,54.0814,4000
2026-06-28 11:17:43,91,B+6.5,18680,8,True,False,False,,-1,54.1069,4000
2026-06-28 11:18:40,116,B+3.5,23014,17,True,False,False,,-1,54.1471,4000
2026-06-28 11:19:38,127,W+0.5,25224,15,True,False,False,,-1,54.1833,4000
2026-06-28 11:20:14,69,B+0.5,13090,7,True,False,False,,-1,54.1607,4000
2026-06-28 11:21:08,124,B+1.5,24070,25,True,False,False,,-1,54.1321,4000
2026-06-28 11:22:06,122,B+2.5,25308,17,True,False,False,,-1,54.2488,4000
2026-06-28 11:22:56,103,W+3.5,21043,14,True,False,False,,-1,54.315,4000
2026-06-28 11:23:57,129,W+0.5,25893,23,True,False,False,,-1,54.4277,4000
2026-06-28 11:24:33,75,B+4.5,13283,6,True,False,False,,-1,54.1891,4000
2026-06-28 11:25:20,85,B+0.5,18385,12,True,False,False,,-1,54.0818,4000
2026-06-28 11:26:12,99,W+2.5,20512,11,True,False,False,,-1,53.9875,4000
2026-06-28 11:27:24,144,B+6.5,29309,23,True,False,False,,-1,54.1843,4000
2026-06-28 11:28:17,106,B+0.5,20797,6,True,False,False,,-1,54.3274,4000
2026-06-28 11:29:10,102,B+1.5,21281,9,True,False,False,,-1,54.3961,4000
2026-06-28 11:30:14,153,W+1.5,29313,35,True,False,False,,-1,54.308,4000
2026-06-28 11:31:01,85,B+2.5,16754,11,True,False,False,,-1,54.2012,4000
2026-06-28 11:32:05,129,W+2.5,27415,15,True,False,False,,-1,54.2884,4000
2026-06-28 11:32:53,111,W+1.5,21015,15,True,False,False,,-1,54.2487,4000
2026-06-28 11:33:40,83,B+0.5,16556,12,True,False,False,,-1,54.0485,4000
2026-06-28 11:34:29,110,B+3.5,19291,11,True,False,False,,-1,53.9733,4000
2026-06-28 11:35:23,109,W+1.5,22377,16,True,False,False,,-1,53.7679,4000
2026-06-28 11:36:15,110,B+1.5,21552,14,True,False,False,,-1,53.7198,4000
2026-06-28 11:37:07,89,B+0.5,19130,10,True,False,False,,-1,53.7297,4000
2026-06-28 11:38:19,148,B+9.5,31325,16,True,False,False,,-1,54.0634,4000
2026-06-28 11:39:15,121,W+3.5,23337,25,True,False,False,,-1,54.1607,4000
2026-06-28 11:39:54,69,B+2.5,14279,3,True,False,False,,-1,53.8046,4000
2026-06-28 11:40:54,133,W+0.5,25909,26,True,False,False,,-1,53.8885,4000
2026-06-28 11:41:41,98,B+2.5,17404,9,True,False,False,,-1,53.7452,4000
2026-06-28 11:42:20,69,B+1.5,13734,7,True,False,False,,-1,53.6153,4000
2026-06-28 11:43:05,79,B+0.5,16055,8,True,False,False,,-1,53.6299,4000
2026-06-28 11:43:43,67,B+0.5,13547,8,True,False,False,,-1,53.5003,4000
2026-06-28 11:44:40,118,B+4.5,23213,8,True,False,False,,-1,53.6315,4000
2026-06-28 11:45:38,113,W+1.5,23560,19,True,False,False,,-1,53.789,4000
2026-06-28 11:46:31,107,W+1.5,22478,14,True,False,False,,-1,53.9064,4000
2026-06-28 11:47:35,142,B+2.5,29427,26,True,False,False,,-1,53.9063,4000
2026-06-28 11:48:28,117,W+2.5,21818,11,True,False,False,,-1,53.8696,4000
2026-06-28 11:49:28,120,B+1.5,25685,9,True,False,False,,-1,54.0151,4000
2026-06-28 11:50:43,162,B+56.5,31344,8,True,False,False,,-1,54.3371,4000
2026-06-28 11:51:39,105,B+10.5,22042,9,True,False,False,,-1,54.3165,4000
2026-06-28 11:52:28,95,B+1.5,19417,7,True,False,False,,-1,54.259,4000
2026-06-28 11:53:05,63,B+0.5,12079,5,True,False,False,,-1,54.0455,4000
2026-06-28 11:53:41,57,B+5.5,12314,4,True,False,False,,-1,53.9274,4000
2026-06-28 11:54:19,63,B+2.5,13307,3,True,False,False,,-1,53.7571,4000
2026-06-28 11:55:25,139,W+1.5,30711,27,True,False,False,,-1,53.8316,4000
2026-06-28 11:56:05,67,B+3.5,14584,6,True,False,False,,-1,53.7368,4000
2026-06-28 11:56:57,101,B+2.5,19969,7,True,False,False,,-1,53.7989,4000
2026-06-28 11:58:02,135,W+0.5,27982,23,True,False,False,,-1,53.7353,4000
2026-06-28 11:58:57,118,B+4.5,22282,21,True,False,False,,-1,53.6919,4000
2026-06-28 11:59:51,112,B+0.5,23869,16,True,False,False,,-1,53.7326,4000
2026-06-28 12:00:55,141,W+1.5,27744,33,True,False,False,,-1,53.6902,4000
2026-06-28 12:01:45,95,B+2.5,19869,13,True,False,False,,-1,53.6792,4000
2026-06-28 12:02:35,116,B+1.5,22113,22,True,False,False,,-1,53.596,4000
2026-06-28 12:03:34,125,B+0.5,25041,19,True,False,False,,-1,53.689,4000
2026-06-28 12:04:29,109,W+3.5,22775,19,True,False,False,,-1,53.8078,4000
2026-06-28 12:05:14,91,B+4.5,17225,9,True,False,False,,-1,53.7575,4000
2026-06-28 12:06:16,132,B+0.5,27425,21,True,False,False,,-1,53.8606,4000
2026-06-28 12:07:07,105,B+7.5,20385,5,True,False,False,,-1,53.8493,4000
2026-06-28 12:07:56,106,B+0.5,20649,8,True,False,False,,-1,53.6977,4000
2026-06-28 12:08:29,55,B+0.5,11076,6,True,False,False,,-1,53.5091,4000
2026-06-28 12:09:29,106,B+4.5,22792,6,True,False,False,,-1,53.4164,4000
2026-06-28 12:10:04,65,B+4.5,12141,2,True,False,False,,-1,53.3363,4000
2026-06-28 12:11:00,111,W+5.5,22675,20,True,False,False,,-1,53.4869,4000
2026-06-28 12:11:54,112,B+5.5,20964,10,True,False,False,,-1,53.4467,4000
2026-06-28 12:12:42,77,B+0.5,16952,8,True,False,False,,-1,53.4002,4000
2026-06-28 12:13:49,129,W+1.5,27262,18,True,False,False,,-1,53.4557,4000
2026-06-28 12:14:24,69,B+0.5,12458,10,True,False,False,,-1,53.3388,4000
2026-06-28 12:15:18,126,B+4.5,24371,23,True,False,False,,-1,53.4103,4000
2026-06-28 12:16:06,101,W+5.5,19753,9,True,False,False,,-1,53.2986,4000
2026-06-28 12:16:57,99,W+2.5,21209,9,True,False,False,,-1,53.1688,4000
2026-06-28 12:17:50,97,B+2.5,20054,3,True,False,False,,-1,53.1972,4000
2026-06-28 12:18:27,71,B+8.5,13351,7,True,False,False,,-1,52.9487,4000
2026-06-28 12:19:35,145,B+5.5,29414,30,True,False,False,,-1,52.9016,4000
2026-06-28 12:20:35,121,B+8.5,23744,12,True,False,False,,-1,53.3166,4000
2026-06-28 12:21:32,117,W+5.5,24213,15,True,False,False,,-1,53.5147,4000
2026-06-28 12:22:18,86,W+2.5,16990,6,True,False,False,,-1,53.5496,4000
2026-06-28 12:23:11,111,W+3.5,22645,18,True,False,False,,-1,53.3304,4000
2026-06-28 12:24:11,126,B+1.5,24353,25,True,False,False,,-1,53.4098,4000
2026-06-28 12:25:24,162,B+3.5,33503,29,True,False,False,,-1,53.5552,4000
2026-06-28 12:26:13,100,B+1.5,19560,11,True,False,False,,-1,53.4781,4000
2026-06-28 12:27:09,115,W+0.5,22527,17,True,False,False,,-1,53.6765,4000
2026-06-28 12:27:57,87,B+1.5,18338,11,True,False,False,,-1,53.6115,4000
2026-06-28 12:28:31,67,B+0.5,12304,5,True,False,False,,-1,53.2621,4000
2026-06-28 12:29:16,85,B+1.5,15428,3,True,False,False,,-1,53.1898,4000
2026-06-28 12:30:00,89,B+1.5,15935,8,True,False,False,,-1,53.1036,4000
2026-06-28 12:30:56,116,B+0.5,23553,12,True,False,False,,-1,53.0668,4000
2026-06-28 12:31:53,121,W+0.5,24735,24,True,False,False,,-1,53.178,4000
2026-06-28 12:32:29,73,B+2.5,12662,7,True,False,False,,-1,52.8623,4000
2026-06-28 12:33:17,97,W+2.5,19373,13,True,False,False,,-1,52.6802,4000
2026-06-28 12:34:16,108,B+7.5,22327,8,True,False,False,,-1,52.7099,4000
2026-06-28 12:35:06,103,W+3.5,20365,13,True,False,False,,-1,52.5683,4000
2026-06-28 12:35:54,87,B+0.5,17401,10,True,False,False,,-1,52.4812,4000
2026-06-28 12:36:39,98,B+1.5,17873,9,True,False,False,,-1,52.2986,4000
2026-06-28 12:37:18,73,B+0.5,13675,7,True,False,False,,-1,52.1848,4000
2026-06-28 12:38:04,76,W+3.5,16510,2,True,False,False,,-1,52.2396,4000
2026-06-28 12:38:59,129,W+3.5,24223,20,True,False,False,,-1,52.2345,4000
2026-06-28 12:39:47,109,W+0.5,21159,16,True,False,False,,-1,52.2035,4000
2026-06-28 12:40:37,98,B+1.5,18948,5,True,False,False,,-1,52.0509,4000
2026-06-28 12:41:25,97,B+0.5,19678,9,True,False,False,,-1,51.9667,4000
2026-06-28 12:42:21,125,W+6.5,24623,19,True,False,False,,-1,51.8456,4000
2026-06-28 12:43:19,107,W+2.5,21761,21,True,False,False,,-1,51.8444,4000
2026-06-28 12:44:02,79,B+3.5,15567,3,True,False,False,,-1,51.7889,4000
2026-06-28 12:44:54,105,W+4.5,21438,16,True,False,False,,-1,51.7378,4000
2026-06-28 12:45:44,116,B+2.5,21343,7,True,False,False,,-1,51.6546,4000
2026-06-28 12:46:45,126,B+6.5,24786,16,True,False,False,,-1,51.9109,4000
2026-06-28 12:47:39,118,B+2.5,21547,19,True,False,False,,-1,51.912,4000
2026-06-28 12:48:38,135,W+1.5,26312,28,True,False,False,,-1,51.9153,4000
2026-06-28 12:49:47,162,W+0.5,32893,32,True,False,False,,-1,52.1083,4000
2026-06-28 12:50:34,91,B+1.5,18072,10,True,False,False,,-1,51.9648,4000
2026-06-28 12:51:41,150,B+0.5,28093,21,True,False,False,,-1,52.2808,4000
2026-06-28 12:52:43,137,W+8.5,26585,21,True,False,False,,-1,52.4307,4000
2026-06-28 12:53:39,111,W+7.5,22719,14,True,False,False,,-1,52.4644,4000
2026-06-28 12:54:28,110,B+3.5,19876,11,True,False,False,,-1,52.2359,4000
2026-06-28 12:55:18,105,B+2.5,19810,8,True,False,False,,-1,52.2072,4000
2026-06-28 12:56:10,97,B+3.5,20603,9,True,False,False,,-1,52.2009,4000
2026-06-28 12:59:23,87,B+2.5,17843,14,True,False,False,,-1,51.6666,5000
2026-06-28 13:00:03,85,B+3.5,15544,4,True,False,False,,-1,51.4188,5000
2026-06-28 13:00:54,113,W+3.5,21835,19,True,False,False,,-1,51.4551,5000
2026-06-28 13:01:56,122,B+0.5,26348,19,True,False,False,,-1,51.6136,5000
2026-06-28 13:02:57,123,B+0.5,25005,12,True,False,False,,-1,51.7216,5000
2026-06-28 13:03:48,114,B+4.5,23016,12,True,False,False,,-1,51.6909,5000
2026-06-28 13:04:56,129,W+1.5,28579,18,True,False,False,,-1,51.8524,5000
2026-06-28 13:06:10,162,W+37.5,34108,27,True,False,False,,-1,52.0759,5000
2026-06-28 13:07:22,162,W+8.5,32914,31,True,False,False,,-1,52.0807,5000
2026-06-28 13:08:18,141,W+2.5,27292,19,True,False,False,,-1,52.0779,5000
2026-06-28 13:09:11,116,B+8.5,23980,19,True,False,False,,-1,52.2166,5000
2026-06-28 13:10:02,111,B+11.5,20008,4,True,False,False,,-1,52.119,5000
2026-06-28 13:10:50,103,W+1.5,19837,14,True,False,False,,-1,52.1419,5000
2026-06-28 13:11:53,139,W+8.5,28539,22,True,False,False,,-1,52.3762,5000
2026-06-28 13:12:46,113,B+5.5,22889,8,True,False,False,,-1,52.4554,5000
2026-06-28 13:13:48,162,W+1.5,31692,29,True,False,False,,-1,52.6911,5000
2026-06-28 13:14:12,65,B+0.5,9856,3,True,False,False,,-1,52.369,5000
2026-06-28 13:14:58,94,B+5.5,18066,2,True,False,False,,-1,52.2455,5000
2026-06-28 13:15:36,71,B+4.5,15060,7,True,False,False,,-1,52.0979,5000
2026-06-28 13:16:26,103,B+0.5,21653,17,True,False,False,,-1,51.9507,5000
2026-06-28 13:17:18,115,W+1.5,22931,19,True,False,False,,-1,51.9462,5000
2026-06-28 13:18:08,105,W+9.5,21117,13,True,False,False,,-1,51.8444,5000
2026-06-28 13:18:45,71,B+10.5,14452,8,True,False,False,,-1,51.472,5000
2026-06-28 13:19:49,162,W+3.5,30812,32,True,False,False,,-1,51.5408,5000
2026-06-28 13:20:44,111,W+2.5,23498,13,True,False,False,,-1,51.5989,5000
2026-06-28 13:21:29,115,W+1.5,21556,18,True,False,False,,-1,51.686,5000
2026-06-28 13:22:17,104,B+2.5,19733,12,True,False,False,,-1,51.8015,5000
2026-06-28 13:23:11,129,W+4.5,24295,20,True,False,False,,-1,51.9711,5000
2026-06-28 13:23:44,69,B+0.5,12575,8,True,False,False,,-1,51.6374,5000
2026-06-28 13:24:24,91,B+6.5,16893,13,True,False,False,,-1,51.6325,5000
2026-06-28 13:25:17,106,B+0.5,22621,20,True,False,False,,-1,51.6472,5000
2026-06-28 13:26:05,111,W+3.5,21506,21,True,False,False,,-1,51.4811,5000
2026-06-28 13:26:55,103,W+0.5,20450,7,True,False,False,,-1,51.4224,5000
2026-06-28 13:27:57,137,W+1.5,27728,23,True,False,False,,-1,51.5121,5000
2026-06-28 13:29:00,126,B+6.5,27923,12,True,False,False,,-1,51.5009,5000
2026-06-28 13:29:48,95,B+2.5,20474,14,True,False,False,,-1,51.4759,5000
2026-06-28 13:30:51,151,W+1.5,30574,33,True,False,False,,-1,51.6108,5000
2026-06-28 13:31:36,95,W+2.5,18405,8,True,False,False,,-1,51.4659,5000
2026-06-28 13:32:13,73,B+1.5,14440,8,True,False,False,,-1,51.2917,5000
2026-06-28 13:32:40,53,B+1.5,10645,2,True,False,False,,-1,51.1077,5000
2026-06-28 13:33:48,162,B+12.5,32897,26,True,False,False,,-1,51.167,5000
2026-06-28 13:34:30,91,B+2.5,17408,2,True,False,False,,-1,51.0741,5000
2026-06-28 13:35:00,59,B+1.5,11470,5,True,False,False,,-1,50.8839,5000
2026-06-28 13:36:06,152,B+11.5,28794,23,True,False,False,,-1,51.2136,5000
2026-06-28 13:36:41,67,B+16.5,12759,5,True,False,False,,-1,50.9713,5000
2026-06-28 13:37:29,110,B+0.5,20353,12,True,False,False,,-1,51.0961,5000
2026-06-28 13:38:14,114,B+0.5,19284,18,True,False,False,,-1,50.9826,5000
2026-06-28 13:38:59,103,W+3.5,19786,19,True,False,False,,-1,50.8975,5000
2026-06-28 13:40:03,125,W+1.5,27289,14,True,False,False,,-1,51.0559,5000
2026-06-28 13:41:00,119,W+2.5,25373,18,True,False,False,,-1,50.9604,5000
2026-06-28 13:41:57,124,B+1.5,24020,18,True,False,False,,-1,51.1834,5000
2026-06-28 13:42:36,77,B+0.5,15399,10,True,False,False,,-1,51.0254,5000
2026-06-28 13:43:24,102,B+1.5,20349,16,True,False,False,,-1,51.0294,5000
2026-06-28 13:44:16,101,B+8.5,21522,3,True,False,False,,-1,51.0384,5000
2026-06-28 13:45:12,108,B+4.5,23287,12,True,False,False,,-1,51.065,5000
2026-06-28 13:46:01,104,B+4.5,21980,19,True,False,False,,-1,51.187,5000
2026-06-28 13:46:45,104,B+0.5,19926,17,True,False,False,,-1,50.9412,5000
2026-06-28 13:47:28,95,W+1.5,16799,10,True,False,False,,-1,50.7735,5000
2026-06-28 13:48:28,162,W+3.5,31917,34,True,False,False,,-1,50.8088,5000
2026-06-28 13:49:22,119,W+0.5,24024,23,True,False,False,,-1,50.8924,5000
2026-06-28 13:49:55,65,B+1.5,13110,7,True,False,False,,-1,50.6867,5000
2026-06-28 13:50:53,130,B+28.5,23818,11,True,False,False,,-1,50.6629,5000
2026-06-28 13:51:30,71,B+5.5,13758,8,True,False,False,,-1,50.3116,5000
2026-06-28 13:52:15,97,B+0.5,18229,5,True,False,False,,-1,50.259,5000
2026-06-28 13:53:11,126,B+5.5,23876,21,True,False,False,,-1,50.2658,5000
2026-06-28 13:53:54,99,W+4.5,19265,16,True,False,False,,-1,50.2122,5000
2026-06-28 13:54:39,94,B+0.5,18051,9,True,False,False,,-1,50.3298,5000
2026-06-28 13:55:23,87,B+5.5,17290,3,True,False,False,,-1,50.3208,5000
2026-06-28 13:56:12,112,B+14.5,20273,12,True,False,False,,-1,50.3628,5000
2026-06-28 13:57:03,101,B+0.5,19822,17,True,False,False,,-1,50.3141,5000
2026-06-28 13:57:44,85,B+5.5,16415,12,True,False,False,,-1,50.1494,5000
2026-06-28 13:58:15,65,B+2.5,11822,7,True,False,False,,-1,50.1048,5000
2026-06-28 13:59:00,101,B+1.5,21046,17,True,False,False,,-1,50.0824,5000
2026-06-28 13:59:44,101,W+0.5,18831,16,True,False,False,,-1,49.9279,5000
2026-06-28 14:00:48,134,B+8.5,27571,10,True,False,False,,-1,50.0745,5000
2026-06-28 14:01:47,145,W+1.5,27308,35,True,False,False,,-1,50.1705,5000
2026-06-28 14:02:47,125,W+5.5,25486,25,True,False,False,,-1,50.3205,5000
2026-06-28 14:03:34,105,W+2.5,20604,7,True,False,False,,-1,50.4025,5000
2026-06-28 14:04:47,162,W+2.5,34503,32,True,False,False,,-1,50.6754,5000
2026-06-28 14:05:42,123,B+0.5,24840,25,True,False,False,,-1,50.6782,5000
2026-06-28 14:06:36,114,B+0.5,23881,5,True,False,False,,-1,50.7341,5000
2026-06-28 14:07:29,111,W+0.5,22940,14,True,False,False,,-1,50.7714,5000
2026-06-28 14:08:03,69,B+0.5,13267,6,True,False,False,,-1,50.6245,5000
2026-06-28 14:08:55,98,B+1.5,22214,11,True,False,False,,-1,50.5815,5000
2026-06-28 14:10:03,162,W+0.5,31543,38,True,False,False,,-1,50.686,5000
2026-06-28 14:10:51,101,B+3.5,18989,10,True,False,False,,-1,50.7402,5000
2026-06-28 14:11:40,103,B+1.5,19632,11,True,False,False,,-1,50.6986,5000
2026-06-28 14:12:31,125,W+0.5,23301,27,True,False,False,,-1,50.7154,5000
2026-06-28 14:13:21,121,W+1.5,24638,27,True,False,False,,-1,50.6079,5000
2026-06-28 14:14:19,134,B+8.5,26009,15,True,False,False,,-1,50.6506,5000
2026-06-28 14:15:05,87,B+0.5,18239,11,True,False,False,,-1,50.52,5000
2026-06-28 14:15:56,108,W+1.5,22296,11,True,False,False,,-1,50.3347,5000
2026-06-28 14:16:40,92,B+1.5,17831,12,True,False,False,,-1,50.3055,5000
2026-06-28 14:17:39,137,B+0.5,26715,14,True,False,False,,-1,50.2219,5000
2026-06-28 14:18:31,125,W+0.5,23284,18,True,False,False,,-1,50.1262,5000
2026-06-28 14:19:06,73,B+4.5,13542,2,True,False,False,,-1,49.9141,5000
2026-06-28 14:19:56,111,W+0.5,23067,20,True,False,False,,-1,49.9264,5000
2026-06-28 14:20:46,106,B+1.5,20680,7,True,False,False,,-1,49.9251,5000
2026-06-28 14:21:38,119,W+0.5,22189,17,True,False,False,,-1,49.9248,5000
2026-06-28 14:22:35,130,B+3.5,27454,23,True,False,False,,-1,50.3631,5000
2026-06-28 14:23:20,103,B+3.5,20023,15,True,False,False,,-1,50.3654,5000
2026-06-28 14:23:58,73,B+2.5,14126,7,True,False,False,,-1,50.346,5000
2026-06-28 14:24:36,77,B+0.5,14960,11,True,False,False,,-1,50.2149,5000
2026-06-28 14:25:36,136,B+8.5,26469,21,True,False,False,,-1,50.1949,5000
2026-06-28 14:26:24,114,B+2.5,22204,18,True,False,False,,-1,50.0741,5000
2026-06-28 14:26:58,77,B+5.5,13314,8,True,False,False,,-1,49.8992,5000
2026-06-28 14:27:34,69,B+3.5,13461,3,True,False,False,,-1,49.5805,5000
2026-06-28 14:28:23,97,W+11.5,20471,14,True,False,False,,-1,49.3275,5000
2026-06-28 14:29:19,122,B+0.5,24797,21,True,False,False,,-1,49.1644,5000
2026-06-28 14:30:10,110,B+1.5,22345,7,True,False,False,,-1,49.116,5000
2026-06-28 14:30:57,105,W+2.5,20480,11,True,False,False,,-1,49.0493,5000
2026-06-28 14:31:43,109,W+1.5,21614,20,True,False,False,,-1,49.0109,5000
2026-06-28 14:32:28,97,W+0.5,19870,18,True,False,False,,-1,48.973,5000
2026-06-28 14:33:35,149,W+1.5,32099,42,True,False,False,,-1,49.0123,5000
2026-06-28 14:34:27,105,W+12.5,23580,9,True,False,False,,-1,49.0077,5000
2026-06-28 14:35:37,151,W+1.5,30755,26,True,False,False,,-1,49.0827,5000
2026-06-28 14:36:23,99,B+0.5,19294,16,True,False,False,,-1,49.3044,5000
2026-06-28 14:37:13,89,B+0.5,18928,12,True,False,False,,-1,49.3501,5000
2026-06-28 14:38:05,115,B+2.5,22495,9,True,False,False,,-1,49.481,5000
2026-06-28 14:39:04,132,B+4.5,27055,20,True,False,False,,-1,49.5854,5000
2026-06-28 14:39:52,107,W+5.5,20592,12,True,False,False,,-1,49.5376,5000
2026-06-28 14:41:04,162,W+0.5,30728,31,True,False,False,,-1,49.7611,5000
2026-06-28 14:41:56,107,W+0.5,20376,7,True,False,False,,-1,49.9034,5000
2026-06-28 14:42:58,140,B+3.5,27635,21,True,False,False,,-1,49.8932,5000
2026-06-28 14:43:40,87,B+2.5,16651,9,True,False,False,,-1,49.7638,5000
2026-06-28 14:44:24,99,W+1.5,18552,8,True,False,False,,-1,49.7437,5000
2026-06-28 14:45:15,106,B+11.5,21040,9,True,False,False,,-1,49.7781,5000
2026-06-28 14:46:10,119,W+1.5,24714,19,True,False,False,,-1,49.7855,5000
2026-06-28 14:46:55,100,B+13.5,18430,2,True,False,False,,-1,49.9046,5000
2026-06-28 14:48:14,162,B+13.5,35358,35,True,False,False,,-1,50.2946,5000
2026-06-28 14:49:24,157,W+2.5,32268,37,True,False,False,,-1,50.4716,5000
2026-06-28 14:50:16,109,W+1.5,22831,16,True,False,False,,-1,50.5059,5000
2026-06-28 14:50:44,49,B+1.5,10835,2,True,False,False,,-1,50.2918,5000
2026-06-28 14:51:32,107,B+1.5,20310,10,True,False,False,,-1,50.142,5000
2026-06-28 14:52:14,97,W+2.5,18643,12,True,False,False,,-1,49.9326,5000
2026-06-28 14:52:43,61,B+5.5,11337,2,True,False,False,,-1,49.7462,5000
2026-06-28 14:53:30,106,B+1.5,21171,13,True,False,False,,-1,49.5854,5000
2026-06-28 14:54:22,100,B+2.5,22116,5,True,False,False,,-1,49.6627,5000
2026-06-28 14:55:11,112,B+2.5,21788,12,True,False,False,,-1,49.7746,5000
2026-06-28 14:55:58,97,W+2.5,19065,9,True,False,False,,-1,49.9746,5000
2026-06-28 14:57:02,143,W+0.5,28633,33,True,False,False,,-1,49.9384,5000
2026-06-28 14:58:10,162,W+1.5,32250,39,True,False,False,,-1,50.1987,5000
2026-06-28 14:59:07,135,W+0.5,27924,24,True,False,False,,-1,50.4714,5000
2026-06-28 15:00:01,109,W+0.5,22410,15,True,False,False,,-1,50.3499,5000
2026-06-28 15:00:39,79,B+3.5,15014,10,True,False,False,,-1,50.3713,5000
2026-06-28 15:01:37,135,W+2.5,27022,25,True,False,False,,-1,50.4835,5000
2026-06-28 15:02:26,96,B+1.5,21343,14,True,False,False,,-1,50.5223,5000
2026-06-28 15:03:17,100,B+1.5,20656,15,True,False,False,,-1,50.5766,5000
2026-06-28 15:04:09,109,W+1.5,22159,13,True,False,False,,-1,50.4607,5000
2026-06-28 15:05:11,145,W+7.5,29248,31,True,False,False,,-1,50.5016,5000
2026-06-28 15:05:52,81,B+1.5,16049,4,True,False,False,,-1,50.3456,5000
2026-06-28 15:06:36,91,B+1.5,18168,10,True,False,False,,-1,50.3936,5000
2026-06-28 15:07:37,137,W+0.5,27782,20,True,False,False,,-1,50.5247,5000
2026-06-28 15:08:22,99,W+0.5,20613,14,True,False,False,,-1,50.4598,5000
2026-06-28 15:09:13,101,W+1.5,20800,7,True,False,False,,-1,50.4108,5000
2026-06-28 15:09:57,90,B+2.5,17574,2,True,False,False,,-1,50.3576,5000
2026-06-28 15:10:50,125,W+2.5,24748,21,True,False,False,,-1,50.4429,5000
2026-06-28 15:11:46,126,B+16.5,23659,11,True,False,False,,-1,50.5771,5000
2026-06-28 15:12:55,162,W+2.5,32672,33,True,False,False,,-1,50.6688,5000
2026-06-28 15:13:48,127,W+1.5,23817,25,True,False,False,,-1,50.6555,5000
2026-06-28 15:14:42,115,W+2.5,23581,18,True,False,False,,-1,50.8647,5000
2026-06-28 15:15:47,150,B+3.5,30333,21,True,False,False,,-1,50.938,5000
2026-06-28 15:16:35,98,B+1.5,20385,3,True,False,False,,-1,51.0499,5000
2026-06-28 15:17:17,84,B+0.5,16969,3,True,False,False,,-1,51.0257,5000
2026-06-28 15:18:13,130,W+1.5,24389,25,True,False,False,,-1,51.0207,5000
2026-06-28 15:18:51,69,B+10.5,13513,6,True,False,False,,-1,50.9688,5000
2026-06-28 15:19:39,104,B+7.5,20563,15,True,False,False,,-1,50.9927,5000
2026-06-28 15:20:36,128,B+2.5,24762,17,True,False,False,,-1,51.1291,5000
2026-06-28 15:21:27,102,B+0.5,21604,10,True,False,False,,-1,51.1499,5000
2026-06-28 15:22:16,105,B+3.5,21490,18,True,False,False,,-1,51.1286,5000
2026-06-28 15:23:11,123,B+4.5,23754,14,True,False,False,,-1,51.2689,5000
2026-06-28 15:24:10,129,W+1.5,24434,21,True,False,False,,-1,51.5509,5000
2026-06-28 15:25:04,118,B+2.5,23521,13,True,False,False,,-1,51.6379,5000
2026-06-28 15:25:50,107,W+2.5,20057,23,True,False,False,,-1,51.6537,5000
2026-06-28 15:26:37,100,B+1.5,21035,8,True,False,False,,-1,51.4846,5000
2026-06-28 15:27:40,143,W+7.5,27814,31,True,False,False,,-1,51.531,5000
2026-06-28 15:28:31,110,B+1.5,20341,6,True,False,False,,-1,51.4394,5000
2026-06-28 15:28:57,47,B+8.5,9694,2,True,False,False,,-1,51.225,5000
2026-06-28 15:29:43,101,B+9.5,18926,3,True,False,False,,-1,50.9579,5000
2026-06-28 15:30:33,105,W+0.5,21603,10,True,False,False,,-1,50.9062,5000
2026-06-28 15:34:21,149,W+1.5,29975,30,True,False,False,,-1,50.8349,6000
2026-06-28 15:35:20,124,B+2.5,24172,16,True,False,False,,-1,51.0809,6000
2026-06-28 15:36:17,117,W+10.5,25024,17,True,False,False,,-1,51.1359,6000
2026-06-28 15:37:23,130,B+6.5,27077,14,True,False,False,,-1,51.1243,6000
2026-06-28 15:38:13,100,B+4.5,19312,3,True,False,False,,-1,51.1355,6000
2026-06-28 15:39:06,103,W+1.5,21403,12,True,False,False,,-1,51.1827,6000
2026-06-28 15:39:52,106,B+0.5,19752,4,True,False,False,,-1,51.1328,6000
2026-06-28 15:40:44,116,B+3.5,21109,20,True,False,False,,-1,51.1445,6000
2026-06-28 15:41:51,122,B+23.5,27843,6,True,False,False,,-1,51.2296,6000
2026-06-28 15:42:40,102,B+1.5,21084,6,True,False,False,,-1,51.2632,6000
2026-06-28 15:43:38,137,W+1.5,26682,22,True,False,False,,-1,51.339,6000
2026-06-28 15:44:26,111,W+2.5,20720,12,True,False,False,,-1,51.3763,6000
2026-06-28 15:45:11,79,B+0.5,16881,9,True,False,False,,-1,51.2354,6000
2026-06-28 15:45:58,85,B+1.5,17413,9,True,False,False,,-1,51.1875,6000
2026-06-28 15:46:43,98,B+0.5,18337,10,True,False,False,,-1,51.2887,6000
2026-06-28 15:47:30,103,W+1.5,20448,14,True,False,False,,-1,51.2527,6000
2026-06-28 15:48:13,99,W+0.5,19151,15,True,False,False,,-1,51.1933,6000
2026-06-28 15:49:00,105,W+8.5,20359,10,True,False,False,,-1,51.1351,6000
2026-06-28 15:49:59,145,W+4.5,28247,36,True,False,False,,-1,51.1525,6000
2026-06-28 15:50:55,124,B+1.5,23642,10,True,False,False,,-1,51.2656,6000
2026-06-28 15:51:49,116,B+0.5,22703,16,True,False,False,,-1,51.4269,6000
2026-06-28 15:52:38,108,B+1.5,20156,17,True,False,False,,-1,51.5338,6000
2026-06-28 15:53:40,139,B+4.5,27361,19,True,False,False,,-1,51.5585,6000
2026-06-28 15:54:30,104,B+2.5,20860,4,True,False,False,,-1,51.5708,6000
2026-06-28 15:55:15,111,W+2.5,22158,20,True,False,False,,-1,51.693,6000
2026-06-28 15:56:13,122,B+2.5,23811,11,True,False,False,,-1,51.9057,6000
2026-06-28 15:57:07,122,B+7.5,22214,12,True,False,False,,-1,51.9553,6000
2026-06-28 15:58:17,162,B+70.5,31668,7,True,False,False,,-1,52.0988,6000
2026-06-28 15:59:04,93,W+5.5,19223,7,True,False,False,,-1,52.057,6000
2026-06-28 15:59:49,85,B+4.5,18165,12,True,False,False,,-1,52.0443,6000
2026-06-28 16:00:56,162,W+15.5,32056,41,True,False,False,,-1,52.2465,6000
2026-06-28 16:01:43,102,B+0.5,19477,14,True,False,False,,-1,52.2621,6000
2026-06-28 16:02:35,120,B+6.5,22644,10,True,False,False,,-1,52.116,6000
2026-06-28 16:03:25,99,W+2.5,20728,5,True,False,False,,-1,52.0982,6000
2026-06-28 16:04:28,122,B+0.5,25961,16,True,False,False,,-1,52.0344,6000
2026-06-28 16:05:11,87,B+0.5,18159,13,True,False,False,,-1,51.9973,6000
2026-06-28 16:05:57,98,W+2.5,18100,13,True,False,False,,-1,51.9593,6000
2026-06-28 16:07:04,143,W+1.5,29505,28,True,False,False,,-1,52.1071,6000
2026-06-28 16:07:58,127,B+0.5,23791,23,True,False,False,,-1,52.0572,6000
2026-06-28 16:08:56,116,W+0.5,24195,16,True,False,False,,-1,52.158,6000
2026-06-28 16:09:46,118,B+2.5,22996,10,True,False,False,,-1,51.9374,6000
2026-06-28 16:10:48,129,W+6.5,27914,19,True,False,False,,-1,52.035,6000
2026-06-28 16:11:32,85,B+0.5,17242,11,True,False,False,,-1,51.8499,6000
2026-06-28 16:12:32,144,B+1.5,27470,19,True,False,False,,-1,52.0286,6000
2026-06-28 16:13:20,113,W+4.5,20765,21,True,False,False,,-1,52.0849,6000
2026-06-28 16:14:18,118,B+1.5,24667,8,True,False,False,,-1,52.147,6000
2026-06-28 16:15:16,112,B+1.5,24023,17,True,False,False,,-1,52.1778,6000
2026-06-28 16:16:05,104,B+0.5,21277,12,True,False,False,,-1,52.2167,6000
2026-06-28 16:16:57,119,W+2.5,23891,21,True,False,False,,-1,51.9528,6000
2026-06-28 16:17:47,127,W+2.5,23888,24,True,False,False,,-1,51.7429,6000
2026-06-28 16:18:37,103,W+3.5,21505,13,True,False,False,,-1,51.7271,6000
2026-06-28 16:19:30,115,W+9.5,23046,20,True,False,False,,-1,51.9774,6000
