datetime,game_length,game_result,game_simulations,num_passes,is_resign_disabled,is_marked_for_resign,is_could_won,marked_resign_player,resign_threshold,time_per_game,training_steps
2026-06-27 16:21:30,112,W+45.5,21662,2,True,False,False,,-1,53.289,0
2026-06-27 16:22:05,104,B+9.5,19269,2,True,False,False,,-1,44.292,0
2026-06-27 16:22:44,107,W+29.5,21453,4,True,False,False,,-1,42.3494,0
2026-06-27 16:23:26,127,B+20.5,24669,7,True,False,False,,-1,42.2619,0
2026-06-27 16:24:09,122,B+8.5,21922,6,True,False,False,,-1,42.4821,0
2026-06-27 16:24:37,72,W+5.5,12884,3,True,False,False,,-1,40.0588,0
2026-06-27 16:25:32,158,W+62.5,32487,6,True,False,False,,-1,42.1892,0
2026-06-27 16:26:05,74,W+1.5,15188,2,True,False,False,,-1,41.0501,0
2026-06-27 16:26:41,116,B+1.5,23989,7,True,False,False,,-1,40.4582,0
2026-06-27 16:27:02,46,W+5.5,8103,2,True,False,False,,-1,38.511,0
2026-06-27 16:27:54,145,W+53.5,29518,5,True,False,False,,-1,39.7585,0
2026-06-27 16:28:49,150,B+36.5,30431,6,True,False,False,,-1,41.0713,0
2026-06-27 16:29:43,151,B+50.5,29417,4,True,False,False,,-1,42.0444,0
2026-06-27 16:30:35,162,W+62.5,31906,6,True,False,False,,-1,42.7751,0
2026-06-27 16:30:48,24,W+7.5,4707,2,True,False,False,,-1,40.7537,0
2026-06-27 16:31:29,102,W+27.5,21790,3,True,False,False,,-1,40.7845,0
2026-06-27 16:32:01,78,W+10.5,15832,2,True,False,False,,-1,40.2418,0
2026-06-27 16:32:45,126,W+53.5,26594,2,True,False,False,,-1,40.4529,0
2026-06-27 16:33:24,100,W+12.5,20961,3,True,False,False,,-1,40.3765,0
2026-06-27 16:33:59,104,B+0.5,18437,4,True,False,False,,-1,40.1359,0
2026-06-27 16:34:56,148,W+60.5,30723,5,True,False,False,,-1,40.9215,0
2026-06-27 16:35:26,90,W+1.5,16817,5,True,False,False,,-1,40.4398,0
2026-06-27 16:36:02,103,W+18.5,20802,3,True,False,False,,-1,40.2342,0
2026-06-27 16:36:39,112,B+1.5,20940,6,True,False,False,,-1,40.1069,0
2026-06-27 16:37:18,109,B+15.5,23024,2,True,False,False,,-1,40.0332,0
2026-06-27 16:37:57,103,B+25.5,18565,4,True,False,False,,-1,40.0017,0
2026-06-27 16:38:30,78,W+12.5,17073,2,True,False,False,,-1,39.7429,0
2026-06-27 16:39:08,105,W+8.5,22478,3,True,False,False,,-1,39.6777,0
2026-06-27 16:39:45,88,W+1.5,17654,2,True,False,False,,-1,39.6034,0
2026-06-27 16:40:25,118,B+1.5,23095,5,True,False,False,,-1,39.6261,0
2026-06-27 16:41:19,153,B+52.5,32416,6,True,False,False,,-1,40.0884,0
2026-06-27 16:41:49,67,B+5.5,12309,2,True,False,False,,-1,39.7745,0
2026-06-27 16:42:25,105,B+25.5,19668,2,True,False,False,,-1,39.6482,0
2026-06-27 16:43:02,94,B+0.5,19578,4,True,False,False,,-1,39.5817,0
2026-06-27 16:43:44,112,B+27.5,23114,3,True,False,False,,-1,39.6276,0
2026-06-27 16:44:29,149,B+37.5,29498,5,True,False,False,,-1,39.7995,0
2026-06-27 16:45:13,122,W+53.5,25783,5,True,False,False,,-1,39.9063,0
2026-06-27 16:45:52,100,B+9.5,22105,2,True,False,False,,-1,39.8868,0
2026-06-27 16:46:25,102,W+6.5,18252,6,True,False,False,,-1,39.7049,0
2026-06-27 16:47:08,119,B+1.5,25288,4,True,False,False,,-1,39.7807,0
2026-06-27 16:47:49,112,W+41.5,23100,2,True,False,False,,-1,39.8162,0
2026-06-27 16:48:31,119,B+17.5,23289,3,True,False,False,,-1,39.8533,0
2026-06-27 16:49:10,102,W+24.5,21638,4,True,False,False,,-1,39.8511,0
2026-06-27 16:49:55,128,B+40.5,23301,5,True,False,False,,-1,39.957,0
2026-06-27 16:50:11,30,W+7.5,6506,2,True,False,False,,-1,39.4205,0
2026-06-27 16:50:56,143,B+56.5,25710,2,True,False,False,,-1,39.5398,0
2026-06-27 16:51:32,91,W+17.5,18219,3,True,False,False,,-1,39.4784,0
2026-06-27 16:52:27,162,W+64.5,31329,9,True,False,False,,-1,39.8049,0
2026-06-27 16:52:40,24,W+6.5,4626,2,True,False,False,,-1,39.2427,0
2026-06-27 16:53:39,148,B+26.5,31503,4,True,False,False,,-1,39.6505,0
2026-06-27 16:54:15,90,W+26.5,17342,2,True,False,False,,-1,39.5801,0
2026-06-27 16:54:47,82,W+12.5,15156,2,True,False,False,,-1,39.4189,0
2026-06-27 16:55:22,97,B+1.5,20331,3,True,False,False,,-1,39.3496,0
2026-06-27 16:56:02,98,W+23.5,20483,2,True,False,False,,-1,39.3498,0
2026-06-27 16:56:41,93,B+10.5,17786,2,True,False,False,,-1,39.3545,0
2026-06-27 16:57:20,92,B+5.5,19470,3,True,False,False,,-1,39.3346,0
2026-06-27 16:58:09,141,W+54.5,26571,5,True,False,False,,-1,39.5042,0
2026-06-27 16:58:45,98,W+14.5,18487,2,True,False,False,,-1,39.4465,0
2026-06-27 16:59:28,114,B+25.5,23612,2,True,False,False,,-1,39.5044,0
2026-06-27 17:00:23,162,B+18.5,30886,5,True,False,False,,-1,39.7623,0
2026-06-27 17:01:08,128,B+16.5,25235,6,True,False,False,,-1,39.8513,0
2026-06-27 17:01:44,101,B+1.5,20142,2,True,False,False,,-1,39.7874,0
2026-06-27 17:02:35,159,W+74.5,31818,4,True,False,False,,-1,39.9698,0
2026-06-27 17:03:15,100,B+13.5,21373,6,True,False,False,,-1,39.9721,0
2026-06-27 17:03:47,86,B+0.5,16528,2,True,False,False,,-1,39.8459,0
2026-06-27 17:04:23,104,W+27.5,19434,2,True,False,False,,-1,39.786,0
2026-06-27 17:05:01,98,W+32.5,19351,2,True,False,False,,-1,39.7636,0
2026-06-27 17:05:35,94,W+7.5,18121,3,True,False,False,,-1,39.6771,0
2026-06-27 17:06:16,112,W+36.5,22508,3,True,False,False,,-1,39.7023,0
2026-06-27 17:06:55,104,W+16.5,20491,5,True,False,False,,-1,39.6838,0
2026-06-27 17:07:25,72,W+16.5,13253,2,True,False,False,,-1,39.547,0
2026-06-27 17:08:00,92,W+8.5,18710,4,True,False,False,,-1,39.4903,0
2026-06-27 17:08:36,80,W+10.5,17459,3,True,False,False,,-1,39.4385,0
2026-06-27 17:09:33,162,B+19.5,32008,3,True,False,False,,-1,39.6827,0
2026-06-27 17:10:13,122,W+50.5,23512,4,True,False,False,,-1,39.6801,0
2026-06-27 17:10:49,102,W+2.5,19394,5,True,False,False,,-1,39.6325,0
2026-06-27 17:11:39,153,B+34.5,28115,6,True,False,False,,-1,39.7631,0
2026-06-27 17:12:21,109,B+26.5,21065,3,True,False,False,,-1,39.7968,0
2026-06-27 17:13:10,152,B+42.5,30353,10,True,False,False,,-1,39.9137,0
2026-06-27 17:13:50,110,B+1.5,21552,4,True,False,False,,-1,39.9192,0
2026-06-27 17:14:36,111,W+28.5,24426,5,True,False,False,,-1,39.9904,0
2026-06-27 17:15:15,112,B+7.5,22569,5,True,False,False,,-1,39.9763,0
2026-06-27 17:15:51,91,B+5.5,18604,2,True,False,False,,-1,39.9257,0
2026-06-27 17:16:28,106,W+29.5,21389,4,True,False,False,,-1,39.8976,0
2026-06-27 17:16:53,58,W+8.5,11152,2,True,False,False,,-1,39.7244,0
2026-06-27 17:17:42,137,W+53.5,27549,3,True,False,False,,-1,39.8279,0
2026-06-27 17:18:36,155,B+49.5,32205,4,True,False,False,,-1,39.9847,0
2026-06-27 17:19:24,135,B+60.5,27293,3,True,False,False,,-1,40.0815,0
2026-06-27 17:20:16,145,B+28.5,30348,5,True,False,False,,-1,40.2204,0
2026-06-27 17:20:53,99,B+5.5,19065,4,True,False,False,,-1,40.1791,0
2026-06-27 17:21:16,46,W+7.5,9918,2,True,False,False,,-1,39.9919,0
2026-06-27 17:21:56,95,B+10.5,18861,2,True,False,False,,-1,39.9854,0
2026-06-27 17:22:48,162,W+51.5,34116,5,True,False,False,,-1,40.1209,0
2026-06-27 17:23:26,114,B+19.5,20098,4,True,False,False,,-1,40.0956,0
2026-06-27 17:23:57,96,W+30.5,17659,3,True,False,False,,-1,40.0013,0
2026-06-27 17:24:49,162,W+50.5,30657,2,True,False,False,,-1,40.125,0
2026-06-27 17:25:32,114,B+26.5,23315,3,True,False,False,,-1,40.1519,0
2026-06-27 17:26:09,92,W+11.5,19210,4,True,False,False,,-1,40.1255,0
2026-06-27 17:27:03,140,W+49.5,28384,10,True,False,False,,-1,40.2661,0
2026-06-27 17:27:51,143,W+50.5,27507,2,True,False,False,,-1,40.3422,0
2026-06-27 17:28:26,88,W+11.5,15243,2,True,False,False,,-1,40.1541,0
2026-06-27 17:29:13,118,B+1.5,24301,4,True,False,False,,-1,40.2741,0
2026-06-27 17:29:54,107,W+1.5,21795,6,True,False,False,,-1,40.2979,0
2026-06-27 17:30:36,120,B+9.5,24873,4,True,False,False,,-1,40.3035,0
2026-06-27 17:31:17,99,W+23.5,19686,2,True,False,False,,-1,40.2746,0
2026-06-27 17:31:56,115,W+31.5,22089,4,True,False,False,,-1,40.3922,0
2026-06-27 17:32:31,108,B+4.5,18623,5,True,False,False,,-1,40.1919,0
2026-06-27 17:33:23,156,W+58.5,29514,6,True,False,False,,-1,40.3774,0
2026-06-27 17:34:08,132,B+11.5,25254,5,True,False,False,,-1,40.4693,0
2026-06-27 17:34:51,116,B+1.5,22281,4,True,False,False,,-1,40.6847,0
2026-06-27 17:35:19,76,W+17.5,14186,2,True,False,False,,-1,40.4513,0
2026-06-27 17:36:06,112,W+12.5,23744,6,True,False,False,,-1,40.3592,0
2026-06-27 17:36:44,107,B+29.5,19645,2,True,False,False,,-1,40.201,0
2026-06-27 17:37:43,162,B+62.5,34103,2,True,False,False,,-1,40.276,0
2026-06-27 17:38:27,122,W+58.5,22861,2,True,False,False,,-1,40.5872,0
2026-06-27 17:39:05,103,W+8.5,20273,5,True,False,False,,-1,40.5538,0
2026-06-27 17:39:59,162,B+10.5,31352,5,True,False,False,,-1,40.7835,0
2026-06-27 17:40:45,122,W+61.5,25838,7,True,False,False,,-1,40.7957,0
2026-06-27 17:41:01,36,W+9.5,6925,2,True,False,False,,-1,40.5726,0
2026-06-27 17:41:37,76,W+4.5,15628,2,True,False,False,,-1,40.5758,0
2026-06-27 17:42:09,64,W+12.5,13103,2,True,False,False,,-1,40.3278,0
2026-06-27 17:42:47,85,B+3.5,16610,3,True,False,False,,-1,40.4082,0
2026-06-27 17:43:27,128,B+12.5,26852,6,True,False,False,,-1,40.4477,0
2026-06-27 17:44:11,113,W+27.5,23307,2,True,False,False,,-1,40.5146,0
2026-06-27 17:44:58,135,W+56.5,25857,2,True,False,False,,-1,40.6061,0
2026-06-27 17:45:32,91,B+17.5,16652,5,True,False,False,,-1,40.5516,0
2026-06-27 17:46:28,162,B+61.5,30422,2,True,False,False,,-1,40.7758,0
2026-06-27 17:46:41,28,W+8.5,5620,2,True,False,False,,-1,40.5257,0
2026-06-27 17:47:34,145,W+67.5,29717,4,True,False,False,,-1,40.6847,0
2026-06-27 17:48:17,122,B+9.5,24168,4,True,False,False,,-1,40.7101,0
2026-06-27 17:49:00,123,B+24.5,25374,6,True,False,False,,-1,40.604,0
2026-06-27 17:49:39,113,W+15.5,23899,5,True,False,False,,-1,40.6918,0
2026-06-27 17:50:15,77,B+9.5,16100,2,True,False,False,,-1,40.7002,0
2026-06-27 17:51:09,151,W+53.5,31381,4,True,False,False,,-1,40.862,0
2026-06-27 17:51:47,84,W+3.5,18374,2,True,False,False,,-1,40.8322,0
2026-06-27 17:52:22,109,B+9.5,22054,4,True,False,False,,-1,40.7197,0
2026-06-27 17:53:04,116,W+6.5,21390,3,True,False,False,,-1,40.6998,0
2026-06-27 17:53:43,106,W+22.5,20773,2,True,False,False,,-1,40.6998,0
2026-06-27 17:54:20,91,B+0.5,18374,2,True,False,False,,-1,40.7408,0
2026-06-27 17:54:52,89,W+16.5,18359,3,True,False,False,,-1,40.6361,0
2026-06-27 17:55:09,36,W+7.5,7292,2,True,False,False,,-1,40.3988,0
2026-06-27 17:55:49,94,W+30.5,20017,2,True,False,False,,-1,40.378,0
2026-06-27 17:56:43,155,B+51.5,32073,4,True,False,False,,-1,40.5207,0
2026-06-27 17:57:43,162,B+21.5,32602,2,True,False,False,,-1,40.6795,0
2026-06-27 17:58:29,112,B+9.5,25940,2,True,False,False,,-1,40.9808,0
2026-06-27 17:59:06,100,W+25.5,20917,2,True,False,False,,-1,40.9028,0
2026-06-27 17:59:53,128,B+27.5,24251,3,True,False,False,,-1,41.0023,0
2026-06-27 18:00:34,108,B+2.5,22547,5,True,False,False,,-1,40.8649,0
2026-06-27 18:01:31,160,W+72.5,31897,3,True,False,False,,-1,41.3137,0
2026-06-27 18:02:09,109,B+4.5,21401,5,True,False,False,,-1,41.0983,0
2026-06-27 18:03:00,162,B+51.5,32696,5,True,False,False,,-1,41.2478,0
2026-06-27 18:03:53,161,B+51.5,32699,6,True,False,False,,-1,41.464,0
2026-06-27 18:04:14,36,W+7.5,9021,2,True,False,False,,-1,41.3188,0
2026-06-27 18:04:49,91,W+8.5,19249,6,True,False,False,,-1,41.2724,0
2026-06-27 18:05:34,128,W+51.5,25506,5,True,False,False,,-1,41.3229,0
2026-06-27 18:06:17,98,B+13.5,20295,3,True,False,False,,-1,41.375,0
2026-06-27 18:06:58,113,B+15.5,22211,2,True,False,False,,-1,41.2958,0
2026-06-27 18:07:37,105,B+8.5,20432,3,True,False,False,,-1,41.3174,0
2026-06-27 18:08:22,113,B+14.5,23896,3,True,False,False,,-1,41.337,0
2026-06-27 18:08:52,74,W+13.5,12954,2,True,False,False,,-1,41.0919,0
2026-06-27 18:09:28,96,W+1.5,19192,8,True,False,False,,-1,41.0011,0
2026-06-27 18:10:07,106,B+14.5,21750,3,True,False,False,,-1,41.0326,0
2026-06-27 18:11:03,162,B+40.5,30148,6,True,False,False,,-1,41.0816,0
2026-06-27 18:11:51,121,B+41.5,24203,5,True,False,False,,-1,41.1582,0
2026-06-27 18:12:18,60,W+9.5,11017,2,True,False,False,,-1,41.1046,0
2026-06-27 18:13:04,149,B+28.5,28786,7,True,False,False,,-1,41.2117,0
2026-06-27 18:13:50,135,B+37.5,26813,3,True,False,False,,-1,41.2918,0
2026-06-27 18:14:45,162,W+54.5,31688,4,True,False,False,,-1,41.497,0
2026-06-27 18:15:33,138,W+36.5,27304,4,True,False,False,,-1,41.5632,0
2026-06-27 18:16:30,162,B+30.5,34001,4,True,False,False,,-1,41.7525,0
2026-06-27 18:17:04,96,B+2.5,17630,2,True,False,False,,-1,41.7854,0
2026-06-27 18:17:58,162,B+52.5,33170,2,True,False,False,,-1,41.9753,0
2026-06-27 18:18:39,118,B+11.5,23877,3,True,False,False,,-1,42.0328,0
2026-06-27 18:19:22,121,B+2.5,24310,5,True,False,False,,-1,41.8842,0
2026-06-27 18:19:56,79,W+8.5,15721,3,True,False,False,,-1,41.8252,0
2026-06-27 18:20:06,24,W+7.5,4695,2,True,False,False,,-1,41.5725,0
2026-06-27 18:20:42,89,B+2.5,17228,2,True,False,False,,-1,41.4262,0
2026-06-27 18:21:16,74,W+4.5,16298,2,True,False,False,,-1,41.3438,0
2026-06-27 18:22:00,126,W+12.5,25166,5,True,False,False,,-1,41.2985,0
2026-06-27 18:22:33,79,B+2.5,14973,2,True,False,False,,-1,41.2211,0
2026-06-27 18:23:26,162,W+62.5,32452,2,True,False,False,,-1,41.2984,0
2026-06-27 18:24:13,129,B+48.5,26553,2,True,False,False,,-1,41.3804,0
2026-06-27 18:24:47,91,W+13.5,16360,2,True,False,False,,-1,41.3582,0
2026-06-27 18:25:30,116,W+46.5,23541,7,True,False,False,,-1,41.4127,0
2026-06-27 18:26:09,102,W+21.5,19430,4,True,False,False,,-1,41.5523,0
2026-06-27 18:26:44,79,B+1.5,17102,2,True,False,False,,-1,41.4174,0
2026-06-27 18:27:35,141,B+38.5,29536,3,True,False,False,,-1,41.3952,0
2026-06-27 18:28:00,52,W+10.5,10253,2,True,False,False,,-1,41.1545,0
2026-06-27 18:28:41,118,W+41.5,22715,2,True,False,False,,-1,41.0468,0
2026-06-27 18:29:32,162,W+78.5,31766,5,True,False,False,,-1,41.1884,0
2026-06-27 18:30:26,136,W+49.5,28839,6,True,False,False,,-1,41.4979,0
2026-06-27 18:31:28,162,W+32.5,36098,3,True,False,False,,-1,41.7197,0
2026-06-27 18:32:00,86,W+23.5,15130,3,True,False,False,,-1,41.519,0
2026-06-27 18:32:51,150,W+59.5,31811,5,True,False,False,,-1,41.6441,0
2026-06-27 18:33:37,128,W+38.5,26432,2,True,False,False,,-1,41.7986,0
2026-06-27 18:34:08,57,B+8.5,13065,2,True,False,False,,-1,41.5843,0
2026-06-27 18:35:09,160,B+50.5,34415,9,True,False,False,,-1,41.7678,0
2026-06-27 18:36:04,155,B+37.5,31675,4,True,False,False,,-1,41.9429,0
2026-06-27 18:36:52,113,B+10.5,25270,4,True,False,False,,-1,41.8832,0
2026-06-27 18:37:39,134,W+48.5,25009,5,True,False,False,,-1,41.8711,0
2026-06-27 18:38:16,107,W+9.5,20853,3,True,False,False,,-1,41.8978,0
2026-06-27 18:39:08,136,B+31.5,28256,4,True,False,False,,-1,41.9484,0
2026-06-27 18:39:24,34,W+7.5,6130,2,True,False,False,,-1,41.7039,0
2026-06-27 18:40:06,98,B+4.5,18672,3,True,False,False,,-1,41.692,0
2026-06-27 18:40:48,107,B+20.5,23547,4,True,False,False,,-1,41.7107,0
2026-06-27 18:41:38,151,B+39.5,30989,7,True,False,False,,-1,41.8142,0
2026-06-27 18:42:33,162,B+49.5,32340,4,True,False,False,,-1,42.0165,0
2026-06-27 18:43:12,103,W+1.5,21149,5,True,False,False,,-1,41.8908,0
2026-06-27 18:44:07,162,B+52.5,35716,2,True,False,False,,-1,41.988,0
2026-06-27 18:44:42,84,W+12.5,17758,2,True,False,False,,-1,41.9131,0
2026-06-27 18:45:20,113,W+19.5,20757,4,True,False,False,,-1,42.0015,0
2026-06-27 18:46:12,148,W+60.5,29244,2,True,False,False,,-1,42.0608,0
2026-06-27 18:46:22,22,W+7.5,3949,2,True,False,False,,-1,41.7793,0
2026-06-27 18:47:16,155,B+37.5,31898,3,True,False,False,,-1,41.7177,0
2026-06-27 18:47:45,68,W+14.5,14323,2,True,False,False,,-1,41.5808,0
2026-06-27 18:48:32,127,W+32.5,25901,4,True,False,False,,-1,41.67,0
2026-06-27 18:49:26,162,W+34.5,29584,3,True,False,False,,-1,41.6595,0
2026-06-27 18:50:13,143,B+23.5,27049,6,True,False,False,,-1,41.6797,0
2026-06-27 18:50:53,107,W+20.5,22589,2,True,False,False,,-1,41.9102,0
2026-06-27 18:51:33,102,W+31.5,20676,3,True,False,False,,-1,41.9576,0
2026-06-27 18:52:13,114,W+27.5,23147,5,True,False,False,,-1,42.036,0
2026-06-27 18:52:54,114,B+3.5,24068,5,True,False,False,,-1,42.0647,0
2026-06-27 18:53:53,162,W+57.5,30825,4,True,False,False,,-1,42.2595,0
2026-06-27 18:54:25,80,W+10.5,15798,2,True,False,False,,-1,42.1319,0
2026-06-27 18:54:40,30,W+7.5,6491,2,True,False,False,,-1,41.8172,0
2026-06-27 18:55:17,86,W+29.5,17040,4,True,False,False,,-1,41.8418,0
2026-06-27 18:56:04,136,B+33.5,27491,7,True,False,False,,-1,41.7607,0
2026-06-27 18:56:49,123,B+18.5,26350,4,True,False,False,,-1,42.0784,0
2026-06-27 18:57:31,103,B+5.5,23376,2,True,False,False,,-1,41.9704,0
2026-06-27 18:58:18,135,B+20.5,27538,4,True,False,False,,-1,42.0076,0
2026-06-27 18:58:59,115,B+2.5,22434,3,True,False,False,,-1,41.9875,0
2026-06-27 18:59:40,106,W+25.5,20434,3,True,False,False,,-1,42.0031,0
2026-06-27 19:00:34,162,B+46.5,31852,5,True,False,False,,-1,42.1822,0
2026-06-27 19:01:18,131,W+41.5,28084,6,True,False,False,,-1,42.0874,0
2026-06-27 19:01:50,94,W+26.5,17717,3,True,False,False,,-1,42.0231,0
2026-06-27 19:02:35,132,W+35.5,27646,5,True,False,False,,-1,42.1269,0
2026-06-27 19:03:28,149,W+57.5,30224,4,True,False,False,,-1,42.2459,0
2026-06-27 19:04:36,162,B+39.5,34829,4,True,False,False,,-1,42.5287,0
2026-06-27 19:05:20,106,W+7.5,24266,3,True,False,False,,-1,42.5982,0
2026-06-27 19:05:55,94,W+21.5,19357,2,True,False,False,,-1,42.6293,0
2026-06-27 19:06:36,115,B+5.5,23501,4,True,False,False,,-1,42.861,0
2026-06-27 19:07:15,104,W+17.5,21212,5,True,False,False,,-1,42.859,0
2026-06-27 19:08:07,162,W+46.5,30107,5,True,False,False,,-1,42.8391,0
2026-06-27 19:08:42,101,B+9.5,20665,3,True,False,False,,-1,42.5833,0
2026-06-27 19:09:43,162,B+26.5,30816,3,True,False,False,,-1,42.732,0
2026-06-27 19:10:29,116,W+34.5,25160,4,True,False,False,,-1,42.823,0
2026-06-27 19:11:05,84,W+14.5,18325,3,True,False,False,,-1,42.7173,0
2026-06-27 19:11:22,32,W+7.5,7043,2,True,False,False,,-1,42.4708,0
2026-06-27 19:11:58,98,W+20.5,16971,2,True,False,False,,-1,42.2664,0
2026-06-27 19:12:19,42,W+7.5,8701,2,True,False,False,,-1,42.0959,0
2026-06-27 19:13:00,132,B+31.5,26159,6,True,False,False,,-1,41.9874,0
2026-06-27 19:13:40,114,B+18.5,22630,4,True,False,False,,-1,41.8673,0
2026-06-27 19:14:44,162,W+63.5,35788,6,True,False,False,,-1,42.2937,0
2026-06-27 19:15:37,162,B+57.5,31678,2,True,False,False,,-1,42.4702,0
2026-06-27 19:15:57,40,W+6.5,8241,3,True,False,False,,-1,42.2288,0
2026-06-27 19:16:36,100,W+20.5,21316,3,True,False,False,,-1,42.1871,0
2026-06-27 19:17:24,136,W+55.5,26020,5,True,False,False,,-1,42.2554,0
2026-06-27 19:17:40,32,W+7.5,6662,2,True,False,False,,-1,42.027,0
2026-06-27 19:18:24,109,B+14.5,23962,2,True,False,False,,-1,42.0203,0
2026-06-27 19:19:06,111,B+15.5,24265,3,True,False,False,,-1,42.132,0
2026-06-27 19:19:47,111,W+31.5,21634,5,True,False,False,,-1,42.1887,0
2026-06-27 19:20:25,88,W+10.5,17664,2,True,False,False,,-1,42.1719,0
2026-06-27 19:21:20,156,B+43.5,32854,4,True,False,False,,-1,42.1587,0
2026-06-27 19:21:55,86,W+4.5,17498,3,True,False,False,,-1,42.0396,0
2026-06-27 19:22:37,135,B+41.5,24479,4,True,False,False,,-1,42.1909,0
2026-06-27 19:23:00,54,W+9.5,9506,2,True,False,False,,-1,41.958,0
2026-06-27 19:24:02,162,W+53.5,32610,2,True,False,False,,-1,42.1132,0
2026-06-27 19:24:42,111,B+15.5,24682,5,True,False,False,,-1,41.9637,0
2026-06-27 19:25:41,162,W+16.5,33137,1,True,False,False,,-1,42.0813,0
2026-06-27 19:26:21,109,W+22.5,21081,2,True,False,False,,-1,41.9064,0
2026-06-27 19:27:11,138,B+31.5,26281,5,True,False,False,,-1,42.0693,0
2026-06-27 19:28:10,162,B+33.5,34407,4,True,False,False,,-1,42.1173,0
2026-06-27 19:28:57,136,B+38.5,25425,6,True,False,False,,-1,42.1702,0
2026-06-27 19:29:51,152,B+38.5,31734,3,True,False,False,,-1,42.2821,0
2026-06-27 19:30:34,134,W+57.5,25684,2,True,False,False,,-1,42.382,0
2026-06-27 19:31:13,98,W+23.5,20823,4,True,False,False,,-1,42.6598,0
2026-06-27 19:31:49,82,W+4.5,17515,3,True,False,False,,-1,42.6709,0
2026-06-27 19:32:36,132,W+51.5,23599,2,True,False,False,,-1,42.7952,0
2026-06-27 19:33:32,162,B+11.5,32695,2,True,False,False,,-1,42.9191,0
2026-06-27 19:34:21,144,W+61.5,27714,3,True,False,False,,-1,43.0769,0
2026-06-27 19:35:00,109,W+8.5,21734,7,True,False,False,,-1,42.9378,0
2026-06-27 19:35:53,151,W+59.5,29887,6,True,False,False,,-1,42.9902,0
2026-06-27 19:36:42,162,W+23.5,31102,3,True,False,False,,-1,43.1443,0
2026-06-27 19:37:16,110,W+16.5,20088,6,True,False,False,,-1,43.0614,0
2026-06-27 19:38:03,116,B+10.5,25949,3,True,False,False,,-1,43.1362,0
2026-06-27 19:38:58,162,B+48.5,33084,2,True,False,False,,-1,43.3351,0
2026-06-27 19:39:44,135,B+51.5,24380,3,True,False,False,,-1,43.2865,0
2026-06-27 19:40:29,130,B+32.5,26108,6,True,False,False,,-1,43.4898,0
2026-06-27 19:41:15,133,B+36.5,25163,4,True,False,False,,-1,43.5345,0
2026-06-27 19:42:13,162,W+76.5,34376,5,True,False,False,,-1,43.6096,0
2026-06-27 19:43:15,162,B+47.5,34836,4,True,False,False,,-1,43.6826,0
2026-06-27 19:43:59,112,W+57.5,22375,2,True,False,False,,-1,43.5038,0
2026-06-27 19:44:42,107,B+6.5,21546,5,True,False,False,,-1,43.6106,0
2026-06-27 19:45:21,110,W+30.5,23942,2,True,False,False,,-1,43.5042,0
2026-06-27 19:46:19,162,B+16.5,34226,3,True,False,False,,-1,43.615,0
2026-06-27 19:47:01,116,W+6.5,23020,6,True,False,False,,-1,43.7307,0
2026-06-27 19:47:42,109,B+12.5,20231,2,True,False,False,,-1,43.5259,0
2026-06-27 19:48:20,90,W+19.5,18212,3,True,False,False,,-1,43.3625,0
2026-06-27 19:48:45,58,W+11.5,10454,2,True,False,False,,-1,43.1305,0
2026-06-27 19:49:04,46,W+7.5,8157,2,True,False,False,,-1,42.8516,0
2026-06-27 19:49:56,154,W+48.5,32599,4,True,False,False,,-1,43.0007,0
2026-06-27 19:50:51,162,B+37.5,32690,4,True,False,False,,-1,43.0295,0
2026-06-27 19:51:43,134,W+48.5,28243,2,True,False,False,,-1,43.3786,0
2026-06-27 19:52:18,108,W+6.5,20738,3,True,False,False,,-1,43.3136,0
2026-06-27 19:52:51,86,W+9.5,16936,2,True,False,False,,-1,43.2243,0
2026-06-27 19:53:49,155,B+40.5,31171,6,True,False,False,,-1,43.2995,0
2026-06-27 19:54:10,50,W+6.5,9391,2,True,False,False,,-1,42.9667,0
2026-06-27 19:55:11,162,B+35.5,35892,11,True,False,False,,-1,43.1839,0
2026-06-27 19:56:05,153,W+50.5,29682,8,True,False,False,,-1,43.1778,0
2026-06-27 19:56:46,122,W+57.5,22083,3,True,False,False,,-1,43.236,0
2026-06-27 19:57:38,152,W+34.5,30856,6,True,False,False,,-1,43.3823,0
2026-06-27 19:58:20,106,W+35.5,22082,4,True,False,False,,-1,43.2788,0
2026-06-27 19:59:13,150,B+31.5,31864,9,True,False,False,,-1,43.7032,0
2026-06-27 20:00:01,125,B+21.5,26750,3,True,False,False,,-1,43.6517,0
2026-06-27 20:00:41,108,B+2.5,21610,5,True,False,False,,-1,43.752,0
2026-06-27 20:01:25,106,B+17.5,21671,3,True,False,False,,-1,43.7284,0
2026-06-27 20:02:22,162,B+31.5,33979,5,True,False,False,,-1,43.7616,0
2026-06-27 20:02:31,24,W+6.5,3983,3,True,False,False,,-1,43.3801,0
2026-06-27 20:03:17,110,W+22.5,22917,2,True,False,False,,-1,43.4409,0
2026-06-27 20:03:53,97,B+2.5,19266,2,True,False,False,,-1,43.3971,0
2026-06-27 20:04:31,110,W+14.5,22325,5,True,False,False,,-1,43.3775,0
2026-06-27 20:05:22,153,B+46.5,30296,5,True,False,False,,-1,43.4706,0
2026-06-27 20:06:16,162,W+34.5,30943,3,True,False,False,,-1,43.4263,0
2026-06-27 20:06:50,86,W+5.5,17141,2,True,False,False,,-1,43.4479,0
2026-06-27 20:07:27,108,B+3.5,20071,5,True,False,False,,-1,43.6643,0
2026-06-27 20:08:05,92,W+9.5,17767,3,True,False,False,,-1,43.6768,0
2026-06-27 20:08:47,99,B+0.5,21063,3,True,False,False,,-1,43.6265,0
2026-06-27 20:09:27,96,B+3.5,20519,3,True,False,False,,-1,43.5835,0
2026-06-27 20:09:55,66,W+14.5,12263,2,True,False,False,,-1,43.4345,0
2026-06-27 20:10:33,109,W+8.5,19675,3,True,False,False,,-1,43.3468,0
2026-06-27 20:11:14,113,B+11.5,23836,3,True,False,False,,-1,43.3479,0
2026-06-27 20:11:57,117,W+22.5,24479,5,True,False,False,,-1,43.3744,0
2026-06-27 20:12:33,93,B+1.5,19414,4,True,False,False,,-1,43.1861,0
2026-06-27 20:13:20,141,B+38.5,28326,5,True,False,False,,-1,43.2205,0
2026-06-27 20:13:57,99,B+2.5,20203,7,True,False,False,,-1,43.2649,0
2026-06-27 20:14:46,138,B+44.5,30298,7,True,False,False,,-1,43.305,0
2026-06-27 20:15:21,92,B+0.5,18846,2,True,False,False,,-1,43.1211,0
2026-06-27 20:16:07,123,B+41.5,24468,2,True,False,False,,-1,42.9095,0
2026-06-27 20:16:50,114,B+1.5,22536,6,True,False,False,,-1,42.8958,0
2026-06-27 20:17:26,99,B+5.5,20668,2,True,False,False,,-1,42.9057,0
2026-06-27 20:18:10,112,W+27.5,22331,3,True,False,False,,-1,42.9424,0
2026-06-27 20:18:59,138,W+1.5,28937,9,True,False,False,,-1,43.0409,0
2026-06-27 20:19:38,103,W+9.5,22146,3,True,False,False,,-1,42.9025,0
2026-06-27 20:20:17,109,W+15.5,21982,6,True,False,False,,-1,42.9456,0
2026-06-27 20:20:52,94,W+12.5,18658,2,True,False,False,,-1,42.693,0
2026-06-27 20:21:11,42,W+4.5,7521,2,True,False,False,,-1,42.4213,0
2026-06-27 20:21:50,105,W+6.5,21292,6,True,False,False,,-1,42.451,0
2026-06-27 20:22:45,162,W+40.5,33244,5,True,False,False,,-1,42.8317,0
2026-06-27 20:23:41,160,B+19.5,32119,6,True,False,False,,-1,43.0262,0
2026-06-27 20:24:26,119,B+32.5,25529,3,True,False,False,,-1,43.2643,0
2026-06-27 20:25:25,162,W+81.5,32996,4,True,False,False,,-1,43.4487,0
2026-06-27 20:26:02,92,W+0.5,19297,3,True,False,False,,-1,43.4171,0
2026-06-27 20:26:58,162,W+43.5,35028,4,True,False,False,,-1,43.334,0
2026-06-27 20:27:37,110,B+9.5,20889,2,True,False,False,,-1,43.2044,0
2026-06-27 20:28:22,120,B+14.5,24210,3,True,False,False,,-1,43.4451,0
2026-06-27 20:29:10,137,B+41.5,26584,3,True,False,False,,-1,43.5318,0
2026-06-27 20:30:03,133,B+37.5,29571,3,True,False,False,,-1,43.5876,0
2026-06-27 20:30:44,109,B+12.5,21659,5,True,False,False,,-1,43.842,0
2026-06-27 20:31:18,103,W+9.5,20809,4,True,False,False,,-1,43.7326,0
2026-06-27 20:31:54,93,B+3.5,17310,3,True,False,False,,-1,43.6783,0
2026-06-27 20:32:31,111,B+5.5,21481,5,True,False,False,,-1,43.6324,0
2026-06-27 20:33:06,98,W+5.5,20330,3,True,False,False,,-1,43.6096,0
2026-06-27 20:33:45,98,W+11.5,20124,2,True,False,False,,-1,43.4465,0
2026-06-27 20:34:04,42,W+6.5,8520,2,True,False,False,,-1,43.2785,0
2026-06-27 20:34:35,61,B+4.5,13758,2,True,False,False,,-1,43.1793,0
2026-06-27 20:35:13,88,W+6.5,17453,2,True,False,False,,-1,43.3219,0
2026-06-27 20:35:44,68,W+12.5,13730,2,True,False,False,,-1,43.0197,0
2026-06-27 20:36:34,141,B+37.5,27596,2,True,False,False,,-1,43.12,0
2026-06-27 20:37:27,141,W+27.5,30043,8,True,False,False,,-1,43.0507,0
2026-06-27 20:38:14,106,W+40.5,22416,2,True,False,False,,-1,43.127,0
2026-06-27 20:38:50,87,B+7.5,15789,2,True,False,False,,-1,42.9873,0
2026-06-27 20:39:26,104,B+3.5,19547,3,True,False,False,,-1,42.7578,0
2026-06-27 20:40:25,162,W+45.5,32972,6,True,False,False,,-1,42.8751,0
2026-06-27 20:41:15,144,B+50.5,30741,8,True,False,False,,-1,42.8438,0
2026-06-27 20:41:55,103,B+8.5,21019,2,True,False,False,,-1,42.8002,0
2026-06-27 20:42:50,146,W+33.5,29169,4,True,False,False,,-1,42.9733,0
2026-06-27 20:43:34,131,W+0.5,24089,11,True,False,False,,-1,43.0478,0
2026-06-27 20:44:29,162,B+57.5,33012,3,True,False,False,,-1,43.1308,0
2026-06-27 20:45:08,106,W+8.5,22455,5,True,False,False,,-1,42.9499,0
2026-06-27 20:45:35,70,W+15.5,13346,2,True,False,False,,-1,42.7364,0
2026-06-27 20:46:13,114,B+24.5,21309,3,True,False,False,,-1,42.7204,0
2026-06-27 20:46:39,66,W+6.5,13139,2,True,False,False,,-1,42.4635,0
2026-06-27 20:47:36,162,B+38.5,31927,1,True,False,False,,-1,42.5377,0
2026-06-27 20:48:19,113,B+1.5,23600,4,True,False,False,,-1,42.6227,0
2026-06-27 20:49:10,132,W+48.5,24560,3,True,False,False,,-1,42.6625,0
2026-06-27 20:49:48,93,B+4.5,19887,2,True,False,False,,-1,42.4973,0
2026-06-27 20:50:16,64,W+5.5,12326,3,True,False,False,,-1,42.317,0
2026-06-27 20:50:59,111,B+41.5,20327,2,True,False,False,,-1,42.2983,0
2026-06-27 20:51:37,91,W+5.5,19075,2,True,False,False,,-1,42.2111,0
2026-06-27 20:52:16,106,W+17.5,23288,4,True,False,False,,-1,42.0193,0
2026-06-27 20:53:04,150,B+42.5,29556,6,True,False,False,,-1,41.8921,0
2026-06-27 20:53:44,127,W+21.5,24974,9,True,False,False,,-1,41.8501,0
2026-06-27 20:54:38,162,B+41.5,34803,8,True,False,False,,-1,41.9574,0
2026-06-27 20:55:22,121,B+41.5,24392,3,True,False,False,,-1,42.0012,0
2026-06-27 20:56:15,133,B+42.5,26774,4,True,False,False,,-1,41.9547,0
2026-06-27 20:56:53,89,B+11.5,17922,4,True,False,False,,-1,41.9114,0
2026-06-27 20:57:26,100,W+15.5,18577,3,True,False,False,,-1,41.842,0
2026-06-27 20:58:22,161,W+72.5,32412,6,True,False,False,,-1,42.0086,0
2026-06-27 20:59:16,153,B+53.5,31454,2,True,False,False,,-1,42.3061,0
2026-06-27 20:59:55,109,W+10.5,22276,5,True,False,False,,-1,42.5024,0
2026-06-27 21:00:29,86,W+13.5,18406,2,True,False,False,,-1,42.3288,0
2026-06-27 21:01:16,133,B+7.5,26105,5,True,False,False,,-1,42.2398,0
2026-06-27 21:01:55,113,W+13.5,21721,5,True,False,False,,-1,42.1221,0
2026-06-27 21:02:47,144,W+47.5,29326,4,True,False,False,,-1,42.2866,0
2026-06-27 21:03:25,102,B+1.5,19279,3,True,False,False,,-1,42.3335,0
2026-06-27 21:04:22,162,W+66.5,34660,1,True,False,False,,-1,42.3272,0
2026-06-27 21:04:59,84,W+11.5,17752,2,True,False,False,,-1,42.4842,0
2026-06-27 21:05:45,110,W+26.5,23368,5,True,False,False,,-1,42.3311,0
2026-06-27 21:06:41,159,B+37.5,30325,3,True,False,False,,-1,42.3523,0
2026-06-27 21:07:26,110,W+33.5,22721,3,True,False,False,,-1,42.4003,0
2026-06-27 21:08:03,92,W+19.5,19565,4,True,False,False,,-1,42.2389,0
2026-06-27 21:08:49,108,B+5.5,23035,3,True,False,False,,-1,42.2791,0
2026-06-27 21:09:23,90,W+12.5,16428,3,True,False,False,,-1,42.097,0
2026-06-27 21:09:59,95,W+8.5,19092,3,True,False,False,,-1,41.9752,0
2026-06-27 21:10:37,107,B+1.5,21058,3,True,False,False,,-1,41.9581,0
2026-06-27 21:11:18,112,W+30.5,24491,4,True,False,False,,-1,41.9236,0
2026-06-27 21:11:46,52,W+14.5,10770,2,True,False,False,,-1,41.6302,0
2026-06-27 21:12:43,162,W+74.5,33492,1,True,False,False,,-1,42.1102,0
2026-06-27 21:13:38,162,W+82.5,32817,6,True,False,False,,-1,42.201,0
2026-06-27 21:14:28,135,B+40.5,29314,8,True,False,False,,-1,42.3402,0
2026-06-27 21:15:17,140,B+45.5,28108,8,True,False,False,,-1,42.4579,0
2026-06-27 21:15:49,90,W+6.5,16844,2,True,False,False,,-1,42.2679,0
2026-06-27 21:16:16,66,W+1.5,12132,2,True,False,False,,-1,41.9947,0
2026-06-27 21:16:53,95,B+3.5,19589,3,True,False,False,,-1,42.033,0
2026-06-27 21:17:30,92,W+6.5,17673,3,True,False,False,,-1,42.0242,0
2026-06-27 21:18:27,162,B+12.5,34451,4,True,False,False,,-1,42.2221,0
2026-06-27 21:19:06,108,W+5.5,21965,4,True,False,False,,-1,42.1862,0
2026-06-27 21:19:52,130,W+60.5,26553,3,True,False,False,,-1,42.2395,0
2026-06-27 21:20:34,102,W+30.5,21865,3,True,False,False,,-1,42.3813,0
2026-06-27 21:21:22,137,B+35.5,27576,5,True,False,False,,-1,42.4902,0
2026-06-27 21:22:22,162,W+55.5,33177,6,True,False,False,,-1,42.6728,0
2026-06-27 21:22:55,95,B+15.5,20135,4,True,False,False,,-1,42.5777,0
2026-06-27 21:23:35,104,W+24.5,20459,4,True,False,False,,-1,42.617,0
2026-06-27 21:24:23,128,W+41.5,25609,7,True,False,False,,-1,42.6198,0
2026-06-27 21:25:10,143,W+42.5,25354,3,True,False,False,,-1,42.7273,0
2026-06-27 21:25:39,67,B+5.5,12144,2,True,False,False,,-1,42.5265,0
2026-06-27 21:26:35,154,W+57.5,31908,4,True,False,False,,-1,42.7399,0
2026-06-27 21:27:27,161,B+42.5,30272,2,True,False,False,,-1,42.7917,0
2026-06-27 21:28:09,112,W+16.5,20395,3,True,False,False,,-1,42.7873,0
2026-06-27 21:28:52,128,W+54.5,25140,4,True,False,False,,-1,42.8547,0
2026-06-27 21:29:48,162,B+49.5,33903,6,True,False,False,,-1,42.9733,0
2026-06-27 21:30:41,116,W+50.5,26384,2,True,False,False,,-1,43.0102,0
2026-06-27 21:31:27,142,B+40.5,27079,2,True,False,False,,-1,43.0921,0
2026-06-27 21:32:05,106,W+1.5,20743,2,True,False,False,,-1,43.0844,0
2026-06-27 21:32:48,110,W+22.5,22390,4,True,False,False,,-1,43.1593,0
2026-06-27 21:33:32,120,W+32.5,24659,5,True,False,False,,-1,43.3994,0
2026-06-27 21:34:03,87,B+0.5,15612,2,True,False,False,,-1,43.3282,0
2026-06-27 21:34:40,120,B+21.5,23013,6,True,False,False,,-1,43.1497,0
2026-06-27 21:35:13,92,W+18.5,16917,3,True,False,False,,-1,42.9123,0
2026-06-27 21:35:59,105,W+28.5,23370,5,True,False,False,,-1,42.9233,0
2026-06-27 21:36:31,80,W+9.5,16496,3,True,False,False,,-1,42.6642,0
2026-06-27 21:37:19,146,B+33.5,28873,9,True,False,False,,-1,42.7668,0
2026-06-27 21:38:04,123,B+10.5,23018,6,True,False,False,,-1,42.659,0
2026-06-27 21:38:45,119,W+36.5,22311,5,True,False,False,,-1,42.6745,0
2026-06-27 21:39:26,109,B+1.5,20756,4,True,False,False,,-1,42.6345,0
2026-06-27 21:40:26,152,B+38.5,31534,3,True,False,False,,-1,42.7552,0
2026-06-27 21:41:09,119,B+35.5,22307,3,True,False,False,,-1,42.648,0
2026-06-27 21:41:47,121,B+25.5,22034,8,True,False,False,,-1,42.6218,0
2026-06-27 21:42:23,102,W+1.5,19750,5,True,False,False,,-1,42.6537,0
2026-06-27 21:42:59,103,W+10.5,19132,4,True,False,False,,-1,42.6501,0
2026-06-27 21:43:32,101,W+14.5,18444,3,True,False,False,,-1,42.6055,0
2026-06-27 21:44:18,138,W+48.5,27663,10,True,False,False,,-1,42.7211,0
2026-06-27 21:45:00,126,W+13.5,25267,6,True,False,False,,-1,42.7466,0
2026-06-27 21:45:48,162,B+30.5,31994,4,True,False,False,,-1,43.0435,0
2026-06-27 21:46:36,128,B+10.5,25893,5,True,False,False,,-1,43.2068,0
2026-06-27 21:46:44,20,W+7.5,3497,2,True,False,False,,-1,42.9134,0
2026-06-27 21:47:35,146,W+39.5,27782,4,True,False,False,,-1,43.1039,0
2026-06-27 21:48:14,115,B+1.5,22290,6,True,False,False,,-1,42.996,0
2026-06-27 21:48:36,52,W+21.5,8566,2,True,False,False,,-1,42.6904,0
2026-06-27 21:49:17,102,W+21.5,21218,3,True,False,False,,-1,42.6224,0
2026-06-27 21:50:18,162,B+37.5,32173,3,True,False,False,,-1,42.8777,0
2026-06-27 21:50:51,80,W+12.5,16515,2,True,False,False,,-1,42.8411,0
2026-06-27 21:51:34,103,W+1.5,22010,3,True,False,False,,-1,42.6939,0
2026-06-27 21:52:13,113,B+0.5,23088,4,True,False,False,,-1,42.5737,0
2026-06-27 21:52:51,93,W+8.5,18770,3,True,False,False,,-1,42.5612,0
2026-06-27 21:53:23,103,W+11.5,19878,3,True,False,False,,-1,42.3232,0
2026-06-27 21:54:23,162,W+42.5,33790,5,True,False,False,,-1,42.4871,0
2026-06-27 21:55:16,147,W+51.5,30553,3,True,False,False,,-1,42.4693,0
2026-06-27 21:56:05,140,W+66.5,28129,3,True,False,False,,-1,42.5691,0
2026-06-27 21:56:54,143,B+43.5,26459,3,True,False,False,,-1,42.7925,0
2026-06-27 21:57:50,146,B+51.5,31225,5,True,False,False,,-1,42.968,0
2026-06-27 21:58:24,80,W+9.5,17006,2,True,False,False,,-1,43.0476,0
2026-06-27 21:58:58,82,W+13.5,15445,3,True,False,False,,-1,42.82,0
2026-06-27 21:59:32,106,W+25.5,19788,3,True,False,False,,-1,42.7309,0
2026-06-27 22:00:23,151,B+42.5,29929,3,True,False,False,,-1,42.7354,0
2026-06-27 22:01:12,128,W+11.5,27897,2,True,False,False,,-1,42.8407,0
2026-06-27 22:02:15,162,W+35.5,34482,3,True,False,False,,-1,43.1803,0
2026-06-27 22:03:12,145,B+48.5,31133,5,True,False,False,,-1,43.3197,0
2026-06-27 22:03:53,125,W+31.5,24518,8,True,False,False,,-1,43.3628,0
2026-06-27 22:04:52,145,W+55.5,31135,6,True,False,False,,-1,43.5572,0
2026-06-27 22:05:31,119,B+4.5,23364,5,True,False,False,,-1,43.467,0
2026-06-27 22:06:23,128,W+39.5,28717,5,True,False,False,,-1,43.59,0
2026-06-27 22:07:07,102,B+10.5,22197,3,True,False,False,,-1,43.4835,0
2026-06-27 22:07:46,104,W+11.5,21200,6,True,False,False,,-1,43.4367,0
2026-06-27 22:08:24,93,B+11.5,18958,5,True,False,False,,-1,43.2907,0
2026-06-27 22:09:08,137,B+18.5,26380,3,True,False,False,,-1,43.3536,0
2026-06-27 22:09:41,80,W+10.5,15494,2,True,False,False,,-1,43.3416,0
2026-06-27 22:10:22,116,W+32.5,24238,3,True,False,False,,-1,43.2043,0
2026-06-27 22:11:06,113,B+8.5,22518,3,True,False,False,,-1,43.0936,0
2026-06-27 22:11:45,102,B+10.5,20547,3,True,False,False,,-1,43.0984,0
2026-06-27 22:12:23,118,B+19.5,21776,3,True,False,False,,-1,43.1346,0
2026-06-27 22:13:11,120,B+41.5,25215,4,True,False,False,,-1,43.147,0
2026-06-27 22:13:52,113,W+16.5,22920,6,True,False,False,,-1,43.1663,0
2026-06-27 22:14:33,118,B+0.5,23324,5,True,False,False,,-1,43.0636,0
2026-06-27 22:14:58,58,W+0.5,11336,2,True,False,False,,-1,42.9259,0
2026-06-27 22:15:38,140,W+3.5,24637,8,True,False,False,,-1,42.7638,0
2026-06-27 22:16:33,162,W+41.5,34032,4,True,False,False,,-1,42.9371,0
2026-06-27 22:17:18,118,W+10.5,24289,3,True,False,False,,-1,42.9343,0
2026-06-27 22:17:54,82,W+6.5,17125,3,True,False,False,,-1,42.7241,0
2026-06-27 22:18:28,84,W+9.5,16601,2,True,False,False,,-1,42.6122,0
2026-06-27 22:19:03,104,W+6.5,19192,5,True,False,False,,-1,42.5985,0
2026-06-27 22:19:47,117,W+11.5,22735,3,True,False,False,,-1,42.5838,0
2026-06-27 22:20:39,143,W+56.5,29435,8,True,False,False,,-1,42.7616,0
2026-06-27 22:21:32,162,W+34.5,31801,3,True,False,False,,-1,42.9295,0
2026-06-27 22:22:13,122,W+0.5,22509,4,True,False,False,,-1,42.9551,0
2026-06-27 22:22:50,88,W+12.5,16922,2,True,False,False,,-1,42.913,0
2026-06-27 22:23:35,113,B+21.5,23257,2,True,False,False,,-1,43.0877,0
2026-06-27 22:24:24,144,B+43.5,27584,4,True,False,False,,-1,43.012,0
2026-06-27 22:25:00,70,W+8.5,15691,2,True,False,False,,-1,42.822,0
2026-06-27 22:25:56,162,W+66.5,32250,6,True,False,False,,-1,42.8841,0
2026-06-27 22:26:48,121,B+29.5,25389,4,True,False,False,,-1,42.9026,0
2026-06-27 22:27:24,88,W+1.5,16549,2,True,False,False,,-1,42.9467,0
2026-06-27 22:28:13,142,W+62.5,27774,3,True,False,False,,-1,43.1655,0
2026-06-27 22:29:06,162,B+49.5,30851,3,True,False,False,,-1,43.3241,0
2026-06-27 22:29:52,125,B+43.5,25827,5,True,False,False,,-1,43.4175,0
2026-06-27 22:30:52,162,B+24.5,33806,4,True,False,False,,-1,43.4417,0
2026-06-27 22:31:43,142,B+42.5,28473,3,True,False,False,,-1,43.5666,0
2026-06-27 22:32:28,126,W+49.5,22798,2,True,False,False,,-1,43.5589,0
2026-06-27 22:33:07,114,B+10.5,22359,5,True,False,False,,-1,43.5264,0
2026-06-27 22:33:49,123,W+36.5,24346,6,True,False,False,,-1,43.4616,0
2026-06-27 22:34:27,105,W+4.5,20058,7,True,False,False,,-1,43.244,0
2026-06-27 22:35:11,119,B+45.5,24167,2,True,False,False,,-1,43.3477,0
2026-06-27 22:35:33,50,W+4.5,9145,2,True,False,False,,-1,43.1776,0
2026-06-27 22:36:01,46,W+8.5,10824,2,True,False,False,,-1,42.9768,0
2026-06-27 22:36:35,103,W+2.5,17607,5,True,False,False,,-1,42.8466,0
2026-06-27 22:36:58,48,W+8.5,9676,2,True,False,False,,-1,42.79,0
2026-06-27 22:37:36,105,B+12.5,18717,5,True,False,False,,-1,42.6046,0
2026-06-27 22:38:31,162,B+32.5,33048,3,True,False,False,,-1,42.6405,0
2026-06-27 22:39:17,126,W+63.5,24372,2,True,False,False,,-1,42.6837,0
2026-06-27 22:40:02,130,B+0.5,26659,6,True,False,False,,-1,42.6969,0
2026-06-27 22:40:49,132,B+46.5,25428,5,True,False,False,,-1,42.6037,0
2026-06-27 22:41:28,111,B+18.5,22906,4,True,False,False,,-1,42.4662,0
2026-06-27 22:42:03,100,B+16.5,20272,2,True,False,False,,-1,42.3609,0
2026-06-27 22:42:47,125,B+1.5,24756,5,True,False,False,,-1,42.4129,0
2026-06-27 22:43:43,162,W+66.5,31893,5,True,False,False,,-1,42.5411,0
2026-06-27 22:44:25,134,W+13.5,27678,10,True,False,False,,-1,42.5351,0
2026-06-27 22:45:01,101,B+2.5,18059,4,True,False,False,,-1,42.5752,0
2026-06-27 22:45:34,89,B+2.5,17120,3,True,False,False,,-1,42.5289,0
2026-06-27 22:46:12,99,W+4.5,19433,3,True,False,False,,-1,42.5917,0
2026-06-27 22:47:00,142,W+20.5,28676,6,True,False,False,,-1,42.6122,0
2026-06-27 22:47:36,91,B+3.5,18259,3,True,False,False,,-1,42.6468,0
2026-06-27 22:48:16,94,W+17.5,20440,2,True,False,False,,-1,42.5608,0
2026-06-27 22:49:06,140,B+45.5,29216,5,True,False,False,,-1,42.6103,0
2026-06-27 22:49:58,136,B+27.5,27671,3,True,False,False,,-1,42.7211,0
2026-06-27 22:50:41,123,W+51.5,22713,2,True,False,False,,-1,42.7521,0
2026-06-27 22:51:00,38,W+5.5,7462,2,True,False,False,,-1,42.3352,0
2026-06-27 22:51:45,119,B+17.5,24165,2,True,False,False,,-1,42.3646,0
2026-06-27 22:52:35,130,B+39.5,24798,3,True,False,False,,-1,42.4803,0
2026-06-27 22:53:32,158,W+50.5,30766,8,True,False,False,,-1,42.6803,0
2026-06-27 22:54:10,108,W+30.5,20986,2,True,False,False,,-1,42.7049,0
2026-06-27 22:54:56,121,B+43.5,25054,4,True,False,False,,-1,42.8422,0
2026-06-27 22:55:48,140,W+43.5,29582,4,True,False,False,,-1,42.8886,0
2026-06-27 22:56:26,91,B+1.5,18826,3,True,False,False,,-1,42.8581,0
2026-06-27 22:57:02,107,B+20.5,22287,4,True,False,False,,-1,42.7302,0
2026-06-27 22:57:57,161,W+44.5,31992,5,True,False,False,,-1,42.8054,0
2026-06-27 22:58:48,150,B+43.5,29552,7,True,False,False,,-1,43.2285,0
2026-06-27 22:59:32,109,B+19.5,21891,2,True,False,False,,-1,43.1621,0
2026-06-27 23:00:30,162,W+42.5,33058,1,True,False,False,,-1,43.3615,0
2026-06-27 23:00:59,70,W+7.5,13264,2,True,False,False,,-1,43.4234,0
2026-06-27 23:01:36,107,B+6.5,21610,3,True,False,False,,-1,43.3884,0
2026-06-27 23:02:20,126,W+5.5,26581,7,True,False,False,,-1,43.2173,0
2026-06-27 23:03:13,141,B+38.5,28687,4,True,False,False,,-1,43.4216,0
2026-06-27 23:03:51,99,B+4.5,21092,5,True,False,False,,-1,43.3666,0
2026-06-27 23:04:38,107,B+13.5,21208,3,True,False,False,,-1,43.4462,0
2026-06-27 23:05:12,89,W+0.5,18826,3,True,False,False,,-1,43.408,0
2026-06-27 23:05:47,80,W+11.5,17221,3,True,False,False,,-1,43.4341,0
2026-06-27 23:06:42,162,W+68.5,33069,5,True,False,False,,-1,43.3812,0
2026-06-27 23:07:35,162,B+60.5,32806,3,True,False,False,,-1,43.3846,0
2026-06-27 23:07:47,24,W+7.5,5522,2,True,False,False,,-1,43.0179,0
2026-06-27 23:08:45,162,B+50.5,33544,4,True,False,False,,-1,43.1022,0
2026-06-27 23:09:21,98,W+29.5,19067,2,True,False,False,,-1,42.9085,0
2026-06-27 23:09:59,98,W+26.5,19073,2,True,False,False,,-1,42.9437,0
2026-06-27 23:10:52,162,B+32.5,30828,5,True,False,False,,-1,43.1318,0
2026-06-27 23:11:53,162,B+29.5,33556,4,True,False,False,,-1,43.4044,0
2026-06-27 23:12:53,162,W+28.5,34939,5,True,False,False,,-1,43.4904,0
2026-06-27 23:13:24,80,W+1.5,14639,3,True,False,False,,-1,43.3162,0
2026-06-27 23:14:16,159,B+49.5,31569,4,True,False,False,,-1,43.209,0
2026-06-27 23:15:16,162,B+31.5,32431,2,True,False,False,,-1,43.2371,0
2026-06-27 23:16:07,162,B+4.5,32362,5,True,False,False,,-1,43.3367,0
2026-06-27 23:17:06,158,B+41.5,33134,5,True,False,False,,-1,43.3379,0
2026-06-27 23:17:55,136,B+37.5,25788,6,True,False,False,,-1,43.4348,0
2026-06-27 23:18:49,159,B+54.5,30856,10,True,False,False,,-1,43.4535,0
2026-06-27 23:19:24,95,B+13.5,19106,4,True,False,False,,-1,43.369,0
2026-06-27 23:19:59,97,B+15.5,18123,3,True,False,False,,-1,43.3323,0
2026-06-27 23:20:36,90,W+15.5,18063,4,True,False,False,,-1,43.3101,0
2026-06-27 23:21:19,112,B+29.5,22048,2,True,False,False,,-1,43.3031,0
2026-06-27 23:22:16,144,B+26.5,30434,2,True,False,False,,-1,43.553,0
2026-06-27 23:22:40,53,B+6.5,9269,3,True,False,False,,-1,43.3713,0
2026-06-27 23:23:18,104,W+13.5,21369,2,True,False,False,,-1,43.3211,0
2026-06-27 23:23:59,96,W+18.5,20022,4,True,False,False,,-1,43.3401,0
2026-06-27 23:24:49,140,B+23.5,29541,7,True,False,False,,-1,43.4519,0
2026-06-27 23:25:34,132,W+60.5,24402,2,True,False,False,,-1,43.4292,0
2026-06-27 23:26:18,137,B+44.5,26506,12,True,False,False,,-1,43.4537,0
2026-06-27 23:26:53,104,B+3.5,19112,5,True,False,False,,-1,43.3934,0
2026-06-27 23:27:32,106,W+7.5,21669,3,True,False,False,,-1,43.5392,0
2026-06-27 23:28:22,131,B+42.5,26326,4,True,False,False,,-1,43.6387,0
2026-06-27 23:29:12,141,B+11.5,29221,7,True,False,False,,-1,43.5889,0
2026-06-27 23:29:46,105,W+16.5,20101,2,True,False,False,,-1,43.4769,0
2026-06-27 23:30:28,116,W+8.5,22106,3,True,False,False,,-1,43.5415,0
2026-06-27 23:31:19,131,B+31.5,25839,4,True,False,False,,-1,43.7089,0
2026-06-27 23:32:02,105,W+9.5,21651,4,True,False,False,,-1,43.784,0
2026-06-27 23:32:39,92,W+5.5,19870,3,True,False,False,,-1,43.7089,0
2026-06-27 23:33:14,115,B+25.5,21102,5,True,False,False,,-1,43.5487,0
2026-06-27 23:34:02,131,W+32.5,26027,5,True,False,False,,-1,43.4999,0
2026-06-27 23:34:36,92,B+2.5,16696,3,True,False,False,,-1,43.4271,0
2026-06-27 23:35:17,123,W+43.5,22624,2,True,False,False,,-1,43.4673,0
2026-06-27 23:36:11,162,W+70.5,32207,4,True,False,False,,-1,43.5563,0
2026-06-27 23:36:47,85,B+6.5,16434,4,True,False,False,,-1,43.422,0
2026-06-27 23:37:28,120,W+45.5,23459,3,True,False,False,,-1,43.4753,0
2026-06-27 23:38:06,84,W+3.5,18099,2,True,False,False,,-1,43.2891,0
2026-06-27 23:39:04,158,W+57.5,32494,7,True,False,False,,-1,43.3601,0
2026-06-27 23:39:53,139,B+53.5,28267,3,True,False,False,,-1,43.4937,0
2026-06-27 23:40:48,162,W+68.5,31394,1,True,False,False,,-1,43.5466,0
2026-06-27 23:41:44,162,W+66.5,34040,3,True,False,False,,-1,43.5791,0
2026-06-27 23:42:04,38,W+9.5,8022,2,True,False,False,,-1,43.3176,0
2026-06-27 23:42:37,97,B+0.5,18763,4,True,False,False,,-1,43.0476,0
2026-06-27 23:43:35,154,B+46.5,31022,5,True,False,False,,-1,43.1216,0
2026-06-27 23:44:24,149,B+31.5,27140,3,True,False,False,,-1,43.1608,0
2026-06-27 23:45:10,122,W+55.5,25084,2,True,False,False,,-1,43.2311,0
2026-06-27 23:46:04,162,W+88.5,30931,7,True,False,False,,-1,43.3532,0
2026-06-27 23:46:49,126,B+18.5,25523,7,True,False,False,,-1,43.4188,0
2026-06-27 23:47:42,158,W+51.5,30478,4,True,False,False,,-1,43.5088,0
2026-06-27 23:48:22,100,W+4.5,21528,4,True,False,False,,-1,43.685,0
2026-06-27 23:49:04,112,W+36.5,23186,5,True,False,False,,-1,43.8303,0
2026-06-27 23:49:44,90,W+15.5,20434,2,True,False,False,,-1,43.8865,0
2026-06-27 23:50:31,143,B+23.5,29520,8,True,False,False,,-1,44.1253,0
2026-06-27 23:51:22,130,B+52.5,26551,2,True,False,False,,-1,44.2552,0
2026-06-27 23:52:00,110,B+1.5,23233,3,True,False,False,,-1,44.0853,0
2026-06-27 23:52:54,139,W+54.5,29072,6,True,False,False,,-1,44.1583,0
2026-06-27 23:53:34,104,B+3.5,19950,5,True,False,False,,-1,44.1162,0
2026-06-27 23:54:20,130,W+3.5,27159,4,True,False,False,,-1,44.1082,0
2026-06-27 23:55:02,109,B+31.5,20875,4,True,False,False,,-1,44.1433,0
2026-06-27 23:55:51,131,W+38.5,26135,5,True,False,False,,-1,44.2742,0
2026-06-27 23:56:43,154,W+70.5,29191,4,True,False,False,,-1,44.355,0
2026-06-27 23:57:29,131,B+5.5,24598,3,True,False,False,,-1,44.2547,0
2026-06-27 23:58:08,104,W+28.5,18967,3,True,False,False,,-1,44.2228,0
2026-06-27 23:59:00,162,B+57.5,32711,1,True,False,False,,-1,44.3845,0
2026-06-27 23:59:53,162,B+64.5,30945,9,True,False,False,,-1,44.5897,0
2026-06-28 00:00:44,149,B+52.5,28696,4,True,False,False,,-1,44.7182,0
2026-06-28 00:01:18,92,W+2.5,17112,4,True,False,False,,-1,44.572,0
2026-06-28 00:02:16,162,B+25.5,30749,7,True,False,False,,-1,44.794,0
2026-06-28 00:02:54,107,W+9.5,20192,3,True,False,False,,-1,44.7756,0
2026-06-28 00:03:55,158,B+41.5,32876,6,True,False,False,,-1,44.8876,0
2026-06-28 00:04:18,46,W+6.5,9325,2,True,False,False,,-1,44.5998,0
2026-06-28 00:04:46,78,W+4.5,16387,2,True,False,False,,-1,44.448,0
2026-06-28 00:05:22,102,B+1.5,19555,3,True,False,False,,-1,44.619,0
2026-06-28 00:05:31,20,W+7.5,3614,2,True,False,False,,-1,44.2569,0
2026-06-28 00:06:13,126,B+14.5,25136,4,True,False,False,,-1,44.1751,0
2026-06-28 00:07:08,162,W+63.5,31780,6,True,False,False,,-1,44.1591,0
2026-06-28 00:07:40,66,W+18.5,13345,4,True,False,False,,-1,44.0986,0
2026-06-28 00:08:24,135,W+24.5,27287,6,True,False,False,,-1,44.0693,0
2026-06-28 00:09:03,104,W+14.5,21912,3,True,False,False,,-1,43.9519,0
2026-06-28 00:09:47,130,W+35.5,23974,2,True,False,False,,-1,44.0069,0
2026-06-28 00:10:38,152,W+67.5,30653,5,True,False,False,,-1,44.1606,0
2026-06-28 00:11:31,160,W+42.5,31657,5,True,False,False,,-1,44.1334,0
2026-06-28 00:12:26,162,B+57.5,33250,4,True,False,False,,-1,44.1785,0
2026-06-28 00:13:08,119,B+32.5,25174,3,True,False,False,,-1,44.1553,0
2026-06-28 00:13:40,90,W+10.5,17482,3,True,False,False,,-1,43.8964,0
2026-06-28 00:14:18,93,B+3.5,18748,3,True,False,False,,-1,43.9845,0
2026-06-28 00:15:18,162,B+52.5,33931,10,True,False,False,,-1,44.2133,0
2026-06-28 00:16:08,139,W+49.5,27648,7,True,False,False,,-1,44.2782,0
2026-06-28 00:16:16,20,W+7.5,3233,2,True,False,False,,-1,43.8279,0
2026-06-28 00:16:51,85,W+6.5,17641,2,True,False,False,,-1,43.798,0
2026-06-28 00:17:37,113,B+39.5,22642,2,True,False,False,,-1,43.7851,0
2026-06-28 00:18:19,111,B+27.5,22512,2,True,False,False,,-1,43.868,0
2026-06-28 00:19:03,128,W+24.5,26100,7,True,False,False,,-1,43.9596,0
2026-06-28 00:19:49,143,W+46.5,27094,6,True,False,False,,-1,43.8711,0
2026-06-28 00:20:25,89,B+1.5,17631,3,True,False,False,,-1,43.6963,0
2026-06-28 00:21:01,78,W+12.5,16155,3,True,False,False,,-1,43.9329,0
2026-06-28 00:21:38,109,W+5.5,22000,8,True,False,False,,-1,43.7258,0
2026-06-28 00:22:11,78,W+11.5,15807,5,True,False,False,,-1,43.6935,0
2026-06-28 00:22:48,106,B+1.5,19795,4,True,False,False,,-1,43.681,0
2026-06-28 00:23:42,158,B+27.5,32210,9,True,False,False,,-1,43.7032,0
2026-06-28 00:24:25,114,W+8.5,22885,4,True,False,False,,-1,43.5144,0
2026-06-28 00:24:59,104,W+13.5,19749,5,True,False,False,,-1,43.261,0
2026-06-28 00:25:42,115,W+6.5,22470,6,True,False,False,,-1,43.3718,0
2026-06-28 00:26:24,127,B+26.5,23931,4,True,False,False,,-1,43.2788,0
2026-06-28 00:27:03,107,B+1.5,21797,5,True,False,False,,-1,43.0654,0
2026-06-28 00:27:40,109,B+12.5,21708,5,True,False,False,,-1,42.9229,0
2026-06-28 00:28:16,109,B+13.5,20852,2,True,False,False,,-1,42.6963,0
2026-06-28 00:28:58,115,B+8.5,21945,6,True,False,False,,-1,42.6276,0
2026-06-28 00:29:20,46,W+5.5,8979,3,True,False,False,,-1,42.3127,0
2026-06-28 00:29:55,99,W+2.5,18679,5,True,False,False,,-1,42.3106,0
2026-06-28 00:30:50,162,B+11.5,32707,5,True,False,False,,-1,42.5051,0
2026-06-28 00:31:31,115,B+2.5,24073,6,True,False,False,,-1,42.549,0
2026-06-28 00:32:05,84,W+7.5,17902,2,True,False,False,,-1,42.4606,0
2026-06-28 00:32:41,114,B+1.5,20169,5,True,False,False,,-1,42.2455,0
2026-06-28 00:33:27,134,B+9.5,27165,7,True,False,False,,-1,42.4683,0
2026-06-28 00:33:54,64,W+2.5,11626,2,True,False,False,,-1,42.351,0
2026-06-28 00:34:28,82,W+11.5,16657,3,True,False,False,,-1,42.2902,0
2026-06-28 00:35:18,132,W+66.5,27266,4,True,False,False,,-1,42.2884,0
2026-06-28 00:35:57,92,W+21.5,21595,2,True,False,False,,-1,42.2304,0
2026-06-28 00:36:31,90,W+15.5,18520,2,True,False,False,,-1,42.1243,0
2026-06-28 00:36:57,58,W+3.5,11774,2,True,False,False,,-1,42.0392,0
2026-06-28 00:37:39,120,B+16.5,24308,5,True,False,False,,-1,42.0669,0
2026-06-28 00:38:23,138,B+33.5,27756,2,True,False,False,,-1,42.0058,0
2026-06-28 00:39:09,116,B+17.5,25450,3,True,False,False,,-1,41.9615,0
2026-06-28 00:39:24,32,W+9.5,7048,2,True,False,False,,-1,41.7749,0
2026-06-28 00:40:18,158,B+28.5,33810,7,True,False,False,,-1,41.8925,0
2026-06-28 00:40:58,102,W+3.5,21764,4,True,False,False,,-1,41.7796,0
2026-06-28 00:41:35,103,B+4.5,20509,3,True,False,False,,-1,41.7303,0
2026-06-28 00:42:22,122,B+17.5,24692,3,True,False,False,,-1,41.8324,0
2026-06-28 00:43:08,120,W+7.5,24068,5,True,False,False,,-1,41.9346,0
2026-06-28 00:43:47,111,W+10.5,23344,3,True,False,False,,-1,41.8406,0
2026-06-28 00:44:28,100,W+2.5,20662,6,True,False,False,,-1,41.9157,0
2026-06-28 00:45:06,101,B+1.5,21039,3,True,False,False,,-1,41.8878,0
2026-06-28 00:45:57,139,B+34.5,26712,5,True,False,False,,-1,41.8581,0
2026-06-28 00:46:38,110,B+13.5,22065,2,True,False,False,,-1,41.9109,0
2026-06-28 00:47:18,94,W+4.5,18332,3,True,False,False,,-1,41.8989,0
2026-06-28 00:47:55,105,W+6.5,21599,7,True,False,False,,-1,41.8931,0
2026-06-28 00:48:41,141,W+69.5,26084,2,True,False,False,,-1,41.7662,0
2026-06-28 00:49:41,162,W+57.5,31563,5,True,False,False,,-1,41.8714,0
2026-06-28 00:50:20,111,B+26.5,21603,3,True,False,False,,-1,41.7138,0
2026-06-28 00:50:33,24,W+7.5,5566,2,True,False,False,,-1,41.2846,0
2026-06-28 00:51:23,130,W+56.5,27836,2,True,False,False,,-1,41.5841,0
2026-06-28 00:52:06,129,W+4.5,27407,8,True,False,False,,-1,41.6866,0
2026-06-28 00:52:47,113,W+6.5,22059,6,True,False,False,,-1,41.5104,0
2026-06-28 00:53:24,91,W+15.5,19479,3,True,False,False,,-1,41.3943,0
2026-06-28 00:53:56,77,B+1.5,17089,2,True,False,False,,-1,41.2566,0
2026-06-28 00:54:38,105,B+9.5,21790,6,True,False,False,,-1,41.1297,0
2026-06-28 00:55:16,131,B+1.5,26217,8,True,False,False,,-1,41.0675,0
2026-06-28 00:56:08,162,W+55.5,32328,6,True,False,False,,-1,41.0565,0
2026-06-28 00:56:53,113,W+38.5,24310,8,True,False,False,,-1,41.1085,0
2026-06-28 00:57:38,122,B+8.5,25036,5,True,False,False,,-1,41.1382,0
2026-06-28 00:58:25,137,B+41.5,25467,4,True,False,False,,-1,41.2111,0
2026-06-28 00:58:39,26,W+7.5,6075,2,True,False,False,,-1,40.8819,0
2026-06-28 00:59:21,112,W+17.5,23002,3,True,False,False,,-1,40.7881,0
2026-06-28 01:00:12,142,W+50.5,28953,6,True,False,False,,-1,40.9214,0
2026-06-28 01:01:01,129,B+47.5,25338,4,True,False,False,,-1,40.8676,0
2026-06-28 01:01:41,120,B+0.5,23262,4,True,False,False,,-1,40.8715,0
2026-06-28 01:02:40,162,W+34.5,35599,3,True,False,False,,-1,40.994,0
2026-06-28 01:03:19,100,B+2.5,21104,4,True,False,False,,-1,40.9637,0
2026-06-28 01:04:03,116,B+13.5,23081,2,True,False,False,,-1,40.9164,0
2026-06-28 01:04:44,106,B+3.5,21515,3,True,False,False,,-1,40.8108,0
2026-06-28 01:05:45,162,W+27.5,33737,5,True,False,False,,-1,40.9587,0
2026-06-28 01:06:28,97,B+1.5,21571,3,True,False,False,,-1,40.9968,0
2026-06-28 01:07:27,162,B+54.5,32332,3,True,False,False,,-1,41.0638,0
2026-06-28 01:08:19,139,W+50.5,29516,4,True,False,False,,-1,41.0539,0
2026-06-28 01:09:07,121,W+29.5,25056,3,True,False,False,,-1,41.0225,0
2026-06-28 01:09:46,90,W+3.5,16752,3,True,False,False,,-1,41.0742,0
2026-06-28 01:10:23,108,W+19.5,21714,3,True,False,False,,-1,40.8649,0
2026-06-28 01:11:16,149,B+53.5,29704,3,True,False,False,,-1,41.0236,0
2026-06-28 01:11:56,90,W+24.5,18057,2,True,False,False,,-1,40.8077,0
2026-06-28 01:12:45,133,B+47.5,26681,6,True,False,False,,-1,41.071,0
2026-06-28 01:13:39,162,B+41.5,34271,9,True,False,False,,-1,41.327,0
2026-06-28 01:14:18,115,W+22.5,19941,5,True,False,False,,-1,41.358,0
2026-06-28 01:15:10,141,B+39.5,29860,3,True,False,False,,-1,41.7855,0
2026-06-28 01:15:43,88,W+25.5,17004,2,True,False,False,,-1,41.7015,0
2026-06-28 01:16:32,121,W+40.5,25545,4,True,False,False,,-1,41.6404,0
2026-06-28 01:17:04,84,W+1.5,17037,3,True,False,False,,-1,41.6378,0
2026-06-28 01:17:40,100,W+7.5,18407,3,True,False,False,,-1,41.5596,0
2026-06-28 01:18:19,117,B+23.5,22256,2,True,False,False,,-1,41.5535,0
2026-06-28 01:19:05,128,B+27.5,27354,2,True,False,False,,-1,41.579,0
2026-06-28 01:19:38,78,W+19.5,14873,2,True,False,False,,-1,41.4008,0
2026-06-28 01:20:19,113,B+28.5,22952,3,True,False,False,,-1,41.282,0
2026-06-28 01:20:42,46,W+7.5,9813,2,True,False,False,,-1,40.9563,0
2026-06-28 01:21:17,89,B+11.5,16001,2,True,False,False,,-1,40.8936,0
2026-06-28 01:21:49,92,W+9.5,16406,2,True,False,False,,-1,40.8799,0
2026-06-28 01:22:29,94,W+2.5,20329,2,True,False,False,,-1,40.9156,0
2026-06-28 01:23:24,155,B+47.5,31702,9,True,False,False,,-1,40.8563,0
2026-06-28 01:23:56,89,B+2.5,16195,3,True,False,False,,-1,40.6766,0
2026-06-28 01:24:52,153,B+36.5,30752,5,True,False,False,,-1,41.1597,0
2026-06-28 01:25:19,79,B+0.5,12692,2,True,False,False,,-1,41.0749,0
2026-06-28 01:26:00,96,W+14.5,21764,2,True,False,False,,-1,41.0279,0
2026-06-28 01:26:45,136,W+14.5,28209,7,True,False,False,,-1,41.0494,0
2026-06-28 01:27:39,162,W+29.5,33672,5,True,False,False,,-1,41.1545,0
2026-06-28 01:28:12,96,W+2.5,17520,3,True,False,False,,-1,41.0292,0
2026-06-28 01:29:11,162,W+67.5,32122,2,True,False,False,,-1,41.2526,0
2026-06-28 01:30:05,136,W+58.5,26122,3,True,False,False,,-1,41.4387,0
2026-06-28 01:30:37,92,B+1.5,16900,3,True,False,False,,-1,41.3923,0
2026-06-28 01:31:21,124,W+53.5,25201,2,True,False,False,,-1,41.502,0
2026-06-28 01:32:16,144,W+57.5,29551,2,True,False,False,,-1,41.6831,0
2026-06-28 01:32:56,88,W+11.5,18663,3,True,False,False,,-1,41.5376,0
2026-06-28 01:33:50,143,B+58.5,30451,6,True,False,False,,-1,41.6454,0
2026-06-28 01:34:50,161,B+51.5,34080,4,True,False,False,,-1,41.9048,0
2026-06-28 01:35:28,91,W+0.5,20115,2,True,False,False,,-1,41.8591,0
2026-06-28 01:36:13,119,B+19.5,23574,4,True,False,False,,-1,41.8869,0
2026-06-28 01:36:53,112,W+33.5,20795,5,True,False,False,,-1,41.9036,0
2026-06-28 01:37:31,106,W+22.5,20884,3,True,False,False,,-1,41.9081,0
2026-06-28 01:38:20,130,W+33.5,26236,3,True,False,False,,-1,42.04,0
2026-06-28 01:39:00,121,W+1.5,25269,7,True,False,False,,-1,42.0168,0
2026-06-28 01:39:37,92,B+4.5,17836,3,True,False,False,,-1,42.1616,0
2026-06-28 01:40:17,110,W+2.5,23870,7,True,False,False,,-1,42.22,0
2026-06-28 01:40:55,101,W+5.5,19824,4,True,False,False,,-1,42.0428,0
2026-06-28 01:41:41,130,W+18.5,29742,6,True,False,False,,-1,42.0977,0
2026-06-28 01:42:22,113,W+14.5,22176,3,True,False,False,,-1,42.1654,0
2026-06-28 01:43:03,109,B+12.5,23152,2,True,False,False,,-1,42.2188,0
2026-06-28 01:43:47,100,W+1.5,21888,2,True,False,False,,-1,42.1936,0
2026-06-28 01:44:15,56,W+5.5,11491,2,True,False,False,,-1,42.206,0
2026-06-28 01:44:53,103,B+3.5,21642,4,True,False,False,,-1,42.2432,0
2026-06-28 01:45:29,109,B+18.5,19069,3,True,False,False,,-1,42.1093,0
2026-06-28 01:46:08,76,W+8.5,17284,2,True,False,False,,-1,42.1084,0
2026-06-28 01:47:10,154,W+51.5,32806,3,True,False,False,,-1,42.3856,0
2026-06-28 01:47:40,93,B+1.5,16881,6,True,False,False,,-1,42.4259,0
2026-06-28 01:48:11,84,W+22.5,15877,2,True,False,False,,-1,42.3142,0
2026-06-28 01:48:48,98,W+8.5,18135,4,True,False,False,,-1,42.2429,0
2026-06-28 01:49:25,97,W+9.5,19594,2,True,False,False,,-1,42.1526,0
2026-06-28 01:49:47,46,W+5.5,9262,2,True,False,False,,-1,42.2271,0
2026-06-28 01:50:45,162,W+39.5,36319,6,True,False,False,,-1,42.2709,0
2026-06-28 01:51:21,87,B+4.5,17188,3,True,False,False,,-1,42.2337,0
2026-06-28 01:52:03,131,B+0.5,26154,6,True,False,False,,-1,42.2813,0
2026-06-28 01:52:47,125,B+11.5,24977,4,True,False,False,,-1,42.2448,0
2026-06-28 01:53:42,149,B+47.5,30250,3,True,False,False,,-1,42.3356,0
2026-06-28 01:54:29,132,W+11.5,28009,6,True,False,False,,-1,42.4166,0
2026-06-28 01:54:52,44,W+10.5,9463,2,True,False,False,,-1,42.2386,0
2026-06-28 01:55:31,94,W+2.5,19092,2,True,False,False,,-1,42.2508,0
2026-06-28 01:56:04,98,W+16.5,17617,2,True,False,False,,-1,42.0653,0
2026-06-28 01:56:41,82,W+9.5,17009,2,True,False,False,,-1,42.028,0
2026-06-28 01:57:19,91,B+14.5,17463,2,True,False,False,,-1,42.0074,0
2026-06-28 01:57:59,102,B+10.5,19869,4,True,False,False,,-1,42.0336,0
2026-06-28 01:58:14,26,W+7.5,6110,2,True,False,False,,-1,41.7283,0
2026-06-28 01:58:54,101,B+11.5,21202,4,True,False,False,,-1,41.5314,0
2026-06-28 01:59:44,146,W+27.5,29590,4,True,False,False,,-1,41.6432,0
2026-06-28 02:00:23,109,B+17.5,22013,3,True,False,False,,-1,41.8927,0
2026-06-28 02:01:00,93,B+0.5,20408,3,True,False,False,,-1,41.7698,0
2026-06-28 02:01:39,104,B+18.5,23207,2,True,False,False,,-1,41.7281,0
2026-06-28 02:02:35,162,W+47.5,30444,4,True,False,False,,-1,41.8818,0
2026-06-28 02:03:10,80,W+11.5,15898,2,True,False,False,,-1,41.8534,0
2026-06-28 02:03:54,105,B+1.5,23573,4,True,False,False,,-1,41.9779,0
2026-06-28 02:04:48,124,W+60.5,25506,3,True,False,False,,-1,42.0969,0
2026-06-28 02:05:08,40,W+7.5,8183,2,True,False,False,,-1,41.9153,0
2026-06-28 02:06:00,154,W+61.5,30470,6,True,False,False,,-1,41.923,0
2026-06-28 02:06:40,96,W+4.5,19823,4,True,False,False,,-1,41.8686,0
2026-06-28 02:07:29,122,B+23.5,25592,3,True,False,False,,-1,41.8998,0
2026-06-28 02:08:23,162,W+63.5,31495,3,True,False,False,,-1,41.9728,0
2026-06-28 02:09:14,158,W+46.5,30030,6,True,False,False,,-1,42.341,0
2026-06-28 02:09:54,107,B+30.5,21512,3,True,False,False,,-1,42.3298,0
2026-06-28 02:10:47,158,B+56.5,31003,9,True,False,False,,-1,42.3408,0
2026-06-28 02:11:39,144,B+38.5,28674,6,True,False,False,,-1,42.3846,0
2026-06-28 02:12:16,100,W+21.5,19318,5,True,False,False,,-1,42.3481,0
2026-06-28 02:12:56,100,W+13.5,21611,5,True,False,False,,-1,42.1588,0
2026-06-28 02:13:36,125,B+17.5,24832,7,True,False,False,,-1,42.1693,0
2026-06-28 02:14:17,104,W+14.5,22375,2,True,False,False,,-1,42.1342,0
2026-06-28 02:15:18,162,W+31.5,29399,4,True,False,False,,-1,42.335,0
2026-06-28 02:15:55,91,W+8.5,18562,4,True,False,False,,-1,42.0963,0
2026-06-28 02:16:53,162,B+4.5,33209,0,True,False,False,,-1,42.2518,0
2026-06-28 02:17:41,136,W+38.5,26095,3,True,False,False,,-1,42.1345,0
2026-06-28 02:18:22,105,B+14.5,21276,2,True,False,False,,-1,42.0317,0
2026-06-28 02:19:15,162,B+55.5,31586,7,True,False,False,,-1,42.0795,0
2026-06-28 02:20:09,162,W+68.5,32574,3,True,False,False,,-1,42.2325,0
2026-06-28 02:20:46,90,W+16.5,18841,2,True,False,False,,-1,42.2261,0
2026-06-28 02:21:38,139,W+62.5,28946,4,True,False,False,,-1,42.2089,0
2026-06-28 02:22:28,132,W+18.5,26391,3,True,False,False,,-1,42.3167,0
2026-06-28 02:23:04,100,W+12.5,19533,4,True,False,False,,-1,42.1853,0
2026-06-28 02:23:35,90,W+4.5,17510,3,True,False,False,,-1,41.9524,0
2026-06-28 02:26:50,104,B+2.5,22411,10,True,False,False,,-1,41.894,1000
2026-06-28 02:27:43,121,W+1.5,22159,12,True,False,False,,-1,42.098,1000
2026-06-28 02:28:31,96,B+2.5,16751,5,True,False,False,,-1,42.0844,1000
2026-06-28 02:29:31,109,W+3.5,22831,13,True,False,False,,-1,42.3686,1000
2026-06-28 02:30:30,120,W+0.5,24028,9,True,False,False,,-1,42.6001,1000
2026-06-28 02:31:43,153,W+1.5,32165,21,True,False,False,,-1,42.9385,1000
2026-06-28 02:32:41,119,W+1.5,24408,20,True,False,False,,-1,43.0657,1000
2026-06-28 02:33:31,118,B+4.5,20413,11,True,False,False,,-1,43.2254,1000
2026-06-28 02:34:32,119,W+10.5,25980,16,True,False,False,,-1,43.422,1000
2026-06-28 02:35:24,110,B+2.5,21422,9,True,False,False,,-1,43.7249,1000
2026-06-28 02:36:14,103,W+9.5,20163,7,True,False,False,,-1,43.8667,1000
2026-06-28 02:37:07,99,W+4.5,21165,13,True,False,False,,-1,44.0797,1000
2026-06-28 02:38:04,105,W+0.5,22746,8,True,False,False,,-1,44.2435,1000
2026-06-28 02:38:16,22,W+6.5,3959,2,True,False,False,,-1,43.8204,1000
2026-06-28 02:39:10,104,B+1.5,21748,10,True,False,False,,-1,44.0338,1000
2026-06-28 02:40:01,96,B+0.5,19357,8,True,False,False,,-1,43.9818,1000
2026-06-28 02:40:54,103,B+3.5,22006,10,True,False,False,,-1,44.2435,1000
2026-06-28 02:41:50,111,W+0.5,22881,14,True,False,False,,-1,44.4,1000
2026-06-28 02:42:03,20,W+7.5,4210,2,True,False,False,,-1,44.0812,1000
2026-06-28 02:42:49,80,W+2.5,16672,4,True,False,False,,-1,43.9978,1000
2026-06-28 02:43:39,99,W+2.5,20784,8,True,False,False,,-1,44.1681,1000
2026-06-28 02:44:28,101,B+1.5,20992,7,True,False,False,,-1,44.074,1000
2026-06-28 02:45:15,93,W+0.5,19672,8,True,False,False,,-1,44.0039,1000
2026-06-28 02:45:59,77,B+2.5,15493,4,True,False,False,,-1,44.1181,1000
2026-06-28 02:46:52,97,B+7.5,19795,6,True,False,False,,-1,44.2055,1000
2026-06-28 02:47:45,103,W+1.5,21090,9,True,False,False,,-1,44.1935,1000
2026-06-28 02:48:46,119,W+3.5,24259,21,True,False,False,,-1,44.3924,1000
2026-06-28 02:49:35,100,W+1.5,19500,5,True,False,False,,-1,44.3537,1000
2026-06-28 02:50:22,100,W+6.5,19660,14,True,False,False,,-1,44.2241,1000
2026-06-28 02:51:02,68,W+12.5,13526,2,True,False,False,,-1,44.2427,1000
2026-06-28 02:51:48,77,B+0.5,16089,3,True,False,False,,-1,44.2503,1000
2026-06-28 02:52:44,123,W+0.5,23316,14,True,False,False,,-1,44.4126,1000
2026-06-28 02:53:32,102,B+3.5,18552,12,True,False,False,,-1,44.5045,1000
2026-06-28 02:54:30,109,B+1.5,22320,8,True,False,False,,-1,44.6024,1000
2026-06-28 02:55:27,104,B+10.5,22556,6,True,False,False,,-1,44.7626,1000
2026-06-28 02:56:16,98,B+12.5,19701,3,True,False,False,,-1,44.8916,1000
2026-06-28 02:57:12,94,B+5.5,21791,7,True,False,False,,-1,45.0438,1000
2026-06-28 02:58:07,110,B+1.5,22594,14,True,False,False,,-1,45.2186,1000
2026-06-28 02:58:20,20,W+7.5,4135,2,True,False,False,,-1,44.8869,1000
2026-06-28 02:59:02,68,W+14.5,14776,2,True,False,False,,-1,44.8958,1000
2026-06-28 02:59:51,95,W+0.5,19757,14,True,False,False,,-1,44.9737,1000
2026-06-28 03:00:43,98,B+0.5,19802,7,True,False,False,,-1,45.06,1000
2026-06-28 03:01:15,58,W+12.5,11326,3,True,False,False,,-1,45.1048,1000
2026-06-28 03:02:01,97,W+3.5,18107,10,True,False,False,,-1,45.1761,1000
2026-06-28 03:03:01,118,W+4.5,26352,15,True,False,False,,-1,45.4197,1000
2026-06-28 03:04:03,115,W+0.5,24200,8,True,False,False,,-1,45.6413,1000
2026-06-28 03:04:51,97,W+2.5,19886,8,True,False,False,,-1,45.5116,1000
2026-06-28 03:05:41,101,W+2.5,20957,6,True,False,False,,-1,45.7062,1000
2026-06-28 03:06:33,111,W+6.5,22056,11,True,False,False,,-1,45.9275,1000
2026-06-28 03:07:26,115,W+2.5,22300,16,True,False,False,,-1,46.0772,1000
2026-06-28 03:08:10,93,B+3.5,17951,9,True,False,False,,-1,46.1519,1000
2026-06-28 03:09:06,117,W+5.5,23783,14,True,False,False,,-1,46.4826,1000
2026-06-28 03:09:50,87,B+9.5,16295,3,True,False,False,,-1,46.3472,1000
2026-06-28 03:10:42,114,B+1.5,21870,12,True,False,False,,-1,46.5117,1000
2026-06-28 03:11:29,96,B+1.5,18821,12,True,False,False,,-1,46.5582,1000
2026-06-28 03:12:29,121,W+3.5,24815,20,True,False,False,,-1,46.7228,1000
2026-06-28 03:13:22,104,B+1.5,20579,12,True,False,False,,-1,46.7035,1000
2026-06-28 03:13:42,32,W+7.5,6928,2,True,False,False,,-1,46.4352,1000
2026-06-28 03:14:44,119,W+14.5,24139,7,True,False,False,,-1,46.8187,1000
2026-06-28 03:15:41,117,W+1.5,24000,20,True,False,False,,-1,46.9932,1000
2026-06-28 03:16:46,125,B+3.5,27209,8,True,False,False,,-1,47.3234,1000
2026-06-28 03:17:41,114,B+1.5,23197,13,True,False,False,,-1,47.4984,1000
2026-06-28 03:18:39,125,W+1.5,25875,20,True,False,False,,-1,47.7023,1000
2026-06-28 03:19:28,96,B+1.5,18908,6,True,False,False,,-1,47.7921,1000
2026-06-28 03:20:22,115,B+4.5,22723,15,True,False,False,,-1,48.1739,1000
2026-06-28 03:21:23,129,W+0.5,24651,21,True,False,False,,-1,48.382,1000
2026-06-28 03:22:24,127,W+7.5,27236,19,True,False,False,,-1,48.4998,1000
2026-06-28 03:23:22,121,W+0.5,23776,10,True,False,False,,-1,48.6972,1000
2026-06-28 03:24:14,105,W+2.5,21927,8,True,False,False,,-1,48.842,1000
2026-06-28 03:25:05,100,B+0.5,20425,10,True,False,False,,-1,48.9612,1000
2026-06-28 03:25:46,67,B+5.5,14281,2,True,False,False,,-1,48.8043,1000
2026-06-28 03:26:44,122,B+15.5,23604,11,True,False,False,,-1,49.0423,1000
2026-06-28 03:27:42,109,W+2.5,23356,13,True,False,False,,-1,49.1818,1000
2026-06-28 03:28:28,82,W+6.5,17499,6,True,False,False,,-1,49.1036,1000
2026-06-28 03:29:21,114,W+4.5,20212,14,True,False,False,,-1,49.4311,1000
2026-06-28 03:30:23,161,B+9.5,32947,19,True,False,False,,-1,49.5261,1000
2026-06-28 03:31:21,113,W+0.5,23663,9,True,False,False,,-1,49.7044,1000
2026-06-28 03:32:00,68,W+11.5,14106,2,True,False,False,,-1,49.6111,1000
2026-06-28 03:32:52,99,W+12.5,20924,8,True,False,False,,-1,49.5934,1000
2026-06-28 03:33:44,87,B+7.5,19172,3,True,False,False,,-1,49.605,1000
2026-06-28 03:34:56,162,W+16.5,31686,23,True,False,False,,-1,49.9195,1000
2026-06-28 03:35:41,93,W+0.5,19455,7,True,False,False,,-1,49.84,1000
2026-06-28 03:36:34,97,B+3.5,20336,6,True,False,False,,-1,49.8504,1000
2026-06-28 03:36:53,26,W+7.5,6231,2,True,False,False,,-1,49.6692,1000
2026-06-28 03:37:47,115,W+10.5,22482,13,True,False,False,,-1,49.8069,1000
2026-06-28 03:38:35,111,W+2.5,20381,15,True,False,False,,-1,49.8858,1000
2026-06-28 03:39:25,99,B+2.5,20204,13,True,False,False,,-1,49.9855,1000
2026-06-28 03:40:29,138,B+4.5,27032,17,True,False,False,,-1,50.0082,1000
2026-06-28 03:41:22,109,W+4.5,20751,9,True,False,False,,-1,50.1721,1000
2026-06-28 03:42:17,101,W+2.5,20669,10,True,False,False,,-1,50.1383,1000
2026-06-28 03:43:08,101,W+6.5,19169,9,True,False,False,,-1,50.1719,1000
2026-06-28 03:44:26,162,W+40.5,32115,15,True,False,False,,-1,50.5368,1000
2026-06-28 03:45:19,113,W+0.5,22413,9,True,False,False,,-1,50.5385,1000
2026-06-28 03:46:14,116,B+0.5,22196,11,True,False,False,,-1,50.5492,1000
2026-06-28 03:47:20,143,W+5.5,29655,23,True,False,False,,-1,50.8393,1000
2026-06-28 03:48:36,162,W+18.5,35675,28,True,False,False,,-1,51.0831,1000
2026-06-28 03:49:32,117,W+10.5,22512,11,True,False,False,,-1,51.1444,1000
2026-06-28 03:49:59,50,W+12.5,9052,2,True,False,False,,-1,51.0475,1000
2026-06-28 03:50:56,109,W+1.5,23138,12,True,False,False,,-1,51.3134,1000
2026-06-28 03:51:43,99,W+2.5,19141,12,True,False,False,,-1,51.4967,1000
2026-06-28 03:52:41,112,B+11.5,22915,14,True,False,False,,-1,51.5158,1000
2026-06-28 03:53:35,102,B+3.5,22860,11,True,False,False,,-1,51.5112,1000
2026-06-28 03:54:25,105,W+0.5,21924,12,True,False,False,,-1,51.5439,1000
2026-06-28 03:55:16,110,B+0.5,21295,10,True,False,False,,-1,51.4502,1000
2026-06-28 03:56:10,107,B+3.5,21617,12,True,False,False,,-1,51.3974,1000
2026-06-28 03:57:15,125,B+4.5,24309,9,True,False,False,,-1,51.3175,1000
2026-06-28 03:58:07,111,W+4.5,21315,12,True,False,False,,-1,51.2551,1000
2026-06-28 03:59:03,109,B+6.5,23159,12,True,False,False,,-1,51.3183,1000
2026-06-28 04:00:00,117,W+1.5,24662,17,True,False,False,,-1,51.2854,1000
2026-06-28 04:00:57,110,B+4.5,23205,12,True,False,False,,-1,51.3233,1000
2026-06-28 04:01:49,102,B+3.5,21394,9,True,False,False,,-1,51.3481,1000
2026-06-28 04:02:43,127,W+0.5,22778,15,True,False,False,,-1,51.3631,1000
2026-06-28 04:03:36,109,B+24.5,21803,10,True,False,False,,-1,51.3186,1000
2026-06-28 04:04:36,123,W+0.5,25584,22,True,False,False,,-1,51.8003,1000
2026-06-28 04:04:57,36,W+7.5,7852,2,True,False,False,,-1,51.4763,1000
2026-06-28 04:05:50,101,B+8.5,20970,6,True,False,False,,-1,51.4878,1000
2026-06-28 04:06:38,92,B+7.5,18208,7,True,False,False,,-1,51.4411,1000
2026-06-28 04:07:32,117,W+0.5,21610,12,True,False,False,,-1,51.4187,1000
2026-06-28 04:08:23,97,B+7.5,19738,3,True,False,False,,-1,51.802,1000
2026-06-28 04:09:18,90,W+17.5,20043,3,True,False,False,,-1,51.8921,1000
2026-06-28 04:10:07,86,W+14.5,17341,4,True,False,False,,-1,51.8714,1000
2026-06-28 04:10:58,105,W+3.5,21098,18,True,False,False,,-1,51.8998,1000
2026-06-28 04:11:51,104,B+0.5,21870,8,True,False,False,,-1,51.9529,1000
2026-06-28 04:12:50,120,B+6.5,25281,15,True,False,False,,-1,52.1026,1000
2026-06-28 04:13:47,102,B+1.5,22171,10,True,False,False,,-1,52.1442,1000
2026-06-28 04:14:39,113,W+1.5,22796,11,True,False,False,,-1,52.1268,1000
2026-06-28 04:15:34,111,B+0.5,22540,13,True,False,False,,-1,52.0771,1000
2026-06-28 04:16:20,101,W+1.5,19287,9,True,False,False,,-1,52.0447,1000
2026-06-28 04:17:12,99,W+12.5,19175,9,True,False,False,,-1,52.0894,1000
2026-06-28 04:18:11,130,B+0.5,26282,19,True,False,False,,-1,52.2819,1000
2026-06-28 04:19:09,113,W+3.5,24174,11,True,False,False,,-1,52.4066,1000
2026-06-28 04:19:45,58,W+16.5,11992,2,True,False,False,,-1,52.198,1000
2026-06-28 04:20:31,95,B+7.5,18136,7,True,False,False,,-1,52.1951,1000
2026-06-28 04:21:14,95,W+6.5,17985,7,True,False,False,,-1,52.0279,1000
2026-06-28 04:21:58,108,B+7.5,20587,15,True,False,False,,-1,51.9101,1000
2026-06-28 04:22:43,72,W+19.5,15805,2,True,False,False,,-1,51.8627,1000
2026-06-28 04:23:41,107,W+0.5,22164,11,True,False,False,,-1,51.8926,1000
2026-06-28 04:24:46,127,B+2.5,26314,9,True,False,False,,-1,51.9907,1000
2026-06-28 04:25:42,114,B+6.5,23285,8,True,False,False,,-1,52.4172,1000
2026-06-28 04:26:37,114,B+1.5,23696,14,True,False,False,,-1,52.5511,1000
2026-06-28 04:27:26,90,B+1.5,19283,6,True,False,False,,-1,52.5453,1000
2026-06-28 04:28:21,121,W+0.5,22269,21,True,False,False,,-1,52.5781,1000
2026-06-28 04:29:10,103,W+0.5,19579,9,True,False,False,,-1,52.7448,1000
2026-06-28 04:29:53,83,B+3.5,16037,5,True,False,False,,-1,52.7215,1000
2026-06-28 04:30:48,107,W+2.5,22084,15,True,False,False,,-1,52.6701,1000
2026-06-28 04:31:40,109,W+2.5,22253,11,True,False,False,,-1,52.5741,1000
2026-06-28 04:32:33,117,W+5.5,22958,15,True,False,False,,-1,52.6208,1000
2026-06-28 04:33:10,69,B+1.5,13123,5,True,False,False,,-1,52.4877,1000
2026-06-28 04:33:39,56,W+13.5,10435,2,True,False,False,,-1,52.2507,1000
2026-06-28 04:34:31,103,W+1.5,21561,10,True,False,False,,-1,52.2541,1000
2026-06-28 04:35:27,103,W+4.5,21285,5,True,False,False,,-1,52.3743,1000
2026-06-28 04:36:21,101,W+2.5,20815,10,True,False,False,,-1,52.3496,1000
2026-06-28 04:37:22,119,W+0.5,24429,16,True,False,False,,-1,52.5155,1000
2026-06-28 04:38:05,101,W+1.5,17061,12,True,False,False,,-1,52.4267,1000
2026-06-28 04:38:59,101,W+2.5,20866,12,True,False,False,,-1,52.4982,1000
2026-06-28 04:39:49,95,B+1.5,19106,9,True,False,False,,-1,52.3979,1000
2026-06-28 04:40:31,94,B+1.5,17749,6,True,False,False,,-1,52.2887,1000
2026-06-28 04:41:36,142,B+18.5,30265,21,True,False,False,,-1,52.7328,1000
2026-06-28 04:42:27,93,W+2.5,20200,7,True,False,False,,-1,52.6289,1000
2026-06-28 04:42:43,22,W+7.5,5176,2,True,False,False,,-1,52.2197,1000
2026-06-28 04:43:35,108,B+4.5,20805,7,True,False,False,,-1,52.0848,1000
2026-06-28 04:44:27,105,W+3.5,22415,17,True,False,False,,-1,52.0522,1000
2026-06-28 04:45:18,101,W+4.5,20821,10,True,False,False,,-1,51.9849,1000
2026-06-28 04:46:17,120,B+4.5,23395,11,True,False,False,,-1,52.0881,1000
2026-06-28 04:47:15,114,B+1.5,22998,16,True,False,False,,-1,52.1278,1000
2026-06-28 04:48:08,100,B+3.5,20612,3,True,False,False,,-1,52.0524,1000
2026-06-28 04:48:56,97,B+6.5,19445,8,True,False,False,,-1,51.9166,1000
2026-06-28 04:50:11,162,W+29.5,31638,13,True,False,False,,-1,52.083,1000
2026-06-28 04:51:05,118,B+7.5,22229,14,True,False,False,,-1,52.1058,1000
2026-06-28 04:52:00,113,W+1.5,22222,14,True,False,False,,-1,52.1476,1000
2026-06-28 04:52:50,106,B+1.5,20149,9,True,False,False,,-1,52.2404,1000
2026-06-28 04:53:37,105,B+13.5,19455,12,True,False,False,,-1,52.123,1000
2026-06-28 04:54:25,100,B+1.5,20454,6,True,False,False,,-1,52.0215,1000
2026-06-28 04:54:54,48,W+4.5,9761,2,True,False,False,,-1,51.8549,1000
2026-06-28 04:55:37,81,B+1.5,15874,5,True,False,False,,-1,51.754,1000
2026-06-28 04:56:25,111,B+6.5,18269,10,True,False,False,,-1,51.6142,1000
2026-06-28 04:57:18,102,B+3.5,21357,8,True,False,False,,-1,51.5655,1000
2026-06-28 04:58:09,104,B+3.5,20072,7,True,False,False,,-1,51.6931,1000
2026-06-28 05:02:29,161,B+6.5,31431,24,True,False,False,,-1,52.0811,2000
2026-06-28 05:03:26,117,W+5.5,22536,13,True,False,False,,-1,51.9358,2000
2026-06-28 05:04:47,161,W+29.5,31598,21,True,False,False,,-1,52.3017,2000
2026-06-28 05:05:26,62,W+9.5,12643,4,True,False,False,,-1,52.1563,2000
2026-06-28 05:06:17,105,W+0.5,19337,13,True,False,False,,-1,52.4727,2000
2026-06-28 05:07:10,105,W+1.5,22007,6,True,False,False,,-1,52.4727,2000
2026-06-28 05:07:54,90,B+0.5,17377,6,True,False,False,,-1,52.4335,2000
2026-06-28 05:08:46,101,W+0.5,19545,10,True,False,False,,-1,52.4468,2000
2026-06-28 05:09:51,139,W+0.5,26959,23,True,False,False,,-1,52.4634,2000
2026-06-28 05:10:50,120,B+14.5,24190,14,True,False,False,,-1,52.5141,2000
2026-06-28 05:11:50,122,B+23.5,23939,5,True,False,False,,-1,52.5637,2000
2026-06-28 05:12:40,101,B+3.5,20103,9,True,False,False,,-1,52.5662,2000
2026-06-28 05:13:37,108,B+18.5,23302,8,True,False,False,,-1,52.3474,2000
2026-06-28 05:14:29,103,W+0.5,20378,6,True,False,False,,-1,52.3325,2000
2026-06-28 05:15:24,107,W+2.5,21995,14,True,False,False,,-1,52.3394,2000
2026-06-28 05:16:01,63,B+0.5,12590,2,True,False,False,,-1,52.0485,2000
2026-06-28 05:16:54,99,W+2.5,20548,12,True,False,False,,-1,51.8155,2000
2026-06-28 05:17:46,97,B+2.5,19243,6,True,False,False,,-1,51.7732,2000
2026-06-28 05:18:32,92,W+0.5,17884,7,True,False,False,,-1,51.9649,2000
2026-06-28 05:19:32,121,B+14.5,23454,9,True,False,False,,-1,51.9979,2000
2026-06-28 05:20:44,162,W+13.5,32974,34,True,False,False,,-1,52.2496,2000
2026-06-28 05:21:44,109,W+0.5,22803,8,True,False,False,,-1,52.2584,2000
2026-06-28 05:22:47,125,W+5.5,25184,16,True,False,False,,-1,52.3567,2000
2026-06-28 05:23:39,100,B+1.5,21349,11,True,False,False,,-1,52.3766,2000
2026-06-28 05:24:35,112,B+2.5,21713,8,True,False,False,,-1,52.4265,2000
2026-06-28 05:25:31,119,W+4.5,21710,21,True,False,False,,-1,52.4439,2000
2026-06-28 05:26:41,146,W+18.5,29634,18,True,False,False,,-1,52.4969,2000
2026-06-28 05:27:35,101,W+1.5,21345,10,True,False,False,,-1,52.5158,2000
2026-06-28 05:28:19,91,B+0.5,16386,8,True,False,False,,-1,52.3983,2000
2026-06-28 05:29:21,123,W+1.5,23856,16,True,False,False,,-1,52.4429,2000
2026-06-28 05:30:23,119,W+0.5,24102,13,True,False,False,,-1,52.4946,2000
2026-06-28 05:31:31,144,B+10.5,29753,17,True,False,False,,-1,52.6545,2000
2026-06-28 05:32:18,109,W+1.5,21209,9,True,False,False,,-1,52.5893,2000
2026-06-28 05:33:17,115,B+21.5,22070,6,True,False,False,,-1,52.647,2000
2026-06-28 05:34:11,112,B+3.5,22562,11,True,False,False,,-1,52.5917,2000
2026-06-28 05:35:16,123,W+2.5,25833,15,True,False,False,,-1,53.0282,2000
2026-06-28 05:36:05,87,B+2.5,17189,4,True,False,False,,-1,52.9919,2000
2026-06-28 05:37:01,99,B+9.5,20766,5,True,False,False,,-1,53.0679,2000
2026-06-28 05:37:52,111,W+8.5,21593,15,True,False,False,,-1,53.033,2000
2026-06-28 05:38:43,99,B+1.5,19872,6,True,False,False,,-1,53.0408,2000
2026-06-28 05:39:35,89,B+18.5,18245,7,True,False,False,,-1,53.0051,2000
2026-06-28 05:39:58,44,W+10.5,7732,2,True,False,False,,-1,52.7554,2000
2026-06-28 05:40:27,46,W+8.5,9897,2,True,False,False,,-1,52.5262,2000
2026-06-28 05:41:32,135,W+5.5,25662,18,True,False,False,,-1,52.6473,2000
2026-06-28 05:42:30,101,B+2.5,21671,7,True,False,False,,-1,52.6401,2000
2026-06-28 05:43:31,119,W+2.5,24323,18,True,False,False,,-1,52.6875,2000
2026-06-28 05:44:30,106,B+0.5,23205,8,True,False,False,,-1,52.7512,2000
2026-06-28 05:45:27,121,W+2.5,22128,17,True,False,False,,-1,52.769,2000
2026-06-28 05:46:44,143,W+4.5,33166,27,True,False,False,,-1,53.0755,2000
2026-06-28 05:47:40,100,B+0.5,21097,6,True,False,False,,-1,53.1224,2000
2026-06-28 05:48:39,113,W+4.5,24646,13,True,False,False,,-1,53.1204,2000
2026-06-28 05:49:30,103,W+0.5,20367,16,True,False,False,,-1,53.0478,2000
2026-06-28 05:50:26,111,B+25.5,20850,9,True,False,False,,-1,53.2526,2000
2026-06-28 05:51:11,91,W+7.5,16808,6,True,False,False,,-1,53.2344,2000
2026-06-28 05:52:05,99,B+14.5,20603,4,True,False,False,,-1,53.352,2000
2026-06-28 05:53:10,144,B+36.5,27750,17,True,False,False,,-1,53.5612,2000
2026-06-28 05:54:12,119,W+3.5,24842,17,True,False,False,,-1,53.7354,2000
2026-06-28 05:54:52,75,B+0.5,13670,4,True,False,False,,-1,53.5436,2000
2026-06-28 05:55:37,85,B+9.5,17143,4,True,False,False,,-1,53.3501,2000
2026-06-28 05:56:35,105,W+0.5,22238,9,True,False,False,,-1,53.3761,2000
2026-06-28 05:57:25,99,B+4.5,20071,9,True,False,False,,-1,53.3149,2000
2026-06-28 05:58:18,124,B+20.5,22779,12,True,False,False,,-1,53.3578,2000
2026-06-28 05:58:34,28,W+9.5,5316,2,True,False,False,,-1,52.9699,2000
2026-06-28 05:59:13,65,B+2.5,13751,4,True,False,False,,-1,52.8674,2000
2026-06-28 06:00:15,115,W+0.5,24810,12,True,False,False,,-1,53.0529,2000
2026-06-28 06:01:12,117,W+5.5,23312,14,True,False,False,,-1,53.0766,2000
2026-06-28 06:02:00,92,W+11.5,16504,6,True,False,False,,-1,53.0351,2000
2026-06-28 06:03:00,112,B+4.5,24645,12,True,False,False,,-1,53.1085,2000
2026-06-28 06:04:03,121,W+0.5,25664,12,True,False,False,,-1,53.3738,2000
2026-06-28 06:04:33,51,B+1.5,10107,3,True,False,False,,-1,53.3817,2000
2026-06-28 06:05:34,125,W+3.5,25457,25,True,False,False,,-1,53.4624,2000
2026-06-28 06:06:38,114,B+7.5,24543,6,True,False,False,,-1,53.5452,2000
2026-06-28 06:07:09,50,W+6.5,10332,2,True,False,False,,-1,53.3239,2000
2026-06-28 06:08:03,101,B+4.5,20763,9,True,False,False,,-1,53.2555,2000
2026-06-28 06:09:03,117,W+3.5,23559,15,True,False,False,,-1,53.4175,2000
2026-06-28 06:09:55,116,B+10.5,21764,8,True,False,False,,-1,53.3995,2000
2026-06-28 06:10:54,111,W+1.5,23493,12,True,False,False,,-1,53.4892,2000
2026-06-28 06:11:09,24,W+7.5,4930,2,True,False,False,,-1,53.2163,2000
2026-06-28 06:12:00,103,W+0.5,20992,16,True,False,False,,-1,53.0824,2000
2026-06-28 06:12:51,95,W+0.5,19356,13,True,False,False,,-1,53.0726,2000
2026-06-28 06:13:55,115,W+19.5,25374,16,True,False,False,,-1,53.5584,2000
2026-06-28 06:14:45,97,W+0.5,18654,10,True,False,False,,-1,53.5429,2000
2026-06-28 06:15:49,144,B+10.5,27407,20,True,False,False,,-1,53.6626,2000
2026-06-28 06:16:51,111,B+0.5,23846,14,True,False,False,,-1,53.7643,2000
2026-06-28 06:17:43,95,W+1.5,19911,4,True,False,False,,-1,53.6927,2000
2026-06-28 06:18:39,104,B+10.5,21681,6,True,False,False,,-1,53.6826,2000
2026-06-28 06:18:51,20,W+7.5,3771,2,True,False,False,,-1,53.2623,2000
2026-06-28 06:19:47,126,B+7.5,24021,16,True,False,False,,-1,53.3417,2000
2026-06-28 06:20:44,125,W+0.5,23017,21,True,False,False,,-1,53.1732,2000
2026-06-28 06:21:42,113,W+0.5,23338,16,True,False,False,,-1,53.2071,2000
2026-06-28 06:22:30,89,B+1.5,18756,7,True,False,False,,-1,53.1341,2000
2026-06-28 06:23:24,107,B+2.5,22137,11,True,False,False,,-1,53.1783,2000
2026-06-28 06:24:19,116,B+3.5,22442,10,True,False,False,,-1,53.2594,2000
2026-06-28 06:25:09,94,B+1.5,19438,7,True,False,False,,-1,53.2785,2000
2026-06-28 06:26:04,102,B+3.5,21077,8,True,False,False,,-1,53.5442,2000
2026-06-28 06:26:54,107,W+6.5,19947,11,True,False,False,,-1,53.6085,2000
2026-06-28 06:27:46,107,B+0.5,20913,7,True,False,False,,-1,53.6499,2000
2026-06-28 06:28:43,112,W+13.5,21728,13,True,False,False,,-1,53.6944,2000
2026-06-28 06:29:23,79,B+0.5,14622,6,True,False,False,,-1,53.5795,2000
2026-06-28 06:30:18,104,B+0.5,20712,5,True,False,False,,-1,53.4419,2000
2026-06-28 06:31:36,157,W+0.5,31896,27,True,False,False,,-1,53.4687,2000
2026-06-28 06:32:54,162,W+21.5,32749,34,True,False,False,,-1,53.6795,2000
2026-06-28 06:33:59,124,B+2.5,25532,12,True,False,False,,-1,53.5194,2000
2026-06-28 06:34:51,103,W+1.5,20628,10,True,False,False,,-1,53.6414,2000
2026-06-28 06:35:45,107,W+2.5,21254,17,True,False,False,,-1,53.6783,2000
2026-06-28 06:36:53,139,W+2.5,29519,22,True,False,False,,-1,53.8244,2000
2026-06-28 06:37:11,30,W+9.5,5818,2,True,False,False,,-1,53.5605,2000
2026-06-28 06:38:21,137,W+0.5,29248,23,True,False,False,,-1,53.7395,2000
2026-06-28 06:39:13,105,W+1.5,20902,18,True,False,False,,-1,53.6155,2000
2026-06-28 06:39:52,73,B+2.5,13818,6,True,False,False,,-1,53.4196,2000
2026-06-28 06:41:09,160,B+12.5,32918,33,True,False,False,,-1,53.592,2000
2026-06-28 06:42:12,111,W+1.5,24086,10,True,False,False,,-1,53.7075,2000
2026-06-28 06:42:53,75,B+1.5,14365,10,True,False,False,,-1,53.5582,2000
2026-06-28 06:43:46,95,W+5.5,20912,8,True,False,False,,-1,53.5682,2000
2026-06-28 06:44:34,97,B+12.5,20082,6,True,False,False,,-1,53.4907,2000
2026-06-28 06:45:24,103,W+4.5,20124,7,True,False,False,,-1,53.6266,2000
2026-06-28 06:46:18,100,B+1.5,21293,8,True,False,False,,-1,53.6365,2000
2026-06-28 06:47:02,101,B+4.5,18228,6,True,False,False,,-1,53.564,2000
2026-06-28 06:47:26,44,W+7.5,7931,2,True,False,False,,-1,53.3362,2000
2026-06-28 06:48:31,121,B+1.5,25110,11,True,False,False,,-1,53.3821,2000
2026-06-28 06:49:25,102,B+13.5,21448,8,True,False,False,,-1,53.2045,2000
2026-06-28 06:50:26,119,W+2.5,24766,20,True,False,False,,-1,53.218,2000
2026-06-28 06:51:16,88,B+3.5,18820,6,True,False,False,,-1,53.0877,2000
2026-06-28 06:52:13,122,B+1.5,22620,12,True,False,False,,-1,53.1341,2000
2026-06-28 06:52:57,93,B+0.5,17521,5,True,False,False,,-1,53.018,2000
2026-06-28 06:53:59,129,B+12.5,26018,9,True,False,False,,-1,53.0775,2000
2026-06-28 06:55:01,115,W+5.5,23738,13,True,False,False,,-1,52.9975,2000
2026-06-28 06:56:05,122,B+10.5,23942,17,True,False,False,,-1,53.0912,2000
2026-06-28 06:56:54,87,B+0.5,17222,8,True,False,False,,-1,53.1418,2000
2026-06-28 06:57:38,91,B+3.5,17469,5,True,False,False,,-1,52.9671,2000
2026-06-28 06:58:38,114,B+2.5,23419,7,True,False,False,,-1,52.9508,2000
2026-06-28 06:59:06,50,W+15.5,9573,2,True,False,False,,-1,52.5494,2000
2026-06-28 07:00:14,135,W+1.5,28060,19,True,False,False,,-1,52.7519,2000
2026-06-28 07:00:57,75,B+2.5,15247,4,True,False,False,,-1,52.6014,2000
2026-06-28 07:01:49,93,B+14.5,18712,5,True,False,False,,-1,52.5723,2000
2026-06-28 07:02:39,87,B+5.5,18717,6,True,False,False,,-1,52.4184,2000
2026-06-28 07:03:20,77,B+1.5,13989,4,True,False,False,,-1,52.3471,2000
2026-06-28 07:04:25,141,W+6.5,28422,22,True,False,False,,-1,52.4407,2000
2026-06-28 07:05:22,103,B+0.5,22254,14,True,False,False,,-1,52.4961,2000
2026-06-28 07:06:16,107,W+4.5,22077,13,True,False,False,,-1,52.5264,2000
2026-06-28 07:07:10,113,W+1.5,22258,17,True,False,False,,-1,52.5519,2000
2026-06-28 07:08:10,124,B+1.5,23900,13,True,False,False,,-1,52.9185,2000
2026-06-28 07:08:40,54,W+11.5,9619,2,True,False,False,,-1,52.9221,2000
2026-06-28 07:09:38,114,B+12.5,22212,7,True,False,False,,-1,52.8626,2000
2026-06-28 07:10:37,117,W+2.5,24474,17,True,False,False,,-1,52.8625,2000
2026-06-28 07:11:11,61,B+1.5,11451,4,True,False,False,,-1,52.5922,2000
2026-06-28 07:12:13,127,B+4.5,25263,16,True,False,False,,-1,52.6295,2000
2026-06-28 07:13:20,133,W+0.5,27495,12,True,False,False,,-1,52.7306,2000
2026-06-28 07:14:12,115,W+11.5,20494,16,True,False,False,,-1,52.4771,2000
2026-06-28 07:14:42,48,W+5.5,10317,2,True,False,False,,-1,52.2176,2000
2026-06-28 07:15:32,105,B+6.5,20463,7,True,False,False,,-1,52.1247,2000
2026-06-28 07:16:36,128,B+14.5,24868,13,True,False,False,,-1,52.2518,2000
2026-06-28 07:17:24,90,B+6.5,17348,5,True,False,False,,-1,52.1748,2000
2026-06-28 07:17:55,46,W+9.5,10249,2,True,False,False,,-1,52.0357,2000
2026-06-28 07:18:48,111,B+8.5,20725,5,True,False,False,,-1,52.0278,2000
2026-06-28 07:19:51,131,W+0.5,26661,20,True,False,False,,-1,52.0078,2000
2026-06-28 07:20:44,109,W+2.5,21397,9,True,False,False,,-1,51.9069,2000
2026-06-28 07:21:28,89,B+3.5,16999,8,True,False,False,,-1,51.9543,2000
2026-06-28 07:22:22,99,B+16.5,20546,10,True,False,False,,-1,52.0474,2000
2026-06-28 07:23:21,105,W+0.5,21968,10,True,False,False,,-1,52.0532,2000
2026-06-28 07:24:31,133,W+2.5,27818,20,True,False,False,,-1,52.2626,2000
2026-06-28 07:25:16,79,B+6.5,16687,7,True,False,False,,-1,52.1819,2000
2026-06-28 07:26:16,122,B+4.5,24020,10,True,False,False,,-1,52.6163,2000
2026-06-28 07:27:15,113,W+0.5,23385,10,True,False,False,,-1,52.8131,2000
2026-06-28 07:28:10,111,W+3.5,22280,8,True,False,False,,-1,52.7533,2000
2026-06-28 07:29:00,102,B+1.5,19830,7,True,False,False,,-1,52.6735,2000
2026-06-28 07:30:15,160,B+15.5,31065,19,True,False,False,,-1,52.946,2000
2026-06-28 07:31:16,132,B+2.5,25476,6,True,False,False,,-1,52.9596,2000
2026-06-28 07:32:22,133,W+4.5,27657,19,True,False,False,,-1,52.9827,2000
2026-06-28 07:33:23,119,B+0.5,24065,10,True,False,False,,-1,53.2927,2000
2026-06-28 07:34:30,135,W+1.5,28272,19,True,False,False,,-1,53.3601,2000
2026-06-28 07:34:59,48,W+13.5,10026,2,True,False,False,,-1,53.0083,2000
2026-06-28 07:36:02,140,W+2.5,27415,12,True,False,False,,-1,53.3195,2000
2026-06-28 07:37:05,117,B+2.5,24767,10,True,False,False,,-1,53.4081,2000
2026-06-28 07:37:50,87,W+1.5,17065,7,True,False,False,,-1,53.2605,2000
2026-06-28 07:38:59,128,B+0.5,27708,12,True,False,False,,-1,53.436,2000
2026-06-28 07:39:45,81,B+5.5,16244,5,True,False,False,,-1,53.298,2000
2026-06-28 07:40:23,73,B+0.5,14058,5,True,False,False,,-1,53.5305,2000
2026-06-28 07:44:35,103,W+3.5,21926,10,True,False,False,,-1,53.7067,3000
2026-06-28 07:45:30,92,B+1.5,19070,6,True,False,False,,-1,53.6079,3000
2026-06-28 07:46:29,115,W+0.5,23677,17,True,False,False,,-1,53.695,3000
2026-06-28 07:47:19,91,B+0.5,18291,6,True,False,False,,-1,53.5578,3000
2026-06-28 07:48:04,81,B+1.5,16655,9,True,False,False,,-1,53.3971,3000
2026-06-28 07:48:54,113,B+3.5,21302,19,True,False,False,,-1,53.3773,3000
2026-06-28 07:49:31,67,B+0.5,13464,7,True,False,False,,-1,53.182,3000
2026-06-28 07:50:26,115,W+0.5,22793,11,True,False,False,,-1,53.6161,3000
2026-06-28 07:51:11,81,B+3.5,18027,7,True,False,False,,-1,53.4997,3000
2026-06-28 07:52:00,101,W+2.5,21551,9,True,False,False,,-1,53.4191,3000
2026-06-28 07:53:08,162,W+3.5,32459,25,True,False,False,,-1,53.5202,3000
2026-06-28 07:54:01,104,B+10.5,20403,10,True,False,False,,-1,53.57,3000
2026-06-28 07:54:33,63,B+1.5,12228,6,True,False,False,,-1,53.3513,3000
2026-06-28 07:55:25,93,W+9.5,20807,13,True,False,False,,-1,53.3279,3000
2026-06-28 07:56:09,98,B+1.5,18106,8,True,False,False,,-1,53.2644,3000
2026-06-28 07:56:54,95,B+0.5,18073,11,True,False,False,,-1,53.1612,3000
2026-06-28 07:57:46,109,W+2.5,20902,11,True,False,False,,-1,53.1809,3000
2026-06-28 07:58:31,95,W+3.5,17464,4,True,False,False,,-1,53.1122,3000
2026-06-28 07:59:14,75,B+2.5,15506,6,True,False,False,,-1,52.9682,3000
2026-06-28 07:59:47,61,B+6.5,11747,2,True,False,False,,-1,52.8939,3000
2026-06-28 08:00:53,139,B+42.5,27311,11,True,False,False,,-1,53.0171,3000
2026-06-28 08:01:27,69,B+2.5,12284,5,True,False,False,,-1,52.5772,3000
2026-06-28 08:02:21,114,B+6.5,23051,12,True,False,False,,-1,52.33,3000
2026-06-28 08:03:18,129,W+2.5,24847,16,True,False,False,,-1,52.2461,3000
2026-06-28 08:04:10,108,B+5.5,21108,11,True,False,False,,-1,52.2579,3000
2026-06-28 08:04:59,83,W+5.5,18077,6,True,False,False,,-1,52.2009,3000
2026-06-28 08:06:09,161,W+4.5,31965,34,True,False,False,,-1,52.2235,3000
2026-06-28 08:06:59,100,B+1.5,18934,5,True,False,False,,-1,52.5422,3000
2026-06-28 08:07:42,91,B+0.5,17957,7,True,False,False,,-1,52.2747,3000
2026-06-28 08:08:27,81,B+2.5,17267,9,True,False,False,,-1,52.1937,3000
2026-06-28 08:09:18,104,B+16.5,21265,14,True,False,False,,-1,52.3178,3000
2026-06-28 08:10:18,124,W+3.5,24108,17,True,False,False,,-1,52.1505,3000
2026-06-28 08:11:14,118,B+0.5,22919,12,True,False,False,,-1,52.0804,3000
2026-06-28 08:12:19,146,W+1.5,30307,27,True,False,False,,-1,52.3252,3000
2026-06-28 08:13:08,97,B+1.5,19560,13,True,False,False,,-1,52.2832,3000
2026-06-28 08:13:57,97,B+4.5,18902,10,True,False,False,,-1,52.2905,3000
2026-06-28 08:14:43,97,W+2.5,18339,10,True,False,False,,-1,52.2475,3000
2026-06-28 08:15:28,83,B+4.5,17459,2,True,False,False,,-1,52.1633,3000
2026-06-28 08:16:18,109,W+2.5,21301,8,True,False,False,,-1,52.2202,3000
2026-06-28 08:17:08,90,B+6.5,17903,6,True,False,False,,-1,52.4843,3000
2026-06-28 08:18:02,117,W+0.5,22463,21,True,False,False,,-1,52.3779,3000
2026-06-28 08:18:56,117,W+5.5,23748,17,True,False,False,,-1,52.3735,3000
2026-06-28 08:19:48,116,B+1.5,21408,14,True,False,False,,-1,52.2828,3000
2026-06-28 08:20:37,104,W+5.5,20246,15,True,False,False,,-1,52.2725,3000
2026-06-28 08:21:11,65,B+0.5,12501,11,True,False,False,,-1,52.0439,3000
2026-06-28 08:21:54,83,B+7.5,16007,9,True,False,False,,-1,52.0261,3000
2026-06-28 08:22:40,93,B+10.5,17844,8,True,False,False,,-1,51.8712,3000
2026-06-28 08:23:00,32,W+8.5,6879,2,True,False,False,,-1,51.4505,3000
2026-06-28 08:23:55,115,B+2.5,22966,12,True,False,False,,-1,51.3658,3000
2026-06-28 08:24:41,87,B+5.5,17822,5,True,False,False,,-1,51.3364,3000
2026-06-28 08:25:32,101,W+2.5,21010,10,True,False,False,,-1,51.4036,3000
2026-06-28 08:26:26,96,B+12.5,19518,10,True,False,False,,-1,51.3442,3000
2026-06-28 08:27:16,100,B+3.5,19572,8,True,False,False,,-1,51.5577,3000
2026-06-28 08:27:50,55,B+1.5,12066,2,True,False,False,,-1,51.2226,3000
2026-06-28 08:28:24,55,B+0.5,11792,2,True,False,False,,-1,51.1277,3000
2026-06-28 08:29:12,104,B+12.5,20265,7,True,False,False,,-1,51.0891,3000
2026-06-28 08:29:52,83,B+1.5,15301,6,True,False,False,,-1,50.9916,3000
2026-06-28 08:30:25,59,B+1.5,12177,5,True,False,False,,-1,50.9141,3000
2026-06-28 08:31:00,69,B+1.5,12121,4,True,False,False,,-1,50.6076,3000
2026-06-28 08:31:58,125,W+0.5,24523,18,True,False,False,,-1,50.629,3000
2026-06-28 08:32:42,81,B+1.5,16274,9,True,False,False,,-1,50.5128,3000
2026-06-28 08:33:56,157,W+2.5,34010,35,True,False,False,,-1,50.7214,3000
2026-06-28 08:34:46,95,B+2.5,19274,11,True,False,False,,-1,50.6201,3000
2026-06-28 08:35:34,89,B+1.5,18422,3,True,False,False,,-1,50.8018,3000
2026-06-28 08:36:09,69,W+10.5,12683,2,True,False,False,,-1,50.5634,3000
2026-06-28 08:37:02,104,B+6.5,21422,11,True,False,False,,-1,50.5137,3000
2026-06-28 08:37:55,102,B+6.5,20917,16,True,False,False,,-1,50.7058,3000
2026-06-28 08:38:25,53,B+2.5,10361,5,True,False,False,,-1,50.3802,3000
2026-06-28 08:39:10,99,B+3.5,18859,8,True,False,False,,-1,50.1606,3000
2026-06-28 08:39:53,85,W+3.5,16862,9,True,False,False,,-1,50.0739,3000
2026-06-28 08:40:35,83,B+3.5,15494,13,True,False,False,,-1,50.1906,3000
2026-06-28 08:41:37,126,W+1.5,24919,27,True,False,False,,-1,50.311,3000
2026-06-28 08:42:24,83,B+2.5,17452,11,True,False,False,,-1,50.1488,3000
2026-06-28 08:43:22,121,W+2.5,26615,16,True,False,False,,-1,50.2477,3000
2026-06-28 08:44:14,106,W+0.5,21085,9,True,False,False,,-1,50.4476,3000
2026-06-28 08:45:03,106,W+2.5,19372,12,True,False,False,,-1,50.4083,3000
2026-06-28 08:46:00,125,W+2.5,25543,21,True,False,False,,-1,50.347,3000
2026-06-28 08:46:55,121,W+4.5,24074,20,True,False,False,,-1,50.3813,3000
2026-06-28 08:47:48,97,B+2.5,20769,5,True,False,False,,-1,50.4613,3000
2026-06-28 08:48:32,90,B+1.5,17031,4,True,False,False,,-1,50.3589,3000
2026-06-28 08:49:25,111,W+6.5,21880,18,True,False,False,,-1,50.3039,3000
2026-06-28 08:50:16,95,W+5.5,20089,10,True,False,False,,-1,50.1105,3000
2026-06-28 08:51:03,104,B+1.5,19513,16,True,False,False,,-1,50.133,3000
2026-06-28 08:51:52,105,B+1.5,19800,14,True,False,False,,-1,50.0242,3000
2026-06-28 08:52:48,113,W+3.5,24026,17,True,False,False,,-1,49.9908,3000
2026-06-28 08:53:38,105,B+0.5,19196,16,True,False,False,,-1,49.9406,3000
2026-06-28 08:54:10,61,B+3.5,11455,2,True,False,False,,-1,49.7592,3000
2026-06-28 08:55:01,114,B+0.5,22074,14,True,False,False,,-1,49.5229,3000
2026-06-28 08:55:57,105,W+4.5,21497,11,True,False,False,,-1,49.4697,3000
2026-06-28 08:56:38,77,B+15.5,15433,4,True,False,False,,-1,49.2267,3000
2026-06-28 08:57:35,121,W+1.5,24166,21,True,False,False,,-1,49.1802,3000
2026-06-28 08:58:30,104,B+2.5,22023,7,True,False,False,,-1,49.0569,3000
2026-06-28 08:59:14,77,B+3.5,15378,4,True,False,False,,-1,49.205,3000
2026-06-28 09:00:03,98,B+4.5,19924,9,True,False,False,,-1,49.0752,3000
2026-06-28 09:01:03,127,B+6.5,25380,17,True,False,False,,-1,49.0415,3000
2026-06-28 09:01:54,107,W+1.5,22198,14,True,False,False,,-1,49.1024,3000
2026-06-28 09:02:33,69,B+8.5,14305,4,True,False,False,,-1,48.8002,3000
2026-06-28 09:03:22,89,B+11.5,17813,5,True,False,False,,-1,48.837,3000
2026-06-28 09:04:19,116,B+1.5,22383,11,True,False,False,,-1,49.0256,3000
2026-06-28 09:05:17,106,B+6.5,22836,12,True,False,False,,-1,48.9523,3000
2026-06-28 09:05:54,65,B+0.5,13099,2,True,False,False,,-1,48.7901,3000
2026-06-28 09:06:36,73,B+1.5,14504,2,True,False,False,,-1,48.6567,3000
2026-06-28 09:07:25,100,W+1.5,19497,6,True,False,False,,-1,48.5569,3000
2026-06-28 09:08:36,133,B+42.5,28257,10,True,False,False,,-1,48.7684,3000
2026-06-28 09:09:25,96,B+1.5,19205,9,True,False,False,,-1,48.7999,3000
2026-06-28 09:10:15,98,B+1.5,19589,5,True,False,False,,-1,48.8002,3000
2026-06-28 09:11:10,111,B+4.5,24205,10,True,False,False,,-1,48.9867,3000
2026-06-28 09:12:06,122,B+0.5,22889,11,True,False,False,,-1,48.9921,3000
2026-06-28 09:12:51,95,W+0.5,18069,6,True,False,False,,-1,49.0037,3000
2026-06-28 09:13:33,73,B+1.5,14580,3,True,False,False,,-1,48.9263,3000
2026-06-28 09:14:24,108,W+4.5,21877,9,True,False,False,,-1,48.7511,3000
2026-06-28 09:15:07,81,B+4.5,16106,8,True,False,False,,-1,48.659,3000
2026-06-28 09:16:02,107,B+13.5,23260,12,True,False,False,,-1,48.8888,3000
2026-06-28 09:16:50,99,W+9.5,18700,10,True,False,False,,-1,48.84,3000
2026-06-28 09:17:30,69,B+1.5,14737,4,True,False,False,,-1,48.8057,3000
2026-06-28 09:18:19,113,W+0.5,20828,14,True,False,False,,-1,48.8429,3000
2026-06-28 09:19:16,108,B+3.5,24056,9,True,False,False,,-1,48.9015,3000
2026-06-28 09:19:55,71,B+4.5,13632,4,True,False,False,,-1,48.8389,3000
2026-06-28 09:20:36,81,B+6.5,15662,3,True,False,False,,-1,48.8162,3000
2026-06-28 09:21:10,59,B+3.5,11552,3,True,False,False,,-1,48.8248,3000
2026-06-28 09:21:44,69,B+0.5,12780,8,True,False,False,,-1,48.5094,3000
2026-06-28 09:22:22,67,B+2.5,12894,3,True,False,False,,-1,48.5411,3000
2026-06-28 09:23:02,75,B+5.5,14485,4,True,False,False,,-1,48.4099,3000
2026-06-28 09:23:51,83,B+0.5,18634,6,True,False,False,,-1,48.3247,3000
2026-06-28 09:24:41,107,B+3.5,19845,9,True,False,False,,-1,48.303,3000
2026-06-28 09:25:38,111,W+3.5,22983,13,True,False,False,,-1,48.3838,3000
2026-06-28 09:26:32,107,B+1.5,21197,11,True,False,False,,-1,48.229,3000
2026-06-28 09:27:24,121,W+6.5,22355,19,True,False,False,,-1,48.2476,3000
2026-06-28 09:28:19,111,W+5.5,23110,11,True,False,False,,-1,48.3631,3000
2026-06-28 09:29:16,125,W+0.5,23519,21,True,False,False,,-1,48.4863,3000
2026-06-28 09:30:09,100,W+3.5,22764,10,True,False,False,,-1,48.5116,3000
2026-06-28 09:30:37,59,B+0.5,10099,4,True,False,False,,-1,48.1792,3000
2026-06-28 09:31:29,101,B+5.5,20043,8,True,False,False,,-1,48.1507,3000
2026-06-28 09:32:18,100,B+6.5,20365,12,True,False,False,,-1,47.9812,3000
2026-06-28 09:33:16,126,B+5.5,23741,9,True,False,False,,-1,48.0795,3000
2026-06-28 09:34:13,115,W+0.5,22914,12,True,False,False,,-1,48.163,3000
2026-06-28 09:34:58,90,W+2.5,17642,11,True,False,False,,-1,48.1558,3000
2026-06-28 09:35:57,122,B+1.5,24383,16,True,False,False,,-1,48.2929,3000
2026-06-28 09:36:59,118,W+0.5,25758,9,True,False,False,,-1,48.4071,3000
2026-06-28 09:37:49,87,B+8.5,18930,6,True,False,False,,-1,48.4035,3000
2026-06-28 09:38:41,124,B+1.5,23639,18,True,False,False,,-1,48.3856,3000
2026-06-28 09:39:26,87,B+2.5,16392,9,True,False,False,,-1,48.2949,3000
2026-06-28 09:40:19,110,B+0.5,21113,8,True,False,False,,-1,48.3074,3000
2026-06-28 09:41:08,93,B+1.5,18461,12,True,False,False,,-1,48.308,3000
2026-06-28 09:42:04,121,W+4.5,23861,21,True,False,False,,-1,48.5272,3000
2026-06-28 09:42:51,93,B+0.5,18238,8,True,False,False,,-1,48.5723,3000
2026-06-28 09:44:07,152,B+2.5,33666,29,True,False,False,,-1,48.8685,3000
2026-06-28 09:44:57,94,B+0.5,19290,4,True,False,False,,-1,49.1655,3000
2026-06-28 09:45:40,79,B+13.5,15363,3,True,False,False,,-1,49.0432,3000
2026-06-28 09:46:13,61,B+7.5,11624,3,True,False,False,,-1,48.9103,3000
2026-06-28 09:46:59,89,B+1.5,17508,7,True,False,False,,-1,48.8668,3000
2026-06-28 09:47:52,95,B+3.5,21253,7,True,False,False,,-1,48.8493,3000
2026-06-28 09:48:32,63,B+3.5,14119,4,True,False,False,,-1,48.7575,3000
2026-06-28 09:49:20,99,W+1.5,19667,8,True,False,False,,-1,48.9004,3000
2026-06-28 09:50:31,157,B+55.5,28783,5,True,False,False,,-1,49.2651,3000
2026-06-28 09:51:27,119,W+0.5,23310,14,True,False,False,,-1,49.3445,3000
2026-06-28 09:52:16,95,W+2.5,19323,7,True,False,False,,-1,49.4364,3000
2026-06-28 09:53:18,129,B+3.5,25345,19,True,False,False,,-1,49.7176,3000
2026-06-28 09:54:17,131,B+5.5,24813,22,True,False,False,,-1,49.9649,3000
2026-06-28 09:54:58,67,B+8.5,14306,7,True,False,False,,-1,49.7931,3000
2026-06-28 09:55:54,118,W+2.5,23404,23,True,False,False,,-1,49.9231,3000
2026-06-28 09:56:43,97,B+6.5,18375,5,True,False,False,,-1,49.6654,3000
2026-06-28 09:57:42,115,W+6.5,24402,23,True,False,False,,-1,49.756,3000
2026-06-28 09:58:44,129,W+4.5,26115,25,True,False,False,,-1,49.8949,3000
2026-06-28 09:59:32,97,W+4.5,19183,10,True,False,False,,-1,50.0293,3000
2026-06-28 10:00:49,162,B+29.5,33432,18,True,False,False,,-1,50.2666,3000
2026-06-28 10:01:31,85,B+5.5,16668,6,True,False,False,,-1,50.153,3000
2026-06-28 10:01:42,20,W+7.5,3510,2,True,False,False,,-1,49.9706,3000
2026-06-28 10:02:55,160,B+2.5,31323,22,True,False,False,,-1,50.2461,3000
2026-06-28 10:03:45,105,W+7.5,20000,16,True,False,False,,-1,50.3216,3000
2026-06-28 10:04:35,113,W+1.5,20872,18,True,False,False,,-1,50.3941,3000
2026-06-28 10:05:18,96,B+0.5,17011,7,True,False,False,,-1,50.2097,3000
2026-06-28 10:06:06,96,B+11.5,18550,9,True,False,False,,-1,50.2158,3000
2026-06-28 10:06:56,105,B+0.5,20441,12,True,False,False,,-1,50.128,3000
2026-06-28 10:07:33,61,B+0.5,13452,3,True,False,False,,-1,49.9942,3000
2026-06-28 10:08:21,89,B+4.5,18364,4,True,False,False,,-1,49.984,3000
2026-06-28 10:09:18,98,B+1.5,22613,10,True,False,False,,-1,49.9821,3000
2026-06-28 10:10:00,89,W+1.5,16155,4,True,False,False,,-1,49.837,3000
2026-06-28 10:11:07,133,W+6.5,30414,17,True,False,False,,-1,49.9857,3000
2026-06-28 10:12:00,107,W+0.5,22217,15,True,False,False,,-1,50.0754,3000
2026-06-28 10:12:32,61,B+0.5,11347,8,True,False,False,,-1,49.8658,3000
2026-06-28 10:13:09,65,B+2.5,13996,5,True,False,False,,-1,49.7278,3000
2026-06-28 10:17:17,132,B+2.5,27844,14,True,False,False,,-1,50.1207,4000
2026-06-28 10:18:10,103,W+0.5,21476,12,True,False,False,,-1,50.1054,4000
2026-06-28 10:19:16,123,W+2.5,24706,24,True,False,False,,-1,50.2512,4000
2026-06-28 10:20:33,162,B+1.5,31767,24,True,False,False,,-1,50.7132,4000
2026-06-28 10:21:24,96,B+1.5,19483,6,True,False,False,,-1,50.707,4000
2026-06-28 10:22:35,162,B+11.5,31592,29,True,False,False,,-1,50.8517,4000
2026-06-28 10:23:22,108,B+1.5,20553,12,True,False,False,,-1,50.9145,4000
2026-06-28 10:24:12,113,B+1.5,20750,14,True,False,False,,-1,50.847,4000
2026-06-28 10:25:20,141,W+6.5,30253,18,True,False,False,,-1,50.9805,4000
2026-06-28 10:26:08,96,B+0.5,19032,7,True,False,False,,-1,51.015,4000
2026-06-28 10:27:27,161,W+7.5,34370,38,True,False,False,,-1,51.3156,4000
2026-06-28 10:28:20,98,W+2.5,20685,6,True,False,False,,-1,51.252,4000
2026-06-28 10:29:26,159,W+7.5,28125,31,True,False,False,,-1,51.3964,4000
2026-06-28 10:30:19,105,W+1.5,20834,9,True,False,False,,-1,51.5307,4000
2026-06-28 10:31:11,104,B+0.5,21404,9,True,False,False,,-1,51.565,4000
2026-06-28 10:32:00,111,W+0.5,22414,17,True,False,False,,-1,51.489,4000
2026-06-28 10:32:47,92,B+0.5,16856,2,True,False,False,,-1,51.3799,4000
2026-06-28 10:33:27,83,B+2.5,14615,7,True,False,False,,-1,51.3993,4000
2026-06-28 10:34:19,99,W+1.5,21594,9,True,False,False,,-1,51.507,4000
2026-06-28 10:35:28,120,B+2.5,27421,16,True,False,False,,-1,51.7058,4000
2026-06-28 10:36:25,106,B+1.5,24215,10,True,False,False,,-1,51.5695,4000
2026-06-28 10:37:23,123,W+0.5,22612,24,True,False,False,,-1,51.6584,4000
2026-06-28 10:38:17,117,W+1.5,22783,24,True,False,False,,-1,51.6981,4000
2026-06-28 10:39:16,126,B+3.5,26263,24,True,False,False,,-1,51.7302,4000
2026-06-28 10:40:13,125,W+3.5,24465,21,True,False,False,,-1,51.7535,4000
2026-06-28 10:41:15,137,W+7.5,28812,22,True,False,False,,-1,51.9176,4000
2026-06-28 10:42:25,157,B+1.5,31768,29,True,False,False,,-1,52.195,4000
2026-06-28 10:43:14,96,B+0.5,20344,13,True,False,False,,-1,52.1814,4000
2026-06-28 10:44:07,95,B+1.5,19288,13,True,False,False,,-1,52.2814,4000
2026-06-28 10:45:00,120,B+6.5,21774,17,True,False,False,,-1,52.2576,4000
2026-06-28 10:46:03,129,W+0.5,26647,22,True,False,False,,-1,52.4068,4000
2026-06-28 10:46:44,69,B+3.5,14207,6,True,False,False,,-1,52.4131,4000
2026-06-28 10:47:42,110,B+1.5,23594,7,True,False,False,,-1,52.503,4000
2026-06-28 10:48:32,93,B+0.5,19609,8,True,False,False,,-1,52.4367,4000
2026-06-28 10:49:03,65,B+0.5,11398,7,True,False,False,,-1,52.3579,4000
2026-06-28 10:49:57,102,B+0.5,20918,6,True,False,False,,-1,52.4851,4000
2026-06-28 10:50:53,128,B+4.5,23259,15,True,False,False,,-1,52.7147,4000
2026-06-28 10:51:54,139,W+5.5,26925,18,True,False,False,,-1,52.9697,4000
2026-06-28 10:52:52,124,B+1.5,24954,13,True,False,False,,-1,53.1742,4000
2026-06-28 10:53:38,94,B+5.5,19917,5,True,False,False,,-1,53.2361,4000
2026-06-28 10:54:18,74,W+4.5,14519,2,True,False,False,,-1,53.1527,4000
2026-06-28 10:55:02,96,B+0.5,17162,5,True,False,False,,-1,53.0832,4000
2026-06-28 10:55:49,106,W+3.5,18594,8,True,False,False,,-1,52.9947,4000
2026-06-28 10:56:46,111,W+4.5,23304,14,True,False,False,,-1,53.0131,4000
2026-06-28 10:57:57,162,W+25.5,31037,32,True,False,False,,-1,53.2077,4000
2026-06-28 10:58:52,124,B+6.5,22716,12,True,False,False,,-1,53.2053,4000
2026-06-28 10:59:52,124,B+0.5,26422,18,True,False,False,,-1,53.2408,4000
2026-06-28 11:00:50,112,B+1.5,23124,15,True,False,False,,-1,53.2813,4000
2026-06-28 11:01:41,111,W+1.5,21348,18,True,False,False,,-1,53.5163,4000
2026-06-28 11:02:43,136,B+6.5,26722,20,True,False,False,,-1,53.6153,4000
2026-06-28 11:03:39,106,B+17.5,22523,4,True,False,False,,-1,53.6888,4000
2026-06-28 11:04:31,110,B+1.5,21272,9,True,False,False,,-1,53.625,4000
2026-06-28 11:05:33,122,B+2.5,23666,9,True,False,False,,-1,53.6722,4000
2026-06-28 11:06:40,162,W+16.5,31044,33,True,False,False,,-1,53.8894,4000
2026-06-28 11:07:18,63,B+4.5,13459,4,True,False,False,,-1,53.6832,4000
2026-06-28 11:08:16,118,B+6.5,23395,17,True,False,False,,-1,53.639,4000
2026-06-28 11:09:13,122,B+1.5,23733,17,True,False,False,,-1,53.721,4000
2026-06-28 11:10:27,156,B+5.5,31965,31,True,False,False,,-1,53.9335,4000
2026-06-28 11:11:16,111,W+1.5,20560,18,True,False,False,,-1,53.9732,4000
2026-06-28 11:12:14,117,W+2.5,24787,14,True,False,False,,-1,54.028,4000
2026-06-28 11:12:59,105,B+1.5,18176,10,True,False,False,,-1,53.9907,4000
2026-06-28 11:13:42,85,B+0.5,15970,4,True,False,False,,-1,53.8519,4000
2026-06-28 11:14:42,138,B+5.5,27375,24,True,False,False,,-1,53.9805,4000
2026-06-28 11:15:32,106,B+2.5,20135,13,True,False,False,,-1,53.7275,4000
2026-06-28 11:16:17,85,B+4.5,16399,5,True,False,False,,-1,53.6857,4000
2026-06-28 11:17:17,115,W+4.5,25041,17,True,False,False,,-1,53.8497,4000
2026-06-28 11:17:57,71,B+0.5,14060,7,True,False,False,,-1,53.9164,4000
2026-06-28 11:18:47,89,B+1.5,18878,4,True,False,False,,-1,53.9593,4000
2026-06-28 11:19:34,97,B+1.5,17971,13,True,False,False,,-1,53.9021,4000
2026-06-28 11:20:26,117,W+1.5,22141,17,True,False,False,,-1,54.0161,4000
2026-06-28 11:21:11,83,B+0.5,16943,6,True,False,False,,-1,53.9868,4000
2026-06-28 11:21:44,52,W+6.5,10922,2,True,False,False,,-1,53.6088,4000
2026-06-28 11:22:33,107,W+4.5,20303,15,True,False,False,,-1,53.5459,4000
2026-06-28 11:23:25,114,B+1.5,21936,16,True,False,False,,-1,53.5731,4000
2026-06-28 11:24:14,85,B+3.5,18376,11,True,False,False,,-1,53.4375,4000
2026-06-28 11:25:08,114,B+2.5,21986,12,True,False,False,,-1,53.3869,4000
2026-06-28 11:26:23,151,W+19.5,31459,31,True,False,False,,-1,53.7229,4000
2026-06-28 11:27:16,110,B+0.5,22216,16,True,False,False,,-1,53.6895,4000
2026-06-28 11:28:13,121,W+0.5,24650,24,True,False,False,,-1,53.7744,4000
2026-06-28 11:28:55,71,B+0.5,14825,2,True,False,False,,-1,53.5998,4000
2026-06-28 11:29:48,104,B+8.5,20478,4,True,False,False,,-1,53.519,4000
2026-06-28 11:30:39,105,W+1.5,22176,12,True,False,False,,-1,53.5511,4000
2026-06-28 11:31:26,89,B+1.5,18103,5,True,False,False,,-1,53.2512,4000
2026-06-28 11:32:29,129,W+5.5,29184,23,True,False,False,,-1,53.4576,4000
2026-06-28 11:33:19,107,W+2.5,20811,8,True,False,False,,-1,53.8402,4000
2026-06-28 11:34:08,100,B+1.5,20129,7,True,False,False,,-1,53.6086,4000
2026-06-28 11:34:58,101,B+0.5,19888,12,True,False,False,,-1,53.602,4000
2026-06-28 11:35:52,103,W+0.5,21946,13,True,False,False,,-1,53.6451,4000
2026-06-28 11:36:43,106,B+3.5,22056,9,True,False,False,,-1,53.7266,4000
2026-06-28 11:37:48,149,W+0.5,28147,25,True,False,False,,-1,53.8891,4000
2026-06-28 11:38:43,117,B+3.5,25593,15,True,False,False,,-1,53.9465,4000
2026-06-28 11:39:33,106,W+3.5,19976,6,True,False,False,,-1,54.0758,4000
2026-06-28 11:40:24,99,W+2.5,19727,5,True,False,False,,-1,54.1038,4000
2026-06-28 11:41:11,75,B+0.5,18151,6,True,False,False,,-1,54.0035,4000
2026-06-28 11:42:00,105,W+3.5,19562,20,True,False,False,,-1,54.08,4000
2026-06-28 11:42:51,96,B+3.5,19525,10,True,False,False,,-1,53.9171,4000
2026-06-28 11:43:50,137,W+1.5,25922,25,True,False,False,,-1,53.9749,4000
2026-06-28 11:44:35,93,W+5.5,17738,9,True,False,False,,-1,54.1033,4000
2026-06-28 11:45:17,75,B+1.5,15140,4,True,False,False,,-1,54.1548,4000
2026-06-28 11:46:20,125,W+1.5,26612,17,True,False,False,,-1,54.2049,4000
2026-06-28 11:47:27,162,W+2.5,31892,33,True,False,False,,-1,54.0981,4000
2026-06-28 11:48:24,116,B+1.5,22654,20,True,False,False,,-1,54.13,4000
2026-06-28 11:48:40,26,W+6.5,5071,2,True,False,False,,-1,53.6354,4000
2026-06-28 11:49:14,61,B+0.5,11608,3,True,False,False,,-1,53.2056,4000
2026-06-28 11:50:02,98,B+0.5,19178,12,True,False,False,,-1,53.1761,4000
2026-06-28 11:50:56,112,B+0.5,22543,15,True,False,False,,-1,53.0076,4000
2026-06-28 11:52:10,162,B+7.5,30913,29,True,False,False,,-1,53.2703,4000
2026-06-28 11:53:00,93,B+0.5,18453,5,True,False,False,,-1,53.2767,4000
2026-06-28 11:54:02,139,B+3.5,27689,21,True,False,False,,-1,53.2136,4000
2026-06-28 11:54:55,111,W+4.5,21342,20,True,False,False,,-1,53.2676,4000
2026-06-28 11:55:47,102,B+1.5,21026,6,True,False,False,,-1,52.9983,4000
2026-06-28 11:55:59,20,W+7.5,3730,2,True,False,False,,-1,52.5839,4000
2026-06-28 11:56:58,125,W+8.5,22840,13,True,False,False,,-1,52.5233,4000
2026-06-28 11:57:53,114,B+0.5,24351,15,True,False,False,,-1,52.5428,4000
2026-06-28 11:59:00,133,W+0.5,28236,29,True,False,False,,-1,52.6914,4000
2026-06-28 11:59:56,115,W+1.5,24065,23,True,False,False,,-1,52.757,4000
2026-06-28 12:00:45,104,B+7.5,18482,9,True,False,False,,-1,52.7758,4000
2026-06-28 12:01:44,123,B+6.5,23344,16,True,False,False,,-1,52.9671,4000
2026-06-28 12:02:37,105,B+7.5,21359,7,True,False,False,,-1,52.9801,4000
2026-06-28 12:03:52,153,B+4.5,32857,30,True,False,False,,-1,53.0401,4000
2026-06-28 12:04:34,71,B+0.5,14674,6,True,False,False,,-1,52.8857,4000
2026-06-28 12:05:24,115,W+2.5,21210,15,True,False,False,,-1,52.805,4000
2026-06-28 12:06:10,101,W+1.5,19535,13,True,False,False,,-1,52.7312,4000
2026-06-28 12:07:25,162,B+20.5,34754,24,True,False,False,,-1,52.8949,4000
2026-06-28 12:08:13,107,B+0.5,20736,10,True,False,False,,-1,52.7906,4000
2026-06-28 12:09:00,98,B+3.5,18947,9,True,False,False,,-1,52.6424,4000
2026-06-28 12:09:53,121,B+13.5,23910,14,True,False,False,,-1,52.4758,4000
2026-06-28 12:10:51,134,B+2.5,25956,25,True,False,False,,-1,52.5655,4000
2026-06-28 12:11:33,67,B+0.5,14261,3,True,False,False,,-1,52.4534,4000
2026-06-28 12:12:40,137,W+2.5,29613,26,True,False,False,,-1,52.5927,4000
2026-06-28 12:13:38,117,B+2.5,24207,17,True,False,False,,-1,52.5539,4000
2026-06-28 12:14:34,116,W+1.5,23251,22,True,False,False,,-1,52.6989,4000
2026-06-28 12:15:31,125,W+3.5,23598,13,True,False,False,,-1,52.6929,4000
2026-06-28 12:16:19,97,W+5.5,18161,10,True,False,False,,-1,52.662,4000
2026-06-28 12:17:22,137,W+12.5,26145,24,True,False,False,,-1,52.984,4000
2026-06-28 12:18:10,107,B+6.5,19279,8,True,False,False,,-1,52.9331,4000
2026-06-28 12:18:47,75,B+3.5,13245,2,True,False,False,,-1,52.73,4000
2026-06-28 12:19:34,98,B+0.5,19226,5,True,False,False,,-1,52.6005,4000
2026-06-28 12:20:23,104,B+0.5,18979,12,True,False,False,,-1,52.5108,4000
2026-06-28 12:21:20,98,B+2.5,21086,9,True,False,False,,-1,52.6154,4000
2026-06-28 12:22:14,103,W+2.5,20623,10,True,False,False,,-1,52.7506,4000
2026-06-28 12:23:08,115,W+2.5,22290,10,True,False,False,,-1,52.8556,4000
2026-06-28 12:24:10,121,W+1.5,25703,12,True,False,False,,-1,53.0012,4000
2026-06-28 12:25:04,99,B+3.5,20625,8,True,False,False,,-1,52.9819,4000
2026-06-28 12:25:51,116,B+5.5,19790,12,True,False,False,,-1,52.7345,4000
2026-06-28 12:26:46,123,B+1.5,22372,16,True,False,False,,-1,52.744,4000
2026-06-28 12:27:41,113,B+5.5,23445,10,True,False,False,,-1,52.6825,4000
2026-06-28 12:29:02,162,W+0.5,35699,30,True,False,False,,-1,52.9183,4000
2026-06-28 12:29:52,89,B+1.5,18878,7,True,False,False,,-1,52.9087,4000
2026-06-28 12:30:45,99,W+0.5,21143,6,True,False,False,,-1,52.8143,4000
2026-06-28 12:31:46,127,W+0.5,26687,27,True,False,False,,-1,52.8717,4000
2026-06-28 12:32:49,139,W+0.5,28009,27,True,False,False,,-1,52.9795,4000
2026-06-28 12:33:24,65,W+29.5,11987,2,True,False,False,,-1,52.7129,4000
2026-06-28 12:34:26,118,B+1.5,25136,11,True,False,False,,-1,52.6586,4000
2026-06-28 12:35:05,75,B+3.5,14641,12,True,False,False,,-1,52.6627,4000
2026-06-28 12:35:51,98,B+0.5,19235,10,True,False,False,,-1,52.5472,4000
2026-06-28 12:37:05,162,W+5.5,32609,37,True,False,False,,-1,52.7147,4000
2026-06-28 12:38:06,123,B+9.5,23701,10,True,False,False,,-1,52.5812,4000
2026-06-28 12:39:02,117,W+2.5,23806,19,True,False,False,,-1,52.6663,4000
2026-06-28 12:39:41,67,B+1.5,13653,3,True,False,False,,-1,52.4661,4000
2026-06-28 12:40:37,110,B+5.5,22982,13,True,False,False,,-1,52.5777,4000
2026-06-28 12:41:22,100,W+1.5,17208,9,True,False,False,,-1,52.5959,4000
2026-06-28 12:42:14,106,B+8.5,20835,8,True,False,False,,-1,52.5134,4000
2026-06-28 12:43:04,115,B+0.5,21315,7,True,False,False,,-1,52.5148,4000
2026-06-28 12:44:07,127,W+2.5,25558,16,True,False,False,,-1,52.6895,4000
2026-06-28 12:45:06,118,B+0.5,23724,14,True,False,False,,-1,52.6819,4000
2026-06-28 12:45:39,53,B+1.5,11623,4,True,False,False,,-1,52.6219,4000
2026-06-28 12:46:35,114,B+2.5,22761,13,True,False,False,,-1,52.6733,4000
2026-06-28 12:47:43,133,W+0.5,27702,26,True,False,False,,-1,52.8838,4000
2026-06-28 12:48:38,111,W+2.5,22732,15,True,False,False,,-1,52.924,4000
2026-06-28 12:49:46,146,B+0.5,29812,22,True,False,False,,-1,53.1471,4000
2026-06-28 12:50:37,107,W+18.5,19945,9,True,False,False,,-1,53.3253,4000
2026-06-28 12:51:30,120,B+4.5,22885,18,True,False,False,,-1,53.3636,4000
2026-06-28 12:52:18,91,W+2.5,19125,10,True,False,False,,-1,53.3265,4000
2026-06-28 12:53:12,115,W+6.5,20831,14,True,False,False,,-1,53.384,4000
2026-06-28 12:54:11,114,B+0.5,24228,14,True,False,False,,-1,53.4269,4000
2026-06-28 12:55:03,115,B+11.5,21341,6,True,False,False,,-1,53.2039,4000
2026-06-28 12:55:46,81,B+2.5,15871,12,True,False,False,,-1,53.0969,4000
2026-06-28 12:59:52,152,B+10.5,31906,25,True,False,False,,-1,53.3945,5000
2026-06-28 13:00:33,90,B+1.5,17300,9,True,False,False,,-1,53.2714,5000
2026-06-28 13:01:11,77,B+0.5,13942,7,True,False,False,,-1,53.1344,5000
2026-06-28 13:01:58,89,B+1.5,18909,11,True,False,False,,-1,53.1359,5000
2026-06-28 13:02:40,99,B+2.5,16356,8,True,False,False,,-1,52.924,5000
2026-06-28 13:03:27,104,B+0.5,19652,13,True,False,False,,-1,52.8988,5000
2026-06-28 13:04:27,120,B+0.5,25229,14,True,False,False,,-1,53.0083,5000
2026-06-28 13:05:19,103,W+1.5,21031,2,True,False,False,,-1,53.0302,5000
2026-06-28 13:05:57,67,B+1.5,14679,6,True,False,False,,-1,52.8713,5000
2026-06-28 13:06:44,111,W+1.5,20789,16,True,False,False,,-1,52.8204,5000
2026-06-28 13:07:44,134,B+9.5,27530,22,True,False,False,,-1,52.7756,5000
2026-06-28 13:08:38,123,W+0.5,25122,21,True,False,False,,-1,52.7738,5000
2026-06-28 13:09:25,102,W+4.5,20078,5,True,False,False,,-1,52.7347,5000
2026-06-28 13:10:31,147,W+5.5,29570,20,True,False,False,,-1,52.8846,5000
2026-06-28 13:11:13,100,B+0.5,17628,14,True,False,False,,-1,52.8341,5000
2026-06-28 13:11:51,75,B+0.5,15360,5,True,False,False,,-1,52.7306,5000
2026-06-28 13:12:54,146,B+3.5,27290,27,True,False,False,,-1,52.85,5000
2026-06-28 13:13:43,98,B+1.5,19979,11,True,False,False,,-1,52.745,5000
2026-06-28 13:14:14,59,B+3.5,10784,6,True,False,False,,-1,52.6024,5000
2026-06-28 13:15:04,104,B+0.5,21364,18,True,False,False,,-1,52.6879,5000
2026-06-28 13:15:57,111,W+0.5,22882,19,True,False,False,,-1,52.5859,5000
2026-06-28 13:17:05,139,B+3.5,29679,18,True,False,False,,-1,52.595,5000
2026-06-28 13:17:56,103,W+1.5,20743,14,True,False,False,,-1,52.5401,5000
2026-06-28 13:18:50,114,B+0.5,21221,19,True,False,False,,-1,52.9185,5000
2026-06-28 13:19:41,123,W+0.5,24360,24,True,False,False,,-1,53.0837,5000
2026-06-28 13:20:29,99,W+0.5,19826,6,True,False,False,,-1,53.0805,5000
2026-06-28 13:21:21,118,B+1.5,24985,16,True,False,False,,-1,53.0622,5000
2026-06-28 13:22:15,126,B+1.5,26294,22,True,False,False,,-1,52.871,5000
2026-06-28 13:22:54,79,B+0.5,16371,8,True,False,False,,-1,52.7643,5000
2026-06-28 13:23:52,127,W+0.5,26476,14,True,False,False,,-1,52.7192,5000
2026-06-28 13:24:52,134,W+0.5,26954,18,True,False,False,,-1,52.7907,5000
2026-06-28 13:25:45,106,B+0.5,21238,14,True,False,False,,-1,52.793,5000
2026-06-28 13:26:22,73,B+1.5,13752,8,True,False,False,,-1,53.0434,5000
2026-06-28 13:27:12,99,W+3.5,21241,7,True,False,False,,-1,52.9535,5000
2026-06-28 13:28:10,130,B+0.5,24928,21,True,False,False,,-1,52.9825,5000
2026-06-28 13:29:01,123,B+3.5,20654,11,True,False,False,,-1,52.8233,5000
2026-06-28 13:29:49,99,W+0.5,21063,10,True,False,False,,-1,52.7446,5000
2026-06-28 13:30:34,85,B+0.5,17657,6,True,False,False,,-1,52.7023,5000
2026-06-28 13:31:26,110,B+1.5,23642,19,True,False,False,,-1,52.6379,5000
2026-06-28 13:32:13,92,B+1.5,19301,5,True,False,False,,-1,52.5741,5000
2026-06-28 13:33:28,162,B+31.5,34694,23,True,False,False,,-1,52.5798,5000
2026-06-28 13:34:09,81,B+1.5,15323,5,True,False,False,,-1,52.5611,5000
2026-06-28 13:35:08,136,B+4.5,27133,20,True,False,False,,-1,52.6611,5000
2026-06-28 13:36:05,128,B+1.5,24996,15,True,False,False,,-1,52.7602,5000
2026-06-28 13:36:52,91,W+3.5,18674,5,True,False,False,,-1,52.4852,5000
2026-06-28 13:38:04,161,W+6.5,33452,27,True,False,False,,-1,52.7281,5000
2026-06-28 13:39:02,129,W+0.5,26252,18,True,False,False,,-1,52.8322,5000
2026-06-28 13:39:55,113,B+3.5,22500,3,True,False,False,,-1,52.8312,5000
2026-06-28 13:40:40,109,B+0.5,21275,13,True,False,False,,-1,52.7112,5000
2026-06-28 13:41:31,105,W+1.5,21415,11,True,False,False,,-1,52.7963,5000
2026-06-28 13:42:10,94,B+1.5,16666,14,True,False,False,,-1,52.5188,5000
2026-06-28 13:43:04,116,W+4.5,23371,16,True,False,False,,-1,52.4696,5000
2026-06-28 13:44:04,132,B+1.5,26759,14,True,False,False,,-1,52.5179,5000
2026-06-28 13:44:53,95,W+1.5,20814,8,True,False,False,,-1,52.4282,5000
2026-06-28 13:45:49,124,B+1.5,24906,23,True,False,False,,-1,52.5168,5000
2026-06-28 13:46:34,99,B+0.5,19139,6,True,False,False,,-1,52.3326,5000
2026-06-28 13:47:21,100,B+0.5,19538,15,True,False,False,,-1,52.3226,5000
2026-06-28 13:48:26,162,W+36.5,30348,25,True,False,False,,-1,52.6119,5000
2026-06-28 13:49:18,107,B+0.5,21597,7,True,False,False,,-1,52.6541,5000
2026-06-28 13:50:10,111,W+4.5,21768,12,True,False,False,,-1,52.6816,5000
2026-06-28 13:50:49,77,B+1.5,14897,7,True,False,False,,-1,52.4993,5000
2026-06-28 13:51:36,93,B+0.5,18488,4,True,False,False,,-1,52.442,5000
2026-06-28 13:52:28,110,B+0.5,21609,7,True,False,False,,-1,52.4231,5000
2026-06-28 13:53:33,138,B+1.5,28285,23,True,False,False,,-1,52.4439,5000
2026-06-28 13:54:27,106,B+6.5,21639,9,True,False,False,,-1,52.443,5000
2026-06-28 13:55:32,138,B+8.5,28519,25,True,False,False,,-1,52.6256,5000
2026-06-28 13:56:23,121,B+19.5,20743,11,True,False,False,,-1,52.5875,5000
2026-06-28 13:57:32,149,W+1.5,30029,22,True,False,False,,-1,52.7351,5000
2026-06-28 13:58:26,125,B+3.5,23223,18,True,False,False,,-1,52.46,5000
2026-06-28 13:59:38,162,B+7.5,34168,36,True,False,False,,-1,52.6802,5000
2026-06-28 14:00:23,104,B+2.5,18266,17,True,False,False,,-1,52.5958,5000
2026-06-28 14:01:15,108,B+1.5,21865,9,True,False,False,,-1,52.4995,5000
2026-06-28 14:02:06,112,B+1.5,22031,16,True,False,False,,-1,52.3788,5000
2026-06-28 14:02:59,119,W+2.5,23968,23,True,False,False,,-1,52.567,5000
2026-06-28 14:03:49,121,W+1.5,23843,18,True,False,False,,-1,52.4497,5000
2026-06-28 14:04:52,138,B+7.5,28357,19,True,False,False,,-1,52.6906,5000
2026-06-28 14:05:42,93,B+6.5,19891,6,True,False,False,,-1,52.7266,5000
2026-06-28 14:06:31,92,B+1.5,19875,4,True,False,False,,-1,52.48,5000
2026-06-28 14:07:12,81,B+0.5,16534,8,True,False,False,,-1,52.2788,5000
2026-06-28 14:08:03,97,W+0.5,20050,12,True,False,False,,-1,52.2232,5000
2026-06-28 14:08:54,105,B+2.5,19662,10,True,False,False,,-1,52.3451,5000
2026-06-28 14:09:38,94,B+2.5,18104,6,True,False,False,,-1,52.2255,5000
2026-06-28 14:10:34,116,B+0.5,21756,7,True,False,False,,-1,52.3351,5000
2026-06-28 14:11:26,121,W+2.5,23391,16,True,False,False,,-1,52.3453,5000
2026-06-28 14:12:15,101,B+3.5,19368,8,True,False,False,,-1,52.3261,5000
2026-06-28 14:13:08,104,B+14.5,21797,11,True,False,False,,-1,52.2287,5000
2026-06-28 14:13:50,93,W+1.5,18024,10,True,False,False,,-1,52.0655,5000
2026-06-28 14:14:26,71,B+0.5,14342,9,True,False,False,,-1,52.0896,5000
2026-06-28 14:15:01,73,B+3.5,13786,10,True,False,False,,-1,51.8718,5000
2026-06-28 14:15:40,71,B+0.5,15474,3,True,False,False,,-1,51.5896,5000
2026-06-28 14:16:34,106,B+18.5,22318,4,True,False,False,,-1,51.5682,5000
2026-06-28 14:17:24,103,W+4.5,21779,12,True,False,False,,-1,51.3961,5000
2026-06-28 14:18:20,105,W+2.5,22157,6,True,False,False,,-1,51.4437,5000
2026-06-28 14:19:31,162,B+30.5,32838,33,True,False,False,,-1,51.6227,5000
2026-06-28 14:20:32,127,W+4.5,27820,21,True,False,False,,-1,51.7538,5000
2026-06-28 14:21:30,146,B+1.5,27683,25,True,False,False,,-1,51.7915,5000
2026-06-28 14:22:23,134,W+1.5,24130,28,True,False,False,,-1,51.7398,5000
2026-06-28 14:22:59,71,B+0.5,14051,2,True,False,False,,-1,51.5766,5000
2026-06-28 14:23:43,98,B+4.5,18529,11,True,False,False,,-1,51.5937,5000
2026-06-28 14:24:31,97,B+0.5,20342,15,True,False,False,,-1,51.5167,5000
2026-06-28 14:25:19,107,B+8.5,19975,6,True,False,False,,-1,51.2598,5000
2026-06-28 14:26:10,111,W+1.5,22324,14,True,False,False,,-1,51.3655,5000
2026-06-28 14:26:59,101,W+2.5,20419,11,True,False,False,,-1,51.4752,5000
2026-06-28 14:27:45,98,B+0.5,19193,7,True,False,False,,-1,51.459,5000
2026-06-28 14:28:30,98,B+1.5,19043,6,True,False,False,,-1,51.4983,5000
2026-06-28 14:29:23,113,W+2.5,22662,16,True,False,False,,-1,51.5551,5000
2026-06-28 14:30:13,108,B+1.5,21467,14,True,False,False,,-1,51.4547,5000
2026-06-28 14:31:03,93,W+1.5,19819,10,True,False,False,,-1,51.4335,5000
2026-06-28 14:32:04,126,B+0.5,26338,22,True,False,False,,-1,51.6615,5000
2026-06-28 14:32:42,69,B+0.5,15548,9,True,False,False,,-1,51.5841,5000
2026-06-28 14:33:29,97,B+2.5,19378,15,True,False,False,,-1,51.4473,5000
2026-06-28 14:34:21,118,W+0.5,22912,12,True,False,False,,-1,51.4234,5000
2026-06-28 14:35:08,109,W+3.5,19777,11,True,False,False,,-1,51.4226,5000
2026-06-28 14:35:47,93,B+0.5,16543,2,True,False,False,,-1,51.1521,5000
2026-06-28 14:36:37,117,W+2.5,22419,20,True,False,False,,-1,51.2365,5000
2026-06-28 14:37:26,108,B+0.5,22234,21,True,False,False,,-1,51.341,5000
2026-06-28 14:38:29,143,W+2.5,28165,25,True,False,False,,-1,51.3414,5000
2026-06-28 14:39:24,112,B+1.5,23910,14,True,False,False,,-1,51.4097,5000
2026-06-28 14:40:13,108,B+1.5,21700,10,True,False,False,,-1,51.5932,5000
2026-06-28 14:41:01,103,W+2.5,21871,12,True,False,False,,-1,51.5651,5000
2026-06-28 14:41:39,75,B+2.5,15180,6,True,False,False,,-1,51.4128,5000
2026-06-28 14:42:11,63,B+0.5,12190,6,True,False,False,,-1,51.0567,5000
2026-06-28 14:43:07,125,W+1.5,25348,26,True,False,False,,-1,51.1067,5000
2026-06-28 14:43:40,67,B+7.5,13385,8,True,False,False,,-1,50.8932,5000
2026-06-28 14:44:27,107,B+3.5,21157,8,True,False,False,,-1,50.8574,5000
2026-06-28 14:45:14,102,B+3.5,19424,6,True,False,False,,-1,50.8496,5000
2026-06-28 14:45:58,102,W+2.5,19373,7,True,False,False,,-1,50.7734,5000
2026-06-28 14:46:35,79,B+2.5,14443,5,True,False,False,,-1,50.5955,5000
2026-06-28 14:47:19,103,W+1.5,21175,18,True,False,False,,-1,50.6443,5000
2026-06-28 14:48:07,104,B+4.5,19871,12,True,False,False,,-1,50.5461,5000
2026-06-28 14:48:56,102,B+0.5,21293,11,True,False,False,,-1,50.4395,5000
2026-06-28 14:50:02,147,W+2.5,30359,30,True,False,False,,-1,50.5653,5000
2026-06-28 14:50:50,101,W+2.5,20088,6,True,False,False,,-1,50.6783,5000
2026-06-28 14:51:54,146,B+4.5,29090,25,True,False,False,,-1,50.8179,5000
2026-06-28 14:52:40,94,B+1.5,19665,16,True,False,False,,-1,50.6951,5000
2026-06-28 14:53:32,110,B+4.5,22319,10,True,False,False,,-1,50.7041,5000
2026-06-28 14:54:14,79,B+1.5,16275,9,True,False,False,,-1,50.6421,5000
2026-06-28 14:54:51,71,B+0.5,15721,6,True,False,False,,-1,50.5698,5000
2026-06-28 14:55:42,129,B+1.5,22252,29,True,False,False,,-1,50.552,5000
2026-06-28 14:56:24,75,B+1.5,16672,7,True,False,False,,-1,50.5107,5000
2026-06-28 14:57:10,115,B+3.5,21322,20,True,False,False,,-1,50.2172,5000
2026-06-28 14:58:03,106,B+1.5,21463,13,True,False,False,,-1,50.3374,5000
2026-06-28 14:58:58,117,W+2.5,25339,16,True,False,False,,-1,50.2924,5000
2026-06-28 14:59:27,51,B+0.5,10546,2,True,False,False,,-1,50.0161,5000
2026-06-28 15:00:32,142,B+3.5,28080,23,True,False,False,,-1,50.1884,5000
2026-06-28 15:01:07,72,W+1.5,14549,9,True,False,False,,-1,49.8307,5000
2026-06-28 15:02:05,149,W+2.5,28494,35,True,False,False,,-1,49.8322,5000
2026-06-28 15:02:49,79,B+3.5,17241,9,True,False,False,,-1,49.7415,5000
2026-06-28 15:03:46,114,B+16.5,23791,7,True,False,False,,-1,49.849,5000
2026-06-28 15:04:31,106,B+4.5,20283,7,True,False,False,,-1,49.7981,5000
2026-06-28 15:05:15,95,B+3.5,18309,11,True,False,False,,-1,49.8458,5000
2026-06-28 15:06:08,115,W+0.5,22258,15,True,False,False,,-1,49.8403,5000
2026-06-28 15:06:47,75,B+0.5,15187,8,True,False,False,,-1,49.623,5000
2026-06-28 15:07:20,69,B+0.5,12161,7,True,False,False,,-1,49.4685,5000
2026-06-28 15:08:11,117,B+0.5,22858,24,True,False,False,,-1,49.4231,5000
2026-06-28 15:08:57,97,W+0.5,18710,13,True,False,False,,-1,49.4259,5000
2026-06-28 15:09:57,116,B+0.5,24263,17,True,False,False,,-1,49.5535,5000
2026-06-28 15:11:03,157,W+1.5,30862,35,True,False,False,,-1,49.567,5000
2026-06-28 15:11:48,103,W+6.5,19778,16,True,False,False,,-1,49.5004,5000
2026-06-28 15:12:32,100,B+0.5,17309,13,True,False,False,,-1,49.4226,5000
2026-06-28 15:13:21,90,B+2.5,19335,5,True,False,False,,-1,49.5218,5000
2026-06-28 15:14:15,125,W+0.5,25364,20,True,False,False,,-1,49.5845,5000
2026-06-28 15:15:19,162,W+0.5,30962,39,True,False,False,,-1,49.6994,5000
2026-06-28 15:16:05,101,W+5.5,20548,15,True,False,False,,-1,49.5191,5000
2026-06-28 15:16:55,102,B+3.5,20618,15,True,False,False,,-1,49.4721,5000
2026-06-28 15:17:43,105,W+1.5,20735,14,True,False,False,,-1,49.3092,5000
2026-06-28 15:18:37,104,B+1.5,21324,9,True,False,False,,-1,49.3275,5000
2026-06-28 15:19:26,97,W+2.5,19399,7,True,False,False,,-1,49.1293,5000
2026-06-28 15:20:18,121,B+2.5,22001,11,True,False,False,,-1,49.1152,5000
2026-06-28 15:21:10,135,W+1.5,24943,23,True,False,False,,-1,48.9117,5000
2026-06-28 15:21:40,55,B+2.5,11995,5,True,False,False,,-1,48.7711,5000
2026-06-28 15:22:12,69,B+0.5,12398,5,True,False,False,,-1,48.5654,5000
2026-06-28 15:23:00,105,W+2.5,21260,16,True,False,False,,-1,48.542,5000
2026-06-28 15:23:37,71,B+2.5,15073,9,True,False,False,,-1,48.3722,5000
2026-06-28 15:24:30,110,B+0.5,23040,18,True,False,False,,-1,48.4037,5000
2026-06-28 15:25:25,119,W+1.5,24572,16,True,False,False,,-1,48.325,5000
2026-06-28 15:26:19,113,W+2.5,23269,15,True,False,False,,-1,48.3705,5000
2026-06-28 15:27:08,108,B+1.5,20831,13,True,False,False,,-1,48.3682,5000
2026-06-28 15:28:15,162,B+4.5,31463,30,True,False,False,,-1,48.6294,5000
2026-06-28 15:29:01,97,B+0.5,18820,7,True,False,False,,-1,48.5793,5000
2026-06-28 15:29:50,101,W+1.5,19996,8,True,False,False,,-1,48.5587,5000
2026-06-28 15:30:31,101,W+1.5,17091,17,True,False,False,,-1,48.5219,5000
2026-06-28 15:33:59,89,W+4.5,17290,10,True,False,False,,-1,48.4456,6000
2026-06-28 15:34:54,113,B+1.5,22801,7,True,False,False,,-1,48.5167,6000
2026-06-28 15:35:55,122,B+0.5,24128,10,True,False,False,,-1,48.5878,6000
2026-06-28 15:37:01,141,W+10.5,26829,32,True,False,False,,-1,48.825,6000
2026-06-28 15:38:00,119,W+2.5,23877,10,True,False,False,,-1,49.0512,6000
2026-06-28 15:38:50,115,W+9.5,21898,18,True,False,False,,-1,49.2132,6000
2026-06-28 15:39:46,107,B+14.5,22644,4,True,False,False,,-1,49.3811,6000
2026-06-28 15:40:54,137,W+7.5,28434,26,True,False,False,,-1,49.5213,6000
2026-06-28 15:41:42,102,B+2.5,20029,6,True,False,False,,-1,49.4968,6000
2026-06-28 15:42:34,103,W+5.5,21285,13,True,False,False,,-1,49.4603,6000
2026-06-28 15:43:18,99,W+0.5,19440,14,True,False,False,,-1,49.1929,6000
2026-06-28 15:44:04,102,B+2.5,18428,4,True,False,False,,-1,49.0339,6000
2026-06-28 15:45:06,134,B+0.5,27219,18,True,False,False,,-1,49.0804,6000
2026-06-28 15:45:52,91,B+3.5,18318,6,True,False,False,,-1,49.0066,6000
2026-06-28 15:46:44,115,W+1.5,22298,15,True,False,False,,-1,49.1635,6000
2026-06-28 15:47:42,145,W+6.5,24135,28,True,False,False,,-1,49.3074,6000
2026-06-28 15:48:39,129,W+0.5,25144,17,True,False,False,,-1,49.4012,6000
2026-06-28 15:49:46,134,B+1.5,28471,22,True,False,False,,-1,49.5958,6000
2026-06-28 15:50:39,110,B+0.5,22585,17,True,False,False,,-1,49.6076,6000
2026-06-28 15:51:25,105,W+5.5,19519,16,True,False,False,,-1,49.5819,6000
2026-06-28 15:52:13,109,W+4.5,22463,19,True,False,False,,-1,49.6084,6000
2026-06-28 15:52:57,99,W+1.5,17814,4,True,False,False,,-1,49.5898,6000
2026-06-28 15:53:43,99,B+4.5,19627,7,True,False,False,,-1,49.5244,6000
2026-06-28 15:54:29,104,B+5.5,19137,11,True,False,False,,-1,49.4734,6000
2026-06-28 15:55:17,115,B+5.5,22085,4,True,False,False,,-1,49.4569,6000
2026-06-28 15:56:17,122,B+1.5,25815,7,True,False,False,,-1,49.4498,6000
2026-06-28 15:57:10,119,W+1.5,24435,18,True,False,False,,-1,49.5951,6000
2026-06-28 15:58:04,120,B+26.5,23070,5,True,False,False,,-1,49.6679,6000
2026-06-28 15:58:54,104,B+7.5,20313,17,True,False,False,,-1,49.6481,6000
2026-06-28 15:59:48,105,W+2.5,22096,14,True,False,False,,-1,49.723,6000
2026-06-28 16:00:37,100,B+2.5,21193,4,True,False,False,,-1,49.8202,6000
2026-06-28 16:01:12,71,B+0.5,15237,3,True,False,False,,-1,49.6735,6000
2026-06-28 16:01:55,99,B+1.5,17319,15,True,False,False,,-1,49.6148,6000
2026-06-28 16:02:45,101,W+2.5,21677,7,True,False,False,,-1,49.4809,6000
2026-06-28 16:03:27,88,W+6.5,18032,4,True,False,False,,-1,49.3498,6000
2026-06-28 16:04:19,108,B+6.5,23261,10,True,False,False,,-1,49.3809,6000
2026-06-28 16:05:07,90,B+3.5,18460,10,True,False,False,,-1,49.3716,6000
2026-06-28 16:06:05,137,W+2.5,27467,20,True,False,False,,-1,49.5845,6000
2026-06-28 16:06:53,108,B+2.5,20313,13,True,False,False,,-1,49.7428,6000
2026-06-28 16:07:48,126,B+1.5,24234,16,True,False,False,,-1,49.7295,6000
2026-06-28 16:08:45,115,W+3.5,22898,13,True,False,False,,-1,49.9706,6000
2026-06-28 16:09:38,106,B+1.5,22148,10,True,False,False,,-1,50.024,6000
2026-06-28 16:10:28,111,W+4.5,23059,12,True,False,False,,-1,50.0648,6000
2026-06-28 16:11:19,104,W+2.5,21637,7,True,False,False,,-1,50.1315,6000
2026-06-28 16:12:16,121,W+3.5,24998,24,True,False,False,,-1,50.3272,6000
2026-06-28 16:12:56,91,W+3.5,17305,11,True,False,False,,-1,50.2909,6000
2026-06-28 16:13:52,129,W+0.5,25525,23,True,False,False,,-1,50.3721,6000
2026-06-28 16:14:44,109,W+0.5,22607,18,True,False,False,,-1,50.3915,6000
2026-06-28 16:15:37,116,B+0.5,23667,5,True,False,False,,-1,50.2756,6000
2026-06-28 16:16:44,134,B+5.5,27252,22,True,False,False,,-1,50.4626,6000
2026-06-28 16:17:32,100,B+1.5,20850,5,True,False,False,,-1,50.3004,6000
2026-06-28 16:18:19,94,B+3.5,20299,5,True,False,False,,-1,50.3081,6000
2026-06-28 16:19:05,103,W+1.5,21634,7,True,False,False,,-1,50.255,6000
2026-06-28 16:19:56,117,W+6.5,22409,18,True,False,False,,-1,50.346,6000
